budget,claim_type,source_seed,support_seed,fold,query_rows,prediction_sha256,state_at_registration,labels_opened
0,STRICT_SOURCE_ONLY_DG,42,,0,1050,1c68e9101f351d55d0a638e619a1576c790f33083589f821ccfb020c2e3bf5e1,PREDICTIONS_FROZEN,False
7,TARGET_ASSISTED_LABELLED_TARGET_DIAGNOSTIC,42,104729,0,1050,41a514777476b9e2d901b19d23c42e894a954a6b027964dfb46a47d492adf846,PREDICTIONS_FROZEN,False
10,TARGET_ASSISTED_LABELLED_TARGET_DIAGNOSTIC,42,104729,0,1050,36657a5e27d8cfe8c13f6f0e38e544b3e7f7b3c160c232fd7ea621a22543910c,PREDICTIONS_FROZEN,False
20,TARGET_ASSISTED_LABELLED_TARGET_DIAGNOSTIC,42,104729,0,1050,a619649c7ca342a64a17bb6e1deac6e5c9fd4abf443a34097164b191e3c9f7f8,PREDICTIONS_FROZEN,False
21,TARGET_ASSISTED_LABELLED_TARGET_DIAGNOSTIC,42,104729,0,1050,e372eda47c48f6a1e332caca25a31b33aa96fd4af78222c33502d7d370adbc58,PREDICTIONS_FROZEN,False
35,TARGET_ASSISTED_LABELLED_TARGET_DIAGNOSTIC,42,104729,0,1050,0f41e0a2fae13d460b237d64695a9c93a9a1bcf7fe0753e5ddd4a2ce6840692f,PREDICTIONS_FROZEN,False
50,TARGET_ASSISTED_LABELLED_TARGET_DIAGNOSTIC,42,104729,0,1050,b20191277f0c43e1938cee6b2790376bbb4841937c8bbf61e6aae3ac5be387a2,PREDICTIONS_FROZEN,False
100,TARGET_ASSISTED_LABELLED_TARGET_DIAGNOSTIC,42,104729,0,1050,229e6971a9c1cacec13451775c3e904fe8317314f02d3fc3f0d1c9a0f5c59a3f,PREDICTIONS_FROZEN,False
200,TARGET_ASSISTED_LABELLED_TARGET_DIAGNOSTIC,42,104729,0,1050,d77f4c7b7c705b9ab7c6ec6c1335f20acb5033b7d146a9a0e89022c4d4980856,PREDICTIONS_FROZEN,False
500,TARGET_ASSISTED_LABELLED_TARGET_DIAGNOSTIC,42,104729,0,1050,d77f4c7b7c705b9ab7c6ec6c1335f20acb5033b7d146a9a0e89022c4d4980856,PREDICTIONS_FROZEN,False
7,TARGET_ASSISTED_LABELLED_TARGET_DIAGNOSTIC,42,130363,0,1050,41a514777476b9e2d901b19d23c42e894a954a6b027964dfb46a47d492adf846,PREDICTIONS_FROZEN,False
10,TARGET_ASSISTED_LABELLED_TARGET_DIAGNOSTIC,42,130363,0,1050,e8c700051e40681929e1b6ede5eed539c7d5f0d415eedba2f8aa2b093009d1a0,PREDICTIONS_FROZEN,False
20,TARGET_ASSISTED_LABELLED_TARGET_DIAGNOSTIC,42,130363,0,1050,15a85bc9dcd3c2518a4c078e4c573720fd2f69bb930dc845ad965ec5788a0c84,PREDICTIONS_FROZEN,False
21,TARGET_ASSISTED_LABELLED_TARGET_DIAGNOSTIC,42,130363,0,1050,7681e190cfd248355707ad5a580c139d3b980d2a116bf51eddb4f6da5a804852,PREDICTIONS_FROZEN,False
35,TARGET_ASSISTED_LABELLED_TARGET_DIAGNOSTIC,42,130363,0,1050,f3f72e5fa1f17a790f50ce97e42f3fc99e4f588ca328be7a62fbce9554f52db0,PREDICTIONS_FROZEN,False
50,TARGET_ASSISTED_LABELLED_TARGET_DIAGNOSTIC,42,130363,0,1050,bbe2942affe9057f5bc7f3f7904bf34596fab7bdf3215c2479afc50920060f4b,PREDICTIONS_FROZEN,False
100,TARGET_ASSISTED_LABELLED_TARGET_DIAGNOSTIC,42,130363,0,1050,dc3b13f64d552738e5dff09abef9d70e629dbab14ee4973e5b7177c3e4ed6151,PREDICTIONS_FROZEN,False
200,TARGET_ASSISTED_LABELLED_TARGET_DIAGNOSTIC,42,130363,0,1050,d77f4c7b7c705b9ab7c6ec6c1335f20acb5033b7d146a9a0e89022c4d4980856,PREDICTIONS_FROZEN,False
500,TARGET_ASSISTED_LABELLED_TARGET_DIAGNOSTIC,42,130363,0,1050,d77f4c7b7c705b9ab7c6ec6c1335f20acb5033b7d146a9a0e89022c4d4980856,PREDICTIONS_FROZEN,False
7,TARGET_ASSISTED_LABELLED_TARGET_DIAGNOSTIC,42,155921,0,1050,568ab88a2eeb8a57c8910a64c3b34071dea30badf632af1f7c6e2e48d4a179d0,PREDICTIONS_FROZEN,False
10,TARGET_ASSISTED_LABELLED_TARGET_DIAGNOSTIC,42,155921,0,1050,dde36fc7e783affea71b87563a8f532cef1ba9cbc396efdbd5c130434912d2c8,PREDICTIONS_FROZEN,False
20,TARGET_ASSISTED_LABELLED_TARGET_DIAGNOSTIC,42,155921,0,1050,728c658e637ff2f33fb34856ab8559a8d77a92d5154eacbeca3e019e431d8758,PREDICTIONS_FROZEN,False
21,TARGET_ASSISTED_LABELLED_TARGET_DIAGNOSTIC,42,155921,0,1050,ebb8998cbb7354a5f41de948d988240c0db1febb88bcffdce9b2603f87cdf79a,PREDICTIONS_FROZEN,False
35,TARGET_ASSISTED_LABELLED_TARGET_DIAGNOSTIC,42,155921,0,1050,22d3f543b51ae535cde2acc6be1383ec8b5787439ac6d5e2a232193cee6bfe85,PREDICTIONS_FROZEN,False
50,TARGET_ASSISTED_LABELLED_TARGET_DIAGNOSTIC,42,155921,0,1050,d77f4c7b7c705b9ab7c6ec6c1335f20acb5033b7d146a9a0e89022c4d4980856,PREDICTIONS_FROZEN,False
100,TARGET_ASSISTED_LABELLED_TARGET_DIAGNOSTIC,42,155921,0,1050,a839fcabbbca3023faaa713d4121ffa7ad5664d8e340f8e9b2c3090ca74d7534,PREDICTIONS_FROZEN,False
200,TARGET_ASSISTED_LABELLED_TARGET_DIAGNOSTIC,42,155921,0,1050,d77f4c7b7c705b9ab7c6ec6c1335f20acb5033b7d146a9a0e89022c4d4980856,PREDICTIONS_FROZEN,False
500,TARGET_ASSISTED_LABELLED_TARGET_DIAGNOSTIC,42,155921,0,1050,d77f4c7b7c705b9ab7c6ec6c1335f20acb5033b7d146a9a0e89022c4d4980856,PREDICTIONS_FROZEN,False
7,TARGET_ASSISTED_LABELLED_TARGET_DIAGNOSTIC,42,181081,0,1050,5687a6df755623317a454ba864aa1d2691059e8d74004f65cd310a4d7703e439,PREDICTIONS_FROZEN,False
10,TARGET_ASSISTED_LABELLED_TARGET_DIAGNOSTIC,42,181081,0,1050,7cd90e9e2cd25e3d4476c9af5d6ac18bc7394207fa5efaa19bf61f575c91bc50,PREDICTIONS_FROZEN,False
20,TARGET_ASSISTED_LABELLED_TARGET_DIAGNOSTIC,42,181081,0,1050,308642eba0f409fe3ef2680925f8bbddbba54bd2e738f1a7225de5e0aac77fb6,PREDICTIONS_FROZEN,False
21,TARGET_ASSISTED_LABELLED_TARGET_DIAGNOSTIC,42,181081,0,1050,c5cc2baf3226ba246705c79feb228dd9fa7194a1a7a347fad18f084fc9554c6e,PREDICTIONS_FROZEN,False
35,TARGET_ASSISTED_LABELLED_TARGET_DIAGNOSTIC,42,181081,0,1050,4462cb4a3c8a618b4fd88560e7dd2180a073b9ffa386776e579476b1301c2746,PREDICTIONS_FROZEN,False
50,TARGET_ASSISTED_LABELLED_TARGET_DIAGNOSTIC,42,181081,0,1050,03108c219a9d8e444fe170cc7786fb4c0b27665fa8a98179af8a19cee4270538,PREDICTIONS_FROZEN,False
100,TARGET_ASSISTED_LABELLED_TARGET_DIAGNOSTIC,42,181081,0,1050,d77f4c7b7c705b9ab7c6ec6c1335f20acb5033b7d146a9a0e89022c4d4980856,PREDICTIONS_FROZEN,False
200,TARGET_ASSISTED_LABELLED_TARGET_DIAGNOSTIC,42,181081,0,1050,d77f4c7b7c705b9ab7c6ec6c1335f20acb5033b7d146a9a0e89022c4d4980856,PREDICTIONS_FROZEN,False
500,TARGET_ASSISTED_LABELLED_TARGET_DIAGNOSTIC,42,181081,0,1050,d77f4c7b7c705b9ab7c6ec6c1335f20acb5033b7d146a9a0e89022c4d4980856,PREDICTIONS_FROZEN,False
7,TARGET_ASSISTED_LABELLED_TARGET_DIAGNOSTIC,42,205439,0,1050,c6ae5aa83233e22f31f3d720790c74f65a5a8b034cc64d56aa0e1fd80a73cd26,PREDICTIONS_FROZEN,False
10,TARGET_ASSISTED_LABELLED_TARGET_DIAGNOSTIC,42,205439,0,1050,2d0723c137f8822472da8ca14fcd2d1ea361b3709c7c031576f8ddac041f7326,PREDICTIONS_FROZEN,False
20,TARGET_ASSISTED_LABELLED_TARGET_DIAGNOSTIC,42,205439,0,1050,e9ce2b23a71030d360b291b6ee154e3c1706c0f61f068d9765c257d752e994ea,PREDICTIONS_FROZEN,False
21,TARGET_ASSISTED_LABELLED_TARGET_DIAGNOSTIC,42,205439,0,1050,aeef60c4eb2194fc2b891b9389963e00d6cf348ef79a70cfba0edeff9e6f256c,PREDICTIONS_FROZEN,False
35,TARGET_ASSISTED_LABELLED_TARGET_DIAGNOSTIC,42,205439,0,1050,8580e36defd2db4d6ddc8d2c4bdaf4b171473bb94b17037b32b1b1f9fa0665a8,PREDICTIONS_FROZEN,False
50,TARGET_ASSISTED_LABELLED_TARGET_DIAGNOSTIC,42,205439,0,1050,633dfd77e7e5d0a578ebec7c1508843671664c1ed7852148eb97a7b0248d55ef,PREDICTIONS_FROZEN,False
100,TARGET_ASSISTED_LABELLED_TARGET_DIAGNOSTIC,42,205439,0,1050,d77f4c7b7c705b9ab7c6ec6c1335f20acb5033b7d146a9a0e89022c4d4980856,PREDICTIONS_FROZEN,False
200,TARGET_ASSISTED_LABELLED_TARGET_DIAGNOSTIC,42,205439,0,1050,d77f4c7b7c705b9ab7c6ec6c1335f20acb5033b7d146a9a0e89022c4d4980856,PREDICTIONS_FROZEN,False
500,TARGET_ASSISTED_LABELLED_TARGET_DIAGNOSTIC,42,205439,0,1050,d77f4c7b7c705b9ab7c6ec6c1335f20acb5033b7d146a9a0e89022c4d4980856,PREDICTIONS_FROZEN,False
7,TARGET_ASSISTED_LABELLED_TARGET_DIAGNOSTIC,42,230003,0,1050,fa654899d4d3ef1e5d932cdec95c857f541274604f548ab7d3d8abf2b93134ef,PREDICTIONS_FROZEN,False
10,TARGET_ASSISTED_LABELLED_TARGET_DIAGNOSTIC,42,230003,0,1050,b3648b712c9cbd7da760a3506e80d07d4f201c256c9691ca128236f6ab818f75,PREDICTIONS_FROZEN,False
20,TARGET_ASSISTED_LABELLED_TARGET_DIAGNOSTIC,42,230003,0,1050,ca7a5d6bb436e19ce340f286957822d0c1273a4924fcc7e5514785786039aa2e,PREDICTIONS_FROZEN,False
21,TARGET_ASSISTED_LABELLED_TARGET_DIAGNOSTIC,42,230003,0,1050,f527a6aabd631b4b3a9cd3e81d2b0ee3d974d1c55b28e8fc29d954572a4f775f,PREDICTIONS_FROZEN,False
35,TARGET_ASSISTED_LABELLED_TARGET_DIAGNOSTIC,42,230003,0,1050,633dfd77e7e5d0a578ebec7c1508843671664c1ed7852148eb97a7b0248d55ef,PREDICTIONS_FROZEN,False
50,TARGET_ASSISTED_LABELLED_TARGET_DIAGNOSTIC,42,230003,0,1050,7304e1185d8ae3c64ec4d4f2e4d6863ce777c343bf1e8157ac65c240e27d78fb,PREDICTIONS_FROZEN,False
100,TARGET_ASSISTED_LABELLED_TARGET_DIAGNOSTIC,42,230003,0,1050,ef4e80b8083b784b4541ea46b6647ecd9d0b3787810071cbf33f8bf15a292dc6,PREDICTIONS_FROZEN,False
200,TARGET_ASSISTED_LABELLED_TARGET_DIAGNOSTIC,42,230003,0,1050,d77f4c7b7c705b9ab7c6ec6c1335f20acb5033b7d146a9a0e89022c4d4980856,PREDICTIONS_FROZEN,False
500,TARGET_ASSISTED_LABELLED_TARGET_DIAGNOSTIC,42,230003,0,1050,d77f4c7b7c705b9ab7c6ec6c1335f20acb5033b7d146a9a0e89022c4d4980856,PREDICTIONS_FROZEN,False
7,TARGET_ASSISTED_LABELLED_TARGET_DIAGNOSTIC,42,254959,0,1050,c5b8bc2afc9a52a2e8796499f366d170e5e8c07e201c8052759c14234b879a85,PREDICTIONS_FROZEN,False
10,TARGET_ASSISTED_LABELLED_TARGET_DIAGNOSTIC,42,254959,0,1050,ecb7fa5cbfebb022c4e2542626bc3d2390e6d8976a97fc9a16764f85c3fe31df,PREDICTIONS_FROZEN,False
20,TARGET_ASSISTED_LABELLED_TARGET_DIAGNOSTIC,42,254959,0,1050,10660b27724a9ebedade5b5eefd1a9325c1b06fc0a995e6ed7c564f229d7bd9c,PREDICTIONS_FROZEN,False
21,TARGET_ASSISTED_LABELLED_TARGET_DIAGNOSTIC,42,254959,0,1050,a0e9950f7b4d0d449a6a7ed77f35f1bf0e1c582bddbd85d16e85d179587ed7b5,PREDICTIONS_FROZEN,False
35,TARGET_ASSISTED_LABELLED_TARGET_DIAGNOSTIC,42,254959,0,1050,a8dce80638ca2c23e1e6ddade79d5d7b20d75a88f6d89eba7b6f598f347c758e,PREDICTIONS_FROZEN,False
50,TARGET_ASSISTED_LABELLED_TARGET_DIAGNOSTIC,42,254959,0,1050,ef4e80b8083b784b4541ea46b6647ecd9d0b3787810071cbf33f8bf15a292dc6,PREDICTIONS_FROZEN,False
100,TARGET_ASSISTED_LABELLED_TARGET_DIAGNOSTIC,42,254959,0,1050,d77f4c7b7c705b9ab7c6ec6c1335f20acb5033b7d146a9a0e89022c4d4980856,PREDICTIONS_FROZEN,False
200,TARGET_ASSISTED_LABELLED_TARGET_DIAGNOSTIC,42,254959,0,1050,a839fcabbbca3023faaa713d4121ffa7ad5664d8e340f8e9b2c3090ca74d7534,PREDICTIONS_FROZEN,False
500,TARGET_ASSISTED_LABELLED_TARGET_DIAGNOSTIC,42,254959,0,1050,d77f4c7b7c705b9ab7c6ec6c1335f20acb5033b7d146a9a0e89022c4d4980856,PREDICTIONS_FROZEN,False
7,TARGET_ASSISTED_LABELLED_TARGET_DIAGNOSTIC,42,280001,0,1050,449fe261f2f46ccb7d96acda0cde1def7221d4a461d506655474ab3d91696c1e,PREDICTIONS_FROZEN,False
10,TARGET_ASSISTED_LABELLED_TARGET_DIAGNOSTIC,42,280001,0,1050,658dc24cc211f8398d671e5eb6fa97a7ef80fffdd63cac679ec87711953e47d7,PREDICTIONS_FROZEN,False
20,TARGET_ASSISTED_LABELLED_TARGET_DIAGNOSTIC,42,280001,0,1050,7d359c35c697a1c6572d8ef803abdedc746326188a180aee70f37c1375bc5dad,PREDICTIONS_FROZEN,False
21,TARGET_ASSISTED_LABELLED_TARGET_DIAGNOSTIC,42,280001,0,1050,6939849d23a3b59f80c45151f0141fa22dcfbc272c52e787dfa62bd4f11b8ee0,PREDICTIONS_FROZEN,False
35,TARGET_ASSISTED_LABELLED_TARGET_DIAGNOSTIC,42,280001,0,1050,82837eee5d3d12e7b31746a6c5208eddf6f79599a33b548df95ee7c536795eba,PREDICTIONS_FROZEN,False
50,TARGET_ASSISTED_LABELLED_TARGET_DIAGNOSTIC,42,280001,0,1050,d77f4c7b7c705b9ab7c6ec6c1335f20acb5033b7d146a9a0e89022c4d4980856,PREDICTIONS_FROZEN,False
100,TARGET_ASSISTED_LABELLED_TARGET_DIAGNOSTIC,42,280001,0,1050,a839fcabbbca3023faaa713d4121ffa7ad5664d8e340f8e9b2c3090ca74d7534,PREDICTIONS_FROZEN,False
200,TARGET_ASSISTED_LABELLED_TARGET_DIAGNOSTIC,42,280001,0,1050,d77f4c7b7c705b9ab7c6ec6c1335f20acb5033b7d146a9a0e89022c4d4980856,PREDICTIONS_FROZEN,False
500,TARGET_ASSISTED_LABELLED_TARGET_DIAGNOSTIC,42,280001,0,1050,d77f4c7b7c705b9ab7c6ec6c1335f20acb5033b7d146a9a0e89022c4d4980856,PREDICTIONS_FROZEN,False
7,TARGET_ASSISTED_LABELLED_TARGET_DIAGNOSTIC,42,305093,0,1050,ea2480bcd7f3f63a019438a762b5cece8109b817facf63d3a92af69bcb96bb16,PREDICTIONS_FROZEN,False
10,TARGET_ASSISTED_LABELLED_TARGET_DIAGNOSTIC,42,305093,0,1050,63802864a12fd692a0254040198557bfe10b7556c149a701ac71978ef3a65e97,PREDICTIONS_FROZEN,False
20,TARGET_ASSISTED_LABELLED_TARGET_DIAGNOSTIC,42,305093,0,1050,8eeb69fd4b011b0a7e6e1d819e18b7365b1ae4763f5413da57d9a222d6cef083,PREDICTIONS_FROZEN,False
21,TARGET_ASSISTED_LABELLED_TARGET_DIAGNOSTIC,42,305093,0,1050,8dd0631e3f9c1e141da0e59092b16af0e600de6b7b107f19287ca001e86f5c63,PREDICTIONS_FROZEN,False
35,TARGET_ASSISTED_LABELLED_TARGET_DIAGNOSTIC,42,305093,0,1050,cab5e6c379082797edb36bf4d84d677ea45ad6094c86b80e1e7c14c22ad99641,PREDICTIONS_FROZEN,False
50,TARGET_ASSISTED_LABELLED_TARGET_DIAGNOSTIC,42,305093,0,1050,307907c235c2192641922b4f06c501babb46c3a926c4480e494812e830649b9a,PREDICTIONS_FROZEN,False
100,TARGET_ASSISTED_LABELLED_TARGET_DIAGNOSTIC,42,305093,0,1050,2b74ceb111321c662655dd6f400f27af4a3bdbc1d651f7d8ed0143a27a629ccc,PREDICTIONS_FROZEN,False
200,TARGET_ASSISTED_LABELLED_TARGET_DIAGNOSTIC,42,305093,0,1050,d77f4c7b7c705b9ab7c6ec6c1335f20acb5033b7d146a9a0e89022c4d4980856,PREDICTIONS_FROZEN,False
500,TARGET_ASSISTED_LABELLED_TARGET_DIAGNOSTIC,42,305093,0,1050,d77f4c7b7c705b9ab7c6ec6c1335f20acb5033b7d146a9a0e89022c4d4980856,PREDICTIONS_FROZEN,False
7,TARGET_ASSISTED_LABELLED_TARGET_DIAGNOSTIC,42,330017,0,1050,de80b4dd9b576e881ea0623ed8ef6b814e327634ff09b40862cc522e73223e05,PREDICTIONS_FROZEN,False
10,TARGET_ASSISTED_LABELLED_TARGET_DIAGNOSTIC,42,330017,0,1050,f19747b662367a26699ee02cf61e32d1bab198898186f69cb63f0b2cc94597cb,PREDICTIONS_FROZEN,False
20,TARGET_ASSISTED_LABELLED_TARGET_DIAGNOSTIC,42,330017,0,1050,2b91a946f3fdbbf626fbb3041db88afb24eafcfdd57dbd8d4dc3f3ef3920b0e6,PREDICTIONS_FROZEN,False
21,TARGET_ASSISTED_LABELLED_TARGET_DIAGNOSTIC,42,330017,0,1050,192a7f44fb6e46a9393ee04c2ee3ff3450f8a0810ace334584ce54f41642d841,PREDICTIONS_FROZEN,False
35,TARGET_ASSISTED_LABELLED_TARGET_DIAGNOSTIC,42,330017,0,1050,dc3b13f64d552738e5dff09abef9d70e629dbab14ee4973e5b7177c3e4ed6151,PREDICTIONS_FROZEN,False
50,TARGET_ASSISTED_LABELLED_TARGET_DIAGNOSTIC,42,330017,0,1050,9a6e4ce621cb1424c22c78a15f8e742a6bc3f3f5aea90824b80cfb2f0434acec,PREDICTIONS_FROZEN,False
100,TARGET_ASSISTED_LABELLED_TARGET_DIAGNOSTIC,42,330017,0,1050,0f41e0a2fae13d460b237d64695a9c93a9a1bcf7fe0753e5ddd4a2ce6840692f,PREDICTIONS_FROZEN,False
200,TARGET_ASSISTED_LABELLED_TARGET_DIAGNOSTIC,42,330017,0,1050,d77f4c7b7c705b9ab7c6ec6c1335f20acb5033b7d146a9a0e89022c4d4980856,PREDICTIONS_FROZEN,False
500,TARGET_ASSISTED_LABELLED_TARGET_DIAGNOSTIC,42,330017,0,1050,d77f4c7b7c705b9ab7c6ec6c1335f20acb5033b7d146a9a0e89022c4d4980856,PREDICTIONS_FROZEN,False
7,TARGET_ASSISTED_LABELLED_TARGET_DIAGNOSTIC,42,355031,0,1050,d2c2752544c157d578e84f6c48fb6cbec7da7a28db98e6c765bb8bbd6c4e30d3,PREDICTIONS_FROZEN,False
10,TARGET_ASSISTED_LABELLED_TARGET_DIAGNOSTIC,42,355031,0,1050,91ad683994747ced93939133d0352bf563e6d936f450e6f6ab60978c4b2265fa,PREDICTIONS_FROZEN,False
20,TARGET_ASSISTED_LABELLED_TARGET_DIAGNOSTIC,42,355031,0,1050,b273648b4a48a005a63016492ffde350ba18e0653aab5ea9ffd34bf2bf367ad2,PREDICTIONS_FROZEN,False
21,TARGET_ASSISTED_LABELLED_TARGET_DIAGNOSTIC,42,355031,0,1050,f35d7142431e29eb68972a2fc6c9b9ad0cbf92462f8096b11dfb453a318046d0,PREDICTIONS_FROZEN,False
35,TARGET_ASSISTED_LABELLED_TARGET_DIAGNOSTIC,42,355031,0,1050,d4e5ee4a4228d7bc5dce7a690b702b175a1c56b7b68e7e4f532c7bfa30acc8fb,PREDICTIONS_FROZEN,False
50,TARGET_ASSISTED_LABELLED_TARGET_DIAGNOSTIC,42,355031,0,1050,f60cb549c1490d130e6aed075310a93e9aaeb938ac51bf7cc65c4489991557da,PREDICTIONS_FROZEN,False
100,TARGET_ASSISTED_LABELLED_TARGET_DIAGNOSTIC,42,355031,0,1050,d77f4c7b7c705b9ab7c6ec6c1335f20acb5033b7d146a9a0e89022c4d4980856,PREDICTIONS_FROZEN,False
200,TARGET_ASSISTED_LABELLED_TARGET_DIAGNOSTIC,42,355031,0,1050,d77f4c7b7c705b9ab7c6ec6c1335f20acb5033b7d146a9a0e89022c4d4980856,PREDICTIONS_FROZEN,False
500,TARGET_ASSISTED_LABELLED_TARGET_DIAGNOSTIC,42,355031,0,1050,d77f4c7b7c705b9ab7c6ec6c1335f20acb5033b7d146a9a0e89022c4d4980856,PREDICTIONS_FROZEN,False
7,TARGET_ASSISTED_LABELLED_TARGET_DIAGNOSTIC,42,380041,0,1050,41a514777476b9e2d901b19d23c42e894a954a6b027964dfb46a47d492adf846,PREDICTIONS_FROZEN,False
10,TARGET_ASSISTED_LABELLED_TARGET_DIAGNOSTIC,42,380041,0,1050,c92b5f7c37885807c74ebfcd05f99054810a94fc41be2f27b394f6ee845a1267,PREDICTIONS_FROZEN,False
20,TARGET_ASSISTED_LABELLED_TARGET_DIAGNOSTIC,42,380041,0,1050,81cc54990a87a296658e82179b4973ed5dc602ea4e7396d9b5a89b9453a9a2b4,PREDICTIONS_FROZEN,False
21,TARGET_ASSISTED_LABELLED_TARGET_DIAGNOSTIC,42,380041,0,1050,a3ef6b42e7cdb9a9a6c18317dfea3a7c98baf243c36bfec6f32dadb5a3de7c86,PREDICTIONS_FROZEN,False
35,TARGET_ASSISTED_LABELLED_TARGET_DIAGNOSTIC,42,380041,0,1050,a4a0f452993f43b2070993b92955f56cff72cc957070320b1cb24b72bf33f72d,PREDICTIONS_FROZEN,False
50,TARGET_ASSISTED_LABELLED_TARGET_DIAGNOSTIC,42,380041,0,1050,38184fc9f4e7a090f9ba92f4f5685321099be27b730935b7ec17d9c0a036abd7,PREDICTIONS_FROZEN,False
100,TARGET_ASSISTED_LABELLED_TARGET_DIAGNOSTIC,42,380041,0,1050,22d3f543b51ae535cde2acc6be1383ec8b5787439ac6d5e2a232193cee6bfe85,PREDICTIONS_FROZEN,False
200,TARGET_ASSISTED_LABELLED_TARGET_DIAGNOSTIC,42,380041,0,1050,d77f4c7b7c705b9ab7c6ec6c1335f20acb5033b7d146a9a0e89022c4d4980856,PREDICTIONS_FROZEN,False
500,TARGET_ASSISTED_LABELLED_TARGET_DIAGNOSTIC,42,380041,0,1050,d77f4c7b7c705b9ab7c6ec6c1335f20acb5033b7d146a9a0e89022c4d4980856,PREDICTIONS_FROZEN,False
7,TARGET_ASSISTED_LABELLED_TARGET_DIAGNOSTIC,42,405019,0,1050,c7c8d2146646f1730b417d868956b60c23ab6e6845a401f7fded686038fbb71c,PREDICTIONS_FROZEN,False
10,TARGET_ASSISTED_LABELLED_TARGET_DIAGNOSTIC,42,405019,0,1050,b741b3f70de13df72fa4c39eac554c4ac6ee71548ba895a45ce073db2fdaeb25,PREDICTIONS_FROZEN,False
20,TARGET_ASSISTED_LABELLED_TARGET_DIAGNOSTIC,42,405019,0,1050,f60cb549c1490d130e6aed075310a93e9aaeb938ac51bf7cc65c4489991557da,PREDICTIONS_FROZEN,False
21,TARGET_ASSISTED_LABELLED_TARGET_DIAGNOSTIC,42,405019,0,1050,7bc423b49b352ec2aeca9f59f30de48fae81e53bb0fe729ed97879781df80c81,PREDICTIONS_FROZEN,False
35,TARGET_ASSISTED_LABELLED_TARGET_DIAGNOSTIC,42,405019,0,1050,7a0b1526e1bb232046b968857beebef3e997bd5fb08d22da11565ca31181cca8,PREDICTIONS_FROZEN,False
50,TARGET_ASSISTED_LABELLED_TARGET_DIAGNOSTIC,42,405019,0,1050,8a3a2890a76a43fbc628ff967c9ff3c60541e398b1f77720a352c481000d02a2,PREDICTIONS_FROZEN,False
100,TARGET_ASSISTED_LABELLED_TARGET_DIAGNOSTIC,42,405019,0,1050,d77f4c7b7c705b9ab7c6ec6c1335f20acb5033b7d146a9a0e89022c4d4980856,PREDICTIONS_FROZEN,False
200,TARGET_ASSISTED_LABELLED_TARGET_DIAGNOSTIC,42,405019,0,1050,d77f4c7b7c705b9ab7c6ec6c1335f20acb5033b7d146a9a0e89022c4d4980856,PREDICTIONS_FROZEN,False
500,TARGET_ASSISTED_LABELLED_TARGET_DIAGNOSTIC,42,405019,0,1050,d77f4c7b7c705b9ab7c6ec6c1335f20acb5033b7d146a9a0e89022c4d4980856,PREDICTIONS_FROZEN,False
7,TARGET_ASSISTED_LABELLED_TARGET_DIAGNOSTIC,42,430007,0,1050,41a514777476b9e2d901b19d23c42e894a954a6b027964dfb46a47d492adf846,PREDICTIONS_FROZEN,False
10,TARGET_ASSISTED_LABELLED_TARGET_DIAGNOSTIC,42,430007,0,1050,ec41cdf92e4363837d5d470b0dc4ad195b074501217915c06857278c9cc81e75,PREDICTIONS_FROZEN,False
20,TARGET_ASSISTED_LABELLED_TARGET_DIAGNOSTIC,42,430007,0,1050,9c6d5453cede4d2790898681c6c42f73c00f479576f09ff5c24f77a1bde70658,PREDICTIONS_FROZEN,False
21,TARGET_ASSISTED_LABELLED_TARGET_DIAGNOSTIC,42,430007,0,1050,4eb150a36b4868759b785e33b7a326bd23e985167aaa7837f10ec4934d21e8ec,PREDICTIONS_FROZEN,False
35,TARGET_ASSISTED_LABELLED_TARGET_DIAGNOSTIC,42,430007,0,1050,84bce174d0b9731dbc2f8da8dfbc423be3b001359339dc329baa5bd5675b7dcf,PREDICTIONS_FROZEN,False
50,TARGET_ASSISTED_LABELLED_TARGET_DIAGNOSTIC,42,430007,0,1050,adc46078785280eb07ee51cdde7a8cd62f7e9ea89b8d2ff8e31767912b62d231,PREDICTIONS_FROZEN,False
100,TARGET_ASSISTED_LABELLED_TARGET_DIAGNOSTIC,42,430007,0,1050,ef4e80b8083b784b4541ea46b6647ecd9d0b3787810071cbf33f8bf15a292dc6,PREDICTIONS_FROZEN,False
200,TARGET_ASSISTED_LABELLED_TARGET_DIAGNOSTIC,42,430007,0,1050,d77f4c7b7c705b9ab7c6ec6c1335f20acb5033b7d146a9a0e89022c4d4980856,PREDICTIONS_FROZEN,False
500,TARGET_ASSISTED_LABELLED_TARGET_DIAGNOSTIC,42,430007,0,1050,d77f4c7b7c705b9ab7c6ec6c1335f20acb5033b7d146a9a0e89022c4d4980856,PREDICTIONS_FROZEN,False
7,TARGET_ASSISTED_LABELLED_TARGET_DIAGNOSTIC,42,455003,0,1050,38d222165a142b2127db34adb7c740c3210aa3fc010fed17958bceb24cbccb81,PREDICTIONS_FROZEN,False
10,TARGET_ASSISTED_LABELLED_TARGET_DIAGNOSTIC,42,455003,0,1050,6d5334c879b46e9ec35d34699cbd76449ffa38d854590bea579e94dbaff4f723,PREDICTIONS_FROZEN,False
20,TARGET_ASSISTED_LABELLED_TARGET_DIAGNOSTIC,42,455003,0,1050,ac061d8c685fc64d8731c88b31c07aea2cc8bc3d61d5b04683af4e8c6ca0a34f,PREDICTIONS_FROZEN,False
21,TARGET_ASSISTED_LABELLED_TARGET_DIAGNOSTIC,42,455003,0,1050,7bc423b49b352ec2aeca9f59f30de48fae81e53bb0fe729ed97879781df80c81,PREDICTIONS_FROZEN,False
35,TARGET_ASSISTED_LABELLED_TARGET_DIAGNOSTIC,42,455003,0,1050,085802c9047f3fee3b483952588207d97f313b091118c0c3d9413c05fe88d04a,PREDICTIONS_FROZEN,False
50,TARGET_ASSISTED_LABELLED_TARGET_DIAGNOSTIC,42,455003,0,1050,633dfd77e7e5d0a578ebec7c1508843671664c1ed7852148eb97a7b0248d55ef,PREDICTIONS_FROZEN,False
100,TARGET_ASSISTED_LABELLED_TARGET_DIAGNOSTIC,42,455003,0,1050,d77f4c7b7c705b9ab7c6ec6c1335f20acb5033b7d146a9a0e89022c4d4980856,PREDICTIONS_FROZEN,False
200,TARGET_ASSISTED_LABELLED_TARGET_DIAGNOSTIC,42,455003,0,1050,d77f4c7b7c705b9ab7c6ec6c1335f20acb5033b7d146a9a0e89022c4d4980856,PREDICTIONS_FROZEN,False
500,TARGET_ASSISTED_LABELLED_TARGET_DIAGNOSTIC,42,455003,0,1050,d77f4c7b7c705b9ab7c6ec6c1335f20acb5033b7d146a9a0e89022c4d4980856,PREDICTIONS_FROZEN,False
7,TARGET_ASSISTED_LABELLED_TARGET_DIAGNOSTIC,42,480017,0,1050,5e9f80107ae3cf0d2da496d1808695fd34c2fbaffa8f02ce29550e8b142b17f1,PREDICTIONS_FROZEN,False
10,TARGET_ASSISTED_LABELLED_TARGET_DIAGNOSTIC,42,480017,0,1050,57a5cca9b9212423d30ffc5bfa195403650fc1e58ae702379464d548605be7ab,PREDICTIONS_FROZEN,False
20,TARGET_ASSISTED_LABELLED_TARGET_DIAGNOSTIC,42,480017,0,1050,2f20e0316eb74fbcd2bd11b53c164fe861c3198a7a2ad29269ec9ce4f07b5010,PREDICTIONS_FROZEN,False
21,TARGET_ASSISTED_LABELLED_TARGET_DIAGNOSTIC,42,480017,0,1050,27b62a566fac5d3a125478ebb09574f95bf8e70e999be20525d9d45938f9b9ec,PREDICTIONS_FROZEN,False
35,TARGET_ASSISTED_LABELLED_TARGET_DIAGNOSTIC,42,480017,0,1050,633dfd77e7e5d0a578ebec7c1508843671664c1ed7852148eb97a7b0248d55ef,PREDICTIONS_FROZEN,False
50,TARGET_ASSISTED_LABELLED_TARGET_DIAGNOSTIC,42,480017,0,1050,d77f4c7b7c705b9ab7c6ec6c1335f20acb5033b7d146a9a0e89022c4d4980856,PREDICTIONS_FROZEN,False
100,TARGET_ASSISTED_LABELLED_TARGET_DIAGNOSTIC,42,480017,0,1050,8cfb4d3a500dd219ac2d1da21b47c59fcc8017d0714695047f1e06ef7f908f05,PREDICTIONS_FROZEN,False
200,TARGET_ASSISTED_LABELLED_TARGET_DIAGNOSTIC,42,480017,0,1050,d77f4c7b7c705b9ab7c6ec6c1335f20acb5033b7d146a9a0e89022c4d4980856,PREDICTIONS_FROZEN,False
500,TARGET_ASSISTED_LABELLED_TARGET_DIAGNOSTIC,42,480017,0,1050,d77f4c7b7c705b9ab7c6ec6c1335f20acb5033b7d146a9a0e89022c4d4980856,PREDICTIONS_FROZEN,False
7,TARGET_ASSISTED_LABELLED_TARGET_DIAGNOSTIC,42,505027,0,1050,16f156de2aad9fae3d822acbebc77db4e618bc7085522762c5cc2e425ffb3e35,PREDICTIONS_FROZEN,False
10,TARGET_ASSISTED_LABELLED_TARGET_DIAGNOSTIC,42,505027,0,1050,e3836aa3faf2e7b240c353eb522982df800a554eecbeb0c03de7c4fd3c4bed64,PREDICTIONS_FROZEN,False
20,TARGET_ASSISTED_LABELLED_TARGET_DIAGNOSTIC,42,505027,0,1050,8425262c43912a6a972d2e107a07c6e04a15ebd35fe59edd9cbc85fc9aaf7705,PREDICTIONS_FROZEN,False
21,TARGET_ASSISTED_LABELLED_TARGET_DIAGNOSTIC,42,505027,0,1050,9bb1196e063e9a588cd4abc69210b276ab60bdbce13951ceedc7f1887a8c8355,PREDICTIONS_FROZEN,False
35,TARGET_ASSISTED_LABELLED_TARGET_DIAGNOSTIC,42,505027,0,1050,f4635bc9767f55e2e473ede8eb1c993af85aac98720661087161cba5f62d743a,PREDICTIONS_FROZEN,False
50,TARGET_ASSISTED_LABELLED_TARGET_DIAGNOSTIC,42,505027,0,1050,ef4e80b8083b784b4541ea46b6647ecd9d0b3787810071cbf33f8bf15a292dc6,PREDICTIONS_FROZEN,False
100,TARGET_ASSISTED_LABELLED_TARGET_DIAGNOSTIC,42,505027,0,1050,ef4e80b8083b784b4541ea46b6647ecd9d0b3787810071cbf33f8bf15a292dc6,PREDICTIONS_FROZEN,False
200,TARGET_ASSISTED_LABELLED_TARGET_DIAGNOSTIC,42,505027,0,1050,1e91af46c8d9e5b6aee00f8568f8d39f1027ba8718b53601194ceccb1b1c0808,PREDICTIONS_FROZEN,False
500,TARGET_ASSISTED_LABELLED_TARGET_DIAGNOSTIC,42,505027,0,1050,d77f4c7b7c705b9ab7c6ec6c1335f20acb5033b7d146a9a0e89022c4d4980856,PREDICTIONS_FROZEN,False
7,TARGET_ASSISTED_LABELLED_TARGET_DIAGNOSTIC,42,530017,0,1050,46570c11f88141ca7f999cb0108d1a7828db89850d1f2725e0dda970c99338d5,PREDICTIONS_FROZEN,False
10,TARGET_ASSISTED_LABELLED_TARGET_DIAGNOSTIC,42,530017,0,1050,9e215bf18df940bf567f2982fc9cdaeef232afa1e5242fb40a086f5395c707f7,PREDICTIONS_FROZEN,False
20,TARGET_ASSISTED_LABELLED_TARGET_DIAGNOSTIC,42,530017,0,1050,3bad12fc912e0be6e24e6810811df133ee1cec65d0f01e1530fda02ad244dde2,PREDICTIONS_FROZEN,False
21,TARGET_ASSISTED_LABELLED_TARGET_DIAGNOSTIC,42,530017,0,1050,c20ed008745cf7dd5a598e4415c893de9fcaeb1859eef196ee4679f5490239f1,PREDICTIONS_FROZEN,False
35,TARGET_ASSISTED_LABELLED_TARGET_DIAGNOSTIC,42,530017,0,1050,ef4e80b8083b784b4541ea46b6647ecd9d0b3787810071cbf33f8bf15a292dc6,PREDICTIONS_FROZEN,False
50,TARGET_ASSISTED_LABELLED_TARGET_DIAGNOSTIC,42,530017,0,1050,4ad01f2da12e9d40bc527b79153083bea6fd34a0ded4fd0d7015be82f6dfe749,PREDICTIONS_FROZEN,False
100,TARGET_ASSISTED_LABELLED_TARGET_DIAGNOSTIC,42,530017,0,1050,a839fcabbbca3023faaa713d4121ffa7ad5664d8e340f8e9b2c3090ca74d7534,PREDICTIONS_FROZEN,False
200,TARGET_ASSISTED_LABELLED_TARGET_DIAGNOSTIC,42,530017,0,1050,d77f4c7b7c705b9ab7c6ec6c1335f20acb5033b7d146a9a0e89022c4d4980856,PREDICTIONS_FROZEN,False
500,TARGET_ASSISTED_LABELLED_TARGET_DIAGNOSTIC,42,530017,0,1050,d77f4c7b7c705b9ab7c6ec6c1335f20acb5033b7d146a9a0e89022c4d4980856,PREDICTIONS_FROZEN,False
7,TARGET_ASSISTED_LABELLED_TARGET_DIAGNOSTIC,42,555029,0,1050,d6782a5ef50643fd4b56927923d608f1722bd9a9bc93bb5808a1f70ca4dd98c8,PREDICTIONS_FROZEN,False
10,TARGET_ASSISTED_LABELLED_TARGET_DIAGNOSTIC,42,555029,0,1050,4f54a6890467804f620fd1aa5a1c45ca8cd5853e45d793ec72ffb62a583665f3,PREDICTIONS_FROZEN,False
20,TARGET_ASSISTED_LABELLED_TARGET_DIAGNOSTIC,42,555029,0,1050,54e448ee264f1aae08041bf322174f3d9838a893609227ca30d72183a47ae0f8,PREDICTIONS_FROZEN,False
21,TARGET_ASSISTED_LABELLED_TARGET_DIAGNOSTIC,42,555029,0,1050,09388552acd3481d630b36f52b5bbcdabd4784b571857ef20d5682cce3915ab2,PREDICTIONS_FROZEN,False
35,TARGET_ASSISTED_LABELLED_TARGET_DIAGNOSTIC,42,555029,0,1050,a359eddbe8a3496d20fce677a82ebeff7f8550def9f1194416563679e9789335,PREDICTIONS_FROZEN,False
50,TARGET_ASSISTED_LABELLED_TARGET_DIAGNOSTIC,42,555029,0,1050,a839fcabbbca3023faaa713d4121ffa7ad5664d8e340f8e9b2c3090ca74d7534,PREDICTIONS_FROZEN,False
100,TARGET_ASSISTED_LABELLED_TARGET_DIAGNOSTIC,42,555029,0,1050,fcfa74f99963c1c037a20da7433c2ad3e98e8a9a645e46bc466ac1177fc1d6fd,PREDICTIONS_FROZEN,False
200,TARGET_ASSISTED_LABELLED_TARGET_DIAGNOSTIC,42,555029,0,1050,d77f4c7b7c705b9ab7c6ec6c1335f20acb5033b7d146a9a0e89022c4d4980856,PREDICTIONS_FROZEN,False
500,TARGET_ASSISTED_LABELLED_TARGET_DIAGNOSTIC,42,555029,0,1050,d77f4c7b7c705b9ab7c6ec6c1335f20acb5033b7d146a9a0e89022c4d4980856,PREDICTIONS_FROZEN,False
7,TARGET_ASSISTED_LABELLED_TARGET_DIAGNOSTIC,42,580031,0,1050,41a514777476b9e2d901b19d23c42e894a954a6b027964dfb46a47d492adf846,PREDICTIONS_FROZEN,False
10,TARGET_ASSISTED_LABELLED_TARGET_DIAGNOSTIC,42,580031,0,1050,98575606a8e069d03a8633f4776e4a4c1d59e6a5ef8b7761d28e7311239d310e,PREDICTIONS_FROZEN,False
20,TARGET_ASSISTED_LABELLED_TARGET_DIAGNOSTIC,42,580031,0,1050,8df65045e5c1a206221a55cf282906bb963ce89c4190077b87633e1ac46d8962,PREDICTIONS_FROZEN,False
21,TARGET_ASSISTED_LABELLED_TARGET_DIAGNOSTIC,42,580031,0,1050,fb1e14b5c153458a168749cb2ddf29d7ac49b3d1831fc7617c47602ccb8f0a78,PREDICTIONS_FROZEN,False
35,TARGET_ASSISTED_LABELLED_TARGET_DIAGNOSTIC,42,580031,0,1050,bc7f6b12d2ab219aab4c1bb2245dd91e7beb1e2c439b67401f8e13940615b8c6,PREDICTIONS_FROZEN,False
50,TARGET_ASSISTED_LABELLED_TARGET_DIAGNOSTIC,42,580031,0,1050,189f0776cac16e9341e519057309255d3b79a4693d825b1e1023a47ad19f6e33,PREDICTIONS_FROZEN,False
100,TARGET_ASSISTED_LABELLED_TARGET_DIAGNOSTIC,42,580031,0,1050,1696b2a7a67a4d1cf5bbda97c8faa6faed771b0752ed4b375ee9f56cd4f66a32,PREDICTIONS_FROZEN,False
200,TARGET_ASSISTED_LABELLED_TARGET_DIAGNOSTIC,42,580031,0,1050,d77f4c7b7c705b9ab7c6ec6c1335f20acb5033b7d146a9a0e89022c4d4980856,PREDICTIONS_FROZEN,False
500,TARGET_ASSISTED_LABELLED_TARGET_DIAGNOSTIC,42,580031,0,1050,d77f4c7b7c705b9ab7c6ec6c1335f20acb5033b7d146a9a0e89022c4d4980856,PREDICTIONS_FROZEN,False
0,STRICT_SOURCE_ONLY_DG,42,,1,1050,352284f5328fa9357efcfdb8c9c9e0f4a2dc0b67e470a2ca7c93a1efd328cf9e,PREDICTIONS_FROZEN,False
7,TARGET_ASSISTED_LABELLED_TARGET_DIAGNOSTIC,42,104729,1,1050,c1957e2bd2659e43663cb560d1b89ad5a317e31d817d4651df2fdea4f7f60d14,PREDICTIONS_FROZEN,False
10,TARGET_ASSISTED_LABELLED_TARGET_DIAGNOSTIC,42,104729,1,1050,3fabc00b1c2b7845742ad8ff70e5e8753c2155d88b98a441791b591d4fc71ae3,PREDICTIONS_FROZEN,False
20,TARGET_ASSISTED_LABELLED_TARGET_DIAGNOSTIC,42,104729,1,1050,8b64edea087b554c3726aa5501c760a499eb8c24beef48bfed8fa59e866320b9,PREDICTIONS_FROZEN,False
21,TARGET_ASSISTED_LABELLED_TARGET_DIAGNOSTIC,42,104729,1,1050,1b42e0adc7b0d5540fbeb5592f32df6c496ac3e74a948874c94dd7428cca64ab,PREDICTIONS_FROZEN,False
35,TARGET_ASSISTED_LABELLED_TARGET_DIAGNOSTIC,42,104729,1,1050,1c8eba3b257c5fa904517d7a1c89788b98c4e2008c9718b2f791ebbe710735fe,PREDICTIONS_FROZEN,False
50,TARGET_ASSISTED_LABELLED_TARGET_DIAGNOSTIC,42,104729,1,1050,54debb59140c939d2d4470b8a216084bc5ab6594988a2875d3139593cdb8502b,PREDICTIONS_FROZEN,False
100,TARGET_ASSISTED_LABELLED_TARGET_DIAGNOSTIC,42,104729,1,1050,15f595ac196ced374b42b7dca597e5a33738359c4bcffb0203695ea72c190c20,PREDICTIONS_FROZEN,False
200,TARGET_ASSISTED_LABELLED_TARGET_DIAGNOSTIC,42,104729,1,1050,50e4a202e50a420bd565fd692db85f720f2642d637cb62d9f650e36d9b9d9504,PREDICTIONS_FROZEN,False
500,TARGET_ASSISTED_LABELLED_TARGET_DIAGNOSTIC,42,104729,1,1050,13935feafa0220efa854f86ac60b1971fa27695c861b7e0f4f88c0879ed548eb,PREDICTIONS_FROZEN,False
7,TARGET_ASSISTED_LABELLED_TARGET_DIAGNOSTIC,42,130363,1,1050,bde8d8519d8600b02fce36ed6a7036f8e3de9727aa671cb3e6c6892148244534,PREDICTIONS_FROZEN,False
10,TARGET_ASSISTED_LABELLED_TARGET_DIAGNOSTIC,42,130363,1,1050,484c163cf29e555f3da56a2a37357f39b36aea80f096f1640d37bbdfc84a44bf,PREDICTIONS_FROZEN,False
20,TARGET_ASSISTED_LABELLED_TARGET_DIAGNOSTIC,42,130363,1,1050,2ebd32673e7b1088a9f71302bdf5a49a61f9b871dd073694e48fa34f76e3de95,PREDICTIONS_FROZEN,False
21,TARGET_ASSISTED_LABELLED_TARGET_DIAGNOSTIC,42,130363,1,1050,4a97e5a4db5b11b1638add077319e263ab2ef330104f2c62fb6f4858f7d809c8,PREDICTIONS_FROZEN,False
35,TARGET_ASSISTED_LABELLED_TARGET_DIAGNOSTIC,42,130363,1,1050,f407deeba992306a201a08d55f74e46577ce4eaa341f27a9933b24e0143d4df6,PREDICTIONS_FROZEN,False
50,TARGET_ASSISTED_LABELLED_TARGET_DIAGNOSTIC,42,130363,1,1050,4b376cc029beff9090c5527db130fcdef574e574aaa729b7d009aaa1b7dfd8f1,PREDICTIONS_FROZEN,False
100,TARGET_ASSISTED_LABELLED_TARGET_DIAGNOSTIC,42,130363,1,1050,600a239fe4fc63c75f41968c5dd4d7ac9683c1e84eba95b327793dc19cc2750c,PREDICTIONS_FROZEN,False
200,TARGET_ASSISTED_LABELLED_TARGET_DIAGNOSTIC,42,130363,1,1050,ed9049685260d433e4b019307b00e2c77929f4eafdbdd07e0b3db9f7869a9649,PREDICTIONS_FROZEN,False
500,TARGET_ASSISTED_LABELLED_TARGET_DIAGNOSTIC,42,130363,1,1050,7234ac05908b3cd979eb4d03740d670301fd9683654bb0215dccab64e770d652,PREDICTIONS_FROZEN,False
7,TARGET_ASSISTED_LABELLED_TARGET_DIAGNOSTIC,42,155921,1,1050,17522413f9587d262a3275e419d52cafe56ba1e46378466a571df6ddd61e68fb,PREDICTIONS_FROZEN,False
10,TARGET_ASSISTED_LABELLED_TARGET_DIAGNOSTIC,42,155921,1,1050,45229a715a2da047bfc3027e1edcd34c55270ba9dac55b52e4c69f5869f5b276,PREDICTIONS_FROZEN,False
20,TARGET_ASSISTED_LABELLED_TARGET_DIAGNOSTIC,42,155921,1,1050,453e2d372249928212b8a07187ce8381c2d149921b6b0a7b637ff219d042d4ed,PREDICTIONS_FROZEN,False
21,TARGET_ASSISTED_LABELLED_TARGET_DIAGNOSTIC,42,155921,1,1050,6af320ce2a7cd5992fff91a498896afa69c02dfab9a94521b837c332924cf6d8,PREDICTIONS_FROZEN,False
35,TARGET_ASSISTED_LABELLED_TARGET_DIAGNOSTIC,42,155921,1,1050,ae5b41ca5aabe48f568a451495efc60af8c6637f54e4162628a1f0164bbc7410,PREDICTIONS_FROZEN,False
50,TARGET_ASSISTED_LABELLED_TARGET_DIAGNOSTIC,42,155921,1,1050,347b206100fdad9979d8f1c14dabf14d5246e0c12e335b4b0ed7f6ae7720a3db,PREDICTIONS_FROZEN,False
100,TARGET_ASSISTED_LABELLED_TARGET_DIAGNOSTIC,42,155921,1,1050,23cbac4cdd1f8a4ff5497b8e820da03b1dfadde59ec0fad9b6c64859b80fadca,PREDICTIONS_FROZEN,False
200,TARGET_ASSISTED_LABELLED_TARGET_DIAGNOSTIC,42,155921,1,1050,21bc2a37ecbfe438c7ed54ff7985f55a96ad91eb1330de33ca27ddcedccf9ba3,PREDICTIONS_FROZEN,False
500,TARGET_ASSISTED_LABELLED_TARGET_DIAGNOSTIC,42,155921,1,1050,fc0890750de537460b55ea132163f869a5a32dd7f16e1baf4d9b9bc0308a8fb4,PREDICTIONS_FROZEN,False
7,TARGET_ASSISTED_LABELLED_TARGET_DIAGNOSTIC,42,181081,1,1050,997aa8a24dc9370e315b0ab0be93ea2b3839fb915bb4ee614aa344250ad50b72,PREDICTIONS_FROZEN,False
10,TARGET_ASSISTED_LABELLED_TARGET_DIAGNOSTIC,42,181081,1,1050,e2aaeff6bc12aec151a24f7c7a92ceecbdaa188731378ff23748a580ad3fb23c,PREDICTIONS_FROZEN,False
20,TARGET_ASSISTED_LABELLED_TARGET_DIAGNOSTIC,42,181081,1,1050,1c260c6b36e6e89471563240328721c4cdf25abc38ba6d5758078677898b8ae4,PREDICTIONS_FROZEN,False
21,TARGET_ASSISTED_LABELLED_TARGET_DIAGNOSTIC,42,181081,1,1050,7963fe76c20e979ff409aa3358fad67fa8799c84e826fdce96cc46f850d7ae35,PREDICTIONS_FROZEN,False
35,TARGET_ASSISTED_LABELLED_TARGET_DIAGNOSTIC,42,181081,1,1050,0fe1f65d9047332acf4fe9f6f4177d2ecd2d65b6e344daf8602e42754b3abbd2,PREDICTIONS_FROZEN,False
50,TARGET_ASSISTED_LABELLED_TARGET_DIAGNOSTIC,42,181081,1,1050,d8010318a084a35ece8c9ccdad1ab4fe8c408c725a78fe960cf5a404af8047d9,PREDICTIONS_FROZEN,False
100,TARGET_ASSISTED_LABELLED_TARGET_DIAGNOSTIC,42,181081,1,1050,67ad83b72d93bae5b4b486579ab59d1f29de0b40584ff180db2b89d9cd18de8a,PREDICTIONS_FROZEN,False
200,TARGET_ASSISTED_LABELLED_TARGET_DIAGNOSTIC,42,181081,1,1050,60d59e236252c9df51052fcb6f214616764c660081276f726e9f72e0931bc586,PREDICTIONS_FROZEN,False
500,TARGET_ASSISTED_LABELLED_TARGET_DIAGNOSTIC,42,181081,1,1050,c4576b60b0323f6c1f1c9b1e3802aec163256e0278b6bc87cb71f70402b75442,PREDICTIONS_FROZEN,False
7,TARGET_ASSISTED_LABELLED_TARGET_DIAGNOSTIC,42,205439,1,1050,d495cdd24565508909b66bb9674e59c20611cebce6cf7a8c10761b2e21743983,PREDICTIONS_FROZEN,False
10,TARGET_ASSISTED_LABELLED_TARGET_DIAGNOSTIC,42,205439,1,1050,f799f7044ffe1aa912abb08a45814a5e63f79a52041a0856393d0eea53f3ff0e,PREDICTIONS_FROZEN,False
20,TARGET_ASSISTED_LABELLED_TARGET_DIAGNOSTIC,42,205439,1,1050,b94cc1cbc886e95e8c5a281fc4dff14982cfacf9564cf71546d511fb2cfd9650,PREDICTIONS_FROZEN,False
21,TARGET_ASSISTED_LABELLED_TARGET_DIAGNOSTIC,42,205439,1,1050,9b6a2a24a544a895fef20a95bab17435c7bdb3c392242e66e4b03a8a27a27c14,PREDICTIONS_FROZEN,False
35,TARGET_ASSISTED_LABELLED_TARGET_DIAGNOSTIC,42,205439,1,1050,dcb59431ce67923c4cec993a88e779786a2df76d3e3879d7f33aa30709d7d2df,PREDICTIONS_FROZEN,False
50,TARGET_ASSISTED_LABELLED_TARGET_DIAGNOSTIC,42,205439,1,1050,5cdfac8e5cdb6e397f5d77d2f2b751267b7c92bc30b0f09846704d82136c2ff1,PREDICTIONS_FROZEN,False
100,TARGET_ASSISTED_LABELLED_TARGET_DIAGNOSTIC,42,205439,1,1050,018dcd2aae2713baf006067205486e469bdb5e493844b4047d33986f8c533749,PREDICTIONS_FROZEN,False
200,TARGET_ASSISTED_LABELLED_TARGET_DIAGNOSTIC,42,205439,1,1050,84085ce1a34ad8d907def55c235bd0235c9c6b38eab20c93533320b53aac09e8,PREDICTIONS_FROZEN,False
500,TARGET_ASSISTED_LABELLED_TARGET_DIAGNOSTIC,42,205439,1,1050,4c5d17ffc8b6a126ef11dfff17d93bd9d3e7660eba4082b89fd3c905dcb266fa,PREDICTIONS_FROZEN,False
7,TARGET_ASSISTED_LABELLED_TARGET_DIAGNOSTIC,42,230003,1,1050,1419b24362dc7a29faab4b41a459b6829f27cd437c0381d8535b3c00a3e82cdf,PREDICTIONS_FROZEN,False
10,TARGET_ASSISTED_LABELLED_TARGET_DIAGNOSTIC,42,230003,1,1050,31d89822bedd2306baa4a2c5589d074aded6cb4cb9df89d1ac89f643d01352f2,PREDICTIONS_FROZEN,False
20,TARGET_ASSISTED_LABELLED_TARGET_DIAGNOSTIC,42,230003,1,1050,35b862bad5465711caed57a62442bfca297a9ed300cf549541520b5a110d59d0,PREDICTIONS_FROZEN,False
21,TARGET_ASSISTED_LABELLED_TARGET_DIAGNOSTIC,42,230003,1,1050,12cf21d52778f67a43171802d78cde766d083df8923798a617bc9af4f7cbe59f,PREDICTIONS_FROZEN,False
35,TARGET_ASSISTED_LABELLED_TARGET_DIAGNOSTIC,42,230003,1,1050,9bf317973dc6238ed7a8b09cce9e5231b4aae0275878cc86068bbc0093df88ef,PREDICTIONS_FROZEN,False
50,TARGET_ASSISTED_LABELLED_TARGET_DIAGNOSTIC,42,230003,1,1050,87a6e58baee3c3482740d5217f597ac9991e9a706b22c0631226dd2c4fce6c72,PREDICTIONS_FROZEN,False
100,TARGET_ASSISTED_LABELLED_TARGET_DIAGNOSTIC,42,230003,1,1050,13413efe286e65b7a3c0cf9362d0d90c5ef8e4faed9689827372c1d94b7c42d8,PREDICTIONS_FROZEN,False
200,TARGET_ASSISTED_LABELLED_TARGET_DIAGNOSTIC,42,230003,1,1050,774431aff4aecf305c896f50477d495c5186b2785675fe41b66e2021c0bd04ff,PREDICTIONS_FROZEN,False
500,TARGET_ASSISTED_LABELLED_TARGET_DIAGNOSTIC,42,230003,1,1050,dcda13633217d04763c16dbb213d2e7d725c70dede8a02dff0fa32d0950fc8cf,PREDICTIONS_FROZEN,False
7,TARGET_ASSISTED_LABELLED_TARGET_DIAGNOSTIC,42,254959,1,1050,f250810d938374db1f6d0a684a1d197626f16e99cd2c4f4c181941a564021bdd,PREDICTIONS_FROZEN,False
10,TARGET_ASSISTED_LABELLED_TARGET_DIAGNOSTIC,42,254959,1,1050,faad241ceeca5f6c4f3282d9d84cad7521344d17258ecf95670f9846f349be39,PREDICTIONS_FROZEN,False
20,TARGET_ASSISTED_LABELLED_TARGET_DIAGNOSTIC,42,254959,1,1050,2625bba733cd7c404d9d908d61950aff4ee71554237e883ccf0f1a8ccb95c990,PREDICTIONS_FROZEN,False
21,TARGET_ASSISTED_LABELLED_TARGET_DIAGNOSTIC,42,254959,1,1050,a5b641d188d202622ee2fe1589bbc0463ab511951718838cdf5cd8c5271e6531,PREDICTIONS_FROZEN,False
35,TARGET_ASSISTED_LABELLED_TARGET_DIAGNOSTIC,42,254959,1,1050,a76303a85f828dba12dd4c00fba4ec2f3f93805e94a1e1e60929615194abacef,PREDICTIONS_FROZEN,False
50,TARGET_ASSISTED_LABELLED_TARGET_DIAGNOSTIC,42,254959,1,1050,ca94c7d82fbed224865ece7b9a6383c90ae4f94167c2b93edcd1a469d380b125,PREDICTIONS_FROZEN,False
100,TARGET_ASSISTED_LABELLED_TARGET_DIAGNOSTIC,42,254959,1,1050,e0dd4dddf99a4cfed3af09fe6710e52da9c4a08887fd10f52d24cf63d0ca12b8,PREDICTIONS_FROZEN,False
200,TARGET_ASSISTED_LABELLED_TARGET_DIAGNOSTIC,42,254959,1,1050,666a25a0163c04dea3593a3c836b63017af61082c0c5e766c73611de5d1390f8,PREDICTIONS_FROZEN,False
500,TARGET_ASSISTED_LABELLED_TARGET_DIAGNOSTIC,42,254959,1,1050,c620cd3c8e1d96ea3a44b9e6a5da87f15d02d54342a28bbf9bda6bb1b67dd7d4,PREDICTIONS_FROZEN,False
7,TARGET_ASSISTED_LABELLED_TARGET_DIAGNOSTIC,42,280001,1,1050,0e598e59a54a30d84e826d8e48f2984ec2d0e958d31259ef2748b5a80c5efdbb,PREDICTIONS_FROZEN,False
10,TARGET_ASSISTED_LABELLED_TARGET_DIAGNOSTIC,42,280001,1,1050,0b2cb2c89d5e6430c00c86b837a1591f6af22ad4ee19986466762b2a1c4fd5fb,PREDICTIONS_FROZEN,False
20,TARGET_ASSISTED_LABELLED_TARGET_DIAGNOSTIC,42,280001,1,1050,4e4e110c9ed308e2bdcc9a3dc167ebb91b2dfdd39805f2911c8c59126a5e1869,PREDICTIONS_FROZEN,False
21,TARGET_ASSISTED_LABELLED_TARGET_DIAGNOSTIC,42,280001,1,1050,f0e7c5f0b0c0c601c53072740a1e22758062427e4dcecba0600f411e317b4d17,PREDICTIONS_FROZEN,False
35,TARGET_ASSISTED_LABELLED_TARGET_DIAGNOSTIC,42,280001,1,1050,8f0fdb37366b344d4100ebd83c4758a79a4c122c081af31a8b64fa4e48e2198f,PREDICTIONS_FROZEN,False
50,TARGET_ASSISTED_LABELLED_TARGET_DIAGNOSTIC,42,280001,1,1050,dd9346d3d396c675f0493726cc3fed49f8576014109a64d546cfd143d215ed90,PREDICTIONS_FROZEN,False
100,TARGET_ASSISTED_LABELLED_TARGET_DIAGNOSTIC,42,280001,1,1050,1ce9de729c0a2b984154e01d28439e7c6baa96e88e23780792747c5549a4ff81,PREDICTIONS_FROZEN,False
200,TARGET_ASSISTED_LABELLED_TARGET_DIAGNOSTIC,42,280001,1,1050,adeaa83f55edfe0fdd60566de8bac928aa6e2007c00c0905e635325e0aa8d47b,PREDICTIONS_FROZEN,False
500,TARGET_ASSISTED_LABELLED_TARGET_DIAGNOSTIC,42,280001,1,1050,35652601cdfe436ce03cf6fd35372f27c4131097afb6e43e9e4b1f4c2224c0d3,PREDICTIONS_FROZEN,False
7,TARGET_ASSISTED_LABELLED_TARGET_DIAGNOSTIC,42,305093,1,1050,b001d9e9637055688404478c20e766509454275d4ffd17cab1aa826ed0a05ac4,PREDICTIONS_FROZEN,False
10,TARGET_ASSISTED_LABELLED_TARGET_DIAGNOSTIC,42,305093,1,1050,78a7dccec49a81268f4f6c49075c0bd76b02cd77e0a65c7fca439bccac203b5e,PREDICTIONS_FROZEN,False
20,TARGET_ASSISTED_LABELLED_TARGET_DIAGNOSTIC,42,305093,1,1050,4811fedae3279e96fd6ea87642f402acb09fc4b87c4184b02f0f5787499d23be,PREDICTIONS_FROZEN,False
21,TARGET_ASSISTED_LABELLED_TARGET_DIAGNOSTIC,42,305093,1,1050,e0ef351b1afe804be9af4ed2bac28a59e9e8e120553ae5082d0eb965f10ab609,PREDICTIONS_FROZEN,False
35,TARGET_ASSISTED_LABELLED_TARGET_DIAGNOSTIC,42,305093,1,1050,58fd537d3579ac75891fb84ded4ae054da42ed497bc034dd57cff054430cbcf7,PREDICTIONS_FROZEN,False
50,TARGET_ASSISTED_LABELLED_TARGET_DIAGNOSTIC,42,305093,1,1050,1652a0a5fb276b1ff303737fd506de29991fbda3473038ead50673753cc9dbe8,PREDICTIONS_FROZEN,False
100,TARGET_ASSISTED_LABELLED_TARGET_DIAGNOSTIC,42,305093,1,1050,b6b5e92b0e6085b836655536166c3fb798f385ec584a094aecefbe80e31ff1da,PREDICTIONS_FROZEN,False
200,TARGET_ASSISTED_LABELLED_TARGET_DIAGNOSTIC,42,305093,1,1050,75677d1e067a6917cd4dc1559ad07abc47973c7b5fc45dc82888cc84857ff986,PREDICTIONS_FROZEN,False
500,TARGET_ASSISTED_LABELLED_TARGET_DIAGNOSTIC,42,305093,1,1050,c620cd3c8e1d96ea3a44b9e6a5da87f15d02d54342a28bbf9bda6bb1b67dd7d4,PREDICTIONS_FROZEN,False
7,TARGET_ASSISTED_LABELLED_TARGET_DIAGNOSTIC,42,330017,1,1050,d495cdd24565508909b66bb9674e59c20611cebce6cf7a8c10761b2e21743983,PREDICTIONS_FROZEN,False
10,TARGET_ASSISTED_LABELLED_TARGET_DIAGNOSTIC,42,330017,1,1050,41a9b8cb7ae7a59274db22bb811fea2b4f549044b17de926443890fa47f12b58,PREDICTIONS_FROZEN,False
20,TARGET_ASSISTED_LABELLED_TARGET_DIAGNOSTIC,42,330017,1,1050,a47fd659dc9b8d27a97f4dc0c9380783acc25c0d031669a5a2ce4e05f1c58151,PREDICTIONS_FROZEN,False
21,TARGET_ASSISTED_LABELLED_TARGET_DIAGNOSTIC,42,330017,1,1050,ada6c51344706d7eb87fb0c76684b020fd05bf925fa0eaab8bfe8ac2b88483a3,PREDICTIONS_FROZEN,False
35,TARGET_ASSISTED_LABELLED_TARGET_DIAGNOSTIC,42,330017,1,1050,660105760df89096d8975db87c72939a6379fd8e92e701d09ffd44cd093ba8d0,PREDICTIONS_FROZEN,False
50,TARGET_ASSISTED_LABELLED_TARGET_DIAGNOSTIC,42,330017,1,1050,d5507d2525aa4531fd8808cdbde548291c8a103a90989c3bb49e020a2915148f,PREDICTIONS_FROZEN,False
100,TARGET_ASSISTED_LABELLED_TARGET_DIAGNOSTIC,42,330017,1,1050,5b11e2e220844f85493c923a74d1c66c5d302c360724ef747996b6acb8960287,PREDICTIONS_FROZEN,False
200,TARGET_ASSISTED_LABELLED_TARGET_DIAGNOSTIC,42,330017,1,1050,cbafa22aa40376dc78620dfb6857bd0b52c3910dd4f691a0bae9b7880841b9ce,PREDICTIONS_FROZEN,False
500,TARGET_ASSISTED_LABELLED_TARGET_DIAGNOSTIC,42,330017,1,1050,4c5d17ffc8b6a126ef11dfff17d93bd9d3e7660eba4082b89fd3c905dcb266fa,PREDICTIONS_FROZEN,False
7,TARGET_ASSISTED_LABELLED_TARGET_DIAGNOSTIC,42,355031,1,1050,997aa8a24dc9370e315b0ab0be93ea2b3839fb915bb4ee614aa344250ad50b72,PREDICTIONS_FROZEN,False
10,TARGET_ASSISTED_LABELLED_TARGET_DIAGNOSTIC,42,355031,1,1050,10504d908288f0fa804aaf706a2fb800e2d5c287554d39f1d1033559d63ee6f7,PREDICTIONS_FROZEN,False
20,TARGET_ASSISTED_LABELLED_TARGET_DIAGNOSTIC,42,355031,1,1050,1098a88a0af2676442fb53a8620a00ffc8c17854f33c957009049b5966ae6dd1,PREDICTIONS_FROZEN,False
21,TARGET_ASSISTED_LABELLED_TARGET_DIAGNOSTIC,42,355031,1,1050,ae33cd159314baf80b9d9675693e1f7be918872f3f7dd53cbe0c878f7bd59897,PREDICTIONS_FROZEN,False
35,TARGET_ASSISTED_LABELLED_TARGET_DIAGNOSTIC,42,355031,1,1050,6af5dbed34d4d238ba7b3b9811a2ad281e0cd1433bc9498bd52e8cf9c98c9703,PREDICTIONS_FROZEN,False
50,TARGET_ASSISTED_LABELLED_TARGET_DIAGNOSTIC,42,355031,1,1050,3d075b17a249ede18ccdbb1d0969d9fb4de87a80e78256f95630c1a4e9c86f0a,PREDICTIONS_FROZEN,False
100,TARGET_ASSISTED_LABELLED_TARGET_DIAGNOSTIC,42,355031,1,1050,3e7aa1d03b98d69aac55f4a2e7a4e09d6de5f465670abf4f596d9c44af6477fa,PREDICTIONS_FROZEN,False
200,TARGET_ASSISTED_LABELLED_TARGET_DIAGNOSTIC,42,355031,1,1050,727d7bdfd60416a50b1661503e44bc003baf78f31db9588a0352e8de7c18f1b2,PREDICTIONS_FROZEN,False
500,TARGET_ASSISTED_LABELLED_TARGET_DIAGNOSTIC,42,355031,1,1050,8bde52fb053d243c207a0762539c1da52d656ca88e0c6ff07f462b7167ce130b,PREDICTIONS_FROZEN,False
7,TARGET_ASSISTED_LABELLED_TARGET_DIAGNOSTIC,42,380041,1,1050,4ffe49999301684a2c6d1701dd7ee8e021816a2264d820213e91fc65a3159d5e,PREDICTIONS_FROZEN,False
10,TARGET_ASSISTED_LABELLED_TARGET_DIAGNOSTIC,42,380041,1,1050,38a7f129ea18df30f4a64b1338d04d955f34c8c4bc5707d6fe7bf58a8d1ae815,PREDICTIONS_FROZEN,False
20,TARGET_ASSISTED_LABELLED_TARGET_DIAGNOSTIC,42,380041,1,1050,3571e0f997f8136786c84c62857a209c9b042a7f6edca539ab0db6a0a3b20c00,PREDICTIONS_FROZEN,False
21,TARGET_ASSISTED_LABELLED_TARGET_DIAGNOSTIC,42,380041,1,1050,4a878453ca720ea0c4f182229bd0359e4a58badcdbd9f77abeffa6b82a94bb45,PREDICTIONS_FROZEN,False
35,TARGET_ASSISTED_LABELLED_TARGET_DIAGNOSTIC,42,380041,1,1050,62d1ae7d22538f52498b63730dfb320506d787db20b22fc931787eebff2a4e9d,PREDICTIONS_FROZEN,False
50,TARGET_ASSISTED_LABELLED_TARGET_DIAGNOSTIC,42,380041,1,1050,da6ffe8803617bb3fbe7f23606ca1d13eb1c29579fef785afbbd8b7342498500,PREDICTIONS_FROZEN,False
100,TARGET_ASSISTED_LABELLED_TARGET_DIAGNOSTIC,42,380041,1,1050,4c5d17ffc8b6a126ef11dfff17d93bd9d3e7660eba4082b89fd3c905dcb266fa,PREDICTIONS_FROZEN,False
200,TARGET_ASSISTED_LABELLED_TARGET_DIAGNOSTIC,42,380041,1,1050,3d78b3af217a8581d5487d624655ac1d7c01ce219540a4cddaca30efca906940,PREDICTIONS_FROZEN,False
500,TARGET_ASSISTED_LABELLED_TARGET_DIAGNOSTIC,42,380041,1,1050,50e4a202e50a420bd565fd692db85f720f2642d637cb62d9f650e36d9b9d9504,PREDICTIONS_FROZEN,False
7,TARGET_ASSISTED_LABELLED_TARGET_DIAGNOSTIC,42,405019,1,1050,1419b24362dc7a29faab4b41a459b6829f27cd437c0381d8535b3c00a3e82cdf,PREDICTIONS_FROZEN,False
10,TARGET_ASSISTED_LABELLED_TARGET_DIAGNOSTIC,42,405019,1,1050,2af6ccfcf66ffc71554009c3f11a83ba1030ed458330043076993a67d8f5058a,PREDICTIONS_FROZEN,False
20,TARGET_ASSISTED_LABELLED_TARGET_DIAGNOSTIC,42,405019,1,1050,c976294ec74b7fb8eac5a0371bbe40d188c528073a3c95742479f916f415b7e0,PREDICTIONS_FROZEN,False
21,TARGET_ASSISTED_LABELLED_TARGET_DIAGNOSTIC,42,405019,1,1050,98fe509480be4c8cfe41f36fb944c7f9e48f4cd5687f130abe2c48aceeed003a,PREDICTIONS_FROZEN,False
35,TARGET_ASSISTED_LABELLED_TARGET_DIAGNOSTIC,42,405019,1,1050,dc145547cb1800e58789a08db2765207e92a390c9eee5118576d72f516415f56,PREDICTIONS_FROZEN,False
50,TARGET_ASSISTED_LABELLED_TARGET_DIAGNOSTIC,42,405019,1,1050,71a7fb191fd0b85d57c28922d7c6fb86e870ba3f4963353019ac73d9b066a87e,PREDICTIONS_FROZEN,False
100,TARGET_ASSISTED_LABELLED_TARGET_DIAGNOSTIC,42,405019,1,1050,c8aadba7a1545865a5876f1ef2dd06cc0a9c74736a8bd0f7e0f29bf66788b169,PREDICTIONS_FROZEN,False
200,TARGET_ASSISTED_LABELLED_TARGET_DIAGNOSTIC,42,405019,1,1050,11989450417ebff9a082ead6865cfa488b752d0acfbe10564951c820cc9af651,PREDICTIONS_FROZEN,False
500,TARGET_ASSISTED_LABELLED_TARGET_DIAGNOSTIC,42,405019,1,1050,50e4a202e50a420bd565fd692db85f720f2642d637cb62d9f650e36d9b9d9504,PREDICTIONS_FROZEN,False
7,TARGET_ASSISTED_LABELLED_TARGET_DIAGNOSTIC,42,430007,1,1050,997aa8a24dc9370e315b0ab0be93ea2b3839fb915bb4ee614aa344250ad50b72,PREDICTIONS_FROZEN,False
10,TARGET_ASSISTED_LABELLED_TARGET_DIAGNOSTIC,42,430007,1,1050,40db53f7326d75afb4cbfa36237fec8d87402d70dd28d1cbb4abd22d04e83471,PREDICTIONS_FROZEN,False
20,TARGET_ASSISTED_LABELLED_TARGET_DIAGNOSTIC,42,430007,1,1050,6f68813fac6e2f7cbccd0386efea92a7cb097a7cd0be28303506337a21dcbb01,PREDICTIONS_FROZEN,False
21,TARGET_ASSISTED_LABELLED_TARGET_DIAGNOSTIC,42,430007,1,1050,9e3411f8fde00701ef4372b0bd2d8b4549f04a5ecb9a7b8499bcf50fb63f68b6,PREDICTIONS_FROZEN,False
35,TARGET_ASSISTED_LABELLED_TARGET_DIAGNOSTIC,42,430007,1,1050,4bd8b60c32ec71768f2e1373c2b64d271311e66bba288e295d30488ff872034d,PREDICTIONS_FROZEN,False
50,TARGET_ASSISTED_LABELLED_TARGET_DIAGNOSTIC,42,430007,1,1050,eb40832919479a79f23d2d61c545f2bee8da67b8660f14d8cd3df4c7a5ba05be,PREDICTIONS_FROZEN,False
100,TARGET_ASSISTED_LABELLED_TARGET_DIAGNOSTIC,42,430007,1,1050,75f0dd9158eb07def656f9844d4e2dda240df501db5147e6fd97079e85b0bb7a,PREDICTIONS_FROZEN,False
200,TARGET_ASSISTED_LABELLED_TARGET_DIAGNOSTIC,42,430007,1,1050,2ea3d44a65e673f0eef56050bcf8aa17239ee59627c0bb2df57a5df21677c85b,PREDICTIONS_FROZEN,False
500,TARGET_ASSISTED_LABELLED_TARGET_DIAGNOSTIC,42,430007,1,1050,6c6cb8cefaa09e9f274c1826800247a60ce28981306e57c3a02f46e9e1d5d748,PREDICTIONS_FROZEN,False
7,TARGET_ASSISTED_LABELLED_TARGET_DIAGNOSTIC,42,455003,1,1050,1419b24362dc7a29faab4b41a459b6829f27cd437c0381d8535b3c00a3e82cdf,PREDICTIONS_FROZEN,False
10,TARGET_ASSISTED_LABELLED_TARGET_DIAGNOSTIC,42,455003,1,1050,e7c7ebb314b813121617f63bdcea7eaffe2d530a7e214f504043ce7a36ae6220,PREDICTIONS_FROZEN,False
20,TARGET_ASSISTED_LABELLED_TARGET_DIAGNOSTIC,42,455003,1,1050,a184c02071c769c10091b5289311e4e7292442c9a921e34623608436786193f1,PREDICTIONS_FROZEN,False
21,TARGET_ASSISTED_LABELLED_TARGET_DIAGNOSTIC,42,455003,1,1050,2998078d5ab89fb5032071a9a5a12d57c98e1b24a2c293c9bf29b875cc3ebca0,PREDICTIONS_FROZEN,False
35,TARGET_ASSISTED_LABELLED_TARGET_DIAGNOSTIC,42,455003,1,1050,9b5a8e3cbfc3c65b28e61169fd0789161da444434e84a9f42a62661a6211ffa4,PREDICTIONS_FROZEN,False
50,TARGET_ASSISTED_LABELLED_TARGET_DIAGNOSTIC,42,455003,1,1050,834331e423688697536952e4696127576e3ecb8b0541961581367d371cadd42a,PREDICTIONS_FROZEN,False
100,TARGET_ASSISTED_LABELLED_TARGET_DIAGNOSTIC,42,455003,1,1050,8bde52fb053d243c207a0762539c1da52d656ca88e0c6ff07f462b7167ce130b,PREDICTIONS_FROZEN,False
200,TARGET_ASSISTED_LABELLED_TARGET_DIAGNOSTIC,42,455003,1,1050,6ec9c6f1c109380007dcf548dd1640d85260e0473912e9ffd3700f3c30467c50,PREDICTIONS_FROZEN,False
500,TARGET_ASSISTED_LABELLED_TARGET_DIAGNOSTIC,42,455003,1,1050,8bde52fb053d243c207a0762539c1da52d656ca88e0c6ff07f462b7167ce130b,PREDICTIONS_FROZEN,False
7,TARGET_ASSISTED_LABELLED_TARGET_DIAGNOSTIC,42,480017,1,1050,d495cdd24565508909b66bb9674e59c20611cebce6cf7a8c10761b2e21743983,PREDICTIONS_FROZEN,False
10,TARGET_ASSISTED_LABELLED_TARGET_DIAGNOSTIC,42,480017,1,1050,11f0889e48a1bda1a2501cdafd1587e24fc61da9b62858fdb568d1346b73fbd6,PREDICTIONS_FROZEN,False
20,TARGET_ASSISTED_LABELLED_TARGET_DIAGNOSTIC,42,480017,1,1050,12476b5b39a9910e52e1aefba0bc29546f7b49f4f580d145269a4ae68e66541d,PREDICTIONS_FROZEN,False
21,TARGET_ASSISTED_LABELLED_TARGET_DIAGNOSTIC,42,480017,1,1050,2f87b4924cf4da9b74a6642474653b5b164ac2d5768391a6e9cf585f959aa302,PREDICTIONS_FROZEN,False
35,TARGET_ASSISTED_LABELLED_TARGET_DIAGNOSTIC,42,480017,1,1050,84bd783361cedc3905649e773a5a83a8d47685282a4171fd9a93920e2a613006,PREDICTIONS_FROZEN,False
50,TARGET_ASSISTED_LABELLED_TARGET_DIAGNOSTIC,42,480017,1,1050,e264a8ad28336b9aa304d599f3b41ff72f033364eb9e64c5e641dd1025941ad0,PREDICTIONS_FROZEN,False
100,TARGET_ASSISTED_LABELLED_TARGET_DIAGNOSTIC,42,480017,1,1050,0d0fcd582e0c7e21567ae8bc2bf8f33f0561b32e6459153ce4bddbe43b3e0844,PREDICTIONS_FROZEN,False
200,TARGET_ASSISTED_LABELLED_TARGET_DIAGNOSTIC,42,480017,1,1050,0d0fcd582e0c7e21567ae8bc2bf8f33f0561b32e6459153ce4bddbe43b3e0844,PREDICTIONS_FROZEN,False
500,TARGET_ASSISTED_LABELLED_TARGET_DIAGNOSTIC,42,480017,1,1050,cbafa22aa40376dc78620dfb6857bd0b52c3910dd4f691a0bae9b7880841b9ce,PREDICTIONS_FROZEN,False
7,TARGET_ASSISTED_LABELLED_TARGET_DIAGNOSTIC,42,505027,1,1050,40dc8a3ced990b673010aba91cdc7d72ff3917ec7ec118d26d092ac468c4fdd6,PREDICTIONS_FROZEN,False
10,TARGET_ASSISTED_LABELLED_TARGET_DIAGNOSTIC,42,505027,1,1050,3f5746f4acbb7cf1cce80aec8c45dcea8f1d796dcfafeb3d9ab743b1117c65cf,PREDICTIONS_FROZEN,False
20,TARGET_ASSISTED_LABELLED_TARGET_DIAGNOSTIC,42,505027,1,1050,a9f6fad47285ea2a5359d2b6c68ae8dcb628fb11aa6d1deba1295f80a5913e87,PREDICTIONS_FROZEN,False
21,TARGET_ASSISTED_LABELLED_TARGET_DIAGNOSTIC,42,505027,1,1050,0829b094956125dbb979f30df3019eacbff0b1fe7667de9ceb8e3267943110f4,PREDICTIONS_FROZEN,False
35,TARGET_ASSISTED_LABELLED_TARGET_DIAGNOSTIC,42,505027,1,1050,6af5dbed34d4d238ba7b3b9811a2ad281e0cd1433bc9498bd52e8cf9c98c9703,PREDICTIONS_FROZEN,False
50,TARGET_ASSISTED_LABELLED_TARGET_DIAGNOSTIC,42,505027,1,1050,ebf9d4609ae2bc6b03f84908f39c28f612023b1cda6e98e59e273d7c9efb7ac1,PREDICTIONS_FROZEN,False
100,TARGET_ASSISTED_LABELLED_TARGET_DIAGNOSTIC,42,505027,1,1050,cb22fcdd7fe1b94547b13954b018c847370eb9175fda2f1a0c7108a9b80a3971,PREDICTIONS_FROZEN,False
200,TARGET_ASSISTED_LABELLED_TARGET_DIAGNOSTIC,42,505027,1,1050,b442625a7c355b4eeac235df75d22715434815b830a1075f7d6eb66dd372cb4e,PREDICTIONS_FROZEN,False
500,TARGET_ASSISTED_LABELLED_TARGET_DIAGNOSTIC,42,505027,1,1050,50e4a202e50a420bd565fd692db85f720f2642d637cb62d9f650e36d9b9d9504,PREDICTIONS_FROZEN,False
7,TARGET_ASSISTED_LABELLED_TARGET_DIAGNOSTIC,42,530017,1,1050,015bf506f38477602208fa0e35e0d47e526c21bd600ed2c4765022587d2088eb,PREDICTIONS_FROZEN,False
10,TARGET_ASSISTED_LABELLED_TARGET_DIAGNOSTIC,42,530017,1,1050,a4a886933a3e945491971fc5c5270c1e4beebf26b29f1a1b3722df6de1ed7b83,PREDICTIONS_FROZEN,False
20,TARGET_ASSISTED_LABELLED_TARGET_DIAGNOSTIC,42,530017,1,1050,8d2412c3211aacdd6b6b2fa11fc08ea8df2fa8ea2e1bd8f9d7a43cab49a49d8a,PREDICTIONS_FROZEN,False
21,TARGET_ASSISTED_LABELLED_TARGET_DIAGNOSTIC,42,530017,1,1050,2998078d5ab89fb5032071a9a5a12d57c98e1b24a2c293c9bf29b875cc3ebca0,PREDICTIONS_FROZEN,False
35,TARGET_ASSISTED_LABELLED_TARGET_DIAGNOSTIC,42,530017,1,1050,038c0c506e3ffad3f51a02d09364144ff4d2f34c3cfa90a7a2f4012b44fa54d0,PREDICTIONS_FROZEN,False
50,TARGET_ASSISTED_LABELLED_TARGET_DIAGNOSTIC,42,530017,1,1050,9c435b03797c825d8c4d94c05a1a04d3c8051d488b6e075188975000d216592a,PREDICTIONS_FROZEN,False
100,TARGET_ASSISTED_LABELLED_TARGET_DIAGNOSTIC,42,530017,1,1050,32843ad89dad6ddd07a4fbaa7d9537b92563bb2aaab40e9405e5c8a2bf2b4c9a,PREDICTIONS_FROZEN,False
200,TARGET_ASSISTED_LABELLED_TARGET_DIAGNOSTIC,42,530017,1,1050,67afcb232f19cdb3b728f60bfc2096b8179f4f8cb7b1764cfb0d625d69aceb51,PREDICTIONS_FROZEN,False
500,TARGET_ASSISTED_LABELLED_TARGET_DIAGNOSTIC,42,530017,1,1050,7507af70a084e91a5375ae13022bb259bad82be141517bff3aab2b4eb0f4de18,PREDICTIONS_FROZEN,False
7,TARGET_ASSISTED_LABELLED_TARGET_DIAGNOSTIC,42,555029,1,1050,d9bc074a239bd11f11657fe1c0318bdddf5285a52a08736320794a1b72660611,PREDICTIONS_FROZEN,False
10,TARGET_ASSISTED_LABELLED_TARGET_DIAGNOSTIC,42,555029,1,1050,4510c5621b31542a3c4a7681da365f5c88083af900bf09ed45aee1ffbd39758f,PREDICTIONS_FROZEN,False
20,TARGET_ASSISTED_LABELLED_TARGET_DIAGNOSTIC,42,555029,1,1050,b15196caed3031b25044f177a725d8b8541d36b8b98bb7a474e2ee496eb1f577,PREDICTIONS_FROZEN,False
21,TARGET_ASSISTED_LABELLED_TARGET_DIAGNOSTIC,42,555029,1,1050,71f1d4b9d35d76b3bb8f8db6c9d9f8b95ea8c5b1cf2810ebc421c068efb1826e,PREDICTIONS_FROZEN,False
35,TARGET_ASSISTED_LABELLED_TARGET_DIAGNOSTIC,42,555029,1,1050,3513669cebf73bf16bfbf5af2fa2fc2b4108006ce3ec3ba9b2605c9245aa0059,PREDICTIONS_FROZEN,False
50,TARGET_ASSISTED_LABELLED_TARGET_DIAGNOSTIC,42,555029,1,1050,62409e2436bef8b8b850ad78bd29480f971313cdd7f4217ada2402281d4ac8a3,PREDICTIONS_FROZEN,False
100,TARGET_ASSISTED_LABELLED_TARGET_DIAGNOSTIC,42,555029,1,1050,d7a304d3ac62efe605e10a6d233142ac596f111070afef5f8fc08ffde1e508f3,PREDICTIONS_FROZEN,False
200,TARGET_ASSISTED_LABELLED_TARGET_DIAGNOSTIC,42,555029,1,1050,4d836adba3da1eaf7c1923fd161577980204455d8f2942d48c24f1aef67d4e47,PREDICTIONS_FROZEN,False
500,TARGET_ASSISTED_LABELLED_TARGET_DIAGNOSTIC,42,555029,1,1050,35605293f907ad9388f1a2f7894de592f07446a49e0d585b9fb60ace00fb4046,PREDICTIONS_FROZEN,False
7,TARGET_ASSISTED_LABELLED_TARGET_DIAGNOSTIC,42,580031,1,1050,4b6158a42ad868c3885ebf2ead86bc5f8241282ce86a81879cc7986b632c5182,PREDICTIONS_FROZEN,False
10,TARGET_ASSISTED_LABELLED_TARGET_DIAGNOSTIC,42,580031,1,1050,00fe18210b16deec8a1ea3ea2e634ba893fd4f9d8adaccb280abb66bb9bebceb,PREDICTIONS_FROZEN,False
20,TARGET_ASSISTED_LABELLED_TARGET_DIAGNOSTIC,42,580031,1,1050,7cd5c17e6f9a19c155d33fa41facb870ca67690608298530aaec649685ca9877,PREDICTIONS_FROZEN,False
21,TARGET_ASSISTED_LABELLED_TARGET_DIAGNOSTIC,42,580031,1,1050,80c43c6d47df92757e7c813b9e8b6dca9fc22f0bc28454e9db471ee1109db183,PREDICTIONS_FROZEN,False
35,TARGET_ASSISTED_LABELLED_TARGET_DIAGNOSTIC,42,580031,1,1050,70c286f3e77317ea593d9569878abd88f2c27e5e8d1295d448213e228fd368e6,PREDICTIONS_FROZEN,False
50,TARGET_ASSISTED_LABELLED_TARGET_DIAGNOSTIC,42,580031,1,1050,0772f58143adfff9f1ddad782896d4742b1a397f8acd01473fb9d31a58320b0d,PREDICTIONS_FROZEN,False
100,TARGET_ASSISTED_LABELLED_TARGET_DIAGNOSTIC,42,580031,1,1050,0cbdf7d64367259a7c3e6fcd2f7933a9207e10a3031a0b197c2f7e2483441eef,PREDICTIONS_FROZEN,False
200,TARGET_ASSISTED_LABELLED_TARGET_DIAGNOSTIC,42,580031,1,1050,fc1c775c41c620f830a32d7baa10b075b76066f9d492db304b124343ea3ca4af,PREDICTIONS_FROZEN,False
500,TARGET_ASSISTED_LABELLED_TARGET_DIAGNOSTIC,42,580031,1,1050,8e7fe5f25133a908f5b8e464b1d80f41efc6d8585d37825e57133f92187cfcdc,PREDICTIONS_FROZEN,False
0,STRICT_SOURCE_ONLY_DG,42,,2,1050,c5efcdda5d7d736b2b17ff59a7b979e2e861026f02fe289529b67c0f216f2be3,PREDICTIONS_FROZEN,False
7,TARGET_ASSISTED_LABELLED_TARGET_DIAGNOSTIC,42,104729,2,1050,48c38c2ff00b36fea6e066419b070fa666c40d727824cfb79b3d5ee9f9bef70b,PREDICTIONS_FROZEN,False
10,TARGET_ASSISTED_LABELLED_TARGET_DIAGNOSTIC,42,104729,2,1050,cb2132ff9d3e075370c323a296634a7647461208c6eebe294f5982d51aaf5cde,PREDICTIONS_FROZEN,False
20,TARGET_ASSISTED_LABELLED_TARGET_DIAGNOSTIC,42,104729,2,1050,8f3be2ed141a36d043577a42d3173002323fd91d9ea456673028090ed0dc0a55,PREDICTIONS_FROZEN,False
21,TARGET_ASSISTED_LABELLED_TARGET_DIAGNOSTIC,42,104729,2,1050,025668b9f4f924906e61e8d86ce21fb89ddc5da65aff5534fa0e84ae389f7f3a,PREDICTIONS_FROZEN,False
35,TARGET_ASSISTED_LABELLED_TARGET_DIAGNOSTIC,42,104729,2,1050,cde8d923c227ed92255f90fb94b43b33db7b1140ce6f82caf1bfbbb569cefc76,PREDICTIONS_FROZEN,False
50,TARGET_ASSISTED_LABELLED_TARGET_DIAGNOSTIC,42,104729,2,1050,124edb66a1030605d85508c9fa469a88ca7d8de0caeb6426a7cb6560421fe83b,PREDICTIONS_FROZEN,False
100,TARGET_ASSISTED_LABELLED_TARGET_DIAGNOSTIC,42,104729,2,1050,b18a3d5dc97e1019dfd40cad6f1d65a9e110088ff2dac165a729b7c697e76fa1,PREDICTIONS_FROZEN,False
200,TARGET_ASSISTED_LABELLED_TARGET_DIAGNOSTIC,42,104729,2,1050,f48c3a618ca4e28f0d30c96a06830bfa3fa78534cd672eb86539cc519c18b7da,PREDICTIONS_FROZEN,False
500,TARGET_ASSISTED_LABELLED_TARGET_DIAGNOSTIC,42,104729,2,1050,80c04765af71bcf11a76fb60c50d92351846e0c7b1ec7f687bd7a314cf9a8273,PREDICTIONS_FROZEN,False
7,TARGET_ASSISTED_LABELLED_TARGET_DIAGNOSTIC,42,130363,2,1050,4e0531823a1744b960fba0c53adb49bae29204edea20997ec4afe50aba9635c7,PREDICTIONS_FROZEN,False
10,TARGET_ASSISTED_LABELLED_TARGET_DIAGNOSTIC,42,130363,2,1050,d5ca43d1886297b978bdf4069c4302208a20984429dd6c896fa60c811b24f41a,PREDICTIONS_FROZEN,False
20,TARGET_ASSISTED_LABELLED_TARGET_DIAGNOSTIC,42,130363,2,1050,2fe9242d8dec71caf698ba8c152f9166e3158aa37997a0d28981e9dd9f4deec9,PREDICTIONS_FROZEN,False
21,TARGET_ASSISTED_LABELLED_TARGET_DIAGNOSTIC,42,130363,2,1050,2ac0ffbaee1b86284df9ff29fe0bf4c7cbd0c7e1380539cbb305c81862404249,PREDICTIONS_FROZEN,False
35,TARGET_ASSISTED_LABELLED_TARGET_DIAGNOSTIC,42,130363,2,1050,ebb624516210c402836d2ae2d826ba618a04289c79b424176be922188be92b7a,PREDICTIONS_FROZEN,False
50,TARGET_ASSISTED_LABELLED_TARGET_DIAGNOSTIC,42,130363,2,1050,d26b02dcda1b12015450de2219b7c8da6416300d298aafb14da11965eff70281,PREDICTIONS_FROZEN,False
100,TARGET_ASSISTED_LABELLED_TARGET_DIAGNOSTIC,42,130363,2,1050,9fdf9fb448530f63dec2ca38de466a09ad11fad4531bc9a11808fc0a737efaf6,PREDICTIONS_FROZEN,False
200,TARGET_ASSISTED_LABELLED_TARGET_DIAGNOSTIC,42,130363,2,1050,f55a5fd9ea7b0e2765d747dc89007f92e885181ed5da2582d83e7de460c535b5,PREDICTIONS_FROZEN,False
500,TARGET_ASSISTED_LABELLED_TARGET_DIAGNOSTIC,42,130363,2,1050,6a294d42efcbed310179ad0694ed28add4a236e7429b6f2dbfc6831427f0ece6,PREDICTIONS_FROZEN,False
7,TARGET_ASSISTED_LABELLED_TARGET_DIAGNOSTIC,42,155921,2,1050,1bc7ab91be57b3cefdb1a511357c60b852544bcbcd16a2adb28738998319124e,PREDICTIONS_FROZEN,False
10,TARGET_ASSISTED_LABELLED_TARGET_DIAGNOSTIC,42,155921,2,1050,c021d616b5d3ef26c59c4306256368a756db6c0eaa8d0d5bd8d03cc3f060d3d6,PREDICTIONS_FROZEN,False
20,TARGET_ASSISTED_LABELLED_TARGET_DIAGNOSTIC,42,155921,2,1050,e81ce14ecd8a09758d3e1786fb530e36b864459dfccb1f12ef97575193e008e0,PREDICTIONS_FROZEN,False
21,TARGET_ASSISTED_LABELLED_TARGET_DIAGNOSTIC,42,155921,2,1050,fb648ef1cd594650b43f4887044c86caa1d19eb34fe5005c6b21f2c43ff69f23,PREDICTIONS_FROZEN,False
35,TARGET_ASSISTED_LABELLED_TARGET_DIAGNOSTIC,42,155921,2,1050,04f7a15b8c49a7f95d9521937a7b30cd0c1a5a8e6ba5c1b429863f836e0e07c5,PREDICTIONS_FROZEN,False
50,TARGET_ASSISTED_LABELLED_TARGET_DIAGNOSTIC,42,155921,2,1050,29e755ba1447fcae349e5662f47540077a9c2bb0eb042b54520d08746a7e2e3c,PREDICTIONS_FROZEN,False
100,TARGET_ASSISTED_LABELLED_TARGET_DIAGNOSTIC,42,155921,2,1050,77f2fc7de6ab9ce8d9f682b9c25f082582c89aaa958a7e63e9eb45de2654ff58,PREDICTIONS_FROZEN,False
200,TARGET_ASSISTED_LABELLED_TARGET_DIAGNOSTIC,42,155921,2,1050,bc105945d039ed4d553ab02ad6661f386c0a4020888835b78f348e435a6871ce,PREDICTIONS_FROZEN,False
500,TARGET_ASSISTED_LABELLED_TARGET_DIAGNOSTIC,42,155921,2,1050,8b987c47b26d3413ce0de21a0b55df7a87b07ad96a87d045ae3dd205fb4776e1,PREDICTIONS_FROZEN,False
7,TARGET_ASSISTED_LABELLED_TARGET_DIAGNOSTIC,42,181081,2,1050,7176499d4891085cb10cede0183617647a71df5905494236da2052123bd27305,PREDICTIONS_FROZEN,False
10,TARGET_ASSISTED_LABELLED_TARGET_DIAGNOSTIC,42,181081,2,1050,2c932e7b215386be7151d1e872bca3d3c6aa93097404fabca391e1aa9bb63f70,PREDICTIONS_FROZEN,False
20,TARGET_ASSISTED_LABELLED_TARGET_DIAGNOSTIC,42,181081,2,1050,dae835a4befd79dbd0da9b3e8f3e4959de03f8aad9c33935c936684814363887,PREDICTIONS_FROZEN,False
21,TARGET_ASSISTED_LABELLED_TARGET_DIAGNOSTIC,42,181081,2,1050,4e09b8044e958b12858fb1f75a251a5ab47b029d66b982921839ac6e591db72e,PREDICTIONS_FROZEN,False
35,TARGET_ASSISTED_LABELLED_TARGET_DIAGNOSTIC,42,181081,2,1050,7d37127409480ce6c11c019d1760685d01046950130f0539e98871ab92c065b2,PREDICTIONS_FROZEN,False
50,TARGET_ASSISTED_LABELLED_TARGET_DIAGNOSTIC,42,181081,2,1050,665de2f12e1eee557f915368310e7ffd043deae0699fbf784210e8f1990fb4c5,PREDICTIONS_FROZEN,False
100,TARGET_ASSISTED_LABELLED_TARGET_DIAGNOSTIC,42,181081,2,1050,574393a29282a79188010cf76c9e552d6e8f5a0b3bdc986a6cfd75631baec9d4,PREDICTIONS_FROZEN,False
200,TARGET_ASSISTED_LABELLED_TARGET_DIAGNOSTIC,42,181081,2,1050,99cefecff651348cf96dc58aca9481be28ce60ca8f25d04f22e9a10f4eb6e7bb,PREDICTIONS_FROZEN,False
500,TARGET_ASSISTED_LABELLED_TARGET_DIAGNOSTIC,42,181081,2,1050,bc105945d039ed4d553ab02ad6661f386c0a4020888835b78f348e435a6871ce,PREDICTIONS_FROZEN,False
7,TARGET_ASSISTED_LABELLED_TARGET_DIAGNOSTIC,42,205439,2,1050,afed3c8f66c821a5c1804a6a36b8a227715de3368a3a5dbc00b4f1c5a734ff38,PREDICTIONS_FROZEN,False
10,TARGET_ASSISTED_LABELLED_TARGET_DIAGNOSTIC,42,205439,2,1050,0978f0fc3aad90d2b0ece5da1518ede6da3707d6d4772108dc89d3d5ed0b1b24,PREDICTIONS_FROZEN,False
20,TARGET_ASSISTED_LABELLED_TARGET_DIAGNOSTIC,42,205439,2,1050,6e7b7e5280c075f82b90935f64d3283069456bd1dc7b1f324bd6fc89ab9cbf34,PREDICTIONS_FROZEN,False
21,TARGET_ASSISTED_LABELLED_TARGET_DIAGNOSTIC,42,205439,2,1050,9ec01dd1f02f74668de95da39f600fb21cf9c519cfd85f047b5037222035f39a,PREDICTIONS_FROZEN,False
35,TARGET_ASSISTED_LABELLED_TARGET_DIAGNOSTIC,42,205439,2,1050,6e6a090e24df1f8547963f29e047377bfe9b4afab53d2e4efb60f6db47a449dc,PREDICTIONS_FROZEN,False
50,TARGET_ASSISTED_LABELLED_TARGET_DIAGNOSTIC,42,205439,2,1050,ff2062935eba77cffd486fe185ba82802db06ae26e222c128a9da526d026ed5b,PREDICTIONS_FROZEN,False
100,TARGET_ASSISTED_LABELLED_TARGET_DIAGNOSTIC,42,205439,2,1050,17dd1573ca5bb211f3fd2cb2edd0cead0e4f21543272b030861c9b5ab5e4e0a0,PREDICTIONS_FROZEN,False
200,TARGET_ASSISTED_LABELLED_TARGET_DIAGNOSTIC,42,205439,2,1050,f48c3a618ca4e28f0d30c96a06830bfa3fa78534cd672eb86539cc519c18b7da,PREDICTIONS_FROZEN,False
500,TARGET_ASSISTED_LABELLED_TARGET_DIAGNOSTIC,42,205439,2,1050,43e5634c7affa3a6dfe5b77892ab7376d505f7cd556c688dbde1c454e0750392,PREDICTIONS_FROZEN,False
7,TARGET_ASSISTED_LABELLED_TARGET_DIAGNOSTIC,42,230003,2,1050,ebb06b07714869512b701b276f352da6697b22f7ff6d5b2380a7838f250f37f2,PREDICTIONS_FROZEN,False
10,TARGET_ASSISTED_LABELLED_TARGET_DIAGNOSTIC,42,230003,2,1050,15d701e26c68a004bda11b3a5229e17d33d2d491ffcc5b964859aa9ee2457ddd,PREDICTIONS_FROZEN,False
20,TARGET_ASSISTED_LABELLED_TARGET_DIAGNOSTIC,42,230003,2,1050,988476d109767d4c2604987ed25e26116b030263d642783e3f898ea2febc60ab,PREDICTIONS_FROZEN,False
21,TARGET_ASSISTED_LABELLED_TARGET_DIAGNOSTIC,42,230003,2,1050,b61342c3dab9c73858726921eec67a60c20632874a812d7a90cbf33e3688b80d,PREDICTIONS_FROZEN,False
35,TARGET_ASSISTED_LABELLED_TARGET_DIAGNOSTIC,42,230003,2,1050,7319f1c26c9463835b9bab50d03a15db573d7c8a3e5750582a697b0ad191f783,PREDICTIONS_FROZEN,False
50,TARGET_ASSISTED_LABELLED_TARGET_DIAGNOSTIC,42,230003,2,1050,222c6b8d4bbe486c8410965844bdfd2a70887228937c198123aba3d622e4e7c3,PREDICTIONS_FROZEN,False
100,TARGET_ASSISTED_LABELLED_TARGET_DIAGNOSTIC,42,230003,2,1050,dac390b10e3246c919fb7bc6c95220bf932db31c181bc6635223acfefa4af0f9,PREDICTIONS_FROZEN,False
200,TARGET_ASSISTED_LABELLED_TARGET_DIAGNOSTIC,42,230003,2,1050,f48c3a618ca4e28f0d30c96a06830bfa3fa78534cd672eb86539cc519c18b7da,PREDICTIONS_FROZEN,False
500,TARGET_ASSISTED_LABELLED_TARGET_DIAGNOSTIC,42,230003,2,1050,6fd74ec9a19dc3a7af646776300b4b21ce8684cbd4e8fc670c0f1a3677b82c0d,PREDICTIONS_FROZEN,False
7,TARGET_ASSISTED_LABELLED_TARGET_DIAGNOSTIC,42,254959,2,1050,3786cf5d52734edb3f4dd6531c848e09b0f27021fa34319a0688a1f4bf229bc7,PREDICTIONS_FROZEN,False
10,TARGET_ASSISTED_LABELLED_TARGET_DIAGNOSTIC,42,254959,2,1050,e49d6e1b13991ca10de384ccdeb768fcb8253c87dc8ee3b1150f4f2e66e9d691,PREDICTIONS_FROZEN,False
20,TARGET_ASSISTED_LABELLED_TARGET_DIAGNOSTIC,42,254959,2,1050,dcad32b616fe24afb7b9f64f43946909eda453b03e2885f388542fdbdc3034f1,PREDICTIONS_FROZEN,False
21,TARGET_ASSISTED_LABELLED_TARGET_DIAGNOSTIC,42,254959,2,1050,afdb4f2536af353d5df619d791fd76194788c17fe671431f8049ef49277f2fe3,PREDICTIONS_FROZEN,False
35,TARGET_ASSISTED_LABELLED_TARGET_DIAGNOSTIC,42,254959,2,1050,cde8d923c227ed92255f90fb94b43b33db7b1140ce6f82caf1bfbbb569cefc76,PREDICTIONS_FROZEN,False
50,TARGET_ASSISTED_LABELLED_TARGET_DIAGNOSTIC,42,254959,2,1050,bc105945d039ed4d553ab02ad6661f386c0a4020888835b78f348e435a6871ce,PREDICTIONS_FROZEN,False
100,TARGET_ASSISTED_LABELLED_TARGET_DIAGNOSTIC,42,254959,2,1050,bc105945d039ed4d553ab02ad6661f386c0a4020888835b78f348e435a6871ce,PREDICTIONS_FROZEN,False
200,TARGET_ASSISTED_LABELLED_TARGET_DIAGNOSTIC,42,254959,2,1050,bc105945d039ed4d553ab02ad6661f386c0a4020888835b78f348e435a6871ce,PREDICTIONS_FROZEN,False
500,TARGET_ASSISTED_LABELLED_TARGET_DIAGNOSTIC,42,254959,2,1050,43e5634c7affa3a6dfe5b77892ab7376d505f7cd556c688dbde1c454e0750392,PREDICTIONS_FROZEN,False
7,TARGET_ASSISTED_LABELLED_TARGET_DIAGNOSTIC,42,280001,2,1050,7176499d4891085cb10cede0183617647a71df5905494236da2052123bd27305,PREDICTIONS_FROZEN,False
10,TARGET_ASSISTED_LABELLED_TARGET_DIAGNOSTIC,42,280001,2,1050,bfd72fdc3b8575fc81724e01978c16369879cf765dcb208538216ef2bf527a09,PREDICTIONS_FROZEN,False
20,TARGET_ASSISTED_LABELLED_TARGET_DIAGNOSTIC,42,280001,2,1050,21cf42ff3b9410694977a65db7005edd086cd4e56ad4730f6f735b678b77c7d8,PREDICTIONS_FROZEN,False
21,TARGET_ASSISTED_LABELLED_TARGET_DIAGNOSTIC,42,280001,2,1050,46dffb57cf5ba0d9613b720f59d1b5ea09ca5a2a3fd2ddf6dd4885838b5768b6,PREDICTIONS_FROZEN,False
35,TARGET_ASSISTED_LABELLED_TARGET_DIAGNOSTIC,42,280001,2,1050,7319f1c26c9463835b9bab50d03a15db573d7c8a3e5750582a697b0ad191f783,PREDICTIONS_FROZEN,False
50,TARGET_ASSISTED_LABELLED_TARGET_DIAGNOSTIC,42,280001,2,1050,cff265fdd790cc275c55f55d468743a1bd04fb4be04ef30367dd3f69f2dfb97c,PREDICTIONS_FROZEN,False
100,TARGET_ASSISTED_LABELLED_TARGET_DIAGNOSTIC,42,280001,2,1050,a4df5519a8587ee49be2b603d91059c2c50f4a5c21638e2d5191cfcd985c5e9f,PREDICTIONS_FROZEN,False
200,TARGET_ASSISTED_LABELLED_TARGET_DIAGNOSTIC,42,280001,2,1050,51433a233f293f81116c1fda510ea0eae4095279c9e0ddee9308d5b355206b03,PREDICTIONS_FROZEN,False
500,TARGET_ASSISTED_LABELLED_TARGET_DIAGNOSTIC,42,280001,2,1050,e37a76b13e2b2ee33e7948ad1563cbff826e04cc750c187405c06038084fc8bc,PREDICTIONS_FROZEN,False
7,TARGET_ASSISTED_LABELLED_TARGET_DIAGNOSTIC,42,305093,2,1050,4e0531823a1744b960fba0c53adb49bae29204edea20997ec4afe50aba9635c7,PREDICTIONS_FROZEN,False
10,TARGET_ASSISTED_LABELLED_TARGET_DIAGNOSTIC,42,305093,2,1050,4432cbd42e695816397324c5770ade7f477fdb46b30b53add41833981db3476b,PREDICTIONS_FROZEN,False
20,TARGET_ASSISTED_LABELLED_TARGET_DIAGNOSTIC,42,305093,2,1050,d259da5d836e1c18f55b624dd12156e62a454bb6739861ce02cb297d1600bbd9,PREDICTIONS_FROZEN,False
21,TARGET_ASSISTED_LABELLED_TARGET_DIAGNOSTIC,42,305093,2,1050,9386ab5e96129b4b067361251fbb362b5e66fcd3ba62d365fbff5e3947ce0073,PREDICTIONS_FROZEN,False
35,TARGET_ASSISTED_LABELLED_TARGET_DIAGNOSTIC,42,305093,2,1050,cde8d923c227ed92255f90fb94b43b33db7b1140ce6f82caf1bfbbb569cefc76,PREDICTIONS_FROZEN,False
50,TARGET_ASSISTED_LABELLED_TARGET_DIAGNOSTIC,42,305093,2,1050,0b02137268879c611837f2ee6af0868a3b49eadacf4a82450adab9f590772412,PREDICTIONS_FROZEN,False
100,TARGET_ASSISTED_LABELLED_TARGET_DIAGNOSTIC,42,305093,2,1050,eb20a392611b4763588a9c6cae61b606c7e21fba81fb4fc8ab619e602dc3b2c8,PREDICTIONS_FROZEN,False
200,TARGET_ASSISTED_LABELLED_TARGET_DIAGNOSTIC,42,305093,2,1050,6a294d42efcbed310179ad0694ed28add4a236e7429b6f2dbfc6831427f0ece6,PREDICTIONS_FROZEN,False
500,TARGET_ASSISTED_LABELLED_TARGET_DIAGNOSTIC,42,305093,2,1050,6a294d42efcbed310179ad0694ed28add4a236e7429b6f2dbfc6831427f0ece6,PREDICTIONS_FROZEN,False
7,TARGET_ASSISTED_LABELLED_TARGET_DIAGNOSTIC,42,330017,2,1050,3786cf5d52734edb3f4dd6531c848e09b0f27021fa34319a0688a1f4bf229bc7,PREDICTIONS_FROZEN,False
10,TARGET_ASSISTED_LABELLED_TARGET_DIAGNOSTIC,42,330017,2,1050,d02591f3bd1c097f2e795af528685383a42a2dfa105331d34f5fe141662beb07,PREDICTIONS_FROZEN,False
20,TARGET_ASSISTED_LABELLED_TARGET_DIAGNOSTIC,42,330017,2,1050,78ffb97ffe98368d8a93d6ed4ad5126c61209ab23713c3404703f6c5dac78a5e,PREDICTIONS_FROZEN,False
21,TARGET_ASSISTED_LABELLED_TARGET_DIAGNOSTIC,42,330017,2,1050,7ce62dc077916b8bbf3c9afc8af8e6d7627eb6987c45fd7f62ee60c8f281a6b9,PREDICTIONS_FROZEN,False
35,TARGET_ASSISTED_LABELLED_TARGET_DIAGNOSTIC,42,330017,2,1050,a016d3442f9886eee1a56e1d376ec17fcbb4eec15dae8a1f5d658f0073baf0a9,PREDICTIONS_FROZEN,False
50,TARGET_ASSISTED_LABELLED_TARGET_DIAGNOSTIC,42,330017,2,1050,29a09caf467cdbfa952f6db9a7000a85d075735b6e0f3b8b6a5dc98f2b3ffb8e,PREDICTIONS_FROZEN,False
100,TARGET_ASSISTED_LABELLED_TARGET_DIAGNOSTIC,42,330017,2,1050,1b55e104e85aee8103d2a392ab469c38306aff7415549f7d7ad3360173ed34d5,PREDICTIONS_FROZEN,False
200,TARGET_ASSISTED_LABELLED_TARGET_DIAGNOSTIC,42,330017,2,1050,43e5634c7affa3a6dfe5b77892ab7376d505f7cd556c688dbde1c454e0750392,PREDICTIONS_FROZEN,False
500,TARGET_ASSISTED_LABELLED_TARGET_DIAGNOSTIC,42,330017,2,1050,43e5634c7affa3a6dfe5b77892ab7376d505f7cd556c688dbde1c454e0750392,PREDICTIONS_FROZEN,False
7,TARGET_ASSISTED_LABELLED_TARGET_DIAGNOSTIC,42,355031,2,1050,3786cf5d52734edb3f4dd6531c848e09b0f27021fa34319a0688a1f4bf229bc7,PREDICTIONS_FROZEN,False
10,TARGET_ASSISTED_LABELLED_TARGET_DIAGNOSTIC,42,355031,2,1050,49ed5cd46d35728bbce1b9f7123840819f706fa53b494c74e7da65e5be4bdcdf,PREDICTIONS_FROZEN,False
20,TARGET_ASSISTED_LABELLED_TARGET_DIAGNOSTIC,42,355031,2,1050,aa39d06638846b3c5eff8c5efa33eae52922ecee4a13368515b556675fa74554,PREDICTIONS_FROZEN,False
21,TARGET_ASSISTED_LABELLED_TARGET_DIAGNOSTIC,42,355031,2,1050,621cb1095748930e2424620cc5d87294b98577ed9aea4c82bc13631026a42682,PREDICTIONS_FROZEN,False
35,TARGET_ASSISTED_LABELLED_TARGET_DIAGNOSTIC,42,355031,2,1050,ebb624516210c402836d2ae2d826ba618a04289c79b424176be922188be92b7a,PREDICTIONS_FROZEN,False
50,TARGET_ASSISTED_LABELLED_TARGET_DIAGNOSTIC,42,355031,2,1050,9e7776c4d3e5c9a26b31f8a5a450e72815d522add22be59a7d4e87e04699169e,PREDICTIONS_FROZEN,False
100,TARGET_ASSISTED_LABELLED_TARGET_DIAGNOSTIC,42,355031,2,1050,a4df5519a8587ee49be2b603d91059c2c50f4a5c21638e2d5191cfcd985c5e9f,PREDICTIONS_FROZEN,False
200,TARGET_ASSISTED_LABELLED_TARGET_DIAGNOSTIC,42,355031,2,1050,6a294d42efcbed310179ad0694ed28add4a236e7429b6f2dbfc6831427f0ece6,PREDICTIONS_FROZEN,False
500,TARGET_ASSISTED_LABELLED_TARGET_DIAGNOSTIC,42,355031,2,1050,e37a76b13e2b2ee33e7948ad1563cbff826e04cc750c187405c06038084fc8bc,PREDICTIONS_FROZEN,False
7,TARGET_ASSISTED_LABELLED_TARGET_DIAGNOSTIC,42,380041,2,1050,3786cf5d52734edb3f4dd6531c848e09b0f27021fa34319a0688a1f4bf229bc7,PREDICTIONS_FROZEN,False
10,TARGET_ASSISTED_LABELLED_TARGET_DIAGNOSTIC,42,380041,2,1050,228fc744b37ad136e33d88eadb2a7254b8b64bede2ae49942921c2464c145d9a,PREDICTIONS_FROZEN,False
20,TARGET_ASSISTED_LABELLED_TARGET_DIAGNOSTIC,42,380041,2,1050,db7b4a8957a31871f53c5eafc38863e751aa83f7f5914aedf3370ed52366faf2,PREDICTIONS_FROZEN,False
21,TARGET_ASSISTED_LABELLED_TARGET_DIAGNOSTIC,42,380041,2,1050,c8e6ee23139c6f26545b85f17613da84496d5ed349821e8c5997ec77d023f64d,PREDICTIONS_FROZEN,False
35,TARGET_ASSISTED_LABELLED_TARGET_DIAGNOSTIC,42,380041,2,1050,896702aa29538966b670b44a08cc577d7441bb85e84b49786c933821688b1bd3,PREDICTIONS_FROZEN,False
50,TARGET_ASSISTED_LABELLED_TARGET_DIAGNOSTIC,42,380041,2,1050,3eb3be49d58a54e948900358190bb0f5e25a377731ed24899be900bd3033fe07,PREDICTIONS_FROZEN,False
100,TARGET_ASSISTED_LABELLED_TARGET_DIAGNOSTIC,42,380041,2,1050,cd14996ad605ad0091e27db29ad4179afb0bf93f6a98e20b932c731c6631fc71,PREDICTIONS_FROZEN,False
200,TARGET_ASSISTED_LABELLED_TARGET_DIAGNOSTIC,42,380041,2,1050,e37a76b13e2b2ee33e7948ad1563cbff826e04cc750c187405c06038084fc8bc,PREDICTIONS_FROZEN,False
500,TARGET_ASSISTED_LABELLED_TARGET_DIAGNOSTIC,42,380041,2,1050,43e5634c7affa3a6dfe5b77892ab7376d505f7cd556c688dbde1c454e0750392,PREDICTIONS_FROZEN,False
7,TARGET_ASSISTED_LABELLED_TARGET_DIAGNOSTIC,42,405019,2,1050,4fac6cf4e58017b1f07719102d8b41ce3d2e751365c4be3081136b06e7537a52,PREDICTIONS_FROZEN,False
10,TARGET_ASSISTED_LABELLED_TARGET_DIAGNOSTIC,42,405019,2,1050,fd455a685fed296f59cdea7a6a0efb00ee4084a27428203f7363572ba460cea9,PREDICTIONS_FROZEN,False
20,TARGET_ASSISTED_LABELLED_TARGET_DIAGNOSTIC,42,405019,2,1050,1231fdbe9d1597e9ea3dd378cb41b1e8b7385ba883668b75f9663b03683ec8d7,PREDICTIONS_FROZEN,False
21,TARGET_ASSISTED_LABELLED_TARGET_DIAGNOSTIC,42,405019,2,1050,df2de91d8b9d7c0526a7dc288964388077a898f23ef6873ae318ea3974d0c2d0,PREDICTIONS_FROZEN,False
35,TARGET_ASSISTED_LABELLED_TARGET_DIAGNOSTIC,42,405019,2,1050,cde8d923c227ed92255f90fb94b43b33db7b1140ce6f82caf1bfbbb569cefc76,PREDICTIONS_FROZEN,False
50,TARGET_ASSISTED_LABELLED_TARGET_DIAGNOSTIC,42,405019,2,1050,b9e9d1e13668f79df65bdc0c90c15a3c9c1094d97b81321ac0d5809c3494d923,PREDICTIONS_FROZEN,False
100,TARGET_ASSISTED_LABELLED_TARGET_DIAGNOSTIC,42,405019,2,1050,c51817b12f24e7f01278fd4839dd9032583e0726e9e9a699335d0b39a7674700,PREDICTIONS_FROZEN,False
200,TARGET_ASSISTED_LABELLED_TARGET_DIAGNOSTIC,42,405019,2,1050,ff1c389f68a4c8b53cc5b3b099013351cfa2a3034589ece5223b90427edc1a84,PREDICTIONS_FROZEN,False
500,TARGET_ASSISTED_LABELLED_TARGET_DIAGNOSTIC,42,405019,2,1050,6a294d42efcbed310179ad0694ed28add4a236e7429b6f2dbfc6831427f0ece6,PREDICTIONS_FROZEN,False
7,TARGET_ASSISTED_LABELLED_TARGET_DIAGNOSTIC,42,430007,2,1050,458c5abf8a8fe9e0591c690a6faca07e846f137dec38229fb7ade7b096be1519,PREDICTIONS_FROZEN,False
10,TARGET_ASSISTED_LABELLED_TARGET_DIAGNOSTIC,42,430007,2,1050,f4e3828995f79948201248977e14320b6867ab63fadd6d832403354078500175,PREDICTIONS_FROZEN,False
20,TARGET_ASSISTED_LABELLED_TARGET_DIAGNOSTIC,42,430007,2,1050,89c77a0fbc4327b47180d35a9e81b1172541853d167fa173d89936e6dbb1c614,PREDICTIONS_FROZEN,False
21,TARGET_ASSISTED_LABELLED_TARGET_DIAGNOSTIC,42,430007,2,1050,1cf520a0a7dc0b6399fdc97c117818d2c2da31c5852578a9cadfc6123dc65b0a,PREDICTIONS_FROZEN,False
35,TARGET_ASSISTED_LABELLED_TARGET_DIAGNOSTIC,42,430007,2,1050,cde8d923c227ed92255f90fb94b43b33db7b1140ce6f82caf1bfbbb569cefc76,PREDICTIONS_FROZEN,False
50,TARGET_ASSISTED_LABELLED_TARGET_DIAGNOSTIC,42,430007,2,1050,bc105945d039ed4d553ab02ad6661f386c0a4020888835b78f348e435a6871ce,PREDICTIONS_FROZEN,False
100,TARGET_ASSISTED_LABELLED_TARGET_DIAGNOSTIC,42,430007,2,1050,8b987c47b26d3413ce0de21a0b55df7a87b07ad96a87d045ae3dd205fb4776e1,PREDICTIONS_FROZEN,False
200,TARGET_ASSISTED_LABELLED_TARGET_DIAGNOSTIC,42,430007,2,1050,43e5634c7affa3a6dfe5b77892ab7376d505f7cd556c688dbde1c454e0750392,PREDICTIONS_FROZEN,False
500,TARGET_ASSISTED_LABELLED_TARGET_DIAGNOSTIC,42,430007,2,1050,99cefecff651348cf96dc58aca9481be28ce60ca8f25d04f22e9a10f4eb6e7bb,PREDICTIONS_FROZEN,False
7,TARGET_ASSISTED_LABELLED_TARGET_DIAGNOSTIC,42,455003,2,1050,e144e9aa76435ac0e94a193cebd1a3003bc7f48cce52451834a61e6a402e20fd,PREDICTIONS_FROZEN,False
10,TARGET_ASSISTED_LABELLED_TARGET_DIAGNOSTIC,42,455003,2,1050,a5da58273660c4e06c66be7f10ba6d1652759d568dd933a4bbd4f1538fbaed65,PREDICTIONS_FROZEN,False
20,TARGET_ASSISTED_LABELLED_TARGET_DIAGNOSTIC,42,455003,2,1050,d0f95cf2e426a60649f5d82a63fa18bcf58cc9e0e69e22f5b5adb9bb82daa4fd,PREDICTIONS_FROZEN,False
21,TARGET_ASSISTED_LABELLED_TARGET_DIAGNOSTIC,42,455003,2,1050,024adba6cfe833d15e4576d71413aa9e3c3aae1ba4366b263e5e2f8ded84412b,PREDICTIONS_FROZEN,False
35,TARGET_ASSISTED_LABELLED_TARGET_DIAGNOSTIC,42,455003,2,1050,bc105945d039ed4d553ab02ad6661f386c0a4020888835b78f348e435a6871ce,PREDICTIONS_FROZEN,False
50,TARGET_ASSISTED_LABELLED_TARGET_DIAGNOSTIC,42,455003,2,1050,138bd3b9f6bc58ed75421990e67e940cf0c7dc9939564f60e78ef46587efe5b0,PREDICTIONS_FROZEN,False
100,TARGET_ASSISTED_LABELLED_TARGET_DIAGNOSTIC,42,455003,2,1050,9568c4d2b8c453254fd0bee067e4eeec3b227e173f00dcc4078e25ffa6fc3ccf,PREDICTIONS_FROZEN,False
200,TARGET_ASSISTED_LABELLED_TARGET_DIAGNOSTIC,42,455003,2,1050,9568c4d2b8c453254fd0bee067e4eeec3b227e173f00dcc4078e25ffa6fc3ccf,PREDICTIONS_FROZEN,False
500,TARGET_ASSISTED_LABELLED_TARGET_DIAGNOSTIC,42,455003,2,1050,bc105945d039ed4d553ab02ad6661f386c0a4020888835b78f348e435a6871ce,PREDICTIONS_FROZEN,False
7,TARGET_ASSISTED_LABELLED_TARGET_DIAGNOSTIC,42,480017,2,1050,489c73f54cfea36deaba87b6d63996fa58a0ed5f138381c00212d593ab4b6a2b,PREDICTIONS_FROZEN,False
10,TARGET_ASSISTED_LABELLED_TARGET_DIAGNOSTIC,42,480017,2,1050,6955eeea94312edb41cab7ca44d2e659a036813c061d695ae814f8520c0bac12,PREDICTIONS_FROZEN,False
20,TARGET_ASSISTED_LABELLED_TARGET_DIAGNOSTIC,42,480017,2,1050,526a551f3a29006083398149dc7f2678e2c07128f7b7cdf97341f19d781bf29e,PREDICTIONS_FROZEN,False
21,TARGET_ASSISTED_LABELLED_TARGET_DIAGNOSTIC,42,480017,2,1050,2c37a44339cced9c218343b7f227f7e472214efd65c1a3591a8001df34dfa7ae,PREDICTIONS_FROZEN,False
35,TARGET_ASSISTED_LABELLED_TARGET_DIAGNOSTIC,42,480017,2,1050,bc105945d039ed4d553ab02ad6661f386c0a4020888835b78f348e435a6871ce,PREDICTIONS_FROZEN,False
50,TARGET_ASSISTED_LABELLED_TARGET_DIAGNOSTIC,42,480017,2,1050,138bd3b9f6bc58ed75421990e67e940cf0c7dc9939564f60e78ef46587efe5b0,PREDICTIONS_FROZEN,False
100,TARGET_ASSISTED_LABELLED_TARGET_DIAGNOSTIC,42,480017,2,1050,f48c3a618ca4e28f0d30c96a06830bfa3fa78534cd672eb86539cc519c18b7da,PREDICTIONS_FROZEN,False
200,TARGET_ASSISTED_LABELLED_TARGET_DIAGNOSTIC,42,480017,2,1050,bc105945d039ed4d553ab02ad6661f386c0a4020888835b78f348e435a6871ce,PREDICTIONS_FROZEN,False
500,TARGET_ASSISTED_LABELLED_TARGET_DIAGNOSTIC,42,480017,2,1050,6fd74ec9a19dc3a7af646776300b4b21ce8684cbd4e8fc670c0f1a3677b82c0d,PREDICTIONS_FROZEN,False
7,TARGET_ASSISTED_LABELLED_TARGET_DIAGNOSTIC,42,505027,2,1050,694219dbc885322e52d94c9c20aa6c44bfc339ffd9b2300e98fb9734e51be6fb,PREDICTIONS_FROZEN,False
10,TARGET_ASSISTED_LABELLED_TARGET_DIAGNOSTIC,42,505027,2,1050,246543bfb91880fa70b57fdcdde2c076699ad9beec85a3cbf0fe93ffbc6c6a82,PREDICTIONS_FROZEN,False
20,TARGET_ASSISTED_LABELLED_TARGET_DIAGNOSTIC,42,505027,2,1050,870c5b8b6d96b4eb4b059dc1a024c1154712f026f35edfe3b195258af7552308,PREDICTIONS_FROZEN,False
21,TARGET_ASSISTED_LABELLED_TARGET_DIAGNOSTIC,42,505027,2,1050,20266bd792d5b7b3f8e7de7da70e9a5e1cb5d82603519dd88aa190f22736b28a,PREDICTIONS_FROZEN,False
35,TARGET_ASSISTED_LABELLED_TARGET_DIAGNOSTIC,42,505027,2,1050,7d37127409480ce6c11c019d1760685d01046950130f0539e98871ab92c065b2,PREDICTIONS_FROZEN,False
50,TARGET_ASSISTED_LABELLED_TARGET_DIAGNOSTIC,42,505027,2,1050,639633928296c33c8511f9cccefe3e48192a230531732feadd8141ab5a38db22,PREDICTIONS_FROZEN,False
100,TARGET_ASSISTED_LABELLED_TARGET_DIAGNOSTIC,42,505027,2,1050,ad66afef2f6e147063c2945a57cbe87e7fedeeb3039547ae82d75dec873fe8a1,PREDICTIONS_FROZEN,False
200,TARGET_ASSISTED_LABELLED_TARGET_DIAGNOSTIC,42,505027,2,1050,0efcb44e3841eac0b22a3c0e5fc84b1a23ef9b172352bb2778de33325681a7e6,PREDICTIONS_FROZEN,False
500,TARGET_ASSISTED_LABELLED_TARGET_DIAGNOSTIC,42,505027,2,1050,e37a76b13e2b2ee33e7948ad1563cbff826e04cc750c187405c06038084fc8bc,PREDICTIONS_FROZEN,False
7,TARGET_ASSISTED_LABELLED_TARGET_DIAGNOSTIC,42,530017,2,1050,458c5abf8a8fe9e0591c690a6faca07e846f137dec38229fb7ade7b096be1519,PREDICTIONS_FROZEN,False
10,TARGET_ASSISTED_LABELLED_TARGET_DIAGNOSTIC,42,530017,2,1050,3bcb5c3e1dadf6f1ba3947f8f04313b1f15714251613e560e37d9e75e0a9311a,PREDICTIONS_FROZEN,False
20,TARGET_ASSISTED_LABELLED_TARGET_DIAGNOSTIC,42,530017,2,1050,2e0b78aab645f3cb783da4325e578cb9fff34e6f1bd6b80e807b334a22c03692,PREDICTIONS_FROZEN,False
21,TARGET_ASSISTED_LABELLED_TARGET_DIAGNOSTIC,42,530017,2,1050,80e80627c81f5003f05dbdfd929b2ea373516413bfe5abe0db89a34c1051e236,PREDICTIONS_FROZEN,False
35,TARGET_ASSISTED_LABELLED_TARGET_DIAGNOSTIC,42,530017,2,1050,fccd2d5f146a610570dd8f46455973bba0558a311f6780a5fcdab25c0947d4bf,PREDICTIONS_FROZEN,False
50,TARGET_ASSISTED_LABELLED_TARGET_DIAGNOSTIC,42,530017,2,1050,04f7a15b8c49a7f95d9521937a7b30cd0c1a5a8e6ba5c1b429863f836e0e07c5,PREDICTIONS_FROZEN,False
100,TARGET_ASSISTED_LABELLED_TARGET_DIAGNOSTIC,42,530017,2,1050,12a27ad1bd325664624d65e7abb9866a647017f55402d56ef67948c01010ea9b,PREDICTIONS_FROZEN,False
200,TARGET_ASSISTED_LABELLED_TARGET_DIAGNOSTIC,42,530017,2,1050,2b903119d8bc260a94e79d2f8c69451bfa95b4dceec62915fe6bf2bdcb6f28bf,PREDICTIONS_FROZEN,False
500,TARGET_ASSISTED_LABELLED_TARGET_DIAGNOSTIC,42,530017,2,1050,bc105945d039ed4d553ab02ad6661f386c0a4020888835b78f348e435a6871ce,PREDICTIONS_FROZEN,False
7,TARGET_ASSISTED_LABELLED_TARGET_DIAGNOSTIC,42,555029,2,1050,897c624d9c3fb249f2f4794f67c6dd72d88aa622eb89f16e2f4ef5105a1bc2c8,PREDICTIONS_FROZEN,False
10,TARGET_ASSISTED_LABELLED_TARGET_DIAGNOSTIC,42,555029,2,1050,ee8fd8ec101b0dc59ca5d2d4b34f7690264bdfe0d2d76bc3fec438654ba2fc66,PREDICTIONS_FROZEN,False
20,TARGET_ASSISTED_LABELLED_TARGET_DIAGNOSTIC,42,555029,2,1050,53b65bccaadf448c1ab699ae9b74f2ba6fb63751fd4767c4fcad8ef090632197,PREDICTIONS_FROZEN,False
21,TARGET_ASSISTED_LABELLED_TARGET_DIAGNOSTIC,42,555029,2,1050,ffd2b51a6f6316b2e15760b20c6f92b2e1907f5736c5cac5c6e74fe8089e0881,PREDICTIONS_FROZEN,False
35,TARGET_ASSISTED_LABELLED_TARGET_DIAGNOSTIC,42,555029,2,1050,896702aa29538966b670b44a08cc577d7441bb85e84b49786c933821688b1bd3,PREDICTIONS_FROZEN,False
50,TARGET_ASSISTED_LABELLED_TARGET_DIAGNOSTIC,42,555029,2,1050,3c79f17618ea4888961148eefca55c072ac91de4b2bf4b3487c23cb6358ff3ca,PREDICTIONS_FROZEN,False
100,TARGET_ASSISTED_LABELLED_TARGET_DIAGNOSTIC,42,555029,2,1050,bc105945d039ed4d553ab02ad6661f386c0a4020888835b78f348e435a6871ce,PREDICTIONS_FROZEN,False
200,TARGET_ASSISTED_LABELLED_TARGET_DIAGNOSTIC,42,555029,2,1050,e37a76b13e2b2ee33e7948ad1563cbff826e04cc750c187405c06038084fc8bc,PREDICTIONS_FROZEN,False
500,TARGET_ASSISTED_LABELLED_TARGET_DIAGNOSTIC,42,555029,2,1050,bc105945d039ed4d553ab02ad6661f386c0a4020888835b78f348e435a6871ce,PREDICTIONS_FROZEN,False
7,TARGET_ASSISTED_LABELLED_TARGET_DIAGNOSTIC,42,580031,2,1050,48c38c2ff00b36fea6e066419b070fa666c40d727824cfb79b3d5ee9f9bef70b,PREDICTIONS_FROZEN,False
10,TARGET_ASSISTED_LABELLED_TARGET_DIAGNOSTIC,42,580031,2,1050,572dd407531ab266661c94c7a57f3ed8082e101797fd2446be5fda9274942c71,PREDICTIONS_FROZEN,False
20,TARGET_ASSISTED_LABELLED_TARGET_DIAGNOSTIC,42,580031,2,1050,cc46f3dcdbf536b78badaf8b4bfd630a86964cb4ab86121224ae935eef161384,PREDICTIONS_FROZEN,False
21,TARGET_ASSISTED_LABELLED_TARGET_DIAGNOSTIC,42,580031,2,1050,653965c8c1467eceea5364eae9afc0257cb02dffc18d7235765f5c5a8eadf06f,PREDICTIONS_FROZEN,False
35,TARGET_ASSISTED_LABELLED_TARGET_DIAGNOSTIC,42,580031,2,1050,896702aa29538966b670b44a08cc577d7441bb85e84b49786c933821688b1bd3,PREDICTIONS_FROZEN,False
50,TARGET_ASSISTED_LABELLED_TARGET_DIAGNOSTIC,42,580031,2,1050,ad66afef2f6e147063c2945a57cbe87e7fedeeb3039547ae82d75dec873fe8a1,PREDICTIONS_FROZEN,False
100,TARGET_ASSISTED_LABELLED_TARGET_DIAGNOSTIC,42,580031,2,1050,ad66afef2f6e147063c2945a57cbe87e7fedeeb3039547ae82d75dec873fe8a1,PREDICTIONS_FROZEN,False
200,TARGET_ASSISTED_LABELLED_TARGET_DIAGNOSTIC,42,580031,2,1050,ad66afef2f6e147063c2945a57cbe87e7fedeeb3039547ae82d75dec873fe8a1,PREDICTIONS_FROZEN,False
500,TARGET_ASSISTED_LABELLED_TARGET_DIAGNOSTIC,42,580031,2,1050,f55a5fd9ea7b0e2765d747dc89007f92e885181ed5da2582d83e7de460c535b5,PREDICTIONS_FROZEN,False
0,STRICT_SOURCE_ONLY_DG,43,,0,1050,25f55844988d2b8158c960482661993e13fded44822c08ea536011df3c5aea56,PREDICTIONS_FROZEN,False
7,TARGET_ASSISTED_LABELLED_TARGET_DIAGNOSTIC,43,104729,0,1050,a177b2f2654bfcd3614990f08585e265e7b15808d8c5eece2ac1f7afb0ef1010,PREDICTIONS_FROZEN,False
10,TARGET_ASSISTED_LABELLED_TARGET_DIAGNOSTIC,43,104729,0,1050,95ea49bb5bee378ca658d724424b8ba8ae53854b49c18b8792db7b3c32537ec0,PREDICTIONS_FROZEN,False
20,TARGET_ASSISTED_LABELLED_TARGET_DIAGNOSTIC,43,104729,0,1050,824c338377f078c961f2dc4c4b0cd1f24e97f379c2b2d86861dec5adc3982b0e,PREDICTIONS_FROZEN,False
21,TARGET_ASSISTED_LABELLED_TARGET_DIAGNOSTIC,43,104729,0,1050,4dade273c89f6056b936aa839ebc22d96f481f76f380c430c227370edb3db0df,PREDICTIONS_FROZEN,False
35,TARGET_ASSISTED_LABELLED_TARGET_DIAGNOSTIC,43,104729,0,1050,ec993704d13a68cef68701e47f2229c2adaf794a6601451aa0c6c14dd377c2c2,PREDICTIONS_FROZEN,False
50,TARGET_ASSISTED_LABELLED_TARGET_DIAGNOSTIC,43,104729,0,1050,029668be6161fe1f50b63c0e7cb6db026e5dd9f7854469fc42c5fda3edbedeca,PREDICTIONS_FROZEN,False
100,TARGET_ASSISTED_LABELLED_TARGET_DIAGNOSTIC,43,104729,0,1050,1084b47800defbf4b395d69b14ad0581b582c5140654f4ea62cf1a779841f98d,PREDICTIONS_FROZEN,False
200,TARGET_ASSISTED_LABELLED_TARGET_DIAGNOSTIC,43,104729,0,1050,29f016860a83faccd6eb54c71251e004a4af4cef7138d73ccd88ed948c4b27e1,PREDICTIONS_FROZEN,False
500,TARGET_ASSISTED_LABELLED_TARGET_DIAGNOSTIC,43,104729,0,1050,0a8bcc0b9bce8fe3492403fcb14a5022565be290ceffba394256d1c852c71d84,PREDICTIONS_FROZEN,False
7,TARGET_ASSISTED_LABELLED_TARGET_DIAGNOSTIC,43,130363,0,1050,a177b2f2654bfcd3614990f08585e265e7b15808d8c5eece2ac1f7afb0ef1010,PREDICTIONS_FROZEN,False
10,TARGET_ASSISTED_LABELLED_TARGET_DIAGNOSTIC,43,130363,0,1050,1ec052c4bd4e1ba1366b3d6210433caf0b34b23087509c0ad68c8091f3324b60,PREDICTIONS_FROZEN,False
20,TARGET_ASSISTED_LABELLED_TARGET_DIAGNOSTIC,43,130363,0,1050,5cfeb3d2b71492f15e67c4c6066b88f0c0cf2796236246949d82709094d101ab,PREDICTIONS_FROZEN,False
21,TARGET_ASSISTED_LABELLED_TARGET_DIAGNOSTIC,43,130363,0,1050,ed36ef18f32b17c09f182f0c01991339604c4074320b65b1f12f4f9328f46e06,PREDICTIONS_FROZEN,False
35,TARGET_ASSISTED_LABELLED_TARGET_DIAGNOSTIC,43,130363,0,1050,d79241ed1eb05a413a8eb94911329fcbd16b5f79de02e798dd15bf277c6fe584,PREDICTIONS_FROZEN,False
50,TARGET_ASSISTED_LABELLED_TARGET_DIAGNOSTIC,43,130363,0,1050,8c978e126fe27c434c84208c6d1c66b735c8b547aa767474801c68e9d8b52802,PREDICTIONS_FROZEN,False
100,TARGET_ASSISTED_LABELLED_TARGET_DIAGNOSTIC,43,130363,0,1050,2598b339b438d960ba0791b861c9154edcaceeb4b9fe5991f68509656ca0c345,PREDICTIONS_FROZEN,False
200,TARGET_ASSISTED_LABELLED_TARGET_DIAGNOSTIC,43,130363,0,1050,4ebf4168efce7415b1dccd76df840302e1af39175da678e1271be9f4138860df,PREDICTIONS_FROZEN,False
500,TARGET_ASSISTED_LABELLED_TARGET_DIAGNOSTIC,43,130363,0,1050,33312951806112ed29d96e5cfe8a8ed9c8f575522d463bd60cb3e3fefdfe2d73,PREDICTIONS_FROZEN,False
7,TARGET_ASSISTED_LABELLED_TARGET_DIAGNOSTIC,43,155921,0,1050,4f79e3dc9251c8ca0cc95fa3878260a951f2e31ff2219f154e847a1859d2225f,PREDICTIONS_FROZEN,False
10,TARGET_ASSISTED_LABELLED_TARGET_DIAGNOSTIC,43,155921,0,1050,409cf290a1a8fe59e5e97e97534da594c0f09b9e7391a11a472d67b50beac60c,PREDICTIONS_FROZEN,False
20,TARGET_ASSISTED_LABELLED_TARGET_DIAGNOSTIC,43,155921,0,1050,26c541646e86fbee9f1066ef5cebd2d5bb79d105c3f51197eaa5f4f9060ef4ca,PREDICTIONS_FROZEN,False
21,TARGET_ASSISTED_LABELLED_TARGET_DIAGNOSTIC,43,155921,0,1050,511689de76702dd6b69e920ec45b4d24c4942c92ccab2bf73fd4338e4ec51198,PREDICTIONS_FROZEN,False
35,TARGET_ASSISTED_LABELLED_TARGET_DIAGNOSTIC,43,155921,0,1050,b04859872b34520de4d7661db3a6fae2f5540356d44229fe7f041aead1dc7c50,PREDICTIONS_FROZEN,False
50,TARGET_ASSISTED_LABELLED_TARGET_DIAGNOSTIC,43,155921,0,1050,d5b028cb4590f9b6012d03e3464967d26203f282c714e51d764c12c03b34f1c9,PREDICTIONS_FROZEN,False
100,TARGET_ASSISTED_LABELLED_TARGET_DIAGNOSTIC,43,155921,0,1050,e33e77c185c9e18a859de2873e1bf2138373c35a8a2b0e596bf95988eea6794b,PREDICTIONS_FROZEN,False
200,TARGET_ASSISTED_LABELLED_TARGET_DIAGNOSTIC,43,155921,0,1050,e74a3acb1778d03e38b60bfc71bd83c07405fa1ebf8a43d1965088c8b6cdc5eb,PREDICTIONS_FROZEN,False
500,TARGET_ASSISTED_LABELLED_TARGET_DIAGNOSTIC,43,155921,0,1050,57e224bfd669023b708dc86b217d7f2843cd00de0d21c1d209210d301eb45fa7,PREDICTIONS_FROZEN,False
7,TARGET_ASSISTED_LABELLED_TARGET_DIAGNOSTIC,43,181081,0,1050,242abe8815cd5c91457f773136830015ea9f1e0087c5353447cb5ff873885ec2,PREDICTIONS_FROZEN,False
10,TARGET_ASSISTED_LABELLED_TARGET_DIAGNOSTIC,43,181081,0,1050,df2903fdd1eb90c42a764ad40cbf1308f64924cfcf0eb5335f7e0ab70cfe27eb,PREDICTIONS_FROZEN,False
20,TARGET_ASSISTED_LABELLED_TARGET_DIAGNOSTIC,43,181081,0,1050,9013bf008c27131989bf9e4628bc48ea61a24600e242fbff7fb7963572ed6cad,PREDICTIONS_FROZEN,False
21,TARGET_ASSISTED_LABELLED_TARGET_DIAGNOSTIC,43,181081,0,1050,27d3160bdc1892fb4d2cd547f28bb8756ed0f1c147f8904d93c7e42533d6189f,PREDICTIONS_FROZEN,False
35,TARGET_ASSISTED_LABELLED_TARGET_DIAGNOSTIC,43,181081,0,1050,f811979594420a6462705d0b1eca8f83d35da99853d75f54eaf9ffae32d9c752,PREDICTIONS_FROZEN,False
50,TARGET_ASSISTED_LABELLED_TARGET_DIAGNOSTIC,43,181081,0,1050,3fa758a888161bff3b57ce809675064efbcfa4c3b3c3f303fa8cc8036ba2f6a8,PREDICTIONS_FROZEN,False
100,TARGET_ASSISTED_LABELLED_TARGET_DIAGNOSTIC,43,181081,0,1050,12ff721af2685b33b8644b1cf28adbedab7a7f220e64f41e822ac3c9445fc673,PREDICTIONS_FROZEN,False
200,TARGET_ASSISTED_LABELLED_TARGET_DIAGNOSTIC,43,181081,0,1050,fdae223eae560005d54c3ec2cb90a5d7341820af9a34d0559803a79f0aee82c1,PREDICTIONS_FROZEN,False
500,TARGET_ASSISTED_LABELLED_TARGET_DIAGNOSTIC,43,181081,0,1050,7599efdedd20f88e338ca11a91caba8f2c730fd6703d786e69b2df8216cc8c73,PREDICTIONS_FROZEN,False
7,TARGET_ASSISTED_LABELLED_TARGET_DIAGNOSTIC,43,205439,0,1050,c5703fd285ae6a877b8093701a474b848d43dd51d245a5000f035ef7ac14e399,PREDICTIONS_FROZEN,False
10,TARGET_ASSISTED_LABELLED_TARGET_DIAGNOSTIC,43,205439,0,1050,77e9d3c0599f4b94a9261be30283ec93c817239d4432fc0ef4bfe196c60a3aa2,PREDICTIONS_FROZEN,False
20,TARGET_ASSISTED_LABELLED_TARGET_DIAGNOSTIC,43,205439,0,1050,4a7b37a61b3500571b49e15e97f6b436c2d7e39348bd69daa84790444c7978bf,PREDICTIONS_FROZEN,False
21,TARGET_ASSISTED_LABELLED_TARGET_DIAGNOSTIC,43,205439,0,1050,a21316c27ce4aa0c698e3ec6f8ff0c4544d0ee43e3141ed3e680b7912a788d20,PREDICTIONS_FROZEN,False
35,TARGET_ASSISTED_LABELLED_TARGET_DIAGNOSTIC,43,205439,0,1050,5701e122dbf717bf2cb8b3b1b5eaa50a703c7a24be6c4cc38534a5ad8ceef873,PREDICTIONS_FROZEN,False
50,TARGET_ASSISTED_LABELLED_TARGET_DIAGNOSTIC,43,205439,0,1050,7685de3758e0568be96d2781d2884eb32d18b0c5afaad3cf82ac578db8abb02a,PREDICTIONS_FROZEN,False
100,TARGET_ASSISTED_LABELLED_TARGET_DIAGNOSTIC,43,205439,0,1050,f8f9046cae1ac2d0c85a765b48bb198e89850fe82540eec037d09bc76079c8e4,PREDICTIONS_FROZEN,False
200,TARGET_ASSISTED_LABELLED_TARGET_DIAGNOSTIC,43,205439,0,1050,fed7e6335e8e808a432fc92f926a9de9619059e45bcbdee7f5cef568e40f4f4a,PREDICTIONS_FROZEN,False
500,TARGET_ASSISTED_LABELLED_TARGET_DIAGNOSTIC,43,205439,0,1050,ea566267c54e30bea212c4006d8b7dbf241d8e38e94500ffd29bc3ace4458069,PREDICTIONS_FROZEN,False
7,TARGET_ASSISTED_LABELLED_TARGET_DIAGNOSTIC,43,230003,0,1050,9a7bde13f456e4785d1a2491617ee7c8c7cc88c1df73ad042960d0afd89adbea,PREDICTIONS_FROZEN,False
10,TARGET_ASSISTED_LABELLED_TARGET_DIAGNOSTIC,43,230003,0,1050,4fb2a06b34e9ee296b0414624b01f9083d361035ecb9bed35cc8523c2c1ed031,PREDICTIONS_FROZEN,False
20,TARGET_ASSISTED_LABELLED_TARGET_DIAGNOSTIC,43,230003,0,1050,2cab60a565bcb74eb7aaca812c6e8c948819c612c1b4edca4ec5936b29cdaa7c,PREDICTIONS_FROZEN,False
21,TARGET_ASSISTED_LABELLED_TARGET_DIAGNOSTIC,43,230003,0,1050,c055898fc2118bb1e2c554d1947f569376a5244decac4e6517f924d01b1185eb,PREDICTIONS_FROZEN,False
35,TARGET_ASSISTED_LABELLED_TARGET_DIAGNOSTIC,43,230003,0,1050,503432b94889963a2054c9dd021b4deb0d75e22d23250b9caa912b6b79006836,PREDICTIONS_FROZEN,False
50,TARGET_ASSISTED_LABELLED_TARGET_DIAGNOSTIC,43,230003,0,1050,3594c6c63a5f52acb75dfa930828a6b8ee77cd616cccb3d27c7c2da884369138,PREDICTIONS_FROZEN,False
100,TARGET_ASSISTED_LABELLED_TARGET_DIAGNOSTIC,43,230003,0,1050,b520dfc7210dd982dd3b04e3062ef34bedc54611160c55044085ba213cce1b10,PREDICTIONS_FROZEN,False
200,TARGET_ASSISTED_LABELLED_TARGET_DIAGNOSTIC,43,230003,0,1050,8c4965b199fb8f9f5e203943b6d4be266742989159ff0d0a24b3df17d1f787d1,PREDICTIONS_FROZEN,False
500,TARGET_ASSISTED_LABELLED_TARGET_DIAGNOSTIC,43,230003,0,1050,f64caac33491e0fc0ad4e2954d87342def53c55da72f95917dff69e34155dbee,PREDICTIONS_FROZEN,False
7,TARGET_ASSISTED_LABELLED_TARGET_DIAGNOSTIC,43,254959,0,1050,f94c3a6adc64c663ca96db0cc47e95e4ee6b16a3b8519b15905fbbd5d0088f3e,PREDICTIONS_FROZEN,False
10,TARGET_ASSISTED_LABELLED_TARGET_DIAGNOSTIC,43,254959,0,1050,716fb90fef45a0edc070b16cd57ecbbebf1b4c7819595a11a959ae3c185579ef,PREDICTIONS_FROZEN,False
20,TARGET_ASSISTED_LABELLED_TARGET_DIAGNOSTIC,43,254959,0,1050,0e2cdca6b773f3577a88cc5860cfcbe4d3e71cd6a8ca2e2a1d8f6e32db765379,PREDICTIONS_FROZEN,False
21,TARGET_ASSISTED_LABELLED_TARGET_DIAGNOSTIC,43,254959,0,1050,d080045fb32758cfe707dd1030eeadbc6628b607379c383134bb8513da5f49bd,PREDICTIONS_FROZEN,False
35,TARGET_ASSISTED_LABELLED_TARGET_DIAGNOSTIC,43,254959,0,1050,8b40e96d574c5835a10d4750eecb058d1c1b9e8976071220ce74f613f4a3a51b,PREDICTIONS_FROZEN,False
50,TARGET_ASSISTED_LABELLED_TARGET_DIAGNOSTIC,43,254959,0,1050,a95cd352397cf3a2ba7d9da1959b9a75b2b12dcf41f57e132754616c47d843fa,PREDICTIONS_FROZEN,False
100,TARGET_ASSISTED_LABELLED_TARGET_DIAGNOSTIC,43,254959,0,1050,278be87f49dc8285d32efaeec42f653eb83d8312c794a5a0efed694f9166319b,PREDICTIONS_FROZEN,False
200,TARGET_ASSISTED_LABELLED_TARGET_DIAGNOSTIC,43,254959,0,1050,9760630b9fe25734d84cf5580d6dda00a8e3a4ce333ef5c4bcb8059dec483d15,PREDICTIONS_FROZEN,False
500,TARGET_ASSISTED_LABELLED_TARGET_DIAGNOSTIC,43,254959,0,1050,b5905048087c874f03f73dfa3743f11b51c6c7532f25a536051a279cc329f8ce,PREDICTIONS_FROZEN,False
7,TARGET_ASSISTED_LABELLED_TARGET_DIAGNOSTIC,43,280001,0,1050,3182360e7eb6fe9808ef06e67f3b792b79ea29c71366866a226618c822014257,PREDICTIONS_FROZEN,False
10,TARGET_ASSISTED_LABELLED_TARGET_DIAGNOSTIC,43,280001,0,1050,6f6c5434f0479b8134e877a0aac5fe0b0a08e61c24f71c82eeb5970c0da05bad,PREDICTIONS_FROZEN,False
20,TARGET_ASSISTED_LABELLED_TARGET_DIAGNOSTIC,43,280001,0,1050,c7f5ea7b1383f37bb2b40d31fa29ed7fcf7bcb1905ec508a9521b83a3a6ce729,PREDICTIONS_FROZEN,False
21,TARGET_ASSISTED_LABELLED_TARGET_DIAGNOSTIC,43,280001,0,1050,02473d2c70d3a92dc84f9a9cc78e93b5c6d98f67c48bce91607e69fb37cbdb48,PREDICTIONS_FROZEN,False
35,TARGET_ASSISTED_LABELLED_TARGET_DIAGNOSTIC,43,280001,0,1050,dbd06ec55bd861da0402d33c1fd9dcb48a370b29b566793d0852af0323171862,PREDICTIONS_FROZEN,False
50,TARGET_ASSISTED_LABELLED_TARGET_DIAGNOSTIC,43,280001,0,1050,9be115dce8fa7a224dd71f39e193b96c5be43f3dd5ad5130717381778237476c,PREDICTIONS_FROZEN,False
100,TARGET_ASSISTED_LABELLED_TARGET_DIAGNOSTIC,43,280001,0,1050,6734d9f4e60ae9d20b488c220481b68d89ec563b34b982905033eefed38afc6b,PREDICTIONS_FROZEN,False
200,TARGET_ASSISTED_LABELLED_TARGET_DIAGNOSTIC,43,280001,0,1050,6d15c41b2ef002ff9f45a99c2038d4ee3e53a7e18d3151b005034145bbcf188e,PREDICTIONS_FROZEN,False
500,TARGET_ASSISTED_LABELLED_TARGET_DIAGNOSTIC,43,280001,0,1050,238d4e09d1d19d4096f1c0a48b0a8068d397c1d4cc3fc6888084588251c8594a,PREDICTIONS_FROZEN,False
7,TARGET_ASSISTED_LABELLED_TARGET_DIAGNOSTIC,43,305093,0,1050,9bba977b12f19c56fcd6a97ab4b0470fd1183e3c8e6cfd3082b26e9407a3c2f9,PREDICTIONS_FROZEN,False
10,TARGET_ASSISTED_LABELLED_TARGET_DIAGNOSTIC,43,305093,0,1050,934f355704b407985811216f3ac10142ea796dfd6422256dcae1a58a8bde4a18,PREDICTIONS_FROZEN,False
20,TARGET_ASSISTED_LABELLED_TARGET_DIAGNOSTIC,43,305093,0,1050,d80118cb1d21ac59b66c87232b4dd24e24dc9d2613ed4a5486f1b04dea851740,PREDICTIONS_FROZEN,False
21,TARGET_ASSISTED_LABELLED_TARGET_DIAGNOSTIC,43,305093,0,1050,2a723de655fcd2fd6b80b056584ccafc9e341f798b920bb519756b6fe43401db,PREDICTIONS_FROZEN,False
35,TARGET_ASSISTED_LABELLED_TARGET_DIAGNOSTIC,43,305093,0,1050,195df6fda5ad0b63b9a0482d6e1cf2f55d9c1c8115bb7b564924f20d6f5e4550,PREDICTIONS_FROZEN,False
50,TARGET_ASSISTED_LABELLED_TARGET_DIAGNOSTIC,43,305093,0,1050,4f539c5babd9eae2d5a4c665c8057a241e38be9aef37de97cef917ca4082a978,PREDICTIONS_FROZEN,False
100,TARGET_ASSISTED_LABELLED_TARGET_DIAGNOSTIC,43,305093,0,1050,acfa70fedf3791400e6d11592f206ae641c20d4037fa254fdd82009d895ce04a,PREDICTIONS_FROZEN,False
200,TARGET_ASSISTED_LABELLED_TARGET_DIAGNOSTIC,43,305093,0,1050,575805db114983b7633fc8cd0409e3ec722c0038dce165c00759d96e19b74818,PREDICTIONS_FROZEN,False
500,TARGET_ASSISTED_LABELLED_TARGET_DIAGNOSTIC,43,305093,0,1050,20551d03de11cef043cacabff9cb3a58e51294323cf75ec3d1d121d703720371,PREDICTIONS_FROZEN,False
7,TARGET_ASSISTED_LABELLED_TARGET_DIAGNOSTIC,43,330017,0,1050,c5703fd285ae6a877b8093701a474b848d43dd51d245a5000f035ef7ac14e399,PREDICTIONS_FROZEN,False
10,TARGET_ASSISTED_LABELLED_TARGET_DIAGNOSTIC,43,330017,0,1050,9e8d884015a8fa79abf0c42bc8587a453b00810556074f1b76dec523a5b4099f,PREDICTIONS_FROZEN,False
20,TARGET_ASSISTED_LABELLED_TARGET_DIAGNOSTIC,43,330017,0,1050,53c2cc166956515c643808ba29da1a0169a8fad15e1d9391897644abfcd53335,PREDICTIONS_FROZEN,False
21,TARGET_ASSISTED_LABELLED_TARGET_DIAGNOSTIC,43,330017,0,1050,fe4f27bcd31d5282939339d79072c790572dd97190b7fa22e69aa6795782d86b,PREDICTIONS_FROZEN,False
35,TARGET_ASSISTED_LABELLED_TARGET_DIAGNOSTIC,43,330017,0,1050,0269ad20ae3e3cf0fc6c61d331d3dd49e957a914af58aa34699d68193394bd96,PREDICTIONS_FROZEN,False
50,TARGET_ASSISTED_LABELLED_TARGET_DIAGNOSTIC,43,330017,0,1050,ef1277ee32e0fd1e8656bf688eaee4d38f72d66d933821a53a0bfaf3232d69b6,PREDICTIONS_FROZEN,False
100,TARGET_ASSISTED_LABELLED_TARGET_DIAGNOSTIC,43,330017,0,1050,dddc1fa6870cce13464206cf4fe1c7d9f333fdb0f95e1b9688724d779f33cebc,PREDICTIONS_FROZEN,False
200,TARGET_ASSISTED_LABELLED_TARGET_DIAGNOSTIC,43,330017,0,1050,69b0a7df995b17c809dbedb94291da28a46a9c005f0440b6b1a05fb47e12028e,PREDICTIONS_FROZEN,False
500,TARGET_ASSISTED_LABELLED_TARGET_DIAGNOSTIC,43,330017,0,1050,1353d709503b7c82b3a8728b68da1fb8645d852fff8e21c063db41ce2e71ce1c,PREDICTIONS_FROZEN,False
7,TARGET_ASSISTED_LABELLED_TARGET_DIAGNOSTIC,43,355031,0,1050,506025d094def1b94b496e7af1040a0cb078e84096d8216da699b3faa650e02d,PREDICTIONS_FROZEN,False
10,TARGET_ASSISTED_LABELLED_TARGET_DIAGNOSTIC,43,355031,0,1050,648fb3fb2ba2a84afb539d42bffed8e43d2e35b5640c882ce6d0dc7e0de7b4eb,PREDICTIONS_FROZEN,False
20,TARGET_ASSISTED_LABELLED_TARGET_DIAGNOSTIC,43,355031,0,1050,8609f55bf1d147d6be5220842f070ac450db6cb99eb855454d05e2b9829d7bdb,PREDICTIONS_FROZEN,False
21,TARGET_ASSISTED_LABELLED_TARGET_DIAGNOSTIC,43,355031,0,1050,b8507cdcf39f2c32ad13c4b8087ed14decf4b3660fd9f01c5d216a3b490bafe8,PREDICTIONS_FROZEN,False
35,TARGET_ASSISTED_LABELLED_TARGET_DIAGNOSTIC,43,355031,0,1050,d830a5202e6ee2be88139b368fa2b1ddd34fd2a59d6386b354fd24e96259530b,PREDICTIONS_FROZEN,False
50,TARGET_ASSISTED_LABELLED_TARGET_DIAGNOSTIC,43,355031,0,1050,6106da71e8f877a7bf958d2402176b5c5d78569d9db8f0098c2f77aa47959bf6,PREDICTIONS_FROZEN,False
100,TARGET_ASSISTED_LABELLED_TARGET_DIAGNOSTIC,43,355031,0,1050,b0a512c57195544da1bc375a8ebcf608c1a01fb8ea2844b09bffb83dd8fa664f,PREDICTIONS_FROZEN,False
200,TARGET_ASSISTED_LABELLED_TARGET_DIAGNOSTIC,43,355031,0,1050,d40cca71079376fdf2073a519bde0179fb5b1b6961fbfbf2db4ec4db7c3e7601,PREDICTIONS_FROZEN,False
500,TARGET_ASSISTED_LABELLED_TARGET_DIAGNOSTIC,43,355031,0,1050,b5905048087c874f03f73dfa3743f11b51c6c7532f25a536051a279cc329f8ce,PREDICTIONS_FROZEN,False
7,TARGET_ASSISTED_LABELLED_TARGET_DIAGNOSTIC,43,380041,0,1050,a177b2f2654bfcd3614990f08585e265e7b15808d8c5eece2ac1f7afb0ef1010,PREDICTIONS_FROZEN,False
10,TARGET_ASSISTED_LABELLED_TARGET_DIAGNOSTIC,43,380041,0,1050,996365293f68b0e995c4154c015d8837da625f3ddc594843b5464f77e0f38d7a,PREDICTIONS_FROZEN,False
20,TARGET_ASSISTED_LABELLED_TARGET_DIAGNOSTIC,43,380041,0,1050,893779bc0a716f01dea03253b7624a73380f1d46db165d4896df221114b8a478,PREDICTIONS_FROZEN,False
21,TARGET_ASSISTED_LABELLED_TARGET_DIAGNOSTIC,43,380041,0,1050,c0685f13e9c28d45c9c10c38f2346519892511029ee1428687aff0cd1ad1aa93,PREDICTIONS_FROZEN,False
35,TARGET_ASSISTED_LABELLED_TARGET_DIAGNOSTIC,43,380041,0,1050,20c5e2af9ed81a0faad766701e3e1bfc83fff9be91c73af874cbcd622051fd08,PREDICTIONS_FROZEN,False
50,TARGET_ASSISTED_LABELLED_TARGET_DIAGNOSTIC,43,380041,0,1050,077fb59f3359a91e6f6e8ab9d2c7bbd5003fe91d70caaf2889295defe23e5e3f,PREDICTIONS_FROZEN,False
100,TARGET_ASSISTED_LABELLED_TARGET_DIAGNOSTIC,43,380041,0,1050,2c27d6db90cdc0ba731d895d092964028e8e1b17d0bb34b84075f49e4c2a669a,PREDICTIONS_FROZEN,False
200,TARGET_ASSISTED_LABELLED_TARGET_DIAGNOSTIC,43,380041,0,1050,e296e44348d4322edc583abb558c71583bfd7cb3d47de67f7e0147c79dd5d8d3,PREDICTIONS_FROZEN,False
500,TARGET_ASSISTED_LABELLED_TARGET_DIAGNOSTIC,43,380041,0,1050,f2006d0cfa46f3d2464058941e44306f9d235cb7ceec23dc17057314cad8b62c,PREDICTIONS_FROZEN,False
7,TARGET_ASSISTED_LABELLED_TARGET_DIAGNOSTIC,43,405019,0,1050,e387b38cf0a32003bbc606592a64e3f7e81a1a3cab6a7a7af30a7b47a34f6a12,PREDICTIONS_FROZEN,False
10,TARGET_ASSISTED_LABELLED_TARGET_DIAGNOSTIC,43,405019,0,1050,71f3fb33f45bac2ba7be219a6c7c66c01b65389115ff6d97042ebacc365ba961,PREDICTIONS_FROZEN,False
20,TARGET_ASSISTED_LABELLED_TARGET_DIAGNOSTIC,43,405019,0,1050,1488c724b9670afcef5046828dcd1f8e1e5e0aedfbeea60d687c5a6064c0c0b4,PREDICTIONS_FROZEN,False
21,TARGET_ASSISTED_LABELLED_TARGET_DIAGNOSTIC,43,405019,0,1050,8ff988457cd4eb774d61c419a9bb973ed3a2f868a30e30fdc6d92f0ec8897e5a,PREDICTIONS_FROZEN,False
35,TARGET_ASSISTED_LABELLED_TARGET_DIAGNOSTIC,43,405019,0,1050,1da2d93610e522b6dd21f053c336e1414c7fcb4c88fd1702791fae3d7534b375,PREDICTIONS_FROZEN,False
50,TARGET_ASSISTED_LABELLED_TARGET_DIAGNOSTIC,43,405019,0,1050,0890bc735dbc3cea7afa58e973e9c21eec62803b01bd7c415dea206f2437ca02,PREDICTIONS_FROZEN,False
100,TARGET_ASSISTED_LABELLED_TARGET_DIAGNOSTIC,43,405019,0,1050,612800bde431ef18e0dfc8111c8ceed04dd379c758b4bcb5a8c41306851752f2,PREDICTIONS_FROZEN,False
200,TARGET_ASSISTED_LABELLED_TARGET_DIAGNOSTIC,43,405019,0,1050,cd26e4be9a64913f04b7e29dff49bbeb812ca6d1badf0da84d0a157bd5923032,PREDICTIONS_FROZEN,False
500,TARGET_ASSISTED_LABELLED_TARGET_DIAGNOSTIC,43,405019,0,1050,b5905048087c874f03f73dfa3743f11b51c6c7532f25a536051a279cc329f8ce,PREDICTIONS_FROZEN,False
7,TARGET_ASSISTED_LABELLED_TARGET_DIAGNOSTIC,43,430007,0,1050,a177b2f2654bfcd3614990f08585e265e7b15808d8c5eece2ac1f7afb0ef1010,PREDICTIONS_FROZEN,False
10,TARGET_ASSISTED_LABELLED_TARGET_DIAGNOSTIC,43,430007,0,1050,0994ad10926acef657485a1911ca0b53652f0d90e4ca443bac802ee78d61d2cd,PREDICTIONS_FROZEN,False
20,TARGET_ASSISTED_LABELLED_TARGET_DIAGNOSTIC,43,430007,0,1050,408f081be95fc52e8880e74b5ca433e8b418640f62bda12c5ccb761d004fd6ac,PREDICTIONS_FROZEN,False
21,TARGET_ASSISTED_LABELLED_TARGET_DIAGNOSTIC,43,430007,0,1050,60bae4149a87e2398404a887b8c47d526510f7455f9e11013f32eb60f89b86ce,PREDICTIONS_FROZEN,False
35,TARGET_ASSISTED_LABELLED_TARGET_DIAGNOSTIC,43,430007,0,1050,dfca37205d4bdfd37e5fb1f988817fb42730505d2151ef9df0da9b800b93f8e4,PREDICTIONS_FROZEN,False
50,TARGET_ASSISTED_LABELLED_TARGET_DIAGNOSTIC,43,430007,0,1050,8b2dc4ef1640b285f83ac372f98e45a60054bcc11a74955e7e036250373f20d1,PREDICTIONS_FROZEN,False
100,TARGET_ASSISTED_LABELLED_TARGET_DIAGNOSTIC,43,430007,0,1050,75546fad77bba843525f11dd3896b94ca2b07d405dbc2260f27fd85a0894ecc2,PREDICTIONS_FROZEN,False
200,TARGET_ASSISTED_LABELLED_TARGET_DIAGNOSTIC,43,430007,0,1050,76954ae50c3ed8a8acaf247ad214b1fd09d9eecb60c132abe444891bcf9e8a45,PREDICTIONS_FROZEN,False
500,TARGET_ASSISTED_LABELLED_TARGET_DIAGNOSTIC,43,430007,0,1050,6cfcb7748f6d85ff3677dacd3990a000f57fea960fff8c3649331b1a3f358e34,PREDICTIONS_FROZEN,False
7,TARGET_ASSISTED_LABELLED_TARGET_DIAGNOSTIC,43,455003,0,1050,c5703fd285ae6a877b8093701a474b848d43dd51d245a5000f035ef7ac14e399,PREDICTIONS_FROZEN,False
10,TARGET_ASSISTED_LABELLED_TARGET_DIAGNOSTIC,43,455003,0,1050,d828e07b3406c8cb2051f048cd0aaf6cc5664461b52cd13d907e222d132d5bbf,PREDICTIONS_FROZEN,False
20,TARGET_ASSISTED_LABELLED_TARGET_DIAGNOSTIC,43,455003,0,1050,1224b27d455c439991c27bce71d435cdf2a03e0e4eb4faab629bc865ebd43c55,PREDICTIONS_FROZEN,False
21,TARGET_ASSISTED_LABELLED_TARGET_DIAGNOSTIC,43,455003,0,1050,8d2ce616bd5df50d060e5f1d669ebbea5b2701dc978f6b77d4306e36941a282d,PREDICTIONS_FROZEN,False
35,TARGET_ASSISTED_LABELLED_TARGET_DIAGNOSTIC,43,455003,0,1050,0fc479f9b6c3ebed6e16bbb852c3cdc5e613d836ea9f29f60b72367cae063eda,PREDICTIONS_FROZEN,False
50,TARGET_ASSISTED_LABELLED_TARGET_DIAGNOSTIC,43,455003,0,1050,29847719059f2cd9da4d09fa726409664b672b74b6afb6316f739d7ffa78d141,PREDICTIONS_FROZEN,False
100,TARGET_ASSISTED_LABELLED_TARGET_DIAGNOSTIC,43,455003,0,1050,0366fa69173ce681e983c7ef19a383c79def1f9bf79e9e24609ee12a78ce139a,PREDICTIONS_FROZEN,False
200,TARGET_ASSISTED_LABELLED_TARGET_DIAGNOSTIC,43,455003,0,1050,0f2c1f5f826b41fe3e1cc11214f51d82eeb3801682cc4f9ef7b02712cd73c984,PREDICTIONS_FROZEN,False
500,TARGET_ASSISTED_LABELLED_TARGET_DIAGNOSTIC,43,455003,0,1050,f64caac33491e0fc0ad4e2954d87342def53c55da72f95917dff69e34155dbee,PREDICTIONS_FROZEN,False
7,TARGET_ASSISTED_LABELLED_TARGET_DIAGNOSTIC,43,480017,0,1050,f94c3a6adc64c663ca96db0cc47e95e4ee6b16a3b8519b15905fbbd5d0088f3e,PREDICTIONS_FROZEN,False
10,TARGET_ASSISTED_LABELLED_TARGET_DIAGNOSTIC,43,480017,0,1050,8c0b2a543047abdc11c149d503682a0d08ee0748fc5e5a1f746c6b117bc205dd,PREDICTIONS_FROZEN,False
20,TARGET_ASSISTED_LABELLED_TARGET_DIAGNOSTIC,43,480017,0,1050,5aa65e6f3389a970260de6e6c2b2939511190143cfd7b167d1b7eb56c568cc38,PREDICTIONS_FROZEN,False
21,TARGET_ASSISTED_LABELLED_TARGET_DIAGNOSTIC,43,480017,0,1050,5aa65e6f3389a970260de6e6c2b2939511190143cfd7b167d1b7eb56c568cc38,PREDICTIONS_FROZEN,False
35,TARGET_ASSISTED_LABELLED_TARGET_DIAGNOSTIC,43,480017,0,1050,235418046d533f2f3e86a338364b0d6c94088f87871058f1c88c89a43612882a,PREDICTIONS_FROZEN,False
50,TARGET_ASSISTED_LABELLED_TARGET_DIAGNOSTIC,43,480017,0,1050,64ba3ae790080d3d1aaf0c12752750730a817f9a0285f319275c6b592be7a517,PREDICTIONS_FROZEN,False
100,TARGET_ASSISTED_LABELLED_TARGET_DIAGNOSTIC,43,480017,0,1050,d40cca71079376fdf2073a519bde0179fb5b1b6961fbfbf2db4ec4db7c3e7601,PREDICTIONS_FROZEN,False
200,TARGET_ASSISTED_LABELLED_TARGET_DIAGNOSTIC,43,480017,0,1050,3692a1301210e4da98e3efb60142fc9df9be57936ff8174a7ded415c07fdf682,PREDICTIONS_FROZEN,False
500,TARGET_ASSISTED_LABELLED_TARGET_DIAGNOSTIC,43,480017,0,1050,f203449b249140d6a52088c44dc89af7ae8b43e02648efea87be857cedfcde53,PREDICTIONS_FROZEN,False
7,TARGET_ASSISTED_LABELLED_TARGET_DIAGNOSTIC,43,505027,0,1050,64f2ff8f29f644627944009323009c8f539deca50e7c54548e21b61d0322dadf,PREDICTIONS_FROZEN,False
10,TARGET_ASSISTED_LABELLED_TARGET_DIAGNOSTIC,43,505027,0,1050,258cbf8f8cbe4c1ea306e3e52984db001a6f59975ab3318b3f3da3c2507ad758,PREDICTIONS_FROZEN,False
20,TARGET_ASSISTED_LABELLED_TARGET_DIAGNOSTIC,43,505027,0,1050,e14e74c0536191b67db2a56a3b13436a41cfb755a42dbcc516192d3005b7fad7,PREDICTIONS_FROZEN,False
21,TARGET_ASSISTED_LABELLED_TARGET_DIAGNOSTIC,43,505027,0,1050,df2059e76cb6a45d24b6209114e88c400934c02aa6dc47b661ed5219fd48d0b5,PREDICTIONS_FROZEN,False
35,TARGET_ASSISTED_LABELLED_TARGET_DIAGNOSTIC,43,505027,0,1050,a81b53a51753da84e8a0f1d04bc908cfdd1c34b302c6f367d6c3522b0f1bf543,PREDICTIONS_FROZEN,False
50,TARGET_ASSISTED_LABELLED_TARGET_DIAGNOSTIC,43,505027,0,1050,63a9462a899f4c70cb1378587e0c3d9ced2564373c14cceabb93db31791b083c,PREDICTIONS_FROZEN,False
100,TARGET_ASSISTED_LABELLED_TARGET_DIAGNOSTIC,43,505027,0,1050,f2133557c2c51190e0b8659f34359158685df12f0cdaf000196fbb896129dbb4,PREDICTIONS_FROZEN,False
200,TARGET_ASSISTED_LABELLED_TARGET_DIAGNOSTIC,43,505027,0,1050,38429019b499ac556c84e444693484accecf51c94f9c4de6ce74fe488b4c1ae6,PREDICTIONS_FROZEN,False
500,TARGET_ASSISTED_LABELLED_TARGET_DIAGNOSTIC,43,505027,0,1050,f64caac33491e0fc0ad4e2954d87342def53c55da72f95917dff69e34155dbee,PREDICTIONS_FROZEN,False
7,TARGET_ASSISTED_LABELLED_TARGET_DIAGNOSTIC,43,530017,0,1050,a3f82035bd2540541e6fc7c6e425aae77ff5371df72e5d9b5161c5ea9fe812e4,PREDICTIONS_FROZEN,False
10,TARGET_ASSISTED_LABELLED_TARGET_DIAGNOSTIC,43,530017,0,1050,b905dc8d812aa5907af2373fb766c1e9bded392f0f123626322fd2bb078e9896,PREDICTIONS_FROZEN,False
20,TARGET_ASSISTED_LABELLED_TARGET_DIAGNOSTIC,43,530017,0,1050,31bd010cbe63c703988a53ef37954b086fb104d53d0ea6681f362d35e9b1a6c0,PREDICTIONS_FROZEN,False
21,TARGET_ASSISTED_LABELLED_TARGET_DIAGNOSTIC,43,530017,0,1050,cdc17fc3cfda3a7c58cbde881c3ad8ee811da22501a0f2022305d3a7f7ee8e1b,PREDICTIONS_FROZEN,False
35,TARGET_ASSISTED_LABELLED_TARGET_DIAGNOSTIC,43,530017,0,1050,faf0b30c569109a9bd5e30d1a8ccaf73ad1f95104f1cc7a34ab1dd0baa6d01ed,PREDICTIONS_FROZEN,False
50,TARGET_ASSISTED_LABELLED_TARGET_DIAGNOSTIC,43,530017,0,1050,71f660986d48cee739468a72525bf741515da2c63a9bc66c629476a95d2d1509,PREDICTIONS_FROZEN,False
100,TARGET_ASSISTED_LABELLED_TARGET_DIAGNOSTIC,43,530017,0,1050,e2307c40b78af2249b5d464dbe95a7eda2ae8288bc415424bedb9308d803aaac,PREDICTIONS_FROZEN,False
200,TARGET_ASSISTED_LABELLED_TARGET_DIAGNOSTIC,43,530017,0,1050,3692a1301210e4da98e3efb60142fc9df9be57936ff8174a7ded415c07fdf682,PREDICTIONS_FROZEN,False
500,TARGET_ASSISTED_LABELLED_TARGET_DIAGNOSTIC,43,530017,0,1050,3692a1301210e4da98e3efb60142fc9df9be57936ff8174a7ded415c07fdf682,PREDICTIONS_FROZEN,False
7,TARGET_ASSISTED_LABELLED_TARGET_DIAGNOSTIC,43,555029,0,1050,6757c5527f7e3f1718c360807b42f7da0b288d7ca514ea506dbe62f219638356,PREDICTIONS_FROZEN,False
10,TARGET_ASSISTED_LABELLED_TARGET_DIAGNOSTIC,43,555029,0,1050,919305ce9d72f927fc4786c84627818359f3dd2a957f04a2dba23e2de792c9b9,PREDICTIONS_FROZEN,False
20,TARGET_ASSISTED_LABELLED_TARGET_DIAGNOSTIC,43,555029,0,1050,a5a7e24b0e535de5e9ff801d7b9bc9a276c0b65a6c6a6ba02627dade33c1027c,PREDICTIONS_FROZEN,False
21,TARGET_ASSISTED_LABELLED_TARGET_DIAGNOSTIC,43,555029,0,1050,dd7075254335d4948fdd40252849acb8441e11e767ca6b2b871f0c18759c861a,PREDICTIONS_FROZEN,False
35,TARGET_ASSISTED_LABELLED_TARGET_DIAGNOSTIC,43,555029,0,1050,5701e122dbf717bf2cb8b3b1b5eaa50a703c7a24be6c4cc38534a5ad8ceef873,PREDICTIONS_FROZEN,False
50,TARGET_ASSISTED_LABELLED_TARGET_DIAGNOSTIC,43,555029,0,1050,f203449b249140d6a52088c44dc89af7ae8b43e02648efea87be857cedfcde53,PREDICTIONS_FROZEN,False
100,TARGET_ASSISTED_LABELLED_TARGET_DIAGNOSTIC,43,555029,0,1050,3692a1301210e4da98e3efb60142fc9df9be57936ff8174a7ded415c07fdf682,PREDICTIONS_FROZEN,False
200,TARGET_ASSISTED_LABELLED_TARGET_DIAGNOSTIC,43,555029,0,1050,6d15c41b2ef002ff9f45a99c2038d4ee3e53a7e18d3151b005034145bbcf188e,PREDICTIONS_FROZEN,False
500,TARGET_ASSISTED_LABELLED_TARGET_DIAGNOSTIC,43,555029,0,1050,fdae223eae560005d54c3ec2cb90a5d7341820af9a34d0559803a79f0aee82c1,PREDICTIONS_FROZEN,False
7,TARGET_ASSISTED_LABELLED_TARGET_DIAGNOSTIC,43,580031,0,1050,53646dcaaeb828f25492009753ccd8764be6e32ffa2c9cb32dc0a239aa38b819,PREDICTIONS_FROZEN,False
10,TARGET_ASSISTED_LABELLED_TARGET_DIAGNOSTIC,43,580031,0,1050,35ae940e8dfe657d89726236de594378ee76b1c347bd547b02a2c345b0209b38,PREDICTIONS_FROZEN,False
20,TARGET_ASSISTED_LABELLED_TARGET_DIAGNOSTIC,43,580031,0,1050,d9cd37640adbdc7e0f07f1f7b7f2d208fed58b4d2a2da1ddcc559f3e9c9a725f,PREDICTIONS_FROZEN,False
21,TARGET_ASSISTED_LABELLED_TARGET_DIAGNOSTIC,43,580031,0,1050,d9cd37640adbdc7e0f07f1f7b7f2d208fed58b4d2a2da1ddcc559f3e9c9a725f,PREDICTIONS_FROZEN,False
35,TARGET_ASSISTED_LABELLED_TARGET_DIAGNOSTIC,43,580031,0,1050,581426796537bf61dc4800c055f3be782ec9a086a845915ba261338086a6bc20,PREDICTIONS_FROZEN,False
50,TARGET_ASSISTED_LABELLED_TARGET_DIAGNOSTIC,43,580031,0,1050,76954ae50c3ed8a8acaf247ad214b1fd09d9eecb60c132abe444891bcf9e8a45,PREDICTIONS_FROZEN,False
100,TARGET_ASSISTED_LABELLED_TARGET_DIAGNOSTIC,43,580031,0,1050,2bc0d620d64064fe6671df570c512ca16fda48bcf40fcececb5a955c883b7232,PREDICTIONS_FROZEN,False
200,TARGET_ASSISTED_LABELLED_TARGET_DIAGNOSTIC,43,580031,0,1050,76954ae50c3ed8a8acaf247ad214b1fd09d9eecb60c132abe444891bcf9e8a45,PREDICTIONS_FROZEN,False
500,TARGET_ASSISTED_LABELLED_TARGET_DIAGNOSTIC,43,580031,0,1050,6cfcb7748f6d85ff3677dacd3990a000f57fea960fff8c3649331b1a3f358e34,PREDICTIONS_FROZEN,False
0,STRICT_SOURCE_ONLY_DG,43,,1,1050,b057f31d8b50e93b922962824de115fb7491f16f87c6a1726fc3720ef9da428a,PREDICTIONS_FROZEN,False
7,TARGET_ASSISTED_LABELLED_TARGET_DIAGNOSTIC,43,104729,1,1050,802b17837464ddfce889c3276bc97ea55a5b48809a83c6934f83b7668fec327d,PREDICTIONS_FROZEN,False
10,TARGET_ASSISTED_LABELLED_TARGET_DIAGNOSTIC,43,104729,1,1050,2cd48b966de92d084de47dee5e1f40fe2020c45b60b06f94224cffd78794a2df,PREDICTIONS_FROZEN,False
20,TARGET_ASSISTED_LABELLED_TARGET_DIAGNOSTIC,43,104729,1,1050,4025a2448f52ff630dd5f30d0d212b5b4950f89dfbc64bf6c97ac22711a5d5f9,PREDICTIONS_FROZEN,False
21,TARGET_ASSISTED_LABELLED_TARGET_DIAGNOSTIC,43,104729,1,1050,cad08734766f33a04631db21913d29d19a06670f11ecec1d4722047c25b1a18c,PREDICTIONS_FROZEN,False
35,TARGET_ASSISTED_LABELLED_TARGET_DIAGNOSTIC,43,104729,1,1050,8ce073bf5a701081a47c68e86ad64711c8877dfaafde589173458fed127474d1,PREDICTIONS_FROZEN,False
50,TARGET_ASSISTED_LABELLED_TARGET_DIAGNOSTIC,43,104729,1,1050,9fa77b22930df1998a03162e14951a3ac15bc5f4516aae4eee31d541d764b850,PREDICTIONS_FROZEN,False
100,TARGET_ASSISTED_LABELLED_TARGET_DIAGNOSTIC,43,104729,1,1050,d1f9ee05364d49ca1d3be81c785cff9524a5c2e1ff7063a8bb57886ae67c3f59,PREDICTIONS_FROZEN,False
200,TARGET_ASSISTED_LABELLED_TARGET_DIAGNOSTIC,43,104729,1,1050,693b62c3e632b999998597abe97500a9a2ca3eabe45d1203cf6a20c2066d977f,PREDICTIONS_FROZEN,False
500,TARGET_ASSISTED_LABELLED_TARGET_DIAGNOSTIC,43,104729,1,1050,7e2e5f9cae81d0e2c4b5c29b9bfe1ea27c7955575c29ed27ce803c28df3c93f0,PREDICTIONS_FROZEN,False
7,TARGET_ASSISTED_LABELLED_TARGET_DIAGNOSTIC,43,130363,1,1050,3469bd87d83450e6c16fd351143b6c70cfb750c6c21aa40350a61c8577b62dbf,PREDICTIONS_FROZEN,False
10,TARGET_ASSISTED_LABELLED_TARGET_DIAGNOSTIC,43,130363,1,1050,076b2552d9121d3f67fdb5fa75690fc751bfbefcbcf2b96455610b59a79f4d72,PREDICTIONS_FROZEN,False
20,TARGET_ASSISTED_LABELLED_TARGET_DIAGNOSTIC,43,130363,1,1050,51e3fad9f5cf3fd3f99671adf1b18be2eb867fddd4f6f1d7ecec4532bb9ceb00,PREDICTIONS_FROZEN,False
21,TARGET_ASSISTED_LABELLED_TARGET_DIAGNOSTIC,43,130363,1,1050,ed7540195f935f1cb9beedf931074bcb12c3f44d9080e2ea50ef88d4c4083f7f,PREDICTIONS_FROZEN,False
35,TARGET_ASSISTED_LABELLED_TARGET_DIAGNOSTIC,43,130363,1,1050,4228c2dcbe4371fb9d0c8bf7a281208fa82e342358658549a7e2007d88a6c541,PREDICTIONS_FROZEN,False
50,TARGET_ASSISTED_LABELLED_TARGET_DIAGNOSTIC,43,130363,1,1050,0707d4050c17b516040f82c79a28f667b5a8c5226ea6f973c1036a622cfb905f,PREDICTIONS_FROZEN,False
100,TARGET_ASSISTED_LABELLED_TARGET_DIAGNOSTIC,43,130363,1,1050,e632b1058c6ba1ffe9306fb6868ef8be8d3aab08a785934131f93281ac44ee09,PREDICTIONS_FROZEN,False
200,TARGET_ASSISTED_LABELLED_TARGET_DIAGNOSTIC,43,130363,1,1050,ad0f1c9664f9f3c1ff9d3207c97b958187930825dfc912d9f87fe92a536576f9,PREDICTIONS_FROZEN,False
500,TARGET_ASSISTED_LABELLED_TARGET_DIAGNOSTIC,43,130363,1,1050,034809fec45a592b5f742a31fdbdb3f644fa35cbf62690e048c17019508185d3,PREDICTIONS_FROZEN,False
7,TARGET_ASSISTED_LABELLED_TARGET_DIAGNOSTIC,43,155921,1,1050,f10119371ad2b48917ccf9957ddfb08498960e610430cf4a379d8b8551344e2e,PREDICTIONS_FROZEN,False
10,TARGET_ASSISTED_LABELLED_TARGET_DIAGNOSTIC,43,155921,1,1050,9ea1ae37ba0de901642d117848a40bee6cd882cebd074fa71c7e4f68ac13f66a,PREDICTIONS_FROZEN,False
20,TARGET_ASSISTED_LABELLED_TARGET_DIAGNOSTIC,43,155921,1,1050,d29ffd74c9352c5c6863c3fba424d573c156530859197baa3b524bf327845957,PREDICTIONS_FROZEN,False
21,TARGET_ASSISTED_LABELLED_TARGET_DIAGNOSTIC,43,155921,1,1050,d1139a6c062ea926905384712ee43a4fa037b09c97ce11b69c7f611c75bde899,PREDICTIONS_FROZEN,False
35,TARGET_ASSISTED_LABELLED_TARGET_DIAGNOSTIC,43,155921,1,1050,09c85d07955e5b5503e93412b33d6101280e6d0e529d916b3be15e8812e9467e,PREDICTIONS_FROZEN,False
50,TARGET_ASSISTED_LABELLED_TARGET_DIAGNOSTIC,43,155921,1,1050,b1323f61590f38e9633abdab53cf3f725245b4e1541e990e6dbdb28fa4f8b207,PREDICTIONS_FROZEN,False
100,TARGET_ASSISTED_LABELLED_TARGET_DIAGNOSTIC,43,155921,1,1050,173994c4669d8860eddef70ccd1997d0accb35691e40679c52d14998df3dfd3b,PREDICTIONS_FROZEN,False
200,TARGET_ASSISTED_LABELLED_TARGET_DIAGNOSTIC,43,155921,1,1050,f991363fe99ae09f7c5163b630ada05a2e2772574732bc9198b8eb7b088a77a9,PREDICTIONS_FROZEN,False
500,TARGET_ASSISTED_LABELLED_TARGET_DIAGNOSTIC,43,155921,1,1050,b7d59c07eeefa3d747fa3e1afdc86a903dcbaaafbc48c0b32698dc643a531aee,PREDICTIONS_FROZEN,False
7,TARGET_ASSISTED_LABELLED_TARGET_DIAGNOSTIC,43,181081,1,1050,72d9d55dd6ed62a21bd524b313928f1d0247203804a62cbcffb861f37ad7ca48,PREDICTIONS_FROZEN,False
10,TARGET_ASSISTED_LABELLED_TARGET_DIAGNOSTIC,43,181081,1,1050,99c8e9a7926f13bf3fdc41ffad197b8276f1a15d016ed5b72424c7f00d0e4fc3,PREDICTIONS_FROZEN,False
20,TARGET_ASSISTED_LABELLED_TARGET_DIAGNOSTIC,43,181081,1,1050,07d40391420269eba3dc4684beb47df7d4f3d7d0d258a611236da68b1c2945ad,PREDICTIONS_FROZEN,False
21,TARGET_ASSISTED_LABELLED_TARGET_DIAGNOSTIC,43,181081,1,1050,a5629a4aa886c91541322f1f382d5ab22ae144ace69fdc42ce7a9b543e6e66b0,PREDICTIONS_FROZEN,False
35,TARGET_ASSISTED_LABELLED_TARGET_DIAGNOSTIC,43,181081,1,1050,4b252ce9d8dec64c06a7ce88f98e03073c819133ece6cbeda6f819c0ce6d06fb,PREDICTIONS_FROZEN,False
50,TARGET_ASSISTED_LABELLED_TARGET_DIAGNOSTIC,43,181081,1,1050,14f2f02865220c63dbd3110f594e64d95e6dd00e4e1a78fdf3c2f1238c4e550b,PREDICTIONS_FROZEN,False
100,TARGET_ASSISTED_LABELLED_TARGET_DIAGNOSTIC,43,181081,1,1050,1e2de8a75fd586b6ac72fd249ae425c654b41652faac6087728760606b02982b,PREDICTIONS_FROZEN,False
200,TARGET_ASSISTED_LABELLED_TARGET_DIAGNOSTIC,43,181081,1,1050,032020467272d4d4d9a89d75990538fec233a0f42bc28ee3abb4744e88948e73,PREDICTIONS_FROZEN,False
500,TARGET_ASSISTED_LABELLED_TARGET_DIAGNOSTIC,43,181081,1,1050,b190013d8e81e71ae22dc4d74113d7b44f8641919efaca71ca8470aa8bff9726,PREDICTIONS_FROZEN,False
7,TARGET_ASSISTED_LABELLED_TARGET_DIAGNOSTIC,43,205439,1,1050,6c3213c2c45100bf632ff61f011b024252e0e0b6ee3d5b9e2bbe46068cdadec9,PREDICTIONS_FROZEN,False
10,TARGET_ASSISTED_LABELLED_TARGET_DIAGNOSTIC,43,205439,1,1050,f02f36c3c2d0c773850e47b4fb2211a9a4375d7330a4077e5fc3fb5e6486df7b,PREDICTIONS_FROZEN,False
20,TARGET_ASSISTED_LABELLED_TARGET_DIAGNOSTIC,43,205439,1,1050,dd25b495c306605f432b51741b57ba3040ca35500b35faefa033871b297cbf5f,PREDICTIONS_FROZEN,False
21,TARGET_ASSISTED_LABELLED_TARGET_DIAGNOSTIC,43,205439,1,1050,23da2dd212de33359018922130451a87d7cad531ae1de6526e09e23c1362366d,PREDICTIONS_FROZEN,False
35,TARGET_ASSISTED_LABELLED_TARGET_DIAGNOSTIC,43,205439,1,1050,0027cde1c31df0ceb64dd3a2cc1c820503f46656c03150c0c6ad60bed6ef712e,PREDICTIONS_FROZEN,False
50,TARGET_ASSISTED_LABELLED_TARGET_DIAGNOSTIC,43,205439,1,1050,56e0012d4845d9cfd705a57c28dffc1f1209a57b1783037c4c6d5d3bce8ce0b1,PREDICTIONS_FROZEN,False
100,TARGET_ASSISTED_LABELLED_TARGET_DIAGNOSTIC,43,205439,1,1050,18c4b15a6c6664db0ac24d94ff83a421611504db294a68874e3c1febff5dd940,PREDICTIONS_FROZEN,False
200,TARGET_ASSISTED_LABELLED_TARGET_DIAGNOSTIC,43,205439,1,1050,9ab5693fd5527c500c4960cfaea3fbdb4de61e685c40845a29836ae1d4af7564,PREDICTIONS_FROZEN,False
500,TARGET_ASSISTED_LABELLED_TARGET_DIAGNOSTIC,43,205439,1,1050,428529ce57a18661cdccfd8f6fa9bc017a55696a4c9d4caef54f9a222be6ca9d,PREDICTIONS_FROZEN,False
7,TARGET_ASSISTED_LABELLED_TARGET_DIAGNOSTIC,43,230003,1,1050,4368acfdbc49de89443d238c29d8a32a86b978cb1abc3408e3bf9c8dd78901d0,PREDICTIONS_FROZEN,False
10,TARGET_ASSISTED_LABELLED_TARGET_DIAGNOSTIC,43,230003,1,1050,192bc7c161ba0fee134f225dd90c64ec99f83dafe3d72e4e39d3d9178ff8f589,PREDICTIONS_FROZEN,False
20,TARGET_ASSISTED_LABELLED_TARGET_DIAGNOSTIC,43,230003,1,1050,43ab16915b5b455f616ffc786d60d0989fedba491cfc7b948cefb06af1651c65,PREDICTIONS_FROZEN,False
21,TARGET_ASSISTED_LABELLED_TARGET_DIAGNOSTIC,43,230003,1,1050,4f6e65281461a46467430a68fc252be0f4f24c8f103315b06cbbf47cc07e36b0,PREDICTIONS_FROZEN,False
35,TARGET_ASSISTED_LABELLED_TARGET_DIAGNOSTIC,43,230003,1,1050,8ce073bf5a701081a47c68e86ad64711c8877dfaafde589173458fed127474d1,PREDICTIONS_FROZEN,False
50,TARGET_ASSISTED_LABELLED_TARGET_DIAGNOSTIC,43,230003,1,1050,bd5a4fd5b0ae4de1ea83d9a5605272b07eb21411a14828884cec9e603c70880d,PREDICTIONS_FROZEN,False
100,TARGET_ASSISTED_LABELLED_TARGET_DIAGNOSTIC,43,230003,1,1050,fb90585599401953f119ebbcdb44574a2b37f49352dcb597c8da18d88ded9d6d,PREDICTIONS_FROZEN,False
200,TARGET_ASSISTED_LABELLED_TARGET_DIAGNOSTIC,43,230003,1,1050,4688e6682e32b512deef5cbc6e351ba69d70adcfccd3d307b80e2dfff8740304,PREDICTIONS_FROZEN,False
500,TARGET_ASSISTED_LABELLED_TARGET_DIAGNOSTIC,43,230003,1,1050,7e2e5f9cae81d0e2c4b5c29b9bfe1ea27c7955575c29ed27ce803c28df3c93f0,PREDICTIONS_FROZEN,False
7,TARGET_ASSISTED_LABELLED_TARGET_DIAGNOSTIC,43,254959,1,1050,2b657ca1468bc3d3cdf6facd872c1ca4464ce7d7f1b990d5d3035de29c38db77,PREDICTIONS_FROZEN,False
10,TARGET_ASSISTED_LABELLED_TARGET_DIAGNOSTIC,43,254959,1,1050,64f4bd164dcbb0d8e7bfa9c9eaed4d973035b79417743130bc48afcd36178b5f,PREDICTIONS_FROZEN,False
20,TARGET_ASSISTED_LABELLED_TARGET_DIAGNOSTIC,43,254959,1,1050,d4d184313b59e529d457c25790780c520a686b8f1a77cd0a6ce9089ea308df95,PREDICTIONS_FROZEN,False
21,TARGET_ASSISTED_LABELLED_TARGET_DIAGNOSTIC,43,254959,1,1050,014e0b92845618b9230769bb95a07d32003b5a48af7597db7e4431a479627ee4,PREDICTIONS_FROZEN,False
35,TARGET_ASSISTED_LABELLED_TARGET_DIAGNOSTIC,43,254959,1,1050,fd27f5e594dcfd5b836ad44ee6261db47d9942d3425ecab32e3db6c336fd7158,PREDICTIONS_FROZEN,False
50,TARGET_ASSISTED_LABELLED_TARGET_DIAGNOSTIC,43,254959,1,1050,2ce2edeceeee9d8ddfeca9068332681ba9a866f248e8fcc91ffd7f1aad595476,PREDICTIONS_FROZEN,False
100,TARGET_ASSISTED_LABELLED_TARGET_DIAGNOSTIC,43,254959,1,1050,dfdd67fe33c7baf8995c79cc48aabb4210057d69bc846a74487ae40aef24591f,PREDICTIONS_FROZEN,False
200,TARGET_ASSISTED_LABELLED_TARGET_DIAGNOSTIC,43,254959,1,1050,6b0f2ba8e285f13902f8862067fb42d2cf62b3118be61ecf3db4b4f613f64614,PREDICTIONS_FROZEN,False
500,TARGET_ASSISTED_LABELLED_TARGET_DIAGNOSTIC,43,254959,1,1050,9dd232f5b454a97ffa713eb1c3e99d648181215236b4c9656088c9792af67883,PREDICTIONS_FROZEN,False
7,TARGET_ASSISTED_LABELLED_TARGET_DIAGNOSTIC,43,280001,1,1050,885aca3ccc0c7f95a35f2a13ff523fafd3bfc9e1e3a02ba05738376e48fb57a5,PREDICTIONS_FROZEN,False
10,TARGET_ASSISTED_LABELLED_TARGET_DIAGNOSTIC,43,280001,1,1050,12e796de1d22e0be5e378983b152bda362f0e083cbf8450c8372032b3f55c866,PREDICTIONS_FROZEN,False
20,TARGET_ASSISTED_LABELLED_TARGET_DIAGNOSTIC,43,280001,1,1050,73ed81bcf4538f5b14a2d5ca9362a984d8a152db41db951f2c1dc1df83ca411c,PREDICTIONS_FROZEN,False
21,TARGET_ASSISTED_LABELLED_TARGET_DIAGNOSTIC,43,280001,1,1050,73ed81bcf4538f5b14a2d5ca9362a984d8a152db41db951f2c1dc1df83ca411c,PREDICTIONS_FROZEN,False
35,TARGET_ASSISTED_LABELLED_TARGET_DIAGNOSTIC,43,280001,1,1050,722b41cd49591e485383c4746e3f8c2a1fe7e228ca3ddddc3d5379788379c74b,PREDICTIONS_FROZEN,False
50,TARGET_ASSISTED_LABELLED_TARGET_DIAGNOSTIC,43,280001,1,1050,2d4e8de02fa7d9c80eef4023cc1d96ea4294883f3936035bd18a7350e26cf36f,PREDICTIONS_FROZEN,False
100,TARGET_ASSISTED_LABELLED_TARGET_DIAGNOSTIC,43,280001,1,1050,7e2e5f9cae81d0e2c4b5c29b9bfe1ea27c7955575c29ed27ce803c28df3c93f0,PREDICTIONS_FROZEN,False
200,TARGET_ASSISTED_LABELLED_TARGET_DIAGNOSTIC,43,280001,1,1050,6809b8452fd4e235b510242089289908333c7437f41a8c9e1a8be711af08fcb5,PREDICTIONS_FROZEN,False
500,TARGET_ASSISTED_LABELLED_TARGET_DIAGNOSTIC,43,280001,1,1050,7e2e5f9cae81d0e2c4b5c29b9bfe1ea27c7955575c29ed27ce803c28df3c93f0,PREDICTIONS_FROZEN,False
7,TARGET_ASSISTED_LABELLED_TARGET_DIAGNOSTIC,43,305093,1,1050,15ae9e6045e5c31b0ec92e81d904baa330a448348592da6883c6b7657295f734,PREDICTIONS_FROZEN,False
10,TARGET_ASSISTED_LABELLED_TARGET_DIAGNOSTIC,43,305093,1,1050,ccccb0d15e9a480d589d180bcc628a8a00cb48f48ef0fe51eb7b34639620d1d8,PREDICTIONS_FROZEN,False
20,TARGET_ASSISTED_LABELLED_TARGET_DIAGNOSTIC,43,305093,1,1050,b4457284cc0f95a6d8d4ee500a9cbd77570259038a02f8e47162d319ea3f4bb1,PREDICTIONS_FROZEN,False
21,TARGET_ASSISTED_LABELLED_TARGET_DIAGNOSTIC,43,305093,1,1050,9110cabd1bad531692645aa6ac36fda9a7e745c75712107fbc9bb700de3bcd90,PREDICTIONS_FROZEN,False
35,TARGET_ASSISTED_LABELLED_TARGET_DIAGNOSTIC,43,305093,1,1050,d66b4686b082c19c1dccf16771b1d250ee2472723b32b023bacbb3e5ec390e24,PREDICTIONS_FROZEN,False
50,TARGET_ASSISTED_LABELLED_TARGET_DIAGNOSTIC,43,305093,1,1050,34a92c207dd811aa9c1ca8faf353afb67396d7dde1a33b9ba3f29ec0156c823e,PREDICTIONS_FROZEN,False
100,TARGET_ASSISTED_LABELLED_TARGET_DIAGNOSTIC,43,305093,1,1050,b2ab33f47bdba1348837a53c9c5c60eb93cfb96a67989b19d8ff2c1559f5842d,PREDICTIONS_FROZEN,False
200,TARGET_ASSISTED_LABELLED_TARGET_DIAGNOSTIC,43,305093,1,1050,92dccf394ba0f32e3a5c5e3115d6b9006001813f4f58c2b72a374b2962f9288c,PREDICTIONS_FROZEN,False
500,TARGET_ASSISTED_LABELLED_TARGET_DIAGNOSTIC,43,305093,1,1050,193c1da137b0fad21546c48bcb834a62e4f15d662c61b035031ce2b03322bc3c,PREDICTIONS_FROZEN,False
7,TARGET_ASSISTED_LABELLED_TARGET_DIAGNOSTIC,43,330017,1,1050,6c3213c2c45100bf632ff61f011b024252e0e0b6ee3d5b9e2bbe46068cdadec9,PREDICTIONS_FROZEN,False
10,TARGET_ASSISTED_LABELLED_TARGET_DIAGNOSTIC,43,330017,1,1050,789bb2ffc513778fb11227ca9040f03073d98534eecb2540b98faf4b676a0ea7,PREDICTIONS_FROZEN,False
20,TARGET_ASSISTED_LABELLED_TARGET_DIAGNOSTIC,43,330017,1,1050,3b2b901d840b716efe1a8d278eaf5f8e5e3e56c2297ec70eec631b12d8742862,PREDICTIONS_FROZEN,False
21,TARGET_ASSISTED_LABELLED_TARGET_DIAGNOSTIC,43,330017,1,1050,1c7f13aac733ab934674bffc1a33c90fb6ae891f8a654546a6aca16ee573671d,PREDICTIONS_FROZEN,False
35,TARGET_ASSISTED_LABELLED_TARGET_DIAGNOSTIC,43,330017,1,1050,3f14e2f41c2e4966fc24819bd314a24f17b06e7f439e2df27354b174e43d9904,PREDICTIONS_FROZEN,False
50,TARGET_ASSISTED_LABELLED_TARGET_DIAGNOSTIC,43,330017,1,1050,55304d6429f69b97a5521457715fbc3bb8b7444ef8c72428ac9c662c118c8f32,PREDICTIONS_FROZEN,False
100,TARGET_ASSISTED_LABELLED_TARGET_DIAGNOSTIC,43,330017,1,1050,bd3d1bee7226a5b7f70a0cd5509a2eccffe1c4ac2667f9ebac36b24045845dbc,PREDICTIONS_FROZEN,False
200,TARGET_ASSISTED_LABELLED_TARGET_DIAGNOSTIC,43,330017,1,1050,0bf807e7df77da47b2bd0417a8e14846a59478fb076b280955e80ed639da4ea6,PREDICTIONS_FROZEN,False
500,TARGET_ASSISTED_LABELLED_TARGET_DIAGNOSTIC,43,330017,1,1050,9b12a475a742cf898eaba9999142eca39a6bbd205aa83a0dd26e4ac68ea6f9b5,PREDICTIONS_FROZEN,False
7,TARGET_ASSISTED_LABELLED_TARGET_DIAGNOSTIC,43,355031,1,1050,72d9d55dd6ed62a21bd524b313928f1d0247203804a62cbcffb861f37ad7ca48,PREDICTIONS_FROZEN,False
10,TARGET_ASSISTED_LABELLED_TARGET_DIAGNOSTIC,43,355031,1,1050,7a8cad4ef8d3b9c12cafc64244d5da47a35462d5784ead73981146ee4db7ce81,PREDICTIONS_FROZEN,False
20,TARGET_ASSISTED_LABELLED_TARGET_DIAGNOSTIC,43,355031,1,1050,23c5d4e92729b0ae6349b7d06027ff25bd719cf5184e36cf42f84980aae753de,PREDICTIONS_FROZEN,False
21,TARGET_ASSISTED_LABELLED_TARGET_DIAGNOSTIC,43,355031,1,1050,2600cb7b5eb0a4e6d41ca44ca4ae29bc89d45a6dda588a7d386602aa2cd968c0,PREDICTIONS_FROZEN,False
35,TARGET_ASSISTED_LABELLED_TARGET_DIAGNOSTIC,43,355031,1,1050,8355948ce8e22a82ea7b49d481bfedb9935f0ac253c0d48e6726d2ac263a9ef7,PREDICTIONS_FROZEN,False
50,TARGET_ASSISTED_LABELLED_TARGET_DIAGNOSTIC,43,355031,1,1050,6dba60bf0a1527878bdd0e9b26284a793e1025540152909b5311517b7025d239,PREDICTIONS_FROZEN,False
100,TARGET_ASSISTED_LABELLED_TARGET_DIAGNOSTIC,43,355031,1,1050,1f16980355f931fe05583a64ee368e31add4106857da6437b9e108d07fc2f821,PREDICTIONS_FROZEN,False
200,TARGET_ASSISTED_LABELLED_TARGET_DIAGNOSTIC,43,355031,1,1050,f41f7d0f2177fafff90843aa89c3b1242349dd85d73600cf6080918c7cadf20f,PREDICTIONS_FROZEN,False
500,TARGET_ASSISTED_LABELLED_TARGET_DIAGNOSTIC,43,355031,1,1050,d5345ad6b289915741f1bfa788721e4339c04535040c1eaa3b2f2224ac532bb7,PREDICTIONS_FROZEN,False
7,TARGET_ASSISTED_LABELLED_TARGET_DIAGNOSTIC,43,380041,1,1050,634f8c2d8168916a1b8f3df556049afc68461d40a1c34752316bebc7243fa761,PREDICTIONS_FROZEN,False
10,TARGET_ASSISTED_LABELLED_TARGET_DIAGNOSTIC,43,380041,1,1050,13341f54226b3a4da6543921f88d82894ecc8cc057d3fc3eeed9d13eb5ffceb2,PREDICTIONS_FROZEN,False
20,TARGET_ASSISTED_LABELLED_TARGET_DIAGNOSTIC,43,380041,1,1050,cf6f3d72c882c571a66289a6bf02f68c23c30678c3d5b9269e29e27655d303a7,PREDICTIONS_FROZEN,False
21,TARGET_ASSISTED_LABELLED_TARGET_DIAGNOSTIC,43,380041,1,1050,c56fabf03f7bb098ecb26df572af3244966bb46fd97a8c791c6c4fa4c12983c5,PREDICTIONS_FROZEN,False
35,TARGET_ASSISTED_LABELLED_TARGET_DIAGNOSTIC,43,380041,1,1050,7e8aaaf6d8ae4ff4875b75928aa61478fc83803dde4f750d6893cd9e22d3bb8e,PREDICTIONS_FROZEN,False
50,TARGET_ASSISTED_LABELLED_TARGET_DIAGNOSTIC,43,380041,1,1050,d364dd122ed47691fca1096bcb7e87df13799933f91c57c34f995d9778c38e74,PREDICTIONS_FROZEN,False
100,TARGET_ASSISTED_LABELLED_TARGET_DIAGNOSTIC,43,380041,1,1050,1785595c75827267b7b38cd654530bd77e2f00d46adfa26ab8bcdbf028dbb467,PREDICTIONS_FROZEN,False
200,TARGET_ASSISTED_LABELLED_TARGET_DIAGNOSTIC,43,380041,1,1050,e039cf1c8fbef9036342d5b833e820a82925184bdf02f5e09db201f4c3ad48d6,PREDICTIONS_FROZEN,False
500,TARGET_ASSISTED_LABELLED_TARGET_DIAGNOSTIC,43,380041,1,1050,7e2e5f9cae81d0e2c4b5c29b9bfe1ea27c7955575c29ed27ce803c28df3c93f0,PREDICTIONS_FROZEN,False
7,TARGET_ASSISTED_LABELLED_TARGET_DIAGNOSTIC,43,405019,1,1050,35845bdf70bd77a0bbf5367a0d5bb563e210c40cf59e90d84e49ca391d10df07,PREDICTIONS_FROZEN,False
10,TARGET_ASSISTED_LABELLED_TARGET_DIAGNOSTIC,43,405019,1,1050,410f6f1766b14a477537f28af21ef22516a5b09389d1ca39b406c51a1d3efcd9,PREDICTIONS_FROZEN,False
20,TARGET_ASSISTED_LABELLED_TARGET_DIAGNOSTIC,43,405019,1,1050,53ac21f74519c6f87aa412fbe573cc133383dfe2d1d1da41ac8de48fb93f62e4,PREDICTIONS_FROZEN,False
21,TARGET_ASSISTED_LABELLED_TARGET_DIAGNOSTIC,43,405019,1,1050,a7ef2854c016dade8ae21d6a206b66dcc9f696d62dcc1860fc7b8b4884b0e63e,PREDICTIONS_FROZEN,False
35,TARGET_ASSISTED_LABELLED_TARGET_DIAGNOSTIC,43,405019,1,1050,1bf3c9d1289be5edbba9b543d54dcff3fcac9e3a9758f3d843944711f14ab179,PREDICTIONS_FROZEN,False
50,TARGET_ASSISTED_LABELLED_TARGET_DIAGNOSTIC,43,405019,1,1050,c55725ad9c4197195ca26d774c36a7250dcf9bbce6203921ce1d744144ee5765,PREDICTIONS_FROZEN,False
100,TARGET_ASSISTED_LABELLED_TARGET_DIAGNOSTIC,43,405019,1,1050,e23dc886e3d061cd33a427c372f191053aa799dc06220ba6bcecb53a0236d897,PREDICTIONS_FROZEN,False
200,TARGET_ASSISTED_LABELLED_TARGET_DIAGNOSTIC,43,405019,1,1050,92dccf394ba0f32e3a5c5e3115d6b9006001813f4f58c2b72a374b2962f9288c,PREDICTIONS_FROZEN,False
500,TARGET_ASSISTED_LABELLED_TARGET_DIAGNOSTIC,43,405019,1,1050,173994c4669d8860eddef70ccd1997d0accb35691e40679c52d14998df3dfd3b,PREDICTIONS_FROZEN,False
7,TARGET_ASSISTED_LABELLED_TARGET_DIAGNOSTIC,43,430007,1,1050,72d9d55dd6ed62a21bd524b313928f1d0247203804a62cbcffb861f37ad7ca48,PREDICTIONS_FROZEN,False
10,TARGET_ASSISTED_LABELLED_TARGET_DIAGNOSTIC,43,430007,1,1050,bff0692eb73678649aa5d0f1dc326f20bea2933f890aa0c7144e2a3a6a32fa14,PREDICTIONS_FROZEN,False
20,TARGET_ASSISTED_LABELLED_TARGET_DIAGNOSTIC,43,430007,1,1050,1b09479174395082ed6312b8e17b43bf2d9e6b272335252f1b4e94d6710dfc01,PREDICTIONS_FROZEN,False
21,TARGET_ASSISTED_LABELLED_TARGET_DIAGNOSTIC,43,430007,1,1050,71459480f09c6e734553f1e93b7acfd8c6c2235515437319d6bfa8f72567bd8c,PREDICTIONS_FROZEN,False
35,TARGET_ASSISTED_LABELLED_TARGET_DIAGNOSTIC,43,430007,1,1050,4356871591022e2ccc56cf91d66eedac6126b395c6e4e41e41ac969843af2130,PREDICTIONS_FROZEN,False
50,TARGET_ASSISTED_LABELLED_TARGET_DIAGNOSTIC,43,430007,1,1050,b5370219bbdcf03d245fa2aaa10b19a08b0917fce5b05e1686befa5cf0bee7df,PREDICTIONS_FROZEN,False
100,TARGET_ASSISTED_LABELLED_TARGET_DIAGNOSTIC,43,430007,1,1050,28c861990067822e1642520c895065c3869790f2d2c48f9baae22c1adbd85269,PREDICTIONS_FROZEN,False
200,TARGET_ASSISTED_LABELLED_TARGET_DIAGNOSTIC,43,430007,1,1050,173994c4669d8860eddef70ccd1997d0accb35691e40679c52d14998df3dfd3b,PREDICTIONS_FROZEN,False
500,TARGET_ASSISTED_LABELLED_TARGET_DIAGNOSTIC,43,430007,1,1050,7e2e5f9cae81d0e2c4b5c29b9bfe1ea27c7955575c29ed27ce803c28df3c93f0,PREDICTIONS_FROZEN,False
7,TARGET_ASSISTED_LABELLED_TARGET_DIAGNOSTIC,43,455003,1,1050,dea4aa49200c4e9a54a19c83716e747cac7640618d6d7f42382c97d4e73cb70d,PREDICTIONS_FROZEN,False
10,TARGET_ASSISTED_LABELLED_TARGET_DIAGNOSTIC,43,455003,1,1050,f78f829e8bb86259e6a41bc2d30126653646d9069cc4d007329fe7527f1244a6,PREDICTIONS_FROZEN,False
20,TARGET_ASSISTED_LABELLED_TARGET_DIAGNOSTIC,43,455003,1,1050,fd9352f904b5717051a74592e5c5b9f86d8cb4657922dc05e5a324a711b9a5da,PREDICTIONS_FROZEN,False
21,TARGET_ASSISTED_LABELLED_TARGET_DIAGNOSTIC,43,455003,1,1050,cc38eef10bc31a631167f2a143232d95952c7897469329a65b9a8889a53d5c47,PREDICTIONS_FROZEN,False
35,TARGET_ASSISTED_LABELLED_TARGET_DIAGNOSTIC,43,455003,1,1050,8355948ce8e22a82ea7b49d481bfedb9935f0ac253c0d48e6726d2ac263a9ef7,PREDICTIONS_FROZEN,False
50,TARGET_ASSISTED_LABELLED_TARGET_DIAGNOSTIC,43,455003,1,1050,1785595c75827267b7b38cd654530bd77e2f00d46adfa26ab8bcdbf028dbb467,PREDICTIONS_FROZEN,False
100,TARGET_ASSISTED_LABELLED_TARGET_DIAGNOSTIC,43,455003,1,1050,1785595c75827267b7b38cd654530bd77e2f00d46adfa26ab8bcdbf028dbb467,PREDICTIONS_FROZEN,False
200,TARGET_ASSISTED_LABELLED_TARGET_DIAGNOSTIC,43,455003,1,1050,7593aa4c8493bf5778de9e9f276fd1da0354c6c46a1057a84c7a2a6523bb4993,PREDICTIONS_FROZEN,False
500,TARGET_ASSISTED_LABELLED_TARGET_DIAGNOSTIC,43,455003,1,1050,7188dc46bf864ec4e321f4d48376518707d40face13178dc1483a8d420a21eb9,PREDICTIONS_FROZEN,False
7,TARGET_ASSISTED_LABELLED_TARGET_DIAGNOSTIC,43,480017,1,1050,6c3213c2c45100bf632ff61f011b024252e0e0b6ee3d5b9e2bbe46068cdadec9,PREDICTIONS_FROZEN,False
10,TARGET_ASSISTED_LABELLED_TARGET_DIAGNOSTIC,43,480017,1,1050,29c179a28c4749701195ced2ef9f545ef84e52c8606701fc26a3fb55626583f3,PREDICTIONS_FROZEN,False
20,TARGET_ASSISTED_LABELLED_TARGET_DIAGNOSTIC,43,480017,1,1050,e97e41e015b3485291fb097f39f361816657bcb3ec9206cf1a40431bcffedfd4,PREDICTIONS_FROZEN,False
21,TARGET_ASSISTED_LABELLED_TARGET_DIAGNOSTIC,43,480017,1,1050,7c1e467d43bb5e0556f56a5dae4b0818d1b59db72aa6d8981ec5fdf428207958,PREDICTIONS_FROZEN,False
35,TARGET_ASSISTED_LABELLED_TARGET_DIAGNOSTIC,43,480017,1,1050,19b9f804b07f16ff94d0f87a84a5868174112fd834af3630f9646b45e7a11990,PREDICTIONS_FROZEN,False
50,TARGET_ASSISTED_LABELLED_TARGET_DIAGNOSTIC,43,480017,1,1050,9575aec7c8286de501d2439be8f9a6c0639d8addfb1464961e2ee6c34251e362,PREDICTIONS_FROZEN,False
100,TARGET_ASSISTED_LABELLED_TARGET_DIAGNOSTIC,43,480017,1,1050,d81ea81b774f6f9c593ed69373f568011c34e7f3473e0733420c7ad681ea3403,PREDICTIONS_FROZEN,False
200,TARGET_ASSISTED_LABELLED_TARGET_DIAGNOSTIC,43,480017,1,1050,0ae9cd6848afabdd0d9e950d060cd3040a5e814a5eb18e3efd213d06e2ab25f7,PREDICTIONS_FROZEN,False
500,TARGET_ASSISTED_LABELLED_TARGET_DIAGNOSTIC,43,480017,1,1050,0bf807e7df77da47b2bd0417a8e14846a59478fb076b280955e80ed639da4ea6,PREDICTIONS_FROZEN,False
7,TARGET_ASSISTED_LABELLED_TARGET_DIAGNOSTIC,43,505027,1,1050,d0ecbc7c8416da680798a3c3400c9f445ec2f9646465eab75af010c7d3156d28,PREDICTIONS_FROZEN,False
10,TARGET_ASSISTED_LABELLED_TARGET_DIAGNOSTIC,43,505027,1,1050,ac4571085e73148256de259820b77d0b1f37d08f005795e80ea4fd9fab36c1ad,PREDICTIONS_FROZEN,False
20,TARGET_ASSISTED_LABELLED_TARGET_DIAGNOSTIC,43,505027,1,1050,f319266039413b580ac88db2bf8862c2f18dd6f8c6821d7605778f295c3b856e,PREDICTIONS_FROZEN,False
21,TARGET_ASSISTED_LABELLED_TARGET_DIAGNOSTIC,43,505027,1,1050,1705fcc996664604ec9683d8c3a6244b022805b770cafbf372e008304eeadafc,PREDICTIONS_FROZEN,False
35,TARGET_ASSISTED_LABELLED_TARGET_DIAGNOSTIC,43,505027,1,1050,8355948ce8e22a82ea7b49d481bfedb9935f0ac253c0d48e6726d2ac263a9ef7,PREDICTIONS_FROZEN,False
50,TARGET_ASSISTED_LABELLED_TARGET_DIAGNOSTIC,43,505027,1,1050,92b2a88593b329239c5833f440993f24a9fa40631c6f24cc175c9d243c23df9f,PREDICTIONS_FROZEN,False
100,TARGET_ASSISTED_LABELLED_TARGET_DIAGNOSTIC,43,505027,1,1050,dcdc7717ccdc4615102b5fd570382cd476b52528691d0e50fdcf3fa1e0c95dd8,PREDICTIONS_FROZEN,False
200,TARGET_ASSISTED_LABELLED_TARGET_DIAGNOSTIC,43,505027,1,1050,173994c4669d8860eddef70ccd1997d0accb35691e40679c52d14998df3dfd3b,PREDICTIONS_FROZEN,False
500,TARGET_ASSISTED_LABELLED_TARGET_DIAGNOSTIC,43,505027,1,1050,d81ea81b774f6f9c593ed69373f568011c34e7f3473e0733420c7ad681ea3403,PREDICTIONS_FROZEN,False
7,TARGET_ASSISTED_LABELLED_TARGET_DIAGNOSTIC,43,530017,1,1050,56ae81657dcf888b7899a59189cf0cd1b5e08a0e4db113cb77337798aeb0588d,PREDICTIONS_FROZEN,False
10,TARGET_ASSISTED_LABELLED_TARGET_DIAGNOSTIC,43,530017,1,1050,affee994b1135626ceacb95a4ba8ed5a1a9220f2113c3b28f2d7ef22504beaff,PREDICTIONS_FROZEN,False
20,TARGET_ASSISTED_LABELLED_TARGET_DIAGNOSTIC,43,530017,1,1050,71b6411a85df7201d20054858da28976bea0ed43e2ef9d061ccb82f9878acbbe,PREDICTIONS_FROZEN,False
21,TARGET_ASSISTED_LABELLED_TARGET_DIAGNOSTIC,43,530017,1,1050,cc38eef10bc31a631167f2a143232d95952c7897469329a65b9a8889a53d5c47,PREDICTIONS_FROZEN,False
35,TARGET_ASSISTED_LABELLED_TARGET_DIAGNOSTIC,43,530017,1,1050,65392fcbe03782085a969690f74a365e0b2ec8a795cdaf23686d5070831f5531,PREDICTIONS_FROZEN,False
50,TARGET_ASSISTED_LABELLED_TARGET_DIAGNOSTIC,43,530017,1,1050,b87fbf807eaa5b99e515a909afa890ea05f829f5b9a4902ac2a7d7a134543ffb,PREDICTIONS_FROZEN,False
100,TARGET_ASSISTED_LABELLED_TARGET_DIAGNOSTIC,43,530017,1,1050,e5119e417ccc9fd88dc667edb3114aa6418fa2fb41991fc8c4030a017b1f973c,PREDICTIONS_FROZEN,False
200,TARGET_ASSISTED_LABELLED_TARGET_DIAGNOSTIC,43,530017,1,1050,7e2e5f9cae81d0e2c4b5c29b9bfe1ea27c7955575c29ed27ce803c28df3c93f0,PREDICTIONS_FROZEN,False
500,TARGET_ASSISTED_LABELLED_TARGET_DIAGNOSTIC,43,530017,1,1050,7e2e5f9cae81d0e2c4b5c29b9bfe1ea27c7955575c29ed27ce803c28df3c93f0,PREDICTIONS_FROZEN,False
7,TARGET_ASSISTED_LABELLED_TARGET_DIAGNOSTIC,43,555029,1,1050,58673dc279e666a67b65a4889b8f72d0a0a502c16896b7221ab6af03625d76da,PREDICTIONS_FROZEN,False
10,TARGET_ASSISTED_LABELLED_TARGET_DIAGNOSTIC,43,555029,1,1050,38e6456aa91ccd622709924a3ec760c799413072483ea0fe2f297aef7fc2a35e,PREDICTIONS_FROZEN,False
20,TARGET_ASSISTED_LABELLED_TARGET_DIAGNOSTIC,43,555029,1,1050,32a26612ab17807a19faca93955fb498aa08b780a621cdaa5005adaab59ee234,PREDICTIONS_FROZEN,False
21,TARGET_ASSISTED_LABELLED_TARGET_DIAGNOSTIC,43,555029,1,1050,2600cb7b5eb0a4e6d41ca44ca4ae29bc89d45a6dda588a7d386602aa2cd968c0,PREDICTIONS_FROZEN,False
35,TARGET_ASSISTED_LABELLED_TARGET_DIAGNOSTIC,43,555029,1,1050,1cd06372f6f523636bb1d899f5df083a3fce4811c16e9a3bac6a5e18413fc797,PREDICTIONS_FROZEN,False
50,TARGET_ASSISTED_LABELLED_TARGET_DIAGNOSTIC,43,555029,1,1050,8ecaa69bd80e0856f09ea2535ff77301e53f77fb0b88860cd75aa79141ac0f5f,PREDICTIONS_FROZEN,False
100,TARGET_ASSISTED_LABELLED_TARGET_DIAGNOSTIC,43,555029,1,1050,d81ea81b774f6f9c593ed69373f568011c34e7f3473e0733420c7ad681ea3403,PREDICTIONS_FROZEN,False
200,TARGET_ASSISTED_LABELLED_TARGET_DIAGNOSTIC,43,555029,1,1050,e9e8c0a829f750c099c9bc5004b57acfaaa307c52e56375fea630a6e934a9b82,PREDICTIONS_FROZEN,False
500,TARGET_ASSISTED_LABELLED_TARGET_DIAGNOSTIC,43,555029,1,1050,d81ea81b774f6f9c593ed69373f568011c34e7f3473e0733420c7ad681ea3403,PREDICTIONS_FROZEN,False
7,TARGET_ASSISTED_LABELLED_TARGET_DIAGNOSTIC,43,580031,1,1050,9f8405ae6192e8d765ca0624366ca1526b8e73636e36e559a85131168357f17a,PREDICTIONS_FROZEN,False
10,TARGET_ASSISTED_LABELLED_TARGET_DIAGNOSTIC,43,580031,1,1050,b87b5ace52fff6e1619c85bd2bc0b30080f4c97ad0fd100b680334acc552367a,PREDICTIONS_FROZEN,False
20,TARGET_ASSISTED_LABELLED_TARGET_DIAGNOSTIC,43,580031,1,1050,4610101b2b2e12c396a5f66a0b469f5ffcc4ddec083128de901a35114ec60e61,PREDICTIONS_FROZEN,False
21,TARGET_ASSISTED_LABELLED_TARGET_DIAGNOSTIC,43,580031,1,1050,07870b1bb504febf79cd317acca37508d079d154269b4b701542c5ef22066935,PREDICTIONS_FROZEN,False
35,TARGET_ASSISTED_LABELLED_TARGET_DIAGNOSTIC,43,580031,1,1050,6103dcf697ec0f4d91fa0615cf774e7becf4fd573afa289be27341bb4104ab5e,PREDICTIONS_FROZEN,False
50,TARGET_ASSISTED_LABELLED_TARGET_DIAGNOSTIC,43,580031,1,1050,157c948340f799aa44b019788c6124783891401429afc4e226a30bc15a77a521,PREDICTIONS_FROZEN,False
100,TARGET_ASSISTED_LABELLED_TARGET_DIAGNOSTIC,43,580031,1,1050,e52a01c4da180fa97b94a4b65095bc329429d18cdc8ac2625abae4e444624a5a,PREDICTIONS_FROZEN,False
200,TARGET_ASSISTED_LABELLED_TARGET_DIAGNOSTIC,43,580031,1,1050,d81ea81b774f6f9c593ed69373f568011c34e7f3473e0733420c7ad681ea3403,PREDICTIONS_FROZEN,False
500,TARGET_ASSISTED_LABELLED_TARGET_DIAGNOSTIC,43,580031,1,1050,034809fec45a592b5f742a31fdbdb3f644fa35cbf62690e048c17019508185d3,PREDICTIONS_FROZEN,False
0,STRICT_SOURCE_ONLY_DG,43,,2,1050,e437a34fc80b44525012b326bcc82692c92a5762dd7eb53bb503f2ba6afd5588,PREDICTIONS_FROZEN,False
7,TARGET_ASSISTED_LABELLED_TARGET_DIAGNOSTIC,43,104729,2,1050,f0fa286bc50d353e9d986df738c5a6a7c7396d08dc8ae6084ccec821eb585618,PREDICTIONS_FROZEN,False
10,TARGET_ASSISTED_LABELLED_TARGET_DIAGNOSTIC,43,104729,2,1050,fb8af222474fc4c730d3f4ecfeb626e680d11582446100ef1d99e35f9e040564,PREDICTIONS_FROZEN,False
20,TARGET_ASSISTED_LABELLED_TARGET_DIAGNOSTIC,43,104729,2,1050,9ffa1067d915be619be5e837e86fc8953df5043b1b720adb5aa404913b9f73a2,PREDICTIONS_FROZEN,False
21,TARGET_ASSISTED_LABELLED_TARGET_DIAGNOSTIC,43,104729,2,1050,b33894d7b67e94f00b554d095994d75a5e474ad9491e469e1fe76cf85c68381e,PREDICTIONS_FROZEN,False
35,TARGET_ASSISTED_LABELLED_TARGET_DIAGNOSTIC,43,104729,2,1050,62eb4bee534486bfdc8371dea7cec3744bee20d548a785d6dd1f2b1deb8ce1ed,PREDICTIONS_FROZEN,False
50,TARGET_ASSISTED_LABELLED_TARGET_DIAGNOSTIC,43,104729,2,1050,ecf68ea26f1c2731e1a840e91203eea4239bdf3e7fb94afe2df5e5974b6048a1,PREDICTIONS_FROZEN,False
100,TARGET_ASSISTED_LABELLED_TARGET_DIAGNOSTIC,43,104729,2,1050,d5faa33c60e69ad391d847837ac16bef10e3e3c79f08d5c85caefbf6d5bea373,PREDICTIONS_FROZEN,False
200,TARGET_ASSISTED_LABELLED_TARGET_DIAGNOSTIC,43,104729,2,1050,1fba27fc444712d74d389c42bb2dc21f350b5d42242a887142438157eefc9fc6,PREDICTIONS_FROZEN,False
500,TARGET_ASSISTED_LABELLED_TARGET_DIAGNOSTIC,43,104729,2,1050,0a02c6b89ba66d94eefaa1eaa5de55b45b0f625720d8091b4e9daf50a3e1fa2e,PREDICTIONS_FROZEN,False
7,TARGET_ASSISTED_LABELLED_TARGET_DIAGNOSTIC,43,130363,2,1050,2c7bdc61ee16d184d145e592f427df2a7ee1e187ff8e816995cefdfcbcdb86d8,PREDICTIONS_FROZEN,False
10,TARGET_ASSISTED_LABELLED_TARGET_DIAGNOSTIC,43,130363,2,1050,f103dc7c3b4d44bdcdbd5aed8210947ce2a4b37351ffa44ac9d8c6fbdb4c7bfc,PREDICTIONS_FROZEN,False
20,TARGET_ASSISTED_LABELLED_TARGET_DIAGNOSTIC,43,130363,2,1050,7773a7715ffc4f44dfb1304c7f13caa5661ca1c30c134d216fbf19876e333aa2,PREDICTIONS_FROZEN,False
21,TARGET_ASSISTED_LABELLED_TARGET_DIAGNOSTIC,43,130363,2,1050,091de4a07fe5ce755fc003570b75dd65be824e70a53aec863cab849fc298fa70,PREDICTIONS_FROZEN,False
35,TARGET_ASSISTED_LABELLED_TARGET_DIAGNOSTIC,43,130363,2,1050,af97bca3f0cfe01bdc7d072cd29b667730ef47d8fdc040dcc78b1401e4eedfcb,PREDICTIONS_FROZEN,False
50,TARGET_ASSISTED_LABELLED_TARGET_DIAGNOSTIC,43,130363,2,1050,2ca7174628d74e272ca2dae6a3d48da15ba8c244470f4f2efaa1b10b69400098,PREDICTIONS_FROZEN,False
100,TARGET_ASSISTED_LABELLED_TARGET_DIAGNOSTIC,43,130363,2,1050,fb91620ccf8795bf6289f2948675695abea02afd888da9a989911851ae7debb9,PREDICTIONS_FROZEN,False
200,TARGET_ASSISTED_LABELLED_TARGET_DIAGNOSTIC,43,130363,2,1050,1fba27fc444712d74d389c42bb2dc21f350b5d42242a887142438157eefc9fc6,PREDICTIONS_FROZEN,False
500,TARGET_ASSISTED_LABELLED_TARGET_DIAGNOSTIC,43,130363,2,1050,11b4d11a8fa043209f63dba0c3f4023904cd64983c6c8dd73fca03b06b044382,PREDICTIONS_FROZEN,False
7,TARGET_ASSISTED_LABELLED_TARGET_DIAGNOSTIC,43,155921,2,1050,a5ba35661610bd20f6b26fd4e56df8046e1b3b2b8a5df0d6136540a5b2447e5a,PREDICTIONS_FROZEN,False
10,TARGET_ASSISTED_LABELLED_TARGET_DIAGNOSTIC,43,155921,2,1050,1ef54b38033c6f8dd2c5c4a23c3f214d986a56f061ea2c7cb88b70c6afb25e9a,PREDICTIONS_FROZEN,False
20,TARGET_ASSISTED_LABELLED_TARGET_DIAGNOSTIC,43,155921,2,1050,2e60b1149c675469d123a644bf73771d68a2023720f410c133fe35b765902f03,PREDICTIONS_FROZEN,False
21,TARGET_ASSISTED_LABELLED_TARGET_DIAGNOSTIC,43,155921,2,1050,eb2eb92d7958f477b51f291b3f49225dab18063655502cedc3a4278dad2ffc66,PREDICTIONS_FROZEN,False
35,TARGET_ASSISTED_LABELLED_TARGET_DIAGNOSTIC,43,155921,2,1050,a97495dfb4d9a9de20f3cedddf5564fadc097bacccf1f2920c99af5668a5470f,PREDICTIONS_FROZEN,False
50,TARGET_ASSISTED_LABELLED_TARGET_DIAGNOSTIC,43,155921,2,1050,a2628c7aa321aa5d757fece8af6c12e4f2e5711b2bb27ba50fe01ff121343ac1,PREDICTIONS_FROZEN,False
100,TARGET_ASSISTED_LABELLED_TARGET_DIAGNOSTIC,43,155921,2,1050,67a6e9f0827b724ab9bc02ed776baca08e30a7371d6f63709a0016ead0358d6a,PREDICTIONS_FROZEN,False
200,TARGET_ASSISTED_LABELLED_TARGET_DIAGNOSTIC,43,155921,2,1050,d06805c4cd07b388adaf1ed7c82f157f81c18d1164a51e59496184586d0633db,PREDICTIONS_FROZEN,False
500,TARGET_ASSISTED_LABELLED_TARGET_DIAGNOSTIC,43,155921,2,1050,5d50eabb1d90e7f09a78c774073c428441076cb7272c73d34103687c303e7b85,PREDICTIONS_FROZEN,False
7,TARGET_ASSISTED_LABELLED_TARGET_DIAGNOSTIC,43,181081,2,1050,abd1ee54dcb09746fbebb6a3ef609659ee96461ee3c59f1983484750a1d3b478,PREDICTIONS_FROZEN,False
10,TARGET_ASSISTED_LABELLED_TARGET_DIAGNOSTIC,43,181081,2,1050,03a3d4214a50f3ad07db906774b1f6b2ba56f55e4ab17d681cee4c6cca5e8e85,PREDICTIONS_FROZEN,False
20,TARGET_ASSISTED_LABELLED_TARGET_DIAGNOSTIC,43,181081,2,1050,181172c3c899b07762e021158158fb13de43f7a6432d844069d9fc7a2366b17f,PREDICTIONS_FROZEN,False
21,TARGET_ASSISTED_LABELLED_TARGET_DIAGNOSTIC,43,181081,2,1050,ec8f11f53bee5271db1743598302e2a306922fa4d223b170fb64af938f310333,PREDICTIONS_FROZEN,False
35,TARGET_ASSISTED_LABELLED_TARGET_DIAGNOSTIC,43,181081,2,1050,9801618cb91c2300fbd0f1b61ff102fc28dad62d74f0bd36715bac7d6ec15d17,PREDICTIONS_FROZEN,False
50,TARGET_ASSISTED_LABELLED_TARGET_DIAGNOSTIC,43,181081,2,1050,d0be1a8c39cc6082be005eed2b316362f75c8927177cfbcefa46f9c144e70b4d,PREDICTIONS_FROZEN,False
100,TARGET_ASSISTED_LABELLED_TARGET_DIAGNOSTIC,43,181081,2,1050,87f978d590346702c873f93402dcf5fd83bf8da6ad8b6847c14b909d3d91b2b4,PREDICTIONS_FROZEN,False
200,TARGET_ASSISTED_LABELLED_TARGET_DIAGNOSTIC,43,181081,2,1050,a85f3358e4d749e1e77fd9e11a7dc2298c52dc6d16a51fa32e0762a399f5fc0e,PREDICTIONS_FROZEN,False
500,TARGET_ASSISTED_LABELLED_TARGET_DIAGNOSTIC,43,181081,2,1050,a85f3358e4d749e1e77fd9e11a7dc2298c52dc6d16a51fa32e0762a399f5fc0e,PREDICTIONS_FROZEN,False
7,TARGET_ASSISTED_LABELLED_TARGET_DIAGNOSTIC,43,205439,2,1050,8c8bdeb53c3c12c8a37723a168cb59f333cc71b89111cb08882f6a8f2bec1d05,PREDICTIONS_FROZEN,False
10,TARGET_ASSISTED_LABELLED_TARGET_DIAGNOSTIC,43,205439,2,1050,1cbc2d04ab6c0d867fde985b1574613f9fa76bb16d79616b5e1f7d218c2ad09a,PREDICTIONS_FROZEN,False
20,TARGET_ASSISTED_LABELLED_TARGET_DIAGNOSTIC,43,205439,2,1050,110e47735e9479c3fee1e08860a17906aa4c3b7c2a97599679ce228593c25f5f,PREDICTIONS_FROZEN,False
21,TARGET_ASSISTED_LABELLED_TARGET_DIAGNOSTIC,43,205439,2,1050,3e5fa6cbd980ca0b4053fde684045abace89cf0076118570ef51c1a62f158520,PREDICTIONS_FROZEN,False
35,TARGET_ASSISTED_LABELLED_TARGET_DIAGNOSTIC,43,205439,2,1050,fb235b00047b8f4f50c68a97b291c17225a9dc3212a06e24bc2a380000e5b806,PREDICTIONS_FROZEN,False
50,TARGET_ASSISTED_LABELLED_TARGET_DIAGNOSTIC,43,205439,2,1050,147d45da5956056ab79a1e37ca56356c28687c8059a637d8e6ad2d081bb6dd7a,PREDICTIONS_FROZEN,False
100,TARGET_ASSISTED_LABELLED_TARGET_DIAGNOSTIC,43,205439,2,1050,8cf7e6330969c01e7a430412bc1545613447d2b37f0be241322649b8c55f51c5,PREDICTIONS_FROZEN,False
200,TARGET_ASSISTED_LABELLED_TARGET_DIAGNOSTIC,43,205439,2,1050,11eb312cc77e25b15839bf9fc7b48f18a92d311622752c3cad3e33a55eea0b90,PREDICTIONS_FROZEN,False
500,TARGET_ASSISTED_LABELLED_TARGET_DIAGNOSTIC,43,205439,2,1050,a85f3358e4d749e1e77fd9e11a7dc2298c52dc6d16a51fa32e0762a399f5fc0e,PREDICTIONS_FROZEN,False
7,TARGET_ASSISTED_LABELLED_TARGET_DIAGNOSTIC,43,230003,2,1050,2bbf42d3bb544067249469ba78ef8966eae47e51a3a2721a233a66670c5a3917,PREDICTIONS_FROZEN,False
10,TARGET_ASSISTED_LABELLED_TARGET_DIAGNOSTIC,43,230003,2,1050,556c69b463d766d6d06a0770660b572b1e80d21b2b019bea7acb2358c4158295,PREDICTIONS_FROZEN,False
20,TARGET_ASSISTED_LABELLED_TARGET_DIAGNOSTIC,43,230003,2,1050,53e9a55a9eb3f0775a6836fdaf80e21f44e08affe4db5677c19b977a55267fc5,PREDICTIONS_FROZEN,False
21,TARGET_ASSISTED_LABELLED_TARGET_DIAGNOSTIC,43,230003,2,1050,f8ac6641c7915ddf471c357ef7fa0f0adf86827d9b3ef2aa584e78e83d004097,PREDICTIONS_FROZEN,False
35,TARGET_ASSISTED_LABELLED_TARGET_DIAGNOSTIC,43,230003,2,1050,2f2d4d2ccd24d80d39f43da722cb09a468cc4be13d91308839ccc2d37a738dd0,PREDICTIONS_FROZEN,False
50,TARGET_ASSISTED_LABELLED_TARGET_DIAGNOSTIC,43,230003,2,1050,d33ea2b7aed443c32c875daf9397bca2a5ffd033b29b41ab8611057893fe19b3,PREDICTIONS_FROZEN,False
100,TARGET_ASSISTED_LABELLED_TARGET_DIAGNOSTIC,43,230003,2,1050,9b9d5d3f4f439799b7fb524dfa1d4d528f43fd85966d15fe40b6895793992b5c,PREDICTIONS_FROZEN,False
200,TARGET_ASSISTED_LABELLED_TARGET_DIAGNOSTIC,43,230003,2,1050,a85f3358e4d749e1e77fd9e11a7dc2298c52dc6d16a51fa32e0762a399f5fc0e,PREDICTIONS_FROZEN,False
500,TARGET_ASSISTED_LABELLED_TARGET_DIAGNOSTIC,43,230003,2,1050,bd9d7021f69bcdc7ae35ebaa330c8b7670ec688669b18b47301c20b96338c56e,PREDICTIONS_FROZEN,False
7,TARGET_ASSISTED_LABELLED_TARGET_DIAGNOSTIC,43,254959,2,1050,71c349db79b94dad57fe5bc07a187ebd5d938b6336fdc830fa8ce01ab2f37905,PREDICTIONS_FROZEN,False
10,TARGET_ASSISTED_LABELLED_TARGET_DIAGNOSTIC,43,254959,2,1050,d8f28042b050b3d7637d6cc5040d69e8bb845a6f3f20dc178d40864357378bc1,PREDICTIONS_FROZEN,False
20,TARGET_ASSISTED_LABELLED_TARGET_DIAGNOSTIC,43,254959,2,1050,30fbf3f8fd86bc3133a022d45251c15964f0d2b7052b1888e5f3331b1d74049d,PREDICTIONS_FROZEN,False
21,TARGET_ASSISTED_LABELLED_TARGET_DIAGNOSTIC,43,254959,2,1050,3e5fa6cbd980ca0b4053fde684045abace89cf0076118570ef51c1a62f158520,PREDICTIONS_FROZEN,False
35,TARGET_ASSISTED_LABELLED_TARGET_DIAGNOSTIC,43,254959,2,1050,a97495dfb4d9a9de20f3cedddf5564fadc097bacccf1f2920c99af5668a5470f,PREDICTIONS_FROZEN,False
50,TARGET_ASSISTED_LABELLED_TARGET_DIAGNOSTIC,43,254959,2,1050,59222d6aa0a38b5d3d7ca19d721c3a693f8a20b3ad6f6bf6f56d0bf6c25c454b,PREDICTIONS_FROZEN,False
100,TARGET_ASSISTED_LABELLED_TARGET_DIAGNOSTIC,43,254959,2,1050,85ea3da675ae74ec1b1ec4dcb45c3ffa97ba61980169e3fcac5bc5a40af7336d,PREDICTIONS_FROZEN,False
200,TARGET_ASSISTED_LABELLED_TARGET_DIAGNOSTIC,43,254959,2,1050,d06805c4cd07b388adaf1ed7c82f157f81c18d1164a51e59496184586d0633db,PREDICTIONS_FROZEN,False
500,TARGET_ASSISTED_LABELLED_TARGET_DIAGNOSTIC,43,254959,2,1050,11b4d11a8fa043209f63dba0c3f4023904cd64983c6c8dd73fca03b06b044382,PREDICTIONS_FROZEN,False
7,TARGET_ASSISTED_LABELLED_TARGET_DIAGNOSTIC,43,280001,2,1050,abd1ee54dcb09746fbebb6a3ef609659ee96461ee3c59f1983484750a1d3b478,PREDICTIONS_FROZEN,False
10,TARGET_ASSISTED_LABELLED_TARGET_DIAGNOSTIC,43,280001,2,1050,32a840d8f5a2412cc2a2d468e21287fb428458b1c581ba70f776939470869923,PREDICTIONS_FROZEN,False
20,TARGET_ASSISTED_LABELLED_TARGET_DIAGNOSTIC,43,280001,2,1050,c0f8e157f25cab94675f5eddd9264c4cbf9d328eac4ed61fca55da6601c8a612,PREDICTIONS_FROZEN,False
21,TARGET_ASSISTED_LABELLED_TARGET_DIAGNOSTIC,43,280001,2,1050,9816345a8ab3b9a41bbb02d26a354caab9651bc7806aa3510c7efb2ff05a1ae9,PREDICTIONS_FROZEN,False
35,TARGET_ASSISTED_LABELLED_TARGET_DIAGNOSTIC,43,280001,2,1050,a79eeb40b8adafee68d156a8aa919a192034fbb5c0aed8cb5c7447eb9c5e4134,PREDICTIONS_FROZEN,False
50,TARGET_ASSISTED_LABELLED_TARGET_DIAGNOSTIC,43,280001,2,1050,21a0bf568bd5f8f1886d2cb91bb7c2ba5f830dfaaa71544d68d3892b47a36cba,PREDICTIONS_FROZEN,False
100,TARGET_ASSISTED_LABELLED_TARGET_DIAGNOSTIC,43,280001,2,1050,e7fd0d01f5d7f09edf89b281555201f2c1ca13e73d698f58238024b5c4bad6f1,PREDICTIONS_FROZEN,False
200,TARGET_ASSISTED_LABELLED_TARGET_DIAGNOSTIC,43,280001,2,1050,5569aa419f3116081ae2461904435481a6e85740f23558c25318091dbd2f1184,PREDICTIONS_FROZEN,False
500,TARGET_ASSISTED_LABELLED_TARGET_DIAGNOSTIC,43,280001,2,1050,a85f3358e4d749e1e77fd9e11a7dc2298c52dc6d16a51fa32e0762a399f5fc0e,PREDICTIONS_FROZEN,False
7,TARGET_ASSISTED_LABELLED_TARGET_DIAGNOSTIC,43,305093,2,1050,c131572153403e19ba770969aaa96aa4707bb3fe4a84b08874d245d4f875bfbd,PREDICTIONS_FROZEN,False
10,TARGET_ASSISTED_LABELLED_TARGET_DIAGNOSTIC,43,305093,2,1050,b4fabaee324ac76eced0bc09c7aa16eb1ac6a699aa2fb16bb1d87e9e114c4932,PREDICTIONS_FROZEN,False
20,TARGET_ASSISTED_LABELLED_TARGET_DIAGNOSTIC,43,305093,2,1050,0e6b6996d0f79335645b71069825e65402b775d3a2cb1a7a222d3ce385a18cb3,PREDICTIONS_FROZEN,False
21,TARGET_ASSISTED_LABELLED_TARGET_DIAGNOSTIC,43,305093,2,1050,417c4a7dd6c9d41b688f302114cd498976f3eced1e79a050928f590a14625e5a,PREDICTIONS_FROZEN,False
35,TARGET_ASSISTED_LABELLED_TARGET_DIAGNOSTIC,43,305093,2,1050,a97495dfb4d9a9de20f3cedddf5564fadc097bacccf1f2920c99af5668a5470f,PREDICTIONS_FROZEN,False
50,TARGET_ASSISTED_LABELLED_TARGET_DIAGNOSTIC,43,305093,2,1050,2bcd0a6588f14b732a09316965b8a06072594919a364b2515b9e7f9ff144c2dd,PREDICTIONS_FROZEN,False
100,TARGET_ASSISTED_LABELLED_TARGET_DIAGNOSTIC,43,305093,2,1050,fc16aa59b5b9de2c297bc6533b8b8a8f6ed91fe91fb4e54a595245311f0cae59,PREDICTIONS_FROZEN,False
200,TARGET_ASSISTED_LABELLED_TARGET_DIAGNOSTIC,43,305093,2,1050,886a690e367e8b66210c3ec31275f64b759fb89bc9ffec925a90475f8a18a15a,PREDICTIONS_FROZEN,False
500,TARGET_ASSISTED_LABELLED_TARGET_DIAGNOSTIC,43,305093,2,1050,a85f3358e4d749e1e77fd9e11a7dc2298c52dc6d16a51fa32e0762a399f5fc0e,PREDICTIONS_FROZEN,False
7,TARGET_ASSISTED_LABELLED_TARGET_DIAGNOSTIC,43,330017,2,1050,71c349db79b94dad57fe5bc07a187ebd5d938b6336fdc830fa8ce01ab2f37905,PREDICTIONS_FROZEN,False
10,TARGET_ASSISTED_LABELLED_TARGET_DIAGNOSTIC,43,330017,2,1050,2c0c7509805fc7a2dd3b9025b6ec3b058bbb0c427ad003b77be10ca410d857c8,PREDICTIONS_FROZEN,False
20,TARGET_ASSISTED_LABELLED_TARGET_DIAGNOSTIC,43,330017,2,1050,e2ad6afdf92cdcf540525d7bcd860c2e63b641a85abf6d11239988d53aef3fff,PREDICTIONS_FROZEN,False
21,TARGET_ASSISTED_LABELLED_TARGET_DIAGNOSTIC,43,330017,2,1050,4f8e6fb43133c54170ce3b42e64849805db2ba12f109407b786a0bb91a9637ab,PREDICTIONS_FROZEN,False
35,TARGET_ASSISTED_LABELLED_TARGET_DIAGNOSTIC,43,330017,2,1050,01259b3ff78909c013c460e280b2af568c9cb51d697077c08cf28243c84aed05,PREDICTIONS_FROZEN,False
50,TARGET_ASSISTED_LABELLED_TARGET_DIAGNOSTIC,43,330017,2,1050,01afdb6e5009bb3619f9b5a89a1ed7260a9bbc8ffeb18722979875a82ff3824e,PREDICTIONS_FROZEN,False
100,TARGET_ASSISTED_LABELLED_TARGET_DIAGNOSTIC,43,330017,2,1050,09727d79248f5d7563f608e1da17b39b9fcfbfd62e5e479604b2b3bd8ef34da6,PREDICTIONS_FROZEN,False
200,TARGET_ASSISTED_LABELLED_TARGET_DIAGNOSTIC,43,330017,2,1050,d06805c4cd07b388adaf1ed7c82f157f81c18d1164a51e59496184586d0633db,PREDICTIONS_FROZEN,False
500,TARGET_ASSISTED_LABELLED_TARGET_DIAGNOSTIC,43,330017,2,1050,a85f3358e4d749e1e77fd9e11a7dc2298c52dc6d16a51fa32e0762a399f5fc0e,PREDICTIONS_FROZEN,False
7,TARGET_ASSISTED_LABELLED_TARGET_DIAGNOSTIC,43,355031,2,1050,71c349db79b94dad57fe5bc07a187ebd5d938b6336fdc830fa8ce01ab2f37905,PREDICTIONS_FROZEN,False
10,TARGET_ASSISTED_LABELLED_TARGET_DIAGNOSTIC,43,355031,2,1050,eb91163888e0e0051ce215516eb475ce5d269e37d1ec97d8cce823047bbdad78,PREDICTIONS_FROZEN,False
20,TARGET_ASSISTED_LABELLED_TARGET_DIAGNOSTIC,43,355031,2,1050,80555eed69b5c0e0e598cc1eb7f5f9cdf0c3901c1979b55bf33d0f35d8722fdd,PREDICTIONS_FROZEN,False
21,TARGET_ASSISTED_LABELLED_TARGET_DIAGNOSTIC,43,355031,2,1050,231c7b1e2fb096b14ceac49e9bf3b87aabe5411249ba36af469a162c2d4595a2,PREDICTIONS_FROZEN,False
35,TARGET_ASSISTED_LABELLED_TARGET_DIAGNOSTIC,43,355031,2,1050,af97bca3f0cfe01bdc7d072cd29b667730ef47d8fdc040dcc78b1401e4eedfcb,PREDICTIONS_FROZEN,False
50,TARGET_ASSISTED_LABELLED_TARGET_DIAGNOSTIC,43,355031,2,1050,adfa75fb689bc4868476279d55859c41a2e9d4a0208af6dd056bf57ad8cfaa8f,PREDICTIONS_FROZEN,False
100,TARGET_ASSISTED_LABELLED_TARGET_DIAGNOSTIC,43,355031,2,1050,14538b64f3cf6943a6df4c21619e92eaf459a3a8cad3d3d236508742b2072efe,PREDICTIONS_FROZEN,False
200,TARGET_ASSISTED_LABELLED_TARGET_DIAGNOSTIC,43,355031,2,1050,714c93e246ac557061d389b3b4fca62075984238c904abf9734bef8c6bac337d,PREDICTIONS_FROZEN,False
500,TARGET_ASSISTED_LABELLED_TARGET_DIAGNOSTIC,43,355031,2,1050,a85f3358e4d749e1e77fd9e11a7dc2298c52dc6d16a51fa32e0762a399f5fc0e,PREDICTIONS_FROZEN,False
7,TARGET_ASSISTED_LABELLED_TARGET_DIAGNOSTIC,43,380041,2,1050,71c349db79b94dad57fe5bc07a187ebd5d938b6336fdc830fa8ce01ab2f37905,PREDICTIONS_FROZEN,False
10,TARGET_ASSISTED_LABELLED_TARGET_DIAGNOSTIC,43,380041,2,1050,e9c9917b6f65e3be76c4d1cb8248075448655e69896baf4eab01d6b82ccce4c8,PREDICTIONS_FROZEN,False
20,TARGET_ASSISTED_LABELLED_TARGET_DIAGNOSTIC,43,380041,2,1050,dc69c20d5c1d43605ca6602928cf4c174cd8f14263b81358240c5d083b2d1c15,PREDICTIONS_FROZEN,False
21,TARGET_ASSISTED_LABELLED_TARGET_DIAGNOSTIC,43,380041,2,1050,74e1c7066c65b26f8394fcadb1c95a26456ee9bebf498ce2134e45c816180e31,PREDICTIONS_FROZEN,False
35,TARGET_ASSISTED_LABELLED_TARGET_DIAGNOSTIC,43,380041,2,1050,64152f7f944d555fb22391672af297f188346bdd5e42b50019413641116ddf19,PREDICTIONS_FROZEN,False
50,TARGET_ASSISTED_LABELLED_TARGET_DIAGNOSTIC,43,380041,2,1050,47c02dcd7da68f6ac05cd0915f8ed934274a536b5fa11ad4ea12b7c763695a59,PREDICTIONS_FROZEN,False
100,TARGET_ASSISTED_LABELLED_TARGET_DIAGNOSTIC,43,380041,2,1050,92d8dd983c4f22e5e215e4508fef52d3b9d7e851a983c1feded81bb2757b1055,PREDICTIONS_FROZEN,False
200,TARGET_ASSISTED_LABELLED_TARGET_DIAGNOSTIC,43,380041,2,1050,d06805c4cd07b388adaf1ed7c82f157f81c18d1164a51e59496184586d0633db,PREDICTIONS_FROZEN,False
500,TARGET_ASSISTED_LABELLED_TARGET_DIAGNOSTIC,43,380041,2,1050,5d50eabb1d90e7f09a78c774073c428441076cb7272c73d34103687c303e7b85,PREDICTIONS_FROZEN,False
7,TARGET_ASSISTED_LABELLED_TARGET_DIAGNOSTIC,43,405019,2,1050,edd0a18f6c2d3f6a45a05ff0527315c66a23d1452e2f6cbb13b689cd92632fd8,PREDICTIONS_FROZEN,False
10,TARGET_ASSISTED_LABELLED_TARGET_DIAGNOSTIC,43,405019,2,1050,bb46e40cfdd943f593a3da5135278fc34c20afa798e2d76ebd539880a2d431fa,PREDICTIONS_FROZEN,False
20,TARGET_ASSISTED_LABELLED_TARGET_DIAGNOSTIC,43,405019,2,1050,f3ee8e0c0db9bfc3a5bc001e33d4dc229ceba5d1c8e74d80fa260cad9e0cd292,PREDICTIONS_FROZEN,False
21,TARGET_ASSISTED_LABELLED_TARGET_DIAGNOSTIC,43,405019,2,1050,ac7e8fca257f33c3a248179a3689aaea04e672654e8a3150dd7271afddaccd5e,PREDICTIONS_FROZEN,False
35,TARGET_ASSISTED_LABELLED_TARGET_DIAGNOSTIC,43,405019,2,1050,fa716f3e9e8c444dab922016eca05cbc95e428f6c23d8fd6f8e31acac749920b,PREDICTIONS_FROZEN,False
50,TARGET_ASSISTED_LABELLED_TARGET_DIAGNOSTIC,43,405019,2,1050,a577e01bb72e031bc2a06660903924c855b6475aa6931223e70b0c32864b13ea,PREDICTIONS_FROZEN,False
100,TARGET_ASSISTED_LABELLED_TARGET_DIAGNOSTIC,43,405019,2,1050,1a220346c9b066cf2d3ed69d8128a6e3e1228d523d268d9f9cccffb768db8bb0,PREDICTIONS_FROZEN,False
200,TARGET_ASSISTED_LABELLED_TARGET_DIAGNOSTIC,43,405019,2,1050,95628f167f0673ac30b2d5655798c44c4396d552443697e1d054bb2b0d53e404,PREDICTIONS_FROZEN,False
500,TARGET_ASSISTED_LABELLED_TARGET_DIAGNOSTIC,43,405019,2,1050,5d50eabb1d90e7f09a78c774073c428441076cb7272c73d34103687c303e7b85,PREDICTIONS_FROZEN,False
7,TARGET_ASSISTED_LABELLED_TARGET_DIAGNOSTIC,43,430007,2,1050,f30132e56af7ce1705656cb8495e79821afaaf63ddcd413f26e04d232df2bf62,PREDICTIONS_FROZEN,False
10,TARGET_ASSISTED_LABELLED_TARGET_DIAGNOSTIC,43,430007,2,1050,6184f0fefaa6b4b70e272854568ea14e8977fbb018006a00354b2abec3f74d9a,PREDICTIONS_FROZEN,False
20,TARGET_ASSISTED_LABELLED_TARGET_DIAGNOSTIC,43,430007,2,1050,9529763c95e5f9207f021bade6cc1c6f8253c269ce4c0dec22871b1c1dde4202,PREDICTIONS_FROZEN,False
21,TARGET_ASSISTED_LABELLED_TARGET_DIAGNOSTIC,43,430007,2,1050,8bad2a6ebde0aaaf4d58cb49088764d9ad33cca033af70a25164b5baa293fda4,PREDICTIONS_FROZEN,False
35,TARGET_ASSISTED_LABELLED_TARGET_DIAGNOSTIC,43,430007,2,1050,e2e304fa62918c00bb20fc17806d8d7a870312b1217d4168a6d5ce3e19fe0e5b,PREDICTIONS_FROZEN,False
50,TARGET_ASSISTED_LABELLED_TARGET_DIAGNOSTIC,43,430007,2,1050,f83dede0f6dec4a3f72ea7db9587b58f1d80e04e8644263b547cc5292da3b27f,PREDICTIONS_FROZEN,False
100,TARGET_ASSISTED_LABELLED_TARGET_DIAGNOSTIC,43,430007,2,1050,d06805c4cd07b388adaf1ed7c82f157f81c18d1164a51e59496184586d0633db,PREDICTIONS_FROZEN,False
200,TARGET_ASSISTED_LABELLED_TARGET_DIAGNOSTIC,43,430007,2,1050,d06805c4cd07b388adaf1ed7c82f157f81c18d1164a51e59496184586d0633db,PREDICTIONS_FROZEN,False
500,TARGET_ASSISTED_LABELLED_TARGET_DIAGNOSTIC,43,430007,2,1050,d06805c4cd07b388adaf1ed7c82f157f81c18d1164a51e59496184586d0633db,PREDICTIONS_FROZEN,False
7,TARGET_ASSISTED_LABELLED_TARGET_DIAGNOSTIC,43,455003,2,1050,484ae8b1cb421e30bbb8b381e41ccf4c3b9186f1fac468984bc6de49fc80d4e4,PREDICTIONS_FROZEN,False
10,TARGET_ASSISTED_LABELLED_TARGET_DIAGNOSTIC,43,455003,2,1050,7e0b03a95a47a6c8c167e74f80f5cfc8bd8319601aa3af5b3ba1dc20cf049a89,PREDICTIONS_FROZEN,False
20,TARGET_ASSISTED_LABELLED_TARGET_DIAGNOSTIC,43,455003,2,1050,23cfba4c51ec32880663e8cdc66d743fb0017697f48bc1c12236484e54ea8276,PREDICTIONS_FROZEN,False
21,TARGET_ASSISTED_LABELLED_TARGET_DIAGNOSTIC,43,455003,2,1050,26190b2ea5911d5cec66f27f45efe481ddece4fcdb78131339160186162e6ea8,PREDICTIONS_FROZEN,False
35,TARGET_ASSISTED_LABELLED_TARGET_DIAGNOSTIC,43,455003,2,1050,ac698e3443c6d17087dbc5fc6c45548d6a8b3bc55ad2949ac55f968debc05868,PREDICTIONS_FROZEN,False
50,TARGET_ASSISTED_LABELLED_TARGET_DIAGNOSTIC,43,455003,2,1050,f777691f8b9b45d6ec05b0d30797ca15cbc025567d89364dd6295cf045de6c74,PREDICTIONS_FROZEN,False
100,TARGET_ASSISTED_LABELLED_TARGET_DIAGNOSTIC,43,455003,2,1050,a17bad517d8b7bb6ba4f90599a7dd5414d9b6f07ed74ff7495c6b5d54283decc,PREDICTIONS_FROZEN,False
200,TARGET_ASSISTED_LABELLED_TARGET_DIAGNOSTIC,43,455003,2,1050,a17bad517d8b7bb6ba4f90599a7dd5414d9b6f07ed74ff7495c6b5d54283decc,PREDICTIONS_FROZEN,False
500,TARGET_ASSISTED_LABELLED_TARGET_DIAGNOSTIC,43,455003,2,1050,5d50eabb1d90e7f09a78c774073c428441076cb7272c73d34103687c303e7b85,PREDICTIONS_FROZEN,False
7,TARGET_ASSISTED_LABELLED_TARGET_DIAGNOSTIC,43,480017,2,1050,484ae8b1cb421e30bbb8b381e41ccf4c3b9186f1fac468984bc6de49fc80d4e4,PREDICTIONS_FROZEN,False
10,TARGET_ASSISTED_LABELLED_TARGET_DIAGNOSTIC,43,480017,2,1050,0af27d5c2b5b3b71c3d598b35caec35216e32caa26d6a48527df59a3ae6eeb02,PREDICTIONS_FROZEN,False
20,TARGET_ASSISTED_LABELLED_TARGET_DIAGNOSTIC,43,480017,2,1050,1314d3f07e2b2d85ee3b17fa41d3ef9112e071ee9c76a9c2d79afd8b4d916e7a,PREDICTIONS_FROZEN,False
21,TARGET_ASSISTED_LABELLED_TARGET_DIAGNOSTIC,43,480017,2,1050,4fb37e23730b104754c4542c79ffb2f7515f86220be93c94ca09de75ee57d9db,PREDICTIONS_FROZEN,False
35,TARGET_ASSISTED_LABELLED_TARGET_DIAGNOSTIC,43,480017,2,1050,970b72e8c86b660e4be339e886187ad9ffac1756fc61ae30ba1223b72c0629f1,PREDICTIONS_FROZEN,False
50,TARGET_ASSISTED_LABELLED_TARGET_DIAGNOSTIC,43,480017,2,1050,bb889ebce092aba1a7b6e3e1f9eb34112ce12968ffd7a9705084b8fcc948c241,PREDICTIONS_FROZEN,False
100,TARGET_ASSISTED_LABELLED_TARGET_DIAGNOSTIC,43,480017,2,1050,d06805c4cd07b388adaf1ed7c82f157f81c18d1164a51e59496184586d0633db,PREDICTIONS_FROZEN,False
200,TARGET_ASSISTED_LABELLED_TARGET_DIAGNOSTIC,43,480017,2,1050,a85f3358e4d749e1e77fd9e11a7dc2298c52dc6d16a51fa32e0762a399f5fc0e,PREDICTIONS_FROZEN,False
500,TARGET_ASSISTED_LABELLED_TARGET_DIAGNOSTIC,43,480017,2,1050,a85f3358e4d749e1e77fd9e11a7dc2298c52dc6d16a51fa32e0762a399f5fc0e,PREDICTIONS_FROZEN,False
7,TARGET_ASSISTED_LABELLED_TARGET_DIAGNOSTIC,43,505027,2,1050,484ae8b1cb421e30bbb8b381e41ccf4c3b9186f1fac468984bc6de49fc80d4e4,PREDICTIONS_FROZEN,False
10,TARGET_ASSISTED_LABELLED_TARGET_DIAGNOSTIC,43,505027,2,1050,cf91f9f5386fd9562c31486a86c07e2447b36a5ca704e9ee0846a544315e1a9d,PREDICTIONS_FROZEN,False
20,TARGET_ASSISTED_LABELLED_TARGET_DIAGNOSTIC,43,505027,2,1050,fb37e62aadf368f77063ccc548e8aeb4d11303443c96ce88cb0a8673e1f7d416,PREDICTIONS_FROZEN,False
21,TARGET_ASSISTED_LABELLED_TARGET_DIAGNOSTIC,43,505027,2,1050,abaf7d0cf2bd48e7a2c685695e9f286b56d870c3ff4016703828dd3e146dd8ec,PREDICTIONS_FROZEN,False
35,TARGET_ASSISTED_LABELLED_TARGET_DIAGNOSTIC,43,505027,2,1050,54b6e08f5ff40d2b6741379402ffb0999964a68b7c327350c023e9654bb284a3,PREDICTIONS_FROZEN,False
50,TARGET_ASSISTED_LABELLED_TARGET_DIAGNOSTIC,43,505027,2,1050,bb889ebce092aba1a7b6e3e1f9eb34112ce12968ffd7a9705084b8fcc948c241,PREDICTIONS_FROZEN,False
100,TARGET_ASSISTED_LABELLED_TARGET_DIAGNOSTIC,43,505027,2,1050,5a1b49dde20e9427ccfbf3e68444e9e6a5dc5e6600b7a48b7fea28e3ed0caf18,PREDICTIONS_FROZEN,False
200,TARGET_ASSISTED_LABELLED_TARGET_DIAGNOSTIC,43,505027,2,1050,8844c461ec313a406eaf27687feefc38f9869ba963fef4ba4d00b9bada1ab4c1,PREDICTIONS_FROZEN,False
500,TARGET_ASSISTED_LABELLED_TARGET_DIAGNOSTIC,43,505027,2,1050,a85f3358e4d749e1e77fd9e11a7dc2298c52dc6d16a51fa32e0762a399f5fc0e,PREDICTIONS_FROZEN,False
7,TARGET_ASSISTED_LABELLED_TARGET_DIAGNOSTIC,43,530017,2,1050,43d09c075aaacb45a9504feec441c63c9b267435593b2d87974dd958fa3ca14f,PREDICTIONS_FROZEN,False
10,TARGET_ASSISTED_LABELLED_TARGET_DIAGNOSTIC,43,530017,2,1050,2715772d4be2028f6bd37c6ad757e4dc7b46501e16cea4cc3caf2083321a941e,PREDICTIONS_FROZEN,False
20,TARGET_ASSISTED_LABELLED_TARGET_DIAGNOSTIC,43,530017,2,1050,c624e2b026b52716c2efb2d99267bdb5b3ea7dffb54b8658c92516a12cadfc42,PREDICTIONS_FROZEN,False
21,TARGET_ASSISTED_LABELLED_TARGET_DIAGNOSTIC,43,530017,2,1050,c246ece86b764b0d7a19fe80d34bf0ae4c0dd73aa9de1ae2c6f3a59297186f05,PREDICTIONS_FROZEN,False
35,TARGET_ASSISTED_LABELLED_TARGET_DIAGNOSTIC,43,530017,2,1050,64152f7f944d555fb22391672af297f188346bdd5e42b50019413641116ddf19,PREDICTIONS_FROZEN,False
50,TARGET_ASSISTED_LABELLED_TARGET_DIAGNOSTIC,43,530017,2,1050,1dc157995c39af8fc5090c1c6335aeadd5bf4202bd9de8e65a41b258bcb03c39,PREDICTIONS_FROZEN,False
100,TARGET_ASSISTED_LABELLED_TARGET_DIAGNOSTIC,43,530017,2,1050,d06805c4cd07b388adaf1ed7c82f157f81c18d1164a51e59496184586d0633db,PREDICTIONS_FROZEN,False
200,TARGET_ASSISTED_LABELLED_TARGET_DIAGNOSTIC,43,530017,2,1050,999d1ed64010d7a177c72370b51ea0eaeb91af99cf9cd228527e040202432289,PREDICTIONS_FROZEN,False
500,TARGET_ASSISTED_LABELLED_TARGET_DIAGNOSTIC,43,530017,2,1050,d06805c4cd07b388adaf1ed7c82f157f81c18d1164a51e59496184586d0633db,PREDICTIONS_FROZEN,False
7,TARGET_ASSISTED_LABELLED_TARGET_DIAGNOSTIC,43,555029,2,1050,9d19e4e99a64afdcc3cf1ec49fca10ffb13d19944af6332eeaa2a1ecac6aa302,PREDICTIONS_FROZEN,False
10,TARGET_ASSISTED_LABELLED_TARGET_DIAGNOSTIC,43,555029,2,1050,2c17210f15e28742c002826b1496ee53acab60e6ef4f250c5e4b0958ff247aea,PREDICTIONS_FROZEN,False
20,TARGET_ASSISTED_LABELLED_TARGET_DIAGNOSTIC,43,555029,2,1050,2fb326997a624d4147758477ffeaf93456d003a73715b2de4a59a63c9dd1e621,PREDICTIONS_FROZEN,False
21,TARGET_ASSISTED_LABELLED_TARGET_DIAGNOSTIC,43,555029,2,1050,417c4a7dd6c9d41b688f302114cd498976f3eced1e79a050928f590a14625e5a,PREDICTIONS_FROZEN,False
35,TARGET_ASSISTED_LABELLED_TARGET_DIAGNOSTIC,43,555029,2,1050,c19473a3ccd6898213e11a29dc7e5e877782004a5a95a0a029cbc5e7bc5b267f,PREDICTIONS_FROZEN,False
50,TARGET_ASSISTED_LABELLED_TARGET_DIAGNOSTIC,43,555029,2,1050,f777691f8b9b45d6ec05b0d30797ca15cbc025567d89364dd6295cf045de6c74,PREDICTIONS_FROZEN,False
100,TARGET_ASSISTED_LABELLED_TARGET_DIAGNOSTIC,43,555029,2,1050,5656479c5032eb5dff2d95e78ace579c0d0588648d034d26f4e9136125c716a5,PREDICTIONS_FROZEN,False
200,TARGET_ASSISTED_LABELLED_TARGET_DIAGNOSTIC,43,555029,2,1050,dffc7963e9a4264ac46a8104a7e373a686c7620daba61918627b58c5490b7de5,PREDICTIONS_FROZEN,False
500,TARGET_ASSISTED_LABELLED_TARGET_DIAGNOSTIC,43,555029,2,1050,d06805c4cd07b388adaf1ed7c82f157f81c18d1164a51e59496184586d0633db,PREDICTIONS_FROZEN,False
7,TARGET_ASSISTED_LABELLED_TARGET_DIAGNOSTIC,43,580031,2,1050,c131572153403e19ba770969aaa96aa4707bb3fe4a84b08874d245d4f875bfbd,PREDICTIONS_FROZEN,False
10,TARGET_ASSISTED_LABELLED_TARGET_DIAGNOSTIC,43,580031,2,1050,a5860215b37e7db91a4edaa3f21c2aafad124ce0bb09c9d673ab366cc529841d,PREDICTIONS_FROZEN,False
20,TARGET_ASSISTED_LABELLED_TARGET_DIAGNOSTIC,43,580031,2,1050,a86bca8113ee912ed7ebe511a4523ab5f6eb6020288cf9d243cde349e6fa7e62,PREDICTIONS_FROZEN,False
21,TARGET_ASSISTED_LABELLED_TARGET_DIAGNOSTIC,43,580031,2,1050,823b0813df750069f725dd1dfde012482f5c4d648ef9aa832e6321e2ac1d0f6a,PREDICTIONS_FROZEN,False
35,TARGET_ASSISTED_LABELLED_TARGET_DIAGNOSTIC,43,580031,2,1050,d1fa9d8870e843e6939e9385e23fd5048672033045ce65e57dfb1ff2be4a0e63,PREDICTIONS_FROZEN,False
50,TARGET_ASSISTED_LABELLED_TARGET_DIAGNOSTIC,43,580031,2,1050,8f34a05ca9f18995f8d6606d3692f8f22cfcc76705c2947f32e42b42a7e3da71,PREDICTIONS_FROZEN,False
100,TARGET_ASSISTED_LABELLED_TARGET_DIAGNOSTIC,43,580031,2,1050,ecf68ea26f1c2731e1a840e91203eea4239bdf3e7fb94afe2df5e5974b6048a1,PREDICTIONS_FROZEN,False
200,TARGET_ASSISTED_LABELLED_TARGET_DIAGNOSTIC,43,580031,2,1050,cd8d3ef536a7fb9fb65721474339a3356286cce2f339edc6adee7cccc2caf76f,PREDICTIONS_FROZEN,False
500,TARGET_ASSISTED_LABELLED_TARGET_DIAGNOSTIC,43,580031,2,1050,a85f3358e4d749e1e77fd9e11a7dc2298c52dc6d16a51fa32e0762a399f5fc0e,PREDICTIONS_FROZEN,False
0,STRICT_SOURCE_ONLY_DG,44,,0,1050,97d2c042064ab1c343ab1397e2765402d12acd4ef49cc8a77755818afab09288,PREDICTIONS_FROZEN,False
7,TARGET_ASSISTED_LABELLED_TARGET_DIAGNOSTIC,44,104729,0,1050,c2c83cc1d56115006709d17f386e3c8cabe3a61b525a7c877cb70adc7f4c6c77,PREDICTIONS_FROZEN,False
10,TARGET_ASSISTED_LABELLED_TARGET_DIAGNOSTIC,44,104729,0,1050,e9e86670238921dd5016d4bbaf7f9dde498d8585f778ed64c4efec57628a5e1b,PREDICTIONS_FROZEN,False
20,TARGET_ASSISTED_LABELLED_TARGET_DIAGNOSTIC,44,104729,0,1050,cb3e57bc8a3b6a5ec24c3271769b3a60398c26eeb173cb1f78f4232415f6fff0,PREDICTIONS_FROZEN,False
21,TARGET_ASSISTED_LABELLED_TARGET_DIAGNOSTIC,44,104729,0,1050,c049a28d0cabcd9373380cd64350f76e19be595537d5d99f7e8030646f5f29d3,PREDICTIONS_FROZEN,False
35,TARGET_ASSISTED_LABELLED_TARGET_DIAGNOSTIC,44,104729,0,1050,fe2f37b1e73bd2a9ec6dd33dd33ff44c14f93c7c81fc46a18d3ad715da7b12d2,PREDICTIONS_FROZEN,False
50,TARGET_ASSISTED_LABELLED_TARGET_DIAGNOSTIC,44,104729,0,1050,1bdad0651c8ac520833e6682ab6e1683ab72ed5fcc61ba7252717f6af52dc72d,PREDICTIONS_FROZEN,False
100,TARGET_ASSISTED_LABELLED_TARGET_DIAGNOSTIC,44,104729,0,1050,8098f42680e550dcb73b0bd8e2767f049cd19b23de2b3446fbbcc817e47f9d41,PREDICTIONS_FROZEN,False
200,TARGET_ASSISTED_LABELLED_TARGET_DIAGNOSTIC,44,104729,0,1050,382b162ca4fb00394953d5ed6cbfd3fd6411a3269cae3b4c1f57f9c0890acd83,PREDICTIONS_FROZEN,False
500,TARGET_ASSISTED_LABELLED_TARGET_DIAGNOSTIC,44,104729,0,1050,ddff81b79df930aaa215fbc11ed0860f3a2788520520365ee24fc3931c4f4fab,PREDICTIONS_FROZEN,False
7,TARGET_ASSISTED_LABELLED_TARGET_DIAGNOSTIC,44,130363,0,1050,b2806b4fd9014be43d95e6436619a213cba84490292ff45b0388a03200a6d522,PREDICTIONS_FROZEN,False
10,TARGET_ASSISTED_LABELLED_TARGET_DIAGNOSTIC,44,130363,0,1050,b6854b481725d4ca11b35be8a1da64720e9dc15239faab1302f0a63db74e5db5,PREDICTIONS_FROZEN,False
20,TARGET_ASSISTED_LABELLED_TARGET_DIAGNOSTIC,44,130363,0,1050,161b7b954599a3349a6363a8ff2bb96b19f7563e8d9266bca20c7a6b1de4d8ad,PREDICTIONS_FROZEN,False
21,TARGET_ASSISTED_LABELLED_TARGET_DIAGNOSTIC,44,130363,0,1050,a7d8d76b9e57e36ec867978fd10416bad8ee9bc0d4c222876138cb5b4c6fef58,PREDICTIONS_FROZEN,False
35,TARGET_ASSISTED_LABELLED_TARGET_DIAGNOSTIC,44,130363,0,1050,7ca784e1dce88145aa4aab38b8f3812a8ad9a2c6684ab9c3f5f704c2002bb319,PREDICTIONS_FROZEN,False
50,TARGET_ASSISTED_LABELLED_TARGET_DIAGNOSTIC,44,130363,0,1050,a2ae5f0115a56567b18fd2c45075e6bf900d29a306134ef25d681fe157235067,PREDICTIONS_FROZEN,False
100,TARGET_ASSISTED_LABELLED_TARGET_DIAGNOSTIC,44,130363,0,1050,364fddf2653f32fda591246a3cf513213d46d830dde657112c576acf1d925279,PREDICTIONS_FROZEN,False
200,TARGET_ASSISTED_LABELLED_TARGET_DIAGNOSTIC,44,130363,0,1050,6a4a2033f6afd1fc8cc78add9f9efc5fb85678bf19f82e849cb987b3bc900d7a,PREDICTIONS_FROZEN,False
500,TARGET_ASSISTED_LABELLED_TARGET_DIAGNOSTIC,44,130363,0,1050,644303748e08acf7ece2d97e5196b9d4da8b710defda3adc37bcb94f7a181be3,PREDICTIONS_FROZEN,False
7,TARGET_ASSISTED_LABELLED_TARGET_DIAGNOSTIC,44,155921,0,1050,ce12d8650caabe66c21f6fc051efd37ac7e477ea72a56188d2dab6d528a7ba14,PREDICTIONS_FROZEN,False
10,TARGET_ASSISTED_LABELLED_TARGET_DIAGNOSTIC,44,155921,0,1050,2da69b9cf67130cf7fe6baa7c562d59e041ccdaacf4bdef228275d0326248ef0,PREDICTIONS_FROZEN,False
20,TARGET_ASSISTED_LABELLED_TARGET_DIAGNOSTIC,44,155921,0,1050,fe212811fcc9ca941e823ee163000f0b4d9282a0b96ec0780794f8d3a183699e,PREDICTIONS_FROZEN,False
21,TARGET_ASSISTED_LABELLED_TARGET_DIAGNOSTIC,44,155921,0,1050,2eaf33d53baec49eeb42d2372d32535ec62a4d5e9d27625249fdd05921f7d9d5,PREDICTIONS_FROZEN,False
35,TARGET_ASSISTED_LABELLED_TARGET_DIAGNOSTIC,44,155921,0,1050,4ae594a8c12df857288adc9fb9c4b203598f03c33bd799039dbea094172f944f,PREDICTIONS_FROZEN,False
50,TARGET_ASSISTED_LABELLED_TARGET_DIAGNOSTIC,44,155921,0,1050,fd31e6d1deda10f2dc852b190f20e626eb71b7dee8eeab049bdea8187ee6d800,PREDICTIONS_FROZEN,False
100,TARGET_ASSISTED_LABELLED_TARGET_DIAGNOSTIC,44,155921,0,1050,5894cdaf9dfc0bc02cbda023569ef7e63ebb230d1a89c312642b477f06909791,PREDICTIONS_FROZEN,False
200,TARGET_ASSISTED_LABELLED_TARGET_DIAGNOSTIC,44,155921,0,1050,6a4a2033f6afd1fc8cc78add9f9efc5fb85678bf19f82e849cb987b3bc900d7a,PREDICTIONS_FROZEN,False
500,TARGET_ASSISTED_LABELLED_TARGET_DIAGNOSTIC,44,155921,0,1050,00cb3ef9b7a4f2e3686d66b5113eb62fc584a5c13be1a90084b5ab05ce562e42,PREDICTIONS_FROZEN,False
7,TARGET_ASSISTED_LABELLED_TARGET_DIAGNOSTIC,44,181081,0,1050,6a611289a64689a85fcf53d084c37b5f60e098d3e2c071714b31c35c2f262306,PREDICTIONS_FROZEN,False
10,TARGET_ASSISTED_LABELLED_TARGET_DIAGNOSTIC,44,181081,0,1050,c6722802cab56190e708700053fa1520537e6581e0d29cb15065f030b0eaac51,PREDICTIONS_FROZEN,False
20,TARGET_ASSISTED_LABELLED_TARGET_DIAGNOSTIC,44,181081,0,1050,db5978fd7107e9e24909469448b6ed29fa44606ace85a385158f4dbc10c66e5b,PREDICTIONS_FROZEN,False
21,TARGET_ASSISTED_LABELLED_TARGET_DIAGNOSTIC,44,181081,0,1050,ce9c0d17051288a39fdab7572789f3fca3ce44766243a261c5ef377581fc4598,PREDICTIONS_FROZEN,False
35,TARGET_ASSISTED_LABELLED_TARGET_DIAGNOSTIC,44,181081,0,1050,f5bae582520e6e98de9493c1db396735c3572d9835d4a7cc64a66f14da44b6de,PREDICTIONS_FROZEN,False
50,TARGET_ASSISTED_LABELLED_TARGET_DIAGNOSTIC,44,181081,0,1050,2386952079ed20dfe02b92bb088aaf8619f7d436675098cb209e4312d6370db3,PREDICTIONS_FROZEN,False
100,TARGET_ASSISTED_LABELLED_TARGET_DIAGNOSTIC,44,181081,0,1050,5894cdaf9dfc0bc02cbda023569ef7e63ebb230d1a89c312642b477f06909791,PREDICTIONS_FROZEN,False
200,TARGET_ASSISTED_LABELLED_TARGET_DIAGNOSTIC,44,181081,0,1050,3915369e29abdf04bfa29c270597b997e1b86b9c38215326d6562d4cf87eb68d,PREDICTIONS_FROZEN,False
500,TARGET_ASSISTED_LABELLED_TARGET_DIAGNOSTIC,44,181081,0,1050,644303748e08acf7ece2d97e5196b9d4da8b710defda3adc37bcb94f7a181be3,PREDICTIONS_FROZEN,False
7,TARGET_ASSISTED_LABELLED_TARGET_DIAGNOSTIC,44,205439,0,1050,9498073c329a4b5c3d64ee2fbc8d416456852e0da1da187a20e471bb18c00e26,PREDICTIONS_FROZEN,False
10,TARGET_ASSISTED_LABELLED_TARGET_DIAGNOSTIC,44,205439,0,1050,dbc1048912dc42109b00d6c9966bab36ea03727abd4be22bc6198354740570cb,PREDICTIONS_FROZEN,False
20,TARGET_ASSISTED_LABELLED_TARGET_DIAGNOSTIC,44,205439,0,1050,63ddbb5b3e45e23ef831cebbca142af60646c460c5402aa1c2db35cfb10365d0,PREDICTIONS_FROZEN,False
21,TARGET_ASSISTED_LABELLED_TARGET_DIAGNOSTIC,44,205439,0,1050,2c218bf7afafbe00393ceed5713318c1c02de3832f6f5cef582aff93d6eca9d5,PREDICTIONS_FROZEN,False
35,TARGET_ASSISTED_LABELLED_TARGET_DIAGNOSTIC,44,205439,0,1050,6b371ec35a5c90d0c0f84b1b5cff44452ea47e16878eb3d3d9712ed1a26dc190,PREDICTIONS_FROZEN,False
50,TARGET_ASSISTED_LABELLED_TARGET_DIAGNOSTIC,44,205439,0,1050,101aa0d13b9017846852163ddaefddc3625e4e73641d4de774098c051dd71c3c,PREDICTIONS_FROZEN,False
100,TARGET_ASSISTED_LABELLED_TARGET_DIAGNOSTIC,44,205439,0,1050,e88e59473e616b88221b011da5acf18e6b872529200ceca3648b43a8704117ec,PREDICTIONS_FROZEN,False
200,TARGET_ASSISTED_LABELLED_TARGET_DIAGNOSTIC,44,205439,0,1050,e88e59473e616b88221b011da5acf18e6b872529200ceca3648b43a8704117ec,PREDICTIONS_FROZEN,False
500,TARGET_ASSISTED_LABELLED_TARGET_DIAGNOSTIC,44,205439,0,1050,acd48e44e52ba09c4e39977031b5ecf277b8238a0b72a3ff3fc2cdeccceede25,PREDICTIONS_FROZEN,False
7,TARGET_ASSISTED_LABELLED_TARGET_DIAGNOSTIC,44,230003,0,1050,62b0dac11bae51d1fe74a44bd77011d6fe187551775349b9bd5fc5cf765ada62,PREDICTIONS_FROZEN,False
10,TARGET_ASSISTED_LABELLED_TARGET_DIAGNOSTIC,44,230003,0,1050,6229803fdc8048daf61aa1c520d09a5626d13f05cd939d756e2e00cbb1ff8e24,PREDICTIONS_FROZEN,False
20,TARGET_ASSISTED_LABELLED_TARGET_DIAGNOSTIC,44,230003,0,1050,ee57843fce2634b93f565c600422f19cebf327239900a100e2ac499d864382f8,PREDICTIONS_FROZEN,False
21,TARGET_ASSISTED_LABELLED_TARGET_DIAGNOSTIC,44,230003,0,1050,1ec95a690dbb6b374eee55fd97e7bc72d27bf592814a7a95c8e5ee71ec28f521,PREDICTIONS_FROZEN,False
35,TARGET_ASSISTED_LABELLED_TARGET_DIAGNOSTIC,44,230003,0,1050,0abe395ae293b9ad0f3622d05c023b6a182b086b170b05d65e849fe1201cd7ff,PREDICTIONS_FROZEN,False
50,TARGET_ASSISTED_LABELLED_TARGET_DIAGNOSTIC,44,230003,0,1050,682b216f86102a484679259a18034df79fb8cacd4e9f9ae56326d6c035d3acfc,PREDICTIONS_FROZEN,False
100,TARGET_ASSISTED_LABELLED_TARGET_DIAGNOSTIC,44,230003,0,1050,5adc48a7715e086fc4a1f49bf368c10bbaa72e594291c26f270197199d3eb6de,PREDICTIONS_FROZEN,False
200,TARGET_ASSISTED_LABELLED_TARGET_DIAGNOSTIC,44,230003,0,1050,6a4a2033f6afd1fc8cc78add9f9efc5fb85678bf19f82e849cb987b3bc900d7a,PREDICTIONS_FROZEN,False
500,TARGET_ASSISTED_LABELLED_TARGET_DIAGNOSTIC,44,230003,0,1050,e88e59473e616b88221b011da5acf18e6b872529200ceca3648b43a8704117ec,PREDICTIONS_FROZEN,False
7,TARGET_ASSISTED_LABELLED_TARGET_DIAGNOSTIC,44,254959,0,1050,0dda91db4b3354e1a916b5fbf3dec3474598fc7a0aa2724510ddf54cb095ca6d,PREDICTIONS_FROZEN,False
10,TARGET_ASSISTED_LABELLED_TARGET_DIAGNOSTIC,44,254959,0,1050,fd0f308c9c900f6c091ebdb690ed9a38155d8408cad33514700c9618fd83e047,PREDICTIONS_FROZEN,False
20,TARGET_ASSISTED_LABELLED_TARGET_DIAGNOSTIC,44,254959,0,1050,d03cc51a797f9cc7836182303eeb692a01dae93e1c3f01b13453e40965e8e399,PREDICTIONS_FROZEN,False
21,TARGET_ASSISTED_LABELLED_TARGET_DIAGNOSTIC,44,254959,0,1050,51c0c942c179111bbbb1e49c6bb08754afc9ec8a1015c6663ce5896819d97602,PREDICTIONS_FROZEN,False
35,TARGET_ASSISTED_LABELLED_TARGET_DIAGNOSTIC,44,254959,0,1050,0dfd09a243cbc3837d457fbe13f14ef98f0ab34e5c00bd9c90c5e690eb2a3672,PREDICTIONS_FROZEN,False
50,TARGET_ASSISTED_LABELLED_TARGET_DIAGNOSTIC,44,254959,0,1050,bc5c789e3e312a488745b543c501dba28bbf2a8817223f966e0e8edea0a02983,PREDICTIONS_FROZEN,False
100,TARGET_ASSISTED_LABELLED_TARGET_DIAGNOSTIC,44,254959,0,1050,9aad6f1729238d414904c4dc485921d47a3d62225a362f2aaac8f6353ce38176,PREDICTIONS_FROZEN,False
200,TARGET_ASSISTED_LABELLED_TARGET_DIAGNOSTIC,44,254959,0,1050,452d90e951a4119135db059e9ed610f25ad9387409e480680c03a7721e83eb37,PREDICTIONS_FROZEN,False
500,TARGET_ASSISTED_LABELLED_TARGET_DIAGNOSTIC,44,254959,0,1050,971b182904a9efdf29631e0a4970816e879624a5e930cee3c04a6b9c66fb0f75,PREDICTIONS_FROZEN,False
7,TARGET_ASSISTED_LABELLED_TARGET_DIAGNOSTIC,44,280001,0,1050,6bf779f5d34080cce1277074c2748f48dbdb4b77813a8f5a029887fa493e0e98,PREDICTIONS_FROZEN,False
10,TARGET_ASSISTED_LABELLED_TARGET_DIAGNOSTIC,44,280001,0,1050,4e1401055c7f627c4a96ea83feaa096e52f1d43b06b1dce7bd14b5898ea8056c,PREDICTIONS_FROZEN,False
20,TARGET_ASSISTED_LABELLED_TARGET_DIAGNOSTIC,44,280001,0,1050,102336d64f19d1244fd136b2984f874690104b4d6dff0b3aad53dace01c2790e,PREDICTIONS_FROZEN,False
21,TARGET_ASSISTED_LABELLED_TARGET_DIAGNOSTIC,44,280001,0,1050,76f6668e025f30a76a44046f2da32cb0985a19779ccc84f163abdb8b771c30b7,PREDICTIONS_FROZEN,False
35,TARGET_ASSISTED_LABELLED_TARGET_DIAGNOSTIC,44,280001,0,1050,2ce71b4de7389a5b9894bcb29a45c89a84cdf9a6aaf18f6b0cc94286e515ef93,PREDICTIONS_FROZEN,False
50,TARGET_ASSISTED_LABELLED_TARGET_DIAGNOSTIC,44,280001,0,1050,63264531f15b0b957d1666ce9c99feb85a2e4f7a142f67ce28af10db2dc83fe4,PREDICTIONS_FROZEN,False
100,TARGET_ASSISTED_LABELLED_TARGET_DIAGNOSTIC,44,280001,0,1050,3a4bc8179465872a876c71ff5ad6f76fc2b241299c525165d44725c2253eb43c,PREDICTIONS_FROZEN,False
200,TARGET_ASSISTED_LABELLED_TARGET_DIAGNOSTIC,44,280001,0,1050,35f94609b05e4dfad9816cdc022486802044351f805fc7e1135c4a14130683c7,PREDICTIONS_FROZEN,False
500,TARGET_ASSISTED_LABELLED_TARGET_DIAGNOSTIC,44,280001,0,1050,e88e59473e616b88221b011da5acf18e6b872529200ceca3648b43a8704117ec,PREDICTIONS_FROZEN,False
7,TARGET_ASSISTED_LABELLED_TARGET_DIAGNOSTIC,44,305093,0,1050,e77270490b92c25f4712b3cdcd12364ffec27f933b91a1f8ded382007e69399e,PREDICTIONS_FROZEN,False
10,TARGET_ASSISTED_LABELLED_TARGET_DIAGNOSTIC,44,305093,0,1050,377b44f8dbda65712bdfc11a797617c19a6c1699191614fb6b8e87a8c23e8f37,PREDICTIONS_FROZEN,False
20,TARGET_ASSISTED_LABELLED_TARGET_DIAGNOSTIC,44,305093,0,1050,cd91883e78e12aff85e7763426a0803c70360c0988bc0adf4bc7a0d076d1210f,PREDICTIONS_FROZEN,False
21,TARGET_ASSISTED_LABELLED_TARGET_DIAGNOSTIC,44,305093,0,1050,dd6bc00fa78dc610076e6626fbbc0a92e2f71d035276eb35592f54e8402ef0d4,PREDICTIONS_FROZEN,False
35,TARGET_ASSISTED_LABELLED_TARGET_DIAGNOSTIC,44,305093,0,1050,10c9a95ff5b2aa1185501040eccc4347fe3c13506493605cf3b2fc985bc6a921,PREDICTIONS_FROZEN,False
50,TARGET_ASSISTED_LABELLED_TARGET_DIAGNOSTIC,44,305093,0,1050,7ae0a9f8789d081abeaf23b15410e7103def400884a52242476a2c2691e000a5,PREDICTIONS_FROZEN,False
100,TARGET_ASSISTED_LABELLED_TARGET_DIAGNOSTIC,44,305093,0,1050,56bb57981fdb99cfef14bdfa47ff58712704aabfd6e29ed6836ae5b73e25b2da,PREDICTIONS_FROZEN,False
200,TARGET_ASSISTED_LABELLED_TARGET_DIAGNOSTIC,44,305093,0,1050,2f3eb02beefad9353fad7a2591c0dc9b621c2913ba30779c2859ead7e6126803,PREDICTIONS_FROZEN,False
500,TARGET_ASSISTED_LABELLED_TARGET_DIAGNOSTIC,44,305093,0,1050,00cb3ef9b7a4f2e3686d66b5113eb62fc584a5c13be1a90084b5ab05ce562e42,PREDICTIONS_FROZEN,False
7,TARGET_ASSISTED_LABELLED_TARGET_DIAGNOSTIC,44,330017,0,1050,609c07d0179452e3a19b45212cb3a35a647ad4103f5ba4149d15549c7ef0c603,PREDICTIONS_FROZEN,False
10,TARGET_ASSISTED_LABELLED_TARGET_DIAGNOSTIC,44,330017,0,1050,60286a4ffa79b18bfe57cf3ffabe4b10820e5ef507d2a6e68ed070e48afc6890,PREDICTIONS_FROZEN,False
20,TARGET_ASSISTED_LABELLED_TARGET_DIAGNOSTIC,44,330017,0,1050,cc08198f60bebacf1f8de472a956d37563c7999c841b0025391cf30f9e878aaf,PREDICTIONS_FROZEN,False
21,TARGET_ASSISTED_LABELLED_TARGET_DIAGNOSTIC,44,330017,0,1050,d39f2491300dd30a5c09822f3b893e9a1d52c798fb73b88a2e2a660d9b0240dd,PREDICTIONS_FROZEN,False
35,TARGET_ASSISTED_LABELLED_TARGET_DIAGNOSTIC,44,330017,0,1050,4ae594a8c12df857288adc9fb9c4b203598f03c33bd799039dbea094172f944f,PREDICTIONS_FROZEN,False
50,TARGET_ASSISTED_LABELLED_TARGET_DIAGNOSTIC,44,330017,0,1050,afb28671bf5d7177453bcc6aeef51924da568dd579b165970dd414daa6973fbf,PREDICTIONS_FROZEN,False
100,TARGET_ASSISTED_LABELLED_TARGET_DIAGNOSTIC,44,330017,0,1050,8be7d989d9571e978a53889ebc994c53b3c7f2c0d62c935ddcfb4a52decb690a,PREDICTIONS_FROZEN,False
200,TARGET_ASSISTED_LABELLED_TARGET_DIAGNOSTIC,44,330017,0,1050,ef39ade3e719dfe52ef308f002a68de9e7ce9b03bb2b35d73184da847589e876,PREDICTIONS_FROZEN,False
500,TARGET_ASSISTED_LABELLED_TARGET_DIAGNOSTIC,44,330017,0,1050,644303748e08acf7ece2d97e5196b9d4da8b710defda3adc37bcb94f7a181be3,PREDICTIONS_FROZEN,False
7,TARGET_ASSISTED_LABELLED_TARGET_DIAGNOSTIC,44,355031,0,1050,609c07d0179452e3a19b45212cb3a35a647ad4103f5ba4149d15549c7ef0c603,PREDICTIONS_FROZEN,False
10,TARGET_ASSISTED_LABELLED_TARGET_DIAGNOSTIC,44,355031,0,1050,bdd56a54ccc0361dac0eafa5d154eb606634c3aeabe923c7d524465d69607871,PREDICTIONS_FROZEN,False
20,TARGET_ASSISTED_LABELLED_TARGET_DIAGNOSTIC,44,355031,0,1050,42858496ec202ec6076bdb3aecf01831118e087b5c04f08783ee0aae69b30439,PREDICTIONS_FROZEN,False
21,TARGET_ASSISTED_LABELLED_TARGET_DIAGNOSTIC,44,355031,0,1050,baebe83b9f4a61cf35497cab757fd74f7f8988bfd60f0ecf6c782d212ad88126,PREDICTIONS_FROZEN,False
35,TARGET_ASSISTED_LABELLED_TARGET_DIAGNOSTIC,44,355031,0,1050,dc7c549f1531fdbc616593fa8f7d3ccf491765ebe5ce97281b8494ec6ceb0f83,PREDICTIONS_FROZEN,False
50,TARGET_ASSISTED_LABELLED_TARGET_DIAGNOSTIC,44,355031,0,1050,8911197d63b5436ad6dbe5e9baed9952b7ecc2012a24ed498123cd0e257e6403,PREDICTIONS_FROZEN,False
100,TARGET_ASSISTED_LABELLED_TARGET_DIAGNOSTIC,44,355031,0,1050,00cb3ef9b7a4f2e3686d66b5113eb62fc584a5c13be1a90084b5ab05ce562e42,PREDICTIONS_FROZEN,False
200,TARGET_ASSISTED_LABELLED_TARGET_DIAGNOSTIC,44,355031,0,1050,3846e2e2281c270aa812d04e62904b3e6f121680585df4c6d7d3ab83631214e3,PREDICTIONS_FROZEN,False
500,TARGET_ASSISTED_LABELLED_TARGET_DIAGNOSTIC,44,355031,0,1050,00cb3ef9b7a4f2e3686d66b5113eb62fc584a5c13be1a90084b5ab05ce562e42,PREDICTIONS_FROZEN,False
7,TARGET_ASSISTED_LABELLED_TARGET_DIAGNOSTIC,44,380041,0,1050,d056d3b596c838fe81d310f3845c00903fd9435a56162bdedcb827c8724e656c,PREDICTIONS_FROZEN,False
10,TARGET_ASSISTED_LABELLED_TARGET_DIAGNOSTIC,44,380041,0,1050,b2b1b0e0aa8761eb595de0fa0e20d5e4bb0829c8385a8043258382096f04eb50,PREDICTIONS_FROZEN,False
20,TARGET_ASSISTED_LABELLED_TARGET_DIAGNOSTIC,44,380041,0,1050,f5b3c13ed905017bc878a68cce9b886c4775c9a5a64e54a3f4d08b224d986957,PREDICTIONS_FROZEN,False
21,TARGET_ASSISTED_LABELLED_TARGET_DIAGNOSTIC,44,380041,0,1050,7e2a4f6cd3c16a0b5dd8c0e8a49f06cc49558d455b4d0137579431a6ab3f0a64,PREDICTIONS_FROZEN,False
35,TARGET_ASSISTED_LABELLED_TARGET_DIAGNOSTIC,44,380041,0,1050,6f35a0b590b6bc4e360895e82de254ed83120ecffe2588ba3c46ccffc334844c,PREDICTIONS_FROZEN,False
50,TARGET_ASSISTED_LABELLED_TARGET_DIAGNOSTIC,44,380041,0,1050,e974f5a79123071675f770b147ccf0a98dfa3cadd4d22f24944171b8622149e6,PREDICTIONS_FROZEN,False
100,TARGET_ASSISTED_LABELLED_TARGET_DIAGNOSTIC,44,380041,0,1050,328eb43e1ccbf694d95e3d44e02dae1e8cf6ea8e9f157be815462ddab455f8c8,PREDICTIONS_FROZEN,False
200,TARGET_ASSISTED_LABELLED_TARGET_DIAGNOSTIC,44,380041,0,1050,aef786536e3c57b65f84793832508afc831ca1dbef5548801cd2ead2b4f6c186,PREDICTIONS_FROZEN,False
500,TARGET_ASSISTED_LABELLED_TARGET_DIAGNOSTIC,44,380041,0,1050,eb40fc56a73e8db689613ac86d8e9652238ebdae615dfb9910a67dc0a0d7317a,PREDICTIONS_FROZEN,False
7,TARGET_ASSISTED_LABELLED_TARGET_DIAGNOSTIC,44,405019,0,1050,0cc3a9eb7708e25b34e2ef3922f277cec2be5d66ea4aceb43b4f2fc4e0655600,PREDICTIONS_FROZEN,False
10,TARGET_ASSISTED_LABELLED_TARGET_DIAGNOSTIC,44,405019,0,1050,c3bb97b6cd9f32b48c77b833dfcc81dd4a828a52a97e0657155644773d8424e6,PREDICTIONS_FROZEN,False
20,TARGET_ASSISTED_LABELLED_TARGET_DIAGNOSTIC,44,405019,0,1050,93ee7f58d435740a22cd5c9a81b38f67cdbb921c14ea078a207c107778e0719b,PREDICTIONS_FROZEN,False
21,TARGET_ASSISTED_LABELLED_TARGET_DIAGNOSTIC,44,405019,0,1050,95a774c6e482fd57a4a910828efb48e0dc4119a7f7296bdbb467433bd339f6ff,PREDICTIONS_FROZEN,False
35,TARGET_ASSISTED_LABELLED_TARGET_DIAGNOSTIC,44,405019,0,1050,c0633d84bd162dbe1f7172e3e721f65cb8d732fd9b4bec970591744b97959bc8,PREDICTIONS_FROZEN,False
50,TARGET_ASSISTED_LABELLED_TARGET_DIAGNOSTIC,44,405019,0,1050,86c643a338c9fabd1c8ebd96c87662bd9b896c4b9ac59ed88bd6011ef6f67442,PREDICTIONS_FROZEN,False
100,TARGET_ASSISTED_LABELLED_TARGET_DIAGNOSTIC,44,405019,0,1050,e88e59473e616b88221b011da5acf18e6b872529200ceca3648b43a8704117ec,PREDICTIONS_FROZEN,False
200,TARGET_ASSISTED_LABELLED_TARGET_DIAGNOSTIC,44,405019,0,1050,e88e59473e616b88221b011da5acf18e6b872529200ceca3648b43a8704117ec,PREDICTIONS_FROZEN,False
500,TARGET_ASSISTED_LABELLED_TARGET_DIAGNOSTIC,44,405019,0,1050,e88e59473e616b88221b011da5acf18e6b872529200ceca3648b43a8704117ec,PREDICTIONS_FROZEN,False
7,TARGET_ASSISTED_LABELLED_TARGET_DIAGNOSTIC,44,430007,0,1050,8668b6e04bbbc9d0a96cd29dfc75e2a456641138e71ef1851a2ded9ae7d59da3,PREDICTIONS_FROZEN,False
10,TARGET_ASSISTED_LABELLED_TARGET_DIAGNOSTIC,44,430007,0,1050,b7dcb0114318bf5edf6b541a3a7a69adfc0118534b46d1e88b4c24aafc8f7722,PREDICTIONS_FROZEN,False
20,TARGET_ASSISTED_LABELLED_TARGET_DIAGNOSTIC,44,430007,0,1050,694abf9186c794f479031b196ff47fe6873fa05732f630232216ebc46b6ac217,PREDICTIONS_FROZEN,False
21,TARGET_ASSISTED_LABELLED_TARGET_DIAGNOSTIC,44,430007,0,1050,1ec95a690dbb6b374eee55fd97e7bc72d27bf592814a7a95c8e5ee71ec28f521,PREDICTIONS_FROZEN,False
35,TARGET_ASSISTED_LABELLED_TARGET_DIAGNOSTIC,44,430007,0,1050,0dfd09a243cbc3837d457fbe13f14ef98f0ab34e5c00bd9c90c5e690eb2a3672,PREDICTIONS_FROZEN,False
50,TARGET_ASSISTED_LABELLED_TARGET_DIAGNOSTIC,44,430007,0,1050,4c84a2986c68d6745e78571ab514a607f9e6eec7141e08c99682506c801377b9,PREDICTIONS_FROZEN,False
100,TARGET_ASSISTED_LABELLED_TARGET_DIAGNOSTIC,44,430007,0,1050,cb2c7bc31c2815cdaf45e683cca524e171d30cfebe9033edbbdbe46e6891ff6d,PREDICTIONS_FROZEN,False
200,TARGET_ASSISTED_LABELLED_TARGET_DIAGNOSTIC,44,430007,0,1050,73c7ff47b2446cb3031b07d60dce17c90827444bec153e68f2cf3016f978e1db,PREDICTIONS_FROZEN,False
500,TARGET_ASSISTED_LABELLED_TARGET_DIAGNOSTIC,44,430007,0,1050,73c7ff47b2446cb3031b07d60dce17c90827444bec153e68f2cf3016f978e1db,PREDICTIONS_FROZEN,False
7,TARGET_ASSISTED_LABELLED_TARGET_DIAGNOSTIC,44,455003,0,1050,9498073c329a4b5c3d64ee2fbc8d416456852e0da1da187a20e471bb18c00e26,PREDICTIONS_FROZEN,False
10,TARGET_ASSISTED_LABELLED_TARGET_DIAGNOSTIC,44,455003,0,1050,4b122a81e0c5c343095eb6b587b9ae4897d00048b23b07507dff42aaf9d9c20a,PREDICTIONS_FROZEN,False
20,TARGET_ASSISTED_LABELLED_TARGET_DIAGNOSTIC,44,455003,0,1050,2bc27c9ce449ec1bf7909a37172551f7d9d488ff15f884de6f5bdff7dd870226,PREDICTIONS_FROZEN,False
21,TARGET_ASSISTED_LABELLED_TARGET_DIAGNOSTIC,44,455003,0,1050,78f67f1e7dab2c8a2775863c0556154186198225331cd185a8fd8deb6df6ca70,PREDICTIONS_FROZEN,False
35,TARGET_ASSISTED_LABELLED_TARGET_DIAGNOSTIC,44,455003,0,1050,2ce71b4de7389a5b9894bcb29a45c89a84cdf9a6aaf18f6b0cc94286e515ef93,PREDICTIONS_FROZEN,False
50,TARGET_ASSISTED_LABELLED_TARGET_DIAGNOSTIC,44,455003,0,1050,21d0fd1d77162a34f0f730f3fde7d1387ec0e8608525831a3b2bce3b67d5f18d,PREDICTIONS_FROZEN,False
100,TARGET_ASSISTED_LABELLED_TARGET_DIAGNOSTIC,44,455003,0,1050,9b87b88977d94c6b48616a705385c7e532a686ef9fde49e6874ab7f93759d6c1,PREDICTIONS_FROZEN,False
200,TARGET_ASSISTED_LABELLED_TARGET_DIAGNOSTIC,44,455003,0,1050,2ce71b4de7389a5b9894bcb29a45c89a84cdf9a6aaf18f6b0cc94286e515ef93,PREDICTIONS_FROZEN,False
500,TARGET_ASSISTED_LABELLED_TARGET_DIAGNOSTIC,44,455003,0,1050,e88e59473e616b88221b011da5acf18e6b872529200ceca3648b43a8704117ec,PREDICTIONS_FROZEN,False
7,TARGET_ASSISTED_LABELLED_TARGET_DIAGNOSTIC,44,480017,0,1050,0b8f84af1507fafc19859068f334003aa01b641338e629fe65817afc738b175a,PREDICTIONS_FROZEN,False
10,TARGET_ASSISTED_LABELLED_TARGET_DIAGNOSTIC,44,480017,0,1050,53fe8cda1ff1b03edaf65b394b3a0f30fda919832c6976b82cc0010311cd1b09,PREDICTIONS_FROZEN,False
20,TARGET_ASSISTED_LABELLED_TARGET_DIAGNOSTIC,44,480017,0,1050,f41cd09fed7f986bda16888bbb15b03c75662c899fb099a10cc3e74130219f61,PREDICTIONS_FROZEN,False
21,TARGET_ASSISTED_LABELLED_TARGET_DIAGNOSTIC,44,480017,0,1050,b4eaccedf13cfeff052de746c499c9a3bba676b9d64bd53eed26866d7825c59c,PREDICTIONS_FROZEN,False
35,TARGET_ASSISTED_LABELLED_TARGET_DIAGNOSTIC,44,480017,0,1050,e81983d05eed466b5a6fe586d918b5e919ce85d55cacfb4737dea4229e599a96,PREDICTIONS_FROZEN,False
50,TARGET_ASSISTED_LABELLED_TARGET_DIAGNOSTIC,44,480017,0,1050,8dde7ffdc4085a845df998189fe6d2d5af9abd00dab689f5501f661fb291bef6,PREDICTIONS_FROZEN,False
100,TARGET_ASSISTED_LABELLED_TARGET_DIAGNOSTIC,44,480017,0,1050,7dc3e4cf718752bec675333123432b9debdb7805ab0149554470396ab44a11b9,PREDICTIONS_FROZEN,False
200,TARGET_ASSISTED_LABELLED_TARGET_DIAGNOSTIC,44,480017,0,1050,a66a1e634c651895056cb439c3853b44cfbd46f28f51763badaf4750f9252d60,PREDICTIONS_FROZEN,False
500,TARGET_ASSISTED_LABELLED_TARGET_DIAGNOSTIC,44,480017,0,1050,a66a1e634c651895056cb439c3853b44cfbd46f28f51763badaf4750f9252d60,PREDICTIONS_FROZEN,False
7,TARGET_ASSISTED_LABELLED_TARGET_DIAGNOSTIC,44,505027,0,1050,30a5df07e3dda65bc879ef05e06e1bfd151100e9076a5f6261008b5057352ec2,PREDICTIONS_FROZEN,False
10,TARGET_ASSISTED_LABELLED_TARGET_DIAGNOSTIC,44,505027,0,1050,1a90e51016363f83e8487daccc0103ef01edfad05b55be56f853f414eb9d0fd4,PREDICTIONS_FROZEN,False
20,TARGET_ASSISTED_LABELLED_TARGET_DIAGNOSTIC,44,505027,0,1050,9944a29fe40f4aaffabdc7e1eea2c9d1b36bad2e89072f52efdbddf25166ccc3,PREDICTIONS_FROZEN,False
21,TARGET_ASSISTED_LABELLED_TARGET_DIAGNOSTIC,44,505027,0,1050,fa6d6a6f0e6596dba33da8f3a8371ac0b4731e4a304a5e720ecc43b0fd139d2f,PREDICTIONS_FROZEN,False
35,TARGET_ASSISTED_LABELLED_TARGET_DIAGNOSTIC,44,505027,0,1050,4f19612fe6e5bc6a74887cdbe24eddf9d87471db58a89c0ed67e9da0706fefe2,PREDICTIONS_FROZEN,False
50,TARGET_ASSISTED_LABELLED_TARGET_DIAGNOSTIC,44,505027,0,1050,3266b8bb7c674d5f2fd92699c089b42c08e031bd33d2fd1d31d9f80ef257b9f2,PREDICTIONS_FROZEN,False
100,TARGET_ASSISTED_LABELLED_TARGET_DIAGNOSTIC,44,505027,0,1050,6a4a2033f6afd1fc8cc78add9f9efc5fb85678bf19f82e849cb987b3bc900d7a,PREDICTIONS_FROZEN,False
200,TARGET_ASSISTED_LABELLED_TARGET_DIAGNOSTIC,44,505027,0,1050,ef39ade3e719dfe52ef308f002a68de9e7ce9b03bb2b35d73184da847589e876,PREDICTIONS_FROZEN,False
500,TARGET_ASSISTED_LABELLED_TARGET_DIAGNOSTIC,44,505027,0,1050,00cb3ef9b7a4f2e3686d66b5113eb62fc584a5c13be1a90084b5ab05ce562e42,PREDICTIONS_FROZEN,False
7,TARGET_ASSISTED_LABELLED_TARGET_DIAGNOSTIC,44,530017,0,1050,5999b625daae73a9fb26f9c48c30bf16e6b47e774d08a650257632529164f5a5,PREDICTIONS_FROZEN,False
10,TARGET_ASSISTED_LABELLED_TARGET_DIAGNOSTIC,44,530017,0,1050,90fbb3346f64ae1b465764e6ad9a72db1a1008d8bccb855dabde6c7a869ae4cb,PREDICTIONS_FROZEN,False
20,TARGET_ASSISTED_LABELLED_TARGET_DIAGNOSTIC,44,530017,0,1050,e4a5b3be6a4b22df39d79014f7da322cca3e5a023086a0253ba3861e456e86cc,PREDICTIONS_FROZEN,False
21,TARGET_ASSISTED_LABELLED_TARGET_DIAGNOSTIC,44,530017,0,1050,a45b5117a12edab1584cc8c516a35e031a5cc453ff09e41213dbc7867b6dece4,PREDICTIONS_FROZEN,False
35,TARGET_ASSISTED_LABELLED_TARGET_DIAGNOSTIC,44,530017,0,1050,8f22de920761c19ac40f8f8688bdb2ec452df44d069a8cccb2c45cd2477fe78e,PREDICTIONS_FROZEN,False
50,TARGET_ASSISTED_LABELLED_TARGET_DIAGNOSTIC,44,530017,0,1050,af0b4166d9adea6c3e17188406ab9d6f4ec419dbae4d3f73613760ec2f091c42,PREDICTIONS_FROZEN,False
100,TARGET_ASSISTED_LABELLED_TARGET_DIAGNOSTIC,44,530017,0,1050,e3f56400704589afcde10ea7ebfbeeefe80f1aa4b50ecd06ffebd72f212273e9,PREDICTIONS_FROZEN,False
200,TARGET_ASSISTED_LABELLED_TARGET_DIAGNOSTIC,44,530017,0,1050,e3ce2a6de974915736ce1ae40d18e89057d1e3b7651f1af492deb81287a833c0,PREDICTIONS_FROZEN,False
500,TARGET_ASSISTED_LABELLED_TARGET_DIAGNOSTIC,44,530017,0,1050,e88e59473e616b88221b011da5acf18e6b872529200ceca3648b43a8704117ec,PREDICTIONS_FROZEN,False
7,TARGET_ASSISTED_LABELLED_TARGET_DIAGNOSTIC,44,555029,0,1050,04f37b1b0d9f9a76d4a87b3b7d81d185873ac72a87ee602fe63409fc851584cd,PREDICTIONS_FROZEN,False
10,TARGET_ASSISTED_LABELLED_TARGET_DIAGNOSTIC,44,555029,0,1050,5cc42a6359505c3a98a3da9de9830360e4198d757a42cc9385b036d94fa59105,PREDICTIONS_FROZEN,False
20,TARGET_ASSISTED_LABELLED_TARGET_DIAGNOSTIC,44,555029,0,1050,840d2203631a753b4991c14636a9b414eb2489bf8fa4d7d2435ee03e0d77b9e5,PREDICTIONS_FROZEN,False
21,TARGET_ASSISTED_LABELLED_TARGET_DIAGNOSTIC,44,555029,0,1050,ebb71b806e461322d3a1c9ffcca7b74a606f6cf1081d0fa0c2d6e1ec87aa255f,PREDICTIONS_FROZEN,False
35,TARGET_ASSISTED_LABELLED_TARGET_DIAGNOSTIC,44,555029,0,1050,a8190ce862bf530fdfb1723bf22ccaa45695b51a55ae8f9ce281789afdd6c122,PREDICTIONS_FROZEN,False
50,TARGET_ASSISTED_LABELLED_TARGET_DIAGNOSTIC,44,555029,0,1050,20c69e8ccdd7525daae1b51825ca2849d03565e11f95432e73963aca44aca6da,PREDICTIONS_FROZEN,False
100,TARGET_ASSISTED_LABELLED_TARGET_DIAGNOSTIC,44,555029,0,1050,516e9b9beed78a034f4de00e7ed935fd63fcbebff805ce698ba39a5a052f80b5,PREDICTIONS_FROZEN,False
200,TARGET_ASSISTED_LABELLED_TARGET_DIAGNOSTIC,44,555029,0,1050,367e9488ff2f515aac2c67c36a94d681bb5015e12fe123cfb88188e6a81a38c7,PREDICTIONS_FROZEN,False
500,TARGET_ASSISTED_LABELLED_TARGET_DIAGNOSTIC,44,555029,0,1050,e88e59473e616b88221b011da5acf18e6b872529200ceca3648b43a8704117ec,PREDICTIONS_FROZEN,False
7,TARGET_ASSISTED_LABELLED_TARGET_DIAGNOSTIC,44,580031,0,1050,8668b6e04bbbc9d0a96cd29dfc75e2a456641138e71ef1851a2ded9ae7d59da3,PREDICTIONS_FROZEN,False
10,TARGET_ASSISTED_LABELLED_TARGET_DIAGNOSTIC,44,580031,0,1050,93a1a5d9736932454542bab7550c169f96176cfb1ef98aa8e147a23813ffb77b,PREDICTIONS_FROZEN,False
20,TARGET_ASSISTED_LABELLED_TARGET_DIAGNOSTIC,44,580031,0,1050,c543af37496553348200245bca04ecd9f84b67c86c64ffcdd9f00114ec02d77d,PREDICTIONS_FROZEN,False
21,TARGET_ASSISTED_LABELLED_TARGET_DIAGNOSTIC,44,580031,0,1050,5fc7cadb4a2a77d523e3c2c956e3af42d36f21e3b0cb49a2ea63582423573f80,PREDICTIONS_FROZEN,False
35,TARGET_ASSISTED_LABELLED_TARGET_DIAGNOSTIC,44,580031,0,1050,6aa4972d9eae0a61f3cb703052447b9946c85370c48c30f16eddcdda49ec8fcf,PREDICTIONS_FROZEN,False
50,TARGET_ASSISTED_LABELLED_TARGET_DIAGNOSTIC,44,580031,0,1050,be7d555761875613230be9d54dfe066532e36b3714cdf3898ae08bcba896f516,PREDICTIONS_FROZEN,False
100,TARGET_ASSISTED_LABELLED_TARGET_DIAGNOSTIC,44,580031,0,1050,1c90557da19d7cc00dea6cdb4124c4d15e99a672d0b1718d0becda2166693921,PREDICTIONS_FROZEN,False
200,TARGET_ASSISTED_LABELLED_TARGET_DIAGNOSTIC,44,580031,0,1050,daedabff5adc1b78dcf1421a2da49d4dc7299fa29ad66cc5d960ba8a57035d76,PREDICTIONS_FROZEN,False
500,TARGET_ASSISTED_LABELLED_TARGET_DIAGNOSTIC,44,580031,0,1050,644303748e08acf7ece2d97e5196b9d4da8b710defda3adc37bcb94f7a181be3,PREDICTIONS_FROZEN,False
0,STRICT_SOURCE_ONLY_DG,44,,1,1050,ca8f28ba9a6faadef1613d2d3210b388a7377ff66c954ab55246d551e29819c2,PREDICTIONS_FROZEN,False
7,TARGET_ASSISTED_LABELLED_TARGET_DIAGNOSTIC,44,104729,1,1050,b31db0b2c3a9f677caff09af83d6be0ff4b57447afc3f02a2ceb35563a49e0bb,PREDICTIONS_FROZEN,False
10,TARGET_ASSISTED_LABELLED_TARGET_DIAGNOSTIC,44,104729,1,1050,f8a422cc71cd6bfa1497be64df9afc9caf6a4d8337aa8be1582235a61bd91ffa,PREDICTIONS_FROZEN,False
20,TARGET_ASSISTED_LABELLED_TARGET_DIAGNOSTIC,44,104729,1,1050,2858409889f4508def889c1ebf1cc7cd4e04532eb5315b089a8eebad3a12f196,PREDICTIONS_FROZEN,False
21,TARGET_ASSISTED_LABELLED_TARGET_DIAGNOSTIC,44,104729,1,1050,d0f1480daae4a01143372d8f9054748c6e60c89782c4adb7e818039e3d981891,PREDICTIONS_FROZEN,False
35,TARGET_ASSISTED_LABELLED_TARGET_DIAGNOSTIC,44,104729,1,1050,9b885a17f9689a86b2d0527e31a099038c5cf899106d7c8818c7adcf1add61d4,PREDICTIONS_FROZEN,False
50,TARGET_ASSISTED_LABELLED_TARGET_DIAGNOSTIC,44,104729,1,1050,ff5947cd28e21878c06facb2cdae2060ccee744c5a5e5441780f35bd25efb43a,PREDICTIONS_FROZEN,False
100,TARGET_ASSISTED_LABELLED_TARGET_DIAGNOSTIC,44,104729,1,1050,e3a1129626e81e48ccc0303b67f4288ce67e441817f9f5fe8ce2cd330a22099a,PREDICTIONS_FROZEN,False
200,TARGET_ASSISTED_LABELLED_TARGET_DIAGNOSTIC,44,104729,1,1050,539ec373a87494c81aa5e38dc344b7d25d589f3d904853300b1a2c67bddec6cd,PREDICTIONS_FROZEN,False
500,TARGET_ASSISTED_LABELLED_TARGET_DIAGNOSTIC,44,104729,1,1050,e3a1129626e81e48ccc0303b67f4288ce67e441817f9f5fe8ce2cd330a22099a,PREDICTIONS_FROZEN,False
7,TARGET_ASSISTED_LABELLED_TARGET_DIAGNOSTIC,44,130363,1,1050,d081d383760a19a95af041b88cac84223e809bb018d80cf201d333b55e35f85e,PREDICTIONS_FROZEN,False
10,TARGET_ASSISTED_LABELLED_TARGET_DIAGNOSTIC,44,130363,1,1050,7a6296bf78d87cc282c19a13c2de79d42d992e8d475aca170c1c564bec649c8f,PREDICTIONS_FROZEN,False
20,TARGET_ASSISTED_LABELLED_TARGET_DIAGNOSTIC,44,130363,1,1050,13959d592b2dfa9c1adfac9164b682297a1cc18d26fbe51869259bcdac35b8be,PREDICTIONS_FROZEN,False
21,TARGET_ASSISTED_LABELLED_TARGET_DIAGNOSTIC,44,130363,1,1050,a624d443728d348ca42d5b9c74fe3e3c14369062956aba9d9c488e6d9261a7e4,PREDICTIONS_FROZEN,False
35,TARGET_ASSISTED_LABELLED_TARGET_DIAGNOSTIC,44,130363,1,1050,00c7149cea3617ed38e9c0f7cd62b3be5b47abd995aa15dc238f69967e4ed641,PREDICTIONS_FROZEN,False
50,TARGET_ASSISTED_LABELLED_TARGET_DIAGNOSTIC,44,130363,1,1050,fad25bd291327bac1abf63e47b63ea11e0928984d9b69c7307f7e2e5d45c3013,PREDICTIONS_FROZEN,False
100,TARGET_ASSISTED_LABELLED_TARGET_DIAGNOSTIC,44,130363,1,1050,e5fe909d147200209b153d2f5c6670500362798ef99b0d86fc6373a2e30c865d,PREDICTIONS_FROZEN,False
200,TARGET_ASSISTED_LABELLED_TARGET_DIAGNOSTIC,44,130363,1,1050,e5fe909d147200209b153d2f5c6670500362798ef99b0d86fc6373a2e30c865d,PREDICTIONS_FROZEN,False
500,TARGET_ASSISTED_LABELLED_TARGET_DIAGNOSTIC,44,130363,1,1050,e5fe909d147200209b153d2f5c6670500362798ef99b0d86fc6373a2e30c865d,PREDICTIONS_FROZEN,False
7,TARGET_ASSISTED_LABELLED_TARGET_DIAGNOSTIC,44,155921,1,1050,33d41788cdace5c17f2c408dfb36ed9a56910211ba5cd5350e2673efb06e98ad,PREDICTIONS_FROZEN,False
10,TARGET_ASSISTED_LABELLED_TARGET_DIAGNOSTIC,44,155921,1,1050,6ac3d050b3285f5f0dce452b238587ad5af86f890fda8abc287419ea2608b3c4,PREDICTIONS_FROZEN,False
20,TARGET_ASSISTED_LABELLED_TARGET_DIAGNOSTIC,44,155921,1,1050,051e4d2962518050ac9fdd8d3d4bea9ff2b62a2a3492b4d5e6acba3a6e83b7c7,PREDICTIONS_FROZEN,False
21,TARGET_ASSISTED_LABELLED_TARGET_DIAGNOSTIC,44,155921,1,1050,8354be43b43f818bd87e433263bda7090eb112c1c6065edbe99cdf666380aa91,PREDICTIONS_FROZEN,False
35,TARGET_ASSISTED_LABELLED_TARGET_DIAGNOSTIC,44,155921,1,1050,54f2e9dd18d4ea44ce24fe7862ac06bbb0c8f371df48587669d94106f9c88544,PREDICTIONS_FROZEN,False
50,TARGET_ASSISTED_LABELLED_TARGET_DIAGNOSTIC,44,155921,1,1050,7835b4a94c3fc125c6cc7fcd0010bbc81627401d01ed860644f7bfe83ce9db23,PREDICTIONS_FROZEN,False
100,TARGET_ASSISTED_LABELLED_TARGET_DIAGNOSTIC,44,155921,1,1050,7835b4a94c3fc125c6cc7fcd0010bbc81627401d01ed860644f7bfe83ce9db23,PREDICTIONS_FROZEN,False
200,TARGET_ASSISTED_LABELLED_TARGET_DIAGNOSTIC,44,155921,1,1050,00de20e2ac513994f20b1276230b1f16d4fbde5eb961158566235517216e8c90,PREDICTIONS_FROZEN,False
500,TARGET_ASSISTED_LABELLED_TARGET_DIAGNOSTIC,44,155921,1,1050,e3a1129626e81e48ccc0303b67f4288ce67e441817f9f5fe8ce2cd330a22099a,PREDICTIONS_FROZEN,False
7,TARGET_ASSISTED_LABELLED_TARGET_DIAGNOSTIC,44,181081,1,1050,f66670dc1753c4d78ea87b7cdfcf08e4c322a0bceb28c940f036b306de010b44,PREDICTIONS_FROZEN,False
10,TARGET_ASSISTED_LABELLED_TARGET_DIAGNOSTIC,44,181081,1,1050,a36a4fc1bd46229f8e8cce42910206f2c166dae846af9ff98801626e343e532e,PREDICTIONS_FROZEN,False
20,TARGET_ASSISTED_LABELLED_TARGET_DIAGNOSTIC,44,181081,1,1050,dfedc98d68d0205a7e434ed193b6639a3d241158041e8e2b461c73c18776b213,PREDICTIONS_FROZEN,False
21,TARGET_ASSISTED_LABELLED_TARGET_DIAGNOSTIC,44,181081,1,1050,17e0daf3a22bc8effd19ebbd96e50636f89faa267f48bbea52bc7b808d9ea552,PREDICTIONS_FROZEN,False
35,TARGET_ASSISTED_LABELLED_TARGET_DIAGNOSTIC,44,181081,1,1050,2ed88d193b912fd7d6dbb66ce88810a15f47837f89d7abe2103d460d7dd4b158,PREDICTIONS_FROZEN,False
50,TARGET_ASSISTED_LABELLED_TARGET_DIAGNOSTIC,44,181081,1,1050,960ea9708ecd1fea00584292ce56b98029d015a75baf3d0b7991d69b5d6ad82e,PREDICTIONS_FROZEN,False
100,TARGET_ASSISTED_LABELLED_TARGET_DIAGNOSTIC,44,181081,1,1050,4dd021b082a07dc2463cefdc3d74a52385e4e65eac873bd9ebb3fa4b7e3cd3f1,PREDICTIONS_FROZEN,False
200,TARGET_ASSISTED_LABELLED_TARGET_DIAGNOSTIC,44,181081,1,1050,9606b23acbbfe809cfa8947365e6a88db816ee340ec8b33d1732bfe97acb0304,PREDICTIONS_FROZEN,False
500,TARGET_ASSISTED_LABELLED_TARGET_DIAGNOSTIC,44,181081,1,1050,7835b4a94c3fc125c6cc7fcd0010bbc81627401d01ed860644f7bfe83ce9db23,PREDICTIONS_FROZEN,False
7,TARGET_ASSISTED_LABELLED_TARGET_DIAGNOSTIC,44,205439,1,1050,34059fb6782e9d10944592d790580309ab986b5e81de4d4bf88abe0e83155096,PREDICTIONS_FROZEN,False
10,TARGET_ASSISTED_LABELLED_TARGET_DIAGNOSTIC,44,205439,1,1050,d468300f065a8e1ef08964d398ffd3757657460c1786d795f3309d75505a3429,PREDICTIONS_FROZEN,False
20,TARGET_ASSISTED_LABELLED_TARGET_DIAGNOSTIC,44,205439,1,1050,bab53f84981d601c5713dd1b1d3b043e0e24de795159b18ef20fde62a227b12f,PREDICTIONS_FROZEN,False
21,TARGET_ASSISTED_LABELLED_TARGET_DIAGNOSTIC,44,205439,1,1050,5a88a956356afc8c063cc33357d6afa153045976bdd7fe173ffd92c00ddb8b89,PREDICTIONS_FROZEN,False
35,TARGET_ASSISTED_LABELLED_TARGET_DIAGNOSTIC,44,205439,1,1050,fa70ccef7b62756804ec658e4357c104bb8f52ebe7c7aa75e07878cd7453d8e5,PREDICTIONS_FROZEN,False
50,TARGET_ASSISTED_LABELLED_TARGET_DIAGNOSTIC,44,205439,1,1050,fd6b1b0924f8c60fd189e8b1c654700ae1f229893345c322ecd50b0b8c594abf,PREDICTIONS_FROZEN,False
100,TARGET_ASSISTED_LABELLED_TARGET_DIAGNOSTIC,44,205439,1,1050,137b78d03797405dab1c420a39209d036970fc2185684b0a50680cfc82a0f767,PREDICTIONS_FROZEN,False
200,TARGET_ASSISTED_LABELLED_TARGET_DIAGNOSTIC,44,205439,1,1050,05589289c3bdddb636b1d90e76147d6e8327111817da015ae09a7873f8e85132,PREDICTIONS_FROZEN,False
500,TARGET_ASSISTED_LABELLED_TARGET_DIAGNOSTIC,44,205439,1,1050,e3a1129626e81e48ccc0303b67f4288ce67e441817f9f5fe8ce2cd330a22099a,PREDICTIONS_FROZEN,False
7,TARGET_ASSISTED_LABELLED_TARGET_DIAGNOSTIC,44,230003,1,1050,f547764839c6801453d5dfd7245b756b222af19f9930e181b253ef41a6bae4a3,PREDICTIONS_FROZEN,False
10,TARGET_ASSISTED_LABELLED_TARGET_DIAGNOSTIC,44,230003,1,1050,f2a0e21f62b9c67b53ee8efa722c33c83cf705e61f18e90b820bdd4ec098104d,PREDICTIONS_FROZEN,False
20,TARGET_ASSISTED_LABELLED_TARGET_DIAGNOSTIC,44,230003,1,1050,30210e764ef883c801f1e63c54d441835157d6da480834eb0744fcebbb27d5b9,PREDICTIONS_FROZEN,False
21,TARGET_ASSISTED_LABELLED_TARGET_DIAGNOSTIC,44,230003,1,1050,cb139ece8687956a3282a374a922530e6c74416caa774916c0fbdd0ac38246ef,PREDICTIONS_FROZEN,False
35,TARGET_ASSISTED_LABELLED_TARGET_DIAGNOSTIC,44,230003,1,1050,b410d932fe024ac73143809886659837d8153a644696861c13c3d76b7407d3e0,PREDICTIONS_FROZEN,False
50,TARGET_ASSISTED_LABELLED_TARGET_DIAGNOSTIC,44,230003,1,1050,66a177d782a0549127e0da8fb412ff263e5dd14bd070547eb4a2793f7cdc321d,PREDICTIONS_FROZEN,False
100,TARGET_ASSISTED_LABELLED_TARGET_DIAGNOSTIC,44,230003,1,1050,d292879d590fc78a9d4ca67c14d7ebdda8d0d24bdca6eb9a6f8feaca1b3d7b8d,PREDICTIONS_FROZEN,False
200,TARGET_ASSISTED_LABELLED_TARGET_DIAGNOSTIC,44,230003,1,1050,f6b562517c92d10f5973fc92fab047fe6ec76ecc381ea15e2f509f97aeee5ea6,PREDICTIONS_FROZEN,False
500,TARGET_ASSISTED_LABELLED_TARGET_DIAGNOSTIC,44,230003,1,1050,e3a1129626e81e48ccc0303b67f4288ce67e441817f9f5fe8ce2cd330a22099a,PREDICTIONS_FROZEN,False
7,TARGET_ASSISTED_LABELLED_TARGET_DIAGNOSTIC,44,254959,1,1050,aea4ae63bf22f91401a5103023366e07cf914e07f69a2b828afa4276a4a109fe,PREDICTIONS_FROZEN,False
10,TARGET_ASSISTED_LABELLED_TARGET_DIAGNOSTIC,44,254959,1,1050,5c5af7c71a004332176f06969ffac6b469a8f09c0086582b0513f0996288a7de,PREDICTIONS_FROZEN,False
20,TARGET_ASSISTED_LABELLED_TARGET_DIAGNOSTIC,44,254959,1,1050,27f3e4fb5d119fe96c60f13c728f4cb9bd90e34ce702be91d6c44f3fbb585510,PREDICTIONS_FROZEN,False
21,TARGET_ASSISTED_LABELLED_TARGET_DIAGNOSTIC,44,254959,1,1050,b9421ef905c86de0cd435f31c7db0f464f7124c859337f9396a0b18f4c2b83d9,PREDICTIONS_FROZEN,False
35,TARGET_ASSISTED_LABELLED_TARGET_DIAGNOSTIC,44,254959,1,1050,7035f2d9b9768017b8f441b7181228b218ea2ede579651bc0ae49d245fe6365b,PREDICTIONS_FROZEN,False
50,TARGET_ASSISTED_LABELLED_TARGET_DIAGNOSTIC,44,254959,1,1050,9eff1a7dcf03a6853bcca55b39b3dbd2122be8e8e4746976002877eba1299218,PREDICTIONS_FROZEN,False
100,TARGET_ASSISTED_LABELLED_TARGET_DIAGNOSTIC,44,254959,1,1050,70e55f9a5d326ee51a932943b6eae6d5f6aa17a5bfed725fc0659b03b666de14,PREDICTIONS_FROZEN,False
200,TARGET_ASSISTED_LABELLED_TARGET_DIAGNOSTIC,44,254959,1,1050,3718c2301348b41439997442b51fbf4771c00957d6719d63b5a9736b2ebebbc4,PREDICTIONS_FROZEN,False
500,TARGET_ASSISTED_LABELLED_TARGET_DIAGNOSTIC,44,254959,1,1050,e5fe909d147200209b153d2f5c6670500362798ef99b0d86fc6373a2e30c865d,PREDICTIONS_FROZEN,False
7,TARGET_ASSISTED_LABELLED_TARGET_DIAGNOSTIC,44,280001,1,1050,830b09be1aedac45986b235e340adea2a6f4e222289f6495aa0369bad84b0d6c,PREDICTIONS_FROZEN,False
10,TARGET_ASSISTED_LABELLED_TARGET_DIAGNOSTIC,44,280001,1,1050,4e75e12399a78e28ed70c620eebf8452c45fa158e097c503d8fb60535441641e,PREDICTIONS_FROZEN,False
20,TARGET_ASSISTED_LABELLED_TARGET_DIAGNOSTIC,44,280001,1,1050,db936ce5592f335e5d21ea34ba3a9bb8ef2f495674c1c4b57ad9b2bfbc843156,PREDICTIONS_FROZEN,False
21,TARGET_ASSISTED_LABELLED_TARGET_DIAGNOSTIC,44,280001,1,1050,828cb1b8f93862b9a9bea118fd8565be49508d3fac5b0e36ed42ebce2b45d702,PREDICTIONS_FROZEN,False
35,TARGET_ASSISTED_LABELLED_TARGET_DIAGNOSTIC,44,280001,1,1050,1cfb9fe3361aa16c3c503a014176c654525f86a0b0ac0489bfe8290f9a185f10,PREDICTIONS_FROZEN,False
50,TARGET_ASSISTED_LABELLED_TARGET_DIAGNOSTIC,44,280001,1,1050,cb8a0b5a7e79d83b2ca628cff0edbe85b67e36b0763f9039f5441c28912ba4d6,PREDICTIONS_FROZEN,False
100,TARGET_ASSISTED_LABELLED_TARGET_DIAGNOSTIC,44,280001,1,1050,1bcae18fdf2614719084c0ce6c5e5121eb4e18cb78c7e50bec2e57c80788908d,PREDICTIONS_FROZEN,False
200,TARGET_ASSISTED_LABELLED_TARGET_DIAGNOSTIC,44,280001,1,1050,ed06994ae9a33bf2709c200e20953f5709281a4aee5858dc3de81e6fed9b675b,PREDICTIONS_FROZEN,False
500,TARGET_ASSISTED_LABELLED_TARGET_DIAGNOSTIC,44,280001,1,1050,0fcec5d73b7500aec880269f97863658836157f6cc1655e5b9ccd26df8480cda,PREDICTIONS_FROZEN,False
7,TARGET_ASSISTED_LABELLED_TARGET_DIAGNOSTIC,44,305093,1,1050,b7dae67a9f8efad1ff670bc37e2082f56f9049054cbb1e7d8dd5286c7d239599,PREDICTIONS_FROZEN,False
10,TARGET_ASSISTED_LABELLED_TARGET_DIAGNOSTIC,44,305093,1,1050,2f2477244a2f1c44aaffc0ce9e9e979d150446e6af9ba4cb8c5b540295d09374,PREDICTIONS_FROZEN,False
20,TARGET_ASSISTED_LABELLED_TARGET_DIAGNOSTIC,44,305093,1,1050,5f68b85fd92949f5c4ad88f8d8d7eec4354af4bf92569dfaba60aec6149f7f24,PREDICTIONS_FROZEN,False
21,TARGET_ASSISTED_LABELLED_TARGET_DIAGNOSTIC,44,305093,1,1050,974ead80b2840966764f28d8839e5e02c4ba8def62800dc767e56c16366e9b8a,PREDICTIONS_FROZEN,False
35,TARGET_ASSISTED_LABELLED_TARGET_DIAGNOSTIC,44,305093,1,1050,db8a86a5b0a4ef8d36064f57c49cbbcad6c47f509616e647b8990ed0f778ec6d,PREDICTIONS_FROZEN,False
50,TARGET_ASSISTED_LABELLED_TARGET_DIAGNOSTIC,44,305093,1,1050,de2eb76a1415a71ae8391499b067bfde97512c789a0720e3683642a23b61dc35,PREDICTIONS_FROZEN,False
100,TARGET_ASSISTED_LABELLED_TARGET_DIAGNOSTIC,44,305093,1,1050,a7261e17ec47017837fa705baab1920c7cc0e8c8c1de0ad76e2c6ddc601a5067,PREDICTIONS_FROZEN,False
200,TARGET_ASSISTED_LABELLED_TARGET_DIAGNOSTIC,44,305093,1,1050,a0615f3af28c159bd131aad3d6e8e7bb94d16784f5baf5658ee3457c16b56be9,PREDICTIONS_FROZEN,False
500,TARGET_ASSISTED_LABELLED_TARGET_DIAGNOSTIC,44,305093,1,1050,ecbdec42e2a16a97b3c609447b6a35e175db7d2b1f098280f0458d1509350818,PREDICTIONS_FROZEN,False
7,TARGET_ASSISTED_LABELLED_TARGET_DIAGNOSTIC,44,330017,1,1050,34059fb6782e9d10944592d790580309ab986b5e81de4d4bf88abe0e83155096,PREDICTIONS_FROZEN,False
10,TARGET_ASSISTED_LABELLED_TARGET_DIAGNOSTIC,44,330017,1,1050,48c92fac402bf9a03a7a8f97b15f0f4918741a47b1bd887c5646d37ac91e9a2f,PREDICTIONS_FROZEN,False
20,TARGET_ASSISTED_LABELLED_TARGET_DIAGNOSTIC,44,330017,1,1050,03469f0bbc1bc0e3bead175c5b4c2afc14850a971add6ccd4d7f2529201129f7,PREDICTIONS_FROZEN,False
21,TARGET_ASSISTED_LABELLED_TARGET_DIAGNOSTIC,44,330017,1,1050,fb7e6d2b5934c55275489777f2903cf7de37f628be9eced8eb03fcc64b4a4a77,PREDICTIONS_FROZEN,False
35,TARGET_ASSISTED_LABELLED_TARGET_DIAGNOSTIC,44,330017,1,1050,40c077924fdf8cb7ff41e9d1bef7247a613009f58955bc41f9765642ed00104d,PREDICTIONS_FROZEN,False
50,TARGET_ASSISTED_LABELLED_TARGET_DIAGNOSTIC,44,330017,1,1050,980cf031dd274be7ef760063b313ef6b04c95e8cb9ca52a21b28e6f3bc6eb9ae,PREDICTIONS_FROZEN,False
100,TARGET_ASSISTED_LABELLED_TARGET_DIAGNOSTIC,44,330017,1,1050,8efbdd06f5fa12572e4c79dd97ac7b0a2ddc33c950b29263ada20a29a7f122c1,PREDICTIONS_FROZEN,False
200,TARGET_ASSISTED_LABELLED_TARGET_DIAGNOSTIC,44,330017,1,1050,8efbdd06f5fa12572e4c79dd97ac7b0a2ddc33c950b29263ada20a29a7f122c1,PREDICTIONS_FROZEN,False
500,TARGET_ASSISTED_LABELLED_TARGET_DIAGNOSTIC,44,330017,1,1050,05589289c3bdddb636b1d90e76147d6e8327111817da015ae09a7873f8e85132,PREDICTIONS_FROZEN,False
7,TARGET_ASSISTED_LABELLED_TARGET_DIAGNOSTIC,44,355031,1,1050,f66670dc1753c4d78ea87b7cdfcf08e4c322a0bceb28c940f036b306de010b44,PREDICTIONS_FROZEN,False
10,TARGET_ASSISTED_LABELLED_TARGET_DIAGNOSTIC,44,355031,1,1050,d3c2c852e28f07ee554442b7255774eb3605ea63cd96eece7c13c3770994d02c,PREDICTIONS_FROZEN,False
20,TARGET_ASSISTED_LABELLED_TARGET_DIAGNOSTIC,44,355031,1,1050,c248aeefc4560dc4b328aa5bc0b41944d6ce03eac373154bf00fa002c44dfe5e,PREDICTIONS_FROZEN,False
21,TARGET_ASSISTED_LABELLED_TARGET_DIAGNOSTIC,44,355031,1,1050,443b9b840b471f1c0f06e7ffb0ad770776eb6d8999f004e5c08dc0ee3abe77cd,PREDICTIONS_FROZEN,False
35,TARGET_ASSISTED_LABELLED_TARGET_DIAGNOSTIC,44,355031,1,1050,e98439c69ea03ddd15bd33d9ee78e81dd87f2a0ad3c019400e59aea008801ecf,PREDICTIONS_FROZEN,False
50,TARGET_ASSISTED_LABELLED_TARGET_DIAGNOSTIC,44,355031,1,1050,7da56872e130c6e1209120227d4442bce369afe9621a058499a86c6a44e4b0ef,PREDICTIONS_FROZEN,False
100,TARGET_ASSISTED_LABELLED_TARGET_DIAGNOSTIC,44,355031,1,1050,ffcd85594d2f57e5e84a551af0ec073a97e86efe09c83e7eb21d8dc780ac1a2a,PREDICTIONS_FROZEN,False
200,TARGET_ASSISTED_LABELLED_TARGET_DIAGNOSTIC,44,355031,1,1050,af77d208beacd778ffb07cdbace1ac59435ade51aaa3b7b65ba7c1a7ede42d69,PREDICTIONS_FROZEN,False
500,TARGET_ASSISTED_LABELLED_TARGET_DIAGNOSTIC,44,355031,1,1050,e3a1129626e81e48ccc0303b67f4288ce67e441817f9f5fe8ce2cd330a22099a,PREDICTIONS_FROZEN,False
7,TARGET_ASSISTED_LABELLED_TARGET_DIAGNOSTIC,44,380041,1,1050,91dcc7563b7bd02c032df0063f055d5e4f65473315d8822ab7984296d5e0f77f,PREDICTIONS_FROZEN,False
10,TARGET_ASSISTED_LABELLED_TARGET_DIAGNOSTIC,44,380041,1,1050,70b32738031d0ae08aabf31165f20cf0760993f49d2bc801b221d95352c035a6,PREDICTIONS_FROZEN,False
20,TARGET_ASSISTED_LABELLED_TARGET_DIAGNOSTIC,44,380041,1,1050,3b2051ca9f853ae6fb2d46866904f47a307b8942bacebb08fd45fdc17ea9d473,PREDICTIONS_FROZEN,False
21,TARGET_ASSISTED_LABELLED_TARGET_DIAGNOSTIC,44,380041,1,1050,b383e3a366ffa0c2bb1f2421cb2dcafde393e733e24d195977f580f05374c679,PREDICTIONS_FROZEN,False
35,TARGET_ASSISTED_LABELLED_TARGET_DIAGNOSTIC,44,380041,1,1050,620d9ade151b960cbd33cfe4d36162b791bf83555ce2a3cff3ed20f54f88376d,PREDICTIONS_FROZEN,False
50,TARGET_ASSISTED_LABELLED_TARGET_DIAGNOSTIC,44,380041,1,1050,834be8c18d399b2f4e6af4bf058ec33d288a49abbb1998b192f7e8de8c793adf,PREDICTIONS_FROZEN,False
100,TARGET_ASSISTED_LABELLED_TARGET_DIAGNOSTIC,44,380041,1,1050,26534027bbb0c1e0ab6d88bfbcff9cb49f6981f724b187f6597f93a642ef6dc9,PREDICTIONS_FROZEN,False
200,TARGET_ASSISTED_LABELLED_TARGET_DIAGNOSTIC,44,380041,1,1050,8efbdd06f5fa12572e4c79dd97ac7b0a2ddc33c950b29263ada20a29a7f122c1,PREDICTIONS_FROZEN,False
500,TARGET_ASSISTED_LABELLED_TARGET_DIAGNOSTIC,44,380041,1,1050,e5fe909d147200209b153d2f5c6670500362798ef99b0d86fc6373a2e30c865d,PREDICTIONS_FROZEN,False
7,TARGET_ASSISTED_LABELLED_TARGET_DIAGNOSTIC,44,405019,1,1050,f547764839c6801453d5dfd7245b756b222af19f9930e181b253ef41a6bae4a3,PREDICTIONS_FROZEN,False
10,TARGET_ASSISTED_LABELLED_TARGET_DIAGNOSTIC,44,405019,1,1050,737f6d5eced4a581ced2dbdd454475dced6523400e2959a89933a8debee3f234,PREDICTIONS_FROZEN,False
20,TARGET_ASSISTED_LABELLED_TARGET_DIAGNOSTIC,44,405019,1,1050,5fc2d63643ee8501a88409d3a7ddaf0a2e2cd3cab3ecc926e8412c67d72f1445,PREDICTIONS_FROZEN,False
21,TARGET_ASSISTED_LABELLED_TARGET_DIAGNOSTIC,44,405019,1,1050,5fc2d63643ee8501a88409d3a7ddaf0a2e2cd3cab3ecc926e8412c67d72f1445,PREDICTIONS_FROZEN,False
35,TARGET_ASSISTED_LABELLED_TARGET_DIAGNOSTIC,44,405019,1,1050,e3a1129626e81e48ccc0303b67f4288ce67e441817f9f5fe8ce2cd330a22099a,PREDICTIONS_FROZEN,False
50,TARGET_ASSISTED_LABELLED_TARGET_DIAGNOSTIC,44,405019,1,1050,b37c4a44c41eb32ef2e8479771d81ad68b5d2980c46f0a003be17698f6d68ea1,PREDICTIONS_FROZEN,False
100,TARGET_ASSISTED_LABELLED_TARGET_DIAGNOSTIC,44,405019,1,1050,05589289c3bdddb636b1d90e76147d6e8327111817da015ae09a7873f8e85132,PREDICTIONS_FROZEN,False
200,TARGET_ASSISTED_LABELLED_TARGET_DIAGNOSTIC,44,405019,1,1050,05589289c3bdddb636b1d90e76147d6e8327111817da015ae09a7873f8e85132,PREDICTIONS_FROZEN,False
500,TARGET_ASSISTED_LABELLED_TARGET_DIAGNOSTIC,44,405019,1,1050,e5fe909d147200209b153d2f5c6670500362798ef99b0d86fc6373a2e30c865d,PREDICTIONS_FROZEN,False
7,TARGET_ASSISTED_LABELLED_TARGET_DIAGNOSTIC,44,430007,1,1050,f66670dc1753c4d78ea87b7cdfcf08e4c322a0bceb28c940f036b306de010b44,PREDICTIONS_FROZEN,False
10,TARGET_ASSISTED_LABELLED_TARGET_DIAGNOSTIC,44,430007,1,1050,90814932b04a9829f41c3d1060ce6b3b34611caed38cbe5a937f7928fc86296a,PREDICTIONS_FROZEN,False
20,TARGET_ASSISTED_LABELLED_TARGET_DIAGNOSTIC,44,430007,1,1050,5eaab2263c55a185057c79f657ee20ce9d9d0c2c65d343715375b3d7976b0d13,PREDICTIONS_FROZEN,False
21,TARGET_ASSISTED_LABELLED_TARGET_DIAGNOSTIC,44,430007,1,1050,1aca2fad0131fde23be800627b6c72d97be1ea495bef43cd82bea98f5ecfdba6,PREDICTIONS_FROZEN,False
35,TARGET_ASSISTED_LABELLED_TARGET_DIAGNOSTIC,44,430007,1,1050,49eb127c6954a4bce7ab2a763cb6728517983a94e4bb2460e974bbcaa0e7bf9c,PREDICTIONS_FROZEN,False
50,TARGET_ASSISTED_LABELLED_TARGET_DIAGNOSTIC,44,430007,1,1050,722cc45338eb64f84130a5c57b4bb2e9fd62c29ea407dfd3644ba7e1994414d3,PREDICTIONS_FROZEN,False
100,TARGET_ASSISTED_LABELLED_TARGET_DIAGNOSTIC,44,430007,1,1050,4af16a40fcc41674c8cd1d2afdd388e029081da0bd359220f0a436daab5ab0e5,PREDICTIONS_FROZEN,False
200,TARGET_ASSISTED_LABELLED_TARGET_DIAGNOSTIC,44,430007,1,1050,7835b4a94c3fc125c6cc7fcd0010bbc81627401d01ed860644f7bfe83ce9db23,PREDICTIONS_FROZEN,False
500,TARGET_ASSISTED_LABELLED_TARGET_DIAGNOSTIC,44,430007,1,1050,e5fe909d147200209b153d2f5c6670500362798ef99b0d86fc6373a2e30c865d,PREDICTIONS_FROZEN,False
7,TARGET_ASSISTED_LABELLED_TARGET_DIAGNOSTIC,44,455003,1,1050,f547764839c6801453d5dfd7245b756b222af19f9930e181b253ef41a6bae4a3,PREDICTIONS_FROZEN,False
10,TARGET_ASSISTED_LABELLED_TARGET_DIAGNOSTIC,44,455003,1,1050,78b4bd9dc6b6ee8b9e9d9f996d9920145ba1c3e667d612cdd604978acddae98a,PREDICTIONS_FROZEN,False
20,TARGET_ASSISTED_LABELLED_TARGET_DIAGNOSTIC,44,455003,1,1050,b95315e7bc19519d10da1a63ef7c3e776c1cb4ac62ce513d2860e56bad8e7420,PREDICTIONS_FROZEN,False
21,TARGET_ASSISTED_LABELLED_TARGET_DIAGNOSTIC,44,455003,1,1050,7b2c0ec004532e6b1ecd4a0338cf437f9aed0315bfbe1dccd3b4a78200ad3b65,PREDICTIONS_FROZEN,False
35,TARGET_ASSISTED_LABELLED_TARGET_DIAGNOSTIC,44,455003,1,1050,c1f788551b4cd85a025b03b1047f0dde850409f5654fab8a77b95ad3dc97089e,PREDICTIONS_FROZEN,False
50,TARGET_ASSISTED_LABELLED_TARGET_DIAGNOSTIC,44,455003,1,1050,a1cbe1fbb147f9f67fae6bd5bfb221a5f42de5a48d5fbc5324b749549ff714eb,PREDICTIONS_FROZEN,False
100,TARGET_ASSISTED_LABELLED_TARGET_DIAGNOSTIC,44,455003,1,1050,0fcec5d73b7500aec880269f97863658836157f6cc1655e5b9ccd26df8480cda,PREDICTIONS_FROZEN,False
200,TARGET_ASSISTED_LABELLED_TARGET_DIAGNOSTIC,44,455003,1,1050,af77d208beacd778ffb07cdbace1ac59435ade51aaa3b7b65ba7c1a7ede42d69,PREDICTIONS_FROZEN,False
500,TARGET_ASSISTED_LABELLED_TARGET_DIAGNOSTIC,44,455003,1,1050,e3a1129626e81e48ccc0303b67f4288ce67e441817f9f5fe8ce2cd330a22099a,PREDICTIONS_FROZEN,False
7,TARGET_ASSISTED_LABELLED_TARGET_DIAGNOSTIC,44,480017,1,1050,34059fb6782e9d10944592d790580309ab986b5e81de4d4bf88abe0e83155096,PREDICTIONS_FROZEN,False
10,TARGET_ASSISTED_LABELLED_TARGET_DIAGNOSTIC,44,480017,1,1050,615aa8b479121e45ee413f66294ee4c62385fa36986a028715116b88e8f82171,PREDICTIONS_FROZEN,False
20,TARGET_ASSISTED_LABELLED_TARGET_DIAGNOSTIC,44,480017,1,1050,04aaa6306477baad3bb20e0bd929c4d680922af078e4282a84fb9866730092a9,PREDICTIONS_FROZEN,False
21,TARGET_ASSISTED_LABELLED_TARGET_DIAGNOSTIC,44,480017,1,1050,1d5823a62ecdca3c527dbe68859d789ecf759fad7f86286ab8b40f9c1aa71e98,PREDICTIONS_FROZEN,False
35,TARGET_ASSISTED_LABELLED_TARGET_DIAGNOSTIC,44,480017,1,1050,f3fe4fd96d8aa1767521736b5332b6d90861cdfd19738170906b00647a547740,PREDICTIONS_FROZEN,False
50,TARGET_ASSISTED_LABELLED_TARGET_DIAGNOSTIC,44,480017,1,1050,e3a1129626e81e48ccc0303b67f4288ce67e441817f9f5fe8ce2cd330a22099a,PREDICTIONS_FROZEN,False
100,TARGET_ASSISTED_LABELLED_TARGET_DIAGNOSTIC,44,480017,1,1050,7835b4a94c3fc125c6cc7fcd0010bbc81627401d01ed860644f7bfe83ce9db23,PREDICTIONS_FROZEN,False
200,TARGET_ASSISTED_LABELLED_TARGET_DIAGNOSTIC,44,480017,1,1050,978569d9da7ed2c8efa4402acd52e7ebdd3f883fc1654fe1606bf20a834a2cc5,PREDICTIONS_FROZEN,False
500,TARGET_ASSISTED_LABELLED_TARGET_DIAGNOSTIC,44,480017,1,1050,59999644e62203e3cf67ef8b355714f951d9713e7245bad2823cdb4044ce7cba,PREDICTIONS_FROZEN,False
7,TARGET_ASSISTED_LABELLED_TARGET_DIAGNOSTIC,44,505027,1,1050,057678497bc8c514d9c2b4366ef1f858a4ba00f9f9dbd4404ebdad50ab04d21f,PREDICTIONS_FROZEN,False
10,TARGET_ASSISTED_LABELLED_TARGET_DIAGNOSTIC,44,505027,1,1050,c05fa0b2ae68f6ef9b243f5d382bfdccceba7801aea3a789c9214eb3925733ca,PREDICTIONS_FROZEN,False
20,TARGET_ASSISTED_LABELLED_TARGET_DIAGNOSTIC,44,505027,1,1050,3ee0fcc7ce551970c89918ac4670f88a9ada2bb615251e4428859e18ee7af567,PREDICTIONS_FROZEN,False
21,TARGET_ASSISTED_LABELLED_TARGET_DIAGNOSTIC,44,505027,1,1050,08f21d85531271855dc886b6c78803aed3296835f83d82585dde83e3e8463463,PREDICTIONS_FROZEN,False
35,TARGET_ASSISTED_LABELLED_TARGET_DIAGNOSTIC,44,505027,1,1050,e98439c69ea03ddd15bd33d9ee78e81dd87f2a0ad3c019400e59aea008801ecf,PREDICTIONS_FROZEN,False
50,TARGET_ASSISTED_LABELLED_TARGET_DIAGNOSTIC,44,505027,1,1050,5883277c9064810a1d3f6f10639869fdd1a2923432258866347c582be2519107,PREDICTIONS_FROZEN,False
100,TARGET_ASSISTED_LABELLED_TARGET_DIAGNOSTIC,44,505027,1,1050,abcef0aaf0faec6e3a032a1ea542be465131a7e7ed88b08049cfda193660ac38,PREDICTIONS_FROZEN,False
200,TARGET_ASSISTED_LABELLED_TARGET_DIAGNOSTIC,44,505027,1,1050,acfc763a22f8d62ba3275d323fd7fd861952ab49e18c2ede1eece461ac971f00,PREDICTIONS_FROZEN,False
500,TARGET_ASSISTED_LABELLED_TARGET_DIAGNOSTIC,44,505027,1,1050,0fcec5d73b7500aec880269f97863658836157f6cc1655e5b9ccd26df8480cda,PREDICTIONS_FROZEN,False
7,TARGET_ASSISTED_LABELLED_TARGET_DIAGNOSTIC,44,530017,1,1050,ac83231c9520403422be8f4769ff30a54094fc129924b168da304303df340436,PREDICTIONS_FROZEN,False
10,TARGET_ASSISTED_LABELLED_TARGET_DIAGNOSTIC,44,530017,1,1050,cf0d45c6d45cc8948ebe671cdfc10f8ccc237a5b11485484bebc62bbd0839a5a,PREDICTIONS_FROZEN,False
20,TARGET_ASSISTED_LABELLED_TARGET_DIAGNOSTIC,44,530017,1,1050,d7ea4d22612fc72bc655b0f84410a7f2b16375839f397a37e9d01f9ed8e7c2b4,PREDICTIONS_FROZEN,False
21,TARGET_ASSISTED_LABELLED_TARGET_DIAGNOSTIC,44,530017,1,1050,0c5665b72ca4472ef291e3a295914ac532f616ad4c344c120096367b06875b30,PREDICTIONS_FROZEN,False
35,TARGET_ASSISTED_LABELLED_TARGET_DIAGNOSTIC,44,530017,1,1050,05589289c3bdddb636b1d90e76147d6e8327111817da015ae09a7873f8e85132,PREDICTIONS_FROZEN,False
50,TARGET_ASSISTED_LABELLED_TARGET_DIAGNOSTIC,44,530017,1,1050,a6e23d9edb90052ed9c47b60cb74c010111e69126a04deceadc760869fc37752,PREDICTIONS_FROZEN,False
100,TARGET_ASSISTED_LABELLED_TARGET_DIAGNOSTIC,44,530017,1,1050,41a4cafc52798434de2fe82b005fcee9bf88979284cb8c5c9424a86c4a097526,PREDICTIONS_FROZEN,False
200,TARGET_ASSISTED_LABELLED_TARGET_DIAGNOSTIC,44,530017,1,1050,e5fe909d147200209b153d2f5c6670500362798ef99b0d86fc6373a2e30c865d,PREDICTIONS_FROZEN,False
500,TARGET_ASSISTED_LABELLED_TARGET_DIAGNOSTIC,44,530017,1,1050,e3a1129626e81e48ccc0303b67f4288ce67e441817f9f5fe8ce2cd330a22099a,PREDICTIONS_FROZEN,False
7,TARGET_ASSISTED_LABELLED_TARGET_DIAGNOSTIC,44,555029,1,1050,91dcc7563b7bd02c032df0063f055d5e4f65473315d8822ab7984296d5e0f77f,PREDICTIONS_FROZEN,False
10,TARGET_ASSISTED_LABELLED_TARGET_DIAGNOSTIC,44,555029,1,1050,4ec03372dd87d6c58b070b57224afe3bf3464960e3d320242f185e1897a77125,PREDICTIONS_FROZEN,False
20,TARGET_ASSISTED_LABELLED_TARGET_DIAGNOSTIC,44,555029,1,1050,971308854c8cffd66024218bb630c221c2fa918c6f5e82abcf85a12b041f4dbd,PREDICTIONS_FROZEN,False
21,TARGET_ASSISTED_LABELLED_TARGET_DIAGNOSTIC,44,555029,1,1050,443b9b840b471f1c0f06e7ffb0ad770776eb6d8999f004e5c08dc0ee3abe77cd,PREDICTIONS_FROZEN,False
35,TARGET_ASSISTED_LABELLED_TARGET_DIAGNOSTIC,44,555029,1,1050,05589289c3bdddb636b1d90e76147d6e8327111817da015ae09a7873f8e85132,PREDICTIONS_FROZEN,False
50,TARGET_ASSISTED_LABELLED_TARGET_DIAGNOSTIC,44,555029,1,1050,e5fe909d147200209b153d2f5c6670500362798ef99b0d86fc6373a2e30c865d,PREDICTIONS_FROZEN,False
100,TARGET_ASSISTED_LABELLED_TARGET_DIAGNOSTIC,44,555029,1,1050,9606b23acbbfe809cfa8947365e6a88db816ee340ec8b33d1732bfe97acb0304,PREDICTIONS_FROZEN,False
200,TARGET_ASSISTED_LABELLED_TARGET_DIAGNOSTIC,44,555029,1,1050,8efbdd06f5fa12572e4c79dd97ac7b0a2ddc33c950b29263ada20a29a7f122c1,PREDICTIONS_FROZEN,False
500,TARGET_ASSISTED_LABELLED_TARGET_DIAGNOSTIC,44,555029,1,1050,05589289c3bdddb636b1d90e76147d6e8327111817da015ae09a7873f8e85132,PREDICTIONS_FROZEN,False
7,TARGET_ASSISTED_LABELLED_TARGET_DIAGNOSTIC,44,580031,1,1050,34059fb6782e9d10944592d790580309ab986b5e81de4d4bf88abe0e83155096,PREDICTIONS_FROZEN,False
10,TARGET_ASSISTED_LABELLED_TARGET_DIAGNOSTIC,44,580031,1,1050,e234aa899dccc7cc229a7feeeb07335f0acf6bea60424ad2d3e5cc8a3c1249a1,PREDICTIONS_FROZEN,False
20,TARGET_ASSISTED_LABELLED_TARGET_DIAGNOSTIC,44,580031,1,1050,f52fb94e780d3f1374b9441c51a02e217acded88128252548c050af1f54ea06d,PREDICTIONS_FROZEN,False
21,TARGET_ASSISTED_LABELLED_TARGET_DIAGNOSTIC,44,580031,1,1050,e8a09f907f38cca97760e8bba1c1005274838ef500b2908c575e7220c23d41f8,PREDICTIONS_FROZEN,False
35,TARGET_ASSISTED_LABELLED_TARGET_DIAGNOSTIC,44,580031,1,1050,d965442ed10abeed341566e40039fdfc2b8a408241777fbadd4287d8dcb2956d,PREDICTIONS_FROZEN,False
50,TARGET_ASSISTED_LABELLED_TARGET_DIAGNOSTIC,44,580031,1,1050,68883ec066a417b6dadd6890320f72d50006c44129818eba8c73aef0ea6088f2,PREDICTIONS_FROZEN,False
100,TARGET_ASSISTED_LABELLED_TARGET_DIAGNOSTIC,44,580031,1,1050,c2d2e58e97aaf8acbc4aa73598aff2d15b899c9efe2c4bdf3d0e52e36ca4587f,PREDICTIONS_FROZEN,False
200,TARGET_ASSISTED_LABELLED_TARGET_DIAGNOSTIC,44,580031,1,1050,7835b4a94c3fc125c6cc7fcd0010bbc81627401d01ed860644f7bfe83ce9db23,PREDICTIONS_FROZEN,False
500,TARGET_ASSISTED_LABELLED_TARGET_DIAGNOSTIC,44,580031,1,1050,e3a1129626e81e48ccc0303b67f4288ce67e441817f9f5fe8ce2cd330a22099a,PREDICTIONS_FROZEN,False
0,STRICT_SOURCE_ONLY_DG,44,,2,1050,d1ac99022853d91139880110cc8ec180bc47ca49adc8d95824ee2d9e65605a19,PREDICTIONS_FROZEN,False
7,TARGET_ASSISTED_LABELLED_TARGET_DIAGNOSTIC,44,104729,2,1050,d541eb2c6a6d843f00e2b17aea421712d2cba37caf61e61004e0378e58189f15,PREDICTIONS_FROZEN,False
10,TARGET_ASSISTED_LABELLED_TARGET_DIAGNOSTIC,44,104729,2,1050,025b603aa746a57128b5f3f0b96995cdf190f323e2e24f116e1eae5554c05e63,PREDICTIONS_FROZEN,False
20,TARGET_ASSISTED_LABELLED_TARGET_DIAGNOSTIC,44,104729,2,1050,c36e08c80c8f61d4470031599111b1eb3853e70db019ec29c71d9c2aef23490b,PREDICTIONS_FROZEN,False
21,TARGET_ASSISTED_LABELLED_TARGET_DIAGNOSTIC,44,104729,2,1050,230dfc12595f01544d3adb94b1dd8d009e4c07c38bdbaf708ede2601317b29ce,PREDICTIONS_FROZEN,False
35,TARGET_ASSISTED_LABELLED_TARGET_DIAGNOSTIC,44,104729,2,1050,2b29e98fa7e1028b097a4ec2b71c1354e9d70a32f65295dabea04b3ee1980d8b,PREDICTIONS_FROZEN,False
50,TARGET_ASSISTED_LABELLED_TARGET_DIAGNOSTIC,44,104729,2,1050,00e62c1e1c50f80115fe91148077b150069a44e0ac780dc3264428a0d6b9ca8b,PREDICTIONS_FROZEN,False
100,TARGET_ASSISTED_LABELLED_TARGET_DIAGNOSTIC,44,104729,2,1050,030c120589cd9d7dbbc80e44c5f127784ac45d6517890544283cbd9192bcca66,PREDICTIONS_FROZEN,False
200,TARGET_ASSISTED_LABELLED_TARGET_DIAGNOSTIC,44,104729,2,1050,567b9e8cc7ab6518203fdaccdcbfeb6ddfd8a7a1a48301077f5ce190fedad112,PREDICTIONS_FROZEN,False
500,TARGET_ASSISTED_LABELLED_TARGET_DIAGNOSTIC,44,104729,2,1050,567b9e8cc7ab6518203fdaccdcbfeb6ddfd8a7a1a48301077f5ce190fedad112,PREDICTIONS_FROZEN,False
7,TARGET_ASSISTED_LABELLED_TARGET_DIAGNOSTIC,44,130363,2,1050,8f4ee9afef369ab5950c6f3571bd28a86c55df70114166a65e02ba03f8d8f32f,PREDICTIONS_FROZEN,False
10,TARGET_ASSISTED_LABELLED_TARGET_DIAGNOSTIC,44,130363,2,1050,15100e7e6cb9a3a368043a2aa064b500dc58d936999932a5c79b352dcd95f70d,PREDICTIONS_FROZEN,False
20,TARGET_ASSISTED_LABELLED_TARGET_DIAGNOSTIC,44,130363,2,1050,9df096196e8a2991585537e31813250a2c56d031337a9eaf8fe7028052e1a679,PREDICTIONS_FROZEN,False
21,TARGET_ASSISTED_LABELLED_TARGET_DIAGNOSTIC,44,130363,2,1050,c135ebdd699d81f3f7962f11c26019304239dabfe1dcf000db6e7401207e78ca,PREDICTIONS_FROZEN,False
35,TARGET_ASSISTED_LABELLED_TARGET_DIAGNOSTIC,44,130363,2,1050,90a4135e904c3e4ad30e2be9adeac65d2183103299b4f36c4b077398e9fa5683,PREDICTIONS_FROZEN,False
50,TARGET_ASSISTED_LABELLED_TARGET_DIAGNOSTIC,44,130363,2,1050,6c5141ccd3346fcb3d04149a44cf6e11185bdabe8c80b8c0e2ac44a903f82af4,PREDICTIONS_FROZEN,False
100,TARGET_ASSISTED_LABELLED_TARGET_DIAGNOSTIC,44,130363,2,1050,b1f9af9bf6803f39a1a4bf054f4d0225e2886173c06c423021f00bd92a9bbc29,PREDICTIONS_FROZEN,False
200,TARGET_ASSISTED_LABELLED_TARGET_DIAGNOSTIC,44,130363,2,1050,f4e8b6c1acabcac96167dd50c266d7a82d058bcbf4ed926b727e043fb005dd88,PREDICTIONS_FROZEN,False
500,TARGET_ASSISTED_LABELLED_TARGET_DIAGNOSTIC,44,130363,2,1050,f4e8b6c1acabcac96167dd50c266d7a82d058bcbf4ed926b727e043fb005dd88,PREDICTIONS_FROZEN,False
7,TARGET_ASSISTED_LABELLED_TARGET_DIAGNOSTIC,44,155921,2,1050,19c3e8f04e47786bc7089d1c380eb5c95bf1f6c5f4b3bb101fb041d5685f63c9,PREDICTIONS_FROZEN,False
10,TARGET_ASSISTED_LABELLED_TARGET_DIAGNOSTIC,44,155921,2,1050,f9436934f3686e19ccefcd6cc334c200bd9cfba851c1c64f6ffd1f7635220ace,PREDICTIONS_FROZEN,False
20,TARGET_ASSISTED_LABELLED_TARGET_DIAGNOSTIC,44,155921,2,1050,81743c21d66b40500af1900e89775e2b5fe4532e859a8d6821597758fe81326f,PREDICTIONS_FROZEN,False
21,TARGET_ASSISTED_LABELLED_TARGET_DIAGNOSTIC,44,155921,2,1050,95709194796bda1ccb08649885510f0a6b6a6fc20ad9ce1fe446373332f705aa,PREDICTIONS_FROZEN,False
35,TARGET_ASSISTED_LABELLED_TARGET_DIAGNOSTIC,44,155921,2,1050,7ca2011a41cd5d3eea0561d9d26fed8759b6db7511b4440ded9a02771c0dbbd6,PREDICTIONS_FROZEN,False
50,TARGET_ASSISTED_LABELLED_TARGET_DIAGNOSTIC,44,155921,2,1050,3fcc584efcdb476d63f3cebabe5b61e738227a0145d0464b31967eba88876d1e,PREDICTIONS_FROZEN,False
100,TARGET_ASSISTED_LABELLED_TARGET_DIAGNOSTIC,44,155921,2,1050,cda509bca07698d0e88d37b358cf80b0a83e2bd4060f7c05000a4ba48123490e,PREDICTIONS_FROZEN,False
200,TARGET_ASSISTED_LABELLED_TARGET_DIAGNOSTIC,44,155921,2,1050,b1f9af9bf6803f39a1a4bf054f4d0225e2886173c06c423021f00bd92a9bbc29,PREDICTIONS_FROZEN,False
500,TARGET_ASSISTED_LABELLED_TARGET_DIAGNOSTIC,44,155921,2,1050,f4e8b6c1acabcac96167dd50c266d7a82d058bcbf4ed926b727e043fb005dd88,PREDICTIONS_FROZEN,False
7,TARGET_ASSISTED_LABELLED_TARGET_DIAGNOSTIC,44,181081,2,1050,2bfdf5de7597e4edadceba7237bd1763fe84afb83428d0c27c22d646bc42642b,PREDICTIONS_FROZEN,False
10,TARGET_ASSISTED_LABELLED_TARGET_DIAGNOSTIC,44,181081,2,1050,d0867ec19c49ccc4b4cb12e46dc94957354a0697ceefe99853a933aaef7c5219,PREDICTIONS_FROZEN,False
20,TARGET_ASSISTED_LABELLED_TARGET_DIAGNOSTIC,44,181081,2,1050,0a44afa14a2d2195b11193bd614bb4f7cf9f92f4ef10eeb8c3eb56447f6727f6,PREDICTIONS_FROZEN,False
21,TARGET_ASSISTED_LABELLED_TARGET_DIAGNOSTIC,44,181081,2,1050,ed791b5dabb044921468d2c90652d31695fcc95add02ccad4af1e9552f117249,PREDICTIONS_FROZEN,False
35,TARGET_ASSISTED_LABELLED_TARGET_DIAGNOSTIC,44,181081,2,1050,eb52915084bfdb2b19e4a51f101b77c072a5c816e7321153d91bcae465e6fa29,PREDICTIONS_FROZEN,False
50,TARGET_ASSISTED_LABELLED_TARGET_DIAGNOSTIC,44,181081,2,1050,cf0d808aa704091c4e00286d57dccfac84a0f4bee48a83ff73f1360e38b8efeb,PREDICTIONS_FROZEN,False
100,TARGET_ASSISTED_LABELLED_TARGET_DIAGNOSTIC,44,181081,2,1050,f3eb3a6d1dfb199ef6d4ae41dc6066337e4ea35fc32e40cf1af7a086caadbd3e,PREDICTIONS_FROZEN,False
200,TARGET_ASSISTED_LABELLED_TARGET_DIAGNOSTIC,44,181081,2,1050,cf34953d4844f8034f4871198054460d1f6fa5a78fa5cd76f288e78fc40f3e1f,PREDICTIONS_FROZEN,False
500,TARGET_ASSISTED_LABELLED_TARGET_DIAGNOSTIC,44,181081,2,1050,f4e8b6c1acabcac96167dd50c266d7a82d058bcbf4ed926b727e043fb005dd88,PREDICTIONS_FROZEN,False
7,TARGET_ASSISTED_LABELLED_TARGET_DIAGNOSTIC,44,205439,2,1050,5b8cc6d7685a3bbecbaa55df8d875706950d379aa3877411de63d744cd7328ce,PREDICTIONS_FROZEN,False
10,TARGET_ASSISTED_LABELLED_TARGET_DIAGNOSTIC,44,205439,2,1050,badf39bd8eb95344ba33843eba0196e40c01b0514226f9ca5bd7b182180bf202,PREDICTIONS_FROZEN,False
20,TARGET_ASSISTED_LABELLED_TARGET_DIAGNOSTIC,44,205439,2,1050,dc29f1dc185424de82a98bcd5af4ff2a8365d1ca253c2a0e69094274f262eb6e,PREDICTIONS_FROZEN,False
21,TARGET_ASSISTED_LABELLED_TARGET_DIAGNOSTIC,44,205439,2,1050,a951bb65031fd8ceff613f2189b10e208d6aecc150a7448e8276e84cad5fd316,PREDICTIONS_FROZEN,False
35,TARGET_ASSISTED_LABELLED_TARGET_DIAGNOSTIC,44,205439,2,1050,5de2bf578a3afb11e965200f9aa09229315ac9805e57e9bc4a651b6f8053100e,PREDICTIONS_FROZEN,False
50,TARGET_ASSISTED_LABELLED_TARGET_DIAGNOSTIC,44,205439,2,1050,c7969c8664989f06c6d14a359c9aaf23c37a30b4032074df0ad7f9192ed41130,PREDICTIONS_FROZEN,False
100,TARGET_ASSISTED_LABELLED_TARGET_DIAGNOSTIC,44,205439,2,1050,3f9abacb9bfbf68660d95ed53a6b09f86cb7204fbbfa6ba5caefde743c2fd2a9,PREDICTIONS_FROZEN,False
200,TARGET_ASSISTED_LABELLED_TARGET_DIAGNOSTIC,44,205439,2,1050,56f42f6c252e1278c33792425b49d400f71bb2bd524384e43cb87ce22c1e3df7,PREDICTIONS_FROZEN,False
500,TARGET_ASSISTED_LABELLED_TARGET_DIAGNOSTIC,44,205439,2,1050,567b9e8cc7ab6518203fdaccdcbfeb6ddfd8a7a1a48301077f5ce190fedad112,PREDICTIONS_FROZEN,False
7,TARGET_ASSISTED_LABELLED_TARGET_DIAGNOSTIC,44,230003,2,1050,72c6a67916cbc69613b586937a950ab053617b9316fc3c1d54dbe751417ea2d0,PREDICTIONS_FROZEN,False
10,TARGET_ASSISTED_LABELLED_TARGET_DIAGNOSTIC,44,230003,2,1050,799014dac06ee3aad3c81dfe79c3454b8123d41583d5565057cad1533e08d2ed,PREDICTIONS_FROZEN,False
20,TARGET_ASSISTED_LABELLED_TARGET_DIAGNOSTIC,44,230003,2,1050,10dbf555a0edbe139b579d34ec74b616edffb97b5382babf7b00af3d99ad4e16,PREDICTIONS_FROZEN,False
21,TARGET_ASSISTED_LABELLED_TARGET_DIAGNOSTIC,44,230003,2,1050,c71f93517c97c022221fe0d947c7acc7063a75e8830a36a593bd8bdd6572a156,PREDICTIONS_FROZEN,False
35,TARGET_ASSISTED_LABELLED_TARGET_DIAGNOSTIC,44,230003,2,1050,8d9032fe28b8c631833b9bd91e68ccf0f8bef49cd1d3688d9efd297f2f06d892,PREDICTIONS_FROZEN,False
50,TARGET_ASSISTED_LABELLED_TARGET_DIAGNOSTIC,44,230003,2,1050,f98a0a4072c241b53036cc956f205ec303e4455897ff68d093fa01590e2edb20,PREDICTIONS_FROZEN,False
100,TARGET_ASSISTED_LABELLED_TARGET_DIAGNOSTIC,44,230003,2,1050,b1f9af9bf6803f39a1a4bf054f4d0225e2886173c06c423021f00bd92a9bbc29,PREDICTIONS_FROZEN,False
200,TARGET_ASSISTED_LABELLED_TARGET_DIAGNOSTIC,44,230003,2,1050,25afe0cd8c6aeb5356f8f8122dff2b612d2c04a6fc0b0a78910b799acf2655c2,PREDICTIONS_FROZEN,False
500,TARGET_ASSISTED_LABELLED_TARGET_DIAGNOSTIC,44,230003,2,1050,f4e8b6c1acabcac96167dd50c266d7a82d058bcbf4ed926b727e043fb005dd88,PREDICTIONS_FROZEN,False
7,TARGET_ASSISTED_LABELLED_TARGET_DIAGNOSTIC,44,254959,2,1050,39ed9c53fa2d65077e0082a4cb8d2f0efa78be1fdb4c81b4bb992f60ed8ccdbb,PREDICTIONS_FROZEN,False
10,TARGET_ASSISTED_LABELLED_TARGET_DIAGNOSTIC,44,254959,2,1050,ffff183358d5d3517bf0497c584d05daa1110459155df3bf4f7cf5a3d882648c,PREDICTIONS_FROZEN,False
20,TARGET_ASSISTED_LABELLED_TARGET_DIAGNOSTIC,44,254959,2,1050,c333606538cfde896645523410ff1d0f0e4c9a1f4e9094e7fa7888c5ffdfa251,PREDICTIONS_FROZEN,False
21,TARGET_ASSISTED_LABELLED_TARGET_DIAGNOSTIC,44,254959,2,1050,a951bb65031fd8ceff613f2189b10e208d6aecc150a7448e8276e84cad5fd316,PREDICTIONS_FROZEN,False
35,TARGET_ASSISTED_LABELLED_TARGET_DIAGNOSTIC,44,254959,2,1050,3321790ceab22705f2d6987d5a110ea65e6e2d7fe6bf31b0ed82aad03a4b8446,PREDICTIONS_FROZEN,False
50,TARGET_ASSISTED_LABELLED_TARGET_DIAGNOSTIC,44,254959,2,1050,2889500903dcab0f440477e29391d23b238b277902540b80b553baa9e810aca8,PREDICTIONS_FROZEN,False
100,TARGET_ASSISTED_LABELLED_TARGET_DIAGNOSTIC,44,254959,2,1050,b1f9af9bf6803f39a1a4bf054f4d0225e2886173c06c423021f00bd92a9bbc29,PREDICTIONS_FROZEN,False
200,TARGET_ASSISTED_LABELLED_TARGET_DIAGNOSTIC,44,254959,2,1050,5e54d590e76214663f2125c1981b6b0ac66da8c5cf1abd79b582578a7a681639,PREDICTIONS_FROZEN,False
500,TARGET_ASSISTED_LABELLED_TARGET_DIAGNOSTIC,44,254959,2,1050,567b9e8cc7ab6518203fdaccdcbfeb6ddfd8a7a1a48301077f5ce190fedad112,PREDICTIONS_FROZEN,False
7,TARGET_ASSISTED_LABELLED_TARGET_DIAGNOSTIC,44,280001,2,1050,2bfdf5de7597e4edadceba7237bd1763fe84afb83428d0c27c22d646bc42642b,PREDICTIONS_FROZEN,False
10,TARGET_ASSISTED_LABELLED_TARGET_DIAGNOSTIC,44,280001,2,1050,7e3658629ec7a3ff025c4cde6f230b57ffe5571e6d86ffd3424f497ce509ea22,PREDICTIONS_FROZEN,False
20,TARGET_ASSISTED_LABELLED_TARGET_DIAGNOSTIC,44,280001,2,1050,dcdcce09932af69d49f8ca278ff696e07a58277664085cbc24d42f5f337564dd,PREDICTIONS_FROZEN,False
21,TARGET_ASSISTED_LABELLED_TARGET_DIAGNOSTIC,44,280001,2,1050,2f673c8e56fca95333a3f27f863b1e0bafd6ee6f67b65bdbd050b0f29f31d9ad,PREDICTIONS_FROZEN,False
35,TARGET_ASSISTED_LABELLED_TARGET_DIAGNOSTIC,44,280001,2,1050,db4d1a4e9a968a5e2acd0576b184d0a8d84f418fd967381db3ba2027e87bbb27,PREDICTIONS_FROZEN,False
50,TARGET_ASSISTED_LABELLED_TARGET_DIAGNOSTIC,44,280001,2,1050,2adf0041d03ab54ebbceae084ec7643253868ed2d0c30c9cd98e9e77756348eb,PREDICTIONS_FROZEN,False
100,TARGET_ASSISTED_LABELLED_TARGET_DIAGNOSTIC,44,280001,2,1050,0486db9a19dd96b8b7f2e07753b4f42ffa50a1c8fb654c49c345157b3131608f,PREDICTIONS_FROZEN,False
200,TARGET_ASSISTED_LABELLED_TARGET_DIAGNOSTIC,44,280001,2,1050,d2eb546bdcd36dfacba86aa6145a0f85b7f519c4d416706c9a91a7e2af25045b,PREDICTIONS_FROZEN,False
500,TARGET_ASSISTED_LABELLED_TARGET_DIAGNOSTIC,44,280001,2,1050,f4e8b6c1acabcac96167dd50c266d7a82d058bcbf4ed926b727e043fb005dd88,PREDICTIONS_FROZEN,False
7,TARGET_ASSISTED_LABELLED_TARGET_DIAGNOSTIC,44,305093,2,1050,8f4ee9afef369ab5950c6f3571bd28a86c55df70114166a65e02ba03f8d8f32f,PREDICTIONS_FROZEN,False
10,TARGET_ASSISTED_LABELLED_TARGET_DIAGNOSTIC,44,305093,2,1050,8a0aeeecb8ef3d848293b93a79f9e83201270797dfaaebfb054a4a139319b74d,PREDICTIONS_FROZEN,False
20,TARGET_ASSISTED_LABELLED_TARGET_DIAGNOSTIC,44,305093,2,1050,6ffe95360088568b0bace2de7d1d132f245ae93095f801c6f0ed3b396bf3a051,PREDICTIONS_FROZEN,False
21,TARGET_ASSISTED_LABELLED_TARGET_DIAGNOSTIC,44,305093,2,1050,08bf89717eeb1554ea0506c16e1d8ac59cf410a67b5b2d871b51733ff8cfa17e,PREDICTIONS_FROZEN,False
35,TARGET_ASSISTED_LABELLED_TARGET_DIAGNOSTIC,44,305093,2,1050,544cb200beeda5b8ae6ec74741837cb49314d1f30f7ab7eff8dab8ee08ff0181,PREDICTIONS_FROZEN,False
50,TARGET_ASSISTED_LABELLED_TARGET_DIAGNOSTIC,44,305093,2,1050,447c104373bd213e944fd3496c935a495f273f2762566ab7d266c5c0fc22cd6d,PREDICTIONS_FROZEN,False
100,TARGET_ASSISTED_LABELLED_TARGET_DIAGNOSTIC,44,305093,2,1050,a63f4fbcb88fe6dd3e6fa2c78db1f57581cefc56f5323cbcbc2988c104681ccd,PREDICTIONS_FROZEN,False
200,TARGET_ASSISTED_LABELLED_TARGET_DIAGNOSTIC,44,305093,2,1050,d5e16e8af7a09438603d261fb6f844afd180b60e89fe2e4c9fd3e1d36f712394,PREDICTIONS_FROZEN,False
500,TARGET_ASSISTED_LABELLED_TARGET_DIAGNOSTIC,44,305093,2,1050,f4e8b6c1acabcac96167dd50c266d7a82d058bcbf4ed926b727e043fb005dd88,PREDICTIONS_FROZEN,False
7,TARGET_ASSISTED_LABELLED_TARGET_DIAGNOSTIC,44,330017,2,1050,39ed9c53fa2d65077e0082a4cb8d2f0efa78be1fdb4c81b4bb992f60ed8ccdbb,PREDICTIONS_FROZEN,False
10,TARGET_ASSISTED_LABELLED_TARGET_DIAGNOSTIC,44,330017,2,1050,4c9bf8f083f127e38fc0394ed3885cb9169138079e79f6a2fd5c8243b7f3bc6a,PREDICTIONS_FROZEN,False
20,TARGET_ASSISTED_LABELLED_TARGET_DIAGNOSTIC,44,330017,2,1050,b045f7d12192492fb2c0eb735f413384c9dafb430d4c6913e0cf77998a49cb6a,PREDICTIONS_FROZEN,False
21,TARGET_ASSISTED_LABELLED_TARGET_DIAGNOSTIC,44,330017,2,1050,25dbcdca9c69643f1ebbe3080179f44f7d8e6a54a85ccbac53f5b387867b9ccb,PREDICTIONS_FROZEN,False
35,TARGET_ASSISTED_LABELLED_TARGET_DIAGNOSTIC,44,330017,2,1050,98a49d15429315e02b69bc8c740794fa6cafc2bc721d701567db0c639b7e21ce,PREDICTIONS_FROZEN,False
50,TARGET_ASSISTED_LABELLED_TARGET_DIAGNOSTIC,44,330017,2,1050,5dd4e6bf7bba3c6c6575eb2f129be7b17d8c9957cb38968ab8b89284109d6f42,PREDICTIONS_FROZEN,False
100,TARGET_ASSISTED_LABELLED_TARGET_DIAGNOSTIC,44,330017,2,1050,19c99ff46e97f028f0fdd4225aca9ed0253473645fb459294dc5184ab33a6501,PREDICTIONS_FROZEN,False
200,TARGET_ASSISTED_LABELLED_TARGET_DIAGNOSTIC,44,330017,2,1050,f4e8b6c1acabcac96167dd50c266d7a82d058bcbf4ed926b727e043fb005dd88,PREDICTIONS_FROZEN,False
500,TARGET_ASSISTED_LABELLED_TARGET_DIAGNOSTIC,44,330017,2,1050,f4e8b6c1acabcac96167dd50c266d7a82d058bcbf4ed926b727e043fb005dd88,PREDICTIONS_FROZEN,False
7,TARGET_ASSISTED_LABELLED_TARGET_DIAGNOSTIC,44,355031,2,1050,3fe3f62e6134c2ab3475d58cc4e5fa011bcc9f8f5e23fd107b63cf45a515f7ea,PREDICTIONS_FROZEN,False
10,TARGET_ASSISTED_LABELLED_TARGET_DIAGNOSTIC,44,355031,2,1050,b3c15732a716172612f61ce8d322c4e981baaadd59d62b24fc32b7c146b138ea,PREDICTIONS_FROZEN,False
20,TARGET_ASSISTED_LABELLED_TARGET_DIAGNOSTIC,44,355031,2,1050,e81a4b9305b62bc3da2567d1538b3c32d7d7a6bf491bcaff3834b5e913a88eb8,PREDICTIONS_FROZEN,False
21,TARGET_ASSISTED_LABELLED_TARGET_DIAGNOSTIC,44,355031,2,1050,9ab38766a80a2c649c3e7a5b330f0c68362d139f2cdf735667dc59c848e09334,PREDICTIONS_FROZEN,False
35,TARGET_ASSISTED_LABELLED_TARGET_DIAGNOSTIC,44,355031,2,1050,a9d1c2c6f4a91e8ae1d15cddb0d3c399c6dc59262d318d1ba20a5161533ba49a,PREDICTIONS_FROZEN,False
50,TARGET_ASSISTED_LABELLED_TARGET_DIAGNOSTIC,44,355031,2,1050,7b8d1a4ed1a258a0b15a15bebda9ab2f61218d95e588ac8fc52a67988eac7775,PREDICTIONS_FROZEN,False
100,TARGET_ASSISTED_LABELLED_TARGET_DIAGNOSTIC,44,355031,2,1050,00f3a45ab30d08e8f69a1ae4bea740515480b4ef9533d14b05b058e3ec94013b,PREDICTIONS_FROZEN,False
200,TARGET_ASSISTED_LABELLED_TARGET_DIAGNOSTIC,44,355031,2,1050,f98a0a4072c241b53036cc956f205ec303e4455897ff68d093fa01590e2edb20,PREDICTIONS_FROZEN,False
500,TARGET_ASSISTED_LABELLED_TARGET_DIAGNOSTIC,44,355031,2,1050,463dd837c63eebf0c8955236c4b74671680f95f667538b6bec048fb28bcfa58a,PREDICTIONS_FROZEN,False
7,TARGET_ASSISTED_LABELLED_TARGET_DIAGNOSTIC,44,380041,2,1050,3fe3f62e6134c2ab3475d58cc4e5fa011bcc9f8f5e23fd107b63cf45a515f7ea,PREDICTIONS_FROZEN,False
10,TARGET_ASSISTED_LABELLED_TARGET_DIAGNOSTIC,44,380041,2,1050,b3d54cc3285b156a65a64ed7568a377797a2cd8e7418d38eec37e714e14824a0,PREDICTIONS_FROZEN,False
20,TARGET_ASSISTED_LABELLED_TARGET_DIAGNOSTIC,44,380041,2,1050,a138f1a3e39c3c819f32637143ba446871aaa581a41c286237d2543c1c73ae6b,PREDICTIONS_FROZEN,False
21,TARGET_ASSISTED_LABELLED_TARGET_DIAGNOSTIC,44,380041,2,1050,ed791b5dabb044921468d2c90652d31695fcc95add02ccad4af1e9552f117249,PREDICTIONS_FROZEN,False
35,TARGET_ASSISTED_LABELLED_TARGET_DIAGNOSTIC,44,380041,2,1050,8c0a873c7809a91553bee7db14d41d8cbc7ca4bb4bad0d5c5da8f4600a9db5d6,PREDICTIONS_FROZEN,False
50,TARGET_ASSISTED_LABELLED_TARGET_DIAGNOSTIC,44,380041,2,1050,ebac38bfc0872cddd7847b4a38b38819e0a38e56a02b98d784ba724a45d2c0dd,PREDICTIONS_FROZEN,False
100,TARGET_ASSISTED_LABELLED_TARGET_DIAGNOSTIC,44,380041,2,1050,a951283c9ee6db2fd459a4cc137baf83eca93c5611b09942ae1a859e9b217725,PREDICTIONS_FROZEN,False
200,TARGET_ASSISTED_LABELLED_TARGET_DIAGNOSTIC,44,380041,2,1050,ea78c1b3d7c9706014c728130548087d07b6573475fbbb599d1be22f94eec9e1,PREDICTIONS_FROZEN,False
500,TARGET_ASSISTED_LABELLED_TARGET_DIAGNOSTIC,44,380041,2,1050,f4e8b6c1acabcac96167dd50c266d7a82d058bcbf4ed926b727e043fb005dd88,PREDICTIONS_FROZEN,False
7,TARGET_ASSISTED_LABELLED_TARGET_DIAGNOSTIC,44,405019,2,1050,bf690e54991455cf85f960a6ec21597fbc75d38dfc99352e4c9f60cc73c8fb8e,PREDICTIONS_FROZEN,False
10,TARGET_ASSISTED_LABELLED_TARGET_DIAGNOSTIC,44,405019,2,1050,29828a77dae398764e8d73ea8230eaec219763c53e8a31b1826c79e97beb1ac9,PREDICTIONS_FROZEN,False
20,TARGET_ASSISTED_LABELLED_TARGET_DIAGNOSTIC,44,405019,2,1050,0fc39d0c36532ac711f48cb31cc14da3fac8df0c0fd15d68f6d4c360460bf54b,PREDICTIONS_FROZEN,False
21,TARGET_ASSISTED_LABELLED_TARGET_DIAGNOSTIC,44,405019,2,1050,d0cf665aad251489a10c0ffe1318b8adb9b3e00ea988a82c71e0857017dd108e,PREDICTIONS_FROZEN,False
35,TARGET_ASSISTED_LABELLED_TARGET_DIAGNOSTIC,44,405019,2,1050,2b29e98fa7e1028b097a4ec2b71c1354e9d70a32f65295dabea04b3ee1980d8b,PREDICTIONS_FROZEN,False
50,TARGET_ASSISTED_LABELLED_TARGET_DIAGNOSTIC,44,405019,2,1050,6458aad99e4d34eb42597fdbc5eb2b64a85c3ecba3f73cbe7c83407b90d96fad,PREDICTIONS_FROZEN,False
100,TARGET_ASSISTED_LABELLED_TARGET_DIAGNOSTIC,44,405019,2,1050,d425b07a88ed879b9df5b4479f5f3d63a672da8e002742c6c4795fefd2d7e57c,PREDICTIONS_FROZEN,False
200,TARGET_ASSISTED_LABELLED_TARGET_DIAGNOSTIC,44,405019,2,1050,b1f9af9bf6803f39a1a4bf054f4d0225e2886173c06c423021f00bd92a9bbc29,PREDICTIONS_FROZEN,False
500,TARGET_ASSISTED_LABELLED_TARGET_DIAGNOSTIC,44,405019,2,1050,f4e8b6c1acabcac96167dd50c266d7a82d058bcbf4ed926b727e043fb005dd88,PREDICTIONS_FROZEN,False
7,TARGET_ASSISTED_LABELLED_TARGET_DIAGNOSTIC,44,430007,2,1050,29f1e58da9339369200f9b0a38dd93175eaefd48b43fe6a325d99b8ddfa97816,PREDICTIONS_FROZEN,False
10,TARGET_ASSISTED_LABELLED_TARGET_DIAGNOSTIC,44,430007,2,1050,e8ad94a2b607a96fd80071b12db2f95b6af67f292ef98023ff5ac4a8b6e78abb,PREDICTIONS_FROZEN,False
20,TARGET_ASSISTED_LABELLED_TARGET_DIAGNOSTIC,44,430007,2,1050,053069d808d3313ecc97729104c9d4cc939108d77a7a8a2558a14943d1042b23,PREDICTIONS_FROZEN,False
21,TARGET_ASSISTED_LABELLED_TARGET_DIAGNOSTIC,44,430007,2,1050,502167aa9fe4f89961938fcfd71c5d8538e69007cc26a18b3daf2a7ced23d9c0,PREDICTIONS_FROZEN,False
35,TARGET_ASSISTED_LABELLED_TARGET_DIAGNOSTIC,44,430007,2,1050,c03e8aa28d805393229f41c29da7b3f8a963e494134a68890d3fe34faedff1da,PREDICTIONS_FROZEN,False
50,TARGET_ASSISTED_LABELLED_TARGET_DIAGNOSTIC,44,430007,2,1050,3896b1e79bc1b5c11f319f801291291bf1bc6cf9085b6268b04b358ddb351189,PREDICTIONS_FROZEN,False
100,TARGET_ASSISTED_LABELLED_TARGET_DIAGNOSTIC,44,430007,2,1050,f717b8c57395086140da3dcaa397983b483c76b369e7aa41a807fd931366b335,PREDICTIONS_FROZEN,False
200,TARGET_ASSISTED_LABELLED_TARGET_DIAGNOSTIC,44,430007,2,1050,f4e8b6c1acabcac96167dd50c266d7a82d058bcbf4ed926b727e043fb005dd88,PREDICTIONS_FROZEN,False
500,TARGET_ASSISTED_LABELLED_TARGET_DIAGNOSTIC,44,430007,2,1050,567b9e8cc7ab6518203fdaccdcbfeb6ddfd8a7a1a48301077f5ce190fedad112,PREDICTIONS_FROZEN,False
7,TARGET_ASSISTED_LABELLED_TARGET_DIAGNOSTIC,44,455003,2,1050,30edde2f29271a461ad05038a28d10cfb8890aa519e4e65e869c48b1bb607136,PREDICTIONS_FROZEN,False
10,TARGET_ASSISTED_LABELLED_TARGET_DIAGNOSTIC,44,455003,2,1050,6d9a49fae9209bf5c2b50309814ceca130c9eeb52cf0b0567c3486a8a59cae34,PREDICTIONS_FROZEN,False
20,TARGET_ASSISTED_LABELLED_TARGET_DIAGNOSTIC,44,455003,2,1050,08027acaa41fbcf3e725df2532bb9539ae724c9e7b69400e5308659d4559ddfb,PREDICTIONS_FROZEN,False
21,TARGET_ASSISTED_LABELLED_TARGET_DIAGNOSTIC,44,455003,2,1050,bb23ed6ba47054152c125af19d7e72b3b643ce1d533f9178b70d7513732fa247,PREDICTIONS_FROZEN,False
35,TARGET_ASSISTED_LABELLED_TARGET_DIAGNOSTIC,44,455003,2,1050,d78438ac683b2a3d0c2f19ad1719f2ffbf3e5e9b88de298a631dbc0a8796864c,PREDICTIONS_FROZEN,False
50,TARGET_ASSISTED_LABELLED_TARGET_DIAGNOSTIC,44,455003,2,1050,0010150a9c1bbe4aa98956f2c1ba2b4121b970cb8fe10cca0acfdfacfb13fc17,PREDICTIONS_FROZEN,False
100,TARGET_ASSISTED_LABELLED_TARGET_DIAGNOSTIC,44,455003,2,1050,e36ea6be5084e3d1577281eb9f161a6a9e68945fea614a64c9d39c8461c3f8f6,PREDICTIONS_FROZEN,False
200,TARGET_ASSISTED_LABELLED_TARGET_DIAGNOSTIC,44,455003,2,1050,f4e8b6c1acabcac96167dd50c266d7a82d058bcbf4ed926b727e043fb005dd88,PREDICTIONS_FROZEN,False
500,TARGET_ASSISTED_LABELLED_TARGET_DIAGNOSTIC,44,455003,2,1050,f4e8b6c1acabcac96167dd50c266d7a82d058bcbf4ed926b727e043fb005dd88,PREDICTIONS_FROZEN,False
7,TARGET_ASSISTED_LABELLED_TARGET_DIAGNOSTIC,44,480017,2,1050,30edde2f29271a461ad05038a28d10cfb8890aa519e4e65e869c48b1bb607136,PREDICTIONS_FROZEN,False
10,TARGET_ASSISTED_LABELLED_TARGET_DIAGNOSTIC,44,480017,2,1050,ca42b7afd9742cf3508f10a67b28174ebdc2bc17789ebedd788fc01178c8fd15,PREDICTIONS_FROZEN,False
20,TARGET_ASSISTED_LABELLED_TARGET_DIAGNOSTIC,44,480017,2,1050,0966c2c3a1583f3ee4ff191c16acadf5b78e01a2d2221499e1a34bc7cd7165b1,PREDICTIONS_FROZEN,False
21,TARGET_ASSISTED_LABELLED_TARGET_DIAGNOSTIC,44,480017,2,1050,d4b089fb0005da55778a293c65fadc773814fd19645efbcec6296e57b48346b6,PREDICTIONS_FROZEN,False
35,TARGET_ASSISTED_LABELLED_TARGET_DIAGNOSTIC,44,480017,2,1050,2ba8502d6f40ead57a34d1b6b27f6749764a8cfc9dc1d4be931643aa224b9aed,PREDICTIONS_FROZEN,False
50,TARGET_ASSISTED_LABELLED_TARGET_DIAGNOSTIC,44,480017,2,1050,8f730b5a7c282c5f4689f460c03d1257109778be2e34fae35b6dedff817d1472,PREDICTIONS_FROZEN,False
100,TARGET_ASSISTED_LABELLED_TARGET_DIAGNOSTIC,44,480017,2,1050,eceec74d2a6db48b42a88d24619272e1ffcd44d80cd6114c104658937794ea35,PREDICTIONS_FROZEN,False
200,TARGET_ASSISTED_LABELLED_TARGET_DIAGNOSTIC,44,480017,2,1050,de6054eda5787038d5a573a814f877c9eac63e51d0a607d67dc96b34a26d07d1,PREDICTIONS_FROZEN,False
500,TARGET_ASSISTED_LABELLED_TARGET_DIAGNOSTIC,44,480017,2,1050,d4cbc6345b00a2fa393f3cdb9340db059838a89b6111750c50b7958c51b41221,PREDICTIONS_FROZEN,False
7,TARGET_ASSISTED_LABELLED_TARGET_DIAGNOSTIC,44,505027,2,1050,30edde2f29271a461ad05038a28d10cfb8890aa519e4e65e869c48b1bb607136,PREDICTIONS_FROZEN,False
10,TARGET_ASSISTED_LABELLED_TARGET_DIAGNOSTIC,44,505027,2,1050,0ec5819a64a1e6aa667bd445c75e0cde15f4f773190472e57957663035ebc0c2,PREDICTIONS_FROZEN,False
20,TARGET_ASSISTED_LABELLED_TARGET_DIAGNOSTIC,44,505027,2,1050,12747d7dca33c33e785d5621a06a0536de0b194ac9d81ea11271670d971e1f9e,PREDICTIONS_FROZEN,False
21,TARGET_ASSISTED_LABELLED_TARGET_DIAGNOSTIC,44,505027,2,1050,ed791b5dabb044921468d2c90652d31695fcc95add02ccad4af1e9552f117249,PREDICTIONS_FROZEN,False
35,TARGET_ASSISTED_LABELLED_TARGET_DIAGNOSTIC,44,505027,2,1050,a1598909dc261a3473e053e886248f47a638cecb69cdbaaa2fe69a66d67a8be6,PREDICTIONS_FROZEN,False
50,TARGET_ASSISTED_LABELLED_TARGET_DIAGNOSTIC,44,505027,2,1050,3187b7ed120198101e145bd783279e5634e9f3ed8b1cfd3e167f117d54d73c46,PREDICTIONS_FROZEN,False
100,TARGET_ASSISTED_LABELLED_TARGET_DIAGNOSTIC,44,505027,2,1050,3b9229576e65513b24934d1c5fd7b126ee58f1a6d6f737ca608476a59f647e74,PREDICTIONS_FROZEN,False
200,TARGET_ASSISTED_LABELLED_TARGET_DIAGNOSTIC,44,505027,2,1050,1c1b7552c03549e357f7f2044dc2e5127dc9084d0f83cf94a630412276e9c617,PREDICTIONS_FROZEN,False
500,TARGET_ASSISTED_LABELLED_TARGET_DIAGNOSTIC,44,505027,2,1050,567b9e8cc7ab6518203fdaccdcbfeb6ddfd8a7a1a48301077f5ce190fedad112,PREDICTIONS_FROZEN,False
7,TARGET_ASSISTED_LABELLED_TARGET_DIAGNOSTIC,44,530017,2,1050,29f1e58da9339369200f9b0a38dd93175eaefd48b43fe6a325d99b8ddfa97816,PREDICTIONS_FROZEN,False
10,TARGET_ASSISTED_LABELLED_TARGET_DIAGNOSTIC,44,530017,2,1050,d9c57c57ab2697622f4c78c5d238266bb240ead0116898fdca5fdd5e789ebc6c,PREDICTIONS_FROZEN,False
20,TARGET_ASSISTED_LABELLED_TARGET_DIAGNOSTIC,44,530017,2,1050,71df0ebd1d5e78ccf1a105df201db7d66b613e97b659a25549df56738d3aa82f,PREDICTIONS_FROZEN,False
21,TARGET_ASSISTED_LABELLED_TARGET_DIAGNOSTIC,44,530017,2,1050,370ff19513255698142baf0fb269df7eb49902e2ccea2396f421b5ccdaaf6839,PREDICTIONS_FROZEN,False
35,TARGET_ASSISTED_LABELLED_TARGET_DIAGNOSTIC,44,530017,2,1050,37c6066b42a642351af0d1b742a298f9da462886ea5f5b8a2f8157629543b71c,PREDICTIONS_FROZEN,False
50,TARGET_ASSISTED_LABELLED_TARGET_DIAGNOSTIC,44,530017,2,1050,b1f9af9bf6803f39a1a4bf054f4d0225e2886173c06c423021f00bd92a9bbc29,PREDICTIONS_FROZEN,False
100,TARGET_ASSISTED_LABELLED_TARGET_DIAGNOSTIC,44,530017,2,1050,b1f9af9bf6803f39a1a4bf054f4d0225e2886173c06c423021f00bd92a9bbc29,PREDICTIONS_FROZEN,False
200,TARGET_ASSISTED_LABELLED_TARGET_DIAGNOSTIC,44,530017,2,1050,a42242205a7599f8c4e14bb46a439c391b0a3e03495bcb5a6ee0e39a953ec196,PREDICTIONS_FROZEN,False
500,TARGET_ASSISTED_LABELLED_TARGET_DIAGNOSTIC,44,530017,2,1050,f4e8b6c1acabcac96167dd50c266d7a82d058bcbf4ed926b727e043fb005dd88,PREDICTIONS_FROZEN,False
7,TARGET_ASSISTED_LABELLED_TARGET_DIAGNOSTIC,44,555029,2,1050,5aa7bf9e09bd9afac4b65d67949470c256fcbb016500b0c00232f50fa44d7bfb,PREDICTIONS_FROZEN,False
10,TARGET_ASSISTED_LABELLED_TARGET_DIAGNOSTIC,44,555029,2,1050,08026f60fdd9ce31836187603aa93184e9121610058b5b2a8c9fcccd1e10b515,PREDICTIONS_FROZEN,False
20,TARGET_ASSISTED_LABELLED_TARGET_DIAGNOSTIC,44,555029,2,1050,729a7a6cfe5510cf427b6628ee82346e507e1c7d2306cddee6ebeb92d769bacb,PREDICTIONS_FROZEN,False
21,TARGET_ASSISTED_LABELLED_TARGET_DIAGNOSTIC,44,555029,2,1050,ed76888859664422843f10daab92a3d086d4435682a136f876e397269e1a9fc9,PREDICTIONS_FROZEN,False
35,TARGET_ASSISTED_LABELLED_TARGET_DIAGNOSTIC,44,555029,2,1050,56e712ec6e6355926a53f4b5f7e7b19fc3b47e37f16dc24f7b1076be124fcfc6,PREDICTIONS_FROZEN,False
50,TARGET_ASSISTED_LABELLED_TARGET_DIAGNOSTIC,44,555029,2,1050,1ba07141fe7e40dec8631b2b176833bb78970a22c6697c0c471dcf4968c92d2e,PREDICTIONS_FROZEN,False
100,TARGET_ASSISTED_LABELLED_TARGET_DIAGNOSTIC,44,555029,2,1050,dd0b3d34f61f2ccedeeb7a3d12d110bec3fa973242a75e9c8ac7e59b2acb19d8,PREDICTIONS_FROZEN,False
200,TARGET_ASSISTED_LABELLED_TARGET_DIAGNOSTIC,44,555029,2,1050,4000dd201b6516e11a3a8076e33465f458a97e2078780472aebc9322e7943cdc,PREDICTIONS_FROZEN,False
500,TARGET_ASSISTED_LABELLED_TARGET_DIAGNOSTIC,44,555029,2,1050,f4e8b6c1acabcac96167dd50c266d7a82d058bcbf4ed926b727e043fb005dd88,PREDICTIONS_FROZEN,False
7,TARGET_ASSISTED_LABELLED_TARGET_DIAGNOSTIC,44,580031,2,1050,d541eb2c6a6d843f00e2b17aea421712d2cba37caf61e61004e0378e58189f15,PREDICTIONS_FROZEN,False
10,TARGET_ASSISTED_LABELLED_TARGET_DIAGNOSTIC,44,580031,2,1050,20ddb30a5468f50e01de25c9a8a6efbe434a23bcda56a01d155ba9aff604c79e,PREDICTIONS_FROZEN,False
20,TARGET_ASSISTED_LABELLED_TARGET_DIAGNOSTIC,44,580031,2,1050,69307365a2ae82f3ae84aeae60894385df7199f993cb7b80353a770e3f2ae67d,PREDICTIONS_FROZEN,False
21,TARGET_ASSISTED_LABELLED_TARGET_DIAGNOSTIC,44,580031,2,1050,28abad74bad06d1cc65d904047375d0aab7ad8b34313106d33af56f33fe5dd93,PREDICTIONS_FROZEN,False
35,TARGET_ASSISTED_LABELLED_TARGET_DIAGNOSTIC,44,580031,2,1050,4e6a987b67a9dd259d6eaa16dc4bd5ecb14c999d8b5f4f9f02834ccb02d2d44b,PREDICTIONS_FROZEN,False
50,TARGET_ASSISTED_LABELLED_TARGET_DIAGNOSTIC,44,580031,2,1050,a2fb6d4a85c4950185b82ab3cecec313efffd3d2af5f17b73f583d83e44b87f9,PREDICTIONS_FROZEN,False
100,TARGET_ASSISTED_LABELLED_TARGET_DIAGNOSTIC,44,580031,2,1050,28894fe46e50505580876711d72707b01ae1822ec6ba4cf8d893c3e7fd53b112,PREDICTIONS_FROZEN,False
200,TARGET_ASSISTED_LABELLED_TARGET_DIAGNOSTIC,44,580031,2,1050,7f26b856b3d9b8e5a888327b69e0bf3b8962538bb4089db9193c0ee615dd2c0e,PREDICTIONS_FROZEN,False
500,TARGET_ASSISTED_LABELLED_TARGET_DIAGNOSTIC,44,580031,2,1050,8645059c4f564ed3cbf362563368ed04e8a5cd1c5972d1ec40905c4007b30419,PREDICTIONS_FROZEN,False
0,STRICT_SOURCE_ONLY_DG,45,,0,1050,50819e23da403e4834d5fb92a7c7262f887fbd29d0d8747674a27960e4ab6de7,PREDICTIONS_FROZEN,False
7,TARGET_ASSISTED_LABELLED_TARGET_DIAGNOSTIC,45,104729,0,1050,913b2a0c12230b0c67572e0f9a3ef361df7cfd210220a5553274762e815395f7,PREDICTIONS_FROZEN,False
10,TARGET_ASSISTED_LABELLED_TARGET_DIAGNOSTIC,45,104729,0,1050,848fe72f4a534ebaa6330f97f694baa0a2932d3919e7aad04d408e0462fb8670,PREDICTIONS_FROZEN,False
20,TARGET_ASSISTED_LABELLED_TARGET_DIAGNOSTIC,45,104729,0,1050,bd39e7055eb24112fab07e57eba411b429f016ca62141ee87c6480a4874b7cb8,PREDICTIONS_FROZEN,False
21,TARGET_ASSISTED_LABELLED_TARGET_DIAGNOSTIC,45,104729,0,1050,88f9cf46f1984a609d072c4cd6e18107ea55ea6f2cadaced829eb18dd7ba6c29,PREDICTIONS_FROZEN,False
35,TARGET_ASSISTED_LABELLED_TARGET_DIAGNOSTIC,45,104729,0,1050,ea4e17005ca16a2ce39290d3644512bd32df78c6dc915295608293167305d8fb,PREDICTIONS_FROZEN,False
50,TARGET_ASSISTED_LABELLED_TARGET_DIAGNOSTIC,45,104729,0,1050,005763bc3a06673a4621bd491b4c32afb45063a239631d1c2efe990e7f30e476,PREDICTIONS_FROZEN,False
100,TARGET_ASSISTED_LABELLED_TARGET_DIAGNOSTIC,45,104729,0,1050,53a0282674b491aeeb5147328562802e98ac6b79c15fbd4c27a5f26f797c4e0a,PREDICTIONS_FROZEN,False
200,TARGET_ASSISTED_LABELLED_TARGET_DIAGNOSTIC,45,104729,0,1050,0c2f3c11364e387390637777892458181fa45d349e195064a9e2d910153361ee,PREDICTIONS_FROZEN,False
500,TARGET_ASSISTED_LABELLED_TARGET_DIAGNOSTIC,45,104729,0,1050,aead28141e80337b5d22fa2eb47cd2266501929dab729302e757597204dcab78,PREDICTIONS_FROZEN,False
7,TARGET_ASSISTED_LABELLED_TARGET_DIAGNOSTIC,45,130363,0,1050,913b2a0c12230b0c67572e0f9a3ef361df7cfd210220a5553274762e815395f7,PREDICTIONS_FROZEN,False
10,TARGET_ASSISTED_LABELLED_TARGET_DIAGNOSTIC,45,130363,0,1050,c0cfbde8b94a8dd32bdb546db6f83b17776a005665e50f5be6fecd38132b3db5,PREDICTIONS_FROZEN,False
20,TARGET_ASSISTED_LABELLED_TARGET_DIAGNOSTIC,45,130363,0,1050,4d1552a62f105513811b78f389bebbe6d519118bb08f81595b4b9540c6d8ba8f,PREDICTIONS_FROZEN,False
21,TARGET_ASSISTED_LABELLED_TARGET_DIAGNOSTIC,45,130363,0,1050,7b71714b64f57d05b0e0eeda3bc90e2fe7addb9a2aecb7ea14c812ec5bc086ad,PREDICTIONS_FROZEN,False
35,TARGET_ASSISTED_LABELLED_TARGET_DIAGNOSTIC,45,130363,0,1050,42b0ffa8658545c391ca7f9f3e2b379b343931ad206139daece623da6998a15b,PREDICTIONS_FROZEN,False
50,TARGET_ASSISTED_LABELLED_TARGET_DIAGNOSTIC,45,130363,0,1050,0a4ae7356f910ac06e0b451db1224358de1705769e1935601bfa351836a80acb,PREDICTIONS_FROZEN,False
100,TARGET_ASSISTED_LABELLED_TARGET_DIAGNOSTIC,45,130363,0,1050,679b9b59b7476941e57f5cb59f85efc87a409c99288193e483f540195832431c,PREDICTIONS_FROZEN,False
200,TARGET_ASSISTED_LABELLED_TARGET_DIAGNOSTIC,45,130363,0,1050,c431cab702a05529da52b8a1b353bb0db8df9e32cc923ef9c02b189e3b2f0c7f,PREDICTIONS_FROZEN,False
500,TARGET_ASSISTED_LABELLED_TARGET_DIAGNOSTIC,45,130363,0,1050,9db9dc6e46e7ef88d84b1fe4521fec1f143445e56d0ae17b0adeac4561967132,PREDICTIONS_FROZEN,False
7,TARGET_ASSISTED_LABELLED_TARGET_DIAGNOSTIC,45,155921,0,1050,5b458666a3262a040c86b1d875731cff2116d262db52d128adb2943f138e85b1,PREDICTIONS_FROZEN,False
10,TARGET_ASSISTED_LABELLED_TARGET_DIAGNOSTIC,45,155921,0,1050,b0bac90aea02edf745fd2041096b0e8a32dc97e0f6f725620bf8b76a38ee3daa,PREDICTIONS_FROZEN,False
20,TARGET_ASSISTED_LABELLED_TARGET_DIAGNOSTIC,45,155921,0,1050,58c92b9bcdeca84fad106391ee7b0e70387dc3d7f78eefd7cbd35b16bec5a976,PREDICTIONS_FROZEN,False
21,TARGET_ASSISTED_LABELLED_TARGET_DIAGNOSTIC,45,155921,0,1050,503de4b38ce29161b0b0d3e40cb7551d9ad7f7fc77ee7a651d21204c574eb8f4,PREDICTIONS_FROZEN,False
35,TARGET_ASSISTED_LABELLED_TARGET_DIAGNOSTIC,45,155921,0,1050,a2aac9501d4bc8950ac83348c2de886b9e63c09ae1a8ccae022db6eaa435a7b7,PREDICTIONS_FROZEN,False
50,TARGET_ASSISTED_LABELLED_TARGET_DIAGNOSTIC,45,155921,0,1050,a36e0daac7983e19b6107a7ad3a6597256110a4212d3d19db90b8ef9c3ee4e61,PREDICTIONS_FROZEN,False
100,TARGET_ASSISTED_LABELLED_TARGET_DIAGNOSTIC,45,155921,0,1050,3f905c112b74acddb59c0ce7a1eb4e07ed718aede0646f04034719ba24de0aa2,PREDICTIONS_FROZEN,False
200,TARGET_ASSISTED_LABELLED_TARGET_DIAGNOSTIC,45,155921,0,1050,361d9564bca6fad0848b32ea2e6a40b71995b4c371eb2c61ea5e1920530fff9c,PREDICTIONS_FROZEN,False
500,TARGET_ASSISTED_LABELLED_TARGET_DIAGNOSTIC,45,155921,0,1050,1e03e7791239056fdb86ca557645ae3e17b30465ed7165040f88c06473004399,PREDICTIONS_FROZEN,False
7,TARGET_ASSISTED_LABELLED_TARGET_DIAGNOSTIC,45,181081,0,1050,1406b2b87272a43fa26fdfe8481b1ffe7e127bc1a2f2ebb83ea3f8139f6bd01e,PREDICTIONS_FROZEN,False
10,TARGET_ASSISTED_LABELLED_TARGET_DIAGNOSTIC,45,181081,0,1050,2d3d50d3e74d58bcb11b42094ed917b34d980efe9d6ee8027ed917f6c71b9362,PREDICTIONS_FROZEN,False
20,TARGET_ASSISTED_LABELLED_TARGET_DIAGNOSTIC,45,181081,0,1050,de81c573de24b8002f6518991b9ffff3d1684f5058a762f66632fc1bd187fe78,PREDICTIONS_FROZEN,False
21,TARGET_ASSISTED_LABELLED_TARGET_DIAGNOSTIC,45,181081,0,1050,7941b4bcea9bd37d97851588937c1507516ab93c4722bcefbbe155d65440c274,PREDICTIONS_FROZEN,False
35,TARGET_ASSISTED_LABELLED_TARGET_DIAGNOSTIC,45,181081,0,1050,9d49cb69e1954afb6c3462bf050a645ec4657feab2a10cb211f3bf3152caf684,PREDICTIONS_FROZEN,False
50,TARGET_ASSISTED_LABELLED_TARGET_DIAGNOSTIC,45,181081,0,1050,ce1cc33cfeaa168dc3cbf62ee97194c972e9422b04bf5841e9962e04e27b7a3c,PREDICTIONS_FROZEN,False
100,TARGET_ASSISTED_LABELLED_TARGET_DIAGNOSTIC,45,181081,0,1050,d379105dcfc1f513255d02c296626c9a56a33fd392e83530a3b934a39315e271,PREDICTIONS_FROZEN,False
200,TARGET_ASSISTED_LABELLED_TARGET_DIAGNOSTIC,45,181081,0,1050,ba4fed85ac076b46dbba7b77374c572ad20b97921402114ac5a67fe46f31edaa,PREDICTIONS_FROZEN,False
500,TARGET_ASSISTED_LABELLED_TARGET_DIAGNOSTIC,45,181081,0,1050,2db094a834e385296c00c075b84a5576a8e4480346899fada90d6f64e418fa2d,PREDICTIONS_FROZEN,False
7,TARGET_ASSISTED_LABELLED_TARGET_DIAGNOSTIC,45,205439,0,1050,864ff658007eec14fd355ce29685b8a7a7e062d4ace6afb968001a74b078d245,PREDICTIONS_FROZEN,False
10,TARGET_ASSISTED_LABELLED_TARGET_DIAGNOSTIC,45,205439,0,1050,17dcb8ef609c8229231f4823c1e94309bf259470a6dc0ea5d8ae2315e53a5c44,PREDICTIONS_FROZEN,False
20,TARGET_ASSISTED_LABELLED_TARGET_DIAGNOSTIC,45,205439,0,1050,ae0987c8593a9c7b3b302fa2aed566dc40943a7382faf23a385c92e29b6d1d45,PREDICTIONS_FROZEN,False
21,TARGET_ASSISTED_LABELLED_TARGET_DIAGNOSTIC,45,205439,0,1050,b387b85523dea08db65367e11006c458065d91c4fe5b52452c8a71b500c87cd3,PREDICTIONS_FROZEN,False
35,TARGET_ASSISTED_LABELLED_TARGET_DIAGNOSTIC,45,205439,0,1050,74f9dd520e22f887562762daa4da0fc4de82ce231ad0b9caeeea0e8ee61c4dfa,PREDICTIONS_FROZEN,False
50,TARGET_ASSISTED_LABELLED_TARGET_DIAGNOSTIC,45,205439,0,1050,5496c7b52fc21c12bfa272839b8027d13b286d2ffc12dac5cef76db80aef11b2,PREDICTIONS_FROZEN,False
100,TARGET_ASSISTED_LABELLED_TARGET_DIAGNOSTIC,45,205439,0,1050,ec06a86d81ddac42de6323f846ba89883f9065f45911e08efd8bcf0bb2a8007b,PREDICTIONS_FROZEN,False
200,TARGET_ASSISTED_LABELLED_TARGET_DIAGNOSTIC,45,205439,0,1050,3ca94a0eb833b2a3dfc5beef55a0814eaf5fb0b1a14f2207004012133bea55c4,PREDICTIONS_FROZEN,False
500,TARGET_ASSISTED_LABELLED_TARGET_DIAGNOSTIC,45,205439,0,1050,988031ed4725a56530b9a515cdabe83d21019a57a30730c8e4a848ae24829f62,PREDICTIONS_FROZEN,False
7,TARGET_ASSISTED_LABELLED_TARGET_DIAGNOSTIC,45,230003,0,1050,29b621cb57df7d44f11d1a0f22dc1bc0ded33ae2246f3304c8b515303d8c83f6,PREDICTIONS_FROZEN,False
10,TARGET_ASSISTED_LABELLED_TARGET_DIAGNOSTIC,45,230003,0,1050,dc44542007a353bd7fba310dbc6fba66e78d33ec92b0fc5411d85034eff417a6,PREDICTIONS_FROZEN,False
20,TARGET_ASSISTED_LABELLED_TARGET_DIAGNOSTIC,45,230003,0,1050,c89e977ecd2f374fd1df98858fb190bbb520a01c24d89c5a8730146da9954362,PREDICTIONS_FROZEN,False
21,TARGET_ASSISTED_LABELLED_TARGET_DIAGNOSTIC,45,230003,0,1050,b493abee18887fce20c32320440ee2273f25cbbefdbd99a09b96c94b25dc34c2,PREDICTIONS_FROZEN,False
35,TARGET_ASSISTED_LABELLED_TARGET_DIAGNOSTIC,45,230003,0,1050,4dabb9ba0503675edaa7d2d012e1a1b011bd6e1e4027116964ac56df5c0b97e0,PREDICTIONS_FROZEN,False
50,TARGET_ASSISTED_LABELLED_TARGET_DIAGNOSTIC,45,230003,0,1050,856ff92b7881ae3e75533a0b30a35b6d14eefbcee1f0f622c3844504790d31bb,PREDICTIONS_FROZEN,False
100,TARGET_ASSISTED_LABELLED_TARGET_DIAGNOSTIC,45,230003,0,1050,1c04e8f2407e3e9b212c725abb8d53787eae7324fe1973b63cbc07171c14b249,PREDICTIONS_FROZEN,False
200,TARGET_ASSISTED_LABELLED_TARGET_DIAGNOSTIC,45,230003,0,1050,26aad57631c9974dbff17d106dc162751e388c0a7a11255434b326a0f2aa00b3,PREDICTIONS_FROZEN,False
500,TARGET_ASSISTED_LABELLED_TARGET_DIAGNOSTIC,45,230003,0,1050,d04c42480da9f630d016ceb09ef126e72ca964f11dd6b0b11e0161d55ea33271,PREDICTIONS_FROZEN,False
7,TARGET_ASSISTED_LABELLED_TARGET_DIAGNOSTIC,45,254959,0,1050,7c9ea6a6722af30939ab726380e17bf3457a15fb484301a77c364c33ba53e36c,PREDICTIONS_FROZEN,False
10,TARGET_ASSISTED_LABELLED_TARGET_DIAGNOSTIC,45,254959,0,1050,1d18cd93a605bdcf32e6285f7065a29836d5db05756ff1b90f37fcd4accd73e5,PREDICTIONS_FROZEN,False
20,TARGET_ASSISTED_LABELLED_TARGET_DIAGNOSTIC,45,254959,0,1050,16076e550adb0b24b600b7bde50a1344da3e0a697b3497147e1a671fe8deab3a,PREDICTIONS_FROZEN,False
21,TARGET_ASSISTED_LABELLED_TARGET_DIAGNOSTIC,45,254959,0,1050,75e9b16028f1d27cc8de0346f26c0ff5f496f315b4acc137b277be3269edc987,PREDICTIONS_FROZEN,False
35,TARGET_ASSISTED_LABELLED_TARGET_DIAGNOSTIC,45,254959,0,1050,382cdd737053d0571202f20c2b34d168d8795a63236857ae8b5cfa4799bb3ad1,PREDICTIONS_FROZEN,False
50,TARGET_ASSISTED_LABELLED_TARGET_DIAGNOSTIC,45,254959,0,1050,4af76c3ccf0b152ada4f0a51f0ff06086815ebca6e896e9e6d770937262f9ecd,PREDICTIONS_FROZEN,False
100,TARGET_ASSISTED_LABELLED_TARGET_DIAGNOSTIC,45,254959,0,1050,07c79689b3ce3c7938b3fbcddc0d3c613a394e04d710ff0c513da3412612898b,PREDICTIONS_FROZEN,False
200,TARGET_ASSISTED_LABELLED_TARGET_DIAGNOSTIC,45,254959,0,1050,4332cb9eab5dc97d21db447c9cd1855c8b0d96ccb6b382b743ee34012d5c1004,PREDICTIONS_FROZEN,False
500,TARGET_ASSISTED_LABELLED_TARGET_DIAGNOSTIC,45,254959,0,1050,6cf9117a09a6cc741c74d9045ffe7b81edd1984fa373796ec9885e2c8336459f,PREDICTIONS_FROZEN,False
7,TARGET_ASSISTED_LABELLED_TARGET_DIAGNOSTIC,45,280001,0,1050,83d8e8f4c4ea73c1e859db27659d6cbcbd7728099753aff703b2173bd25041e7,PREDICTIONS_FROZEN,False
10,TARGET_ASSISTED_LABELLED_TARGET_DIAGNOSTIC,45,280001,0,1050,64c89aad7403e75de89c581e270e0cb313f3043092710cbdad1d8b68b4c83760,PREDICTIONS_FROZEN,False
20,TARGET_ASSISTED_LABELLED_TARGET_DIAGNOSTIC,45,280001,0,1050,ab6863dce947532943b7a1c13520578a82d27ccb9f19ac5d594e3467afc2dca1,PREDICTIONS_FROZEN,False
21,TARGET_ASSISTED_LABELLED_TARGET_DIAGNOSTIC,45,280001,0,1050,dfa502a0b6b5dcc5f83a49b081b86b9d220e10b67550c8dd5df5c98375c67b69,PREDICTIONS_FROZEN,False
35,TARGET_ASSISTED_LABELLED_TARGET_DIAGNOSTIC,45,280001,0,1050,bdc6589a5ff8da9a191cdb660f06b36c451f074efe774508304967e00c28d900,PREDICTIONS_FROZEN,False
50,TARGET_ASSISTED_LABELLED_TARGET_DIAGNOSTIC,45,280001,0,1050,dc22a52206d470b443a384a64a4899f43da8d65c6d8dde9eeaba4dad3fa05b49,PREDICTIONS_FROZEN,False
100,TARGET_ASSISTED_LABELLED_TARGET_DIAGNOSTIC,45,280001,0,1050,2fcfe1265a103248fe6666f97a5d3dffaf90b2ea759bed62537e75d777f0c552,PREDICTIONS_FROZEN,False
200,TARGET_ASSISTED_LABELLED_TARGET_DIAGNOSTIC,45,280001,0,1050,7047eb22c33f8431ece16d4f400b4abb14d18c9bb10954c6e409f26410a1f196,PREDICTIONS_FROZEN,False
500,TARGET_ASSISTED_LABELLED_TARGET_DIAGNOSTIC,45,280001,0,1050,16e1ab379eec646ed7d64161d7572a7c820f1ae533c79229cfd9a9774e5fdefd,PREDICTIONS_FROZEN,False
7,TARGET_ASSISTED_LABELLED_TARGET_DIAGNOSTIC,45,305093,0,1050,36c35f6ea8007afe28f89a4cd9fe909d74a94fc91c4c4d0a0798bde31969c864,PREDICTIONS_FROZEN,False
10,TARGET_ASSISTED_LABELLED_TARGET_DIAGNOSTIC,45,305093,0,1050,fd70962b2ccf7cdf191c69d5ed72fd3d955a1bd460edf912318b381255144146,PREDICTIONS_FROZEN,False
20,TARGET_ASSISTED_LABELLED_TARGET_DIAGNOSTIC,45,305093,0,1050,2480f5f2221a2c54d9379ec65fbb60220aa23660545d60349fb279cde72c0624,PREDICTIONS_FROZEN,False
21,TARGET_ASSISTED_LABELLED_TARGET_DIAGNOSTIC,45,305093,0,1050,f7a64d57a8a880da1b9eaaed1e58007426276fc0a767835a20db63a61db562d9,PREDICTIONS_FROZEN,False
35,TARGET_ASSISTED_LABELLED_TARGET_DIAGNOSTIC,45,305093,0,1050,6e1a41c83a7fc4db83c7d204f5023510fc5eb141d779fac3697b7677da04c39e,PREDICTIONS_FROZEN,False
50,TARGET_ASSISTED_LABELLED_TARGET_DIAGNOSTIC,45,305093,0,1050,dd11a103d9fcafe4f4ef5ed83b95cdb80bf7460324cec103f2e4eb8b768880e1,PREDICTIONS_FROZEN,False
100,TARGET_ASSISTED_LABELLED_TARGET_DIAGNOSTIC,45,305093,0,1050,87e55e610af4f62b70c06e3e0a997e2fd9fa91caedf329e9eea871d87296cc28,PREDICTIONS_FROZEN,False
200,TARGET_ASSISTED_LABELLED_TARGET_DIAGNOSTIC,45,305093,0,1050,7781b54c7b6a523b10b58c5ecb9df5b915635ac37fcae43dffb8081c2d21de23,PREDICTIONS_FROZEN,False
500,TARGET_ASSISTED_LABELLED_TARGET_DIAGNOSTIC,45,305093,0,1050,16e1ab379eec646ed7d64161d7572a7c820f1ae533c79229cfd9a9774e5fdefd,PREDICTIONS_FROZEN,False
7,TARGET_ASSISTED_LABELLED_TARGET_DIAGNOSTIC,45,330017,0,1050,864ff658007eec14fd355ce29685b8a7a7e062d4ace6afb968001a74b078d245,PREDICTIONS_FROZEN,False
10,TARGET_ASSISTED_LABELLED_TARGET_DIAGNOSTIC,45,330017,0,1050,0563986ac7f69eea287775b48ded50a061286f72272a2d0b9cbbe61b1606f68b,PREDICTIONS_FROZEN,False
20,TARGET_ASSISTED_LABELLED_TARGET_DIAGNOSTIC,45,330017,0,1050,8b2cf91aa16ad4a6e4027f7c102f5aeec2f7a978e668ed8d42751ad5f480fb75,PREDICTIONS_FROZEN,False
21,TARGET_ASSISTED_LABELLED_TARGET_DIAGNOSTIC,45,330017,0,1050,7a76d9c34b5c88e35eaffe021433a3f05f47aabf788c8301e88677b3c9a827a3,PREDICTIONS_FROZEN,False
35,TARGET_ASSISTED_LABELLED_TARGET_DIAGNOSTIC,45,330017,0,1050,8b709a58cb7364df5b0bb244c3f5b2d8bf6183da3bfa4fa3339a322b15718d93,PREDICTIONS_FROZEN,False
50,TARGET_ASSISTED_LABELLED_TARGET_DIAGNOSTIC,45,330017,0,1050,f79fd47ca2b0331bf2a654cc227e0a8ebe4e64e3fc79eeaee11309be2d001c05,PREDICTIONS_FROZEN,False
100,TARGET_ASSISTED_LABELLED_TARGET_DIAGNOSTIC,45,330017,0,1050,c64c892769506e8f3bb5f546188c6ffad0ebc6b43ab122520a45f191b4824e9f,PREDICTIONS_FROZEN,False
200,TARGET_ASSISTED_LABELLED_TARGET_DIAGNOSTIC,45,330017,0,1050,58ad0943f96a18cbb14948bdc0549f63234a5d949e9808f0f2d9a268629741e7,PREDICTIONS_FROZEN,False
500,TARGET_ASSISTED_LABELLED_TARGET_DIAGNOSTIC,45,330017,0,1050,53993f8950182f63119f1651570cabbc0df5efc162a69999e3af4f0e7561ce11,PREDICTIONS_FROZEN,False
7,TARGET_ASSISTED_LABELLED_TARGET_DIAGNOSTIC,45,355031,0,1050,0c996ee08bbdd4237688834fde23c1e6e04048f07c13cb78a9bf787865bf6df6,PREDICTIONS_FROZEN,False
10,TARGET_ASSISTED_LABELLED_TARGET_DIAGNOSTIC,45,355031,0,1050,9041a2c6e70edf8e369149cd4610116b66db606496a2edce43722f252a7fb1e2,PREDICTIONS_FROZEN,False
20,TARGET_ASSISTED_LABELLED_TARGET_DIAGNOSTIC,45,355031,0,1050,ff71ba00cf8ad14e7b83ee05044e8c5abab18ab73f869a63afb33574d10c0927,PREDICTIONS_FROZEN,False
21,TARGET_ASSISTED_LABELLED_TARGET_DIAGNOSTIC,45,355031,0,1050,f67536f78835c7d114238205fd323f688aae4a795fd58263b5e8a39656158fef,PREDICTIONS_FROZEN,False
35,TARGET_ASSISTED_LABELLED_TARGET_DIAGNOSTIC,45,355031,0,1050,7accdbec4a36259d19136f80635eb5c4672c8007eb0036193310a2cb61c450ff,PREDICTIONS_FROZEN,False
50,TARGET_ASSISTED_LABELLED_TARGET_DIAGNOSTIC,45,355031,0,1050,d436958af5feb0dbfc2d35111fdd916ba3330274d5cb4004e7927e887178c66a,PREDICTIONS_FROZEN,False
100,TARGET_ASSISTED_LABELLED_TARGET_DIAGNOSTIC,45,355031,0,1050,aaad8c110a5a27ad1598ba8a67fdcf5b99be74fff175784db1753ea3b4eeb7b7,PREDICTIONS_FROZEN,False
200,TARGET_ASSISTED_LABELLED_TARGET_DIAGNOSTIC,45,355031,0,1050,a6ba0648e30aa2cd33cd285e4246589baff525fde6074989b28d46a432c704a6,PREDICTIONS_FROZEN,False
500,TARGET_ASSISTED_LABELLED_TARGET_DIAGNOSTIC,45,355031,0,1050,f8713d3209c4c797e4a8e3368c3652250deea6539521d6c6f820b797a7c7a8aa,PREDICTIONS_FROZEN,False
7,TARGET_ASSISTED_LABELLED_TARGET_DIAGNOSTIC,45,380041,0,1050,44cb7976c6b7e3dbdbc934e170794369f44e0836112b290476c321020690c1b9,PREDICTIONS_FROZEN,False
10,TARGET_ASSISTED_LABELLED_TARGET_DIAGNOSTIC,45,380041,0,1050,403e5673296e49c505d5ce9c6afa19bb172ecce3ea6582b6b64fc79d94546f2f,PREDICTIONS_FROZEN,False
20,TARGET_ASSISTED_LABELLED_TARGET_DIAGNOSTIC,45,380041,0,1050,3a0c925ca0b55ac9a393228854346bcfcbdb96f0b21b0d2950f4b6aef42642c4,PREDICTIONS_FROZEN,False
21,TARGET_ASSISTED_LABELLED_TARGET_DIAGNOSTIC,45,380041,0,1050,748d5307a1473baf4ee2151eb3340d4b1d5a8c9ce2ff8a46ab50c4c83cfb3abb,PREDICTIONS_FROZEN,False
35,TARGET_ASSISTED_LABELLED_TARGET_DIAGNOSTIC,45,380041,0,1050,c7c06578144963e726bc1456d2beb6c24bf58fec52a46fb429289ddbaed14180,PREDICTIONS_FROZEN,False
50,TARGET_ASSISTED_LABELLED_TARGET_DIAGNOSTIC,45,380041,0,1050,a0a6f99348f857b57687d3dc5b446efb092a65daa0f2824344f972280c55bb68,PREDICTIONS_FROZEN,False
100,TARGET_ASSISTED_LABELLED_TARGET_DIAGNOSTIC,45,380041,0,1050,205ed8ddc21a62ad0d96dd51d8a57480160541944d6c20fedd19ed96beaa743e,PREDICTIONS_FROZEN,False
200,TARGET_ASSISTED_LABELLED_TARGET_DIAGNOSTIC,45,380041,0,1050,f1e32779225f5333c13b3eadbd75d4c48037cff0f565c2b26ad452f22c0996cb,PREDICTIONS_FROZEN,False
500,TARGET_ASSISTED_LABELLED_TARGET_DIAGNOSTIC,45,380041,0,1050,bb5be45dae812c7e79036a761812ad25c94a2bee8cc79d1d9dcfba8ca37725ec,PREDICTIONS_FROZEN,False
7,TARGET_ASSISTED_LABELLED_TARGET_DIAGNOSTIC,45,405019,0,1050,179edf0ce121fca64e051871fb5b60f5f0c8bb5ad9cd8340cffabd761e79900a,PREDICTIONS_FROZEN,False
10,TARGET_ASSISTED_LABELLED_TARGET_DIAGNOSTIC,45,405019,0,1050,04dec9d0a3f2eaa2e408391a09ec00a191800a6e5745fb91cbc3040173d86894,PREDICTIONS_FROZEN,False
20,TARGET_ASSISTED_LABELLED_TARGET_DIAGNOSTIC,45,405019,0,1050,ee98b51c73facfc944698290d1598ac2d9f912a3b7266d442a2e06a0eb5301fd,PREDICTIONS_FROZEN,False
21,TARGET_ASSISTED_LABELLED_TARGET_DIAGNOSTIC,45,405019,0,1050,92b95a0144b0f10e0791ecb616f7146d81011597c1c68e129523f7c14e52bd6b,PREDICTIONS_FROZEN,False
35,TARGET_ASSISTED_LABELLED_TARGET_DIAGNOSTIC,45,405019,0,1050,bbc6b8515866c62cc5215ef9baf06461363e5c06ae72579a4f0150887958c0e8,PREDICTIONS_FROZEN,False
50,TARGET_ASSISTED_LABELLED_TARGET_DIAGNOSTIC,45,405019,0,1050,a6fbd5c90f6b7d9242b21d464f9475306f9785657864e9824fa4a61f0dcd0bf0,PREDICTIONS_FROZEN,False
100,TARGET_ASSISTED_LABELLED_TARGET_DIAGNOSTIC,45,405019,0,1050,ec06a86d81ddac42de6323f846ba89883f9065f45911e08efd8bcf0bb2a8007b,PREDICTIONS_FROZEN,False
200,TARGET_ASSISTED_LABELLED_TARGET_DIAGNOSTIC,45,405019,0,1050,3ca94a0eb833b2a3dfc5beef55a0814eaf5fb0b1a14f2207004012133bea55c4,PREDICTIONS_FROZEN,False
500,TARGET_ASSISTED_LABELLED_TARGET_DIAGNOSTIC,45,405019,0,1050,71f0ece248efc90eb1c68219784593f0bcbb6f5de9957f1ef4be51f37eeac684,PREDICTIONS_FROZEN,False
7,TARGET_ASSISTED_LABELLED_TARGET_DIAGNOSTIC,45,430007,0,1050,d4298719a9963017423bc0ad237a2fe2db1ee1ec59401a4c0cec8fbc68fdee52,PREDICTIONS_FROZEN,False
10,TARGET_ASSISTED_LABELLED_TARGET_DIAGNOSTIC,45,430007,0,1050,95188ce2aec94aca14b18a65c197f89ede796f1a8a042ef808b6ee895434b56d,PREDICTIONS_FROZEN,False
20,TARGET_ASSISTED_LABELLED_TARGET_DIAGNOSTIC,45,430007,0,1050,2f3fa229790f0009714b683441774961fbcb5d7d434b804579f42b07efba14a4,PREDICTIONS_FROZEN,False
21,TARGET_ASSISTED_LABELLED_TARGET_DIAGNOSTIC,45,430007,0,1050,3cf110d2d8f43a8b0ce91a6f5005b15332f501011565279c5595999ffd3d0591,PREDICTIONS_FROZEN,False
35,TARGET_ASSISTED_LABELLED_TARGET_DIAGNOSTIC,45,430007,0,1050,83e45ffa161ec97a16dc6f3207773c7392c78967a7769c9e4becc4bfb1644cf2,PREDICTIONS_FROZEN,False
50,TARGET_ASSISTED_LABELLED_TARGET_DIAGNOSTIC,45,430007,0,1050,23ce03656e219773403e77348557ee4336684ed116f9727e58fc58739258fd88,PREDICTIONS_FROZEN,False
100,TARGET_ASSISTED_LABELLED_TARGET_DIAGNOSTIC,45,430007,0,1050,28661a67d4dd5083769195c869c9a601ae80771465fc8bae7012f8d48ec5e48e,PREDICTIONS_FROZEN,False
200,TARGET_ASSISTED_LABELLED_TARGET_DIAGNOSTIC,45,430007,0,1050,eb4a8154ced6916d8df3456cf7c3b45875f2baeb3d5d5e25fbb773a8accf9f4e,PREDICTIONS_FROZEN,False
500,TARGET_ASSISTED_LABELLED_TARGET_DIAGNOSTIC,45,430007,0,1050,8c8ff19b3a44fd7ce51dafb7120e0c357baf309719d57ca91d8e03e3c8c3f83b,PREDICTIONS_FROZEN,False
7,TARGET_ASSISTED_LABELLED_TARGET_DIAGNOSTIC,45,455003,0,1050,864ff658007eec14fd355ce29685b8a7a7e062d4ace6afb968001a74b078d245,PREDICTIONS_FROZEN,False
10,TARGET_ASSISTED_LABELLED_TARGET_DIAGNOSTIC,45,455003,0,1050,0ec4df16c7052a864f231da7e6c65008152e7b902681a5519e3e5341f77f3cf3,PREDICTIONS_FROZEN,False
20,TARGET_ASSISTED_LABELLED_TARGET_DIAGNOSTIC,45,455003,0,1050,85a8f2ba1252744b085c1c7cd7852482ab25648424a36c43c4bfdf4622cb7d16,PREDICTIONS_FROZEN,False
21,TARGET_ASSISTED_LABELLED_TARGET_DIAGNOSTIC,45,455003,0,1050,79eb4bf943721dcb81bb6532542b588c5ff073542343bf285c863f76aadbab14,PREDICTIONS_FROZEN,False
35,TARGET_ASSISTED_LABELLED_TARGET_DIAGNOSTIC,45,455003,0,1050,08698db8dafe0d9fcda824a69bedd19ec3fc2d9b47569e1dcf875976907230aa,PREDICTIONS_FROZEN,False
50,TARGET_ASSISTED_LABELLED_TARGET_DIAGNOSTIC,45,455003,0,1050,adcefc76742feae18ca5364ff6974856d265d9d2959eb3c15c1ab03d5f1a21d4,PREDICTIONS_FROZEN,False
100,TARGET_ASSISTED_LABELLED_TARGET_DIAGNOSTIC,45,455003,0,1050,b6cb771ddd3c5da1beae390d8f877cfae90ab75a42eddcdd14fd818e76980c19,PREDICTIONS_FROZEN,False
200,TARGET_ASSISTED_LABELLED_TARGET_DIAGNOSTIC,45,455003,0,1050,57149e5d576adfae3e80398b488d5a3da5727073eb0a723ce164971485e738c7,PREDICTIONS_FROZEN,False
500,TARGET_ASSISTED_LABELLED_TARGET_DIAGNOSTIC,45,455003,0,1050,aead28141e80337b5d22fa2eb47cd2266501929dab729302e757597204dcab78,PREDICTIONS_FROZEN,False
7,TARGET_ASSISTED_LABELLED_TARGET_DIAGNOSTIC,45,480017,0,1050,6dd7abb98c76c051c09d8bc6cae53fe4a2a4c789516e82ea6f751bf57a0e1448,PREDICTIONS_FROZEN,False
10,TARGET_ASSISTED_LABELLED_TARGET_DIAGNOSTIC,45,480017,0,1050,db2b1f578561dd0b7cb146ac1edcbb2719484a5902e31627f7f1a4cb59707155,PREDICTIONS_FROZEN,False
20,TARGET_ASSISTED_LABELLED_TARGET_DIAGNOSTIC,45,480017,0,1050,bb93871dd1ff607a18e0947ea4480883b6bd5186ed4bc6fc88d5ae7283ec1f56,PREDICTIONS_FROZEN,False
21,TARGET_ASSISTED_LABELLED_TARGET_DIAGNOSTIC,45,480017,0,1050,8fc786b1c3e323ccd36845e67c9d9823a43e6e3d4caa1e86db7d8fe2995fe7d6,PREDICTIONS_FROZEN,False
35,TARGET_ASSISTED_LABELLED_TARGET_DIAGNOSTIC,45,480017,0,1050,575dd9e8a359c232db0cd6e63ed3a53c635ac6b67a04744e9d17f66f5478d03b,PREDICTIONS_FROZEN,False
50,TARGET_ASSISTED_LABELLED_TARGET_DIAGNOSTIC,45,480017,0,1050,6935cfa6a1c1420981bd9c4e368753ddfdb5a5376168cf3aa477df514f18981a,PREDICTIONS_FROZEN,False
100,TARGET_ASSISTED_LABELLED_TARGET_DIAGNOSTIC,45,480017,0,1050,dcef886a732d3d187317c09a423be0220dc8c07877e61fadf97e5fb259218971,PREDICTIONS_FROZEN,False
200,TARGET_ASSISTED_LABELLED_TARGET_DIAGNOSTIC,45,480017,0,1050,8dc4cd21a696ec1a9bbe6a24b6386fc75f909789bc75d94d4377b12f4bf273d6,PREDICTIONS_FROZEN,False
500,TARGET_ASSISTED_LABELLED_TARGET_DIAGNOSTIC,45,480017,0,1050,ebec7d9b124f4008f6bcd2fae6e28dbb1899aebbc768bc07b3fff7c97eefb0c2,PREDICTIONS_FROZEN,False
7,TARGET_ASSISTED_LABELLED_TARGET_DIAGNOSTIC,45,505027,0,1050,7b8cb92f90f0333637100e5c998c8105288d56af1225a0623b0a923832ff1cde,PREDICTIONS_FROZEN,False
10,TARGET_ASSISTED_LABELLED_TARGET_DIAGNOSTIC,45,505027,0,1050,878a681f2ed892cb09d33b569034db774b7e64fd35925cfdbd81741536b6d14f,PREDICTIONS_FROZEN,False
20,TARGET_ASSISTED_LABELLED_TARGET_DIAGNOSTIC,45,505027,0,1050,8d24e7fed7c0e6803a66375f460d83d96a58912daa7e55d299f0e9d29d26a94b,PREDICTIONS_FROZEN,False
21,TARGET_ASSISTED_LABELLED_TARGET_DIAGNOSTIC,45,505027,0,1050,8d24e7fed7c0e6803a66375f460d83d96a58912daa7e55d299f0e9d29d26a94b,PREDICTIONS_FROZEN,False
35,TARGET_ASSISTED_LABELLED_TARGET_DIAGNOSTIC,45,505027,0,1050,3515eb45b5ca527632250cdb9ccf66a16a407512a8c5866d4479719415ca962d,PREDICTIONS_FROZEN,False
50,TARGET_ASSISTED_LABELLED_TARGET_DIAGNOSTIC,45,505027,0,1050,cb0540c9d5ccc9710b5de4b581a9b895779727967c4c2dc09c3f8721bf3aa257,PREDICTIONS_FROZEN,False
100,TARGET_ASSISTED_LABELLED_TARGET_DIAGNOSTIC,45,505027,0,1050,289814c07ad9bd3a770cb61bfe36ea4a2c4d375209d3e6d9baca6064aa95f2d8,PREDICTIONS_FROZEN,False
200,TARGET_ASSISTED_LABELLED_TARGET_DIAGNOSTIC,45,505027,0,1050,45f111366b64a8e9c546b85755ba06eb5939e3032f3096c236cf32b15c85f2f7,PREDICTIONS_FROZEN,False
500,TARGET_ASSISTED_LABELLED_TARGET_DIAGNOSTIC,45,505027,0,1050,16e1ab379eec646ed7d64161d7572a7c820f1ae533c79229cfd9a9774e5fdefd,PREDICTIONS_FROZEN,False
7,TARGET_ASSISTED_LABELLED_TARGET_DIAGNOSTIC,45,530017,0,1050,1406b2b87272a43fa26fdfe8481b1ffe7e127bc1a2f2ebb83ea3f8139f6bd01e,PREDICTIONS_FROZEN,False
10,TARGET_ASSISTED_LABELLED_TARGET_DIAGNOSTIC,45,530017,0,1050,45bd25f936b38d66e9366690d064b3477f84d48639138807552caabc2f496d65,PREDICTIONS_FROZEN,False
20,TARGET_ASSISTED_LABELLED_TARGET_DIAGNOSTIC,45,530017,0,1050,7277fff7ce86c90796c7f1ed2dce886ec974db85ed7c87717828520cd0f06a70,PREDICTIONS_FROZEN,False
21,TARGET_ASSISTED_LABELLED_TARGET_DIAGNOSTIC,45,530017,0,1050,c08a2371eb757a575cd5f197a1a229cb841d595d702907442b26e8d54d39327b,PREDICTIONS_FROZEN,False
35,TARGET_ASSISTED_LABELLED_TARGET_DIAGNOSTIC,45,530017,0,1050,1c571611e5638d425562ed6ae09dcc6cc5646734e18a4b9596b19831b652bdc5,PREDICTIONS_FROZEN,False
50,TARGET_ASSISTED_LABELLED_TARGET_DIAGNOSTIC,45,530017,0,1050,558d7d31b1b92a7c0a1752ceb795902dc5c567df6a23f4a63d97843aecd1a57a,PREDICTIONS_FROZEN,False
100,TARGET_ASSISTED_LABELLED_TARGET_DIAGNOSTIC,45,530017,0,1050,f16ef14a4f7a34f40055f2070084f745cc307eb53b62da0e0dd9d2ee8d822705,PREDICTIONS_FROZEN,False
200,TARGET_ASSISTED_LABELLED_TARGET_DIAGNOSTIC,45,530017,0,1050,0c6e47e3f1463a3eb4494662fee51ec3de229378bfc9feb0f98391e71e227f75,PREDICTIONS_FROZEN,False
500,TARGET_ASSISTED_LABELLED_TARGET_DIAGNOSTIC,45,530017,0,1050,0c6e47e3f1463a3eb4494662fee51ec3de229378bfc9feb0f98391e71e227f75,PREDICTIONS_FROZEN,False
7,TARGET_ASSISTED_LABELLED_TARGET_DIAGNOSTIC,45,555029,0,1050,5303399178bd1fcef70da95634830b71e034639a6caca8b851d3265660b11837,PREDICTIONS_FROZEN,False
10,TARGET_ASSISTED_LABELLED_TARGET_DIAGNOSTIC,45,555029,0,1050,1b265fd5fb543c9a72b9c775b259f50d18f9321a2303d3f51272bcd9efece908,PREDICTIONS_FROZEN,False
20,TARGET_ASSISTED_LABELLED_TARGET_DIAGNOSTIC,45,555029,0,1050,858d926e26ebdd8d5ee8046ec55210657bd0ed50a738a978fe2d5fd1c8b2c098,PREDICTIONS_FROZEN,False
21,TARGET_ASSISTED_LABELLED_TARGET_DIAGNOSTIC,45,555029,0,1050,823c8703ac74930e6bb1e5f3c517903b18044dd988aa181b95a33b9a28b76505,PREDICTIONS_FROZEN,False
35,TARGET_ASSISTED_LABELLED_TARGET_DIAGNOSTIC,45,555029,0,1050,df654440a7875261adec398aa36abd1c0f551ece6d9774dda29c9143951a8a7e,PREDICTIONS_FROZEN,False
50,TARGET_ASSISTED_LABELLED_TARGET_DIAGNOSTIC,45,555029,0,1050,6ebbdf64265f10ccc5c0a812a16a5f671cdfd34ed9a5513ec7a0fd81c063fcc7,PREDICTIONS_FROZEN,False
100,TARGET_ASSISTED_LABELLED_TARGET_DIAGNOSTIC,45,555029,0,1050,d86bc1b7a57dc1ecf6c5896e2744898925f59feb7e223b3ae070de306749b516,PREDICTIONS_FROZEN,False
200,TARGET_ASSISTED_LABELLED_TARGET_DIAGNOSTIC,45,555029,0,1050,32df2255c99a4b83b214fcc952649be5fd8e6c77404f4ebd841d900b7cfdf433,PREDICTIONS_FROZEN,False
500,TARGET_ASSISTED_LABELLED_TARGET_DIAGNOSTIC,45,555029,0,1050,782cb5d0e23a615676f2290166f74fcfef9a67994b9486ad34ee38f1403b5d23,PREDICTIONS_FROZEN,False
7,TARGET_ASSISTED_LABELLED_TARGET_DIAGNOSTIC,45,580031,0,1050,77b324d1d4e5ff88948743902b8884971ac333153e081971e02b5b72a5abb692,PREDICTIONS_FROZEN,False
10,TARGET_ASSISTED_LABELLED_TARGET_DIAGNOSTIC,45,580031,0,1050,5d86515848df53770264a0152360b271f01f7124685d28406ce98ccf68783007,PREDICTIONS_FROZEN,False
20,TARGET_ASSISTED_LABELLED_TARGET_DIAGNOSTIC,45,580031,0,1050,31643ad73c3756ed22aed691bc404d70d255d6ce421e0e4d4e2ad641c2701c0e,PREDICTIONS_FROZEN,False
21,TARGET_ASSISTED_LABELLED_TARGET_DIAGNOSTIC,45,580031,0,1050,c42b847a4d7514027bd6af9808214e3974e9b84726e164bb0504bf24bf2440c6,PREDICTIONS_FROZEN,False
35,TARGET_ASSISTED_LABELLED_TARGET_DIAGNOSTIC,45,580031,0,1050,51fb8eb46834d78776ddb3721d815198d4a87e9d5f3cd8f716073723ce814521,PREDICTIONS_FROZEN,False
50,TARGET_ASSISTED_LABELLED_TARGET_DIAGNOSTIC,45,580031,0,1050,92e41865bdec02aa60039199b8c00355db75feaf8ee736ebebdfa1773d46e2b2,PREDICTIONS_FROZEN,False
100,TARGET_ASSISTED_LABELLED_TARGET_DIAGNOSTIC,45,580031,0,1050,b2bf63f044b811efee90f3c3ec4fad490394b57862c9a5344cea51726e3f6836,PREDICTIONS_FROZEN,False
200,TARGET_ASSISTED_LABELLED_TARGET_DIAGNOSTIC,45,580031,0,1050,4ec13284a38bcf584751ff1dc8a2d2e2bce35e141103efeb61f48cdda953fb62,PREDICTIONS_FROZEN,False
500,TARGET_ASSISTED_LABELLED_TARGET_DIAGNOSTIC,45,580031,0,1050,f598a8d2041bfd84b5c71eabd598304aefb20406f2001b86cf223050427e32e5,PREDICTIONS_FROZEN,False
0,STRICT_SOURCE_ONLY_DG,45,,1,1050,d6df1606d943fe2741382580c944c7ebbe1ccb54ecc0e1527fdc441c3ff1ceb4,PREDICTIONS_FROZEN,False
7,TARGET_ASSISTED_LABELLED_TARGET_DIAGNOSTIC,45,104729,1,1050,ac89fc3f0a82ab041e81738532b6bde5a60784f505f8ffa38a6f8a819a62e90a,PREDICTIONS_FROZEN,False
10,TARGET_ASSISTED_LABELLED_TARGET_DIAGNOSTIC,45,104729,1,1050,1a074c0e7b9581ff05835b3de47d56098c53ce774ddc1a2dc48be0f0219d1074,PREDICTIONS_FROZEN,False
20,TARGET_ASSISTED_LABELLED_TARGET_DIAGNOSTIC,45,104729,1,1050,f35ab88755e47726239a045cf5dec2ad3e4ff1289f7e30f3c0372ff27558f8c7,PREDICTIONS_FROZEN,False
21,TARGET_ASSISTED_LABELLED_TARGET_DIAGNOSTIC,45,104729,1,1050,2952365a77e3e659f961025af42feff23e4dcf8d099a3cae0f81867be670f3db,PREDICTIONS_FROZEN,False
35,TARGET_ASSISTED_LABELLED_TARGET_DIAGNOSTIC,45,104729,1,1050,8a6c3829455eccbb3bd2b84d6cdb63e851655cdb5409cc4496cacb1e0c5ad584,PREDICTIONS_FROZEN,False
50,TARGET_ASSISTED_LABELLED_TARGET_DIAGNOSTIC,45,104729,1,1050,048bb2705756ee57e13d5c2926e2b552f8569f9e0b4ac6444c250c9cc5f19f45,PREDICTIONS_FROZEN,False
100,TARGET_ASSISTED_LABELLED_TARGET_DIAGNOSTIC,45,104729,1,1050,00d444129d1da9c515b65e52ed37acb0e2bf2b53f168383fe4e800a0cb215d1b,PREDICTIONS_FROZEN,False
200,TARGET_ASSISTED_LABELLED_TARGET_DIAGNOSTIC,45,104729,1,1050,a7155bae8182f79bb92c57c6e3fd4ec62b46486dd2bdf573962b06cd2eb14c0c,PREDICTIONS_FROZEN,False
500,TARGET_ASSISTED_LABELLED_TARGET_DIAGNOSTIC,45,104729,1,1050,2516e2307ee365d3add76fa0e9b7e4f9d2371a0699f1db2037474dcf7c5f6e6f,PREDICTIONS_FROZEN,False
7,TARGET_ASSISTED_LABELLED_TARGET_DIAGNOSTIC,45,130363,1,1050,e0e1c20957d87f9652df61a90cac5026c98a9ac818c85d133140dc4a3fb60bbd,PREDICTIONS_FROZEN,False
10,TARGET_ASSISTED_LABELLED_TARGET_DIAGNOSTIC,45,130363,1,1050,7e7d1705e07e67d11b92a7b7478fda723b55816d373194bacb9fbdf8f1756286,PREDICTIONS_FROZEN,False
20,TARGET_ASSISTED_LABELLED_TARGET_DIAGNOSTIC,45,130363,1,1050,c71c7c80b8f48e5a251c7dea47aea80ac3d6b355fa23caf85089d9855e087073,PREDICTIONS_FROZEN,False
21,TARGET_ASSISTED_LABELLED_TARGET_DIAGNOSTIC,45,130363,1,1050,c634e9a98b2a5401c419286c0b97d59754e65a7ac48169f6ee449e1c4772b3bb,PREDICTIONS_FROZEN,False
35,TARGET_ASSISTED_LABELLED_TARGET_DIAGNOSTIC,45,130363,1,1050,0290e85bcb16e980275d74d7305d08af6a5c104426624d098767d7b135e07907,PREDICTIONS_FROZEN,False
50,TARGET_ASSISTED_LABELLED_TARGET_DIAGNOSTIC,45,130363,1,1050,708925f508700d1d11c4db45d9aeedf27e813b36c5f3f31cdb5d7e4e38489ab1,PREDICTIONS_FROZEN,False
100,TARGET_ASSISTED_LABELLED_TARGET_DIAGNOSTIC,45,130363,1,1050,0953c4517c74aa389c00ab40c022cd7f833554c0aa62ea3fd60eb63b3597b612,PREDICTIONS_FROZEN,False
200,TARGET_ASSISTED_LABELLED_TARGET_DIAGNOSTIC,45,130363,1,1050,3a4c09cef714b0bdd5b3f329bf0f045ec34fee58d9dd9802b5fc1bb26d618074,PREDICTIONS_FROZEN,False
500,TARGET_ASSISTED_LABELLED_TARGET_DIAGNOSTIC,45,130363,1,1050,3a4c09cef714b0bdd5b3f329bf0f045ec34fee58d9dd9802b5fc1bb26d618074,PREDICTIONS_FROZEN,False
7,TARGET_ASSISTED_LABELLED_TARGET_DIAGNOSTIC,45,155921,1,1050,7110d9b7550b03cb690ba4c0f3aae9992e7ce2219e8c1e3225b8411fc41a6116,PREDICTIONS_FROZEN,False
10,TARGET_ASSISTED_LABELLED_TARGET_DIAGNOSTIC,45,155921,1,1050,9d0a90a7ebfdbeea7a5d68f26e1ce93a9923b16caad0491db448079f186c603f,PREDICTIONS_FROZEN,False
20,TARGET_ASSISTED_LABELLED_TARGET_DIAGNOSTIC,45,155921,1,1050,07996ca75aa89ef92968b40b132578ace571dea7a02d9e4bc6f63feb55e4c267,PREDICTIONS_FROZEN,False
21,TARGET_ASSISTED_LABELLED_TARGET_DIAGNOSTIC,45,155921,1,1050,2a9bd7fe8d6507ee9007ec4769c9cd0186b88dc5c137a7029594f3e31ba82d1f,PREDICTIONS_FROZEN,False
35,TARGET_ASSISTED_LABELLED_TARGET_DIAGNOSTIC,45,155921,1,1050,b75e6c9942cb08e3b86162bb039650748b4b7f7ab4a81045ab6793975d7ab139,PREDICTIONS_FROZEN,False
50,TARGET_ASSISTED_LABELLED_TARGET_DIAGNOSTIC,45,155921,1,1050,9e167d2f4d629161e0b5dfa5ff5fc596592df70ad2ed01f1f3c1ea7bd64d2248,PREDICTIONS_FROZEN,False
100,TARGET_ASSISTED_LABELLED_TARGET_DIAGNOSTIC,45,155921,1,1050,1b1da86e8aa38d22aacfca34575122a5bd1311d3dd5b5a8c307aaba0bac1a0df,PREDICTIONS_FROZEN,False
200,TARGET_ASSISTED_LABELLED_TARGET_DIAGNOSTIC,45,155921,1,1050,5ee348a3cd11642a39a30eeb6c77fb7a9607eb9b8e253cb0d825020a9e55ca95,PREDICTIONS_FROZEN,False
500,TARGET_ASSISTED_LABELLED_TARGET_DIAGNOSTIC,45,155921,1,1050,14756cfdfdfacf23fd59fd1629f846bce226886367b61ee0abd8d9214966d78f,PREDICTIONS_FROZEN,False
7,TARGET_ASSISTED_LABELLED_TARGET_DIAGNOSTIC,45,181081,1,1050,d73bd62a2340e1f6b2cc244da5938dfb4bd9d5ec21740fc4e7e79d9ada514ea9,PREDICTIONS_FROZEN,False
10,TARGET_ASSISTED_LABELLED_TARGET_DIAGNOSTIC,45,181081,1,1050,1aec20c5d1c84f4fecb80b373e4af313aad229549ac790c060ba135ef0dd7f01,PREDICTIONS_FROZEN,False
20,TARGET_ASSISTED_LABELLED_TARGET_DIAGNOSTIC,45,181081,1,1050,afbcf1cd8ce392da912edd0a684bdd8874336e939c62d9a5f04f7dbc1da15e9a,PREDICTIONS_FROZEN,False
21,TARGET_ASSISTED_LABELLED_TARGET_DIAGNOSTIC,45,181081,1,1050,b10c92acc5434996472518a81a452e2d4ee3f7a3b770d81fbb525ed13fd7203a,PREDICTIONS_FROZEN,False
35,TARGET_ASSISTED_LABELLED_TARGET_DIAGNOSTIC,45,181081,1,1050,891381f272a352ecc0f57eb4d2404a75d0850df2048b28f3b6fa254c059f6c49,PREDICTIONS_FROZEN,False
50,TARGET_ASSISTED_LABELLED_TARGET_DIAGNOSTIC,45,181081,1,1050,8b8a2e811c4e629ad8704d88c7bac96d0fb2d8124d097190bb484f111083c298,PREDICTIONS_FROZEN,False
100,TARGET_ASSISTED_LABELLED_TARGET_DIAGNOSTIC,45,181081,1,1050,009ee84c2c7c5ca7c6ef2d5344e2e9d6a83732e8533aa3c37a51755a851af426,PREDICTIONS_FROZEN,False
200,TARGET_ASSISTED_LABELLED_TARGET_DIAGNOSTIC,45,181081,1,1050,3a4c09cef714b0bdd5b3f329bf0f045ec34fee58d9dd9802b5fc1bb26d618074,PREDICTIONS_FROZEN,False
500,TARGET_ASSISTED_LABELLED_TARGET_DIAGNOSTIC,45,181081,1,1050,dfbf171294925c2a0ce8de6790d0725d1e31cfc1a84acd53cc27e268cc0f2249,PREDICTIONS_FROZEN,False
7,TARGET_ASSISTED_LABELLED_TARGET_DIAGNOSTIC,45,205439,1,1050,051af4b436530b51e4298c2f01711b9594646efd54898b3d2e429cdf7f90e643,PREDICTIONS_FROZEN,False
10,TARGET_ASSISTED_LABELLED_TARGET_DIAGNOSTIC,45,205439,1,1050,e861b0f752097b34fe6b251db15decc38f1f7a032f16f02a0881979253b54d1b,PREDICTIONS_FROZEN,False
20,TARGET_ASSISTED_LABELLED_TARGET_DIAGNOSTIC,45,205439,1,1050,a9c62e2391caf5b680d62b7181cbb5745e68d6683dfa4eb544e8cdb16bc92763,PREDICTIONS_FROZEN,False
21,TARGET_ASSISTED_LABELLED_TARGET_DIAGNOSTIC,45,205439,1,1050,27bb2bffce08439bf0c4e2d1af41a1b06af540b112241fee5852d2d4d17f084c,PREDICTIONS_FROZEN,False
35,TARGET_ASSISTED_LABELLED_TARGET_DIAGNOSTIC,45,205439,1,1050,f781a0c312ff077bc6bf9de62402acd4798d40fd68c52859094b50947498f88c,PREDICTIONS_FROZEN,False
50,TARGET_ASSISTED_LABELLED_TARGET_DIAGNOSTIC,45,205439,1,1050,a5b20ed61619fdd415c9765d13517ec3d4829323eb5a68134376b8e889011950,PREDICTIONS_FROZEN,False
100,TARGET_ASSISTED_LABELLED_TARGET_DIAGNOSTIC,45,205439,1,1050,9ad50f3f45e4cd26d31b8be1a8fc74c0d532654da88705abb3dd43572541828e,PREDICTIONS_FROZEN,False
200,TARGET_ASSISTED_LABELLED_TARGET_DIAGNOSTIC,45,205439,1,1050,4e84015fed6bc816146f6b91a476e9c1a3cb37cc2340726fac5daef180fa7db1,PREDICTIONS_FROZEN,False
500,TARGET_ASSISTED_LABELLED_TARGET_DIAGNOSTIC,45,205439,1,1050,2516e2307ee365d3add76fa0e9b7e4f9d2371a0699f1db2037474dcf7c5f6e6f,PREDICTIONS_FROZEN,False
7,TARGET_ASSISTED_LABELLED_TARGET_DIAGNOSTIC,45,230003,1,1050,b86b463ab580893060e81e8361ec46444f658aa66cbf6474677c1e8c6dda338b,PREDICTIONS_FROZEN,False
10,TARGET_ASSISTED_LABELLED_TARGET_DIAGNOSTIC,45,230003,1,1050,465bc8287e0647799df80b4b4de40a79705989f37430a1501568cc583ca466b4,PREDICTIONS_FROZEN,False
20,TARGET_ASSISTED_LABELLED_TARGET_DIAGNOSTIC,45,230003,1,1050,3b555c487b05201c7ca60186898c11a9828f264a5c7c11eb71dee0fcc506168c,PREDICTIONS_FROZEN,False
21,TARGET_ASSISTED_LABELLED_TARGET_DIAGNOSTIC,45,230003,1,1050,5b1aa4664bf6e5212d9f6ccd17d0aca74e89e96d8886be910de7a3ccf5e40642,PREDICTIONS_FROZEN,False
35,TARGET_ASSISTED_LABELLED_TARGET_DIAGNOSTIC,45,230003,1,1050,b10778ca86d1662f3b71016b959148f1114f272b23bf36097396c6424661ecaa,PREDICTIONS_FROZEN,False
50,TARGET_ASSISTED_LABELLED_TARGET_DIAGNOSTIC,45,230003,1,1050,4e84015fed6bc816146f6b91a476e9c1a3cb37cc2340726fac5daef180fa7db1,PREDICTIONS_FROZEN,False
100,TARGET_ASSISTED_LABELLED_TARGET_DIAGNOSTIC,45,230003,1,1050,723a3745454786b61f097cbca290865e703f0754eff32792c461ef35cd514ceb,PREDICTIONS_FROZEN,False
200,TARGET_ASSISTED_LABELLED_TARGET_DIAGNOSTIC,45,230003,1,1050,5375c95d7a8f0d7b44c51602439592fc99866e2d63b44c91e55502ade84902ff,PREDICTIONS_FROZEN,False
500,TARGET_ASSISTED_LABELLED_TARGET_DIAGNOSTIC,45,230003,1,1050,2516e2307ee365d3add76fa0e9b7e4f9d2371a0699f1db2037474dcf7c5f6e6f,PREDICTIONS_FROZEN,False
7,TARGET_ASSISTED_LABELLED_TARGET_DIAGNOSTIC,45,254959,1,1050,36b448e66b6dd176766b675b868cd64e9aded646407213ba9f5b9a5e51aaed31,PREDICTIONS_FROZEN,False
10,TARGET_ASSISTED_LABELLED_TARGET_DIAGNOSTIC,45,254959,1,1050,5c3d35152612c147df09d320538ea2398036cb718b8d3861807b2618ebd98d73,PREDICTIONS_FROZEN,False
20,TARGET_ASSISTED_LABELLED_TARGET_DIAGNOSTIC,45,254959,1,1050,f04d16ee95c44224b4fad7126ffd9a6b46071b028c92132051de438993a34f3c,PREDICTIONS_FROZEN,False
21,TARGET_ASSISTED_LABELLED_TARGET_DIAGNOSTIC,45,254959,1,1050,2a9bd7fe8d6507ee9007ec4769c9cd0186b88dc5c137a7029594f3e31ba82d1f,PREDICTIONS_FROZEN,False
35,TARGET_ASSISTED_LABELLED_TARGET_DIAGNOSTIC,45,254959,1,1050,766d2f075c0954523582579c61dc3fe41e84df029a28a029140adaba603cf3cd,PREDICTIONS_FROZEN,False
50,TARGET_ASSISTED_LABELLED_TARGET_DIAGNOSTIC,45,254959,1,1050,52cfe0d9b19f34859e03c4667949398ed989f3e097abcdf0b8495bda94517e52,PREDICTIONS_FROZEN,False
100,TARGET_ASSISTED_LABELLED_TARGET_DIAGNOSTIC,45,254959,1,1050,da6ff784b7fa4479388a08bcba31e20e74da0ca190e1a41447c5958eaafbf1c4,PREDICTIONS_FROZEN,False
200,TARGET_ASSISTED_LABELLED_TARGET_DIAGNOSTIC,45,254959,1,1050,46f8ea208cf989dca3e94eced85e3611a1cbd99b5ac713fd5605511b740c9c39,PREDICTIONS_FROZEN,False
500,TARGET_ASSISTED_LABELLED_TARGET_DIAGNOSTIC,45,254959,1,1050,2516e2307ee365d3add76fa0e9b7e4f9d2371a0699f1db2037474dcf7c5f6e6f,PREDICTIONS_FROZEN,False
7,TARGET_ASSISTED_LABELLED_TARGET_DIAGNOSTIC,45,280001,1,1050,f6fc3784fc70c72cf36a38e3ba60eb1c4525e1d62d59087b22cd859e75890a76,PREDICTIONS_FROZEN,False
10,TARGET_ASSISTED_LABELLED_TARGET_DIAGNOSTIC,45,280001,1,1050,7a6274ac2eec7e2b1ed6b0b1161b9d2f337b893b53a2f405e28becce98f80bf5,PREDICTIONS_FROZEN,False
20,TARGET_ASSISTED_LABELLED_TARGET_DIAGNOSTIC,45,280001,1,1050,a2b8f2553f9d9d1f171aa20a1886c419118f928adad3d8addcfea3e41d55ade3,PREDICTIONS_FROZEN,False
21,TARGET_ASSISTED_LABELLED_TARGET_DIAGNOSTIC,45,280001,1,1050,165bb7cc6dfe4b7a86143a3bf7724b80e6b604cd9cb213fc65391956d157d64c,PREDICTIONS_FROZEN,False
35,TARGET_ASSISTED_LABELLED_TARGET_DIAGNOSTIC,45,280001,1,1050,44e9470cd31664e86dd1392a0fdaf577029114770352646551099ae7a308a58e,PREDICTIONS_FROZEN,False
50,TARGET_ASSISTED_LABELLED_TARGET_DIAGNOSTIC,45,280001,1,1050,3587cb2e14930ab247fa82e846cc96e96af3b9b60798d22f9ca9dd4a9836b2ca,PREDICTIONS_FROZEN,False
100,TARGET_ASSISTED_LABELLED_TARGET_DIAGNOSTIC,45,280001,1,1050,a7155bae8182f79bb92c57c6e3fd4ec62b46486dd2bdf573962b06cd2eb14c0c,PREDICTIONS_FROZEN,False
200,TARGET_ASSISTED_LABELLED_TARGET_DIAGNOSTIC,45,280001,1,1050,2516e2307ee365d3add76fa0e9b7e4f9d2371a0699f1db2037474dcf7c5f6e6f,PREDICTIONS_FROZEN,False
500,TARGET_ASSISTED_LABELLED_TARGET_DIAGNOSTIC,45,280001,1,1050,a7155bae8182f79bb92c57c6e3fd4ec62b46486dd2bdf573962b06cd2eb14c0c,PREDICTIONS_FROZEN,False
7,TARGET_ASSISTED_LABELLED_TARGET_DIAGNOSTIC,45,305093,1,1050,253a7a0dd63a4ff020f51b410ebc724a4abc0db7f9cd0d8b38fc8784b896f31c,PREDICTIONS_FROZEN,False
10,TARGET_ASSISTED_LABELLED_TARGET_DIAGNOSTIC,45,305093,1,1050,8853ec8221a53d48a0ef9df350ffbc44cdd955597871180178aa45d036f5562a,PREDICTIONS_FROZEN,False
20,TARGET_ASSISTED_LABELLED_TARGET_DIAGNOSTIC,45,305093,1,1050,bc59819553b5959809e5728adc46b2dd7c7609bbd2bccb823f216c2271c64629,PREDICTIONS_FROZEN,False
21,TARGET_ASSISTED_LABELLED_TARGET_DIAGNOSTIC,45,305093,1,1050,fe59654782f1b58d2f8ac3fe4ca1ab85add79584acbe644967499b52483004d9,PREDICTIONS_FROZEN,False
35,TARGET_ASSISTED_LABELLED_TARGET_DIAGNOSTIC,45,305093,1,1050,cc847b5f21bbe1b0e6d1e3d4486e1b2eda3fdaaaa2142b1b5d1d369626431174,PREDICTIONS_FROZEN,False
50,TARGET_ASSISTED_LABELLED_TARGET_DIAGNOSTIC,45,305093,1,1050,33851934fba7281f0b85c68f9417cdca6cbab9baf91c75b9a9333b07292f1477,PREDICTIONS_FROZEN,False
100,TARGET_ASSISTED_LABELLED_TARGET_DIAGNOSTIC,45,305093,1,1050,ab911220e662cf676469b8b7ece13b75a8e8bbda7d3e84d6f3d31837a4c36dd2,PREDICTIONS_FROZEN,False
200,TARGET_ASSISTED_LABELLED_TARGET_DIAGNOSTIC,45,305093,1,1050,5375c95d7a8f0d7b44c51602439592fc99866e2d63b44c91e55502ade84902ff,PREDICTIONS_FROZEN,False
500,TARGET_ASSISTED_LABELLED_TARGET_DIAGNOSTIC,45,305093,1,1050,a7155bae8182f79bb92c57c6e3fd4ec62b46486dd2bdf573962b06cd2eb14c0c,PREDICTIONS_FROZEN,False
7,TARGET_ASSISTED_LABELLED_TARGET_DIAGNOSTIC,45,330017,1,1050,3ec76037e531ea3fdb334d304ba77ed9b88a8b2a281357e94fb7690756cf9900,PREDICTIONS_FROZEN,False
10,TARGET_ASSISTED_LABELLED_TARGET_DIAGNOSTIC,45,330017,1,1050,f181357cd60a3949b4a4303b2ce61c2b8cb7dbf6b9946c50adae06048353bf94,PREDICTIONS_FROZEN,False
20,TARGET_ASSISTED_LABELLED_TARGET_DIAGNOSTIC,45,330017,1,1050,37e40ed231d787d0c51835be2f629078049165be8e6dd840569ba76f49985d40,PREDICTIONS_FROZEN,False
21,TARGET_ASSISTED_LABELLED_TARGET_DIAGNOSTIC,45,330017,1,1050,bfd6ebcce7e38bf5471cfc89349954ee49efe9b868519fbf0367edc1be6e734d,PREDICTIONS_FROZEN,False
35,TARGET_ASSISTED_LABELLED_TARGET_DIAGNOSTIC,45,330017,1,1050,d2d69854605ffaeb87b51517ed5b07a8eda63220c7fcec9f170e8ee5aa8c7476,PREDICTIONS_FROZEN,False
50,TARGET_ASSISTED_LABELLED_TARGET_DIAGNOSTIC,45,330017,1,1050,e0e2cec863b0aca6d5c0e1aa740f3cdab39517af7dbdb497e531f8dd423a6fc0,PREDICTIONS_FROZEN,False
100,TARGET_ASSISTED_LABELLED_TARGET_DIAGNOSTIC,45,330017,1,1050,c4c5bb027166f7df21014671dcb3a0cafb85620243660e0f5ba70042c853eb62,PREDICTIONS_FROZEN,False
200,TARGET_ASSISTED_LABELLED_TARGET_DIAGNOSTIC,45,330017,1,1050,3587cb2e14930ab247fa82e846cc96e96af3b9b60798d22f9ca9dd4a9836b2ca,PREDICTIONS_FROZEN,False
500,TARGET_ASSISTED_LABELLED_TARGET_DIAGNOSTIC,45,330017,1,1050,2516e2307ee365d3add76fa0e9b7e4f9d2371a0699f1db2037474dcf7c5f6e6f,PREDICTIONS_FROZEN,False
7,TARGET_ASSISTED_LABELLED_TARGET_DIAGNOSTIC,45,355031,1,1050,5052743cf8b03b8c4f57ae8eb7bfc5a07f1ca883b05811a23ee53960e7296beb,PREDICTIONS_FROZEN,False
10,TARGET_ASSISTED_LABELLED_TARGET_DIAGNOSTIC,45,355031,1,1050,7020b65f1cd86f4d142ccfa873be6d85a20e06e1a1f87798cf97bec6e0cc28df,PREDICTIONS_FROZEN,False
20,TARGET_ASSISTED_LABELLED_TARGET_DIAGNOSTIC,45,355031,1,1050,72f0f27f8e81856f4c2a4985b0aed5bd321329e964b7db2378e55954d41aed93,PREDICTIONS_FROZEN,False
21,TARGET_ASSISTED_LABELLED_TARGET_DIAGNOSTIC,45,355031,1,1050,7861fcc8df709b15df945ee915946ea7784843a0c39f11a7c9c360d66390f3de,PREDICTIONS_FROZEN,False
35,TARGET_ASSISTED_LABELLED_TARGET_DIAGNOSTIC,45,355031,1,1050,4234bdff36427576c38ecb44701e45fc3a7da2ff39b7f221201c928bbe537482,PREDICTIONS_FROZEN,False
50,TARGET_ASSISTED_LABELLED_TARGET_DIAGNOSTIC,45,355031,1,1050,4a19e06ae1aec380c513c468ff8b2fac8a1fcb9a4815a63172568d4e113208e4,PREDICTIONS_FROZEN,False
100,TARGET_ASSISTED_LABELLED_TARGET_DIAGNOSTIC,45,355031,1,1050,3a4c09cef714b0bdd5b3f329bf0f045ec34fee58d9dd9802b5fc1bb26d618074,PREDICTIONS_FROZEN,False
200,TARGET_ASSISTED_LABELLED_TARGET_DIAGNOSTIC,45,355031,1,1050,a7155bae8182f79bb92c57c6e3fd4ec62b46486dd2bdf573962b06cd2eb14c0c,PREDICTIONS_FROZEN,False
500,TARGET_ASSISTED_LABELLED_TARGET_DIAGNOSTIC,45,355031,1,1050,2516e2307ee365d3add76fa0e9b7e4f9d2371a0699f1db2037474dcf7c5f6e6f,PREDICTIONS_FROZEN,False
7,TARGET_ASSISTED_LABELLED_TARGET_DIAGNOSTIC,45,380041,1,1050,99fa7b34339be47600a4ac9594cf72f9615097e929de3cb4ba457eedac50a3ba,PREDICTIONS_FROZEN,False
10,TARGET_ASSISTED_LABELLED_TARGET_DIAGNOSTIC,45,380041,1,1050,82b48e7087c132e03c186b103be807ac493b6cf742cd2bb392e08356cd9341b5,PREDICTIONS_FROZEN,False
20,TARGET_ASSISTED_LABELLED_TARGET_DIAGNOSTIC,45,380041,1,1050,674b8ecabeb760dd17d96ed37b0a69f587c3eab0ee8d54f4c87162787423778c,PREDICTIONS_FROZEN,False
21,TARGET_ASSISTED_LABELLED_TARGET_DIAGNOSTIC,45,380041,1,1050,740b8ac562d9ac7948a07a6bfcb8a4c7982376d4aa5d4d6a1a8e1ab31d33cc27,PREDICTIONS_FROZEN,False
35,TARGET_ASSISTED_LABELLED_TARGET_DIAGNOSTIC,45,380041,1,1050,bacf319a0266b8fe47bbd98d6ca653bde6b8fb66b4226f67c6936b97975a4a23,PREDICTIONS_FROZEN,False
50,TARGET_ASSISTED_LABELLED_TARGET_DIAGNOSTIC,45,380041,1,1050,7ab53386edddbd7b645c2879cd2942768e7b4da76aea76bfb46e484d95dc114a,PREDICTIONS_FROZEN,False
100,TARGET_ASSISTED_LABELLED_TARGET_DIAGNOSTIC,45,380041,1,1050,2516e2307ee365d3add76fa0e9b7e4f9d2371a0699f1db2037474dcf7c5f6e6f,PREDICTIONS_FROZEN,False
200,TARGET_ASSISTED_LABELLED_TARGET_DIAGNOSTIC,45,380041,1,1050,215250b52acfca78737a2b62bab6db93872ea98828f6ea30a9bb8a27788b15e1,PREDICTIONS_FROZEN,False
500,TARGET_ASSISTED_LABELLED_TARGET_DIAGNOSTIC,45,380041,1,1050,2516e2307ee365d3add76fa0e9b7e4f9d2371a0699f1db2037474dcf7c5f6e6f,PREDICTIONS_FROZEN,False
7,TARGET_ASSISTED_LABELLED_TARGET_DIAGNOSTIC,45,405019,1,1050,9aa6bbbc5cc383803403f06f064900d048b20f974ecfe94b4343aeaa45a8c538,PREDICTIONS_FROZEN,False
10,TARGET_ASSISTED_LABELLED_TARGET_DIAGNOSTIC,45,405019,1,1050,ab7c43253c5eec06f0080f138f6ca4629af935e274d357bfca9487c7cfd6370a,PREDICTIONS_FROZEN,False
20,TARGET_ASSISTED_LABELLED_TARGET_DIAGNOSTIC,45,405019,1,1050,14d33f161e125fee948137341b9007dbbc39d9e6b8f8a5559ec2803de4c7d1ef,PREDICTIONS_FROZEN,False
21,TARGET_ASSISTED_LABELLED_TARGET_DIAGNOSTIC,45,405019,1,1050,b1728d38427c92dc0e7fda911bd5c9808e4523b65545b2b8f56bcd1a8cb87e40,PREDICTIONS_FROZEN,False
35,TARGET_ASSISTED_LABELLED_TARGET_DIAGNOSTIC,45,405019,1,1050,02101229277babe5a198fdd9e380c75c751afd7919d00855632ff4f3bd7e30e3,PREDICTIONS_FROZEN,False
50,TARGET_ASSISTED_LABELLED_TARGET_DIAGNOSTIC,45,405019,1,1050,3df20f50ff958ac74fdb690963ea6f4ef8c85d114e3cc6eefb9a83dbc8ea7383,PREDICTIONS_FROZEN,False
100,TARGET_ASSISTED_LABELLED_TARGET_DIAGNOSTIC,45,405019,1,1050,ab6fbe33265cfe3dd1e1ae60e69cc1e7cfd03af69783345a1d1a1efd1a1ea27d,PREDICTIONS_FROZEN,False
200,TARGET_ASSISTED_LABELLED_TARGET_DIAGNOSTIC,45,405019,1,1050,a0994ff12a5efc11b026b726a17a591b2d95342573de007aeb20023b3396baab,PREDICTIONS_FROZEN,False
500,TARGET_ASSISTED_LABELLED_TARGET_DIAGNOSTIC,45,405019,1,1050,2516e2307ee365d3add76fa0e9b7e4f9d2371a0699f1db2037474dcf7c5f6e6f,PREDICTIONS_FROZEN,False
7,TARGET_ASSISTED_LABELLED_TARGET_DIAGNOSTIC,45,430007,1,1050,d73bd62a2340e1f6b2cc244da5938dfb4bd9d5ec21740fc4e7e79d9ada514ea9,PREDICTIONS_FROZEN,False
10,TARGET_ASSISTED_LABELLED_TARGET_DIAGNOSTIC,45,430007,1,1050,952e732ab2476304d5c6110c9d1c26554f8883a3260c631d7aa0cae5da455bce,PREDICTIONS_FROZEN,False
20,TARGET_ASSISTED_LABELLED_TARGET_DIAGNOSTIC,45,430007,1,1050,e7f203b31e3968e52f10be5a04ed93702579a3539c086bdefcd3a1653ac5e818,PREDICTIONS_FROZEN,False
21,TARGET_ASSISTED_LABELLED_TARGET_DIAGNOSTIC,45,430007,1,1050,b10c92acc5434996472518a81a452e2d4ee3f7a3b770d81fbb525ed13fd7203a,PREDICTIONS_FROZEN,False
35,TARGET_ASSISTED_LABELLED_TARGET_DIAGNOSTIC,45,430007,1,1050,9b3bfc7b522b040a7b1a17c13cc8609af83db2c54002b2c606bce759a764d479,PREDICTIONS_FROZEN,False
50,TARGET_ASSISTED_LABELLED_TARGET_DIAGNOSTIC,45,430007,1,1050,c0d8953ee013f33e3ae0ca0a6039221abd94dd93c825430330ba3ac61588120e,PREDICTIONS_FROZEN,False
100,TARGET_ASSISTED_LABELLED_TARGET_DIAGNOSTIC,45,430007,1,1050,a7155bae8182f79bb92c57c6e3fd4ec62b46486dd2bdf573962b06cd2eb14c0c,PREDICTIONS_FROZEN,False
200,TARGET_ASSISTED_LABELLED_TARGET_DIAGNOSTIC,45,430007,1,1050,a7155bae8182f79bb92c57c6e3fd4ec62b46486dd2bdf573962b06cd2eb14c0c,PREDICTIONS_FROZEN,False
500,TARGET_ASSISTED_LABELLED_TARGET_DIAGNOSTIC,45,430007,1,1050,2516e2307ee365d3add76fa0e9b7e4f9d2371a0699f1db2037474dcf7c5f6e6f,PREDICTIONS_FROZEN,False
7,TARGET_ASSISTED_LABELLED_TARGET_DIAGNOSTIC,45,455003,1,1050,b86b463ab580893060e81e8361ec46444f658aa66cbf6474677c1e8c6dda338b,PREDICTIONS_FROZEN,False
10,TARGET_ASSISTED_LABELLED_TARGET_DIAGNOSTIC,45,455003,1,1050,0cd878768f5d2c4f9c598630703dd4b1851944f5da3471be1513e4ecf2978022,PREDICTIONS_FROZEN,False
20,TARGET_ASSISTED_LABELLED_TARGET_DIAGNOSTIC,45,455003,1,1050,950b3b0926f084ff376d80906b5b043145127fa940808ff6ea6f8ba4b2a68701,PREDICTIONS_FROZEN,False
21,TARGET_ASSISTED_LABELLED_TARGET_DIAGNOSTIC,45,455003,1,1050,7e38159015277635409928b0740eae64d76ef14981f6632e8592c63a9ff46b14,PREDICTIONS_FROZEN,False
35,TARGET_ASSISTED_LABELLED_TARGET_DIAGNOSTIC,45,455003,1,1050,2c82c51eac9bed97cee37b551095829298d1969d79fb07c57028245e902f532e,PREDICTIONS_FROZEN,False
50,TARGET_ASSISTED_LABELLED_TARGET_DIAGNOSTIC,45,455003,1,1050,944f5009abba1449c5e8913c1c4db4b4ac3f44c351e0bfeba473da8dc32e96c1,PREDICTIONS_FROZEN,False
100,TARGET_ASSISTED_LABELLED_TARGET_DIAGNOSTIC,45,455003,1,1050,61635b00947d4a6e29ede10924bfe5b1f1c868060c8a8bcc9a403c50397c8331,PREDICTIONS_FROZEN,False
200,TARGET_ASSISTED_LABELLED_TARGET_DIAGNOSTIC,45,455003,1,1050,2516e2307ee365d3add76fa0e9b7e4f9d2371a0699f1db2037474dcf7c5f6e6f,PREDICTIONS_FROZEN,False
500,TARGET_ASSISTED_LABELLED_TARGET_DIAGNOSTIC,45,455003,1,1050,2516e2307ee365d3add76fa0e9b7e4f9d2371a0699f1db2037474dcf7c5f6e6f,PREDICTIONS_FROZEN,False
7,TARGET_ASSISTED_LABELLED_TARGET_DIAGNOSTIC,45,480017,1,1050,c4e9904e73ca8c424e55f3eadded9c69d8a02da105aadcc4dfd53c74fcf06299,PREDICTIONS_FROZEN,False
10,TARGET_ASSISTED_LABELLED_TARGET_DIAGNOSTIC,45,480017,1,1050,95b515a6abce40a8667d23ce9417426baf9ad489ccae9fb50dca6520d428bdbb,PREDICTIONS_FROZEN,False
20,TARGET_ASSISTED_LABELLED_TARGET_DIAGNOSTIC,45,480017,1,1050,2a9f457d2f6ed2b0947d0e781ca89d05e4424e7cc42f9e96673d523572eaf8fb,PREDICTIONS_FROZEN,False
21,TARGET_ASSISTED_LABELLED_TARGET_DIAGNOSTIC,45,480017,1,1050,320ffe3ea167da8b3314433dc94696b4f14a5f756c6889cf4e8a19cf618087a2,PREDICTIONS_FROZEN,False
35,TARGET_ASSISTED_LABELLED_TARGET_DIAGNOSTIC,45,480017,1,1050,b44e1d8854c76f8b4786d01c29034c518a5485add444e92365111e2ecc6c8e11,PREDICTIONS_FROZEN,False
50,TARGET_ASSISTED_LABELLED_TARGET_DIAGNOSTIC,45,480017,1,1050,e7ce185f6268976d20e7190d4cee1d7c6edb22f1c9865c4d339b4eed49ea81a0,PREDICTIONS_FROZEN,False
100,TARGET_ASSISTED_LABELLED_TARGET_DIAGNOSTIC,45,480017,1,1050,fddfe60915cab1572b5312af4e81e97b00713e33bdf3e7034262ca207b0cffd1,PREDICTIONS_FROZEN,False
200,TARGET_ASSISTED_LABELLED_TARGET_DIAGNOSTIC,45,480017,1,1050,a7155bae8182f79bb92c57c6e3fd4ec62b46486dd2bdf573962b06cd2eb14c0c,PREDICTIONS_FROZEN,False
500,TARGET_ASSISTED_LABELLED_TARGET_DIAGNOSTIC,45,480017,1,1050,2516e2307ee365d3add76fa0e9b7e4f9d2371a0699f1db2037474dcf7c5f6e6f,PREDICTIONS_FROZEN,False
7,TARGET_ASSISTED_LABELLED_TARGET_DIAGNOSTIC,45,505027,1,1050,e1bf77918f8a60362a0881143ae03b5f356f7941a1d4a5de4b16fa151bceee80,PREDICTIONS_FROZEN,False
10,TARGET_ASSISTED_LABELLED_TARGET_DIAGNOSTIC,45,505027,1,1050,6f38b1bdcb629b4156959f14f3c33519e47c280bf1fc8f313a4328fe9029862c,PREDICTIONS_FROZEN,False
20,TARGET_ASSISTED_LABELLED_TARGET_DIAGNOSTIC,45,505027,1,1050,0b4bff09f1ffae09055e924b7e8bb0dc754590323c567f738468bf4f29f9a7aa,PREDICTIONS_FROZEN,False
21,TARGET_ASSISTED_LABELLED_TARGET_DIAGNOSTIC,45,505027,1,1050,69b7f21f98860bec3ae96a2146ce7fadfc3a6712d8c86bb75110473995c54102,PREDICTIONS_FROZEN,False
35,TARGET_ASSISTED_LABELLED_TARGET_DIAGNOSTIC,45,505027,1,1050,41b550c03dd55cec37c7ced92c61daef82da2c66eff856d47eefd74ca239648a,PREDICTIONS_FROZEN,False
50,TARGET_ASSISTED_LABELLED_TARGET_DIAGNOSTIC,45,505027,1,1050,5365cab819459667e451bf1846d8dacc0e7399d8ee47d33e26c948ac2cdb6fb9,PREDICTIONS_FROZEN,False
100,TARGET_ASSISTED_LABELLED_TARGET_DIAGNOSTIC,45,505027,1,1050,acbf02ada63f0e158e0b8fc23e6665a61785bca173029072eca95ecd213ccf6c,PREDICTIONS_FROZEN,False
200,TARGET_ASSISTED_LABELLED_TARGET_DIAGNOSTIC,45,505027,1,1050,dfbf171294925c2a0ce8de6790d0725d1e31cfc1a84acd53cc27e268cc0f2249,PREDICTIONS_FROZEN,False
500,TARGET_ASSISTED_LABELLED_TARGET_DIAGNOSTIC,45,505027,1,1050,2516e2307ee365d3add76fa0e9b7e4f9d2371a0699f1db2037474dcf7c5f6e6f,PREDICTIONS_FROZEN,False
7,TARGET_ASSISTED_LABELLED_TARGET_DIAGNOSTIC,45,530017,1,1050,f6fc3784fc70c72cf36a38e3ba60eb1c4525e1d62d59087b22cd859e75890a76,PREDICTIONS_FROZEN,False
10,TARGET_ASSISTED_LABELLED_TARGET_DIAGNOSTIC,45,530017,1,1050,1476fd813d028f0e68cfb3442f320e4511f5e8b7d4690cd0c155c31c9ae91d89,PREDICTIONS_FROZEN,False
20,TARGET_ASSISTED_LABELLED_TARGET_DIAGNOSTIC,45,530017,1,1050,03f0434225a33b04c05b00860608a618a9b4d16fcaf0f3e902733f906831b7ab,PREDICTIONS_FROZEN,False
21,TARGET_ASSISTED_LABELLED_TARGET_DIAGNOSTIC,45,530017,1,1050,7e38159015277635409928b0740eae64d76ef14981f6632e8592c63a9ff46b14,PREDICTIONS_FROZEN,False
35,TARGET_ASSISTED_LABELLED_TARGET_DIAGNOSTIC,45,530017,1,1050,d148a443ead722d6cb92d51b337a8f1bf4b5bab062319511f63c5731ccdba473,PREDICTIONS_FROZEN,False
50,TARGET_ASSISTED_LABELLED_TARGET_DIAGNOSTIC,45,530017,1,1050,a97ebade3d8e0053faba8d8a1cb42bd7e83e53b6045c9b8fe35791d5eed2d681,PREDICTIONS_FROZEN,False
100,TARGET_ASSISTED_LABELLED_TARGET_DIAGNOSTIC,45,530017,1,1050,a82124fad4d2f4d1f6e21a36bfdd0a00b150cba1610dd072b32a4e618af06ad3,PREDICTIONS_FROZEN,False
200,TARGET_ASSISTED_LABELLED_TARGET_DIAGNOSTIC,45,530017,1,1050,a7155bae8182f79bb92c57c6e3fd4ec62b46486dd2bdf573962b06cd2eb14c0c,PREDICTIONS_FROZEN,False
500,TARGET_ASSISTED_LABELLED_TARGET_DIAGNOSTIC,45,530017,1,1050,2516e2307ee365d3add76fa0e9b7e4f9d2371a0699f1db2037474dcf7c5f6e6f,PREDICTIONS_FROZEN,False
7,TARGET_ASSISTED_LABELLED_TARGET_DIAGNOSTIC,45,555029,1,1050,99fa7b34339be47600a4ac9594cf72f9615097e929de3cb4ba457eedac50a3ba,PREDICTIONS_FROZEN,False
10,TARGET_ASSISTED_LABELLED_TARGET_DIAGNOSTIC,45,555029,1,1050,fae98856b9555f9e1128ae483e42a9ee5b4c95c6cb4151f08dd3ef901cba1f64,PREDICTIONS_FROZEN,False
20,TARGET_ASSISTED_LABELLED_TARGET_DIAGNOSTIC,45,555029,1,1050,93550b3f1a33437b170a637fb81a1e3b8013520f1118ea92a8bf552b6ab20cbf,PREDICTIONS_FROZEN,False
21,TARGET_ASSISTED_LABELLED_TARGET_DIAGNOSTIC,45,555029,1,1050,7861fcc8df709b15df945ee915946ea7784843a0c39f11a7c9c360d66390f3de,PREDICTIONS_FROZEN,False
35,TARGET_ASSISTED_LABELLED_TARGET_DIAGNOSTIC,45,555029,1,1050,4bdb60c29ef05d0cf7d6eb0e3a9200d4a5c294f1c691ea1bbeec0329f42b2090,PREDICTIONS_FROZEN,False
50,TARGET_ASSISTED_LABELLED_TARGET_DIAGNOSTIC,45,555029,1,1050,8c85f6fe187f2efad4a7836cf403ef9d7b891dad459dc6b5a7f7423717e31714,PREDICTIONS_FROZEN,False
100,TARGET_ASSISTED_LABELLED_TARGET_DIAGNOSTIC,45,555029,1,1050,a7155bae8182f79bb92c57c6e3fd4ec62b46486dd2bdf573962b06cd2eb14c0c,PREDICTIONS_FROZEN,False
200,TARGET_ASSISTED_LABELLED_TARGET_DIAGNOSTIC,45,555029,1,1050,a0994ff12a5efc11b026b726a17a591b2d95342573de007aeb20023b3396baab,PREDICTIONS_FROZEN,False
500,TARGET_ASSISTED_LABELLED_TARGET_DIAGNOSTIC,45,555029,1,1050,2516e2307ee365d3add76fa0e9b7e4f9d2371a0699f1db2037474dcf7c5f6e6f,PREDICTIONS_FROZEN,False
7,TARGET_ASSISTED_LABELLED_TARGET_DIAGNOSTIC,45,580031,1,1050,c998fa2aecbd7f48f99542fc8c177af79fd5d150a31627ea85502d1483db608d,PREDICTIONS_FROZEN,False
10,TARGET_ASSISTED_LABELLED_TARGET_DIAGNOSTIC,45,580031,1,1050,c43d4164627c8a2e1098b14b51c45aa304fbd6966b255f0c96b803597286af83,PREDICTIONS_FROZEN,False
20,TARGET_ASSISTED_LABELLED_TARGET_DIAGNOSTIC,45,580031,1,1050,8a4bf34df588c01763192999f932f3f4e4dda863450b48ab741ab41813d40b9a,PREDICTIONS_FROZEN,False
21,TARGET_ASSISTED_LABELLED_TARGET_DIAGNOSTIC,45,580031,1,1050,16e01e42f5e5c76e5776e9bb0d379bb0933a0046a18dae37d2b9026be1756a33,PREDICTIONS_FROZEN,False
35,TARGET_ASSISTED_LABELLED_TARGET_DIAGNOSTIC,45,580031,1,1050,69096589e28f19d5dbd8ca402159d2274f1f8bdfb0814aaf50030cd0aa5b0fed,PREDICTIONS_FROZEN,False
50,TARGET_ASSISTED_LABELLED_TARGET_DIAGNOSTIC,45,580031,1,1050,0e747c24deb1e15791b0c577573ee01031180c5f846c1d7ab669b67ce1c7d29c,PREDICTIONS_FROZEN,False
100,TARGET_ASSISTED_LABELLED_TARGET_DIAGNOSTIC,45,580031,1,1050,5a8b2c599bcfaedbfb2f9aea2bc1fdd2fee1efade5a34ca0e5887bc79356f470,PREDICTIONS_FROZEN,False
200,TARGET_ASSISTED_LABELLED_TARGET_DIAGNOSTIC,45,580031,1,1050,dfbf171294925c2a0ce8de6790d0725d1e31cfc1a84acd53cc27e268cc0f2249,PREDICTIONS_FROZEN,False
500,TARGET_ASSISTED_LABELLED_TARGET_DIAGNOSTIC,45,580031,1,1050,2516e2307ee365d3add76fa0e9b7e4f9d2371a0699f1db2037474dcf7c5f6e6f,PREDICTIONS_FROZEN,False
0,STRICT_SOURCE_ONLY_DG,45,,2,1050,74566da2ab72bd3d6ed7cabf30d29fe9534b4605c049f0bb7a2fe90f8eb2390b,PREDICTIONS_FROZEN,False
7,TARGET_ASSISTED_LABELLED_TARGET_DIAGNOSTIC,45,104729,2,1050,74f2577f86297633afd6e2decce27dab03fc0c3b45ad252f67bd39fcefcd592c,PREDICTIONS_FROZEN,False
10,TARGET_ASSISTED_LABELLED_TARGET_DIAGNOSTIC,45,104729,2,1050,6c11aef6b8d13660cbed8f4807de5c65177243b6f53b0bf7973997e7ca83b6ed,PREDICTIONS_FROZEN,False
20,TARGET_ASSISTED_LABELLED_TARGET_DIAGNOSTIC,45,104729,2,1050,b7dd4305caa167b684a55a7ceb0abd7b323c616434d88e8417a6321c3b606b5c,PREDICTIONS_FROZEN,False
21,TARGET_ASSISTED_LABELLED_TARGET_DIAGNOSTIC,45,104729,2,1050,cd37b599079826541b8ffe7cdeae600b0ad0d68744767f73fcc3f2ca4f2faad7,PREDICTIONS_FROZEN,False
35,TARGET_ASSISTED_LABELLED_TARGET_DIAGNOSTIC,45,104729,2,1050,53889b248cbbda4d78f76b9209728bd85d674107572a24ddc0b2ba85c539f0ab,PREDICTIONS_FROZEN,False
50,TARGET_ASSISTED_LABELLED_TARGET_DIAGNOSTIC,45,104729,2,1050,3986c9c8ee27a25a908f8416b8d58d0e7bfc822b576a9633f36117696b5c7c5b,PREDICTIONS_FROZEN,False
100,TARGET_ASSISTED_LABELLED_TARGET_DIAGNOSTIC,45,104729,2,1050,2da0c5f1c69c55d36e5b100b20f5953d3e78ebc712a8934bc57980af58f0bbe1,PREDICTIONS_FROZEN,False
200,TARGET_ASSISTED_LABELLED_TARGET_DIAGNOSTIC,45,104729,2,1050,b9ffe18792a5f6c3033182a6beed07a2a8853c9cf4fd626b0582c4cfc64b3cb8,PREDICTIONS_FROZEN,False
500,TARGET_ASSISTED_LABELLED_TARGET_DIAGNOSTIC,45,104729,2,1050,636b7e203f77a8dbd48be8fa4bad64dfcb905e79b2a819436355e5dda7de2624,PREDICTIONS_FROZEN,False
7,TARGET_ASSISTED_LABELLED_TARGET_DIAGNOSTIC,45,130363,2,1050,74f2577f86297633afd6e2decce27dab03fc0c3b45ad252f67bd39fcefcd592c,PREDICTIONS_FROZEN,False
10,TARGET_ASSISTED_LABELLED_TARGET_DIAGNOSTIC,45,130363,2,1050,af72589f36ff840c36e751cbd6150020e86f767504f6daca52b95a9b6536d5d2,PREDICTIONS_FROZEN,False
20,TARGET_ASSISTED_LABELLED_TARGET_DIAGNOSTIC,45,130363,2,1050,48e94a4d514ce5ccdd3ae64a5b3fe197ebaa0313f8989ca90d15cbf9a25ea527,PREDICTIONS_FROZEN,False
21,TARGET_ASSISTED_LABELLED_TARGET_DIAGNOSTIC,45,130363,2,1050,d3cf4d737b72d59e4b76c15a1e092ee7f78824fec96dd5f6f188986939843662,PREDICTIONS_FROZEN,False
35,TARGET_ASSISTED_LABELLED_TARGET_DIAGNOSTIC,45,130363,2,1050,3c286c3fc3384ecffd0448583b0dbac110d52dfa8190dcb65f91e474c6b0638c,PREDICTIONS_FROZEN,False
50,TARGET_ASSISTED_LABELLED_TARGET_DIAGNOSTIC,45,130363,2,1050,4c41863837ed85a49e5ebab917f0206cfd9a45cd4c1cff9ab83a88d7295732d0,PREDICTIONS_FROZEN,False
100,TARGET_ASSISTED_LABELLED_TARGET_DIAGNOSTIC,45,130363,2,1050,fbbde3f1ca50d3e93cd2d377e1f18f6f3a5f5df319c0dcf9dbd1ca7f91e36527,PREDICTIONS_FROZEN,False
200,TARGET_ASSISTED_LABELLED_TARGET_DIAGNOSTIC,45,130363,2,1050,188da59a2034f9291f129db496dc1fe9f9886b5be006b444c73aae031837e5f6,PREDICTIONS_FROZEN,False
500,TARGET_ASSISTED_LABELLED_TARGET_DIAGNOSTIC,45,130363,2,1050,c819afb9dabbe492cc25cd76ed66f2112cfae8a2b5b08de125e1b4ce5ef5c4f4,PREDICTIONS_FROZEN,False
7,TARGET_ASSISTED_LABELLED_TARGET_DIAGNOSTIC,45,155921,2,1050,0d223fc781a33581460b1a857cbb5c4fa34defd4c189cf1960019ce4ce457a2b,PREDICTIONS_FROZEN,False
10,TARGET_ASSISTED_LABELLED_TARGET_DIAGNOSTIC,45,155921,2,1050,47a9966ebc5e93bf126d15e42fae444e986e1300fd7f57359b479160a892b18f,PREDICTIONS_FROZEN,False
20,TARGET_ASSISTED_LABELLED_TARGET_DIAGNOSTIC,45,155921,2,1050,ead14ea17d0346d8957ddc2f3343b180df34cc7686e423f02e8cb07990e38b05,PREDICTIONS_FROZEN,False
21,TARGET_ASSISTED_LABELLED_TARGET_DIAGNOSTIC,45,155921,2,1050,cfd0564872c21da8628cb46d61df1af6cc5229167c3d06bcf16a17a95cb224d8,PREDICTIONS_FROZEN,False
35,TARGET_ASSISTED_LABELLED_TARGET_DIAGNOSTIC,45,155921,2,1050,53889b248cbbda4d78f76b9209728bd85d674107572a24ddc0b2ba85c539f0ab,PREDICTIONS_FROZEN,False
50,TARGET_ASSISTED_LABELLED_TARGET_DIAGNOSTIC,45,155921,2,1050,a9bc13e334abd063530b97931623aecc5504673ee37e2db8fbdd28d6c571e773,PREDICTIONS_FROZEN,False
100,TARGET_ASSISTED_LABELLED_TARGET_DIAGNOSTIC,45,155921,2,1050,38521e3c0dafe8e8b53bd125a54d14f34224ab1e5537a6cc407647e0327b6537,PREDICTIONS_FROZEN,False
200,TARGET_ASSISTED_LABELLED_TARGET_DIAGNOSTIC,45,155921,2,1050,c18bc58ca2e20ff3518e9e5a1c8e833a50f0cfa873e2bceba593c690ddd7f26f,PREDICTIONS_FROZEN,False
500,TARGET_ASSISTED_LABELLED_TARGET_DIAGNOSTIC,45,155921,2,1050,636b7e203f77a8dbd48be8fa4bad64dfcb905e79b2a819436355e5dda7de2624,PREDICTIONS_FROZEN,False
7,TARGET_ASSISTED_LABELLED_TARGET_DIAGNOSTIC,45,181081,2,1050,169745338a05c625bb762883b1e9f94aa376a5625ee5f7ccbf4db6dd44f9622e,PREDICTIONS_FROZEN,False
10,TARGET_ASSISTED_LABELLED_TARGET_DIAGNOSTIC,45,181081,2,1050,3e992156b1e44d0ad0c036dec5dff408dad6f9a6e3b8256a9d22e35d7774bad0,PREDICTIONS_FROZEN,False
20,TARGET_ASSISTED_LABELLED_TARGET_DIAGNOSTIC,45,181081,2,1050,719bb16604fe01c06f25120204f72b7354ea13666e6114122895d7e8b3d4fced,PREDICTIONS_FROZEN,False
21,TARGET_ASSISTED_LABELLED_TARGET_DIAGNOSTIC,45,181081,2,1050,c34a655c92a5d06a6b08ea78fbcc5d3893a61bff08c7d7b13ad7b233d5cda360,PREDICTIONS_FROZEN,False
35,TARGET_ASSISTED_LABELLED_TARGET_DIAGNOSTIC,45,181081,2,1050,db35a1e9031fb43ffd1cf6d47de19a23b3b8785a090849e9471d9e2cb0a42aa7,PREDICTIONS_FROZEN,False
50,TARGET_ASSISTED_LABELLED_TARGET_DIAGNOSTIC,45,181081,2,1050,88b8178ff01cccb961dd8db135baf145979cb5501136bbc348b1d395fa728c99,PREDICTIONS_FROZEN,False
100,TARGET_ASSISTED_LABELLED_TARGET_DIAGNOSTIC,45,181081,2,1050,6777ffaf01926b94236564a3f91e16b47bb7c54038c80284cd0dafd7ce91e779,PREDICTIONS_FROZEN,False
200,TARGET_ASSISTED_LABELLED_TARGET_DIAGNOSTIC,45,181081,2,1050,0b2ce127b2726b950d31c50a2d7057dfe267e39d2f0e01afcf1908657d4d4dd6,PREDICTIONS_FROZEN,False
500,TARGET_ASSISTED_LABELLED_TARGET_DIAGNOSTIC,45,181081,2,1050,d320cbd37304ccfcb3c4f723d3e01235a0476db51f74d77391e48a1b2ce7a4d1,PREDICTIONS_FROZEN,False
7,TARGET_ASSISTED_LABELLED_TARGET_DIAGNOSTIC,45,205439,2,1050,a3ff3e72b624f7603c2954e7d66e31f1d64bb47323aa624fa90b078ab1c16fc3,PREDICTIONS_FROZEN,False
10,TARGET_ASSISTED_LABELLED_TARGET_DIAGNOSTIC,45,205439,2,1050,cee3a33608b9e90770ac5685726c7a582ad830a6a0301f6c768c3b0a8f0b780e,PREDICTIONS_FROZEN,False
20,TARGET_ASSISTED_LABELLED_TARGET_DIAGNOSTIC,45,205439,2,1050,9e662d60d8a540427fed4f281fb93f6944fccc852def8047b6071395b45f51a8,PREDICTIONS_FROZEN,False
21,TARGET_ASSISTED_LABELLED_TARGET_DIAGNOSTIC,45,205439,2,1050,9b2db2404b6713432160b0389466a257cdb4237230d00615d6b819d90fd69824,PREDICTIONS_FROZEN,False
35,TARGET_ASSISTED_LABELLED_TARGET_DIAGNOSTIC,45,205439,2,1050,41af8e9b507e60c48575ff6044d7dedac01a2991aaf0fd2cd9668975a0a69ebb,PREDICTIONS_FROZEN,False
50,TARGET_ASSISTED_LABELLED_TARGET_DIAGNOSTIC,45,205439,2,1050,901243e02c2cc328fde628f255f171b2467e51cc0daca41e8f87fa1c3835cf18,PREDICTIONS_FROZEN,False
100,TARGET_ASSISTED_LABELLED_TARGET_DIAGNOSTIC,45,205439,2,1050,052a83489f6e6e5d246610d25c10d56f2d8fe2fa717766f713a4dba0ba8997b8,PREDICTIONS_FROZEN,False
200,TARGET_ASSISTED_LABELLED_TARGET_DIAGNOSTIC,45,205439,2,1050,527abe88a4a4a4b83d8a55c0a079012f5140fdd05b7a205ba4d002ef6be4bb66,PREDICTIONS_FROZEN,False
500,TARGET_ASSISTED_LABELLED_TARGET_DIAGNOSTIC,45,205439,2,1050,3fac6280cd26c3c404562f9469a4568745b42b454eaf7fc3095d61ca1960f9ea,PREDICTIONS_FROZEN,False
7,TARGET_ASSISTED_LABELLED_TARGET_DIAGNOSTIC,45,230003,2,1050,4651cb4134c099f682dc63f9f39bfea25d9d92dacbc1b291e952a65d11fb4479,PREDICTIONS_FROZEN,False
10,TARGET_ASSISTED_LABELLED_TARGET_DIAGNOSTIC,45,230003,2,1050,95ceb9b510309af54176434234af59a3b8fd1a779bbe6ec03e9e3f3702cf258a,PREDICTIONS_FROZEN,False
20,TARGET_ASSISTED_LABELLED_TARGET_DIAGNOSTIC,45,230003,2,1050,87fe6d76520e04de833e5d8f2e724bfbf7446fa347d3fb14b8a6d9ea8164be65,PREDICTIONS_FROZEN,False
21,TARGET_ASSISTED_LABELLED_TARGET_DIAGNOSTIC,45,230003,2,1050,8f2f756d3791cee3b44945973df3242153ff70d6fbc6c50090daeb4d998a947f,PREDICTIONS_FROZEN,False
35,TARGET_ASSISTED_LABELLED_TARGET_DIAGNOSTIC,45,230003,2,1050,b56381901d8e3e6c90dfb4160158abad5a05beae82b95974aff957b44805145a,PREDICTIONS_FROZEN,False
50,TARGET_ASSISTED_LABELLED_TARGET_DIAGNOSTIC,45,230003,2,1050,b131293b3ae2a429ac6ab6c1d507fbb1afb5430824c2fed9241f0cd4e3d33df2,PREDICTIONS_FROZEN,False
100,TARGET_ASSISTED_LABELLED_TARGET_DIAGNOSTIC,45,230003,2,1050,196386573e4e97c29a53b2eb8bec78d217a088c41d69bb1220836ee6a1776053,PREDICTIONS_FROZEN,False
200,TARGET_ASSISTED_LABELLED_TARGET_DIAGNOSTIC,45,230003,2,1050,329419a96503e8c761e6a619c7ac85061ffe4f3cf7bcb840c82f5732ee01e477,PREDICTIONS_FROZEN,False
500,TARGET_ASSISTED_LABELLED_TARGET_DIAGNOSTIC,45,230003,2,1050,0723bafb397116891d43e8023bf9ab6047da57f45cae4988465972ff433ce4f4,PREDICTIONS_FROZEN,False
7,TARGET_ASSISTED_LABELLED_TARGET_DIAGNOSTIC,45,254959,2,1050,cfe241d5278fcbf96e15e6ee1e9f855a70d9d5bcd91cdeb5292c33f8ce9ccd76,PREDICTIONS_FROZEN,False
10,TARGET_ASSISTED_LABELLED_TARGET_DIAGNOSTIC,45,254959,2,1050,d7140cacb76204e3aeec033ac7045aa993f302af9284343da459c2adac234095,PREDICTIONS_FROZEN,False
20,TARGET_ASSISTED_LABELLED_TARGET_DIAGNOSTIC,45,254959,2,1050,704e83a6e04bf408dad8a65bd263406f605e06cb49b614d9e0b3251276267a46,PREDICTIONS_FROZEN,False
21,TARGET_ASSISTED_LABELLED_TARGET_DIAGNOSTIC,45,254959,2,1050,9b2db2404b6713432160b0389466a257cdb4237230d00615d6b819d90fd69824,PREDICTIONS_FROZEN,False
35,TARGET_ASSISTED_LABELLED_TARGET_DIAGNOSTIC,45,254959,2,1050,2d1c4b66cea5c2ec9a0a761e60294171737a075ee78faa900a1c6366a54da8ea,PREDICTIONS_FROZEN,False
50,TARGET_ASSISTED_LABELLED_TARGET_DIAGNOSTIC,45,254959,2,1050,d1437e35e78f4506ba5d5ae19eb2ae2eb533cc135e0721c24aa9dbb320bf9c85,PREDICTIONS_FROZEN,False
100,TARGET_ASSISTED_LABELLED_TARGET_DIAGNOSTIC,45,254959,2,1050,9508787d21d967dd9309d040c40f2cccfc70398300b39704ec46964ad6c9423d,PREDICTIONS_FROZEN,False
200,TARGET_ASSISTED_LABELLED_TARGET_DIAGNOSTIC,45,254959,2,1050,aa4286229744adf9366d2eb044e4c2d01e81385a297b57c26b4b1f07257ae963,PREDICTIONS_FROZEN,False
500,TARGET_ASSISTED_LABELLED_TARGET_DIAGNOSTIC,45,254959,2,1050,196386573e4e97c29a53b2eb8bec78d217a088c41d69bb1220836ee6a1776053,PREDICTIONS_FROZEN,False
7,TARGET_ASSISTED_LABELLED_TARGET_DIAGNOSTIC,45,280001,2,1050,d102b939c4dc31c52f5abd4968d2cee78417d49eabab7f37e37844f20a79d238,PREDICTIONS_FROZEN,False
10,TARGET_ASSISTED_LABELLED_TARGET_DIAGNOSTIC,45,280001,2,1050,4c3005554011abf2dc99b3a663af20f6e1c93dda1b323b08265457fb2b8a4f60,PREDICTIONS_FROZEN,False
20,TARGET_ASSISTED_LABELLED_TARGET_DIAGNOSTIC,45,280001,2,1050,fab11bf4338c6086f4e37dcfdb5ac6dba5a87b24f0c26767dd7190eea4295764,PREDICTIONS_FROZEN,False
21,TARGET_ASSISTED_LABELLED_TARGET_DIAGNOSTIC,45,280001,2,1050,0aa2b4c243904a18072b05f01d883f2d132e1f7b991d6981532888987505fc7b,PREDICTIONS_FROZEN,False
35,TARGET_ASSISTED_LABELLED_TARGET_DIAGNOSTIC,45,280001,2,1050,5fd2815bd20c054403c808ef5ff408c09b4cafbbf3a647399a25aec79445c54f,PREDICTIONS_FROZEN,False
50,TARGET_ASSISTED_LABELLED_TARGET_DIAGNOSTIC,45,280001,2,1050,ce02ce34dc9cd816ffcfbe25eb2281ff1ed832202f5f3946541d30477b20b3df,PREDICTIONS_FROZEN,False
100,TARGET_ASSISTED_LABELLED_TARGET_DIAGNOSTIC,45,280001,2,1050,fe7a087c70cd3f6f0fed8351efdf11b94d130e5e589d0e9de19ef9fd0e1cc6f0,PREDICTIONS_FROZEN,False
200,TARGET_ASSISTED_LABELLED_TARGET_DIAGNOSTIC,45,280001,2,1050,2da0c5f1c69c55d36e5b100b20f5953d3e78ebc712a8934bc57980af58f0bbe1,PREDICTIONS_FROZEN,False
500,TARGET_ASSISTED_LABELLED_TARGET_DIAGNOSTIC,45,280001,2,1050,58c0a60cb3f614d77a3e02afb0050cafc8e44fc2fac574b6b80e53cc2c92c05f,PREDICTIONS_FROZEN,False
7,TARGET_ASSISTED_LABELLED_TARGET_DIAGNOSTIC,45,305093,2,1050,74f2577f86297633afd6e2decce27dab03fc0c3b45ad252f67bd39fcefcd592c,PREDICTIONS_FROZEN,False
10,TARGET_ASSISTED_LABELLED_TARGET_DIAGNOSTIC,45,305093,2,1050,6df12a160023d555d33d66603051bef7d32e5eee7a8eb3e8d401b1c6c02faea0,PREDICTIONS_FROZEN,False
20,TARGET_ASSISTED_LABELLED_TARGET_DIAGNOSTIC,45,305093,2,1050,704b1eea9c56ed823d8a9a7fa8916511a449011124c09656fa454be5108a91da,PREDICTIONS_FROZEN,False
21,TARGET_ASSISTED_LABELLED_TARGET_DIAGNOSTIC,45,305093,2,1050,a56b0d04b8bea17bfd7a29344599e9c3630f4e672e408f270da6df09953fe411,PREDICTIONS_FROZEN,False
35,TARGET_ASSISTED_LABELLED_TARGET_DIAGNOSTIC,45,305093,2,1050,2d1c4b66cea5c2ec9a0a761e60294171737a075ee78faa900a1c6366a54da8ea,PREDICTIONS_FROZEN,False
50,TARGET_ASSISTED_LABELLED_TARGET_DIAGNOSTIC,45,305093,2,1050,d44d4bd857141b8a09e538c0d749954c0555d2fc177c0e63b3dd3753872e2dc5,PREDICTIONS_FROZEN,False
100,TARGET_ASSISTED_LABELLED_TARGET_DIAGNOSTIC,45,305093,2,1050,3e137736fccbc5a0a8e62a7c586621480e7e71ee2173b5d7ca8bced25f5e044d,PREDICTIONS_FROZEN,False
200,TARGET_ASSISTED_LABELLED_TARGET_DIAGNOSTIC,45,305093,2,1050,5555705a2a02550fb2032c62e68a610efbe37a553b14807db84b392beb121b3b,PREDICTIONS_FROZEN,False
500,TARGET_ASSISTED_LABELLED_TARGET_DIAGNOSTIC,45,305093,2,1050,a9268a6dceffdbf40be05fa16e5751f9a8cbf43e7a6f7ec1677eb27fa69bb7ea,PREDICTIONS_FROZEN,False
7,TARGET_ASSISTED_LABELLED_TARGET_DIAGNOSTIC,45,330017,2,1050,cfe241d5278fcbf96e15e6ee1e9f855a70d9d5bcd91cdeb5292c33f8ce9ccd76,PREDICTIONS_FROZEN,False
10,TARGET_ASSISTED_LABELLED_TARGET_DIAGNOSTIC,45,330017,2,1050,c665de2f4ce8213fa092ec5162688874ad1b56756cd54e27490eb568b37a1e05,PREDICTIONS_FROZEN,False
20,TARGET_ASSISTED_LABELLED_TARGET_DIAGNOSTIC,45,330017,2,1050,50eba3df0f40b9cfa40707c97239b65dc13505d8bb0590bd5cceb76afb06b1a2,PREDICTIONS_FROZEN,False
21,TARGET_ASSISTED_LABELLED_TARGET_DIAGNOSTIC,45,330017,2,1050,46d21805fa744939437b480e1bf914672363e7ec50f9a276e52c5143b0420c63,PREDICTIONS_FROZEN,False
35,TARGET_ASSISTED_LABELLED_TARGET_DIAGNOSTIC,45,330017,2,1050,e2a1b5d3f05e6f06f55346e823e5b53c43b80de373c837d5af5d8afac2ea1ab7,PREDICTIONS_FROZEN,False
50,TARGET_ASSISTED_LABELLED_TARGET_DIAGNOSTIC,45,330017,2,1050,c1f5081282ae5874747e86790aba6be59f3d3304392554f253018ef203f459c3,PREDICTIONS_FROZEN,False
100,TARGET_ASSISTED_LABELLED_TARGET_DIAGNOSTIC,45,330017,2,1050,a5b3b3994ba5e8842f1633097597e9634e6f30782f22ecccff4b038db1afdadb,PREDICTIONS_FROZEN,False
200,TARGET_ASSISTED_LABELLED_TARGET_DIAGNOSTIC,45,330017,2,1050,9cc80ee59119f3f68dc2944212f534124dc6c58b0fdb4e7ca7dcbf1b2b75191b,PREDICTIONS_FROZEN,False
500,TARGET_ASSISTED_LABELLED_TARGET_DIAGNOSTIC,45,330017,2,1050,87e6776916602b63119d3564a3bc4b62b0ed15abf581a28555909ce9562c1629,PREDICTIONS_FROZEN,False
7,TARGET_ASSISTED_LABELLED_TARGET_DIAGNOSTIC,45,355031,2,1050,cfe241d5278fcbf96e15e6ee1e9f855a70d9d5bcd91cdeb5292c33f8ce9ccd76,PREDICTIONS_FROZEN,False
10,TARGET_ASSISTED_LABELLED_TARGET_DIAGNOSTIC,45,355031,2,1050,08f488d2cd8f4009de6e8c3b7b4f51305abd9e62af51dfeaa4a1eec00ee14d52,PREDICTIONS_FROZEN,False
20,TARGET_ASSISTED_LABELLED_TARGET_DIAGNOSTIC,45,355031,2,1050,b35e7dd6e289220cc4010c4e5511d97bca8d162b94cbc1a1efadd31179b498f3,PREDICTIONS_FROZEN,False
21,TARGET_ASSISTED_LABELLED_TARGET_DIAGNOSTIC,45,355031,2,1050,70c989bac305c2751ce39211f1f5232288ef946eb9b3d78876ea959d1fb46c1a,PREDICTIONS_FROZEN,False
35,TARGET_ASSISTED_LABELLED_TARGET_DIAGNOSTIC,45,355031,2,1050,4c512084439b52b8ac007cb5e2f30285503667616107b5a0ab48f736e51fc33e,PREDICTIONS_FROZEN,False
50,TARGET_ASSISTED_LABELLED_TARGET_DIAGNOSTIC,45,355031,2,1050,2f2f7dd81a94d47ffaa15816491e7a3d833b7392cabfecb984f9285933d579c7,PREDICTIONS_FROZEN,False
100,TARGET_ASSISTED_LABELLED_TARGET_DIAGNOSTIC,45,355031,2,1050,61c8c311f340cd9f64b17101e1c3c942465e83fabc7c5e2494d5c4f6b0e569f9,PREDICTIONS_FROZEN,False
200,TARGET_ASSISTED_LABELLED_TARGET_DIAGNOSTIC,45,355031,2,1050,1a2d50a6a02bb3a68d9e1ea3429dc6da4239b10aa9524aab698dcd0dd2de8bf6,PREDICTIONS_FROZEN,False
500,TARGET_ASSISTED_LABELLED_TARGET_DIAGNOSTIC,45,355031,2,1050,ea2f200a95230071f126859852f75071caf888215807abaec2375d42145e2c32,PREDICTIONS_FROZEN,False
7,TARGET_ASSISTED_LABELLED_TARGET_DIAGNOSTIC,45,380041,2,1050,cfe241d5278fcbf96e15e6ee1e9f855a70d9d5bcd91cdeb5292c33f8ce9ccd76,PREDICTIONS_FROZEN,False
10,TARGET_ASSISTED_LABELLED_TARGET_DIAGNOSTIC,45,380041,2,1050,117c7dcbe27669329c69f2acefc36271bc41dfefc2ae619a14f1a8643b6d1cb1,PREDICTIONS_FROZEN,False
20,TARGET_ASSISTED_LABELLED_TARGET_DIAGNOSTIC,45,380041,2,1050,d2ef6f0197349c8c4afb0d78e6c49682c6cb4d03b588759d9532d59d4e8e130d,PREDICTIONS_FROZEN,False
21,TARGET_ASSISTED_LABELLED_TARGET_DIAGNOSTIC,45,380041,2,1050,a90685e3e26fd505c5638eb890158ec3eda3ba475e670c9218d8bef6dcf31ce2,PREDICTIONS_FROZEN,False
35,TARGET_ASSISTED_LABELLED_TARGET_DIAGNOSTIC,45,380041,2,1050,4aeb0c175ca762f44397b8e91831770d87fe721928032b34d23c34a5950bac59,PREDICTIONS_FROZEN,False
50,TARGET_ASSISTED_LABELLED_TARGET_DIAGNOSTIC,45,380041,2,1050,527abe88a4a4a4b83d8a55c0a079012f5140fdd05b7a205ba4d002ef6be4bb66,PREDICTIONS_FROZEN,False
100,TARGET_ASSISTED_LABELLED_TARGET_DIAGNOSTIC,45,380041,2,1050,bd6646129f5a44d387c3f20604799345d7dc3e58375512dc99e670fa33ec916d,PREDICTIONS_FROZEN,False
200,TARGET_ASSISTED_LABELLED_TARGET_DIAGNOSTIC,45,380041,2,1050,2a990d30b67c335f9cfc8dc68ae6d2f4585f175643450eebb53a70a34d54100e,PREDICTIONS_FROZEN,False
500,TARGET_ASSISTED_LABELLED_TARGET_DIAGNOSTIC,45,380041,2,1050,2a990d30b67c335f9cfc8dc68ae6d2f4585f175643450eebb53a70a34d54100e,PREDICTIONS_FROZEN,False
7,TARGET_ASSISTED_LABELLED_TARGET_DIAGNOSTIC,45,405019,2,1050,a3ff3e72b624f7603c2954e7d66e31f1d64bb47323aa624fa90b078ab1c16fc3,PREDICTIONS_FROZEN,False
10,TARGET_ASSISTED_LABELLED_TARGET_DIAGNOSTIC,45,405019,2,1050,bf830e4a77bcd711953b03b54a498947a73dc34569dd3e41e0e8db27c18ad4cc,PREDICTIONS_FROZEN,False
20,TARGET_ASSISTED_LABELLED_TARGET_DIAGNOSTIC,45,405019,2,1050,84dbd61d0898fc400c213b72ad99a162bb22b07357d04ec0c229eadc9323964c,PREDICTIONS_FROZEN,False
21,TARGET_ASSISTED_LABELLED_TARGET_DIAGNOSTIC,45,405019,2,1050,4fc31760074b1a3ad92dfdf9d84a45c221ffdbd6a99e3637e48476baec3e43e1,PREDICTIONS_FROZEN,False
35,TARGET_ASSISTED_LABELLED_TARGET_DIAGNOSTIC,45,405019,2,1050,89cf70ef21168407474520e70efd3dac8db2b8a515e611fade4dc1ecce9770a4,PREDICTIONS_FROZEN,False
50,TARGET_ASSISTED_LABELLED_TARGET_DIAGNOSTIC,45,405019,2,1050,04c4cbd77f83a66a775e65f2c556adbea3023cb0a093f9a9de3fab66a2c15255,PREDICTIONS_FROZEN,False
100,TARGET_ASSISTED_LABELLED_TARGET_DIAGNOSTIC,45,405019,2,1050,b8511b0ed43a176ec8e8836015b892ac81e81703ede2fe668a488695b1a420a3,PREDICTIONS_FROZEN,False
200,TARGET_ASSISTED_LABELLED_TARGET_DIAGNOSTIC,45,405019,2,1050,7a22490c29ac7ac3ddbb662429ad2f98c895479051010290809a953967c5cd09,PREDICTIONS_FROZEN,False
500,TARGET_ASSISTED_LABELLED_TARGET_DIAGNOSTIC,45,405019,2,1050,a0eeb6a41ee1f0023dd48e53b95b1330ab716a9033089180adf2b81cfafe3919,PREDICTIONS_FROZEN,False
7,TARGET_ASSISTED_LABELLED_TARGET_DIAGNOSTIC,45,430007,2,1050,1fdbe71bf84ec27234eabba8189409a7bd4bb3dc49deb42be62944ff6ca16272,PREDICTIONS_FROZEN,False
10,TARGET_ASSISTED_LABELLED_TARGET_DIAGNOSTIC,45,430007,2,1050,6fd33c0eefa9453647f84457b470c91553005aa19df55aaead2bb821a02a1c67,PREDICTIONS_FROZEN,False
20,TARGET_ASSISTED_LABELLED_TARGET_DIAGNOSTIC,45,430007,2,1050,98d014878a2883d2a9e81cfccc47668a291b1a89dee65a270332213f321d5615,PREDICTIONS_FROZEN,False
21,TARGET_ASSISTED_LABELLED_TARGET_DIAGNOSTIC,45,430007,2,1050,578747336ec52d17f65e6184078b69eb4c8af7c3583483467b351cf4aee522c4,PREDICTIONS_FROZEN,False
35,TARGET_ASSISTED_LABELLED_TARGET_DIAGNOSTIC,45,430007,2,1050,2d1c4b66cea5c2ec9a0a761e60294171737a075ee78faa900a1c6366a54da8ea,PREDICTIONS_FROZEN,False
50,TARGET_ASSISTED_LABELLED_TARGET_DIAGNOSTIC,45,430007,2,1050,1b27e6f3db4f4bc5f1821d8bbb504db0880bba7a2626774b8433d2d5d1868566,PREDICTIONS_FROZEN,False
100,TARGET_ASSISTED_LABELLED_TARGET_DIAGNOSTIC,45,430007,2,1050,9f2a031d315bca778ecd12f4b6cdd93c9b317cb7c0af3994700f177eb2849103,PREDICTIONS_FROZEN,False
200,TARGET_ASSISTED_LABELLED_TARGET_DIAGNOSTIC,45,430007,2,1050,196386573e4e97c29a53b2eb8bec78d217a088c41d69bb1220836ee6a1776053,PREDICTIONS_FROZEN,False
500,TARGET_ASSISTED_LABELLED_TARGET_DIAGNOSTIC,45,430007,2,1050,c04f361f302c8a56a1899f6094133245cec7216015493b194f70fd020b715ec6,PREDICTIONS_FROZEN,False
7,TARGET_ASSISTED_LABELLED_TARGET_DIAGNOSTIC,45,455003,2,1050,f62c53c23af1b8b761cfb701c2e90a6e0b2f2df963221883a0c8d9810552fe9f,PREDICTIONS_FROZEN,False
10,TARGET_ASSISTED_LABELLED_TARGET_DIAGNOSTIC,45,455003,2,1050,a1245387b038c7b6d3e9d6aeca468a24189048437c62d330d1b3739f67dc7eba,PREDICTIONS_FROZEN,False
20,TARGET_ASSISTED_LABELLED_TARGET_DIAGNOSTIC,45,455003,2,1050,3bd11e6c24366fc5cd205a74a33df7b873e860eca845c8ccf14a1d357b238b16,PREDICTIONS_FROZEN,False
21,TARGET_ASSISTED_LABELLED_TARGET_DIAGNOSTIC,45,455003,2,1050,e34f742e760420c05111e4e815df028f62531f5a92711cf48e6be5c28337063a,PREDICTIONS_FROZEN,False
35,TARGET_ASSISTED_LABELLED_TARGET_DIAGNOSTIC,45,455003,2,1050,4664d431c1e8b8ecd6134839fb5f14fd6db343359e07d90ccc96aeabd4a71083,PREDICTIONS_FROZEN,False
50,TARGET_ASSISTED_LABELLED_TARGET_DIAGNOSTIC,45,455003,2,1050,f88d46c4dc15d1b2db219ff063015e20aab12e52dd98b3487989f16615cec5c2,PREDICTIONS_FROZEN,False
100,TARGET_ASSISTED_LABELLED_TARGET_DIAGNOSTIC,45,455003,2,1050,f08560b9a539c786e612a3e0aae2cbe4ae41438055bede33c5733fdbe64af3f7,PREDICTIONS_FROZEN,False
200,TARGET_ASSISTED_LABELLED_TARGET_DIAGNOSTIC,45,455003,2,1050,62a904b47112948053c2309bc4a21ffde7bf1e1c44005456ae671238bce35deb,PREDICTIONS_FROZEN,False
500,TARGET_ASSISTED_LABELLED_TARGET_DIAGNOSTIC,45,455003,2,1050,0caacbfab3294f25e1e227143718909e8abad5a800dc8d33f14e18b585670716,PREDICTIONS_FROZEN,False
7,TARGET_ASSISTED_LABELLED_TARGET_DIAGNOSTIC,45,480017,2,1050,f62c53c23af1b8b761cfb701c2e90a6e0b2f2df963221883a0c8d9810552fe9f,PREDICTIONS_FROZEN,False
10,TARGET_ASSISTED_LABELLED_TARGET_DIAGNOSTIC,45,480017,2,1050,a3b06c50fa68c1b2c9497cd69e3f56988b4846a1164e8c640eb86f9f53806458,PREDICTIONS_FROZEN,False
20,TARGET_ASSISTED_LABELLED_TARGET_DIAGNOSTIC,45,480017,2,1050,a3f7de929ef66f58f7b852b80b2b582c86e702eedbc3a81938674f82b0951dac,PREDICTIONS_FROZEN,False
21,TARGET_ASSISTED_LABELLED_TARGET_DIAGNOSTIC,45,480017,2,1050,05152b101b02321b770a6d71997d8d2c77dccaa7ffd7bdc9fdd766670f950c3e,PREDICTIONS_FROZEN,False
35,TARGET_ASSISTED_LABELLED_TARGET_DIAGNOSTIC,45,480017,2,1050,76fc6c001f411e2588fec750165c3202cbd3e921678e67bbf228ec68ca10a0e7,PREDICTIONS_FROZEN,False
50,TARGET_ASSISTED_LABELLED_TARGET_DIAGNOSTIC,45,480017,2,1050,e7db4b78f223c2f510c25fbfdbe6bc30e85bb0a57b7d93ccca42ec2df9b65e98,PREDICTIONS_FROZEN,False
100,TARGET_ASSISTED_LABELLED_TARGET_DIAGNOSTIC,45,480017,2,1050,b2c2cbb053702d637a6a1938774d65f66b7cbac415c745858e1555e4fb479149,PREDICTIONS_FROZEN,False
200,TARGET_ASSISTED_LABELLED_TARGET_DIAGNOSTIC,45,480017,2,1050,13b818bc9f5f784b985a16cf8f7e60124351318563f3ff6f81bc8a889763ccaa,PREDICTIONS_FROZEN,False
500,TARGET_ASSISTED_LABELLED_TARGET_DIAGNOSTIC,45,480017,2,1050,d0c0fe76dea47e79498c327ecad4994f5db90dd1f6e68a99636e2318adbee64d,PREDICTIONS_FROZEN,False
7,TARGET_ASSISTED_LABELLED_TARGET_DIAGNOSTIC,45,505027,2,1050,f62c53c23af1b8b761cfb701c2e90a6e0b2f2df963221883a0c8d9810552fe9f,PREDICTIONS_FROZEN,False
10,TARGET_ASSISTED_LABELLED_TARGET_DIAGNOSTIC,45,505027,2,1050,db5da313991d2b410bba5a8419957a073ecf78e322fb013b8472c479dd66bbfa,PREDICTIONS_FROZEN,False
20,TARGET_ASSISTED_LABELLED_TARGET_DIAGNOSTIC,45,505027,2,1050,0ab651aac5f4d55e1c53cca5dc713a4fea59fbd1c281f34538bdbb31f5b61251,PREDICTIONS_FROZEN,False
21,TARGET_ASSISTED_LABELLED_TARGET_DIAGNOSTIC,45,505027,2,1050,602a86e26d18825aa51bf62ff0647fee27ebc56e7e5dba183d2f1bff070a9766,PREDICTIONS_FROZEN,False
35,TARGET_ASSISTED_LABELLED_TARGET_DIAGNOSTIC,45,505027,2,1050,f8a6d16ef56e1f76d058bac4cb12ce0a0b83976d41663610ce26a0e0c6bba39c,PREDICTIONS_FROZEN,False
50,TARGET_ASSISTED_LABELLED_TARGET_DIAGNOSTIC,45,505027,2,1050,43a69c1dd04b87d41136177d116a9eba51d62c6ca0a51cc801bd7240a625db1e,PREDICTIONS_FROZEN,False
100,TARGET_ASSISTED_LABELLED_TARGET_DIAGNOSTIC,45,505027,2,1050,aa4286229744adf9366d2eb044e4c2d01e81385a297b57c26b4b1f07257ae963,PREDICTIONS_FROZEN,False
200,TARGET_ASSISTED_LABELLED_TARGET_DIAGNOSTIC,45,505027,2,1050,d0c0fe76dea47e79498c327ecad4994f5db90dd1f6e68a99636e2318adbee64d,PREDICTIONS_FROZEN,False
500,TARGET_ASSISTED_LABELLED_TARGET_DIAGNOSTIC,45,505027,2,1050,0b6eddf9b8a2cd0c20f77a9bc2a02208c6c89071ab0c7a6078041a792c6e1003,PREDICTIONS_FROZEN,False
7,TARGET_ASSISTED_LABELLED_TARGET_DIAGNOSTIC,45,530017,2,1050,c51cdb150c6be701b2d1782e54ac88a3aab23c6cfb4fb7d548f44b45a81e818d,PREDICTIONS_FROZEN,False
10,TARGET_ASSISTED_LABELLED_TARGET_DIAGNOSTIC,45,530017,2,1050,52e07eda045c769bb6ffb2f3a4a8d6fbe3189494bcd307ae5de8f588f52e6b9d,PREDICTIONS_FROZEN,False
20,TARGET_ASSISTED_LABELLED_TARGET_DIAGNOSTIC,45,530017,2,1050,297b2b142fa58466c286f43e10878a943b8b5869ce9ccb518a946b93fd01c8d7,PREDICTIONS_FROZEN,False
21,TARGET_ASSISTED_LABELLED_TARGET_DIAGNOSTIC,45,530017,2,1050,2d0d20d5c17f56d96f692c171c6b7be829fbf4ef1cbff3bb22cfa3ef88e23487,PREDICTIONS_FROZEN,False
35,TARGET_ASSISTED_LABELLED_TARGET_DIAGNOSTIC,45,530017,2,1050,ab34fad282e6d7a77d9bd28f534487b22c7d6154988142cc7aa52885d2025d5f,PREDICTIONS_FROZEN,False
50,TARGET_ASSISTED_LABELLED_TARGET_DIAGNOSTIC,45,530017,2,1050,1b83347ba2b0dcc68bffb5877cb11a0fbf31afac1e3224ddd357e204a194f27c,PREDICTIONS_FROZEN,False
100,TARGET_ASSISTED_LABELLED_TARGET_DIAGNOSTIC,45,530017,2,1050,eb77ff1cc2ceb135645d91c4b5187f5fa0a649b4e4013cfbe23b322b2d059c95,PREDICTIONS_FROZEN,False
200,TARGET_ASSISTED_LABELLED_TARGET_DIAGNOSTIC,45,530017,2,1050,7a4fb0c3ee94de4cc32eb35d885660f4336e73ecb9009e9810a1bc1b750253ff,PREDICTIONS_FROZEN,False
500,TARGET_ASSISTED_LABELLED_TARGET_DIAGNOSTIC,45,530017,2,1050,90c0dffe624ef558c46ee31fb9d5e6086661db0a29797ecad752a8072ec4c390,PREDICTIONS_FROZEN,False
7,TARGET_ASSISTED_LABELLED_TARGET_DIAGNOSTIC,45,555029,2,1050,6a94a7ec3c5a2370250ec9b9cae8b9aa8b171d5ff2fc0609b1f71cb15cafd71d,PREDICTIONS_FROZEN,False
10,TARGET_ASSISTED_LABELLED_TARGET_DIAGNOSTIC,45,555029,2,1050,c39bf372b2f74b67cec000ce9e94cca684ccaac5b3e7e1941088e855a4df5346,PREDICTIONS_FROZEN,False
20,TARGET_ASSISTED_LABELLED_TARGET_DIAGNOSTIC,45,555029,2,1050,4da774d0887c9541e28c7ca02f7f2a9afb71dd13f9be11b551b07d3f903e94e1,PREDICTIONS_FROZEN,False
21,TARGET_ASSISTED_LABELLED_TARGET_DIAGNOSTIC,45,555029,2,1050,d28179e4e378fd9f585d5732ae4f6dbc72335a6070f107146e21ae0471d1f219,PREDICTIONS_FROZEN,False
35,TARGET_ASSISTED_LABELLED_TARGET_DIAGNOSTIC,45,555029,2,1050,4aeb0c175ca762f44397b8e91831770d87fe721928032b34d23c34a5950bac59,PREDICTIONS_FROZEN,False
50,TARGET_ASSISTED_LABELLED_TARGET_DIAGNOSTIC,45,555029,2,1050,b0f4c7745ebe6ef40ba6ebb4c70fe8427f87c6b9f31987974f30b1d9ead09c07,PREDICTIONS_FROZEN,False
100,TARGET_ASSISTED_LABELLED_TARGET_DIAGNOSTIC,45,555029,2,1050,b0bfad6a3b13a41db88c13536a144a96e6e2c85d69c32a0cf9f62907afb6f0d5,PREDICTIONS_FROZEN,False
200,TARGET_ASSISTED_LABELLED_TARGET_DIAGNOSTIC,45,555029,2,1050,196386573e4e97c29a53b2eb8bec78d217a088c41d69bb1220836ee6a1776053,PREDICTIONS_FROZEN,False
500,TARGET_ASSISTED_LABELLED_TARGET_DIAGNOSTIC,45,555029,2,1050,c3c3ce546bf670cb1af3299b1e157b4bb8921af745306fa47a900afc01d63119,PREDICTIONS_FROZEN,False
7,TARGET_ASSISTED_LABELLED_TARGET_DIAGNOSTIC,45,580031,2,1050,74f2577f86297633afd6e2decce27dab03fc0c3b45ad252f67bd39fcefcd592c,PREDICTIONS_FROZEN,False
10,TARGET_ASSISTED_LABELLED_TARGET_DIAGNOSTIC,45,580031,2,1050,94b3cfbc8680ac9a22ef14594ba1898bfca62d2859cfd8a7acc450f49da014ea,PREDICTIONS_FROZEN,False
20,TARGET_ASSISTED_LABELLED_TARGET_DIAGNOSTIC,45,580031,2,1050,94c4bc838919691d2873dcbbdf91c7bf435a758964b9c21ecb5132bcf33c5daf,PREDICTIONS_FROZEN,False
21,TARGET_ASSISTED_LABELLED_TARGET_DIAGNOSTIC,45,580031,2,1050,93ba23918812ba6183cbd0190221baebdca04af6e6472bd4ab80ce39eb17077c,PREDICTIONS_FROZEN,False
35,TARGET_ASSISTED_LABELLED_TARGET_DIAGNOSTIC,45,580031,2,1050,3dfbad0813446a7bc44a738f57a985c9f85020086a57308a31c2bc28e744a875,PREDICTIONS_FROZEN,False
50,TARGET_ASSISTED_LABELLED_TARGET_DIAGNOSTIC,45,580031,2,1050,aa9085d061ee99c618d31d9f58f80f093e6a527dcaf2c25c651715d5ee7de190,PREDICTIONS_FROZEN,False
100,TARGET_ASSISTED_LABELLED_TARGET_DIAGNOSTIC,45,580031,2,1050,2fb83b15bf47606652b6350cc901e1f69b0c99720593c49502ff25c3e70f239d,PREDICTIONS_FROZEN,False
200,TARGET_ASSISTED_LABELLED_TARGET_DIAGNOSTIC,45,580031,2,1050,c4fb6c1b8f3ab8514ae7ac14a716267d730b6f8212ee67d19e73dff721072e9c,PREDICTIONS_FROZEN,False
500,TARGET_ASSISTED_LABELLED_TARGET_DIAGNOSTIC,45,580031,2,1050,c2c0308865dbcaf7bed4ce83e8661e142e43b31b1d3213b460aa9c92f5490bfe,PREDICTIONS_FROZEN,False
0,STRICT_SOURCE_ONLY_DG,46,,0,1050,5475631072721f1d71c7ee4cd433e0fdca0fbcaf67b56d7f6201651d885e431e,PREDICTIONS_FROZEN,False
7,TARGET_ASSISTED_LABELLED_TARGET_DIAGNOSTIC,46,104729,0,1050,758d9697d74eb4306644f510eb3f8a3efca0e6d7bd760a1ba3104c377144e0ae,PREDICTIONS_FROZEN,False
10,TARGET_ASSISTED_LABELLED_TARGET_DIAGNOSTIC,46,104729,0,1050,5a585ff3350678385cbf814d53db82733076745e1aaf7e0d2f84b5ff2630c929,PREDICTIONS_FROZEN,False
20,TARGET_ASSISTED_LABELLED_TARGET_DIAGNOSTIC,46,104729,0,1050,26bbcd83ef15af17c8ac12b4022ae00c8be7230568bd5319d5b701d78dac9ed6,PREDICTIONS_FROZEN,False
21,TARGET_ASSISTED_LABELLED_TARGET_DIAGNOSTIC,46,104729,0,1050,f45015effab5550641cd72a8846e3123f6f5e95b97652194d6141445ef678df8,PREDICTIONS_FROZEN,False
35,TARGET_ASSISTED_LABELLED_TARGET_DIAGNOSTIC,46,104729,0,1050,a9bd49fef30f5a94f684edcb7e2afae4d22e1cbda3d82dc0d83585701c68cdb5,PREDICTIONS_FROZEN,False
50,TARGET_ASSISTED_LABELLED_TARGET_DIAGNOSTIC,46,104729,0,1050,b9904f9a41971d0188365502493bfb3294d2dde1abd5a673262201369df09724,PREDICTIONS_FROZEN,False
100,TARGET_ASSISTED_LABELLED_TARGET_DIAGNOSTIC,46,104729,0,1050,30e58785d7c6523c59d250bb3df17cf12b4853575c7b421a98e3650fc60c2aca,PREDICTIONS_FROZEN,False
200,TARGET_ASSISTED_LABELLED_TARGET_DIAGNOSTIC,46,104729,0,1050,02a0637dacd639e604d6f93cd2ffdbe449ec75af66690ff3860267369a514b87,PREDICTIONS_FROZEN,False
500,TARGET_ASSISTED_LABELLED_TARGET_DIAGNOSTIC,46,104729,0,1050,a5489287bf193b0076767f5948a04479e57dfcdfc834253fc255d8693159cf20,PREDICTIONS_FROZEN,False
7,TARGET_ASSISTED_LABELLED_TARGET_DIAGNOSTIC,46,130363,0,1050,3a6032df2a64cc6a92e278d1fa2e358b60e9759898a1392a837f4e969009be95,PREDICTIONS_FROZEN,False
10,TARGET_ASSISTED_LABELLED_TARGET_DIAGNOSTIC,46,130363,0,1050,5d459402975170fa84f97a88bd14c7b8552c742941d36900f56a92feedf0fc9c,PREDICTIONS_FROZEN,False
20,TARGET_ASSISTED_LABELLED_TARGET_DIAGNOSTIC,46,130363,0,1050,9288d608b6f8a030516eb669296a6dead2e79f8824fa8b95b8896cab8ec5b89f,PREDICTIONS_FROZEN,False
21,TARGET_ASSISTED_LABELLED_TARGET_DIAGNOSTIC,46,130363,0,1050,49b263faa0f0e2a48dce2398495a43dc308568cc59e524482411f7c83bf4cf99,PREDICTIONS_FROZEN,False
35,TARGET_ASSISTED_LABELLED_TARGET_DIAGNOSTIC,46,130363,0,1050,21e49d769c7245480aeada58382f6c5e03838841dd633e1d7bbc12866330c598,PREDICTIONS_FROZEN,False
50,TARGET_ASSISTED_LABELLED_TARGET_DIAGNOSTIC,46,130363,0,1050,21e6783e76466e9022011b917a2377e2e7739d760fa475b33f1a7693ca1f8d6b,PREDICTIONS_FROZEN,False
100,TARGET_ASSISTED_LABELLED_TARGET_DIAGNOSTIC,46,130363,0,1050,a99938a915f8520431da06a77d27f695fb7ff6b03bb8eb0df1acd9b70789d3ac,PREDICTIONS_FROZEN,False
200,TARGET_ASSISTED_LABELLED_TARGET_DIAGNOSTIC,46,130363,0,1050,5ff5c8b8faef05423e65836c620c87688c7bf87c3201ea13cd92c5d4315e2f5e,PREDICTIONS_FROZEN,False
500,TARGET_ASSISTED_LABELLED_TARGET_DIAGNOSTIC,46,130363,0,1050,ca07c4a89c33735b2e23da9f9acd6112b732cea183216e5233d98a6efbb4a1f1,PREDICTIONS_FROZEN,False
7,TARGET_ASSISTED_LABELLED_TARGET_DIAGNOSTIC,46,155921,0,1050,bdf8d83096cdd76084fdae3a7e39439618237a5580ea1d68ca59ba12e1bb0610,PREDICTIONS_FROZEN,False
10,TARGET_ASSISTED_LABELLED_TARGET_DIAGNOSTIC,46,155921,0,1050,5c74a5f3e741d5e664eb3fd40584e0c2fa221e20d3a8bc904be685cc9aecbba1,PREDICTIONS_FROZEN,False
20,TARGET_ASSISTED_LABELLED_TARGET_DIAGNOSTIC,46,155921,0,1050,d33b17b09c867fbdd0af8f0bc428daaf6fdcbaf5374f99acbf12e2b53aa34f18,PREDICTIONS_FROZEN,False
21,TARGET_ASSISTED_LABELLED_TARGET_DIAGNOSTIC,46,155921,0,1050,6ef23e8c439de645923b947441e418dd571c784eb348a89451a692f0898a0f79,PREDICTIONS_FROZEN,False
35,TARGET_ASSISTED_LABELLED_TARGET_DIAGNOSTIC,46,155921,0,1050,f1f2f31db529fda1779fe9850827f5ac22c23a762eca25219d485e6adf70b5f3,PREDICTIONS_FROZEN,False
50,TARGET_ASSISTED_LABELLED_TARGET_DIAGNOSTIC,46,155921,0,1050,2b00f0202bb39bc37a8a6299d99f90847990a871384274624ad1e95e6c988bc4,PREDICTIONS_FROZEN,False
100,TARGET_ASSISTED_LABELLED_TARGET_DIAGNOSTIC,46,155921,0,1050,b4ab3fa5ebada9588e8f92c0debf9697d781fe3757a88b013f0d5ca458426ffd,PREDICTIONS_FROZEN,False
200,TARGET_ASSISTED_LABELLED_TARGET_DIAGNOSTIC,46,155921,0,1050,c1b8d8316a987ebd7132eeb7a5eaaec68582761553f1936061e0846f58096cc7,PREDICTIONS_FROZEN,False
500,TARGET_ASSISTED_LABELLED_TARGET_DIAGNOSTIC,46,155921,0,1050,d5e4a50b20aa12279b02c1688fffc3e0b1f5166330212dc92c2736683902c145,PREDICTIONS_FROZEN,False
7,TARGET_ASSISTED_LABELLED_TARGET_DIAGNOSTIC,46,181081,0,1050,18e54c70012c1edc4c6f2ed5ebac1fb9288531895d3c7ebb70b2bd6e2c598762,PREDICTIONS_FROZEN,False
10,TARGET_ASSISTED_LABELLED_TARGET_DIAGNOSTIC,46,181081,0,1050,bc9b98f50b80bd34a6392decb58885d463ad16edab935b1e72626af7a51cd0f7,PREDICTIONS_FROZEN,False
20,TARGET_ASSISTED_LABELLED_TARGET_DIAGNOSTIC,46,181081,0,1050,268176f579d37f3b4c26f14f39ffff95f441a48fc2ecade672013f87bca18406,PREDICTIONS_FROZEN,False
21,TARGET_ASSISTED_LABELLED_TARGET_DIAGNOSTIC,46,181081,0,1050,44ed84b4669feb7d21c8675b940db81c57fc1af333ebd635090874de25039e91,PREDICTIONS_FROZEN,False
35,TARGET_ASSISTED_LABELLED_TARGET_DIAGNOSTIC,46,181081,0,1050,22c8568bec81a81587a769055721b229a7a7ce66049024c3b6b1c6b17b499671,PREDICTIONS_FROZEN,False
50,TARGET_ASSISTED_LABELLED_TARGET_DIAGNOSTIC,46,181081,0,1050,74e5a02c61e739a7f15244883b244008de0f66d650a463f1e3952ad85fb83449,PREDICTIONS_FROZEN,False
100,TARGET_ASSISTED_LABELLED_TARGET_DIAGNOSTIC,46,181081,0,1050,a2b5a3c072686a8722565c4fc37bd10770afb9d1aa546a66d2d1d40933d906ab,PREDICTIONS_FROZEN,False
200,TARGET_ASSISTED_LABELLED_TARGET_DIAGNOSTIC,46,181081,0,1050,1733fb0a349d262328ca27828186f88956c22646a0344ad6c905357ada4ee29f,PREDICTIONS_FROZEN,False
500,TARGET_ASSISTED_LABELLED_TARGET_DIAGNOSTIC,46,181081,0,1050,9993b7f700a5f91f25eedbb54c711189e13adbe8240632ee629d34c5468ae03f,PREDICTIONS_FROZEN,False
7,TARGET_ASSISTED_LABELLED_TARGET_DIAGNOSTIC,46,205439,0,1050,2173c5ee00abe66e674dbdcc76390e1fa378b947c443eec1a33881082ccec2cd,PREDICTIONS_FROZEN,False
10,TARGET_ASSISTED_LABELLED_TARGET_DIAGNOSTIC,46,205439,0,1050,bf2c3d529131f1d5a2eee1fe25e85040e033a94e7bf8e5142feff39ea8737f8e,PREDICTIONS_FROZEN,False
20,TARGET_ASSISTED_LABELLED_TARGET_DIAGNOSTIC,46,205439,0,1050,241a248ff6cc54cb093af59a7c897911bcb85258f07e89e5ac31c6a84bfbfebe,PREDICTIONS_FROZEN,False
21,TARGET_ASSISTED_LABELLED_TARGET_DIAGNOSTIC,46,205439,0,1050,90ecf5d85af8e7f81e174075e0e89719ec07df8c74c67f1805954328bdb3a294,PREDICTIONS_FROZEN,False
35,TARGET_ASSISTED_LABELLED_TARGET_DIAGNOSTIC,46,205439,0,1050,430264c827be84b04f4edabae39a5b6e588227d8aa0fdc8ea19d9b743e81b62b,PREDICTIONS_FROZEN,False
50,TARGET_ASSISTED_LABELLED_TARGET_DIAGNOSTIC,46,205439,0,1050,3392af2e757de77e6cef13433719492ef077a6a668b9ea5d272694f901f52e75,PREDICTIONS_FROZEN,False
100,TARGET_ASSISTED_LABELLED_TARGET_DIAGNOSTIC,46,205439,0,1050,45e74621c1e4b115f0230e25f483e6b6fe819d464077ceceedf52da47d4a1195,PREDICTIONS_FROZEN,False
200,TARGET_ASSISTED_LABELLED_TARGET_DIAGNOSTIC,46,205439,0,1050,95229a26bd59f4d0af08d14bface42969da929a4d303771a931c3234a1e608fa,PREDICTIONS_FROZEN,False
500,TARGET_ASSISTED_LABELLED_TARGET_DIAGNOSTIC,46,205439,0,1050,8c8d9ffbfee359b80f30622e7a01ab78bf3f0c19b29b1ac70f88fd3a942ba7bc,PREDICTIONS_FROZEN,False
7,TARGET_ASSISTED_LABELLED_TARGET_DIAGNOSTIC,46,230003,0,1050,9bb722b3cc8b123a8424ee70de828cc9ae1eafeedb7bf86eb877cbd5db1e8dee,PREDICTIONS_FROZEN,False
10,TARGET_ASSISTED_LABELLED_TARGET_DIAGNOSTIC,46,230003,0,1050,10e84a4b8e8885a0c0da73b3544ef38bc1d7076604d7a1288112739d0ff65597,PREDICTIONS_FROZEN,False
20,TARGET_ASSISTED_LABELLED_TARGET_DIAGNOSTIC,46,230003,0,1050,903da797aed24bffb17f49f83b49ebbf7cf6635d36e044ae771cbe28dcfa4096,PREDICTIONS_FROZEN,False
21,TARGET_ASSISTED_LABELLED_TARGET_DIAGNOSTIC,46,230003,0,1050,3a30a0cc998516b9c50f3a0cdfc4eed0f91af43eed9950c7ff3b30fd4ac556f4,PREDICTIONS_FROZEN,False
35,TARGET_ASSISTED_LABELLED_TARGET_DIAGNOSTIC,46,230003,0,1050,1bd7d4d316d835c79429bb58aa6b5d53108d2b1fe883748fa7dee567a311d604,PREDICTIONS_FROZEN,False
50,TARGET_ASSISTED_LABELLED_TARGET_DIAGNOSTIC,46,230003,0,1050,a9b99247e3245be5ffd4a1aaa1d96e367bfd13a4bfdaf9ac95ecb2e0507bb463,PREDICTIONS_FROZEN,False
100,TARGET_ASSISTED_LABELLED_TARGET_DIAGNOSTIC,46,230003,0,1050,023e546ce3d732ad81862fddd9bf2e0836e7549bf720619c9d9cf903a803f1f8,PREDICTIONS_FROZEN,False
200,TARGET_ASSISTED_LABELLED_TARGET_DIAGNOSTIC,46,230003,0,1050,546ba9e2739ac37f207458e5299f4126dc8ac161e86ed1ac2a2c5d9b7bfae4a4,PREDICTIONS_FROZEN,False
500,TARGET_ASSISTED_LABELLED_TARGET_DIAGNOSTIC,46,230003,0,1050,a5489287bf193b0076767f5948a04479e57dfcdfc834253fc255d8693159cf20,PREDICTIONS_FROZEN,False
7,TARGET_ASSISTED_LABELLED_TARGET_DIAGNOSTIC,46,254959,0,1050,b17ac875cae9584ec21a1fbaa44eff22b5abc7c2ff345362f6b2adfd8e4b9b8c,PREDICTIONS_FROZEN,False
10,TARGET_ASSISTED_LABELLED_TARGET_DIAGNOSTIC,46,254959,0,1050,40696ff313d59f47b465c5dc7ac940c3d3e9b9f42dcb5ab0364d8142b03db149,PREDICTIONS_FROZEN,False
20,TARGET_ASSISTED_LABELLED_TARGET_DIAGNOSTIC,46,254959,0,1050,9e4d151a153a395a33bb489d35c65b1fa21258b1130f46fdaa9d65b282f049f7,PREDICTIONS_FROZEN,False
21,TARGET_ASSISTED_LABELLED_TARGET_DIAGNOSTIC,46,254959,0,1050,11317a7458150c1f5e1a9be81166bd9cf6e7aa1ef7297040a880aacd36044fdf,PREDICTIONS_FROZEN,False
35,TARGET_ASSISTED_LABELLED_TARGET_DIAGNOSTIC,46,254959,0,1050,61ebd55d40b4354a447e81b3688ca55a3d2c2a00b4cd7842653b5f0c38af1bc4,PREDICTIONS_FROZEN,False
50,TARGET_ASSISTED_LABELLED_TARGET_DIAGNOSTIC,46,254959,0,1050,88975007038eddddf39fd44eaee2d68e3e7e62c570bfcae4f7b5d39745e1c114,PREDICTIONS_FROZEN,False
100,TARGET_ASSISTED_LABELLED_TARGET_DIAGNOSTIC,46,254959,0,1050,f35f4200c1be1a19418c57ff9e9046860d42c59556e1bccfa253de9a83783d3e,PREDICTIONS_FROZEN,False
200,TARGET_ASSISTED_LABELLED_TARGET_DIAGNOSTIC,46,254959,0,1050,de28575fd0406fced633c836f9ec932a60d50491ab88f47408a2446006672ed8,PREDICTIONS_FROZEN,False
500,TARGET_ASSISTED_LABELLED_TARGET_DIAGNOSTIC,46,254959,0,1050,5b5786defb0c7d40e8480dfd7fa96a714a78ce6e062c6f872a8d7d034d1db42b,PREDICTIONS_FROZEN,False
7,TARGET_ASSISTED_LABELLED_TARGET_DIAGNOSTIC,46,280001,0,1050,cab02d1cc91818d168516e32b295ae49c80939a2df7ee666e26e964dfd0edac4,PREDICTIONS_FROZEN,False
10,TARGET_ASSISTED_LABELLED_TARGET_DIAGNOSTIC,46,280001,0,1050,93f994d3f172860e042c08cfd60fa3671a7eb4fd311454d10665b09d659fbaa6,PREDICTIONS_FROZEN,False
20,TARGET_ASSISTED_LABELLED_TARGET_DIAGNOSTIC,46,280001,0,1050,ed1bf9cb0eb17d3f037f637386bf61e35e95288e08250a783641ea44077f8d91,PREDICTIONS_FROZEN,False
21,TARGET_ASSISTED_LABELLED_TARGET_DIAGNOSTIC,46,280001,0,1050,259a6a940e1d03add3bcf595bbcc117eeea0e04096c5ff27aab291580c2ab675,PREDICTIONS_FROZEN,False
35,TARGET_ASSISTED_LABELLED_TARGET_DIAGNOSTIC,46,280001,0,1050,690eae75316997edef612c1a83dd51ac9ea1286314dafda5c35dcfd294a6a50b,PREDICTIONS_FROZEN,False
50,TARGET_ASSISTED_LABELLED_TARGET_DIAGNOSTIC,46,280001,0,1050,dd2d284fcf74acf4b462caf285e54d12540233ed87029a10e151a2f59bcaa8a6,PREDICTIONS_FROZEN,False
100,TARGET_ASSISTED_LABELLED_TARGET_DIAGNOSTIC,46,280001,0,1050,af35e4d7d98fc179265b78064aff66339c105ec1da262e96341fcd6068cec342,PREDICTIONS_FROZEN,False
200,TARGET_ASSISTED_LABELLED_TARGET_DIAGNOSTIC,46,280001,0,1050,746a6c98cfe184194113bfc6828fdb1d4a23811a7459c615afe05a7d932e1064,PREDICTIONS_FROZEN,False
500,TARGET_ASSISTED_LABELLED_TARGET_DIAGNOSTIC,46,280001,0,1050,9eff1a7a89f6bc366230e8aaa9fd59e3efbc22b7b99294afa5a8df6a45a37674,PREDICTIONS_FROZEN,False
7,TARGET_ASSISTED_LABELLED_TARGET_DIAGNOSTIC,46,305093,0,1050,7c64c7b67e9ab149e1608c2fb9a8444b025c1eeb83e69fd8808da2cbb4a041b7,PREDICTIONS_FROZEN,False
10,TARGET_ASSISTED_LABELLED_TARGET_DIAGNOSTIC,46,305093,0,1050,716c2ef2633a23cdb4827fe82459277a5c176892383082a8789d88d650e6370e,PREDICTIONS_FROZEN,False
20,TARGET_ASSISTED_LABELLED_TARGET_DIAGNOSTIC,46,305093,0,1050,04ba0f18c6a5f631b555f3cca62b74633b67346d324a550359eaf3838c73b886,PREDICTIONS_FROZEN,False
21,TARGET_ASSISTED_LABELLED_TARGET_DIAGNOSTIC,46,305093,0,1050,b615317fb0f8624067ca070fb94285703847f5fa9093abecdcf72cf10b283914,PREDICTIONS_FROZEN,False
35,TARGET_ASSISTED_LABELLED_TARGET_DIAGNOSTIC,46,305093,0,1050,e9304568ff6680a9645467320dc9e33c4debc06c354a2c7be700048d4c069d44,PREDICTIONS_FROZEN,False
50,TARGET_ASSISTED_LABELLED_TARGET_DIAGNOSTIC,46,305093,0,1050,5ff5c8b8faef05423e65836c620c87688c7bf87c3201ea13cd92c5d4315e2f5e,PREDICTIONS_FROZEN,False
100,TARGET_ASSISTED_LABELLED_TARGET_DIAGNOSTIC,46,305093,0,1050,e877328d8ae65d508712bdaf06041cecef2db979aec8f114c6d8787ee2435910,PREDICTIONS_FROZEN,False
200,TARGET_ASSISTED_LABELLED_TARGET_DIAGNOSTIC,46,305093,0,1050,79e6fbddc087101f3a7a356abfc7e888632c1074ebe5b79ad37326881fdb247d,PREDICTIONS_FROZEN,False
500,TARGET_ASSISTED_LABELLED_TARGET_DIAGNOSTIC,46,305093,0,1050,9993b7f700a5f91f25eedbb54c711189e13adbe8240632ee629d34c5468ae03f,PREDICTIONS_FROZEN,False
7,TARGET_ASSISTED_LABELLED_TARGET_DIAGNOSTIC,46,330017,0,1050,8b0ab8781bc548bb568ed0658b4d7106e4af7fbe750220cf32d3164862db9d94,PREDICTIONS_FROZEN,False
10,TARGET_ASSISTED_LABELLED_TARGET_DIAGNOSTIC,46,330017,0,1050,26fb42d4cdac03fc8a17205acb3c1870d2c5b8fcede8a3577500b95f6c7bd4c7,PREDICTIONS_FROZEN,False
20,TARGET_ASSISTED_LABELLED_TARGET_DIAGNOSTIC,46,330017,0,1050,580401a9328ded293829c6ec75d396433fc4843c80e8749795fc0e14613aaca7,PREDICTIONS_FROZEN,False
21,TARGET_ASSISTED_LABELLED_TARGET_DIAGNOSTIC,46,330017,0,1050,8e0376f163f20cba4dbf43d7bdeecf53b8f7119b54d275f4fb5fcba655e810d1,PREDICTIONS_FROZEN,False
35,TARGET_ASSISTED_LABELLED_TARGET_DIAGNOSTIC,46,330017,0,1050,889f18352a7aa2e49ea772d2801171b6c043c032b4c471a51f80b0d8969bcfb7,PREDICTIONS_FROZEN,False
50,TARGET_ASSISTED_LABELLED_TARGET_DIAGNOSTIC,46,330017,0,1050,d41d5330d1cbb622ba3aa228b99e9119a980703e7b331cac5e4d39157401f316,PREDICTIONS_FROZEN,False
100,TARGET_ASSISTED_LABELLED_TARGET_DIAGNOSTIC,46,330017,0,1050,fa66556f3655d050cb592bb192e640806a079f3a101ed192eb4a254d29180096,PREDICTIONS_FROZEN,False
200,TARGET_ASSISTED_LABELLED_TARGET_DIAGNOSTIC,46,330017,0,1050,a83f0ec72d13d885ab98147ef2e49631488cec5d16a2f875e3e89f193a140d66,PREDICTIONS_FROZEN,False
500,TARGET_ASSISTED_LABELLED_TARGET_DIAGNOSTIC,46,330017,0,1050,9eff1a7a89f6bc366230e8aaa9fd59e3efbc22b7b99294afa5a8df6a45a37674,PREDICTIONS_FROZEN,False
7,TARGET_ASSISTED_LABELLED_TARGET_DIAGNOSTIC,46,355031,0,1050,60bf21a4f2090f71d5b3038f5bed3933d3699b5e09c63b67372c1ec9b905e1f8,PREDICTIONS_FROZEN,False
10,TARGET_ASSISTED_LABELLED_TARGET_DIAGNOSTIC,46,355031,0,1050,b6881ef88b71f5c108dc161c79a088588176078aacdb81e4785a5284408c1cee,PREDICTIONS_FROZEN,False
20,TARGET_ASSISTED_LABELLED_TARGET_DIAGNOSTIC,46,355031,0,1050,27c47a9dfb1b064024ce7acd853e24f85b7611973f7020746ff7f00e8e16075a,PREDICTIONS_FROZEN,False
21,TARGET_ASSISTED_LABELLED_TARGET_DIAGNOSTIC,46,355031,0,1050,b9d6d4103ff3b295b7b17f4eb3b7038d6d47a4e9027d33f0cfa984959b302ada,PREDICTIONS_FROZEN,False
35,TARGET_ASSISTED_LABELLED_TARGET_DIAGNOSTIC,46,355031,0,1050,018e2d39e169329262c9ab7afda7745bb6ebe2dd2ff443bd1c6cac2b87ee6b3e,PREDICTIONS_FROZEN,False
50,TARGET_ASSISTED_LABELLED_TARGET_DIAGNOSTIC,46,355031,0,1050,b9de684575bcfca1c07a47e36e3836d8bec86e3e8d1b8621375823a528f0df1f,PREDICTIONS_FROZEN,False
100,TARGET_ASSISTED_LABELLED_TARGET_DIAGNOSTIC,46,355031,0,1050,15cfe968ef4affcb18e8c6bfe460811d00079856034f697b42bc84aafaa5e2e6,PREDICTIONS_FROZEN,False
200,TARGET_ASSISTED_LABELLED_TARGET_DIAGNOSTIC,46,355031,0,1050,8a1ecdfd9e2414dad9cd21492de40eb67ec151b6d85bd56ad8406bf441d011ce,PREDICTIONS_FROZEN,False
500,TARGET_ASSISTED_LABELLED_TARGET_DIAGNOSTIC,46,355031,0,1050,8a70407777ab565c5bb9e0ca516fae9d15b5e8d9aa80e765055a07dbbc8bb6f2,PREDICTIONS_FROZEN,False
7,TARGET_ASSISTED_LABELLED_TARGET_DIAGNOSTIC,46,380041,0,1050,3a6032df2a64cc6a92e278d1fa2e358b60e9759898a1392a837f4e969009be95,PREDICTIONS_FROZEN,False
10,TARGET_ASSISTED_LABELLED_TARGET_DIAGNOSTIC,46,380041,0,1050,0b7f9e0664616553e8ad5be62807473ca84830e37d75db161d7fbce0b6d4d6a1,PREDICTIONS_FROZEN,False
20,TARGET_ASSISTED_LABELLED_TARGET_DIAGNOSTIC,46,380041,0,1050,9a5826a12bd6304e6f566d20fdcea9a4539326f346c5c2ce733c9ece383b9fb3,PREDICTIONS_FROZEN,False
21,TARGET_ASSISTED_LABELLED_TARGET_DIAGNOSTIC,46,380041,0,1050,7bee9524e0a586766c02a537252ff1eab92ba5968388d91a027317d6c8783d0e,PREDICTIONS_FROZEN,False
35,TARGET_ASSISTED_LABELLED_TARGET_DIAGNOSTIC,46,380041,0,1050,45e74621c1e4b115f0230e25f483e6b6fe819d464077ceceedf52da47d4a1195,PREDICTIONS_FROZEN,False
50,TARGET_ASSISTED_LABELLED_TARGET_DIAGNOSTIC,46,380041,0,1050,329eb23b3fe0ead81f59517987e3a6a43c4a7807d0ff422159a358d261acbac0,PREDICTIONS_FROZEN,False
100,TARGET_ASSISTED_LABELLED_TARGET_DIAGNOSTIC,46,380041,0,1050,c9e00faa62b514b70e109eeaad4ba66e2680c8939aa64c2bcf088b4fc5481f1e,PREDICTIONS_FROZEN,False
200,TARGET_ASSISTED_LABELLED_TARGET_DIAGNOSTIC,46,380041,0,1050,60d42b349bd313efddb9c0d22ccf3f2b02df0a7e39ffa1becf353b0ab3c7d7f1,PREDICTIONS_FROZEN,False
500,TARGET_ASSISTED_LABELLED_TARGET_DIAGNOSTIC,46,380041,0,1050,9993b7f700a5f91f25eedbb54c711189e13adbe8240632ee629d34c5468ae03f,PREDICTIONS_FROZEN,False
7,TARGET_ASSISTED_LABELLED_TARGET_DIAGNOSTIC,46,405019,0,1050,30c0a87ef3f0cfdd27a5d4313255d894282eda10593a4e239163b90ad640b63d,PREDICTIONS_FROZEN,False
10,TARGET_ASSISTED_LABELLED_TARGET_DIAGNOSTIC,46,405019,0,1050,51a389286bf65e00344ab7c1ca12dc1e2b6fe33226f4aceee08ff85c2716e7a1,PREDICTIONS_FROZEN,False
20,TARGET_ASSISTED_LABELLED_TARGET_DIAGNOSTIC,46,405019,0,1050,57b02eed841fbe57c2bb301581a09a9170054fffb22254c5f22b1bd75bca3515,PREDICTIONS_FROZEN,False
21,TARGET_ASSISTED_LABELLED_TARGET_DIAGNOSTIC,46,405019,0,1050,2afde033cb4231ae9616f4701db1dc15959e3705f7cec245c9e3cfc7b56cf39e,PREDICTIONS_FROZEN,False
35,TARGET_ASSISTED_LABELLED_TARGET_DIAGNOSTIC,46,405019,0,1050,3910651dd4f48c60cdcbf5b81693dfa8f7b9d642d15c8de2aaceb8ff6838caa6,PREDICTIONS_FROZEN,False
50,TARGET_ASSISTED_LABELLED_TARGET_DIAGNOSTIC,46,405019,0,1050,8a059f4e955b25fb6d3683d123dea274f07818bba60d8749ff78308912409e82,PREDICTIONS_FROZEN,False
100,TARGET_ASSISTED_LABELLED_TARGET_DIAGNOSTIC,46,405019,0,1050,646a09c53c4d1612421ebf9271ddb1e07d27857f45de1666c5d75bd6542d9227,PREDICTIONS_FROZEN,False
200,TARGET_ASSISTED_LABELLED_TARGET_DIAGNOSTIC,46,405019,0,1050,5f294b9285282fbec12a926467e8be525fd09313d76eabf45d21f95145673bda,PREDICTIONS_FROZEN,False
500,TARGET_ASSISTED_LABELLED_TARGET_DIAGNOSTIC,46,405019,0,1050,a5489287bf193b0076767f5948a04479e57dfcdfc834253fc255d8693159cf20,PREDICTIONS_FROZEN,False
7,TARGET_ASSISTED_LABELLED_TARGET_DIAGNOSTIC,46,430007,0,1050,a8ad516681e5e6f2150ffa097901f8ab5b9cfe69b63060b23d9a517c5bd396dc,PREDICTIONS_FROZEN,False
10,TARGET_ASSISTED_LABELLED_TARGET_DIAGNOSTIC,46,430007,0,1050,ad3931b3651ba35d459fb1e243ec6c9e822d5098a2ad665eb4fca3f7ad3834e5,PREDICTIONS_FROZEN,False
20,TARGET_ASSISTED_LABELLED_TARGET_DIAGNOSTIC,46,430007,0,1050,464d57366ba1a325a8d77b4bbd01c6197fb07964d680b80249dccbe701e04121,PREDICTIONS_FROZEN,False
21,TARGET_ASSISTED_LABELLED_TARGET_DIAGNOSTIC,46,430007,0,1050,3a30a0cc998516b9c50f3a0cdfc4eed0f91af43eed9950c7ff3b30fd4ac556f4,PREDICTIONS_FROZEN,False
35,TARGET_ASSISTED_LABELLED_TARGET_DIAGNOSTIC,46,430007,0,1050,90ce13c020584c59039d23633ba7c87cbcc7b91873bdf8ca6cf5a5028356f566,PREDICTIONS_FROZEN,False
50,TARGET_ASSISTED_LABELLED_TARGET_DIAGNOSTIC,46,430007,0,1050,e0bccaeb60005bbd646b038ecddd6d13d1c9a2a8a89b79113fcf514004bbf5ed,PREDICTIONS_FROZEN,False
100,TARGET_ASSISTED_LABELLED_TARGET_DIAGNOSTIC,46,430007,0,1050,a5489287bf193b0076767f5948a04479e57dfcdfc834253fc255d8693159cf20,PREDICTIONS_FROZEN,False
200,TARGET_ASSISTED_LABELLED_TARGET_DIAGNOSTIC,46,430007,0,1050,046a2ac4e2e87aa47a3755fe6021c9d238abfbf4eb78659f27d9230dee67f67f,PREDICTIONS_FROZEN,False
500,TARGET_ASSISTED_LABELLED_TARGET_DIAGNOSTIC,46,430007,0,1050,e6798958f767ec6b91c8bfd666bd5e068828330bb42fdc62b2d6880897354f5f,PREDICTIONS_FROZEN,False
7,TARGET_ASSISTED_LABELLED_TARGET_DIAGNOSTIC,46,455003,0,1050,8b0ab8781bc548bb568ed0658b4d7106e4af7fbe750220cf32d3164862db9d94,PREDICTIONS_FROZEN,False
10,TARGET_ASSISTED_LABELLED_TARGET_DIAGNOSTIC,46,455003,0,1050,f27230584045c7667b913ba2bc3a2a2de837e00017d3708bc5746f89c26e5790,PREDICTIONS_FROZEN,False
20,TARGET_ASSISTED_LABELLED_TARGET_DIAGNOSTIC,46,455003,0,1050,0834efa7ae37880480e2e5fc4b9a3aa3c77bd896691a0768b9040c5e984da306,PREDICTIONS_FROZEN,False
21,TARGET_ASSISTED_LABELLED_TARGET_DIAGNOSTIC,46,455003,0,1050,af97e099bf571ab6589e8f0f2a3844aa6b874c63ccabf932ca2cc98ee3c21018,PREDICTIONS_FROZEN,False
35,TARGET_ASSISTED_LABELLED_TARGET_DIAGNOSTIC,46,455003,0,1050,21e49d769c7245480aeada58382f6c5e03838841dd633e1d7bbc12866330c598,PREDICTIONS_FROZEN,False
50,TARGET_ASSISTED_LABELLED_TARGET_DIAGNOSTIC,46,455003,0,1050,c1370ccb592465f2939feed3c9f4101c3ef737eb9efbffe86ec87b5557fd7c15,PREDICTIONS_FROZEN,False
100,TARGET_ASSISTED_LABELLED_TARGET_DIAGNOSTIC,46,455003,0,1050,90cb5ac2a3103f581555c9d457287a0590effaa0039ae371d8fa266b195861e3,PREDICTIONS_FROZEN,False
200,TARGET_ASSISTED_LABELLED_TARGET_DIAGNOSTIC,46,455003,0,1050,15cfe968ef4affcb18e8c6bfe460811d00079856034f697b42bc84aafaa5e2e6,PREDICTIONS_FROZEN,False
500,TARGET_ASSISTED_LABELLED_TARGET_DIAGNOSTIC,46,455003,0,1050,a5489287bf193b0076767f5948a04479e57dfcdfc834253fc255d8693159cf20,PREDICTIONS_FROZEN,False
7,TARGET_ASSISTED_LABELLED_TARGET_DIAGNOSTIC,46,480017,0,1050,b17ac875cae9584ec21a1fbaa44eff22b5abc7c2ff345362f6b2adfd8e4b9b8c,PREDICTIONS_FROZEN,False
10,TARGET_ASSISTED_LABELLED_TARGET_DIAGNOSTIC,46,480017,0,1050,c68f6a6d0dde971b9e01659645c7ca0e5a127913a29281331ff3459b7fb5fe44,PREDICTIONS_FROZEN,False
20,TARGET_ASSISTED_LABELLED_TARGET_DIAGNOSTIC,46,480017,0,1050,bfd7ba6eee430ff836cad98cfb778ca73a13be88f0df03b4da1912740b54e312,PREDICTIONS_FROZEN,False
21,TARGET_ASSISTED_LABELLED_TARGET_DIAGNOSTIC,46,480017,0,1050,4b2e017a3364f6b45570c6667580af7aaf436a8477fdb4991bacd189911e0d15,PREDICTIONS_FROZEN,False
35,TARGET_ASSISTED_LABELLED_TARGET_DIAGNOSTIC,46,480017,0,1050,0c98d10db73760df93310e5cd601f2e94bb3e1511063c220ce411d379575ae58,PREDICTIONS_FROZEN,False
50,TARGET_ASSISTED_LABELLED_TARGET_DIAGNOSTIC,46,480017,0,1050,7811ef5724c2b474c84f7395bac256d2668e1d2c463e0cd3a9724ddba6692e6b,PREDICTIONS_FROZEN,False
100,TARGET_ASSISTED_LABELLED_TARGET_DIAGNOSTIC,46,480017,0,1050,e2855d6027309b01cc6bf14444480f0b5af754f883f6034e5363dc968a7e3bc4,PREDICTIONS_FROZEN,False
200,TARGET_ASSISTED_LABELLED_TARGET_DIAGNOSTIC,46,480017,0,1050,95229a26bd59f4d0af08d14bface42969da929a4d303771a931c3234a1e608fa,PREDICTIONS_FROZEN,False
500,TARGET_ASSISTED_LABELLED_TARGET_DIAGNOSTIC,46,480017,0,1050,9993b7f700a5f91f25eedbb54c711189e13adbe8240632ee629d34c5468ae03f,PREDICTIONS_FROZEN,False
7,TARGET_ASSISTED_LABELLED_TARGET_DIAGNOSTIC,46,505027,0,1050,ffd624eac971902c3f60690f64734db0598b06265da2dc7af4e8b7270817edd2,PREDICTIONS_FROZEN,False
10,TARGET_ASSISTED_LABELLED_TARGET_DIAGNOSTIC,46,505027,0,1050,96ebb79d0bbedd0b1a7c7b3993513bda0f84f3da90ba0dc08e4484eccbd2b099,PREDICTIONS_FROZEN,False
20,TARGET_ASSISTED_LABELLED_TARGET_DIAGNOSTIC,46,505027,0,1050,42789834194572498d4551d12284326403643683a485599536d73259859eca62,PREDICTIONS_FROZEN,False
21,TARGET_ASSISTED_LABELLED_TARGET_DIAGNOSTIC,46,505027,0,1050,d83f369db9e0f47dee86e9b16168260da0e8b2ac8575f5e02a8192cbee896bd5,PREDICTIONS_FROZEN,False
35,TARGET_ASSISTED_LABELLED_TARGET_DIAGNOSTIC,46,505027,0,1050,ccc8de0441e2eff6dd6c3ff4dd6887565a868b3443a0517c94e56e030186f38f,PREDICTIONS_FROZEN,False
50,TARGET_ASSISTED_LABELLED_TARGET_DIAGNOSTIC,46,505027,0,1050,37fa23eb4734aa00bf9f93769330ed7bbde78baeb939cff5a535fcd892625e69,PREDICTIONS_FROZEN,False
100,TARGET_ASSISTED_LABELLED_TARGET_DIAGNOSTIC,46,505027,0,1050,b9b8319dc6cbe4bde2c21d238895c1326854bf27572f3c9fbde961ea617d31ba,PREDICTIONS_FROZEN,False
200,TARGET_ASSISTED_LABELLED_TARGET_DIAGNOSTIC,46,505027,0,1050,9993b7f700a5f91f25eedbb54c711189e13adbe8240632ee629d34c5468ae03f,PREDICTIONS_FROZEN,False
500,TARGET_ASSISTED_LABELLED_TARGET_DIAGNOSTIC,46,505027,0,1050,9993b7f700a5f91f25eedbb54c711189e13adbe8240632ee629d34c5468ae03f,PREDICTIONS_FROZEN,False
7,TARGET_ASSISTED_LABELLED_TARGET_DIAGNOSTIC,46,530017,0,1050,18e54c70012c1edc4c6f2ed5ebac1fb9288531895d3c7ebb70b2bd6e2c598762,PREDICTIONS_FROZEN,False
10,TARGET_ASSISTED_LABELLED_TARGET_DIAGNOSTIC,46,530017,0,1050,b6920823c7ebacaa22ce9809fe39c9d668d598d733953f796cdb0892ae146dfc,PREDICTIONS_FROZEN,False
20,TARGET_ASSISTED_LABELLED_TARGET_DIAGNOSTIC,46,530017,0,1050,51138a0ec844f2ac2ee82d508be663f4dc1267868614474bee7a636e66b93254,PREDICTIONS_FROZEN,False
21,TARGET_ASSISTED_LABELLED_TARGET_DIAGNOSTIC,46,530017,0,1050,bb11f6aa628d2a300d564b166e978bdc171a2c9272e248f17e563df6f101869b,PREDICTIONS_FROZEN,False
35,TARGET_ASSISTED_LABELLED_TARGET_DIAGNOSTIC,46,530017,0,1050,c6f76b82e34ec892b026398709bc5421ac705068b31fefcdb826cf3fb90e2e7e,PREDICTIONS_FROZEN,False
50,TARGET_ASSISTED_LABELLED_TARGET_DIAGNOSTIC,46,530017,0,1050,c40dbc71e011245d845f77bf5493193ce6a0edcab6ef8f88b1358a774619cf69,PREDICTIONS_FROZEN,False
100,TARGET_ASSISTED_LABELLED_TARGET_DIAGNOSTIC,46,530017,0,1050,397a307de65585aa9e8d9cdff956fb2be4c19080645d4e464514d8c223cc18ff,PREDICTIONS_FROZEN,False
200,TARGET_ASSISTED_LABELLED_TARGET_DIAGNOSTIC,46,530017,0,1050,8e48dea802f70ca890a3018bad6e1faba5086efa3f927a88615f8fe25282fdfe,PREDICTIONS_FROZEN,False
500,TARGET_ASSISTED_LABELLED_TARGET_DIAGNOSTIC,46,530017,0,1050,a5489287bf193b0076767f5948a04479e57dfcdfc834253fc255d8693159cf20,PREDICTIONS_FROZEN,False
7,TARGET_ASSISTED_LABELLED_TARGET_DIAGNOSTIC,46,555029,0,1050,39b1e52ca11070dc63ee550e4db515283eb5f219da8203123634a1a4ceff892d,PREDICTIONS_FROZEN,False
10,TARGET_ASSISTED_LABELLED_TARGET_DIAGNOSTIC,46,555029,0,1050,7db2bd3f6495a46c96e4347104e2619db3422a1f431dbc50fd8ebb929a7b7bbc,PREDICTIONS_FROZEN,False
20,TARGET_ASSISTED_LABELLED_TARGET_DIAGNOSTIC,46,555029,0,1050,a0987b830f4e9f75d7a991e8a566a3d468f486c4a5ad441d9424e999c76753af,PREDICTIONS_FROZEN,False
21,TARGET_ASSISTED_LABELLED_TARGET_DIAGNOSTIC,46,555029,0,1050,5a4a429cb145ec8e61f76310d9c6c99b6fbd44a2fc0d6d4e5be378a9564826bd,PREDICTIONS_FROZEN,False
35,TARGET_ASSISTED_LABELLED_TARGET_DIAGNOSTIC,46,555029,0,1050,15f7079197c71ac8283e3810db25d72106e3d1fc3301c7b3a56382dabe6d060b,PREDICTIONS_FROZEN,False
50,TARGET_ASSISTED_LABELLED_TARGET_DIAGNOSTIC,46,555029,0,1050,b6db9bc9ab582b8bf886620a3bcb13b74499b3063ae9617aba6686151c1b7043,PREDICTIONS_FROZEN,False
100,TARGET_ASSISTED_LABELLED_TARGET_DIAGNOSTIC,46,555029,0,1050,d78522524a49c17bd2da54f8167b5eefd7952a66fb488daa2bab31532afc6704,PREDICTIONS_FROZEN,False
200,TARGET_ASSISTED_LABELLED_TARGET_DIAGNOSTIC,46,555029,0,1050,671c7a297e397f6be7149c08977bdc69bc6cf0024c7e1fcbc1453559e30e1734,PREDICTIONS_FROZEN,False
500,TARGET_ASSISTED_LABELLED_TARGET_DIAGNOSTIC,46,555029,0,1050,8c8d9ffbfee359b80f30622e7a01ab78bf3f0c19b29b1ac70f88fd3a942ba7bc,PREDICTIONS_FROZEN,False
7,TARGET_ASSISTED_LABELLED_TARGET_DIAGNOSTIC,46,580031,0,1050,a8ad516681e5e6f2150ffa097901f8ab5b9cfe69b63060b23d9a517c5bd396dc,PREDICTIONS_FROZEN,False
10,TARGET_ASSISTED_LABELLED_TARGET_DIAGNOSTIC,46,580031,0,1050,66d032227af063b922f1a700e6c6d9cf987074a6c2a97b7dba8e1ca67e8daeef,PREDICTIONS_FROZEN,False
20,TARGET_ASSISTED_LABELLED_TARGET_DIAGNOSTIC,46,580031,0,1050,caa54403fb6738eec66d2a9ad82cce6adced75e18a14349a8b5dda052925c928,PREDICTIONS_FROZEN,False
21,TARGET_ASSISTED_LABELLED_TARGET_DIAGNOSTIC,46,580031,0,1050,d4b190953cb46bf02368ebb1d0e3bb6457eda55327dab3d3dac41fd66208be33,PREDICTIONS_FROZEN,False
35,TARGET_ASSISTED_LABELLED_TARGET_DIAGNOSTIC,46,580031,0,1050,8fefa362a5c6480cdb77839169185bc8a6043448a6d4eaa03d7b4ec15adfbd51,PREDICTIONS_FROZEN,False
50,TARGET_ASSISTED_LABELLED_TARGET_DIAGNOSTIC,46,580031,0,1050,b497f638c8b823a7cd45d789ad10ccc7c93406a303cda60e0ba7f88938ccc47a,PREDICTIONS_FROZEN,False
100,TARGET_ASSISTED_LABELLED_TARGET_DIAGNOSTIC,46,580031,0,1050,3ad464e85420cf95db5cf8d6ea5df8b7a234f22055137fc558f6481118ffc8d5,PREDICTIONS_FROZEN,False
200,TARGET_ASSISTED_LABELLED_TARGET_DIAGNOSTIC,46,580031,0,1050,c7956740258932a31452ba7e0c79b143aa20e121d03562a69a3d76fe2a5b65a9,PREDICTIONS_FROZEN,False
500,TARGET_ASSISTED_LABELLED_TARGET_DIAGNOSTIC,46,580031,0,1050,4b31c6a2d10e1b30ef27ba882ec17a5329067dc6941112676f9351a31f0d9dee,PREDICTIONS_FROZEN,False
0,STRICT_SOURCE_ONLY_DG,46,,1,1050,5c47c3f9ce9a748a02fbc45a6be9cbbf5e1cc3d59e59b3ccb3d0a58ec5b42523,PREDICTIONS_FROZEN,False
7,TARGET_ASSISTED_LABELLED_TARGET_DIAGNOSTIC,46,104729,1,1050,80a9f239c3ae203fd565b7be73e4827fd25bc0d9133f086fd9001dbc88f5e557,PREDICTIONS_FROZEN,False
10,TARGET_ASSISTED_LABELLED_TARGET_DIAGNOSTIC,46,104729,1,1050,b9be9f8a7add473472606268accd39f5a6577ecb35c86f8915e62fb334936c06,PREDICTIONS_FROZEN,False
20,TARGET_ASSISTED_LABELLED_TARGET_DIAGNOSTIC,46,104729,1,1050,4140444733280f98997d5a9b69310751145051e2484da5c09ebca008295711aa,PREDICTIONS_FROZEN,False
21,TARGET_ASSISTED_LABELLED_TARGET_DIAGNOSTIC,46,104729,1,1050,bc8b8de7d3f6a0c418b23dc5060e49a06e1cd2888c5d4fb03d92aec004c46f29,PREDICTIONS_FROZEN,False
35,TARGET_ASSISTED_LABELLED_TARGET_DIAGNOSTIC,46,104729,1,1050,d7a5f616d9e1e76fe0c28ee20c9f0a818f584dade5d7f1bf7eef5659cd9ca5de,PREDICTIONS_FROZEN,False
50,TARGET_ASSISTED_LABELLED_TARGET_DIAGNOSTIC,46,104729,1,1050,62e98692d480316da440d336436ecef67e066f6a8008b34389cdcee1b3ea9e6d,PREDICTIONS_FROZEN,False
100,TARGET_ASSISTED_LABELLED_TARGET_DIAGNOSTIC,46,104729,1,1050,94204bb63bd442313269ed2e4a57717eaecee2f25b8396ba92b008fcf6eb3916,PREDICTIONS_FROZEN,False
200,TARGET_ASSISTED_LABELLED_TARGET_DIAGNOSTIC,46,104729,1,1050,dbd8b4b27af669fe95291efa320fdd81d87eefd74cf020718ed9d3b8c000f85c,PREDICTIONS_FROZEN,False
500,TARGET_ASSISTED_LABELLED_TARGET_DIAGNOSTIC,46,104729,1,1050,fd3eedb9751ea7770a81ffcb82586076c82e507b42faaae88360311040ed7975,PREDICTIONS_FROZEN,False
7,TARGET_ASSISTED_LABELLED_TARGET_DIAGNOSTIC,46,130363,1,1050,da85f0e18643b1ba74fafba5bdb1fa8d811e0ed846fc8a96b21db043e706bb2e,PREDICTIONS_FROZEN,False
10,TARGET_ASSISTED_LABELLED_TARGET_DIAGNOSTIC,46,130363,1,1050,8c3287d8b7bfdac41d5c4884fd4654b3f45486e33938ee52fd49921235dac956,PREDICTIONS_FROZEN,False
20,TARGET_ASSISTED_LABELLED_TARGET_DIAGNOSTIC,46,130363,1,1050,eafa65b702eb3bfe327d7ec7bfc1893c58d53b10eaf4e756204ce67a745a4c71,PREDICTIONS_FROZEN,False
21,TARGET_ASSISTED_LABELLED_TARGET_DIAGNOSTIC,46,130363,1,1050,2cf302c1816b72d0fbdd584200bc4bee6aa2fba0f685c1156fd12c754570c281,PREDICTIONS_FROZEN,False
35,TARGET_ASSISTED_LABELLED_TARGET_DIAGNOSTIC,46,130363,1,1050,ff01d3aecc5f2c367a47e6a5696c888a41d6efe358ffab46280e0e2465f47f28,PREDICTIONS_FROZEN,False
50,TARGET_ASSISTED_LABELLED_TARGET_DIAGNOSTIC,46,130363,1,1050,9a4377511ce9a7361d791736faf3966ff42eeb6964beaa87e152722563767ef1,PREDICTIONS_FROZEN,False
100,TARGET_ASSISTED_LABELLED_TARGET_DIAGNOSTIC,46,130363,1,1050,bb19ca567d38f736c9fe8ef91d7da83e84d027d723b8dac0610a45b168e67db0,PREDICTIONS_FROZEN,False
200,TARGET_ASSISTED_LABELLED_TARGET_DIAGNOSTIC,46,130363,1,1050,fd3eedb9751ea7770a81ffcb82586076c82e507b42faaae88360311040ed7975,PREDICTIONS_FROZEN,False
500,TARGET_ASSISTED_LABELLED_TARGET_DIAGNOSTIC,46,130363,1,1050,f7e989ec540a4b79388d17a71d8110bebb0db0b462bbb9939d78298931414c85,PREDICTIONS_FROZEN,False
7,TARGET_ASSISTED_LABELLED_TARGET_DIAGNOSTIC,46,155921,1,1050,27ccdea0014a80816a7af0edff10d849d60cd599d532ec7668aee0b0f059bc58,PREDICTIONS_FROZEN,False
10,TARGET_ASSISTED_LABELLED_TARGET_DIAGNOSTIC,46,155921,1,1050,b3f04d328fa5668d10126363972c4c4210af5342e348ad722a0288b3a9b0d739,PREDICTIONS_FROZEN,False
20,TARGET_ASSISTED_LABELLED_TARGET_DIAGNOSTIC,46,155921,1,1050,1d309193d7467c4da0978ab42b5e90d7c9dd98117882bfcfe0ece4945ae3ddc2,PREDICTIONS_FROZEN,False
21,TARGET_ASSISTED_LABELLED_TARGET_DIAGNOSTIC,46,155921,1,1050,c7b9bfa586bedcc7218fa557d014c4f6dccf81eb2ab1cc88399f6bdf4b6d91e8,PREDICTIONS_FROZEN,False
35,TARGET_ASSISTED_LABELLED_TARGET_DIAGNOSTIC,46,155921,1,1050,e897e7a12b96df11997d9a4f7f224e5e24b6ae03f4c62989403fe307c35ebd23,PREDICTIONS_FROZEN,False
50,TARGET_ASSISTED_LABELLED_TARGET_DIAGNOSTIC,46,155921,1,1050,c25b12d09bcaea5146b9166deafe7a8e7f4f026a4b51b3e2a985ac1349f7787b,PREDICTIONS_FROZEN,False
100,TARGET_ASSISTED_LABELLED_TARGET_DIAGNOSTIC,46,155921,1,1050,25d4a32c4aa2a9bd2104a3a221851df0758203ff3952bd163f93341dcafe7a6a,PREDICTIONS_FROZEN,False
200,TARGET_ASSISTED_LABELLED_TARGET_DIAGNOSTIC,46,155921,1,1050,f7e989ec540a4b79388d17a71d8110bebb0db0b462bbb9939d78298931414c85,PREDICTIONS_FROZEN,False
500,TARGET_ASSISTED_LABELLED_TARGET_DIAGNOSTIC,46,155921,1,1050,31195b9a916decba1f40f973244b74cbd710e6b25d44f44bce8340914ac62687,PREDICTIONS_FROZEN,False
7,TARGET_ASSISTED_LABELLED_TARGET_DIAGNOSTIC,46,181081,1,1050,f94c425b814cf29c1f469639d54cda1284ac6728f9a484cbc2bc7b2757295dae,PREDICTIONS_FROZEN,False
10,TARGET_ASSISTED_LABELLED_TARGET_DIAGNOSTIC,46,181081,1,1050,e37c2806c40058df194866caf2dea6432bcae828a3e2d8a193ff57e62928f918,PREDICTIONS_FROZEN,False
20,TARGET_ASSISTED_LABELLED_TARGET_DIAGNOSTIC,46,181081,1,1050,a1b36c67ca48ade722322464ac6b0d9a19c515cc5c4837a6683b958759ae61af,PREDICTIONS_FROZEN,False
21,TARGET_ASSISTED_LABELLED_TARGET_DIAGNOSTIC,46,181081,1,1050,e3979910e42d54cc8ff0299d9e119d3f8fc5c7666731332908c0969f1f659167,PREDICTIONS_FROZEN,False
35,TARGET_ASSISTED_LABELLED_TARGET_DIAGNOSTIC,46,181081,1,1050,fa1f1a2e7df0132282b5a9a98860ecc1cfa50fdea4a4ab0eb9fa69740b71b587,PREDICTIONS_FROZEN,False
50,TARGET_ASSISTED_LABELLED_TARGET_DIAGNOSTIC,46,181081,1,1050,e07e9d077be9d89055a7adbf9a39c5a5d465626c9be5dc1edbff9bfb6f8cdc44,PREDICTIONS_FROZEN,False
100,TARGET_ASSISTED_LABELLED_TARGET_DIAGNOSTIC,46,181081,1,1050,e07e9d077be9d89055a7adbf9a39c5a5d465626c9be5dc1edbff9bfb6f8cdc44,PREDICTIONS_FROZEN,False
200,TARGET_ASSISTED_LABELLED_TARGET_DIAGNOSTIC,46,181081,1,1050,e8422c50bf8b2008dd152dd062dd637d023656446005879edb4425c821d51674,PREDICTIONS_FROZEN,False
500,TARGET_ASSISTED_LABELLED_TARGET_DIAGNOSTIC,46,181081,1,1050,e07e9d077be9d89055a7adbf9a39c5a5d465626c9be5dc1edbff9bfb6f8cdc44,PREDICTIONS_FROZEN,False
7,TARGET_ASSISTED_LABELLED_TARGET_DIAGNOSTIC,46,205439,1,1050,f6fcd7671c2f99a2ac7101878ccc8aa536c189edeade6f8a279793e50f6ee097,PREDICTIONS_FROZEN,False
10,TARGET_ASSISTED_LABELLED_TARGET_DIAGNOSTIC,46,205439,1,1050,aa336f5e49d04d7b248448df7d0847ff56aa59fe6fc35e3e2f9a65b1737bbe5b,PREDICTIONS_FROZEN,False
20,TARGET_ASSISTED_LABELLED_TARGET_DIAGNOSTIC,46,205439,1,1050,7f179151b9f874ad7006069e9f3ed322b9895a447911f79475d13195fc13066c,PREDICTIONS_FROZEN,False
21,TARGET_ASSISTED_LABELLED_TARGET_DIAGNOSTIC,46,205439,1,1050,9525762739b367920119c41d5ef7bcd952526f1a9b1b405a9b87e52bdb4639ee,PREDICTIONS_FROZEN,False
35,TARGET_ASSISTED_LABELLED_TARGET_DIAGNOSTIC,46,205439,1,1050,28ceaef6cca84db080ca76dbdd3f99d99deda6934b3f7f22592ed6305ae52c9c,PREDICTIONS_FROZEN,False
50,TARGET_ASSISTED_LABELLED_TARGET_DIAGNOSTIC,46,205439,1,1050,f3ad997d17e36cece359987d03d10b8951672539d23cacecde808be71808fd25,PREDICTIONS_FROZEN,False
100,TARGET_ASSISTED_LABELLED_TARGET_DIAGNOSTIC,46,205439,1,1050,c9942a26267a705fe0ac529198940c8821eb3bb9c1149fdeb8357ffb31259769,PREDICTIONS_FROZEN,False
200,TARGET_ASSISTED_LABELLED_TARGET_DIAGNOSTIC,46,205439,1,1050,31195b9a916decba1f40f973244b74cbd710e6b25d44f44bce8340914ac62687,PREDICTIONS_FROZEN,False
500,TARGET_ASSISTED_LABELLED_TARGET_DIAGNOSTIC,46,205439,1,1050,cebaa75c53703048be4bc80f138690b0ed57d4af7fc291e81a2dec32a9dd0018,PREDICTIONS_FROZEN,False
7,TARGET_ASSISTED_LABELLED_TARGET_DIAGNOSTIC,46,230003,1,1050,957176f376a79cafa9aa403a510c0c93042c4a677f456dbffb1ed4bf472f109a,PREDICTIONS_FROZEN,False
10,TARGET_ASSISTED_LABELLED_TARGET_DIAGNOSTIC,46,230003,1,1050,fd78ed9b2737de1e0f3999624474b9767eeb4d771fb4c5c0f8f6a07d78bbfb66,PREDICTIONS_FROZEN,False
20,TARGET_ASSISTED_LABELLED_TARGET_DIAGNOSTIC,46,230003,1,1050,de7cf62c0f1ac65375baf0340620441e9cb08d59524e3b40e37dad6c56df9460,PREDICTIONS_FROZEN,False
21,TARGET_ASSISTED_LABELLED_TARGET_DIAGNOSTIC,46,230003,1,1050,0396f33e52ce32e2facf4afeb4d3f89c4c3c9d17bcd2989ab55b738ccde31ae0,PREDICTIONS_FROZEN,False
35,TARGET_ASSISTED_LABELLED_TARGET_DIAGNOSTIC,46,230003,1,1050,5666fb0bdcd51e665ab190ae9cac3ffc4aecc50d3a08c60d3d3fe63efb7aa25e,PREDICTIONS_FROZEN,False
50,TARGET_ASSISTED_LABELLED_TARGET_DIAGNOSTIC,46,230003,1,1050,867626569496ead6513b4504d747c3986bd4f7650faecb68c3df3a5f3d5555fa,PREDICTIONS_FROZEN,False
100,TARGET_ASSISTED_LABELLED_TARGET_DIAGNOSTIC,46,230003,1,1050,15e3fa9924735229530e665d299091a1d95e657e28c3ff4c0e479f20dc9d36e3,PREDICTIONS_FROZEN,False
200,TARGET_ASSISTED_LABELLED_TARGET_DIAGNOSTIC,46,230003,1,1050,16e9ba5957d0db75771cbd087994ef595aa9844e39dbdd4a1a59571284f3bab7,PREDICTIONS_FROZEN,False
500,TARGET_ASSISTED_LABELLED_TARGET_DIAGNOSTIC,46,230003,1,1050,f7e989ec540a4b79388d17a71d8110bebb0db0b462bbb9939d78298931414c85,PREDICTIONS_FROZEN,False
7,TARGET_ASSISTED_LABELLED_TARGET_DIAGNOSTIC,46,254959,1,1050,4f55fc3ddbb54dae3a037a05348d933ac44fd4123084642fc7027c088cbadab5,PREDICTIONS_FROZEN,False
10,TARGET_ASSISTED_LABELLED_TARGET_DIAGNOSTIC,46,254959,1,1050,5716ab277e0b438ff959667d4442931b696f62815716b417ce8c34ff88852dde,PREDICTIONS_FROZEN,False
20,TARGET_ASSISTED_LABELLED_TARGET_DIAGNOSTIC,46,254959,1,1050,15650cf21f43f054b0414489c1b6d649bbcc9cc7fbd4a624d10831569413c9b0,PREDICTIONS_FROZEN,False
21,TARGET_ASSISTED_LABELLED_TARGET_DIAGNOSTIC,46,254959,1,1050,213a3a807ccb10e520d515892c76bbc983686661096c3ab030af423a2a0a70b7,PREDICTIONS_FROZEN,False
35,TARGET_ASSISTED_LABELLED_TARGET_DIAGNOSTIC,46,254959,1,1050,d34ac3001eeffd503e7042c01366be087bce908f8ba921e2ed1aea5fd0a233b4,PREDICTIONS_FROZEN,False
50,TARGET_ASSISTED_LABELLED_TARGET_DIAGNOSTIC,46,254959,1,1050,8e980825fb6cab92d3ebc400c1f41097a7b0460e100aed99a5147021c8297d8b,PREDICTIONS_FROZEN,False
100,TARGET_ASSISTED_LABELLED_TARGET_DIAGNOSTIC,46,254959,1,1050,358fef233b5d05f2ee7897ab140253da3d7dfcfbba1367ea55e24d5c9484b0a4,PREDICTIONS_FROZEN,False
200,TARGET_ASSISTED_LABELLED_TARGET_DIAGNOSTIC,46,254959,1,1050,d1ac318833c8e663f19b84edf79afd833196fb286d116fb855f5c0f049a06473,PREDICTIONS_FROZEN,False
500,TARGET_ASSISTED_LABELLED_TARGET_DIAGNOSTIC,46,254959,1,1050,fd3eedb9751ea7770a81ffcb82586076c82e507b42faaae88360311040ed7975,PREDICTIONS_FROZEN,False
7,TARGET_ASSISTED_LABELLED_TARGET_DIAGNOSTIC,46,280001,1,1050,087fb006406663a2801b3c24fd79d7304c207c04900937afc6cf3f89f874586b,PREDICTIONS_FROZEN,False
10,TARGET_ASSISTED_LABELLED_TARGET_DIAGNOSTIC,46,280001,1,1050,1ef9a3a5795bca0118ea9a062227699bb5f45ce6bd174bc8b7adc6dd2de267eb,PREDICTIONS_FROZEN,False
20,TARGET_ASSISTED_LABELLED_TARGET_DIAGNOSTIC,46,280001,1,1050,55daedb64fa786cc89b64ed05afd817419597385212caaed483c056267b6af3b,PREDICTIONS_FROZEN,False
21,TARGET_ASSISTED_LABELLED_TARGET_DIAGNOSTIC,46,280001,1,1050,41cdd4eebccdf65bc48163c8bb24d184757b07a51459266fea90fe8d11ac50e3,PREDICTIONS_FROZEN,False
35,TARGET_ASSISTED_LABELLED_TARGET_DIAGNOSTIC,46,280001,1,1050,d61c77aaae1c0f555b7e40e99278290d549114fa905b054023af59f3189863d1,PREDICTIONS_FROZEN,False
50,TARGET_ASSISTED_LABELLED_TARGET_DIAGNOSTIC,46,280001,1,1050,9ad5563ca943d0614cb753c53701700e7120f235a29085498af16041d68c8294,PREDICTIONS_FROZEN,False
100,TARGET_ASSISTED_LABELLED_TARGET_DIAGNOSTIC,46,280001,1,1050,f7e989ec540a4b79388d17a71d8110bebb0db0b462bbb9939d78298931414c85,PREDICTIONS_FROZEN,False
200,TARGET_ASSISTED_LABELLED_TARGET_DIAGNOSTIC,46,280001,1,1050,7eec3c9866aa0aee79aea1f2df60ca9f72ddf882b670fb1554662fa51c516a1c,PREDICTIONS_FROZEN,False
500,TARGET_ASSISTED_LABELLED_TARGET_DIAGNOSTIC,46,280001,1,1050,7eec3c9866aa0aee79aea1f2df60ca9f72ddf882b670fb1554662fa51c516a1c,PREDICTIONS_FROZEN,False
7,TARGET_ASSISTED_LABELLED_TARGET_DIAGNOSTIC,46,305093,1,1050,0a52157a79e33d430e29be61c476ebb623e6646b4e56fedcb0767a0a93d5dd52,PREDICTIONS_FROZEN,False
10,TARGET_ASSISTED_LABELLED_TARGET_DIAGNOSTIC,46,305093,1,1050,f10aad47f45404259f149364e1d672a3e88739d0889b19e3a55a1de73a95ce3c,PREDICTIONS_FROZEN,False
20,TARGET_ASSISTED_LABELLED_TARGET_DIAGNOSTIC,46,305093,1,1050,b2489051c26708bb6d38da2821f4738f932db21ed2e29b910b33b9c4ca866fa3,PREDICTIONS_FROZEN,False
21,TARGET_ASSISTED_LABELLED_TARGET_DIAGNOSTIC,46,305093,1,1050,2a92aeadc96d4f7782eca3a20aa7e4d5e0ff63e0a9f36b6bf2db1249e5b2eebf,PREDICTIONS_FROZEN,False
35,TARGET_ASSISTED_LABELLED_TARGET_DIAGNOSTIC,46,305093,1,1050,b3b2c34cdeb43b8256f9616e47874c531d517495308ef3473fecdfbf56ea5cd4,PREDICTIONS_FROZEN,False
50,TARGET_ASSISTED_LABELLED_TARGET_DIAGNOSTIC,46,305093,1,1050,09c9ed5e149c058c38c912c496d3b0e79654791d32abc70af2986115f0272202,PREDICTIONS_FROZEN,False
100,TARGET_ASSISTED_LABELLED_TARGET_DIAGNOSTIC,46,305093,1,1050,632fc8f5d6992b2000e0438c3abff3dcfd8de908a4df769b8c19088a0d42fae2,PREDICTIONS_FROZEN,False
200,TARGET_ASSISTED_LABELLED_TARGET_DIAGNOSTIC,46,305093,1,1050,95f3b2d72f06685576a1fa19f0913e6dd65940e9fe3294e56c4c36a7f00772c4,PREDICTIONS_FROZEN,False
500,TARGET_ASSISTED_LABELLED_TARGET_DIAGNOSTIC,46,305093,1,1050,f7e989ec540a4b79388d17a71d8110bebb0db0b462bbb9939d78298931414c85,PREDICTIONS_FROZEN,False
7,TARGET_ASSISTED_LABELLED_TARGET_DIAGNOSTIC,46,330017,1,1050,f6fcd7671c2f99a2ac7101878ccc8aa536c189edeade6f8a279793e50f6ee097,PREDICTIONS_FROZEN,False
10,TARGET_ASSISTED_LABELLED_TARGET_DIAGNOSTIC,46,330017,1,1050,c071872b1643e33ef37fb19e7d6302ce2fb6474794f161f61a8cf8f83524d97d,PREDICTIONS_FROZEN,False
20,TARGET_ASSISTED_LABELLED_TARGET_DIAGNOSTIC,46,330017,1,1050,7fedd5880109098b431624ac1ccd6c4a855150fa08797cedf8fc6cce6813330f,PREDICTIONS_FROZEN,False
21,TARGET_ASSISTED_LABELLED_TARGET_DIAGNOSTIC,46,330017,1,1050,4dd21e9ca12728dc84c2e9a9c6ba37f8b4a828a77171237b71510659039d5ed4,PREDICTIONS_FROZEN,False
35,TARGET_ASSISTED_LABELLED_TARGET_DIAGNOSTIC,46,330017,1,1050,63c503c55b6fab83486641632cc6efc52f5aa0c1c6ffc1b2e0eb142929eb56f5,PREDICTIONS_FROZEN,False
50,TARGET_ASSISTED_LABELLED_TARGET_DIAGNOSTIC,46,330017,1,1050,4482d8eaeb3d9d879983d72b9c7ccbc7c1c088d59cbc8767930121cb1a42337f,PREDICTIONS_FROZEN,False
100,TARGET_ASSISTED_LABELLED_TARGET_DIAGNOSTIC,46,330017,1,1050,25d4a32c4aa2a9bd2104a3a221851df0758203ff3952bd163f93341dcafe7a6a,PREDICTIONS_FROZEN,False
200,TARGET_ASSISTED_LABELLED_TARGET_DIAGNOSTIC,46,330017,1,1050,31195b9a916decba1f40f973244b74cbd710e6b25d44f44bce8340914ac62687,PREDICTIONS_FROZEN,False
500,TARGET_ASSISTED_LABELLED_TARGET_DIAGNOSTIC,46,330017,1,1050,e07e9d077be9d89055a7adbf9a39c5a5d465626c9be5dc1edbff9bfb6f8cdc44,PREDICTIONS_FROZEN,False
7,TARGET_ASSISTED_LABELLED_TARGET_DIAGNOSTIC,46,355031,1,1050,f94c425b814cf29c1f469639d54cda1284ac6728f9a484cbc2bc7b2757295dae,PREDICTIONS_FROZEN,False
10,TARGET_ASSISTED_LABELLED_TARGET_DIAGNOSTIC,46,355031,1,1050,151d7a691609170fd87b62ebbf46fa3f45da095d874dbce409014ea1a6571472,PREDICTIONS_FROZEN,False
20,TARGET_ASSISTED_LABELLED_TARGET_DIAGNOSTIC,46,355031,1,1050,a2ae95f82481cde1fa71b097596cd42da02e9f784de7dcfd6e7e1835c64434c1,PREDICTIONS_FROZEN,False
21,TARGET_ASSISTED_LABELLED_TARGET_DIAGNOSTIC,46,355031,1,1050,f2b6a5cece9fe61b7cbfddc79c557c5891c4c03f8b6842d1ce0f2f4924eb022d,PREDICTIONS_FROZEN,False
35,TARGET_ASSISTED_LABELLED_TARGET_DIAGNOSTIC,46,355031,1,1050,cdc1b9bce3f1df75f46640d93b237e7580aedc58763b3b8e7578f9e3df358f64,PREDICTIONS_FROZEN,False
50,TARGET_ASSISTED_LABELLED_TARGET_DIAGNOSTIC,46,355031,1,1050,e84814ed77b329722cc1b9bf84769e667e76c23eb8fe3cbda762614177b4bd4c,PREDICTIONS_FROZEN,False
100,TARGET_ASSISTED_LABELLED_TARGET_DIAGNOSTIC,46,355031,1,1050,e07e9d077be9d89055a7adbf9a39c5a5d465626c9be5dc1edbff9bfb6f8cdc44,PREDICTIONS_FROZEN,False
200,TARGET_ASSISTED_LABELLED_TARGET_DIAGNOSTIC,46,355031,1,1050,e07e9d077be9d89055a7adbf9a39c5a5d465626c9be5dc1edbff9bfb6f8cdc44,PREDICTIONS_FROZEN,False
500,TARGET_ASSISTED_LABELLED_TARGET_DIAGNOSTIC,46,355031,1,1050,f7e989ec540a4b79388d17a71d8110bebb0db0b462bbb9939d78298931414c85,PREDICTIONS_FROZEN,False
7,TARGET_ASSISTED_LABELLED_TARGET_DIAGNOSTIC,46,380041,1,1050,58287760a1ead539c1265ac3ad596adc2103b8b967c0c8cbd9d43a2155aed475,PREDICTIONS_FROZEN,False
10,TARGET_ASSISTED_LABELLED_TARGET_DIAGNOSTIC,46,380041,1,1050,2c4070de79d8d40565ffcc575778b7b52b8090fd0ee0a8126d78a9f0f60d8eef,PREDICTIONS_FROZEN,False
20,TARGET_ASSISTED_LABELLED_TARGET_DIAGNOSTIC,46,380041,1,1050,aa6480ab661ce4c501c2e02a8f9141a4ac9f8fe3f870f486d2cd7091f23b06d7,PREDICTIONS_FROZEN,False
21,TARGET_ASSISTED_LABELLED_TARGET_DIAGNOSTIC,46,380041,1,1050,d64cc8316ff9e7cd260f4bbb5b9ab02d7f6111376355096126b9c4e0c07d9dd4,PREDICTIONS_FROZEN,False
35,TARGET_ASSISTED_LABELLED_TARGET_DIAGNOSTIC,46,380041,1,1050,51140fa3c0e6519b6e53a85c8ce703170f9f658f470af43599fd63dd47deb876,PREDICTIONS_FROZEN,False
50,TARGET_ASSISTED_LABELLED_TARGET_DIAGNOSTIC,46,380041,1,1050,2e34101776776c6df52f95f9b4dc2152c1e2ee4e69b6780a9f57a3b3111351a2,PREDICTIONS_FROZEN,False
100,TARGET_ASSISTED_LABELLED_TARGET_DIAGNOSTIC,46,380041,1,1050,c9bf52b4991c8fe1f1342e3f27c7d452f893649226fb9408e2859034d453772a,PREDICTIONS_FROZEN,False
200,TARGET_ASSISTED_LABELLED_TARGET_DIAGNOSTIC,46,380041,1,1050,bb19ca567d38f736c9fe8ef91d7da83e84d027d723b8dac0610a45b168e67db0,PREDICTIONS_FROZEN,False
500,TARGET_ASSISTED_LABELLED_TARGET_DIAGNOSTIC,46,380041,1,1050,fd3eedb9751ea7770a81ffcb82586076c82e507b42faaae88360311040ed7975,PREDICTIONS_FROZEN,False
7,TARGET_ASSISTED_LABELLED_TARGET_DIAGNOSTIC,46,405019,1,1050,2e6c3df81fdbffabbbc1a77fd48fe4554d923efe4660aac7619955edfb268b1b,PREDICTIONS_FROZEN,False
10,TARGET_ASSISTED_LABELLED_TARGET_DIAGNOSTIC,46,405019,1,1050,13192252c23f2fc206e3e503bdd4aef1c9eafdc078769abc03bdd14f64ecbf62,PREDICTIONS_FROZEN,False
20,TARGET_ASSISTED_LABELLED_TARGET_DIAGNOSTIC,46,405019,1,1050,c18ef20b52fe05de93047c10aabdef29df049f9c1fcc2861703c2a70f30bafc3,PREDICTIONS_FROZEN,False
21,TARGET_ASSISTED_LABELLED_TARGET_DIAGNOSTIC,46,405019,1,1050,64cc71ec0b0c68ad23608a3c7892752d93327ca09cb0ec42f2400a1b35d3bd96,PREDICTIONS_FROZEN,False
35,TARGET_ASSISTED_LABELLED_TARGET_DIAGNOSTIC,46,405019,1,1050,f740660e3eb03babf0f167ae0ed262d699a33f84b47c8afc0bd4ee74934a2a27,PREDICTIONS_FROZEN,False
50,TARGET_ASSISTED_LABELLED_TARGET_DIAGNOSTIC,46,405019,1,1050,1bc9e6c4feae8b7680085afcd584e1c7648345ebf78f881489eb3b9392790663,PREDICTIONS_FROZEN,False
100,TARGET_ASSISTED_LABELLED_TARGET_DIAGNOSTIC,46,405019,1,1050,9e19510aa9a3a8e69f8bbbdfc95b94fab31da0897d54c47462383fab1e408bf1,PREDICTIONS_FROZEN,False
200,TARGET_ASSISTED_LABELLED_TARGET_DIAGNOSTIC,46,405019,1,1050,fd3eedb9751ea7770a81ffcb82586076c82e507b42faaae88360311040ed7975,PREDICTIONS_FROZEN,False
500,TARGET_ASSISTED_LABELLED_TARGET_DIAGNOSTIC,46,405019,1,1050,fd3eedb9751ea7770a81ffcb82586076c82e507b42faaae88360311040ed7975,PREDICTIONS_FROZEN,False
7,TARGET_ASSISTED_LABELLED_TARGET_DIAGNOSTIC,46,430007,1,1050,f94c425b814cf29c1f469639d54cda1284ac6728f9a484cbc2bc7b2757295dae,PREDICTIONS_FROZEN,False
10,TARGET_ASSISTED_LABELLED_TARGET_DIAGNOSTIC,46,430007,1,1050,1ff470a9826ddbe9d52e24c18e0d9f1bf3c2bc83c1f99af3d84a56464ffde643,PREDICTIONS_FROZEN,False
20,TARGET_ASSISTED_LABELLED_TARGET_DIAGNOSTIC,46,430007,1,1050,68d11b95518f7d72dd927b6d1fc51d0cb014a5253d40ed8bc8fa670d2e28cb31,PREDICTIONS_FROZEN,False
21,TARGET_ASSISTED_LABELLED_TARGET_DIAGNOSTIC,46,430007,1,1050,243078d1892758044bfdde89bce75710c167dd543c5203e5065ef4fc86b3e8e3,PREDICTIONS_FROZEN,False
35,TARGET_ASSISTED_LABELLED_TARGET_DIAGNOSTIC,46,430007,1,1050,570e8fc58e100493f61e2d7de0bae62453de6fc712e9ffe3a21b6d833bca9b17,PREDICTIONS_FROZEN,False
50,TARGET_ASSISTED_LABELLED_TARGET_DIAGNOSTIC,46,430007,1,1050,6dd1b580ea98879bca06e1b93286eea65cf46f08c12f9f33dcb794d2f48e4c95,PREDICTIONS_FROZEN,False
100,TARGET_ASSISTED_LABELLED_TARGET_DIAGNOSTIC,46,430007,1,1050,c5fc54e62b905726307b5b4869ec94e071038ad17c80685f7543171a5914af95,PREDICTIONS_FROZEN,False
200,TARGET_ASSISTED_LABELLED_TARGET_DIAGNOSTIC,46,430007,1,1050,e07e9d077be9d89055a7adbf9a39c5a5d465626c9be5dc1edbff9bfb6f8cdc44,PREDICTIONS_FROZEN,False
500,TARGET_ASSISTED_LABELLED_TARGET_DIAGNOSTIC,46,430007,1,1050,f7e989ec540a4b79388d17a71d8110bebb0db0b462bbb9939d78298931414c85,PREDICTIONS_FROZEN,False
7,TARGET_ASSISTED_LABELLED_TARGET_DIAGNOSTIC,46,455003,1,1050,3e7ebdcf95664d562dd87be4ff08b59bfe52cd324aeb37c3f01dd8b4240d4b2c,PREDICTIONS_FROZEN,False
10,TARGET_ASSISTED_LABELLED_TARGET_DIAGNOSTIC,46,455003,1,1050,99b7cca58af5719a02a407ac5977ff208ba3741f9d7db13808a6c8422657722b,PREDICTIONS_FROZEN,False
20,TARGET_ASSISTED_LABELLED_TARGET_DIAGNOSTIC,46,455003,1,1050,9e09a14a8c0ed76b8e08e7466d5a41f205dbd9eb9ea1021c4046172818d45cd5,PREDICTIONS_FROZEN,False
21,TARGET_ASSISTED_LABELLED_TARGET_DIAGNOSTIC,46,455003,1,1050,a5f0aa5fd13580d9ab36280d66698541147c8024936475659b84bbc207559ffa,PREDICTIONS_FROZEN,False
35,TARGET_ASSISTED_LABELLED_TARGET_DIAGNOSTIC,46,455003,1,1050,1e1dad4e67861f1c3bd4fe68ae3843fcb15a264ff5d8e9e18b8c275c602f360c,PREDICTIONS_FROZEN,False
50,TARGET_ASSISTED_LABELLED_TARGET_DIAGNOSTIC,46,455003,1,1050,812a004a782f5d8ba73a7fd6173cd41003d6cc1ab84d9519f5fbaa026810d1d6,PREDICTIONS_FROZEN,False
100,TARGET_ASSISTED_LABELLED_TARGET_DIAGNOSTIC,46,455003,1,1050,b12f605f8190800a9899c5508e6f68c8cf46946f55edc4b761d69ea0926df8f0,PREDICTIONS_FROZEN,False
200,TARGET_ASSISTED_LABELLED_TARGET_DIAGNOSTIC,46,455003,1,1050,633b219e1beb02714f0717dabd5b14ca5a12b31964fdebb204be60a6caa9c5b5,PREDICTIONS_FROZEN,False
500,TARGET_ASSISTED_LABELLED_TARGET_DIAGNOSTIC,46,455003,1,1050,5db2f460e04ac224bea1b6fe1389d563cedd07ad54a8c134d2d2dbaa791c3376,PREDICTIONS_FROZEN,False
7,TARGET_ASSISTED_LABELLED_TARGET_DIAGNOSTIC,46,480017,1,1050,f6fcd7671c2f99a2ac7101878ccc8aa536c189edeade6f8a279793e50f6ee097,PREDICTIONS_FROZEN,False
10,TARGET_ASSISTED_LABELLED_TARGET_DIAGNOSTIC,46,480017,1,1050,bf6e8086b89aad3adf12df93194baba12218ea7e1950f0e61ac241d01cb615d4,PREDICTIONS_FROZEN,False
20,TARGET_ASSISTED_LABELLED_TARGET_DIAGNOSTIC,46,480017,1,1050,71c5bd005b9b50988122ea587486372b77f81342e6d9b246bef386c77a17fc86,PREDICTIONS_FROZEN,False
21,TARGET_ASSISTED_LABELLED_TARGET_DIAGNOSTIC,46,480017,1,1050,0e50de463998d03899615c5499322b003e2a476802c79afaeeede686d2c59474,PREDICTIONS_FROZEN,False
35,TARGET_ASSISTED_LABELLED_TARGET_DIAGNOSTIC,46,480017,1,1050,abe4966debaa0482db4a102c30e0794c84bd32eb81df463e16ec0521c1b60e71,PREDICTIONS_FROZEN,False
50,TARGET_ASSISTED_LABELLED_TARGET_DIAGNOSTIC,46,480017,1,1050,5da3b1b56fb2cc8f99711fc317f0b5587ab5c671b2f6b77bd647d4ed3055f407,PREDICTIONS_FROZEN,False
100,TARGET_ASSISTED_LABELLED_TARGET_DIAGNOSTIC,46,480017,1,1050,9e19510aa9a3a8e69f8bbbdfc95b94fab31da0897d54c47462383fab1e408bf1,PREDICTIONS_FROZEN,False
200,TARGET_ASSISTED_LABELLED_TARGET_DIAGNOSTIC,46,480017,1,1050,cd50681a284e4e116931a24a9f006197f0e01dd49d5c2637e8e6cd9a215b307d,PREDICTIONS_FROZEN,False
500,TARGET_ASSISTED_LABELLED_TARGET_DIAGNOSTIC,46,480017,1,1050,31195b9a916decba1f40f973244b74cbd710e6b25d44f44bce8340914ac62687,PREDICTIONS_FROZEN,False
7,TARGET_ASSISTED_LABELLED_TARGET_DIAGNOSTIC,46,505027,1,1050,e00955b58d54d15dcbc0d3bf890fbe40df37dcb527c6133f8c4cbc0fb26cc681,PREDICTIONS_FROZEN,False
10,TARGET_ASSISTED_LABELLED_TARGET_DIAGNOSTIC,46,505027,1,1050,6601d8a317225a817bf1479f3913de03e9a3811141444b0712e267709066daff,PREDICTIONS_FROZEN,False
20,TARGET_ASSISTED_LABELLED_TARGET_DIAGNOSTIC,46,505027,1,1050,d53d9576e3ab65ca2d10da203af8984ae2f907b83a7195361d68ee2776d599d0,PREDICTIONS_FROZEN,False
21,TARGET_ASSISTED_LABELLED_TARGET_DIAGNOSTIC,46,505027,1,1050,6dbb8853c4ded8a9126d009bd887012627e025c2eafa10bdeb70fdb4b423231d,PREDICTIONS_FROZEN,False
35,TARGET_ASSISTED_LABELLED_TARGET_DIAGNOSTIC,46,505027,1,1050,cdc1b9bce3f1df75f46640d93b237e7580aedc58763b3b8e7578f9e3df358f64,PREDICTIONS_FROZEN,False
50,TARGET_ASSISTED_LABELLED_TARGET_DIAGNOSTIC,46,505027,1,1050,44d4d3bd9b2265e30c6df0bdffb248f9ec9f21dd68ccdb2b2b2e10f0d840c5fd,PREDICTIONS_FROZEN,False
100,TARGET_ASSISTED_LABELLED_TARGET_DIAGNOSTIC,46,505027,1,1050,2b67a3622a8ec8ec31c0145413062af2e29b1d287cb281d76134cbdc9a28cef8,PREDICTIONS_FROZEN,False
200,TARGET_ASSISTED_LABELLED_TARGET_DIAGNOSTIC,46,505027,1,1050,31195b9a916decba1f40f973244b74cbd710e6b25d44f44bce8340914ac62687,PREDICTIONS_FROZEN,False
500,TARGET_ASSISTED_LABELLED_TARGET_DIAGNOSTIC,46,505027,1,1050,31195b9a916decba1f40f973244b74cbd710e6b25d44f44bce8340914ac62687,PREDICTIONS_FROZEN,False
7,TARGET_ASSISTED_LABELLED_TARGET_DIAGNOSTIC,46,530017,1,1050,27ccdea0014a80816a7af0edff10d849d60cd599d532ec7668aee0b0f059bc58,PREDICTIONS_FROZEN,False
10,TARGET_ASSISTED_LABELLED_TARGET_DIAGNOSTIC,46,530017,1,1050,2f6896d1c1fc2e04eb39888354b8539767e2887848e5a59eb2e147a6bc1f6866,PREDICTIONS_FROZEN,False
20,TARGET_ASSISTED_LABELLED_TARGET_DIAGNOSTIC,46,530017,1,1050,dcd08a6eddbaeeeef3f3d12b9f7a371598ab5ded08a5780d223de68ef05d7029,PREDICTIONS_FROZEN,False
21,TARGET_ASSISTED_LABELLED_TARGET_DIAGNOSTIC,46,530017,1,1050,f525e1fbe2816b14fe80ae704f95b954ffc73bd0847e1eb07955ea23023e06a3,PREDICTIONS_FROZEN,False
35,TARGET_ASSISTED_LABELLED_TARGET_DIAGNOSTIC,46,530017,1,1050,1e1c727e71a1835fe44c760771a9b9274136481a2be892c622dad75b43052053,PREDICTIONS_FROZEN,False
50,TARGET_ASSISTED_LABELLED_TARGET_DIAGNOSTIC,46,530017,1,1050,23d3948a211aae55ee872135c14381b5f016cba68ee97570ea72ad71242b5390,PREDICTIONS_FROZEN,False
100,TARGET_ASSISTED_LABELLED_TARGET_DIAGNOSTIC,46,530017,1,1050,639ed27b432ee45682145ddc425d4e353b9ada0dba0cf806c86361560dad9625,PREDICTIONS_FROZEN,False
200,TARGET_ASSISTED_LABELLED_TARGET_DIAGNOSTIC,46,530017,1,1050,fd3eedb9751ea7770a81ffcb82586076c82e507b42faaae88360311040ed7975,PREDICTIONS_FROZEN,False
500,TARGET_ASSISTED_LABELLED_TARGET_DIAGNOSTIC,46,530017,1,1050,787bf6de1347e1719b515c82a966925d4069f26c017cfb63373617df47497f18,PREDICTIONS_FROZEN,False
7,TARGET_ASSISTED_LABELLED_TARGET_DIAGNOSTIC,46,555029,1,1050,58287760a1ead539c1265ac3ad596adc2103b8b967c0c8cbd9d43a2155aed475,PREDICTIONS_FROZEN,False
10,TARGET_ASSISTED_LABELLED_TARGET_DIAGNOSTIC,46,555029,1,1050,3a3f5dd4b83ef315fef6bb74d66c3f268a0e7d0c4fff76fa1ec8a7063fdadc59,PREDICTIONS_FROZEN,False
20,TARGET_ASSISTED_LABELLED_TARGET_DIAGNOSTIC,46,555029,1,1050,5f5ea15a46d736a5eec15587bbe0800c09e9c2dfc5ab97460cfe8cd72e3d69de,PREDICTIONS_FROZEN,False
21,TARGET_ASSISTED_LABELLED_TARGET_DIAGNOSTIC,46,555029,1,1050,60de0eb2eea80205f6274883099abe864d43d2442dd04388f54a8b09f9d18ae4,PREDICTIONS_FROZEN,False
35,TARGET_ASSISTED_LABELLED_TARGET_DIAGNOSTIC,46,555029,1,1050,35c55d2fc59f69440c10a62758245796d670632834395d0d53a703c8bfea76e4,PREDICTIONS_FROZEN,False
50,TARGET_ASSISTED_LABELLED_TARGET_DIAGNOSTIC,46,555029,1,1050,b7673d600d6276663b3126c23a4e8af244840995d74b4496266355d0b6b19a17,PREDICTIONS_FROZEN,False
100,TARGET_ASSISTED_LABELLED_TARGET_DIAGNOSTIC,46,555029,1,1050,69371a7b11828d08ffa36e931a0b8be0e09b213a22fd4e74acf648f43f6f386f,PREDICTIONS_FROZEN,False
200,TARGET_ASSISTED_LABELLED_TARGET_DIAGNOSTIC,46,555029,1,1050,f7e989ec540a4b79388d17a71d8110bebb0db0b462bbb9939d78298931414c85,PREDICTIONS_FROZEN,False
500,TARGET_ASSISTED_LABELLED_TARGET_DIAGNOSTIC,46,555029,1,1050,cebaa75c53703048be4bc80f138690b0ed57d4af7fc291e81a2dec32a9dd0018,PREDICTIONS_FROZEN,False
7,TARGET_ASSISTED_LABELLED_TARGET_DIAGNOSTIC,46,580031,1,1050,9812a43886d3b97be74a8cea39abf28eda69626c23513490bad8b5febdf8f634,PREDICTIONS_FROZEN,False
10,TARGET_ASSISTED_LABELLED_TARGET_DIAGNOSTIC,46,580031,1,1050,e1694bf6c0cde722b756e6bc603609a2912d038d64793aad45e4fea8d5e3cab2,PREDICTIONS_FROZEN,False
20,TARGET_ASSISTED_LABELLED_TARGET_DIAGNOSTIC,46,580031,1,1050,671fee0c79fc799a4cdd8b88ce3510fd38ee0001d380c69b8688e50924426f41,PREDICTIONS_FROZEN,False
21,TARGET_ASSISTED_LABELLED_TARGET_DIAGNOSTIC,46,580031,1,1050,11befa1f9d933f538b9750e5c07eb9872060f20900901f2f7173477e5c34e98d,PREDICTIONS_FROZEN,False
35,TARGET_ASSISTED_LABELLED_TARGET_DIAGNOSTIC,46,580031,1,1050,1918c355aa32ff73488a4d2ff12b502937d7d01ec294c46af1d281fa21d6ba3d,PREDICTIONS_FROZEN,False
50,TARGET_ASSISTED_LABELLED_TARGET_DIAGNOSTIC,46,580031,1,1050,08dd7b1682166c578d0ba26fc26ec4dbdf16bd866e37c8c790db116ef7212956,PREDICTIONS_FROZEN,False
100,TARGET_ASSISTED_LABELLED_TARGET_DIAGNOSTIC,46,580031,1,1050,2ad9305fcf3f18db866c4b399b6fd0e53f7ad22492c5aed0a8ec1de194733471,PREDICTIONS_FROZEN,False
200,TARGET_ASSISTED_LABELLED_TARGET_DIAGNOSTIC,46,580031,1,1050,cebaa75c53703048be4bc80f138690b0ed57d4af7fc291e81a2dec32a9dd0018,PREDICTIONS_FROZEN,False
500,TARGET_ASSISTED_LABELLED_TARGET_DIAGNOSTIC,46,580031,1,1050,f7e989ec540a4b79388d17a71d8110bebb0db0b462bbb9939d78298931414c85,PREDICTIONS_FROZEN,False
0,STRICT_SOURCE_ONLY_DG,46,,2,1050,edb6e68e1fbd2dcb221c6eb0197e401b08c1062558ee99444b5ffd908baa2122,PREDICTIONS_FROZEN,False
7,TARGET_ASSISTED_LABELLED_TARGET_DIAGNOSTIC,46,104729,2,1050,850ece6c7b23b424538d54bafb6f985c774f8f176e4487b8d02561b798fd40b6,PREDICTIONS_FROZEN,False
10,TARGET_ASSISTED_LABELLED_TARGET_DIAGNOSTIC,46,104729,2,1050,f4b516a290ba5f252f549a3da796cb7a479a3aa1d04a79fee0c3987777917e2c,PREDICTIONS_FROZEN,False
20,TARGET_ASSISTED_LABELLED_TARGET_DIAGNOSTIC,46,104729,2,1050,2bde0b28fdef5e57ffe395f7f3aacf286b64326f6d41aa7527815d524e9046cf,PREDICTIONS_FROZEN,False
21,TARGET_ASSISTED_LABELLED_TARGET_DIAGNOSTIC,46,104729,2,1050,438a90d5d37d67f2919d480e236d72a95ad2705193d9bc14a500f1f1968031ba,PREDICTIONS_FROZEN,False
35,TARGET_ASSISTED_LABELLED_TARGET_DIAGNOSTIC,46,104729,2,1050,14df21822ed53102fc425eceeea3554c09760aec28a5abe264bee7581134dce8,PREDICTIONS_FROZEN,False
50,TARGET_ASSISTED_LABELLED_TARGET_DIAGNOSTIC,46,104729,2,1050,eb80f2d1196960d3835e6e438473f484189b6b39afb0efe58cd69c1360ab2556,PREDICTIONS_FROZEN,False
100,TARGET_ASSISTED_LABELLED_TARGET_DIAGNOSTIC,46,104729,2,1050,785323706c9bbb76f44ce14f0ab27667b66e06a31165aece18bd6cb2ee4b21f3,PREDICTIONS_FROZEN,False
200,TARGET_ASSISTED_LABELLED_TARGET_DIAGNOSTIC,46,104729,2,1050,e070dbc6b7a4ad2cc9723c1ac0757ce9727a2342e6d22beb1f5f12f8e1594471,PREDICTIONS_FROZEN,False
500,TARGET_ASSISTED_LABELLED_TARGET_DIAGNOSTIC,46,104729,2,1050,e070dbc6b7a4ad2cc9723c1ac0757ce9727a2342e6d22beb1f5f12f8e1594471,PREDICTIONS_FROZEN,False
7,TARGET_ASSISTED_LABELLED_TARGET_DIAGNOSTIC,46,130363,2,1050,850ece6c7b23b424538d54bafb6f985c774f8f176e4487b8d02561b798fd40b6,PREDICTIONS_FROZEN,False
10,TARGET_ASSISTED_LABELLED_TARGET_DIAGNOSTIC,46,130363,2,1050,6dd4aa00e50361082ffc3a4b5ece6127c0423b38b3cbeea43fc179a2d5dbb861,PREDICTIONS_FROZEN,False
20,TARGET_ASSISTED_LABELLED_TARGET_DIAGNOSTIC,46,130363,2,1050,60dabba08847c1f5a58622649da2f23732e903660f2d287e492c0a77b6fef428,PREDICTIONS_FROZEN,False
21,TARGET_ASSISTED_LABELLED_TARGET_DIAGNOSTIC,46,130363,2,1050,7a6632b0c0bcc0862e5ac960ad682294aa30c443d0a01d7cd3a9089a143e5482,PREDICTIONS_FROZEN,False
35,TARGET_ASSISTED_LABELLED_TARGET_DIAGNOSTIC,46,130363,2,1050,dccde118e99bad644dc77c90f0b03f6973582321af92146ff0c0d110ea821637,PREDICTIONS_FROZEN,False
50,TARGET_ASSISTED_LABELLED_TARGET_DIAGNOSTIC,46,130363,2,1050,4cb676c88faee9fdb94eb560f824695acf54cf164ec9bf94dff851d028f80ba2,PREDICTIONS_FROZEN,False
100,TARGET_ASSISTED_LABELLED_TARGET_DIAGNOSTIC,46,130363,2,1050,2db44aa3821539350a5bbe609e7b77d11635dbb433c4cdf8fb7426a459a0b644,PREDICTIONS_FROZEN,False
200,TARGET_ASSISTED_LABELLED_TARGET_DIAGNOSTIC,46,130363,2,1050,04b8700484e6ee6fc56680f4482c8f3bf18acbc26bca122b64573de32484e240,PREDICTIONS_FROZEN,False
500,TARGET_ASSISTED_LABELLED_TARGET_DIAGNOSTIC,46,130363,2,1050,e070dbc6b7a4ad2cc9723c1ac0757ce9727a2342e6d22beb1f5f12f8e1594471,PREDICTIONS_FROZEN,False
7,TARGET_ASSISTED_LABELLED_TARGET_DIAGNOSTIC,46,155921,2,1050,95f748455a8f2c7aff377732d91ac7148ea121fe0a8e42d495ecbedd76c92d07,PREDICTIONS_FROZEN,False
10,TARGET_ASSISTED_LABELLED_TARGET_DIAGNOSTIC,46,155921,2,1050,2007e844868252e499c3393b5f766753d54f3bb9226ec31f75bbbec333041bcf,PREDICTIONS_FROZEN,False
20,TARGET_ASSISTED_LABELLED_TARGET_DIAGNOSTIC,46,155921,2,1050,e88c283a384d65c377a38703752bea11ab5bcc355b0dcca9522f28247a8feefa,PREDICTIONS_FROZEN,False
21,TARGET_ASSISTED_LABELLED_TARGET_DIAGNOSTIC,46,155921,2,1050,38ec0c5d0267b21f0f339a06156e11e102e79513db7d7ebaf3d2577cf513427f,PREDICTIONS_FROZEN,False
35,TARGET_ASSISTED_LABELLED_TARGET_DIAGNOSTIC,46,155921,2,1050,7922e8e1b35d73c6cf3f4ebf48fe09f36e756bb446aeb1a7e6793ef5a765ece7,PREDICTIONS_FROZEN,False
50,TARGET_ASSISTED_LABELLED_TARGET_DIAGNOSTIC,46,155921,2,1050,fa05a8355f37300050e8b967b58e41f9be53032f8db55ffdc8b419a1d1786ec9,PREDICTIONS_FROZEN,False
100,TARGET_ASSISTED_LABELLED_TARGET_DIAGNOSTIC,46,155921,2,1050,e070dbc6b7a4ad2cc9723c1ac0757ce9727a2342e6d22beb1f5f12f8e1594471,PREDICTIONS_FROZEN,False
200,TARGET_ASSISTED_LABELLED_TARGET_DIAGNOSTIC,46,155921,2,1050,e070dbc6b7a4ad2cc9723c1ac0757ce9727a2342e6d22beb1f5f12f8e1594471,PREDICTIONS_FROZEN,False
500,TARGET_ASSISTED_LABELLED_TARGET_DIAGNOSTIC,46,155921,2,1050,e070dbc6b7a4ad2cc9723c1ac0757ce9727a2342e6d22beb1f5f12f8e1594471,PREDICTIONS_FROZEN,False
7,TARGET_ASSISTED_LABELLED_TARGET_DIAGNOSTIC,46,181081,2,1050,864da1fde9f2cc7b7a59ee970bc5b109cacfa488f3495dbc3d589e5ae25c4c77,PREDICTIONS_FROZEN,False
10,TARGET_ASSISTED_LABELLED_TARGET_DIAGNOSTIC,46,181081,2,1050,72c6e28b370bfc1fe821d067e9a1fef7821ab7a8c1a3f2e832521e7da68c76b7,PREDICTIONS_FROZEN,False
20,TARGET_ASSISTED_LABELLED_TARGET_DIAGNOSTIC,46,181081,2,1050,1ad481bf1a6d87b32202386f135583a1eaf2543549a2eb13a75f13634cf24aef,PREDICTIONS_FROZEN,False
21,TARGET_ASSISTED_LABELLED_TARGET_DIAGNOSTIC,46,181081,2,1050,b04aa257394f497e8157b52366674ec51793d75156345e361338fee2cec9bc34,PREDICTIONS_FROZEN,False
35,TARGET_ASSISTED_LABELLED_TARGET_DIAGNOSTIC,46,181081,2,1050,a2e38d20bd686198747ffb7b07c48d9fa64206a11faaafb2d55ca0a54dd03fcc,PREDICTIONS_FROZEN,False
50,TARGET_ASSISTED_LABELLED_TARGET_DIAGNOSTIC,46,181081,2,1050,decb0211464277d2193a43c8ee15facf20fa1686228727df05e78721723f8104,PREDICTIONS_FROZEN,False
100,TARGET_ASSISTED_LABELLED_TARGET_DIAGNOSTIC,46,181081,2,1050,725a34d667808160c16ad97e2ff1bb8af42aa71632aeaf2795347fbfe1151d84,PREDICTIONS_FROZEN,False
200,TARGET_ASSISTED_LABELLED_TARGET_DIAGNOSTIC,46,181081,2,1050,725a34d667808160c16ad97e2ff1bb8af42aa71632aeaf2795347fbfe1151d84,PREDICTIONS_FROZEN,False
500,TARGET_ASSISTED_LABELLED_TARGET_DIAGNOSTIC,46,181081,2,1050,e070dbc6b7a4ad2cc9723c1ac0757ce9727a2342e6d22beb1f5f12f8e1594471,PREDICTIONS_FROZEN,False
7,TARGET_ASSISTED_LABELLED_TARGET_DIAGNOSTIC,46,205439,2,1050,b05481efe7eb38e185a0e64e83a588fe692aad541caef4c8aa5246cfed7a4289,PREDICTIONS_FROZEN,False
10,TARGET_ASSISTED_LABELLED_TARGET_DIAGNOSTIC,46,205439,2,1050,27fa74e343fa98018080f62c90e9323e1e592413c3eca32f24fdd32552769d10,PREDICTIONS_FROZEN,False
20,TARGET_ASSISTED_LABELLED_TARGET_DIAGNOSTIC,46,205439,2,1050,b919a8ce107b6005656315dd6f3bf790d6be8d8a16219dde5cb4a3958e9adcfb,PREDICTIONS_FROZEN,False
21,TARGET_ASSISTED_LABELLED_TARGET_DIAGNOSTIC,46,205439,2,1050,00dfc34910d66c17ca1a69351df1c1f270934d2117f05de1c60861144eccf4a3,PREDICTIONS_FROZEN,False
35,TARGET_ASSISTED_LABELLED_TARGET_DIAGNOSTIC,46,205439,2,1050,6ac22e267a08f7e1eca9963fa9cc01c6ef94fe5c12faf69b2b2deb6f478f39d1,PREDICTIONS_FROZEN,False
50,TARGET_ASSISTED_LABELLED_TARGET_DIAGNOSTIC,46,205439,2,1050,ae6c9e2d4c8d3a0fdeb0e2499698ab0da54666f8f794ce9068f23a565407a74d,PREDICTIONS_FROZEN,False
100,TARGET_ASSISTED_LABELLED_TARGET_DIAGNOSTIC,46,205439,2,1050,ae6c9e2d4c8d3a0fdeb0e2499698ab0da54666f8f794ce9068f23a565407a74d,PREDICTIONS_FROZEN,False
200,TARGET_ASSISTED_LABELLED_TARGET_DIAGNOSTIC,46,205439,2,1050,e070dbc6b7a4ad2cc9723c1ac0757ce9727a2342e6d22beb1f5f12f8e1594471,PREDICTIONS_FROZEN,False
500,TARGET_ASSISTED_LABELLED_TARGET_DIAGNOSTIC,46,205439,2,1050,e070dbc6b7a4ad2cc9723c1ac0757ce9727a2342e6d22beb1f5f12f8e1594471,PREDICTIONS_FROZEN,False
7,TARGET_ASSISTED_LABELLED_TARGET_DIAGNOSTIC,46,230003,2,1050,333c3d44eb23b137ed60e367682845eddaa03adfa8fc3ef8a18d92cfe6142000,PREDICTIONS_FROZEN,False
10,TARGET_ASSISTED_LABELLED_TARGET_DIAGNOSTIC,46,230003,2,1050,8e3cb07078b07e783b3690c81586ec82cda9b3bb93a2d11f2e5464fcfc86b6ce,PREDICTIONS_FROZEN,False
20,TARGET_ASSISTED_LABELLED_TARGET_DIAGNOSTIC,46,230003,2,1050,8d5b998d5a6a35748bb8a24abf375dbc71e41bd7d46c47a3f60cc374d3198f20,PREDICTIONS_FROZEN,False
21,TARGET_ASSISTED_LABELLED_TARGET_DIAGNOSTIC,46,230003,2,1050,2223875380f09562ec62d6028c1a6cbb2fcb96bcc086b2514fe6dd0bbd8b9750,PREDICTIONS_FROZEN,False
35,TARGET_ASSISTED_LABELLED_TARGET_DIAGNOSTIC,46,230003,2,1050,75bb4e8cbcbd0dc4d6f60b4a612afeb03481f8e705d061564ad44de7d46fe47a,PREDICTIONS_FROZEN,False
50,TARGET_ASSISTED_LABELLED_TARGET_DIAGNOSTIC,46,230003,2,1050,857f6cd980e4b18ad001581dba0bef8ceeaa90a95d52802ecb5a7fd35623c5c5,PREDICTIONS_FROZEN,False
100,TARGET_ASSISTED_LABELLED_TARGET_DIAGNOSTIC,46,230003,2,1050,5eadce05980632ddfa71e361facc25ac39838dab36ef626f19081ed4d480ef47,PREDICTIONS_FROZEN,False
200,TARGET_ASSISTED_LABELLED_TARGET_DIAGNOSTIC,46,230003,2,1050,e070dbc6b7a4ad2cc9723c1ac0757ce9727a2342e6d22beb1f5f12f8e1594471,PREDICTIONS_FROZEN,False
500,TARGET_ASSISTED_LABELLED_TARGET_DIAGNOSTIC,46,230003,2,1050,e070dbc6b7a4ad2cc9723c1ac0757ce9727a2342e6d22beb1f5f12f8e1594471,PREDICTIONS_FROZEN,False
7,TARGET_ASSISTED_LABELLED_TARGET_DIAGNOSTIC,46,254959,2,1050,cc5c9b406f2df0c05366ff4b69da6bdb02934ede6fa4505b29c5fab54bbe660b,PREDICTIONS_FROZEN,False
10,TARGET_ASSISTED_LABELLED_TARGET_DIAGNOSTIC,46,254959,2,1050,c6a65646a163167c5e43c3ac4dfb2a85a575cd36c30ddd82c214ab6d94f512d2,PREDICTIONS_FROZEN,False
20,TARGET_ASSISTED_LABELLED_TARGET_DIAGNOSTIC,46,254959,2,1050,d3285fd8bb5b393808243b57eb99a4d2def825c074611b66749c8148557ea5ab,PREDICTIONS_FROZEN,False
21,TARGET_ASSISTED_LABELLED_TARGET_DIAGNOSTIC,46,254959,2,1050,00dfc34910d66c17ca1a69351df1c1f270934d2117f05de1c60861144eccf4a3,PREDICTIONS_FROZEN,False
35,TARGET_ASSISTED_LABELLED_TARGET_DIAGNOSTIC,46,254959,2,1050,06b2cd9d0e893dc2d768bc7718c97ff772dfdf5e7d4a50c44d88c799998cbacc,PREDICTIONS_FROZEN,False
50,TARGET_ASSISTED_LABELLED_TARGET_DIAGNOSTIC,46,254959,2,1050,6b6ef7f0f114950c3701c4963ffbbba65e95e62077324b29fa2e48fa37a209f6,PREDICTIONS_FROZEN,False
100,TARGET_ASSISTED_LABELLED_TARGET_DIAGNOSTIC,46,254959,2,1050,abac6c91efc3e84e60977bab48056f1be817351aa7e63c6f106919eef624bb65,PREDICTIONS_FROZEN,False
200,TARGET_ASSISTED_LABELLED_TARGET_DIAGNOSTIC,46,254959,2,1050,45825893068ec8ade85fb8f914d057b82dc657d66752f45d3c4666921ca47ba1,PREDICTIONS_FROZEN,False
500,TARGET_ASSISTED_LABELLED_TARGET_DIAGNOSTIC,46,254959,2,1050,e070dbc6b7a4ad2cc9723c1ac0757ce9727a2342e6d22beb1f5f12f8e1594471,PREDICTIONS_FROZEN,False
7,TARGET_ASSISTED_LABELLED_TARGET_DIAGNOSTIC,46,280001,2,1050,f75735a96439985072c098386749c3998ffe57308664c2ccebb2c66d083651e0,PREDICTIONS_FROZEN,False
10,TARGET_ASSISTED_LABELLED_TARGET_DIAGNOSTIC,46,280001,2,1050,fb1600965efd60ef0b917de4d0bfc955360c7c214f13ba55b4271a81b2777760,PREDICTIONS_FROZEN,False
20,TARGET_ASSISTED_LABELLED_TARGET_DIAGNOSTIC,46,280001,2,1050,6fbaaf8c175778608bd6a176ef46c164c4816ae31399b02aa2c0ec233cd5c790,PREDICTIONS_FROZEN,False
21,TARGET_ASSISTED_LABELLED_TARGET_DIAGNOSTIC,46,280001,2,1050,8656592af9cc1794ca4c7a60c299e742a64a3431cab90538668ff96d6cf3cc23,PREDICTIONS_FROZEN,False
35,TARGET_ASSISTED_LABELLED_TARGET_DIAGNOSTIC,46,280001,2,1050,ad271e5e9dfd710efa58d8036718a86e6b70542d2296fb1fb3f08b4016eed020,PREDICTIONS_FROZEN,False
50,TARGET_ASSISTED_LABELLED_TARGET_DIAGNOSTIC,46,280001,2,1050,9cd40bbaae1bd4a9393a40ce12106ebcf93ec1d343c92bfc8a442732080b083f,PREDICTIONS_FROZEN,False
100,TARGET_ASSISTED_LABELLED_TARGET_DIAGNOSTIC,46,280001,2,1050,8899fcae1a3e5516f988b00f0b3f800eef6777ea25c4ae111faa4aecc8ff770c,PREDICTIONS_FROZEN,False
200,TARGET_ASSISTED_LABELLED_TARGET_DIAGNOSTIC,46,280001,2,1050,725a34d667808160c16ad97e2ff1bb8af42aa71632aeaf2795347fbfe1151d84,PREDICTIONS_FROZEN,False
500,TARGET_ASSISTED_LABELLED_TARGET_DIAGNOSTIC,46,280001,2,1050,e070dbc6b7a4ad2cc9723c1ac0757ce9727a2342e6d22beb1f5f12f8e1594471,PREDICTIONS_FROZEN,False
7,TARGET_ASSISTED_LABELLED_TARGET_DIAGNOSTIC,46,305093,2,1050,850ece6c7b23b424538d54bafb6f985c774f8f176e4487b8d02561b798fd40b6,PREDICTIONS_FROZEN,False
10,TARGET_ASSISTED_LABELLED_TARGET_DIAGNOSTIC,46,305093,2,1050,7069ea47f9f089bd6c193842086a5c432973dbf2db1dffaf24d33fedf2f5fec0,PREDICTIONS_FROZEN,False
20,TARGET_ASSISTED_LABELLED_TARGET_DIAGNOSTIC,46,305093,2,1050,588d85d7d4f2ea6f404e845e40c424f569c07cf013c3051544b6320d25c53958,PREDICTIONS_FROZEN,False
21,TARGET_ASSISTED_LABELLED_TARGET_DIAGNOSTIC,46,305093,2,1050,9dff9ac40814201a51a12b974b7cca39b39deea4f0beecdf2c5b6c2bcf0774d1,PREDICTIONS_FROZEN,False
35,TARGET_ASSISTED_LABELLED_TARGET_DIAGNOSTIC,46,305093,2,1050,b07027d144b77113eb4ed88e8a1894d18d87840bd0ac53a0a24532f543af4500,PREDICTIONS_FROZEN,False
50,TARGET_ASSISTED_LABELLED_TARGET_DIAGNOSTIC,46,305093,2,1050,d0809ea14ecbb9b544f7ce7eff0e9755323c7326b8f0c608fd58adf6c94f6a7d,PREDICTIONS_FROZEN,False
100,TARGET_ASSISTED_LABELLED_TARGET_DIAGNOSTIC,46,305093,2,1050,c33b9463a088ad4116fd5ba009ed415b15b301aeb6f325dd83fe44fcb476a057,PREDICTIONS_FROZEN,False
200,TARGET_ASSISTED_LABELLED_TARGET_DIAGNOSTIC,46,305093,2,1050,06bca6629a5d1e8d5ab4e49aaaeb263da2e54761e37db76cd7560c7401fb413b,PREDICTIONS_FROZEN,False
500,TARGET_ASSISTED_LABELLED_TARGET_DIAGNOSTIC,46,305093,2,1050,e070dbc6b7a4ad2cc9723c1ac0757ce9727a2342e6d22beb1f5f12f8e1594471,PREDICTIONS_FROZEN,False
7,TARGET_ASSISTED_LABELLED_TARGET_DIAGNOSTIC,46,330017,2,1050,cc5c9b406f2df0c05366ff4b69da6bdb02934ede6fa4505b29c5fab54bbe660b,PREDICTIONS_FROZEN,False
10,TARGET_ASSISTED_LABELLED_TARGET_DIAGNOSTIC,46,330017,2,1050,781fdb5d71f2b9604f85e645a7ca4bf63ee78879fdd5a81ada98cd2cbcea991f,PREDICTIONS_FROZEN,False
20,TARGET_ASSISTED_LABELLED_TARGET_DIAGNOSTIC,46,330017,2,1050,74a39577e24b75c966f595913947071be10bed5fa81d303033eaaa300f65b591,PREDICTIONS_FROZEN,False
21,TARGET_ASSISTED_LABELLED_TARGET_DIAGNOSTIC,46,330017,2,1050,325de49fa2b1dca10c006bb4226b6926dfe6af0735613e399b8b6e86ef9bb048,PREDICTIONS_FROZEN,False
35,TARGET_ASSISTED_LABELLED_TARGET_DIAGNOSTIC,46,330017,2,1050,288633797cb8a0822cd4dc5133d1602831d599f89c443555a7aa8f510763b8cb,PREDICTIONS_FROZEN,False
50,TARGET_ASSISTED_LABELLED_TARGET_DIAGNOSTIC,46,330017,2,1050,f2f78629b0714240635ca0c7253adcbee1182a9008d05a620632faf876b7feb7,PREDICTIONS_FROZEN,False
100,TARGET_ASSISTED_LABELLED_TARGET_DIAGNOSTIC,46,330017,2,1050,d5c0025bb9a6c7c7e9c25ec3289409256faea8cddd626ed64631adcbc116f3c4,PREDICTIONS_FROZEN,False
200,TARGET_ASSISTED_LABELLED_TARGET_DIAGNOSTIC,46,330017,2,1050,e070dbc6b7a4ad2cc9723c1ac0757ce9727a2342e6d22beb1f5f12f8e1594471,PREDICTIONS_FROZEN,False
500,TARGET_ASSISTED_LABELLED_TARGET_DIAGNOSTIC,46,330017,2,1050,e070dbc6b7a4ad2cc9723c1ac0757ce9727a2342e6d22beb1f5f12f8e1594471,PREDICTIONS_FROZEN,False
7,TARGET_ASSISTED_LABELLED_TARGET_DIAGNOSTIC,46,355031,2,1050,cc5c9b406f2df0c05366ff4b69da6bdb02934ede6fa4505b29c5fab54bbe660b,PREDICTIONS_FROZEN,False
10,TARGET_ASSISTED_LABELLED_TARGET_DIAGNOSTIC,46,355031,2,1050,dec43d73e00db9fb8e12bc31846ad31c0793afaa5344c34d0e76b4564517fb64,PREDICTIONS_FROZEN,False
20,TARGET_ASSISTED_LABELLED_TARGET_DIAGNOSTIC,46,355031,2,1050,62ef1302507c2a98ebe43694e632d50c1a7da64c8ce1b4926ab5558257bcbe13,PREDICTIONS_FROZEN,False
21,TARGET_ASSISTED_LABELLED_TARGET_DIAGNOSTIC,46,355031,2,1050,c517834fa9881ccf74c290d768b477084ab5ff9dfe5fb496940cf83d6ba61dff,PREDICTIONS_FROZEN,False
35,TARGET_ASSISTED_LABELLED_TARGET_DIAGNOSTIC,46,355031,2,1050,a66f7a8e89593dba9e2c248a53df5651a7e1d49e83126fba249764d5e72fd737,PREDICTIONS_FROZEN,False
50,TARGET_ASSISTED_LABELLED_TARGET_DIAGNOSTIC,46,355031,2,1050,881ec1881099c179cb9784ad8154fea0f3587d581e39d7cea7077d1fe674c32e,PREDICTIONS_FROZEN,False
100,TARGET_ASSISTED_LABELLED_TARGET_DIAGNOSTIC,46,355031,2,1050,725a34d667808160c16ad97e2ff1bb8af42aa71632aeaf2795347fbfe1151d84,PREDICTIONS_FROZEN,False
200,TARGET_ASSISTED_LABELLED_TARGET_DIAGNOSTIC,46,355031,2,1050,e070dbc6b7a4ad2cc9723c1ac0757ce9727a2342e6d22beb1f5f12f8e1594471,PREDICTIONS_FROZEN,False
500,TARGET_ASSISTED_LABELLED_TARGET_DIAGNOSTIC,46,355031,2,1050,e070dbc6b7a4ad2cc9723c1ac0757ce9727a2342e6d22beb1f5f12f8e1594471,PREDICTIONS_FROZEN,False
7,TARGET_ASSISTED_LABELLED_TARGET_DIAGNOSTIC,46,380041,2,1050,cc5c9b406f2df0c05366ff4b69da6bdb02934ede6fa4505b29c5fab54bbe660b,PREDICTIONS_FROZEN,False
10,TARGET_ASSISTED_LABELLED_TARGET_DIAGNOSTIC,46,380041,2,1050,9de41f18e213efb1b94e5139a547e14df4669bad71f503a1bfb521ed22075e6e,PREDICTIONS_FROZEN,False
20,TARGET_ASSISTED_LABELLED_TARGET_DIAGNOSTIC,46,380041,2,1050,c76d75bcebf09b3a8bb4aae67a1c39fc7233c5c6251110b51a625f3a112248bd,PREDICTIONS_FROZEN,False
21,TARGET_ASSISTED_LABELLED_TARGET_DIAGNOSTIC,46,380041,2,1050,b04aa257394f497e8157b52366674ec51793d75156345e361338fee2cec9bc34,PREDICTIONS_FROZEN,False
35,TARGET_ASSISTED_LABELLED_TARGET_DIAGNOSTIC,46,380041,2,1050,9051a468d43209081c2e4c3e6d9a69af6ac21d75dcb140b2a26dbec77532ac83,PREDICTIONS_FROZEN,False
50,TARGET_ASSISTED_LABELLED_TARGET_DIAGNOSTIC,46,380041,2,1050,3f3ff20914ca64b33c1d38b28304e35957534a5f4ddaa79daa01696df1c1809a,PREDICTIONS_FROZEN,False
100,TARGET_ASSISTED_LABELLED_TARGET_DIAGNOSTIC,46,380041,2,1050,9592c5641391a9dcbea3a10029c4f2c3c3b803eb9ef98d466f06c5f9fdcb595d,PREDICTIONS_FROZEN,False
200,TARGET_ASSISTED_LABELLED_TARGET_DIAGNOSTIC,46,380041,2,1050,e070dbc6b7a4ad2cc9723c1ac0757ce9727a2342e6d22beb1f5f12f8e1594471,PREDICTIONS_FROZEN,False
500,TARGET_ASSISTED_LABELLED_TARGET_DIAGNOSTIC,46,380041,2,1050,e070dbc6b7a4ad2cc9723c1ac0757ce9727a2342e6d22beb1f5f12f8e1594471,PREDICTIONS_FROZEN,False
7,TARGET_ASSISTED_LABELLED_TARGET_DIAGNOSTIC,46,405019,2,1050,ce9866799d6d071875bcffc7f60c72fa653fe4e0adc439f3304d1c87a2d62caa,PREDICTIONS_FROZEN,False
10,TARGET_ASSISTED_LABELLED_TARGET_DIAGNOSTIC,46,405019,2,1050,2167859faf911e4de741f1c692d7f4253e3ef004f2941f1f179e5da8af1d563e,PREDICTIONS_FROZEN,False
20,TARGET_ASSISTED_LABELLED_TARGET_DIAGNOSTIC,46,405019,2,1050,bd14349460adf43daf4dea85ef57383b15b87a09b178bd1346fcb128e37c4b79,PREDICTIONS_FROZEN,False
21,TARGET_ASSISTED_LABELLED_TARGET_DIAGNOSTIC,46,405019,2,1050,c7a245596fe57d28a78d546f2ffa9a1450ef65c530076bad3b9a105815fca718,PREDICTIONS_FROZEN,False
35,TARGET_ASSISTED_LABELLED_TARGET_DIAGNOSTIC,46,405019,2,1050,120f59edd4a9acfb0fd1f05a9bf459bcaef07a9e8cbbe9426bff1e4e37a458d9,PREDICTIONS_FROZEN,False
50,TARGET_ASSISTED_LABELLED_TARGET_DIAGNOSTIC,46,405019,2,1050,96e73a1e93b7552591c40873b5a5ad4f74c55c53b653961d1fb8cd9d9ac8d16a,PREDICTIONS_FROZEN,False
100,TARGET_ASSISTED_LABELLED_TARGET_DIAGNOSTIC,46,405019,2,1050,d3292303988221286a745676e52fa420b0858fd2ef49f29f5cbd110317a06a21,PREDICTIONS_FROZEN,False
200,TARGET_ASSISTED_LABELLED_TARGET_DIAGNOSTIC,46,405019,2,1050,e7afc3006149998a36ba19ef51b868d0d1d6c37f99f8db26c134cdf3b69b35c0,PREDICTIONS_FROZEN,False
500,TARGET_ASSISTED_LABELLED_TARGET_DIAGNOSTIC,46,405019,2,1050,e070dbc6b7a4ad2cc9723c1ac0757ce9727a2342e6d22beb1f5f12f8e1594471,PREDICTIONS_FROZEN,False
7,TARGET_ASSISTED_LABELLED_TARGET_DIAGNOSTIC,46,430007,2,1050,a131cac2d0cb6def358f2f2fa145f6ebca27011c30f3522f71a27b8918ebeb64,PREDICTIONS_FROZEN,False
10,TARGET_ASSISTED_LABELLED_TARGET_DIAGNOSTIC,46,430007,2,1050,57ed9df9a247c42b58526b2569001fc115f75fd1751c2b5236243b84eae7fa77,PREDICTIONS_FROZEN,False
20,TARGET_ASSISTED_LABELLED_TARGET_DIAGNOSTIC,46,430007,2,1050,7f0c75fbe476154da7732d7dce47179b9422dad57e67f9c88e70db03aeb3557e,PREDICTIONS_FROZEN,False
21,TARGET_ASSISTED_LABELLED_TARGET_DIAGNOSTIC,46,430007,2,1050,eda5a5e31f3e04387da50f981bd34c14cd38bf0ad18876664538823c499f356c,PREDICTIONS_FROZEN,False
35,TARGET_ASSISTED_LABELLED_TARGET_DIAGNOSTIC,46,430007,2,1050,712ac0545caaa5392ca190f4ba462a7637c30c6cb6b4e484a2072debf22406e6,PREDICTIONS_FROZEN,False
50,TARGET_ASSISTED_LABELLED_TARGET_DIAGNOSTIC,46,430007,2,1050,3459c28162fe09416624de28f2a973c96c55c064f851ca6415b15c4d3d509951,PREDICTIONS_FROZEN,False
100,TARGET_ASSISTED_LABELLED_TARGET_DIAGNOSTIC,46,430007,2,1050,9ac44382fd528d337dff0e2a31d250d9e45f2fd43da7ef7494305c36bc565fe0,PREDICTIONS_FROZEN,False
200,TARGET_ASSISTED_LABELLED_TARGET_DIAGNOSTIC,46,430007,2,1050,e070dbc6b7a4ad2cc9723c1ac0757ce9727a2342e6d22beb1f5f12f8e1594471,PREDICTIONS_FROZEN,False
500,TARGET_ASSISTED_LABELLED_TARGET_DIAGNOSTIC,46,430007,2,1050,e070dbc6b7a4ad2cc9723c1ac0757ce9727a2342e6d22beb1f5f12f8e1594471,PREDICTIONS_FROZEN,False
7,TARGET_ASSISTED_LABELLED_TARGET_DIAGNOSTIC,46,455003,2,1050,896c89a07ba8a437217129d1e882553cb2d5acbba81102d6a2d4b8440b1bd171,PREDICTIONS_FROZEN,False
10,TARGET_ASSISTED_LABELLED_TARGET_DIAGNOSTIC,46,455003,2,1050,c5a573b1fc3b52a2f4fdb7298cbeea8a88630c06829cec7718805fd0d9703667,PREDICTIONS_FROZEN,False
20,TARGET_ASSISTED_LABELLED_TARGET_DIAGNOSTIC,46,455003,2,1050,5af8b411ce303e9708a5fd57ced866ba9a6ba542266b82c144e27022d6be3f39,PREDICTIONS_FROZEN,False
21,TARGET_ASSISTED_LABELLED_TARGET_DIAGNOSTIC,46,455003,2,1050,55c3973807401de239ca9bfb33137bb161b56543e4d8a96660669b0a223e5e29,PREDICTIONS_FROZEN,False
35,TARGET_ASSISTED_LABELLED_TARGET_DIAGNOSTIC,46,455003,2,1050,855323c6025db9460974ff7db774dc74c19c2486ece5a62061d384952566b68b,PREDICTIONS_FROZEN,False
50,TARGET_ASSISTED_LABELLED_TARGET_DIAGNOSTIC,46,455003,2,1050,604fde6b11c6056edc326e660d4e3ac00868f6238512a8059e6362d8f94823e3,PREDICTIONS_FROZEN,False
100,TARGET_ASSISTED_LABELLED_TARGET_DIAGNOSTIC,46,455003,2,1050,725a34d667808160c16ad97e2ff1bb8af42aa71632aeaf2795347fbfe1151d84,PREDICTIONS_FROZEN,False
200,TARGET_ASSISTED_LABELLED_TARGET_DIAGNOSTIC,46,455003,2,1050,27d6d568a1a036e665cf480f0d999eb8976f8830189ed3f56406f89df50db537,PREDICTIONS_FROZEN,False
500,TARGET_ASSISTED_LABELLED_TARGET_DIAGNOSTIC,46,455003,2,1050,8899fcae1a3e5516f988b00f0b3f800eef6777ea25c4ae111faa4aecc8ff770c,PREDICTIONS_FROZEN,False
7,TARGET_ASSISTED_LABELLED_TARGET_DIAGNOSTIC,46,480017,2,1050,896c89a07ba8a437217129d1e882553cb2d5acbba81102d6a2d4b8440b1bd171,PREDICTIONS_FROZEN,False
10,TARGET_ASSISTED_LABELLED_TARGET_DIAGNOSTIC,46,480017,2,1050,2a7b4dc94f9d3a09049ac47b5ee65536c19c04c785403fd7dbdaee1035f43fff,PREDICTIONS_FROZEN,False
20,TARGET_ASSISTED_LABELLED_TARGET_DIAGNOSTIC,46,480017,2,1050,49ba370a7aa3b7553a32576ffeb39eac144805af0191533be564156eb618d0e6,PREDICTIONS_FROZEN,False
21,TARGET_ASSISTED_LABELLED_TARGET_DIAGNOSTIC,46,480017,2,1050,ae77eb5cdc0e54c1a43b60ec01f2ea236d28fe8a7e87263b04272e1b071d00be,PREDICTIONS_FROZEN,False
35,TARGET_ASSISTED_LABELLED_TARGET_DIAGNOSTIC,46,480017,2,1050,01e65b58c7dd8f099c28f72a774007f59e5889e067525049860990b24e2a69a7,PREDICTIONS_FROZEN,False
50,TARGET_ASSISTED_LABELLED_TARGET_DIAGNOSTIC,46,480017,2,1050,ff88642ceb507f316d6ad03c4b34c36502aa3ae23326cba45f63bca47fa30b3f,PREDICTIONS_FROZEN,False
100,TARGET_ASSISTED_LABELLED_TARGET_DIAGNOSTIC,46,480017,2,1050,e6229178248aafe538aaf2572bb9d65c1af74cd66381cabad15e97156d29fe52,PREDICTIONS_FROZEN,False
200,TARGET_ASSISTED_LABELLED_TARGET_DIAGNOSTIC,46,480017,2,1050,e070dbc6b7a4ad2cc9723c1ac0757ce9727a2342e6d22beb1f5f12f8e1594471,PREDICTIONS_FROZEN,False
500,TARGET_ASSISTED_LABELLED_TARGET_DIAGNOSTIC,46,480017,2,1050,e070dbc6b7a4ad2cc9723c1ac0757ce9727a2342e6d22beb1f5f12f8e1594471,PREDICTIONS_FROZEN,False
7,TARGET_ASSISTED_LABELLED_TARGET_DIAGNOSTIC,46,505027,2,1050,896c89a07ba8a437217129d1e882553cb2d5acbba81102d6a2d4b8440b1bd171,PREDICTIONS_FROZEN,False
10,TARGET_ASSISTED_LABELLED_TARGET_DIAGNOSTIC,46,505027,2,1050,b5e5203bfa8b00330df0f2defa9d78f4cad47a4c15cf9637077a731d596b4047,PREDICTIONS_FROZEN,False
20,TARGET_ASSISTED_LABELLED_TARGET_DIAGNOSTIC,46,505027,2,1050,71fa4cbb45468cd3fd97d8a316b513e51adb077418685d14dc804a1eeb837b95,PREDICTIONS_FROZEN,False
21,TARGET_ASSISTED_LABELLED_TARGET_DIAGNOSTIC,46,505027,2,1050,50a941d0845de0bf3db90658a5a663d12a9b2c1adfb2603026ca1cf6ecf33159,PREDICTIONS_FROZEN,False
35,TARGET_ASSISTED_LABELLED_TARGET_DIAGNOSTIC,46,505027,2,1050,7c7f3eb7e9aa37fd2278f47359caaacd818d501f704a6f3834d1a276db9b75a8,PREDICTIONS_FROZEN,False
50,TARGET_ASSISTED_LABELLED_TARGET_DIAGNOSTIC,46,505027,2,1050,8c972f51cacae8fb7e2000fdbe5e020a5643eb4dfe982874312ad95e8b71d3cd,PREDICTIONS_FROZEN,False
100,TARGET_ASSISTED_LABELLED_TARGET_DIAGNOSTIC,46,505027,2,1050,600c7ffffeca46ccf72d67c4f0bd4b2c1190c9f52c17b3e3f36401b530468068,PREDICTIONS_FROZEN,False
200,TARGET_ASSISTED_LABELLED_TARGET_DIAGNOSTIC,46,505027,2,1050,e070dbc6b7a4ad2cc9723c1ac0757ce9727a2342e6d22beb1f5f12f8e1594471,PREDICTIONS_FROZEN,False
500,TARGET_ASSISTED_LABELLED_TARGET_DIAGNOSTIC,46,505027,2,1050,e070dbc6b7a4ad2cc9723c1ac0757ce9727a2342e6d22beb1f5f12f8e1594471,PREDICTIONS_FROZEN,False
7,TARGET_ASSISTED_LABELLED_TARGET_DIAGNOSTIC,46,530017,2,1050,a131cac2d0cb6def358f2f2fa145f6ebca27011c30f3522f71a27b8918ebeb64,PREDICTIONS_FROZEN,False
10,TARGET_ASSISTED_LABELLED_TARGET_DIAGNOSTIC,46,530017,2,1050,19e71e21a3e4e78ff731f379a3e9dd3df7dcf9669b0f1a805abf9520bc793be8,PREDICTIONS_FROZEN,False
20,TARGET_ASSISTED_LABELLED_TARGET_DIAGNOSTIC,46,530017,2,1050,0eb1c5d21160b5471034132f238cb728458702127e3785113d29b7e32790fd62,PREDICTIONS_FROZEN,False
21,TARGET_ASSISTED_LABELLED_TARGET_DIAGNOSTIC,46,530017,2,1050,c5d542a046041930e636abd76a6218c9502048459af43882b9cc07bc68ddc023,PREDICTIONS_FROZEN,False
35,TARGET_ASSISTED_LABELLED_TARGET_DIAGNOSTIC,46,530017,2,1050,89ca4f3b3309beb2892de77573a5ef87573190a02ef9ac8947bfcd1833494404,PREDICTIONS_FROZEN,False
50,TARGET_ASSISTED_LABELLED_TARGET_DIAGNOSTIC,46,530017,2,1050,b15530d6acf07056720a2f62bdd9e824fd61d131fe14e3006b902668150c9df4,PREDICTIONS_FROZEN,False
100,TARGET_ASSISTED_LABELLED_TARGET_DIAGNOSTIC,46,530017,2,1050,0a56dd1aa83df6ace2268e21aa147d914cdc2324d8f749471ca322801e191720,PREDICTIONS_FROZEN,False
200,TARGET_ASSISTED_LABELLED_TARGET_DIAGNOSTIC,46,530017,2,1050,1da88edd3b22070e9f99d6661c49ea1c448ee83e47bdec4979da2d75053c9d72,PREDICTIONS_FROZEN,False
500,TARGET_ASSISTED_LABELLED_TARGET_DIAGNOSTIC,46,530017,2,1050,e070dbc6b7a4ad2cc9723c1ac0757ce9727a2342e6d22beb1f5f12f8e1594471,PREDICTIONS_FROZEN,False
7,TARGET_ASSISTED_LABELLED_TARGET_DIAGNOSTIC,46,555029,2,1050,58b899ac5f7e130ce6853409308d3f90e105bad9d15597126409a90ec3e273f6,PREDICTIONS_FROZEN,False
10,TARGET_ASSISTED_LABELLED_TARGET_DIAGNOSTIC,46,555029,2,1050,bf9aaf2ef966d1e19fed777e9c57b1f334bf33a3dbecffcde8f5bb16926782b8,PREDICTIONS_FROZEN,False
20,TARGET_ASSISTED_LABELLED_TARGET_DIAGNOSTIC,46,555029,2,1050,9f8ce3d23fbb483e47c57a21b048a324dfbe948fbc4e136514dab0cfa9b6bd24,PREDICTIONS_FROZEN,False
21,TARGET_ASSISTED_LABELLED_TARGET_DIAGNOSTIC,46,555029,2,1050,a39a7111c6bc69214aeee66daa89717905b7bf4434f53f6b797e474496366971,PREDICTIONS_FROZEN,False
35,TARGET_ASSISTED_LABELLED_TARGET_DIAGNOSTIC,46,555029,2,1050,0a7f8fc498cdbe6753952acc6729138e6e90f1a8b35858334516d380869d1491,PREDICTIONS_FROZEN,False
50,TARGET_ASSISTED_LABELLED_TARGET_DIAGNOSTIC,46,555029,2,1050,045a12dde6dc93619146a6dd1db007d0c2430ce3e2273e91623d9eabae677181,PREDICTIONS_FROZEN,False
100,TARGET_ASSISTED_LABELLED_TARGET_DIAGNOSTIC,46,555029,2,1050,c3661bb8e44376d2426be4a964decff1e51563c706d82e256470d8aa5f4298d0,PREDICTIONS_FROZEN,False
200,TARGET_ASSISTED_LABELLED_TARGET_DIAGNOSTIC,46,555029,2,1050,b1861d69c6bf808aefcf13b3661e75eeabe85e548041cc643c20c88a065fd07e,PREDICTIONS_FROZEN,False
500,TARGET_ASSISTED_LABELLED_TARGET_DIAGNOSTIC,46,555029,2,1050,e070dbc6b7a4ad2cc9723c1ac0757ce9727a2342e6d22beb1f5f12f8e1594471,PREDICTIONS_FROZEN,False
7,TARGET_ASSISTED_LABELLED_TARGET_DIAGNOSTIC,46,580031,2,1050,850ece6c7b23b424538d54bafb6f985c774f8f176e4487b8d02561b798fd40b6,PREDICTIONS_FROZEN,False
10,TARGET_ASSISTED_LABELLED_TARGET_DIAGNOSTIC,46,580031,2,1050,c0bd2fb2afd13f3f28f2cf88f331f23b92e49a793545e9f06243f7fe8d7d3307,PREDICTIONS_FROZEN,False
20,TARGET_ASSISTED_LABELLED_TARGET_DIAGNOSTIC,46,580031,2,1050,8414f4f703fe28ab33d443e6a02a15ebd8d02a26b77695c1f4b473a5a4b4371e,PREDICTIONS_FROZEN,False
21,TARGET_ASSISTED_LABELLED_TARGET_DIAGNOSTIC,46,580031,2,1050,9ae8aeb7450f245c950ab8a068dd637318e26f624c30e47a3a13d79593477115,PREDICTIONS_FROZEN,False
35,TARGET_ASSISTED_LABELLED_TARGET_DIAGNOSTIC,46,580031,2,1050,0a7f8fc498cdbe6753952acc6729138e6e90f1a8b35858334516d380869d1491,PREDICTIONS_FROZEN,False
50,TARGET_ASSISTED_LABELLED_TARGET_DIAGNOSTIC,46,580031,2,1050,67010bd27dad434f268cc75ee9ed59515370b75454ba8deff5f0aaa11a3fc478,PREDICTIONS_FROZEN,False
100,TARGET_ASSISTED_LABELLED_TARGET_DIAGNOSTIC,46,580031,2,1050,0702d2a8b4e4eaba6ea5728f81e0738700b6fa5937faae6489feaf72d31cc304,PREDICTIONS_FROZEN,False
200,TARGET_ASSISTED_LABELLED_TARGET_DIAGNOSTIC,46,580031,2,1050,e070dbc6b7a4ad2cc9723c1ac0757ce9727a2342e6d22beb1f5f12f8e1594471,PREDICTIONS_FROZEN,False
500,TARGET_ASSISTED_LABELLED_TARGET_DIAGNOSTIC,46,580031,2,1050,e070dbc6b7a4ad2cc9723c1ac0757ce9727a2342e6d22beb1f5f12f8e1594471,PREDICTIONS_FROZEN,False
