budget,method,source_seed,support_seed,accuracy,macro_f1,balanced_accuracy,worst_class_f1,prediction_sha256
0,FS0_FROZEN_SOURCE_HEAD,42,,0.1726984126984127,0.12305412236755582,0.17269841269841266,0.0,1a09163e96887fb810f2a0231757c88c16745838560b6d055389ec8f344035fe
0,FS0_FROZEN_SOURCE_HEAD,43,,0.11936507936507937,0.09655707116594889,0.11936507936507937,0.0,fadb12c4bbaa97ff43fc1e3e8d232428f563e6fa3bd3138de0626121afa164db
0,FS0_FROZEN_SOURCE_HEAD,44,,0.1292063492063492,0.10079515335097167,0.1292063492063492,0.0,6c84d5025143f44a94a29df99ec51bc015f73a55019f7dcf36a617c1cde82cc3
0,FS0_FROZEN_SOURCE_HEAD,45,,0.20412698412698413,0.1445645243313212,0.20412698412698416,0.0,5fda7c3742694b7157efb7361e632f815da619635b5b352f5f798242ea225774
0,FS0_FROZEN_SOURCE_HEAD,46,,0.15777777777777777,0.096183546957079,0.15777777777777777,0.0,effeb82b8a1358020f7dccccb715074bc75690f228588253e84cd29106ba4cc5
7,TARGET_ONLY_COSINE_PROTOTYPE,42,104729,0.14412698412698413,0.1471396036244596,0.14412698412698413,0.0,7a5156ab514e30414a515b96d3de586015b133de8539c339f16202e7d36d53b0
7,TARGET_ONLY_COSINE_PROTOTYPE,42,130363,0.15555555555555556,0.14993668440504956,0.15555555555555559,0.0,b26d511d7c12f01aa4ff62f98c3a70b4df8c95c5947e3bcd05e9dc62ef856144
7,TARGET_ONLY_COSINE_PROTOTYPE,42,155921,0.1307936507936508,0.10067354301581306,0.1307936507936508,0.0,374e7659f3a9319a963e6322e210d38483daa02bdaba794f3a4c4f7b03888b6a
7,TARGET_ONLY_COSINE_PROTOTYPE,42,181081,0.20285714285714285,0.18438606430992452,0.20285714285714285,0.0,e3ea65d46cbd5e8697b338bcd844a34b7ccdfd97db9fcda8e51b281cdce2819b
7,TARGET_ONLY_COSINE_PROTOTYPE,42,205439,0.12285714285714286,0.11650715817405974,0.12285714285714286,0.0,05be5ffe766cfea5ae67cadc6b8559bd877ae607ceaca88f56ef01a930b777a0
7,TARGET_ONLY_COSINE_PROTOTYPE,42,230003,0.2057142857142857,0.2017235817582234,0.2057142857142857,0.0,644495eeecbb890cc22668e3cc4d866ce3d5d0fdf2979e9baf0f51f12712d7b1
7,TARGET_ONLY_COSINE_PROTOTYPE,42,254959,0.14253968253968255,0.1374231794022987,0.14253968253968252,0.0091324200913242,6f16722ef0fa7767a2ae88bcffc907866bda69cda79f87bf31ebc8095549cfb2
7,TARGET_ONLY_COSINE_PROTOTYPE,42,280001,0.14253968253968255,0.11247317228993403,0.14253968253968255,0.0,557d601e59a99be735004fc66ccf4c167ee6f88f8211b118c98f63eeff9a608a
7,TARGET_ONLY_COSINE_PROTOTYPE,42,305093,0.17142857142857143,0.1659274798965603,0.17142857142857146,0.078125,0fc6091347bf2c5669086e1d39d066c665037f90a2b5b20f90d74af2db838124
7,TARGET_ONLY_COSINE_PROTOTYPE,42,330017,0.12634920634920635,0.12075583715766154,0.12634920634920635,0.013201320132013201,b5bd2f9891f59230a5f8ed817be8099ce48fb75abeb767e25d7379d15cb70bf3
7,TARGET_ONLY_COSINE_PROTOTYPE,42,355031,0.20634920634920634,0.19329662513234672,0.20634920634920634,0.014388489208633094,efb0a5c19b9884767049af402904f8787acbbd7d4ca4f8995fc9d911e54641e7
7,TARGET_ONLY_COSINE_PROTOTYPE,42,380041,0.13936507936507936,0.12733766616605127,0.13936507936507936,0.0,a87ac55df8efb3dade660adf0f6e3a035d24289eda0776fb68cc043f1185a33b
7,TARGET_ONLY_COSINE_PROTOTYPE,42,405019,0.09428571428571429,0.07321366728615117,0.09428571428571428,0.0,19a6982de1dcd3305ee57390b18439acd08a37211272a083e7e3dd2fa064b1c2
7,TARGET_ONLY_COSINE_PROTOTYPE,42,430007,0.17492063492063492,0.1570707269594789,0.17492063492063492,0.0,d506e9afcb6a3832021102895c38f1fcfa83f69599b6ce0811fdd50bd5e1565e
7,TARGET_ONLY_COSINE_PROTOTYPE,42,455003,0.09650793650793651,0.09249921459531403,0.0965079365079365,0.0,4aa8bfaa85ea56eeb6e53fa30b5608d9f9c914c49f305b05a8ba4ba8a1825446
7,TARGET_ONLY_COSINE_PROTOTYPE,42,480017,0.12603174603174602,0.10456315921045796,0.12603174603174602,0.0,677ce4cfa40273ebcda27f335e8a1ccea8939e2c8d0b6bc7421f6a22bb41ef35
7,TARGET_ONLY_COSINE_PROTOTYPE,42,505027,0.1180952380952381,0.10735371275205836,0.1180952380952381,0.0026845637583892616,f40d0f812fe04b58c4a338ebd7b6ce41de81360e44a0a7fe2ddaf13ff47446f1
7,TARGET_ONLY_COSINE_PROTOTYPE,42,530017,0.06253968253968253,0.051737315771341975,0.06253968253968253,0.0,031b631949e13968bbb116c4b6d37298af3b775db14b51d5d4a04abd03f51f7f
7,TARGET_ONLY_COSINE_PROTOTYPE,42,555029,0.1034920634920635,0.08806064923974637,0.1034920634920635,0.0,5ed6d1b02cf2db79d9ccf0273f6264836492f3e2f726dd04d91f240eef4c86fa
7,TARGET_ONLY_COSINE_PROTOTYPE,42,580031,0.14412698412698413,0.14726107429279375,0.14412698412698413,0.0,d3b950ff38232229d0d0e4a5540312971e426ab80c3071460f30e537b8449474
7,TARGET_ONLY_COSINE_PROTOTYPE,43,104729,0.15841269841269842,0.1458939065074312,0.15841269841269842,0.0,d8c44ca2336c6b3eaaf98456cfba5961b188c436464847eb8b47838c9891a6b7
7,TARGET_ONLY_COSINE_PROTOTYPE,43,130363,0.15587301587301589,0.1189372275825833,0.15587301587301589,0.0,e9e0032f4c0fddc4c7888e33008be563b14dad067a6edf46f83fc58e9fbbe8ca
7,TARGET_ONLY_COSINE_PROTOTYPE,43,155921,0.12984126984126984,0.12931442083876998,0.12984126984126984,0.0,70369bb72f544fbe22920161fcaba45006478cfad04d418620ec7b8f989921e8
7,TARGET_ONLY_COSINE_PROTOTYPE,43,181081,0.13015873015873017,0.12431634477171714,0.13015873015873017,0.0,79bee617a2b698f94e82c49cfed7bf7b448c7b5f3f05ed7c8c4add59ce0a31ae
7,TARGET_ONLY_COSINE_PROTOTYPE,43,205439,0.1419047619047619,0.13095870326377357,0.1419047619047619,0.0,6bef291b786b61ca708e65f985442617fc2bb4cd9bb7465d86c06546fc644833
7,TARGET_ONLY_COSINE_PROTOTYPE,43,230003,0.1438095238095238,0.1340924310250914,0.1438095238095238,0.0,ea608bc6edc5ae582ba2f7395539ca3cc325ce7adaec201f80813d82be5949eb
7,TARGET_ONLY_COSINE_PROTOTYPE,43,254959,0.09619047619047619,0.09167911413898208,0.09619047619047619,0.0,f6fa8eb957d3064fc9f5279a123298f312be97532c3d6fd64bcc377a44aa4c06
7,TARGET_ONLY_COSINE_PROTOTYPE,43,280001,0.12571428571428572,0.11948104195445765,0.12571428571428572,0.0,15b9663b5818b14118100d8cee84caa96d581e1b0ef9830884fdcd87c53bf0c8
7,TARGET_ONLY_COSINE_PROTOTYPE,43,305093,0.14888888888888888,0.1315586632963382,0.14888888888888888,0.003552397868561279,aedae3ec444e61729064025b37281ab104a2af2178feafbf390830146687e335
7,TARGET_ONLY_COSINE_PROTOTYPE,43,330017,0.14857142857142858,0.1362138380942523,0.14857142857142858,0.0,963e79f2856da0a293adbad1db0ae95faf6bb554bae8aa3a60a576ec1301d957
7,TARGET_ONLY_COSINE_PROTOTYPE,43,355031,0.1796825396825397,0.18032424257110705,0.1796825396825397,0.06996381182147166,635ca19955d393f430ef0df205b8cbc0faab951b2912bf86d88273c3f55fb2e6
7,TARGET_ONLY_COSINE_PROTOTYPE,43,380041,0.12857142857142856,0.12476820702013487,0.1285714285714286,0.0,6ad406402d97d277071a07bc468c84433c86b199c3788c2562af90571e29363a
7,TARGET_ONLY_COSINE_PROTOTYPE,43,405019,0.1111111111111111,0.09137546003086452,0.11111111111111109,0.0,85c27adf62b2cd8b67ff959a32ea6809321ec4062e4e4d68ec14d1672c43ad4c
7,TARGET_ONLY_COSINE_PROTOTYPE,43,430007,0.1819047619047619,0.15766031949017342,0.18190476190476193,0.01410105757931845,3dd7642c60e371e52351c2e9871d1b5e87a0db549d092be122a70f148eb25b4b
7,TARGET_ONLY_COSINE_PROTOTYPE,43,455003,0.1746031746031746,0.16527211791583943,0.1746031746031746,0.0,e3c5dbca331f30c32039fa0d30bb26992345b754493a62fc2957e1b9b97b5e74
7,TARGET_ONLY_COSINE_PROTOTYPE,43,480017,0.1219047619047619,0.10704213990911526,0.12190476190476192,0.0,c4cb7f67b1f011f11e48bcd384e4143cedb3f52685c2b180e7857320c2a0ad26
7,TARGET_ONLY_COSINE_PROTOTYPE,43,505027,0.11142857142857143,0.11342248348111963,0.11142857142857143,0.0026109660574412533,9ed66544fbc96d48ad0b7bcf027eb6523028652d292a5f40f43fab5ac176ab83
7,TARGET_ONLY_COSINE_PROTOTYPE,43,530017,0.12476190476190477,0.12100545964927613,0.12476190476190475,0.0,cfafa690c301e733d276652d05b452309b8d608573b4501bfb53cb8a2e5ebe6c
7,TARGET_ONLY_COSINE_PROTOTYPE,43,555029,0.09714285714285714,0.09545389650893603,0.09714285714285713,0.0,53aca9a23fe5e88f22568f3917203edc032cc6da29e371179e3370e180b45a83
7,TARGET_ONLY_COSINE_PROTOTYPE,43,580031,0.1580952380952381,0.14698822763498054,0.15809523809523807,0.0,88b542195c26a2b9c852349ff3b43ae35a818cf22591e0dbd4ae4abbbf228fb5
7,TARGET_ONLY_COSINE_PROTOTYPE,44,104729,0.18603174603174602,0.1799003153003637,0.18603174603174602,0.007722007722007722,18f64988a8f75fb10bc6cb6de6b4aaedd9f9075c26aaad665b198a21d2a397a2
7,TARGET_ONLY_COSINE_PROTOTYPE,44,130363,0.2126984126984127,0.19332237294943644,0.2126984126984127,0.022653721682847898,a14e299860190b7434d2690ea3250083a4d656daed4a6abbd693264a52b6acec
7,TARGET_ONLY_COSINE_PROTOTYPE,44,155921,0.1307936507936508,0.10649173644150196,0.1307936507936508,0.0,374506582db3157bfd8ecd6ca2cbc2ff4f3afa7dc1d2e5e0e96875f0b0f5ce96
7,TARGET_ONLY_COSINE_PROTOTYPE,44,181081,0.1895238095238095,0.178876583027778,0.1895238095238095,0.0,c8307ff7234481067101108ec67503a80c2f808f069f66430f95270738efcce2
7,TARGET_ONLY_COSINE_PROTOTYPE,44,205439,0.10984126984126984,0.1090276741595987,0.10984126984126984,0.0,6c39b0119ba629812d59c90ccb40c40eb9ed207b1d0ab48db7ffd2748f82068f
7,TARGET_ONLY_COSINE_PROTOTYPE,44,230003,0.16412698412698412,0.15590363245444644,0.16412698412698412,0.0,b6ce864e076c28166548958ec7caba2db8723a9b69e6b791e069428d898b0c69
7,TARGET_ONLY_COSINE_PROTOTYPE,44,254959,0.1346031746031746,0.12868402980658478,0.13460317460317459,0.0,752f72755b0dcfbababa07aa5fc202b993827528bd31206f697873e4292a6f4a
7,TARGET_ONLY_COSINE_PROTOTYPE,44,280001,0.1419047619047619,0.12640520590877627,0.14190476190476192,0.0,57a8608f638859ce2ffdf954588a4685b3931506a878785fe4ddd2d86d2c2e26
7,TARGET_ONLY_COSINE_PROTOTYPE,44,305093,0.18158730158730158,0.18088176681502185,0.18158730158730158,0.12133468149646107,65e6c3996c625b59ef99b9df851d3be8ea532be95cacff88e877e2a82297f9fc
7,TARGET_ONLY_COSINE_PROTOTYPE,44,330017,0.09333333333333334,0.0799653325914761,0.09333333333333334,0.0,5c08c72d9eb918043776124b947f49af8f65b9f261ec15c8bbd81cd2057892be
7,TARGET_ONLY_COSINE_PROTOTYPE,44,355031,0.14317460317460318,0.1342908282938517,0.1431746031746032,0.0033333333333333335,545bdcd2ec954d2242314dd2e9f7d1965e1c6915cf8b6a3f8f871a7ac2a187ff
7,TARGET_ONLY_COSINE_PROTOTYPE,44,380041,0.133015873015873,0.13414168601110302,0.13301587301587303,0.0062959076600209865,56d36a8e42066a7ac63199c15dd378ca76ee1ccf9cc9c7924edc9dfbc0ab76dd
7,TARGET_ONLY_COSINE_PROTOTYPE,44,405019,0.16158730158730158,0.13840656154659248,0.16158730158730158,0.0,9cef6a6aa4942856e87f2527f6cf66492168147597cc86fbcc1a8251e2a90df0
7,TARGET_ONLY_COSINE_PROTOTYPE,44,430007,0.2073015873015873,0.18458789181385277,0.2073015873015873,0.0,5ed1f6abb39a595954728621d8c69ccb597bc35059209c320bb266955bcf9ce5
7,TARGET_ONLY_COSINE_PROTOTYPE,44,455003,0.12,0.1097776753623098,0.12,0.0,84f86f5e3b4e5dff526e1e683d2a4f40150a979d0d30fbf97b46e72e0aa5c939
7,TARGET_ONLY_COSINE_PROTOTYPE,44,480017,0.11333333333333333,0.094272591130384,0.11333333333333331,0.0,ff80bea3a5240dc6005da03bf54b8ea1b0591251a7add6c583fe590206d5c457
7,TARGET_ONLY_COSINE_PROTOTYPE,44,505027,0.10920634920634921,0.10876531858181404,0.10920634920634921,0.0,2492ece13f185b8d571ec206e6ee4f624d355a176405b7ca9433d604fe4302c8
7,TARGET_ONLY_COSINE_PROTOTYPE,44,530017,0.17365079365079364,0.14177203671971247,0.17365079365079364,0.0,cf9ab3c1958c74e7afc35a7805645f7cf0665d0d4ef369664ca243420a3b6edc
7,TARGET_ONLY_COSINE_PROTOTYPE,44,555029,0.06603174603174604,0.058144337978690515,0.06603174603174604,0.0,6327f2c4c5d7ed1261d10a5af7dacf57c080749fb255e1f9f5e7a5ceaf8685fe
7,TARGET_ONLY_COSINE_PROTOTYPE,44,580031,0.18793650793650793,0.1811853068393329,0.18793650793650793,0.007633587786259542,3a34bae9c9473202bf204a0d92c99dae5b4b78e11ee9e14d7b3023ea59aa2da1
7,TARGET_ONLY_COSINE_PROTOTYPE,45,104729,0.15968253968253968,0.14550062603694142,0.15968253968253968,0.0,88f641f0ce1375d85e7f5084dd75cd9c6b38e7db36ea9234dbac3f15b08bfc6f
7,TARGET_ONLY_COSINE_PROTOTYPE,45,130363,0.17174603174603176,0.15357572782812576,0.17174603174603176,0.0,acd659f5db86f804c1d9ba793e8432d9d32ed7fbc7cc64b6cde6f2d7d8741aad
7,TARGET_ONLY_COSINE_PROTOTYPE,45,155921,0.15523809523809523,0.1567700965668288,0.15523809523809523,0.08394543546694648,5f63ea16dd699d1294e957c0f004afd24a902dfd0d5aa272a43506f229cbda0a
7,TARGET_ONLY_COSINE_PROTOTYPE,45,181081,0.11428571428571428,0.11391529301602708,0.1142857142857143,0.0,5ea10860c9e5978ad7cbb7aa412860f2e38d326b9dc8ae80f2765b1950ef814b
7,TARGET_ONLY_COSINE_PROTOTYPE,45,205439,0.11428571428571428,0.12166486421994763,0.1142857142857143,0.0019065776930409914,37d8e02c5a177be510542a9dcdb9f6a74575d70f84e3b7ed931f73094b7ccec2
7,TARGET_ONLY_COSINE_PROTOTYPE,45,230003,0.11206349206349206,0.08658581020602434,0.11206349206349207,0.0,99318e66f7be69a708171cbb7e91c1860f42be4f8692ed3d7513196759ae7dcc
7,TARGET_ONLY_COSINE_PROTOTYPE,45,254959,0.14285714285714285,0.1306297589423057,0.14285714285714285,0.00243605359317905,bca93a2cf54a88ea0333bd14a0ae9a19f8f20df2713a52ab58605ca1adc84994
7,TARGET_ONLY_COSINE_PROTOTYPE,45,280001,0.09492063492063492,0.08049443155989,0.09492063492063492,0.0,dd7ed6cd59773fae5433842c917db22a1369105178a0cf51b941b9e1fe9ab678
7,TARGET_ONLY_COSINE_PROTOTYPE,45,305093,0.1457142857142857,0.12074193056497516,0.1457142857142857,0.0,437afaf47c6811fe003cd3f6d8e546aef32df16532c5277a4b01b175f23e24c2
7,TARGET_ONLY_COSINE_PROTOTYPE,45,330017,0.13365079365079366,0.12122253499651005,0.13365079365079366,0.0,76e22e26c912bf52c5f5e1611d5746be8061fc7a2c073aa795a2ee6739175fad
7,TARGET_ONLY_COSINE_PROTOTYPE,45,355031,0.1653968253968254,0.15569734874518812,0.1653968253968254,0.0,45ff025b15703456905e3095f53bbd92ff1f84403c5fe356607f4841f9f14356
7,TARGET_ONLY_COSINE_PROTOTYPE,45,380041,0.15428571428571428,0.13563352493529776,0.1542857142857143,0.0,a2a9bcd9bfee4ef2b8c15e448d64129a083a96b5653239e97723c7ebe2dbb1b0
7,TARGET_ONLY_COSINE_PROTOTYPE,45,405019,0.14317460317460318,0.128045413303067,0.14317460317460315,0.0,b7820478fad09d93c69289fba84594ad9fa9433337655c1e188d578d0182df6a
7,TARGET_ONLY_COSINE_PROTOTYPE,45,430007,0.14126984126984127,0.13592204192354898,0.14126984126984127,0.0,aba7d03be7a5118c9f5b8b6b32545630d3f01738228451aa5c274f1f6ec6c695
7,TARGET_ONLY_COSINE_PROTOTYPE,45,455003,0.15777777777777777,0.14103194559519555,0.15777777777777777,0.0,f9c3548b3a1b4f172dddf219b6413bd4aab2eaea906cf1836b4bf252445c2599
7,TARGET_ONLY_COSINE_PROTOTYPE,45,480017,0.10126984126984127,0.07243719761279913,0.10126984126984127,0.0,d6f204f7e1c892ae31383d956717979f35b65eaac7822a2b39044a3cd7572aa3
7,TARGET_ONLY_COSINE_PROTOTYPE,45,505027,0.1415873015873016,0.11071119325850688,0.1415873015873016,0.0030959752321981426,044aba1bc38f34b407e356c4484aad58aaf58408e0e8cf7e7b0a6332004d2840
7,TARGET_ONLY_COSINE_PROTOTYPE,45,530017,0.15428571428571428,0.14072601317902309,0.1542857142857143,0.0,f0101f4970562a1aa75dff93e4252fb38bb30d23f2e260c81b7b20caa0b892dc
7,TARGET_ONLY_COSINE_PROTOTYPE,45,555029,0.09301587301587301,0.08321251604597715,0.093015873015873,0.0,8a930e2b74b3dd6a884e8dc92bae2d74cde14e99607d0a23a81b9eb854615424
7,TARGET_ONLY_COSINE_PROTOTYPE,45,580031,0.16158730158730158,0.14777572321982782,0.16158730158730158,0.0,3286cad42647d75f14c9826319d48e3dd743d5b55eba4870ec2fdb97f88e5d69
7,TARGET_ONLY_COSINE_PROTOTYPE,46,104729,0.1111111111111111,0.07304803276157316,0.11111111111111112,0.0,e5f3161ba98cd3decb704d889e29a532268bd4f824b366adeff32ec09aa683e0
7,TARGET_ONLY_COSINE_PROTOTYPE,46,130363,0.1295238095238095,0.08531454491965429,0.12952380952380954,0.0,408f09632b49654df54febea1f00225bb7314b144a262a5aa7ffe6823571a624
7,TARGET_ONLY_COSINE_PROTOTYPE,46,155921,0.11079365079365079,0.09639960365138005,0.11079365079365079,0.0,ce9d2453428b910c6bb80d57a116f2f7180b1ddd6ed53f57e0c0a9a4ec4b1b6e
7,TARGET_ONLY_COSINE_PROTOTYPE,46,181081,0.17777777777777778,0.17487033286510975,0.17777777777777778,0.014218009478672985,d00f1e3868fbbafad2d7452d644f22279247cacd0331b49d81e2dbd859ccdf24
7,TARGET_ONLY_COSINE_PROTOTYPE,46,205439,0.1365079365079365,0.1213510431002341,0.1365079365079365,0.0,5df1d3ec56d837d1210f7621bb38dec8dbeba8d8ff173f0fc01ded6c0c8a39f9
7,TARGET_ONLY_COSINE_PROTOTYPE,46,230003,0.15492063492063493,0.13621765233110722,0.15492063492063493,0.0,7c6455ae27e4b1a80a9bc6a766d7e9d4794dbcaa89ffbd740d99d5ffbe859f5f
7,TARGET_ONLY_COSINE_PROTOTYPE,46,254959,0.15714285714285714,0.1362436115267623,0.15714285714285717,0.0,8912499e473bd21e49b649794c71465c209aec736cb9766a78deee4847f12cd7
7,TARGET_ONLY_COSINE_PROTOTYPE,46,280001,0.19238095238095237,0.18292635476634245,0.19238095238095237,0.029459901800327332,47ca3b98b9bbc32f12ce5ef96066cdd99472f3d8c6381db3fcae7d53b76f1e5f
7,TARGET_ONLY_COSINE_PROTOTYPE,46,305093,0.16095238095238096,0.12077311901243999,0.16095238095238096,0.0,171622399c2acc2744ab638382709aaf96d56857730a7e4f9c23361f296436c7
7,TARGET_ONLY_COSINE_PROTOTYPE,46,330017,0.14507936507936509,0.11556370007368695,0.14507936507936509,0.0,ae545b44eec89acb8bfaedb5048d9db7a9f41c523c871ff95e17aeeb18f0de8d
7,TARGET_ONLY_COSINE_PROTOTYPE,46,355031,0.16158730158730158,0.15232725352939247,0.16158730158730158,0.0,23adcea743147d698458f0c4bb98ed06c88d01339e1670437a0189ef6d7ded14
7,TARGET_ONLY_COSINE_PROTOTYPE,46,380041,0.12666666666666668,0.11104083224936799,0.12666666666666668,0.0,d23f12e1bdd2b84a461df6f83fdb2bf246c4798fad111237e6e6e2b45d4b9755
7,TARGET_ONLY_COSINE_PROTOTYPE,46,405019,0.1711111111111111,0.13722851017277268,0.17111111111111113,0.0,d8f1dd7bc74ddfe883a17f3ba4313604da22f86275261b232e033350b7e363f5
7,TARGET_ONLY_COSINE_PROTOTYPE,46,430007,0.11238095238095239,0.09298441366465444,0.11238095238095237,0.0,9570199989935b41f6c474085f3fbee952237aae1a885845b743fc0aa297ffc7
7,TARGET_ONLY_COSINE_PROTOTYPE,46,455003,0.1415873015873016,0.13771532097388642,0.14158730158730157,0.0030721966205837174,54e55c26570016e0697a487ad417943580f0d447407f7b5371315509ea24b4ff
7,TARGET_ONLY_COSINE_PROTOTYPE,46,480017,0.11301587301587301,0.08667896782761944,0.11301587301587301,0.0,b6e419ef08f3a7b1615954def49b2530cb934e66edacfaeaecce6b8291344835
7,TARGET_ONLY_COSINE_PROTOTYPE,46,505027,0.12857142857142856,0.10505671988944797,0.1285714285714286,0.0,cf2ba2569588404e50a90b7944b6f53060367ed7a8b095394b71deef42f81ad7
7,TARGET_ONLY_COSINE_PROTOTYPE,46,530017,0.12603174603174602,0.12034940288898317,0.12603174603174602,0.0033003300330033004,98b562aa66e01e74b5a97e0c70dfb9fcc928be14e2f186faa86ab6ec84324e49
7,TARGET_ONLY_COSINE_PROTOTYPE,46,555029,0.10031746031746032,0.09984066159282094,0.10031746031746029,0.0,89d8f769e5e4e20b3353f7ef18b5e76771d43e59d6d8a4e983c63488b77829dd
7,TARGET_ONLY_COSINE_PROTOTYPE,46,580031,0.1111111111111111,0.07218747263743304,0.11111111111111112,0.0,6539fdd66ac6346df4e467aedea0bbec338f86ccd94bf939725fffb709b31dc4
10,TARGET_ONLY_COSINE_PROTOTYPE,42,104729,0.1711111111111111,0.16036181579911965,0.17111111111111107,0.0,2428b73a90bf0171f34280ecf8e26cb93970a4a7aae7597e3841027098e26f76
10,TARGET_ONLY_COSINE_PROTOTYPE,42,130363,0.08952380952380952,0.06750890221620494,0.08952380952380953,0.0,3ff0b3956572e7c2bef002367cc8a544be3fe968f373a46391a104cf6a67f17f
10,TARGET_ONLY_COSINE_PROTOTYPE,42,155921,0.10920634920634921,0.09893235660912526,0.10920634920634921,0.0,f961f94856af7231f95b05b48f7415cbf4107ee0f776babdb2ddcef7b9f43bf5
10,TARGET_ONLY_COSINE_PROTOTYPE,42,181081,0.17333333333333334,0.1409836219393758,0.17333333333333334,0.0,0fb1f5818e401f25bd9665d23a1b55ff65415afe6a855ed394a1dc2218771154
10,TARGET_ONLY_COSINE_PROTOTYPE,42,205439,0.16063492063492063,0.15519662353820268,0.16063492063492063,0.0,ab2dd173733e6f2ad64a71856df1c18df1b9a79477925dd4a81c732602330e9b
10,TARGET_ONLY_COSINE_PROTOTYPE,42,230003,0.18825396825396826,0.18978716244157195,0.18825396825396826,0.0986784140969163,fe6efe9d46765b0b3f7efe63575f219e11b1d804a8729af1143c91f6af0e6e03
10,TARGET_ONLY_COSINE_PROTOTYPE,42,254959,0.10984126984126984,0.09489077583123073,0.10984126984126984,0.0,31b029a79efbb82bcbd54e960fa016d5e4e109a401786f300757fd21e4aef65c
10,TARGET_ONLY_COSINE_PROTOTYPE,42,280001,0.19142857142857142,0.15871345380649124,0.19142857142857142,0.0,00a5e347f82b9fe365f9f13add39940bd27a205c612afce7e0947c3fd337b33d
10,TARGET_ONLY_COSINE_PROTOTYPE,42,305093,0.11936507936507937,0.10949504499850014,0.11936507936507937,0.0,8ae50f334d20ae964ee88d8e11d6e748c456b6700e126b503d2566c338582a9f
10,TARGET_ONLY_COSINE_PROTOTYPE,42,330017,0.08476190476190476,0.0775449582330636,0.08476190476190475,0.0,0f7e1ebd180172a7619b89aca5bfe6c045ba1029918d6470b08ccb1240a90028
10,TARGET_ONLY_COSINE_PROTOTYPE,42,355031,0.15873015873015872,0.14776903768799535,0.15873015873015875,0.0,cda6c70ef9becf6f6e3cbcc14744a35f3c85ceaf97afc5fef8ba87d1bd7ae525
10,TARGET_ONLY_COSINE_PROTOTYPE,42,380041,0.08825396825396825,0.08223223069721085,0.08825396825396827,0.0,a5848d1f5020ba94436e24437e00842982b51cdaaeeec15ef89909ae8eb08cc2
10,TARGET_ONLY_COSINE_PROTOTYPE,42,405019,0.08095238095238096,0.07582464987759642,0.08095238095238096,0.0,f6e6a3ae6174a12d69a0dfe530d484fde456da612bb2a5d35e77e9e0a6b8615e
10,TARGET_ONLY_COSINE_PROTOTYPE,42,430007,0.18761904761904763,0.1644803989212287,0.1876190476190476,0.0,61417eae22bc9609ccb2ba6e240c64cece3a1859a7a214166a8d2e90b68d6ad0
10,TARGET_ONLY_COSINE_PROTOTYPE,42,455003,0.10825396825396826,0.10865234987234587,0.10825396825396826,0.007992007992007992,be4621c73ae3d26ab202e46583157fbcb8b96c45a958fec7be411f12636d558a
10,TARGET_ONLY_COSINE_PROTOTYPE,42,480017,0.09555555555555556,0.08770344647609028,0.09555555555555555,0.0,ad3d5750c30e003ebedcfa47b1750c6cfe8fe80582a12d5df434b72ceec4037d
10,TARGET_ONLY_COSINE_PROTOTYPE,42,505027,0.07777777777777778,0.06804516096473816,0.07777777777777779,0.0,42f8d41041f639630c54cd9c192731ec6ec5937a6494e7c0a63debf6044cae82
10,TARGET_ONLY_COSINE_PROTOTYPE,42,530017,0.12793650793650793,0.10699257821041479,0.12793650793650793,0.0,90bcad3af1956a92c47003c2a9fbef5146e879dfcbfb77412d21a9af921ff6ba
10,TARGET_ONLY_COSINE_PROTOTYPE,42,555029,0.14126984126984127,0.11712417055210098,0.14126984126984127,0.0,aca698e9690db5586ed8f8944b8ad18ef86a4c8893b09cbe37e2a9faf35521a3
10,TARGET_ONLY_COSINE_PROTOTYPE,42,580031,0.11428571428571428,0.10690844559043848,0.1142857142857143,0.0,21807e4f45b8aa07c123781352072dd39eed01bc857112e04f834bfdba78d8c8
10,TARGET_ONLY_COSINE_PROTOTYPE,43,104729,0.17333333333333334,0.14852804469157718,0.17333333333333334,0.0,86103054c1540516df0b84bcb101b83384ec849f311bd769a30f1c58ac7964e9
10,TARGET_ONLY_COSINE_PROTOTYPE,43,130363,0.1726984126984127,0.17396596296102432,0.1726984126984127,0.09558160504959423,128b4b17741a9c0934153cdb12afad2cb31ac76a5dd4654f2cfc5be1a2039ce3
10,TARGET_ONLY_COSINE_PROTOTYPE,43,155921,0.1380952380952381,0.12050659015262268,0.13809523809523808,0.0,a21f3ead192c5c503c8f4119e2d16f7d12a0038422a63688f2680d1245dbfaa3
10,TARGET_ONLY_COSINE_PROTOTYPE,43,181081,0.17587301587301588,0.1630059137255053,0.17587301587301588,0.0,f6e59424f9316b051ca75de7e1fb50b5db1dcd0be70790999d0304235c04790f
10,TARGET_ONLY_COSINE_PROTOTYPE,43,205439,0.19968253968253968,0.18330946205653142,0.19968253968253968,0.01702127659574468,453bcc2de7b5307bbc30a085af1012be1182700c1140cc3c77c4ed8cd83e2e64
10,TARGET_ONLY_COSINE_PROTOTYPE,43,230003,0.11301587301587301,0.1181487292861381,0.11301587301587301,0.0,8f2de8927f6a09dd37a82d7e303d9efa557a492b8643042addd28b7251b7adea
10,TARGET_ONLY_COSINE_PROTOTYPE,43,254959,0.11365079365079366,0.10200313360026829,0.11365079365079364,0.0,7d7515ab5d98b47140e556367a0adcc7877dee01342cdb86e293c0c886003a63
10,TARGET_ONLY_COSINE_PROTOTYPE,43,280001,0.15523809523809523,0.15496679277946238,0.15523809523809523,0.0,870878f2f710f25debab0786bceb49d3a8b698b35f7094efe8fe8486f88ea524
10,TARGET_ONLY_COSINE_PROTOTYPE,43,305093,0.1361904761904762,0.1216523036938917,0.1361904761904762,0.0,158deda4acc0d17c454945fd3327703f3b6f8c744bd5197b8a26571f49e80e3b
10,TARGET_ONLY_COSINE_PROTOTYPE,43,330017,0.13746031746031745,0.11911420217503366,0.13746031746031745,0.0,fe653493e1c8302a937d9c4eeada419ac7ca8db3ab99399f80a2a97f765d4e52
10,TARGET_ONLY_COSINE_PROTOTYPE,43,355031,0.14285714285714285,0.12474477808833465,0.14285714285714285,0.0,52ff9f17c697bee3e718b2962c9652dc60b7e8bc6d780055a5b96e881f4c88e1
10,TARGET_ONLY_COSINE_PROTOTYPE,43,380041,0.14412698412698413,0.13774723762116528,0.1441269841269841,0.013559322033898305,329d33e70df0437382ae416ed22c45bd2447efa7c811ed4faa3af1a32d66aef6
10,TARGET_ONLY_COSINE_PROTOTYPE,43,405019,0.1568253968253968,0.1441475278020524,0.1568253968253968,0.0,61c661910b20941fdde6a9623e3b1f491281ef8af8cf13cb61765c8021ffc342
10,TARGET_ONLY_COSINE_PROTOTYPE,43,430007,0.1568253968253968,0.14285698867035077,0.15682539682539684,0.0,210ea2102730842b0a828fad83375e412e6caf303b87ff8f2ea85c5840b7a89e
10,TARGET_ONLY_COSINE_PROTOTYPE,43,455003,0.14444444444444443,0.13882859622059596,0.1444444444444444,0.011477761836441894,550f933e5d801406b5b46fd18c1e8af4781dd98c9fffb3f329aedcdf0fc45abf
10,TARGET_ONLY_COSINE_PROTOTYPE,43,480017,0.14063492063492064,0.13075398971756297,0.14063492063492064,0.0,a7dc85116e2ec05b317cdd005f68055215691fec7597770b00ca066ed0fe3790
10,TARGET_ONLY_COSINE_PROTOTYPE,43,505027,0.10095238095238095,0.09495750633412225,0.10095238095238095,0.0,869ef0995b36460a21643ac4a0e70c61695a9bbd14171ce07e273c7142ef0072
10,TARGET_ONLY_COSINE_PROTOTYPE,43,530017,0.10634920634920635,0.09636159671833519,0.10634920634920635,0.0,02448f41d8d26f89cdcc55e16d73fed24bc6d62d540e164517da40088bd763fe
10,TARGET_ONLY_COSINE_PROTOTYPE,43,555029,0.10825396825396826,0.10139854841032832,0.10825396825396826,0.0,f8df37dc26a3e86fef2d0280cf61132fe3f227309500971fe53e29e48ff011cc
10,TARGET_ONLY_COSINE_PROTOTYPE,43,580031,0.13936507936507936,0.11618921624714525,0.1393650793650794,0.0,9ce1617205f1a20efb19b5daab2a6683768b74ffaae5f698073562a40ebe1097
10,TARGET_ONLY_COSINE_PROTOTYPE,44,104729,0.1946031746031746,0.17408540342582746,0.1946031746031746,0.008982035928143712,648bb76165d467de6dffc816458507ee898070bcd7240ce06d8580b27b753cf6
10,TARGET_ONLY_COSINE_PROTOTYPE,44,130363,0.15841269841269842,0.16883380765998718,0.1584126984126984,0.0,b82f1b6b513b2cce22604cd26a0eed7e87e5cb488ffad4fa0115da28621a80fc
10,TARGET_ONLY_COSINE_PROTOTYPE,44,155921,0.17396825396825397,0.15400912740932518,0.17396825396825397,0.0,655dbb496ab0d62fab55c40d1de55f9bf13ef394e03de7151b02f600c7c16308
10,TARGET_ONLY_COSINE_PROTOTYPE,44,181081,0.12793650793650793,0.12700263741295853,0.12793650793650793,0.0,84bdd9f025d78e70d0a78aa06eacc372d68cfa0e0fe7b1f5332a57ca4863afda
10,TARGET_ONLY_COSINE_PROTOTYPE,44,205439,0.16063492063492063,0.14961916710359777,0.16063492063492066,0.0018018018018018018,5b960fbc6bb40480c58f51f45dca0d43ae09a68242cf24a4cd5ca0040ef2c30b
10,TARGET_ONLY_COSINE_PROTOTYPE,44,230003,0.1403174603174603,0.12821840448175556,0.1403174603174603,0.0,de541e644ff511580f58d8b4cbefa076555604d964574f2c5f6ee00da594bba0
10,TARGET_ONLY_COSINE_PROTOTYPE,44,254959,0.1403174603174603,0.12047408868211303,0.1403174603174603,0.0,79d4dbb3acebf69a830a1396c08a82b3a70f0b4d92383150083c90334e76d769
10,TARGET_ONLY_COSINE_PROTOTYPE,44,280001,0.12634920634920635,0.08952013616243715,0.12634920634920635,0.0,4ec9407fe6681e5a23d19dc03ae9794dd65c36c8ffa2c016b855ac615d61eef5
10,TARGET_ONLY_COSINE_PROTOTYPE,44,305093,0.10666666666666667,0.08497187494626766,0.10666666666666666,0.0,04ef58267944db6bea0c3390fefcfb91ba7f539f8a1b1fd8c520a2e5ff480b47
10,TARGET_ONLY_COSINE_PROTOTYPE,44,330017,0.14063492063492064,0.13178491815199816,0.1406349206349206,0.0,1d71a8f3ad7ca51cabf38775b7e21d0389304510be12cf6e5a7cdbca3560fc7d
10,TARGET_ONLY_COSINE_PROTOTYPE,44,355031,0.12698412698412698,0.10999726278171729,0.12698412698412698,0.0,22d65c2ac9a2cc355a0056d078f0c0ce2c1969524da3e9c71082592cf35abfbf
10,TARGET_ONLY_COSINE_PROTOTYPE,44,380041,0.13111111111111112,0.13007307940899943,0.13111111111111112,0.042682926829268296,43a417999efd2addc2ae70b74883f7edcf9e93766f47a216a60e39da4aee5751
10,TARGET_ONLY_COSINE_PROTOTYPE,44,405019,0.11428571428571428,0.10814416424594213,0.1142857142857143,0.0196078431372549,dc4aac36b4f4ef332820e70b0fac0ba50da66a56ac241b69a6d5c9f256af5392
10,TARGET_ONLY_COSINE_PROTOTYPE,44,430007,0.14634920634920634,0.15726754914668684,0.14634920634920637,0.0,7674f0a8ba275171b39ee2b8fac6df7250b8999f5445506972ba547d172129a3
10,TARGET_ONLY_COSINE_PROTOTYPE,44,455003,0.11428571428571428,0.09959830932351714,0.1142857142857143,0.0,67be5cb8eed43a9fc49aa69dcdfb595a49151ca46dc37230e7189bccd08735fc
10,TARGET_ONLY_COSINE_PROTOTYPE,44,480017,0.1634920634920635,0.1526848890255831,0.1634920634920635,0.0,e21ef6d231184fc52b30b840e1f79ecbd2c7e1da2d133cb35a03d447be9cd69e
10,TARGET_ONLY_COSINE_PROTOTYPE,44,505027,0.19142857142857142,0.19534021601478033,0.19142857142857145,0.0965391621129326,f96f233c6922d1372c2bf3a13733f0305ffcc3da969c70ab8563d568cb95ffc7
10,TARGET_ONLY_COSINE_PROTOTYPE,44,530017,0.15936507936507938,0.1353630938032176,0.15936507936507938,0.0,a12e665560b5d15ef0c30f2cb20f4fb96c11f248b0e1d00e256cd7923b0bdd96
10,TARGET_ONLY_COSINE_PROTOTYPE,44,555029,0.1873015873015873,0.16729854094306282,0.18730158730158727,0.0,69f0184317df22a2681e1150ef06c04634d2b21f4c93a41b0259a44785237b22
10,TARGET_ONLY_COSINE_PROTOTYPE,44,580031,0.15555555555555556,0.1559814915392654,0.15555555555555559,0.0,13de15150608d8d05970e586effc6675322ee51b44ccddc96b0ac2138f07fc5d
10,TARGET_ONLY_COSINE_PROTOTYPE,45,104729,0.2253968253968254,0.20361093141923817,0.2253968253968254,0.021686746987951807,a3670e12fbbb243be0b2ece7adc81b5d6ce00295d59c5c79371c5b8d2f1fcf15
10,TARGET_ONLY_COSINE_PROTOTYPE,45,130363,0.21333333333333335,0.21469348841365285,0.21333333333333335,0.0,863213e7d51d3ab369902b55abec8db5ad1cb83445f7776b2d9ecc0e2f09a633
10,TARGET_ONLY_COSINE_PROTOTYPE,45,155921,0.14,0.12605402474216845,0.13999999999999999,0.0,9f18432b65713f0c7b5f9115a14ced0e546b02af5f1fd5edb80e404fb48a4ee0
10,TARGET_ONLY_COSINE_PROTOTYPE,45,181081,0.11015873015873016,0.10720115995961595,0.11015873015873015,0.0,23b1613c3b2dcbd722d1036c2a9a4999889bd44806a2f5193eb48cdaf01e1ca3
10,TARGET_ONLY_COSINE_PROTOTYPE,45,205439,0.20634920634920634,0.20154903334781366,0.20634920634920634,0.08263198163733741,5bd7fe875a0b14d2a319f71bef6788d43abb6c82340ee24dba65fd9a5d3bf4ea
10,TARGET_ONLY_COSINE_PROTOTYPE,45,230003,0.13746031746031745,0.15039280605927366,0.13746031746031748,0.0,44bf3269a42fa3b241962a181bae9cba94790a1f4d335ed623324a2ed8539019
10,TARGET_ONLY_COSINE_PROTOTYPE,45,254959,0.1707936507936508,0.16438967500946206,0.17079365079365075,0.031446540880503145,dcdb2f90b2fc98bf11d2b22ebd85ad4eb5d015b21ef6879781bb8874c038f8d2
10,TARGET_ONLY_COSINE_PROTOTYPE,45,280001,0.1415873015873016,0.12361788777830864,0.14158730158730157,0.0,6c53d93f307209c3dab460930b1af6e20416e42f66ffce0c37c043e836864d83
10,TARGET_ONLY_COSINE_PROTOTYPE,45,305093,0.1384126984126984,0.10681124687766223,0.1384126984126984,0.0,04bbbc014a27e975dbbf25e8b2f2755ece621237b47bff56485289fa739ca456
10,TARGET_ONLY_COSINE_PROTOTYPE,45,330017,0.12634920634920635,0.12160198633872242,0.12634920634920635,0.0,57a86ee004c8e47095f932328614f6a27a1cdd8c6f98b4f93a858cae1579a563
10,TARGET_ONLY_COSINE_PROTOTYPE,45,355031,0.14095238095238094,0.1347250917409248,0.14095238095238097,0.0,457be311a792c6edf6bc9681a998087060b624241a27a206d5b32f96b6122859
10,TARGET_ONLY_COSINE_PROTOTYPE,45,380041,0.12412698412698413,0.11139685581991686,0.12412698412698411,0.0,4fb6400cea9a22da97db2d08b70a2413320614f705655f01a914e01c91210d0e
10,TARGET_ONLY_COSINE_PROTOTYPE,45,405019,0.11079365079365079,0.11097838077776494,0.11079365079365079,0.0,fcb227e41993c6f75b32dcd094a192f0f9a925f3d2439719eaf3cc2c3cb9b84e
10,TARGET_ONLY_COSINE_PROTOTYPE,45,430007,0.17396825396825397,0.15398811261781967,0.17396825396825397,0.0,b96c027c4cde25146546d253ceb49be135186baa0691bf5c535527d0e1249f0b
10,TARGET_ONLY_COSINE_PROTOTYPE,45,455003,0.11492063492063492,0.10742571426996264,0.11492063492063494,0.0,5353c891069b049931aa727ce2fe7ec90c8586074c163faf63c553c2fa1cca0c
10,TARGET_ONLY_COSINE_PROTOTYPE,45,480017,0.09555555555555556,0.08718724743285557,0.09555555555555557,0.0,4ff811dbff88e82e74849a9ab91539f7789253fb890a44b27d2d150bb18ca6f2
10,TARGET_ONLY_COSINE_PROTOTYPE,45,505027,0.13333333333333333,0.12774328110976968,0.13333333333333333,0.007944389275074478,0df23b0530ba78a8e41ba7f7bf80b7564289010cccab5e53939a8f400d8ec215
10,TARGET_ONLY_COSINE_PROTOTYPE,45,530017,0.10920634920634921,0.08825400175123572,0.10920634920634921,0.0,8d9f2e575f8d7beb24127d3d5d46282d7341c866526d4bc830e5f78405702575
10,TARGET_ONLY_COSINE_PROTOTYPE,45,555029,0.21714285714285714,0.20767267254487617,0.21714285714285714,0.14209115281501342,e83c82320696fbb366afec34db77177fb2de2b672d796e7b5d13a4a778589096
10,TARGET_ONLY_COSINE_PROTOTYPE,45,580031,0.14253968253968255,0.1288459728947438,0.14253968253968255,0.0,dc915feb89673db208a2962180a5684b7b944fe65d98a7e994e053bf2b148e5e
10,TARGET_ONLY_COSINE_PROTOTYPE,46,104729,0.21746031746031746,0.18578314553280872,0.21746031746031744,0.0,f4c1bf0e51080672640b02a42d4e5f83345d197b255fde306124ddfd8c29f95c
10,TARGET_ONLY_COSINE_PROTOTYPE,46,130363,0.11015873015873016,0.09465070289336028,0.11015873015873015,0.0,f6835b366b64ce7cf02ffe3553bb40c2d87b06d9c102bbf3948bb395096cc1ba
10,TARGET_ONLY_COSINE_PROTOTYPE,46,155921,0.15492063492063493,0.12176318859949573,0.1549206349206349,0.0,212613a48760549520bca082a292f392e0c84f20846adcebc49af24c78eb7d9a
10,TARGET_ONLY_COSINE_PROTOTYPE,46,181081,0.21873015873015872,0.18990768732038946,0.21873015873015872,0.0,afdabce448b4641a4f5742d7d6e6b3fd63f149440ad7c2f5a8ca305f59c7114f
10,TARGET_ONLY_COSINE_PROTOTYPE,46,205439,0.17238095238095238,0.15869827220741156,0.17238095238095236,0.0,b1c7088e6dbe73c66a2bd2918c32155913629f96f22112b7b692f7c0b0807e5d
10,TARGET_ONLY_COSINE_PROTOTYPE,46,230003,0.20761904761904762,0.20363561923506648,0.20761904761904762,0.021119324181626188,48c269709cd3827c4dbc74aeb614e4ac582f79ffdde94f3feaa4baca0d0be2e1
10,TARGET_ONLY_COSINE_PROTOTYPE,46,254959,0.1273015873015873,0.11741584861290262,0.1273015873015873,0.0,549473abdaeb5c9fb65e4b14fc31367219d025fdc661e763e683f892d9935eb7
10,TARGET_ONLY_COSINE_PROTOTYPE,46,280001,0.13015873015873017,0.1206515450275458,0.13015873015873017,0.0,a0d364caf9499d3f321bcb604b6ad487d65156b18320e183ba3b7a65518d40e8
10,TARGET_ONLY_COSINE_PROTOTYPE,46,305093,0.08888888888888889,0.07268937942117357,0.08888888888888889,0.0,93363094913ec9f2fdcb7779b6a2c3ef859b2323e57552121f16acd8941665ca
10,TARGET_ONLY_COSINE_PROTOTYPE,46,330017,0.13936507936507936,0.12689058789993413,0.13936507936507936,0.0,7512c79c9f3df93d4d4a6f6974c244144534e3b17bc847a8b8cbc8bb0d493bab
10,TARGET_ONLY_COSINE_PROTOTYPE,46,355031,0.14222222222222222,0.12654390479358302,0.14222222222222222,0.0,b5a43f3ed0eae85215edd432f76c2678c48538a9faefba00e4de09e41649a08f
10,TARGET_ONLY_COSINE_PROTOTYPE,46,380041,0.09523809523809523,0.08694348354141909,0.09523809523809525,0.0,59988f0c12e7675f5b59746ab92976fa467c513629ab82e9bc0d558b91e782d0
10,TARGET_ONLY_COSINE_PROTOTYPE,46,405019,0.2123809523809524,0.19551346737386158,0.21238095238095236,0.0,09e967534c664afba5d5f1da7f3456966d66b52e9d191d743558175008b83d83
10,TARGET_ONLY_COSINE_PROTOTYPE,46,430007,0.146984126984127,0.12760985947999143,0.146984126984127,0.0,d1d7a81eb51b333f1b63d36b95fd245cdea52083369ae384036cb33ae23c05ed
10,TARGET_ONLY_COSINE_PROTOTYPE,46,455003,0.1288888888888889,0.11847307605183921,0.12888888888888886,0.0,b4fff204d314b1ea55a0ae88d5ba9c519a802df453379a3cf1bb25d5bed84ac2
10,TARGET_ONLY_COSINE_PROTOTYPE,46,480017,0.09650793650793651,0.08407647127877584,0.09650793650793651,0.0,756c06eed07867cbebddccae90a06f5d5a932695add61b34dbd4f583ea6465d7
10,TARGET_ONLY_COSINE_PROTOTYPE,46,505027,0.1288888888888889,0.12276016238588652,0.1288888888888889,0.0,dc2929b0d817c786c0201e55ab8d1574a482d87b7fcc186115935e759e2dde11
10,TARGET_ONLY_COSINE_PROTOTYPE,46,530017,0.13111111111111112,0.12530158430785282,0.13111111111111112,0.0,bfc6aff158b746465aae4668d655add5cc57848b4c0360472ea428576c5723b9
10,TARGET_ONLY_COSINE_PROTOTYPE,46,555029,0.12793650793650793,0.10631597436107276,0.12793650793650796,0.0,2c812e970edf27ba4b4d9dc333ebca39c133f265caae6e9bef08fa42c73efd44
10,TARGET_ONLY_COSINE_PROTOTYPE,46,580031,0.11142857142857143,0.10363085181960963,0.11142857142857142,0.0,4422b0141bad5405d18ce8a7836ec03964db91687bd89a9639ac4e89ce346af8
20,TARGET_ONLY_COSINE_PROTOTYPE,42,104729,0.10603174603174603,0.10622491775235081,0.10603174603174605,0.0,dd61722e1ae885f3f68ef6e439e2f0d17d3468de989bc30c828f264a187d29d0
20,TARGET_ONLY_COSINE_PROTOTYPE,42,130363,0.12349206349206349,0.11133883217096992,0.12349206349206347,0.0,dddf60a2e935eeca474695a33bfa2cc96967249060178a7777856f12b283cdd0
20,TARGET_ONLY_COSINE_PROTOTYPE,42,155921,0.12444444444444444,0.1091812377898925,0.12444444444444445,0.0,90da0f12551821b52ed139d2bf5a305ff704cb7ea8b536c979a310c7e68fc5b6
20,TARGET_ONLY_COSINE_PROTOTYPE,42,181081,0.18984126984126984,0.16783477661759916,0.18984126984126984,0.0,039f7d76ccbc281931d934789ebf57b40ffcf84065ee06d802d79b103cb5e397
20,TARGET_ONLY_COSINE_PROTOTYPE,42,205439,0.09238095238095238,0.09377054310894237,0.09238095238095238,0.0,1bf460420f466ed1f10aa5e4c976a33d852a1e455d4fe6ec9e6d61034ece0ed8
20,TARGET_ONLY_COSINE_PROTOTYPE,42,230003,0.09365079365079365,0.09476204889287142,0.09365079365079365,0.0,fc6eca5f6a402ffdbfa1c5a33e905d5e30dfb6e6f02b78e5ded3fbc80c00277b
20,TARGET_ONLY_COSINE_PROTOTYPE,42,254959,0.04984126984126984,0.03713923606710975,0.04984126984126984,0.0,f2796fd0e970e88b28dcc92a79c564724afc2adb82b265d2745f7ad705f76059
20,TARGET_ONLY_COSINE_PROTOTYPE,42,280001,0.10952380952380952,0.09495883502293857,0.10952380952380954,0.0,97c3148428fa36b0a124e63aeae204cfe25317882da448a6fba5a601624e0cfe
20,TARGET_ONLY_COSINE_PROTOTYPE,42,305093,0.1365079365079365,0.12971315688454543,0.1365079365079365,0.0,7f36179ad49afcaa39284e90eb1da3b8f0a02963c3a66e10f80ce02e39a66f5e
20,TARGET_ONLY_COSINE_PROTOTYPE,42,330017,0.10285714285714286,0.09926465557353256,0.10285714285714286,0.0,40175e09c5d8803bfdc65da13e2c59f7e8967860d0050964b37caea41e899906
20,TARGET_ONLY_COSINE_PROTOTYPE,42,355031,0.15079365079365079,0.15067687149510553,0.15079365079365079,0.053553038105046344,33521e4e0cb38727bb9a9d50c9156e356f646378788bdd34c37fea7b3ea6559c
20,TARGET_ONLY_COSINE_PROTOTYPE,42,380041,0.12063492063492064,0.10307458863134304,0.12063492063492064,0.0,0714c2d60c0c83af5e09a3fb563213ca57956b3f570d80933908f8693ec3a1e0
20,TARGET_ONLY_COSINE_PROTOTYPE,42,405019,0.0653968253968254,0.06475864280406887,0.0653968253968254,0.0,9dd3892ad6749f0c51793e77848ded7fc8b7477a635f51092fba44785624b175
20,TARGET_ONLY_COSINE_PROTOTYPE,42,430007,0.1853968253968254,0.1613028707262461,0.1853968253968254,0.0,6a1c376b750beb634d8cfece0fd9f89f4eb7c1d76672905322c0d00c81a73401
20,TARGET_ONLY_COSINE_PROTOTYPE,42,455003,0.0653968253968254,0.06385519493210996,0.06539682539682538,0.0,33dbab6e9a5ac7a05d8ac3f490c6117c3a85cc32aed6a5a2d7be3b650f31bb25
20,TARGET_ONLY_COSINE_PROTOTYPE,42,480017,0.09555555555555556,0.09595195004938636,0.09555555555555555,0.0,64faefeac94d02cab6b17187ea16e27ac8616f6136bba77ba74b2f6812848d98
20,TARGET_ONLY_COSINE_PROTOTYPE,42,505027,0.12285714285714286,0.10786320492892412,0.12285714285714286,0.0,32b06ef337be91e2ff518ed001d57154d1a8c48c75d6bf0fde37d9a866eb981c
20,TARGET_ONLY_COSINE_PROTOTYPE,42,530017,0.1307936507936508,0.12625942716970864,0.1307936507936508,0.0,c9a1dd6ca1b3c574d717c62659453259d89a4f87f25d5a7e5654b087cd8e89d9
20,TARGET_ONLY_COSINE_PROTOTYPE,42,555029,0.1419047619047619,0.1433652142851606,0.1419047619047619,0.0,7bda1f2d45694b2437bdcc3d78bba99c78988cafdde754234fe1a5128afd5114
20,TARGET_ONLY_COSINE_PROTOTYPE,42,580031,0.14476190476190476,0.13592639766071635,0.14476190476190479,0.0,8185f21077960402255eb9732e1956d3d30a478cf31aba69bf291d6bfb70ed6a
20,TARGET_ONLY_COSINE_PROTOTYPE,43,104729,0.14317460317460318,0.11549825350585367,0.14317460317460315,0.0,b89796363e139e62044191d9dbaa46acec835258b726fd591c02b5df3a00e093
20,TARGET_ONLY_COSINE_PROTOTYPE,43,130363,0.16634920634920636,0.15314227577818393,0.16634920634920633,0.0,182b8e20dded13aee0d886ac6bdb04c46f8687e9e4a9ca10cb8483f03fe4eb0c
20,TARGET_ONLY_COSINE_PROTOTYPE,43,155921,0.07968253968253969,0.07331806193775611,0.07968253968253967,0.0,b21cbcc164c79d14d291f16ad2e50204aa36c561dad764d878e3b4a3d97a4d8b
20,TARGET_ONLY_COSINE_PROTOTYPE,43,181081,0.20444444444444446,0.18059570750523649,0.20444444444444443,0.0,944e7a7ff690da49b42eab002b85c5f2b105e77e2fa77db90a96632521437590
20,TARGET_ONLY_COSINE_PROTOTYPE,43,205439,0.14063492063492064,0.13105359174958528,0.14063492063492064,0.0,f05d5a62af1a1087075ce23456a5562c7e3c06abdd30ac5d8c7f22fe283821f9
20,TARGET_ONLY_COSINE_PROTOTYPE,43,230003,0.13555555555555557,0.1325019051419418,0.13555555555555557,0.0,3c7920b3f634b5662fe843d985dee50b21eb4e7fb2e7bae5ccc0746e316dbbd3
20,TARGET_ONLY_COSINE_PROTOTYPE,43,254959,0.13523809523809524,0.12500527323480412,0.1352380952380952,0.0,c569e53ebeac02f0c46556f979aee8691a539b88718d3569731beb8e60cbe334
20,TARGET_ONLY_COSINE_PROTOTYPE,43,280001,0.14507936507936509,0.12804614028020372,0.14507936507936509,0.0,5a62bc7e9ccaf8cb545f2cf9413b75135b70e1c8063a6ceacc14571bdeecfd9a
20,TARGET_ONLY_COSINE_PROTOTYPE,43,305093,0.19587301587301587,0.1952825701220706,0.1958730158730159,0.0,95f4b390f11b93163dc6a04495987563ddf730b1f2fa7ff343562c5f5141b958
20,TARGET_ONLY_COSINE_PROTOTYPE,43,330017,0.18158730158730158,0.17021991943477324,0.1815873015873016,0.0,b373e7a5f3102903622549416815bd88f9af14d029453cf3d131b2b3e12b7597
20,TARGET_ONLY_COSINE_PROTOTYPE,43,355031,0.16253968253968254,0.1730758052005501,0.16253968253968254,0.021739130434782608,14df06e23d65c58c838f37adda24b8f6a62e29265b4d4961136d4d3d582bc5bc
20,TARGET_ONLY_COSINE_PROTOTYPE,43,380041,0.1653968253968254,0.1517445374467188,0.1653968253968254,0.0,c7ea7ec16fafbed7734044c1cf0575f26b96d5e42a894f3de66ef74c19a681b4
20,TARGET_ONLY_COSINE_PROTOTYPE,43,405019,0.11904761904761904,0.10558005194472231,0.11904761904761904,0.0,bc961a861673179c4e2baa5a8413bdbc573afc7a46689cfdf879ef051aab3771
20,TARGET_ONLY_COSINE_PROTOTYPE,43,430007,0.11841269841269841,0.11729338102557077,0.11841269841269843,0.0,2c704e69e6c26044358e81368061d97d8929425817cfcdd7d517c7e10d8454d3
20,TARGET_ONLY_COSINE_PROTOTYPE,43,455003,0.11238095238095239,0.10720090536901486,0.11238095238095237,0.0,7c4dd27158f04aece983d63e0ac4ed1086273d86e9e3d0a2488a34dbe330c2e4
20,TARGET_ONLY_COSINE_PROTOTYPE,43,480017,0.17555555555555555,0.174377630362168,0.17555555555555555,0.0,e8c1ab6047546daf1b6545a6cb0e7e7f4b2853e1886a27b24cf9dfab50844aba
20,TARGET_ONLY_COSINE_PROTOTYPE,43,505027,0.1526984126984127,0.14632938004286147,0.15269841269841272,0.0,5b230cf5733beae573530ab56de048cac44baa38fb91e8bfdb67e521bbb9b3c4
20,TARGET_ONLY_COSINE_PROTOTYPE,43,530017,0.1819047619047619,0.16059982160799338,0.18190476190476187,0.0,cbc93d5a4ad355afb166b9104ec5836145bc01a05f026c1d9f13a624d0c678c8
20,TARGET_ONLY_COSINE_PROTOTYPE,43,555029,0.1853968253968254,0.17129622285188395,0.1853968253968254,0.0,297224673add134db93372c16a9575e0a6b3f311e53bf8fdd4d9950fe8566ed5
20,TARGET_ONLY_COSINE_PROTOTYPE,43,580031,0.1711111111111111,0.16762334795752828,0.17111111111111107,0.08997429305912596,cc6d3e8424a0546a848cd06f70f60bde527025d1d93a6ecb5e455803e4193cd7
20,TARGET_ONLY_COSINE_PROTOTYPE,44,104729,0.2073015873015873,0.19261018023162652,0.20730158730158732,0.0,35480c28895796dc6593b205c33d20eb8b09a6860ebe3ac607a8ac4f8959c008
20,TARGET_ONLY_COSINE_PROTOTYPE,44,130363,0.1415873015873016,0.1366557700835055,0.14158730158730157,0.0,f2e764d09c301d681d9742b410ee44b919da7a57d8a6159fcb0970d8e072cd62
20,TARGET_ONLY_COSINE_PROTOTYPE,44,155921,0.11079365079365079,0.11431414374217874,0.11079365079365079,0.0,176e509c0d095993b7a4fe587e2f36a573290be02e69f4c184c0452e4bf1e18e
20,TARGET_ONLY_COSINE_PROTOTYPE,44,181081,0.21746031746031746,0.19188761616908503,0.21746031746031744,0.0032733224222585926,b1a129738281e50b5665d1677dbcc8e0773978c4d82dc36c937c5868c29d4134
20,TARGET_ONLY_COSINE_PROTOTYPE,44,205439,0.11365079365079366,0.10590647373936764,0.11365079365079366,0.0,bf66b2dceb7743d8ae2e71be8257239b1d2a3a4e3fdc67dc08f4d35f85ebfeae
20,TARGET_ONLY_COSINE_PROTOTYPE,44,230003,0.1292063492063492,0.13303602574159576,0.12920634920634919,0.0,a9c1e1cafbaa32e30822633e914e48f0a5a4d7786056f635fd5f3368cc4d7403
20,TARGET_ONLY_COSINE_PROTOTYPE,44,254959,0.13746031746031745,0.11245275344351018,0.13746031746031748,0.0,25d0f91e25abc3ad3debb6dca58bc9783e7f91fde0db401882de902c6121fce5
20,TARGET_ONLY_COSINE_PROTOTYPE,44,280001,0.15396825396825398,0.13506237299306956,0.15396825396825395,0.0,b9b2880a962eed9f8f61f6ac770fb8b754adcf318ada2d937dcb45c55eb7506a
20,TARGET_ONLY_COSINE_PROTOTYPE,44,305093,0.18031746031746032,0.18179502076014378,0.18031746031746035,0.0,c2c21d42cff59f7d7288b420db8ce82b8109da12e8aa5e9c1a8eeebf82be04cd
20,TARGET_ONLY_COSINE_PROTOTYPE,44,330017,0.1580952380952381,0.15016438920837588,0.15809523809523807,0.0,c97de9a26c769e4dc805a28df4dad68c8ed8e9a4d842193fcb6c20863fd91964
20,TARGET_ONLY_COSINE_PROTOTYPE,44,355031,0.19936507936507936,0.19718691298644736,0.19936507936507936,0.0,04fcf5b41f1cee27b21997e95df7db61aeb15c789d8c5742b04f66592028f358
20,TARGET_ONLY_COSINE_PROTOTYPE,44,380041,0.1457142857142857,0.13333055228277987,0.1457142857142857,0.0,91035d135dc3595057b53d8a18903a34168131b1ad902f72ac1a9d6648d40a4c
20,TARGET_ONLY_COSINE_PROTOTYPE,44,405019,0.14063492063492064,0.13726373205673068,0.14063492063492064,0.041935483870967745,92b545c846bd580b5cc4d0c3ab3e9774d206401bd1cd94420e1987e8177a2564
20,TARGET_ONLY_COSINE_PROTOTYPE,44,430007,0.1746031746031746,0.16636346176741532,0.1746031746031746,0.0,476938a3eaba0bcddeaf3cf812bd8cdb1a2daf965e1abbb41ead1d5e15373e8a
20,TARGET_ONLY_COSINE_PROTOTYPE,44,455003,0.09523809523809523,0.09734454958426372,0.09523809523809523,0.0,82ae026f339c5917d6b3d624a43406a94adec151f57acd562ebb592aedeef16a
20,TARGET_ONLY_COSINE_PROTOTYPE,44,480017,0.24603174603174602,0.23621702312447895,0.24603174603174602,0.014519056261343012,fd5213f0f853b54cb2ab366b0439e3dd55b10f7d33a2fc26f3f745a964d54c3b
20,TARGET_ONLY_COSINE_PROTOTYPE,44,505027,0.12571428571428572,0.10949244950450783,0.1257142857142857,0.0,619665ff4ca8803538c55251b9c2113e0d0c938120409070bdab85dbeef744ed
20,TARGET_ONLY_COSINE_PROTOTYPE,44,530017,0.13968253968253969,0.12663546263045822,0.13968253968253966,0.0,36c8f75de06f6fa3bad2bcadae1fa9a660e0b5a2bf4e06e38db115381ba24227
20,TARGET_ONLY_COSINE_PROTOTYPE,44,555029,0.15301587301587302,0.1509791689103637,0.15301587301587302,0.0,e97595604f1c964062f9443e9571f703e71a0a4e5d66c5d0b02af680213e793f
20,TARGET_ONLY_COSINE_PROTOTYPE,44,580031,0.21587301587301588,0.1911576548349855,0.21587301587301586,0.01073345259391771,192b667fa8103299534a183270269bc25a4fc00fd1ca60de7967be9f8243b2d9
20,TARGET_ONLY_COSINE_PROTOTYPE,45,104729,0.15587301587301589,0.14623683976907922,0.15587301587301589,0.0,aeb4237e44be3dd67682945844618109c4fbdca7ff7410e2e6b1825ca9cd4b19
20,TARGET_ONLY_COSINE_PROTOTYPE,45,130363,0.11047619047619048,0.1035620383420034,0.11047619047619048,0.0,e6e2ccdd52614d3b87eb8ff5237c6ea102b27402e2cc00ef7439ab6a7fdff681
20,TARGET_ONLY_COSINE_PROTOTYPE,45,155921,0.1384126984126984,0.1392308675154116,0.1384126984126984,0.002369668246445498,feb4f956f7473e04987139848429b6eb7c4654c5458ddeabde693b15c7c7fe5e
20,TARGET_ONLY_COSINE_PROTOTYPE,45,181081,0.18476190476190477,0.17513221928512365,0.18476190476190477,0.004324324324324324,5758cc279752a7cee40d2321d75256741aae67241897d445f9a5ce8e6249e585
20,TARGET_ONLY_COSINE_PROTOTYPE,45,205439,0.15206349206349207,0.1480840308678836,0.15206349206349204,0.014201183431952662,507580a2a3f72623058c8d96604bb4e63bafbb451dcf74c22d0c4b2633321691
20,TARGET_ONLY_COSINE_PROTOTYPE,45,230003,0.20507936507936508,0.19611283082077827,0.20507936507936506,0.019672131147540985,4536b02de5afb33c20106245f36fd0543819199689549496ba70814e6fdbd369
20,TARGET_ONLY_COSINE_PROTOTYPE,45,254959,0.14412698412698413,0.1411014344912759,0.14412698412698413,0.0026845637583892616,611e103881cba23bc51c32f5c2776fa90037c76f6971a5047fdd2927d4d1a451
20,TARGET_ONLY_COSINE_PROTOTYPE,45,280001,0.17206349206349206,0.16396526279004162,0.17206349206349206,0.0,47275f909f6e79d502d7bf6382c516a12bd95445d08e3e747fda2e1454ab1397
20,TARGET_ONLY_COSINE_PROTOTYPE,45,305093,0.1384126984126984,0.12808836085841968,0.1384126984126984,0.0,b5b25d0026536c43cfb3e61d2038072ce609aa1ac4cdf32b57e503b11e456bdd
20,TARGET_ONLY_COSINE_PROTOTYPE,45,330017,0.09777777777777778,0.09169898716109402,0.09777777777777777,0.0,a354ed6afc8dfc5455db0a3ddb20be4c9c329eb839b50dc7a3178ea4fc3cda6c
20,TARGET_ONLY_COSINE_PROTOTYPE,45,355031,0.18412698412698414,0.17706405872342307,0.1841269841269841,0.006674082313681869,9e50a4235d54a0d64c719a681f2c7fb637211278966213ced58b3530cfaf0038
20,TARGET_ONLY_COSINE_PROTOTYPE,45,380041,0.1292063492063492,0.12032996023785066,0.12920634920634919,0.0,db46b10cb82c2fc9b8bb42e6df395063914455be7ea8fb044e072952288b09b8
20,TARGET_ONLY_COSINE_PROTOTYPE,45,405019,0.11555555555555555,0.11461380211094412,0.11555555555555555,0.0,1f17e3a2ad19968e716f37a099c56a32148a38d497747f54a1ce0b2a2071c18b
20,TARGET_ONLY_COSINE_PROTOTYPE,45,430007,0.16952380952380952,0.16541396698352803,0.1695238095238095,0.0,1bae88d2e314db9b19a7c329a2031fda63ddb9e856dc79c23164e78f79d2cbed
20,TARGET_ONLY_COSINE_PROTOTYPE,45,455003,0.09301587301587301,0.09139931757595605,0.093015873015873,0.0,6c9d15643728dbe5efcb905558031e699f72c4ac9ffae56d7a7f17b85d12e956
20,TARGET_ONLY_COSINE_PROTOTYPE,45,480017,0.13111111111111112,0.12120874732745171,0.1311111111111111,0.0,0652bfc41a1b362225f8a57421e292e7f38efb359a45c6e74a0b24995d3ed051
20,TARGET_ONLY_COSINE_PROTOTYPE,45,505027,0.24761904761904763,0.23470623720407247,0.24761904761904763,0.10857763300760044,0a1831b135c458a4e4d47294ceb857f5ad91929b7dc6b7c229d24e8ec18d6311
20,TARGET_ONLY_COSINE_PROTOTYPE,45,530017,0.13015873015873017,0.12116538880990048,0.13015873015873017,0.0,97c8eba73b00a1e2ba3e2e015713903061c4d6f066f9bbda54eaf3fedd5b29cc
20,TARGET_ONLY_COSINE_PROTOTYPE,45,555029,0.10603174603174603,0.09542355592283268,0.10603174603174602,0.0,5ff9d5f3542163979199062d178f6fdc95dd05b7291a28e7b7550cbca51fa9cc
20,TARGET_ONLY_COSINE_PROTOTYPE,45,580031,0.2307936507936508,0.20139281658330363,0.23079365079365077,0.0,1642eb57454c0556622fe4de431c81d025af00a562704ed423b4057e3175e9e1
20,TARGET_ONLY_COSINE_PROTOTYPE,46,104729,0.17238095238095238,0.16456306031172735,0.17238095238095236,0.0,e5a967c91bd687f1896b19cde7a9cf7488c3433ae422f03eb7c1362cc2edec6b
20,TARGET_ONLY_COSINE_PROTOTYPE,46,130363,0.17333333333333334,0.1581330194056119,0.17333333333333334,0.0,03cb9de541d294c046a5685fe8fae0052888d3c22f14e306a33c773b9ef2f2b2
20,TARGET_ONLY_COSINE_PROTOTYPE,46,155921,0.0853968253968254,0.07112965830316505,0.08539682539682539,0.0,5f1d2e31a2fec7b3a0b03783b16824dfd51c84a5573f21bc4a0e10bdd8364a74
20,TARGET_ONLY_COSINE_PROTOTYPE,46,181081,0.20444444444444446,0.20309929579009017,0.20444444444444443,0.12817412333736397,e85f090712060953ffda63a10a9f07c12b8065aeedd46a321ada64fe09b7e023
20,TARGET_ONLY_COSINE_PROTOTYPE,46,205439,0.15587301587301589,0.14430346998990398,0.15587301587301589,0.0,b1df0193644809614cb3bf6cdd8f4b32f7fae588ff7dd23e10e2d95f5ae10065
20,TARGET_ONLY_COSINE_PROTOTYPE,46,230003,0.08952380952380952,0.07087819133833224,0.08952380952380953,0.0,660344caa74415204092fa6f1465120fd59e8e44514d0d2c1d50688e6d964533
20,TARGET_ONLY_COSINE_PROTOTYPE,46,254959,0.12634920634920635,0.1106172329456963,0.12634920634920635,0.0,0026b5fe9e69cffd53a39149b84d05178409ef3fe779e80f080ef23c5b4cb727
20,TARGET_ONLY_COSINE_PROTOTYPE,46,280001,0.1907936507936508,0.19029094656812276,0.1907936507936508,0.01486988847583643,610312ee20b00002eff5bb53961d8d72f2f7424ccafeadbb997e8337dce137d6
20,TARGET_ONLY_COSINE_PROTOTYPE,46,305093,0.10698412698412699,0.09347565892916365,0.10698412698412697,0.0,9012e1c2005900ce81d0c1ed2a96df848dc14af62570a8b42d2e9f6a64100df3
20,TARGET_ONLY_COSINE_PROTOTYPE,46,330017,0.11047619047619048,0.10317292327171233,0.11047619047619046,0.0,e43f79a4f3975bebcc7635730727c8b6ee87df326187cea1b28cacb128194a63
20,TARGET_ONLY_COSINE_PROTOTYPE,46,355031,0.19111111111111112,0.18013709503448302,0.1911111111111111,0.0,9b9f4ea6d40f1d88a8b9309dfcfb42f2407fb1abcc68a1956bc4ff44448e0917
20,TARGET_ONLY_COSINE_PROTOTYPE,46,380041,0.16253968253968254,0.13445300173902872,0.16253968253968254,0.0,c84063bf861819b8373f42e26bc24eb03fdc39809cd9ea6cd6448e1f28f13a8d
20,TARGET_ONLY_COSINE_PROTOTYPE,46,405019,0.14317460317460318,0.13832962433436743,0.1431746031746032,0.0,67291686769e9f929fda5735f06cd5b42d7c59098414f6cbf29f3a191df6c430
20,TARGET_ONLY_COSINE_PROTOTYPE,46,430007,0.14476190476190476,0.15721832196213617,0.14476190476190473,0.001990049751243781,02651b3c67b2af69692eab2fdc52f47df86b22627c265e456f29b42cdbc9c32e
20,TARGET_ONLY_COSINE_PROTOTYPE,46,455003,0.09682539682539683,0.09915864760765417,0.09682539682539681,0.0,42b05a8d3db58a12dc6a93d805e2e6dfada6a4ea29b684b149f48c29f0fe5eb5
20,TARGET_ONLY_COSINE_PROTOTYPE,46,480017,0.14285714285714285,0.1349834237961635,0.14285714285714285,0.007722007722007722,f1233404c0ce990c62e74fbce1882752adca6beada998c15fe46e1b597aff92d
20,TARGET_ONLY_COSINE_PROTOTYPE,46,505027,0.13238095238095238,0.11618981574952811,0.13238095238095238,0.0,175878a2bacff9af1d98d994b7da106832336afbdd9c856136a3bd5ac3cafe08
20,TARGET_ONLY_COSINE_PROTOTYPE,46,530017,0.11142857142857143,0.09756921878945189,0.11142857142857143,0.0,3eccbad4b26d16c5d305bcb5b37ac269d8cbbbd07691889c744c066ec9302ff4
20,TARGET_ONLY_COSINE_PROTOTYPE,46,555029,0.14285714285714285,0.1371543120038762,0.14285714285714285,0.0,7cd7d9ebe767d3c6fa171b32430660dd0a8757870126d055d89167cb1c02dfd7
20,TARGET_ONLY_COSINE_PROTOTYPE,46,580031,0.12761904761904763,0.09835284886022298,0.12761904761904763,0.0,771cb7c6c556b926a969cfb52b98735ac88dbfd8c49ae42c258ee2248935a70e
21,TARGET_ONLY_COSINE_PROTOTYPE,42,104729,0.10603174603174603,0.10652771594070207,0.10603174603174605,0.0,2bb7e83e14ffe029454bdce7391031ed3f1b46f3925634bff0dbe848fdd7aefb
21,TARGET_ONLY_COSINE_PROTOTYPE,42,130363,0.10952380952380952,0.1018056251755958,0.10952380952380951,0.0,662fa7df1a482da9ec1f953ea913b9b049d9f2c3b235df8790cf8a50b008b646
21,TARGET_ONLY_COSINE_PROTOTYPE,42,155921,0.11238095238095239,0.09971716787315373,0.11238095238095237,0.0,f6b5fae19e2ac3345be76f0f7f943abb508fde53c9d16db5b625ee8ffb1f1362
21,TARGET_ONLY_COSINE_PROTOTYPE,42,181081,0.16285714285714287,0.15315896899889253,0.16285714285714287,0.0,a75b975d1dcac97ed3bf98f2ebeb64b0fc0c75154cb94da8deba85494ac5b4d3
21,TARGET_ONLY_COSINE_PROTOTYPE,42,205439,0.08698412698412698,0.08661706629798104,0.08698412698412697,0.0,69a97b555521b4c0709448c1aeb9864a29e169c2121a9e9c3def45611c362f21
21,TARGET_ONLY_COSINE_PROTOTYPE,42,230003,0.11238095238095239,0.10650980024480274,0.11238095238095237,0.0,6fbba92bfda5ff7f766c3a99c435a74784a50c9594568f2ce4a4ad8c3d258b0a
21,TARGET_ONLY_COSINE_PROTOTYPE,42,254959,0.06476190476190476,0.051740943269161975,0.06476190476190476,0.0,936989fa0c585f63f39593112e70d53d8eef71c974a747ada933f1b9e6920001
21,TARGET_ONLY_COSINE_PROTOTYPE,42,280001,0.11079365079365079,0.09420002647740604,0.11079365079365079,0.0,2012db7f73d39ef4b4148a6e94a27fe9e4138c8c2601168dac5bbe188d5d56ea
21,TARGET_ONLY_COSINE_PROTOTYPE,42,305093,0.15301587301587302,0.13896775160479052,0.15301587301587302,0.0,bce52d2a0a36f30a4d5692f0338a7509342ca926a874447dbae32776253f3278
21,TARGET_ONLY_COSINE_PROTOTYPE,42,330017,0.0892063492063492,0.08558265227057427,0.08920634920634919,0.0,410555d864b147566c99f6740e550bb8aa394a17d5f992442eadef5061cff494
21,TARGET_ONLY_COSINE_PROTOTYPE,42,355031,0.17396825396825397,0.17825162551266005,0.17396825396825397,0.09153713298791019,299cf29a4f0cccb954d6a71bc2d84f5c05e1e3dede64f4400ae64c5a5e399cf7
21,TARGET_ONLY_COSINE_PROTOTYPE,42,380041,0.1111111111111111,0.09594067646757345,0.11111111111111112,0.0,47d609ec27e16c986811aecf59fc3c3eb1927ee488bbcb05fb18f4d287fb07ce
21,TARGET_ONLY_COSINE_PROTOTYPE,42,405019,0.05047619047619047,0.04512537432007781,0.05047619047619047,0.0,179324a5362975ab25304fcfd948d0737fa36a0587fe124520eef90faba14e62
21,TARGET_ONLY_COSINE_PROTOTYPE,42,430007,0.1853968253968254,0.1669092750585896,0.1853968253968254,0.0,70c0418d6b588ff434810e1d808959d1d4cfd8bd1cd1023e04a859e29584b7d3
21,TARGET_ONLY_COSINE_PROTOTYPE,42,455003,0.08031746031746032,0.07853869471718952,0.08031746031746032,0.0,6ce89c489557ab6cf54586a0f5d9e9a2d42f1e0c9f00ea2b390d7c0d7130f652
21,TARGET_ONLY_COSINE_PROTOTYPE,42,480017,0.11015873015873016,0.10966980081209309,0.11015873015873015,0.0,935974af69775b2e41ae26112ce03fd9b39584410c39c4bf758d243414b25aac
21,TARGET_ONLY_COSINE_PROTOTYPE,42,505027,0.1219047619047619,0.10788646129603666,0.12190476190476189,0.0,163228f9d48e4a8b1b3e6a98f781dd4278cff4d471ee2fb9a4660b1b07356102
21,TARGET_ONLY_COSINE_PROTOTYPE,42,530017,0.12793650793650793,0.11520936561660895,0.12793650793650796,0.0,f95cb2a4798b7c9ba13adf4c0da1bf4a129b9eea12df058665bc2c8b0e2d3dc6
21,TARGET_ONLY_COSINE_PROTOTYPE,42,555029,0.15777777777777777,0.1574879949369636,0.15777777777777777,0.0,a5b15990dfd8c5607a5a908cfcb865a272f0057a01304018f313f725a53afa8f
21,TARGET_ONLY_COSINE_PROTOTYPE,42,580031,0.15968253968253968,0.15545377474485558,0.15968253968253968,0.0,502d88a64f9ec6828456ca336fba130762931b3071db4351c012ad7e6e73196a
21,TARGET_ONLY_COSINE_PROTOTYPE,43,104729,0.15841269841269842,0.14190860284372478,0.15841269841269842,0.0,c8a2e6fa0eb03722aa96be39112298e5ff252cb7ec2c70204d9d8b15c08e6f49
21,TARGET_ONLY_COSINE_PROTOTYPE,43,130363,0.13555555555555557,0.11747228484982232,0.13555555555555557,0.0,18befdae384dc5ab77e620860eeb40f448e30d39f71040bd80b4b68139d5fae5
21,TARGET_ONLY_COSINE_PROTOTYPE,43,155921,0.07746031746031747,0.07123049631089674,0.07746031746031745,0.0,009b1ad1a8e923feefcda705fb9d5a5f77b8ac0f99d2e7a3f23c6cb31af54b07
21,TARGET_ONLY_COSINE_PROTOTYPE,43,181081,0.1568253968253968,0.13211922858307965,0.1568253968253968,0.0,d9f9baedb6fc22512f1d3546c7c78881b763f8a8f29a1b27f8fe49dfe663b5ee
21,TARGET_ONLY_COSINE_PROTOTYPE,43,205439,0.12476190476190477,0.12346984358236976,0.12476190476190475,0.0,dc6432b2a431fe9b70cc09c79191d12c88a0eb83413f76628097fefad29f6848
21,TARGET_ONLY_COSINE_PROTOTYPE,43,230003,0.13555555555555557,0.13332727041321252,0.13555555555555557,0.0,dbe316fbf00a23f01ca15765ae6387b3d3b8c930a75d7e651827ce1428dbf37d
21,TARGET_ONLY_COSINE_PROTOTYPE,43,254959,0.11968253968253968,0.10774798784429995,0.11968253968253968,0.0,27ff8a0ec4e8f7db401879970403025e7eb843d932d0d572e30c88db43a4c61f
21,TARGET_ONLY_COSINE_PROTOTYPE,43,280001,0.1434920634920635,0.11833503823692393,0.1434920634920635,0.0,ba506682eccfb36b2acae14c433fdc21ba563bac64ecae10f95280647acb7a3f
21,TARGET_ONLY_COSINE_PROTOTYPE,43,305093,0.17904761904761904,0.1867814221655149,0.17904761904761904,0.0,c6e6fffcdf651b37e9b4e74861be9c415c8307e7af392743ac22ac1b64682ad8
21,TARGET_ONLY_COSINE_PROTOTYPE,43,330017,0.18222222222222223,0.17682823239196116,0.18222222222222223,0.0,6185edb1bc5aed50ad352bbaaa562635074b10f70394860772d3d5528671fdd5
21,TARGET_ONLY_COSINE_PROTOTYPE,43,355031,0.1619047619047619,0.15319556225468323,0.1619047619047619,0.013458950201884253,0151bb030eafc3caf0f8d3817e0ff12bc0c412997173a69b08c07544d1363f2f
21,TARGET_ONLY_COSINE_PROTOTYPE,43,380041,0.10888888888888888,0.10064568636640193,0.1088888888888889,0.0,953addc135e335cab814e26523a5c070620fc86ad1c829cae893a7472cb018d9
21,TARGET_ONLY_COSINE_PROTOTYPE,43,405019,0.1349206349206349,0.11916413180254921,0.1349206349206349,0.0,e7d83c93a67744b282b3e5777576322dde3e913d8955ee200d2c9bc07a3608c5
21,TARGET_ONLY_COSINE_PROTOTYPE,43,430007,0.1180952380952381,0.11835848353828962,0.1180952380952381,0.0,2eb3f35c20af664fc3ac8b873c6a9631395b20bccaf12c4b3d338e744c98b9b2
21,TARGET_ONLY_COSINE_PROTOTYPE,43,455003,0.1419047619047619,0.13124106954827253,0.1419047619047619,0.0,1133ff767ca85cfc214c2149ece4d82e8a88fa72ac65a4de6cfbdb966577481b
21,TARGET_ONLY_COSINE_PROTOTYPE,43,480017,0.1765079365079365,0.1743259306497217,0.17650793650793653,0.0,cfe9c2eec8c5b17bb6732964da1c297a115f814f77720af9ffd38406f77a2ba6
21,TARGET_ONLY_COSINE_PROTOTYPE,43,505027,0.17174603174603176,0.15743958506510466,0.17174603174603176,0.0,fd2d1d402d82a3a29a4ed94fa1193b85736830f497603da1e26430163b8f5683
21,TARGET_ONLY_COSINE_PROTOTYPE,43,530017,0.1819047619047619,0.16119433784615117,0.18190476190476187,0.0,13babf223da5858cae8f3ca8b264c25fa4b6f9b177e30e0f1c32d007e81da31e
21,TARGET_ONLY_COSINE_PROTOTYPE,43,555029,0.18571428571428572,0.17485384011288851,0.18571428571428572,0.0,6150e3c63f80b716576904bc0a146faf76d27e28955e787061afb4a2cf54e622
21,TARGET_ONLY_COSINE_PROTOTYPE,43,580031,0.21714285714285714,0.21468045969917146,0.21714285714285714,0.1152614727854856,9246d62cf67486089069575a99ba67b316992773c6c190039f0f589648d8aaa5
21,TARGET_ONLY_COSINE_PROTOTYPE,44,104729,0.2219047619047619,0.20563951835713695,0.2219047619047619,0.0,54813c8bae2d5100bb007cd922d88935b382e62825f0515d0deffd66e07061d3
21,TARGET_ONLY_COSINE_PROTOTYPE,44,130363,0.13714285714285715,0.13128284653050848,0.13714285714285715,0.0,61423dc13ebe4693829e62a649258903f8afa245931f4acbe2bfa867d41c70ae
21,TARGET_ONLY_COSINE_PROTOTYPE,44,155921,0.14095238095238094,0.13161323391326724,0.14095238095238094,0.0,7a72d729b6d25bae6f3a8bf7451876f726bcef8b0e18f1bf8b67ed9931de2dac
21,TARGET_ONLY_COSINE_PROTOTYPE,44,181081,0.18603174603174602,0.1709275116392009,0.18603174603174602,0.0032733224222585926,97022077f858839b9b1407eb5b6050e0113654a15b632b73ae506ecd02f16d4f
21,TARGET_ONLY_COSINE_PROTOTYPE,44,205439,0.12317460317460317,0.1195463261427657,0.12317460317460317,0.0,e9673d7a5bde17444e0cd01b7ae263be3f304c440108ee48780413cd4bdbb246
21,TARGET_ONLY_COSINE_PROTOTYPE,44,230003,0.12698412698412698,0.12730763186440072,0.12698412698412698,0.0,5505369b98077983829a1aaed020c1bb2e6a05f5fe2d65b3af0a0bc7f5041601
21,TARGET_ONLY_COSINE_PROTOTYPE,44,254959,0.13682539682539682,0.11883566117692934,0.13682539682539682,0.0,8eab039fa11e31ab8a35d09203c49a440a11d124551ce56b064936167fb3d702
21,TARGET_ONLY_COSINE_PROTOTYPE,44,280001,0.16698412698412698,0.14229204920073316,0.16698412698412698,0.0,66779c26ecec970645e6b4303cc168fa7952a08ceaae5a0b70966b473045aba9
21,TARGET_ONLY_COSINE_PROTOTYPE,44,305093,0.1634920634920635,0.1637777219638428,0.1634920634920635,0.0,63cf25523a8059d4789da0b5b4503b17e37cb8d9134f413a77e0693a6d77cc62
21,TARGET_ONLY_COSINE_PROTOTYPE,44,330017,0.1742857142857143,0.1674671093917214,0.17428571428571432,0.0,f607908a5d508c02ccaa8d56d00825d7475a195feab539772b28a4637b49f8f1
21,TARGET_ONLY_COSINE_PROTOTYPE,44,355031,0.1907936507936508,0.18972222754602605,0.19079365079365077,0.0,1b5db3af5d48451eceaca76300b202e26e4646f8e87e69c6ab8105445de63303
21,TARGET_ONLY_COSINE_PROTOTYPE,44,380041,0.13206349206349208,0.1268193843571608,0.13206349206349205,0.0,994a092d59d8dff3183f02edaf9b3ad6772b6b1590dbf451b0d82b943fa143ec
21,TARGET_ONLY_COSINE_PROTOTYPE,44,405019,0.12476190476190477,0.1241223466339183,0.12476190476190475,0.041935483870967745,64b547b7f15657474d86fbc1b041648e203a15f4d2c8aceed7a2a82c02ebf4a3
21,TARGET_ONLY_COSINE_PROTOTYPE,44,430007,0.12634920634920635,0.12986513257719365,0.12634920634920635,0.0,f3a94fce5ce115197992ef55439dc7bac479fb184578e7794bf9e64eef90d37c
21,TARGET_ONLY_COSINE_PROTOTYPE,44,455003,0.09523809523809523,0.0971269974320516,0.09523809523809523,0.0,e9dbe083a2a8afea16dd320f5db2d541c17a07a145ef64bd7bd00692eec20af4
21,TARGET_ONLY_COSINE_PROTOTYPE,44,480017,0.23682539682539683,0.22896400644710033,0.23682539682539683,0.01090909090909091,e0c9de5eb8a322ab3026980109259148995b472a1daf0fba357b21dab6197415
21,TARGET_ONLY_COSINE_PROTOTYPE,44,505027,0.14444444444444443,0.1285810334016466,0.14444444444444443,0.0,655362759926e1701a0a915214240d74cf22daff3ba3381ccf0145ee75dd7d9e
21,TARGET_ONLY_COSINE_PROTOTYPE,44,530017,0.15555555555555556,0.14068488773629492,0.15555555555555553,0.0,f0d556e0e02ab9fe0023c1f29197fab0f2b1dbcc5daf1ca61c620c9bd20d00fb
21,TARGET_ONLY_COSINE_PROTOTYPE,44,555029,0.1219047619047619,0.12072808889548349,0.12190476190476189,0.0,b75f4de1ccf230159220a211f8212ee6d125641242a23488ebec96bdd8e2d429
21,TARGET_ONLY_COSINE_PROTOTYPE,44,580031,0.23174603174603176,0.20499233565020591,0.23174603174603176,0.01073345259391771,b55382f84060577bdd08b0040f16ec5a4fe4747e8bf1ff458005c0c035a58c0b
21,TARGET_ONLY_COSINE_PROTOTYPE,45,104729,0.1457142857142857,0.13221343525317056,0.1457142857142857,0.0,822e5a925751e3699af19b6603dacf0275efd9b07750ae563f4b3aa747d67741
21,TARGET_ONLY_COSINE_PROTOTYPE,45,130363,0.1580952380952381,0.14180805107844163,0.15809523809523807,0.002107481559536354,6bc36f39664692fd907b066aa18ab38150d4b1ff6d103f23db2d7f1b66b753f5
21,TARGET_ONLY_COSINE_PROTOTYPE,45,155921,0.13904761904761906,0.1408474496367889,0.13904761904761903,0.002372479240806643,4fde4589659901f47eee0a44ea7c1cbeb0cc96ae655c5e827d0e2de98dd76505
21,TARGET_ONLY_COSINE_PROTOTYPE,45,181081,0.1546031746031746,0.14825322440595026,0.1546031746031746,0.004324324324324324,56a5106eb5ee309724c03998924cb74ba5d0fb2f5e17dcdcf3cdd0f465d9744e
21,TARGET_ONLY_COSINE_PROTOTYPE,45,205439,0.1676190476190476,0.16457665549519573,0.1676190476190476,0.06458557588805167,c30035351247a35f23702514ab0319c392a9a3d6ee3a3ffc600401422c176b0c
21,TARGET_ONLY_COSINE_PROTOTYPE,45,230003,0.17365079365079364,0.15585606607930128,0.17365079365079364,0.0,fc4e0816d512b02fff1ec5fa4bc97244f735e6dc244996863ed2a589608ba62e
21,TARGET_ONLY_COSINE_PROTOTYPE,45,254959,0.17333333333333334,0.1654434880425232,0.17333333333333334,0.0,b3cce88d1c8dff4920864f5db1abf45a7398fa25a470428416a8d4f47c935bb3
21,TARGET_ONLY_COSINE_PROTOTYPE,45,280001,0.16,0.15784653275905008,0.15999999999999998,0.0,afc20c538718f5d07f97ffc2c9e202791cc687e0fdea303e58cf35b5ac6c2651
21,TARGET_ONLY_COSINE_PROTOTYPE,45,305093,0.12285714285714286,0.11081058342165574,0.12285714285714285,0.0,72e81dad9037164894f6733afb6cc314f82c1e429b2a0c826d8fa7377f551b5f
21,TARGET_ONLY_COSINE_PROTOTYPE,45,330017,0.09777777777777778,0.08868936270870324,0.09777777777777777,0.0,906ddb73580490ea065dc977d252018f1479789545cdbe5510bbf354265c54c0
21,TARGET_ONLY_COSINE_PROTOTYPE,45,355031,0.21492063492063493,0.21276969157629694,0.21492063492063493,0.006322444678609062,51399c41ffbbe3ec8fa2a36833b392d6405c80d481fe33dd1ee92464624464ac
21,TARGET_ONLY_COSINE_PROTOTYPE,45,380041,0.10031746031746032,0.09222822784991506,0.10031746031746033,0.0,5500ec47f62baab42095af36e9c1a002acb94b5c13dcb894fcac3ff2edc39f96
21,TARGET_ONLY_COSINE_PROTOTYPE,45,405019,0.1457142857142857,0.14453485954249493,0.1457142857142857,0.0,ce841879e21e0f3fcaf583842c721ae889f406716b9869ee0800cfdd0cb401dc
21,TARGET_ONLY_COSINE_PROTOTYPE,45,430007,0.15206349206349207,0.1514714272336217,0.15206349206349207,0.0,902c82fb97a5323e523952c9843fef1d8c6366c819d2f50244c3b2bec0246ca6
21,TARGET_ONLY_COSINE_PROTOTYPE,45,455003,0.09301587301587301,0.08349775252575722,0.093015873015873,0.0,ec4e96fa5f8b4fd1b91c8e25680ae577b9af68bbcf7915ae5a48444f42144298
21,TARGET_ONLY_COSINE_PROTOTYPE,45,480017,0.11619047619047619,0.10695503285582637,0.11619047619047619,0.0,87c4e774dc5fce65bc2f2230a3661599a9cec81be069df69f8bbefb35440cbf7
21,TARGET_ONLY_COSINE_PROTOTYPE,45,505027,0.18412698412698414,0.16769784410297509,0.18412698412698414,0.0,a5e40fd3d259c4ccf849c84b41656e5196fb8ddb22e3945fb92be4c5235a87ad
21,TARGET_ONLY_COSINE_PROTOTYPE,45,530017,0.1126984126984127,0.10299883473200981,0.11269841269841271,0.0,52610b9a62b623d2ba21207ec0abaa86969e11ef264a91e9136f094104937385
21,TARGET_ONLY_COSINE_PROTOTYPE,45,555029,0.12222222222222222,0.11426267714180771,0.12222222222222222,0.002472187886279357,451a1d912127081162317298f3dc3e9afaa45d025cd35dee5830a3985d33a86d
21,TARGET_ONLY_COSINE_PROTOTYPE,45,580031,0.20285714285714285,0.18321278879451303,0.20285714285714285,0.0,6257185aab2f9b927e31114c59c5634d7fd136cbd1837e342086aad4c552cc79
21,TARGET_ONLY_COSINE_PROTOTYPE,46,104729,0.1892063492063492,0.18226587398363156,0.1892063492063492,0.0,07f70fac1b7de8827a42fdd3d20062a761d50987bb2f3ef2666da354a95e0440
21,TARGET_ONLY_COSINE_PROTOTYPE,46,130363,0.18126984126984128,0.16442208489009105,0.18126984126984125,0.0,6f3181f3dcf9f6f1c2c7c209eb7b1a80b1e821260768eb05bf686bde99eec543
21,TARGET_ONLY_COSINE_PROTOTYPE,46,155921,0.08031746031746032,0.06317766856509101,0.08031746031746032,0.0,1a280a33678e4a415bde5a336294c0f317ef510688fcdd2f14caa22864951187
21,TARGET_ONLY_COSINE_PROTOTYPE,46,181081,0.18888888888888888,0.1870967685706388,0.18888888888888888,0.12817412333736397,af11405dc35d0e638741deac0a37b2062cd0ee0009f00dc172a95437a04b5461
21,TARGET_ONLY_COSINE_PROTOTYPE,46,205439,0.14,0.13116044597290427,0.13999999999999999,0.0,3ea768c7c20a23a85b93df8060a9f53ef723faa1665a2de85412fbbb1ebe3855
21,TARGET_ONLY_COSINE_PROTOTYPE,46,230003,0.10539682539682539,0.08407541406389162,0.10539682539682538,0.0,7e16a77c09497f5b0f3ec4f216fdd287daaf6d7fa77e27e39930a8cccb827159
21,TARGET_ONLY_COSINE_PROTOTYPE,46,254959,0.12634920634920635,0.11212044243831842,0.12634920634920635,0.0,15469a53601f88e36b6c6d390f13ec352d278cb27eb205444b97e6e910df964d
21,TARGET_ONLY_COSINE_PROTOTYPE,46,280001,0.17396825396825397,0.1701175753008962,0.17396825396825397,0.015915119363395226,0729a4b9fe3ba702cdfba3eb723e46a3999911d703d1c9e2bd6f4051de43901a
21,TARGET_ONLY_COSINE_PROTOTYPE,46,305093,0.12063492063492064,0.10131338019514825,0.12063492063492064,0.0,dad2cf7328f44c102d86480402a22353f235411cd0ab8cd276eba54948e571d4
21,TARGET_ONLY_COSINE_PROTOTYPE,46,330017,0.11047619047619048,0.1009542885943105,0.11047619047619046,0.0,8f8e3f517b42290f847812f49449ed25cb315051ef6017e4c930aaaf3a877c2b
21,TARGET_ONLY_COSINE_PROTOTYPE,46,355031,0.22285714285714286,0.2026010204228575,0.22285714285714284,0.0,6d870c992a364cf8242718c80b8142ba2744d2d030a339499d918ce479a7883e
21,TARGET_ONLY_COSINE_PROTOTYPE,46,380041,0.12571428571428572,0.10580176403832675,0.12571428571428572,0.0,d154a7a4cae422d1dd1b955b9d7815674d5d2cd418e50b1e8cdd04bd5eb96777
21,TARGET_ONLY_COSINE_PROTOTYPE,46,405019,0.15968253968253968,0.1507525908740324,0.15968253968253968,0.0,8ded964f037f1b8e630ec9cb4048de638fb3e56bbbe084a213e30ae145224f84
21,TARGET_ONLY_COSINE_PROTOTYPE,46,430007,0.12666666666666668,0.1340438049294022,0.12666666666666668,0.0018099547511312218,025e72766f193999ce18ae18edba48a3b66ee2db9419ba77b418b16661788635
21,TARGET_ONLY_COSINE_PROTOTYPE,46,455003,0.11142857142857143,0.10383363107022846,0.11142857142857143,0.0,31960d91b658222801b02426f5b60d84f47969d3f4f80ed46c80ee8881fd8237
21,TARGET_ONLY_COSINE_PROTOTYPE,46,480017,0.12825396825396826,0.11750516133246605,0.12825396825396823,0.007741935483870968,8326391c56f403be125c0941c839f4af63484984ce5b0e36c89914ef957427c2
21,TARGET_ONLY_COSINE_PROTOTYPE,46,505027,0.11396825396825397,0.07975012154601235,0.11396825396825397,0.0,f8de0a97d28cb2645b32b036f4263fdcc7a704ff02720dcef2a18f8fa08ce453
21,TARGET_ONLY_COSINE_PROTOTYPE,46,530017,0.14285714285714285,0.12652377148212665,0.14285714285714285,0.0,c3e17e527cb209cb45798e74cd1a3a6d6e702c44de7b41c9f878e0cf8d165d67
21,TARGET_ONLY_COSINE_PROTOTYPE,46,555029,0.12761904761904763,0.11338805751346895,0.1276190476190476,0.0,6ec5d568d30dee08e640ce2c1dbb967bf9e8d617102b8b34279b1612f4f0e860
21,TARGET_ONLY_COSINE_PROTOTYPE,46,580031,0.1742857142857143,0.15128465584273312,0.17428571428571432,0.0,ee3f972c4e5ac665e8993ab962f022e3264508130a9f7da845ce4787255c4dd5
35,TARGET_ONLY_COSINE_PROTOTYPE,42,104729,0.1253968253968254,0.10639449911279518,0.1253968253968254,0.0,f865bf2f20f83c6315b27df46456d918ed41cdc6a7d0fc821b1b785b996f9e88
35,TARGET_ONLY_COSINE_PROTOTYPE,42,130363,0.10984126984126984,0.08642927601782249,0.10984126984126984,0.0,fdc5fc955a493defe03f051f7ee98b5e0cc3dd4faee465db9ab2e727858569be
35,TARGET_ONLY_COSINE_PROTOTYPE,42,155921,0.08158730158730158,0.07541345616207037,0.08158730158730158,0.0,dce37f5dadb5603e583ee7981679c2c34cf7c9887dc822de54ed7eb858399a07
35,TARGET_ONLY_COSINE_PROTOTYPE,42,181081,0.09523809523809523,0.09306214225652987,0.09523809523809523,0.0,eb03b4dd869bd733b6b64a7fc49d318dd6a92337bc741abfe0dd855cdce5883a
35,TARGET_ONLY_COSINE_PROTOTYPE,42,205439,0.11015873015873016,0.10021678897280233,0.11015873015873015,0.0,74703459f6f169d2980e08698baded85aba3572b0328d43338b9314246957ca3
35,TARGET_ONLY_COSINE_PROTOTYPE,42,230003,0.1415873015873016,0.12465865809610718,0.1415873015873016,0.0,be824ec347b2bfd844eceae40cd90d11b3b90df2d639d37514539e282e0b2726
35,TARGET_ONLY_COSINE_PROTOTYPE,42,254959,0.09587301587301587,0.09142852267299893,0.09587301587301587,0.0,b54e9c1f0ae5ec02338e554618fbab72a345f3d4f4c8c08129a6110c7c8936da
35,TARGET_ONLY_COSINE_PROTOTYPE,42,280001,0.09301587301587301,0.08397964539698795,0.09301587301587301,0.0,5f43f1b5473047e82148c360c4ac48c16f579346900895f85e9dac31af7805d6
35,TARGET_ONLY_COSINE_PROTOTYPE,42,305093,0.12634920634920635,0.11993868752220571,0.12634920634920635,0.0,73b5c9185b557e62fee482c262306425a8201615226654baecdfd7a612e1ea50
35,TARGET_ONLY_COSINE_PROTOTYPE,42,330017,0.10666666666666667,0.09968033102193585,0.10666666666666666,0.0,178059b4dcb674be82edb7c554a41163dec538315ee42cc82fe03cb876acdef3
35,TARGET_ONLY_COSINE_PROTOTYPE,42,355031,0.14317460317460318,0.14094704371043548,0.14317460317460315,0.0,5bb485ac4c4bd2aaadd6a722a6c4cba82e13700160cd3b709e557c813c5a3862
35,TARGET_ONLY_COSINE_PROTOTYPE,42,380041,0.0838095238095238,0.07814400326776526,0.0838095238095238,0.0,9dd63da6612cd42b7269f8b4a3a7d9ee76a5b0b4fbde6f823d283c9e1e7c631e
35,TARGET_ONLY_COSINE_PROTOTYPE,42,405019,0.09492063492063492,0.08193623524077853,0.09492063492063492,0.0,7bd02071ba1e837fa099a5f589a16436c360819c9399e67115361274432e7ba2
35,TARGET_ONLY_COSINE_PROTOTYPE,42,430007,0.09396825396825396,0.0877593225107356,0.09396825396825396,0.0,022ec322a52cc7c5da1feae50867324314e8e13f1757b1e1dd6d8f9a365d8d06
35,TARGET_ONLY_COSINE_PROTOTYPE,42,455003,0.08126984126984127,0.0767522844994012,0.08126984126984127,0.0,4fde6b2fb61045fca0e5401b7009ff15823018de65529a92f9bc762ded37493c
35,TARGET_ONLY_COSINE_PROTOTYPE,42,480017,0.09492063492063492,0.09376161525150042,0.09492063492063492,0.0,ec6b1a27358428610802e1fa0f05a67fa0fbd6929a7814600e6d2bfd1096fa9a
35,TARGET_ONLY_COSINE_PROTOTYPE,42,505027,0.1126984126984127,0.11750326749631212,0.1126984126984127,0.0,9772b32e9d6db9208edf62b2d288a8e9e319247457ad4ab7106c2be464e8e122
35,TARGET_ONLY_COSINE_PROTOTYPE,42,530017,0.14317460317460318,0.12643335651168353,0.1431746031746032,0.0,20f598142ea6c49650465fa531b163a7553b8fb363e2b3a45c75d53b66282aca
35,TARGET_ONLY_COSINE_PROTOTYPE,42,555029,0.11365079365079366,0.09716657559004716,0.11365079365079366,0.0,55011a2f22e308a109eec6432434576a8b187a41d3f9bcaf9b9e804ea1bfde57
35,TARGET_ONLY_COSINE_PROTOTYPE,42,580031,0.19015873015873017,0.16728290100761495,0.19015873015873017,0.0,83966362083f320ad6ce55ff905afeb3e57a3c6e15292b84a70b4b00292476e5
35,TARGET_ONLY_COSINE_PROTOTYPE,43,104729,0.14063492063492064,0.13119457077219202,0.14063492063492064,0.0,7c9a4cfae633238eab967772d9d906819a01691d48bf7fc864aa73e96adf5cd3
35,TARGET_ONLY_COSINE_PROTOTYPE,43,130363,0.17777777777777778,0.16401745302174997,0.17777777777777776,0.0,96c6951c38063921bfd7a307c2bb0cac96a2b1b580345a76e863f33bdbd00c28
35,TARGET_ONLY_COSINE_PROTOTYPE,43,155921,0.14539682539682539,0.13519745900952418,0.1453968253968254,0.0,05727c01e4b6b1c1c4dc97e795dbd1dd4e808375fc3a35899eedc03db89093d6
35,TARGET_ONLY_COSINE_PROTOTYPE,43,181081,0.12825396825396826,0.1293794702466302,0.12825396825396826,0.0,8156adde29630475e6519cdd77e6f305a4d4c9ead97091106d24e5a761b49b6b
35,TARGET_ONLY_COSINE_PROTOTYPE,43,205439,0.10793650793650794,0.08768562529118053,0.10793650793650793,0.0,eeba701fc28478778b980240189b76289a1ed42159898bd1a2842f5193b03d9a
35,TARGET_ONLY_COSINE_PROTOTYPE,43,230003,0.16412698412698412,0.1479713479324391,0.16412698412698412,0.0,96e4f8c8bd26c4b7c5c2a038e4368de0200267a540f2b3cc20dd890b8bde1e3b
35,TARGET_ONLY_COSINE_PROTOTYPE,43,254959,0.1288888888888889,0.13048997155932054,0.1288888888888889,0.0,dcbfbfbd311b03e29f93925b36833325cb81efee371469ada4e7836f0175d147
35,TARGET_ONLY_COSINE_PROTOTYPE,43,280001,0.21968253968253967,0.20663471548243612,0.2196825396825397,0.0,da13dc1577a70fab76a6a91fb38b6a9cecaf753f9d1976295dbce7454d8e8097
35,TARGET_ONLY_COSINE_PROTOTYPE,43,305093,0.16031746031746033,0.15946861676010118,0.16031746031746033,0.0,a890ec60f9d0eed0c890d87c0ff84760ce32c35977115708347565418e8ee06f
35,TARGET_ONLY_COSINE_PROTOTYPE,43,330017,0.09079365079365079,0.09080020103204868,0.09079365079365079,0.0,850f901f5f313b305659a755b34185ee16b22c11f93ffdfac2daa1d1c8c68e0f
35,TARGET_ONLY_COSINE_PROTOTYPE,43,355031,0.09333333333333334,0.08148876759709398,0.09333333333333335,0.0,6bb155ee97de161c02987a03dccc549eff8f946d3b32f36ec313b95b2a88883e
35,TARGET_ONLY_COSINE_PROTOTYPE,43,380041,0.14984126984126983,0.14248090576602906,0.14984126984126986,0.0,ec8f25b34e27b36dd69ca455ee08f72bc292954a686abc464562848b0ccb52f8
35,TARGET_ONLY_COSINE_PROTOTYPE,43,405019,0.1273015873015873,0.12269790866186349,0.1273015873015873,0.0,09ee1dfe601bb76a980190ce0a5ac15c83a49ee68887228f4a79f9a243815ae0
35,TARGET_ONLY_COSINE_PROTOTYPE,43,430007,0.12412698412698413,0.12666012768275917,0.12412698412698411,0.0,fac9e7f73d30e3e49047914de1f846b08a80c44d9a47464a76a325e19efae8af
35,TARGET_ONLY_COSINE_PROTOTYPE,43,455003,0.1568253968253968,0.14970613821281026,0.15682539682539684,0.0,27bf77b960427daac94715c29960ba2faf816238c2810b7273a4edcf7e2d8a76
35,TARGET_ONLY_COSINE_PROTOTYPE,43,480017,0.09650793650793651,0.08138219635403711,0.09650793650793651,0.0,fe1b450e774045eea168aa9ccaf758ad088e076bc92c574789256e027b89e780
35,TARGET_ONLY_COSINE_PROTOTYPE,43,505027,0.14222222222222222,0.13707386144320863,0.14222222222222222,0.0,bec7e5c793d57e5691d1d0c2b08ba7516522dd34dad431ae1120272f7d15f034
35,TARGET_ONLY_COSINE_PROTOTYPE,43,530017,0.12158730158730159,0.11406809647602943,0.12158730158730158,0.0,84a3d7e08fb5214700c5adfbabebcf255229bf3a440468033681568cd262646f
35,TARGET_ONLY_COSINE_PROTOTYPE,43,555029,0.12349206349206349,0.09651006095020777,0.1234920634920635,0.0,6cba9c8924284cd5507ee4ba6b7447c43112da771b7ba38e8779544f42250620
35,TARGET_ONLY_COSINE_PROTOTYPE,43,580031,0.12285714285714286,0.12124033888603343,0.12285714285714286,0.0,add9d1ad099b478d409df9ba7b14ae4d788d4b52abd983e77547358229e2e3e1
35,TARGET_ONLY_COSINE_PROTOTYPE,44,104729,0.15555555555555556,0.14747581312873922,0.15555555555555559,0.0,20ca9b41f27e4cec6e3dfb0004442c53e8d8d5bfdbacca2ccd7113e0b7ccb2e5
35,TARGET_ONLY_COSINE_PROTOTYPE,44,130363,0.15333333333333332,0.149107999718444,0.15333333333333332,0.0,fc16268734d819ce23b13a6a8c3f5b76337ac5aa4f83e285b38b0bb489832590
35,TARGET_ONLY_COSINE_PROTOTYPE,44,155921,0.07587301587301587,0.07582785848873622,0.07587301587301587,0.0,03c67918b0f3752731b909b4a6dbdd87ac7905a83e1c07bc840485e2c85a8b95
35,TARGET_ONLY_COSINE_PROTOTYPE,44,181081,0.16476190476190475,0.15974791086967327,0.16476190476190475,0.02112676056338028,6be5951e3441596a893fc534a6967f49de0f42cb5f9dad0cc43437fa73f1bf02
35,TARGET_ONLY_COSINE_PROTOTYPE,44,205439,0.13174603174603175,0.13439024378758052,0.13174603174603175,0.0,433d5525c2326c733e9a253e23cc66aff63f7e666d257802878fa75080dc88a1
35,TARGET_ONLY_COSINE_PROTOTYPE,44,230003,0.14253968253968255,0.12750686749354292,0.14253968253968255,0.0,cb5632fe4d11c364ff18269f475eb0c3866c009f0e0959a0b0f9e72252174685
35,TARGET_ONLY_COSINE_PROTOTYPE,44,254959,0.12031746031746032,0.11293297511187575,0.12031746031746031,0.0,5b5e00d2a48f66df76000f128043f1253a79bcd64216ab7857ef0e69aa44c7ac
35,TARGET_ONLY_COSINE_PROTOTYPE,44,280001,0.16793650793650794,0.1546962988621199,0.1679365079365079,0.0,2f4fb4ec6be49ad88a96af2460a727251281e56f1945a6aca857f24f8421a9be
35,TARGET_ONLY_COSINE_PROTOTYPE,44,305093,0.15523809523809523,0.1558893942891033,0.15523809523809523,0.006369426751592357,9f682bf0e21c9e52a47816496ea3f1b0860da9b40031a52f77e5f8da315ee335
35,TARGET_ONLY_COSINE_PROTOTYPE,44,330017,0.07650793650793651,0.06961444698354134,0.07650793650793651,0.0,ab5e6c53008e8b8aa34449663982644a205385e36a7dbbc0e479ad98f0076615
35,TARGET_ONLY_COSINE_PROTOTYPE,44,355031,0.1511111111111111,0.1486052476959591,0.1511111111111111,0.0,2bfd24dbf9450735f4f10dc6d0e2f683f5e733526e717372ce8d6438246fd353
35,TARGET_ONLY_COSINE_PROTOTYPE,44,380041,0.12063492063492064,0.11496328048152475,0.12063492063492062,0.0,4fe5fe8b1c70c549e930b49c1b6de6e9aa6f2a82908262bb966466c42ad1ff32
35,TARGET_ONLY_COSINE_PROTOTYPE,44,405019,0.12603174603174602,0.11555127163581479,0.12603174603174602,0.0,b83dde7ea1951b39507803d6b467b6b4fe4eed95b426912bc54075ea206db880
35,TARGET_ONLY_COSINE_PROTOTYPE,44,430007,0.1253968253968254,0.1213488656580582,0.1253968253968254,0.0,e674830f9fbee9d57af73070707987b24f65b50fce90bb369adec82706f2f87c
35,TARGET_ONLY_COSINE_PROTOTYPE,44,455003,0.16793650793650794,0.16907525566217463,0.1679365079365079,0.016877637130801686,49d0e8b163e63c77696f25617c5c8db9ff2e70510d888fcf12d80607f6f5f779
35,TARGET_ONLY_COSINE_PROTOTYPE,44,480017,0.16158730158730158,0.15573689531902285,0.16158730158730156,0.0,dd040b1745cd97158a0a1810db0381e9d356708e0dcadb8adc677569ad6a993f
35,TARGET_ONLY_COSINE_PROTOTYPE,44,505027,0.19936507936507936,0.2096719066726384,0.19936507936507938,0.0196078431372549,d6a5c874a22a04d5551ba22441c348b1b1a76ab39c71f328fdf9876f3ddd5c5e
35,TARGET_ONLY_COSINE_PROTOTYPE,44,530017,0.12412698412698413,0.12557881753355563,0.12412698412698411,0.0,3a39f203200fff386b4f07a02702906f6caf4a6b3f0474d2a4902cb2d85b50d1
35,TARGET_ONLY_COSINE_PROTOTYPE,44,555029,0.15428571428571428,0.15096474983688668,0.1542857142857143,0.0,7fa654cac691147c7b9cdb118e5bb56a6544eb87dde5a6f20fcb24307efd9efc
35,TARGET_ONLY_COSINE_PROTOTYPE,44,580031,0.13206349206349208,0.12480820252638827,0.13206349206349205,0.0,e79e662475ce382ecf1ab3f79fe30ff7a3b8bad6d738620e7feff8c4de66da79
35,TARGET_ONLY_COSINE_PROTOTYPE,45,104729,0.1273015873015873,0.11208575722006302,0.1273015873015873,0.0,588790c6e9900c3a0f6d3c5e3a87ccaf12c16647b89f56e5bdb37f27631243bf
35,TARGET_ONLY_COSINE_PROTOTYPE,45,130363,0.15873015873015872,0.13065029897554484,0.15873015873015875,0.0,502229f08f7d8763c53d04060b27d3b8eaa6d49891b1caba2667438e74675cc9
35,TARGET_ONLY_COSINE_PROTOTYPE,45,155921,0.12603174603174602,0.1260753138873245,0.12603174603174602,0.0023391812865497076,b78c0e3f91e87c556b1311c9ff77b59fb5989a6721f092ac6410c4ff7c311cc5
35,TARGET_ONLY_COSINE_PROTOTYPE,45,181081,0.18253968253968253,0.17456542525393245,0.18253968253968253,0.0,322e11a1a6165b39f9a97c313623b5b0bb096f76b7bf00b290d1fea71f2742a1
35,TARGET_ONLY_COSINE_PROTOTYPE,45,205439,0.11301587301587301,0.09889107270706309,0.11301587301587303,0.0,5784bc5c38f43b10d68e7b404bb8b992a3b6a6cda90720e72734b1a33982c595
35,TARGET_ONLY_COSINE_PROTOTYPE,45,230003,0.1380952380952381,0.11192339270562593,0.13809523809523808,0.0,7b36efc321f8edb89e723bc60d9518b1414f5e239ae0449d2d13f37f3664e5ff
35,TARGET_ONLY_COSINE_PROTOTYPE,45,254959,0.15714285714285714,0.13181365945091242,0.1571428571428571,0.0,c93f866ec67997f0dd797f7a80e60b94b669052bf976505f4f09b80ea7a1449c
35,TARGET_ONLY_COSINE_PROTOTYPE,45,280001,0.14952380952380953,0.13481772047577342,0.14952380952380953,0.0,efc52e23f4816ca28d593cf714a3482d92601f2547515124bf25cf50b10372ef
35,TARGET_ONLY_COSINE_PROTOTYPE,45,305093,0.14095238095238094,0.12368616081885699,0.14095238095238094,0.0,b5e9ec9cf0aaa082295d8ef25d1f66066ee30e132983583049c7db376ad7780e
35,TARGET_ONLY_COSINE_PROTOTYPE,45,330017,0.10761904761904761,0.0947953636941538,0.10761904761904763,0.0,0c6c07cb9031e144bcb54d6f7b0e43edb00d389267bb63804acae53c764ea50e
35,TARGET_ONLY_COSINE_PROTOTYPE,45,355031,0.18063492063492065,0.1760585436471794,0.18063492063492062,0.0,6d9ebf7df1418e0bb975c7b21ec300ce7937f8f84873664399ec2ebf58f4d160
35,TARGET_ONLY_COSINE_PROTOTYPE,45,380041,0.14952380952380953,0.12532190069498853,0.14952380952380953,0.0,4ef611670b884358b1f815cdd631840270f7325f8f75c1a386f82d28f88d3de3
35,TARGET_ONLY_COSINE_PROTOTYPE,45,405019,0.10063492063492063,0.09024485731191886,0.10063492063492062,0.0,65d60058563553993c667770534e81dff70279300b400f3ab67aaddf74681a20
35,TARGET_ONLY_COSINE_PROTOTYPE,45,430007,0.15206349206349207,0.13679555318453748,0.15206349206349207,0.0,f2ad1acdf5b44123017ebc740a427e8d79fb64b569e8daace572b5f7a49d2805
35,TARGET_ONLY_COSINE_PROTOTYPE,45,455003,0.1511111111111111,0.14391387159957578,0.1511111111111111,0.0,c8d2332b2294a16a4abde47439fc601e140bf828f98ad4cb8fdaf177cd1bdc2e
35,TARGET_ONLY_COSINE_PROTOTYPE,45,480017,0.1365079365079365,0.11763575724947599,0.13650793650793652,0.0,0414ba14e4d40d0565cf2aafce7ce03b35a724c186afaa0c5a96a7fcc6342e7d
35,TARGET_ONLY_COSINE_PROTOTYPE,45,505027,0.19428571428571428,0.19801762235830206,0.19428571428571426,0.0,be73c415a5cd380a08130f1ff21f64333422d60379f5c769b239f8aa267926a8
35,TARGET_ONLY_COSINE_PROTOTYPE,45,530017,0.09936507936507936,0.09166544387559195,0.09936507936507935,0.0,7803394883a59962f06e963fdd31c02969b69328c17ccb17ef86a9f881601a93
35,TARGET_ONLY_COSINE_PROTOTYPE,45,555029,0.13238095238095238,0.11444909591309661,0.13238095238095235,0.0,f275fac71800d09ed4226e11d725ba0b40c94579d56bf9b8362c49d96b6b9965
35,TARGET_ONLY_COSINE_PROTOTYPE,45,580031,0.13365079365079366,0.1143484084141823,0.13365079365079363,0.0,3f5a6ea9ec92cf3292406d3da5fe9427b5a457c6a585bb0e0d27d47860ea2741
35,TARGET_ONLY_COSINE_PROTOTYPE,46,104729,0.12444444444444444,0.1032896354502719,0.12444444444444444,0.0,30f8322d9f7c7e834d64565183bdba81d73f4072dc690871f39b2e8cefdd1622
35,TARGET_ONLY_COSINE_PROTOTYPE,46,130363,0.1523809523809524,0.13221247357834073,0.15238095238095242,0.0,7e8343c5cbdd9a2eb65f6ddef05b931e066170abcfc6bf55b11bd90d3b527d90
35,TARGET_ONLY_COSINE_PROTOTYPE,46,155921,0.11015873015873016,0.10882020399330088,0.11015873015873016,0.0,e28d18c124c53464503c1a8460947dddfd944a9fbcaef0cfdcda077a3a7f7fa6
35,TARGET_ONLY_COSINE_PROTOTYPE,46,181081,0.1111111111111111,0.0806086796896348,0.11111111111111112,0.0,cd748ffdcf39f656e98a233244c6b7ad3ef4d6ba68891401fbbf74e22533777f
35,TARGET_ONLY_COSINE_PROTOTYPE,46,205439,0.11777777777777777,0.10857107015999055,0.11777777777777777,0.0,b4ae289fc42ac36cfd9bdb94960f613259cc4eb40baeb54c5b37b9eefb9071eb
35,TARGET_ONLY_COSINE_PROTOTYPE,46,230003,0.1622222222222222,0.13907527724388632,0.16222222222222224,0.0,a8d5629b52ea68719eb97dd95004e4de70d731cddbec9f1808e0a7ea62e045d5
35,TARGET_ONLY_COSINE_PROTOTYPE,46,254959,0.09365079365079365,0.06152935259131536,0.09365079365079365,0.0,ad3397657e9f62c49994ef39072555476c72f15d081b40b104ded513a87e5157
35,TARGET_ONLY_COSINE_PROTOTYPE,46,280001,0.15396825396825398,0.12763757219175775,0.15396825396825395,0.0,2e1db126f4a8df32ddb55ec3a74b6b4bed1afa1f8451cb18507040df2acaa6b1
35,TARGET_ONLY_COSINE_PROTOTYPE,46,305093,0.10666666666666667,0.08026448257088781,0.10666666666666666,0.0,a8f7ab58ad3377b9f49910a87c85c0bd37304ffbd81ed17a33ca25aa761be2a0
35,TARGET_ONLY_COSINE_PROTOTYPE,46,330017,0.12476190476190477,0.11703830512989977,0.12476190476190475,0.0,e73fc49bf4c6a7ae6e7f9a8c56ffd4f70264dbd4660e06874e5cb5db6fd797b9
35,TARGET_ONLY_COSINE_PROTOTYPE,46,355031,0.17174603174603176,0.15614372346834834,0.17174603174603176,0.0,e4af92455eeeb1b03fb763e37450783f49847dc7d8fde732e5df76359584a366
35,TARGET_ONLY_COSINE_PROTOTYPE,46,380041,0.1349206349206349,0.11457710731947071,0.13492063492063494,0.0,b91beb4ed2810460b2ce0768777e7c5a21686e8e424d1c0ea4e86c1285707d26
35,TARGET_ONLY_COSINE_PROTOTYPE,46,405019,0.1253968253968254,0.10311079463961646,0.1253968253968254,0.0,243c55cba0e52f90fb7970e56234954737ea6dd18fdc00fe847499c215b48225
35,TARGET_ONLY_COSINE_PROTOTYPE,46,430007,0.09587301587301587,0.06566866068903468,0.09587301587301589,0.0,25ed8d84187ef29760dee080aae928c185aed21db3d7dc778cf46c9f2633ebf4
35,TARGET_ONLY_COSINE_PROTOTYPE,46,455003,0.0892063492063492,0.07449872533915383,0.0892063492063492,0.0,1788071ee51c31191d572cf02e5fcace5f77259e48b8b632fbf83e7b260e1c2f
35,TARGET_ONLY_COSINE_PROTOTYPE,46,480017,0.11968253968253968,0.09931490651076404,0.1196825396825397,0.0,b0c6399e12827b53208b02c557c9525c8db675b0ac01c1b56b755e786541e0af
35,TARGET_ONLY_COSINE_PROTOTYPE,46,505027,0.14095238095238094,0.12436821330132986,0.14095238095238097,0.0,a615d79837f845b322f1c1e467792df005c9d58a36fc50c327ccd96ffd075dbf
35,TARGET_ONLY_COSINE_PROTOTYPE,46,530017,0.14285714285714285,0.11428982115582888,0.14285714285714285,0.0,75052583a27baa5224fa8b8de744ecc22dcfb7ca765db4531035bf7046ede44a
35,TARGET_ONLY_COSINE_PROTOTYPE,46,555029,0.11777777777777777,0.09546437492634026,0.11777777777777779,0.0,d6ea87bc07228bee5256f87b06b9fdb8e9532c5ba53aa7e0631379cde738c307
35,TARGET_ONLY_COSINE_PROTOTYPE,46,580031,0.1111111111111111,0.08186290046638944,0.11111111111111112,0.0,e66688c9655db84eed16a33f4040d5d977064386e39d0fcf7f37985454d065f7
50,TARGET_ONLY_COSINE_PROTOTYPE,42,104729,0.09682539682539683,0.08451452212616775,0.09682539682539683,0.0,3aca0530405b09123c2d08d02a479342851476021c4d8b6f71b73fcac86e8c7d
50,TARGET_ONLY_COSINE_PROTOTYPE,42,130363,0.10793650793650794,0.09698558671980671,0.10793650793650793,0.0,fa82892559f9e3a2c0e3c1f53cd0a63a9429c8ac61b52c7a9f985fcd167baf04
50,TARGET_ONLY_COSINE_PROTOTYPE,42,155921,0.1253968253968254,0.11642661789889007,0.1253968253968254,0.0,2382cc5c864a73a96adaf7917c4a588aa970eb8fbd30ed45541990c955629037
50,TARGET_ONLY_COSINE_PROTOTYPE,42,181081,0.15301587301587302,0.13962674383490706,0.15301587301587302,0.0,fbf1b50976b2913c340c4355bb04ba6994d230ce2c659806c1e50a5735a3307e
50,TARGET_ONLY_COSINE_PROTOTYPE,42,205439,0.09619047619047619,0.09620836318642532,0.09619047619047619,0.0,6556057cb1dd625a74d7bd23b058128febe05eea5e6208ad9ab0be829224b101
50,TARGET_ONLY_COSINE_PROTOTYPE,42,230003,0.14476190476190476,0.12848625846398906,0.14476190476190479,0.0,0c9b84061c2c91c4f063ddd4b3917b4df1169acdf560dcf82a9c8d0a086edba3
50,TARGET_ONLY_COSINE_PROTOTYPE,42,254959,0.08317460317460318,0.08043738370008227,0.08317460317460316,0.0,349f5b5d894c83d34b8cbf51055b1d2b1fab1ed69563b01446ba208bd32fdecf
50,TARGET_ONLY_COSINE_PROTOTYPE,42,280001,0.11365079365079366,0.11270851935106356,0.11365079365079366,0.0,44358e962b8be299520fb9ec2b6fcff9532a19f0b2db451dc0f9d9f48bccf636
50,TARGET_ONLY_COSINE_PROTOTYPE,42,305093,0.11238095238095239,0.1015718621326964,0.11238095238095237,0.0,3eb441bbe096dfd81118d3911caf46dde019517eb20a2362a52fa8feadcbf266
50,TARGET_ONLY_COSINE_PROTOTYPE,42,330017,0.07142857142857142,0.07071240465314885,0.07142857142857142,0.0,ee5a8b439be658fc7eb4e090d3550506ea5cd071c82400248dd7990e5bd56dc2
50,TARGET_ONLY_COSINE_PROTOTYPE,42,355031,0.11714285714285715,0.11563408748389419,0.11714285714285715,0.0,4b9d52702de269c9f52c4a0a3208bfab536f278edc1fb9baf2c431460fa99cb5
50,TARGET_ONLY_COSINE_PROTOTYPE,42,380041,0.09619047619047619,0.09144565894725741,0.09619047619047619,0.0,31929a63aae592d76194741eccc75100724b8fc4923bf9e858c54399e3356fad
50,TARGET_ONLY_COSINE_PROTOTYPE,42,405019,0.08761904761904762,0.08152122092189883,0.08761904761904761,0.0,7173949c3004fbcccbbee6f1e59cae67c3ee9ae3632ab7a586426d9cfc68e40d
50,TARGET_ONLY_COSINE_PROTOTYPE,42,430007,0.09587301587301587,0.0854371842146092,0.09587301587301587,0.0,d077d26d8f09faee4cce42d55f2f2850f7fbbcb8e4e8c6e9d1f2a7a0f0843a60
50,TARGET_ONLY_COSINE_PROTOTYPE,42,455003,0.09365079365079365,0.0868475862354396,0.09365079365079365,0.0,c8fe9c8cd6ee5b6a6c76b9351033e85e7b2f4fa9cbe5257baf006f2724bc021d
50,TARGET_ONLY_COSINE_PROTOTYPE,42,480017,0.12634920634920635,0.1165213077560142,0.12634920634920635,0.0,ddbdaed6a0919bc7c6e0d45395d0ca92738ad389891ac6406b8d9bda3ca68709
50,TARGET_ONLY_COSINE_PROTOTYPE,42,505027,0.11904761904761904,0.11204994927435734,0.11904761904761904,0.0,b552c553032712b8eab59f0f0d990907fb0a7f9dbec2102d32304a6d6a0294d1
50,TARGET_ONLY_COSINE_PROTOTYPE,42,530017,0.10952380952380952,0.10170601383126059,0.10952380952380951,0.0,0a745fc14fd9c14044fd1d66ee17c42fb74e45e952d498c92a47d20efa6fc22c
50,TARGET_ONLY_COSINE_PROTOTYPE,42,555029,0.11460317460317461,0.09460142436407026,0.1146031746031746,0.0,334d69aca5b000c6eecc372b3c653a48e60d2c0b46d293f33d5f2faec5db63fe
50,TARGET_ONLY_COSINE_PROTOTYPE,42,580031,0.14,0.13318064148675193,0.13999999999999999,0.0,4f3434e83eaf77499bc5bb6f393ed53f42047ce456f7e94f73df365ce5adbde8
50,TARGET_ONLY_COSINE_PROTOTYPE,43,104729,0.18412698412698414,0.17090289815155124,0.1841269841269841,0.0070921985815602835,575e1dfd8f38100c6eb28bb6ee807e895226ba7d0cfea5b652bf7426b31d1208
50,TARGET_ONLY_COSINE_PROTOTYPE,43,130363,0.2126984126984127,0.19257621638243685,0.2126984126984127,0.0,71b6205107a0ea066a333c1c41425d372d6160d74debd3cdbd8a2b1876df8ed2
50,TARGET_ONLY_COSINE_PROTOTYPE,43,155921,0.13523809523809524,0.13150326701265533,0.13523809523809524,0.0,a681f1808b5c4f32606554d35bc19f779cf734c43f677484394246d68030250b
50,TARGET_ONLY_COSINE_PROTOTYPE,43,181081,0.13777777777777778,0.12931543379713856,0.13777777777777778,0.0,0c82cb47c560a35172a5e3d12c1b40fcf0fcbf4cd600c76b46f2a29a35b3c023
50,TARGET_ONLY_COSINE_PROTOTYPE,43,205439,0.11904761904761904,0.10972000066505919,0.11904761904761905,0.0,fb702e9db9c07ec6d694de5c864cf79a3ef6e1011da4a5a5d6131c216007e744
50,TARGET_ONLY_COSINE_PROTOTYPE,43,230003,0.1796825396825397,0.1690411568000655,0.17968253968253967,0.0,a8a016bb653cb5c0f9a8d634265ab0d9e29bc3947a4401f7f1e320216d44d8bb
50,TARGET_ONLY_COSINE_PROTOTYPE,43,254959,0.1111111111111111,0.09916995025253983,0.11111111111111109,0.0,2c878b240f232fa899c434065470e033823f33a4f8ebf3ecf1acabd62487c8d0
50,TARGET_ONLY_COSINE_PROTOTYPE,43,280001,0.18412698412698414,0.16123855861395878,0.18412698412698414,0.0,f5a01b1d076880be75a54a1c06c44e5e03edddb2944c28c5d6ac171e602dff18
50,TARGET_ONLY_COSINE_PROTOTYPE,43,305093,0.15428571428571428,0.14148880845400771,0.1542857142857143,0.0,5bcf9d02fe6515e25b30f94fb8deea5c303720615bbb0a6e6a25b7af035d55a9
50,TARGET_ONLY_COSINE_PROTOTYPE,43,330017,0.12634920634920635,0.1193230557277161,0.12634920634920635,0.0,559cb805182552d21e50aca9bc9f0befe7952be2dfd4d70229c3057a26c1d070
50,TARGET_ONLY_COSINE_PROTOTYPE,43,355031,0.16857142857142857,0.1594933732589072,0.1685714285714286,0.0855106888361045,6f5b2975fafa11dc41890359037273dc00a82e609dfd3905e6c500679376bba5
50,TARGET_ONLY_COSINE_PROTOTYPE,43,380041,0.13238095238095238,0.12384138591206774,0.13238095238095238,0.0,ba16442c9bfa5fe329f55d21b92afc72605b4b17ab029bab1ab12b0a779ee7b2
50,TARGET_ONLY_COSINE_PROTOTYPE,43,405019,0.16317460317460317,0.15035910548263873,0.16317460317460317,0.016689847009735744,bba3f478312cb746145e6ed180511896bd812c42c347dcef2bb8be1c64b0d3e9
50,TARGET_ONLY_COSINE_PROTOTYPE,43,430007,0.17523809523809525,0.16598127613605132,0.17523809523809522,0.0,6aa849280c22dea0fc8eae2172074d678ebac763e744449bb7ae51d495471ff0
50,TARGET_ONLY_COSINE_PROTOTYPE,43,455003,0.13365079365079366,0.12288078783966229,0.13365079365079366,0.0,d95ce10b440d228f5174119647b67d8937442acb3cff74a74277a3193e98b1d0
50,TARGET_ONLY_COSINE_PROTOTYPE,43,480017,0.10603174603174603,0.09936486441441916,0.10603174603174603,0.0,6d77e3f051341122271d57df59061340dc418d798db686d3479832257cf08fe6
50,TARGET_ONLY_COSINE_PROTOTYPE,43,505027,0.08634920634920636,0.07832088059437682,0.08634920634920633,0.0,41ac3f43aa0cf8c226e33c7080a9df50bc14e55d68f3cff85947ddc26cb12b24
50,TARGET_ONLY_COSINE_PROTOTYPE,43,530017,0.1346031746031746,0.12627205922860368,0.13460317460317459,0.0,ee17820ed4d80bf8a55998062e50696344a72919e502c4d8ae27888c47f83946
50,TARGET_ONLY_COSINE_PROTOTYPE,43,555029,0.09777777777777778,0.0920566990607473,0.09777777777777778,0.0,dfe7efad3b20b5fce1c48be2b190b9acde544c731034cc9dfc4602a3ac76b8e3
50,TARGET_ONLY_COSINE_PROTOTYPE,43,580031,0.17809523809523808,0.1730672454276556,0.1780952380952381,0.0,52d7f2f5eaa2a0a0d879aa6580e0c220d6184db82578004f47af944962d38e47
50,TARGET_ONLY_COSINE_PROTOTYPE,44,104729,0.15079365079365079,0.1419483248200355,0.15079365079365079,0.0,9884e76ba5bb13356bdeb13fcbe1e281f9a7abf29077627192a861e0e9018b19
50,TARGET_ONLY_COSINE_PROTOTYPE,44,130363,0.15079365079365079,0.15224261460301752,0.15079365079365079,0.0,d997e5b615fa55e2320d9866012fd80e03f7db17bcc7e7279676279e7020379d
50,TARGET_ONLY_COSINE_PROTOTYPE,44,155921,0.1253968253968254,0.12215049812138114,0.12539682539682537,0.0,cced3a99de9d382c3fed6e8b49a33c733b8e11c1424118311b2632f135d045b7
50,TARGET_ONLY_COSINE_PROTOTYPE,44,181081,0.17047619047619048,0.16987679432313668,0.17047619047619048,0.0,6980d8526b6d53df30b9180e1fd34fb98c27df3e61686ad39143e829057a1b7d
50,TARGET_ONLY_COSINE_PROTOTYPE,44,205439,0.10095238095238095,0.09342088272734173,0.10095238095238097,0.0,2048d616418b65a0f92f51556bb04a4b0f2d603139576fe2a13dcef7194dfcd9
50,TARGET_ONLY_COSINE_PROTOTYPE,44,230003,0.16444444444444445,0.17526615192276346,0.16444444444444442,0.0,a0ec4bebdb2a7a9266b4bb62fc31a29c0b8e1258b968439633ebd34e137b1463
50,TARGET_ONLY_COSINE_PROTOTYPE,44,254959,0.10476190476190476,0.10687558564800477,0.10476190476190475,0.0,d6dfd9761ab2765048e5f9f39fcadf5ebcadbd8e890b7da76c741def50e72f09
50,TARGET_ONLY_COSINE_PROTOTYPE,44,280001,0.14634920634920634,0.13949017325231608,0.1463492063492063,0.0,144c7d1c4c04301d86e1e6c733713f734188633d781c9208ec7211280528f540
50,TARGET_ONLY_COSINE_PROTOTYPE,44,305093,0.14507936507936509,0.13867909204014453,0.14507936507936509,0.0,a7494ac664f0131ff4db51c36bdcd809a50e1e1a2a03f9b072431606fd658c1e
50,TARGET_ONLY_COSINE_PROTOTYPE,44,330017,0.08253968253968254,0.0826884475720842,0.08253968253968254,0.0,82188d7beb41af8eb6cfb2777698678ec4d89e0463acda3efc0fbaed80cf07d8
50,TARGET_ONLY_COSINE_PROTOTYPE,44,355031,0.1438095238095238,0.13993820207110322,0.1438095238095238,0.0,4bcd1e70a73714a3174554e3b76f034d5a84cf9b789daf9b97272fa8626a3b9a
50,TARGET_ONLY_COSINE_PROTOTYPE,44,380041,0.11174603174603175,0.10766746630039244,0.11174603174603173,0.0,78ddfc1ca16015f25505353446948af9f0db910d25f71b832fb2df16ad0033a5
50,TARGET_ONLY_COSINE_PROTOTYPE,44,405019,0.14317460317460318,0.14500723525373818,0.14317460317460315,0.0,33efa9849b172094eab9554480111c98eb0c8c50a57a39eda0e5a1ddafd83ee4
50,TARGET_ONLY_COSINE_PROTOTYPE,44,430007,0.08666666666666667,0.08407013541409691,0.08666666666666667,0.0,5d52a4b52dfb66efdb5ed0b012180908be0f4fea504a77d05464b4c3d0dc0012
50,TARGET_ONLY_COSINE_PROTOTYPE,44,455003,0.14984126984126983,0.14077470842188658,0.14984126984126986,0.0,9b676e63abdd5c1dc5028bf022c617d0d753ceaff4098bbb8184d1c9016b0031
50,TARGET_ONLY_COSINE_PROTOTYPE,44,480017,0.14603174603174604,0.13257889540035278,0.146031746031746,0.0,b52a3209cdecc39a72ec35a74b1d9414f6fe88915343c5422964c8eacef651c7
50,TARGET_ONLY_COSINE_PROTOTYPE,44,505027,0.18761904761904763,0.18650184644759346,0.18761904761904763,0.0,00962ce31cba71e6ef06e4c9dfc35c645f55b393fc17e63fcfbe8af586ff69c9
50,TARGET_ONLY_COSINE_PROTOTYPE,44,530017,0.11555555555555555,0.11802225739256157,0.11555555555555555,0.0,43d212dcdb44b63e1e43210e23b7b4cfd4f2d913e1b7fb10c5003bf1c658e368
50,TARGET_ONLY_COSINE_PROTOTYPE,44,555029,0.11428571428571428,0.10863100457278815,0.1142857142857143,0.0,54cc32de008b8f6069529206deb4a79102654d433ef046a422443a32da7cef28
50,TARGET_ONLY_COSINE_PROTOTYPE,44,580031,0.13365079365079366,0.12201384158272142,0.13365079365079363,0.0,a53b8be4edfb93dd3f325560160ba8d264492e532c47fcb336ba6a68fb528c0b
50,TARGET_ONLY_COSINE_PROTOTYPE,45,104729,0.15301587301587302,0.13158610175315352,0.15301587301587302,0.0,081eaa8df3db604d841ca69eb286c85791383debb157309c61d48e32c7364f53
50,TARGET_ONLY_COSINE_PROTOTYPE,45,130363,0.15714285714285714,0.14074539842298966,0.1571428571428571,0.0,0ea4a77df0e8a50a385364fed08217ab1bb3a64a5d54e4d21004234342a94558
50,TARGET_ONLY_COSINE_PROTOTYPE,45,155921,0.12126984126984126,0.10772217403966601,0.12126984126984128,0.0,086bf60583417cbfdfabbf5d490d2af8fdf487f53bd127c182ee42cbe9a4879e
50,TARGET_ONLY_COSINE_PROTOTYPE,45,181081,0.1492063492063492,0.14642246483047325,0.1492063492063492,0.0,a46031f88a461fadc056636cba2369d3497e0ca6edb367aec503d32788196733
50,TARGET_ONLY_COSINE_PROTOTYPE,45,205439,0.08984126984126985,0.08064560560779378,0.08984126984126985,0.0,9bc2f0e8c5066536f33abfec0bbbb21af9b237543066308b15655f3c03092530
50,TARGET_ONLY_COSINE_PROTOTYPE,45,230003,0.1380952380952381,0.11729593694701748,0.1380952380952381,0.0,a8b2dbb3d45ec63c5171dc0c5b33f7e405d06392de5dec17850f79a5c7b2a547
50,TARGET_ONLY_COSINE_PROTOTYPE,45,254959,0.12380952380952381,0.11360975112104818,0.12380952380952381,0.0,220288445c4275e52206a1c89f6476b114947c299f5d1f604127c01d45720081
50,TARGET_ONLY_COSINE_PROTOTYPE,45,280001,0.11396825396825397,0.10058135942606564,0.11396825396825395,0.0,4c28e276cd38d067d30a7b7af5d189e4b310adc722742ae3d38c78d44c0a7c16
50,TARGET_ONLY_COSINE_PROTOTYPE,45,305093,0.13777777777777778,0.12473618359267827,0.1377777777777778,0.0,72e554b478c2be6ee378cbe205707fe54aa8f4cad10d803db813fddb77ecc7a6
50,TARGET_ONLY_COSINE_PROTOTYPE,45,330017,0.11238095238095239,0.10517276816977664,0.11238095238095237,0.0,10c95e216ba7968a14fe761e1c92a38f0b6f351a253972a029802a62fff7680a
50,TARGET_ONLY_COSINE_PROTOTYPE,45,355031,0.14857142857142858,0.1350256787405633,0.14857142857142855,0.0,eac957d6a1d7e40ae84017efdebe2fe51a82d18137a91b5d672eeb6b93af3103
50,TARGET_ONLY_COSINE_PROTOTYPE,45,380041,0.14253968253968255,0.12115731026889696,0.14253968253968252,0.0,b11e2e438377c57113bb5a213556a2a8b209b4469e9749ca78df0aaa41702672
50,TARGET_ONLY_COSINE_PROTOTYPE,45,405019,0.13873015873015873,0.13231360258479583,0.13873015873015873,0.0,2e63fce0bbf66274b77107983942f64237bcca1bfa667fa048d2d3147d5794a5
50,TARGET_ONLY_COSINE_PROTOTYPE,45,430007,0.15333333333333332,0.1403006096438344,0.15333333333333332,0.0,e69caec1affa38c4c851274d37ac1f3a9bd2ad0d4b1dc0014c39e97ff8d77eff
50,TARGET_ONLY_COSINE_PROTOTYPE,45,455003,0.14063492063492064,0.13054217036347524,0.14063492063492064,0.0,544bd1b37707f73fab8faae776121899249c5084682565e93cba4f2561aae2e1
50,TARGET_ONLY_COSINE_PROTOTYPE,45,480017,0.15142857142857144,0.1331224490373963,0.15142857142857144,0.0,1fe89d39b65d4258d168413a9d0398aa5267584712f7a8c6e2692fac5b8647cc
50,TARGET_ONLY_COSINE_PROTOTYPE,45,505027,0.15301587301587302,0.1476656115871764,0.15301587301587302,0.0,99a2451e28babfd96d4b571851d8f3b282e806f872764aa32003523bbebf838b
50,TARGET_ONLY_COSINE_PROTOTYPE,45,530017,0.09111111111111111,0.0837593401033085,0.09111111111111111,0.0,270fbaa737848803b519dddd5cc4f3b08c521bd16100790f9549ffa83aa6aa8d
50,TARGET_ONLY_COSINE_PROTOTYPE,45,555029,0.1295238095238095,0.11116799422897314,0.12952380952380954,0.0,10ed810f302712ab088556bc6509c59980ef4832f816a5d33a9902ee641ddb2f
50,TARGET_ONLY_COSINE_PROTOTYPE,45,580031,0.1253968253968254,0.10480587524932264,0.1253968253968254,0.0,01c75a850893c9419eab005783b81235a1e02b94492762b3a3c7ffbb21ef293e
50,TARGET_ONLY_COSINE_PROTOTYPE,46,104729,0.1253968253968254,0.07884411928308853,0.1253968253968254,0.0,0663afa1eb5f7df3a7c6ce0018c18fc434c6ad810f9cbe1b39be5115c38402b6
50,TARGET_ONLY_COSINE_PROTOTYPE,46,130363,0.10380952380952381,0.06733499251319283,0.10380952380952381,0.0,38b844c6cdf27e31e994c92baec407b233c9ed69cbe74fe4948160966cdac934
50,TARGET_ONLY_COSINE_PROTOTYPE,46,155921,0.11079365079365079,0.08806538505087998,0.1107936507936508,0.0,fdcb499b81933f8920642fd55b8a8428d8aa467cb4090235fc20ade556c87db3
50,TARGET_ONLY_COSINE_PROTOTYPE,46,181081,0.09492063492063492,0.08081222918443472,0.09492063492063493,0.0,338aeabdef3c1c340374d95c7a8c0f99cfd14ffb6f6b714d4821d229e09e5000
50,TARGET_ONLY_COSINE_PROTOTYPE,46,205439,0.09492063492063492,0.09481550439314437,0.09492063492063493,0.0,58c34c99c8d0b5ac7432588ce15db187bc182632f00cf7e91158fdbacc7bd822
50,TARGET_ONLY_COSINE_PROTOTYPE,46,230003,0.14095238095238094,0.11723130201743225,0.14095238095238097,0.0,60949592c2c4049f5ef53ba1303fb687955df5b4da4280a23b15c09d2f54b9bc
50,TARGET_ONLY_COSINE_PROTOTYPE,46,254959,0.0946031746031746,0.0614207287767946,0.0946031746031746,0.0,de8531f442c01ebc71908dd22c6bfaf07584377009e65dc8280c2b1b9680d46c
50,TARGET_ONLY_COSINE_PROTOTYPE,46,280001,0.11174603174603175,0.0924200461747946,0.11174603174603175,0.0,8021785dbc2c176af2c6efd29bceea64527e5c3384bc4735434c30802834ea3a
50,TARGET_ONLY_COSINE_PROTOTYPE,46,305093,0.14222222222222222,0.11127804198911852,0.14222222222222222,0.0,e71e3cc25ddc9d25a9025540148cde7bd656b65e2e2ae3590c59b7f7410b789e
50,TARGET_ONLY_COSINE_PROTOTYPE,46,330017,0.10380952380952381,0.10600563583665387,0.10380952380952381,0.0,161847c31bc9bdb2e370b49795445110b9e91557d36af6e92d11dc43b6fad6f0
50,TARGET_ONLY_COSINE_PROTOTYPE,46,355031,0.09111111111111111,0.07809890827540844,0.09111111111111111,0.0,bd7320e722caab3593f90d732f7b9288f34ae3985a39b0fa4fe557ded97a1ffb
50,TARGET_ONLY_COSINE_PROTOTYPE,46,380041,0.09492063492063492,0.05763687770218867,0.09492063492063492,0.0,6ebcfaeaa3232284bf1c7931a80ebece6669ecb0cdbef2013d3bbcd86ebd1de2
50,TARGET_ONLY_COSINE_PROTOTYPE,46,405019,0.08825396825396825,0.0746008729487359,0.08825396825396825,0.0,bf9aba765e7877eacaf6012846b5dd4064ff4d2b18adced927a7009d13501400
50,TARGET_ONLY_COSINE_PROTOTYPE,46,430007,0.1126984126984127,0.09248250914210532,0.11269841269841271,0.0,cf9585bfee47260fdac736e2e150724ce490e0cdeaeb83fa00f21002c8b344e6
50,TARGET_ONLY_COSINE_PROTOTYPE,46,455003,0.15428571428571428,0.13124698398218387,0.1542857142857143,0.0,637515ba21d563e195f92f51cddfa2dc0eebca87ebb1f105050a65bbc74b7da7
50,TARGET_ONLY_COSINE_PROTOTYPE,46,480017,0.0946031746031746,0.07591966782840268,0.0946031746031746,0.0,5874d4f912481fd1b7345dfee5d7b5de249a7a8b8d085e2cfae9a4de68121fdc
50,TARGET_ONLY_COSINE_PROTOTYPE,46,505027,0.14095238095238094,0.10089248969335232,0.14095238095238097,0.0,94beb04d338d755663d5472bb5bacead1f00c2c4de2be11aa74260e46727b4a4
50,TARGET_ONLY_COSINE_PROTOTYPE,46,530017,0.049523809523809526,0.03474483960200694,0.049523809523809526,0.0,1baf694e90411342eba75648b09c82913136a947a7eec03080f21ff209ee8180
50,TARGET_ONLY_COSINE_PROTOTYPE,46,555029,0.10984126984126984,0.06750906664006977,0.10984126984126984,0.0,d0dbb621a929bd18d7439b430b89a072435f54e92cd0637c38ea9b67b2a4a5a6
50,TARGET_ONLY_COSINE_PROTOTYPE,46,580031,0.12285714285714286,0.07870380137944621,0.12285714285714286,0.0,189625811a04a7612e504ddd02d25c344ea1ebdea905f4470220f3909ce542c8
100,TARGET_ONLY_COSINE_PROTOTYPE,42,104729,0.09587301587301587,0.08320001096795956,0.09587301587301587,0.0,6faa1b2641fd0201a3cd1ee74c77b84f8c4e0b1e1c2fb580da38a4f0fe95adb0
100,TARGET_ONLY_COSINE_PROTOTYPE,42,130363,0.09682539682539683,0.08683982518734738,0.09682539682539683,0.0,a34b758df098ff8d70994e520b2634d0eddfbe18e73cf55211c33fad879d9f7a
100,TARGET_ONLY_COSINE_PROTOTYPE,42,155921,0.10063492063492063,0.08322154790301783,0.10063492063492063,0.0,ebc7acd3bc9af96acfc2124e6f4bbf8df72ab896bd1f1eec2c217d2f97ae78d6
100,TARGET_ONLY_COSINE_PROTOTYPE,42,181081,0.12634920634920635,0.12000432911572383,0.12634920634920635,0.0,bfe591ba8b8a8cdf12029d2f1357bd2d639933f33b0ed6266cecdcfe412ea063
100,TARGET_ONLY_COSINE_PROTOTYPE,42,205439,0.11142857142857143,0.09943971952772608,0.11142857142857143,0.0,d3f5141fb13795c2cfc07939a4b20ae2df5b79408849578e622ca272debe9fa1
100,TARGET_ONLY_COSINE_PROTOTYPE,42,230003,0.09682539682539683,0.08850152693424941,0.09682539682539683,0.0,d041d6f4b302c849eefd92b5e4f81cdeb96bfd6ae70a8199c527fe239c2911d6
100,TARGET_ONLY_COSINE_PROTOTYPE,42,254959,0.08317460317460318,0.07960480789050124,0.08317460317460316,0.0,2ed434a87fd17c533c51b4c2c5d760bc19ee0a75bb64614eb9956c05b322b06f
100,TARGET_ONLY_COSINE_PROTOTYPE,42,280001,0.07873015873015873,0.07099364137807308,0.07873015873015873,0.0,a5899f5d5dc721443d506df36a682dd97186679a1806a16357651583141e2ef4
100,TARGET_ONLY_COSINE_PROTOTYPE,42,305093,0.11238095238095239,0.09653357393339311,0.11238095238095237,0.0,adbf0ca8690f8d65b0937d2326456e9479ecb4c74d8ac02e68dd017d2b0e1c1e
100,TARGET_ONLY_COSINE_PROTOTYPE,42,330017,0.09492063492063492,0.09165446354685407,0.09492063492063492,0.0,273267c74d2d9239a3780acb96af68010ddce53de25859030d3124ee1fbd6445
100,TARGET_ONLY_COSINE_PROTOTYPE,42,355031,0.09714285714285714,0.08980671891835836,0.09714285714285713,0.0,97ae5792c408b1aafc86021cbf20e710d13234e8f6e2c73746b9ea7db8312eb8
100,TARGET_ONLY_COSINE_PROTOTYPE,42,380041,0.09301587301587301,0.08527982565605684,0.09301587301587301,0.0,e878a7723b6e4a00a86dcfa10e3a3f5c66a72dade894c9ce6d065132a6dcd427
100,TARGET_ONLY_COSINE_PROTOTYPE,42,405019,0.0673015873015873,0.06706845983421615,0.06730158730158729,0.0,b27d8b3032bc8c4c47a7982e81b18523c2ea0c73254352e1fa89b2e407f7968e
100,TARGET_ONLY_COSINE_PROTOTYPE,42,430007,0.09206349206349207,0.08673649458621781,0.09206349206349206,0.0,5d338a0d10603925d1d77d08c56ab71b132da19ae669fc24d6e20fd8e53336f1
100,TARGET_ONLY_COSINE_PROTOTYPE,42,455003,0.08,0.06916310852946964,0.08,0.0,22f47a314d8f4051dbcaf8a6bc60627c9f3ddcc5e2e4a4cf4923fa8217c5a744
100,TARGET_ONLY_COSINE_PROTOTYPE,42,480017,0.12349206349206349,0.10878492510660413,0.1234920634920635,0.0,7eddb4fdc67f372e6f5529d5fa9ded35e0a498c6028f5a5c467aa5a5d7a48178
100,TARGET_ONLY_COSINE_PROTOTYPE,42,505027,0.1126984126984127,0.09917047326828328,0.1126984126984127,0.0,bd810667ad7f5dd7bfa8e938c2ccf581870feaface16023f0499a6b66220ed14
100,TARGET_ONLY_COSINE_PROTOTYPE,42,530017,0.1273015873015873,0.11188392586814418,0.1273015873015873,0.0,1fd497301ba19ed5f378bda4ce2183e50c3c88a7d84c6b8a97d6ad9625a7550a
100,TARGET_ONLY_COSINE_PROTOTYPE,42,555029,0.12761904761904763,0.10974344446885255,0.1276190476190476,0.0,54e68b0eac7160057581cbd96fd2b728674ea88a11ff9f017b78b2ea4dc42d01
100,TARGET_ONLY_COSINE_PROTOTYPE,42,580031,0.12412698412698413,0.11340707137316154,0.12412698412698411,0.0,0ad6e43267dd716fdf765ac0f7d3a9c5d9f931716896df48e579442112c200c3
100,TARGET_ONLY_COSINE_PROTOTYPE,43,104729,0.18285714285714286,0.18352668387944332,0.18285714285714283,0.0,c325eaf2bee4b306f35679b86da0d20c0e712b21a71942081598be192f9641c5
100,TARGET_ONLY_COSINE_PROTOTYPE,43,130363,0.13873015873015873,0.1262538471911984,0.13873015873015873,0.0,99b8e9d3949424328b744fc3082cfd9a14f770a17db8fff4687194e25588350e
100,TARGET_ONLY_COSINE_PROTOTYPE,43,155921,0.10634920634920635,0.09482861549304325,0.10634920634920635,0.0,13b63c33e38fb34a437bc50240cd111dbe982baaf8510e9614ecd47001517fd7
100,TARGET_ONLY_COSINE_PROTOTYPE,43,181081,0.1380952380952381,0.12978602712044182,0.13809523809523808,0.0,1e9d2de40b39f3fc2ad7d7b567ec66fa66caca6fe88ebf7506fab81cb9d84d36
100,TARGET_ONLY_COSINE_PROTOTYPE,43,205439,0.16825396825396827,0.16285623319996748,0.16825396825396827,0.0,c712c0b81fbbd722fce6cbcbb46618736c0d3bc0192e2d50766c9b74083ae62f
100,TARGET_ONLY_COSINE_PROTOTYPE,43,230003,0.1419047619047619,0.13738659858039218,0.1419047619047619,0.0,b5df75140a5831f7ac90b1d27d1236d06f0e1bce1b7a523fc05eb31fedf428b3
100,TARGET_ONLY_COSINE_PROTOTYPE,43,254959,0.1307936507936508,0.1113375151862221,0.1307936507936508,0.0,be54f8b1efa55fd9fdb14afffe1a6fae3a901c096b4934edbaba2f4575898487
100,TARGET_ONLY_COSINE_PROTOTYPE,43,280001,0.13333333333333333,0.1123773343678173,0.13333333333333333,0.0,26bae1f18ae9f4646c4b8ba47b07ae68257f1368705ee42d2ab9c9a695a489fa
100,TARGET_ONLY_COSINE_PROTOTYPE,43,305093,0.17333333333333334,0.16577877637455218,0.17333333333333334,0.022031823745410038,8c4478b4347e00f957fc822272f84a7f929b5a4835bf970f13678d3c2eadb9c8
100,TARGET_ONLY_COSINE_PROTOTYPE,43,330017,0.13047619047619047,0.11852830364686952,0.13047619047619047,0.0,3455c63d98d113924aa0138dd9a0af13a1588c204508ff72e6cc70f3e3213838
100,TARGET_ONLY_COSINE_PROTOTYPE,43,355031,0.12158730158730159,0.11896545739006655,0.12158730158730159,0.0,3bbf0cde834d58623175a9fd661e383da96fe5b1b85bed5f42f717d5079dd4d2
100,TARGET_ONLY_COSINE_PROTOTYPE,43,380041,0.1946031746031746,0.1834853182317502,0.19460317460317458,0.009259259259259259,cc164a3de114c0b59f5bb31716af3cd75fa593e8828c1282080e810b6bd4af45
100,TARGET_ONLY_COSINE_PROTOTYPE,43,405019,0.10158730158730159,0.09314901621656882,0.10158730158730157,0.0,78da967a59ae10a61c938b23d2cb873af547979703e67b0f1f4bd5d971cc5b62
100,TARGET_ONLY_COSINE_PROTOTYPE,43,430007,0.18349206349206348,0.16205046067895218,0.1834920634920635,0.0,e42c16a5b0045c47b8c4ef1106c9417ce18bd6934b9c7d9433b8cdfbc43f057f
100,TARGET_ONLY_COSINE_PROTOTYPE,43,455003,0.12222222222222222,0.11609263701841425,0.12222222222222222,0.0,bffff6ee45760d023fa3f983bec5a5dd9262f69c4ed4eb15bf68c5b8eeda67c9
100,TARGET_ONLY_COSINE_PROTOTYPE,43,480017,0.10444444444444445,0.09856350667373705,0.10444444444444444,0.0,b445e532162fa566cb781c3cc5dc20f5e7cdf993435d2c6e87a61133cdc335b6
100,TARGET_ONLY_COSINE_PROTOTYPE,43,505027,0.1346031746031746,0.12819372355397113,0.1346031746031746,0.0,ed7636f056335b7f5efb6b7661262b56ee4863cc0a7e8bb0b9e7e8c99a9dda5d
100,TARGET_ONLY_COSINE_PROTOTYPE,43,530017,0.1419047619047619,0.1277143983934332,0.1419047619047619,0.0,2cf4563ba1a092c43c39955cfe5334030891f61e57c17eb3192508863f674b31
100,TARGET_ONLY_COSINE_PROTOTYPE,43,555029,0.11365079365079366,0.10651262962871612,0.11365079365079367,0.0,8ab4c908288d61584a487b3cce882f059ee981a3adb77eeec0d11448302c914f
100,TARGET_ONLY_COSINE_PROTOTYPE,43,580031,0.1546031746031746,0.14306757084905647,0.1546031746031746,0.0,e4b7523675c69695f6c38df94671a3fd013fdc7a11334313a3253fdf3c37acfe
100,TARGET_ONLY_COSINE_PROTOTYPE,44,104729,0.13206349206349208,0.13190397519287075,0.13206349206349205,0.0,a4055fd1957aa8eda311544c97b3beac6a2b0ef61ebb280c8c403040eafd33cc
100,TARGET_ONLY_COSINE_PROTOTYPE,44,130363,0.12349206349206349,0.1283963148741201,0.12349206349206347,0.0,db40ce1afe86f538dc86c9e00455c9613b2e478bc85034bc182355c794869a11
100,TARGET_ONLY_COSINE_PROTOTYPE,44,155921,0.15714285714285714,0.14994204418928486,0.15714285714285717,0.0,57da9d287dd4d44ce3c2d668b538966f32d220dfff90d538914597576ee6d216
100,TARGET_ONLY_COSINE_PROTOTYPE,44,181081,0.13904761904761906,0.1291528752615614,0.13904761904761903,0.0024691358024691358,9b01d05ad6e9493c39fb364b14b393ae1015cbee2b3b47812d7091f6d1ad66a8
100,TARGET_ONLY_COSINE_PROTOTYPE,44,205439,0.1346031746031746,0.12792869389050904,0.1346031746031746,0.0,fa4d225891da967c088d2279b6d23057caa11af1eabe83da1dbe5b5891d6c2fc
100,TARGET_ONLY_COSINE_PROTOTYPE,44,230003,0.16666666666666666,0.16471847402232748,0.16666666666666666,0.0,04b6138585b5b9aa8d8479246ce1f2d8bbb7a9415ad583e443205f233eae5f0f
100,TARGET_ONLY_COSINE_PROTOTYPE,44,254959,0.10412698412698412,0.09594470768167482,0.10412698412698411,0.0,52371c9f574e4f3a841083bae98920c5f34026ccf8935596687f11cce708cc34
100,TARGET_ONLY_COSINE_PROTOTYPE,44,280001,0.1492063492063492,0.15058815223351305,0.1492063492063492,0.0,c84c4ba95e4fb05a60cb5453412a4c1bca1a4a526a59aeaf85d8f436ba2ff06c
100,TARGET_ONLY_COSINE_PROTOTYPE,44,305093,0.15396825396825398,0.14019982658472058,0.15396825396825395,0.0,f30592bddc00af0564a93d933e8872b60af8ce9f4532f24402f7194aa4f98b2e
100,TARGET_ONLY_COSINE_PROTOTYPE,44,330017,0.08,0.08152908795700166,0.08,0.0,8c55de8225f263d72327836b41e28a577f9c46341df6d290801a38b10f814348
100,TARGET_ONLY_COSINE_PROTOTYPE,44,355031,0.18,0.17351384153553334,0.17999999999999997,0.0,c2cb5f1341bb28f25b6723d50616da0f7fe1f7934f9d85ea98bce19ff773fbd7
100,TARGET_ONLY_COSINE_PROTOTYPE,44,380041,0.1273015873015873,0.12548574040621013,0.1273015873015873,0.0,6f54a04a2f39f625ce50379456d0ea1dad16d5ee19697fa5ba60f425d25baede
100,TARGET_ONLY_COSINE_PROTOTYPE,44,405019,0.11015873015873016,0.09940773839827637,0.11015873015873015,0.0,7cba91fb472bf1a273587fed0722c242da31f7e300cc809c9647c2a22083d14c
100,TARGET_ONLY_COSINE_PROTOTYPE,44,430007,0.11841269841269841,0.12210288074614274,0.11841269841269841,0.0,c0c39cc460670194f5764d48e221242d19acadf726e114a6e259a88412b98fd4
100,TARGET_ONLY_COSINE_PROTOTYPE,44,455003,0.12666666666666668,0.12378379504678676,0.12666666666666668,0.0,883caefc470118fe99c3942b31556d2e18374b6a50d7d191143f3b432e26317f
100,TARGET_ONLY_COSINE_PROTOTYPE,44,480017,0.1726984126984127,0.1607475533174459,0.1726984126984127,0.0,c83c317279a7c15625809ac2d5cd30dbf59e9eb73f86020a2a6ea4372a37efe7
100,TARGET_ONLY_COSINE_PROTOTYPE,44,505027,0.1403174603174603,0.12986846977160765,0.1403174603174603,0.0,52edf2bbfc027c55eb95f58c35a045e57c73ff94dd370af6f292c333d2584d59
100,TARGET_ONLY_COSINE_PROTOTYPE,44,530017,0.0946031746031746,0.09515878260099865,0.0946031746031746,0.0,dfd217775be6df0390dd87e342571c30c3ae34b38c13c121723c903717718108
100,TARGET_ONLY_COSINE_PROTOTYPE,44,555029,0.12126984126984126,0.12005651464317967,0.12126984126984128,0.0,18800046cd4bec70716b505d92233592802313a48a761fca0b06a29481e77737
100,TARGET_ONLY_COSINE_PROTOTYPE,44,580031,0.15174603174603174,0.14166747126011767,0.15174603174603174,0.0,9e8808d13aa497b672e0a59898f5bde11a0772e2240d1549194b34cb21444312
100,TARGET_ONLY_COSINE_PROTOTYPE,45,104729,0.11015873015873016,0.09467733855978322,0.11015873015873015,0.0,eb28ab09fd3320375858d0ee5ebfc739790d6935d97ec96b374c3089b92a88bd
100,TARGET_ONLY_COSINE_PROTOTYPE,45,130363,0.13746031746031745,0.1286964229153891,0.13746031746031748,0.0,eb4310e7d412f9c2434a8e5c813dd53a998ccc1cce00328d0fe3d20469db8007
100,TARGET_ONLY_COSINE_PROTOTYPE,45,155921,0.11142857142857143,0.09920349188580706,0.11142857142857142,0.0,3402cabe2ec2491e148bb1da47226a4e4399da3672b5242ce4d3adf4af0502e1
100,TARGET_ONLY_COSINE_PROTOTYPE,45,181081,0.1253968253968254,0.11722194798251688,0.1253968253968254,0.0,a4807975e5900baece01c16b5843e5aae50583926a29627d0d522056b949686e
100,TARGET_ONLY_COSINE_PROTOTYPE,45,205439,0.12317460317460317,0.11312475464061232,0.12317460317460317,0.0,571bffb071bbe49ee49a07c38fdb60b460518e514f7eef1a9928227e82fec469
100,TARGET_ONLY_COSINE_PROTOTYPE,45,230003,0.1273015873015873,0.1112711955785163,0.12730158730158728,0.0,9fdd04f9095dd3920697dd63f120a6d8f5443b999c825a18e9353745ecd329c2
100,TARGET_ONLY_COSINE_PROTOTYPE,45,254959,0.14285714285714285,0.12253611374444336,0.14285714285714285,0.0,0ba1ac0269f1194ff01a0ee3575ed81024706263f65795285964625b8e9ae842
100,TARGET_ONLY_COSINE_PROTOTYPE,45,280001,0.11079365079365079,0.10053973112510164,0.11079365079365079,0.0,50d156705c4911fcacf0abcfa60777e080c2fe8bceeca2ca8bcedbfd620d86de
100,TARGET_ONLY_COSINE_PROTOTYPE,45,305093,0.12380952380952381,0.10920051711461821,0.1238095238095238,0.0,174a2cb2e23665cf0e02c18f5e02f3ffea37046c1c06ebe224bede9c972a3375
100,TARGET_ONLY_COSINE_PROTOTYPE,45,330017,0.13174603174603175,0.10517456504866804,0.13174603174603175,0.0,fe476f1b835454b06b116872e2bffb6c0bd79ab523917b7ed706ddf7c1c38bb7
100,TARGET_ONLY_COSINE_PROTOTYPE,45,355031,0.12063492063492064,0.10456682887901203,0.12063492063492064,0.0,79be975ad1f5b005280da396784bd13c3c19efbfee4c03f19aaffa3085864809
100,TARGET_ONLY_COSINE_PROTOTYPE,45,380041,0.10952380952380952,0.09013219568913769,0.10952380952380954,0.0,9bed50819c40515ac1fcd4412eda3fe0e22b8cb8917e1788fcd6fe2672edd1b2
100,TARGET_ONLY_COSINE_PROTOTYPE,45,405019,0.1253968253968254,0.1071910766018298,0.1253968253968254,0.0,5abc6b0df23a57d21e7367196eb734e776258116896c8f671647f41616104633
100,TARGET_ONLY_COSINE_PROTOTYPE,45,430007,0.1568253968253968,0.14815410496905987,0.1568253968253968,0.0,52623be360ab7384593633443693682357409c2cf061fe07e3470473578f473d
100,TARGET_ONLY_COSINE_PROTOTYPE,45,455003,0.10984126984126984,0.09734439352406452,0.10984126984126984,0.0,addcf778a77899d8b2e317522bc6c56c64011142ff251da24d0739dc201cc93f
100,TARGET_ONLY_COSINE_PROTOTYPE,45,480017,0.12507936507936507,0.1068520539179849,0.1250793650793651,0.0,958879e216d1d1d033f575295110d16458d111e51c2f25107ae4e2ea9c8c479a
100,TARGET_ONLY_COSINE_PROTOTYPE,45,505027,0.14476190476190476,0.12483881581696121,0.14476190476190473,0.0,0713f2ccde97a47ca904b603f2d24f0d07909b7f33ad1669620cfd7805ce189e
100,TARGET_ONLY_COSINE_PROTOTYPE,45,530017,0.09396825396825396,0.08946793797973959,0.09396825396825396,0.0,46743f48a50cd85809fabfe33d42a41d4064fe0f4c989cd9424b64bcd3495841
100,TARGET_ONLY_COSINE_PROTOTYPE,45,555029,0.09238095238095238,0.08267973513992552,0.09238095238095237,0.0,1be6f03a99c329db583bc193a4e22ef167818f0e5c40c0e221b62fb3bde68e69
100,TARGET_ONLY_COSINE_PROTOTYPE,45,580031,0.1438095238095238,0.12484686681245281,0.1438095238095238,0.0,f1f188b3e33d24d4f9fd73dde690f14e62621f3eba8474de53b54a86d0eecfbb
100,TARGET_ONLY_COSINE_PROTOTYPE,46,104729,0.12761904761904763,0.08944312519661803,0.1276190476190476,0.0,7955912976897b7d4d57cda1a2a46ee50972cd9a97aa011c0c779c2a930160c0
100,TARGET_ONLY_COSINE_PROTOTYPE,46,130363,0.12761904761904763,0.09230482227127104,0.1276190476190476,0.0,d22cfeb4a808114327ae8ab771e63d69e59d978e31a77498f7639aad15c34e62
100,TARGET_ONLY_COSINE_PROTOTYPE,46,155921,0.0946031746031746,0.07529225068593529,0.09460317460317459,0.0,d246a0ee4a8a13ce847a15f6c9f80c4c3f3f26f3ea56e658f44938dcef7d3573
100,TARGET_ONLY_COSINE_PROTOTYPE,46,181081,0.12666666666666668,0.09681702550009892,0.12666666666666668,0.0,c9b1ff93bea4a7f6ce7df9aadcaa12178b44219c90920930ab2fc4e2ad7a6858
100,TARGET_ONLY_COSINE_PROTOTYPE,46,205439,0.1523809523809524,0.136904476024407,0.15238095238095237,0.0,9ef29067060c430242dd2d3313686d762e1ea2634b0919a220f98cbe96a9d14b
100,TARGET_ONLY_COSINE_PROTOTYPE,46,230003,0.14317460317460318,0.10975053594523657,0.1431746031746032,0.0,9213b5dba940f046cf63c7d129276daee7d332f86d4910ff477881e3a27ff791
100,TARGET_ONLY_COSINE_PROTOTYPE,46,254959,0.09555555555555556,0.06144384300486972,0.09555555555555555,0.0,40808dd65fb988d3412fea86c29671daa574352c81ab88e6448676dea35e9a14
100,TARGET_ONLY_COSINE_PROTOTYPE,46,280001,0.1273015873015873,0.08924238093621249,0.1273015873015873,0.0,bd1ff8ac3420ddfee331600b0b10ad47cdc3d9cc4d5f74b3603c132b3490d680
100,TARGET_ONLY_COSINE_PROTOTYPE,46,305093,0.11047619047619048,0.07935255348328293,0.11047619047619049,0.0,5c8f85781bdfce114449e0dc1f734b70599299b221582b0ab1468b7be0030864
100,TARGET_ONLY_COSINE_PROTOTYPE,46,330017,0.06380952380952382,0.05654132239454646,0.0638095238095238,0.0,56942383274231b5cead078b2e44a1aeb7732c491bdcab6737e858e57188df30
100,TARGET_ONLY_COSINE_PROTOTYPE,46,355031,0.1034920634920635,0.08573432865818893,0.1034920634920635,0.0,9cc23a8cbdb1604f91d81fb0352cfe4863d38ab97b7fd25324fd557e2bbfbbf7
100,TARGET_ONLY_COSINE_PROTOTYPE,46,380041,0.1580952380952381,0.12946748968374258,0.15809523809523812,0.0,ae5e34cd3b32f4753f2a4ad10f28e7ff2a6599768d6c42a963e04d396a421ffb
100,TARGET_ONLY_COSINE_PROTOTYPE,46,405019,0.12444444444444444,0.10802078997292189,0.12444444444444445,0.0,ecf6556f284e770a962dda19f41d62699f0c9a256d27f4f1e11e3516ff435d64
100,TARGET_ONLY_COSINE_PROTOTYPE,46,430007,0.10063492063492063,0.06513904876747213,0.10063492063492063,0.0,c2917025716ae72d430ab40acf0d6e09a46222943d74c771022c1c79b17970a2
100,TARGET_ONLY_COSINE_PROTOTYPE,46,455003,0.0946031746031746,0.07141722596783066,0.0946031746031746,0.0,08d81c08f63235072be92922d9bf754b22e9d74fab4fed8519b78d1c35607b99
100,TARGET_ONLY_COSINE_PROTOTYPE,46,480017,0.12063492063492064,0.09807808131494826,0.12063492063492065,0.0,21aa4fe6db770cfa1934b6a1ac6cecbf5d3c7e093f63e536bff244b62ef75bcf
100,TARGET_ONLY_COSINE_PROTOTYPE,46,505027,0.1273015873015873,0.08671162495047513,0.1273015873015873,0.0,067ae77565c95b4f910c71cdbd0f3a7268f92f122e6c5aaf69f9f8db2a6bf8a7
100,TARGET_ONLY_COSINE_PROTOTYPE,46,530017,0.11015873015873016,0.08266417830106043,0.11015873015873015,0.0,c006a0d067b29ef4d93c2ae2e9065567e4aab3d81adaaeb648fe145d6a024d12
100,TARGET_ONLY_COSINE_PROTOTYPE,46,555029,0.11079365079365079,0.07850227076307657,0.1107936507936508,0.0,ca156306331b4dc52d61fa38b9b28eae422a4edc6a59201620044682b7ebeb0c
100,TARGET_ONLY_COSINE_PROTOTYPE,46,580031,0.11746031746031746,0.07075249154227502,0.11746031746031746,0.0,4d1d8d6662d7cbb84d3ea79507218da3c23902ed70a25eda2b5a863cfd19d411
200,TARGET_ONLY_COSINE_PROTOTYPE,42,104729,0.11238095238095239,0.10207420766558742,0.11238095238095237,0.0,7fd726417a9ce2cdb269be24c93b75accf1d5cc8b48ccce1271f0c770743cf11
200,TARGET_ONLY_COSINE_PROTOTYPE,42,130363,0.12031746031746032,0.10796905946768479,0.12031746031746031,0.0,74a7c43ac58ae2cc40892fb97ab0d9338f082830fe71f1c13ce53bb6bfc80bfa
200,TARGET_ONLY_COSINE_PROTOTYPE,42,155921,0.11238095238095239,0.10121817922989278,0.11238095238095237,0.0,5facf6b4d6e8e4938e1af21f34893b2d2accd3572d718b68f6356e4efaf9f0b7
200,TARGET_ONLY_COSINE_PROTOTYPE,42,181081,0.12825396825396826,0.12465083293750855,0.12825396825396826,0.0,a52e4ab3b15d80a97e125c35c27d82e8fd65b0653a53028d0729a9fb1c0ee0c3
200,TARGET_ONLY_COSINE_PROTOTYPE,42,205439,0.11142857142857143,0.09981483969658715,0.11142857142857143,0.0,547c5d8c36382095bab0e043f80017170081c98250f08aebc22098cb1110cc64
200,TARGET_ONLY_COSINE_PROTOTYPE,42,230003,0.11936507936507937,0.10850621778036142,0.11936507936507937,0.0,60a76c1225458ab03f9874cfead2f02ae13dd7db3aab5b55b20c23c783bc2869
200,TARGET_ONLY_COSINE_PROTOTYPE,42,254959,0.10952380952380952,0.10041353415554334,0.10952380952380951,0.0,8ada0f59232b679a6dba0fd85ab424a9e99a7a486b282ddf9d40f8c1b4dde611
200,TARGET_ONLY_COSINE_PROTOTYPE,42,280001,0.09365079365079365,0.08638403779143082,0.09365079365079365,0.0,9877577c3d39b4864968449e09f32742b5ff81ceeb18eba92026f32aa3d8e532
200,TARGET_ONLY_COSINE_PROTOTYPE,42,305093,0.11238095238095239,0.09862169055915844,0.11238095238095237,0.0,3d9dcadcb30683c7e0f61b010f688edbf98d12045224cb8794b415fda4abcea5
200,TARGET_ONLY_COSINE_PROTOTYPE,42,330017,0.11238095238095239,0.09873728862688091,0.11238095238095237,0.0,2ab283f48ecd0bd4942d2529ff782ddc9f299644689c281d4d2763016971c04c
200,TARGET_ONLY_COSINE_PROTOTYPE,42,355031,0.1273015873015873,0.12402238758581066,0.1273015873015873,0.0,f9733b54c2f4f185555ac977618d356c3958b7a68000d2a5a76c7dc16c62b8be
200,TARGET_ONLY_COSINE_PROTOTYPE,42,380041,0.11047619047619048,0.09765483546626484,0.11047619047619048,0.0,1a5c199a2ddce6a3483c1eede12ade6bc7aec8bbbfc0d7b90caf232d9c76faf8
200,TARGET_ONLY_COSINE_PROTOTYPE,42,405019,0.11142857142857143,0.1015351577518977,0.11142857142857143,0.0,01f21e94e7e4e1d12f372bf35816975e960632f77712afe045eb37b815be4fe9
200,TARGET_ONLY_COSINE_PROTOTYPE,42,430007,0.11238095238095239,0.10097053118887112,0.11238095238095237,0.0,e07000b907d30e43a7e561b3ac9a66ee4fc2c9f9a039fd2a2437586b4886cc63
200,TARGET_ONLY_COSINE_PROTOTYPE,42,455003,0.11142857142857143,0.10035999265083785,0.11142857142857143,0.0,89a52896ccf3b8176655c86b86a705306ad3724ba5992185c2ab9df0eec9e50b
200,TARGET_ONLY_COSINE_PROTOTYPE,42,480017,0.09492063492063492,0.08742468912698893,0.09492063492063492,0.0,525621e9eaaa3702fafd5370459246a2b9569ea5497507b88e1c98cd7979a306
200,TARGET_ONLY_COSINE_PROTOTYPE,42,505027,0.10063492063492063,0.09215575885127754,0.10063492063492063,0.0,81086c82247b371f64112f8ad9cf3db39d3e7112183a92253531f767b6811d99
200,TARGET_ONLY_COSINE_PROTOTYPE,42,530017,0.11142857142857143,0.10080108099219975,0.11142857142857143,0.0,9d5cb72878445120d4837e95afa90e9a070887743f4656f02262c65cd0253f31
200,TARGET_ONLY_COSINE_PROTOTYPE,42,555029,0.1273015873015873,0.12231353229308597,0.1273015873015873,0.0,d69d3279fa634ff96424e2fc0465e47003562a95b4d2e6133e3d9e53c1dc96e2
200,TARGET_ONLY_COSINE_PROTOTYPE,42,580031,0.11238095238095239,0.10268670208309853,0.11238095238095237,0.0,dedf50fa0123f6f812a52450178401d3c974171d05371424f38d13d719eab33e
200,TARGET_ONLY_COSINE_PROTOTYPE,43,104729,0.11555555555555555,0.10311545088651217,0.11555555555555555,0.0,af1474a64c4147f452b55f853aca43b9cc496ce15bb1a4f1059d8a7bf7028ceb
200,TARGET_ONLY_COSINE_PROTOTYPE,43,130363,0.15015873015873016,0.13844632596808232,0.15015873015873016,0.0,96eb8ea615e4623c9d95b4b4c12ab024c38c3da23355a76ec7c72ff011bb319b
200,TARGET_ONLY_COSINE_PROTOTYPE,43,155921,0.11936507936507937,0.11965960662213895,0.11936507936507937,0.0,bc7781c280cdf5ce1d47325edc251a64a22a55601b0c3364892ef14078b5bc28
200,TARGET_ONLY_COSINE_PROTOTYPE,43,181081,0.12126984126984126,0.11382265866071588,0.12126984126984126,0.0,a18b1f52b36e9be632d98cd757b099db415ebad285b674f03a9e0c5b4a061383
200,TARGET_ONLY_COSINE_PROTOTYPE,43,205439,0.12158730158730159,0.10527924888763882,0.12158730158730159,0.0,8ef8cb4176a5fddeb1e173abf7437cc364d6ee3f8b4a07fa8825d05b92dfeaae
200,TARGET_ONLY_COSINE_PROTOTYPE,43,230003,0.14952380952380953,0.13297392584437615,0.14952380952380953,0.0,66b87fe9adaf662401966c4c89e1085fa3f4bbfa5969a55fa52ed672f6e167da
200,TARGET_ONLY_COSINE_PROTOTYPE,43,254959,0.10634920634920635,0.09667038149669469,0.10634920634920635,0.0,c7db0b8eda1f8d1ee493738d559d88cdbd76c0422752dc65f32a8cb280f4bb82
200,TARGET_ONLY_COSINE_PROTOTYPE,43,280001,0.15206349206349207,0.12033123334411577,0.15206349206349207,0.0,1430c7dbf46d5024a1e90b460fff5eaed75490e080ee624c3a2d3414ac7a50d1
200,TARGET_ONLY_COSINE_PROTOTYPE,43,305093,0.12603174603174602,0.12042701886049278,0.12603174603174602,0.0,8434425c660c7a6ac21eda5ccbd6d5302acc8b7f94da33f945028f172dfee9d9
200,TARGET_ONLY_COSINE_PROTOTYPE,43,330017,0.11396825396825397,0.10800931427622376,0.11396825396825395,0.0,796447085efaf5272904bb3fc656511dd495bad6e1c97fbf1b1956eea97bad66
200,TARGET_ONLY_COSINE_PROTOTYPE,43,355031,0.08952380952380952,0.07353752813582826,0.08952380952380953,0.0,94e4a85763ebf44612b84f24112f4a7f1bd3cc021dabfd35108d77091353d652
200,TARGET_ONLY_COSINE_PROTOTYPE,43,380041,0.09079365079365079,0.08115604863270065,0.09079365079365079,0.0,b29119889ba13d05ae966362bab7cf9ebd8c8cfa3c12b647eb05ed2a241e27af
200,TARGET_ONLY_COSINE_PROTOTYPE,43,405019,0.11746031746031746,0.09868493001437993,0.11746031746031747,0.0,a2bdcfc08bf9f28c610bb587203168896e1c9c5d0c0fd0bd938c8519de32dab4
200,TARGET_ONLY_COSINE_PROTOTYPE,43,430007,0.12,0.12298929051071729,0.12000000000000001,0.0,0cf40a4aebccc31f51c54aa266d1ea82d3a4e428a4695889f7949ff6de51b87e
200,TARGET_ONLY_COSINE_PROTOTYPE,43,455003,0.14984126984126983,0.13885312469409777,0.14984126984126986,0.0,2353482df9f2a2abb07125be6f4a08b699b0e4fb55792907b2e982df74b9f6ca
200,TARGET_ONLY_COSINE_PROTOTYPE,43,480017,0.10539682539682539,0.08850988605872279,0.10539682539682539,0.0,b0f5f965d108d67ad775f22cc826dd0ec996904846108346b5bca45864ad1e67
200,TARGET_ONLY_COSINE_PROTOTYPE,43,505027,0.13142857142857142,0.12248115995205834,0.13142857142857142,0.0,4ee2ac439db591c4bc22955075c47ed58fa07b5ad7fadd91946d52fea9379625
200,TARGET_ONLY_COSINE_PROTOTYPE,43,530017,0.12507936507936507,0.1069642121574398,0.12507936507936507,0.0,954ef9951fb787572ccbd9a2d9af36496c7c092ef85cb3684554d05a4aa20984
200,TARGET_ONLY_COSINE_PROTOTYPE,43,555029,0.13777777777777778,0.1188176422067466,0.13777777777777778,0.0,7277727ef647f4a6ac3bd32908b600d121fa8579ed905d92e82d7bbb99b3ae36
200,TARGET_ONLY_COSINE_PROTOTYPE,43,580031,0.12666666666666668,0.12629925953547586,0.12666666666666665,0.0,0002ba49a68b700f399adf6707794481196f860543473ba89336fab90f118c81
200,TARGET_ONLY_COSINE_PROTOTYPE,44,104729,0.1657142857142857,0.16153718822731264,0.16571428571428573,0.0,4b242019cc6b4ce679a76f2e0e8a2ec0272aec4e111c9623973fafccadc98232
200,TARGET_ONLY_COSINE_PROTOTYPE,44,130363,0.1326984126984127,0.13772038053539987,0.1326984126984127,0.0,7e200ffc48d96767a9508d9c6cccd463f3989d689829d756dd5426559f98f593
200,TARGET_ONLY_COSINE_PROTOTYPE,44,155921,0.1219047619047619,0.11466595118778652,0.12190476190476192,0.0,fbfc6e6e23554ddb01bbff7b7bb15e0f73cecec29ccf24438e8b07fe9ab3e5c7
200,TARGET_ONLY_COSINE_PROTOTYPE,44,181081,0.13206349206349208,0.1336224913257459,0.13206349206349205,0.0,9e44dbd773f4e12bfaece7461364d82943140e61a4791f6280f2ef26dc3869dc
200,TARGET_ONLY_COSINE_PROTOTYPE,44,205439,0.1346031746031746,0.13409121732788773,0.13460317460317459,0.0,15b93edda5976f0c38df5782f2554f63b7e9c135e6692609d6c9788936b9bbf4
200,TARGET_ONLY_COSINE_PROTOTYPE,44,230003,0.1365079365079365,0.1351389582046332,0.1365079365079365,0.0,06fc91f052bfa654d8aecf527330d5dbc5661d57f16c574bddc498dedead5fd8
200,TARGET_ONLY_COSINE_PROTOTYPE,44,254959,0.09936507936507936,0.09100800078725187,0.09936507936507936,0.0,0c01347670c8362aae32a310b3748ab721caa6e6327031b6c285fb2ed99e79f7
200,TARGET_ONLY_COSINE_PROTOTYPE,44,280001,0.15396825396825398,0.14961559656004766,0.15396825396825395,0.0,3d700f9deb6adcbb3a77c672d648e41d04c41fa84772c6066907280d18838307
200,TARGET_ONLY_COSINE_PROTOTYPE,44,305093,0.1126984126984127,0.11370525327443984,0.1126984126984127,0.0,d165126ea35b982d8d951ad64780d70a77382c21bb87e966f4919da3dff72182
200,TARGET_ONLY_COSINE_PROTOTYPE,44,330017,0.11015873015873016,0.10207724574806017,0.11015873015873015,0.0,348b71974cb1289b336c89323b07366994c4e84f84db55a68c4027c0e1c15776
200,TARGET_ONLY_COSINE_PROTOTYPE,44,355031,0.12603174603174602,0.12199415041902187,0.12603174603174602,0.0,572298715a9d04ad3edcd9db22fc36c755bd905f2f9c2a50d128462c1f4a8770
200,TARGET_ONLY_COSINE_PROTOTYPE,44,380041,0.12603174603174602,0.12351471166162546,0.12603174603174602,0.0,2f859f4800d26ebff6926cfb19d0fc00ccf405fe33a6ddf209698854592e3f64
200,TARGET_ONLY_COSINE_PROTOTYPE,44,405019,0.13873015873015873,0.132248739260761,0.13873015873015873,0.0,7af96cac7d1050037b7c28f2b46e7fb869c546969967a6fe2310c54ea43b3a74
200,TARGET_ONLY_COSINE_PROTOTYPE,44,430007,0.10920634920634921,0.11107753299893315,0.1092063492063492,0.0,6af0a136b5422592308e3dc882ec8e0d55e43080b0cb807b4fbb9e9db14b1da9
200,TARGET_ONLY_COSINE_PROTOTYPE,44,455003,0.12634920634920635,0.12148096568061685,0.12634920634920635,0.0,4ae6c396874bfb9a2818144bf7176a0cd5144958b318ede8ea7c2349c6c5e193
200,TARGET_ONLY_COSINE_PROTOTYPE,44,480017,0.1415873015873016,0.1399888417691826,0.14158730158730157,0.0,f70e3f926a7eb966dfee1ad8bf0afe69b5e4023f52d397e43a0e6ef9d02c2294
200,TARGET_ONLY_COSINE_PROTOTYPE,44,505027,0.13238095238095238,0.13586149826008503,0.13238095238095238,0.0,5669914c468fec73e78ba09bd62203e1c4c8ac80cff654209845ac96979a15df
200,TARGET_ONLY_COSINE_PROTOTYPE,44,530017,0.12603174603174602,0.12542443154430669,0.12603174603174602,0.0,2ed9a9505d54fe743414ceae5b712de663a9c6192b0c355f670a000ffc0f1ea4
200,TARGET_ONLY_COSINE_PROTOTYPE,44,555029,0.1419047619047619,0.142306321551094,0.1419047619047619,0.0,76a8bb1e40b8ba0de74bf5448292ad25e7765691e63a4e7958b0582abe4adb2d
200,TARGET_ONLY_COSINE_PROTOTYPE,44,580031,0.11047619047619048,0.10918546903174832,0.11047619047619048,0.0,a463c8cd64d06c5277c6f3d63634a777796cfc4b186243932df40875697ea328
200,TARGET_ONLY_COSINE_PROTOTYPE,45,104729,0.12761904761904763,0.11055292514317037,0.1276190476190476,0.0,8cdd4385cc591c3c7ecd2e26a42ebfa64d2327f3b39deed7e75feceb55ead697
200,TARGET_ONLY_COSINE_PROTOTYPE,45,130363,0.15746031746031747,0.14542161893956937,0.15746031746031747,0.0,d278f56151e74ac61de28f98cc2782728b842270f3d55696f358def1a31424db
200,TARGET_ONLY_COSINE_PROTOTYPE,45,155921,0.12507936507936507,0.11848028699518816,0.12507936507936507,0.0,06d70e75e6bd7ff953812ed18ca38f8d19a8eccbd1356ecad3a7b90d58f05600
200,TARGET_ONLY_COSINE_PROTOTYPE,45,181081,0.14126984126984127,0.12116912239841744,0.14126984126984127,0.0,dfc7263a74413a6258ced2397024798bd12b224ea05423271eb904f265f9d3e1
200,TARGET_ONLY_COSINE_PROTOTYPE,45,205439,0.1438095238095238,0.12554332694942294,0.1438095238095238,0.0,bd21ca3f3366b2a5819ce26cd0a49561263811c6d329969a8dabb468446a10ed
200,TARGET_ONLY_COSINE_PROTOTYPE,45,230003,0.14126984126984127,0.12961129236822327,0.14126984126984127,0.0,41ff607f6ae07e5d3bb5796e0bf1a9121f6f644707686315df143833f9b1624c
200,TARGET_ONLY_COSINE_PROTOTYPE,45,254959,0.12507936507936507,0.1140266896720514,0.12507936507936507,0.0,9b2f39e5e2c4847563fda1b539346467ceb992b850e8da91043d63b068ff9d22
200,TARGET_ONLY_COSINE_PROTOTYPE,45,280001,0.13936507936507936,0.12019513102003425,0.13936507936507936,0.0,38147d0e4e338ec91ad74075d78914a6490a18a1b600315d70aa589608f60286
200,TARGET_ONLY_COSINE_PROTOTYPE,45,305093,0.12507936507936507,0.11195458752411723,0.12507936507936507,0.0,ddf56bd2259000e599a43dd0d25e0c076c4fa68d851504a856b2dcaa9922f3bf
200,TARGET_ONLY_COSINE_PROTOTYPE,45,330017,0.12634920634920635,0.10645903338257127,0.12634920634920635,0.0,6ef7972670b1b607074289cf3d630f70584248ae3f6b38830d79f72a00a24431
200,TARGET_ONLY_COSINE_PROTOTYPE,45,355031,0.12761904761904763,0.11109024891527867,0.1276190476190476,0.0,1c2bbc0c207125825977ed7667316f87ae297cb840f71fa7cd4ed773515243e2
200,TARGET_ONLY_COSINE_PROTOTYPE,45,380041,0.10984126984126984,0.09367840986095295,0.10984126984126984,0.0,d0412b69b588b01bb8521aeebdcd0ac4319963798b2a7be8f0bd830eb523d129
200,TARGET_ONLY_COSINE_PROTOTYPE,45,405019,0.12571428571428572,0.10831509497678986,0.12571428571428572,0.0,2bf0df465d11abb7627cf7ac7c4a4f7d446dcb1b60106a2d24cf48d76781d65b
200,TARGET_ONLY_COSINE_PROTOTYPE,45,430007,0.12761904761904763,0.11256440115713758,0.1276190476190476,0.0,c92884881d35ce9943cf7ee0e3f725d1351586ae10deae288620d4e7bd76ac7d
200,TARGET_ONLY_COSINE_PROTOTYPE,45,455003,0.12761904761904763,0.11261382786852857,0.1276190476190476,0.0,2b8fedd7ca0da44b7eac3e61a19c64b91ee593a435e26ffa206a20e5396e5e75
200,TARGET_ONLY_COSINE_PROTOTYPE,45,480017,0.12571428571428572,0.10738826685998035,0.1257142857142857,0.0,cf6cac0045d5c18b431d96381001870fb8917bfdec94226e228913933bd28702
200,TARGET_ONLY_COSINE_PROTOTYPE,45,505027,0.12444444444444444,0.11411687433358761,0.12444444444444444,0.0,cf4b9665b6e5c754b6fa8cdcc6464f1e6b11b0a1d066d6b4e084345ab96dcaa1
200,TARGET_ONLY_COSINE_PROTOTYPE,45,530017,0.12761904761904763,0.1085958416453292,0.1276190476190476,0.0,0a67475579cb054af9dd02eaa7a39e0f369d51fe836c040906d4a1a3771a40dc
200,TARGET_ONLY_COSINE_PROTOTYPE,45,555029,0.10984126984126984,0.09570977430120821,0.10984126984126984,0.0,f5ade0ec3dcd75e755cc51fe49316c2bb801f4a7daaec6d22c851c298e3ce435
200,TARGET_ONLY_COSINE_PROTOTYPE,45,580031,0.1384126984126984,0.12096368749216779,0.1384126984126984,0.0,db0a15fa0a184d1facb413549f0c7a86464261f90c48e870adc7c7dccd9765e5
200,TARGET_ONLY_COSINE_PROTOTYPE,46,104729,0.11142857142857143,0.06902180323011158,0.11142857142857143,0.0,3278bf938d6458c9ec0b892d5d8a079d115c6a9f901ba616e47819a9cdfeed4d
200,TARGET_ONLY_COSINE_PROTOTYPE,46,130363,0.12634920634920635,0.09053470297030057,0.12634920634920635,0.0,1193332676dfecf962cdb99ce2f4041ff954761260540f2d7880cf6064852db1
200,TARGET_ONLY_COSINE_PROTOTYPE,46,155921,0.11047619047619048,0.0784159601536006,0.11047619047619049,0.0,dd7b4d483d4bcc6af05dcbc246cc11d93170efb1de7e72c2c6e361a94ad54058
200,TARGET_ONLY_COSINE_PROTOTYPE,46,181081,0.11238095238095239,0.07571794864114444,0.11238095238095237,0.0,3436120cda0f0c15271bd89ec8bcec32f8edcb4519d4d0e53cfe514df4e71777
200,TARGET_ONLY_COSINE_PROTOTYPE,46,205439,0.09587301587301587,0.061083726831734415,0.09587301587301587,0.0,3e331a7829785205978da9be496e634fa952eca6afc0e241a3eb94c2a33453ec
200,TARGET_ONLY_COSINE_PROTOTYPE,46,230003,0.14222222222222222,0.11161547029894346,0.14222222222222222,0.0,312c3f640752b94af90998ba0efa88570eb2fcfe3740fb9fb8f192b1a73cf9dd
200,TARGET_ONLY_COSINE_PROTOTYPE,46,254959,0.09555555555555556,0.061060988118907665,0.09555555555555555,0.0,c5ac60f2fdc7942966f63726551e412afcca09a5a398c420e6c700e4bb0e5397
200,TARGET_ONLY_COSINE_PROTOTYPE,46,280001,0.12666666666666668,0.09809269638112773,0.12666666666666668,0.0,c623a473f2701eda58d039fa555c3a2966e7a77784c54b0e2572e7cb000a11a9
200,TARGET_ONLY_COSINE_PROTOTYPE,46,305093,0.09746031746031746,0.06094568237141771,0.09746031746031746,0.0,96924ad1956086042bef1bf457152390593ebea1a78b591cca7395196baa3fec
200,TARGET_ONLY_COSINE_PROTOTYPE,46,330017,0.14222222222222222,0.12008540605262714,0.14222222222222222,0.0,3081a49acee7b5ac5bf539c0b4771ef8ed406b17ef5b7966402ae4ab42611414
200,TARGET_ONLY_COSINE_PROTOTYPE,46,355031,0.09619047619047619,0.07235255251600237,0.09619047619047619,0.0,d4c7cf17c462dbff63574fa152145e87d9bcef65dfccec34eb4d764133edf9cd
200,TARGET_ONLY_COSINE_PROTOTYPE,46,380041,0.12666666666666668,0.08863514054402064,0.12666666666666668,0.0,c35784b6d5853113f0758b8313227b32f2a4f22749916af7fa5430dece5ec477
200,TARGET_ONLY_COSINE_PROTOTYPE,46,405019,0.09555555555555556,0.06102386874233464,0.09555555555555555,0.0,45640eadca7b40c4ff4c80f8cd5b9cd64f72f36e40d2c370cb1cb6f888d8d3bd
200,TARGET_ONLY_COSINE_PROTOTYPE,46,430007,0.10793650793650794,0.07065711180497485,0.10793650793650793,0.0,925401af93b939b57cfc8c779210d8926151f510c378698478e2c55840bea73e
200,TARGET_ONLY_COSINE_PROTOTYPE,46,455003,0.12634920634920635,0.10372905526146647,0.12634920634920635,0.0,9dfef4fa1353ccbc83fb25f30437bde99262c3b31b919d29fa35c0af13d8389f
200,TARGET_ONLY_COSINE_PROTOTYPE,46,480017,0.11142857142857143,0.07175009721198201,0.11142857142857143,0.0,f9540d4fad3e7929cdd74e5006e08689ab3696a8a0e656c4e20dbc3c97c06707
200,TARGET_ONLY_COSINE_PROTOTYPE,46,505027,0.14222222222222222,0.108702803320412,0.14222222222222222,0.0,ce56da6e92d816b5df2192148cb7afab852cfb8ee41e57d6ee41f93fba35562f
200,TARGET_ONLY_COSINE_PROTOTYPE,46,530017,0.11047619047619048,0.07819459903273465,0.11047619047619049,0.0,6cb50c49ddfe240c8d501729804faa56f7d0158155975cd43ee26f5fa133262e
200,TARGET_ONLY_COSINE_PROTOTYPE,46,555029,0.11047619047619048,0.07793097706667872,0.11047619047619049,0.0,c12c8b9c5fbb77ef44f7181e5c174203eabe5948f083269c5eeddb5eefd75d97
200,TARGET_ONLY_COSINE_PROTOTYPE,46,580031,0.14317460317460318,0.10018711022916452,0.1431746031746032,0.0,d4c3a616c8d623c9b6f40580617d8aa5a8589ff9cb83b560e9333de00e72a696
500,TARGET_ONLY_COSINE_PROTOTYPE,42,104729,0.11238095238095239,0.10184452577548739,0.11238095238095237,0.0,aabc252671bf3d7b9cee2bcbfe502897f1386d5dbca43517e19ac173dd14d7f7
500,TARGET_ONLY_COSINE_PROTOTYPE,42,130363,0.11238095238095239,0.10099498066353986,0.11238095238095237,0.0,17d2d95ff8422fc03ab0af929d9b35d234fdeccc858a42155bb35cc2174a4159
500,TARGET_ONLY_COSINE_PROTOTYPE,42,155921,0.11238095238095239,0.10106850804898479,0.11238095238095237,0.0,6cd0e75f7a07a6a40938ccd1907314f277aaa6c8b99d1b65a11bf3d778407956
500,TARGET_ONLY_COSINE_PROTOTYPE,42,181081,0.11238095238095239,0.1018961496774391,0.11238095238095237,0.0,f43a4768a682ff5200892a2c53271be67091d90edead7f38ec53934a0c57754e
500,TARGET_ONLY_COSINE_PROTOTYPE,42,205439,0.11238095238095239,0.10064545074898969,0.11238095238095237,0.0,f79c0825ea9f1c0d1ff57b84c47af1ac13d5666e197110fddbebe290c546640c
500,TARGET_ONLY_COSINE_PROTOTYPE,42,230003,0.11238095238095239,0.10192650774657024,0.11238095238095237,0.0,2685a98537db5c8237b6ecc2128f4cc0e084722963c76f5e18872096a928637f
500,TARGET_ONLY_COSINE_PROTOTYPE,42,254959,0.11238095238095239,0.10097488326347206,0.11238095238095237,0.0,bdd3185791150679769c9cdf8eb79cd12befe0bb25f57bfeb1b133f4e4dc8fe1
500,TARGET_ONLY_COSINE_PROTOTYPE,42,280001,0.11238095238095239,0.10105501905147696,0.11238095238095237,0.0,843351d8dc84b744913f2316f89b5f701201a2044806c93012fac1bd2b50e1b6
500,TARGET_ONLY_COSINE_PROTOTYPE,42,305093,0.11238095238095239,0.1009871259872678,0.11238095238095237,0.0,0e59bc853eddc25c3a85f95af2b67c8b64bd0a1da7fa618c0d47c442c95ebb70
500,TARGET_ONLY_COSINE_PROTOTYPE,42,330017,0.11238095238095239,0.10113671831068537,0.11238095238095237,0.0,51b51e8c98ce452dbfd80198d9050c082c49b3b63afa5381ede7638ce1f70b51
500,TARGET_ONLY_COSINE_PROTOTYPE,42,355031,0.11238095238095239,0.1009089886537368,0.11238095238095237,0.0,59035371cb61ac51bf1dafd7f17d8204393e7935e18afde9f91e1aa5c70fd9f9
500,TARGET_ONLY_COSINE_PROTOTYPE,42,380041,0.1111111111111111,0.09990138168217569,0.11111111111111109,0.0,b5513b152478062e6f1a4bcc19a185d18082c80401ff48c33f1d1aae865b65ea
500,TARGET_ONLY_COSINE_PROTOTYPE,42,405019,0.11142857142857143,0.10004259911198554,0.11142857142857143,0.0,786abf5e01aa23d81461d51fdb8f13aa0485f0c8e4759c3d734d64b1bba9e289
500,TARGET_ONLY_COSINE_PROTOTYPE,42,430007,0.11238095238095239,0.10080039654417004,0.11238095238095237,0.0,bb2a41bf72b0d3da69c6b55a0263efbfd40323c567d6c188d8404a76ac2d1877
500,TARGET_ONLY_COSINE_PROTOTYPE,42,455003,0.11238095238095239,0.10198273989276053,0.11238095238095237,0.0,86069ebda5b5d36134ca436beea5b8de46be343eb0a2d6275dbffc3a97c6be70
500,TARGET_ONLY_COSINE_PROTOTYPE,42,480017,0.11238095238095239,0.10018461033710867,0.11238095238095237,0.0,18961929728be8d26de3b28bee1ea69f760f50e517e248118d9fd31bd9872241
500,TARGET_ONLY_COSINE_PROTOTYPE,42,505027,0.11238095238095239,0.10208438142507258,0.11238095238095237,0.0,8efcef4635f0a73a2b7db281d9ffaea62a646419ab5ee92bf267c4b3ff84277e
500,TARGET_ONLY_COSINE_PROTOTYPE,42,530017,0.11238095238095239,0.10194715987616838,0.11238095238095237,0.0,2f4d4970f9a0cc6c073db100d79f5fac46da0152170f437d70c8cc471ccd0e79
500,TARGET_ONLY_COSINE_PROTOTYPE,42,555029,0.11238095238095239,0.10094207064630845,0.11238095238095237,0.0,386dd96e23d9672a667a0b9faa119f057d73f461c91501f7e350aa19f861a34d
500,TARGET_ONLY_COSINE_PROTOTYPE,42,580031,0.11238095238095239,0.10216334792271783,0.11238095238095237,0.0,b165157a3586f8a917c7a75d38f4ff0fd9d50bd0299f19dd91c43432ced8bd4e
500,TARGET_ONLY_COSINE_PROTOTYPE,43,104729,0.11936507936507937,0.10863284735870958,0.11936507936507935,0.0,e76b38a8f01157c2c855ad41f68508ecb19c1e0d0a045e3057cb143358513d93
500,TARGET_ONLY_COSINE_PROTOTYPE,43,130363,0.11936507936507937,0.10501875797011141,0.11936507936507935,0.0,45069f6588f40b1c9373af077fce6982e9924961bfaf1bf3e49fc900074a90f4
500,TARGET_ONLY_COSINE_PROTOTYPE,43,155921,0.12666666666666668,0.11499612076558509,0.12666666666666668,0.0,8cef4317e128ccac03a97a7d7cf0586c49fa15ca3c1aa6840bbcbf99bfa8a7e6
500,TARGET_ONLY_COSINE_PROTOTYPE,43,181081,0.1219047619047619,0.11065184201354351,0.12190476190476192,0.0,437d9262a92477e45c8292167794bc349990cfc0758f41717213c9bc793a5215
500,TARGET_ONLY_COSINE_PROTOTYPE,43,205439,0.10476190476190476,0.0948413404382413,0.10476190476190475,0.0,d258935bb2c01d0914697d4c1369bf4d5bad09887a052584a9cdd3bea9f1b73f
500,TARGET_ONLY_COSINE_PROTOTYPE,43,230003,0.13111111111111112,0.11873672047490198,0.13111111111111112,0.0,1e8c29062d1d3b40e79d6f0e5546c0db832b476159839c131c7db216a83058c5
500,TARGET_ONLY_COSINE_PROTOTYPE,43,254959,0.11936507936507937,0.10659619913277678,0.11936507936507935,0.0,a1bb475a675042237a9f3e4073c420183c4e7bb8598310a9edf67c7e0bf0f6c0
500,TARGET_ONLY_COSINE_PROTOTYPE,43,280001,0.13777777777777778,0.12151872644124793,0.13777777777777778,0.0,74b2b40c185bd7ed88b460c72b8c325593bb517527390aa612ce5bb711dca1c6
500,TARGET_ONLY_COSINE_PROTOTYPE,43,305093,0.12476190476190477,0.11480628960836348,0.12476190476190475,0.0,c8f17d164110be71aabe9ddaa0a577ac50ea39101fd869193404521ef93745f5
500,TARGET_ONLY_COSINE_PROTOTYPE,43,330017,0.13682539682539682,0.12132812761635971,0.13682539682539682,0.0,e4ffc23d9e238f888234bf0099be51ccb508ad4d59af95189885eccf59314365
500,TARGET_ONLY_COSINE_PROTOTYPE,43,355031,0.10444444444444445,0.09576506214172012,0.10444444444444444,0.0,a3cf61be693cde3b3a495ffb43626170239c6ea3086102a66635c488dfdcea8f
500,TARGET_ONLY_COSINE_PROTOTYPE,43,380041,0.11015873015873016,0.09499038289931601,0.11015873015873015,0.0,f635690758392d05b1c6454b6554bd5223dedd5a76957d8a9af0ba568042cbe4
500,TARGET_ONLY_COSINE_PROTOTYPE,43,405019,0.133015873015873,0.12067503282707241,0.133015873015873,0.0,80ec8e54021ce3d6ab8881bc4cefe92615687df4d882b2dcdce3d16caca03a38
500,TARGET_ONLY_COSINE_PROTOTYPE,43,430007,0.08888888888888889,0.08560275126571947,0.08888888888888889,0.0,58145328edd555b4328d502192ee2a8f54b86d74e3ecf9dd1067b0d782de646f
500,TARGET_ONLY_COSINE_PROTOTYPE,43,455003,0.11904761904761904,0.10569769371918049,0.11904761904761905,0.0,9f28aca9209b524ccac86f87eeb38ab457d5254ada909521101f4e1814217619
500,TARGET_ONLY_COSINE_PROTOTYPE,43,480017,0.10539682539682539,0.08809541753437906,0.10539682539682539,0.0,bb978dcb3f427efdb5ddf5e4b845d5749254888cff55b5ad642e41d14999b40e
500,TARGET_ONLY_COSINE_PROTOTYPE,43,505027,0.12380952380952381,0.11194448340754641,0.12380952380952381,0.0,c4c6841a50b6dd639ce11ac25b0fdb57458aaf873d6312c5b2057cf51d4de88f
500,TARGET_ONLY_COSINE_PROTOTYPE,43,530017,0.10634920634920635,0.09722870079869739,0.10634920634920635,0.0,a8f55e5b2734a345927e00d9585744f1ead10ba018e04165ed6e1f52913f0098
500,TARGET_ONLY_COSINE_PROTOTYPE,43,555029,0.1219047619047619,0.10991485719307852,0.12190476190476192,0.0,e63175118659995c9e144ce885d2bbf09c838e73cfd8d4f4221fcfd2437ea94d
500,TARGET_ONLY_COSINE_PROTOTYPE,43,580031,0.11015873015873016,0.09721347486705098,0.11015873015873015,0.0,4cb727edaec6136462b194ee807e3c331afa81903865f59a9fb5c3bf3a84702f
500,TARGET_ONLY_COSINE_PROTOTYPE,44,104729,0.1346031746031746,0.133223357980277,0.1346031746031746,0.0,9d1aa9da2419ce1628716266caed811f36bde26e12ace13f5011b455be8508bf
500,TARGET_ONLY_COSINE_PROTOTYPE,44,130363,0.1273015873015873,0.12456882136952843,0.1273015873015873,0.0,68e8c9bda4bd85d2d68c134fcab60679a5ce4190995fccc97c4aa5ff1f13f41e
500,TARGET_ONLY_COSINE_PROTOTYPE,44,155921,0.11777777777777777,0.11978029418482732,0.11777777777777777,0.0,398b0c8a8b219bc5ac841b8fc1fe793ff2d0100bef3a4109c026860e35dbc62d
500,TARGET_ONLY_COSINE_PROTOTYPE,44,181081,0.1349206349206349,0.13872930723042112,0.1349206349206349,0.0,66555d50cfed5fa7722ab278d3d1da13b0d22d3361024829fc576b7a6d118023
500,TARGET_ONLY_COSINE_PROTOTYPE,44,205439,0.11079365079365079,0.11062227750136919,0.11079365079365079,0.0,a66bd59e1d4a8073b68bfc181a7b691e9d63ad1b4b40b566048ab211f5b542f9
500,TARGET_ONLY_COSINE_PROTOTYPE,44,230003,0.1288888888888889,0.13344761275021874,0.1288888888888889,0.0,2900205202e9671ed7775a0b0e48f3e2ebe954c601117e419442e78686467ca0
500,TARGET_ONLY_COSINE_PROTOTYPE,44,254959,0.10634920634920635,0.10570331737172198,0.10634920634920635,0.0,695916943e48d62fcaf226998415bffada3d1f0d5873e0409feed0f1ca1c2965
500,TARGET_ONLY_COSINE_PROTOTYPE,44,280001,0.1326984126984127,0.13087853848946326,0.1326984126984127,0.0,1c898e26d63439771c93df01886f0730633a07606c620052dea9bef67c773e16
500,TARGET_ONLY_COSINE_PROTOTYPE,44,305093,0.14888888888888888,0.1555868402698287,0.14888888888888888,0.0,574f06c39c66c62118766cd8d324d4f03268d1f96b014679b97a213bd55dbf06
500,TARGET_ONLY_COSINE_PROTOTYPE,44,330017,0.11333333333333333,0.11372824162179082,0.11333333333333333,0.0,499f559c81138abc09c67f67e72ad48bbcb0d70e41d58c46b72ddcef25423d9c
500,TARGET_ONLY_COSINE_PROTOTYPE,44,355031,0.11904761904761904,0.12315693132899157,0.11904761904761905,0.0,7261e1e07c8c7c7c1d422190ba3e67102b81f1ca70b6dead868c51dd2e9b7ce0
500,TARGET_ONLY_COSINE_PROTOTYPE,44,380041,0.12984126984126984,0.13089710243005445,0.12984126984126984,0.0,2de74474569300e048fc0fe5454213f80f1e8242c33129232fe0fb710a585cf4
500,TARGET_ONLY_COSINE_PROTOTYPE,44,405019,0.11714285714285715,0.11887691942702863,0.11714285714285713,0.0,470231f06acf1560343cb452a2bad8f0a4c94b805e9cc4162b42754abbe75827
500,TARGET_ONLY_COSINE_PROTOTYPE,44,430007,0.10984126984126984,0.1091309013159635,0.10984126984126984,0.0,eaa918db90c0ee1fc4b23219350879ea1894c9297fa4338c773e3031740048cd
500,TARGET_ONLY_COSINE_PROTOTYPE,44,455003,0.13523809523809524,0.1368474117805678,0.13523809523809524,0.0,6733056a7b279cc5dfc3770804ebadfa18db7d0b6256fe92537908e8e64a0e9d
500,TARGET_ONLY_COSINE_PROTOTYPE,44,480017,0.11047619047619048,0.11005197415364178,0.11047619047619048,0.0,c0beb3919f37391331002cedda33622a32b85079193a56f07b5e25272aa05bb2
500,TARGET_ONLY_COSINE_PROTOTYPE,44,505027,0.11047619047619048,0.11179494254959008,0.11047619047619048,0.0,49f84073cc96a5006173fdd6366982e3f73bb6e95feb4777e6cc8c8f8172f7fd
500,TARGET_ONLY_COSINE_PROTOTYPE,44,530017,0.12825396825396826,0.1329242049621978,0.12825396825396826,0.0,891c5184ff04bb79ed4bdc46fd00c5a08211895e24704c660c84c928a4803045
500,TARGET_ONLY_COSINE_PROTOTYPE,44,555029,0.11047619047619048,0.10799828330711457,0.11047619047619048,0.0,93b8eaa04051208eb543d0fa8c0c497d353eb56c23ac97f4333ecdd1d73eb9e8
500,TARGET_ONLY_COSINE_PROTOTYPE,44,580031,0.11047619047619048,0.1109521719735408,0.11047619047619048,0.0,d98261370521f82150c47e8f3ff11d8424ecef98ec6584cab788975ffa091a06
500,TARGET_ONLY_COSINE_PROTOTYPE,45,104729,0.11682539682539683,0.10320124100835104,0.11682539682539683,0.0,d595b86997999f1bde9ade02ab60888b98f86cf5a003d07f839daa35b27c0343
500,TARGET_ONLY_COSINE_PROTOTYPE,45,130363,0.1403174603174603,0.12858834285412185,0.1403174603174603,0.0,6d735f89b88468fdf46d967afb85c5f51fa3f761cd12f92adecffa420bd552f8
500,TARGET_ONLY_COSINE_PROTOTYPE,45,155921,0.1253968253968254,0.11446596503322445,0.1253968253968254,0.0,8f70042282636a011db712ff3b346b1b125e0283736f8a56fd0212edbe887977
500,TARGET_ONLY_COSINE_PROTOTYPE,45,181081,0.11174603174603175,0.09778796771202514,0.11174603174603175,0.0,48db6b1155d593eaa543e15aed3c1ed46450bf17dc7a26634c32f5159db17fad
500,TARGET_ONLY_COSINE_PROTOTYPE,45,205439,0.11142857142857143,0.09762409092273361,0.11142857142857142,0.0,5040f949a99740e11f43ac66b9cf663aa1cc885f66fa55adbe1376daa1c2ef05
500,TARGET_ONLY_COSINE_PROTOTYPE,45,230003,0.11587301587301588,0.10070367655001886,0.11587301587301588,0.0,7e33fb6f26a2792093259fefafd9af6240554b8f26f04a24bb2933946ff5b171
500,TARGET_ONLY_COSINE_PROTOTYPE,45,254959,0.13968253968253969,0.12882308967973696,0.13968253968253969,0.0,428501f93a47968df35592e5a006b079783d9f3966144057a8682c5863a341cc
500,TARGET_ONLY_COSINE_PROTOTYPE,45,280001,0.13777777777777778,0.11879380202771903,0.13777777777777778,0.0,3defb1c73ee9d84fcb795c55aea73ad4ea4b2e0a258bfb7b3ada90c995a7a12c
500,TARGET_ONLY_COSINE_PROTOTYPE,45,305093,0.12698412698412698,0.11381031294819224,0.12698412698412698,0.0,aeab04c556ffc4dd310f714bc656adf73624f6b2b5d45d7adddb33afbfa18f58
500,TARGET_ONLY_COSINE_PROTOTYPE,45,330017,0.11365079365079366,0.09702861614647326,0.11365079365079366,0.0,a7b63fa5d4ed29ccbab1321a4a0d8c431db2aea004d39f795c00f99e4e0f6f5d
500,TARGET_ONLY_COSINE_PROTOTYPE,45,355031,0.10984126984126984,0.0935936638820135,0.10984126984126984,0.0,1d565bbfbb0c57f00d2cf4f6e8482c22ff50083e951f65b8e096728c00e4b6f0
500,TARGET_ONLY_COSINE_PROTOTYPE,45,380041,0.13333333333333333,0.11738978634623985,0.13333333333333333,0.0,a6b25155000204636058b6c7c458832a07b249ceb5fb9dc6a8b7880016c945d4
500,TARGET_ONLY_COSINE_PROTOTYPE,45,405019,0.11174603174603175,0.09733321823189278,0.11174603174603175,0.0,d45fe0c824c2ee3f2ef78a6805cb4ed1c7642282f0c30c6d11cde9f007d5e770
500,TARGET_ONLY_COSINE_PROTOTYPE,45,430007,0.11174603174603175,0.09818848581138997,0.11174603174603175,0.0,94c7624418740babc61859dc2d6b97fc4e8c39e66d4db9364c22be343fb58823
500,TARGET_ONLY_COSINE_PROTOTYPE,45,455003,0.12666666666666668,0.11162800556522588,0.12666666666666668,0.0,ad7c41d1c46c980d7dffb2f1ef5a0a5d99c3c9f77eb8a38ce057616f8728f55f
500,TARGET_ONLY_COSINE_PROTOTYPE,45,480017,0.10984126984126984,0.09349789493135008,0.10984126984126984,0.0,0a794be04382ca5c5948c2ea1e7227c9073bff392254df1e8a7b5d4c6e273dd4
500,TARGET_ONLY_COSINE_PROTOTYPE,45,505027,0.11142857142857143,0.09647439070601496,0.11142857142857142,0.0,174f58aa544d73f3fef481171be4098d22ffbb83f2bedce103285ac865150e9e
500,TARGET_ONLY_COSINE_PROTOTYPE,45,530017,0.10952380952380952,0.09405373954559335,0.10952380952380954,0.0,cc714468e7499c343889c3d0fce4000fdc7b383614ee442e06d882e62be826aa
500,TARGET_ONLY_COSINE_PROTOTYPE,45,555029,0.11333333333333333,0.09976492151616424,0.11333333333333333,0.0,7003a884f8c1dd9a258da25a33183654c301fe8965dde48aa3e3b41532e40a65
500,TARGET_ONLY_COSINE_PROTOTYPE,45,580031,0.12761904761904763,0.10834159959957325,0.1276190476190476,0.0,7e00c04d8cbf064437dd522259c380adc2faa05a776cd1b37e6f534e8d33e3f2
500,TARGET_ONLY_COSINE_PROTOTYPE,46,104729,0.11428571428571428,0.07225890232757723,0.1142857142857143,0.0,dfd87198d34106e5abdff5ef06bcb2a4a3e3e676913e39eb23019b8efe09b352
500,TARGET_ONLY_COSINE_PROTOTYPE,46,130363,0.13238095238095238,0.0986693033717327,0.13238095238095238,0.0,b67b78f783cc44f9824f13175c1ed6f4eabe8629f1015cd27806fcd165f5cded
500,TARGET_ONLY_COSINE_PROTOTYPE,46,155921,0.11047619047619048,0.06697844482515398,0.11047619047619049,0.0,9e2e511fcd548e4101f7274e64fd04e0ca54674d3dafb9181580f3e3d5e13285
500,TARGET_ONLY_COSINE_PROTOTYPE,46,181081,0.1253968253968254,0.09808415753116141,0.12539682539682542,0.0,852d11acc9e6cbd40b925f4dd209c8b890ec6d7a250e20526495318cd7625df0
500,TARGET_ONLY_COSINE_PROTOTYPE,46,205439,0.11047619047619048,0.06719558936033604,0.11047619047619048,0.0,884140de15a4f0c6353eb8a451ffd046467966ae5301954a4767acad7485abb4
500,TARGET_ONLY_COSINE_PROTOTYPE,46,230003,0.1273015873015873,0.0781513759281944,0.1273015873015873,0.0,2eec4ebf75c6f4d5eb0a0b120f53671cab0516d9d88119c73f7ff1e4c7023d63
500,TARGET_ONLY_COSINE_PROTOTYPE,46,254959,0.11142857142857143,0.06763896049831344,0.11142857142857143,0.0,703bbac348fe6858389176520500f2ab14bf8597e5c2da3cee25cc6c9a6e0c45
500,TARGET_ONLY_COSINE_PROTOTYPE,46,280001,0.11142857142857143,0.08038546612360177,0.11142857142857143,0.0,1f755e3c1f40f5a81caf1cfc325a7e49dd1cd6ac4d4901556ab6e384bd316ebb
500,TARGET_ONLY_COSINE_PROTOTYPE,46,305093,0.11047619047619048,0.07864432744411667,0.11047619047619049,0.0,d1b83b4a276f21545be70bfea3c7e93ee1c5cbde72315b1a937342da56d78a5e
500,TARGET_ONLY_COSINE_PROTOTYPE,46,330017,0.11047619047619048,0.07924315743613576,0.11047619047619049,0.0,46adf6aad9a943ad672224e412c5d109ef174c3308c54511f431aa8cc138c77d
500,TARGET_ONLY_COSINE_PROTOTYPE,46,355031,0.11142857142857143,0.06763896049831344,0.11142857142857143,0.0,1173ca7500d06bb10b129e2866b33d70b847834f950fa872bd246d17ce488836
500,TARGET_ONLY_COSINE_PROTOTYPE,46,380041,0.11238095238095239,0.06886234599940773,0.11238095238095239,0.0,cbc2a725b88a490c1f5964aaa144be247f26a908178c000be7fde29e4c9cce6e
500,TARGET_ONLY_COSINE_PROTOTYPE,46,405019,0.11238095238095239,0.06899546948675842,0.11238095238095239,0.0,e6bb8e2be5f77c128b1d255bccaf861c1b090d716ee3711f16a308083e9123ce
500,TARGET_ONLY_COSINE_PROTOTYPE,46,430007,0.11142857142857143,0.06796296215882194,0.11142857142857143,0.0,0ad16be35f6d79695c40189db7d1786249713af46dd99f260540f1aa84caf5e6
500,TARGET_ONLY_COSINE_PROTOTYPE,46,455003,0.1273015873015873,0.08762270244465785,0.1273015873015873,0.0,64429520f09274e8b6ffe5f4272d282b9e0249d6f372b384358a5fb7fd794604
500,TARGET_ONLY_COSINE_PROTOTYPE,46,480017,0.11142857142857143,0.06845802622492522,0.11142857142857143,0.0,d63ce82074e11e208da1467308fd5360e01a2ffadcc9a1d3473fa9c74fc32abd
500,TARGET_ONLY_COSINE_PROTOTYPE,46,505027,0.11841269841269841,0.08452440586806911,0.11841269841269841,0.0,4a95940fb311fa9fada878a1baa0590f2e548063ca2541ded927b9d37fdb52d4
500,TARGET_ONLY_COSINE_PROTOTYPE,46,530017,0.11047619047619048,0.07899511521751378,0.11047619047619049,0.0,93e51525ee2020e57fe8118527dc1d0fc65f0244cbc8729ce83a2cdc5a33f71a
500,TARGET_ONLY_COSINE_PROTOTYPE,46,555029,0.09746031746031746,0.05761762732742318,0.09746031746031747,0.0,b753872aba8bff88cc6fb433210ec7b0579fcc66b01914686e5a06a3d510d724
500,TARGET_ONLY_COSINE_PROTOTYPE,46,580031,0.1273015873015873,0.07905638499584242,0.1273015873015873,0.0,214b53dbae352ba506ab95d52165d2bd793f08a7262571b0a6448c7ac9f3ca54
7,FROZEN_C1_SOURCE_ANCHORED_LINEAR_SOFTMAX,42,104729,0.16507936507936508,0.17228199917628015,0.16507936507936508,0.017654476670870115,4459e5362656a3a0576ce9c51688fa3096aabf77f33c8e3e6ac6a13c78ff99a5
7,FROZEN_C1_SOURCE_ANCHORED_LINEAR_SOFTMAX,42,130363,0.17904761904761904,0.1694525468820982,0.17904761904761904,0.013769363166953529,75facd6cf4b1154b2acdda093b829ddf9e591c58d9aa551749f0edbd9556c400
7,FROZEN_C1_SOURCE_ANCHORED_LINEAR_SOFTMAX,42,155921,0.19873015873015873,0.19083224224216339,0.19873015873015873,0.030706243602865915,b68617400fb4f3ff235ab3edebbd9e3f8cdb3acbd8929c735f4c407744f7df06
7,FROZEN_C1_SOURCE_ANCHORED_LINEAR_SOFTMAX,42,181081,0.09428571428571429,0.09662362988186295,0.09428571428571428,0.0,5eafbb7cf76b6c846025cd11275d63e09ff5d269f34e3f49981d522c6faebfe4
7,FROZEN_C1_SOURCE_ANCHORED_LINEAR_SOFTMAX,42,205439,0.16063492063492063,0.157604002725751,0.16063492063492066,0.0,89e56911cc49415a322451f162383eb39510880d18aa0f088f75d412e31de36e
7,FROZEN_C1_SOURCE_ANCHORED_LINEAR_SOFTMAX,42,230003,0.11047619047619048,0.09571798314089516,0.11047619047619048,0.0,308a96ed72040754fc98313c081e39d7ba9fef4adcaa196974b2d4a94cc9a76f
7,FROZEN_C1_SOURCE_ANCHORED_LINEAR_SOFTMAX,42,254959,0.15047619047619049,0.1315465215762072,0.15047619047619049,0.0,6a5ab746f34dbfd82131236e4bae40b0ad122fc4f5b5e6be52df718eaccadb60
7,FROZEN_C1_SOURCE_ANCHORED_LINEAR_SOFTMAX,42,280001,0.09714285714285714,0.0978791435936266,0.09714285714285713,0.0,b60f40a13ce3777d914cf48f289f2e4847d9af12fa52b022bc812b433af84565
7,FROZEN_C1_SOURCE_ANCHORED_LINEAR_SOFTMAX,42,305093,0.19206349206349208,0.1983093670460613,0.19206349206349208,0.12079207920792079,d37333442555416428af9ea119211b9d607300d42ed42978488a80cbfaf0c344
7,FROZEN_C1_SOURCE_ANCHORED_LINEAR_SOFTMAX,42,330017,0.17904761904761904,0.18941301201012864,0.17904761904761907,0.05247376311844078,890d8d2b37cf4d09e328ce34967888619bf96078d595007d94aefbbeceec7048
7,FROZEN_C1_SOURCE_ANCHORED_LINEAR_SOFTMAX,42,355031,0.17777777777777778,0.1791278657228334,0.17777777777777778,0.026402640264026403,2f95ae2b9ddbd8c3893bb4fcb8547615da3996b4f39dd4a8303656473e9b19d6
7,FROZEN_C1_SOURCE_ANCHORED_LINEAR_SOFTMAX,42,380041,0.1292063492063492,0.12217867202452042,0.12920634920634919,0.00641025641025641,1d434b4f28f0a64903f004b2ff9e59898196d22434e11bcfd8d2cefcd132247b
7,FROZEN_C1_SOURCE_ANCHORED_LINEAR_SOFTMAX,42,405019,0.12507936507936507,0.11378868786091008,0.12507936507936507,0.0,364d4faad3cf9db2900cfa5bf1f1ff96e0757aa0407b302d0a4d097c10263603
7,FROZEN_C1_SOURCE_ANCHORED_LINEAR_SOFTMAX,42,430007,0.20539682539682538,0.2029691631028548,0.2053968253968254,0.0,c98ae88981deaedb863dbb9c7200173ee6ea6145abbc0d48957d90c333b8ce01
7,FROZEN_C1_SOURCE_ANCHORED_LINEAR_SOFTMAX,42,455003,0.14793650793650795,0.15045273172327983,0.14793650793650795,0.0,3684980443f4a10662893b3ee563db1779b8985be1cc59d3e7020aa430ca685d
7,FROZEN_C1_SOURCE_ANCHORED_LINEAR_SOFTMAX,42,480017,0.10952380952380952,0.10473492121773025,0.10952380952380955,0.004338394793926247,1ceda8fd0723c5f38029124198cd15adafef991abf2a44be558c4f527502054d
7,FROZEN_C1_SOURCE_ANCHORED_LINEAR_SOFTMAX,42,505027,0.12698412698412698,0.1298671021047685,0.12698412698412698,0.0,e8ac32bec1a75e1d2b85d1ac807520e6ae4d06b435504da92a1e42cc0448e2cc
7,FROZEN_C1_SOURCE_ANCHORED_LINEAR_SOFTMAX,42,530017,0.20603174603174604,0.20277092592400955,0.206031746031746,0.027586206896551724,c63b6d265e38d39458fba0d3f06d9f5bb90f61fdbd77612c996d15b88de44837
7,FROZEN_C1_SOURCE_ANCHORED_LINEAR_SOFTMAX,42,555029,0.0838095238095238,0.07691627118843491,0.0838095238095238,0.0,b11eea1a0b355894277a431af41c77767ec5aed93a1282e8a65dec5ba863946e
7,FROZEN_C1_SOURCE_ANCHORED_LINEAR_SOFTMAX,42,580031,0.173015873015873,0.17957973279067696,0.17301587301587304,0.017587939698492462,7fe5e4064fd3613e4b455b698a832b84686109a0b7b5710211b635b7050173ff
7,FROZEN_C1_SOURCE_ANCHORED_LINEAR_SOFTMAX,43,104729,0.12253968253968255,0.12125127019779283,0.12253968253968255,0.009868421052631578,6d8efcb9579bfffed4a993f9d5004db81e403db8e75361dc993c2ad65d9cd2ce
7,FROZEN_C1_SOURCE_ANCHORED_LINEAR_SOFTMAX,43,130363,0.1673015873015873,0.15221514522305862,0.16730158730158728,0.0,5fbf8b7563effe5ef3525ea75d6752f0feffd4443c861d195b2a7539dba59d3b
7,FROZEN_C1_SOURCE_ANCHORED_LINEAR_SOFTMAX,43,155921,0.15047619047619049,0.13298167614170742,0.15047619047619046,0.0,6a40d828ba78e08783c57b76072b996c27db8cd24342435f41f184690bd57c80
7,FROZEN_C1_SOURCE_ANCHORED_LINEAR_SOFTMAX,43,181081,0.11841269841269841,0.1017417813404787,0.1184126984126984,0.0,9fb880428c8b2b7f49b6c69c52d951d027deb700b155acacdae33779d39737db
7,FROZEN_C1_SOURCE_ANCHORED_LINEAR_SOFTMAX,43,205439,0.1403174603174603,0.1353161386143508,0.1403174603174603,0.0891304347826087,8d728ea1fece381dc314d13a04771762137253ead6073288384087bcf283f990
7,FROZEN_C1_SOURCE_ANCHORED_LINEAR_SOFTMAX,43,230003,0.16317460317460317,0.13885561071578265,0.16317460317460317,0.0,f30dbcfb9152d7bfb7dddc3b54ff70b604fcf8620f79b7772c57b63014980154
7,FROZEN_C1_SOURCE_ANCHORED_LINEAR_SOFTMAX,43,254959,0.13047619047619047,0.11160690065122049,0.13047619047619047,0.0,e46558da0f6969e1fe2832bdc554ade6b848e5a224b31b34c7d7e32f2cbf3832
7,FROZEN_C1_SOURCE_ANCHORED_LINEAR_SOFTMAX,43,280001,0.11365079365079366,0.09429110521969997,0.11365079365079366,0.0,757d7e112815c96a32f22bacf47b8fd68f3cd8d73535c682896861e001847041
7,FROZEN_C1_SOURCE_ANCHORED_LINEAR_SOFTMAX,43,305093,0.1288888888888889,0.11026322914675224,0.1288888888888889,0.0,75eb15d03d37abc4388997acc62dec99056c492471f4d53e6d77c624df582585
7,FROZEN_C1_SOURCE_ANCHORED_LINEAR_SOFTMAX,43,330017,0.11365079365079366,0.1017276092291401,0.11365079365079366,0.0,3076e553980ab8c93c3cb5a66726e1b90fef6afe79fe576b0838662ca596b179
7,FROZEN_C1_SOURCE_ANCHORED_LINEAR_SOFTMAX,43,355031,0.10253968253968254,0.09774038213012327,0.10253968253968256,0.010186757215619695,985a8a40812b31619c499aa09c24417ab39ed4ce168035f9536c4d9b44e08f0d
7,FROZEN_C1_SOURCE_ANCHORED_LINEAR_SOFTMAX,43,380041,0.16126984126984126,0.16155087334389714,0.16126984126984126,0.10515247108307045,b31ff3f4b727bd7593e18abc17bb1e3159a1a5d288181834ea32ca6fd4a93d77
7,FROZEN_C1_SOURCE_ANCHORED_LINEAR_SOFTMAX,43,405019,0.17396825396825397,0.16831901727077672,0.17396825396825397,0.0,ccbc7ed7dacdcec728b778be7d6b94c6cd19af76eb2b6281932a98780e75c9f0
7,FROZEN_C1_SOURCE_ANCHORED_LINEAR_SOFTMAX,43,430007,0.12857142857142856,0.11672268316589443,0.1285714285714286,0.0,ca934548f8b534ee0ce8b59d2792ba71558f31ebb43389869d3b30e558a1ff5c
7,FROZEN_C1_SOURCE_ANCHORED_LINEAR_SOFTMAX,43,455003,0.12793650793650793,0.10785301020132713,0.12793650793650793,0.0,0a875b9f79a4ac879acb32b8545127184df7a2e6d569202c9ff90f8e580ec7fc
7,FROZEN_C1_SOURCE_ANCHORED_LINEAR_SOFTMAX,43,480017,0.10888888888888888,0.0832633573775551,0.1088888888888889,0.0,af23e1909d5d1dc34dd412c821fa863d13ec7c6081809fbdfcb8906d24beffd6
7,FROZEN_C1_SOURCE_ANCHORED_LINEAR_SOFTMAX,43,505027,0.13015873015873017,0.10089449934313101,0.13015873015873017,0.0,66a07e67f9bfdbfb677148e04f5b82f89b535c765522ac52a120372328cd98b6
7,FROZEN_C1_SOURCE_ANCHORED_LINEAR_SOFTMAX,43,530017,0.13968253968253969,0.11807745575867369,0.13968253968253969,0.0,d216870ab83399ba7968e1519e99fa62326fc560233532630ada2cce753a5204
7,FROZEN_C1_SOURCE_ANCHORED_LINEAR_SOFTMAX,43,555029,0.14984126984126983,0.147432052099193,0.14984126984126983,0.0,679e8fe0eddc7fdfd74fbd44b0d1125f360415d2a7b9363908af1260237361b1
7,FROZEN_C1_SOURCE_ANCHORED_LINEAR_SOFTMAX,43,580031,0.1292063492063492,0.1279680928824377,0.1292063492063492,0.008559201141226819,9d6c1772118d6a3530fa8434d5a4cb69cb2cdec76ae711d09bb00031bc392088
7,FROZEN_C1_SOURCE_ANCHORED_LINEAR_SOFTMAX,44,104729,0.11619047619047619,0.10627916063368799,0.11619047619047619,0.0,1735b58f95f92954c4ff73f3476231f9f86a928bf862ccb196bb25b67623b100
7,FROZEN_C1_SOURCE_ANCHORED_LINEAR_SOFTMAX,44,130363,0.13904761904761906,0.12516501894884463,0.13904761904761906,0.0,f0c1e8910c1f4c470e2d7e7dd0b0026ebca8ad5345312f8d941f6f9e0fbfe7cf
7,FROZEN_C1_SOURCE_ANCHORED_LINEAR_SOFTMAX,44,155921,0.15714285714285714,0.15791139465821574,0.1571428571428571,0.0,80ea144c53a12b9688042e2cae3ead6db9398297cd0cca1b8f3551b88b944d77
7,FROZEN_C1_SOURCE_ANCHORED_LINEAR_SOFTMAX,44,181081,0.1692063492063492,0.15387336759453968,0.1692063492063492,0.0,50c4a03c539fe44152dbe7a92dfddfecbaa4933e138daad03ed2377340c96921
7,FROZEN_C1_SOURCE_ANCHORED_LINEAR_SOFTMAX,44,205439,0.11841269841269841,0.11884592643045708,0.11841269841269841,0.03374233128834356,bc2921dabb8fe07e1b756436c035e420765054119a949d6956c1ab845920fc6a
7,FROZEN_C1_SOURCE_ANCHORED_LINEAR_SOFTMAX,44,230003,0.14539682539682539,0.14126795692210045,0.1453968253968254,0.0,be04732929cca2e3d7bc94a25ab5f45163ebdbcd59e2ba2e28626fe3039401be
7,FROZEN_C1_SOURCE_ANCHORED_LINEAR_SOFTMAX,44,254959,0.14126984126984127,0.13813935712828365,0.14126984126984127,0.002466091245376079,df62f785b4c877a53148230b0c76b45da5b0c7c7a3a2c059b0b0637fd7d049c8
7,FROZEN_C1_SOURCE_ANCHORED_LINEAR_SOFTMAX,44,280001,0.14253968253968255,0.12046392242802004,0.14253968253968255,0.0,4000e666f282bda30f785c722e1890dfa054f734ef21fee29cfca7ef40b494db
7,FROZEN_C1_SOURCE_ANCHORED_LINEAR_SOFTMAX,44,305093,0.12,0.10899149591948314,0.12,0.0,4e94e77dde111a2a9ea480c8bb45b982c9a9f5f5a1aad82f9d31d14dba8aa26e
7,FROZEN_C1_SOURCE_ANCHORED_LINEAR_SOFTMAX,44,330017,0.11460317460317461,0.11841895327223446,0.1146031746031746,0.007692307692307693,a2c72c3c26c858ea0f03a64625c1b9a432d2233d18a1c700c9008a8c1c75d60c
7,FROZEN_C1_SOURCE_ANCHORED_LINEAR_SOFTMAX,44,355031,0.15523809523809523,0.15793876508645208,0.15523809523809523,0.0064034151547491995,f791fa01e37b98adf5eb83c9ae4e37a8c74efa6f403a4081fb8b7d1783f38dee
7,FROZEN_C1_SOURCE_ANCHORED_LINEAR_SOFTMAX,44,380041,0.13746031746031745,0.12246762743372672,0.13746031746031745,0.007237635705669481,e106b21c9db05634a5f2fb2797989278084f3cb2ee8b905ac837d684895b05ac
7,FROZEN_C1_SOURCE_ANCHORED_LINEAR_SOFTMAX,44,405019,0.11873015873015873,0.10880284153542921,0.11873015873015873,0.0,01462889328b138e9a86c754db8ade64f88b6a08466ef0133c88202daddecda9
7,FROZEN_C1_SOURCE_ANCHORED_LINEAR_SOFTMAX,44,430007,0.18063492063492065,0.16667985624964352,0.18063492063492065,0.0,ebcc9b38f43be40b3d27b9900a20c7997967f69ffee7769719177e3e8b7ba527
7,FROZEN_C1_SOURCE_ANCHORED_LINEAR_SOFTMAX,44,455003,0.09650793650793651,0.0931261939969076,0.0965079365079365,0.0,eea3a6650164c863432feb31f53976865dc5a2d777829ecb750f6a9331386c93
7,FROZEN_C1_SOURCE_ANCHORED_LINEAR_SOFTMAX,44,480017,0.08190476190476191,0.08281173009502318,0.0819047619047619,0.0,9b44a96994618093ee63e7ba209f0a1b3434db16af2b1db50912db6c3b4cefac
7,FROZEN_C1_SOURCE_ANCHORED_LINEAR_SOFTMAX,44,505027,0.1111111111111111,0.1106876667853396,0.11111111111111113,0.0,9dae0f0287f022ff11bf419a0864d2f6e6206369bebe77dfe9de4fda68be630c
7,FROZEN_C1_SOURCE_ANCHORED_LINEAR_SOFTMAX,44,530017,0.1692063492063492,0.15994556662658851,0.1692063492063492,0.0,202d15ae7020bc37b6b943325d31e34a5f858398209cf0e6effafd0b9e2f49be
7,FROZEN_C1_SOURCE_ANCHORED_LINEAR_SOFTMAX,44,555029,0.09682539682539683,0.09296925986424107,0.09682539682539681,0.0,052a7a13d959bfee70b3f237bae7a54a13d235ed8d50101b2399ca18753174cf
7,FROZEN_C1_SOURCE_ANCHORED_LINEAR_SOFTMAX,44,580031,0.11523809523809524,0.1051125875584222,0.11523809523809524,0.0,1ae3d57e9b1e9c601c591b46966b0acf1c4ed08e62975db968e427895c869160
7,FROZEN_C1_SOURCE_ANCHORED_LINEAR_SOFTMAX,45,104729,0.12380952380952381,0.1161649550255738,0.12380952380952381,0.0,f8b68457da95b692eb691ca024b5f3d44fd8b5d138f3fb1c2f35e6642aad0b95
7,FROZEN_C1_SOURCE_ANCHORED_LINEAR_SOFTMAX,45,130363,0.12380952380952381,0.11082597091750275,0.1238095238095238,0.0,53cfcf0c447444bd9d5cb5fef87d8eebce0262ae18c2e7df42052df18b3c068a
7,FROZEN_C1_SOURCE_ANCHORED_LINEAR_SOFTMAX,45,155921,0.11492063492063492,0.11458029739349983,0.11492063492063494,0.016203703703703703,ae46ab2ab14ebe856d158e28bd2dd72538d72af60dffb84dacf5ab4ac6aac9f7
7,FROZEN_C1_SOURCE_ANCHORED_LINEAR_SOFTMAX,45,181081,0.09365079365079365,0.09139213805736267,0.09365079365079365,0.0,4ed0604e9a0e22381f41ef9c309a4146b2a00b4e6221eca0c87d11f6cd515c9c
7,FROZEN_C1_SOURCE_ANCHORED_LINEAR_SOFTMAX,45,205439,0.09936507936507936,0.09102177008069054,0.09936507936507939,0.0,37b6d994fb787ca3ab282af1e7e544b5ed653f74548eb934f025480785b6414c
7,FROZEN_C1_SOURCE_ANCHORED_LINEAR_SOFTMAX,45,230003,0.1126984126984127,0.09732459390978712,0.11269841269841271,0.0,8ebea4af21e7bc9de0e1132538afd9d545b98018f044917e7226322c54dc707d
7,FROZEN_C1_SOURCE_ANCHORED_LINEAR_SOFTMAX,45,254959,0.10285714285714286,0.1015118907969297,0.10285714285714286,0.0,684dce3fe7aaf5d57ffbc350ecbb90d122408397a9468840b6fb2905562b2e59
7,FROZEN_C1_SOURCE_ANCHORED_LINEAR_SOFTMAX,45,280001,0.10666666666666667,0.11441888795018203,0.10666666666666669,0.0,694fe66edb77f879e1025e708777293d503959cf451f9f85f3ffcf665314a7be
7,FROZEN_C1_SOURCE_ANCHORED_LINEAR_SOFTMAX,45,305093,0.1307936507936508,0.1197935082480065,0.1307936507936508,0.0,d510e6f92e1fa1eb4ff7c9ea8adfdad6686c1029b7e668907b389d331d50d168
7,FROZEN_C1_SOURCE_ANCHORED_LINEAR_SOFTMAX,45,330017,0.08888888888888889,0.08414153713053585,0.08888888888888889,0.0,37ea07272deec4dd5cd4cc0fbe2ca45a5ec4d0e02fdd67dfa576bdd2ceed98ed
7,FROZEN_C1_SOURCE_ANCHORED_LINEAR_SOFTMAX,45,355031,0.0838095238095238,0.08022507104452128,0.0838095238095238,0.0,66a898e35263265652d57d1080e227073878d053890dade2491c74feba5fa5d1
7,FROZEN_C1_SOURCE_ANCHORED_LINEAR_SOFTMAX,45,380041,0.12222222222222222,0.1172494800583237,0.12222222222222222,0.005314437555358724,1c4ef26b7e2d17ce3a72bc70e029f25e9fec0f14137a1f722c885109eade6225
7,FROZEN_C1_SOURCE_ANCHORED_LINEAR_SOFTMAX,45,405019,0.12253968253968255,0.12585693247900004,0.12253968253968253,0.0,14fe7a05473af627dc423e2bd37ebaa434e2735ef8286614396c4ad9b6c87a2a
7,FROZEN_C1_SOURCE_ANCHORED_LINEAR_SOFTMAX,45,430007,0.10793650793650794,0.10437531548607427,0.10793650793650793,0.0,72a16889803b0c76a1ce54f3ed9702c28c3ec7c8165e337807854392c89b3f04
7,FROZEN_C1_SOURCE_ANCHORED_LINEAR_SOFTMAX,45,455003,0.10888888888888888,0.10511099151377534,0.10888888888888888,0.0,5a5ad710c3b65f00603768ccbd70769351ceda82a5c6d3fd02b5c74c1dae596f
7,FROZEN_C1_SOURCE_ANCHORED_LINEAR_SOFTMAX,45,480017,0.11492063492063492,0.1108463951557828,0.11492063492063494,0.0,e7e2e904fb9c48b15ac65a3cd8fd6ef6513fa310af39aacaff0e22ba4187168f
7,FROZEN_C1_SOURCE_ANCHORED_LINEAR_SOFTMAX,45,505027,0.09492063492063492,0.08931381236225204,0.09492063492063492,0.0,995449f420c693da5e72d915116345d33ca91ca8344f693c491f43bd8e1cdaa3
7,FROZEN_C1_SOURCE_ANCHORED_LINEAR_SOFTMAX,45,530017,0.12761904761904763,0.12094765625434024,0.1276190476190476,0.008781558726673985,95dfa012ef0c58651158b4e2dcee4a1427e3c93bc44effdedb132a8aeeeee665
7,FROZEN_C1_SOURCE_ANCHORED_LINEAR_SOFTMAX,45,555029,0.14761904761904762,0.1655419288168684,0.1476190476190476,0.011191047162270184,f68d9d6ef9dfc2494d1a349a91bcddc81826a9dc173042a25d8b1f056665b52e
7,FROZEN_C1_SOURCE_ANCHORED_LINEAR_SOFTMAX,45,580031,0.12476190476190477,0.11705090376316596,0.12476190476190475,0.0,d386b6b79301ac04f1c32fc44ecbd78323d1c87c769b87bc1926c4b0ce851887
7,FROZEN_C1_SOURCE_ANCHORED_LINEAR_SOFTMAX,46,104729,0.13015873015873017,0.10657488005961167,0.13015873015873017,0.0,919218ff9455722220561891cfa27b39aa927ea86fb46fc606d1143e4fbfe0d9
7,FROZEN_C1_SOURCE_ANCHORED_LINEAR_SOFTMAX,46,130363,0.12603174603174602,0.11457490980985198,0.12603174603174602,0.0,b641d61510de1c45cdcfefc7d1954ebdb53c10fca72e63c05d5385477ca655ca
7,FROZEN_C1_SOURCE_ANCHORED_LINEAR_SOFTMAX,46,155921,0.18761904761904763,0.1952055433314523,0.18761904761904763,0.002699055330634278,717c824ada0b4d4659f4a947c54ccf932787870d8e5b37d860cdb628878175fb
7,FROZEN_C1_SOURCE_ANCHORED_LINEAR_SOFTMAX,46,181081,0.18412698412698414,0.1807888897879716,0.1841269841269841,0.0,344af50cc35166f108bdbb06547725721d5c94945007e009de82bf87a051bb43
7,FROZEN_C1_SOURCE_ANCHORED_LINEAR_SOFTMAX,46,205439,0.13714285714285715,0.13291426873871437,0.13714285714285715,0.0,17afdeecb035b4401209a6c5f59247383f70900abaab3b33f989a3eb2aa89be1
7,FROZEN_C1_SOURCE_ANCHORED_LINEAR_SOFTMAX,46,230003,0.19111111111111112,0.19263994859534045,0.1911111111111111,0.0,f0df4867fc2dcf992f439db94e94903545b4b6d22ee3bea1436170181b9c396e
7,FROZEN_C1_SOURCE_ANCHORED_LINEAR_SOFTMAX,46,254959,0.1546031746031746,0.1467777300326408,0.1546031746031746,0.007017543859649123,ca132e0bb02daa600a2569e10eecdd4639b2e2f992a553f0a303ea5cca7fc8ba
7,FROZEN_C1_SOURCE_ANCHORED_LINEAR_SOFTMAX,46,280001,0.18317460317460318,0.16263898493585155,0.18317460317460318,0.0,3f06bc4b4b09c89ea12ffe53808c7efd8fc89b4020da0cca3e82a6af3048393b
7,FROZEN_C1_SOURCE_ANCHORED_LINEAR_SOFTMAX,46,305093,0.12349206349206349,0.12584198432208443,0.12349206349206347,0.0,5a358afb41017e43f0c551c19a74ce356059eadaf3bdcc52dae00058c166c2e5
7,FROZEN_C1_SOURCE_ANCHORED_LINEAR_SOFTMAX,46,330017,0.12825396825396826,0.10851648825798321,0.12825396825396826,0.0,a82b6c7e8d4e15a65a23c7f2a9cd040f3ab5f30dad62e7df9d67ade6c9611fc7
7,FROZEN_C1_SOURCE_ANCHORED_LINEAR_SOFTMAX,46,355031,0.09746031746031746,0.0811815483260888,0.09746031746031746,0.0,2fb827905e0094eebffea882883b49e8e643b449b1c66565d87434f185daf29f
7,FROZEN_C1_SOURCE_ANCHORED_LINEAR_SOFTMAX,46,380041,0.133015873015873,0.11176065850283604,0.133015873015873,0.006030150753768844,1cd5fb5f139ae1199eef799bb02e64321d005abd37cf9de5a78665e1abcb27cb
7,FROZEN_C1_SOURCE_ANCHORED_LINEAR_SOFTMAX,46,405019,0.16857142857142857,0.15147518158318554,0.16857142857142857,0.010869565217391304,b085391dfb4eaa615543af6a3178e38c34cc7784f16345164a52f52776f5f498
7,FROZEN_C1_SOURCE_ANCHORED_LINEAR_SOFTMAX,46,430007,0.14222222222222222,0.13631057534812394,0.1422222222222222,0.0,84efa900b548df503460d57882d93bed45c7ecbcd58fd2e7fc39dacccb3117c2
7,FROZEN_C1_SOURCE_ANCHORED_LINEAR_SOFTMAX,46,455003,0.08190476190476191,0.0727142704024596,0.0819047619047619,0.0,31dc287177c1cc8ce95747bb8b0111ffba190a06206c1eddceab76c64df93ec8
7,FROZEN_C1_SOURCE_ANCHORED_LINEAR_SOFTMAX,46,480017,0.1273015873015873,0.11023996975552687,0.1273015873015873,0.0,15d84d736bd4c8625aa9efa22a7002e165949c9b3aa22734890045092e55febe
7,FROZEN_C1_SOURCE_ANCHORED_LINEAR_SOFTMAX,46,505027,0.08857142857142856,0.07662638595499459,0.08857142857142859,0.0,26d4140fc2f8a87eb592018484a2700abcfb852e73098ec7a2031c7873a6999f
7,FROZEN_C1_SOURCE_ANCHORED_LINEAR_SOFTMAX,46,530017,0.2165079365079365,0.21572034323787212,0.2165079365079365,0.0,a1ce71f5508823e7574f2a052d9976bd9bcddbef09518efda838cd936cb1b6ef
7,FROZEN_C1_SOURCE_ANCHORED_LINEAR_SOFTMAX,46,555029,0.08349206349206349,0.07796373694153612,0.08349206349206349,0.0,ad7416bcb98e31bc109f57b12b37f799e20306ed6f8bbcf37b8beba2bf1b3916
7,FROZEN_C1_SOURCE_ANCHORED_LINEAR_SOFTMAX,46,580031,0.13047619047619047,0.1085344891420716,0.13047619047619047,0.0,72ba07660ac5335c2e34e43f4c4d23a83661b8e860406de9069127b9637ec9e4
10,FROZEN_C1_SOURCE_ANCHORED_LINEAR_SOFTMAX,42,104729,0.1253968253968254,0.12459239161298516,0.1253968253968254,0.0,6a0bd4d1c3c32a46ebaf8021ae5f35eeb454d096063ff3ffe4bbbbc20967df50
10,FROZEN_C1_SOURCE_ANCHORED_LINEAR_SOFTMAX,42,130363,0.173015873015873,0.14732637338477114,0.17301587301587304,0.0,f34295403c1b063ba609c4d427153f4b67df03b67690984aa7e37a41476db072
10,FROZEN_C1_SOURCE_ANCHORED_LINEAR_SOFTMAX,42,155921,0.17809523809523808,0.16121755791206446,0.17809523809523808,0.009771986970684038,6c99283aba22aab9c983c634b4924eadffc7f1c76eda3fc791567c6608f88465
10,FROZEN_C1_SOURCE_ANCHORED_LINEAR_SOFTMAX,42,181081,0.05238095238095238,0.04816223134052212,0.05238095238095238,0.0,9c91589b729af228a242a3daafaabf8e8be6f34bd328ae9248da16b4a68bf949
10,FROZEN_C1_SOURCE_ANCHORED_LINEAR_SOFTMAX,42,205439,0.1307936507936508,0.1282923224178019,0.1307936507936508,0.0,15a7a9631f1a71a6acd1cd62c08893733fb4247445f4fafb8c2594312ebe8335
10,FROZEN_C1_SOURCE_ANCHORED_LINEAR_SOFTMAX,42,230003,0.08412698412698413,0.07641794717249496,0.08412698412698413,0.0,eb7f078336d611a37975dd6b2cdaf420a0805352f38e648dfbcc7db33000bfc7
10,FROZEN_C1_SOURCE_ANCHORED_LINEAR_SOFTMAX,42,254959,0.15873015873015872,0.15402180609080227,0.15873015873015875,0.020954598370197905,be3e38af9dbc6a083b63d7f5a225b441816c8ac20e3d1e9e2a983cd315e8c1b9
10,FROZEN_C1_SOURCE_ANCHORED_LINEAR_SOFTMAX,42,280001,0.08063492063492063,0.07419831707100799,0.08063492063492064,0.0,108da4ddfd455453dfa87758afcd5d55f8f4037c5e1004529a5ddf2aa439a69c
10,FROZEN_C1_SOURCE_ANCHORED_LINEAR_SOFTMAX,42,305093,0.1165079365079365,0.11708746177317811,0.11650793650793649,0.027559055118110236,6ccf03bd15ff5513da337fed05ae2c2fbfb01552d64de993dc6797a533f6b169
10,FROZEN_C1_SOURCE_ANCHORED_LINEAR_SOFTMAX,42,330017,0.20857142857142857,0.209539608434651,0.20857142857142857,0.13049645390070921,8d5d531ed20848d0f4db9c69d61df56791ee757b5fbf3bb3c64a63e7e1b2955a
10,FROZEN_C1_SOURCE_ANCHORED_LINEAR_SOFTMAX,42,355031,0.20539682539682538,0.20947707960109385,0.20539682539682538,0.13387978142076504,9850f64d328743da0a53ea061de008cc801b29a9a5e52a84d8ba0a76a63727e8
10,FROZEN_C1_SOURCE_ANCHORED_LINEAR_SOFTMAX,42,380041,0.1349206349206349,0.11827724888394929,0.1349206349206349,0.00847457627118644,45a86701934eaac9aca47bad0c80386ec88ba458edccbbb05d19dfbe6930d440
10,FROZEN_C1_SOURCE_ANCHORED_LINEAR_SOFTMAX,42,405019,0.12571428571428572,0.10551303293493672,0.12571428571428572,0.0,2911422d889480932edb682297997cdbbe2e39fcf8c220c2fa83f1553a1845d2
10,FROZEN_C1_SOURCE_ANCHORED_LINEAR_SOFTMAX,42,430007,0.15714285714285714,0.153466297561924,0.15714285714285717,0.007042253521126761,d2ac9d2b130f38eb3383cbe9581fbded4a6d07caa6ffaba1719b8d993f93727f
10,FROZEN_C1_SOURCE_ANCHORED_LINEAR_SOFTMAX,42,455003,0.14857142857142858,0.13483348255081282,0.14857142857142858,0.0,31cd3227ec98057c94e9de4d138f01439cf8a79653c5f32e3281a6d039874d15
10,FROZEN_C1_SOURCE_ANCHORED_LINEAR_SOFTMAX,42,480017,0.1676190476190476,0.15722269713753362,0.16761904761904758,0.012,c0889a27d7b3ba6d6b74958d7d23c63d43b4b91d9cd88ca1e0ef519f8a2b6057
10,FROZEN_C1_SOURCE_ANCHORED_LINEAR_SOFTMAX,42,505027,0.12761904761904763,0.11395395087658143,0.1276190476190476,0.0,e18b411277ef050212504861614b8a32e172bdcf975eefff122298059a059816
10,FROZEN_C1_SOURCE_ANCHORED_LINEAR_SOFTMAX,42,530017,0.20126984126984127,0.18796700109980022,0.20126984126984127,0.0,9ce8c9aded9bbedbedf3ae721f653659bf295cd7e3c15054b11f34b4dfc8a330
10,FROZEN_C1_SOURCE_ANCHORED_LINEAR_SOFTMAX,42,555029,0.16158730158730158,0.15240206462036618,0.16158730158730156,0.027439024390243903,69aaa494df4c3e81959e9d1910241e28a501e528f54c0dbd683c65f5265d6250
10,FROZEN_C1_SOURCE_ANCHORED_LINEAR_SOFTMAX,42,580031,0.13238095238095238,0.1343676477260748,0.13238095238095238,0.0,7fed2bcc3dacf8d85270557da05cd181fdbab496f7586df62266cc1ad649a20b
10,FROZEN_C1_SOURCE_ANCHORED_LINEAR_SOFTMAX,43,104729,0.1434920634920635,0.14301227057682814,0.1434920634920635,0.0,ac53ad149093b395e2a823f0ae26ce2a535309e5c6ea99c95ebbc34523c506c3
10,FROZEN_C1_SOURCE_ANCHORED_LINEAR_SOFTMAX,43,130363,0.2453968253968254,0.23706196365778018,0.24539682539682542,0.09539473684210527,923fe208ac238ddf27a95c9ba4c978fac9bc66765fe5db46c4657c88e55eae6b
10,FROZEN_C1_SOURCE_ANCHORED_LINEAR_SOFTMAX,43,155921,0.18603174603174602,0.1624942219783292,0.18603174603174602,0.0,7bce95eb80af9cb4a35130d04e67c84fc7a6a75cc5d06f48591cbe76ab3fcf84
10,FROZEN_C1_SOURCE_ANCHORED_LINEAR_SOFTMAX,43,181081,0.09365079365079365,0.08379014958560327,0.09365079365079365,0.0,94ec91f01258c649d982beb47c18cf720b01252a7dccc1f70c2a0caefbffda28
10,FROZEN_C1_SOURCE_ANCHORED_LINEAR_SOFTMAX,43,205439,0.12857142857142856,0.12470672478965375,0.12857142857142856,0.0,457dc69d019a76d7edc9ce177265ec666014a10c0af330554001cfc21a487ecc
10,FROZEN_C1_SOURCE_ANCHORED_LINEAR_SOFTMAX,43,230003,0.12126984126984126,0.10027575044827734,0.12126984126984128,0.0,76e7fa27fc6f0d6d17143325fa625e70f90f08adaa28e3ecfb72bac7e30a2164
10,FROZEN_C1_SOURCE_ANCHORED_LINEAR_SOFTMAX,43,254959,0.10253968253968254,0.0864258774439263,0.10253968253968256,0.0,083fb26428bf6d9a6f5781abbb3c3a6ebcbdfe54ef037e5637f87db2dc6f72c5
10,FROZEN_C1_SOURCE_ANCHORED_LINEAR_SOFTMAX,43,280001,0.11555555555555555,0.1089138976078564,0.11555555555555555,0.008403361344537815,8fed480f28b81feca4e244a795569b45dc04d98f6c6067612098d15b030ad546
10,FROZEN_C1_SOURCE_ANCHORED_LINEAR_SOFTMAX,43,305093,0.12698412698412698,0.11516383908273606,0.12698412698412698,0.0,912735a6175e5747676e54990b8a94a85f1a5c5d246389bc6bbe375a5620bac4
10,FROZEN_C1_SOURCE_ANCHORED_LINEAR_SOFTMAX,43,330017,0.1365079365079365,0.12533831417522473,0.13650793650793652,0.0,daf0134aff705bfea6f55b23b44acc87ec0ccf0edf512c8d11e97f0ea51ed1ab
10,FROZEN_C1_SOURCE_ANCHORED_LINEAR_SOFTMAX,43,355031,0.09238095238095238,0.08553748681115757,0.09238095238095237,0.0,cbba8fc72946543d71c24a56e5ba48d5f615947b2f1d51104ee5cf6e6fa96fa3
10,FROZEN_C1_SOURCE_ANCHORED_LINEAR_SOFTMAX,43,380041,0.16444444444444445,0.16006890327158166,0.16444444444444442,0.0,7f7b753d9e6e936c9a3281d7376a44741c8ca86dca8f7b37a9a588d058303437
10,FROZEN_C1_SOURCE_ANCHORED_LINEAR_SOFTMAX,43,405019,0.22,0.20732714108793235,0.22,0.10566037735849057,e673cc35b28aeb780aa257b2066d376937e3bd4822490e6c77db6b7b0bae3129
10,FROZEN_C1_SOURCE_ANCHORED_LINEAR_SOFTMAX,43,430007,0.14952380952380953,0.13777430145688074,0.14952380952380948,0.0,b3703a86b4b718d9a1363dd7de59016f486ce28d50eeb0e0928d49a49f841038
10,FROZEN_C1_SOURCE_ANCHORED_LINEAR_SOFTMAX,43,455003,0.1492063492063492,0.14366502623315247,0.1492063492063492,0.0107095046854083,c6a0d37150df07f15f8cedf5942495f92543483084d1d451f9e8e0cb1a6f6c64
10,FROZEN_C1_SOURCE_ANCHORED_LINEAR_SOFTMAX,43,480017,0.08063492063492063,0.07949725431709222,0.08063492063492063,0.0035842293906810036,3307c5fd8acc20eab7b575125b39818cd4f27454c0c5cfac2c617781df33a7f0
10,FROZEN_C1_SOURCE_ANCHORED_LINEAR_SOFTMAX,43,505027,0.17142857142857143,0.14231213511462654,0.17142857142857143,0.0,c781d7e835bda032cbffe60c5e3d5d55e1f9e5ceb3659e146be62194ba4db11d
10,FROZEN_C1_SOURCE_ANCHORED_LINEAR_SOFTMAX,43,530017,0.10793650793650794,0.08687227634136874,0.10793650793650791,0.0,eae864a2225833ec63d1dba42118d640eeb48639b898f58e38591c24a6060e72
10,FROZEN_C1_SOURCE_ANCHORED_LINEAR_SOFTMAX,43,555029,0.1219047619047619,0.12374955719956081,0.12190476190476189,0.0,7839807967e813d8f2e9d4f0c92f6f8423a65ec2856a6da24c83fc5795bdb955
10,FROZEN_C1_SOURCE_ANCHORED_LINEAR_SOFTMAX,43,580031,0.21555555555555556,0.19152132595909221,0.21555555555555556,0.0,7ee21841743cce2b994e69d44b97662dca62e44f63c388f695eec7a3bc369b39
10,FROZEN_C1_SOURCE_ANCHORED_LINEAR_SOFTMAX,44,104729,0.15968253968253968,0.15414640785395423,0.1596825396825397,0.007444168734491315,17caed72b83446781437c203c075c178f687d438a20459af6ae0f147c0260c20
10,FROZEN_C1_SOURCE_ANCHORED_LINEAR_SOFTMAX,44,130363,0.15365079365079365,0.13213096508755337,0.15365079365079362,0.0,5f0e639b3040193e74fa29138e7e078b994a2e082b489205e6664cc6314adb41
10,FROZEN_C1_SOURCE_ANCHORED_LINEAR_SOFTMAX,44,155921,0.1126984126984127,0.09498995796325968,0.11269841269841271,0.002066115702479339,389b18db5fa75d4fb4f5f226468a010f609c36833cebab4e2f4a435be8cc1d1f
10,FROZEN_C1_SOURCE_ANCHORED_LINEAR_SOFTMAX,44,181081,0.09396825396825396,0.08502922100423962,0.09396825396825396,0.0,5d8bd613415bcabe645785eb1b4c612b0af6f450263e3a1301c6cbd45c2e7817
10,FROZEN_C1_SOURCE_ANCHORED_LINEAR_SOFTMAX,44,205439,0.11428571428571428,0.09976774019005466,0.11428571428571428,0.0020639834881320948,7f52aa022295d3b258e9076f5a0dc3d4a040ef38a6b08a69f1a40604570c6e96
10,FROZEN_C1_SOURCE_ANCHORED_LINEAR_SOFTMAX,44,230003,0.16095238095238096,0.14577402635704512,0.16095238095238096,0.0,5af82737f3b3a87bb2b05921278e9395f7af6bfb3fc0141362be2646ac52704f
10,FROZEN_C1_SOURCE_ANCHORED_LINEAR_SOFTMAX,44,254959,0.11333333333333333,0.10830274037387147,0.11333333333333333,0.0021164021164021165,9f804e39384f98e23b52db090f45f79d5ef0278b668ddc85dcf6c2c282480bdf
10,FROZEN_C1_SOURCE_ANCHORED_LINEAR_SOFTMAX,44,280001,0.15936507936507938,0.1228089825462659,0.15936507936507935,0.0,08a1e445c1ad52908fa2969a6118737e23449019b4f056470e48f7139a5107b2
10,FROZEN_C1_SOURCE_ANCHORED_LINEAR_SOFTMAX,44,305093,0.09841269841269841,0.09232884587939948,0.09841269841269841,0.0,e3c17efffb27cefdc1567a500db57a6b780d8b2828e923d5b70e6e586bcd5c65
10,FROZEN_C1_SOURCE_ANCHORED_LINEAR_SOFTMAX,44,330017,0.14285714285714285,0.1453651533633445,0.14285714285714285,0.0845771144278607,d912d3f9fee81673b12b459043cdeedaecd36908d5bdd5e9a632d4b99047c572
10,FROZEN_C1_SOURCE_ANCHORED_LINEAR_SOFTMAX,44,355031,0.146984126984127,0.1269674292978192,0.146984126984127,0.00872093023255814,3ab6a465be3fdd76ff36f0e07b18c004be51d28f054a3b911493996bffd8aa80
10,FROZEN_C1_SOURCE_ANCHORED_LINEAR_SOFTMAX,44,380041,0.0853968253968254,0.07250544938147814,0.08539682539682539,0.0,990264acc786943c5a42e1c05ddb4488212a400561585520b679f00d3afbcb4c
10,FROZEN_C1_SOURCE_ANCHORED_LINEAR_SOFTMAX,44,405019,0.10666666666666667,0.09929938294617781,0.10666666666666666,0.0,66ff5f55933574257984fedce3590547d772de42f646d14ad19582a25f196df8
10,FROZEN_C1_SOURCE_ANCHORED_LINEAR_SOFTMAX,44,430007,0.15746031746031747,0.13754036078629386,0.15746031746031744,0.0,e3691924e297055385f059283fe8713b8c99e303548797afe7fd12dbc667af2e
10,FROZEN_C1_SOURCE_ANCHORED_LINEAR_SOFTMAX,44,455003,0.08222222222222222,0.059439880035731384,0.08222222222222222,0.0,33405b3a198307dda77e10ed5eb3e963c74d3f79a4f9503e3e19b51c780fe98b
10,FROZEN_C1_SOURCE_ANCHORED_LINEAR_SOFTMAX,44,480017,0.14285714285714285,0.135168207203835,0.14285714285714285,0.003929273084479371,a592f8b08039f8966af3a8d4ede37504042f47f2d418983adbc2874bcd4b475e
10,FROZEN_C1_SOURCE_ANCHORED_LINEAR_SOFTMAX,44,505027,0.14603174603174604,0.14689485927025833,0.146031746031746,0.0025974025974025974,d3f25bb078a3221426d1a7e706f75b094667e8fadc70323238834202e4c7e44c
10,FROZEN_C1_SOURCE_ANCHORED_LINEAR_SOFTMAX,44,530017,0.12603174603174602,0.11186180059100857,0.12603174603174602,0.0,3f8f2204c09c98ef5e35015b4660ffeee380b9d5b14f206fea9a005a87d8c052
10,FROZEN_C1_SOURCE_ANCHORED_LINEAR_SOFTMAX,44,555029,0.13936507936507936,0.11583345175327009,0.1393650793650794,0.0,1483107045d1aa425d3bb8bd7e023b514e7834e7e4b523024222f011af6891bf
10,FROZEN_C1_SOURCE_ANCHORED_LINEAR_SOFTMAX,44,580031,0.1565079365079365,0.11536489452559313,0.1565079365079365,0.0,0173d6931dd7f897e16dd18361e9d4d3e138fd6be0eb2bfbf73469721429e767
10,FROZEN_C1_SOURCE_ANCHORED_LINEAR_SOFTMAX,45,104729,0.1492063492063492,0.14795893570549998,0.14920634920634918,0.06705202312138728,6e58f2f97a970e0b2271f5b34600ecd7d7e38f0f533d83c484a81d876bdd665b
10,FROZEN_C1_SOURCE_ANCHORED_LINEAR_SOFTMAX,45,130363,0.10253968253968254,0.08058615277038945,0.10253968253968256,0.0,d9d19d28ab5e5c1e33e4ef2748475e031f8eaef7140c1d5a46788f2b74876d47
10,FROZEN_C1_SOURCE_ANCHORED_LINEAR_SOFTMAX,45,155921,0.14317460317460318,0.12338670927185937,0.14317460317460315,0.0,fc6be7bd96d8ca58e3209e530437ff657d57252353646f2d7ad74375b84344c9
10,FROZEN_C1_SOURCE_ANCHORED_LINEAR_SOFTMAX,45,181081,0.09714285714285714,0.09057734023337613,0.09714285714285713,0.0,afb61cd8a9235b56f6f992e32a5e4b858552c2642fac699ea76ef9bf11ad6dfd
10,FROZEN_C1_SOURCE_ANCHORED_LINEAR_SOFTMAX,45,205439,0.10666666666666667,0.10820027437502788,0.10666666666666666,0.0,c5e4c2ab7bbd9415eb128366b8ae72d11056b03bf82ea127fb249bb8ed1f2082
10,FROZEN_C1_SOURCE_ANCHORED_LINEAR_SOFTMAX,45,230003,0.17174603174603176,0.15879356018197485,0.17174603174603176,0.009966777408637873,42670095d5fb7ba0e3604507e1156cc8ea8c8adb74d1208410a8a4ae3c40c756
10,FROZEN_C1_SOURCE_ANCHORED_LINEAR_SOFTMAX,45,254959,0.12698412698412698,0.12050568561769803,0.12698412698412698,0.0,216e4fba5804bed352b16e1abce6f837a47544d15830dcc069f09f6b7449f762
10,FROZEN_C1_SOURCE_ANCHORED_LINEAR_SOFTMAX,45,280001,0.12698412698412698,0.10238469977333206,0.12698412698412698,0.0,ab7434e4d522ac9fb3ac087bcc2f0f5405d67f9acc3c9c29ad31c30f4714a449
10,FROZEN_C1_SOURCE_ANCHORED_LINEAR_SOFTMAX,45,305093,0.10634920634920635,0.11487787871518156,0.10634920634920635,0.0,b08cf055cbade44d2e47243cf652c4fe8ddcf559778ca7ada396b2b2bf6d4116
10,FROZEN_C1_SOURCE_ANCHORED_LINEAR_SOFTMAX,45,330017,0.1126984126984127,0.10880180026952095,0.1126984126984127,0.0025252525252525255,ae7aeeda069d5acbde4986d46cb317995c9d12bffacb14c5c75afbd9a0173951
10,FROZEN_C1_SOURCE_ANCHORED_LINEAR_SOFTMAX,45,355031,0.11746031746031746,0.11509364461052303,0.11746031746031746,0.0,a283610cfe7aa7c96bbd9f63d97a272fd1c299f91937bf44dcea0ba32bd65353
10,FROZEN_C1_SOURCE_ANCHORED_LINEAR_SOFTMAX,45,380041,0.10285714285714286,0.07915149371553776,0.10285714285714288,0.0,02cb47d5f7a559afe4c7dde260b1438adf61f21c28ca2aff87989d3fe7d0e8b5
10,FROZEN_C1_SOURCE_ANCHORED_LINEAR_SOFTMAX,45,405019,0.09777777777777778,0.10431413950465604,0.09777777777777777,0.0,4da4ccc6226446df93ba125c935915bcdd95a1ae73c13d13401979c63187201d
10,FROZEN_C1_SOURCE_ANCHORED_LINEAR_SOFTMAX,45,430007,0.16063492063492063,0.1308334556505931,0.16063492063492063,0.0,61a68c744928e88373e54f5cd05d2a6dd91d63d4c039448d674f00796ced02b9
10,FROZEN_C1_SOURCE_ANCHORED_LINEAR_SOFTMAX,45,455003,0.12444444444444444,0.10546378475604852,0.12444444444444445,0.0,95a561dd362625aeb96c1c266acc41d47dc0b0dc59eeba9b48166eb11a667227
10,FROZEN_C1_SOURCE_ANCHORED_LINEAR_SOFTMAX,45,480017,0.18317460317460318,0.18110102559122704,0.18317460317460316,0.1162280701754386,eaff86cf1624bf241625ad9baac6f6a3f92cc9495feb29371365595441de7671
10,FROZEN_C1_SOURCE_ANCHORED_LINEAR_SOFTMAX,45,505027,0.10920634920634921,0.10622593607795107,0.1092063492063492,0.0,0b319df08ce772218da0b10c7ebdd53b7967fa8dce117f246af8f0cf65aad31d
10,FROZEN_C1_SOURCE_ANCHORED_LINEAR_SOFTMAX,45,530017,0.14126984126984127,0.1273651977821182,0.14126984126984127,0.0,9b6f4c582d07fdd789898af49a4812e0265adb313f8d59df0db69d21749fffb5
10,FROZEN_C1_SOURCE_ANCHORED_LINEAR_SOFTMAX,45,555029,0.12825396825396826,0.12317413296057651,0.12825396825396823,0.0,ffc62f1641420cfad3228ea52eba5fe6d3ab8395f102c576e04f7237a6a34f4f
10,FROZEN_C1_SOURCE_ANCHORED_LINEAR_SOFTMAX,45,580031,0.16952380952380952,0.16506635757401678,0.16952380952380955,0.0,9a40e2fa74735eaa2750930e090a02095455c857340186143c8baa30809ae7bd
10,FROZEN_C1_SOURCE_ANCHORED_LINEAR_SOFTMAX,46,104729,0.1765079365079365,0.17344661571248296,0.17650793650793647,0.10454545454545454,f30339b6d17ab6c1f794a70123a3e4f987a5fec6e03ac47b64e035105577465d
10,FROZEN_C1_SOURCE_ANCHORED_LINEAR_SOFTMAX,46,130363,0.14539682539682539,0.12483614300702828,0.1453968253968254,0.0,28025190409423d590e5e74679457e91b343c10458c04d23469fade6629c015c
10,FROZEN_C1_SOURCE_ANCHORED_LINEAR_SOFTMAX,46,155921,0.1546031746031746,0.14078261339949008,0.1546031746031746,0.0,81a4680e3339df3608e7106742f7a2042f271efa6a4caddcd9ecff1fe5f288b5
10,FROZEN_C1_SOURCE_ANCHORED_LINEAR_SOFTMAX,46,181081,0.14507936507936509,0.13864349907104834,0.14507936507936509,0.0,d7ce3dfe387adeb5e3eb1f0eb0fe5a6ea4f03ca2396565b9df8eb7c274c6f7fe
10,FROZEN_C1_SOURCE_ANCHORED_LINEAR_SOFTMAX,46,205439,0.1742857142857143,0.14122127679715948,0.17428571428571432,0.0,a6afa56e02c6bcc2fab09d3b00992a3f40e6151c1cb222b8fa98e61c786e51bb
10,FROZEN_C1_SOURCE_ANCHORED_LINEAR_SOFTMAX,46,230003,0.15047619047619049,0.1413553799580708,0.15047619047619049,0.0,7f4b887f4f8c4e837f9a459e1afe7178cb05540e0fce865125d6ebc3f0d0fcc1
10,FROZEN_C1_SOURCE_ANCHORED_LINEAR_SOFTMAX,46,254959,0.1292063492063492,0.12293463499659676,0.1292063492063492,0.0,69b4b85aa9604340b9b97cfd36d1b8d5a143a46c9476037a35dad14477a30ebf
10,FROZEN_C1_SOURCE_ANCHORED_LINEAR_SOFTMAX,46,280001,0.1438095238095238,0.11853738435684398,0.1438095238095238,0.0,6bcc26f5bd36da4e0ca0604af3789466715e4b503f4783e19203efee2411dab2
10,FROZEN_C1_SOURCE_ANCHORED_LINEAR_SOFTMAX,46,305093,0.09714285714285714,0.09303428989738531,0.09714285714285713,0.0,e29a469706bc24e2a57197f171970bbebcb42fdd00a7fd8b350061047ed5f5d9
10,FROZEN_C1_SOURCE_ANCHORED_LINEAR_SOFTMAX,46,330017,0.1746031746031746,0.17250525572548162,0.1746031746031746,0.11838790931989925,73a141f54b61e57f43119b230012678feee13594260002d3a425b8d8ce966bbd
10,FROZEN_C1_SOURCE_ANCHORED_LINEAR_SOFTMAX,46,355031,0.15047619047619049,0.14839723964033388,0.15047619047619049,0.0,c98d86ea1822e90821c2f8d63b365cc37e4bc539b48c7c9a64c88b3ddcb5ef18
10,FROZEN_C1_SOURCE_ANCHORED_LINEAR_SOFTMAX,46,380041,0.1492063492063492,0.11261122845307721,0.1492063492063492,0.0,e6e91429e51f658b8451226e9972500f4fb090b42e3dcd791427d97a888b82da
10,FROZEN_C1_SOURCE_ANCHORED_LINEAR_SOFTMAX,46,405019,0.17396825396825397,0.15706560496731464,0.17396825396825394,0.0,a175b12ad1c931dc7a24275e56e129250ccab11ac46ba8a139d1c1d6beb0118e
10,FROZEN_C1_SOURCE_ANCHORED_LINEAR_SOFTMAX,46,430007,0.17206349206349206,0.13709961524560685,0.17206349206349203,0.0,7450f0b2fa240b014583150f4679f4a0c1ef7940de5949dc511101a42f7f56e7
10,FROZEN_C1_SOURCE_ANCHORED_LINEAR_SOFTMAX,46,455003,0.11333333333333333,0.08761564767851973,0.11333333333333333,0.0,defb212825d538ddb92c938a0d7517f5743e7aded12a3839d0ed5554747f1551
10,FROZEN_C1_SOURCE_ANCHORED_LINEAR_SOFTMAX,46,480017,0.12698412698412698,0.13393690876088465,0.12698412698412698,0.0819000819000819,783c365f4906feb28f0bd6b8f57fb3b48319ea55f5332801cd7fd57cc31b79b4
10,FROZEN_C1_SOURCE_ANCHORED_LINEAR_SOFTMAX,46,505027,0.11492063492063492,0.10640710558965549,0.11492063492063491,0.0,a6de0c55b924ac4d756d8c32b9f761446848d241d6491c723b6291bbeda6cf19
10,FROZEN_C1_SOURCE_ANCHORED_LINEAR_SOFTMAX,46,530017,0.1568253968253968,0.13139793885604717,0.15682539682539684,0.0,ac1d83b18350e26bc39d8e1dadd766ec10b773b93e1fb08444ab944381309e80
10,FROZEN_C1_SOURCE_ANCHORED_LINEAR_SOFTMAX,46,555029,0.12317460317460317,0.09972820589170607,0.12317460317460319,0.0,f2efc7ce5efd72aa6b92c8bcc3729aca8f214e37c2180b02067ff687d66cb9c9
10,FROZEN_C1_SOURCE_ANCHORED_LINEAR_SOFTMAX,46,580031,0.11968253968253968,0.08194056512065576,0.11968253968253968,0.0,9a86a6fbb73763c0b5e73e40a45caef688bd7fda91334ae1648b58cc88c08828
20,FROZEN_C1_SOURCE_ANCHORED_LINEAR_SOFTMAX,42,104729,0.14793650793650795,0.14714434311859462,0.14793650793650795,0.023928215353938187,527363299a3e43bc2ddfa7f04d02788ccb79447b7e2c3589041fc5e0292e01e1
20,FROZEN_C1_SOURCE_ANCHORED_LINEAR_SOFTMAX,42,130363,0.14603174603174604,0.15093168201301888,0.14603174603174604,0.022684310018903593,8c042522a22f13aed66ddbd8af1b390bc17e9d93cb4760608d5bfc92cab13e2e
20,FROZEN_C1_SOURCE_ANCHORED_LINEAR_SOFTMAX,42,155921,0.16666666666666666,0.15767144094583746,0.16666666666666669,0.03463203463203463,0ea7d6826aee149ea7e2ae61462b4ca3c3dccb2b01fda09ce49a19b1eac18a10
20,FROZEN_C1_SOURCE_ANCHORED_LINEAR_SOFTMAX,42,181081,0.14857142857142858,0.14462643057074892,0.14857142857142858,0.0,d0f8c29cd6d544390402bd62f759891fd64b329415341db5287996126929da77
20,FROZEN_C1_SOURCE_ANCHORED_LINEAR_SOFTMAX,42,205439,0.1653968253968254,0.16601013787107713,0.1653968253968254,0.03773584905660377,18705cc9bcf340086f5decf1d7865d647632e9abbd72e1734a5ec57d2a03052b
20,FROZEN_C1_SOURCE_ANCHORED_LINEAR_SOFTMAX,42,230003,0.12444444444444444,0.13191223498145235,0.12444444444444444,0.01792573623559539,05660a71054b16c8b34a2a39479b18b3f96aefa9d732e8ca7fffdcdc3e25c3c0
20,FROZEN_C1_SOURCE_ANCHORED_LINEAR_SOFTMAX,42,254959,0.146984126984127,0.1457994417002788,0.14698412698412697,0.030643513789581207,f427176543eb5f023e25b1e1ad92d5d9523d2ef99603f2fbf40c2e37e433fd4b
20,FROZEN_C1_SOURCE_ANCHORED_LINEAR_SOFTMAX,42,280001,0.14539682539682539,0.1414109833888738,0.1453968253968254,0.011034482758620689,f4ee6ddca3fecb5999b1366ef1df9065aa36e7498ff4f3180ca61088eb0a7836
20,FROZEN_C1_SOURCE_ANCHORED_LINEAR_SOFTMAX,42,305093,0.14285714285714285,0.14304697181205142,0.14285714285714285,0.09553478712357218,2e8ad0def537bd8bdf0da0d2906eac26509804281a274196bb805ccc39474e46
20,FROZEN_C1_SOURCE_ANCHORED_LINEAR_SOFTMAX,42,330017,0.16476190476190475,0.16720994414176799,0.16476190476190475,0.038502673796791446,47ae77823bb42f0218bbe723508ed659a7831948f560339f208e1d483f455b7c
20,FROZEN_C1_SOURCE_ANCHORED_LINEAR_SOFTMAX,42,355031,0.1292063492063492,0.1254323343791795,0.1292063492063492,0.0076726342710997444,47541a28cab978f2a8db785246d030b9df9b8fba9e73fb7fed5642a4bbb178fe
20,FROZEN_C1_SOURCE_ANCHORED_LINEAR_SOFTMAX,42,380041,0.13587301587301587,0.13391761332200305,0.13587301587301587,0.008695652173913044,d0f05c6dd86996704a28dc737124919f4fbccf4878cacc929f02f3b0ae755529
20,FROZEN_C1_SOURCE_ANCHORED_LINEAR_SOFTMAX,42,405019,0.14857142857142858,0.15186912086577495,0.14857142857142858,0.030706243602865915,277883bcc9eb739e05e6f710f8e1b73d6694029ba83d508c102cf90c982bfbbb
20,FROZEN_C1_SOURCE_ANCHORED_LINEAR_SOFTMAX,42,430007,0.13365079365079366,0.13821267083034453,0.13365079365079366,0.030272452068617558,0daf15bd607e20ba1d3cf1f19e60281cc94995fa62d5c6f0a2bc246d6706a939
20,FROZEN_C1_SOURCE_ANCHORED_LINEAR_SOFTMAX,42,455003,0.1711111111111111,0.1588807726295127,0.17111111111111113,0.0,51239a431a9579d77caafdad3780ba7352f2a215998bc411012e7a3614c0e4af
20,FROZEN_C1_SOURCE_ANCHORED_LINEAR_SOFTMAX,42,480017,0.14857142857142858,0.14125527233767832,0.14857142857142858,0.01904761904761905,dcfe14e069128b292d81d05ddd602acfb774a201d25451bea81e18e541f83427
20,FROZEN_C1_SOURCE_ANCHORED_LINEAR_SOFTMAX,42,505027,0.13365079365079366,0.13578384204122237,0.13365079365079363,0.09699321047526673,46b3013d391bbf486a0d93ce390259b1cf0e25353697b61d66816896df8df3a8
20,FROZEN_C1_SOURCE_ANCHORED_LINEAR_SOFTMAX,42,530017,0.16095238095238096,0.1580851986516209,0.16095238095238096,0.031217481789802288,3c0b07ee2a1e6c1b65687d47420aad4fb3bb2bf89ce14cc4cf8c2c044bf90737
20,FROZEN_C1_SOURCE_ANCHORED_LINEAR_SOFTMAX,42,555029,0.2,0.20157367990742628,0.19999999999999998,0.029585798816568046,f7fb9a147e7092c13fd78422690760b5dafb11ddca9fe5789e5e36cabcf44002
20,FROZEN_C1_SOURCE_ANCHORED_LINEAR_SOFTMAX,42,580031,0.16444444444444445,0.16971637803459408,0.16444444444444445,0.10526315789473684,c01f034221f2ff9817007d615048bf73a7a19b2e6c12dc42246aa05921b3001e
20,FROZEN_C1_SOURCE_ANCHORED_LINEAR_SOFTMAX,43,104729,0.18825396825396826,0.1855728340856003,0.18825396825396826,0.10861865407319952,c40f5c06d8d18cd7bbb32d0d887926a06be6893b41d1d8ae8df09a78eb2513db
20,FROZEN_C1_SOURCE_ANCHORED_LINEAR_SOFTMAX,43,130363,0.1761904761904762,0.1760080524698084,0.1761904761904762,0.09735449735449736,642299cf1d5603478ebc8703bccb6535f304f31db004844213d93a8be150a4fa
20,FROZEN_C1_SOURCE_ANCHORED_LINEAR_SOFTMAX,43,155921,0.15936507936507938,0.13809501455082968,0.15936507936507938,0.0,f967ffd7f901bcc04d2001af726cf61ce0715acd0b799d594f68062c686adaca
20,FROZEN_C1_SOURCE_ANCHORED_LINEAR_SOFTMAX,43,181081,0.13714285714285715,0.12902680662240562,0.13714285714285715,0.007863695937090432,5364a83939712ee1196e9b1fc767d64efc42e7ef4dbbbea08458c0f999e6fafd
20,FROZEN_C1_SOURCE_ANCHORED_LINEAR_SOFTMAX,43,205439,0.19142857142857142,0.1853740780166109,0.19142857142857145,0.11241830065359477,af5c49874ef69882dd23ecd71662b910b2dac91b0c4169553ab839d953b896a7
20,FROZEN_C1_SOURCE_ANCHORED_LINEAR_SOFTMAX,43,230003,0.15587301587301589,0.1557255011609888,0.15587301587301589,0.10053475935828877,59e465804c7b272b1c7d3d60e0ebc19276f7c6165924264b6b4f5a72d7e3528a
20,FROZEN_C1_SOURCE_ANCHORED_LINEAR_SOFTMAX,43,254959,0.1295238095238095,0.11458973599572278,0.12952380952380954,0.0,6b26a9305d109aba5cc4330f12724c1622d6838c59dbad991b7ee8bb771b5edc
20,FROZEN_C1_SOURCE_ANCHORED_LINEAR_SOFTMAX,43,280001,0.13682539682539682,0.1288682756634463,0.1368253968253968,0.00851063829787234,6ae757de6d19132dc48f27e2d917437d1462ec56753a12564c9dea49f85c70f5
20,FROZEN_C1_SOURCE_ANCHORED_LINEAR_SOFTMAX,43,305093,0.1619047619047619,0.15258219488935115,0.16190476190476194,0.009259259259259259,29324ea4505fffbec315109d9a0f68f539238d7113eaec39a55eca9990816761
20,FROZEN_C1_SOURCE_ANCHORED_LINEAR_SOFTMAX,43,330017,0.1273015873015873,0.13059855843730955,0.1273015873015873,0.015677491601343786,23131cffe83c464495d02d0c1b9790018a931ffe24f307dba7f76bfc3f342362
20,FROZEN_C1_SOURCE_ANCHORED_LINEAR_SOFTMAX,43,355031,0.10253968253968254,0.0946950011498721,0.10253968253968253,0.010869565217391304,9e4ab050f4a2155a663612154c4c467d52e7555043ea0e704e4956e0422074ae
20,FROZEN_C1_SOURCE_ANCHORED_LINEAR_SOFTMAX,43,380041,0.14507936507936509,0.13614226471661897,0.14507936507936509,0.012759170653907496,1422e54e3f1f45f7a23276d1a03eb49fc4a1f8a5d0cf3431b7cf72e6019dcb7d
20,FROZEN_C1_SOURCE_ANCHORED_LINEAR_SOFTMAX,43,405019,0.17746031746031746,0.17834324758807568,0.17746031746031748,0.10526315789473684,6c72f6785d853284adac99c88cb6918208580f5b335f720e4510ba78d578b764
20,FROZEN_C1_SOURCE_ANCHORED_LINEAR_SOFTMAX,43,430007,0.1415873015873016,0.12972142296296515,0.1415873015873016,0.0,8a610bcabc99470d8fb97398d6314016419ac6c8f65e5671e056b240b6d65374
20,FROZEN_C1_SOURCE_ANCHORED_LINEAR_SOFTMAX,43,455003,0.12253968253968255,0.11864228359631863,0.12253968253968255,0.0,1b5a32496ade7ea44de7738cd30c8fe1b88113ae7370f79b209b81a3635b843a
20,FROZEN_C1_SOURCE_ANCHORED_LINEAR_SOFTMAX,43,480017,0.14603174603174604,0.1295974925583539,0.146031746031746,0.0,f8ea75f54604541417dbcfdaa9d0cbb776e204dacb3f87e0993669173257169a
20,FROZEN_C1_SOURCE_ANCHORED_LINEAR_SOFTMAX,43,505027,0.15142857142857144,0.15095456019423475,0.15142857142857144,0.09137055837563451,e126ef0264e6a8426444a3c9ededdaab1a0ea1fcc1ccb8296969b8a37071e380
20,FROZEN_C1_SOURCE_ANCHORED_LINEAR_SOFTMAX,43,530017,0.17238095238095238,0.15753353583173751,0.17238095238095236,0.0,b46b9d960ef43116d78bf48a50eca2e9fed8acc7d424d8133747f696cfb6588f
20,FROZEN_C1_SOURCE_ANCHORED_LINEAR_SOFTMAX,43,555029,0.10666666666666667,0.10473068057258839,0.10666666666666667,0.0,8c8fef23d82187fb294bb4d2b726268cd10f813be05b50fdf91276450bd11ec2
20,FROZEN_C1_SOURCE_ANCHORED_LINEAR_SOFTMAX,43,580031,0.12063492063492064,0.11764947143036877,0.12063492063492064,0.0,597fdb1219c2e875f57fed0a802cf8bdfc793ca874a9259a15ba4b81fe2fbf41
20,FROZEN_C1_SOURCE_ANCHORED_LINEAR_SOFTMAX,44,104729,0.12793650793650793,0.12018305278337238,0.12793650793650793,0.0,bbcfe68a01593ea36cd184d63a219465273ed8fb49fa0f47e2dbb7c2c970926b
20,FROZEN_C1_SOURCE_ANCHORED_LINEAR_SOFTMAX,44,130363,0.1,0.09646277151259834,0.09999999999999999,0.002355712603062426,1e4e5b8b3d262ffce9e8bbaaf0146dcab7503506306850b30a473ce5564858ea
20,FROZEN_C1_SOURCE_ANCHORED_LINEAR_SOFTMAX,44,155921,0.16285714285714287,0.14918340229626695,0.16285714285714287,0.002628120893561104,bd6443df3d5d3a0f3dd0e4be55963b00f9c7c67512b6f5b143b30b4cb891bc23
20,FROZEN_C1_SOURCE_ANCHORED_LINEAR_SOFTMAX,44,181081,0.15555555555555556,0.14299521967334877,0.15555555555555559,0.0,54f47a42f3692ec9c54bd18dbce7d7c1f8e990ce06d583a0baf4ac3deefdc740
20,FROZEN_C1_SOURCE_ANCHORED_LINEAR_SOFTMAX,44,205439,0.09936507936507936,0.09353207084984962,0.09936507936507935,0.002631578947368421,90876ed4b2f1e1e1e997d7ebcadbfdfa4bf9f8345f2fe3c0b1149895fc959b52
20,FROZEN_C1_SOURCE_ANCHORED_LINEAR_SOFTMAX,44,230003,0.12857142857142856,0.1316269853098511,0.12857142857142856,0.0,c82e6022fc4ee9a946bfd0284f9d47d30516686eb003487d9b383254b9683d79
20,FROZEN_C1_SOURCE_ANCHORED_LINEAR_SOFTMAX,44,254959,0.10063492063492063,0.09508788053925273,0.10063492063492063,0.0,cfb3a5ab5d18ec05ac7cff16920cb6e9dcb415ba729b844680edc3c3eaf4a025
20,FROZEN_C1_SOURCE_ANCHORED_LINEAR_SOFTMAX,44,280001,0.08317460317460318,0.08221356788807774,0.08317460317460316,0.0,06c25e2665284ecdc31ccb66597946f7bb46a4e05daddb544245e362d5a23e7b
20,FROZEN_C1_SOURCE_ANCHORED_LINEAR_SOFTMAX,44,305093,0.11682539682539683,0.1122607425757535,0.11682539682539682,0.0,e248fc53a3d5cef5c9615d2092d26649ff8b491580d30a50168f280997855f4e
20,FROZEN_C1_SOURCE_ANCHORED_LINEAR_SOFTMAX,44,330017,0.1165079365079365,0.11059552351098136,0.11650793650793652,0.0,08380044739e4a7a8e57a8e11c6771076a6169a996ad075ee90e11b723a99866
20,FROZEN_C1_SOURCE_ANCHORED_LINEAR_SOFTMAX,44,355031,0.1457142857142857,0.14163562276527147,0.1457142857142857,0.007741935483870968,e62a0331f7c2e92626bcd42cfa0d4cfecf375258fbf111331a13adfcede84a94
20,FROZEN_C1_SOURCE_ANCHORED_LINEAR_SOFTMAX,44,380041,0.08571428571428572,0.07533016884671963,0.08571428571428572,0.0,ed7648d84c1abdba1d0c6efa879562ea5db68a11fb85398276eace25033cf2cb
20,FROZEN_C1_SOURCE_ANCHORED_LINEAR_SOFTMAX,44,405019,0.09904761904761905,0.0966493442319063,0.09904761904761904,0.0024968789013732834,cf33ac7bed6d66957d09655d898126691b2130bd46ea2d12bc20977b1ec2adc2
20,FROZEN_C1_SOURCE_ANCHORED_LINEAR_SOFTMAX,44,430007,0.12571428571428572,0.1231611476134553,0.12571428571428572,0.0,c2b68859ff444d1bd93ddf32ab7d3a80ad3f028471f5363b7277491a3cec6595
20,FROZEN_C1_SOURCE_ANCHORED_LINEAR_SOFTMAX,44,455003,0.12380952380952381,0.11959748127689153,0.12380952380952381,0.0,75d721dd4eec06ed4936813d8eb43dab7de7842e35671b11d162e365a65fe53f
20,FROZEN_C1_SOURCE_ANCHORED_LINEAR_SOFTMAX,44,480017,0.20507936507936508,0.19611239724304683,0.2050793650793651,0.12376237623762376,c9075b11fdd6bcf2464d670dda34595e16d32fbc9659866e41969c97d51b71f2
20,FROZEN_C1_SOURCE_ANCHORED_LINEAR_SOFTMAX,44,505027,0.11460317460317461,0.10722440678383163,0.11460317460317461,0.0,4d7133b005d2c94923c50bca8eb4677037dfa2d9351df20093d048fc8adc80b0
20,FROZEN_C1_SOURCE_ANCHORED_LINEAR_SOFTMAX,44,530017,0.10444444444444445,0.106746240421463,0.10444444444444444,0.0,abe6f02bb32e792a2c1787ae8ef3af4739c614a89bb500b3e48f859f2cc0a4a7
20,FROZEN_C1_SOURCE_ANCHORED_LINEAR_SOFTMAX,44,555029,0.0926984126984127,0.09193141698852962,0.0926984126984127,0.0,c5be61cd404e33abf58fa15794b76b17a2326b3daa88eea85e51e1276db97f93
20,FROZEN_C1_SOURCE_ANCHORED_LINEAR_SOFTMAX,44,580031,0.14539682539682539,0.1458878577927997,0.14539682539682539,0.0020181634712411706,75dbc6b86aaa2d8e1819bef8ffad5633006036ca3f755640e19051b9aa4f8b24
20,FROZEN_C1_SOURCE_ANCHORED_LINEAR_SOFTMAX,45,104729,0.15047619047619049,0.15456192362086973,0.15047619047619046,0.007332722273143905,ec7c20e87ca69ae99f63c50e717e807dde5af276f230bce66f28284d1d3d6554
20,FROZEN_C1_SOURCE_ANCHORED_LINEAR_SOFTMAX,45,130363,0.13746031746031745,0.13265600723967325,0.13746031746031745,0.0,111205e75e01756a4d19bb6959e6a16ab69bc2cb9cbcef8f5e51574b66ddee89
20,FROZEN_C1_SOURCE_ANCHORED_LINEAR_SOFTMAX,45,155921,0.12317460317460317,0.10291917715665246,0.12317460317460317,0.0,86ca513197f6cdac9856692f042255700f90e6919622259682528d057887eb11
20,FROZEN_C1_SOURCE_ANCHORED_LINEAR_SOFTMAX,45,181081,0.11396825396825397,0.10529700736965096,0.11396825396825395,0.0,a2a119ecf008e10fbe8bcbfb0315d506756d2c659cf76c121b341d842661828b
20,FROZEN_C1_SOURCE_ANCHORED_LINEAR_SOFTMAX,45,205439,0.11428571428571428,0.10788883077269494,0.1142857142857143,0.009077155824508321,c008b3ef254054f1823b679378a7533ee8c118daa681adfb72d71272f3b35079
20,FROZEN_C1_SOURCE_ANCHORED_LINEAR_SOFTMAX,45,230003,0.1403174603174603,0.12117559823223288,0.14031746031746034,0.006362672322375398,a77107f15eb16a28d9b58694d99a042c13ab5f422b29a9ad4896dd51c9b345f6
20,FROZEN_C1_SOURCE_ANCHORED_LINEAR_SOFTMAX,45,254959,0.12,0.11419938716932225,0.12,0.009146341463414634,b047c9b72c2e36495fc107dfe1b5d6a202e733c6c5c33f93a0869bb35c55556f
20,FROZEN_C1_SOURCE_ANCHORED_LINEAR_SOFTMAX,45,280001,0.12380952380952381,0.11860360598403187,0.12380952380952379,0.0021231422505307855,e25d207dae8ae3074438ce3b2d078ed3033e35497606057ef8a2ec89690910d8
20,FROZEN_C1_SOURCE_ANCHORED_LINEAR_SOFTMAX,45,305093,0.13111111111111112,0.13483876642230255,0.1311111111111111,0.01407035175879397,2831e810586374a2171a14e5441985452ba1d1302aaa45077e0dfa4c911b349c
20,FROZEN_C1_SOURCE_ANCHORED_LINEAR_SOFTMAX,45,330017,0.12349206349206349,0.1201752941441736,0.12349206349206347,0.0060790273556231,5eca521a2fab001b2833147ebfe3b03ab03ed504ee90fc6dd99c652e6d74b850
20,FROZEN_C1_SOURCE_ANCHORED_LINEAR_SOFTMAX,45,355031,0.13142857142857142,0.1265618374044009,0.13142857142857142,0.0,f197575a5ead70f6aa19ce59a61161515155544a5267988035e5beee17435b37
20,FROZEN_C1_SOURCE_ANCHORED_LINEAR_SOFTMAX,45,380041,0.1292063492063492,0.13531337965069867,0.1292063492063492,0.00645682001614205,29b76a076a01ceff84eb084350af91778105c1a095bf4061977769b9f0a06767
20,FROZEN_C1_SOURCE_ANCHORED_LINEAR_SOFTMAX,45,405019,0.1288888888888889,0.12090938016120588,0.1288888888888889,0.0,acce336ce3a23717f3ec36dd18a79d170de934618cda06adcb92848b02763447
20,FROZEN_C1_SOURCE_ANCHORED_LINEAR_SOFTMAX,45,430007,0.16380952380952382,0.1642004201625055,0.1638095238095238,0.009876543209876543,37676a2ceb26b082edbf7193f242634253605a76754dcb65e565992431d74b44
20,FROZEN_C1_SOURCE_ANCHORED_LINEAR_SOFTMAX,45,455003,0.1796825396825397,0.17629029559650264,0.17968253968253967,0.0,d29f8b3e72812b06f96d01be9c896bbab2447e04595ea1f0a1e7045dcf46ef2d
20,FROZEN_C1_SOURCE_ANCHORED_LINEAR_SOFTMAX,45,480017,0.16666666666666666,0.16589255922879478,0.16666666666666669,0.00641025641025641,e8824fdb2160e0493f0661dbee8dce8ceabf48dc92dd323dfc36b3e28762c083
20,FROZEN_C1_SOURCE_ANCHORED_LINEAR_SOFTMAX,45,505027,0.15746031746031747,0.15483490315505005,0.15746031746031747,0.013986013986013986,7caf96a7d49a19e78eb43bcd78a924f66c7a9720d86479ff720d90a1f2b4d4ca
20,FROZEN_C1_SOURCE_ANCHORED_LINEAR_SOFTMAX,45,530017,0.12253968253968255,0.11195334619263016,0.12253968253968253,0.0,407bf3894d25cdb5f12eee46eef230584c359959b082f5d448d4a64d09a0fcb8
20,FROZEN_C1_SOURCE_ANCHORED_LINEAR_SOFTMAX,45,555029,0.12634920634920635,0.13215644371059682,0.12634920634920635,0.0,947227d5c492b5c7be96b3eb15b68ddfe2abeed69889d8b1a827c17066a05b9d
20,FROZEN_C1_SOURCE_ANCHORED_LINEAR_SOFTMAX,45,580031,0.12380952380952381,0.1273164385219964,0.12380952380952381,0.009107468123861567,a0836818f22bd4016ee19cf655c20d6db6966e821e85597e69f1d35ee1f2cf89
20,FROZEN_C1_SOURCE_ANCHORED_LINEAR_SOFTMAX,46,104729,0.15301587301587302,0.15653975522038208,0.15301587301587302,0.06367041198501873,c88b730f01eb6ba8eaa92b1ffbb63db6b5d95a63b1de16123f8da340b1f90d2c
20,FROZEN_C1_SOURCE_ANCHORED_LINEAR_SOFTMAX,46,130363,0.16857142857142857,0.16141275889516354,0.16857142857142857,0.009693053311793215,239bbec41c3c031c041554c23cfb5ce25ab11d65a6b2fba22f30cd743533b076
20,FROZEN_C1_SOURCE_ANCHORED_LINEAR_SOFTMAX,46,155921,0.15873015873015872,0.1505945815108436,0.15873015873015875,0.0,8dcaa798b36f8c30c77c91efa3aa29fcc0e0cbd1ba5caf2e7a447e884fcb0c42
20,FROZEN_C1_SOURCE_ANCHORED_LINEAR_SOFTMAX,46,181081,0.1580952380952381,0.152515730917295,0.1580952380952381,0.0,9c9c95d677a752e2280283c4fe51c20e8daea582db2902a4749ea3dcc7326f13
20,FROZEN_C1_SOURCE_ANCHORED_LINEAR_SOFTMAX,46,205439,0.16698412698412698,0.16693975788361884,0.16698412698412698,0.0892337536372454,8053c8d2054f5951d80c6ba8add2fbd07e7b5daf27a0296a1a49ed9ce8047eda
20,FROZEN_C1_SOURCE_ANCHORED_LINEAR_SOFTMAX,46,230003,0.15428571428571428,0.14888818232721973,0.15428571428571428,0.0,8382c44b31774432a52512de392c42724dce850b7b2d99e26ea1c68ec1b43a47
20,FROZEN_C1_SOURCE_ANCHORED_LINEAR_SOFTMAX,46,254959,0.1419047619047619,0.13114397196487812,0.14190476190476192,0.0,8e2f74df425daeab2a54606824fec58817ee35809d1a267c61190a0d7b254811
20,FROZEN_C1_SOURCE_ANCHORED_LINEAR_SOFTMAX,46,280001,0.17746031746031746,0.18169080642458396,0.17746031746031748,0.10223642172523961,50e9d2e5f5648e818a8cf8bf3ae3d9a043945120db92e9a100b1f4c63b15f0cc
20,FROZEN_C1_SOURCE_ANCHORED_LINEAR_SOFTMAX,46,305093,0.12317460317460317,0.1257748235926844,0.12317460317460317,0.0,58c38b1dcdf9ce4c89584113a4bd3de2bd9dd67f1c81e0a60e08a53956b52f70
20,FROZEN_C1_SOURCE_ANCHORED_LINEAR_SOFTMAX,46,330017,0.1434920634920635,0.13901774080477963,0.1434920634920635,0.009917355371900827,011a80fa1dbd10bb7aa913a7245a8e956e5fc3820b3a4f6e21300d4e23f0ad32
20,FROZEN_C1_SOURCE_ANCHORED_LINEAR_SOFTMAX,46,355031,0.1307936507936508,0.12503374758999616,0.13079365079365077,0.0,c7b998bdf1bc50d397a174eb4ccf29ed29fb745c33c7b711a212684bb62f82dc
20,FROZEN_C1_SOURCE_ANCHORED_LINEAR_SOFTMAX,46,380041,0.1511111111111111,0.13506526539387617,0.1511111111111111,0.0,b1a4c4293dd4946d4d0746ea003c4df054ce82d85764f6bee02a515006631626
20,FROZEN_C1_SOURCE_ANCHORED_LINEAR_SOFTMAX,46,405019,0.14222222222222222,0.14563221671914814,0.14222222222222222,0.08156028368794327,29c3ead809fa1231daa79972858d6f5d024101bb9ce63b9eac02990379bd0a1b
20,FROZEN_C1_SOURCE_ANCHORED_LINEAR_SOFTMAX,46,430007,0.16952380952380952,0.17722333923419106,0.1695238095238095,0.09372071227741331,1411f0eb34c01b5af105e539e229f90d54d3c0ee4a4ca1538cf6f603911f69b4
20,FROZEN_C1_SOURCE_ANCHORED_LINEAR_SOFTMAX,46,455003,0.14095238095238094,0.1423649097248786,0.14095238095238094,0.0,39871f047c1c33321457c012e7e2923915976ab3afae4634997fc0d7454cf1ad
20,FROZEN_C1_SOURCE_ANCHORED_LINEAR_SOFTMAX,46,480017,0.1419047619047619,0.14339592135980483,0.1419047619047619,0.11007268951194185,fdbe48ab933a7f72e7bd5b4b81e72edb6e619a6cc014c94164b9d8be8427aa36
20,FROZEN_C1_SOURCE_ANCHORED_LINEAR_SOFTMAX,46,505027,0.14603174603174604,0.13453679989928416,0.146031746031746,0.006674082313681869,7d129e94c932f14ee93cead37994f3fe472f2d856765e7187c1caf0e649e9771
20,FROZEN_C1_SOURCE_ANCHORED_LINEAR_SOFTMAX,46,530017,0.12984126984126984,0.12998926504096692,0.12984126984126984,0.0,a70eeafcef2258bbed8b8b6d45ca55ef2ad00197fd03a381fd8bd4898f4b6811
20,FROZEN_C1_SOURCE_ANCHORED_LINEAR_SOFTMAX,46,555029,0.049206349206349205,0.04862228853800832,0.049206349206349205,0.0,e446685ff472370eb3310f8a66b0f5d43f90c0b6162397253c47dcfd6f0e0692
20,FROZEN_C1_SOURCE_ANCHORED_LINEAR_SOFTMAX,46,580031,0.15174603174603174,0.1498335783821189,0.15174603174603174,0.0,a29b87fb84bf28a3552893782c3e0ab88354d5a950033d048bec15fe159c8611
21,FROZEN_C1_SOURCE_ANCHORED_LINEAR_SOFTMAX,42,104729,0.14634920634920634,0.14673401817332815,0.1463492063492063,0.024266936299292215,61f5f18aab17464996f9d11ef7a3d983802846538154025b032b3236d82ee1e4
21,FROZEN_C1_SOURCE_ANCHORED_LINEAR_SOFTMAX,42,130363,0.17492063492063492,0.176217090384273,0.17492063492063492,0.02414486921529175,aaa5349fd2af7ff05e4abb277a32489e0fb0aae7f35aff89cf2f88252fbefa0f
21,FROZEN_C1_SOURCE_ANCHORED_LINEAR_SOFTMAX,42,155921,0.16476190476190475,0.16393718698420565,0.16476190476190475,0.02600216684723727,a5d428b06ce88873251b472ba0a6b730d3285fcebf79185b110c68b616094c30
21,FROZEN_C1_SOURCE_ANCHORED_LINEAR_SOFTMAX,42,181081,0.11777777777777777,0.11497749860759128,0.11777777777777777,0.022764227642276424,0344724237184c430440a61559ead06727609ab536008c9f2ee38b56ba780aa1
21,FROZEN_C1_SOURCE_ANCHORED_LINEAR_SOFTMAX,42,205439,0.1653968253968254,0.16735793955514985,0.1653968253968254,0.027649769585253458,a0aa56bf27308ba137026024d4d23196e07fed2d25e3665c6b23b00eddc8b56c
21,FROZEN_C1_SOURCE_ANCHORED_LINEAR_SOFTMAX,42,230003,0.13238095238095238,0.13878517053975473,0.13238095238095238,0.013071895424836602,d5c9a062680f697676f5e2e698fa315d5af939f5702505f9a5720a1b9de71e01
21,FROZEN_C1_SOURCE_ANCHORED_LINEAR_SOFTMAX,42,254959,0.146984126984127,0.14727822455503795,0.146984126984127,0.025974025974025976,3e5b6164b2e72c41ce3d51d46193f74b72b370ad3bee26a535f0ce954df87d01
21,FROZEN_C1_SOURCE_ANCHORED_LINEAR_SOFTMAX,42,280001,0.14539682539682539,0.1479697147729157,0.1453968253968254,0.030612244897959183,815036bde4c2c68ce3c7bfe00f876b70c7378b2179b1bb28ccf25208c328d9ae
21,FROZEN_C1_SOURCE_ANCHORED_LINEAR_SOFTMAX,42,305093,0.18031746031746032,0.17131278578136427,0.18031746031746035,0.07407407407407407,8add897224fc67eaf9d96a03ce33a64dc467e42024a760a5e4ca4510fc5f59e0
21,FROZEN_C1_SOURCE_ANCHORED_LINEAR_SOFTMAX,42,330017,0.17873015873015874,0.1789694075535749,0.17873015873015877,0.04081632653061224,0d9a86ca3e95d6c5ae2976ca1c486fbe2ea1d27dbbf44c8cd987473fcacf30a5
21,FROZEN_C1_SOURCE_ANCHORED_LINEAR_SOFTMAX,42,355031,0.12317460317460317,0.12740544479014065,0.12317460317460317,0.029615004935834157,e5433d9a0c0a4377d262dd74add58d2273deaf08d69242bbecdde54089490470
21,FROZEN_C1_SOURCE_ANCHORED_LINEAR_SOFTMAX,42,380041,0.1438095238095238,0.1424636303997661,0.14380952380952383,0.00949367088607595,2bfbbd65f0d7482ced0ebee31de0b7c64c29bbd6c5e1e3ba0efd9a72258a19b5
21,FROZEN_C1_SOURCE_ANCHORED_LINEAR_SOFTMAX,42,405019,0.14888888888888888,0.15186644884689296,0.14888888888888888,0.030800821355236138,ba012347fc500e08a30289466f83c3ab28463af319eca68df2fb2258fff59a8b
21,FROZEN_C1_SOURCE_ANCHORED_LINEAR_SOFTMAX,42,430007,0.14825396825396825,0.15106005370453393,0.14825396825396828,0.03303964757709251,e1f319937506517f4bfc6fb0497a21037cfab38cd2ae84e5f7c7ed530e1dafec
21,FROZEN_C1_SOURCE_ANCHORED_LINEAR_SOFTMAX,42,455003,0.19047619047619047,0.18596282579787202,0.19047619047619047,0.027777777777777776,5a09730522d06dfff229a0504578c126381c7d24f2e5ebdd819258fe74cbbee9
21,FROZEN_C1_SOURCE_ANCHORED_LINEAR_SOFTMAX,42,480017,0.13111111111111112,0.13683944640868015,0.13111111111111112,0.02830188679245283,4b34870b6089a49f9b45a94ff0a39dd9e698ce95d23514779a7a10dd2c773a3f
21,FROZEN_C1_SOURCE_ANCHORED_LINEAR_SOFTMAX,42,505027,0.11968253968253968,0.11665367050030016,0.1196825396825397,0.03273322422258593,e042363a74dc4983626b39882a8503fa2ad81281ecf074b810cdfd94a33e7509
21,FROZEN_C1_SOURCE_ANCHORED_LINEAR_SOFTMAX,42,530017,0.17873015873015874,0.17636197473830637,0.1787301587301587,0.03271537622682661,12208089c4cdbab34ca4a42652a7e707700a1c0215fee30eee4846b74f6ad7a3
21,FROZEN_C1_SOURCE_ANCHORED_LINEAR_SOFTMAX,42,555029,0.19142857142857142,0.19051965551717606,0.19142857142857142,0.030800821355236138,f3c49351365d652752912cfa3196aa62d366ef3037a0332ddd65aa39f8ba3a11
21,FROZEN_C1_SOURCE_ANCHORED_LINEAR_SOFTMAX,42,580031,0.16507936507936508,0.17040304839912052,0.16507936507936508,0.10099337748344371,4ed7c926ebbff1d1b31b8848734856bb763271da4b502dadc1ec280b638161eb
21,FROZEN_C1_SOURCE_ANCHORED_LINEAR_SOFTMAX,43,104729,0.1926984126984127,0.19047999263345752,0.19269841269841267,0.09584664536741214,b9f9f314273a87b5784e85e5af15715493cea97752d4ceeb4e10f785fdb67122
21,FROZEN_C1_SOURCE_ANCHORED_LINEAR_SOFTMAX,43,130363,0.19206349206349208,0.18633889731026443,0.19206349206349205,0.10823529411764705,48d06d979192ae776c9fa94d5e448da44b30589fcb9a083df3bbb6d667ff62d7
21,FROZEN_C1_SOURCE_ANCHORED_LINEAR_SOFTMAX,43,155921,0.13174603174603175,0.1296057463178746,0.13174603174603172,0.0,0b8b4f69d0cfedc961e28ddf279803ec5127b4833abbc18ddc0ff5a7fb42510c
21,FROZEN_C1_SOURCE_ANCHORED_LINEAR_SOFTMAX,43,181081,0.11015873015873016,0.09548766559909219,0.11015873015873015,0.0,7c44b072f0d31bd15d83a9d158a04f47da2e33db987cb4b24407775be631ad8e
21,FROZEN_C1_SOURCE_ANCHORED_LINEAR_SOFTMAX,43,205439,0.19428571428571428,0.18787938245617494,0.1942857142857143,0.1239766081871345,3819b72a6631eb40673e0e8ddefb692ff0826e1a32215f12ca8a19ff4f21af03
21,FROZEN_C1_SOURCE_ANCHORED_LINEAR_SOFTMAX,43,230003,0.15301587301587302,0.14624427927068265,0.15301587301587302,0.07891491985203453,2cd22b8e835e83bec985c4577172e3a140e3407652943d69b1efcb2e26f5eefe
21,FROZEN_C1_SOURCE_ANCHORED_LINEAR_SOFTMAX,43,254959,0.16031746031746033,0.15739770057440536,0.16031746031746033,0.0,3e74534596aba988f25e52afd3fa6c21f40439be4c5023add403f77af0368ae7
21,FROZEN_C1_SOURCE_ANCHORED_LINEAR_SOFTMAX,43,280001,0.13587301587301587,0.12985482992699962,0.13587301587301587,0.007792207792207792,508066c6187683f63122db997682c02fd6cc8d8383e603cee09c181920f9cac0
21,FROZEN_C1_SOURCE_ANCHORED_LINEAR_SOFTMAX,43,305093,0.1692063492063492,0.16194329821577072,0.1692063492063492,0.0,74524e609eb9162bd7b474c7636049ab54bea92ca4d87515b10672cea49e976b
21,FROZEN_C1_SOURCE_ANCHORED_LINEAR_SOFTMAX,43,330017,0.15777777777777777,0.1580505621331942,0.1577777777777778,0.09903121636167922,f4f9df59a4a0e789bfe08ea0ded943371901fdc3fe6eacb074d6b0566305d932
21,FROZEN_C1_SOURCE_ANCHORED_LINEAR_SOFTMAX,43,355031,0.13111111111111112,0.1221985504733704,0.13111111111111112,0.014619883040935672,18289db9e1353378858cfae54b16c1d56b85ef2ee8b8a11257f1c27ed81706b1
21,FROZEN_C1_SOURCE_ANCHORED_LINEAR_SOFTMAX,43,380041,0.14476190476190476,0.14382313522842713,0.14476190476190479,0.10222222222222223,e66108231aae76c989e0e7da0f03d84bb40a1b41f4c4e0c44846cb21cd219b3e
21,FROZEN_C1_SOURCE_ANCHORED_LINEAR_SOFTMAX,43,405019,0.1765079365079365,0.17871722764689293,0.1765079365079365,0.0942883046237534,a914278d42355e382c85fdd15e5a223bba7bd89f58c343f649c5df8a99c7e7fd
21,FROZEN_C1_SOURCE_ANCHORED_LINEAR_SOFTMAX,43,430007,0.10158730158730159,0.08768663336814844,0.10158730158730159,0.0,769257698fe9f3be279c3ccd20510540a176b4d8e4e02ce24759906eb926081d
21,FROZEN_C1_SOURCE_ANCHORED_LINEAR_SOFTMAX,43,455003,0.15396825396825398,0.14965660705956396,0.153968253968254,0.0,61b80e4570ace69d20ff6824e5b427cc7fb6bfe8d20cc33e21cb059e5a040534
21,FROZEN_C1_SOURCE_ANCHORED_LINEAR_SOFTMAX,43,480017,0.15936507936507938,0.14796457426429788,0.15936507936507935,0.0,3522b8e0db9dfbaf101a069d4b2826156d7e1f666ae1fcd983c86e3f30153bf4
21,FROZEN_C1_SOURCE_ANCHORED_LINEAR_SOFTMAX,43,505027,0.13174603174603175,0.11962206444550423,0.13174603174603175,0.010568031704095112,e8e8c1e76e32b45000d14bc6860d4e47d778ededa692c369a49c12c40dd7285f
21,FROZEN_C1_SOURCE_ANCHORED_LINEAR_SOFTMAX,43,530017,0.17238095238095238,0.1552524943114956,0.17238095238095236,0.0,4d0e7835928520c00471ef67831f2042392218b018f5845aae00b64e6389602c
21,FROZEN_C1_SOURCE_ANCHORED_LINEAR_SOFTMAX,43,555029,0.09619047619047619,0.08879020940610648,0.09619047619047619,0.0,4c0390316b4e51e422b0b17856ac281afd1a848a9570fea98c2a523e36549a7d
21,FROZEN_C1_SOURCE_ANCHORED_LINEAR_SOFTMAX,43,580031,0.12444444444444444,0.12064076411380188,0.12444444444444444,0.0,ce056b0399579199bb41e21181b043841d810f2e60daa56f160ee47a5d6ad490
21,FROZEN_C1_SOURCE_ANCHORED_LINEAR_SOFTMAX,44,104729,0.12761904761904763,0.1247261207717024,0.1276190476190476,0.009248554913294798,72e9039c12b3483b66b3f3ecb40c9df2794f4c53c4e3a3f962a74ea61b911395
21,FROZEN_C1_SOURCE_ANCHORED_LINEAR_SOFTMAX,44,130363,0.11206349206349206,0.1040219239669548,0.11206349206349206,0.0,5b0db57ab35228313ecbc83a142e9a19cdd8ca45f769a8b7c8ce81d724c224a8
21,FROZEN_C1_SOURCE_ANCHORED_LINEAR_SOFTMAX,44,155921,0.14444444444444443,0.13621274807108938,0.14444444444444443,0.0020964360587002098,ccb8b6d62e3d96003b95d24d70a0bacc6736db0a78a7496acde7c4a3f22deab4
21,FROZEN_C1_SOURCE_ANCHORED_LINEAR_SOFTMAX,44,181081,0.1349206349206349,0.13041431100854692,0.13492063492063494,0.0,455b48f3e9d544b87238bb15d173fda7f402c4deebf410ba157040aa341a0ec0
21,FROZEN_C1_SOURCE_ANCHORED_LINEAR_SOFTMAX,44,205439,0.08349206349206349,0.07776112437621492,0.08349206349206348,0.0026666666666666666,d943a8671b0a60eaaa904e6e34267fd908fed7ef1f9e46539c84cb5b5e19070c
21,FROZEN_C1_SOURCE_ANCHORED_LINEAR_SOFTMAX,44,230003,0.16031746031746033,0.15523591163297118,0.16031746031746033,0.0,c578d43567f030d8d7197f224a038f2840bfdb6b5fdd7ddaa0cbb6434680a028
21,FROZEN_C1_SOURCE_ANCHORED_LINEAR_SOFTMAX,44,254959,0.133015873015873,0.13302043804300342,0.133015873015873,0.002224694104560623,e0e9f39da8520df42a4552859cff8dbd528ff5245641ec66aa1b6ee24b012533
21,FROZEN_C1_SOURCE_ANCHORED_LINEAR_SOFTMAX,44,280001,0.09746031746031746,0.09484127099234507,0.09746031746031744,0.0,2958dfa24672e8e8797ce5e3f3c444f7abfff6cd2243ff2fc00d077b8c6309ca
21,FROZEN_C1_SOURCE_ANCHORED_LINEAR_SOFTMAX,44,305093,0.1,0.0993387415318351,0.09999999999999999,0.0,fb4396e6a08aed14e78ceecc545548199788b2dcab435f70b81dbff8802eb17a
21,FROZEN_C1_SOURCE_ANCHORED_LINEAR_SOFTMAX,44,330017,0.08253968253968254,0.07737250961590195,0.08253968253968254,0.0,c2f998fb1e720a3f5a975ca409973b51a902ef72f347a73bb5fbcdf800270ced
21,FROZEN_C1_SOURCE_ANCHORED_LINEAR_SOFTMAX,44,355031,0.1419047619047619,0.14036661724342325,0.1419047619047619,0.0,dd159160aee3624fd3a41f229c1c1a98410e46d0a49180957c235acf3c477cc2
21,FROZEN_C1_SOURCE_ANCHORED_LINEAR_SOFTMAX,44,380041,0.0926984126984127,0.08420034210440355,0.0926984126984127,0.0,c28ed189c09896b1585317ade2f4b10f6f1316e74dcf393f84403aa2eb2f3714
21,FROZEN_C1_SOURCE_ANCHORED_LINEAR_SOFTMAX,44,405019,0.0980952380952381,0.09750251958506909,0.09809523809523808,0.002663115845539281,92cc8d961d872cd888a8d3ed9b0ce0346b9f9997cd5ea949965611b28cfd3d8e
21,FROZEN_C1_SOURCE_ANCHORED_LINEAR_SOFTMAX,44,430007,0.1419047619047619,0.14390910486231542,0.1419047619047619,0.0,4516a02869b010250a3f19ef9ebe053f527521d46a5d5a11c60453f8689f5a5f
21,FROZEN_C1_SOURCE_ANCHORED_LINEAR_SOFTMAX,44,455003,0.10984126984126984,0.10345127196307621,0.10984126984126984,0.0,d038606c3cf9a946783b027734c4a344d9f11dda32de8c8dfa582073843104ec
21,FROZEN_C1_SOURCE_ANCHORED_LINEAR_SOFTMAX,44,480017,0.19047619047619047,0.18425030914247786,0.1904761904761905,0.11878787878787879,1687c0a1f89dee62f07be5b4846dc16d411df238e826878d581566a5da53e64f
21,FROZEN_C1_SOURCE_ANCHORED_LINEAR_SOFTMAX,44,505027,0.1307936507936508,0.12595618413835646,0.1307936507936508,0.0,cb5ce15914f3c0b5ee569f1529282e47428e77ddb40a4ec746a39641b1c332e1
21,FROZEN_C1_SOURCE_ANCHORED_LINEAR_SOFTMAX,44,530017,0.09777777777777778,0.09983292007310599,0.09777777777777777,0.0,71685a1a05f051565eb095e84c032ae40e778b8622e7e474af6c53f326b389fc
21,FROZEN_C1_SOURCE_ANCHORED_LINEAR_SOFTMAX,44,555029,0.09174603174603174,0.09005780058199297,0.09174603174603176,0.0,4655f5a42214378a5e90913b5df0759a856e4ecd218350c7720369da29fc596c
21,FROZEN_C1_SOURCE_ANCHORED_LINEAR_SOFTMAX,44,580031,0.14507936507936509,0.14402405520410816,0.14507936507936509,0.002081165452653486,d94190e3e699c8b5625399c3e0354541f78493dca87f0ef63f7e3d8c3b7170f6
21,FROZEN_C1_SOURCE_ANCHORED_LINEAR_SOFTMAX,45,104729,0.1676190476190476,0.16279705691413854,0.1676190476190476,0.008072653884964682,f99a9b7193012fa67d1a37a270a9b5afd7ddea93cd077a159fd95c247998445f
21,FROZEN_C1_SOURCE_ANCHORED_LINEAR_SOFTMAX,45,130363,0.12095238095238095,0.11613569607917532,0.12095238095238095,0.0,c3a6ca2a50505ed07779d6c02dce98eb1615fd4556dda9bac6fe6b61c485eb1e
21,FROZEN_C1_SOURCE_ANCHORED_LINEAR_SOFTMAX,45,155921,0.10476190476190476,0.10071778716232933,0.10476190476190475,0.0,da28880e3567341bed917fcbd32bfb22d692e39a381f7bd14ae0ea7a4f264e03
21,FROZEN_C1_SOURCE_ANCHORED_LINEAR_SOFTMAX,45,181081,0.12666666666666668,0.126883219884316,0.12666666666666668,0.017434620174346202,2513406788382433e9adea506a12bf202f9f8ea231f1de5925bfaab8a65de1ad
21,FROZEN_C1_SOURCE_ANCHORED_LINEAR_SOFTMAX,45,205439,0.1165079365079365,0.10926898079806942,0.11650793650793652,0.00911854103343465,c48a7e751ae61c0b11019c8f3a0ef785b88300b5a0a3381c46a8b40f6f76e400
21,FROZEN_C1_SOURCE_ANCHORED_LINEAR_SOFTMAX,45,230003,0.1726984126984127,0.15835326655262255,0.1726984126984127,0.0066518847006651885,204245f2f29f0ec12b8673b6d73e869f808a9b94222565599b6e07ab91f66aa0
21,FROZEN_C1_SOURCE_ANCHORED_LINEAR_SOFTMAX,45,254959,0.10571428571428572,0.10065069632087074,0.10571428571428572,0.0,a2ab78049c4735bcaed1fc47051ccd7b8652957068cd695985536fb2a1f9f111
21,FROZEN_C1_SOURCE_ANCHORED_LINEAR_SOFTMAX,45,280001,0.12380952380952381,0.12046705251537818,0.12380952380952381,0.0,fcee08374333193dd9a3491521e9fe7cd0edddfe3d6fb8ac2d74f7271f403efd
21,FROZEN_C1_SOURCE_ANCHORED_LINEAR_SOFTMAX,45,305093,0.13714285714285715,0.1385985585114121,0.13714285714285715,0.016241299303944315,390e77c0445c36ca007e719e9d57f208722234578bc3b4c12145d3198a2ede1c
21,FROZEN_C1_SOURCE_ANCHORED_LINEAR_SOFTMAX,45,330017,0.12253968253968255,0.12179805279247727,0.12253968253968253,0.0,9fa7ee3aa5cc5c8da918e6defa977537d330ae8708f4355b368be796d014b44a
21,FROZEN_C1_SOURCE_ANCHORED_LINEAR_SOFTMAX,45,355031,0.14507936507936509,0.14266730980404732,0.14507936507936509,0.019662921348314606,da50f3444b7763df7c78ac9255ab650d1c466134e01abce664f74dd884d66064
21,FROZEN_C1_SOURCE_ANCHORED_LINEAR_SOFTMAX,45,380041,0.11079365079365079,0.11142734323203042,0.11079365079365079,0.0,43981ba9d5bc7598fc550275db0b9c51c75d7895e520a4283ee35ce957109434
21,FROZEN_C1_SOURCE_ANCHORED_LINEAR_SOFTMAX,45,405019,0.11428571428571428,0.11718886095835959,0.1142857142857143,0.0,1f91a0d80607c89f0cc78ecdbe2ddbba7e68c051ab18965d65d6106ebd490b54
21,FROZEN_C1_SOURCE_ANCHORED_LINEAR_SOFTMAX,45,430007,0.15206349206349207,0.14851952444179886,0.15206349206349204,0.01837270341207349,89b3150f843703eb17d3c6379491141072772a7164f05288f40662bcfcf64d1a
21,FROZEN_C1_SOURCE_ANCHORED_LINEAR_SOFTMAX,45,455003,0.13873015873015873,0.14395963212519705,0.13873015873015873,0.0,88dc2eea4778d0796b75cbff88ba38a4f1cb4a608882852629e7e7f652baabec
21,FROZEN_C1_SOURCE_ANCHORED_LINEAR_SOFTMAX,45,480017,0.15396825396825398,0.1523392541532715,0.15396825396825395,0.007042253521126761,5e38152e49c6b7fa01650f13f294bcd19f234903709fe16cc99b7141f3f1c3fa
21,FROZEN_C1_SOURCE_ANCHORED_LINEAR_SOFTMAX,45,505027,0.1288888888888889,0.1318024885512399,0.1288888888888889,0.013358778625954198,902b6899cd13a77003bd44becf4cedd43e9d2b164721ee5d385da81bb2e20cb6
21,FROZEN_C1_SOURCE_ANCHORED_LINEAR_SOFTMAX,45,530017,0.12126984126984126,0.11563761060346699,0.12126984126984126,0.0,ab3495d838aa06e4e7c8b598f048ff31be3f1c760b4c41befe33e83920022feb
21,FROZEN_C1_SOURCE_ANCHORED_LINEAR_SOFTMAX,45,555029,0.10698412698412699,0.10925187635861515,0.10698412698412697,0.0,3ff0635bc20dd30c3b5e921574eb510b91017870c56259070b22e718a73572c6
21,FROZEN_C1_SOURCE_ANCHORED_LINEAR_SOFTMAX,45,580031,0.12253968253968255,0.13034041193260315,0.12253968253968253,0.0,c4642d04d5bc2d1c94ad4f23f1df37a2e63378f6c66768b8cf1c5c6a275874aa
21,FROZEN_C1_SOURCE_ANCHORED_LINEAR_SOFTMAX,46,104729,0.1526984126984127,0.15453577817677333,0.15269841269841272,0.06601941747572816,da9ee61620459400e933cac05dc34f1fbb7c56957c58b3ce8ae3a085682e5d1b
21,FROZEN_C1_SOURCE_ANCHORED_LINEAR_SOFTMAX,46,130363,0.20095238095238097,0.19862672030099957,0.20095238095238097,0.083710407239819,eb359673d891782d70d2619eb064de48b8497158271ba1c2fc60ea9ad99c020d
21,FROZEN_C1_SOURCE_ANCHORED_LINEAR_SOFTMAX,46,155921,0.15365079365079365,0.16604912860903356,0.15365079365079365,0.07142857142857142,a34424250c934b9c7f42a0325e381f4748a0e25346e599035bd2830dcd54984e
21,FROZEN_C1_SOURCE_ANCHORED_LINEAR_SOFTMAX,46,181081,0.1434920634920635,0.14269471495638159,0.1434920634920635,0.09416195856873823,bc5d6978ca73db9126ddf11080a73fb098437a0d2399b6d26b7c1157f32f9f12
21,FROZEN_C1_SOURCE_ANCHORED_LINEAR_SOFTMAX,46,205439,0.1346031746031746,0.12988370882967634,0.13460317460317459,0.07741935483870968,92a9ccf228107bebced853a3743d36849a731681a44fef145aa1c07eea5741d9
21,FROZEN_C1_SOURCE_ANCHORED_LINEAR_SOFTMAX,46,230003,0.16031746031746033,0.15466382241772897,0.16031746031746033,0.0,9b185c1a5aa38b3024d1086beba70fe273aba395a6a6d82c210d1a8cbbc8af09
21,FROZEN_C1_SOURCE_ANCHORED_LINEAR_SOFTMAX,46,254959,0.1253968253968254,0.12478988951235867,0.1253968253968254,0.0,278885ce85ae2df2fb816f09f646aef97c4f277d227386dcef667cc7142b4a8c
21,FROZEN_C1_SOURCE_ANCHORED_LINEAR_SOFTMAX,46,280001,0.1688888888888889,0.17483103208993583,0.1688888888888889,0.08536585365853659,8bcea21420928676940dad16623ce66c208d312fae1f33e1cdc5a532cbb3bb82
21,FROZEN_C1_SOURCE_ANCHORED_LINEAR_SOFTMAX,46,305093,0.11206349206349206,0.11734037028836872,0.11206349206349207,0.0,f1f17bc76f1f551aec92d313fb52cc0185527aef0174ba7429f56a372587c1c1
21,FROZEN_C1_SOURCE_ANCHORED_LINEAR_SOFTMAX,46,330017,0.14095238095238094,0.13148353152235934,0.14095238095238094,0.009917355371900827,638d37f476593fbc3d96d1ab150e4c5e499e853bbaf406554f6c9b02b5758377
21,FROZEN_C1_SOURCE_ANCHORED_LINEAR_SOFTMAX,46,355031,0.11396825396825397,0.10871918817367414,0.11396825396825395,0.0097442143727162,eacdae5fd5abb9c04a96e189f1f5ce8a5f87f5bbb399f2820fb0ed7c54ca5dd1
21,FROZEN_C1_SOURCE_ANCHORED_LINEAR_SOFTMAX,46,380041,0.14984126984126983,0.1359922725009281,0.14984126984126986,0.0,16ffc854a3e6eecce3c26cea6dc339963e601ddf94594cb525221846a699dd41
21,FROZEN_C1_SOURCE_ANCHORED_LINEAR_SOFTMAX,46,405019,0.15746031746031747,0.16259835583304344,0.15746031746031747,0.08170515097690942,fd4ceeccb8bcab739e858f816097f44e233a96b31b659ea098a5ea1d3d8879e0
21,FROZEN_C1_SOURCE_ANCHORED_LINEAR_SOFTMAX,46,430007,0.14285714285714285,0.1436048051124612,0.14285714285714285,0.0,935aa36d690afd8f7bda6df2c5497f55c8a1ce317b734fc9a896afd6ec2d2c70
21,FROZEN_C1_SOURCE_ANCHORED_LINEAR_SOFTMAX,46,455003,0.12063492063492064,0.1290865257281876,0.12063492063492062,0.0,0480fc2c1041dac2d00a18e6bf8458b25818d60723f3ecf2debea845d9103d2a
21,FROZEN_C1_SOURCE_ANCHORED_LINEAR_SOFTMAX,46,480017,0.13174603174603175,0.13532596997713578,0.13174603174603175,0.09502923976608187,34e4897dea9ed87609978c3a8fd94320659807fc7f7d6ed3428d1b56740419a4
21,FROZEN_C1_SOURCE_ANCHORED_LINEAR_SOFTMAX,46,505027,0.16031746031746033,0.14766027569321008,0.16031746031746033,0.009868421052631578,af2f3e3e5460bbec1930ef0f3c3f3d20ec6602e994be3c5d2b8235abc2f85a20
21,FROZEN_C1_SOURCE_ANCHORED_LINEAR_SOFTMAX,46,530017,0.1742857142857143,0.17078725929214666,0.1742857142857143,0.0,9fa99572f95eea5b9f84455fb702121a421826a7d14167ea8efcb46fcde7453a
21,FROZEN_C1_SOURCE_ANCHORED_LINEAR_SOFTMAX,46,555029,0.09492063492063492,0.08793840330896437,0.09492063492063492,0.0,a614e72826be1d47f939a2e2ba15e68f187f995cb7bff87112587cac6abc8c8d
21,FROZEN_C1_SOURCE_ANCHORED_LINEAR_SOFTMAX,46,580031,0.16063492063492063,0.1591825332857745,0.16063492063492063,0.0,5071173a35dcbb7eb64faafbb376180aae990228040cfe74a9bf8fe025596867
35,FROZEN_C1_SOURCE_ANCHORED_LINEAR_SOFTMAX,42,104729,0.146984126984127,0.14695818601770677,0.146984126984127,0.034482758620689655,833d8fdbd98e6f92fffdfdc53d3032cf7b1dfc249a27f2ca8534a95df969f672
35,FROZEN_C1_SOURCE_ANCHORED_LINEAR_SOFTMAX,42,130363,0.13904761904761906,0.13748312209523705,0.13904761904761906,0.029484029484029485,f9dd53091c4f908d69e00ae4b81a3653a58e7b99e90a33611ab6ecb75e933f0f
35,FROZEN_C1_SOURCE_ANCHORED_LINEAR_SOFTMAX,42,155921,0.14507936507936509,0.14491153140710863,0.14507936507936509,0.02768166089965398,b5fe8003f1daaed072a61756aba7a16d006ca12592c8594834fae6a20ee0bea5
35,FROZEN_C1_SOURCE_ANCHORED_LINEAR_SOFTMAX,42,181081,0.13047619047619047,0.12949476447835023,0.13047619047619047,0.02771362586605081,28fe4bf5c5caa23d656b76a7e2ea99bcad3e763d093e7c7a7e082bba10aad4a0
35,FROZEN_C1_SOURCE_ANCHORED_LINEAR_SOFTMAX,42,205439,0.146984126984127,0.14785908525749636,0.146984126984127,0.03444316877152698,d8d04a265c50f86f9e1d8864c26f42adf1a1b86af99034cc952524fb5c8d99ae
35,FROZEN_C1_SOURCE_ANCHORED_LINEAR_SOFTMAX,42,230003,0.146984126984127,0.15106599315319857,0.146984126984127,0.030927835051546393,621db150a17d46921b7d73aa4e069859b7726cbbc5d8543a9ac2afbdd2b45b29
35,FROZEN_C1_SOURCE_ANCHORED_LINEAR_SOFTMAX,42,254959,0.13047619047619047,0.1300159803384174,0.13047619047619047,0.02761795166858458,7cf3d6c8d438fe5ea0bb1a38615939ec1267579249e35078915592c0a8ef695b
35,FROZEN_C1_SOURCE_ANCHORED_LINEAR_SOFTMAX,42,280001,0.14507936507936509,0.14715045730271545,0.14507936507936509,0.02481902792140641,e4f596ddc98b1b3a273a9d4d807ed80a0ce5f3d48bb53533b7844b9f58b53e57
35,FROZEN_C1_SOURCE_ANCHORED_LINEAR_SOFTMAX,42,305093,0.14126984126984127,0.1383750164759197,0.14126984126984127,0.0,76b46c6bcc090388264f130c23877d0fe83d1afbf911d71cebd76abdacefbf38
35,FROZEN_C1_SOURCE_ANCHORED_LINEAR_SOFTMAX,42,330017,0.14603174603174604,0.14585762486709103,0.14603174603174604,0.03260869565217391,fd180bcca01658ff4de8b8065536956fb17bba0ad5f84e7b5b9962bee4d388a6
35,FROZEN_C1_SOURCE_ANCHORED_LINEAR_SOFTMAX,42,355031,0.14507936507936509,0.14303867049775704,0.14507936507936509,0.03911342894393742,7aa4b22f9a77395835dcb5ceab6c76ecf2b07ee26c9cd6272630ea8bb75233ae
35,FROZEN_C1_SOURCE_ANCHORED_LINEAR_SOFTMAX,42,380041,0.16126984126984126,0.16213632760053429,0.16126984126984126,0.103954802259887,13c4c423b936cb44009a0b286161206eb3d48582becd4e8563e8aa05053c5173
35,FROZEN_C1_SOURCE_ANCHORED_LINEAR_SOFTMAX,42,405019,0.14603174603174604,0.1465215162588478,0.14603174603174604,0.03112033195020747,434a28fcd62be17aa0809d33eaa1e4ff5f87565fd6a240e9b26a986353fbc62e
35,FROZEN_C1_SOURCE_ANCHORED_LINEAR_SOFTMAX,42,430007,0.13047619047619047,0.12920827830683118,0.13047619047619047,0.02768166089965398,1f57fc99eb8cb9528339f73a1bbf6eab265123731889cf1f95b15aa8f7a6d3bd
35,FROZEN_C1_SOURCE_ANCHORED_LINEAR_SOFTMAX,42,455003,0.14095238095238094,0.13813330706404503,0.14095238095238094,0.031413612565445025,a85cfc837fe77af5afc09a072f1bfeee983e075b55719316600d4782a6bb59f3
35,FROZEN_C1_SOURCE_ANCHORED_LINEAR_SOFTMAX,42,480017,0.146984126984127,0.14821058640919005,0.146984126984127,0.030864197530864196,4c0a7fc6e8af809f0057945b4eda0352972f8c8a1e6e9596a50223c13f7910cb
35,FROZEN_C1_SOURCE_ANCHORED_LINEAR_SOFTMAX,42,505027,0.1295238095238095,0.12706983724188736,0.1295238095238095,0.031413612565445025,ea59b79aea573c425d1dee605d43fd0e4d2acd469b07b71334cf9c013e7873ab
35,FROZEN_C1_SOURCE_ANCHORED_LINEAR_SOFTMAX,42,530017,0.17333333333333334,0.17525901116080997,0.17333333333333334,0.10939357907253269,01ef4d8833e6c8b343b306a9ff7fd61eea666c3d78df8948cdc3b0913e23249d
35,FROZEN_C1_SOURCE_ANCHORED_LINEAR_SOFTMAX,42,555029,0.17809523809523808,0.18079402953471885,0.1780952380952381,0.09978308026030369,3de682f5b9aaaf2dd769fa31497e4d36dd69454c7e5d41f846c620ea81e55b2f
35,FROZEN_C1_SOURCE_ANCHORED_LINEAR_SOFTMAX,42,580031,0.16158730158730158,0.1623696123094922,0.16158730158730156,0.09292929292929293,b75bd951dbcbf1373753ca065fc12962b7883f680013a8568de668b77ee59fe6
35,FROZEN_C1_SOURCE_ANCHORED_LINEAR_SOFTMAX,43,104729,0.15841269841269842,0.15205852711517714,0.15841269841269842,0.07829181494661921,23334c90f908347d15395b986f617567fd02f45297958dbe2f49de7d4e02ea6c
35,FROZEN_C1_SOURCE_ANCHORED_LINEAR_SOFTMAX,43,130363,0.1568253968253968,0.15036016081739792,0.15682539682539684,0.0,31f203ad1d3a51a161d549c38d6f75f47a211513084178a6741f05d742dd0a66
35,FROZEN_C1_SOURCE_ANCHORED_LINEAR_SOFTMAX,43,155921,0.1761904761904762,0.17429088461128725,0.1761904761904762,0.0,317c0c2e45e15ac1da38f50c8725ae1b0ca7e56467716a8482d68187f90e3c4f
35,FROZEN_C1_SOURCE_ANCHORED_LINEAR_SOFTMAX,43,181081,0.15714285714285714,0.1510029618322813,0.1571428571428571,0.0,05d328594d330d91dd8158848b30771d8ba0fa80bd3a7af206563dbbe92a3d27
35,FROZEN_C1_SOURCE_ANCHORED_LINEAR_SOFTMAX,43,205439,0.18698412698412697,0.1815379097407567,0.186984126984127,0.08870967741935484,5c3d1233e663eb789895eec5b7bcc710f34a33fb2786361d3b2a96ae3f760388
35,FROZEN_C1_SOURCE_ANCHORED_LINEAR_SOFTMAX,43,230003,0.1580952380952381,0.1515919711314482,0.1580952380952381,0.0815822002472188,9db26a7a9179c73d694bfc56c8fe7fdce64183b200e882c4179a568956e04ef3
35,FROZEN_C1_SOURCE_ANCHORED_LINEAR_SOFTMAX,43,254959,0.13015873015873017,0.12756526433620982,0.13015873015873014,0.0,7ed7b1b74ceb2f99b4aec0c1f166de32391b8f027de28edca8dd45dfb635eb58
35,FROZEN_C1_SOURCE_ANCHORED_LINEAR_SOFTMAX,43,280001,0.18666666666666668,0.18180624348824176,0.18666666666666668,0.007481296758104738,5f539097324ac108c0b13364393a0e1649a90b696f926785b60965f81e8986d9
35,FROZEN_C1_SOURCE_ANCHORED_LINEAR_SOFTMAX,43,305093,0.14095238095238094,0.12839665426961056,0.14095238095238097,0.0,9b299ed7f2aa9fc628021e798f1f27f40ecb147e05d93b54c07d772b954c85b6
35,FROZEN_C1_SOURCE_ANCHORED_LINEAR_SOFTMAX,43,330017,0.18,0.1728260705455988,0.18,0.0,b03c2351df26ec01c92050561ad6685b7947db757147138d0a214cbb530d6f76
35,FROZEN_C1_SOURCE_ANCHORED_LINEAR_SOFTMAX,43,355031,0.15492063492063493,0.15272781250951153,0.1549206349206349,0.0,eb9e206fdd4001480eaae254e64ec5eff53210773802b947fd8f293ec7de2e98
35,FROZEN_C1_SOURCE_ANCHORED_LINEAR_SOFTMAX,43,380041,0.16031746031746033,0.15430782628781983,0.16031746031746033,0.007978723404255319,7de1260da24c087e623b60ae1a809f338e63a5cc2acac22591dee9bc5ae8bff9
35,FROZEN_C1_SOURCE_ANCHORED_LINEAR_SOFTMAX,43,405019,0.14507936507936509,0.1396466170192175,0.14507936507936509,0.0,7df4b43cebe39fff8f198b198fe35788aa52beca101c456ea91f8f814fc23cf0
35,FROZEN_C1_SOURCE_ANCHORED_LINEAR_SOFTMAX,43,430007,0.16158730158730158,0.15392817605776,0.16158730158730158,0.0,93adfa01c442df3289aad8604836ae29a8d9c41f1c445ec48224101616a340af
35,FROZEN_C1_SOURCE_ANCHORED_LINEAR_SOFTMAX,43,455003,0.16698412698412698,0.16225339290354143,0.16698412698412698,0.0,4a5ae9a0c833cee64436edc8a861ee797f14127db442932969da59884abb87ce
35,FROZEN_C1_SOURCE_ANCHORED_LINEAR_SOFTMAX,43,480017,0.15587301587301589,0.14182986500576653,0.15587301587301589,0.0,c154f8d1a902f4a2e03e371f03ac38b364c91b0c02ad9d2dd9eb2937ed846385
35,FROZEN_C1_SOURCE_ANCHORED_LINEAR_SOFTMAX,43,505027,0.18158730158730158,0.1756054114755006,0.18158730158730158,0.0,9242be1538b159829626a9ca604f3405d370ef1345f0db253bdef75f2df35f36
35,FROZEN_C1_SOURCE_ANCHORED_LINEAR_SOFTMAX,43,530017,0.13936507936507936,0.13028684658662387,0.1393650793650794,0.0,67387ff32223fb7c2361418563a804a76384d63127c0fd119e6da54d1de207e9
35,FROZEN_C1_SOURCE_ANCHORED_LINEAR_SOFTMAX,43,555029,0.16126984126984126,0.15527916408878858,0.16126984126984129,0.007537688442211055,b390ea03a7d1fa966a1662079573621e3d49d221b3e5594a3c666dbcdd25ebcf
35,FROZEN_C1_SOURCE_ANCHORED_LINEAR_SOFTMAX,43,580031,0.12984126984126984,0.13002629950775002,0.12984126984126984,0.0,d7ca60fe84976ddb082e9217709078f9c8758cacc2094cffd9e9f57a10002b36
35,FROZEN_C1_SOURCE_ANCHORED_LINEAR_SOFTMAX,44,104729,0.11206349206349206,0.11206637980221139,0.11206349206349206,0.008629989212513484,9aa5e70b8c5f3ce01ba49c121200fcff049d286f5748c8672077a098659cdf69
35,FROZEN_C1_SOURCE_ANCHORED_LINEAR_SOFTMAX,44,130363,0.09587301587301587,0.0958837595273618,0.09587301587301587,0.0,0293287ac01c9025535594443f3097e1ed05b2124ad02ea1286f93a9ea8dd13e
35,FROZEN_C1_SOURCE_ANCHORED_LINEAR_SOFTMAX,44,155921,0.12984126984126984,0.12759161237105163,0.12984126984126984,0.0,02378d192dbab0101a135aa1d068432b9d0265daff43de81fcefd69572d24a4c
35,FROZEN_C1_SOURCE_ANCHORED_LINEAR_SOFTMAX,44,181081,0.15174603174603174,0.153490904399937,0.15174603174603174,0.008849557522123894,1353cd54443f90e3ec02b1f86c557858b3a573c3679433e462d7e3e491f82243
35,FROZEN_C1_SOURCE_ANCHORED_LINEAR_SOFTMAX,44,205439,0.09777777777777778,0.09866173251169633,0.09777777777777777,0.0,e70ef5a11d96aa21697dee86ad79faf71a6bfd8a3f3c7d174e506a4a7cf574ed
35,FROZEN_C1_SOURCE_ANCHORED_LINEAR_SOFTMAX,44,230003,0.1434920634920635,0.13834754468249028,0.1434920634920635,0.009009009009009009,05459c46ededaa92b0bb15baa15bbeb22bf43bf036bfd4595768beb9e4953cc8
35,FROZEN_C1_SOURCE_ANCHORED_LINEAR_SOFTMAX,44,254959,0.14444444444444443,0.15149099093424861,0.14444444444444443,0.0019249278152069298,08579abaccb4070b48bf0a7e7ef1473a659249bc4226bedad40695d014d0413d
35,FROZEN_C1_SOURCE_ANCHORED_LINEAR_SOFTMAX,44,280001,0.1295238095238095,0.12340205116050416,0.12952380952380954,0.00749063670411985,8e3e4526801bc37464e7f845afe7ffa2f76e844cffca38dc5b6149147f231af1
35,FROZEN_C1_SOURCE_ANCHORED_LINEAR_SOFTMAX,44,305093,0.14444444444444443,0.13979892813232728,0.14444444444444443,0.0,658b03ca0139944086678b9759032ab7c02c3fe6af6877e7d72e71408c799a21
35,FROZEN_C1_SOURCE_ANCHORED_LINEAR_SOFTMAX,44,330017,0.09968253968253968,0.09731183116447585,0.09968253968253968,0.0,82369033c14b239684d3b4c829ba4bd3264818ea30308d50e5bd5954039b3d0a
35,FROZEN_C1_SOURCE_ANCHORED_LINEAR_SOFTMAX,44,355031,0.1288888888888889,0.12642024572315455,0.1288888888888889,0.0,bc0d8cb91985556f0f5251e6dabc256475b3e709d9746743245d6ac4f05c53a3
35,FROZEN_C1_SOURCE_ANCHORED_LINEAR_SOFTMAX,44,380041,0.11428571428571428,0.11018252318015886,0.11428571428571428,0.0,86bd14d1501f96553ba0b4429a422ed782c3e2e1b3a32a5beeb482d14e52d72e
35,FROZEN_C1_SOURCE_ANCHORED_LINEAR_SOFTMAX,44,405019,0.12825396825396826,0.12576860572403978,0.12825396825396826,0.0091324200913242,a5df67a4475df77faa2ae020e300064b9523a2f0700464e02876166fadb86a43
35,FROZEN_C1_SOURCE_ANCHORED_LINEAR_SOFTMAX,44,430007,0.14444444444444443,0.15029107861443133,0.14444444444444443,0.002109704641350211,d3fdd5f75a63652d2dfe2742403bc0014b57d00c8b7601eb312dc87f2465f014
35,FROZEN_C1_SOURCE_ANCHORED_LINEAR_SOFTMAX,44,455003,0.11396825396825397,0.11038610863598894,0.11396825396825397,0.007989347536617843,cdaaf3867185cec18341fad9b017d11b2c881dcb244e349f3ab59181da805c0d
35,FROZEN_C1_SOURCE_ANCHORED_LINEAR_SOFTMAX,44,480017,0.16031746031746033,0.1570880740209182,0.16031746031746033,0.009291521486643438,7619cd9982cb4e07a039f41086230885d86df6f87148f70b4a1bd60de49f0b22
35,FROZEN_C1_SOURCE_ANCHORED_LINEAR_SOFTMAX,44,505027,0.13428571428571429,0.13386833572485968,0.13428571428571429,0.008559201141226819,73fdf37421a4c886a1bda2df1ac2e75415e8dc6bff087ca3a39bb451ea32a0f3
35,FROZEN_C1_SOURCE_ANCHORED_LINEAR_SOFTMAX,44,530017,0.1292063492063492,0.12054425697082964,0.12920634920634919,0.0,ea8ffa25a51867dde46d909fc2911555009205bfa02c370e005166c897929273
35,FROZEN_C1_SOURCE_ANCHORED_LINEAR_SOFTMAX,44,555029,0.11365079365079366,0.1096281479353834,0.11365079365079364,0.0,8e61f95d4dcbc0568a98b28384f6896de7b3facb3e1198a64ef8481c32cea4d4
35,FROZEN_C1_SOURCE_ANCHORED_LINEAR_SOFTMAX,44,580031,0.09873015873015872,0.09773856910786002,0.09873015873015874,0.0,66756f2b4ac78a2b07c404a315f7764f3a2eed95931ebaf7c47558dc1098e9d7
35,FROZEN_C1_SOURCE_ANCHORED_LINEAR_SOFTMAX,45,104729,0.13746031746031745,0.13507602571466937,0.13746031746031745,0.0,507750fe31f68aedffe3b9417a0cf220c768ef642c99e121698447c85b780163
35,FROZEN_C1_SOURCE_ANCHORED_LINEAR_SOFTMAX,45,130363,0.15174603174603174,0.15344684408604728,0.15174603174603174,0.0,18ffe276436c551330158cefc5fc21ecdec9d3f7f6af076fa71ac81ae42a8bf8
35,FROZEN_C1_SOURCE_ANCHORED_LINEAR_SOFTMAX,45,155921,0.12349206349206349,0.11765548615727131,0.1234920634920635,0.0,c7b9548b269ed45af54a708c1908edc3835e1b3615a97321babea7136741faa1
35,FROZEN_C1_SOURCE_ANCHORED_LINEAR_SOFTMAX,45,181081,0.1546031746031746,0.15109415284270963,0.1546031746031746,0.018494055482166448,ca8df01bb149d77431875eb6ca04b2dd21ccbfbcf663e04e9c5e5c01ee92295d
35,FROZEN_C1_SOURCE_ANCHORED_LINEAR_SOFTMAX,45,205439,0.14063492063492064,0.13696467895135275,0.1406349206349206,0.010796221322537112,5188abad290f4d55f490c309c90d2e410b5d208e69417e146556c61ced32f868
35,FROZEN_C1_SOURCE_ANCHORED_LINEAR_SOFTMAX,45,230003,0.11333333333333333,0.114666441262628,0.11333333333333331,0.0,7482c75da567051f96ef17309e6d059a5521086e4720a7fb8c424cbde461a7bd
35,FROZEN_C1_SOURCE_ANCHORED_LINEAR_SOFTMAX,45,254959,0.1526984126984127,0.15046601135599216,0.15269841269841272,0.00935672514619883,265ea11e10fb4967c6184ccd225f2aea985a0284970ba27ef70c853acfc10546
35,FROZEN_C1_SOURCE_ANCHORED_LINEAR_SOFTMAX,45,280001,0.12857142857142856,0.13534156301201522,0.12857142857142856,0.0,c47b4e74f27ccd467b1d4024cda5cf631806a67280cb9b2a4cbb0d568a9822e7
35,FROZEN_C1_SOURCE_ANCHORED_LINEAR_SOFTMAX,45,305093,0.13873015873015873,0.13623140986110957,0.13873015873015873,0.0,1bbfc3f4469162444066beadfc1f056178cf912f937f007cda661cd6b83d6748
35,FROZEN_C1_SOURCE_ANCHORED_LINEAR_SOFTMAX,45,330017,0.12349206349206349,0.11720126652755655,0.12349206349206347,0.0,7d0978442a9f2639511adcfb5dc551676dcc76c4ebe64336b2a934f6ce63058c
35,FROZEN_C1_SOURCE_ANCHORED_LINEAR_SOFTMAX,45,355031,0.13904761904761906,0.1373249046239524,0.13904761904761906,0.0,a6ab9d4c6118636ae39420257c90bdda0f5aa3cee8b2dec9f3f3c114ccea4ca7
35,FROZEN_C1_SOURCE_ANCHORED_LINEAR_SOFTMAX,45,380041,0.12761904761904763,0.13448414616994733,0.1276190476190476,0.0,78c3830657537defd16572a7a9a5e66a25f2133e2985240fad7bea7a82298a95
35,FROZEN_C1_SOURCE_ANCHORED_LINEAR_SOFTMAX,45,405019,0.1511111111111111,0.15470951707892938,0.1511111111111111,0.01533406352683461,6a5aee821a60fd99df5638fc4c552c4f2ef39def5e52a93f4f17c387081736d4
35,FROZEN_C1_SOURCE_ANCHORED_LINEAR_SOFTMAX,45,430007,0.1526984126984127,0.15153204866702627,0.15269841269841272,0.00936768149882904,b38f1c0a049ee9f5e683b67cf913ae535f8cbbaa9d68be6b061ec67721f96cb0
35,FROZEN_C1_SOURCE_ANCHORED_LINEAR_SOFTMAX,45,455003,0.14539682539682539,0.14890988471466773,0.1453968253968254,0.0,dd72666fec492132d597a7bec44beb9ac986a5f4b76982bbaf3c5c6b19b932ea
35,FROZEN_C1_SOURCE_ANCHORED_LINEAR_SOFTMAX,45,480017,0.12698412698412698,0.12452438311517887,0.12698412698412698,0.0,d38d4f5e4ef683ba01addddd0d1349bfd8edf7909e8da798b2aabb756d9913dc
35,FROZEN_C1_SOURCE_ANCHORED_LINEAR_SOFTMAX,45,505027,0.15492063492063493,0.15012277820811107,0.15492063492063493,0.030257186081694403,9da4cd6cf6c36b411f408aa581de3ca8ee11a4d214742c02508a0f0ba6ab1e37
35,FROZEN_C1_SOURCE_ANCHORED_LINEAR_SOFTMAX,45,530017,0.11460317460317461,0.11840710600179517,0.1146031746031746,0.0,b21758d3f39755b9c626a75bb815df4e139608f7cc664dd02732801c0c092eda
35,FROZEN_C1_SOURCE_ANCHORED_LINEAR_SOFTMAX,45,555029,0.12666666666666668,0.1303637213618682,0.12666666666666665,0.007744433688286544,cd87cd52be091fe6223ba057fff8d6d764e54db75fb38fb296311ad26d408104
35,FROZEN_C1_SOURCE_ANCHORED_LINEAR_SOFTMAX,45,580031,0.11492063492063492,0.11306305021604104,0.11492063492063491,0.0,8cb3cad63bf256cbe035c2d4a759b11a1bbc738d0936a2e9750bc4e5a8f0c90a
35,FROZEN_C1_SOURCE_ANCHORED_LINEAR_SOFTMAX,46,104729,0.1546031746031746,0.15570308454389767,0.1546031746031746,0.03009259259259259,3ec97cc73e76c6d692f135da96a8b54e1322191d0bd06737b441a5492baf4a55
35,FROZEN_C1_SOURCE_ANCHORED_LINEAR_SOFTMAX,46,130363,0.16380952380952382,0.1661325439970631,0.16380952380952382,0.01256281407035176,1e6fea0c3cf04a413bc4a654e5f4d395b4460ae26a7d2f43a0ba8043ccbb52b4
35,FROZEN_C1_SOURCE_ANCHORED_LINEAR_SOFTMAX,46,155921,0.16857142857142857,0.1692586181518589,0.1685714285714286,0.07456140350877193,4c45c2d13da538effbf30852fe8d2d5d8c4ffadfb7c5006585ce8a1b0a595aaf
35,FROZEN_C1_SOURCE_ANCHORED_LINEAR_SOFTMAX,46,181081,0.17873015873015874,0.1793963140075984,0.17873015873015877,0.0,04dd04bbd690a51f9c362759c37b2c53238d996e55b6990a073d7f8c09ebf592
35,FROZEN_C1_SOURCE_ANCHORED_LINEAR_SOFTMAX,46,205439,0.15365079365079365,0.14821290653670682,0.15365079365079365,0.009962640099626401,a67a0866301d071f13ea9e6d030d8d1f4b9449e6e5caae1368c0921b97c40f1d
35,FROZEN_C1_SOURCE_ANCHORED_LINEAR_SOFTMAX,46,230003,0.1707936507936508,0.17415659794496324,0.17079365079365078,0.014736842105263158,da0e3e51ab8f6abe2076e3374a55744a3ef3cd05faab2e9b536439d8b886d542
35,FROZEN_C1_SOURCE_ANCHORED_LINEAR_SOFTMAX,46,254959,0.13047619047619047,0.1293179501149371,0.13047619047619047,0.0,d178bf5f8a19fef5f2c3ccbd4aaa6a142430877a315b54de2330aa241f5409a5
35,FROZEN_C1_SOURCE_ANCHORED_LINEAR_SOFTMAX,46,280001,0.19142857142857142,0.19865806355534596,0.19142857142857142,0.07046632124352331,478352943fa52c7b44f911823360cb70b715deead1088e441ce9c047e5187d89
35,FROZEN_C1_SOURCE_ANCHORED_LINEAR_SOFTMAX,46,305093,0.11396825396825397,0.11382869209525162,0.11396825396825395,0.0,b7a01e2017d6f3b6e4665ea67f62ae98408f7d4608d210ee5d22be3ce27d92fb
35,FROZEN_C1_SOURCE_ANCHORED_LINEAR_SOFTMAX,46,330017,0.18666666666666668,0.18603113543094876,0.18666666666666668,0.07727272727272727,7963cad49277698a42cdc62395a97c81c915f86b186c05dc76b45a700ad3dd0d
35,FROZEN_C1_SOURCE_ANCHORED_LINEAR_SOFTMAX,46,355031,0.15968253968253968,0.15998518330851666,0.15968253968253968,0.009557945041816009,4205e2590b10d5a8e6a98eb14c7a9fcc46d3e633b8d54ccada822a7c7bb35d19
35,FROZEN_C1_SOURCE_ANCHORED_LINEAR_SOFTMAX,46,380041,0.1819047619047619,0.1788642704508046,0.18190476190476187,0.09387755102040816,f033629152ec630a1c7a81b474d4925c62d79122ce77dfbf0c11f87497435067
35,FROZEN_C1_SOURCE_ANCHORED_LINEAR_SOFTMAX,46,405019,0.1361904761904762,0.13916761444451692,0.13619047619047617,0.047311827956989246,558e9eb2072554c91a3be38acb80f67481b97667a932413cce8a81a6af6e8aa6
35,FROZEN_C1_SOURCE_ANCHORED_LINEAR_SOFTMAX,46,430007,0.13968253968253969,0.14114410931209662,0.13968253968253969,0.0,bb22a96001bce45587b060c130b72830a543e2a0356523a1a0e843c11e928a41
35,FROZEN_C1_SOURCE_ANCHORED_LINEAR_SOFTMAX,46,455003,0.18698412698412697,0.18618131687059905,0.18698412698412697,0.011142061281337047,6d3e0280cea00f27059ed76a6468f6912ad8bc39366f4daa8b8490939c4365f2
35,FROZEN_C1_SOURCE_ANCHORED_LINEAR_SOFTMAX,46,480017,0.16984126984126985,0.16840435466392562,0.16984126984126988,0.1130952380952381,80e8df03eeae2cad8d264570f8acc1208b1915a1c5213b5a062dcd3690e08b28
35,FROZEN_C1_SOURCE_ANCHORED_LINEAR_SOFTMAX,46,505027,0.18317460317460318,0.1847414821781559,0.18317460317460316,0.01411764705882353,648e95b82a14fc9860da6a5503c566418cb45982263fb575352c595087a02f80
35,FROZEN_C1_SOURCE_ANCHORED_LINEAR_SOFTMAX,46,530017,0.18444444444444444,0.1803487512868634,0.18444444444444444,0.10490307867730901,c9d5bfa5bb7b8359fc44ccd7c504cfdac49af27b35b4f1dc1fe8f3c104b6d201
35,FROZEN_C1_SOURCE_ANCHORED_LINEAR_SOFTMAX,46,555029,0.15428571428571428,0.148536682304124,0.1542857142857143,0.015904572564612324,6de86d905232dcebf0c94ea5c61db7116de0b9f32d238a29239cde1a07688045
35,FROZEN_C1_SOURCE_ANCHORED_LINEAR_SOFTMAX,46,580031,0.17174603174603176,0.16840442324427313,0.17174603174603173,0.0,21c909ca6d40d3c8367e21833286da5c9de43aaf2cbe5091e2e042492533a8e3
50,FROZEN_C1_SOURCE_ANCHORED_LINEAR_SOFTMAX,42,104729,0.1619047619047619,0.1648639692855149,0.1619047619047619,0.09435897435897436,177fd0982a681002a2380e58abcfc11ffb5d78295b60040d12095a4bf5c2156a
50,FROZEN_C1_SOURCE_ANCHORED_LINEAR_SOFTMAX,42,130363,0.14539682539682539,0.14565871473419056,0.1453968253968254,0.0262582056892779,6a256a55e96eb4b84370fe287b8acd6f736eb2b5520f10baaea86c21b8cc77ad
50,FROZEN_C1_SOURCE_ANCHORED_LINEAR_SOFTMAX,42,155921,0.16095238095238096,0.1580051597284724,0.16095238095238096,0.02761795166858458,0fd29f39b5a38b62993a3a41bd86cd150021115e559155a69f6b535ecc1e51c7
50,FROZEN_C1_SOURCE_ANCHORED_LINEAR_SOFTMAX,42,181081,0.14507936507936509,0.14666281373027054,0.14507936507936509,0.026030368763557483,1ba9ef623452b0edf68f70244b91926253362168d2c562f6067587e5252c259b
50,FROZEN_C1_SOURCE_ANCHORED_LINEAR_SOFTMAX,42,205439,0.14888888888888888,0.15095320641668902,0.1488888888888889,0.03058103975535168,0623b60890327b2b16551463959fcb340cf81d6ff5f09b70bff1ad24b75ca9af
50,FROZEN_C1_SOURCE_ANCHORED_LINEAR_SOFTMAX,42,230003,0.13111111111111112,0.13052874489452718,0.13111111111111112,0.034722222222222224,ca8ef301de11fe89ad1f806535e2b701544ccc0858cab411c8346f9c1599660a
50,FROZEN_C1_SOURCE_ANCHORED_LINEAR_SOFTMAX,42,254959,0.146984126984127,0.14526317336463324,0.146984126984127,0.03444316877152698,f388a7aef66e2dd5f9bb07218b4d7ee13a7d34187fb06f43406b85a9639d3047
50,FROZEN_C1_SOURCE_ANCHORED_LINEAR_SOFTMAX,42,280001,0.14507936507936509,0.14549345021038537,0.14507936507936509,0.025157232704402517,6c0312f4b1eddf167b26a6cff6e03117823dad8eca0a346ca78c1ae2fb70a445
50,FROZEN_C1_SOURCE_ANCHORED_LINEAR_SOFTMAX,42,305093,0.14412698412698413,0.14478159415755318,0.14412698412698413,0.024793388429752067,c339b8f44f723d4a56d42c5ef4c57b8a55a5f5d997ffc6477bd0319d38487b70
50,FROZEN_C1_SOURCE_ANCHORED_LINEAR_SOFTMAX,42,330017,0.146984126984127,0.150459468477913,0.146984126984127,0.02926829268292683,c360584a662a35abcc8afef75163f581a25db94bfdf0eb9603b1a05ae7a1f1f1
50,FROZEN_C1_SOURCE_ANCHORED_LINEAR_SOFTMAX,42,355031,0.14507936507936509,0.14643926467444476,0.14507936507936509,0.02622950819672131,4c45e3aee437e41f898026f65df086587694f8d7ddba0c1d7173dd68238b5d75
50,FROZEN_C1_SOURCE_ANCHORED_LINEAR_SOFTMAX,42,380041,0.14634920634920634,0.1467053159900378,0.14634920634920637,0.02631578947368421,7abe84cea8bf4cea8247b976f577d0309041343f6127d9480aa2e924fb8064c3
50,FROZEN_C1_SOURCE_ANCHORED_LINEAR_SOFTMAX,42,405019,0.146984126984127,0.14507032056496436,0.146984126984127,0.027777777777777776,5134acae4acb298a5188828016e65fca152f848702879450d4307075beedb928
50,FROZEN_C1_SOURCE_ANCHORED_LINEAR_SOFTMAX,42,430007,0.1415873015873016,0.1386913531850292,0.1415873015873016,0.0,6b541eed47b204e8b78dfcfb83cb8b64b0e5654f6c2b0549a8cab326159a5223
50,FROZEN_C1_SOURCE_ANCHORED_LINEAR_SOFTMAX,42,455003,0.14603174603174604,0.14593579434068685,0.14603174603174604,0.03282275711159737,f5f8ae0a3dea1748cd40bcafa6f215b3f0cb3a8cb5f7476cc13ba4448ad2b89f
50,FROZEN_C1_SOURCE_ANCHORED_LINEAR_SOFTMAX,42,480017,0.14603174603174604,0.14569332783530475,0.14603174603174604,0.025,599dacd1b481eb84052f961df19f48e4e0070612c77c2ea53edf0d7c82148ebd
50,FROZEN_C1_SOURCE_ANCHORED_LINEAR_SOFTMAX,42,505027,0.146984126984127,0.14733507305002616,0.146984126984127,0.031023784901758014,a074a6cfc5e862f3f793d69e98d451fa3ec71479e5df1d4ed203b1576ec44e10
50,FROZEN_C1_SOURCE_ANCHORED_LINEAR_SOFTMAX,42,530017,0.14507936507936509,0.14456852711661433,0.14507936507936509,0.027649769585253458,b004cecedf041ddd152bf36483ee40688b5242fa1b68f6ee5eefd9cab5bb8459
50,FROZEN_C1_SOURCE_ANCHORED_LINEAR_SOFTMAX,42,555029,0.14603174603174604,0.14733251457222957,0.14603174603174604,0.02494802494802495,4b517d29c32030804dd5b6521e990c97bc4d3637f898f0f7b3f31410882e5df2
50,FROZEN_C1_SOURCE_ANCHORED_LINEAR_SOFTMAX,42,580031,0.16285714285714287,0.16528964664710627,0.16285714285714287,0.10430839002267574,5e1403b184ef02e527ab3404a85d837cb8c7a0cd39a7bdca9f082446e7d594c3
50,FROZEN_C1_SOURCE_ANCHORED_LINEAR_SOFTMAX,43,104729,0.1765079365079365,0.17557596512015963,0.17650793650793653,0.0935910478128179,cb8ac41dd78ec63b5717877326d5fa5f942799a2158c9c39aeb3cb6bb6110b39
50,FROZEN_C1_SOURCE_ANCHORED_LINEAR_SOFTMAX,43,130363,0.19174603174603175,0.19048942626023144,0.19174603174603175,0.00796812749003984,5af54521528fe08710c95dbaf2ade48efbc015939351235d0050613125729f11
50,FROZEN_C1_SOURCE_ANCHORED_LINEAR_SOFTMAX,43,155921,0.1365079365079365,0.1243578588119186,0.1365079365079365,0.0,90481b12511d408baa36a5933db8a9036b1cc8b3cd7a6b67b1384a317f39af24
50,FROZEN_C1_SOURCE_ANCHORED_LINEAR_SOFTMAX,43,181081,0.1326984126984127,0.12383395388343714,0.1326984126984127,0.0,cb9b52b8c1cb0add71acf018629f75ca50893c970d04de9e1a4339bc1337f092
50,FROZEN_C1_SOURCE_ANCHORED_LINEAR_SOFTMAX,43,205439,0.1580952380952381,0.15520482989178433,0.15809523809523812,0.0022346368715083797,f223caf2a3bb002448cc646fe919979926aef07fc5b7971ded70e08a84771b67
50,FROZEN_C1_SOURCE_ANCHORED_LINEAR_SOFTMAX,43,230003,0.1907936507936508,0.1858673439174773,0.1907936507936508,0.10993657505285412,2ed89008de6cc7f955a04fcb6a0582684fa76cc2c5d7afd05fa3cef3465041fa
50,FROZEN_C1_SOURCE_ANCHORED_LINEAR_SOFTMAX,43,254959,0.15873015873015872,0.16034613596278505,0.15873015873015875,0.0,14cd4fbf9b0d43459773d645e783c6bee42ac30cd75f0573e65d80e71a41af98
50,FROZEN_C1_SOURCE_ANCHORED_LINEAR_SOFTMAX,43,280001,0.14761904761904762,0.14257719930286164,0.14761904761904762,0.0,9ca51906e3ab3cf83564ffc1b1633f68da14813fa04f59383f1eb35ea6f00656
50,FROZEN_C1_SOURCE_ANCHORED_LINEAR_SOFTMAX,43,305093,0.14793650793650795,0.14695500410584136,0.14793650793650798,0.006355932203389831,fd43acb1ee2884f911b62763589923badd580658398c9299613eb181ada8ed7a
50,FROZEN_C1_SOURCE_ANCHORED_LINEAR_SOFTMAX,43,330017,0.16317460317460317,0.1566062106269945,0.16317460317460317,0.0,dbce7f44ef2a3743c0bcd5f58fbd482aa9066b90e313553a8d47cc1ad8b7d829
50,FROZEN_C1_SOURCE_ANCHORED_LINEAR_SOFTMAX,43,355031,0.16825396825396827,0.16349037522063586,0.1682539682539683,0.0,8584cd0444f885b242341ee7a0050a70c80e20fe08eefb22e8f31e306ef61ba0
50,FROZEN_C1_SOURCE_ANCHORED_LINEAR_SOFTMAX,43,380041,0.16253968253968254,0.15572425727898015,0.16253968253968257,0.007444168734491315,91a0b31c5ee24cb408c7cc8ffa1d360170ad97f95eaa5e12851b18a074960354
50,FROZEN_C1_SOURCE_ANCHORED_LINEAR_SOFTMAX,43,405019,0.15904761904761905,0.15410673755320134,0.15904761904761905,0.0,7a820e22dec772187a1a394af5d59ce385e2a16948af78f283e2a1397e2852b4
50,FROZEN_C1_SOURCE_ANCHORED_LINEAR_SOFTMAX,43,430007,0.17936507936507937,0.16529933193478022,0.17936507936507937,0.0,41c4b76a31473431b2b14b62d95a44dee79aa4a9edf2e4440eb16ff6138e97b4
50,FROZEN_C1_SOURCE_ANCHORED_LINEAR_SOFTMAX,43,455003,0.15841269841269842,0.1529698053023477,0.1584126984126984,0.0,fe4c2fc058a9f378bcf313d5d239be64618e60192f2d6cf6a0fe5a5f247b0844
50,FROZEN_C1_SOURCE_ANCHORED_LINEAR_SOFTMAX,43,480017,0.18222222222222223,0.17744561463811298,0.18222222222222223,0.04398148148148148,0737998fe15e9d3954216c4c16f15e268a88407759ffd83bde7f6d4ae0f33473
50,FROZEN_C1_SOURCE_ANCHORED_LINEAR_SOFTMAX,43,505027,0.19650793650793652,0.18913316245118056,0.19650793650793652,0.0,95dcc181dddb1246a132f1bd26a894bca1908530cee22a9c878a335c3cb322a0
50,FROZEN_C1_SOURCE_ANCHORED_LINEAR_SOFTMAX,43,530017,0.16285714285714287,0.1562265892521442,0.16285714285714284,0.0,c5fd83da7688f118b32f6bc8c0423ad7e60e35c2dc483bd1b255cf3b58119107
50,FROZEN_C1_SOURCE_ANCHORED_LINEAR_SOFTMAX,43,555029,0.1438095238095238,0.13951576982025618,0.14380952380952383,0.0,20a4a13888f3e11dc20c3705385bc14c4961c3041ae86949415fce6203c6addc
50,FROZEN_C1_SOURCE_ANCHORED_LINEAR_SOFTMAX,43,580031,0.14539682539682539,0.13935694356876527,0.1453968253968254,0.0,e6c12ee0c9cce2392da2a886c5616d213cac4542bf04708f63bce1bea947a75d
50,FROZEN_C1_SOURCE_ANCHORED_LINEAR_SOFTMAX,44,104729,0.09396825396825396,0.09679044597511946,0.09396825396825396,0.007984031936127744,b5abcbddab6afffd4884d0977dac7e6007972f25bf6f04f3b74d5293ad658b5b
50,FROZEN_C1_SOURCE_ANCHORED_LINEAR_SOFTMAX,44,130363,0.10666666666666667,0.10696350091895059,0.10666666666666666,0.010224948875255624,333fc4d79413dcc9587f898091ca8c2cce87f99040d438668b8522350b7e0189
50,FROZEN_C1_SOURCE_ANCHORED_LINEAR_SOFTMAX,44,155921,0.13015873015873017,0.1271068144628366,0.13015873015873017,0.0023781212841854932,ca8417d53da58d94082ad99412d063b9a61faf63617a713dc3eaf1d3fd002480
50,FROZEN_C1_SOURCE_ANCHORED_LINEAR_SOFTMAX,44,181081,0.11873015873015873,0.11370098942166176,0.11873015873015871,0.009478672985781991,6d33b350e77495a47aa5ecd595e100c1cf9d80abc12495b006969fe689e4c2de
50,FROZEN_C1_SOURCE_ANCHORED_LINEAR_SOFTMAX,44,205439,0.11047619047619048,0.11013717480537687,0.11047619047619048,0.001998001998001998,d78188abd23c0689fbc8ba6a2422e717981cbe03c41d83db2677d648beabb20e
50,FROZEN_C1_SOURCE_ANCHORED_LINEAR_SOFTMAX,44,230003,0.1307936507936508,0.1232759377838106,0.13079365079365077,0.007989347536617843,1d8432b7637b4d5053330e77e6f5b54c4ca04b64868eb86077b47eb0f90eaddd
50,FROZEN_C1_SOURCE_ANCHORED_LINEAR_SOFTMAX,44,254959,0.09142857142857143,0.0868062292465952,0.09142857142857141,0.0,31470783f718a1db3acd0e5d66da862f117c133fc541be92b20c6bc3f5145137
50,FROZEN_C1_SOURCE_ANCHORED_LINEAR_SOFTMAX,44,280001,0.11460317460317461,0.10664639378817309,0.1146031746031746,0.0,2de09f37ae5f51ec4203aa9f5e9b763f51b85239f5ad273626e5e718803c3f9e
50,FROZEN_C1_SOURCE_ANCHORED_LINEAR_SOFTMAX,44,305093,0.1288888888888889,0.12606761058321195,0.1288888888888889,0.0022471910112359553,747822e96bd4ebfd46a480ee59fa72533049c5155728c61bde2e06437be3f0d8
50,FROZEN_C1_SOURCE_ANCHORED_LINEAR_SOFTMAX,44,330017,0.11523809523809524,0.1135969968947549,0.11523809523809524,0.0097442143727162,61f1d7b7710e2d7c6921441e5ac10c0ee394183ea5607b8434c136cc24ff9634
50,FROZEN_C1_SOURCE_ANCHORED_LINEAR_SOFTMAX,44,355031,0.10063492063492063,0.09696535795207317,0.10063492063492063,0.0,d05e323258915ae0769afa8ee0a8c599d43f6b7025969ecb5a30770a639b5aed
50,FROZEN_C1_SOURCE_ANCHORED_LINEAR_SOFTMAX,44,380041,0.11428571428571428,0.10798625744078283,0.11428571428571428,0.0,bcaf4a5f3cf0f346939267298caa890d8ab51d15f04b3493a207d871db6a6894
50,FROZEN_C1_SOURCE_ANCHORED_LINEAR_SOFTMAX,44,405019,0.1568253968253968,0.14579651027345134,0.1568253968253968,0.002861230329041488,754229f46a058b6cba350b8b1c979ef408936544220c4531efde9b86d28692c1
50,FROZEN_C1_SOURCE_ANCHORED_LINEAR_SOFTMAX,44,430007,0.09841269841269841,0.09669386130046344,0.09841269841269841,0.0,7628d8e76ee3ad8480c9c20586d9367d11d78aa595727c4e20dc42495b77591b
50,FROZEN_C1_SOURCE_ANCHORED_LINEAR_SOFTMAX,44,455003,0.12857142857142856,0.12050268000353358,0.1285714285714286,0.0,3e04ae536bab6f21f5c08ed94ca224190c24040edc1a1c4a952d12d9bcfc6a7f
50,FROZEN_C1_SOURCE_ANCHORED_LINEAR_SOFTMAX,44,480017,0.11333333333333333,0.10937092723349472,0.11333333333333333,0.002328288707799767,2066ded80c0759dc756f0df4f1cb71fc4586540b921526459a7254d3671abb14
50,FROZEN_C1_SOURCE_ANCHORED_LINEAR_SOFTMAX,44,505027,0.11523809523809524,0.11330948236213834,0.11523809523809524,0.007407407407407408,84d27e74f4d66b704fbf417d7ebf9917f2489ca29471aa43ee46c1def55a1329
50,FROZEN_C1_SOURCE_ANCHORED_LINEAR_SOFTMAX,44,530017,0.14603174603174604,0.1403208573845695,0.146031746031746,0.0026560424966799467,c48db82069dd7dd29bde4dc15b71a737209d40ef945c989ca2b4d243f66596ee
50,FROZEN_C1_SOURCE_ANCHORED_LINEAR_SOFTMAX,44,555029,0.10507936507936508,0.1035020063071996,0.10507936507936508,0.009389671361502348,8c498d13ac8e53e821993c3a760ab3992da58608988d189c6404c032c5b64f98
50,FROZEN_C1_SOURCE_ANCHORED_LINEAR_SOFTMAX,44,580031,0.11523809523809524,0.11315310617028125,0.11523809523809524,0.0,5b7b640408dbfdcad68be6060a17051ec9eb3b98b2e598e3eebf0fb50b5b11e0
50,FROZEN_C1_SOURCE_ANCHORED_LINEAR_SOFTMAX,45,104729,0.1457142857142857,0.14542422365848923,0.1457142857142857,0.014659685863874346,456ca17257b6c8eb0f0f1275a902090ac17a6fae482f91328b1a09c44eb84e60
50,FROZEN_C1_SOURCE_ANCHORED_LINEAR_SOFTMAX,45,130363,0.11841269841269841,0.11938327383604272,0.1184126984126984,0.007619047619047619,f67ce19f8e33efc3993b1611b53a103c20f0b761595675b85778b5ee8354bb54
50,FROZEN_C1_SOURCE_ANCHORED_LINEAR_SOFTMAX,45,155921,0.1349206349206349,0.1306075237807324,0.1349206349206349,0.0,b98ae08c99ab50b743d222739136a3b32c8d6f56722827a57bec40dc67b64e22
50,FROZEN_C1_SOURCE_ANCHORED_LINEAR_SOFTMAX,45,181081,0.1273015873015873,0.12535126794420898,0.1273015873015873,0.0,1429859edeb6e2444dd31774fdda46899642fd0db5b71a4d094733001bb479ff
50,FROZEN_C1_SOURCE_ANCHORED_LINEAR_SOFTMAX,45,205439,0.12412698412698413,0.12567097658618234,0.12412698412698413,0.0,6d8781b4cbc97a8d660851def353330e247222a11ed6b8c605bc849ec97fbf02
50,FROZEN_C1_SOURCE_ANCHORED_LINEAR_SOFTMAX,45,230003,0.1019047619047619,0.09840037051158775,0.1019047619047619,0.010416666666666666,c990646c7eba9e81184ad4950d258cb9f67ddeda54741d41f96187a72840f5e0
50,FROZEN_C1_SOURCE_ANCHORED_LINEAR_SOFTMAX,45,254959,0.13428571428571429,0.13107223429379375,0.13428571428571429,0.0,9171d8e9cbed2d3e4fc79ba66269bcb02c4d3c5d00aa052874740ba86033ea1d
50,FROZEN_C1_SOURCE_ANCHORED_LINEAR_SOFTMAX,45,280001,0.1253968253968254,0.12258831022037302,0.1253968253968254,0.0,2be1cd201d61c38c1ac2e20d90ae436c15aeba90cda3859fc34a32ba9a61f0c9
50,FROZEN_C1_SOURCE_ANCHORED_LINEAR_SOFTMAX,45,305093,0.12603174603174602,0.12610475078291097,0.12603174603174602,0.0,61f481080d18de4e32d350bf0497d64f3e5e63462a6b5e6363314a5bbfaa458e
50,FROZEN_C1_SOURCE_ANCHORED_LINEAR_SOFTMAX,45,330017,0.11365079365079366,0.11313385933725144,0.11365079365079364,0.0,a0e585c941d6d7837c3c60494a7800a941a20060b96e4dc59fe8a3c3f2bea0cc
50,FROZEN_C1_SOURCE_ANCHORED_LINEAR_SOFTMAX,45,355031,0.11333333333333333,0.11140685196163407,0.11333333333333331,0.0,44f1808048ea7c78804dbc3bd5ca2877ccf84a704dee90ce1e50623f37ba7b49
50,FROZEN_C1_SOURCE_ANCHORED_LINEAR_SOFTMAX,45,380041,0.13047619047619047,0.12434042660929248,0.13047619047619047,0.0,a0c23c5724d9a9e36cabba24a4ee87ad1e88269f6daaa8db60b9376d48d4c33d
50,FROZEN_C1_SOURCE_ANCHORED_LINEAR_SOFTMAX,45,405019,0.1273015873015873,0.11852135989551482,0.12730158730158728,0.0,7b69ca6e07cbedfb5a8c82d5355dc4fae5c3b748e64caf9d586c79f23b8746d1
50,FROZEN_C1_SOURCE_ANCHORED_LINEAR_SOFTMAX,45,430007,0.13904761904761906,0.1353188799398544,0.13904761904761903,0.0,c47b2995ff7ec83ab00afe3d90796876b32924d2d7885767c77477194f153b11
50,FROZEN_C1_SOURCE_ANCHORED_LINEAR_SOFTMAX,45,455003,0.11396825396825397,0.11421395110615114,0.11396825396825395,0.0,9f52ce5e8d203896defd3bf72674b300c59d2bab9e22cf2a1bc6d750f8ddeeef
50,FROZEN_C1_SOURCE_ANCHORED_LINEAR_SOFTMAX,45,480017,0.14095238095238094,0.13859856865551107,0.1409523809523809,0.0,dd3663fee2b815b16ee59649c5c6a66bd10f0f27d1f80f6e5f0b5aae82cd91b3
50,FROZEN_C1_SOURCE_ANCHORED_LINEAR_SOFTMAX,45,505027,0.1253968253968254,0.12491204114256672,0.12539682539682537,0.0,f2da9037b4b6fb774d32a9e7f0f67f9e1c9eb8cceacce752d37cb6f24991d6bc
50,FROZEN_C1_SOURCE_ANCHORED_LINEAR_SOFTMAX,45,530017,0.12507936507936507,0.12046403827004601,0.12507936507936507,0.0,ec7df331bf63e8f4a11dfc90dd3f40af8b5923309f6261ae21e4256d8fff6219
50,FROZEN_C1_SOURCE_ANCHORED_LINEAR_SOFTMAX,45,555029,0.13047619047619047,0.1335359969513849,0.13047619047619047,0.01560758082497213,45f5cb9112ce65b3b6f952a274422d2fecb6a9a596965456f286d830d4418e61
50,FROZEN_C1_SOURCE_ANCHORED_LINEAR_SOFTMAX,45,580031,0.11523809523809524,0.11984488543696512,0.11523809523809524,0.0,d76a23edbd2b37d31c0e1b2f672af0224d850c6d8c1e1e7c7b926851f30e8048
50,FROZEN_C1_SOURCE_ANCHORED_LINEAR_SOFTMAX,46,104729,0.1765079365079365,0.18387812571438095,0.1765079365079365,0.07474747474747474,b05e90af9aac598834baa5ee5f1fa37d5b4c855829ddda872ddc7c54d1c070fc
50,FROZEN_C1_SOURCE_ANCHORED_LINEAR_SOFTMAX,46,130363,0.16380952380952382,0.1687131341882135,0.1638095238095238,0.0,15f1f07a2bedf9eded96dc6a2d9512a524fd7cc083ae8204f45a7f5e979b3dae
50,FROZEN_C1_SOURCE_ANCHORED_LINEAR_SOFTMAX,46,155921,0.17015873015873015,0.16528737011096908,0.17015873015873015,0.0,f70a293adca6bbbde87bb5146d00f5944e11739a095c2cb0b8c556f161c80c44
50,FROZEN_C1_SOURCE_ANCHORED_LINEAR_SOFTMAX,46,181081,0.17015873015873015,0.1681258788963109,0.17015873015873018,0.0,72d629f13e567dfdf15cad44b5c64e0f26e44612999f7da714d3d0cc6160ed85
50,FROZEN_C1_SOURCE_ANCHORED_LINEAR_SOFTMAX,46,205439,0.16507936507936508,0.1758017688305406,0.16507936507936508,0.0798611111111111,c650ba65e69a3e2239c61d35a73e726935f5681d751ddfd7b983d42702e6f80e
50,FROZEN_C1_SOURCE_ANCHORED_LINEAR_SOFTMAX,46,230003,0.17714285714285713,0.1773626543749748,0.17714285714285713,0.011111111111111112,9916678df63ecda91c3271dc9da72e6cbb7982ebd598b5b44d1282679f526cb5
50,FROZEN_C1_SOURCE_ANCHORED_LINEAR_SOFTMAX,46,254959,0.1434920634920635,0.14196988266423857,0.1434920634920635,0.0,03aac7c5ee4776306d13f152c1bcfd8b19a909b12c364b72ac3ea56d69ee3244
50,FROZEN_C1_SOURCE_ANCHORED_LINEAR_SOFTMAX,46,280001,0.17015873015873015,0.1618789374569081,0.17015873015873015,0.0,a12b83f97d3f1c93175bdbfcae46dc7a4f70ff560942033a3ae079262dcbeedb
50,FROZEN_C1_SOURCE_ANCHORED_LINEAR_SOFTMAX,46,305093,0.13968253968253969,0.1453469678410718,0.13968253968253966,0.0,e4400586fe2f2efab6d35ebf2c916bd55f87acdfac22506350606a8010e7f83b
50,FROZEN_C1_SOURCE_ANCHORED_LINEAR_SOFTMAX,46,330017,0.16476190476190475,0.16053779416815311,0.16476190476190475,0.09455292908530319,7442e1e000671767dc1e3f5c193e9f5ba3947e956b317c5deb4cbf98c6958a50
50,FROZEN_C1_SOURCE_ANCHORED_LINEAR_SOFTMAX,46,355031,0.1765079365079365,0.17764747366210143,0.1765079365079365,0.07398568019093078,83d890781c700ef2247c04b8f9d4fb98b13dd7d87aec60c6ce0ba1c28675b0e5
50,FROZEN_C1_SOURCE_ANCHORED_LINEAR_SOFTMAX,46,380041,0.1673015873015873,0.16274592023792242,0.1673015873015873,0.01182033096926714,bee93a8991ea5f55b60b4e63e3e3ffb25d8903cd429f13638bbcded363eba45e
50,FROZEN_C1_SOURCE_ANCHORED_LINEAR_SOFTMAX,46,405019,0.17015873015873015,0.1624885868561237,0.17015873015873018,0.0,541dc55b5927bf648522e1941cd16edbbd376e78cccace2137e539e5039c8aa0
50,FROZEN_C1_SOURCE_ANCHORED_LINEAR_SOFTMAX,46,430007,0.15523809523809523,0.1523972949605973,0.15523809523809523,0.0,f6fcf3ff94737cbf303ab66776a52eb818012711e122853ab9f97f46ecdacbb5
50,FROZEN_C1_SOURCE_ANCHORED_LINEAR_SOFTMAX,46,455003,0.16634920634920636,0.1529740095486618,0.16634920634920633,0.013280212483399735,8c8fd03b52400411d10a62ff00f66f361db8d8c6ed5fc4efbc5022168641ce24
50,FROZEN_C1_SOURCE_ANCHORED_LINEAR_SOFTMAX,46,480017,0.15396825396825398,0.1608593716513191,0.15396825396825395,0.07489878542510121,ae677e897dc75f97bd9cfed34144e5dfc7f497e28f612e30ef9dadfdb0c36d7b
50,FROZEN_C1_SOURCE_ANCHORED_LINEAR_SOFTMAX,46,505027,0.12634920634920635,0.12766917081160395,0.12634920634920635,0.07170542635658915,846b3fbfe4b9b23806d1c8d8fff760d77dc65fdd21d4e4692b187cc6dfa44379
50,FROZEN_C1_SOURCE_ANCHORED_LINEAR_SOFTMAX,46,530017,0.13142857142857142,0.13231736576258168,0.13142857142857142,0.0,1186ade6216b3ebedf0c6c77cca3e9834a79c75fd524d9a8f5372b15891e1614
50,FROZEN_C1_SOURCE_ANCHORED_LINEAR_SOFTMAX,46,555029,0.13015873015873017,0.13260130018563293,0.13015873015873017,0.011778563015312132,648ec54a6174cda53e784d001fda6226eeb0dbac2eef980cefafd14239a72aa3
50,FROZEN_C1_SOURCE_ANCHORED_LINEAR_SOFTMAX,46,580031,0.18063492063492065,0.18627527613566836,0.18063492063492065,0.10244988864142539,2c662e5f2b08bea500326b65b36f80c485a772c811d9ddacaeb9c45bcb5545e8
100,FROZEN_C1_SOURCE_ANCHORED_LINEAR_SOFTMAX,42,104729,0.14603174603174604,0.14624125160022405,0.14603174603174604,0.025423728813559324,ce7b015d5cf5815e786548a4960060b01fbb96a26e962245789ce14c419cee9f
100,FROZEN_C1_SOURCE_ANCHORED_LINEAR_SOFTMAX,42,130363,0.14507936507936509,0.1462882631493086,0.14507936507936509,0.025945945945945945,6f27e7013e39502b9abe7b887e1525142e66db7914cc72d1669d49e06da60a07
100,FROZEN_C1_SOURCE_ANCHORED_LINEAR_SOFTMAX,42,155921,0.14603174603174604,0.14576896299572578,0.14603174603174604,0.02761795166858458,39ae751cd8052b633da83aa0826e0bcc6edebfffeecfb57fddd645b4cad54554
100,FROZEN_C1_SOURCE_ANCHORED_LINEAR_SOFTMAX,42,181081,0.14507936507936509,0.14710507380180488,0.14507936507936509,0.024870466321243522,15fc4e05b8226efa3f8fbdd2f90814dbdceb685fd35fa38a51ba640737a82362
100,FROZEN_C1_SOURCE_ANCHORED_LINEAR_SOFTMAX,42,205439,0.14603174603174604,0.14733985807776376,0.14603174603174604,0.025157232704402517,26101a9ee7cc4b68dc0f4c66e4b3d07a5110de0dbd600cac787c381f916d2e6c
100,FROZEN_C1_SOURCE_ANCHORED_LINEAR_SOFTMAX,42,230003,0.146984126984127,0.14640467840671972,0.146984126984127,0.0334075723830735,73275a193c18c1235e7787263f7c222c1bcca6c9431df92b4f4ae089a1962fe7
100,FROZEN_C1_SOURCE_ANCHORED_LINEAR_SOFTMAX,42,254959,0.14507936507936509,0.14393276199747687,0.14507936507936509,0.026578073089700997,8d6ca9b9d60b56f71be7d536ad6681616886e039dc1a75ff9fd83a11eba0e52e
100,FROZEN_C1_SOURCE_ANCHORED_LINEAR_SOFTMAX,42,280001,0.14507936507936509,0.1452276384565299,0.14507936507936509,0.027777777777777776,25f05e38271f74e96eefe4086501302c4455b9459676b8f1f08b63a3d30f4d7b
100,FROZEN_C1_SOURCE_ANCHORED_LINEAR_SOFTMAX,42,305093,0.1568253968253968,0.15836595823008132,0.1568253968253968,0.10267857142857142,56d4cd62890758b2dc41a51ac6977669cb5e77033887d85d11d17b944633e3b5
100,FROZEN_C1_SOURCE_ANCHORED_LINEAR_SOFTMAX,42,330017,0.146984126984127,0.14708664953861753,0.146984126984127,0.03314917127071823,50aba29231847c9317cf3dc18cac661acb385b660b79d5ef173875fa0ce84377
100,FROZEN_C1_SOURCE_ANCHORED_LINEAR_SOFTMAX,42,355031,0.14603174603174604,0.14432453183788635,0.14603174603174604,0.029447852760736196,ae24100c0f295e00b6f8aa9d2aff613739864e7f2422f570040a3b7885b328dc
100,FROZEN_C1_SOURCE_ANCHORED_LINEAR_SOFTMAX,42,380041,0.14603174603174604,0.14698622170349593,0.14603174603174604,0.02526315789473684,a3fcd37e08c6f325df84c2f2ce0f19a83176a9f2a6de4359c5f5f4c709e8b2f0
100,FROZEN_C1_SOURCE_ANCHORED_LINEAR_SOFTMAX,42,405019,0.14603174603174604,0.1482302110689308,0.14603174603174604,0.023762376237623763,de96483f89f276e15e54af1153c58e5f6e4982928a79462bb3a7359799e366fb
100,FROZEN_C1_SOURCE_ANCHORED_LINEAR_SOFTMAX,42,430007,0.14603174603174604,0.1442304988034391,0.14603174603174604,0.03618817852834741,a86854d9008ad2cf1b517c468e5b8fb362f3fe47cfbfaeaa442e5c9275fb4b46
100,FROZEN_C1_SOURCE_ANCHORED_LINEAR_SOFTMAX,42,455003,0.14603174603174604,0.14429096099349553,0.14603174603174604,0.027649769585253458,654fd7abe2079d59503a05a735cb2e53af0525a6ebeb34f1318c30daa39c1365
100,FROZEN_C1_SOURCE_ANCHORED_LINEAR_SOFTMAX,42,480017,0.1380952380952381,0.13769710100603,0.1380952380952381,0.03264417845484222,e7f68a222c3ec199f05445454613e0657a3ed91cd5c287145abd05eeb68bb433
100,FROZEN_C1_SOURCE_ANCHORED_LINEAR_SOFTMAX,42,505027,0.16158730158730158,0.16140618883710017,0.16158730158730158,0.10978520286396182,475ac108950bbd7071f58122ad99504e40ffffaec3c3415617907c175efadba1
100,FROZEN_C1_SOURCE_ANCHORED_LINEAR_SOFTMAX,42,530017,0.14507936507936509,0.1441881932590214,0.14507936507936509,0.02937576499388005,55a2201c0287b8eaf6e5662cc6f49895e30368cd91a2bec6d77aecc1a4412a28
100,FROZEN_C1_SOURCE_ANCHORED_LINEAR_SOFTMAX,42,555029,0.14603174603174604,0.14579333807140168,0.14603174603174604,0.02761795166858458,580ca57b0bd7b3897c696e9c08677174447fb5269f0116434445b637311aa3b7
100,FROZEN_C1_SOURCE_ANCHORED_LINEAR_SOFTMAX,42,580031,0.16285714285714287,0.16389740970121958,0.16285714285714287,0.11017964071856287,39d632df5a88db2155df4fcbb526bb4bb46183b8f445d1399b8b552a34054f97
100,FROZEN_C1_SOURCE_ANCHORED_LINEAR_SOFTMAX,43,104729,0.1419047619047619,0.13813053744171006,0.14190476190476192,0.0,0febf9df421463d574f81b7f68ec06a217ec13cc0ee0b1bfa61811822856ebca
100,FROZEN_C1_SOURCE_ANCHORED_LINEAR_SOFTMAX,43,130363,0.17333333333333334,0.1700005355381698,0.17333333333333334,0.0,2ec1ae01de3abab92e50677d47b95857b8964e67d18ef37f4707b2a9b31f883e
100,FROZEN_C1_SOURCE_ANCHORED_LINEAR_SOFTMAX,43,155921,0.17555555555555555,0.16999164907122813,0.17555555555555555,0.0,eda7abae7fedc22e996acd150cecefc35b357e0e904c4b998d8ec426f206f9c5
100,FROZEN_C1_SOURCE_ANCHORED_LINEAR_SOFTMAX,43,181081,0.1742857142857143,0.16794420212957614,0.17428571428571432,0.007481296758104738,3e3f1e5af30e9137d83287a94d67856ea0785c6939ceb865b19f6907f34fa0cb
100,FROZEN_C1_SOURCE_ANCHORED_LINEAR_SOFTMAX,43,205439,0.18222222222222223,0.18296652371329053,0.18222222222222223,0.0,4887a58922692b88970fadd843c27a9283adb4836c7f970ede7c2e1240c635ac
100,FROZEN_C1_SOURCE_ANCHORED_LINEAR_SOFTMAX,43,230003,0.18793650793650793,0.18415364699788928,0.18793650793650793,0.0,cd129d6b2117f9fa37a32283080eca23342ad34a7d596ecbd11120f901d068fa
100,FROZEN_C1_SOURCE_ANCHORED_LINEAR_SOFTMAX,43,254959,0.16,0.15625306651723295,0.15999999999999998,0.0,ef25c507ef9651ec9f8497d28ed8e2455a439b4ef0e00ff819f662af18a229d3
100,FROZEN_C1_SOURCE_ANCHORED_LINEAR_SOFTMAX,43,280001,0.17555555555555555,0.17035610297939402,0.17555555555555555,0.0,081fec42b4bde46db0d6fb447b9ec4c4b072a3d873ef858a35b39404e74d4d7d
100,FROZEN_C1_SOURCE_ANCHORED_LINEAR_SOFTMAX,43,305093,0.12793650793650793,0.1242877286724456,0.12793650793650796,0.0,63034a6ca4cdb9dbd17663e56c6d247aaba61bd9e57c2d15d3fda92dba5b7888
100,FROZEN_C1_SOURCE_ANCHORED_LINEAR_SOFTMAX,43,330017,0.16317460317460317,0.1588412450515993,0.16317460317460317,0.0,3587150d47a97cbcd9076b5cd4d75ba77d57a83dff6725d5cadd7a067f1d538d
100,FROZEN_C1_SOURCE_ANCHORED_LINEAR_SOFTMAX,43,355031,0.16793650793650794,0.16085294167314362,0.1679365079365079,0.0,c0010681395eb751fa7e0db364e7282f2885a00fbd5ef81b141cbb3fd76acf76
100,FROZEN_C1_SOURCE_ANCHORED_LINEAR_SOFTMAX,43,380041,0.17555555555555555,0.16788597166958663,0.17555555555555552,0.007444168734491315,0619aa93ba763d7f5eba248f7b64471a22ced4a581ad64d7e2816539455e3c8b
100,FROZEN_C1_SOURCE_ANCHORED_LINEAR_SOFTMAX,43,405019,0.15904761904761905,0.15431510183669506,0.15904761904761905,0.0,084f4297ede898718ee5e9a56f9dda72796a63121059c64f54d5757632ccf537
100,FROZEN_C1_SOURCE_ANCHORED_LINEAR_SOFTMAX,43,430007,0.15619047619047619,0.14748194539619672,0.15619047619047619,0.0,088fa977532540d5ad2cb538dbd0e8bda8b8e3938916a75ec7fbe9434ead6a96
100,FROZEN_C1_SOURCE_ANCHORED_LINEAR_SOFTMAX,43,455003,0.1746031746031746,0.1693115759557462,0.1746031746031746,0.0,53f248549b5f38af2dc5d6f6068b2bf6f92001ba158c77a56264baeb82489cca
100,FROZEN_C1_SOURCE_ANCHORED_LINEAR_SOFTMAX,43,480017,0.1746031746031746,0.17037658035351916,0.1746031746031746,0.0,a64fdf5011a9b7e346f1e021b6684ea3f1273b360d69cad005c328d1fca2378e
100,FROZEN_C1_SOURCE_ANCHORED_LINEAR_SOFTMAX,43,505027,0.16412698412698412,0.1604457358435248,0.16412698412698412,0.0,f610989245d4bd2929332e3b694e9c01a78a59e3e22ef572b6368d420382de64
100,FROZEN_C1_SOURCE_ANCHORED_LINEAR_SOFTMAX,43,530017,0.17555555555555555,0.16950652908525615,0.17555555555555555,0.0,6661ccc20f2702c73e353d80e04dc17dcf08a9d430f17b23b2fb502187c46667
100,FROZEN_C1_SOURCE_ANCHORED_LINEAR_SOFTMAX,43,555029,0.15206349206349207,0.1462178759539536,0.15206349206349207,0.0,2e3187b57f361231d65dc2cf9db2f5db19a80b53bc8e14bcef316969b05429ef
100,FROZEN_C1_SOURCE_ANCHORED_LINEAR_SOFTMAX,43,580031,0.15904761904761905,0.15422646915294572,0.15904761904761905,0.0,3244d34cf46a18db48d392a0231437843fed0cba333ef61211bbd33a6e556989
100,FROZEN_C1_SOURCE_ANCHORED_LINEAR_SOFTMAX,44,104729,0.11523809523809524,0.11213125172161605,0.11523809523809524,0.009142857142857144,6a915413ed44070b9ee4debc073b795481f1b45bd402adbd9498210091512a23
100,FROZEN_C1_SOURCE_ANCHORED_LINEAR_SOFTMAX,44,130363,0.11428571428571428,0.11083136980324812,0.11428571428571428,0.002352941176470588,371fa1b533e48a25b6da377a2e23b7d9a4186f722514006ff82d646d75a6219a
100,FROZEN_C1_SOURCE_ANCHORED_LINEAR_SOFTMAX,44,155921,0.13015873015873017,0.12697112241142403,0.13015873015873017,0.0024390243902439024,ab09667547fd8de9651eec87f5f32d2d43a79861cf733196fa55973f3fc97184
100,FROZEN_C1_SOURCE_ANCHORED_LINEAR_SOFTMAX,44,181081,0.12825396825396826,0.1233056921399686,0.12825396825396823,0.010582010582010581,ac809fe793e061465b81fc306262776e2c6511f7adaffb3dce03dd0b053b674e
100,FROZEN_C1_SOURCE_ANCHORED_LINEAR_SOFTMAX,44,205439,0.11142857142857143,0.10844738660338982,0.11142857142857143,0.009184845005740528,6cfed1b20532e648b1111dfd238d25016e1986988f3a71c6b0ffe5562fc9245b
100,FROZEN_C1_SOURCE_ANCHORED_LINEAR_SOFTMAX,44,230003,0.11428571428571428,0.1106994051025807,0.11428571428571428,0.0025031289111389237,5538249076192315ba76e1538c25724b502c280a9bcbe392e0ff61d3faee49b8
100,FROZEN_C1_SOURCE_ANCHORED_LINEAR_SOFTMAX,44,254959,0.1292063492063492,0.12541467783442292,0.1292063492063492,0.0024968789013732834,c4691da75eea4216580a624fd4febe1cd6f3b38b9645bee9d20b9f5bbb7afae5
100,FROZEN_C1_SOURCE_ANCHORED_LINEAR_SOFTMAX,44,280001,0.09841269841269841,0.09621225491491026,0.09841269841269841,0.002570694087403599,7e5b609825f2a4a87db692c985b12247dde5f358f15a5a7362b06e0b71765eb5
100,FROZEN_C1_SOURCE_ANCHORED_LINEAR_SOFTMAX,44,305093,0.12031746031746032,0.1188872719219226,0.12031746031746031,0.009696969696969697,966b32c9c3ce6184f1e24144786152ea14186bb1852695da89c919c61fb76516
100,FROZEN_C1_SOURCE_ANCHORED_LINEAR_SOFTMAX,44,330017,0.11238095238095239,0.10962995141445973,0.11238095238095237,0.0023501762632197414,9eb0d32e4af884e0e41a3e79ae19ddb3065ad5c63aea301f088b76c0f5b2d438
100,FROZEN_C1_SOURCE_ANCHORED_LINEAR_SOFTMAX,44,355031,0.11333333333333333,0.10851919005960332,0.11333333333333333,0.0024875621890547263,95838be9c33e15c7eda3fbeb384b68074fd9f06ceb5b5def9169279936b93342
100,FROZEN_C1_SOURCE_ANCHORED_LINEAR_SOFTMAX,44,380041,0.13047619047619047,0.1236561778329521,0.13047619047619047,0.0,b098d8cff5ed5fd8255a70c52d3a3060e0712b525d6a1118dbad3bc0a87af164
100,FROZEN_C1_SOURCE_ANCHORED_LINEAR_SOFTMAX,44,405019,0.1288888888888889,0.12365033187819796,0.1288888888888889,0.002352941176470588,8e151a1a795757d4f9cb88cd3168db31c9bfbf7d5ce84d4d56ee5a815160683d
100,FROZEN_C1_SOURCE_ANCHORED_LINEAR_SOFTMAX,44,430007,0.1288888888888889,0.12609199940459487,0.1288888888888889,0.009070294784580499,3eec74ebf288131716b1301d8f90f76b18efd0168c7fff398d6f3a179ca2d5ce
100,FROZEN_C1_SOURCE_ANCHORED_LINEAR_SOFTMAX,44,455003,0.12412698412698413,0.12024683018275477,0.12412698412698411,0.002336448598130841,8b1ab2b4243552820807f26b47456e0b6a254ccfb21bab6164c68bf25f532aa4
100,FROZEN_C1_SOURCE_ANCHORED_LINEAR_SOFTMAX,44,480017,0.13206349206349208,0.1268132572623326,0.13206349206349205,0.009216589861751152,4bfc592d2d9b6ee1f32ea5c52f7d6394c4cb688d9dd0da0e0fdc08979373960d
100,FROZEN_C1_SOURCE_ANCHORED_LINEAR_SOFTMAX,44,505027,0.1034920634920635,0.09849639118558086,0.10349206349206348,0.007481296758104738,8b9b9b815d40362bd0e7dd9fdf436167eec39269ae196adaee358bb5134f5c2d
100,FROZEN_C1_SOURCE_ANCHORED_LINEAR_SOFTMAX,44,530017,0.13047619047619047,0.12437914467221267,0.13047619047619047,0.00267379679144385,72429f8960f4a7d4ef9e88332d718e450a8a433105f1511cc7925c32680a1362
100,FROZEN_C1_SOURCE_ANCHORED_LINEAR_SOFTMAX,44,555029,0.11333333333333333,0.11176528148523827,0.11333333333333333,0.002333722287047841,8b0deeda342b55cab9969f462bc316b60defd57b5c0291a677aa30548e013716
100,FROZEN_C1_SOURCE_ANCHORED_LINEAR_SOFTMAX,44,580031,0.12158730158730159,0.11899481280952125,0.12158730158730158,0.009708737864077669,575be2901b2aaa3cd66f57308744c432f773074c18407bed79498dcc10779fae
100,FROZEN_C1_SOURCE_ANCHORED_LINEAR_SOFTMAX,45,104729,0.13047619047619047,0.13015962189970187,0.13047619047619047,0.009422850412249705,7221256d685503a77b4e053374f4d69907b9ab6b903d32b96bd4c03b722754b7
100,FROZEN_C1_SOURCE_ANCHORED_LINEAR_SOFTMAX,45,130363,0.11714285714285715,0.11458281524343504,0.11714285714285713,0.0,f8b35d7bb4c194953772b57378cbf9d63e4bf0cb970b34952ccb7af08fbd89ed
100,FROZEN_C1_SOURCE_ANCHORED_LINEAR_SOFTMAX,45,155921,0.15365079365079365,0.1487543577869214,0.15365079365079365,0.018494055482166448,a3e005520c1af7f4aaa055294f64d0c44850429bc24b1d1bd926e4972a4c57e0
100,FROZEN_C1_SOURCE_ANCHORED_LINEAR_SOFTMAX,45,181081,0.12603174603174602,0.12369756432176134,0.12603174603174602,0.0,6e7d2bc4c1f2e420e01f4802352536e7eed10c83138886ad5998ae818c7e1aa9
100,FROZEN_C1_SOURCE_ANCHORED_LINEAR_SOFTMAX,45,205439,0.11238095238095239,0.11341630066017945,0.11238095238095237,0.0,71f533244963d3887f28914d223916e780b88078cb760e9a6a7afb5db979dce7
100,FROZEN_C1_SOURCE_ANCHORED_LINEAR_SOFTMAX,45,230003,0.13936507936507936,0.13916876900854075,0.13936507936507936,0.016374269005847954,e2920319e16c07933a658fa91f6f000b04bf244bd20797e5290d093eb067e7cb
100,FROZEN_C1_SOURCE_ANCHORED_LINEAR_SOFTMAX,45,254959,0.1273015873015873,0.12632125520716944,0.1273015873015873,0.0,379d76a8481f2ce282821a08a4eb3e4548ff539b299f8681e56eb28064d6b492
100,FROZEN_C1_SOURCE_ANCHORED_LINEAR_SOFTMAX,45,280001,0.15714285714285714,0.15170294323970843,0.15714285714285717,0.017587939698492462,6641a5d3b5c9e2ef470beb337c02fe09bacde960e15e7bffdebf7103ded53779
100,FROZEN_C1_SOURCE_ANCHORED_LINEAR_SOFTMAX,45,305093,0.12476190476190477,0.12548943076502397,0.12476190476190475,0.0,37b5ef5c7c9220ab051e4846a23cf9df873ab1455ef6b99acd97d0246c6d56e1
100,FROZEN_C1_SOURCE_ANCHORED_LINEAR_SOFTMAX,45,330017,0.11460317460317461,0.11462291447542437,0.1146031746031746,0.0,37a8d0821153dc44adc162b3f512c618676ddec46c57fcc31d02248a1198462d
100,FROZEN_C1_SOURCE_ANCHORED_LINEAR_SOFTMAX,45,355031,0.11746031746031746,0.11607248920377491,0.11746031746031746,0.006018054162487462,558514e56e459acf1dd9e228e63756916063a062df8d7f2977e0890c79aa89c4
100,FROZEN_C1_SOURCE_ANCHORED_LINEAR_SOFTMAX,45,380041,0.11587301587301588,0.11448750529699657,0.11587301587301588,0.0,891b6af2844cf020bce54ae9ff41587ab121534acda7446f1a8c87e62cd08771
100,FROZEN_C1_SOURCE_ANCHORED_LINEAR_SOFTMAX,45,405019,0.1126984126984127,0.11074356955320155,0.1126984126984127,0.0,4bf48b5b98392170a5f902388415992a401a27c5c217182e38267f2ac4825484
100,FROZEN_C1_SOURCE_ANCHORED_LINEAR_SOFTMAX,45,430007,0.12698412698412698,0.12441105565888431,0.12698412698412698,0.0,27f1acb5873b73885b3ab1d5817b8766ee75bcf9776535de042549c9650a7896
100,FROZEN_C1_SOURCE_ANCHORED_LINEAR_SOFTMAX,45,455003,0.11682539682539683,0.11755901607621576,0.11682539682539682,0.0,abce73e1f94aee055b0605e16ac28435c62711889b4a6c7693158be509e313e3
100,FROZEN_C1_SOURCE_ANCHORED_LINEAR_SOFTMAX,45,480017,0.13873015873015873,0.13761909940499933,0.13873015873015873,0.01553829078801332,30878e709b912387739a9052bfe34732712b154706526314a025f88b3b110ab7
100,FROZEN_C1_SOURCE_ANCHORED_LINEAR_SOFTMAX,45,505027,0.13936507936507936,0.13955509754346326,0.13936507936507936,0.01564245810055866,c3554d591d1580631e4de65d7c77af724844a7bb999dceed666eea5b9cdfa955
100,FROZEN_C1_SOURCE_ANCHORED_LINEAR_SOFTMAX,45,530017,0.12571428571428572,0.12262115631471146,0.1257142857142857,0.009248554913294798,060f140c011b2ea5b81cbd00b28d1cf9c675b0cdb8d2f81fe454d68b6f459ea0
100,FROZEN_C1_SOURCE_ANCHORED_LINEAR_SOFTMAX,45,555029,0.11587301587301588,0.12105855397467498,0.11587301587301586,0.0,b8de621123f49eeba1d538540ab39da6ab2999e65e9b549b7a1b2156c565ae25
100,FROZEN_C1_SOURCE_ANCHORED_LINEAR_SOFTMAX,45,580031,0.11428571428571428,0.11850359934116615,0.11428571428571428,0.0,4bc087335e6a0ec9eee836d945a92bd7a9169f3d9cecc6d946ffd47863dec657
100,FROZEN_C1_SOURCE_ANCHORED_LINEAR_SOFTMAX,46,104729,0.18634920634920635,0.19074500740282319,0.18634920634920635,0.07701019252548132,c9cce1ea5d95f8436cb287cb6c060e0439d9179417cb68918c7fc458e590d306
100,FROZEN_C1_SOURCE_ANCHORED_LINEAR_SOFTMAX,46,130363,0.1634920634920635,0.16634068214473816,0.1634920634920635,0.0,a68a768806843e8de4f9006d01f50ce12d66cd37cd2ba6f82ffe6e7951dab104
100,FROZEN_C1_SOURCE_ANCHORED_LINEAR_SOFTMAX,46,155921,0.17047619047619048,0.1718933871891106,0.17047619047619048,0.06960081883316274,7fd49501454b5563da5b568c1cc6cbadf19bad96c62aed2ac4adbc923da0c62a
100,FROZEN_C1_SOURCE_ANCHORED_LINEAR_SOFTMAX,46,181081,0.19206349206349208,0.1953662832338085,0.19206349206349208,0.07640449438202247,0a22a7a8b41614dc3e16e9af9dd5c4e4bb4e0dc99a2e8d68bc04e5700ddd0e87
100,FROZEN_C1_SOURCE_ANCHORED_LINEAR_SOFTMAX,46,205439,0.16285714285714287,0.16985407701896424,0.16285714285714287,0.06582768635043562,7887579ee57b38440bc86a9b75005ec14b7e4f663365b23fd37da3dbbc74dd39
100,FROZEN_C1_SOURCE_ANCHORED_LINEAR_SOFTMAX,46,230003,0.1761904761904762,0.18048861207051226,0.1761904761904762,0.07010309278350516,40a0fd93c983910916103144677a6e97d8b0b16bc196517d2bce260bfc3e9a76
100,FROZEN_C1_SOURCE_ANCHORED_LINEAR_SOFTMAX,46,254959,0.15619047619047619,0.15511111726413512,0.15619047619047619,0.0,6db154772ae27680c118a018b2f2d940b693daba66107a4a9a9fdf747b13ae16
100,FROZEN_C1_SOURCE_ANCHORED_LINEAR_SOFTMAX,46,280001,0.16857142857142857,0.17033796584918193,0.1685714285714286,0.0734341252699784,4da82e666e0956167e3806c12a094af94790610eef424c12dd0ad8e5c6d93bd7
100,FROZEN_C1_SOURCE_ANCHORED_LINEAR_SOFTMAX,46,305093,0.14412698412698413,0.1457341563503814,0.14412698412698413,0.010515247108307046,3757b72dfa53ddf5e53661d86559c225f5b74207cf3739164fb7d1b7751e9616
100,FROZEN_C1_SOURCE_ANCHORED_LINEAR_SOFTMAX,46,330017,0.1711111111111111,0.1755398065598809,0.17111111111111107,0.07257203842049093,3a6951288718732085dc1a6854a8758b74ba449a4dd172ae66c4c84e13842a20
100,FROZEN_C1_SOURCE_ANCHORED_LINEAR_SOFTMAX,46,355031,0.1761904761904762,0.17844879152196372,0.1761904761904762,0.07674943566591422,178d180b2324c859f20f6786867b550485aaafa90b3ce0bd7ab5cf40d2915851
100,FROZEN_C1_SOURCE_ANCHORED_LINEAR_SOFTMAX,46,380041,0.18285714285714286,0.18496362001258948,0.18285714285714283,0.011764705882352941,fa00b9eb4770a98fc2b02fd8aa187b201775a009a9fd7b1eea5344cb5961c56f
100,FROZEN_C1_SOURCE_ANCHORED_LINEAR_SOFTMAX,46,405019,0.16253968253968254,0.17017994495571026,0.16253968253968254,0.07431693989071038,677a74a861a658c3e51b0dc282e8c9e1f154033c2fa89e9c12176a72cf60bcd2
100,FROZEN_C1_SOURCE_ANCHORED_LINEAR_SOFTMAX,46,430007,0.16158730158730158,0.1653348145096242,0.16158730158730158,0.011111111111111112,95f974c9c8cf90479e1042a33794c12336976a0770e6b8c718dfa10144ebb5ad
100,FROZEN_C1_SOURCE_ANCHORED_LINEAR_SOFTMAX,46,455003,0.15936507936507938,0.15734030981581662,0.15936507936507938,0.011834319526627219,a451bc565de54368a76fcd529d2c2401f7bb4e5de31d6a92f1b84dbfb549fda9
100,FROZEN_C1_SOURCE_ANCHORED_LINEAR_SOFTMAX,46,480017,0.15396825396825398,0.1568499578171601,0.15396825396825395,0.06924643584521385,a00b464b34878a98d1375c57af371f1561922f097d25e04391e32eb5e0bb7e8d
100,FROZEN_C1_SOURCE_ANCHORED_LINEAR_SOFTMAX,46,505027,0.15142857142857144,0.1556303638739478,0.15142857142857144,0.01049317943336831,ec5a20861a2bc2732e1b7341707a80ceb2968c645f7a34f0d3571e7963f5c45d
100,FROZEN_C1_SOURCE_ANCHORED_LINEAR_SOFTMAX,46,530017,0.1653968253968254,0.16664116450656846,0.1653968253968254,0.016789087093389297,ea3aef07faf932e095fc234dd14ca897680affcacad9dc32f838b2df71ce81eb
100,FROZEN_C1_SOURCE_ANCHORED_LINEAR_SOFTMAX,46,555029,0.1711111111111111,0.1740748011958193,0.17111111111111107,0.010515247108307046,8e6569bab9798830dab5f5b3659c289dfe1129a0258e3151a7fd87febcad7c5e
100,FROZEN_C1_SOURCE_ANCHORED_LINEAR_SOFTMAX,46,580031,0.1765079365079365,0.1813174493551317,0.1765079365079365,0.10279329608938548,27e4f68c81557085e6631aaa58c4f66d027baaba37ff863bd19fd4c80a09bb93
200,FROZEN_C1_SOURCE_ANCHORED_LINEAR_SOFTMAX,42,104729,0.14603174603174604,0.14564811180784948,0.14603174603174604,0.02622950819672131,d581819e30c05b710975869999e198d6fc014d533458ca52645998632283bd91
200,FROZEN_C1_SOURCE_ANCHORED_LINEAR_SOFTMAX,42,130363,0.14603174603174604,0.14549265374672823,0.14603174603174604,0.026402640264026403,bb61682f6a460a5904550bbc26d936ff12d654b35ebad4dded6c8b7bbe31047c
200,FROZEN_C1_SOURCE_ANCHORED_LINEAR_SOFTMAX,42,155921,0.14603174603174604,0.14408028174133566,0.14603174603174604,0.02813599062133646,342c794a9fada83c9c5e1884cac070a80adabdb99ccc8918f8fb4eb952b0ec0b
200,FROZEN_C1_SOURCE_ANCHORED_LINEAR_SOFTMAX,42,181081,0.14507936507936509,0.1441489671997108,0.14507936507936509,0.026875699888017916,95e07fa713b3311f99a8ca534c9eb7a786eebf1a0c89a1e1d3c3e1bb903bf580
200,FROZEN_C1_SOURCE_ANCHORED_LINEAR_SOFTMAX,42,205439,0.14603174603174604,0.14568434521977844,0.14603174603174604,0.0262582056892779,aef834205e315153b3694e558bd7d14a0eba5b3c4c6ee753bdcdda484ad53a59
200,FROZEN_C1_SOURCE_ANCHORED_LINEAR_SOFTMAX,42,230003,0.14603174603174604,0.1451675195410753,0.14603174603174604,0.027777777777777776,71b99df90299b8b6dacfee9d341e58a0aa8acad600943327f0f408e9e03aabb3
200,FROZEN_C1_SOURCE_ANCHORED_LINEAR_SOFTMAX,42,254959,0.14507936507936509,0.14450733986028846,0.14507936507936509,0.02761795166858458,153c5bfad97d83bd28284cca7c2c1b177812e4c07258fecc4069c5fd8450cc0f
200,FROZEN_C1_SOURCE_ANCHORED_LINEAR_SOFTMAX,42,280001,0.14507936507936509,0.14518143951379492,0.14507936507936509,0.026519337016574586,6dd0335858af6edca4eeddbb590c949645a9f6934e329778020680917ced42bd
200,FROZEN_C1_SOURCE_ANCHORED_LINEAR_SOFTMAX,42,305093,0.14507936507936509,0.1438070251030122,0.14507936507936509,0.027554535017221583,3f2c432b96d05656c5215038edd5dc8f52c8b5dd73f9f255efb8e743d83ef6b6
200,FROZEN_C1_SOURCE_ANCHORED_LINEAR_SOFTMAX,42,330017,0.14603174603174604,0.1447806574318253,0.14603174603174604,0.02705749718151071,cfc2299870d7e5a66cb46d0073dce070f4d6d99caa93c793cdba7c9996636d21
200,FROZEN_C1_SOURCE_ANCHORED_LINEAR_SOFTMAX,42,355031,0.14507936507936509,0.1439454315894527,0.14507936507936509,0.02699662542182227,f18513e6d08d942825f93cca19d425ca8d1699a47468e7f0da62ee5ecc1caa0f
200,FROZEN_C1_SOURCE_ANCHORED_LINEAR_SOFTMAX,42,380041,0.14603174603174604,0.14542900571576564,0.14603174603174604,0.0262582056892779,cabb811bd987afddf19df3cbfb570c88d300237d24e8e2007dbfaaf1f7b762f8
200,FROZEN_C1_SOURCE_ANCHORED_LINEAR_SOFTMAX,42,405019,0.14603174603174604,0.14445175969016058,0.14603174603174604,0.027522935779816515,9c86a7f93e2a1891c6e292f3150b4139d9adb3451f2ef3233af2370f5d74f77f
200,FROZEN_C1_SOURCE_ANCHORED_LINEAR_SOFTMAX,42,430007,0.14603174603174604,0.14481720825264666,0.14603174603174604,0.02708803611738149,334d9e7bcd280f516fe3c3d3ba37247497409455439a61cd69ccd2fb76602a3b
200,FROZEN_C1_SOURCE_ANCHORED_LINEAR_SOFTMAX,42,455003,0.14603174603174604,0.14373190570782793,0.14603174603174604,0.02937576499388005,1ffb449d3f8382961ce0c7bb83ab0f38fc25fa6f5b3027c9e7ac0116a0ef2225
200,FROZEN_C1_SOURCE_ANCHORED_LINEAR_SOFTMAX,42,480017,0.14603174603174604,0.14424488451668058,0.14603174603174604,0.02761795166858458,52f052de8b2eb7a016be6bb5572760103f875faacac98c81e0818ea1b3504723
200,FROZEN_C1_SOURCE_ANCHORED_LINEAR_SOFTMAX,42,505027,0.14603174603174604,0.14680815072841175,0.14603174603174604,0.03257328990228013,f1afaf9f56a4cc7583cae072bb864491c93d05d695d5ccfdc9d5d910a1d826c3
200,FROZEN_C1_SOURCE_ANCHORED_LINEAR_SOFTMAX,42,530017,0.14507936507936509,0.1434217876180309,0.14507936507936509,0.027972027972027972,917c7356f93af4a7b517859a3173961267f042f213b81907d1947d8e5ccb67fa
200,FROZEN_C1_SOURCE_ANCHORED_LINEAR_SOFTMAX,42,555029,0.14603174603174604,0.1453273012899692,0.14603174603174604,0.02654867256637168,e2c5f4c4fd5124ecb0ef0e4d807c2a6f51202939b542c369ee5a1fe34fc1803f
200,FROZEN_C1_SOURCE_ANCHORED_LINEAR_SOFTMAX,42,580031,0.16158730158730158,0.1619128871140067,0.16158730158730158,0.11017964071856287,c57f05e52c0dcf2bdedfb1d8fb3c3d0b1bf65a8e258a181147dc9017ea22d8a8
200,FROZEN_C1_SOURCE_ANCHORED_LINEAR_SOFTMAX,43,104729,0.16,0.15467487041427425,0.15999999999999998,0.0,4b3308e3dc78502f07abd42b17fc367d5b52e733b867717105e6b8245d890c3c
200,FROZEN_C1_SOURCE_ANCHORED_LINEAR_SOFTMAX,43,130363,0.1707936507936508,0.16837902928087572,0.17079365079365078,0.0,5cd2034b892279870a37201e85503113c880b63c047098868b6b8e25de54845c
200,FROZEN_C1_SOURCE_ANCHORED_LINEAR_SOFTMAX,43,155921,0.1746031746031746,0.16903708455417218,0.1746031746031746,0.0,44d4f6d136158cfc4b8055430c36717dc22f2f6865339cd1b747581f4fa8be22
200,FROZEN_C1_SOURCE_ANCHORED_LINEAR_SOFTMAX,43,181081,0.16,0.15497644796033658,0.15999999999999998,0.0,520c08961dd21f397ef27e20c641d74035f627a5943827b59fcdbc09ec5e319e
200,FROZEN_C1_SOURCE_ANCHORED_LINEAR_SOFTMAX,43,205439,0.1707936507936508,0.16696466488103479,0.17079365079365078,0.0,1db3d3e24c6434b47dd699c9dce01399b4593a78a7ea2ce667f551555afb66a6
200,FROZEN_C1_SOURCE_ANCHORED_LINEAR_SOFTMAX,43,230003,0.16,0.15262163706452053,0.15999999999999998,0.0,1f7947c524b267a3336ef7bfffa4d861c8b2c33c0d01603fb7c338d9c2e4a908
200,FROZEN_C1_SOURCE_ANCHORED_LINEAR_SOFTMAX,43,254959,0.16,0.15577209974742554,0.15999999999999998,0.0,ba88838b01a6243fc892dd39047af98b2c41eaed8d879760a46a803a639c3450
200,FROZEN_C1_SOURCE_ANCHORED_LINEAR_SOFTMAX,43,280001,0.1742857142857143,0.16644301047835183,0.1742857142857143,0.0,2f9a75ea32f768318ca69d7f4a9e1996d9213c5d62398bd54cf7b5ef7a1b6539
200,FROZEN_C1_SOURCE_ANCHORED_LINEAR_SOFTMAX,43,305093,0.1580952380952381,0.15345221391342115,0.1580952380952381,0.0,88f4862dbb2c69df87ce05643d521807ce4074270be882e181e2c46bdbf588e7
200,FROZEN_C1_SOURCE_ANCHORED_LINEAR_SOFTMAX,43,330017,0.1746031746031746,0.16792599472706304,0.1746031746031746,0.0,ca34afe723cbc8d3106f0dae27d7a2ace578d405d53b6dc6e3d1b0907bd75fe2
200,FROZEN_C1_SOURCE_ANCHORED_LINEAR_SOFTMAX,43,355031,0.1707936507936508,0.16508438591346894,0.17079365079365078,0.0,6163fec842995062e849a6002e720b59c87ab0136fd919fbb37a2d5962980ef2
200,FROZEN_C1_SOURCE_ANCHORED_LINEAR_SOFTMAX,43,380041,0.1726984126984127,0.1667751528016161,0.1726984126984127,0.0,01b420bc59a51cfee9a645e5f84696a831619d08ee92c475f8d85df9d1e679ad
200,FROZEN_C1_SOURCE_ANCHORED_LINEAR_SOFTMAX,43,405019,0.16,0.15506920811182995,0.15999999999999998,0.0,932d74c8eb77e6698a56443ee701cef2221ad9d901b67f7d0c877e663987b4bd
200,FROZEN_C1_SOURCE_ANCHORED_LINEAR_SOFTMAX,43,430007,0.16,0.15468170994149857,0.15999999999999998,0.0,816f38aa15b681e762aaf15c3b532c622c0e78ea6f3d314c6937c5c9b169ce0c
200,FROZEN_C1_SOURCE_ANCHORED_LINEAR_SOFTMAX,43,455003,0.1746031746031746,0.1674934511304536,0.1746031746031746,0.0,3501eb4574d955e4ca376c3ff8410c3e1daec1a0c2416d7c3e4971c705923acb
200,FROZEN_C1_SOURCE_ANCHORED_LINEAR_SOFTMAX,43,480017,0.16,0.154959848492323,0.15999999999999998,0.0,ee3d895d5aac75bc728ff4ff5a7034d8903c0355da80d55f0d90db15fa24b660
200,FROZEN_C1_SOURCE_ANCHORED_LINEAR_SOFTMAX,43,505027,0.17555555555555555,0.16869530968971796,0.17555555555555552,0.007481296758104738,626bfb71e9b1c67682917785a76efdff0c1766564c5352b5af45e4c574662dd8
200,FROZEN_C1_SOURCE_ANCHORED_LINEAR_SOFTMAX,43,530017,0.15079365079365079,0.14601013995546439,0.15079365079365079,0.0,34a92a9bd44d5ce60d91de3793c401f004237ad2bd0f464486044008ad7f89ca
200,FROZEN_C1_SOURCE_ANCHORED_LINEAR_SOFTMAX,43,555029,0.15587301587301589,0.15008489626569171,0.15587301587301589,0.0,7869575295a76830903fe8958df715f4b84db0a64f2ef3bce0aa779650a5d399
200,FROZEN_C1_SOURCE_ANCHORED_LINEAR_SOFTMAX,43,580031,0.13936507936507936,0.13544109892944464,0.1393650793650794,0.0,02ccc9285f9eef635a261bc24e24ac7d47a0e16e43954aa5a8a24bdb8e7c8331
200,FROZEN_C1_SOURCE_ANCHORED_LINEAR_SOFTMAX,44,104729,0.11428571428571428,0.11139535997686242,0.11428571428571428,0.008238928939237899,e1db268b5b83ae642f733afdf9d87bf757cea3da4cdd6c1586de50d2b3429262
200,FROZEN_C1_SOURCE_ANCHORED_LINEAR_SOFTMAX,44,130363,0.11428571428571428,0.1117290663012988,0.11428571428571428,0.0023446658851113715,17127f5484e8470f29fa64f6cbcf51d4dd55e58cc5b50a2544f8e0a2a04ec19b
200,FROZEN_C1_SOURCE_ANCHORED_LINEAR_SOFTMAX,44,155921,0.11428571428571428,0.11114477807527898,0.11428571428571428,0.002421307506053269,313a00827c05b1ff2b96fada1a5392501de28e16848d9a9c5ee067a7a1da9cf7
200,FROZEN_C1_SOURCE_ANCHORED_LINEAR_SOFTMAX,44,181081,0.11460317460317461,0.11184913036038416,0.11460317460317461,0.0023446658851113715,85f1e9d417a36a8845674e61416fd40caf57b5a2d9aa4f2016e3f007287f55f4
200,FROZEN_C1_SOURCE_ANCHORED_LINEAR_SOFTMAX,44,205439,0.11428571428571428,0.11090867161704557,0.11428571428571428,0.008988764044943821,4ebc7c93f8558d916bc95a616c9c8eb39a9a51e567969559c485abc209a3be1b
200,FROZEN_C1_SOURCE_ANCHORED_LINEAR_SOFTMAX,44,230003,0.11523809523809524,0.11197304645077441,0.11523809523809524,0.008639308855291577,c2b60e263e3c604c4754cfad4230894c91154818c4a9abbf62823f47863f32db
200,FROZEN_C1_SOURCE_ANCHORED_LINEAR_SOFTMAX,44,254959,0.12698412698412698,0.12296808580536958,0.126984126984127,0.0025220680958385876,744a02e95a52d8182d6845396a4c3c52b50bdbc2e282c3c8fb8bdaecec8230d5
200,FROZEN_C1_SOURCE_ANCHORED_LINEAR_SOFTMAX,44,280001,0.11428571428571428,0.11071859763477342,0.11428571428571428,0.0024906600249066002,0f595ccfacf300d32bbb2cef8668adeabec456a5cc0d4327606652ed42fd2645
200,FROZEN_C1_SOURCE_ANCHORED_LINEAR_SOFTMAX,44,305093,0.1219047619047619,0.1200870723331244,0.12190476190476192,0.009732360097323601,f311d24694e3ad80391f2dd44062f0ba2b6c633b2faeb8172248ca58a507998d
200,FROZEN_C1_SOURCE_ANCHORED_LINEAR_SOFTMAX,44,330017,0.11428571428571428,0.11185847368955841,0.11428571428571428,0.00234192037470726,eecca7e0a52912c0394f7449d59ca9971971692458d845cf94cb309087b4932f
200,FROZEN_C1_SOURCE_ANCHORED_LINEAR_SOFTMAX,44,355031,0.11619047619047619,0.1118822521575601,0.11619047619047619,0.009205983889528193,5c812c1af712fa12f194fecacb5a5f08e9492ad8c7013d096b5f1f74a35ca987
200,FROZEN_C1_SOURCE_ANCHORED_LINEAR_SOFTMAX,44,380041,0.11428571428571428,0.1106777241581747,0.11428571428571428,0.009153318077803204,9ea896d8182b9d7f34c5b02fd849422648de18a9a22e0c7f3d91c56c784e311b
200,FROZEN_C1_SOURCE_ANCHORED_LINEAR_SOFTMAX,44,405019,0.11333333333333333,0.11069542830510352,0.11333333333333333,0.002352941176470588,42ef9f09883da342765b131d824e4b3c9769be9e7cd208f39e9b9ad1dbb0bcf9
200,FROZEN_C1_SOURCE_ANCHORED_LINEAR_SOFTMAX,44,430007,0.11428571428571428,0.11079560011637257,0.11428571428571428,0.00234192037470726,4745ae0a9385ac64c2c12ddbc42b97db9080220bc84f1de4bd321bdbc4f3fee3
200,FROZEN_C1_SOURCE_ANCHORED_LINEAR_SOFTMAX,44,455003,0.11333333333333333,0.11008313754304888,0.11333333333333333,0.0024813895781637717,7858738de3a004f85179e64341e09090c54a9963cf2c68561abab7e760e6c1ef
200,FROZEN_C1_SOURCE_ANCHORED_LINEAR_SOFTMAX,44,480017,0.11428571428571428,0.11027601727475558,0.11428571428571428,0.009142857142857144,8c4046eafc359e0a273588ebea9212c34c4fae69e393913f7c3581d36499648e
200,FROZEN_C1_SOURCE_ANCHORED_LINEAR_SOFTMAX,44,505027,0.10031746031746032,0.09574847821279318,0.10031746031746032,0.0,ad6a85be759ec8991ea585a935c1eaa792fe671dff1cd5f6b0017ac1f3f4086b
200,FROZEN_C1_SOURCE_ANCHORED_LINEAR_SOFTMAX,44,530017,0.11428571428571428,0.1125014492904473,0.11428571428571428,0.008639308855291577,3c3c19573e0956aff4d27122bab6e592633b3f58e1eedb5122e8558752ba0d0e
200,FROZEN_C1_SOURCE_ANCHORED_LINEAR_SOFTMAX,44,555029,0.11428571428571428,0.11250007659620263,0.11428571428571428,0.008695652173913044,966933f750647ec2c2c3d707426b0939d84b268e7a5758a7c5af30dce6ac7b18
200,FROZEN_C1_SOURCE_ANCHORED_LINEAR_SOFTMAX,44,580031,0.09936507936507936,0.09411191118419657,0.09936507936507935,0.0,85eeeee3a4f59c2697aa05a6751360752748f272c290ea8a30bc053762a4a749
200,FROZEN_C1_SOURCE_ANCHORED_LINEAR_SOFTMAX,45,104729,0.11460317460317461,0.11621728043099767,0.1146031746031746,0.0,d021c915cd30711ee1af6edb28e7a779491cbd36f2e42783340dfdc65f06ff26
200,FROZEN_C1_SOURCE_ANCHORED_LINEAR_SOFTMAX,45,130363,0.12444444444444444,0.12328713395133213,0.12444444444444444,0.0,e0dcfc8cccb53b0a0958e9d344cf932f419da83e1e70a7587a01563650040308
200,FROZEN_C1_SOURCE_ANCHORED_LINEAR_SOFTMAX,45,155921,0.12793650793650793,0.1275392872133017,0.12793650793650793,0.0,4240d8983cc3ce1520c2752a05ea765ff8626f3b4483cdff9b8cbf4fd25e2fd4
200,FROZEN_C1_SOURCE_ANCHORED_LINEAR_SOFTMAX,45,181081,0.11492063492063492,0.11537545604568145,0.11492063492063491,0.0,03194ddba2b7fa62abc328dd519f73a6accf9fc34d285626b6cc00ddd565c976
200,FROZEN_C1_SOURCE_ANCHORED_LINEAR_SOFTMAX,45,205439,0.11492063492063492,0.11401105356803254,0.11492063492063491,0.0,89f1f92952d1cfb5618b4f89c339ee64e47df7cc63910ad6e9819898c4760a68
200,FROZEN_C1_SOURCE_ANCHORED_LINEAR_SOFTMAX,45,230003,0.1219047619047619,0.12397213627052503,0.12190476190476189,0.0,0a54402565a30f4864ea45c99722c5fc6c00a8483900980c1a1f95f91f9561e8
200,FROZEN_C1_SOURCE_ANCHORED_LINEAR_SOFTMAX,45,254959,0.12412698412698413,0.12493894884117847,0.12412698412698411,0.0,08b7d54bb1b2423397e97e7a7d783a87fccba8f8f6557739f8a09c5c9fefcc08
200,FROZEN_C1_SOURCE_ANCHORED_LINEAR_SOFTMAX,45,280001,0.11492063492063492,0.11718797770774758,0.11492063492063491,0.0,c70c322f63fd92bdd3b902a7816a1c15881aafe6f02d6edad5eae05728c959ee
200,FROZEN_C1_SOURCE_ANCHORED_LINEAR_SOFTMAX,45,305093,0.12380952380952381,0.1253507017211085,0.12380952380952381,0.0,e0d84f25d4ba3a9f8132b08551988bfbddf1b26b61811feb95a496f87ddc8363
200,FROZEN_C1_SOURCE_ANCHORED_LINEAR_SOFTMAX,45,330017,0.12380952380952381,0.1250790510573145,0.1238095238095238,0.009615384615384616,72ab188326d58f4f2f860e7701137c3b30ef284db9283cecce14d27fe599dcbb
200,FROZEN_C1_SOURCE_ANCHORED_LINEAR_SOFTMAX,45,355031,0.11841269841269841,0.1191792218166733,0.1184126984126984,0.0,e9d7bbffd7f3eb4a9bb307be5984e650d3d0ffe00daeb4501666ae07d3fcfb0f
200,FROZEN_C1_SOURCE_ANCHORED_LINEAR_SOFTMAX,45,380041,0.11682539682539683,0.11827846345648736,0.11682539682539682,0.0,e31e37bcfee14fb0180d3c8884b522bc506be4b52bdff72e1f249ba9400d8c4d
200,FROZEN_C1_SOURCE_ANCHORED_LINEAR_SOFTMAX,45,405019,0.11492063492063492,0.11516920383895668,0.11492063492063491,0.0,a76ebf8e85249977813907d759e70836bbf09dffd5425ee638f398e9bad6cdea
200,FROZEN_C1_SOURCE_ANCHORED_LINEAR_SOFTMAX,45,430007,0.12380952380952381,0.12352448891157367,0.1238095238095238,0.0,069e2cc929fac51b9f5fe451730b7ad3eea3f2abad73a140200428a633ce0a8f
200,FROZEN_C1_SOURCE_ANCHORED_LINEAR_SOFTMAX,45,455003,0.13555555555555557,0.13536973253250015,0.13555555555555554,0.009400705052878966,e949c1c178c88aacbd0fccce6e1908d74ce20f96bab6fb62e5a40d5521b9dff3
200,FROZEN_C1_SOURCE_ANCHORED_LINEAR_SOFTMAX,45,480017,0.12380952380952381,0.12345431011631212,0.12380952380952381,0.0,6b0e114256911cb3ac333bcd472c9891d3c2f93721b55866a643872cba4b8c9a
200,FROZEN_C1_SOURCE_ANCHORED_LINEAR_SOFTMAX,45,505027,0.12571428571428572,0.12598310265006812,0.12571428571428572,0.0,d944520a0c5384eef1dd2ff9ef0181921a22901c955ac537774d53c4ccff2891
200,FROZEN_C1_SOURCE_ANCHORED_LINEAR_SOFTMAX,45,530017,0.12380952380952381,0.1258927268058581,0.1238095238095238,0.0,f32d47b70dc48b55e52859e50e61d7d931eb9e58e7be59fa84d343b1272486ef
200,FROZEN_C1_SOURCE_ANCHORED_LINEAR_SOFTMAX,45,555029,0.12476190476190477,0.12683193335219425,0.12476190476190475,0.0,d0f6544fb3858bcc9ebf6600792ca9142d440b3eebe8c7be6e6c07e5bc294723
200,FROZEN_C1_SOURCE_ANCHORED_LINEAR_SOFTMAX,45,580031,0.11365079365079366,0.11693979995974065,0.11365079365079364,0.0,5f93e7592d61890a63fea9c68c19b3b0dcc839fd33b3dd66cd441676ac4ca259
200,FROZEN_C1_SOURCE_ANCHORED_LINEAR_SOFTMAX,46,104729,0.15428571428571428,0.15460610196029329,0.1542857142857143,0.0,f276580d35cfb8c7b651834fff4406cb67979afa6d1cfbee4f75299cf3729573
200,FROZEN_C1_SOURCE_ANCHORED_LINEAR_SOFTMAX,46,130363,0.15492063492063493,0.15519302580882743,0.1549206349206349,0.0,54d6ac22ae29df5532d90ed81f288bf9af151db7da574950540a0adef90f1128
200,FROZEN_C1_SOURCE_ANCHORED_LINEAR_SOFTMAX,46,155921,0.1761904761904762,0.18204800428272477,0.1761904761904762,0.07226354941551541,37133c36714f00e8dec860db00abc42c5a04101bf3eef33bbfd53df0829c0ec8
200,FROZEN_C1_SOURCE_ANCHORED_LINEAR_SOFTMAX,46,181081,0.1761904761904762,0.18028747676737225,0.1761904761904762,0.07657657657657657,afb5ceb83d8f588c8a9b2318cfef1c557e8fe694d9ab49ad0ed1396cfc2ffb6c
200,FROZEN_C1_SOURCE_ANCHORED_LINEAR_SOFTMAX,46,205439,0.17809523809523808,0.18169632084038592,0.17809523809523808,0.07296137339055794,b312500bcc962a226e23b35630215cbd4b4bc79742de015e5651012f7cad51d6
200,FROZEN_C1_SOURCE_ANCHORED_LINEAR_SOFTMAX,46,230003,0.16507936507936508,0.17057293449479238,0.16507936507936508,0.01107419712070875,0e8b76ce52510c47281ac37841a39a569177a81c5f3d27b6bab5266067f617ec
200,FROZEN_C1_SOURCE_ANCHORED_LINEAR_SOFTMAX,46,254959,0.1492063492063492,0.15305782456875813,0.14920634920634918,0.0,a8098200edcc4fd18696145b30bb82fd8d08bdc6bab8d60bbd5a98c9428911d5
200,FROZEN_C1_SOURCE_ANCHORED_LINEAR_SOFTMAX,46,280001,0.1688888888888889,0.1710685911784239,0.1688888888888889,0.0117096018735363,7ce68518f481bd2a621c7ab97e708a9c4b972271bb0f17af6c20eed7fdc4baa5
200,FROZEN_C1_SOURCE_ANCHORED_LINEAR_SOFTMAX,46,305093,0.1434920634920635,0.1450158941988114,0.1434920634920635,0.0,ec74040dfe0d4731f6db0b33db833b5a25c4737c3b395b88a253bd7b7203e319
200,FROZEN_C1_SOURCE_ANCHORED_LINEAR_SOFTMAX,46,330017,0.17047619047619048,0.172559749438943,0.17047619047619048,0.07296137339055794,e771edade3680a38eb412b0b7035284c8315b006c1c49bf9ddb678d4cfa5bfee
200,FROZEN_C1_SOURCE_ANCHORED_LINEAR_SOFTMAX,46,355031,0.1761904761904762,0.18047318233339552,0.1761904761904762,0.07203389830508475,f6925e0aadcabe0cea04f415a7cc5f13da3c055b6750e1f5c58854b67ac41208
200,FROZEN_C1_SOURCE_ANCHORED_LINEAR_SOFTMAX,46,380041,0.17047619047619048,0.17261229424725902,0.17047619047619048,0.07264957264957266,f5d92a8d04f9362eae14b0b55a33796e905355b597717463c070b0b68f2f2214
200,FROZEN_C1_SOURCE_ANCHORED_LINEAR_SOFTMAX,46,405019,0.1634920634920635,0.16468472179779994,0.1634920634920635,0.0,b64b78c5dbbab574ba493d9c64740b4757fec1c7093472c8b2b6b877188a3d1f
200,FROZEN_C1_SOURCE_ANCHORED_LINEAR_SOFTMAX,46,430007,0.16158730158730158,0.16462274307174654,0.16158730158730158,0.0,28faae9721b384a8bcff6f383228464f970df654c057fcf80c23d3789bc1d422
200,FROZEN_C1_SOURCE_ANCHORED_LINEAR_SOFTMAX,46,455003,0.15174603174603174,0.15682436218032003,0.15174603174603174,0.011086474501108648,d99d8a1334a66f7df41d2f71c0e7846241411afa3f000d22186bb1d4762b0b7d
200,FROZEN_C1_SOURCE_ANCHORED_LINEAR_SOFTMAX,46,480017,0.16698412698412698,0.16955673941574984,0.16698412698412698,0.01107419712070875,3ddcf81500c3b681b010c2289e83e2d83193a0d387b1b2192813790f6409d3d9
200,FROZEN_C1_SOURCE_ANCHORED_LINEAR_SOFTMAX,46,505027,0.17809523809523808,0.18362633205859719,0.17809523809523808,0.07288317256162916,7ce0dfba5fcffc9ddca2f455514d8d4bffb1ac70bc8d902b1e89e37340e123f0
200,FROZEN_C1_SOURCE_ANCHORED_LINEAR_SOFTMAX,46,530017,0.16952380952380952,0.17546091037608388,0.1695238095238095,0.07083333333333333,b3deb4416a2842595e62d64424db27ebd3dd18497dd02ea555829c53c2971c13
200,FROZEN_C1_SOURCE_ANCHORED_LINEAR_SOFTMAX,46,555029,0.16063492063492063,0.1676526833926695,0.16063492063492063,0.06666666666666667,86dacda30e4947621d9353c7df486fb7d426c67fd2d90833bee0a96c5a9a142e
200,FROZEN_C1_SOURCE_ANCHORED_LINEAR_SOFTMAX,46,580031,0.17714285714285713,0.1823313149327158,0.17714285714285713,0.07311827956989247,9f3a7c280643353e7dee0436897454c28bf8ab7bc0e12ceab1119170a35112bf
500,FROZEN_C1_SOURCE_ANCHORED_LINEAR_SOFTMAX,42,104729,0.14603174603174604,0.14442837646880682,0.14603174603174604,0.027491408934707903,a4d4787c3cabbeb3dcb0f313f3476a44c282187118baad728ef01008f2da94ee
500,FROZEN_C1_SOURCE_ANCHORED_LINEAR_SOFTMAX,42,130363,0.14603174603174604,0.1449231001587006,0.14603174603174604,0.02699662542182227,6fe3724943b7c145a3f043a6c47d856a0b51cfcc83ab909503d1fae08789a561
500,FROZEN_C1_SOURCE_ANCHORED_LINEAR_SOFTMAX,42,155921,0.14603174603174604,0.14452519966297286,0.14603174603174604,0.027366020524515394,a97eaad454b343136e6f518bdfad5b8b46cf33ba4a41cc94e52695f43711154b
500,FROZEN_C1_SOURCE_ANCHORED_LINEAR_SOFTMAX,42,181081,0.14603174603174604,0.14430157132803645,0.14603174603174604,0.02761795166858458,260843b3d47804880cf5cdd3a3199badd1c9cad20d1bf87d087d6db3b8a23d1b
500,FROZEN_C1_SOURCE_ANCHORED_LINEAR_SOFTMAX,42,205439,0.14603174603174604,0.14480005947505892,0.14603174603174604,0.02708803611738149,95746ecc434f4aab7b349b41a1d258dc775ad5ed9aa62d9b1aa4f001a9331e31
500,FROZEN_C1_SOURCE_ANCHORED_LINEAR_SOFTMAX,42,230003,0.14603174603174604,0.1452307535394177,0.14603174603174604,0.02705749718151071,325b93988d08b068b4f2ceccec4b8c8ba4144856c7b831f32e1767aaa5ec5369
500,FROZEN_C1_SOURCE_ANCHORED_LINEAR_SOFTMAX,42,254959,0.14507936507936509,0.1438990221329843,0.14507936507936509,0.02708803611738149,95a93936b17433af2ccc5fc459d96590cf0611ff904551665a40045e827b04d2
500,FROZEN_C1_SOURCE_ANCHORED_LINEAR_SOFTMAX,42,280001,0.14507936507936509,0.14439963894099211,0.14507936507936509,0.026578073089700997,05ea0c1c7324fecf7d58798f6589f78a0fea22fc46aefbab1803d539ca0c50b6
500,FROZEN_C1_SOURCE_ANCHORED_LINEAR_SOFTMAX,42,305093,0.14507936507936509,0.1439866975052773,0.14507936507936509,0.02699662542182227,79c70071dcc7af0370206bee8e87ff8300e7e05066cfba2736002241135c6e39
500,FROZEN_C1_SOURCE_ANCHORED_LINEAR_SOFTMAX,42,330017,0.14603174603174604,0.14480005947505892,0.14603174603174604,0.02708803611738149,95746ecc434f4aab7b349b41a1d258dc775ad5ed9aa62d9b1aa4f001a9331e31
500,FROZEN_C1_SOURCE_ANCHORED_LINEAR_SOFTMAX,42,355031,0.14603174603174604,0.1453147398680746,0.14603174603174604,0.026578073089700997,943dcc682cf169cf51bf7304e364e6b1193a651d876e41ef17f56fb9465aabfc
500,FROZEN_C1_SOURCE_ANCHORED_LINEAR_SOFTMAX,42,380041,0.14603174603174604,0.14476825864029383,0.14603174603174604,0.02708803611738149,9a9ccc44a0c4d87be062bd344eabff2aaf311eb12029a483a6e2d779f67a9c0d
500,FROZEN_C1_SOURCE_ANCHORED_LINEAR_SOFTMAX,42,405019,0.14603174603174604,0.14485593401258678,0.14603174603174604,0.02699662542182227,f33094fa4feb084051620c1728838e2324412b0a040745b0f7d354bfa0e2f2ee
500,FROZEN_C1_SOURCE_ANCHORED_LINEAR_SOFTMAX,42,430007,0.14507936507936509,0.14406305397334468,0.14507936507936509,0.026936026936026935,6823397ab4da4bc4d727af890350e4e18ccd84070790b3e051dd2df7e34d064d
500,FROZEN_C1_SOURCE_ANCHORED_LINEAR_SOFTMAX,42,455003,0.14603174603174604,0.1442895824588453,0.14603174603174604,0.027649769585253458,6fbdeb8d05bfe57049539f873e46c67b572459d40e2d5418c1c20ad4ec9aa4d8
500,FROZEN_C1_SOURCE_ANCHORED_LINEAR_SOFTMAX,42,480017,0.14603174603174604,0.1453798113888986,0.14603174603174604,0.026460859977949284,c9ee32e5addf1b788f8fd3289b318844b2f67aee21289a3321479ef7fa39434f
500,FROZEN_C1_SOURCE_ANCHORED_LINEAR_SOFTMAX,42,505027,0.14603174603174604,0.14527518214700588,0.14603174603174604,0.026578073089700997,88721c3e2a41645a8a7b3673882f1e4a619d4f59bf2d20491ad66bee946ca232
500,FROZEN_C1_SOURCE_ANCHORED_LINEAR_SOFTMAX,42,530017,0.14507936507936509,0.14337189363853844,0.14507936507936509,0.027649769585253458,5adb0c9870ec0d0721a9ceca76b9e2353d44462499c76fa9c74d699ee0d82f24
500,FROZEN_C1_SOURCE_ANCHORED_LINEAR_SOFTMAX,42,555029,0.14603174603174604,0.14433239194920194,0.14603174603174604,0.02761795166858458,872d2fd875f3aaf01cd4d775e3bdcf4f38a6e2c286cd0778967215201036e898
500,FROZEN_C1_SOURCE_ANCHORED_LINEAR_SOFTMAX,42,580031,0.14603174603174604,0.14552942714853417,0.14603174603174604,0.026373626373626374,ee7e226861a937cf16f7447874a138ec523907f22a08493f91d2ede6d0bd5d66
500,FROZEN_C1_SOURCE_ANCHORED_LINEAR_SOFTMAX,43,104729,0.16,0.15519521799564892,0.15999999999999998,0.0,15fcd46a2139b3d473dfa866bb7cdab3955755e05138a1c6240f2c28ff7442ff
500,FROZEN_C1_SOURCE_ANCHORED_LINEAR_SOFTMAX,43,130363,0.16,0.15551147865201287,0.15999999999999998,0.0,2c359b4c076a6c2cff2a981ff4dab683f7906f25f184a5a20c4d487c69c75a0b
500,FROZEN_C1_SOURCE_ANCHORED_LINEAR_SOFTMAX,43,155921,0.16317460317460317,0.1572228173240178,0.16317460317460317,0.0,f37bcf565ef2132a576f0e334abf19270c6057585aed2f8b7d54b0bd6ac8a69f
500,FROZEN_C1_SOURCE_ANCHORED_LINEAR_SOFTMAX,43,181081,0.16,0.15249858086818424,0.15999999999999998,0.0,e0a9eb56c49ee21b6b8ac3bc6cbe1ebf037c199e382e6e9710c7eec7f8ad0739
500,FROZEN_C1_SOURCE_ANCHORED_LINEAR_SOFTMAX,43,205439,0.16,0.15504097259183514,0.15999999999999998,0.0,a66f8012e102589564a83f18f073cb491c3b23fbee3c159f0cdf74941502d10a
500,FROZEN_C1_SOURCE_ANCHORED_LINEAR_SOFTMAX,43,230003,0.16,0.15537590029962248,0.15999999999999998,0.0,811f2652f958518d148e79bf95367cff01db1e60185a70400b04d15c131eff65
500,FROZEN_C1_SOURCE_ANCHORED_LINEAR_SOFTMAX,43,254959,0.16,0.15503770518395693,0.15999999999999998,0.0,ff7d5c3bf3a8ce4412d812c1cbf90d7396e98a8f34199883975050decc1d8486
500,FROZEN_C1_SOURCE_ANCHORED_LINEAR_SOFTMAX,43,280001,0.16,0.1548180633073974,0.15999999999999998,0.0,b52c0b051155f61ee3c26a98bdc4857036c856301fc68f54fbad37256e032a71
500,FROZEN_C1_SOURCE_ANCHORED_LINEAR_SOFTMAX,43,305093,0.16,0.15557749760537357,0.15999999999999998,0.0,7af9d1bad802ead87561b68fece6b644deeb1809e8cea6fc8460383d9959b0e5
500,FROZEN_C1_SOURCE_ANCHORED_LINEAR_SOFTMAX,43,330017,0.1746031746031746,0.17017160291560554,0.1746031746031746,0.0,9657e9736a9090b770dbb81723f4469c58b6d8886ba04ccb8a822e10cf568f84
500,FROZEN_C1_SOURCE_ANCHORED_LINEAR_SOFTMAX,43,355031,0.16,0.15537363779519492,0.15999999999999998,0.0,ddc72f95c763af5fb596c76e2fbd7cd1fae7b4738a1774299c78b36014fd9415
500,FROZEN_C1_SOURCE_ANCHORED_LINEAR_SOFTMAX,43,380041,0.17174603174603176,0.16600301157372904,0.17174603174603176,0.0,dd09950f5edb4cf2c5da27575fe5bdeefd4f09ec2a14ee29696d39b6ca0dac72
500,FROZEN_C1_SOURCE_ANCHORED_LINEAR_SOFTMAX,43,405019,0.16,0.1554164775763875,0.15999999999999998,0.0,f922be85f966fa792db4260a5ee0f110ad9888050299f8af36e3e5f60ac6e53a
500,FROZEN_C1_SOURCE_ANCHORED_LINEAR_SOFTMAX,43,430007,0.16,0.15544703145394495,0.15999999999999998,0.0,b21a61d452b16f273414bba39fe7db8834c0faf1cb8103d6fc2bc3c2ae3582ef
500,FROZEN_C1_SOURCE_ANCHORED_LINEAR_SOFTMAX,43,455003,0.16,0.15526976205879903,0.15999999999999998,0.0,11d4910dc05c63e50d81d47f9924d6701c6664b0f266779a5a6e7084f0845105
500,FROZEN_C1_SOURCE_ANCHORED_LINEAR_SOFTMAX,43,480017,0.16,0.15438999604629208,0.15999999999999998,0.0,28863b6a57b1ac3f33962449c11cbd750d87d0ab85706b554cc3b454a2d0f602
500,FROZEN_C1_SOURCE_ANCHORED_LINEAR_SOFTMAX,43,505027,0.16,0.1555551460161793,0.15999999999999998,0.0,6d05586752cdaae2afca1085d170b7ca5aeea1cf09c2bdbf07449636fab6857b
500,FROZEN_C1_SOURCE_ANCHORED_LINEAR_SOFTMAX,43,530017,0.16,0.15473119303150465,0.15999999999999998,0.0,fd19399f7860ff16ef9f724cb78156c338130e1704bc6105906f23140cb7eedc
500,FROZEN_C1_SOURCE_ANCHORED_LINEAR_SOFTMAX,43,555029,0.16,0.1545834930728263,0.15999999999999998,0.0,65e3cac602119cdeea9b1ac963f4d2be44f0d53e801e0932e07d9866870b7fc7
500,FROZEN_C1_SOURCE_ANCHORED_LINEAR_SOFTMAX,43,580031,0.16,0.1557802299743318,0.15999999999999998,0.0,0eb2bc41180d14204a708ba4a7631ba806926c4b5c29e5da50ef1740d299cc97
500,FROZEN_C1_SOURCE_ANCHORED_LINEAR_SOFTMAX,44,104729,0.11523809523809524,0.11276038591730345,0.11523809523809524,0.008695652173913044,ef5a5b321edda68851ecdced3fa085a5eb04da1d2aab8e283e669a11104f17e2
500,FROZEN_C1_SOURCE_ANCHORED_LINEAR_SOFTMAX,44,130363,0.11333333333333333,0.1106262687607478,0.11333333333333333,0.0023446658851113715,c663ee34d066216670f5f40a1e10fa2498e0348302e45a363960eda45a551f05
500,FROZEN_C1_SOURCE_ANCHORED_LINEAR_SOFTMAX,44,155921,0.11333333333333333,0.11046054052523205,0.11333333333333333,0.0023446658851113715,25ea557df643269aca8562aec0a187edcb73dc3b74b8e8f206e760d419156d6a
500,FROZEN_C1_SOURCE_ANCHORED_LINEAR_SOFTMAX,44,181081,0.11333333333333333,0.11048574895937484,0.11333333333333333,0.00234192037470726,66f7993b4bfec38aa2070394eea719082266c0c923cdbea8b3c234f29457c7af
500,FROZEN_C1_SOURCE_ANCHORED_LINEAR_SOFTMAX,44,205439,0.11523809523809524,0.11177725904519191,0.11523809523809524,0.009153318077803204,61c56ddbaf5f8f92e12c5f21ff40176708f485bc9d78f0318581c58c3a79d692
500,FROZEN_C1_SOURCE_ANCHORED_LINEAR_SOFTMAX,44,230003,0.11333333333333333,0.1107129367646227,0.11333333333333333,0.0023446658851113715,89b61655b9ef7b3f4408fc0d9b7a271482399a90c039f4d6f434933f693e48da
500,FROZEN_C1_SOURCE_ANCHORED_LINEAR_SOFTMAX,44,254959,0.11428571428571428,0.11102977960800185,0.11428571428571428,0.009060022650056626,1c7beba96328e4a466bc67c32306b5e143044926791af6901c16f821c4a6054e
500,FROZEN_C1_SOURCE_ANCHORED_LINEAR_SOFTMAX,44,280001,0.11333333333333333,0.11072658627659808,0.11333333333333333,0.0023446658851113715,a36b42be0b04b455290bf066b709748fee644ab00e65cfadc48d95e104076ea5
500,FROZEN_C1_SOURCE_ANCHORED_LINEAR_SOFTMAX,44,305093,0.11333333333333333,0.11019087435410699,0.11333333333333333,0.002421307506053269,0dba932c9d1925a17d1b32dd8817c71a8991abf013ae06377eb16ed2b19ddb3d
500,FROZEN_C1_SOURCE_ANCHORED_LINEAR_SOFTMAX,44,330017,0.11333333333333333,0.11049587403267948,0.11333333333333333,0.0023446658851113715,4aa9ca7a2902beee700ed9e99b9649d96e910159614483c480cff288ec18429f
500,FROZEN_C1_SOURCE_ANCHORED_LINEAR_SOFTMAX,44,355031,0.11428571428571428,0.11139233577305437,0.11428571428571428,0.008695652173913044,18adee1f2fde338f3d3adfd56dc5af54f2c8c3654bf67f79b5b0b2c4df906331
500,FROZEN_C1_SOURCE_ANCHORED_LINEAR_SOFTMAX,44,380041,0.11428571428571428,0.11172138230379758,0.11428571428571428,0.0023446658851113715,1b171d387285ba8f0983684e3664fe106279cc9087f2e40886069d3da764d69f
500,FROZEN_C1_SOURCE_ANCHORED_LINEAR_SOFTMAX,44,405019,0.11333333333333333,0.11086977253851568,0.11333333333333333,0.0023446658851113715,a68041fdf4dc3947e39e93d66ef717073cacbc3cebecd7cc57e5c4bf0cacb6a1
500,FROZEN_C1_SOURCE_ANCHORED_LINEAR_SOFTMAX,44,430007,0.11523809523809524,0.11194078608020977,0.11523809523809524,0.00909090909090909,3301aa79c62907917e32d3ba4ca9b5002d4bce59469687c6c0e20cf3dc44d51f
500,FROZEN_C1_SOURCE_ANCHORED_LINEAR_SOFTMAX,44,455003,0.11333333333333333,0.1107129367646227,0.11333333333333333,0.0023446658851113715,89b61655b9ef7b3f4408fc0d9b7a271482399a90c039f4d6f434933f693e48da
500,FROZEN_C1_SOURCE_ANCHORED_LINEAR_SOFTMAX,44,480017,0.11428571428571428,0.11008861664188788,0.11428571428571428,0.009142857142857144,aa8a53fe1d27a82437e9a1af4dbd7766fcf7e658e1e89aa65a7aaa29beaa1618
500,FROZEN_C1_SOURCE_ANCHORED_LINEAR_SOFTMAX,44,505027,0.11428571428571428,0.11148009874194423,0.11428571428571428,0.008686210640608035,22b362c488896146d2b75f46ee22ddf2f0cb0cc527c44d297aea1e002aaeff30
500,FROZEN_C1_SOURCE_ANCHORED_LINEAR_SOFTMAX,44,530017,0.11333333333333333,0.1107129367646227,0.11333333333333333,0.0023446658851113715,89b61655b9ef7b3f4408fc0d9b7a271482399a90c039f4d6f434933f693e48da
500,FROZEN_C1_SOURCE_ANCHORED_LINEAR_SOFTMAX,44,555029,0.11333333333333333,0.11073902543956514,0.11333333333333333,0.0023446658851113715,5b19b1b11acede7677ab69dd1f6f4738c69fc47304762a5d96c842559f37cfa9
500,FROZEN_C1_SOURCE_ANCHORED_LINEAR_SOFTMAX,44,580031,0.11428571428571428,0.11111293180837158,0.11428571428571428,0.00881057268722467,5b790fb9d3f192d4259ba3bc70ccd768652bf782b77cb1eba3049216a20b89ad
500,FROZEN_C1_SOURCE_ANCHORED_LINEAR_SOFTMAX,45,104729,0.1165079365079365,0.11873670454657088,0.11650793650793649,0.0,336af2036470ae5a8eccc4dc9b0f7ffa81c260b89bb2605d82d415c0f99cbad7
500,FROZEN_C1_SOURCE_ANCHORED_LINEAR_SOFTMAX,45,130363,0.1219047619047619,0.12176455555850195,0.12190476190476189,0.0,e1917a52ea19ed067282deb054f9c6c85f834c7add0a6da2faaab07f19707665
500,FROZEN_C1_SOURCE_ANCHORED_LINEAR_SOFTMAX,45,155921,0.11746031746031746,0.12012771900225735,0.11746031746031746,0.0,c90e3bcf8fbf44459de06b5f9566a8bafd2e00d8c6ad0aef00c5bb7eb839fefa
500,FROZEN_C1_SOURCE_ANCHORED_LINEAR_SOFTMAX,45,181081,0.12285714285714286,0.12265865988356861,0.12285714285714286,0.0,05fa1858c39dff2375a721e6bca9362ce86677b0c3fe66fabb115a07dd0081b9
500,FROZEN_C1_SOURCE_ANCHORED_LINEAR_SOFTMAX,45,205439,0.1219047619047619,0.12225121416528942,0.12190476190476189,0.0,e630b7fae9902b5ffd78fe10b1c03d10d027881207b56a09ad6534538a7322e6
500,FROZEN_C1_SOURCE_ANCHORED_LINEAR_SOFTMAX,45,230003,0.1219047619047619,0.12357494565452706,0.12190476190476189,0.0,bf5b5ff70ee8a06c365c4f9b8f34ee7353f2bc7f3b3d8305e51abc1a8a78b84e
500,FROZEN_C1_SOURCE_ANCHORED_LINEAR_SOFTMAX,45,254959,0.12507936507936507,0.1273096603806261,0.12507936507936507,0.00546448087431694,13900d7d31b3aabbc61385d17434456d493853aca27423f767880d3683348062
500,FROZEN_C1_SOURCE_ANCHORED_LINEAR_SOFTMAX,45,280001,0.1165079365079365,0.11898889517249898,0.11650793650793649,0.0,74cabb92b9730210e658ac68e82b31ab40771198c13541d5689a269d63fc0f9b
500,FROZEN_C1_SOURCE_ANCHORED_LINEAR_SOFTMAX,45,305093,0.12380952380952381,0.12535605475556452,0.1238095238095238,0.0,5078098d20b7fa25f6ed4896cf4583b96dbc9ab94a86e83c4d988daaab9426d5
500,FROZEN_C1_SOURCE_ANCHORED_LINEAR_SOFTMAX,45,330017,0.12285714285714286,0.12327041764687585,0.12285714285714286,0.0,9f631a8dad4c83500b28b170890b49fdebcd97c90054fe50cf139f031ed1c6c4
500,FROZEN_C1_SOURCE_ANCHORED_LINEAR_SOFTMAX,45,355031,0.11555555555555555,0.11604194043161128,0.11555555555555554,0.0,114b8c5edec32141bc81167bc1a63a35bde9820e947ba678e192fbf562fd5e91
500,FROZEN_C1_SOURCE_ANCHORED_LINEAR_SOFTMAX,45,380041,0.11682539682539683,0.11856501118503966,0.11682539682539682,0.0,96afc9878c2e843a69f654269a8d874c4c414e52ae2f71606adac7219d416c04
500,FROZEN_C1_SOURCE_ANCHORED_LINEAR_SOFTMAX,45,405019,0.11396825396825397,0.11603918907316897,0.11396825396825395,0.0,3fa1ce5c3bc53d950e79a49fa3565a32861096bef5fdd378cc5c45ee5a5be3a9
500,FROZEN_C1_SOURCE_ANCHORED_LINEAR_SOFTMAX,45,430007,0.12476190476190477,0.12454572287724874,0.12476190476190475,0.0,30539ec66aafcadc31348c2797c4122c38f8ca6ba5551c4e0070e09f71897bcc
500,FROZEN_C1_SOURCE_ANCHORED_LINEAR_SOFTMAX,45,455003,0.11555555555555555,0.11779663623874008,0.11555555555555554,0.0,edfee94a1e195b4ad03051320b36e2fdceb24dc52b7d4dd0f3707022dde618d4
500,FROZEN_C1_SOURCE_ANCHORED_LINEAR_SOFTMAX,45,480017,0.12476190476190477,0.12441256551266298,0.12476190476190475,0.0,c34b14cca5a7078a32ce89fb66f89b974a5e9c0c7e2bf41ee25c7d5f49169322
500,FROZEN_C1_SOURCE_ANCHORED_LINEAR_SOFTMAX,45,505027,0.12476190476190477,0.12485780515466013,0.12476190476190475,0.0,1e273b66793e86dc4b78c938aa18d773c547007faa5b77bab2e2b1a17cdc9596
500,FROZEN_C1_SOURCE_ANCHORED_LINEAR_SOFTMAX,45,530017,0.12476190476190477,0.12669826372371748,0.12476190476190475,0.0,386de2a443b205a5b849276e18570a611df19a52e864350086eea0989cca95f9
500,FROZEN_C1_SOURCE_ANCHORED_LINEAR_SOFTMAX,45,555029,0.12476190476190477,0.12683468134482526,0.12476190476190475,0.0,a6d86e408d90fafe79cb4c0aecba40bb44a8de194ef84191ad2d5363409ff698
500,FROZEN_C1_SOURCE_ANCHORED_LINEAR_SOFTMAX,45,580031,0.1165079365079365,0.11898261091035225,0.11650793650793649,0.0,55bb4bf0bccda599c2c7ebf64b182b42a3827650586775e43b92061f9f7b4f48
500,FROZEN_C1_SOURCE_ANCHORED_LINEAR_SOFTMAX,46,104729,0.17809523809523808,0.18172499679481022,0.17809523809523808,0.07311827956989247,e25045cb1faf222a692ffce9ff39ec1d6552167316e1bc6cb1909816f5fd1741
500,FROZEN_C1_SOURCE_ANCHORED_LINEAR_SOFTMAX,46,130363,0.1761904761904762,0.18132806129893586,0.1761904761904762,0.07311827956989247,a7bf4ff98910f476e3ddb86d3b8c21323958251bd5edbe797ecad575113921ae
500,FROZEN_C1_SOURCE_ANCHORED_LINEAR_SOFTMAX,46,155921,0.17809523809523808,0.18373014720192787,0.17809523809523808,0.07226354941551541,dcf5a1866994d158e51414280ef589a74ec5f3bed044a56cec86ab2fdab5f801
500,FROZEN_C1_SOURCE_ANCHORED_LINEAR_SOFTMAX,46,181081,0.1761904761904762,0.18191942700615907,0.1761904761904762,0.07288317256162916,afd94f48a55419719271763479f33b85ad9140739fa99dd13f26c437fb242f1e
500,FROZEN_C1_SOURCE_ANCHORED_LINEAR_SOFTMAX,46,205439,0.17714285714285713,0.18115227180538954,0.17714285714285713,0.07319698600645856,0086169e29669bfa945f2c705dda6361ff62a4b7d91457da07ae39c47e4e8385
500,FROZEN_C1_SOURCE_ANCHORED_LINEAR_SOFTMAX,46,230003,0.1761904761904762,0.17994959010307934,0.1761904761904762,0.07311827956989247,13cec41d176d14d68fd31e7a3ad78d4ad4fe555009b1d64347601669c47cb72e
500,FROZEN_C1_SOURCE_ANCHORED_LINEAR_SOFTMAX,46,254959,0.17809523809523808,0.1834682713339211,0.17809523809523808,0.07311827956989247,695512da4dce48d8c57e8a08afee2bc0033c73bba39e3a0ce371797c02edd23c
500,FROZEN_C1_SOURCE_ANCHORED_LINEAR_SOFTMAX,46,280001,0.1688888888888889,0.172936759851474,0.1688888888888889,0.011111111111111112,fc3aeee25a2fe3e1061db64b3a78dea46f2cbc2b50858573decdfc42d0d79180
500,FROZEN_C1_SOURCE_ANCHORED_LINEAR_SOFTMAX,46,305093,0.1761904761904762,0.18190492587558443,0.1761904761904762,0.07311827956989247,7dbf5c084eb46690f40a2a3c71325de4c1970bab9cc9db758a3708293bab28a9
500,FROZEN_C1_SOURCE_ANCHORED_LINEAR_SOFTMAX,46,330017,0.1761904761904762,0.18186707569069324,0.1761904761904762,0.07296137339055794,579c6f79a7a7d82a5085619c8bebc112ea89e9447c2e03024e50ce316d0a672e
500,FROZEN_C1_SOURCE_ANCHORED_LINEAR_SOFTMAX,46,355031,0.1761904761904762,0.180394481314551,0.1761904761904762,0.07319698600645856,81af29e15fa8af81fb2dc17b1027b51fc5bf773bf20f61d458a01299411f495e
500,FROZEN_C1_SOURCE_ANCHORED_LINEAR_SOFTMAX,46,380041,0.17809523809523808,0.1836111872589335,0.17809523809523808,0.07311827956989247,8c0073ff99039a19b98dc526959fc61501ee5bd6d30b2d86274eed9f57547120
500,FROZEN_C1_SOURCE_ANCHORED_LINEAR_SOFTMAX,46,405019,0.17809523809523808,0.18172499679481022,0.17809523809523808,0.07311827956989247,e25045cb1faf222a692ffce9ff39ec1d6552167316e1bc6cb1909816f5fd1741
500,FROZEN_C1_SOURCE_ANCHORED_LINEAR_SOFTMAX,46,430007,0.16253968253968254,0.16581292279987858,0.16253968253968254,0.006944444444444444,e891760aca9161de771a82b4e208118791dad5f88e5af0d58e09df892c4129ed
500,FROZEN_C1_SOURCE_ANCHORED_LINEAR_SOFTMAX,46,455003,0.17523809523809525,0.17877931104377512,0.17523809523809522,0.0670995670995671,54f8a1a86e3478d4e6f2bb64c0fe9f9b9e871cd9d1866ead20eef7f4966f1293
500,FROZEN_C1_SOURCE_ANCHORED_LINEAR_SOFTMAX,46,480017,0.17809523809523808,0.18362633205859719,0.17809523809523808,0.07288317256162916,7ce0dfba5fcffc9ddca2f455514d8d4bffb1ac70bc8d902b1e89e37340e123f0
500,FROZEN_C1_SOURCE_ANCHORED_LINEAR_SOFTMAX,46,505027,0.17809523809523808,0.18362633205859719,0.17809523809523808,0.07288317256162916,7ce0dfba5fcffc9ddca2f455514d8d4bffb1ac70bc8d902b1e89e37340e123f0
500,FROZEN_C1_SOURCE_ANCHORED_LINEAR_SOFTMAX,46,530017,0.17714285714285713,0.1806697019077399,0.17714285714285713,0.0668824163969795,72fcae03cbdcbcffb2a48968937a572547320bd4fcb61f36e457923f5fc283dc
500,FROZEN_C1_SOURCE_ANCHORED_LINEAR_SOFTMAX,46,555029,0.17714285714285713,0.18115227180538954,0.17714285714285713,0.07319698600645856,0086169e29669bfa945f2c705dda6361ff62a4b7d91457da07ae39c47e4e8385
500,FROZEN_C1_SOURCE_ANCHORED_LINEAR_SOFTMAX,46,580031,0.16158730158730158,0.16434229709091677,0.16158730158730158,0.0,196ba76bf15628ca09d25dc17e94818f4e456f7cefdbeaddc4be1e85f5d8969f
