record_type,paired_unit_id,TagID,ER,surface,held_fold,seed,contrast,estimate,physical_block_count,primary_endpoint
paired_block_seed_contrast,pair_a5d33fae02f85179aed284d5,1,0,A1,1,42,angle_45_minus_0,0.0,1,condition_block_accuracy
paired_block_seed_contrast,pair_a5d33fae02f85179aed284d5,1,0,A1,1,42,distance_150_minus_50,0.0,1,condition_block_accuracy
paired_block_seed_contrast,pair_a5d33fae02f85179aed284d5,1,0,A1,1,42,angle_by_distance_interaction,0.0,1,condition_block_accuracy
paired_block_seed_contrast,pair_a5d33fae02f85179aed284d5,1,0,A1,1,43,angle_45_minus_0,-0.5,1,condition_block_accuracy
paired_block_seed_contrast,pair_a5d33fae02f85179aed284d5,1,0,A1,1,43,distance_150_minus_50,-0.5,1,condition_block_accuracy
paired_block_seed_contrast,pair_a5d33fae02f85179aed284d5,1,0,A1,1,43,angle_by_distance_interaction,1.0,1,condition_block_accuracy
paired_block_seed_contrast,pair_a5d33fae02f85179aed284d5,1,0,A1,1,44,angle_45_minus_0,-0.5,1,condition_block_accuracy
paired_block_seed_contrast,pair_a5d33fae02f85179aed284d5,1,0,A1,1,44,distance_150_minus_50,-0.5,1,condition_block_accuracy
paired_block_seed_contrast,pair_a5d33fae02f85179aed284d5,1,0,A1,1,44,angle_by_distance_interaction,1.0,1,condition_block_accuracy
paired_block_seed_contrast,pair_a5d33fae02f85179aed284d5,1,0,A1,1,45,angle_45_minus_0,0.0,1,condition_block_accuracy
paired_block_seed_contrast,pair_a5d33fae02f85179aed284d5,1,0,A1,1,45,distance_150_minus_50,0.0,1,condition_block_accuracy
paired_block_seed_contrast,pair_a5d33fae02f85179aed284d5,1,0,A1,1,45,angle_by_distance_interaction,0.0,1,condition_block_accuracy
paired_block_seed_contrast,pair_a5d33fae02f85179aed284d5,1,0,A1,1,46,angle_45_minus_0,-0.5,1,condition_block_accuracy
paired_block_seed_contrast,pair_a5d33fae02f85179aed284d5,1,0,A1,1,46,distance_150_minus_50,0.5,1,condition_block_accuracy
paired_block_seed_contrast,pair_a5d33fae02f85179aed284d5,1,0,A1,1,46,angle_by_distance_interaction,-1.0,1,condition_block_accuracy
paired_block_seed_contrast,pair_06f946129d85357eaab1f4a3,1,0,A2,2,42,angle_45_minus_0,-0.5,1,condition_block_accuracy
paired_block_seed_contrast,pair_06f946129d85357eaab1f4a3,1,0,A2,2,42,distance_150_minus_50,0.5,1,condition_block_accuracy
paired_block_seed_contrast,pair_06f946129d85357eaab1f4a3,1,0,A2,2,42,angle_by_distance_interaction,1.0,1,condition_block_accuracy
paired_block_seed_contrast,pair_06f946129d85357eaab1f4a3,1,0,A2,2,43,angle_45_minus_0,0.0,1,condition_block_accuracy
paired_block_seed_contrast,pair_06f946129d85357eaab1f4a3,1,0,A2,2,43,distance_150_minus_50,1.0,1,condition_block_accuracy
paired_block_seed_contrast,pair_06f946129d85357eaab1f4a3,1,0,A2,2,43,angle_by_distance_interaction,0.0,1,condition_block_accuracy
paired_block_seed_contrast,pair_06f946129d85357eaab1f4a3,1,0,A2,2,44,angle_45_minus_0,0.0,1,condition_block_accuracy
paired_block_seed_contrast,pair_06f946129d85357eaab1f4a3,1,0,A2,2,44,distance_150_minus_50,1.0,1,condition_block_accuracy
paired_block_seed_contrast,pair_06f946129d85357eaab1f4a3,1,0,A2,2,44,angle_by_distance_interaction,0.0,1,condition_block_accuracy
paired_block_seed_contrast,pair_06f946129d85357eaab1f4a3,1,0,A2,2,45,angle_45_minus_0,-0.5,1,condition_block_accuracy
paired_block_seed_contrast,pair_06f946129d85357eaab1f4a3,1,0,A2,2,45,distance_150_minus_50,0.5,1,condition_block_accuracy
paired_block_seed_contrast,pair_06f946129d85357eaab1f4a3,1,0,A2,2,45,angle_by_distance_interaction,-1.0,1,condition_block_accuracy
paired_block_seed_contrast,pair_06f946129d85357eaab1f4a3,1,0,A2,2,46,angle_45_minus_0,0.5,1,condition_block_accuracy
paired_block_seed_contrast,pair_06f946129d85357eaab1f4a3,1,0,A2,2,46,distance_150_minus_50,0.5,1,condition_block_accuracy
paired_block_seed_contrast,pair_06f946129d85357eaab1f4a3,1,0,A2,2,46,angle_by_distance_interaction,-1.0,1,condition_block_accuracy
paired_block_seed_contrast,pair_6cff4c54c31d1f172f5ebf9a,1,0,A3,3,42,angle_45_minus_0,0.5,1,condition_block_accuracy
paired_block_seed_contrast,pair_6cff4c54c31d1f172f5ebf9a,1,0,A3,3,42,distance_150_minus_50,0.5,1,condition_block_accuracy
paired_block_seed_contrast,pair_6cff4c54c31d1f172f5ebf9a,1,0,A3,3,42,angle_by_distance_interaction,1.0,1,condition_block_accuracy
paired_block_seed_contrast,pair_6cff4c54c31d1f172f5ebf9a,1,0,A3,3,43,angle_45_minus_0,0.0,1,condition_block_accuracy
paired_block_seed_contrast,pair_6cff4c54c31d1f172f5ebf9a,1,0,A3,3,43,distance_150_minus_50,0.0,1,condition_block_accuracy
paired_block_seed_contrast,pair_6cff4c54c31d1f172f5ebf9a,1,0,A3,3,43,angle_by_distance_interaction,0.0,1,condition_block_accuracy
paired_block_seed_contrast,pair_6cff4c54c31d1f172f5ebf9a,1,0,A3,3,44,angle_45_minus_0,0.0,1,condition_block_accuracy
paired_block_seed_contrast,pair_6cff4c54c31d1f172f5ebf9a,1,0,A3,3,44,distance_150_minus_50,0.0,1,condition_block_accuracy
paired_block_seed_contrast,pair_6cff4c54c31d1f172f5ebf9a,1,0,A3,3,44,angle_by_distance_interaction,0.0,1,condition_block_accuracy
paired_block_seed_contrast,pair_6cff4c54c31d1f172f5ebf9a,1,0,A3,3,45,angle_45_minus_0,-0.5,1,condition_block_accuracy
paired_block_seed_contrast,pair_6cff4c54c31d1f172f5ebf9a,1,0,A3,3,45,distance_150_minus_50,0.5,1,condition_block_accuracy
paired_block_seed_contrast,pair_6cff4c54c31d1f172f5ebf9a,1,0,A3,3,45,angle_by_distance_interaction,-1.0,1,condition_block_accuracy
paired_block_seed_contrast,pair_6cff4c54c31d1f172f5ebf9a,1,0,A3,3,46,angle_45_minus_0,-0.5,1,condition_block_accuracy
paired_block_seed_contrast,pair_6cff4c54c31d1f172f5ebf9a,1,0,A3,3,46,distance_150_minus_50,0.5,1,condition_block_accuracy
paired_block_seed_contrast,pair_6cff4c54c31d1f172f5ebf9a,1,0,A3,3,46,angle_by_distance_interaction,-1.0,1,condition_block_accuracy
paired_block_seed_contrast,pair_7ca7da9af7b85c410bd18ebf,1,1,A1,2,42,angle_45_minus_0,0.0,1,condition_block_accuracy
paired_block_seed_contrast,pair_7ca7da9af7b85c410bd18ebf,1,1,A1,2,42,distance_150_minus_50,-1.0,1,condition_block_accuracy
paired_block_seed_contrast,pair_7ca7da9af7b85c410bd18ebf,1,1,A1,2,42,angle_by_distance_interaction,0.0,1,condition_block_accuracy
paired_block_seed_contrast,pair_7ca7da9af7b85c410bd18ebf,1,1,A1,2,43,angle_45_minus_0,-0.5,1,condition_block_accuracy
paired_block_seed_contrast,pair_7ca7da9af7b85c410bd18ebf,1,1,A1,2,43,distance_150_minus_50,0.5,1,condition_block_accuracy
paired_block_seed_contrast,pair_7ca7da9af7b85c410bd18ebf,1,1,A1,2,43,angle_by_distance_interaction,-1.0,1,condition_block_accuracy
paired_block_seed_contrast,pair_7ca7da9af7b85c410bd18ebf,1,1,A1,2,44,angle_45_minus_0,0.0,1,condition_block_accuracy
paired_block_seed_contrast,pair_7ca7da9af7b85c410bd18ebf,1,1,A1,2,44,distance_150_minus_50,0.0,1,condition_block_accuracy
paired_block_seed_contrast,pair_7ca7da9af7b85c410bd18ebf,1,1,A1,2,44,angle_by_distance_interaction,0.0,1,condition_block_accuracy
paired_block_seed_contrast,pair_7ca7da9af7b85c410bd18ebf,1,1,A1,2,45,angle_45_minus_0,0.0,1,condition_block_accuracy
paired_block_seed_contrast,pair_7ca7da9af7b85c410bd18ebf,1,1,A1,2,45,distance_150_minus_50,0.0,1,condition_block_accuracy
paired_block_seed_contrast,pair_7ca7da9af7b85c410bd18ebf,1,1,A1,2,45,angle_by_distance_interaction,0.0,1,condition_block_accuracy
paired_block_seed_contrast,pair_7ca7da9af7b85c410bd18ebf,1,1,A1,2,46,angle_45_minus_0,0.0,1,condition_block_accuracy
paired_block_seed_contrast,pair_7ca7da9af7b85c410bd18ebf,1,1,A1,2,46,distance_150_minus_50,0.0,1,condition_block_accuracy
paired_block_seed_contrast,pair_7ca7da9af7b85c410bd18ebf,1,1,A1,2,46,angle_by_distance_interaction,-2.0,1,condition_block_accuracy
paired_block_seed_contrast,pair_e195f2804f0b5f8f422f131d,1,1,A2,3,42,angle_45_minus_0,0.5,1,condition_block_accuracy
paired_block_seed_contrast,pair_e195f2804f0b5f8f422f131d,1,1,A2,3,42,distance_150_minus_50,0.5,1,condition_block_accuracy
paired_block_seed_contrast,pair_e195f2804f0b5f8f422f131d,1,1,A2,3,42,angle_by_distance_interaction,1.0,1,condition_block_accuracy
paired_block_seed_contrast,pair_e195f2804f0b5f8f422f131d,1,1,A2,3,43,angle_45_minus_0,-0.5,1,condition_block_accuracy
paired_block_seed_contrast,pair_e195f2804f0b5f8f422f131d,1,1,A2,3,43,distance_150_minus_50,0.5,1,condition_block_accuracy
paired_block_seed_contrast,pair_e195f2804f0b5f8f422f131d,1,1,A2,3,43,angle_by_distance_interaction,-1.0,1,condition_block_accuracy
paired_block_seed_contrast,pair_e195f2804f0b5f8f422f131d,1,1,A2,3,44,angle_45_minus_0,0.0,1,condition_block_accuracy
paired_block_seed_contrast,pair_e195f2804f0b5f8f422f131d,1,1,A2,3,44,distance_150_minus_50,0.0,1,condition_block_accuracy
paired_block_seed_contrast,pair_e195f2804f0b5f8f422f131d,1,1,A2,3,44,angle_by_distance_interaction,0.0,1,condition_block_accuracy
paired_block_seed_contrast,pair_e195f2804f0b5f8f422f131d,1,1,A2,3,45,angle_45_minus_0,-0.5,1,condition_block_accuracy
paired_block_seed_contrast,pair_e195f2804f0b5f8f422f131d,1,1,A2,3,45,distance_150_minus_50,0.5,1,condition_block_accuracy
paired_block_seed_contrast,pair_e195f2804f0b5f8f422f131d,1,1,A2,3,45,angle_by_distance_interaction,-1.0,1,condition_block_accuracy
paired_block_seed_contrast,pair_e195f2804f0b5f8f422f131d,1,1,A2,3,46,angle_45_minus_0,-0.5,1,condition_block_accuracy
paired_block_seed_contrast,pair_e195f2804f0b5f8f422f131d,1,1,A2,3,46,distance_150_minus_50,0.5,1,condition_block_accuracy
paired_block_seed_contrast,pair_e195f2804f0b5f8f422f131d,1,1,A2,3,46,angle_by_distance_interaction,-1.0,1,condition_block_accuracy
paired_block_seed_contrast,pair_9a49df49f22a0194b25a4514,1,1,A3,1,42,angle_45_minus_0,0.0,1,condition_block_accuracy
paired_block_seed_contrast,pair_9a49df49f22a0194b25a4514,1,1,A3,1,42,distance_150_minus_50,0.0,1,condition_block_accuracy
paired_block_seed_contrast,pair_9a49df49f22a0194b25a4514,1,1,A3,1,42,angle_by_distance_interaction,0.0,1,condition_block_accuracy
paired_block_seed_contrast,pair_9a49df49f22a0194b25a4514,1,1,A3,1,43,angle_45_minus_0,-0.5,1,condition_block_accuracy
paired_block_seed_contrast,pair_9a49df49f22a0194b25a4514,1,1,A3,1,43,distance_150_minus_50,-0.5,1,condition_block_accuracy
paired_block_seed_contrast,pair_9a49df49f22a0194b25a4514,1,1,A3,1,43,angle_by_distance_interaction,1.0,1,condition_block_accuracy
paired_block_seed_contrast,pair_9a49df49f22a0194b25a4514,1,1,A3,1,44,angle_45_minus_0,0.0,1,condition_block_accuracy
paired_block_seed_contrast,pair_9a49df49f22a0194b25a4514,1,1,A3,1,44,distance_150_minus_50,0.0,1,condition_block_accuracy
paired_block_seed_contrast,pair_9a49df49f22a0194b25a4514,1,1,A3,1,44,angle_by_distance_interaction,0.0,1,condition_block_accuracy
paired_block_seed_contrast,pair_9a49df49f22a0194b25a4514,1,1,A3,1,45,angle_45_minus_0,0.0,1,condition_block_accuracy
paired_block_seed_contrast,pair_9a49df49f22a0194b25a4514,1,1,A3,1,45,distance_150_minus_50,0.0,1,condition_block_accuracy
paired_block_seed_contrast,pair_9a49df49f22a0194b25a4514,1,1,A3,1,45,angle_by_distance_interaction,0.0,1,condition_block_accuracy
paired_block_seed_contrast,pair_9a49df49f22a0194b25a4514,1,1,A3,1,46,angle_45_minus_0,0.0,1,condition_block_accuracy
paired_block_seed_contrast,pair_9a49df49f22a0194b25a4514,1,1,A3,1,46,distance_150_minus_50,0.0,1,condition_block_accuracy
paired_block_seed_contrast,pair_9a49df49f22a0194b25a4514,1,1,A3,1,46,angle_by_distance_interaction,0.0,1,condition_block_accuracy
paired_block_seed_contrast,pair_9b1812c4a2e2fe2310dae181,1,2,A1,3,42,angle_45_minus_0,0.0,1,condition_block_accuracy
paired_block_seed_contrast,pair_9b1812c4a2e2fe2310dae181,1,2,A1,3,42,distance_150_minus_50,0.0,1,condition_block_accuracy
paired_block_seed_contrast,pair_9b1812c4a2e2fe2310dae181,1,2,A1,3,42,angle_by_distance_interaction,2.0,1,condition_block_accuracy
paired_block_seed_contrast,pair_9b1812c4a2e2fe2310dae181,1,2,A1,3,43,angle_45_minus_0,-0.5,1,condition_block_accuracy
paired_block_seed_contrast,pair_9b1812c4a2e2fe2310dae181,1,2,A1,3,43,distance_150_minus_50,-0.5,1,condition_block_accuracy
paired_block_seed_contrast,pair_9b1812c4a2e2fe2310dae181,1,2,A1,3,43,angle_by_distance_interaction,1.0,1,condition_block_accuracy
paired_block_seed_contrast,pair_9b1812c4a2e2fe2310dae181,1,2,A1,3,44,angle_45_minus_0,-0.5,1,condition_block_accuracy
paired_block_seed_contrast,pair_9b1812c4a2e2fe2310dae181,1,2,A1,3,44,distance_150_minus_50,-0.5,1,condition_block_accuracy
paired_block_seed_contrast,pair_9b1812c4a2e2fe2310dae181,1,2,A1,3,44,angle_by_distance_interaction,1.0,1,condition_block_accuracy
paired_block_seed_contrast,pair_9b1812c4a2e2fe2310dae181,1,2,A1,3,45,angle_45_minus_0,-0.5,1,condition_block_accuracy
paired_block_seed_contrast,pair_9b1812c4a2e2fe2310dae181,1,2,A1,3,45,distance_150_minus_50,-0.5,1,condition_block_accuracy
paired_block_seed_contrast,pair_9b1812c4a2e2fe2310dae181,1,2,A1,3,45,angle_by_distance_interaction,1.0,1,condition_block_accuracy
paired_block_seed_contrast,pair_9b1812c4a2e2fe2310dae181,1,2,A1,3,46,angle_45_minus_0,-0.5,1,condition_block_accuracy
paired_block_seed_contrast,pair_9b1812c4a2e2fe2310dae181,1,2,A1,3,46,distance_150_minus_50,-0.5,1,condition_block_accuracy
paired_block_seed_contrast,pair_9b1812c4a2e2fe2310dae181,1,2,A1,3,46,angle_by_distance_interaction,1.0,1,condition_block_accuracy
paired_block_seed_contrast,pair_68d027990684c88efb84519d,1,2,A2,1,42,angle_45_minus_0,0.5,1,condition_block_accuracy
paired_block_seed_contrast,pair_68d027990684c88efb84519d,1,2,A2,1,42,distance_150_minus_50,-0.5,1,condition_block_accuracy
paired_block_seed_contrast,pair_68d027990684c88efb84519d,1,2,A2,1,42,angle_by_distance_interaction,-1.0,1,condition_block_accuracy
paired_block_seed_contrast,pair_68d027990684c88efb84519d,1,2,A2,1,43,angle_45_minus_0,-0.5,1,condition_block_accuracy
paired_block_seed_contrast,pair_68d027990684c88efb84519d,1,2,A2,1,43,distance_150_minus_50,-0.5,1,condition_block_accuracy
paired_block_seed_contrast,pair_68d027990684c88efb84519d,1,2,A2,1,43,angle_by_distance_interaction,1.0,1,condition_block_accuracy
paired_block_seed_contrast,pair_68d027990684c88efb84519d,1,2,A2,1,44,angle_45_minus_0,0.0,1,condition_block_accuracy
paired_block_seed_contrast,pair_68d027990684c88efb84519d,1,2,A2,1,44,distance_150_minus_50,0.0,1,condition_block_accuracy
paired_block_seed_contrast,pair_68d027990684c88efb84519d,1,2,A2,1,44,angle_by_distance_interaction,-2.0,1,condition_block_accuracy
paired_block_seed_contrast,pair_68d027990684c88efb84519d,1,2,A2,1,45,angle_45_minus_0,0.0,1,condition_block_accuracy
paired_block_seed_contrast,pair_68d027990684c88efb84519d,1,2,A2,1,45,distance_150_minus_50,0.0,1,condition_block_accuracy
paired_block_seed_contrast,pair_68d027990684c88efb84519d,1,2,A2,1,45,angle_by_distance_interaction,0.0,1,condition_block_accuracy
paired_block_seed_contrast,pair_68d027990684c88efb84519d,1,2,A2,1,46,angle_45_minus_0,0.0,1,condition_block_accuracy
paired_block_seed_contrast,pair_68d027990684c88efb84519d,1,2,A2,1,46,distance_150_minus_50,0.0,1,condition_block_accuracy
paired_block_seed_contrast,pair_68d027990684c88efb84519d,1,2,A2,1,46,angle_by_distance_interaction,0.0,1,condition_block_accuracy
paired_block_seed_contrast,pair_0b62c82a069fc0ea6591502f,1,2,A3,2,42,angle_45_minus_0,0.0,1,condition_block_accuracy
paired_block_seed_contrast,pair_0b62c82a069fc0ea6591502f,1,2,A3,2,42,distance_150_minus_50,0.0,1,condition_block_accuracy
paired_block_seed_contrast,pair_0b62c82a069fc0ea6591502f,1,2,A3,2,42,angle_by_distance_interaction,0.0,1,condition_block_accuracy
paired_block_seed_contrast,pair_0b62c82a069fc0ea6591502f,1,2,A3,2,43,angle_45_minus_0,-0.5,1,condition_block_accuracy
paired_block_seed_contrast,pair_0b62c82a069fc0ea6591502f,1,2,A3,2,43,distance_150_minus_50,0.5,1,condition_block_accuracy
paired_block_seed_contrast,pair_0b62c82a069fc0ea6591502f,1,2,A3,2,43,angle_by_distance_interaction,-1.0,1,condition_block_accuracy
paired_block_seed_contrast,pair_0b62c82a069fc0ea6591502f,1,2,A3,2,44,angle_45_minus_0,0.0,1,condition_block_accuracy
paired_block_seed_contrast,pair_0b62c82a069fc0ea6591502f,1,2,A3,2,44,distance_150_minus_50,0.0,1,condition_block_accuracy
paired_block_seed_contrast,pair_0b62c82a069fc0ea6591502f,1,2,A3,2,44,angle_by_distance_interaction,0.0,1,condition_block_accuracy
paired_block_seed_contrast,pair_0b62c82a069fc0ea6591502f,1,2,A3,2,45,angle_45_minus_0,-0.5,1,condition_block_accuracy
paired_block_seed_contrast,pair_0b62c82a069fc0ea6591502f,1,2,A3,2,45,distance_150_minus_50,0.5,1,condition_block_accuracy
paired_block_seed_contrast,pair_0b62c82a069fc0ea6591502f,1,2,A3,2,45,angle_by_distance_interaction,-1.0,1,condition_block_accuracy
paired_block_seed_contrast,pair_0b62c82a069fc0ea6591502f,1,2,A3,2,46,angle_45_minus_0,0.0,1,condition_block_accuracy
paired_block_seed_contrast,pair_0b62c82a069fc0ea6591502f,1,2,A3,2,46,distance_150_minus_50,0.0,1,condition_block_accuracy
paired_block_seed_contrast,pair_0b62c82a069fc0ea6591502f,1,2,A3,2,46,angle_by_distance_interaction,-2.0,1,condition_block_accuracy
paired_block_seed_contrast,pair_81bc687f4097da257888b87f,2,0,A1,1,42,angle_45_minus_0,0.5,1,condition_block_accuracy
paired_block_seed_contrast,pair_81bc687f4097da257888b87f,2,0,A1,1,42,distance_150_minus_50,0.5,1,condition_block_accuracy
paired_block_seed_contrast,pair_81bc687f4097da257888b87f,2,0,A1,1,42,angle_by_distance_interaction,1.0,1,condition_block_accuracy
paired_block_seed_contrast,pair_81bc687f4097da257888b87f,2,0,A1,1,43,angle_45_minus_0,0.0,1,condition_block_accuracy
paired_block_seed_contrast,pair_81bc687f4097da257888b87f,2,0,A1,1,43,distance_150_minus_50,0.0,1,condition_block_accuracy
paired_block_seed_contrast,pair_81bc687f4097da257888b87f,2,0,A1,1,43,angle_by_distance_interaction,0.0,1,condition_block_accuracy
paired_block_seed_contrast,pair_81bc687f4097da257888b87f,2,0,A1,1,44,angle_45_minus_0,0.0,1,condition_block_accuracy
paired_block_seed_contrast,pair_81bc687f4097da257888b87f,2,0,A1,1,44,distance_150_minus_50,0.0,1,condition_block_accuracy
paired_block_seed_contrast,pair_81bc687f4097da257888b87f,2,0,A1,1,44,angle_by_distance_interaction,0.0,1,condition_block_accuracy
paired_block_seed_contrast,pair_81bc687f4097da257888b87f,2,0,A1,1,45,angle_45_minus_0,0.0,1,condition_block_accuracy
paired_block_seed_contrast,pair_81bc687f4097da257888b87f,2,0,A1,1,45,distance_150_minus_50,0.0,1,condition_block_accuracy
paired_block_seed_contrast,pair_81bc687f4097da257888b87f,2,0,A1,1,45,angle_by_distance_interaction,0.0,1,condition_block_accuracy
paired_block_seed_contrast,pair_81bc687f4097da257888b87f,2,0,A1,1,46,angle_45_minus_0,0.0,1,condition_block_accuracy
paired_block_seed_contrast,pair_81bc687f4097da257888b87f,2,0,A1,1,46,distance_150_minus_50,0.0,1,condition_block_accuracy
paired_block_seed_contrast,pair_81bc687f4097da257888b87f,2,0,A1,1,46,angle_by_distance_interaction,0.0,1,condition_block_accuracy
paired_block_seed_contrast,pair_94f4ffc15b3d16f11a0aa0e8,2,0,A2,2,42,angle_45_minus_0,0.0,1,condition_block_accuracy
paired_block_seed_contrast,pair_94f4ffc15b3d16f11a0aa0e8,2,0,A2,2,42,distance_150_minus_50,-1.0,1,condition_block_accuracy
paired_block_seed_contrast,pair_94f4ffc15b3d16f11a0aa0e8,2,0,A2,2,42,angle_by_distance_interaction,0.0,1,condition_block_accuracy
paired_block_seed_contrast,pair_94f4ffc15b3d16f11a0aa0e8,2,0,A2,2,43,angle_45_minus_0,0.0,1,condition_block_accuracy
paired_block_seed_contrast,pair_94f4ffc15b3d16f11a0aa0e8,2,0,A2,2,43,distance_150_minus_50,-1.0,1,condition_block_accuracy
paired_block_seed_contrast,pair_94f4ffc15b3d16f11a0aa0e8,2,0,A2,2,43,angle_by_distance_interaction,0.0,1,condition_block_accuracy
paired_block_seed_contrast,pair_94f4ffc15b3d16f11a0aa0e8,2,0,A2,2,44,angle_45_minus_0,-0.5,1,condition_block_accuracy
paired_block_seed_contrast,pair_94f4ffc15b3d16f11a0aa0e8,2,0,A2,2,44,distance_150_minus_50,-0.5,1,condition_block_accuracy
paired_block_seed_contrast,pair_94f4ffc15b3d16f11a0aa0e8,2,0,A2,2,44,angle_by_distance_interaction,1.0,1,condition_block_accuracy
paired_block_seed_contrast,pair_94f4ffc15b3d16f11a0aa0e8,2,0,A2,2,45,angle_45_minus_0,0.5,1,condition_block_accuracy
paired_block_seed_contrast,pair_94f4ffc15b3d16f11a0aa0e8,2,0,A2,2,45,distance_150_minus_50,-0.5,1,condition_block_accuracy
paired_block_seed_contrast,pair_94f4ffc15b3d16f11a0aa0e8,2,0,A2,2,45,angle_by_distance_interaction,-1.0,1,condition_block_accuracy
paired_block_seed_contrast,pair_94f4ffc15b3d16f11a0aa0e8,2,0,A2,2,46,angle_45_minus_0,0.0,1,condition_block_accuracy
paired_block_seed_contrast,pair_94f4ffc15b3d16f11a0aa0e8,2,0,A2,2,46,distance_150_minus_50,0.0,1,condition_block_accuracy
paired_block_seed_contrast,pair_94f4ffc15b3d16f11a0aa0e8,2,0,A2,2,46,angle_by_distance_interaction,0.0,1,condition_block_accuracy
paired_block_seed_contrast,pair_a081c99efd1a83e18a18e6a2,2,0,A3,3,42,angle_45_minus_0,0.5,1,condition_block_accuracy
paired_block_seed_contrast,pair_a081c99efd1a83e18a18e6a2,2,0,A3,3,42,distance_150_minus_50,0.5,1,condition_block_accuracy
paired_block_seed_contrast,pair_a081c99efd1a83e18a18e6a2,2,0,A3,3,42,angle_by_distance_interaction,1.0,1,condition_block_accuracy
paired_block_seed_contrast,pair_a081c99efd1a83e18a18e6a2,2,0,A3,3,43,angle_45_minus_0,0.0,1,condition_block_accuracy
paired_block_seed_contrast,pair_a081c99efd1a83e18a18e6a2,2,0,A3,3,43,distance_150_minus_50,0.0,1,condition_block_accuracy
paired_block_seed_contrast,pair_a081c99efd1a83e18a18e6a2,2,0,A3,3,43,angle_by_distance_interaction,0.0,1,condition_block_accuracy
paired_block_seed_contrast,pair_a081c99efd1a83e18a18e6a2,2,0,A3,3,44,angle_45_minus_0,-0.5,1,condition_block_accuracy
paired_block_seed_contrast,pair_a081c99efd1a83e18a18e6a2,2,0,A3,3,44,distance_150_minus_50,0.5,1,condition_block_accuracy
paired_block_seed_contrast,pair_a081c99efd1a83e18a18e6a2,2,0,A3,3,44,angle_by_distance_interaction,-1.0,1,condition_block_accuracy
paired_block_seed_contrast,pair_a081c99efd1a83e18a18e6a2,2,0,A3,3,45,angle_45_minus_0,0.5,1,condition_block_accuracy
paired_block_seed_contrast,pair_a081c99efd1a83e18a18e6a2,2,0,A3,3,45,distance_150_minus_50,0.5,1,condition_block_accuracy
paired_block_seed_contrast,pair_a081c99efd1a83e18a18e6a2,2,0,A3,3,45,angle_by_distance_interaction,1.0,1,condition_block_accuracy
paired_block_seed_contrast,pair_a081c99efd1a83e18a18e6a2,2,0,A3,3,46,angle_45_minus_0,0.0,1,condition_block_accuracy
paired_block_seed_contrast,pair_a081c99efd1a83e18a18e6a2,2,0,A3,3,46,distance_150_minus_50,0.0,1,condition_block_accuracy
paired_block_seed_contrast,pair_a081c99efd1a83e18a18e6a2,2,0,A3,3,46,angle_by_distance_interaction,0.0,1,condition_block_accuracy
paired_block_seed_contrast,pair_480c0f52bb6b43895bc3ccb0,2,1,A1,2,42,angle_45_minus_0,0.0,1,condition_block_accuracy
paired_block_seed_contrast,pair_480c0f52bb6b43895bc3ccb0,2,1,A1,2,42,distance_150_minus_50,0.0,1,condition_block_accuracy
paired_block_seed_contrast,pair_480c0f52bb6b43895bc3ccb0,2,1,A1,2,42,angle_by_distance_interaction,0.0,1,condition_block_accuracy
paired_block_seed_contrast,pair_480c0f52bb6b43895bc3ccb0,2,1,A1,2,43,angle_45_minus_0,-0.5,1,condition_block_accuracy
paired_block_seed_contrast,pair_480c0f52bb6b43895bc3ccb0,2,1,A1,2,43,distance_150_minus_50,-0.5,1,condition_block_accuracy
paired_block_seed_contrast,pair_480c0f52bb6b43895bc3ccb0,2,1,A1,2,43,angle_by_distance_interaction,1.0,1,condition_block_accuracy
paired_block_seed_contrast,pair_480c0f52bb6b43895bc3ccb0,2,1,A1,2,44,angle_45_minus_0,0.0,1,condition_block_accuracy
paired_block_seed_contrast,pair_480c0f52bb6b43895bc3ccb0,2,1,A1,2,44,distance_150_minus_50,0.0,1,condition_block_accuracy
paired_block_seed_contrast,pair_480c0f52bb6b43895bc3ccb0,2,1,A1,2,44,angle_by_distance_interaction,0.0,1,condition_block_accuracy
paired_block_seed_contrast,pair_480c0f52bb6b43895bc3ccb0,2,1,A1,2,45,angle_45_minus_0,0.0,1,condition_block_accuracy
paired_block_seed_contrast,pair_480c0f52bb6b43895bc3ccb0,2,1,A1,2,45,distance_150_minus_50,0.0,1,condition_block_accuracy
paired_block_seed_contrast,pair_480c0f52bb6b43895bc3ccb0,2,1,A1,2,45,angle_by_distance_interaction,0.0,1,condition_block_accuracy
paired_block_seed_contrast,pair_480c0f52bb6b43895bc3ccb0,2,1,A1,2,46,angle_45_minus_0,0.0,1,condition_block_accuracy
paired_block_seed_contrast,pair_480c0f52bb6b43895bc3ccb0,2,1,A1,2,46,distance_150_minus_50,0.0,1,condition_block_accuracy
paired_block_seed_contrast,pair_480c0f52bb6b43895bc3ccb0,2,1,A1,2,46,angle_by_distance_interaction,0.0,1,condition_block_accuracy
paired_block_seed_contrast,pair_875b84cf0bd76e184ddc7573,2,1,A2,3,42,angle_45_minus_0,0.0,1,condition_block_accuracy
paired_block_seed_contrast,pair_875b84cf0bd76e184ddc7573,2,1,A2,3,42,distance_150_minus_50,0.0,1,condition_block_accuracy
paired_block_seed_contrast,pair_875b84cf0bd76e184ddc7573,2,1,A2,3,42,angle_by_distance_interaction,0.0,1,condition_block_accuracy
paired_block_seed_contrast,pair_875b84cf0bd76e184ddc7573,2,1,A2,3,43,angle_45_minus_0,0.0,1,condition_block_accuracy
paired_block_seed_contrast,pair_875b84cf0bd76e184ddc7573,2,1,A2,3,43,distance_150_minus_50,0.0,1,condition_block_accuracy
paired_block_seed_contrast,pair_875b84cf0bd76e184ddc7573,2,1,A2,3,43,angle_by_distance_interaction,0.0,1,condition_block_accuracy
paired_block_seed_contrast,pair_875b84cf0bd76e184ddc7573,2,1,A2,3,44,angle_45_minus_0,-0.5,1,condition_block_accuracy
paired_block_seed_contrast,pair_875b84cf0bd76e184ddc7573,2,1,A2,3,44,distance_150_minus_50,0.5,1,condition_block_accuracy
paired_block_seed_contrast,pair_875b84cf0bd76e184ddc7573,2,1,A2,3,44,angle_by_distance_interaction,-1.0,1,condition_block_accuracy
paired_block_seed_contrast,pair_875b84cf0bd76e184ddc7573,2,1,A2,3,45,angle_45_minus_0,0.0,1,condition_block_accuracy
paired_block_seed_contrast,pair_875b84cf0bd76e184ddc7573,2,1,A2,3,45,distance_150_minus_50,0.0,1,condition_block_accuracy
paired_block_seed_contrast,pair_875b84cf0bd76e184ddc7573,2,1,A2,3,45,angle_by_distance_interaction,0.0,1,condition_block_accuracy
paired_block_seed_contrast,pair_875b84cf0bd76e184ddc7573,2,1,A2,3,46,angle_45_minus_0,0.0,1,condition_block_accuracy
paired_block_seed_contrast,pair_875b84cf0bd76e184ddc7573,2,1,A2,3,46,distance_150_minus_50,0.0,1,condition_block_accuracy
paired_block_seed_contrast,pair_875b84cf0bd76e184ddc7573,2,1,A2,3,46,angle_by_distance_interaction,0.0,1,condition_block_accuracy
paired_block_seed_contrast,pair_a77ea0c9589b62285bf789e7,2,1,A3,1,42,angle_45_minus_0,1.0,1,condition_block_accuracy
paired_block_seed_contrast,pair_a77ea0c9589b62285bf789e7,2,1,A3,1,42,distance_150_minus_50,0.0,1,condition_block_accuracy
paired_block_seed_contrast,pair_a77ea0c9589b62285bf789e7,2,1,A3,1,42,angle_by_distance_interaction,0.0,1,condition_block_accuracy
paired_block_seed_contrast,pair_a77ea0c9589b62285bf789e7,2,1,A3,1,43,angle_45_minus_0,0.5,1,condition_block_accuracy
paired_block_seed_contrast,pair_a77ea0c9589b62285bf789e7,2,1,A3,1,43,distance_150_minus_50,-0.5,1,condition_block_accuracy
paired_block_seed_contrast,pair_a77ea0c9589b62285bf789e7,2,1,A3,1,43,angle_by_distance_interaction,-1.0,1,condition_block_accuracy
paired_block_seed_contrast,pair_a77ea0c9589b62285bf789e7,2,1,A3,1,44,angle_45_minus_0,0.5,1,condition_block_accuracy
paired_block_seed_contrast,pair_a77ea0c9589b62285bf789e7,2,1,A3,1,44,distance_150_minus_50,-0.5,1,condition_block_accuracy
paired_block_seed_contrast,pair_a77ea0c9589b62285bf789e7,2,1,A3,1,44,angle_by_distance_interaction,-1.0,1,condition_block_accuracy
paired_block_seed_contrast,pair_a77ea0c9589b62285bf789e7,2,1,A3,1,45,angle_45_minus_0,0.0,1,condition_block_accuracy
paired_block_seed_contrast,pair_a77ea0c9589b62285bf789e7,2,1,A3,1,45,distance_150_minus_50,0.0,1,condition_block_accuracy
paired_block_seed_contrast,pair_a77ea0c9589b62285bf789e7,2,1,A3,1,45,angle_by_distance_interaction,0.0,1,condition_block_accuracy
paired_block_seed_contrast,pair_a77ea0c9589b62285bf789e7,2,1,A3,1,46,angle_45_minus_0,0.0,1,condition_block_accuracy
paired_block_seed_contrast,pair_a77ea0c9589b62285bf789e7,2,1,A3,1,46,distance_150_minus_50,0.0,1,condition_block_accuracy
paired_block_seed_contrast,pair_a77ea0c9589b62285bf789e7,2,1,A3,1,46,angle_by_distance_interaction,0.0,1,condition_block_accuracy
paired_block_seed_contrast,pair_4df7117ad193f76bb25fe0ef,2,2,A1,3,42,angle_45_minus_0,0.5,1,condition_block_accuracy
paired_block_seed_contrast,pair_4df7117ad193f76bb25fe0ef,2,2,A1,3,42,distance_150_minus_50,0.5,1,condition_block_accuracy
paired_block_seed_contrast,pair_4df7117ad193f76bb25fe0ef,2,2,A1,3,42,angle_by_distance_interaction,1.0,1,condition_block_accuracy
paired_block_seed_contrast,pair_4df7117ad193f76bb25fe0ef,2,2,A1,3,43,angle_45_minus_0,0.5,1,condition_block_accuracy
paired_block_seed_contrast,pair_4df7117ad193f76bb25fe0ef,2,2,A1,3,43,distance_150_minus_50,-0.5,1,condition_block_accuracy
paired_block_seed_contrast,pair_4df7117ad193f76bb25fe0ef,2,2,A1,3,43,angle_by_distance_interaction,-1.0,1,condition_block_accuracy
paired_block_seed_contrast,pair_4df7117ad193f76bb25fe0ef,2,2,A1,3,44,angle_45_minus_0,0.0,1,condition_block_accuracy
paired_block_seed_contrast,pair_4df7117ad193f76bb25fe0ef,2,2,A1,3,44,distance_150_minus_50,0.0,1,condition_block_accuracy
paired_block_seed_contrast,pair_4df7117ad193f76bb25fe0ef,2,2,A1,3,44,angle_by_distance_interaction,0.0,1,condition_block_accuracy
paired_block_seed_contrast,pair_4df7117ad193f76bb25fe0ef,2,2,A1,3,45,angle_45_minus_0,0.0,1,condition_block_accuracy
paired_block_seed_contrast,pair_4df7117ad193f76bb25fe0ef,2,2,A1,3,45,distance_150_minus_50,0.0,1,condition_block_accuracy
paired_block_seed_contrast,pair_4df7117ad193f76bb25fe0ef,2,2,A1,3,45,angle_by_distance_interaction,0.0,1,condition_block_accuracy
paired_block_seed_contrast,pair_4df7117ad193f76bb25fe0ef,2,2,A1,3,46,angle_45_minus_0,0.0,1,condition_block_accuracy
paired_block_seed_contrast,pair_4df7117ad193f76bb25fe0ef,2,2,A1,3,46,distance_150_minus_50,0.0,1,condition_block_accuracy
paired_block_seed_contrast,pair_4df7117ad193f76bb25fe0ef,2,2,A1,3,46,angle_by_distance_interaction,0.0,1,condition_block_accuracy
paired_block_seed_contrast,pair_8b21707272e156f393347b93,2,2,A2,1,42,angle_45_minus_0,0.0,1,condition_block_accuracy
paired_block_seed_contrast,pair_8b21707272e156f393347b93,2,2,A2,1,42,distance_150_minus_50,0.0,1,condition_block_accuracy
paired_block_seed_contrast,pair_8b21707272e156f393347b93,2,2,A2,1,42,angle_by_distance_interaction,0.0,1,condition_block_accuracy
paired_block_seed_contrast,pair_8b21707272e156f393347b93,2,2,A2,1,43,angle_45_minus_0,0.5,1,condition_block_accuracy
paired_block_seed_contrast,pair_8b21707272e156f393347b93,2,2,A2,1,43,distance_150_minus_50,-0.5,1,condition_block_accuracy
paired_block_seed_contrast,pair_8b21707272e156f393347b93,2,2,A2,1,43,angle_by_distance_interaction,-1.0,1,condition_block_accuracy
paired_block_seed_contrast,pair_8b21707272e156f393347b93,2,2,A2,1,44,angle_45_minus_0,0.0,1,condition_block_accuracy
paired_block_seed_contrast,pair_8b21707272e156f393347b93,2,2,A2,1,44,distance_150_minus_50,0.0,1,condition_block_accuracy
paired_block_seed_contrast,pair_8b21707272e156f393347b93,2,2,A2,1,44,angle_by_distance_interaction,0.0,1,condition_block_accuracy
paired_block_seed_contrast,pair_8b21707272e156f393347b93,2,2,A2,1,45,angle_45_minus_0,0.0,1,condition_block_accuracy
paired_block_seed_contrast,pair_8b21707272e156f393347b93,2,2,A2,1,45,distance_150_minus_50,0.0,1,condition_block_accuracy
paired_block_seed_contrast,pair_8b21707272e156f393347b93,2,2,A2,1,45,angle_by_distance_interaction,0.0,1,condition_block_accuracy
paired_block_seed_contrast,pair_8b21707272e156f393347b93,2,2,A2,1,46,angle_45_minus_0,0.0,1,condition_block_accuracy
paired_block_seed_contrast,pair_8b21707272e156f393347b93,2,2,A2,1,46,distance_150_minus_50,0.0,1,condition_block_accuracy
paired_block_seed_contrast,pair_8b21707272e156f393347b93,2,2,A2,1,46,angle_by_distance_interaction,0.0,1,condition_block_accuracy
paired_block_seed_contrast,pair_db0456b8b9d4a4fc84e2beed,2,2,A3,2,42,angle_45_minus_0,-0.5,1,condition_block_accuracy
paired_block_seed_contrast,pair_db0456b8b9d4a4fc84e2beed,2,2,A3,2,42,distance_150_minus_50,-0.5,1,condition_block_accuracy
paired_block_seed_contrast,pair_db0456b8b9d4a4fc84e2beed,2,2,A3,2,42,angle_by_distance_interaction,1.0,1,condition_block_accuracy
paired_block_seed_contrast,pair_db0456b8b9d4a4fc84e2beed,2,2,A3,2,43,angle_45_minus_0,0.5,1,condition_block_accuracy
paired_block_seed_contrast,pair_db0456b8b9d4a4fc84e2beed,2,2,A3,2,43,distance_150_minus_50,0.5,1,condition_block_accuracy
paired_block_seed_contrast,pair_db0456b8b9d4a4fc84e2beed,2,2,A3,2,43,angle_by_distance_interaction,1.0,1,condition_block_accuracy
paired_block_seed_contrast,pair_db0456b8b9d4a4fc84e2beed,2,2,A3,2,44,angle_45_minus_0,0.0,1,condition_block_accuracy
paired_block_seed_contrast,pair_db0456b8b9d4a4fc84e2beed,2,2,A3,2,44,distance_150_minus_50,0.0,1,condition_block_accuracy
paired_block_seed_contrast,pair_db0456b8b9d4a4fc84e2beed,2,2,A3,2,44,angle_by_distance_interaction,0.0,1,condition_block_accuracy
paired_block_seed_contrast,pair_db0456b8b9d4a4fc84e2beed,2,2,A3,2,45,angle_45_minus_0,0.5,1,condition_block_accuracy
paired_block_seed_contrast,pair_db0456b8b9d4a4fc84e2beed,2,2,A3,2,45,distance_150_minus_50,0.5,1,condition_block_accuracy
paired_block_seed_contrast,pair_db0456b8b9d4a4fc84e2beed,2,2,A3,2,45,angle_by_distance_interaction,1.0,1,condition_block_accuracy
paired_block_seed_contrast,pair_db0456b8b9d4a4fc84e2beed,2,2,A3,2,46,angle_45_minus_0,0.0,1,condition_block_accuracy
paired_block_seed_contrast,pair_db0456b8b9d4a4fc84e2beed,2,2,A3,2,46,distance_150_minus_50,0.0,1,condition_block_accuracy
paired_block_seed_contrast,pair_db0456b8b9d4a4fc84e2beed,2,2,A3,2,46,angle_by_distance_interaction,0.0,1,condition_block_accuracy
paired_block_seed_contrast,pair_1442022fc6c5e262216c2073,3,0,A1,1,42,angle_45_minus_0,0.0,1,condition_block_accuracy
paired_block_seed_contrast,pair_1442022fc6c5e262216c2073,3,0,A1,1,42,distance_150_minus_50,0.0,1,condition_block_accuracy
paired_block_seed_contrast,pair_1442022fc6c5e262216c2073,3,0,A1,1,42,angle_by_distance_interaction,0.0,1,condition_block_accuracy
paired_block_seed_contrast,pair_1442022fc6c5e262216c2073,3,0,A1,1,43,angle_45_minus_0,0.5,1,condition_block_accuracy
paired_block_seed_contrast,pair_1442022fc6c5e262216c2073,3,0,A1,1,43,distance_150_minus_50,-0.5,1,condition_block_accuracy
paired_block_seed_contrast,pair_1442022fc6c5e262216c2073,3,0,A1,1,43,angle_by_distance_interaction,1.0,1,condition_block_accuracy
paired_block_seed_contrast,pair_1442022fc6c5e262216c2073,3,0,A1,1,44,angle_45_minus_0,0.5,1,condition_block_accuracy
paired_block_seed_contrast,pair_1442022fc6c5e262216c2073,3,0,A1,1,44,distance_150_minus_50,-0.5,1,condition_block_accuracy
paired_block_seed_contrast,pair_1442022fc6c5e262216c2073,3,0,A1,1,44,angle_by_distance_interaction,-1.0,1,condition_block_accuracy
paired_block_seed_contrast,pair_1442022fc6c5e262216c2073,3,0,A1,1,45,angle_45_minus_0,0.5,1,condition_block_accuracy
paired_block_seed_contrast,pair_1442022fc6c5e262216c2073,3,0,A1,1,45,distance_150_minus_50,-0.5,1,condition_block_accuracy
paired_block_seed_contrast,pair_1442022fc6c5e262216c2073,3,0,A1,1,45,angle_by_distance_interaction,-1.0,1,condition_block_accuracy
paired_block_seed_contrast,pair_1442022fc6c5e262216c2073,3,0,A1,1,46,angle_45_minus_0,0.5,1,condition_block_accuracy
paired_block_seed_contrast,pair_1442022fc6c5e262216c2073,3,0,A1,1,46,distance_150_minus_50,-0.5,1,condition_block_accuracy
paired_block_seed_contrast,pair_1442022fc6c5e262216c2073,3,0,A1,1,46,angle_by_distance_interaction,-1.0,1,condition_block_accuracy
paired_block_seed_contrast,pair_c1dec54e94974c054908f2c3,3,0,A2,2,42,angle_45_minus_0,-0.5,1,condition_block_accuracy
paired_block_seed_contrast,pair_c1dec54e94974c054908f2c3,3,0,A2,2,42,distance_150_minus_50,0.5,1,condition_block_accuracy
paired_block_seed_contrast,pair_c1dec54e94974c054908f2c3,3,0,A2,2,42,angle_by_distance_interaction,-1.0,1,condition_block_accuracy
paired_block_seed_contrast,pair_c1dec54e94974c054908f2c3,3,0,A2,2,43,angle_45_minus_0,0.0,1,condition_block_accuracy
paired_block_seed_contrast,pair_c1dec54e94974c054908f2c3,3,0,A2,2,43,distance_150_minus_50,0.0,1,condition_block_accuracy
paired_block_seed_contrast,pair_c1dec54e94974c054908f2c3,3,0,A2,2,43,angle_by_distance_interaction,0.0,1,condition_block_accuracy
paired_block_seed_contrast,pair_c1dec54e94974c054908f2c3,3,0,A2,2,44,angle_45_minus_0,-0.5,1,condition_block_accuracy
paired_block_seed_contrast,pair_c1dec54e94974c054908f2c3,3,0,A2,2,44,distance_150_minus_50,-0.5,1,condition_block_accuracy
paired_block_seed_contrast,pair_c1dec54e94974c054908f2c3,3,0,A2,2,44,angle_by_distance_interaction,1.0,1,condition_block_accuracy
paired_block_seed_contrast,pair_c1dec54e94974c054908f2c3,3,0,A2,2,45,angle_45_minus_0,0.0,1,condition_block_accuracy
paired_block_seed_contrast,pair_c1dec54e94974c054908f2c3,3,0,A2,2,45,distance_150_minus_50,0.0,1,condition_block_accuracy
paired_block_seed_contrast,pair_c1dec54e94974c054908f2c3,3,0,A2,2,45,angle_by_distance_interaction,0.0,1,condition_block_accuracy
paired_block_seed_contrast,pair_c1dec54e94974c054908f2c3,3,0,A2,2,46,angle_45_minus_0,-0.5,1,condition_block_accuracy
paired_block_seed_contrast,pair_c1dec54e94974c054908f2c3,3,0,A2,2,46,distance_150_minus_50,-0.5,1,condition_block_accuracy
paired_block_seed_contrast,pair_c1dec54e94974c054908f2c3,3,0,A2,2,46,angle_by_distance_interaction,1.0,1,condition_block_accuracy
paired_block_seed_contrast,pair_3eacb39272786cb649073b57,3,0,A3,3,42,angle_45_minus_0,0.0,1,condition_block_accuracy
paired_block_seed_contrast,pair_3eacb39272786cb649073b57,3,0,A3,3,42,distance_150_minus_50,0.0,1,condition_block_accuracy
paired_block_seed_contrast,pair_3eacb39272786cb649073b57,3,0,A3,3,42,angle_by_distance_interaction,0.0,1,condition_block_accuracy
paired_block_seed_contrast,pair_3eacb39272786cb649073b57,3,0,A3,3,43,angle_45_minus_0,0.5,1,condition_block_accuracy
paired_block_seed_contrast,pair_3eacb39272786cb649073b57,3,0,A3,3,43,distance_150_minus_50,0.5,1,condition_block_accuracy
paired_block_seed_contrast,pair_3eacb39272786cb649073b57,3,0,A3,3,43,angle_by_distance_interaction,1.0,1,condition_block_accuracy
paired_block_seed_contrast,pair_3eacb39272786cb649073b57,3,0,A3,3,44,angle_45_minus_0,0.0,1,condition_block_accuracy
paired_block_seed_contrast,pair_3eacb39272786cb649073b57,3,0,A3,3,44,distance_150_minus_50,0.0,1,condition_block_accuracy
paired_block_seed_contrast,pair_3eacb39272786cb649073b57,3,0,A3,3,44,angle_by_distance_interaction,0.0,1,condition_block_accuracy
paired_block_seed_contrast,pair_3eacb39272786cb649073b57,3,0,A3,3,45,angle_45_minus_0,-0.5,1,condition_block_accuracy
paired_block_seed_contrast,pair_3eacb39272786cb649073b57,3,0,A3,3,45,distance_150_minus_50,-0.5,1,condition_block_accuracy
paired_block_seed_contrast,pair_3eacb39272786cb649073b57,3,0,A3,3,45,angle_by_distance_interaction,1.0,1,condition_block_accuracy
paired_block_seed_contrast,pair_3eacb39272786cb649073b57,3,0,A3,3,46,angle_45_minus_0,0.0,1,condition_block_accuracy
paired_block_seed_contrast,pair_3eacb39272786cb649073b57,3,0,A3,3,46,distance_150_minus_50,0.0,1,condition_block_accuracy
paired_block_seed_contrast,pair_3eacb39272786cb649073b57,3,0,A3,3,46,angle_by_distance_interaction,0.0,1,condition_block_accuracy
paired_block_seed_contrast,pair_b05ffc5f2434aa1959c8e0e2,3,1,A1,2,42,angle_45_minus_0,1.0,1,condition_block_accuracy
paired_block_seed_contrast,pair_b05ffc5f2434aa1959c8e0e2,3,1,A1,2,42,distance_150_minus_50,0.0,1,condition_block_accuracy
paired_block_seed_contrast,pair_b05ffc5f2434aa1959c8e0e2,3,1,A1,2,42,angle_by_distance_interaction,0.0,1,condition_block_accuracy
paired_block_seed_contrast,pair_b05ffc5f2434aa1959c8e0e2,3,1,A1,2,43,angle_45_minus_0,0.5,1,condition_block_accuracy
paired_block_seed_contrast,pair_b05ffc5f2434aa1959c8e0e2,3,1,A1,2,43,distance_150_minus_50,-0.5,1,condition_block_accuracy
paired_block_seed_contrast,pair_b05ffc5f2434aa1959c8e0e2,3,1,A1,2,43,angle_by_distance_interaction,-1.0,1,condition_block_accuracy
paired_block_seed_contrast,pair_b05ffc5f2434aa1959c8e0e2,3,1,A1,2,44,angle_45_minus_0,-0.5,1,condition_block_accuracy
paired_block_seed_contrast,pair_b05ffc5f2434aa1959c8e0e2,3,1,A1,2,44,distance_150_minus_50,-0.5,1,condition_block_accuracy
paired_block_seed_contrast,pair_b05ffc5f2434aa1959c8e0e2,3,1,A1,2,44,angle_by_distance_interaction,1.0,1,condition_block_accuracy
paired_block_seed_contrast,pair_b05ffc5f2434aa1959c8e0e2,3,1,A1,2,45,angle_45_minus_0,0.5,1,condition_block_accuracy
paired_block_seed_contrast,pair_b05ffc5f2434aa1959c8e0e2,3,1,A1,2,45,distance_150_minus_50,-0.5,1,condition_block_accuracy
paired_block_seed_contrast,pair_b05ffc5f2434aa1959c8e0e2,3,1,A1,2,45,angle_by_distance_interaction,-1.0,1,condition_block_accuracy
paired_block_seed_contrast,pair_b05ffc5f2434aa1959c8e0e2,3,1,A1,2,46,angle_45_minus_0,0.0,1,condition_block_accuracy
paired_block_seed_contrast,pair_b05ffc5f2434aa1959c8e0e2,3,1,A1,2,46,distance_150_minus_50,0.0,1,condition_block_accuracy
paired_block_seed_contrast,pair_b05ffc5f2434aa1959c8e0e2,3,1,A1,2,46,angle_by_distance_interaction,2.0,1,condition_block_accuracy
paired_block_seed_contrast,pair_c1e269e7190fde5d9ff5f552,3,1,A2,3,42,angle_45_minus_0,0.0,1,condition_block_accuracy
paired_block_seed_contrast,pair_c1e269e7190fde5d9ff5f552,3,1,A2,3,42,distance_150_minus_50,0.0,1,condition_block_accuracy
paired_block_seed_contrast,pair_c1e269e7190fde5d9ff5f552,3,1,A2,3,42,angle_by_distance_interaction,0.0,1,condition_block_accuracy
paired_block_seed_contrast,pair_c1e269e7190fde5d9ff5f552,3,1,A2,3,43,angle_45_minus_0,0.5,1,condition_block_accuracy
paired_block_seed_contrast,pair_c1e269e7190fde5d9ff5f552,3,1,A2,3,43,distance_150_minus_50,0.5,1,condition_block_accuracy
paired_block_seed_contrast,pair_c1e269e7190fde5d9ff5f552,3,1,A2,3,43,angle_by_distance_interaction,1.0,1,condition_block_accuracy
paired_block_seed_contrast,pair_c1e269e7190fde5d9ff5f552,3,1,A2,3,44,angle_45_minus_0,0.0,1,condition_block_accuracy
paired_block_seed_contrast,pair_c1e269e7190fde5d9ff5f552,3,1,A2,3,44,distance_150_minus_50,0.0,1,condition_block_accuracy
paired_block_seed_contrast,pair_c1e269e7190fde5d9ff5f552,3,1,A2,3,44,angle_by_distance_interaction,0.0,1,condition_block_accuracy
paired_block_seed_contrast,pair_c1e269e7190fde5d9ff5f552,3,1,A2,3,45,angle_45_minus_0,0.0,1,condition_block_accuracy
paired_block_seed_contrast,pair_c1e269e7190fde5d9ff5f552,3,1,A2,3,45,distance_150_minus_50,0.0,1,condition_block_accuracy
paired_block_seed_contrast,pair_c1e269e7190fde5d9ff5f552,3,1,A2,3,45,angle_by_distance_interaction,0.0,1,condition_block_accuracy
paired_block_seed_contrast,pair_c1e269e7190fde5d9ff5f552,3,1,A2,3,46,angle_45_minus_0,0.0,1,condition_block_accuracy
paired_block_seed_contrast,pair_c1e269e7190fde5d9ff5f552,3,1,A2,3,46,distance_150_minus_50,0.0,1,condition_block_accuracy
paired_block_seed_contrast,pair_c1e269e7190fde5d9ff5f552,3,1,A2,3,46,angle_by_distance_interaction,0.0,1,condition_block_accuracy
paired_block_seed_contrast,pair_c79f6601e030ebd2067ec6de,3,1,A3,1,42,angle_45_minus_0,0.0,1,condition_block_accuracy
paired_block_seed_contrast,pair_c79f6601e030ebd2067ec6de,3,1,A3,1,42,distance_150_minus_50,0.0,1,condition_block_accuracy
paired_block_seed_contrast,pair_c79f6601e030ebd2067ec6de,3,1,A3,1,42,angle_by_distance_interaction,0.0,1,condition_block_accuracy
paired_block_seed_contrast,pair_c79f6601e030ebd2067ec6de,3,1,A3,1,43,angle_45_minus_0,0.0,1,condition_block_accuracy
paired_block_seed_contrast,pair_c79f6601e030ebd2067ec6de,3,1,A3,1,43,distance_150_minus_50,0.0,1,condition_block_accuracy
paired_block_seed_contrast,pair_c79f6601e030ebd2067ec6de,3,1,A3,1,43,angle_by_distance_interaction,2.0,1,condition_block_accuracy
paired_block_seed_contrast,pair_c79f6601e030ebd2067ec6de,3,1,A3,1,44,angle_45_minus_0,1.0,1,condition_block_accuracy
paired_block_seed_contrast,pair_c79f6601e030ebd2067ec6de,3,1,A3,1,44,distance_150_minus_50,0.0,1,condition_block_accuracy
paired_block_seed_contrast,pair_c79f6601e030ebd2067ec6de,3,1,A3,1,44,angle_by_distance_interaction,0.0,1,condition_block_accuracy
paired_block_seed_contrast,pair_c79f6601e030ebd2067ec6de,3,1,A3,1,45,angle_45_minus_0,0.0,1,condition_block_accuracy
paired_block_seed_contrast,pair_c79f6601e030ebd2067ec6de,3,1,A3,1,45,distance_150_minus_50,0.0,1,condition_block_accuracy
paired_block_seed_contrast,pair_c79f6601e030ebd2067ec6de,3,1,A3,1,45,angle_by_distance_interaction,0.0,1,condition_block_accuracy
paired_block_seed_contrast,pair_c79f6601e030ebd2067ec6de,3,1,A3,1,46,angle_45_minus_0,0.0,1,condition_block_accuracy
paired_block_seed_contrast,pair_c79f6601e030ebd2067ec6de,3,1,A3,1,46,distance_150_minus_50,0.0,1,condition_block_accuracy
paired_block_seed_contrast,pair_c79f6601e030ebd2067ec6de,3,1,A3,1,46,angle_by_distance_interaction,0.0,1,condition_block_accuracy
paired_block_seed_contrast,pair_f86ae0f5b1a7a3e4209af1ca,3,2,A1,3,42,angle_45_minus_0,0.0,1,condition_block_accuracy
paired_block_seed_contrast,pair_f86ae0f5b1a7a3e4209af1ca,3,2,A1,3,42,distance_150_minus_50,0.0,1,condition_block_accuracy
paired_block_seed_contrast,pair_f86ae0f5b1a7a3e4209af1ca,3,2,A1,3,42,angle_by_distance_interaction,0.0,1,condition_block_accuracy
paired_block_seed_contrast,pair_f86ae0f5b1a7a3e4209af1ca,3,2,A1,3,43,angle_45_minus_0,0.5,1,condition_block_accuracy
paired_block_seed_contrast,pair_f86ae0f5b1a7a3e4209af1ca,3,2,A1,3,43,distance_150_minus_50,-0.5,1,condition_block_accuracy
paired_block_seed_contrast,pair_f86ae0f5b1a7a3e4209af1ca,3,2,A1,3,43,angle_by_distance_interaction,1.0,1,condition_block_accuracy
paired_block_seed_contrast,pair_f86ae0f5b1a7a3e4209af1ca,3,2,A1,3,44,angle_45_minus_0,-1.0,1,condition_block_accuracy
paired_block_seed_contrast,pair_f86ae0f5b1a7a3e4209af1ca,3,2,A1,3,44,distance_150_minus_50,0.0,1,condition_block_accuracy
paired_block_seed_contrast,pair_f86ae0f5b1a7a3e4209af1ca,3,2,A1,3,44,angle_by_distance_interaction,0.0,1,condition_block_accuracy
paired_block_seed_contrast,pair_f86ae0f5b1a7a3e4209af1ca,3,2,A1,3,45,angle_45_minus_0,-0.5,1,condition_block_accuracy
paired_block_seed_contrast,pair_f86ae0f5b1a7a3e4209af1ca,3,2,A1,3,45,distance_150_minus_50,-0.5,1,condition_block_accuracy
paired_block_seed_contrast,pair_f86ae0f5b1a7a3e4209af1ca,3,2,A1,3,45,angle_by_distance_interaction,1.0,1,condition_block_accuracy
paired_block_seed_contrast,pair_f86ae0f5b1a7a3e4209af1ca,3,2,A1,3,46,angle_45_minus_0,-1.0,1,condition_block_accuracy
paired_block_seed_contrast,pair_f86ae0f5b1a7a3e4209af1ca,3,2,A1,3,46,distance_150_minus_50,0.0,1,condition_block_accuracy
paired_block_seed_contrast,pair_f86ae0f5b1a7a3e4209af1ca,3,2,A1,3,46,angle_by_distance_interaction,0.0,1,condition_block_accuracy
paired_block_seed_contrast,pair_77397d69b88b179e153c702d,3,2,A2,1,42,angle_45_minus_0,0.5,1,condition_block_accuracy
paired_block_seed_contrast,pair_77397d69b88b179e153c702d,3,2,A2,1,42,distance_150_minus_50,0.5,1,condition_block_accuracy
paired_block_seed_contrast,pair_77397d69b88b179e153c702d,3,2,A2,1,42,angle_by_distance_interaction,1.0,1,condition_block_accuracy
paired_block_seed_contrast,pair_77397d69b88b179e153c702d,3,2,A2,1,43,angle_45_minus_0,0.0,1,condition_block_accuracy
paired_block_seed_contrast,pair_77397d69b88b179e153c702d,3,2,A2,1,43,distance_150_minus_50,0.0,1,condition_block_accuracy
paired_block_seed_contrast,pair_77397d69b88b179e153c702d,3,2,A2,1,43,angle_by_distance_interaction,2.0,1,condition_block_accuracy
paired_block_seed_contrast,pair_77397d69b88b179e153c702d,3,2,A2,1,44,angle_45_minus_0,0.5,1,condition_block_accuracy
paired_block_seed_contrast,pair_77397d69b88b179e153c702d,3,2,A2,1,44,distance_150_minus_50,0.5,1,condition_block_accuracy
paired_block_seed_contrast,pair_77397d69b88b179e153c702d,3,2,A2,1,44,angle_by_distance_interaction,1.0,1,condition_block_accuracy
paired_block_seed_contrast,pair_77397d69b88b179e153c702d,3,2,A2,1,45,angle_45_minus_0,0.0,1,condition_block_accuracy
paired_block_seed_contrast,pair_77397d69b88b179e153c702d,3,2,A2,1,45,distance_150_minus_50,0.0,1,condition_block_accuracy
paired_block_seed_contrast,pair_77397d69b88b179e153c702d,3,2,A2,1,45,angle_by_distance_interaction,0.0,1,condition_block_accuracy
paired_block_seed_contrast,pair_77397d69b88b179e153c702d,3,2,A2,1,46,angle_45_minus_0,0.0,1,condition_block_accuracy
paired_block_seed_contrast,pair_77397d69b88b179e153c702d,3,2,A2,1,46,distance_150_minus_50,0.0,1,condition_block_accuracy
paired_block_seed_contrast,pair_77397d69b88b179e153c702d,3,2,A2,1,46,angle_by_distance_interaction,0.0,1,condition_block_accuracy
paired_block_seed_contrast,pair_e2b043df160816f5fdd81e64,3,2,A3,2,42,angle_45_minus_0,0.5,1,condition_block_accuracy
paired_block_seed_contrast,pair_e2b043df160816f5fdd81e64,3,2,A3,2,42,distance_150_minus_50,-0.5,1,condition_block_accuracy
paired_block_seed_contrast,pair_e2b043df160816f5fdd81e64,3,2,A3,2,42,angle_by_distance_interaction,-1.0,1,condition_block_accuracy
paired_block_seed_contrast,pair_e2b043df160816f5fdd81e64,3,2,A3,2,43,angle_45_minus_0,0.0,1,condition_block_accuracy
paired_block_seed_contrast,pair_e2b043df160816f5fdd81e64,3,2,A3,2,43,distance_150_minus_50,-1.0,1,condition_block_accuracy
paired_block_seed_contrast,pair_e2b043df160816f5fdd81e64,3,2,A3,2,43,angle_by_distance_interaction,0.0,1,condition_block_accuracy
paired_block_seed_contrast,pair_e2b043df160816f5fdd81e64,3,2,A3,2,44,angle_45_minus_0,-0.5,1,condition_block_accuracy
paired_block_seed_contrast,pair_e2b043df160816f5fdd81e64,3,2,A3,2,44,distance_150_minus_50,-0.5,1,condition_block_accuracy
paired_block_seed_contrast,pair_e2b043df160816f5fdd81e64,3,2,A3,2,44,angle_by_distance_interaction,1.0,1,condition_block_accuracy
paired_block_seed_contrast,pair_e2b043df160816f5fdd81e64,3,2,A3,2,45,angle_45_minus_0,0.5,1,condition_block_accuracy
paired_block_seed_contrast,pair_e2b043df160816f5fdd81e64,3,2,A3,2,45,distance_150_minus_50,-0.5,1,condition_block_accuracy
paired_block_seed_contrast,pair_e2b043df160816f5fdd81e64,3,2,A3,2,45,angle_by_distance_interaction,-1.0,1,condition_block_accuracy
paired_block_seed_contrast,pair_e2b043df160816f5fdd81e64,3,2,A3,2,46,angle_45_minus_0,0.5,1,condition_block_accuracy
paired_block_seed_contrast,pair_e2b043df160816f5fdd81e64,3,2,A3,2,46,distance_150_minus_50,0.5,1,condition_block_accuracy
paired_block_seed_contrast,pair_e2b043df160816f5fdd81e64,3,2,A3,2,46,angle_by_distance_interaction,1.0,1,condition_block_accuracy
paired_block_seed_contrast,pair_b1310b19d663beb4cbd53c8d,4,0,A1,1,42,angle_45_minus_0,0.0,1,condition_block_accuracy
paired_block_seed_contrast,pair_b1310b19d663beb4cbd53c8d,4,0,A1,1,42,distance_150_minus_50,0.0,1,condition_block_accuracy
paired_block_seed_contrast,pair_b1310b19d663beb4cbd53c8d,4,0,A1,1,42,angle_by_distance_interaction,0.0,1,condition_block_accuracy
paired_block_seed_contrast,pair_b1310b19d663beb4cbd53c8d,4,0,A1,1,43,angle_45_minus_0,0.5,1,condition_block_accuracy
paired_block_seed_contrast,pair_b1310b19d663beb4cbd53c8d,4,0,A1,1,43,distance_150_minus_50,-0.5,1,condition_block_accuracy
paired_block_seed_contrast,pair_b1310b19d663beb4cbd53c8d,4,0,A1,1,43,angle_by_distance_interaction,-1.0,1,condition_block_accuracy
paired_block_seed_contrast,pair_b1310b19d663beb4cbd53c8d,4,0,A1,1,44,angle_45_minus_0,-1.0,1,condition_block_accuracy
paired_block_seed_contrast,pair_b1310b19d663beb4cbd53c8d,4,0,A1,1,44,distance_150_minus_50,0.0,1,condition_block_accuracy
paired_block_seed_contrast,pair_b1310b19d663beb4cbd53c8d,4,0,A1,1,44,angle_by_distance_interaction,0.0,1,condition_block_accuracy
paired_block_seed_contrast,pair_b1310b19d663beb4cbd53c8d,4,0,A1,1,45,angle_45_minus_0,-0.5,1,condition_block_accuracy
paired_block_seed_contrast,pair_b1310b19d663beb4cbd53c8d,4,0,A1,1,45,distance_150_minus_50,-0.5,1,condition_block_accuracy
paired_block_seed_contrast,pair_b1310b19d663beb4cbd53c8d,4,0,A1,1,45,angle_by_distance_interaction,1.0,1,condition_block_accuracy
paired_block_seed_contrast,pair_b1310b19d663beb4cbd53c8d,4,0,A1,1,46,angle_45_minus_0,-0.5,1,condition_block_accuracy
paired_block_seed_contrast,pair_b1310b19d663beb4cbd53c8d,4,0,A1,1,46,distance_150_minus_50,-0.5,1,condition_block_accuracy
paired_block_seed_contrast,pair_b1310b19d663beb4cbd53c8d,4,0,A1,1,46,angle_by_distance_interaction,-1.0,1,condition_block_accuracy
paired_block_seed_contrast,pair_bdf1f6e8472c8d76aff3d040,4,0,A2,2,42,angle_45_minus_0,-0.5,1,condition_block_accuracy
paired_block_seed_contrast,pair_bdf1f6e8472c8d76aff3d040,4,0,A2,2,42,distance_150_minus_50,0.5,1,condition_block_accuracy
paired_block_seed_contrast,pair_bdf1f6e8472c8d76aff3d040,4,0,A2,2,42,angle_by_distance_interaction,-1.0,1,condition_block_accuracy
paired_block_seed_contrast,pair_bdf1f6e8472c8d76aff3d040,4,0,A2,2,43,angle_45_minus_0,-0.5,1,condition_block_accuracy
paired_block_seed_contrast,pair_bdf1f6e8472c8d76aff3d040,4,0,A2,2,43,distance_150_minus_50,0.5,1,condition_block_accuracy
paired_block_seed_contrast,pair_bdf1f6e8472c8d76aff3d040,4,0,A2,2,43,angle_by_distance_interaction,-1.0,1,condition_block_accuracy
paired_block_seed_contrast,pair_bdf1f6e8472c8d76aff3d040,4,0,A2,2,44,angle_45_minus_0,0.0,1,condition_block_accuracy
paired_block_seed_contrast,pair_bdf1f6e8472c8d76aff3d040,4,0,A2,2,44,distance_150_minus_50,0.0,1,condition_block_accuracy
paired_block_seed_contrast,pair_bdf1f6e8472c8d76aff3d040,4,0,A2,2,44,angle_by_distance_interaction,-2.0,1,condition_block_accuracy
paired_block_seed_contrast,pair_bdf1f6e8472c8d76aff3d040,4,0,A2,2,45,angle_45_minus_0,0.5,1,condition_block_accuracy
paired_block_seed_contrast,pair_bdf1f6e8472c8d76aff3d040,4,0,A2,2,45,distance_150_minus_50,-0.5,1,condition_block_accuracy
paired_block_seed_contrast,pair_bdf1f6e8472c8d76aff3d040,4,0,A2,2,45,angle_by_distance_interaction,-1.0,1,condition_block_accuracy
paired_block_seed_contrast,pair_bdf1f6e8472c8d76aff3d040,4,0,A2,2,46,angle_45_minus_0,0.0,1,condition_block_accuracy
paired_block_seed_contrast,pair_bdf1f6e8472c8d76aff3d040,4,0,A2,2,46,distance_150_minus_50,0.0,1,condition_block_accuracy
paired_block_seed_contrast,pair_bdf1f6e8472c8d76aff3d040,4,0,A2,2,46,angle_by_distance_interaction,0.0,1,condition_block_accuracy
paired_block_seed_contrast,pair_c05f65484ff968fcafd730cc,4,0,A3,3,42,angle_45_minus_0,-0.5,1,condition_block_accuracy
paired_block_seed_contrast,pair_c05f65484ff968fcafd730cc,4,0,A3,3,42,distance_150_minus_50,-0.5,1,condition_block_accuracy
paired_block_seed_contrast,pair_c05f65484ff968fcafd730cc,4,0,A3,3,42,angle_by_distance_interaction,1.0,1,condition_block_accuracy
paired_block_seed_contrast,pair_c05f65484ff968fcafd730cc,4,0,A3,3,43,angle_45_minus_0,-0.5,1,condition_block_accuracy
paired_block_seed_contrast,pair_c05f65484ff968fcafd730cc,4,0,A3,3,43,distance_150_minus_50,-0.5,1,condition_block_accuracy
paired_block_seed_contrast,pair_c05f65484ff968fcafd730cc,4,0,A3,3,43,angle_by_distance_interaction,1.0,1,condition_block_accuracy
paired_block_seed_contrast,pair_c05f65484ff968fcafd730cc,4,0,A3,3,44,angle_45_minus_0,0.0,1,condition_block_accuracy
paired_block_seed_contrast,pair_c05f65484ff968fcafd730cc,4,0,A3,3,44,distance_150_minus_50,-1.0,1,condition_block_accuracy
paired_block_seed_contrast,pair_c05f65484ff968fcafd730cc,4,0,A3,3,44,angle_by_distance_interaction,0.0,1,condition_block_accuracy
paired_block_seed_contrast,pair_c05f65484ff968fcafd730cc,4,0,A3,3,45,angle_45_minus_0,-0.5,1,condition_block_accuracy
paired_block_seed_contrast,pair_c05f65484ff968fcafd730cc,4,0,A3,3,45,distance_150_minus_50,-0.5,1,condition_block_accuracy
paired_block_seed_contrast,pair_c05f65484ff968fcafd730cc,4,0,A3,3,45,angle_by_distance_interaction,1.0,1,condition_block_accuracy
paired_block_seed_contrast,pair_c05f65484ff968fcafd730cc,4,0,A3,3,46,angle_45_minus_0,-1.0,1,condition_block_accuracy
paired_block_seed_contrast,pair_c05f65484ff968fcafd730cc,4,0,A3,3,46,distance_150_minus_50,0.0,1,condition_block_accuracy
paired_block_seed_contrast,pair_c05f65484ff968fcafd730cc,4,0,A3,3,46,angle_by_distance_interaction,0.0,1,condition_block_accuracy
paired_block_seed_contrast,pair_ba2afdeb468b71e1fef11175,4,1,A1,2,42,angle_45_minus_0,0.0,1,condition_block_accuracy
paired_block_seed_contrast,pair_ba2afdeb468b71e1fef11175,4,1,A1,2,42,distance_150_minus_50,0.0,1,condition_block_accuracy
paired_block_seed_contrast,pair_ba2afdeb468b71e1fef11175,4,1,A1,2,42,angle_by_distance_interaction,0.0,1,condition_block_accuracy
paired_block_seed_contrast,pair_ba2afdeb468b71e1fef11175,4,1,A1,2,43,angle_45_minus_0,-0.5,1,condition_block_accuracy
paired_block_seed_contrast,pair_ba2afdeb468b71e1fef11175,4,1,A1,2,43,distance_150_minus_50,-0.5,1,condition_block_accuracy
paired_block_seed_contrast,pair_ba2afdeb468b71e1fef11175,4,1,A1,2,43,angle_by_distance_interaction,1.0,1,condition_block_accuracy
paired_block_seed_contrast,pair_ba2afdeb468b71e1fef11175,4,1,A1,2,44,angle_45_minus_0,0.5,1,condition_block_accuracy
paired_block_seed_contrast,pair_ba2afdeb468b71e1fef11175,4,1,A1,2,44,distance_150_minus_50,-0.5,1,condition_block_accuracy
paired_block_seed_contrast,pair_ba2afdeb468b71e1fef11175,4,1,A1,2,44,angle_by_distance_interaction,1.0,1,condition_block_accuracy
paired_block_seed_contrast,pair_ba2afdeb468b71e1fef11175,4,1,A1,2,45,angle_45_minus_0,0.0,1,condition_block_accuracy
paired_block_seed_contrast,pair_ba2afdeb468b71e1fef11175,4,1,A1,2,45,distance_150_minus_50,-1.0,1,condition_block_accuracy
paired_block_seed_contrast,pair_ba2afdeb468b71e1fef11175,4,1,A1,2,45,angle_by_distance_interaction,0.0,1,condition_block_accuracy
paired_block_seed_contrast,pair_ba2afdeb468b71e1fef11175,4,1,A1,2,46,angle_45_minus_0,0.5,1,condition_block_accuracy
paired_block_seed_contrast,pair_ba2afdeb468b71e1fef11175,4,1,A1,2,46,distance_150_minus_50,0.5,1,condition_block_accuracy
paired_block_seed_contrast,pair_ba2afdeb468b71e1fef11175,4,1,A1,2,46,angle_by_distance_interaction,1.0,1,condition_block_accuracy
paired_block_seed_contrast,pair_ed40a5cb6d8516ea236f9635,4,1,A2,3,42,angle_45_minus_0,-0.5,1,condition_block_accuracy
paired_block_seed_contrast,pair_ed40a5cb6d8516ea236f9635,4,1,A2,3,42,distance_150_minus_50,-0.5,1,condition_block_accuracy
paired_block_seed_contrast,pair_ed40a5cb6d8516ea236f9635,4,1,A2,3,42,angle_by_distance_interaction,1.0,1,condition_block_accuracy
paired_block_seed_contrast,pair_ed40a5cb6d8516ea236f9635,4,1,A2,3,43,angle_45_minus_0,-0.5,1,condition_block_accuracy
paired_block_seed_contrast,pair_ed40a5cb6d8516ea236f9635,4,1,A2,3,43,distance_150_minus_50,-0.5,1,condition_block_accuracy
paired_block_seed_contrast,pair_ed40a5cb6d8516ea236f9635,4,1,A2,3,43,angle_by_distance_interaction,1.0,1,condition_block_accuracy
paired_block_seed_contrast,pair_ed40a5cb6d8516ea236f9635,4,1,A2,3,44,angle_45_minus_0,0.5,1,condition_block_accuracy
paired_block_seed_contrast,pair_ed40a5cb6d8516ea236f9635,4,1,A2,3,44,distance_150_minus_50,-0.5,1,condition_block_accuracy
paired_block_seed_contrast,pair_ed40a5cb6d8516ea236f9635,4,1,A2,3,44,angle_by_distance_interaction,-1.0,1,condition_block_accuracy
paired_block_seed_contrast,pair_ed40a5cb6d8516ea236f9635,4,1,A2,3,45,angle_45_minus_0,0.0,1,condition_block_accuracy
paired_block_seed_contrast,pair_ed40a5cb6d8516ea236f9635,4,1,A2,3,45,distance_150_minus_50,0.0,1,condition_block_accuracy
paired_block_seed_contrast,pair_ed40a5cb6d8516ea236f9635,4,1,A2,3,45,angle_by_distance_interaction,0.0,1,condition_block_accuracy
paired_block_seed_contrast,pair_ed40a5cb6d8516ea236f9635,4,1,A2,3,46,angle_45_minus_0,-0.5,1,condition_block_accuracy
paired_block_seed_contrast,pair_ed40a5cb6d8516ea236f9635,4,1,A2,3,46,distance_150_minus_50,-0.5,1,condition_block_accuracy
paired_block_seed_contrast,pair_ed40a5cb6d8516ea236f9635,4,1,A2,3,46,angle_by_distance_interaction,1.0,1,condition_block_accuracy
paired_block_seed_contrast,pair_65532ec015bcdac5660bf184,4,1,A3,1,42,angle_45_minus_0,-0.5,1,condition_block_accuracy
paired_block_seed_contrast,pair_65532ec015bcdac5660bf184,4,1,A3,1,42,distance_150_minus_50,0.5,1,condition_block_accuracy
paired_block_seed_contrast,pair_65532ec015bcdac5660bf184,4,1,A3,1,42,angle_by_distance_interaction,-1.0,1,condition_block_accuracy
paired_block_seed_contrast,pair_65532ec015bcdac5660bf184,4,1,A3,1,43,angle_45_minus_0,-0.5,1,condition_block_accuracy
paired_block_seed_contrast,pair_65532ec015bcdac5660bf184,4,1,A3,1,43,distance_150_minus_50,0.5,1,condition_block_accuracy
paired_block_seed_contrast,pair_65532ec015bcdac5660bf184,4,1,A3,1,43,angle_by_distance_interaction,-1.0,1,condition_block_accuracy
paired_block_seed_contrast,pair_65532ec015bcdac5660bf184,4,1,A3,1,44,angle_45_minus_0,0.0,1,condition_block_accuracy
paired_block_seed_contrast,pair_65532ec015bcdac5660bf184,4,1,A3,1,44,distance_150_minus_50,0.0,1,condition_block_accuracy
paired_block_seed_contrast,pair_65532ec015bcdac5660bf184,4,1,A3,1,44,angle_by_distance_interaction,0.0,1,condition_block_accuracy
paired_block_seed_contrast,pair_65532ec015bcdac5660bf184,4,1,A3,1,45,angle_45_minus_0,0.0,1,condition_block_accuracy
paired_block_seed_contrast,pair_65532ec015bcdac5660bf184,4,1,A3,1,45,distance_150_minus_50,0.0,1,condition_block_accuracy
paired_block_seed_contrast,pair_65532ec015bcdac5660bf184,4,1,A3,1,45,angle_by_distance_interaction,0.0,1,condition_block_accuracy
paired_block_seed_contrast,pair_65532ec015bcdac5660bf184,4,1,A3,1,46,angle_45_minus_0,-0.5,1,condition_block_accuracy
paired_block_seed_contrast,pair_65532ec015bcdac5660bf184,4,1,A3,1,46,distance_150_minus_50,0.5,1,condition_block_accuracy
paired_block_seed_contrast,pair_65532ec015bcdac5660bf184,4,1,A3,1,46,angle_by_distance_interaction,-1.0,1,condition_block_accuracy
paired_block_seed_contrast,pair_1f511e7414737e2ee9b3081d,4,2,A1,3,42,angle_45_minus_0,-0.5,1,condition_block_accuracy
paired_block_seed_contrast,pair_1f511e7414737e2ee9b3081d,4,2,A1,3,42,distance_150_minus_50,-0.5,1,condition_block_accuracy
paired_block_seed_contrast,pair_1f511e7414737e2ee9b3081d,4,2,A1,3,42,angle_by_distance_interaction,1.0,1,condition_block_accuracy
paired_block_seed_contrast,pair_1f511e7414737e2ee9b3081d,4,2,A1,3,43,angle_45_minus_0,-0.5,1,condition_block_accuracy
paired_block_seed_contrast,pair_1f511e7414737e2ee9b3081d,4,2,A1,3,43,distance_150_minus_50,-0.5,1,condition_block_accuracy
paired_block_seed_contrast,pair_1f511e7414737e2ee9b3081d,4,2,A1,3,43,angle_by_distance_interaction,1.0,1,condition_block_accuracy
paired_block_seed_contrast,pair_1f511e7414737e2ee9b3081d,4,2,A1,3,44,angle_45_minus_0,0.0,1,condition_block_accuracy
paired_block_seed_contrast,pair_1f511e7414737e2ee9b3081d,4,2,A1,3,44,distance_150_minus_50,-1.0,1,condition_block_accuracy
paired_block_seed_contrast,pair_1f511e7414737e2ee9b3081d,4,2,A1,3,44,angle_by_distance_interaction,0.0,1,condition_block_accuracy
paired_block_seed_contrast,pair_1f511e7414737e2ee9b3081d,4,2,A1,3,45,angle_45_minus_0,-0.5,1,condition_block_accuracy
paired_block_seed_contrast,pair_1f511e7414737e2ee9b3081d,4,2,A1,3,45,distance_150_minus_50,-0.5,1,condition_block_accuracy
paired_block_seed_contrast,pair_1f511e7414737e2ee9b3081d,4,2,A1,3,45,angle_by_distance_interaction,1.0,1,condition_block_accuracy
paired_block_seed_contrast,pair_1f511e7414737e2ee9b3081d,4,2,A1,3,46,angle_45_minus_0,-0.5,1,condition_block_accuracy
paired_block_seed_contrast,pair_1f511e7414737e2ee9b3081d,4,2,A1,3,46,distance_150_minus_50,-0.5,1,condition_block_accuracy
paired_block_seed_contrast,pair_1f511e7414737e2ee9b3081d,4,2,A1,3,46,angle_by_distance_interaction,1.0,1,condition_block_accuracy
paired_block_seed_contrast,pair_773426702f1c21a4c6e48ed3,4,2,A2,1,42,angle_45_minus_0,0.0,1,condition_block_accuracy
paired_block_seed_contrast,pair_773426702f1c21a4c6e48ed3,4,2,A2,1,42,distance_150_minus_50,0.0,1,condition_block_accuracy
paired_block_seed_contrast,pair_773426702f1c21a4c6e48ed3,4,2,A2,1,42,angle_by_distance_interaction,0.0,1,condition_block_accuracy
paired_block_seed_contrast,pair_773426702f1c21a4c6e48ed3,4,2,A2,1,43,angle_45_minus_0,0.5,1,condition_block_accuracy
paired_block_seed_contrast,pair_773426702f1c21a4c6e48ed3,4,2,A2,1,43,distance_150_minus_50,-0.5,1,condition_block_accuracy
paired_block_seed_contrast,pair_773426702f1c21a4c6e48ed3,4,2,A2,1,43,angle_by_distance_interaction,-1.0,1,condition_block_accuracy
paired_block_seed_contrast,pair_773426702f1c21a4c6e48ed3,4,2,A2,1,44,angle_45_minus_0,-1.0,1,condition_block_accuracy
paired_block_seed_contrast,pair_773426702f1c21a4c6e48ed3,4,2,A2,1,44,distance_150_minus_50,0.0,1,condition_block_accuracy
paired_block_seed_contrast,pair_773426702f1c21a4c6e48ed3,4,2,A2,1,44,angle_by_distance_interaction,0.0,1,condition_block_accuracy
paired_block_seed_contrast,pair_773426702f1c21a4c6e48ed3,4,2,A2,1,45,angle_45_minus_0,-0.5,1,condition_block_accuracy
paired_block_seed_contrast,pair_773426702f1c21a4c6e48ed3,4,2,A2,1,45,distance_150_minus_50,-0.5,1,condition_block_accuracy
paired_block_seed_contrast,pair_773426702f1c21a4c6e48ed3,4,2,A2,1,45,angle_by_distance_interaction,1.0,1,condition_block_accuracy
paired_block_seed_contrast,pair_773426702f1c21a4c6e48ed3,4,2,A2,1,46,angle_45_minus_0,-0.5,1,condition_block_accuracy
paired_block_seed_contrast,pair_773426702f1c21a4c6e48ed3,4,2,A2,1,46,distance_150_minus_50,-0.5,1,condition_block_accuracy
paired_block_seed_contrast,pair_773426702f1c21a4c6e48ed3,4,2,A2,1,46,angle_by_distance_interaction,-1.0,1,condition_block_accuracy
paired_block_seed_contrast,pair_a75386d67e75529c96c29363,4,2,A3,2,42,angle_45_minus_0,0.5,1,condition_block_accuracy
paired_block_seed_contrast,pair_a75386d67e75529c96c29363,4,2,A3,2,42,distance_150_minus_50,0.5,1,condition_block_accuracy
paired_block_seed_contrast,pair_a75386d67e75529c96c29363,4,2,A3,2,42,angle_by_distance_interaction,1.0,1,condition_block_accuracy
paired_block_seed_contrast,pair_a75386d67e75529c96c29363,4,2,A3,2,43,angle_45_minus_0,0.0,1,condition_block_accuracy
paired_block_seed_contrast,pair_a75386d67e75529c96c29363,4,2,A3,2,43,distance_150_minus_50,-1.0,1,condition_block_accuracy
paired_block_seed_contrast,pair_a75386d67e75529c96c29363,4,2,A3,2,43,angle_by_distance_interaction,0.0,1,condition_block_accuracy
paired_block_seed_contrast,pair_a75386d67e75529c96c29363,4,2,A3,2,44,angle_45_minus_0,0.0,1,condition_block_accuracy
paired_block_seed_contrast,pair_a75386d67e75529c96c29363,4,2,A3,2,44,distance_150_minus_50,0.0,1,condition_block_accuracy
paired_block_seed_contrast,pair_a75386d67e75529c96c29363,4,2,A3,2,44,angle_by_distance_interaction,0.0,1,condition_block_accuracy
paired_block_seed_contrast,pair_a75386d67e75529c96c29363,4,2,A3,2,45,angle_45_minus_0,0.0,1,condition_block_accuracy
paired_block_seed_contrast,pair_a75386d67e75529c96c29363,4,2,A3,2,45,distance_150_minus_50,-1.0,1,condition_block_accuracy
paired_block_seed_contrast,pair_a75386d67e75529c96c29363,4,2,A3,2,45,angle_by_distance_interaction,0.0,1,condition_block_accuracy
paired_block_seed_contrast,pair_a75386d67e75529c96c29363,4,2,A3,2,46,angle_45_minus_0,-0.5,1,condition_block_accuracy
paired_block_seed_contrast,pair_a75386d67e75529c96c29363,4,2,A3,2,46,distance_150_minus_50,-0.5,1,condition_block_accuracy
paired_block_seed_contrast,pair_a75386d67e75529c96c29363,4,2,A3,2,46,angle_by_distance_interaction,1.0,1,condition_block_accuracy
paired_block_seed_contrast,pair_5be8a8178869acf2fd392ec4,5,0,A1,1,42,angle_45_minus_0,-0.5,1,condition_block_accuracy
paired_block_seed_contrast,pair_5be8a8178869acf2fd392ec4,5,0,A1,1,42,distance_150_minus_50,0.5,1,condition_block_accuracy
paired_block_seed_contrast,pair_5be8a8178869acf2fd392ec4,5,0,A1,1,42,angle_by_distance_interaction,-1.0,1,condition_block_accuracy
paired_block_seed_contrast,pair_5be8a8178869acf2fd392ec4,5,0,A1,1,43,angle_45_minus_0,-0.5,1,condition_block_accuracy
paired_block_seed_contrast,pair_5be8a8178869acf2fd392ec4,5,0,A1,1,43,distance_150_minus_50,0.5,1,condition_block_accuracy
paired_block_seed_contrast,pair_5be8a8178869acf2fd392ec4,5,0,A1,1,43,angle_by_distance_interaction,-1.0,1,condition_block_accuracy
paired_block_seed_contrast,pair_5be8a8178869acf2fd392ec4,5,0,A1,1,44,angle_45_minus_0,-0.5,1,condition_block_accuracy
paired_block_seed_contrast,pair_5be8a8178869acf2fd392ec4,5,0,A1,1,44,distance_150_minus_50,0.5,1,condition_block_accuracy
paired_block_seed_contrast,pair_5be8a8178869acf2fd392ec4,5,0,A1,1,44,angle_by_distance_interaction,-1.0,1,condition_block_accuracy
paired_block_seed_contrast,pair_5be8a8178869acf2fd392ec4,5,0,A1,1,45,angle_45_minus_0,0.0,1,condition_block_accuracy
paired_block_seed_contrast,pair_5be8a8178869acf2fd392ec4,5,0,A1,1,45,distance_150_minus_50,1.0,1,condition_block_accuracy
paired_block_seed_contrast,pair_5be8a8178869acf2fd392ec4,5,0,A1,1,45,angle_by_distance_interaction,0.0,1,condition_block_accuracy
paired_block_seed_contrast,pair_5be8a8178869acf2fd392ec4,5,0,A1,1,46,angle_45_minus_0,-1.0,1,condition_block_accuracy
paired_block_seed_contrast,pair_5be8a8178869acf2fd392ec4,5,0,A1,1,46,distance_150_minus_50,0.0,1,condition_block_accuracy
paired_block_seed_contrast,pair_5be8a8178869acf2fd392ec4,5,0,A1,1,46,angle_by_distance_interaction,0.0,1,condition_block_accuracy
paired_block_seed_contrast,pair_6e2ead72cd9dbc69d6565965,5,0,A2,2,42,angle_45_minus_0,-1.0,1,condition_block_accuracy
paired_block_seed_contrast,pair_6e2ead72cd9dbc69d6565965,5,0,A2,2,42,distance_150_minus_50,0.0,1,condition_block_accuracy
paired_block_seed_contrast,pair_6e2ead72cd9dbc69d6565965,5,0,A2,2,42,angle_by_distance_interaction,0.0,1,condition_block_accuracy
paired_block_seed_contrast,pair_6e2ead72cd9dbc69d6565965,5,0,A2,2,43,angle_45_minus_0,0.0,1,condition_block_accuracy
paired_block_seed_contrast,pair_6e2ead72cd9dbc69d6565965,5,0,A2,2,43,distance_150_minus_50,0.0,1,condition_block_accuracy
paired_block_seed_contrast,pair_6e2ead72cd9dbc69d6565965,5,0,A2,2,43,angle_by_distance_interaction,0.0,1,condition_block_accuracy
paired_block_seed_contrast,pair_6e2ead72cd9dbc69d6565965,5,0,A2,2,44,angle_45_minus_0,-0.5,1,condition_block_accuracy
paired_block_seed_contrast,pair_6e2ead72cd9dbc69d6565965,5,0,A2,2,44,distance_150_minus_50,0.5,1,condition_block_accuracy
paired_block_seed_contrast,pair_6e2ead72cd9dbc69d6565965,5,0,A2,2,44,angle_by_distance_interaction,-1.0,1,condition_block_accuracy
paired_block_seed_contrast,pair_6e2ead72cd9dbc69d6565965,5,0,A2,2,45,angle_45_minus_0,0.0,1,condition_block_accuracy
paired_block_seed_contrast,pair_6e2ead72cd9dbc69d6565965,5,0,A2,2,45,distance_150_minus_50,0.0,1,condition_block_accuracy
paired_block_seed_contrast,pair_6e2ead72cd9dbc69d6565965,5,0,A2,2,45,angle_by_distance_interaction,0.0,1,condition_block_accuracy
paired_block_seed_contrast,pair_6e2ead72cd9dbc69d6565965,5,0,A2,2,46,angle_45_minus_0,0.0,1,condition_block_accuracy
paired_block_seed_contrast,pair_6e2ead72cd9dbc69d6565965,5,0,A2,2,46,distance_150_minus_50,0.0,1,condition_block_accuracy
paired_block_seed_contrast,pair_6e2ead72cd9dbc69d6565965,5,0,A2,2,46,angle_by_distance_interaction,0.0,1,condition_block_accuracy
paired_block_seed_contrast,pair_871635859f67d9a71834fe97,5,0,A3,3,42,angle_45_minus_0,-0.5,1,condition_block_accuracy
paired_block_seed_contrast,pair_871635859f67d9a71834fe97,5,0,A3,3,42,distance_150_minus_50,0.5,1,condition_block_accuracy
paired_block_seed_contrast,pair_871635859f67d9a71834fe97,5,0,A3,3,42,angle_by_distance_interaction,-1.0,1,condition_block_accuracy
paired_block_seed_contrast,pair_871635859f67d9a71834fe97,5,0,A3,3,43,angle_45_minus_0,0.0,1,condition_block_accuracy
paired_block_seed_contrast,pair_871635859f67d9a71834fe97,5,0,A3,3,43,distance_150_minus_50,0.0,1,condition_block_accuracy
paired_block_seed_contrast,pair_871635859f67d9a71834fe97,5,0,A3,3,43,angle_by_distance_interaction,0.0,1,condition_block_accuracy
paired_block_seed_contrast,pair_871635859f67d9a71834fe97,5,0,A3,3,44,angle_45_minus_0,0.0,1,condition_block_accuracy
paired_block_seed_contrast,pair_871635859f67d9a71834fe97,5,0,A3,3,44,distance_150_minus_50,0.0,1,condition_block_accuracy
paired_block_seed_contrast,pair_871635859f67d9a71834fe97,5,0,A3,3,44,angle_by_distance_interaction,0.0,1,condition_block_accuracy
paired_block_seed_contrast,pair_871635859f67d9a71834fe97,5,0,A3,3,45,angle_45_minus_0,0.5,1,condition_block_accuracy
paired_block_seed_contrast,pair_871635859f67d9a71834fe97,5,0,A3,3,45,distance_150_minus_50,-0.5,1,condition_block_accuracy
paired_block_seed_contrast,pair_871635859f67d9a71834fe97,5,0,A3,3,45,angle_by_distance_interaction,-1.0,1,condition_block_accuracy
paired_block_seed_contrast,pair_871635859f67d9a71834fe97,5,0,A3,3,46,angle_45_minus_0,0.0,1,condition_block_accuracy
paired_block_seed_contrast,pair_871635859f67d9a71834fe97,5,0,A3,3,46,distance_150_minus_50,0.0,1,condition_block_accuracy
paired_block_seed_contrast,pair_871635859f67d9a71834fe97,5,0,A3,3,46,angle_by_distance_interaction,0.0,1,condition_block_accuracy
paired_block_seed_contrast,pair_0274a528ad1503c9c724e849,5,1,A1,2,42,angle_45_minus_0,0.0,1,condition_block_accuracy
paired_block_seed_contrast,pair_0274a528ad1503c9c724e849,5,1,A1,2,42,distance_150_minus_50,0.0,1,condition_block_accuracy
paired_block_seed_contrast,pair_0274a528ad1503c9c724e849,5,1,A1,2,42,angle_by_distance_interaction,0.0,1,condition_block_accuracy
paired_block_seed_contrast,pair_0274a528ad1503c9c724e849,5,1,A1,2,43,angle_45_minus_0,0.0,1,condition_block_accuracy
paired_block_seed_contrast,pair_0274a528ad1503c9c724e849,5,1,A1,2,43,distance_150_minus_50,0.0,1,condition_block_accuracy
paired_block_seed_contrast,pair_0274a528ad1503c9c724e849,5,1,A1,2,43,angle_by_distance_interaction,0.0,1,condition_block_accuracy
paired_block_seed_contrast,pair_0274a528ad1503c9c724e849,5,1,A1,2,44,angle_45_minus_0,0.0,1,condition_block_accuracy
paired_block_seed_contrast,pair_0274a528ad1503c9c724e849,5,1,A1,2,44,distance_150_minus_50,0.0,1,condition_block_accuracy
paired_block_seed_contrast,pair_0274a528ad1503c9c724e849,5,1,A1,2,44,angle_by_distance_interaction,2.0,1,condition_block_accuracy
paired_block_seed_contrast,pair_0274a528ad1503c9c724e849,5,1,A1,2,45,angle_45_minus_0,0.5,1,condition_block_accuracy
paired_block_seed_contrast,pair_0274a528ad1503c9c724e849,5,1,A1,2,45,distance_150_minus_50,0.5,1,condition_block_accuracy
paired_block_seed_contrast,pair_0274a528ad1503c9c724e849,5,1,A1,2,45,angle_by_distance_interaction,1.0,1,condition_block_accuracy
paired_block_seed_contrast,pair_0274a528ad1503c9c724e849,5,1,A1,2,46,angle_45_minus_0,0.0,1,condition_block_accuracy
paired_block_seed_contrast,pair_0274a528ad1503c9c724e849,5,1,A1,2,46,distance_150_minus_50,0.0,1,condition_block_accuracy
paired_block_seed_contrast,pair_0274a528ad1503c9c724e849,5,1,A1,2,46,angle_by_distance_interaction,2.0,1,condition_block_accuracy
paired_block_seed_contrast,pair_a991542913bc99245846b8bb,5,1,A2,3,42,angle_45_minus_0,-0.5,1,condition_block_accuracy
paired_block_seed_contrast,pair_a991542913bc99245846b8bb,5,1,A2,3,42,distance_150_minus_50,0.5,1,condition_block_accuracy
paired_block_seed_contrast,pair_a991542913bc99245846b8bb,5,1,A2,3,42,angle_by_distance_interaction,-1.0,1,condition_block_accuracy
paired_block_seed_contrast,pair_a991542913bc99245846b8bb,5,1,A2,3,43,angle_45_minus_0,0.5,1,condition_block_accuracy
paired_block_seed_contrast,pair_a991542913bc99245846b8bb,5,1,A2,3,43,distance_150_minus_50,-0.5,1,condition_block_accuracy
paired_block_seed_contrast,pair_a991542913bc99245846b8bb,5,1,A2,3,43,angle_by_distance_interaction,-1.0,1,condition_block_accuracy
paired_block_seed_contrast,pair_a991542913bc99245846b8bb,5,1,A2,3,44,angle_45_minus_0,0.0,1,condition_block_accuracy
paired_block_seed_contrast,pair_a991542913bc99245846b8bb,5,1,A2,3,44,distance_150_minus_50,0.0,1,condition_block_accuracy
paired_block_seed_contrast,pair_a991542913bc99245846b8bb,5,1,A2,3,44,angle_by_distance_interaction,0.0,1,condition_block_accuracy
paired_block_seed_contrast,pair_a991542913bc99245846b8bb,5,1,A2,3,45,angle_45_minus_0,0.0,1,condition_block_accuracy
paired_block_seed_contrast,pair_a991542913bc99245846b8bb,5,1,A2,3,45,distance_150_minus_50,0.0,1,condition_block_accuracy
paired_block_seed_contrast,pair_a991542913bc99245846b8bb,5,1,A2,3,45,angle_by_distance_interaction,0.0,1,condition_block_accuracy
paired_block_seed_contrast,pair_a991542913bc99245846b8bb,5,1,A2,3,46,angle_45_minus_0,0.5,1,condition_block_accuracy
paired_block_seed_contrast,pair_a991542913bc99245846b8bb,5,1,A2,3,46,distance_150_minus_50,0.5,1,condition_block_accuracy
paired_block_seed_contrast,pair_a991542913bc99245846b8bb,5,1,A2,3,46,angle_by_distance_interaction,1.0,1,condition_block_accuracy
paired_block_seed_contrast,pair_c1bbfbee02058f5123e30914,5,1,A3,1,42,angle_45_minus_0,-1.0,1,condition_block_accuracy
paired_block_seed_contrast,pair_c1bbfbee02058f5123e30914,5,1,A3,1,42,distance_150_minus_50,0.0,1,condition_block_accuracy
paired_block_seed_contrast,pair_c1bbfbee02058f5123e30914,5,1,A3,1,42,angle_by_distance_interaction,0.0,1,condition_block_accuracy
paired_block_seed_contrast,pair_c1bbfbee02058f5123e30914,5,1,A3,1,43,angle_45_minus_0,-1.0,1,condition_block_accuracy
paired_block_seed_contrast,pair_c1bbfbee02058f5123e30914,5,1,A3,1,43,distance_150_minus_50,0.0,1,condition_block_accuracy
paired_block_seed_contrast,pair_c1bbfbee02058f5123e30914,5,1,A3,1,43,angle_by_distance_interaction,0.0,1,condition_block_accuracy
paired_block_seed_contrast,pair_c1bbfbee02058f5123e30914,5,1,A3,1,44,angle_45_minus_0,-1.0,1,condition_block_accuracy
paired_block_seed_contrast,pair_c1bbfbee02058f5123e30914,5,1,A3,1,44,distance_150_minus_50,0.0,1,condition_block_accuracy
paired_block_seed_contrast,pair_c1bbfbee02058f5123e30914,5,1,A3,1,44,angle_by_distance_interaction,0.0,1,condition_block_accuracy
paired_block_seed_contrast,pair_c1bbfbee02058f5123e30914,5,1,A3,1,45,angle_45_minus_0,0.0,1,condition_block_accuracy
paired_block_seed_contrast,pair_c1bbfbee02058f5123e30914,5,1,A3,1,45,distance_150_minus_50,1.0,1,condition_block_accuracy
paired_block_seed_contrast,pair_c1bbfbee02058f5123e30914,5,1,A3,1,45,angle_by_distance_interaction,0.0,1,condition_block_accuracy
paired_block_seed_contrast,pair_c1bbfbee02058f5123e30914,5,1,A3,1,46,angle_45_minus_0,-0.5,1,condition_block_accuracy
paired_block_seed_contrast,pair_c1bbfbee02058f5123e30914,5,1,A3,1,46,distance_150_minus_50,-0.5,1,condition_block_accuracy
paired_block_seed_contrast,pair_c1bbfbee02058f5123e30914,5,1,A3,1,46,angle_by_distance_interaction,1.0,1,condition_block_accuracy
paired_block_seed_contrast,pair_c420084c739b2c3df0e2403a,5,2,A1,3,42,angle_45_minus_0,-0.5,1,condition_block_accuracy
paired_block_seed_contrast,pair_c420084c739b2c3df0e2403a,5,2,A1,3,42,distance_150_minus_50,0.5,1,condition_block_accuracy
paired_block_seed_contrast,pair_c420084c739b2c3df0e2403a,5,2,A1,3,42,angle_by_distance_interaction,-1.0,1,condition_block_accuracy
paired_block_seed_contrast,pair_c420084c739b2c3df0e2403a,5,2,A1,3,43,angle_45_minus_0,0.0,1,condition_block_accuracy
paired_block_seed_contrast,pair_c420084c739b2c3df0e2403a,5,2,A1,3,43,distance_150_minus_50,0.0,1,condition_block_accuracy
paired_block_seed_contrast,pair_c420084c739b2c3df0e2403a,5,2,A1,3,43,angle_by_distance_interaction,0.0,1,condition_block_accuracy
paired_block_seed_contrast,pair_c420084c739b2c3df0e2403a,5,2,A1,3,44,angle_45_minus_0,-0.5,1,condition_block_accuracy
paired_block_seed_contrast,pair_c420084c739b2c3df0e2403a,5,2,A1,3,44,distance_150_minus_50,0.5,1,condition_block_accuracy
paired_block_seed_contrast,pair_c420084c739b2c3df0e2403a,5,2,A1,3,44,angle_by_distance_interaction,-1.0,1,condition_block_accuracy
paired_block_seed_contrast,pair_c420084c739b2c3df0e2403a,5,2,A1,3,45,angle_45_minus_0,0.0,1,condition_block_accuracy
paired_block_seed_contrast,pair_c420084c739b2c3df0e2403a,5,2,A1,3,45,distance_150_minus_50,0.0,1,condition_block_accuracy
paired_block_seed_contrast,pair_c420084c739b2c3df0e2403a,5,2,A1,3,45,angle_by_distance_interaction,0.0,1,condition_block_accuracy
paired_block_seed_contrast,pair_c420084c739b2c3df0e2403a,5,2,A1,3,46,angle_45_minus_0,0.0,1,condition_block_accuracy
paired_block_seed_contrast,pair_c420084c739b2c3df0e2403a,5,2,A1,3,46,distance_150_minus_50,0.0,1,condition_block_accuracy
paired_block_seed_contrast,pair_c420084c739b2c3df0e2403a,5,2,A1,3,46,angle_by_distance_interaction,0.0,1,condition_block_accuracy
paired_block_seed_contrast,pair_ec7050f28c24b4d9438b3c11,5,2,A2,1,42,angle_45_minus_0,-0.5,1,condition_block_accuracy
paired_block_seed_contrast,pair_ec7050f28c24b4d9438b3c11,5,2,A2,1,42,distance_150_minus_50,-0.5,1,condition_block_accuracy
paired_block_seed_contrast,pair_ec7050f28c24b4d9438b3c11,5,2,A2,1,42,angle_by_distance_interaction,1.0,1,condition_block_accuracy
paired_block_seed_contrast,pair_ec7050f28c24b4d9438b3c11,5,2,A2,1,43,angle_45_minus_0,0.0,1,condition_block_accuracy
paired_block_seed_contrast,pair_ec7050f28c24b4d9438b3c11,5,2,A2,1,43,distance_150_minus_50,0.0,1,condition_block_accuracy
paired_block_seed_contrast,pair_ec7050f28c24b4d9438b3c11,5,2,A2,1,43,angle_by_distance_interaction,0.0,1,condition_block_accuracy
paired_block_seed_contrast,pair_ec7050f28c24b4d9438b3c11,5,2,A2,1,44,angle_45_minus_0,0.0,1,condition_block_accuracy
paired_block_seed_contrast,pair_ec7050f28c24b4d9438b3c11,5,2,A2,1,44,distance_150_minus_50,0.0,1,condition_block_accuracy
paired_block_seed_contrast,pair_ec7050f28c24b4d9438b3c11,5,2,A2,1,44,angle_by_distance_interaction,0.0,1,condition_block_accuracy
paired_block_seed_contrast,pair_ec7050f28c24b4d9438b3c11,5,2,A2,1,45,angle_45_minus_0,0.5,1,condition_block_accuracy
paired_block_seed_contrast,pair_ec7050f28c24b4d9438b3c11,5,2,A2,1,45,distance_150_minus_50,0.5,1,condition_block_accuracy
paired_block_seed_contrast,pair_ec7050f28c24b4d9438b3c11,5,2,A2,1,45,angle_by_distance_interaction,1.0,1,condition_block_accuracy
paired_block_seed_contrast,pair_ec7050f28c24b4d9438b3c11,5,2,A2,1,46,angle_45_minus_0,0.0,1,condition_block_accuracy
paired_block_seed_contrast,pair_ec7050f28c24b4d9438b3c11,5,2,A2,1,46,distance_150_minus_50,0.0,1,condition_block_accuracy
paired_block_seed_contrast,pair_ec7050f28c24b4d9438b3c11,5,2,A2,1,46,angle_by_distance_interaction,0.0,1,condition_block_accuracy
paired_block_seed_contrast,pair_e69d2fed27502508d2cfd2a3,5,2,A3,2,42,angle_45_minus_0,-0.5,1,condition_block_accuracy
paired_block_seed_contrast,pair_e69d2fed27502508d2cfd2a3,5,2,A3,2,42,distance_150_minus_50,-0.5,1,condition_block_accuracy
paired_block_seed_contrast,pair_e69d2fed27502508d2cfd2a3,5,2,A3,2,42,angle_by_distance_interaction,1.0,1,condition_block_accuracy
paired_block_seed_contrast,pair_e69d2fed27502508d2cfd2a3,5,2,A3,2,43,angle_45_minus_0,0.0,1,condition_block_accuracy
paired_block_seed_contrast,pair_e69d2fed27502508d2cfd2a3,5,2,A3,2,43,distance_150_minus_50,0.0,1,condition_block_accuracy
paired_block_seed_contrast,pair_e69d2fed27502508d2cfd2a3,5,2,A3,2,43,angle_by_distance_interaction,0.0,1,condition_block_accuracy
paired_block_seed_contrast,pair_e69d2fed27502508d2cfd2a3,5,2,A3,2,44,angle_45_minus_0,0.0,1,condition_block_accuracy
paired_block_seed_contrast,pair_e69d2fed27502508d2cfd2a3,5,2,A3,2,44,distance_150_minus_50,0.0,1,condition_block_accuracy
paired_block_seed_contrast,pair_e69d2fed27502508d2cfd2a3,5,2,A3,2,44,angle_by_distance_interaction,0.0,1,condition_block_accuracy
paired_block_seed_contrast,pair_e69d2fed27502508d2cfd2a3,5,2,A3,2,45,angle_45_minus_0,0.0,1,condition_block_accuracy
paired_block_seed_contrast,pair_e69d2fed27502508d2cfd2a3,5,2,A3,2,45,distance_150_minus_50,0.0,1,condition_block_accuracy
paired_block_seed_contrast,pair_e69d2fed27502508d2cfd2a3,5,2,A3,2,45,angle_by_distance_interaction,0.0,1,condition_block_accuracy
paired_block_seed_contrast,pair_e69d2fed27502508d2cfd2a3,5,2,A3,2,46,angle_45_minus_0,0.0,1,condition_block_accuracy
paired_block_seed_contrast,pair_e69d2fed27502508d2cfd2a3,5,2,A3,2,46,distance_150_minus_50,0.0,1,condition_block_accuracy
paired_block_seed_contrast,pair_e69d2fed27502508d2cfd2a3,5,2,A3,2,46,angle_by_distance_interaction,0.0,1,condition_block_accuracy
paired_block_seed_contrast,pair_18e7a3e81d6967e4d9cce644,6,0,A1,1,42,angle_45_minus_0,0.0,1,condition_block_accuracy
paired_block_seed_contrast,pair_18e7a3e81d6967e4d9cce644,6,0,A1,1,42,distance_150_minus_50,0.0,1,condition_block_accuracy
paired_block_seed_contrast,pair_18e7a3e81d6967e4d9cce644,6,0,A1,1,42,angle_by_distance_interaction,0.0,1,condition_block_accuracy
paired_block_seed_contrast,pair_18e7a3e81d6967e4d9cce644,6,0,A1,1,43,angle_45_minus_0,0.5,1,condition_block_accuracy
paired_block_seed_contrast,pair_18e7a3e81d6967e4d9cce644,6,0,A1,1,43,distance_150_minus_50,0.5,1,condition_block_accuracy
paired_block_seed_contrast,pair_18e7a3e81d6967e4d9cce644,6,0,A1,1,43,angle_by_distance_interaction,1.0,1,condition_block_accuracy
paired_block_seed_contrast,pair_18e7a3e81d6967e4d9cce644,6,0,A1,1,44,angle_45_minus_0,0.0,1,condition_block_accuracy
paired_block_seed_contrast,pair_18e7a3e81d6967e4d9cce644,6,0,A1,1,44,distance_150_minus_50,0.0,1,condition_block_accuracy
paired_block_seed_contrast,pair_18e7a3e81d6967e4d9cce644,6,0,A1,1,44,angle_by_distance_interaction,0.0,1,condition_block_accuracy
paired_block_seed_contrast,pair_18e7a3e81d6967e4d9cce644,6,0,A1,1,45,angle_45_minus_0,-0.5,1,condition_block_accuracy
paired_block_seed_contrast,pair_18e7a3e81d6967e4d9cce644,6,0,A1,1,45,distance_150_minus_50,-0.5,1,condition_block_accuracy
paired_block_seed_contrast,pair_18e7a3e81d6967e4d9cce644,6,0,A1,1,45,angle_by_distance_interaction,1.0,1,condition_block_accuracy
paired_block_seed_contrast,pair_18e7a3e81d6967e4d9cce644,6,0,A1,1,46,angle_45_minus_0,-0.5,1,condition_block_accuracy
paired_block_seed_contrast,pair_18e7a3e81d6967e4d9cce644,6,0,A1,1,46,distance_150_minus_50,-0.5,1,condition_block_accuracy
paired_block_seed_contrast,pair_18e7a3e81d6967e4d9cce644,6,0,A1,1,46,angle_by_distance_interaction,1.0,1,condition_block_accuracy
paired_block_seed_contrast,pair_273288675ae8b2c187bdd96f,6,0,A2,2,42,angle_45_minus_0,0.0,1,condition_block_accuracy
paired_block_seed_contrast,pair_273288675ae8b2c187bdd96f,6,0,A2,2,42,distance_150_minus_50,0.0,1,condition_block_accuracy
paired_block_seed_contrast,pair_273288675ae8b2c187bdd96f,6,0,A2,2,42,angle_by_distance_interaction,0.0,1,condition_block_accuracy
paired_block_seed_contrast,pair_273288675ae8b2c187bdd96f,6,0,A2,2,43,angle_45_minus_0,-0.5,1,condition_block_accuracy
paired_block_seed_contrast,pair_273288675ae8b2c187bdd96f,6,0,A2,2,43,distance_150_minus_50,0.5,1,condition_block_accuracy
paired_block_seed_contrast,pair_273288675ae8b2c187bdd96f,6,0,A2,2,43,angle_by_distance_interaction,-1.0,1,condition_block_accuracy
paired_block_seed_contrast,pair_273288675ae8b2c187bdd96f,6,0,A2,2,44,angle_45_minus_0,0.0,1,condition_block_accuracy
paired_block_seed_contrast,pair_273288675ae8b2c187bdd96f,6,0,A2,2,44,distance_150_minus_50,0.0,1,condition_block_accuracy
paired_block_seed_contrast,pair_273288675ae8b2c187bdd96f,6,0,A2,2,44,angle_by_distance_interaction,0.0,1,condition_block_accuracy
paired_block_seed_contrast,pair_273288675ae8b2c187bdd96f,6,0,A2,2,45,angle_45_minus_0,0.0,1,condition_block_accuracy
paired_block_seed_contrast,pair_273288675ae8b2c187bdd96f,6,0,A2,2,45,distance_150_minus_50,0.0,1,condition_block_accuracy
paired_block_seed_contrast,pair_273288675ae8b2c187bdd96f,6,0,A2,2,45,angle_by_distance_interaction,0.0,1,condition_block_accuracy
paired_block_seed_contrast,pair_273288675ae8b2c187bdd96f,6,0,A2,2,46,angle_45_minus_0,-0.5,1,condition_block_accuracy
paired_block_seed_contrast,pair_273288675ae8b2c187bdd96f,6,0,A2,2,46,distance_150_minus_50,0.5,1,condition_block_accuracy
paired_block_seed_contrast,pair_273288675ae8b2c187bdd96f,6,0,A2,2,46,angle_by_distance_interaction,-1.0,1,condition_block_accuracy
paired_block_seed_contrast,pair_fe4a44a4ff076e943a9f4977,6,0,A3,3,42,angle_45_minus_0,0.0,1,condition_block_accuracy
paired_block_seed_contrast,pair_fe4a44a4ff076e943a9f4977,6,0,A3,3,42,distance_150_minus_50,0.0,1,condition_block_accuracy
paired_block_seed_contrast,pair_fe4a44a4ff076e943a9f4977,6,0,A3,3,42,angle_by_distance_interaction,0.0,1,condition_block_accuracy
paired_block_seed_contrast,pair_fe4a44a4ff076e943a9f4977,6,0,A3,3,43,angle_45_minus_0,-0.5,1,condition_block_accuracy
paired_block_seed_contrast,pair_fe4a44a4ff076e943a9f4977,6,0,A3,3,43,distance_150_minus_50,0.5,1,condition_block_accuracy
paired_block_seed_contrast,pair_fe4a44a4ff076e943a9f4977,6,0,A3,3,43,angle_by_distance_interaction,-1.0,1,condition_block_accuracy
paired_block_seed_contrast,pair_fe4a44a4ff076e943a9f4977,6,0,A3,3,44,angle_45_minus_0,0.0,1,condition_block_accuracy
paired_block_seed_contrast,pair_fe4a44a4ff076e943a9f4977,6,0,A3,3,44,distance_150_minus_50,0.0,1,condition_block_accuracy
paired_block_seed_contrast,pair_fe4a44a4ff076e943a9f4977,6,0,A3,3,44,angle_by_distance_interaction,0.0,1,condition_block_accuracy
paired_block_seed_contrast,pair_fe4a44a4ff076e943a9f4977,6,0,A3,3,45,angle_45_minus_0,-0.5,1,condition_block_accuracy
paired_block_seed_contrast,pair_fe4a44a4ff076e943a9f4977,6,0,A3,3,45,distance_150_minus_50,0.5,1,condition_block_accuracy
paired_block_seed_contrast,pair_fe4a44a4ff076e943a9f4977,6,0,A3,3,45,angle_by_distance_interaction,-1.0,1,condition_block_accuracy
paired_block_seed_contrast,pair_fe4a44a4ff076e943a9f4977,6,0,A3,3,46,angle_45_minus_0,0.0,1,condition_block_accuracy
paired_block_seed_contrast,pair_fe4a44a4ff076e943a9f4977,6,0,A3,3,46,distance_150_minus_50,1.0,1,condition_block_accuracy
paired_block_seed_contrast,pair_fe4a44a4ff076e943a9f4977,6,0,A3,3,46,angle_by_distance_interaction,0.0,1,condition_block_accuracy
paired_block_seed_contrast,pair_dbc85ee49b40dfb59b2b3074,6,1,A1,2,42,angle_45_minus_0,0.0,1,condition_block_accuracy
paired_block_seed_contrast,pair_dbc85ee49b40dfb59b2b3074,6,1,A1,2,42,distance_150_minus_50,0.0,1,condition_block_accuracy
paired_block_seed_contrast,pair_dbc85ee49b40dfb59b2b3074,6,1,A1,2,42,angle_by_distance_interaction,0.0,1,condition_block_accuracy
paired_block_seed_contrast,pair_dbc85ee49b40dfb59b2b3074,6,1,A1,2,43,angle_45_minus_0,0.0,1,condition_block_accuracy
paired_block_seed_contrast,pair_dbc85ee49b40dfb59b2b3074,6,1,A1,2,43,distance_150_minus_50,0.0,1,condition_block_accuracy
paired_block_seed_contrast,pair_dbc85ee49b40dfb59b2b3074,6,1,A1,2,43,angle_by_distance_interaction,0.0,1,condition_block_accuracy
paired_block_seed_contrast,pair_dbc85ee49b40dfb59b2b3074,6,1,A1,2,44,angle_45_minus_0,0.0,1,condition_block_accuracy
paired_block_seed_contrast,pair_dbc85ee49b40dfb59b2b3074,6,1,A1,2,44,distance_150_minus_50,0.0,1,condition_block_accuracy
paired_block_seed_contrast,pair_dbc85ee49b40dfb59b2b3074,6,1,A1,2,44,angle_by_distance_interaction,0.0,1,condition_block_accuracy
paired_block_seed_contrast,pair_dbc85ee49b40dfb59b2b3074,6,1,A1,2,45,angle_45_minus_0,-0.5,1,condition_block_accuracy
paired_block_seed_contrast,pair_dbc85ee49b40dfb59b2b3074,6,1,A1,2,45,distance_150_minus_50,0.5,1,condition_block_accuracy
paired_block_seed_contrast,pair_dbc85ee49b40dfb59b2b3074,6,1,A1,2,45,angle_by_distance_interaction,-1.0,1,condition_block_accuracy
paired_block_seed_contrast,pair_dbc85ee49b40dfb59b2b3074,6,1,A1,2,46,angle_45_minus_0,-0.5,1,condition_block_accuracy
paired_block_seed_contrast,pair_dbc85ee49b40dfb59b2b3074,6,1,A1,2,46,distance_150_minus_50,-0.5,1,condition_block_accuracy
paired_block_seed_contrast,pair_dbc85ee49b40dfb59b2b3074,6,1,A1,2,46,angle_by_distance_interaction,1.0,1,condition_block_accuracy
paired_block_seed_contrast,pair_63f060c2cbd512822fe3837a,6,1,A2,3,42,angle_45_minus_0,0.0,1,condition_block_accuracy
paired_block_seed_contrast,pair_63f060c2cbd512822fe3837a,6,1,A2,3,42,distance_150_minus_50,0.0,1,condition_block_accuracy
paired_block_seed_contrast,pair_63f060c2cbd512822fe3837a,6,1,A2,3,42,angle_by_distance_interaction,0.0,1,condition_block_accuracy
paired_block_seed_contrast,pair_63f060c2cbd512822fe3837a,6,1,A2,3,43,angle_45_minus_0,-0.5,1,condition_block_accuracy
paired_block_seed_contrast,pair_63f060c2cbd512822fe3837a,6,1,A2,3,43,distance_150_minus_50,0.5,1,condition_block_accuracy
paired_block_seed_contrast,pair_63f060c2cbd512822fe3837a,6,1,A2,3,43,angle_by_distance_interaction,-1.0,1,condition_block_accuracy
paired_block_seed_contrast,pair_63f060c2cbd512822fe3837a,6,1,A2,3,44,angle_45_minus_0,0.0,1,condition_block_accuracy
paired_block_seed_contrast,pair_63f060c2cbd512822fe3837a,6,1,A2,3,44,distance_150_minus_50,0.0,1,condition_block_accuracy
paired_block_seed_contrast,pair_63f060c2cbd512822fe3837a,6,1,A2,3,44,angle_by_distance_interaction,0.0,1,condition_block_accuracy
paired_block_seed_contrast,pair_63f060c2cbd512822fe3837a,6,1,A2,3,45,angle_45_minus_0,-0.5,1,condition_block_accuracy
paired_block_seed_contrast,pair_63f060c2cbd512822fe3837a,6,1,A2,3,45,distance_150_minus_50,0.5,1,condition_block_accuracy
paired_block_seed_contrast,pair_63f060c2cbd512822fe3837a,6,1,A2,3,45,angle_by_distance_interaction,-1.0,1,condition_block_accuracy
paired_block_seed_contrast,pair_63f060c2cbd512822fe3837a,6,1,A2,3,46,angle_45_minus_0,0.0,1,condition_block_accuracy
paired_block_seed_contrast,pair_63f060c2cbd512822fe3837a,6,1,A2,3,46,distance_150_minus_50,1.0,1,condition_block_accuracy
paired_block_seed_contrast,pair_63f060c2cbd512822fe3837a,6,1,A2,3,46,angle_by_distance_interaction,0.0,1,condition_block_accuracy
paired_block_seed_contrast,pair_b8f90d87cc54a439ded59026,6,1,A3,1,42,angle_45_minus_0,-0.5,1,condition_block_accuracy
paired_block_seed_contrast,pair_b8f90d87cc54a439ded59026,6,1,A3,1,42,distance_150_minus_50,0.5,1,condition_block_accuracy
paired_block_seed_contrast,pair_b8f90d87cc54a439ded59026,6,1,A3,1,42,angle_by_distance_interaction,1.0,1,condition_block_accuracy
paired_block_seed_contrast,pair_b8f90d87cc54a439ded59026,6,1,A3,1,43,angle_45_minus_0,0.0,1,condition_block_accuracy
paired_block_seed_contrast,pair_b8f90d87cc54a439ded59026,6,1,A3,1,43,distance_150_minus_50,0.0,1,condition_block_accuracy
paired_block_seed_contrast,pair_b8f90d87cc54a439ded59026,6,1,A3,1,43,angle_by_distance_interaction,0.0,1,condition_block_accuracy
paired_block_seed_contrast,pair_b8f90d87cc54a439ded59026,6,1,A3,1,44,angle_45_minus_0,-0.5,1,condition_block_accuracy
paired_block_seed_contrast,pair_b8f90d87cc54a439ded59026,6,1,A3,1,44,distance_150_minus_50,-0.5,1,condition_block_accuracy
paired_block_seed_contrast,pair_b8f90d87cc54a439ded59026,6,1,A3,1,44,angle_by_distance_interaction,1.0,1,condition_block_accuracy
paired_block_seed_contrast,pair_b8f90d87cc54a439ded59026,6,1,A3,1,45,angle_45_minus_0,-0.5,1,condition_block_accuracy
paired_block_seed_contrast,pair_b8f90d87cc54a439ded59026,6,1,A3,1,45,distance_150_minus_50,-0.5,1,condition_block_accuracy
paired_block_seed_contrast,pair_b8f90d87cc54a439ded59026,6,1,A3,1,45,angle_by_distance_interaction,1.0,1,condition_block_accuracy
paired_block_seed_contrast,pair_b8f90d87cc54a439ded59026,6,1,A3,1,46,angle_45_minus_0,-0.5,1,condition_block_accuracy
paired_block_seed_contrast,pair_b8f90d87cc54a439ded59026,6,1,A3,1,46,distance_150_minus_50,-0.5,1,condition_block_accuracy
paired_block_seed_contrast,pair_b8f90d87cc54a439ded59026,6,1,A3,1,46,angle_by_distance_interaction,1.0,1,condition_block_accuracy
paired_block_seed_contrast,pair_1bed42af3000f233382a5c7b,6,2,A1,3,42,angle_45_minus_0,0.0,1,condition_block_accuracy
paired_block_seed_contrast,pair_1bed42af3000f233382a5c7b,6,2,A1,3,42,distance_150_minus_50,0.0,1,condition_block_accuracy
paired_block_seed_contrast,pair_1bed42af3000f233382a5c7b,6,2,A1,3,42,angle_by_distance_interaction,2.0,1,condition_block_accuracy
paired_block_seed_contrast,pair_1bed42af3000f233382a5c7b,6,2,A1,3,43,angle_45_minus_0,-1.0,1,condition_block_accuracy
paired_block_seed_contrast,pair_1bed42af3000f233382a5c7b,6,2,A1,3,43,distance_150_minus_50,0.0,1,condition_block_accuracy
paired_block_seed_contrast,pair_1bed42af3000f233382a5c7b,6,2,A1,3,43,angle_by_distance_interaction,0.0,1,condition_block_accuracy
paired_block_seed_contrast,pair_1bed42af3000f233382a5c7b,6,2,A1,3,44,angle_45_minus_0,0.0,1,condition_block_accuracy
paired_block_seed_contrast,pair_1bed42af3000f233382a5c7b,6,2,A1,3,44,distance_150_minus_50,0.0,1,condition_block_accuracy
paired_block_seed_contrast,pair_1bed42af3000f233382a5c7b,6,2,A1,3,44,angle_by_distance_interaction,0.0,1,condition_block_accuracy
paired_block_seed_contrast,pair_1bed42af3000f233382a5c7b,6,2,A1,3,45,angle_45_minus_0,-1.0,1,condition_block_accuracy
paired_block_seed_contrast,pair_1bed42af3000f233382a5c7b,6,2,A1,3,45,distance_150_minus_50,0.0,1,condition_block_accuracy
paired_block_seed_contrast,pair_1bed42af3000f233382a5c7b,6,2,A1,3,45,angle_by_distance_interaction,0.0,1,condition_block_accuracy
paired_block_seed_contrast,pair_1bed42af3000f233382a5c7b,6,2,A1,3,46,angle_45_minus_0,-0.5,1,condition_block_accuracy
paired_block_seed_contrast,pair_1bed42af3000f233382a5c7b,6,2,A1,3,46,distance_150_minus_50,-0.5,1,condition_block_accuracy
paired_block_seed_contrast,pair_1bed42af3000f233382a5c7b,6,2,A1,3,46,angle_by_distance_interaction,1.0,1,condition_block_accuracy
paired_block_seed_contrast,pair_6d15d0b32d43280acc1e8a6d,6,2,A2,1,42,angle_45_minus_0,-0.5,1,condition_block_accuracy
paired_block_seed_contrast,pair_6d15d0b32d43280acc1e8a6d,6,2,A2,1,42,distance_150_minus_50,0.5,1,condition_block_accuracy
paired_block_seed_contrast,pair_6d15d0b32d43280acc1e8a6d,6,2,A2,1,42,angle_by_distance_interaction,-1.0,1,condition_block_accuracy
paired_block_seed_contrast,pair_6d15d0b32d43280acc1e8a6d,6,2,A2,1,43,angle_45_minus_0,0.0,1,condition_block_accuracy
paired_block_seed_contrast,pair_6d15d0b32d43280acc1e8a6d,6,2,A2,1,43,distance_150_minus_50,1.0,1,condition_block_accuracy
paired_block_seed_contrast,pair_6d15d0b32d43280acc1e8a6d,6,2,A2,1,43,angle_by_distance_interaction,0.0,1,condition_block_accuracy
paired_block_seed_contrast,pair_6d15d0b32d43280acc1e8a6d,6,2,A2,1,44,angle_45_minus_0,0.0,1,condition_block_accuracy
paired_block_seed_contrast,pair_6d15d0b32d43280acc1e8a6d,6,2,A2,1,44,distance_150_minus_50,0.0,1,condition_block_accuracy
paired_block_seed_contrast,pair_6d15d0b32d43280acc1e8a6d,6,2,A2,1,44,angle_by_distance_interaction,0.0,1,condition_block_accuracy
paired_block_seed_contrast,pair_6d15d0b32d43280acc1e8a6d,6,2,A2,1,45,angle_45_minus_0,0.0,1,condition_block_accuracy
paired_block_seed_contrast,pair_6d15d0b32d43280acc1e8a6d,6,2,A2,1,45,distance_150_minus_50,0.0,1,condition_block_accuracy
paired_block_seed_contrast,pair_6d15d0b32d43280acc1e8a6d,6,2,A2,1,45,angle_by_distance_interaction,0.0,1,condition_block_accuracy
paired_block_seed_contrast,pair_6d15d0b32d43280acc1e8a6d,6,2,A2,1,46,angle_45_minus_0,-0.5,1,condition_block_accuracy
paired_block_seed_contrast,pair_6d15d0b32d43280acc1e8a6d,6,2,A2,1,46,distance_150_minus_50,0.5,1,condition_block_accuracy
paired_block_seed_contrast,pair_6d15d0b32d43280acc1e8a6d,6,2,A2,1,46,angle_by_distance_interaction,-1.0,1,condition_block_accuracy
paired_block_seed_contrast,pair_42c1058368bca566a09472ce,6,2,A3,2,42,angle_45_minus_0,0.0,1,condition_block_accuracy
paired_block_seed_contrast,pair_42c1058368bca566a09472ce,6,2,A3,2,42,distance_150_minus_50,0.0,1,condition_block_accuracy
paired_block_seed_contrast,pair_42c1058368bca566a09472ce,6,2,A3,2,42,angle_by_distance_interaction,0.0,1,condition_block_accuracy
paired_block_seed_contrast,pair_42c1058368bca566a09472ce,6,2,A3,2,43,angle_45_minus_0,0.0,1,condition_block_accuracy
paired_block_seed_contrast,pair_42c1058368bca566a09472ce,6,2,A3,2,43,distance_150_minus_50,0.0,1,condition_block_accuracy
paired_block_seed_contrast,pair_42c1058368bca566a09472ce,6,2,A3,2,43,angle_by_distance_interaction,0.0,1,condition_block_accuracy
paired_block_seed_contrast,pair_42c1058368bca566a09472ce,6,2,A3,2,44,angle_45_minus_0,0.0,1,condition_block_accuracy
paired_block_seed_contrast,pair_42c1058368bca566a09472ce,6,2,A3,2,44,distance_150_minus_50,0.0,1,condition_block_accuracy
paired_block_seed_contrast,pair_42c1058368bca566a09472ce,6,2,A3,2,44,angle_by_distance_interaction,0.0,1,condition_block_accuracy
paired_block_seed_contrast,pair_42c1058368bca566a09472ce,6,2,A3,2,45,angle_45_minus_0,0.0,1,condition_block_accuracy
paired_block_seed_contrast,pair_42c1058368bca566a09472ce,6,2,A3,2,45,distance_150_minus_50,0.0,1,condition_block_accuracy
paired_block_seed_contrast,pair_42c1058368bca566a09472ce,6,2,A3,2,45,angle_by_distance_interaction,0.0,1,condition_block_accuracy
paired_block_seed_contrast,pair_42c1058368bca566a09472ce,6,2,A3,2,46,angle_45_minus_0,0.0,1,condition_block_accuracy
paired_block_seed_contrast,pair_42c1058368bca566a09472ce,6,2,A3,2,46,distance_150_minus_50,0.0,1,condition_block_accuracy
paired_block_seed_contrast,pair_42c1058368bca566a09472ce,6,2,A3,2,46,angle_by_distance_interaction,0.0,1,condition_block_accuracy
paired_block_seed_contrast,pair_d04dcd3928a58743e6e6006b,7,0,A1,1,42,angle_45_minus_0,-0.5,1,condition_block_accuracy
paired_block_seed_contrast,pair_d04dcd3928a58743e6e6006b,7,0,A1,1,42,distance_150_minus_50,-0.5,1,condition_block_accuracy
paired_block_seed_contrast,pair_d04dcd3928a58743e6e6006b,7,0,A1,1,42,angle_by_distance_interaction,1.0,1,condition_block_accuracy
paired_block_seed_contrast,pair_d04dcd3928a58743e6e6006b,7,0,A1,1,43,angle_45_minus_0,0.0,1,condition_block_accuracy
paired_block_seed_contrast,pair_d04dcd3928a58743e6e6006b,7,0,A1,1,43,distance_150_minus_50,0.0,1,condition_block_accuracy
paired_block_seed_contrast,pair_d04dcd3928a58743e6e6006b,7,0,A1,1,43,angle_by_distance_interaction,0.0,1,condition_block_accuracy
paired_block_seed_contrast,pair_d04dcd3928a58743e6e6006b,7,0,A1,1,44,angle_45_minus_0,-0.5,1,condition_block_accuracy
paired_block_seed_contrast,pair_d04dcd3928a58743e6e6006b,7,0,A1,1,44,distance_150_minus_50,-0.5,1,condition_block_accuracy
paired_block_seed_contrast,pair_d04dcd3928a58743e6e6006b,7,0,A1,1,44,angle_by_distance_interaction,1.0,1,condition_block_accuracy
paired_block_seed_contrast,pair_d04dcd3928a58743e6e6006b,7,0,A1,1,45,angle_45_minus_0,0.0,1,condition_block_accuracy
paired_block_seed_contrast,pair_d04dcd3928a58743e6e6006b,7,0,A1,1,45,distance_150_minus_50,0.0,1,condition_block_accuracy
paired_block_seed_contrast,pair_d04dcd3928a58743e6e6006b,7,0,A1,1,45,angle_by_distance_interaction,2.0,1,condition_block_accuracy
paired_block_seed_contrast,pair_d04dcd3928a58743e6e6006b,7,0,A1,1,46,angle_45_minus_0,-0.5,1,condition_block_accuracy
paired_block_seed_contrast,pair_d04dcd3928a58743e6e6006b,7,0,A1,1,46,distance_150_minus_50,-0.5,1,condition_block_accuracy
paired_block_seed_contrast,pair_d04dcd3928a58743e6e6006b,7,0,A1,1,46,angle_by_distance_interaction,1.0,1,condition_block_accuracy
paired_block_seed_contrast,pair_cec49f997f1cc2a0670bb3f7,7,0,A2,2,42,angle_45_minus_0,0.0,1,condition_block_accuracy
paired_block_seed_contrast,pair_cec49f997f1cc2a0670bb3f7,7,0,A2,2,42,distance_150_minus_50,0.0,1,condition_block_accuracy
paired_block_seed_contrast,pair_cec49f997f1cc2a0670bb3f7,7,0,A2,2,42,angle_by_distance_interaction,0.0,1,condition_block_accuracy
paired_block_seed_contrast,pair_cec49f997f1cc2a0670bb3f7,7,0,A2,2,43,angle_45_minus_0,0.5,1,condition_block_accuracy
paired_block_seed_contrast,pair_cec49f997f1cc2a0670bb3f7,7,0,A2,2,43,distance_150_minus_50,-0.5,1,condition_block_accuracy
paired_block_seed_contrast,pair_cec49f997f1cc2a0670bb3f7,7,0,A2,2,43,angle_by_distance_interaction,-1.0,1,condition_block_accuracy
paired_block_seed_contrast,pair_cec49f997f1cc2a0670bb3f7,7,0,A2,2,44,angle_45_minus_0,0.0,1,condition_block_accuracy
paired_block_seed_contrast,pair_cec49f997f1cc2a0670bb3f7,7,0,A2,2,44,distance_150_minus_50,0.0,1,condition_block_accuracy
paired_block_seed_contrast,pair_cec49f997f1cc2a0670bb3f7,7,0,A2,2,44,angle_by_distance_interaction,0.0,1,condition_block_accuracy
paired_block_seed_contrast,pair_cec49f997f1cc2a0670bb3f7,7,0,A2,2,45,angle_45_minus_0,0.0,1,condition_block_accuracy
paired_block_seed_contrast,pair_cec49f997f1cc2a0670bb3f7,7,0,A2,2,45,distance_150_minus_50,0.0,1,condition_block_accuracy
paired_block_seed_contrast,pair_cec49f997f1cc2a0670bb3f7,7,0,A2,2,45,angle_by_distance_interaction,0.0,1,condition_block_accuracy
paired_block_seed_contrast,pair_cec49f997f1cc2a0670bb3f7,7,0,A2,2,46,angle_45_minus_0,0.0,1,condition_block_accuracy
paired_block_seed_contrast,pair_cec49f997f1cc2a0670bb3f7,7,0,A2,2,46,distance_150_minus_50,0.0,1,condition_block_accuracy
paired_block_seed_contrast,pair_cec49f997f1cc2a0670bb3f7,7,0,A2,2,46,angle_by_distance_interaction,0.0,1,condition_block_accuracy
paired_block_seed_contrast,pair_8fb655e536f09ad440a87f32,7,0,A3,3,42,angle_45_minus_0,-0.5,1,condition_block_accuracy
paired_block_seed_contrast,pair_8fb655e536f09ad440a87f32,7,0,A3,3,42,distance_150_minus_50,-0.5,1,condition_block_accuracy
paired_block_seed_contrast,pair_8fb655e536f09ad440a87f32,7,0,A3,3,42,angle_by_distance_interaction,1.0,1,condition_block_accuracy
paired_block_seed_contrast,pair_8fb655e536f09ad440a87f32,7,0,A3,3,43,angle_45_minus_0,-0.5,1,condition_block_accuracy
paired_block_seed_contrast,pair_8fb655e536f09ad440a87f32,7,0,A3,3,43,distance_150_minus_50,0.5,1,condition_block_accuracy
paired_block_seed_contrast,pair_8fb655e536f09ad440a87f32,7,0,A3,3,43,angle_by_distance_interaction,1.0,1,condition_block_accuracy
paired_block_seed_contrast,pair_8fb655e536f09ad440a87f32,7,0,A3,3,44,angle_45_minus_0,-0.5,1,condition_block_accuracy
paired_block_seed_contrast,pair_8fb655e536f09ad440a87f32,7,0,A3,3,44,distance_150_minus_50,0.5,1,condition_block_accuracy
paired_block_seed_contrast,pair_8fb655e536f09ad440a87f32,7,0,A3,3,44,angle_by_distance_interaction,1.0,1,condition_block_accuracy
paired_block_seed_contrast,pair_8fb655e536f09ad440a87f32,7,0,A3,3,45,angle_45_minus_0,-0.5,1,condition_block_accuracy
paired_block_seed_contrast,pair_8fb655e536f09ad440a87f32,7,0,A3,3,45,distance_150_minus_50,-0.5,1,condition_block_accuracy
paired_block_seed_contrast,pair_8fb655e536f09ad440a87f32,7,0,A3,3,45,angle_by_distance_interaction,1.0,1,condition_block_accuracy
paired_block_seed_contrast,pair_8fb655e536f09ad440a87f32,7,0,A3,3,46,angle_45_minus_0,-0.5,1,condition_block_accuracy
paired_block_seed_contrast,pair_8fb655e536f09ad440a87f32,7,0,A3,3,46,distance_150_minus_50,-0.5,1,condition_block_accuracy
paired_block_seed_contrast,pair_8fb655e536f09ad440a87f32,7,0,A3,3,46,angle_by_distance_interaction,1.0,1,condition_block_accuracy
paired_block_seed_contrast,pair_a4315b7fd33b27273553b98c,7,1,A1,2,42,angle_45_minus_0,0.0,1,condition_block_accuracy
paired_block_seed_contrast,pair_a4315b7fd33b27273553b98c,7,1,A1,2,42,distance_150_minus_50,0.0,1,condition_block_accuracy
paired_block_seed_contrast,pair_a4315b7fd33b27273553b98c,7,1,A1,2,42,angle_by_distance_interaction,0.0,1,condition_block_accuracy
paired_block_seed_contrast,pair_a4315b7fd33b27273553b98c,7,1,A1,2,43,angle_45_minus_0,0.0,1,condition_block_accuracy
paired_block_seed_contrast,pair_a4315b7fd33b27273553b98c,7,1,A1,2,43,distance_150_minus_50,-1.0,1,condition_block_accuracy
paired_block_seed_contrast,pair_a4315b7fd33b27273553b98c,7,1,A1,2,43,angle_by_distance_interaction,0.0,1,condition_block_accuracy
paired_block_seed_contrast,pair_a4315b7fd33b27273553b98c,7,1,A1,2,44,angle_45_minus_0,-0.5,1,condition_block_accuracy
paired_block_seed_contrast,pair_a4315b7fd33b27273553b98c,7,1,A1,2,44,distance_150_minus_50,-0.5,1,condition_block_accuracy
paired_block_seed_contrast,pair_a4315b7fd33b27273553b98c,7,1,A1,2,44,angle_by_distance_interaction,1.0,1,condition_block_accuracy
paired_block_seed_contrast,pair_a4315b7fd33b27273553b98c,7,1,A1,2,45,angle_45_minus_0,-0.5,1,condition_block_accuracy
paired_block_seed_contrast,pair_a4315b7fd33b27273553b98c,7,1,A1,2,45,distance_150_minus_50,-0.5,1,condition_block_accuracy
paired_block_seed_contrast,pair_a4315b7fd33b27273553b98c,7,1,A1,2,45,angle_by_distance_interaction,1.0,1,condition_block_accuracy
paired_block_seed_contrast,pair_a4315b7fd33b27273553b98c,7,1,A1,2,46,angle_45_minus_0,0.0,1,condition_block_accuracy
paired_block_seed_contrast,pair_a4315b7fd33b27273553b98c,7,1,A1,2,46,distance_150_minus_50,0.0,1,condition_block_accuracy
paired_block_seed_contrast,pair_a4315b7fd33b27273553b98c,7,1,A1,2,46,angle_by_distance_interaction,0.0,1,condition_block_accuracy
paired_block_seed_contrast,pair_83f2b0a41832f7cc2beadddb,7,1,A2,3,42,angle_45_minus_0,-0.5,1,condition_block_accuracy
paired_block_seed_contrast,pair_83f2b0a41832f7cc2beadddb,7,1,A2,3,42,distance_150_minus_50,-0.5,1,condition_block_accuracy
paired_block_seed_contrast,pair_83f2b0a41832f7cc2beadddb,7,1,A2,3,42,angle_by_distance_interaction,1.0,1,condition_block_accuracy
paired_block_seed_contrast,pair_83f2b0a41832f7cc2beadddb,7,1,A2,3,43,angle_45_minus_0,-0.5,1,condition_block_accuracy
paired_block_seed_contrast,pair_83f2b0a41832f7cc2beadddb,7,1,A2,3,43,distance_150_minus_50,0.5,1,condition_block_accuracy
paired_block_seed_contrast,pair_83f2b0a41832f7cc2beadddb,7,1,A2,3,43,angle_by_distance_interaction,-1.0,1,condition_block_accuracy
paired_block_seed_contrast,pair_83f2b0a41832f7cc2beadddb,7,1,A2,3,44,angle_45_minus_0,0.5,1,condition_block_accuracy
paired_block_seed_contrast,pair_83f2b0a41832f7cc2beadddb,7,1,A2,3,44,distance_150_minus_50,0.5,1,condition_block_accuracy
paired_block_seed_contrast,pair_83f2b0a41832f7cc2beadddb,7,1,A2,3,44,angle_by_distance_interaction,1.0,1,condition_block_accuracy
paired_block_seed_contrast,pair_83f2b0a41832f7cc2beadddb,7,1,A2,3,45,angle_45_minus_0,0.5,1,condition_block_accuracy
paired_block_seed_contrast,pair_83f2b0a41832f7cc2beadddb,7,1,A2,3,45,distance_150_minus_50,-0.5,1,condition_block_accuracy
paired_block_seed_contrast,pair_83f2b0a41832f7cc2beadddb,7,1,A2,3,45,angle_by_distance_interaction,-1.0,1,condition_block_accuracy
paired_block_seed_contrast,pair_83f2b0a41832f7cc2beadddb,7,1,A2,3,46,angle_45_minus_0,1.0,1,condition_block_accuracy
paired_block_seed_contrast,pair_83f2b0a41832f7cc2beadddb,7,1,A2,3,46,distance_150_minus_50,0.0,1,condition_block_accuracy
paired_block_seed_contrast,pair_83f2b0a41832f7cc2beadddb,7,1,A2,3,46,angle_by_distance_interaction,0.0,1,condition_block_accuracy
paired_block_seed_contrast,pair_6fa8f810b8c8d919bc0c6912,7,1,A3,1,42,angle_45_minus_0,0.0,1,condition_block_accuracy
paired_block_seed_contrast,pair_6fa8f810b8c8d919bc0c6912,7,1,A3,1,42,distance_150_minus_50,0.0,1,condition_block_accuracy
paired_block_seed_contrast,pair_6fa8f810b8c8d919bc0c6912,7,1,A3,1,42,angle_by_distance_interaction,0.0,1,condition_block_accuracy
paired_block_seed_contrast,pair_6fa8f810b8c8d919bc0c6912,7,1,A3,1,43,angle_45_minus_0,0.0,1,condition_block_accuracy
paired_block_seed_contrast,pair_6fa8f810b8c8d919bc0c6912,7,1,A3,1,43,distance_150_minus_50,0.0,1,condition_block_accuracy
paired_block_seed_contrast,pair_6fa8f810b8c8d919bc0c6912,7,1,A3,1,43,angle_by_distance_interaction,0.0,1,condition_block_accuracy
paired_block_seed_contrast,pair_6fa8f810b8c8d919bc0c6912,7,1,A3,1,44,angle_45_minus_0,-0.5,1,condition_block_accuracy
paired_block_seed_contrast,pair_6fa8f810b8c8d919bc0c6912,7,1,A3,1,44,distance_150_minus_50,0.5,1,condition_block_accuracy
paired_block_seed_contrast,pair_6fa8f810b8c8d919bc0c6912,7,1,A3,1,44,angle_by_distance_interaction,-1.0,1,condition_block_accuracy
paired_block_seed_contrast,pair_6fa8f810b8c8d919bc0c6912,7,1,A3,1,45,angle_45_minus_0,0.0,1,condition_block_accuracy
paired_block_seed_contrast,pair_6fa8f810b8c8d919bc0c6912,7,1,A3,1,45,distance_150_minus_50,0.0,1,condition_block_accuracy
paired_block_seed_contrast,pair_6fa8f810b8c8d919bc0c6912,7,1,A3,1,45,angle_by_distance_interaction,0.0,1,condition_block_accuracy
paired_block_seed_contrast,pair_6fa8f810b8c8d919bc0c6912,7,1,A3,1,46,angle_45_minus_0,1.0,1,condition_block_accuracy
paired_block_seed_contrast,pair_6fa8f810b8c8d919bc0c6912,7,1,A3,1,46,distance_150_minus_50,0.0,1,condition_block_accuracy
paired_block_seed_contrast,pair_6fa8f810b8c8d919bc0c6912,7,1,A3,1,46,angle_by_distance_interaction,0.0,1,condition_block_accuracy
paired_block_seed_contrast,pair_698cedf5ae14bb1ac684329a,7,2,A1,3,42,angle_45_minus_0,-0.5,1,condition_block_accuracy
paired_block_seed_contrast,pair_698cedf5ae14bb1ac684329a,7,2,A1,3,42,distance_150_minus_50,-0.5,1,condition_block_accuracy
paired_block_seed_contrast,pair_698cedf5ae14bb1ac684329a,7,2,A1,3,42,angle_by_distance_interaction,1.0,1,condition_block_accuracy
paired_block_seed_contrast,pair_698cedf5ae14bb1ac684329a,7,2,A1,3,43,angle_45_minus_0,0.0,1,condition_block_accuracy
paired_block_seed_contrast,pair_698cedf5ae14bb1ac684329a,7,2,A1,3,43,distance_150_minus_50,0.0,1,condition_block_accuracy
paired_block_seed_contrast,pair_698cedf5ae14bb1ac684329a,7,2,A1,3,43,angle_by_distance_interaction,2.0,1,condition_block_accuracy
paired_block_seed_contrast,pair_698cedf5ae14bb1ac684329a,7,2,A1,3,44,angle_45_minus_0,0.5,1,condition_block_accuracy
paired_block_seed_contrast,pair_698cedf5ae14bb1ac684329a,7,2,A1,3,44,distance_150_minus_50,0.5,1,condition_block_accuracy
paired_block_seed_contrast,pair_698cedf5ae14bb1ac684329a,7,2,A1,3,44,angle_by_distance_interaction,1.0,1,condition_block_accuracy
paired_block_seed_contrast,pair_698cedf5ae14bb1ac684329a,7,2,A1,3,45,angle_45_minus_0,0.0,1,condition_block_accuracy
paired_block_seed_contrast,pair_698cedf5ae14bb1ac684329a,7,2,A1,3,45,distance_150_minus_50,-1.0,1,condition_block_accuracy
paired_block_seed_contrast,pair_698cedf5ae14bb1ac684329a,7,2,A1,3,45,angle_by_distance_interaction,0.0,1,condition_block_accuracy
paired_block_seed_contrast,pair_698cedf5ae14bb1ac684329a,7,2,A1,3,46,angle_45_minus_0,0.0,1,condition_block_accuracy
paired_block_seed_contrast,pair_698cedf5ae14bb1ac684329a,7,2,A1,3,46,distance_150_minus_50,-1.0,1,condition_block_accuracy
paired_block_seed_contrast,pair_698cedf5ae14bb1ac684329a,7,2,A1,3,46,angle_by_distance_interaction,0.0,1,condition_block_accuracy
paired_block_seed_contrast,pair_d52cbfba64fa589867ff1a98,7,2,A2,1,42,angle_45_minus_0,-0.5,1,condition_block_accuracy
paired_block_seed_contrast,pair_d52cbfba64fa589867ff1a98,7,2,A2,1,42,distance_150_minus_50,-0.5,1,condition_block_accuracy
paired_block_seed_contrast,pair_d52cbfba64fa589867ff1a98,7,2,A2,1,42,angle_by_distance_interaction,1.0,1,condition_block_accuracy
paired_block_seed_contrast,pair_d52cbfba64fa589867ff1a98,7,2,A2,1,43,angle_45_minus_0,0.0,1,condition_block_accuracy
paired_block_seed_contrast,pair_d52cbfba64fa589867ff1a98,7,2,A2,1,43,distance_150_minus_50,0.0,1,condition_block_accuracy
paired_block_seed_contrast,pair_d52cbfba64fa589867ff1a98,7,2,A2,1,43,angle_by_distance_interaction,0.0,1,condition_block_accuracy
paired_block_seed_contrast,pair_d52cbfba64fa589867ff1a98,7,2,A2,1,44,angle_45_minus_0,-0.5,1,condition_block_accuracy
paired_block_seed_contrast,pair_d52cbfba64fa589867ff1a98,7,2,A2,1,44,distance_150_minus_50,-0.5,1,condition_block_accuracy
paired_block_seed_contrast,pair_d52cbfba64fa589867ff1a98,7,2,A2,1,44,angle_by_distance_interaction,1.0,1,condition_block_accuracy
paired_block_seed_contrast,pair_d52cbfba64fa589867ff1a98,7,2,A2,1,45,angle_45_minus_0,-0.5,1,condition_block_accuracy
paired_block_seed_contrast,pair_d52cbfba64fa589867ff1a98,7,2,A2,1,45,distance_150_minus_50,-0.5,1,condition_block_accuracy
paired_block_seed_contrast,pair_d52cbfba64fa589867ff1a98,7,2,A2,1,45,angle_by_distance_interaction,1.0,1,condition_block_accuracy
paired_block_seed_contrast,pair_d52cbfba64fa589867ff1a98,7,2,A2,1,46,angle_45_minus_0,-0.5,1,condition_block_accuracy
paired_block_seed_contrast,pair_d52cbfba64fa589867ff1a98,7,2,A2,1,46,distance_150_minus_50,-0.5,1,condition_block_accuracy
paired_block_seed_contrast,pair_d52cbfba64fa589867ff1a98,7,2,A2,1,46,angle_by_distance_interaction,1.0,1,condition_block_accuracy
paired_block_seed_contrast,pair_a9cdce19ce89b76af200f9e2,7,2,A3,2,42,angle_45_minus_0,-0.5,1,condition_block_accuracy
paired_block_seed_contrast,pair_a9cdce19ce89b76af200f9e2,7,2,A3,2,42,distance_150_minus_50,-0.5,1,condition_block_accuracy
paired_block_seed_contrast,pair_a9cdce19ce89b76af200f9e2,7,2,A3,2,42,angle_by_distance_interaction,1.0,1,condition_block_accuracy
paired_block_seed_contrast,pair_a9cdce19ce89b76af200f9e2,7,2,A3,2,43,angle_45_minus_0,-0.5,1,condition_block_accuracy
paired_block_seed_contrast,pair_a9cdce19ce89b76af200f9e2,7,2,A3,2,43,distance_150_minus_50,-0.5,1,condition_block_accuracy
paired_block_seed_contrast,pair_a9cdce19ce89b76af200f9e2,7,2,A3,2,43,angle_by_distance_interaction,1.0,1,condition_block_accuracy
paired_block_seed_contrast,pair_a9cdce19ce89b76af200f9e2,7,2,A3,2,44,angle_45_minus_0,-0.5,1,condition_block_accuracy
paired_block_seed_contrast,pair_a9cdce19ce89b76af200f9e2,7,2,A3,2,44,distance_150_minus_50,-0.5,1,condition_block_accuracy
paired_block_seed_contrast,pair_a9cdce19ce89b76af200f9e2,7,2,A3,2,44,angle_by_distance_interaction,1.0,1,condition_block_accuracy
paired_block_seed_contrast,pair_a9cdce19ce89b76af200f9e2,7,2,A3,2,45,angle_45_minus_0,-0.5,1,condition_block_accuracy
paired_block_seed_contrast,pair_a9cdce19ce89b76af200f9e2,7,2,A3,2,45,distance_150_minus_50,-0.5,1,condition_block_accuracy
paired_block_seed_contrast,pair_a9cdce19ce89b76af200f9e2,7,2,A3,2,45,angle_by_distance_interaction,1.0,1,condition_block_accuracy
paired_block_seed_contrast,pair_a9cdce19ce89b76af200f9e2,7,2,A3,2,46,angle_45_minus_0,0.0,1,condition_block_accuracy
paired_block_seed_contrast,pair_a9cdce19ce89b76af200f9e2,7,2,A3,2,46,distance_150_minus_50,0.0,1,condition_block_accuracy
paired_block_seed_contrast,pair_a9cdce19ce89b76af200f9e2,7,2,A3,2,46,angle_by_distance_interaction,0.0,1,condition_block_accuracy
seed_summary,,,,,,42,angle_45_minus_0,-0.10317460317460317,63,condition_block_accuracy
seed_summary,,,,,,42,distance_150_minus_50,-0.007936507936507936,63,condition_block_accuracy
seed_summary,,,,,,42,angle_by_distance_interaction,0.23809523809523808,63,condition_block_accuracy
seed_summary,,,,,,43,angle_45_minus_0,-0.0873015873015873,63,condition_block_accuracy
seed_summary,,,,,,43,distance_150_minus_50,-0.07142857142857142,63,condition_block_accuracy
seed_summary,,,,,,43,angle_by_distance_interaction,0.07936507936507936,63,condition_block_accuracy
seed_summary,,,,,,44,angle_45_minus_0,-0.1349206349206349,63,condition_block_accuracy
seed_summary,,,,,,44,distance_150_minus_50,-0.05555555555555555,63,condition_block_accuracy
seed_summary,,,,,,44,angle_by_distance_interaction,0.07936507936507936,63,condition_block_accuracy
seed_summary,,,,,,45,angle_45_minus_0,-0.0873015873015873,63,condition_block_accuracy
seed_summary,,,,,,45,distance_150_minus_50,-0.0873015873015873,63,condition_block_accuracy
seed_summary,,,,,,45,angle_by_distance_interaction,0.07936507936507936,63,condition_block_accuracy
seed_summary,,,,,,46,angle_45_minus_0,-0.14285714285714285,63,condition_block_accuracy
seed_summary,,,,,,46,distance_150_minus_50,-0.031746031746031744,63,condition_block_accuracy
seed_summary,,,,,,46,angle_by_distance_interaction,0.09523809523809523,63,condition_block_accuracy
overall_primary_estimand,,,,,,all_five,angle_45_minus_0,-0.11111111111111112,63,condition_block_accuracy
overall_primary_estimand,,,,,,all_five,distance_150_minus_50,-0.050793650793650794,63,condition_block_accuracy
overall_primary_estimand,,,,,,all_five,angle_by_distance_interaction,0.1142857142857143,63,condition_block_accuracy
