support_selection_id,strategy,budget,total_labelled_rows,fold,support_seed,class_index,factor_cell,support_row_ordinal,labelled_rows_from_block
run_a93441a1c853cc7a734c,RANDOM_BLOCK,1,7,0,104729,0,E0xS2,36,1
run_a93441a1c853cc7a734c,RANDOM_BLOCK,1,7,0,104729,1,E0xS2,20,1
run_a93441a1c853cc7a734c,RANDOM_BLOCK,1,7,0,104729,2,E0xS2,40,1
run_a93441a1c853cc7a734c,RANDOM_BLOCK,1,7,0,104729,3,E0xS2,40,1
run_a93441a1c853cc7a734c,RANDOM_BLOCK,1,7,0,104729,4,E0xS2,15,1
run_a93441a1c853cc7a734c,RANDOM_BLOCK,1,7,0,104729,5,E0xS2,12,1
run_a93441a1c853cc7a734c,RANDOM_BLOCK,1,7,0,104729,6,E0xS2,44,1
run_7bdfeddaf1ac51f4848e,RANDOM_BLOCK,3,21,0,104729,0,E0xS1,22,1
run_7bdfeddaf1ac51f4848e,RANDOM_BLOCK,3,21,0,104729,0,E1xS2,28,1
run_7bdfeddaf1ac51f4848e,RANDOM_BLOCK,3,21,0,104729,0,E2xS1,3,1
run_7bdfeddaf1ac51f4848e,RANDOM_BLOCK,3,21,0,104729,1,E0xS1,14,1
run_7bdfeddaf1ac51f4848e,RANDOM_BLOCK,3,21,0,104729,1,E1xS2,19,1
run_7bdfeddaf1ac51f4848e,RANDOM_BLOCK,3,21,0,104729,1,E2xS1,19,1
run_7bdfeddaf1ac51f4848e,RANDOM_BLOCK,3,21,0,104729,2,E0xS1,39,1
run_7bdfeddaf1ac51f4848e,RANDOM_BLOCK,3,21,0,104729,2,E1xS2,34,1
run_7bdfeddaf1ac51f4848e,RANDOM_BLOCK,3,21,0,104729,2,E2xS1,3,1
run_7bdfeddaf1ac51f4848e,RANDOM_BLOCK,3,21,0,104729,3,E0xS1,1,1
run_7bdfeddaf1ac51f4848e,RANDOM_BLOCK,3,21,0,104729,3,E1xS2,0,1
run_7bdfeddaf1ac51f4848e,RANDOM_BLOCK,3,21,0,104729,3,E2xS1,27,1
run_7bdfeddaf1ac51f4848e,RANDOM_BLOCK,3,21,0,104729,4,E0xS1,6,1
run_7bdfeddaf1ac51f4848e,RANDOM_BLOCK,3,21,0,104729,4,E1xS2,39,1
run_7bdfeddaf1ac51f4848e,RANDOM_BLOCK,3,21,0,104729,4,E2xS1,41,1
run_7bdfeddaf1ac51f4848e,RANDOM_BLOCK,3,21,0,104729,5,E0xS1,21,1
run_7bdfeddaf1ac51f4848e,RANDOM_BLOCK,3,21,0,104729,5,E1xS2,37,1
run_7bdfeddaf1ac51f4848e,RANDOM_BLOCK,3,21,0,104729,5,E2xS1,35,1
run_7bdfeddaf1ac51f4848e,RANDOM_BLOCK,3,21,0,104729,6,E0xS1,38,1
run_7bdfeddaf1ac51f4848e,RANDOM_BLOCK,3,21,0,104729,6,E1xS2,23,1
run_7bdfeddaf1ac51f4848e,RANDOM_BLOCK,3,21,0,104729,6,E2xS1,37,1
run_1b6363a154035be443e5,ER_BALANCED,3,21,0,104729,0,E0xS1,22,1
run_1b6363a154035be443e5,ER_BALANCED,3,21,0,104729,0,E1xS2,28,1
run_1b6363a154035be443e5,ER_BALANCED,3,21,0,104729,0,E2xS0,24,1
run_1b6363a154035be443e5,ER_BALANCED,3,21,0,104729,1,E0xS1,14,1
run_1b6363a154035be443e5,ER_BALANCED,3,21,0,104729,1,E1xS2,19,1
run_1b6363a154035be443e5,ER_BALANCED,3,21,0,104729,1,E2xS0,17,1
run_1b6363a154035be443e5,ER_BALANCED,3,21,0,104729,2,E0xS1,39,1
run_1b6363a154035be443e5,ER_BALANCED,3,21,0,104729,2,E1xS2,34,1
run_1b6363a154035be443e5,ER_BALANCED,3,21,0,104729,2,E2xS0,19,1
run_1b6363a154035be443e5,ER_BALANCED,3,21,0,104729,3,E0xS1,1,1
run_1b6363a154035be443e5,ER_BALANCED,3,21,0,104729,3,E1xS2,0,1
run_1b6363a154035be443e5,ER_BALANCED,3,21,0,104729,3,E2xS0,20,1
run_1b6363a154035be443e5,ER_BALANCED,3,21,0,104729,4,E0xS1,6,1
run_1b6363a154035be443e5,ER_BALANCED,3,21,0,104729,4,E1xS2,39,1
run_1b6363a154035be443e5,ER_BALANCED,3,21,0,104729,4,E2xS0,44,1
run_1b6363a154035be443e5,ER_BALANCED,3,21,0,104729,5,E0xS1,21,1
run_1b6363a154035be443e5,ER_BALANCED,3,21,0,104729,5,E1xS2,37,1
run_1b6363a154035be443e5,ER_BALANCED,3,21,0,104729,5,E2xS0,31,1
run_1b6363a154035be443e5,ER_BALANCED,3,21,0,104729,6,E0xS1,38,1
run_1b6363a154035be443e5,ER_BALANCED,3,21,0,104729,6,E1xS2,23,1
run_1b6363a154035be443e5,ER_BALANCED,3,21,0,104729,6,E2xS0,30,1
run_e316fdb5b2b1139163e5,SURFACE_BALANCED,3,21,0,104729,0,E1xS0,19,1
run_e316fdb5b2b1139163e5,SURFACE_BALANCED,3,21,0,104729,0,E1xS2,28,1
run_e316fdb5b2b1139163e5,SURFACE_BALANCED,3,21,0,104729,0,E2xS1,3,1
run_e316fdb5b2b1139163e5,SURFACE_BALANCED,3,21,0,104729,1,E1xS0,27,1
run_e316fdb5b2b1139163e5,SURFACE_BALANCED,3,21,0,104729,1,E1xS2,19,1
run_e316fdb5b2b1139163e5,SURFACE_BALANCED,3,21,0,104729,1,E2xS1,19,1
run_e316fdb5b2b1139163e5,SURFACE_BALANCED,3,21,0,104729,2,E1xS0,28,1
run_e316fdb5b2b1139163e5,SURFACE_BALANCED,3,21,0,104729,2,E1xS2,34,1
run_e316fdb5b2b1139163e5,SURFACE_BALANCED,3,21,0,104729,2,E2xS1,3,1
run_e316fdb5b2b1139163e5,SURFACE_BALANCED,3,21,0,104729,3,E1xS0,13,1
run_e316fdb5b2b1139163e5,SURFACE_BALANCED,3,21,0,104729,3,E1xS2,0,1
run_e316fdb5b2b1139163e5,SURFACE_BALANCED,3,21,0,104729,3,E2xS1,27,1
run_e316fdb5b2b1139163e5,SURFACE_BALANCED,3,21,0,104729,4,E1xS0,18,1
run_e316fdb5b2b1139163e5,SURFACE_BALANCED,3,21,0,104729,4,E1xS2,39,1
run_e316fdb5b2b1139163e5,SURFACE_BALANCED,3,21,0,104729,4,E2xS1,41,1
run_e316fdb5b2b1139163e5,SURFACE_BALANCED,3,21,0,104729,5,E1xS0,15,1
run_e316fdb5b2b1139163e5,SURFACE_BALANCED,3,21,0,104729,5,E1xS2,37,1
run_e316fdb5b2b1139163e5,SURFACE_BALANCED,3,21,0,104729,5,E2xS1,35,1
run_e316fdb5b2b1139163e5,SURFACE_BALANCED,3,21,0,104729,6,E1xS0,37,1
run_e316fdb5b2b1139163e5,SURFACE_BALANCED,3,21,0,104729,6,E1xS2,23,1
run_e316fdb5b2b1139163e5,SURFACE_BALANCED,3,21,0,104729,6,E2xS1,37,1
run_3c5c52f75aeefdbda4cc,JOINT_FACTOR_COVERAGE,3,21,0,104729,0,E0xS1,22,1
run_3c5c52f75aeefdbda4cc,JOINT_FACTOR_COVERAGE,3,21,0,104729,0,E1xS2,28,1
run_3c5c52f75aeefdbda4cc,JOINT_FACTOR_COVERAGE,3,21,0,104729,0,E2xS0,24,1
run_3c5c52f75aeefdbda4cc,JOINT_FACTOR_COVERAGE,3,21,0,104729,1,E0xS1,14,1
run_3c5c52f75aeefdbda4cc,JOINT_FACTOR_COVERAGE,3,21,0,104729,1,E1xS2,19,1
run_3c5c52f75aeefdbda4cc,JOINT_FACTOR_COVERAGE,3,21,0,104729,1,E2xS0,17,1
run_3c5c52f75aeefdbda4cc,JOINT_FACTOR_COVERAGE,3,21,0,104729,2,E0xS1,39,1
run_3c5c52f75aeefdbda4cc,JOINT_FACTOR_COVERAGE,3,21,0,104729,2,E1xS2,34,1
run_3c5c52f75aeefdbda4cc,JOINT_FACTOR_COVERAGE,3,21,0,104729,2,E2xS0,19,1
run_3c5c52f75aeefdbda4cc,JOINT_FACTOR_COVERAGE,3,21,0,104729,3,E0xS1,1,1
run_3c5c52f75aeefdbda4cc,JOINT_FACTOR_COVERAGE,3,21,0,104729,3,E1xS2,0,1
run_3c5c52f75aeefdbda4cc,JOINT_FACTOR_COVERAGE,3,21,0,104729,3,E2xS0,20,1
run_3c5c52f75aeefdbda4cc,JOINT_FACTOR_COVERAGE,3,21,0,104729,4,E0xS1,6,1
run_3c5c52f75aeefdbda4cc,JOINT_FACTOR_COVERAGE,3,21,0,104729,4,E1xS2,39,1
run_3c5c52f75aeefdbda4cc,JOINT_FACTOR_COVERAGE,3,21,0,104729,4,E2xS0,44,1
run_3c5c52f75aeefdbda4cc,JOINT_FACTOR_COVERAGE,3,21,0,104729,5,E0xS1,21,1
run_3c5c52f75aeefdbda4cc,JOINT_FACTOR_COVERAGE,3,21,0,104729,5,E1xS2,37,1
run_3c5c52f75aeefdbda4cc,JOINT_FACTOR_COVERAGE,3,21,0,104729,5,E2xS0,31,1
run_3c5c52f75aeefdbda4cc,JOINT_FACTOR_COVERAGE,3,21,0,104729,6,E0xS1,38,1
run_3c5c52f75aeefdbda4cc,JOINT_FACTOR_COVERAGE,3,21,0,104729,6,E1xS2,23,1
run_3c5c52f75aeefdbda4cc,JOINT_FACTOR_COVERAGE,3,21,0,104729,6,E2xS0,30,1
run_509288fc6844b8c760f8,RANDOM_BLOCK,5,35,0,104729,0,E0xS2,36,1
run_509288fc6844b8c760f8,RANDOM_BLOCK,5,35,0,104729,0,E1xS0,19,1
run_509288fc6844b8c760f8,RANDOM_BLOCK,5,35,0,104729,0,E1xS2,28,1
run_509288fc6844b8c760f8,RANDOM_BLOCK,5,35,0,104729,0,E2xS0,24,1
run_509288fc6844b8c760f8,RANDOM_BLOCK,5,35,0,104729,0,E2xS1,3,1
run_509288fc6844b8c760f8,RANDOM_BLOCK,5,35,0,104729,1,E0xS2,20,1
run_509288fc6844b8c760f8,RANDOM_BLOCK,5,35,0,104729,1,E1xS0,27,1
run_509288fc6844b8c760f8,RANDOM_BLOCK,5,35,0,104729,1,E1xS2,19,1
run_509288fc6844b8c760f8,RANDOM_BLOCK,5,35,0,104729,1,E2xS0,17,1
run_509288fc6844b8c760f8,RANDOM_BLOCK,5,35,0,104729,1,E2xS1,19,1
run_509288fc6844b8c760f8,RANDOM_BLOCK,5,35,0,104729,2,E0xS2,40,1
run_509288fc6844b8c760f8,RANDOM_BLOCK,5,35,0,104729,2,E1xS0,28,1
run_509288fc6844b8c760f8,RANDOM_BLOCK,5,35,0,104729,2,E1xS2,34,1
run_509288fc6844b8c760f8,RANDOM_BLOCK,5,35,0,104729,2,E2xS0,19,1
run_509288fc6844b8c760f8,RANDOM_BLOCK,5,35,0,104729,2,E2xS1,3,1
run_509288fc6844b8c760f8,RANDOM_BLOCK,5,35,0,104729,3,E0xS2,40,1
run_509288fc6844b8c760f8,RANDOM_BLOCK,5,35,0,104729,3,E1xS0,13,1
run_509288fc6844b8c760f8,RANDOM_BLOCK,5,35,0,104729,3,E1xS2,0,1
run_509288fc6844b8c760f8,RANDOM_BLOCK,5,35,0,104729,3,E2xS0,20,1
run_509288fc6844b8c760f8,RANDOM_BLOCK,5,35,0,104729,3,E2xS1,27,1
run_509288fc6844b8c760f8,RANDOM_BLOCK,5,35,0,104729,4,E0xS2,15,1
run_509288fc6844b8c760f8,RANDOM_BLOCK,5,35,0,104729,4,E1xS0,18,1
run_509288fc6844b8c760f8,RANDOM_BLOCK,5,35,0,104729,4,E1xS2,39,1
run_509288fc6844b8c760f8,RANDOM_BLOCK,5,35,0,104729,4,E2xS0,44,1
run_509288fc6844b8c760f8,RANDOM_BLOCK,5,35,0,104729,4,E2xS1,41,1
run_509288fc6844b8c760f8,RANDOM_BLOCK,5,35,0,104729,5,E0xS2,12,1
run_509288fc6844b8c760f8,RANDOM_BLOCK,5,35,0,104729,5,E1xS0,15,1
run_509288fc6844b8c760f8,RANDOM_BLOCK,5,35,0,104729,5,E1xS2,37,1
run_509288fc6844b8c760f8,RANDOM_BLOCK,5,35,0,104729,5,E2xS0,31,1
run_509288fc6844b8c760f8,RANDOM_BLOCK,5,35,0,104729,5,E2xS1,35,1
run_509288fc6844b8c760f8,RANDOM_BLOCK,5,35,0,104729,6,E0xS2,44,1
run_509288fc6844b8c760f8,RANDOM_BLOCK,5,35,0,104729,6,E1xS0,37,1
run_509288fc6844b8c760f8,RANDOM_BLOCK,5,35,0,104729,6,E1xS2,23,1
run_509288fc6844b8c760f8,RANDOM_BLOCK,5,35,0,104729,6,E2xS0,30,1
run_509288fc6844b8c760f8,RANDOM_BLOCK,5,35,0,104729,6,E2xS1,37,1
run_42d8fb162890dd0e3e2b,JOINT_FACTOR_COVERAGE,5,35,0,104729,0,E0xS1,22,1
run_42d8fb162890dd0e3e2b,JOINT_FACTOR_COVERAGE,5,35,0,104729,0,E0xS2,36,1
run_42d8fb162890dd0e3e2b,JOINT_FACTOR_COVERAGE,5,35,0,104729,0,E1xS0,19,1
run_42d8fb162890dd0e3e2b,JOINT_FACTOR_COVERAGE,5,35,0,104729,0,E2xS0,24,1
run_42d8fb162890dd0e3e2b,JOINT_FACTOR_COVERAGE,5,35,0,104729,0,E2xS1,3,1
run_42d8fb162890dd0e3e2b,JOINT_FACTOR_COVERAGE,5,35,0,104729,1,E0xS1,14,1
run_42d8fb162890dd0e3e2b,JOINT_FACTOR_COVERAGE,5,35,0,104729,1,E0xS2,20,1
run_42d8fb162890dd0e3e2b,JOINT_FACTOR_COVERAGE,5,35,0,104729,1,E1xS0,27,1
run_42d8fb162890dd0e3e2b,JOINT_FACTOR_COVERAGE,5,35,0,104729,1,E2xS0,17,1
run_42d8fb162890dd0e3e2b,JOINT_FACTOR_COVERAGE,5,35,0,104729,1,E2xS1,19,1
run_42d8fb162890dd0e3e2b,JOINT_FACTOR_COVERAGE,5,35,0,104729,2,E0xS1,39,1
run_42d8fb162890dd0e3e2b,JOINT_FACTOR_COVERAGE,5,35,0,104729,2,E0xS2,40,1
run_42d8fb162890dd0e3e2b,JOINT_FACTOR_COVERAGE,5,35,0,104729,2,E1xS0,28,1
run_42d8fb162890dd0e3e2b,JOINT_FACTOR_COVERAGE,5,35,0,104729,2,E2xS0,19,1
run_42d8fb162890dd0e3e2b,JOINT_FACTOR_COVERAGE,5,35,0,104729,2,E2xS1,3,1
run_42d8fb162890dd0e3e2b,JOINT_FACTOR_COVERAGE,5,35,0,104729,3,E0xS1,1,1
run_42d8fb162890dd0e3e2b,JOINT_FACTOR_COVERAGE,5,35,0,104729,3,E0xS2,40,1
run_42d8fb162890dd0e3e2b,JOINT_FACTOR_COVERAGE,5,35,0,104729,3,E1xS0,13,1
run_42d8fb162890dd0e3e2b,JOINT_FACTOR_COVERAGE,5,35,0,104729,3,E2xS0,20,1
run_42d8fb162890dd0e3e2b,JOINT_FACTOR_COVERAGE,5,35,0,104729,3,E2xS1,27,1
run_42d8fb162890dd0e3e2b,JOINT_FACTOR_COVERAGE,5,35,0,104729,4,E0xS1,6,1
run_42d8fb162890dd0e3e2b,JOINT_FACTOR_COVERAGE,5,35,0,104729,4,E0xS2,15,1
run_42d8fb162890dd0e3e2b,JOINT_FACTOR_COVERAGE,5,35,0,104729,4,E1xS0,18,1
run_42d8fb162890dd0e3e2b,JOINT_FACTOR_COVERAGE,5,35,0,104729,4,E2xS0,44,1
run_42d8fb162890dd0e3e2b,JOINT_FACTOR_COVERAGE,5,35,0,104729,4,E2xS1,41,1
run_42d8fb162890dd0e3e2b,JOINT_FACTOR_COVERAGE,5,35,0,104729,5,E0xS1,21,1
run_42d8fb162890dd0e3e2b,JOINT_FACTOR_COVERAGE,5,35,0,104729,5,E0xS2,12,1
run_42d8fb162890dd0e3e2b,JOINT_FACTOR_COVERAGE,5,35,0,104729,5,E1xS0,15,1
run_42d8fb162890dd0e3e2b,JOINT_FACTOR_COVERAGE,5,35,0,104729,5,E2xS0,31,1
run_42d8fb162890dd0e3e2b,JOINT_FACTOR_COVERAGE,5,35,0,104729,5,E2xS1,35,1
run_42d8fb162890dd0e3e2b,JOINT_FACTOR_COVERAGE,5,35,0,104729,6,E0xS1,38,1
run_42d8fb162890dd0e3e2b,JOINT_FACTOR_COVERAGE,5,35,0,104729,6,E0xS2,44,1
run_42d8fb162890dd0e3e2b,JOINT_FACTOR_COVERAGE,5,35,0,104729,6,E1xS0,37,1
run_42d8fb162890dd0e3e2b,JOINT_FACTOR_COVERAGE,5,35,0,104729,6,E2xS0,30,1
run_42d8fb162890dd0e3e2b,JOINT_FACTOR_COVERAGE,5,35,0,104729,6,E2xS1,37,1
run_4c598bf3d978b1b89580,RANDOM_BLOCK,1,7,0,130363,0,E1xS2,20,1
run_4c598bf3d978b1b89580,RANDOM_BLOCK,1,7,0,130363,1,E1xS2,1,1
run_4c598bf3d978b1b89580,RANDOM_BLOCK,1,7,0,130363,2,E1xS2,18,1
run_4c598bf3d978b1b89580,RANDOM_BLOCK,1,7,0,130363,3,E1xS2,44,1
run_4c598bf3d978b1b89580,RANDOM_BLOCK,1,7,0,130363,4,E1xS2,31,1
run_4c598bf3d978b1b89580,RANDOM_BLOCK,1,7,0,130363,5,E1xS2,39,1
run_4c598bf3d978b1b89580,RANDOM_BLOCK,1,7,0,130363,6,E1xS2,35,1
run_847b6c2e5cdd8ec96ff5,RANDOM_BLOCK,3,21,0,130363,0,E0xS1,23,1
run_847b6c2e5cdd8ec96ff5,RANDOM_BLOCK,3,21,0,130363,0,E0xS2,23,1
run_847b6c2e5cdd8ec96ff5,RANDOM_BLOCK,3,21,0,130363,0,E1xS2,20,1
run_847b6c2e5cdd8ec96ff5,RANDOM_BLOCK,3,21,0,130363,1,E0xS1,6,1
run_847b6c2e5cdd8ec96ff5,RANDOM_BLOCK,3,21,0,130363,1,E0xS2,10,1
run_847b6c2e5cdd8ec96ff5,RANDOM_BLOCK,3,21,0,130363,1,E1xS2,1,1
run_847b6c2e5cdd8ec96ff5,RANDOM_BLOCK,3,21,0,130363,2,E0xS1,38,1
run_847b6c2e5cdd8ec96ff5,RANDOM_BLOCK,3,21,0,130363,2,E0xS2,47,1
run_847b6c2e5cdd8ec96ff5,RANDOM_BLOCK,3,21,0,130363,2,E1xS2,18,1
run_847b6c2e5cdd8ec96ff5,RANDOM_BLOCK,3,21,0,130363,3,E0xS1,47,1
run_847b6c2e5cdd8ec96ff5,RANDOM_BLOCK,3,21,0,130363,3,E0xS2,7,1
run_847b6c2e5cdd8ec96ff5,RANDOM_BLOCK,3,21,0,130363,3,E1xS2,44,1
run_847b6c2e5cdd8ec96ff5,RANDOM_BLOCK,3,21,0,130363,4,E0xS1,30,1
run_847b6c2e5cdd8ec96ff5,RANDOM_BLOCK,3,21,0,130363,4,E0xS2,27,1
run_847b6c2e5cdd8ec96ff5,RANDOM_BLOCK,3,21,0,130363,4,E1xS2,31,1
run_847b6c2e5cdd8ec96ff5,RANDOM_BLOCK,3,21,0,130363,5,E0xS1,10,1
run_847b6c2e5cdd8ec96ff5,RANDOM_BLOCK,3,21,0,130363,5,E0xS2,24,1
run_847b6c2e5cdd8ec96ff5,RANDOM_BLOCK,3,21,0,130363,5,E1xS2,39,1
run_847b6c2e5cdd8ec96ff5,RANDOM_BLOCK,3,21,0,130363,6,E0xS1,0,1
run_847b6c2e5cdd8ec96ff5,RANDOM_BLOCK,3,21,0,130363,6,E0xS2,36,1
run_847b6c2e5cdd8ec96ff5,RANDOM_BLOCK,3,21,0,130363,6,E1xS2,35,1
run_1e586f79d3ef20022e2b,ER_BALANCED,3,21,0,130363,0,E0xS1,23,1
run_1e586f79d3ef20022e2b,ER_BALANCED,3,21,0,130363,0,E1xS2,20,1
run_1e586f79d3ef20022e2b,ER_BALANCED,3,21,0,130363,0,E2xS0,48,1
run_1e586f79d3ef20022e2b,ER_BALANCED,3,21,0,130363,1,E0xS1,6,1
run_1e586f79d3ef20022e2b,ER_BALANCED,3,21,0,130363,1,E1xS2,1,1
run_1e586f79d3ef20022e2b,ER_BALANCED,3,21,0,130363,1,E2xS0,17,1
run_1e586f79d3ef20022e2b,ER_BALANCED,3,21,0,130363,2,E0xS1,38,1
run_1e586f79d3ef20022e2b,ER_BALANCED,3,21,0,130363,2,E1xS2,18,1
run_1e586f79d3ef20022e2b,ER_BALANCED,3,21,0,130363,2,E2xS0,11,1
run_1e586f79d3ef20022e2b,ER_BALANCED,3,21,0,130363,3,E0xS1,47,1
run_1e586f79d3ef20022e2b,ER_BALANCED,3,21,0,130363,3,E1xS2,44,1
run_1e586f79d3ef20022e2b,ER_BALANCED,3,21,0,130363,3,E2xS0,48,1
run_1e586f79d3ef20022e2b,ER_BALANCED,3,21,0,130363,4,E0xS1,30,1
run_1e586f79d3ef20022e2b,ER_BALANCED,3,21,0,130363,4,E1xS2,31,1
run_1e586f79d3ef20022e2b,ER_BALANCED,3,21,0,130363,4,E2xS0,4,1
run_1e586f79d3ef20022e2b,ER_BALANCED,3,21,0,130363,5,E0xS1,10,1
run_1e586f79d3ef20022e2b,ER_BALANCED,3,21,0,130363,5,E1xS2,39,1
run_1e586f79d3ef20022e2b,ER_BALANCED,3,21,0,130363,5,E2xS0,49,1
run_1e586f79d3ef20022e2b,ER_BALANCED,3,21,0,130363,6,E0xS1,0,1
run_1e586f79d3ef20022e2b,ER_BALANCED,3,21,0,130363,6,E1xS2,35,1
run_1e586f79d3ef20022e2b,ER_BALANCED,3,21,0,130363,6,E2xS0,25,1
run_a1334f23c8f6a18f23df,SURFACE_BALANCED,3,21,0,130363,0,E0xS1,23,1
run_a1334f23c8f6a18f23df,SURFACE_BALANCED,3,21,0,130363,0,E0xS2,23,1
run_a1334f23c8f6a18f23df,SURFACE_BALANCED,3,21,0,130363,0,E2xS0,48,1
run_a1334f23c8f6a18f23df,SURFACE_BALANCED,3,21,0,130363,1,E0xS1,6,1
run_a1334f23c8f6a18f23df,SURFACE_BALANCED,3,21,0,130363,1,E0xS2,10,1
run_a1334f23c8f6a18f23df,SURFACE_BALANCED,3,21,0,130363,1,E2xS0,17,1
run_a1334f23c8f6a18f23df,SURFACE_BALANCED,3,21,0,130363,2,E0xS1,38,1
run_a1334f23c8f6a18f23df,SURFACE_BALANCED,3,21,0,130363,2,E0xS2,47,1
run_a1334f23c8f6a18f23df,SURFACE_BALANCED,3,21,0,130363,2,E2xS0,11,1
run_a1334f23c8f6a18f23df,SURFACE_BALANCED,3,21,0,130363,3,E0xS1,47,1
run_a1334f23c8f6a18f23df,SURFACE_BALANCED,3,21,0,130363,3,E0xS2,7,1
run_a1334f23c8f6a18f23df,SURFACE_BALANCED,3,21,0,130363,3,E2xS0,48,1
run_a1334f23c8f6a18f23df,SURFACE_BALANCED,3,21,0,130363,4,E0xS1,30,1
run_a1334f23c8f6a18f23df,SURFACE_BALANCED,3,21,0,130363,4,E0xS2,27,1
run_a1334f23c8f6a18f23df,SURFACE_BALANCED,3,21,0,130363,4,E2xS0,4,1
run_a1334f23c8f6a18f23df,SURFACE_BALANCED,3,21,0,130363,5,E0xS1,10,1
run_a1334f23c8f6a18f23df,SURFACE_BALANCED,3,21,0,130363,5,E0xS2,24,1
run_a1334f23c8f6a18f23df,SURFACE_BALANCED,3,21,0,130363,5,E2xS0,49,1
run_a1334f23c8f6a18f23df,SURFACE_BALANCED,3,21,0,130363,6,E0xS1,0,1
run_a1334f23c8f6a18f23df,SURFACE_BALANCED,3,21,0,130363,6,E0xS2,36,1
run_a1334f23c8f6a18f23df,SURFACE_BALANCED,3,21,0,130363,6,E2xS0,25,1
run_da18b8ad9973f9ff8e83,JOINT_FACTOR_COVERAGE,3,21,0,130363,0,E0xS2,23,1
run_da18b8ad9973f9ff8e83,JOINT_FACTOR_COVERAGE,3,21,0,130363,0,E1xS0,23,1
run_da18b8ad9973f9ff8e83,JOINT_FACTOR_COVERAGE,3,21,0,130363,0,E2xS1,49,1
run_da18b8ad9973f9ff8e83,JOINT_FACTOR_COVERAGE,3,21,0,130363,1,E0xS2,10,1
run_da18b8ad9973f9ff8e83,JOINT_FACTOR_COVERAGE,3,21,0,130363,1,E1xS0,32,1
run_da18b8ad9973f9ff8e83,JOINT_FACTOR_COVERAGE,3,21,0,130363,1,E2xS1,29,1
run_da18b8ad9973f9ff8e83,JOINT_FACTOR_COVERAGE,3,21,0,130363,2,E0xS2,47,1
run_da18b8ad9973f9ff8e83,JOINT_FACTOR_COVERAGE,3,21,0,130363,2,E1xS0,45,1
run_da18b8ad9973f9ff8e83,JOINT_FACTOR_COVERAGE,3,21,0,130363,2,E2xS1,48,1
run_da18b8ad9973f9ff8e83,JOINT_FACTOR_COVERAGE,3,21,0,130363,3,E0xS2,7,1
run_da18b8ad9973f9ff8e83,JOINT_FACTOR_COVERAGE,3,21,0,130363,3,E1xS0,24,1
run_da18b8ad9973f9ff8e83,JOINT_FACTOR_COVERAGE,3,21,0,130363,3,E2xS1,37,1
run_da18b8ad9973f9ff8e83,JOINT_FACTOR_COVERAGE,3,21,0,130363,4,E0xS2,27,1
run_da18b8ad9973f9ff8e83,JOINT_FACTOR_COVERAGE,3,21,0,130363,4,E1xS0,45,1
run_da18b8ad9973f9ff8e83,JOINT_FACTOR_COVERAGE,3,21,0,130363,4,E2xS1,41,1
run_da18b8ad9973f9ff8e83,JOINT_FACTOR_COVERAGE,3,21,0,130363,5,E0xS2,24,1
run_da18b8ad9973f9ff8e83,JOINT_FACTOR_COVERAGE,3,21,0,130363,5,E1xS0,16,1
run_da18b8ad9973f9ff8e83,JOINT_FACTOR_COVERAGE,3,21,0,130363,5,E2xS1,0,1
run_da18b8ad9973f9ff8e83,JOINT_FACTOR_COVERAGE,3,21,0,130363,6,E0xS2,36,1
run_da18b8ad9973f9ff8e83,JOINT_FACTOR_COVERAGE,3,21,0,130363,6,E1xS0,29,1
run_da18b8ad9973f9ff8e83,JOINT_FACTOR_COVERAGE,3,21,0,130363,6,E2xS1,38,1
run_ec786723031912f72ad4,RANDOM_BLOCK,5,35,0,130363,0,E0xS2,23,1
run_ec786723031912f72ad4,RANDOM_BLOCK,5,35,0,130363,0,E1xS0,23,1
run_ec786723031912f72ad4,RANDOM_BLOCK,5,35,0,130363,0,E1xS2,20,1
run_ec786723031912f72ad4,RANDOM_BLOCK,5,35,0,130363,0,E2xS0,48,1
run_ec786723031912f72ad4,RANDOM_BLOCK,5,35,0,130363,0,E2xS1,49,1
run_ec786723031912f72ad4,RANDOM_BLOCK,5,35,0,130363,1,E0xS2,10,1
run_ec786723031912f72ad4,RANDOM_BLOCK,5,35,0,130363,1,E1xS0,32,1
run_ec786723031912f72ad4,RANDOM_BLOCK,5,35,0,130363,1,E1xS2,1,1
run_ec786723031912f72ad4,RANDOM_BLOCK,5,35,0,130363,1,E2xS0,17,1
run_ec786723031912f72ad4,RANDOM_BLOCK,5,35,0,130363,1,E2xS1,29,1
run_ec786723031912f72ad4,RANDOM_BLOCK,5,35,0,130363,2,E0xS2,47,1
run_ec786723031912f72ad4,RANDOM_BLOCK,5,35,0,130363,2,E1xS0,45,1
run_ec786723031912f72ad4,RANDOM_BLOCK,5,35,0,130363,2,E1xS2,18,1
run_ec786723031912f72ad4,RANDOM_BLOCK,5,35,0,130363,2,E2xS0,11,1
run_ec786723031912f72ad4,RANDOM_BLOCK,5,35,0,130363,2,E2xS1,48,1
run_ec786723031912f72ad4,RANDOM_BLOCK,5,35,0,130363,3,E0xS2,7,1
run_ec786723031912f72ad4,RANDOM_BLOCK,5,35,0,130363,3,E1xS0,24,1
run_ec786723031912f72ad4,RANDOM_BLOCK,5,35,0,130363,3,E1xS2,44,1
run_ec786723031912f72ad4,RANDOM_BLOCK,5,35,0,130363,3,E2xS0,48,1
run_ec786723031912f72ad4,RANDOM_BLOCK,5,35,0,130363,3,E2xS1,37,1
run_ec786723031912f72ad4,RANDOM_BLOCK,5,35,0,130363,4,E0xS2,27,1
run_ec786723031912f72ad4,RANDOM_BLOCK,5,35,0,130363,4,E1xS0,45,1
run_ec786723031912f72ad4,RANDOM_BLOCK,5,35,0,130363,4,E1xS2,31,1
run_ec786723031912f72ad4,RANDOM_BLOCK,5,35,0,130363,4,E2xS0,4,1
run_ec786723031912f72ad4,RANDOM_BLOCK,5,35,0,130363,4,E2xS1,41,1
run_ec786723031912f72ad4,RANDOM_BLOCK,5,35,0,130363,5,E0xS2,24,1
run_ec786723031912f72ad4,RANDOM_BLOCK,5,35,0,130363,5,E1xS0,16,1
run_ec786723031912f72ad4,RANDOM_BLOCK,5,35,0,130363,5,E1xS2,39,1
run_ec786723031912f72ad4,RANDOM_BLOCK,5,35,0,130363,5,E2xS0,49,1
run_ec786723031912f72ad4,RANDOM_BLOCK,5,35,0,130363,5,E2xS1,0,1
run_ec786723031912f72ad4,RANDOM_BLOCK,5,35,0,130363,6,E0xS2,36,1
run_ec786723031912f72ad4,RANDOM_BLOCK,5,35,0,130363,6,E1xS0,29,1
run_ec786723031912f72ad4,RANDOM_BLOCK,5,35,0,130363,6,E1xS2,35,1
run_ec786723031912f72ad4,RANDOM_BLOCK,5,35,0,130363,6,E2xS0,25,1
run_ec786723031912f72ad4,RANDOM_BLOCK,5,35,0,130363,6,E2xS1,38,1
run_13bc5a83efa142b8ef9b,JOINT_FACTOR_COVERAGE,5,35,0,130363,0,E0xS1,23,1
run_13bc5a83efa142b8ef9b,JOINT_FACTOR_COVERAGE,5,35,0,130363,0,E0xS2,23,1
run_13bc5a83efa142b8ef9b,JOINT_FACTOR_COVERAGE,5,35,0,130363,0,E1xS0,23,1
run_13bc5a83efa142b8ef9b,JOINT_FACTOR_COVERAGE,5,35,0,130363,0,E1xS2,20,1
run_13bc5a83efa142b8ef9b,JOINT_FACTOR_COVERAGE,5,35,0,130363,0,E2xS0,48,1
run_13bc5a83efa142b8ef9b,JOINT_FACTOR_COVERAGE,5,35,0,130363,1,E0xS1,6,1
run_13bc5a83efa142b8ef9b,JOINT_FACTOR_COVERAGE,5,35,0,130363,1,E0xS2,10,1
run_13bc5a83efa142b8ef9b,JOINT_FACTOR_COVERAGE,5,35,0,130363,1,E1xS0,32,1
run_13bc5a83efa142b8ef9b,JOINT_FACTOR_COVERAGE,5,35,0,130363,1,E1xS2,1,1
run_13bc5a83efa142b8ef9b,JOINT_FACTOR_COVERAGE,5,35,0,130363,1,E2xS0,17,1
run_13bc5a83efa142b8ef9b,JOINT_FACTOR_COVERAGE,5,35,0,130363,2,E0xS1,38,1
run_13bc5a83efa142b8ef9b,JOINT_FACTOR_COVERAGE,5,35,0,130363,2,E0xS2,47,1
run_13bc5a83efa142b8ef9b,JOINT_FACTOR_COVERAGE,5,35,0,130363,2,E1xS0,45,1
run_13bc5a83efa142b8ef9b,JOINT_FACTOR_COVERAGE,5,35,0,130363,2,E1xS2,18,1
run_13bc5a83efa142b8ef9b,JOINT_FACTOR_COVERAGE,5,35,0,130363,2,E2xS0,11,1
run_13bc5a83efa142b8ef9b,JOINT_FACTOR_COVERAGE,5,35,0,130363,3,E0xS1,47,1
run_13bc5a83efa142b8ef9b,JOINT_FACTOR_COVERAGE,5,35,0,130363,3,E0xS2,7,1
run_13bc5a83efa142b8ef9b,JOINT_FACTOR_COVERAGE,5,35,0,130363,3,E1xS0,24,1
run_13bc5a83efa142b8ef9b,JOINT_FACTOR_COVERAGE,5,35,0,130363,3,E1xS2,44,1
run_13bc5a83efa142b8ef9b,JOINT_FACTOR_COVERAGE,5,35,0,130363,3,E2xS0,48,1
run_13bc5a83efa142b8ef9b,JOINT_FACTOR_COVERAGE,5,35,0,130363,4,E0xS1,30,1
run_13bc5a83efa142b8ef9b,JOINT_FACTOR_COVERAGE,5,35,0,130363,4,E0xS2,27,1
run_13bc5a83efa142b8ef9b,JOINT_FACTOR_COVERAGE,5,35,0,130363,4,E1xS0,45,1
run_13bc5a83efa142b8ef9b,JOINT_FACTOR_COVERAGE,5,35,0,130363,4,E1xS2,31,1
run_13bc5a83efa142b8ef9b,JOINT_FACTOR_COVERAGE,5,35,0,130363,4,E2xS0,4,1
run_13bc5a83efa142b8ef9b,JOINT_FACTOR_COVERAGE,5,35,0,130363,5,E0xS1,10,1
run_13bc5a83efa142b8ef9b,JOINT_FACTOR_COVERAGE,5,35,0,130363,5,E0xS2,24,1
run_13bc5a83efa142b8ef9b,JOINT_FACTOR_COVERAGE,5,35,0,130363,5,E1xS0,16,1
run_13bc5a83efa142b8ef9b,JOINT_FACTOR_COVERAGE,5,35,0,130363,5,E1xS2,39,1
run_13bc5a83efa142b8ef9b,JOINT_FACTOR_COVERAGE,5,35,0,130363,5,E2xS0,49,1
run_13bc5a83efa142b8ef9b,JOINT_FACTOR_COVERAGE,5,35,0,130363,6,E0xS1,0,1
run_13bc5a83efa142b8ef9b,JOINT_FACTOR_COVERAGE,5,35,0,130363,6,E0xS2,36,1
run_13bc5a83efa142b8ef9b,JOINT_FACTOR_COVERAGE,5,35,0,130363,6,E1xS0,29,1
run_13bc5a83efa142b8ef9b,JOINT_FACTOR_COVERAGE,5,35,0,130363,6,E1xS2,35,1
run_13bc5a83efa142b8ef9b,JOINT_FACTOR_COVERAGE,5,35,0,130363,6,E2xS0,25,1
run_ba979b1592e3d136275e,RANDOM_BLOCK,1,7,0,155921,0,E0xS2,42,1
run_ba979b1592e3d136275e,RANDOM_BLOCK,1,7,0,155921,1,E0xS2,41,1
run_ba979b1592e3d136275e,RANDOM_BLOCK,1,7,0,155921,2,E0xS2,15,1
run_ba979b1592e3d136275e,RANDOM_BLOCK,1,7,0,155921,3,E0xS2,4,1
run_ba979b1592e3d136275e,RANDOM_BLOCK,1,7,0,155921,4,E0xS2,3,1
run_ba979b1592e3d136275e,RANDOM_BLOCK,1,7,0,155921,5,E0xS2,6,1
run_ba979b1592e3d136275e,RANDOM_BLOCK,1,7,0,155921,6,E0xS2,23,1
run_b4f40eca5f3e48d8eabf,RANDOM_BLOCK,3,21,0,155921,0,E0xS2,42,1
run_b4f40eca5f3e48d8eabf,RANDOM_BLOCK,3,21,0,155921,0,E1xS0,40,1
run_b4f40eca5f3e48d8eabf,RANDOM_BLOCK,3,21,0,155921,0,E2xS0,32,1
run_b4f40eca5f3e48d8eabf,RANDOM_BLOCK,3,21,0,155921,1,E0xS2,41,1
run_b4f40eca5f3e48d8eabf,RANDOM_BLOCK,3,21,0,155921,1,E1xS0,24,1
run_b4f40eca5f3e48d8eabf,RANDOM_BLOCK,3,21,0,155921,1,E2xS0,35,1
run_b4f40eca5f3e48d8eabf,RANDOM_BLOCK,3,21,0,155921,2,E0xS2,15,1
run_b4f40eca5f3e48d8eabf,RANDOM_BLOCK,3,21,0,155921,2,E1xS0,38,1
run_b4f40eca5f3e48d8eabf,RANDOM_BLOCK,3,21,0,155921,2,E2xS0,45,1
run_b4f40eca5f3e48d8eabf,RANDOM_BLOCK,3,21,0,155921,3,E0xS2,4,1
run_b4f40eca5f3e48d8eabf,RANDOM_BLOCK,3,21,0,155921,3,E1xS0,1,1
run_b4f40eca5f3e48d8eabf,RANDOM_BLOCK,3,21,0,155921,3,E2xS0,33,1
run_b4f40eca5f3e48d8eabf,RANDOM_BLOCK,3,21,0,155921,4,E0xS2,3,1
run_b4f40eca5f3e48d8eabf,RANDOM_BLOCK,3,21,0,155921,4,E1xS0,17,1
run_b4f40eca5f3e48d8eabf,RANDOM_BLOCK,3,21,0,155921,4,E2xS0,18,1
run_b4f40eca5f3e48d8eabf,RANDOM_BLOCK,3,21,0,155921,5,E0xS2,6,1
run_b4f40eca5f3e48d8eabf,RANDOM_BLOCK,3,21,0,155921,5,E1xS0,3,1
run_b4f40eca5f3e48d8eabf,RANDOM_BLOCK,3,21,0,155921,5,E2xS0,36,1
run_b4f40eca5f3e48d8eabf,RANDOM_BLOCK,3,21,0,155921,6,E0xS2,23,1
run_b4f40eca5f3e48d8eabf,RANDOM_BLOCK,3,21,0,155921,6,E1xS0,42,1
run_b4f40eca5f3e48d8eabf,RANDOM_BLOCK,3,21,0,155921,6,E2xS0,24,1
run_5cebc3cb9109878ab578,ER_BALANCED,3,21,0,155921,0,E0xS1,49,1
run_5cebc3cb9109878ab578,ER_BALANCED,3,21,0,155921,0,E1xS0,40,1
run_5cebc3cb9109878ab578,ER_BALANCED,3,21,0,155921,0,E2xS1,31,1
run_5cebc3cb9109878ab578,ER_BALANCED,3,21,0,155921,1,E0xS1,28,1
run_5cebc3cb9109878ab578,ER_BALANCED,3,21,0,155921,1,E1xS0,24,1
run_5cebc3cb9109878ab578,ER_BALANCED,3,21,0,155921,1,E2xS1,2,1
run_5cebc3cb9109878ab578,ER_BALANCED,3,21,0,155921,2,E0xS1,23,1
run_5cebc3cb9109878ab578,ER_BALANCED,3,21,0,155921,2,E1xS0,38,1
run_5cebc3cb9109878ab578,ER_BALANCED,3,21,0,155921,2,E2xS1,23,1
run_5cebc3cb9109878ab578,ER_BALANCED,3,21,0,155921,3,E0xS1,11,1
run_5cebc3cb9109878ab578,ER_BALANCED,3,21,0,155921,3,E1xS0,1,1
run_5cebc3cb9109878ab578,ER_BALANCED,3,21,0,155921,3,E2xS1,48,1
run_5cebc3cb9109878ab578,ER_BALANCED,3,21,0,155921,4,E0xS1,37,1
run_5cebc3cb9109878ab578,ER_BALANCED,3,21,0,155921,4,E1xS0,17,1
run_5cebc3cb9109878ab578,ER_BALANCED,3,21,0,155921,4,E2xS1,4,1
run_5cebc3cb9109878ab578,ER_BALANCED,3,21,0,155921,5,E0xS1,49,1
run_5cebc3cb9109878ab578,ER_BALANCED,3,21,0,155921,5,E1xS0,3,1
run_5cebc3cb9109878ab578,ER_BALANCED,3,21,0,155921,5,E2xS1,18,1
run_5cebc3cb9109878ab578,ER_BALANCED,3,21,0,155921,6,E0xS1,10,1
run_5cebc3cb9109878ab578,ER_BALANCED,3,21,0,155921,6,E1xS0,42,1
run_5cebc3cb9109878ab578,ER_BALANCED,3,21,0,155921,6,E2xS1,22,1
run_02d371b170ab4f8b316c,SURFACE_BALANCED,3,21,0,155921,0,E0xS1,49,1
run_02d371b170ab4f8b316c,SURFACE_BALANCED,3,21,0,155921,0,E0xS2,42,1
run_02d371b170ab4f8b316c,SURFACE_BALANCED,3,21,0,155921,0,E2xS0,32,1
run_02d371b170ab4f8b316c,SURFACE_BALANCED,3,21,0,155921,1,E0xS1,28,1
run_02d371b170ab4f8b316c,SURFACE_BALANCED,3,21,0,155921,1,E0xS2,41,1
run_02d371b170ab4f8b316c,SURFACE_BALANCED,3,21,0,155921,1,E2xS0,35,1
run_02d371b170ab4f8b316c,SURFACE_BALANCED,3,21,0,155921,2,E0xS1,23,1
run_02d371b170ab4f8b316c,SURFACE_BALANCED,3,21,0,155921,2,E0xS2,15,1
run_02d371b170ab4f8b316c,SURFACE_BALANCED,3,21,0,155921,2,E2xS0,45,1
run_02d371b170ab4f8b316c,SURFACE_BALANCED,3,21,0,155921,3,E0xS1,11,1
run_02d371b170ab4f8b316c,SURFACE_BALANCED,3,21,0,155921,3,E0xS2,4,1
run_02d371b170ab4f8b316c,SURFACE_BALANCED,3,21,0,155921,3,E2xS0,33,1
run_02d371b170ab4f8b316c,SURFACE_BALANCED,3,21,0,155921,4,E0xS1,37,1
run_02d371b170ab4f8b316c,SURFACE_BALANCED,3,21,0,155921,4,E0xS2,3,1
run_02d371b170ab4f8b316c,SURFACE_BALANCED,3,21,0,155921,4,E2xS0,18,1
run_02d371b170ab4f8b316c,SURFACE_BALANCED,3,21,0,155921,5,E0xS1,49,1
run_02d371b170ab4f8b316c,SURFACE_BALANCED,3,21,0,155921,5,E0xS2,6,1
run_02d371b170ab4f8b316c,SURFACE_BALANCED,3,21,0,155921,5,E2xS0,36,1
run_02d371b170ab4f8b316c,SURFACE_BALANCED,3,21,0,155921,6,E0xS1,10,1
run_02d371b170ab4f8b316c,SURFACE_BALANCED,3,21,0,155921,6,E0xS2,23,1
run_02d371b170ab4f8b316c,SURFACE_BALANCED,3,21,0,155921,6,E2xS0,24,1
run_e112ac3fb706d1a7338e,JOINT_FACTOR_COVERAGE,3,21,0,155921,0,E0xS1,49,1
run_e112ac3fb706d1a7338e,JOINT_FACTOR_COVERAGE,3,21,0,155921,0,E1xS2,24,1
run_e112ac3fb706d1a7338e,JOINT_FACTOR_COVERAGE,3,21,0,155921,0,E2xS0,32,1
run_e112ac3fb706d1a7338e,JOINT_FACTOR_COVERAGE,3,21,0,155921,1,E0xS1,28,1
run_e112ac3fb706d1a7338e,JOINT_FACTOR_COVERAGE,3,21,0,155921,1,E1xS2,39,1
run_e112ac3fb706d1a7338e,JOINT_FACTOR_COVERAGE,3,21,0,155921,1,E2xS0,35,1
run_e112ac3fb706d1a7338e,JOINT_FACTOR_COVERAGE,3,21,0,155921,2,E0xS1,23,1
run_e112ac3fb706d1a7338e,JOINT_FACTOR_COVERAGE,3,21,0,155921,2,E1xS2,24,1
run_e112ac3fb706d1a7338e,JOINT_FACTOR_COVERAGE,3,21,0,155921,2,E2xS0,45,1
run_e112ac3fb706d1a7338e,JOINT_FACTOR_COVERAGE,3,21,0,155921,3,E0xS1,11,1
run_e112ac3fb706d1a7338e,JOINT_FACTOR_COVERAGE,3,21,0,155921,3,E1xS2,49,1
run_e112ac3fb706d1a7338e,JOINT_FACTOR_COVERAGE,3,21,0,155921,3,E2xS0,33,1
run_e112ac3fb706d1a7338e,JOINT_FACTOR_COVERAGE,3,21,0,155921,4,E0xS1,37,1
run_e112ac3fb706d1a7338e,JOINT_FACTOR_COVERAGE,3,21,0,155921,4,E1xS2,19,1
run_e112ac3fb706d1a7338e,JOINT_FACTOR_COVERAGE,3,21,0,155921,4,E2xS0,18,1
run_e112ac3fb706d1a7338e,JOINT_FACTOR_COVERAGE,3,21,0,155921,5,E0xS1,49,1
run_e112ac3fb706d1a7338e,JOINT_FACTOR_COVERAGE,3,21,0,155921,5,E1xS2,28,1
run_e112ac3fb706d1a7338e,JOINT_FACTOR_COVERAGE,3,21,0,155921,5,E2xS0,36,1
run_e112ac3fb706d1a7338e,JOINT_FACTOR_COVERAGE,3,21,0,155921,6,E0xS1,10,1
run_e112ac3fb706d1a7338e,JOINT_FACTOR_COVERAGE,3,21,0,155921,6,E1xS2,47,1
run_e112ac3fb706d1a7338e,JOINT_FACTOR_COVERAGE,3,21,0,155921,6,E2xS0,24,1
run_5fd5d5aa6dc1d787bea1,RANDOM_BLOCK,5,35,0,155921,0,E0xS1,49,1
run_5fd5d5aa6dc1d787bea1,RANDOM_BLOCK,5,35,0,155921,0,E0xS2,42,1
run_5fd5d5aa6dc1d787bea1,RANDOM_BLOCK,5,35,0,155921,0,E1xS0,40,1
run_5fd5d5aa6dc1d787bea1,RANDOM_BLOCK,5,35,0,155921,0,E1xS2,24,1
run_5fd5d5aa6dc1d787bea1,RANDOM_BLOCK,5,35,0,155921,0,E2xS1,31,1
run_5fd5d5aa6dc1d787bea1,RANDOM_BLOCK,5,35,0,155921,1,E0xS1,28,1
run_5fd5d5aa6dc1d787bea1,RANDOM_BLOCK,5,35,0,155921,1,E0xS2,41,1
run_5fd5d5aa6dc1d787bea1,RANDOM_BLOCK,5,35,0,155921,1,E1xS0,24,1
run_5fd5d5aa6dc1d787bea1,RANDOM_BLOCK,5,35,0,155921,1,E1xS2,39,1
run_5fd5d5aa6dc1d787bea1,RANDOM_BLOCK,5,35,0,155921,1,E2xS1,2,1
run_5fd5d5aa6dc1d787bea1,RANDOM_BLOCK,5,35,0,155921,2,E0xS1,23,1
run_5fd5d5aa6dc1d787bea1,RANDOM_BLOCK,5,35,0,155921,2,E0xS2,15,1
run_5fd5d5aa6dc1d787bea1,RANDOM_BLOCK,5,35,0,155921,2,E1xS0,38,1
run_5fd5d5aa6dc1d787bea1,RANDOM_BLOCK,5,35,0,155921,2,E1xS2,24,1
run_5fd5d5aa6dc1d787bea1,RANDOM_BLOCK,5,35,0,155921,2,E2xS1,23,1
run_5fd5d5aa6dc1d787bea1,RANDOM_BLOCK,5,35,0,155921,3,E0xS1,11,1
run_5fd5d5aa6dc1d787bea1,RANDOM_BLOCK,5,35,0,155921,3,E0xS2,4,1
run_5fd5d5aa6dc1d787bea1,RANDOM_BLOCK,5,35,0,155921,3,E1xS0,1,1
run_5fd5d5aa6dc1d787bea1,RANDOM_BLOCK,5,35,0,155921,3,E1xS2,49,1
run_5fd5d5aa6dc1d787bea1,RANDOM_BLOCK,5,35,0,155921,3,E2xS1,48,1
run_5fd5d5aa6dc1d787bea1,RANDOM_BLOCK,5,35,0,155921,4,E0xS1,37,1
run_5fd5d5aa6dc1d787bea1,RANDOM_BLOCK,5,35,0,155921,4,E0xS2,3,1
run_5fd5d5aa6dc1d787bea1,RANDOM_BLOCK,5,35,0,155921,4,E1xS0,17,1
run_5fd5d5aa6dc1d787bea1,RANDOM_BLOCK,5,35,0,155921,4,E1xS2,19,1
run_5fd5d5aa6dc1d787bea1,RANDOM_BLOCK,5,35,0,155921,4,E2xS1,4,1
run_5fd5d5aa6dc1d787bea1,RANDOM_BLOCK,5,35,0,155921,5,E0xS1,49,1
run_5fd5d5aa6dc1d787bea1,RANDOM_BLOCK,5,35,0,155921,5,E0xS2,6,1
run_5fd5d5aa6dc1d787bea1,RANDOM_BLOCK,5,35,0,155921,5,E1xS0,3,1
run_5fd5d5aa6dc1d787bea1,RANDOM_BLOCK,5,35,0,155921,5,E1xS2,28,1
run_5fd5d5aa6dc1d787bea1,RANDOM_BLOCK,5,35,0,155921,5,E2xS1,18,1
run_5fd5d5aa6dc1d787bea1,RANDOM_BLOCK,5,35,0,155921,6,E0xS1,10,1
run_5fd5d5aa6dc1d787bea1,RANDOM_BLOCK,5,35,0,155921,6,E0xS2,23,1
run_5fd5d5aa6dc1d787bea1,RANDOM_BLOCK,5,35,0,155921,6,E1xS0,42,1
run_5fd5d5aa6dc1d787bea1,RANDOM_BLOCK,5,35,0,155921,6,E1xS2,47,1
run_5fd5d5aa6dc1d787bea1,RANDOM_BLOCK,5,35,0,155921,6,E2xS1,22,1
run_67cf236c3b776e77b9b4,JOINT_FACTOR_COVERAGE,5,35,0,155921,0,E0xS2,42,1
run_67cf236c3b776e77b9b4,JOINT_FACTOR_COVERAGE,5,35,0,155921,0,E1xS0,40,1
run_67cf236c3b776e77b9b4,JOINT_FACTOR_COVERAGE,5,35,0,155921,0,E1xS2,24,1
run_67cf236c3b776e77b9b4,JOINT_FACTOR_COVERAGE,5,35,0,155921,0,E2xS0,32,1
run_67cf236c3b776e77b9b4,JOINT_FACTOR_COVERAGE,5,35,0,155921,0,E2xS1,31,1
run_67cf236c3b776e77b9b4,JOINT_FACTOR_COVERAGE,5,35,0,155921,1,E0xS2,41,1
run_67cf236c3b776e77b9b4,JOINT_FACTOR_COVERAGE,5,35,0,155921,1,E1xS0,24,1
run_67cf236c3b776e77b9b4,JOINT_FACTOR_COVERAGE,5,35,0,155921,1,E1xS2,39,1
run_67cf236c3b776e77b9b4,JOINT_FACTOR_COVERAGE,5,35,0,155921,1,E2xS0,35,1
run_67cf236c3b776e77b9b4,JOINT_FACTOR_COVERAGE,5,35,0,155921,1,E2xS1,2,1
run_67cf236c3b776e77b9b4,JOINT_FACTOR_COVERAGE,5,35,0,155921,2,E0xS2,15,1
run_67cf236c3b776e77b9b4,JOINT_FACTOR_COVERAGE,5,35,0,155921,2,E1xS0,38,1
run_67cf236c3b776e77b9b4,JOINT_FACTOR_COVERAGE,5,35,0,155921,2,E1xS2,24,1
run_67cf236c3b776e77b9b4,JOINT_FACTOR_COVERAGE,5,35,0,155921,2,E2xS0,45,1
run_67cf236c3b776e77b9b4,JOINT_FACTOR_COVERAGE,5,35,0,155921,2,E2xS1,23,1
run_67cf236c3b776e77b9b4,JOINT_FACTOR_COVERAGE,5,35,0,155921,3,E0xS2,4,1
run_67cf236c3b776e77b9b4,JOINT_FACTOR_COVERAGE,5,35,0,155921,3,E1xS0,1,1
run_67cf236c3b776e77b9b4,JOINT_FACTOR_COVERAGE,5,35,0,155921,3,E1xS2,49,1
run_67cf236c3b776e77b9b4,JOINT_FACTOR_COVERAGE,5,35,0,155921,3,E2xS0,33,1
run_67cf236c3b776e77b9b4,JOINT_FACTOR_COVERAGE,5,35,0,155921,3,E2xS1,48,1
run_67cf236c3b776e77b9b4,JOINT_FACTOR_COVERAGE,5,35,0,155921,4,E0xS2,3,1
run_67cf236c3b776e77b9b4,JOINT_FACTOR_COVERAGE,5,35,0,155921,4,E1xS0,17,1
run_67cf236c3b776e77b9b4,JOINT_FACTOR_COVERAGE,5,35,0,155921,4,E1xS2,19,1
run_67cf236c3b776e77b9b4,JOINT_FACTOR_COVERAGE,5,35,0,155921,4,E2xS0,18,1
run_67cf236c3b776e77b9b4,JOINT_FACTOR_COVERAGE,5,35,0,155921,4,E2xS1,4,1
run_67cf236c3b776e77b9b4,JOINT_FACTOR_COVERAGE,5,35,0,155921,5,E0xS2,6,1
run_67cf236c3b776e77b9b4,JOINT_FACTOR_COVERAGE,5,35,0,155921,5,E1xS0,3,1
run_67cf236c3b776e77b9b4,JOINT_FACTOR_COVERAGE,5,35,0,155921,5,E1xS2,28,1
run_67cf236c3b776e77b9b4,JOINT_FACTOR_COVERAGE,5,35,0,155921,5,E2xS0,36,1
run_67cf236c3b776e77b9b4,JOINT_FACTOR_COVERAGE,5,35,0,155921,5,E2xS1,18,1
run_67cf236c3b776e77b9b4,JOINT_FACTOR_COVERAGE,5,35,0,155921,6,E0xS2,23,1
run_67cf236c3b776e77b9b4,JOINT_FACTOR_COVERAGE,5,35,0,155921,6,E1xS0,42,1
run_67cf236c3b776e77b9b4,JOINT_FACTOR_COVERAGE,5,35,0,155921,6,E1xS2,47,1
run_67cf236c3b776e77b9b4,JOINT_FACTOR_COVERAGE,5,35,0,155921,6,E2xS0,24,1
run_67cf236c3b776e77b9b4,JOINT_FACTOR_COVERAGE,5,35,0,155921,6,E2xS1,22,1
run_c16f8c5ebfbde3416d69,RANDOM_BLOCK,1,7,0,181081,0,E1xS0,14,1
run_c16f8c5ebfbde3416d69,RANDOM_BLOCK,1,7,0,181081,1,E1xS0,43,1
run_c16f8c5ebfbde3416d69,RANDOM_BLOCK,1,7,0,181081,2,E1xS0,2,1
run_c16f8c5ebfbde3416d69,RANDOM_BLOCK,1,7,0,181081,3,E1xS0,12,1
run_c16f8c5ebfbde3416d69,RANDOM_BLOCK,1,7,0,181081,4,E1xS0,10,1
run_c16f8c5ebfbde3416d69,RANDOM_BLOCK,1,7,0,181081,5,E1xS0,6,1
run_c16f8c5ebfbde3416d69,RANDOM_BLOCK,1,7,0,181081,6,E1xS0,20,1
run_5721c5c6358e8379d7c6,RANDOM_BLOCK,3,21,0,181081,0,E0xS1,46,1
run_5721c5c6358e8379d7c6,RANDOM_BLOCK,3,21,0,181081,0,E1xS0,14,1
run_5721c5c6358e8379d7c6,RANDOM_BLOCK,3,21,0,181081,0,E2xS1,3,1
run_5721c5c6358e8379d7c6,RANDOM_BLOCK,3,21,0,181081,1,E0xS1,24,1
run_5721c5c6358e8379d7c6,RANDOM_BLOCK,3,21,0,181081,1,E1xS0,43,1
run_5721c5c6358e8379d7c6,RANDOM_BLOCK,3,21,0,181081,1,E2xS1,10,1
run_5721c5c6358e8379d7c6,RANDOM_BLOCK,3,21,0,181081,2,E0xS1,34,1
run_5721c5c6358e8379d7c6,RANDOM_BLOCK,3,21,0,181081,2,E1xS0,2,1
run_5721c5c6358e8379d7c6,RANDOM_BLOCK,3,21,0,181081,2,E2xS1,2,1
run_5721c5c6358e8379d7c6,RANDOM_BLOCK,3,21,0,181081,3,E0xS1,41,1
run_5721c5c6358e8379d7c6,RANDOM_BLOCK,3,21,0,181081,3,E1xS0,12,1
run_5721c5c6358e8379d7c6,RANDOM_BLOCK,3,21,0,181081,3,E2xS1,49,1
run_5721c5c6358e8379d7c6,RANDOM_BLOCK,3,21,0,181081,4,E0xS1,23,1
run_5721c5c6358e8379d7c6,RANDOM_BLOCK,3,21,0,181081,4,E1xS0,10,1
run_5721c5c6358e8379d7c6,RANDOM_BLOCK,3,21,0,181081,4,E2xS1,27,1
run_5721c5c6358e8379d7c6,RANDOM_BLOCK,3,21,0,181081,5,E0xS1,40,1
run_5721c5c6358e8379d7c6,RANDOM_BLOCK,3,21,0,181081,5,E1xS0,6,1
run_5721c5c6358e8379d7c6,RANDOM_BLOCK,3,21,0,181081,5,E2xS1,12,1
run_5721c5c6358e8379d7c6,RANDOM_BLOCK,3,21,0,181081,6,E0xS1,29,1
run_5721c5c6358e8379d7c6,RANDOM_BLOCK,3,21,0,181081,6,E1xS0,20,1
run_5721c5c6358e8379d7c6,RANDOM_BLOCK,3,21,0,181081,6,E2xS1,47,1
run_bc79f49cbaa5bcf32c4c,ER_BALANCED,3,21,0,181081,0,E0xS2,29,1
run_bc79f49cbaa5bcf32c4c,ER_BALANCED,3,21,0,181081,0,E1xS0,14,1
run_bc79f49cbaa5bcf32c4c,ER_BALANCED,3,21,0,181081,0,E2xS1,3,1
run_bc79f49cbaa5bcf32c4c,ER_BALANCED,3,21,0,181081,1,E0xS2,2,1
run_bc79f49cbaa5bcf32c4c,ER_BALANCED,3,21,0,181081,1,E1xS0,43,1
run_bc79f49cbaa5bcf32c4c,ER_BALANCED,3,21,0,181081,1,E2xS1,10,1
run_bc79f49cbaa5bcf32c4c,ER_BALANCED,3,21,0,181081,2,E0xS2,11,1
run_bc79f49cbaa5bcf32c4c,ER_BALANCED,3,21,0,181081,2,E1xS0,2,1
run_bc79f49cbaa5bcf32c4c,ER_BALANCED,3,21,0,181081,2,E2xS1,2,1
run_bc79f49cbaa5bcf32c4c,ER_BALANCED,3,21,0,181081,3,E0xS2,21,1
run_bc79f49cbaa5bcf32c4c,ER_BALANCED,3,21,0,181081,3,E1xS0,12,1
run_bc79f49cbaa5bcf32c4c,ER_BALANCED,3,21,0,181081,3,E2xS1,49,1
run_bc79f49cbaa5bcf32c4c,ER_BALANCED,3,21,0,181081,4,E0xS2,38,1
run_bc79f49cbaa5bcf32c4c,ER_BALANCED,3,21,0,181081,4,E1xS0,10,1
run_bc79f49cbaa5bcf32c4c,ER_BALANCED,3,21,0,181081,4,E2xS1,27,1
run_bc79f49cbaa5bcf32c4c,ER_BALANCED,3,21,0,181081,5,E0xS2,42,1
run_bc79f49cbaa5bcf32c4c,ER_BALANCED,3,21,0,181081,5,E1xS0,6,1
run_bc79f49cbaa5bcf32c4c,ER_BALANCED,3,21,0,181081,5,E2xS1,12,1
run_bc79f49cbaa5bcf32c4c,ER_BALANCED,3,21,0,181081,6,E0xS2,9,1
run_bc79f49cbaa5bcf32c4c,ER_BALANCED,3,21,0,181081,6,E1xS0,20,1
run_bc79f49cbaa5bcf32c4c,ER_BALANCED,3,21,0,181081,6,E2xS1,47,1
run_0c410982fde654b7f378,SURFACE_BALANCED,3,21,0,181081,0,E0xS1,46,1
run_0c410982fde654b7f378,SURFACE_BALANCED,3,21,0,181081,0,E1xS0,14,1
run_0c410982fde654b7f378,SURFACE_BALANCED,3,21,0,181081,0,E1xS2,39,1
run_0c410982fde654b7f378,SURFACE_BALANCED,3,21,0,181081,1,E0xS1,24,1
run_0c410982fde654b7f378,SURFACE_BALANCED,3,21,0,181081,1,E1xS0,43,1
run_0c410982fde654b7f378,SURFACE_BALANCED,3,21,0,181081,1,E1xS2,16,1
run_0c410982fde654b7f378,SURFACE_BALANCED,3,21,0,181081,2,E0xS1,34,1
run_0c410982fde654b7f378,SURFACE_BALANCED,3,21,0,181081,2,E1xS0,2,1
run_0c410982fde654b7f378,SURFACE_BALANCED,3,21,0,181081,2,E1xS2,23,1
run_0c410982fde654b7f378,SURFACE_BALANCED,3,21,0,181081,3,E0xS1,41,1
run_0c410982fde654b7f378,SURFACE_BALANCED,3,21,0,181081,3,E1xS0,12,1
run_0c410982fde654b7f378,SURFACE_BALANCED,3,21,0,181081,3,E1xS2,4,1
run_0c410982fde654b7f378,SURFACE_BALANCED,3,21,0,181081,4,E0xS1,23,1
run_0c410982fde654b7f378,SURFACE_BALANCED,3,21,0,181081,4,E1xS0,10,1
run_0c410982fde654b7f378,SURFACE_BALANCED,3,21,0,181081,4,E1xS2,28,1
run_0c410982fde654b7f378,SURFACE_BALANCED,3,21,0,181081,5,E0xS1,40,1
run_0c410982fde654b7f378,SURFACE_BALANCED,3,21,0,181081,5,E1xS0,6,1
run_0c410982fde654b7f378,SURFACE_BALANCED,3,21,0,181081,5,E1xS2,36,1
run_0c410982fde654b7f378,SURFACE_BALANCED,3,21,0,181081,6,E0xS1,29,1
run_0c410982fde654b7f378,SURFACE_BALANCED,3,21,0,181081,6,E1xS0,20,1
run_0c410982fde654b7f378,SURFACE_BALANCED,3,21,0,181081,6,E1xS2,45,1
run_3f99fdd38ed1318c6069,JOINT_FACTOR_COVERAGE,3,21,0,181081,0,E0xS2,29,1
run_3f99fdd38ed1318c6069,JOINT_FACTOR_COVERAGE,3,21,0,181081,0,E1xS0,14,1
run_3f99fdd38ed1318c6069,JOINT_FACTOR_COVERAGE,3,21,0,181081,0,E2xS1,3,1
run_3f99fdd38ed1318c6069,JOINT_FACTOR_COVERAGE,3,21,0,181081,1,E0xS2,2,1
run_3f99fdd38ed1318c6069,JOINT_FACTOR_COVERAGE,3,21,0,181081,1,E1xS0,43,1
run_3f99fdd38ed1318c6069,JOINT_FACTOR_COVERAGE,3,21,0,181081,1,E2xS1,10,1
run_3f99fdd38ed1318c6069,JOINT_FACTOR_COVERAGE,3,21,0,181081,2,E0xS2,11,1
run_3f99fdd38ed1318c6069,JOINT_FACTOR_COVERAGE,3,21,0,181081,2,E1xS0,2,1
run_3f99fdd38ed1318c6069,JOINT_FACTOR_COVERAGE,3,21,0,181081,2,E2xS1,2,1
run_3f99fdd38ed1318c6069,JOINT_FACTOR_COVERAGE,3,21,0,181081,3,E0xS2,21,1
run_3f99fdd38ed1318c6069,JOINT_FACTOR_COVERAGE,3,21,0,181081,3,E1xS0,12,1
run_3f99fdd38ed1318c6069,JOINT_FACTOR_COVERAGE,3,21,0,181081,3,E2xS1,49,1
run_3f99fdd38ed1318c6069,JOINT_FACTOR_COVERAGE,3,21,0,181081,4,E0xS2,38,1
run_3f99fdd38ed1318c6069,JOINT_FACTOR_COVERAGE,3,21,0,181081,4,E1xS0,10,1
run_3f99fdd38ed1318c6069,JOINT_FACTOR_COVERAGE,3,21,0,181081,4,E2xS1,27,1
run_3f99fdd38ed1318c6069,JOINT_FACTOR_COVERAGE,3,21,0,181081,5,E0xS2,42,1
run_3f99fdd38ed1318c6069,JOINT_FACTOR_COVERAGE,3,21,0,181081,5,E1xS0,6,1
run_3f99fdd38ed1318c6069,JOINT_FACTOR_COVERAGE,3,21,0,181081,5,E2xS1,12,1
run_3f99fdd38ed1318c6069,JOINT_FACTOR_COVERAGE,3,21,0,181081,6,E0xS2,9,1
run_3f99fdd38ed1318c6069,JOINT_FACTOR_COVERAGE,3,21,0,181081,6,E1xS0,20,1
run_3f99fdd38ed1318c6069,JOINT_FACTOR_COVERAGE,3,21,0,181081,6,E2xS1,47,1
run_d37db281e3540dd6fe8f,RANDOM_BLOCK,5,35,0,181081,0,E0xS1,46,1
run_d37db281e3540dd6fe8f,RANDOM_BLOCK,5,35,0,181081,0,E0xS2,29,1
run_d37db281e3540dd6fe8f,RANDOM_BLOCK,5,35,0,181081,0,E1xS0,14,1
run_d37db281e3540dd6fe8f,RANDOM_BLOCK,5,35,0,181081,0,E2xS0,39,1
run_d37db281e3540dd6fe8f,RANDOM_BLOCK,5,35,0,181081,0,E2xS1,3,1
run_d37db281e3540dd6fe8f,RANDOM_BLOCK,5,35,0,181081,1,E0xS1,24,1
run_d37db281e3540dd6fe8f,RANDOM_BLOCK,5,35,0,181081,1,E0xS2,2,1
run_d37db281e3540dd6fe8f,RANDOM_BLOCK,5,35,0,181081,1,E1xS0,43,1
run_d37db281e3540dd6fe8f,RANDOM_BLOCK,5,35,0,181081,1,E2xS0,30,1
run_d37db281e3540dd6fe8f,RANDOM_BLOCK,5,35,0,181081,1,E2xS1,10,1
run_d37db281e3540dd6fe8f,RANDOM_BLOCK,5,35,0,181081,2,E0xS1,34,1
run_d37db281e3540dd6fe8f,RANDOM_BLOCK,5,35,0,181081,2,E0xS2,11,1
run_d37db281e3540dd6fe8f,RANDOM_BLOCK,5,35,0,181081,2,E1xS0,2,1
run_d37db281e3540dd6fe8f,RANDOM_BLOCK,5,35,0,181081,2,E2xS0,1,1
run_d37db281e3540dd6fe8f,RANDOM_BLOCK,5,35,0,181081,2,E2xS1,2,1
run_d37db281e3540dd6fe8f,RANDOM_BLOCK,5,35,0,181081,3,E0xS1,41,1
run_d37db281e3540dd6fe8f,RANDOM_BLOCK,5,35,0,181081,3,E0xS2,21,1
run_d37db281e3540dd6fe8f,RANDOM_BLOCK,5,35,0,181081,3,E1xS0,12,1
run_d37db281e3540dd6fe8f,RANDOM_BLOCK,5,35,0,181081,3,E2xS0,8,1
run_d37db281e3540dd6fe8f,RANDOM_BLOCK,5,35,0,181081,3,E2xS1,49,1
run_d37db281e3540dd6fe8f,RANDOM_BLOCK,5,35,0,181081,4,E0xS1,23,1
run_d37db281e3540dd6fe8f,RANDOM_BLOCK,5,35,0,181081,4,E0xS2,38,1
run_d37db281e3540dd6fe8f,RANDOM_BLOCK,5,35,0,181081,4,E1xS0,10,1
run_d37db281e3540dd6fe8f,RANDOM_BLOCK,5,35,0,181081,4,E2xS0,25,1
run_d37db281e3540dd6fe8f,RANDOM_BLOCK,5,35,0,181081,4,E2xS1,27,1
run_d37db281e3540dd6fe8f,RANDOM_BLOCK,5,35,0,181081,5,E0xS1,40,1
run_d37db281e3540dd6fe8f,RANDOM_BLOCK,5,35,0,181081,5,E0xS2,42,1
run_d37db281e3540dd6fe8f,RANDOM_BLOCK,5,35,0,181081,5,E1xS0,6,1
run_d37db281e3540dd6fe8f,RANDOM_BLOCK,5,35,0,181081,5,E2xS0,41,1
run_d37db281e3540dd6fe8f,RANDOM_BLOCK,5,35,0,181081,5,E2xS1,12,1
run_d37db281e3540dd6fe8f,RANDOM_BLOCK,5,35,0,181081,6,E0xS1,29,1
run_d37db281e3540dd6fe8f,RANDOM_BLOCK,5,35,0,181081,6,E0xS2,9,1
run_d37db281e3540dd6fe8f,RANDOM_BLOCK,5,35,0,181081,6,E1xS0,20,1
run_d37db281e3540dd6fe8f,RANDOM_BLOCK,5,35,0,181081,6,E2xS0,22,1
run_d37db281e3540dd6fe8f,RANDOM_BLOCK,5,35,0,181081,6,E2xS1,47,1
run_41acb6b37cc9d907ffbf,JOINT_FACTOR_COVERAGE,5,35,0,181081,0,E0xS1,46,1
run_41acb6b37cc9d907ffbf,JOINT_FACTOR_COVERAGE,5,35,0,181081,0,E0xS2,29,1
run_41acb6b37cc9d907ffbf,JOINT_FACTOR_COVERAGE,5,35,0,181081,0,E1xS0,14,1
run_41acb6b37cc9d907ffbf,JOINT_FACTOR_COVERAGE,5,35,0,181081,0,E1xS2,39,1
run_41acb6b37cc9d907ffbf,JOINT_FACTOR_COVERAGE,5,35,0,181081,0,E2xS0,39,1
run_41acb6b37cc9d907ffbf,JOINT_FACTOR_COVERAGE,5,35,0,181081,1,E0xS1,24,1
run_41acb6b37cc9d907ffbf,JOINT_FACTOR_COVERAGE,5,35,0,181081,1,E0xS2,2,1
run_41acb6b37cc9d907ffbf,JOINT_FACTOR_COVERAGE,5,35,0,181081,1,E1xS0,43,1
run_41acb6b37cc9d907ffbf,JOINT_FACTOR_COVERAGE,5,35,0,181081,1,E1xS2,16,1
run_41acb6b37cc9d907ffbf,JOINT_FACTOR_COVERAGE,5,35,0,181081,1,E2xS0,30,1
run_41acb6b37cc9d907ffbf,JOINT_FACTOR_COVERAGE,5,35,0,181081,2,E0xS1,34,1
run_41acb6b37cc9d907ffbf,JOINT_FACTOR_COVERAGE,5,35,0,181081,2,E0xS2,11,1
run_41acb6b37cc9d907ffbf,JOINT_FACTOR_COVERAGE,5,35,0,181081,2,E1xS0,2,1
run_41acb6b37cc9d907ffbf,JOINT_FACTOR_COVERAGE,5,35,0,181081,2,E1xS2,23,1
run_41acb6b37cc9d907ffbf,JOINT_FACTOR_COVERAGE,5,35,0,181081,2,E2xS0,1,1
run_41acb6b37cc9d907ffbf,JOINT_FACTOR_COVERAGE,5,35,0,181081,3,E0xS1,41,1
run_41acb6b37cc9d907ffbf,JOINT_FACTOR_COVERAGE,5,35,0,181081,3,E0xS2,21,1
run_41acb6b37cc9d907ffbf,JOINT_FACTOR_COVERAGE,5,35,0,181081,3,E1xS0,12,1
run_41acb6b37cc9d907ffbf,JOINT_FACTOR_COVERAGE,5,35,0,181081,3,E1xS2,4,1
run_41acb6b37cc9d907ffbf,JOINT_FACTOR_COVERAGE,5,35,0,181081,3,E2xS0,8,1
run_41acb6b37cc9d907ffbf,JOINT_FACTOR_COVERAGE,5,35,0,181081,4,E0xS1,23,1
run_41acb6b37cc9d907ffbf,JOINT_FACTOR_COVERAGE,5,35,0,181081,4,E0xS2,38,1
run_41acb6b37cc9d907ffbf,JOINT_FACTOR_COVERAGE,5,35,0,181081,4,E1xS0,10,1
run_41acb6b37cc9d907ffbf,JOINT_FACTOR_COVERAGE,5,35,0,181081,4,E1xS2,28,1
run_41acb6b37cc9d907ffbf,JOINT_FACTOR_COVERAGE,5,35,0,181081,4,E2xS0,25,1
run_41acb6b37cc9d907ffbf,JOINT_FACTOR_COVERAGE,5,35,0,181081,5,E0xS1,40,1
run_41acb6b37cc9d907ffbf,JOINT_FACTOR_COVERAGE,5,35,0,181081,5,E0xS2,42,1
run_41acb6b37cc9d907ffbf,JOINT_FACTOR_COVERAGE,5,35,0,181081,5,E1xS0,6,1
run_41acb6b37cc9d907ffbf,JOINT_FACTOR_COVERAGE,5,35,0,181081,5,E1xS2,36,1
run_41acb6b37cc9d907ffbf,JOINT_FACTOR_COVERAGE,5,35,0,181081,5,E2xS0,41,1
run_41acb6b37cc9d907ffbf,JOINT_FACTOR_COVERAGE,5,35,0,181081,6,E0xS1,29,1
run_41acb6b37cc9d907ffbf,JOINT_FACTOR_COVERAGE,5,35,0,181081,6,E0xS2,9,1
run_41acb6b37cc9d907ffbf,JOINT_FACTOR_COVERAGE,5,35,0,181081,6,E1xS0,20,1
run_41acb6b37cc9d907ffbf,JOINT_FACTOR_COVERAGE,5,35,0,181081,6,E1xS2,45,1
run_41acb6b37cc9d907ffbf,JOINT_FACTOR_COVERAGE,5,35,0,181081,6,E2xS0,22,1
run_8256131a0b2ede7237ed,RANDOM_BLOCK,1,7,0,205439,0,E1xS0,9,1
run_8256131a0b2ede7237ed,RANDOM_BLOCK,1,7,0,205439,1,E1xS0,46,1
run_8256131a0b2ede7237ed,RANDOM_BLOCK,1,7,0,205439,2,E1xS0,33,1
run_8256131a0b2ede7237ed,RANDOM_BLOCK,1,7,0,205439,3,E1xS0,1,1
run_8256131a0b2ede7237ed,RANDOM_BLOCK,1,7,0,205439,4,E1xS0,29,1
run_8256131a0b2ede7237ed,RANDOM_BLOCK,1,7,0,205439,5,E1xS0,32,1
run_8256131a0b2ede7237ed,RANDOM_BLOCK,1,7,0,205439,6,E1xS0,12,1
run_4a12b687db7a3ed5c399,RANDOM_BLOCK,3,21,0,205439,0,E0xS1,26,1
run_4a12b687db7a3ed5c399,RANDOM_BLOCK,3,21,0,205439,0,E0xS2,20,1
run_4a12b687db7a3ed5c399,RANDOM_BLOCK,3,21,0,205439,0,E2xS1,18,1
run_4a12b687db7a3ed5c399,RANDOM_BLOCK,3,21,0,205439,1,E0xS1,10,1
run_4a12b687db7a3ed5c399,RANDOM_BLOCK,3,21,0,205439,1,E0xS2,3,1
run_4a12b687db7a3ed5c399,RANDOM_BLOCK,3,21,0,205439,1,E2xS1,12,1
run_4a12b687db7a3ed5c399,RANDOM_BLOCK,3,21,0,205439,2,E0xS1,8,1
run_4a12b687db7a3ed5c399,RANDOM_BLOCK,3,21,0,205439,2,E0xS2,27,1
run_4a12b687db7a3ed5c399,RANDOM_BLOCK,3,21,0,205439,2,E2xS1,18,1
run_4a12b687db7a3ed5c399,RANDOM_BLOCK,3,21,0,205439,3,E0xS1,8,1
run_4a12b687db7a3ed5c399,RANDOM_BLOCK,3,21,0,205439,3,E0xS2,42,1
run_4a12b687db7a3ed5c399,RANDOM_BLOCK,3,21,0,205439,3,E2xS1,2,1
run_4a12b687db7a3ed5c399,RANDOM_BLOCK,3,21,0,205439,4,E0xS1,34,1
run_4a12b687db7a3ed5c399,RANDOM_BLOCK,3,21,0,205439,4,E0xS2,4,1
run_4a12b687db7a3ed5c399,RANDOM_BLOCK,3,21,0,205439,4,E2xS1,19,1
run_4a12b687db7a3ed5c399,RANDOM_BLOCK,3,21,0,205439,5,E0xS1,42,1
run_4a12b687db7a3ed5c399,RANDOM_BLOCK,3,21,0,205439,5,E0xS2,1,1
run_4a12b687db7a3ed5c399,RANDOM_BLOCK,3,21,0,205439,5,E2xS1,22,1
run_4a12b687db7a3ed5c399,RANDOM_BLOCK,3,21,0,205439,6,E0xS1,41,1
run_4a12b687db7a3ed5c399,RANDOM_BLOCK,3,21,0,205439,6,E0xS2,25,1
run_4a12b687db7a3ed5c399,RANDOM_BLOCK,3,21,0,205439,6,E2xS1,6,1
run_6bc7fbcaf008464e50d8,ER_BALANCED,3,21,0,205439,0,E0xS1,26,1
run_6bc7fbcaf008464e50d8,ER_BALANCED,3,21,0,205439,0,E1xS2,0,1
run_6bc7fbcaf008464e50d8,ER_BALANCED,3,21,0,205439,0,E2xS0,38,1
run_6bc7fbcaf008464e50d8,ER_BALANCED,3,21,0,205439,1,E0xS1,10,1
run_6bc7fbcaf008464e50d8,ER_BALANCED,3,21,0,205439,1,E1xS2,9,1
run_6bc7fbcaf008464e50d8,ER_BALANCED,3,21,0,205439,1,E2xS0,30,1
run_6bc7fbcaf008464e50d8,ER_BALANCED,3,21,0,205439,2,E0xS1,8,1
run_6bc7fbcaf008464e50d8,ER_BALANCED,3,21,0,205439,2,E1xS2,26,1
run_6bc7fbcaf008464e50d8,ER_BALANCED,3,21,0,205439,2,E2xS0,32,1
run_6bc7fbcaf008464e50d8,ER_BALANCED,3,21,0,205439,3,E0xS1,8,1
run_6bc7fbcaf008464e50d8,ER_BALANCED,3,21,0,205439,3,E1xS2,13,1
run_6bc7fbcaf008464e50d8,ER_BALANCED,3,21,0,205439,3,E2xS0,31,1
run_6bc7fbcaf008464e50d8,ER_BALANCED,3,21,0,205439,4,E0xS1,34,1
run_6bc7fbcaf008464e50d8,ER_BALANCED,3,21,0,205439,4,E1xS2,0,1
run_6bc7fbcaf008464e50d8,ER_BALANCED,3,21,0,205439,4,E2xS0,14,1
run_6bc7fbcaf008464e50d8,ER_BALANCED,3,21,0,205439,5,E0xS1,42,1
run_6bc7fbcaf008464e50d8,ER_BALANCED,3,21,0,205439,5,E1xS2,5,1
run_6bc7fbcaf008464e50d8,ER_BALANCED,3,21,0,205439,5,E2xS0,23,1
run_6bc7fbcaf008464e50d8,ER_BALANCED,3,21,0,205439,6,E0xS1,41,1
run_6bc7fbcaf008464e50d8,ER_BALANCED,3,21,0,205439,6,E1xS2,35,1
run_6bc7fbcaf008464e50d8,ER_BALANCED,3,21,0,205439,6,E2xS0,16,1
run_07636765f20cb3081f9d,SURFACE_BALANCED,3,21,0,205439,0,E1xS2,0,1
run_07636765f20cb3081f9d,SURFACE_BALANCED,3,21,0,205439,0,E2xS0,38,1
run_07636765f20cb3081f9d,SURFACE_BALANCED,3,21,0,205439,0,E2xS1,18,1
run_07636765f20cb3081f9d,SURFACE_BALANCED,3,21,0,205439,1,E1xS2,9,1
run_07636765f20cb3081f9d,SURFACE_BALANCED,3,21,0,205439,1,E2xS0,30,1
run_07636765f20cb3081f9d,SURFACE_BALANCED,3,21,0,205439,1,E2xS1,12,1
run_07636765f20cb3081f9d,SURFACE_BALANCED,3,21,0,205439,2,E1xS2,26,1
run_07636765f20cb3081f9d,SURFACE_BALANCED,3,21,0,205439,2,E2xS0,32,1
run_07636765f20cb3081f9d,SURFACE_BALANCED,3,21,0,205439,2,E2xS1,18,1
run_07636765f20cb3081f9d,SURFACE_BALANCED,3,21,0,205439,3,E1xS2,13,1
run_07636765f20cb3081f9d,SURFACE_BALANCED,3,21,0,205439,3,E2xS0,31,1
run_07636765f20cb3081f9d,SURFACE_BALANCED,3,21,0,205439,3,E2xS1,2,1
run_07636765f20cb3081f9d,SURFACE_BALANCED,3,21,0,205439,4,E1xS2,0,1
run_07636765f20cb3081f9d,SURFACE_BALANCED,3,21,0,205439,4,E2xS0,14,1
run_07636765f20cb3081f9d,SURFACE_BALANCED,3,21,0,205439,4,E2xS1,19,1
run_07636765f20cb3081f9d,SURFACE_BALANCED,3,21,0,205439,5,E1xS2,5,1
run_07636765f20cb3081f9d,SURFACE_BALANCED,3,21,0,205439,5,E2xS0,23,1
run_07636765f20cb3081f9d,SURFACE_BALANCED,3,21,0,205439,5,E2xS1,22,1
run_07636765f20cb3081f9d,SURFACE_BALANCED,3,21,0,205439,6,E1xS2,35,1
run_07636765f20cb3081f9d,SURFACE_BALANCED,3,21,0,205439,6,E2xS0,16,1
run_07636765f20cb3081f9d,SURFACE_BALANCED,3,21,0,205439,6,E2xS1,6,1
run_24768e716e8f9b0d3f5d,JOINT_FACTOR_COVERAGE,3,21,0,205439,0,E0xS1,26,1
run_24768e716e8f9b0d3f5d,JOINT_FACTOR_COVERAGE,3,21,0,205439,0,E1xS2,0,1
run_24768e716e8f9b0d3f5d,JOINT_FACTOR_COVERAGE,3,21,0,205439,0,E2xS0,38,1
run_24768e716e8f9b0d3f5d,JOINT_FACTOR_COVERAGE,3,21,0,205439,1,E0xS1,10,1
run_24768e716e8f9b0d3f5d,JOINT_FACTOR_COVERAGE,3,21,0,205439,1,E1xS2,9,1
run_24768e716e8f9b0d3f5d,JOINT_FACTOR_COVERAGE,3,21,0,205439,1,E2xS0,30,1
run_24768e716e8f9b0d3f5d,JOINT_FACTOR_COVERAGE,3,21,0,205439,2,E0xS1,8,1
run_24768e716e8f9b0d3f5d,JOINT_FACTOR_COVERAGE,3,21,0,205439,2,E1xS2,26,1
run_24768e716e8f9b0d3f5d,JOINT_FACTOR_COVERAGE,3,21,0,205439,2,E2xS0,32,1
run_24768e716e8f9b0d3f5d,JOINT_FACTOR_COVERAGE,3,21,0,205439,3,E0xS1,8,1
run_24768e716e8f9b0d3f5d,JOINT_FACTOR_COVERAGE,3,21,0,205439,3,E1xS2,13,1
run_24768e716e8f9b0d3f5d,JOINT_FACTOR_COVERAGE,3,21,0,205439,3,E2xS0,31,1
run_24768e716e8f9b0d3f5d,JOINT_FACTOR_COVERAGE,3,21,0,205439,4,E0xS1,34,1
run_24768e716e8f9b0d3f5d,JOINT_FACTOR_COVERAGE,3,21,0,205439,4,E1xS2,0,1
run_24768e716e8f9b0d3f5d,JOINT_FACTOR_COVERAGE,3,21,0,205439,4,E2xS0,14,1
run_24768e716e8f9b0d3f5d,JOINT_FACTOR_COVERAGE,3,21,0,205439,5,E0xS1,42,1
run_24768e716e8f9b0d3f5d,JOINT_FACTOR_COVERAGE,3,21,0,205439,5,E1xS2,5,1
run_24768e716e8f9b0d3f5d,JOINT_FACTOR_COVERAGE,3,21,0,205439,5,E2xS0,23,1
run_24768e716e8f9b0d3f5d,JOINT_FACTOR_COVERAGE,3,21,0,205439,6,E0xS1,41,1
run_24768e716e8f9b0d3f5d,JOINT_FACTOR_COVERAGE,3,21,0,205439,6,E1xS2,35,1
run_24768e716e8f9b0d3f5d,JOINT_FACTOR_COVERAGE,3,21,0,205439,6,E2xS0,16,1
run_d130bc560cbdaeaca13d,RANDOM_BLOCK,5,35,0,205439,0,E0xS1,26,1
run_d130bc560cbdaeaca13d,RANDOM_BLOCK,5,35,0,205439,0,E0xS2,20,1
run_d130bc560cbdaeaca13d,RANDOM_BLOCK,5,35,0,205439,0,E1xS2,0,1
run_d130bc560cbdaeaca13d,RANDOM_BLOCK,5,35,0,205439,0,E2xS0,38,1
run_d130bc560cbdaeaca13d,RANDOM_BLOCK,5,35,0,205439,0,E2xS1,18,1
run_d130bc560cbdaeaca13d,RANDOM_BLOCK,5,35,0,205439,1,E0xS1,10,1
run_d130bc560cbdaeaca13d,RANDOM_BLOCK,5,35,0,205439,1,E0xS2,3,1
run_d130bc560cbdaeaca13d,RANDOM_BLOCK,5,35,0,205439,1,E1xS2,9,1
run_d130bc560cbdaeaca13d,RANDOM_BLOCK,5,35,0,205439,1,E2xS0,30,1
run_d130bc560cbdaeaca13d,RANDOM_BLOCK,5,35,0,205439,1,E2xS1,12,1
run_d130bc560cbdaeaca13d,RANDOM_BLOCK,5,35,0,205439,2,E0xS1,8,1
run_d130bc560cbdaeaca13d,RANDOM_BLOCK,5,35,0,205439,2,E0xS2,27,1
run_d130bc560cbdaeaca13d,RANDOM_BLOCK,5,35,0,205439,2,E1xS2,26,1
run_d130bc560cbdaeaca13d,RANDOM_BLOCK,5,35,0,205439,2,E2xS0,32,1
run_d130bc560cbdaeaca13d,RANDOM_BLOCK,5,35,0,205439,2,E2xS1,18,1
run_d130bc560cbdaeaca13d,RANDOM_BLOCK,5,35,0,205439,3,E0xS1,8,1
run_d130bc560cbdaeaca13d,RANDOM_BLOCK,5,35,0,205439,3,E0xS2,42,1
run_d130bc560cbdaeaca13d,RANDOM_BLOCK,5,35,0,205439,3,E1xS2,13,1
run_d130bc560cbdaeaca13d,RANDOM_BLOCK,5,35,0,205439,3,E2xS0,31,1
run_d130bc560cbdaeaca13d,RANDOM_BLOCK,5,35,0,205439,3,E2xS1,2,1
run_d130bc560cbdaeaca13d,RANDOM_BLOCK,5,35,0,205439,4,E0xS1,34,1
run_d130bc560cbdaeaca13d,RANDOM_BLOCK,5,35,0,205439,4,E0xS2,4,1
run_d130bc560cbdaeaca13d,RANDOM_BLOCK,5,35,0,205439,4,E1xS2,0,1
run_d130bc560cbdaeaca13d,RANDOM_BLOCK,5,35,0,205439,4,E2xS0,14,1
run_d130bc560cbdaeaca13d,RANDOM_BLOCK,5,35,0,205439,4,E2xS1,19,1
run_d130bc560cbdaeaca13d,RANDOM_BLOCK,5,35,0,205439,5,E0xS1,42,1
run_d130bc560cbdaeaca13d,RANDOM_BLOCK,5,35,0,205439,5,E0xS2,1,1
run_d130bc560cbdaeaca13d,RANDOM_BLOCK,5,35,0,205439,5,E1xS2,5,1
run_d130bc560cbdaeaca13d,RANDOM_BLOCK,5,35,0,205439,5,E2xS0,23,1
run_d130bc560cbdaeaca13d,RANDOM_BLOCK,5,35,0,205439,5,E2xS1,22,1
run_d130bc560cbdaeaca13d,RANDOM_BLOCK,5,35,0,205439,6,E0xS1,41,1
run_d130bc560cbdaeaca13d,RANDOM_BLOCK,5,35,0,205439,6,E0xS2,25,1
run_d130bc560cbdaeaca13d,RANDOM_BLOCK,5,35,0,205439,6,E1xS2,35,1
run_d130bc560cbdaeaca13d,RANDOM_BLOCK,5,35,0,205439,6,E2xS0,16,1
run_d130bc560cbdaeaca13d,RANDOM_BLOCK,5,35,0,205439,6,E2xS1,6,1
run_3f9c5985d29837dac834,JOINT_FACTOR_COVERAGE,5,35,0,205439,0,E0xS1,26,1
run_3f9c5985d29837dac834,JOINT_FACTOR_COVERAGE,5,35,0,205439,0,E0xS2,20,1
run_3f9c5985d29837dac834,JOINT_FACTOR_COVERAGE,5,35,0,205439,0,E1xS2,0,1
run_3f9c5985d29837dac834,JOINT_FACTOR_COVERAGE,5,35,0,205439,0,E2xS0,38,1
run_3f9c5985d29837dac834,JOINT_FACTOR_COVERAGE,5,35,0,205439,0,E2xS1,18,1
run_3f9c5985d29837dac834,JOINT_FACTOR_COVERAGE,5,35,0,205439,1,E0xS1,10,1
run_3f9c5985d29837dac834,JOINT_FACTOR_COVERAGE,5,35,0,205439,1,E0xS2,3,1
run_3f9c5985d29837dac834,JOINT_FACTOR_COVERAGE,5,35,0,205439,1,E1xS2,9,1
run_3f9c5985d29837dac834,JOINT_FACTOR_COVERAGE,5,35,0,205439,1,E2xS0,30,1
run_3f9c5985d29837dac834,JOINT_FACTOR_COVERAGE,5,35,0,205439,1,E2xS1,12,1
run_3f9c5985d29837dac834,JOINT_FACTOR_COVERAGE,5,35,0,205439,2,E0xS1,8,1
run_3f9c5985d29837dac834,JOINT_FACTOR_COVERAGE,5,35,0,205439,2,E0xS2,27,1
run_3f9c5985d29837dac834,JOINT_FACTOR_COVERAGE,5,35,0,205439,2,E1xS2,26,1
run_3f9c5985d29837dac834,JOINT_FACTOR_COVERAGE,5,35,0,205439,2,E2xS0,32,1
run_3f9c5985d29837dac834,JOINT_FACTOR_COVERAGE,5,35,0,205439,2,E2xS1,18,1
run_3f9c5985d29837dac834,JOINT_FACTOR_COVERAGE,5,35,0,205439,3,E0xS1,8,1
run_3f9c5985d29837dac834,JOINT_FACTOR_COVERAGE,5,35,0,205439,3,E0xS2,42,1
run_3f9c5985d29837dac834,JOINT_FACTOR_COVERAGE,5,35,0,205439,3,E1xS2,13,1
run_3f9c5985d29837dac834,JOINT_FACTOR_COVERAGE,5,35,0,205439,3,E2xS0,31,1
run_3f9c5985d29837dac834,JOINT_FACTOR_COVERAGE,5,35,0,205439,3,E2xS1,2,1
run_3f9c5985d29837dac834,JOINT_FACTOR_COVERAGE,5,35,0,205439,4,E0xS1,34,1
run_3f9c5985d29837dac834,JOINT_FACTOR_COVERAGE,5,35,0,205439,4,E0xS2,4,1
run_3f9c5985d29837dac834,JOINT_FACTOR_COVERAGE,5,35,0,205439,4,E1xS2,0,1
run_3f9c5985d29837dac834,JOINT_FACTOR_COVERAGE,5,35,0,205439,4,E2xS0,14,1
run_3f9c5985d29837dac834,JOINT_FACTOR_COVERAGE,5,35,0,205439,4,E2xS1,19,1
run_3f9c5985d29837dac834,JOINT_FACTOR_COVERAGE,5,35,0,205439,5,E0xS1,42,1
run_3f9c5985d29837dac834,JOINT_FACTOR_COVERAGE,5,35,0,205439,5,E0xS2,1,1
run_3f9c5985d29837dac834,JOINT_FACTOR_COVERAGE,5,35,0,205439,5,E1xS2,5,1
run_3f9c5985d29837dac834,JOINT_FACTOR_COVERAGE,5,35,0,205439,5,E2xS0,23,1
run_3f9c5985d29837dac834,JOINT_FACTOR_COVERAGE,5,35,0,205439,5,E2xS1,22,1
run_3f9c5985d29837dac834,JOINT_FACTOR_COVERAGE,5,35,0,205439,6,E0xS1,41,1
run_3f9c5985d29837dac834,JOINT_FACTOR_COVERAGE,5,35,0,205439,6,E0xS2,25,1
run_3f9c5985d29837dac834,JOINT_FACTOR_COVERAGE,5,35,0,205439,6,E1xS2,35,1
run_3f9c5985d29837dac834,JOINT_FACTOR_COVERAGE,5,35,0,205439,6,E2xS0,16,1
run_3f9c5985d29837dac834,JOINT_FACTOR_COVERAGE,5,35,0,205439,6,E2xS1,6,1
run_c381c844851261480819,RANDOM_BLOCK,1,7,1,104729,0,E0xS0,19,1
run_c381c844851261480819,RANDOM_BLOCK,1,7,1,104729,1,E0xS0,15,1
run_c381c844851261480819,RANDOM_BLOCK,1,7,1,104729,2,E0xS0,36,1
run_c381c844851261480819,RANDOM_BLOCK,1,7,1,104729,3,E0xS0,39,1
run_c381c844851261480819,RANDOM_BLOCK,1,7,1,104729,4,E0xS0,32,1
run_c381c844851261480819,RANDOM_BLOCK,1,7,1,104729,5,E0xS0,1,1
run_c381c844851261480819,RANDOM_BLOCK,1,7,1,104729,6,E0xS0,12,1
run_334ae24e016d01e6e57e,RANDOM_BLOCK,3,21,1,104729,0,E0xS0,19,1
run_334ae24e016d01e6e57e,RANDOM_BLOCK,3,21,1,104729,0,E1xS0,2,1
run_334ae24e016d01e6e57e,RANDOM_BLOCK,3,21,1,104729,0,E2xS1,15,1
run_334ae24e016d01e6e57e,RANDOM_BLOCK,3,21,1,104729,1,E0xS0,15,1
run_334ae24e016d01e6e57e,RANDOM_BLOCK,3,21,1,104729,1,E1xS0,3,1
run_334ae24e016d01e6e57e,RANDOM_BLOCK,3,21,1,104729,1,E2xS1,35,1
run_334ae24e016d01e6e57e,RANDOM_BLOCK,3,21,1,104729,2,E0xS0,36,1
run_334ae24e016d01e6e57e,RANDOM_BLOCK,3,21,1,104729,2,E1xS0,14,1
run_334ae24e016d01e6e57e,RANDOM_BLOCK,3,21,1,104729,2,E2xS1,42,1
run_334ae24e016d01e6e57e,RANDOM_BLOCK,3,21,1,104729,3,E0xS0,39,1
run_334ae24e016d01e6e57e,RANDOM_BLOCK,3,21,1,104729,3,E1xS0,22,1
run_334ae24e016d01e6e57e,RANDOM_BLOCK,3,21,1,104729,3,E2xS1,30,1
run_334ae24e016d01e6e57e,RANDOM_BLOCK,3,21,1,104729,4,E0xS0,32,1
run_334ae24e016d01e6e57e,RANDOM_BLOCK,3,21,1,104729,4,E1xS0,45,1
run_334ae24e016d01e6e57e,RANDOM_BLOCK,3,21,1,104729,4,E2xS1,16,1
run_334ae24e016d01e6e57e,RANDOM_BLOCK,3,21,1,104729,5,E0xS0,1,1
run_334ae24e016d01e6e57e,RANDOM_BLOCK,3,21,1,104729,5,E1xS0,16,1
run_334ae24e016d01e6e57e,RANDOM_BLOCK,3,21,1,104729,5,E2xS1,17,1
run_334ae24e016d01e6e57e,RANDOM_BLOCK,3,21,1,104729,6,E0xS0,12,1
run_334ae24e016d01e6e57e,RANDOM_BLOCK,3,21,1,104729,6,E1xS0,32,1
run_334ae24e016d01e6e57e,RANDOM_BLOCK,3,21,1,104729,6,E2xS1,7,1
run_ff8735b26ce8695e06ce,ER_BALANCED,3,21,1,104729,0,E0xS2,7,1
run_ff8735b26ce8695e06ce,ER_BALANCED,3,21,1,104729,0,E1xS0,2,1
run_ff8735b26ce8695e06ce,ER_BALANCED,3,21,1,104729,0,E2xS2,41,1
run_ff8735b26ce8695e06ce,ER_BALANCED,3,21,1,104729,1,E0xS2,21,1
run_ff8735b26ce8695e06ce,ER_BALANCED,3,21,1,104729,1,E1xS0,3,1
run_ff8735b26ce8695e06ce,ER_BALANCED,3,21,1,104729,1,E2xS2,40,1
run_ff8735b26ce8695e06ce,ER_BALANCED,3,21,1,104729,2,E0xS2,43,1
run_ff8735b26ce8695e06ce,ER_BALANCED,3,21,1,104729,2,E1xS0,14,1
run_ff8735b26ce8695e06ce,ER_BALANCED,3,21,1,104729,2,E2xS2,6,1
run_ff8735b26ce8695e06ce,ER_BALANCED,3,21,1,104729,3,E0xS2,32,1
run_ff8735b26ce8695e06ce,ER_BALANCED,3,21,1,104729,3,E1xS0,22,1
run_ff8735b26ce8695e06ce,ER_BALANCED,3,21,1,104729,3,E2xS2,35,1
run_ff8735b26ce8695e06ce,ER_BALANCED,3,21,1,104729,4,E0xS2,11,1
run_ff8735b26ce8695e06ce,ER_BALANCED,3,21,1,104729,4,E1xS0,45,1
run_ff8735b26ce8695e06ce,ER_BALANCED,3,21,1,104729,4,E2xS2,39,1
run_ff8735b26ce8695e06ce,ER_BALANCED,3,21,1,104729,5,E0xS2,40,1
run_ff8735b26ce8695e06ce,ER_BALANCED,3,21,1,104729,5,E1xS0,16,1
run_ff8735b26ce8695e06ce,ER_BALANCED,3,21,1,104729,5,E2xS2,12,1
run_ff8735b26ce8695e06ce,ER_BALANCED,3,21,1,104729,6,E0xS2,29,1
run_ff8735b26ce8695e06ce,ER_BALANCED,3,21,1,104729,6,E1xS0,32,1
run_ff8735b26ce8695e06ce,ER_BALANCED,3,21,1,104729,6,E2xS2,48,1
run_1c8c4748273b6d4e1512,SURFACE_BALANCED,3,21,1,104729,0,E0xS0,19,1
run_1c8c4748273b6d4e1512,SURFACE_BALANCED,3,21,1,104729,0,E1xS1,9,1
run_1c8c4748273b6d4e1512,SURFACE_BALANCED,3,21,1,104729,0,E2xS2,41,1
run_1c8c4748273b6d4e1512,SURFACE_BALANCED,3,21,1,104729,1,E0xS0,15,1
run_1c8c4748273b6d4e1512,SURFACE_BALANCED,3,21,1,104729,1,E1xS1,38,1
run_1c8c4748273b6d4e1512,SURFACE_BALANCED,3,21,1,104729,1,E2xS2,40,1
run_1c8c4748273b6d4e1512,SURFACE_BALANCED,3,21,1,104729,2,E0xS0,36,1
run_1c8c4748273b6d4e1512,SURFACE_BALANCED,3,21,1,104729,2,E1xS1,10,1
run_1c8c4748273b6d4e1512,SURFACE_BALANCED,3,21,1,104729,2,E2xS2,6,1
run_1c8c4748273b6d4e1512,SURFACE_BALANCED,3,21,1,104729,3,E0xS0,39,1
run_1c8c4748273b6d4e1512,SURFACE_BALANCED,3,21,1,104729,3,E1xS1,12,1
run_1c8c4748273b6d4e1512,SURFACE_BALANCED,3,21,1,104729,3,E2xS2,35,1
run_1c8c4748273b6d4e1512,SURFACE_BALANCED,3,21,1,104729,4,E0xS0,32,1
run_1c8c4748273b6d4e1512,SURFACE_BALANCED,3,21,1,104729,4,E1xS1,32,1
run_1c8c4748273b6d4e1512,SURFACE_BALANCED,3,21,1,104729,4,E2xS2,39,1
run_1c8c4748273b6d4e1512,SURFACE_BALANCED,3,21,1,104729,5,E0xS0,1,1
run_1c8c4748273b6d4e1512,SURFACE_BALANCED,3,21,1,104729,5,E1xS1,43,1
run_1c8c4748273b6d4e1512,SURFACE_BALANCED,3,21,1,104729,5,E2xS2,12,1
run_1c8c4748273b6d4e1512,SURFACE_BALANCED,3,21,1,104729,6,E0xS0,12,1
run_1c8c4748273b6d4e1512,SURFACE_BALANCED,3,21,1,104729,6,E1xS1,12,1
run_1c8c4748273b6d4e1512,SURFACE_BALANCED,3,21,1,104729,6,E2xS2,48,1
run_4a2264f86b02883d375a,JOINT_FACTOR_COVERAGE,3,21,1,104729,0,E0xS2,7,1
run_4a2264f86b02883d375a,JOINT_FACTOR_COVERAGE,3,21,1,104729,0,E1xS0,2,1
run_4a2264f86b02883d375a,JOINT_FACTOR_COVERAGE,3,21,1,104729,0,E2xS1,15,1
run_4a2264f86b02883d375a,JOINT_FACTOR_COVERAGE,3,21,1,104729,1,E0xS2,21,1
run_4a2264f86b02883d375a,JOINT_FACTOR_COVERAGE,3,21,1,104729,1,E1xS0,3,1
run_4a2264f86b02883d375a,JOINT_FACTOR_COVERAGE,3,21,1,104729,1,E2xS1,35,1
run_4a2264f86b02883d375a,JOINT_FACTOR_COVERAGE,3,21,1,104729,2,E0xS2,43,1
run_4a2264f86b02883d375a,JOINT_FACTOR_COVERAGE,3,21,1,104729,2,E1xS0,14,1
run_4a2264f86b02883d375a,JOINT_FACTOR_COVERAGE,3,21,1,104729,2,E2xS1,42,1
run_4a2264f86b02883d375a,JOINT_FACTOR_COVERAGE,3,21,1,104729,3,E0xS2,32,1
run_4a2264f86b02883d375a,JOINT_FACTOR_COVERAGE,3,21,1,104729,3,E1xS0,22,1
run_4a2264f86b02883d375a,JOINT_FACTOR_COVERAGE,3,21,1,104729,3,E2xS1,30,1
run_4a2264f86b02883d375a,JOINT_FACTOR_COVERAGE,3,21,1,104729,4,E0xS2,11,1
run_4a2264f86b02883d375a,JOINT_FACTOR_COVERAGE,3,21,1,104729,4,E1xS0,45,1
run_4a2264f86b02883d375a,JOINT_FACTOR_COVERAGE,3,21,1,104729,4,E2xS1,16,1
run_4a2264f86b02883d375a,JOINT_FACTOR_COVERAGE,3,21,1,104729,5,E0xS2,40,1
run_4a2264f86b02883d375a,JOINT_FACTOR_COVERAGE,3,21,1,104729,5,E1xS0,16,1
run_4a2264f86b02883d375a,JOINT_FACTOR_COVERAGE,3,21,1,104729,5,E2xS1,17,1
run_4a2264f86b02883d375a,JOINT_FACTOR_COVERAGE,3,21,1,104729,6,E0xS2,29,1
run_4a2264f86b02883d375a,JOINT_FACTOR_COVERAGE,3,21,1,104729,6,E1xS0,32,1
run_4a2264f86b02883d375a,JOINT_FACTOR_COVERAGE,3,21,1,104729,6,E2xS1,7,1
run_2089f29fa9ec75048b2c,RANDOM_BLOCK,5,35,1,104729,0,E0xS2,7,1
run_2089f29fa9ec75048b2c,RANDOM_BLOCK,5,35,1,104729,0,E1xS0,2,1
run_2089f29fa9ec75048b2c,RANDOM_BLOCK,5,35,1,104729,0,E1xS1,9,1
run_2089f29fa9ec75048b2c,RANDOM_BLOCK,5,35,1,104729,0,E2xS1,15,1
run_2089f29fa9ec75048b2c,RANDOM_BLOCK,5,35,1,104729,0,E2xS2,41,1
run_2089f29fa9ec75048b2c,RANDOM_BLOCK,5,35,1,104729,1,E0xS2,21,1
run_2089f29fa9ec75048b2c,RANDOM_BLOCK,5,35,1,104729,1,E1xS0,3,1
run_2089f29fa9ec75048b2c,RANDOM_BLOCK,5,35,1,104729,1,E1xS1,38,1
run_2089f29fa9ec75048b2c,RANDOM_BLOCK,5,35,1,104729,1,E2xS1,35,1
run_2089f29fa9ec75048b2c,RANDOM_BLOCK,5,35,1,104729,1,E2xS2,40,1
run_2089f29fa9ec75048b2c,RANDOM_BLOCK,5,35,1,104729,2,E0xS2,43,1
run_2089f29fa9ec75048b2c,RANDOM_BLOCK,5,35,1,104729,2,E1xS0,14,1
run_2089f29fa9ec75048b2c,RANDOM_BLOCK,5,35,1,104729,2,E1xS1,10,1
run_2089f29fa9ec75048b2c,RANDOM_BLOCK,5,35,1,104729,2,E2xS1,42,1
run_2089f29fa9ec75048b2c,RANDOM_BLOCK,5,35,1,104729,2,E2xS2,6,1
run_2089f29fa9ec75048b2c,RANDOM_BLOCK,5,35,1,104729,3,E0xS2,32,1
run_2089f29fa9ec75048b2c,RANDOM_BLOCK,5,35,1,104729,3,E1xS0,22,1
run_2089f29fa9ec75048b2c,RANDOM_BLOCK,5,35,1,104729,3,E1xS1,12,1
run_2089f29fa9ec75048b2c,RANDOM_BLOCK,5,35,1,104729,3,E2xS1,30,1
run_2089f29fa9ec75048b2c,RANDOM_BLOCK,5,35,1,104729,3,E2xS2,35,1
run_2089f29fa9ec75048b2c,RANDOM_BLOCK,5,35,1,104729,4,E0xS2,11,1
run_2089f29fa9ec75048b2c,RANDOM_BLOCK,5,35,1,104729,4,E1xS0,45,1
run_2089f29fa9ec75048b2c,RANDOM_BLOCK,5,35,1,104729,4,E1xS1,32,1
run_2089f29fa9ec75048b2c,RANDOM_BLOCK,5,35,1,104729,4,E2xS1,16,1
run_2089f29fa9ec75048b2c,RANDOM_BLOCK,5,35,1,104729,4,E2xS2,39,1
run_2089f29fa9ec75048b2c,RANDOM_BLOCK,5,35,1,104729,5,E0xS2,40,1
run_2089f29fa9ec75048b2c,RANDOM_BLOCK,5,35,1,104729,5,E1xS0,16,1
run_2089f29fa9ec75048b2c,RANDOM_BLOCK,5,35,1,104729,5,E1xS1,43,1
run_2089f29fa9ec75048b2c,RANDOM_BLOCK,5,35,1,104729,5,E2xS1,17,1
run_2089f29fa9ec75048b2c,RANDOM_BLOCK,5,35,1,104729,5,E2xS2,12,1
run_2089f29fa9ec75048b2c,RANDOM_BLOCK,5,35,1,104729,6,E0xS2,29,1
run_2089f29fa9ec75048b2c,RANDOM_BLOCK,5,35,1,104729,6,E1xS0,32,1
run_2089f29fa9ec75048b2c,RANDOM_BLOCK,5,35,1,104729,6,E1xS1,12,1
run_2089f29fa9ec75048b2c,RANDOM_BLOCK,5,35,1,104729,6,E2xS1,7,1
run_2089f29fa9ec75048b2c,RANDOM_BLOCK,5,35,1,104729,6,E2xS2,48,1
run_ab4b31b7bac432dd7795,JOINT_FACTOR_COVERAGE,5,35,1,104729,0,E0xS0,19,1
run_ab4b31b7bac432dd7795,JOINT_FACTOR_COVERAGE,5,35,1,104729,0,E0xS2,7,1
run_ab4b31b7bac432dd7795,JOINT_FACTOR_COVERAGE,5,35,1,104729,0,E1xS0,2,1
run_ab4b31b7bac432dd7795,JOINT_FACTOR_COVERAGE,5,35,1,104729,0,E2xS1,15,1
run_ab4b31b7bac432dd7795,JOINT_FACTOR_COVERAGE,5,35,1,104729,0,E2xS2,41,1
run_ab4b31b7bac432dd7795,JOINT_FACTOR_COVERAGE,5,35,1,104729,1,E0xS0,15,1
run_ab4b31b7bac432dd7795,JOINT_FACTOR_COVERAGE,5,35,1,104729,1,E0xS2,21,1
run_ab4b31b7bac432dd7795,JOINT_FACTOR_COVERAGE,5,35,1,104729,1,E1xS0,3,1
run_ab4b31b7bac432dd7795,JOINT_FACTOR_COVERAGE,5,35,1,104729,1,E2xS1,35,1
run_ab4b31b7bac432dd7795,JOINT_FACTOR_COVERAGE,5,35,1,104729,1,E2xS2,40,1
run_ab4b31b7bac432dd7795,JOINT_FACTOR_COVERAGE,5,35,1,104729,2,E0xS0,36,1
run_ab4b31b7bac432dd7795,JOINT_FACTOR_COVERAGE,5,35,1,104729,2,E0xS2,43,1
run_ab4b31b7bac432dd7795,JOINT_FACTOR_COVERAGE,5,35,1,104729,2,E1xS0,14,1
run_ab4b31b7bac432dd7795,JOINT_FACTOR_COVERAGE,5,35,1,104729,2,E2xS1,42,1
run_ab4b31b7bac432dd7795,JOINT_FACTOR_COVERAGE,5,35,1,104729,2,E2xS2,6,1
run_ab4b31b7bac432dd7795,JOINT_FACTOR_COVERAGE,5,35,1,104729,3,E0xS0,39,1
run_ab4b31b7bac432dd7795,JOINT_FACTOR_COVERAGE,5,35,1,104729,3,E0xS2,32,1
run_ab4b31b7bac432dd7795,JOINT_FACTOR_COVERAGE,5,35,1,104729,3,E1xS0,22,1
run_ab4b31b7bac432dd7795,JOINT_FACTOR_COVERAGE,5,35,1,104729,3,E2xS1,30,1
run_ab4b31b7bac432dd7795,JOINT_FACTOR_COVERAGE,5,35,1,104729,3,E2xS2,35,1
run_ab4b31b7bac432dd7795,JOINT_FACTOR_COVERAGE,5,35,1,104729,4,E0xS0,32,1
run_ab4b31b7bac432dd7795,JOINT_FACTOR_COVERAGE,5,35,1,104729,4,E0xS2,11,1
run_ab4b31b7bac432dd7795,JOINT_FACTOR_COVERAGE,5,35,1,104729,4,E1xS0,45,1
run_ab4b31b7bac432dd7795,JOINT_FACTOR_COVERAGE,5,35,1,104729,4,E2xS1,16,1
run_ab4b31b7bac432dd7795,JOINT_FACTOR_COVERAGE,5,35,1,104729,4,E2xS2,39,1
run_ab4b31b7bac432dd7795,JOINT_FACTOR_COVERAGE,5,35,1,104729,5,E0xS0,1,1
run_ab4b31b7bac432dd7795,JOINT_FACTOR_COVERAGE,5,35,1,104729,5,E0xS2,40,1
run_ab4b31b7bac432dd7795,JOINT_FACTOR_COVERAGE,5,35,1,104729,5,E1xS0,16,1
run_ab4b31b7bac432dd7795,JOINT_FACTOR_COVERAGE,5,35,1,104729,5,E2xS1,17,1
run_ab4b31b7bac432dd7795,JOINT_FACTOR_COVERAGE,5,35,1,104729,5,E2xS2,12,1
run_ab4b31b7bac432dd7795,JOINT_FACTOR_COVERAGE,5,35,1,104729,6,E0xS0,12,1
run_ab4b31b7bac432dd7795,JOINT_FACTOR_COVERAGE,5,35,1,104729,6,E0xS2,29,1
run_ab4b31b7bac432dd7795,JOINT_FACTOR_COVERAGE,5,35,1,104729,6,E1xS0,32,1
run_ab4b31b7bac432dd7795,JOINT_FACTOR_COVERAGE,5,35,1,104729,6,E2xS1,7,1
run_ab4b31b7bac432dd7795,JOINT_FACTOR_COVERAGE,5,35,1,104729,6,E2xS2,48,1
run_3edd416d8abd40b5f8b0,RANDOM_BLOCK,1,7,1,130363,0,E1xS1,5,1
run_3edd416d8abd40b5f8b0,RANDOM_BLOCK,1,7,1,130363,1,E1xS1,16,1
run_3edd416d8abd40b5f8b0,RANDOM_BLOCK,1,7,1,130363,2,E1xS1,20,1
run_3edd416d8abd40b5f8b0,RANDOM_BLOCK,1,7,1,130363,3,E1xS1,45,1
run_3edd416d8abd40b5f8b0,RANDOM_BLOCK,1,7,1,130363,4,E1xS1,19,1
run_3edd416d8abd40b5f8b0,RANDOM_BLOCK,1,7,1,130363,5,E1xS1,20,1
run_3edd416d8abd40b5f8b0,RANDOM_BLOCK,1,7,1,130363,6,E1xS1,34,1
run_d04e721071fc27bc0f13,RANDOM_BLOCK,3,21,1,130363,0,E0xS2,30,1
run_d04e721071fc27bc0f13,RANDOM_BLOCK,3,21,1,130363,0,E1xS0,35,1
run_d04e721071fc27bc0f13,RANDOM_BLOCK,3,21,1,130363,0,E2xS2,3,1
run_d04e721071fc27bc0f13,RANDOM_BLOCK,3,21,1,130363,1,E0xS2,41,1
run_d04e721071fc27bc0f13,RANDOM_BLOCK,3,21,1,130363,1,E1xS0,16,1
run_d04e721071fc27bc0f13,RANDOM_BLOCK,3,21,1,130363,1,E2xS2,28,1
run_d04e721071fc27bc0f13,RANDOM_BLOCK,3,21,1,130363,2,E0xS2,38,1
run_d04e721071fc27bc0f13,RANDOM_BLOCK,3,21,1,130363,2,E1xS0,5,1
run_d04e721071fc27bc0f13,RANDOM_BLOCK,3,21,1,130363,2,E2xS2,1,1
run_d04e721071fc27bc0f13,RANDOM_BLOCK,3,21,1,130363,3,E0xS2,9,1
run_d04e721071fc27bc0f13,RANDOM_BLOCK,3,21,1,130363,3,E1xS0,9,1
run_d04e721071fc27bc0f13,RANDOM_BLOCK,3,21,1,130363,3,E2xS2,5,1
run_d04e721071fc27bc0f13,RANDOM_BLOCK,3,21,1,130363,4,E0xS2,47,1
run_d04e721071fc27bc0f13,RANDOM_BLOCK,3,21,1,130363,4,E1xS0,20,1
run_d04e721071fc27bc0f13,RANDOM_BLOCK,3,21,1,130363,4,E2xS2,4,1
run_d04e721071fc27bc0f13,RANDOM_BLOCK,3,21,1,130363,5,E0xS2,28,1
run_d04e721071fc27bc0f13,RANDOM_BLOCK,3,21,1,130363,5,E1xS0,23,1
run_d04e721071fc27bc0f13,RANDOM_BLOCK,3,21,1,130363,5,E2xS2,15,1
run_d04e721071fc27bc0f13,RANDOM_BLOCK,3,21,1,130363,6,E0xS2,29,1
run_d04e721071fc27bc0f13,RANDOM_BLOCK,3,21,1,130363,6,E1xS0,29,1
run_d04e721071fc27bc0f13,RANDOM_BLOCK,3,21,1,130363,6,E2xS2,13,1
run_4788d9bbba95b4533917,ER_BALANCED,3,21,1,130363,0,E0xS2,30,1
run_4788d9bbba95b4533917,ER_BALANCED,3,21,1,130363,0,E1xS1,5,1
run_4788d9bbba95b4533917,ER_BALANCED,3,21,1,130363,0,E2xS1,1,1
run_4788d9bbba95b4533917,ER_BALANCED,3,21,1,130363,1,E0xS2,41,1
run_4788d9bbba95b4533917,ER_BALANCED,3,21,1,130363,1,E1xS1,16,1
run_4788d9bbba95b4533917,ER_BALANCED,3,21,1,130363,1,E2xS1,46,1
run_4788d9bbba95b4533917,ER_BALANCED,3,21,1,130363,2,E0xS2,38,1
run_4788d9bbba95b4533917,ER_BALANCED,3,21,1,130363,2,E1xS1,20,1
run_4788d9bbba95b4533917,ER_BALANCED,3,21,1,130363,2,E2xS1,36,1
run_4788d9bbba95b4533917,ER_BALANCED,3,21,1,130363,3,E0xS2,9,1
run_4788d9bbba95b4533917,ER_BALANCED,3,21,1,130363,3,E1xS1,45,1
run_4788d9bbba95b4533917,ER_BALANCED,3,21,1,130363,3,E2xS1,41,1
run_4788d9bbba95b4533917,ER_BALANCED,3,21,1,130363,4,E0xS2,47,1
run_4788d9bbba95b4533917,ER_BALANCED,3,21,1,130363,4,E1xS1,19,1
run_4788d9bbba95b4533917,ER_BALANCED,3,21,1,130363,4,E2xS1,9,1
run_4788d9bbba95b4533917,ER_BALANCED,3,21,1,130363,5,E0xS2,28,1
run_4788d9bbba95b4533917,ER_BALANCED,3,21,1,130363,5,E1xS1,20,1
run_4788d9bbba95b4533917,ER_BALANCED,3,21,1,130363,5,E2xS1,37,1
run_4788d9bbba95b4533917,ER_BALANCED,3,21,1,130363,6,E0xS2,29,1
run_4788d9bbba95b4533917,ER_BALANCED,3,21,1,130363,6,E1xS1,34,1
run_4788d9bbba95b4533917,ER_BALANCED,3,21,1,130363,6,E2xS1,40,1
run_48f4cdef893e5c04f013,SURFACE_BALANCED,3,21,1,130363,0,E0xS0,2,1
run_48f4cdef893e5c04f013,SURFACE_BALANCED,3,21,1,130363,0,E0xS2,30,1
run_48f4cdef893e5c04f013,SURFACE_BALANCED,3,21,1,130363,0,E2xS1,1,1
run_48f4cdef893e5c04f013,SURFACE_BALANCED,3,21,1,130363,1,E0xS0,13,1
run_48f4cdef893e5c04f013,SURFACE_BALANCED,3,21,1,130363,1,E0xS2,41,1
run_48f4cdef893e5c04f013,SURFACE_BALANCED,3,21,1,130363,1,E2xS1,46,1
run_48f4cdef893e5c04f013,SURFACE_BALANCED,3,21,1,130363,2,E0xS0,49,1
run_48f4cdef893e5c04f013,SURFACE_BALANCED,3,21,1,130363,2,E0xS2,38,1
run_48f4cdef893e5c04f013,SURFACE_BALANCED,3,21,1,130363,2,E2xS1,36,1
run_48f4cdef893e5c04f013,SURFACE_BALANCED,3,21,1,130363,3,E0xS0,22,1
run_48f4cdef893e5c04f013,SURFACE_BALANCED,3,21,1,130363,3,E0xS2,9,1
run_48f4cdef893e5c04f013,SURFACE_BALANCED,3,21,1,130363,3,E2xS1,41,1
run_48f4cdef893e5c04f013,SURFACE_BALANCED,3,21,1,130363,4,E0xS0,49,1
run_48f4cdef893e5c04f013,SURFACE_BALANCED,3,21,1,130363,4,E0xS2,47,1
run_48f4cdef893e5c04f013,SURFACE_BALANCED,3,21,1,130363,4,E2xS1,9,1
run_48f4cdef893e5c04f013,SURFACE_BALANCED,3,21,1,130363,5,E0xS0,3,1
run_48f4cdef893e5c04f013,SURFACE_BALANCED,3,21,1,130363,5,E0xS2,28,1
run_48f4cdef893e5c04f013,SURFACE_BALANCED,3,21,1,130363,5,E2xS1,37,1
run_48f4cdef893e5c04f013,SURFACE_BALANCED,3,21,1,130363,6,E0xS0,27,1
run_48f4cdef893e5c04f013,SURFACE_BALANCED,3,21,1,130363,6,E0xS2,29,1
run_48f4cdef893e5c04f013,SURFACE_BALANCED,3,21,1,130363,6,E2xS1,40,1
run_1a6ca317a9c0df6d27d6,JOINT_FACTOR_COVERAGE,3,21,1,130363,0,E0xS0,2,1
run_1a6ca317a9c0df6d27d6,JOINT_FACTOR_COVERAGE,3,21,1,130363,0,E1xS1,5,1
run_1a6ca317a9c0df6d27d6,JOINT_FACTOR_COVERAGE,3,21,1,130363,0,E2xS2,3,1
run_1a6ca317a9c0df6d27d6,JOINT_FACTOR_COVERAGE,3,21,1,130363,1,E0xS0,13,1
run_1a6ca317a9c0df6d27d6,JOINT_FACTOR_COVERAGE,3,21,1,130363,1,E1xS1,16,1
run_1a6ca317a9c0df6d27d6,JOINT_FACTOR_COVERAGE,3,21,1,130363,1,E2xS2,28,1
run_1a6ca317a9c0df6d27d6,JOINT_FACTOR_COVERAGE,3,21,1,130363,2,E0xS0,49,1
run_1a6ca317a9c0df6d27d6,JOINT_FACTOR_COVERAGE,3,21,1,130363,2,E1xS1,20,1
run_1a6ca317a9c0df6d27d6,JOINT_FACTOR_COVERAGE,3,21,1,130363,2,E2xS2,1,1
run_1a6ca317a9c0df6d27d6,JOINT_FACTOR_COVERAGE,3,21,1,130363,3,E0xS0,22,1
run_1a6ca317a9c0df6d27d6,JOINT_FACTOR_COVERAGE,3,21,1,130363,3,E1xS1,45,1
run_1a6ca317a9c0df6d27d6,JOINT_FACTOR_COVERAGE,3,21,1,130363,3,E2xS2,5,1
run_1a6ca317a9c0df6d27d6,JOINT_FACTOR_COVERAGE,3,21,1,130363,4,E0xS0,49,1
run_1a6ca317a9c0df6d27d6,JOINT_FACTOR_COVERAGE,3,21,1,130363,4,E1xS1,19,1
run_1a6ca317a9c0df6d27d6,JOINT_FACTOR_COVERAGE,3,21,1,130363,4,E2xS2,4,1
run_1a6ca317a9c0df6d27d6,JOINT_FACTOR_COVERAGE,3,21,1,130363,5,E0xS0,3,1
run_1a6ca317a9c0df6d27d6,JOINT_FACTOR_COVERAGE,3,21,1,130363,5,E1xS1,20,1
run_1a6ca317a9c0df6d27d6,JOINT_FACTOR_COVERAGE,3,21,1,130363,5,E2xS2,15,1
run_1a6ca317a9c0df6d27d6,JOINT_FACTOR_COVERAGE,3,21,1,130363,6,E0xS0,27,1
run_1a6ca317a9c0df6d27d6,JOINT_FACTOR_COVERAGE,3,21,1,130363,6,E1xS1,34,1
run_1a6ca317a9c0df6d27d6,JOINT_FACTOR_COVERAGE,3,21,1,130363,6,E2xS2,13,1
run_5e75d8ef6fc0dbd7ca75,RANDOM_BLOCK,5,35,1,130363,0,E0xS0,2,1
run_5e75d8ef6fc0dbd7ca75,RANDOM_BLOCK,5,35,1,130363,0,E0xS2,30,1
run_5e75d8ef6fc0dbd7ca75,RANDOM_BLOCK,5,35,1,130363,0,E1xS0,35,1
run_5e75d8ef6fc0dbd7ca75,RANDOM_BLOCK,5,35,1,130363,0,E1xS1,5,1
run_5e75d8ef6fc0dbd7ca75,RANDOM_BLOCK,5,35,1,130363,0,E2xS1,1,1
run_5e75d8ef6fc0dbd7ca75,RANDOM_BLOCK,5,35,1,130363,1,E0xS0,13,1
run_5e75d8ef6fc0dbd7ca75,RANDOM_BLOCK,5,35,1,130363,1,E0xS2,41,1
run_5e75d8ef6fc0dbd7ca75,RANDOM_BLOCK,5,35,1,130363,1,E1xS0,16,1
run_5e75d8ef6fc0dbd7ca75,RANDOM_BLOCK,5,35,1,130363,1,E1xS1,16,1
run_5e75d8ef6fc0dbd7ca75,RANDOM_BLOCK,5,35,1,130363,1,E2xS1,46,1
run_5e75d8ef6fc0dbd7ca75,RANDOM_BLOCK,5,35,1,130363,2,E0xS0,49,1
run_5e75d8ef6fc0dbd7ca75,RANDOM_BLOCK,5,35,1,130363,2,E0xS2,38,1
run_5e75d8ef6fc0dbd7ca75,RANDOM_BLOCK,5,35,1,130363,2,E1xS0,5,1
run_5e75d8ef6fc0dbd7ca75,RANDOM_BLOCK,5,35,1,130363,2,E1xS1,20,1
run_5e75d8ef6fc0dbd7ca75,RANDOM_BLOCK,5,35,1,130363,2,E2xS1,36,1
run_5e75d8ef6fc0dbd7ca75,RANDOM_BLOCK,5,35,1,130363,3,E0xS0,22,1
run_5e75d8ef6fc0dbd7ca75,RANDOM_BLOCK,5,35,1,130363,3,E0xS2,9,1
run_5e75d8ef6fc0dbd7ca75,RANDOM_BLOCK,5,35,1,130363,3,E1xS0,9,1
run_5e75d8ef6fc0dbd7ca75,RANDOM_BLOCK,5,35,1,130363,3,E1xS1,45,1
run_5e75d8ef6fc0dbd7ca75,RANDOM_BLOCK,5,35,1,130363,3,E2xS1,41,1
run_5e75d8ef6fc0dbd7ca75,RANDOM_BLOCK,5,35,1,130363,4,E0xS0,49,1
run_5e75d8ef6fc0dbd7ca75,RANDOM_BLOCK,5,35,1,130363,4,E0xS2,47,1
run_5e75d8ef6fc0dbd7ca75,RANDOM_BLOCK,5,35,1,130363,4,E1xS0,20,1
run_5e75d8ef6fc0dbd7ca75,RANDOM_BLOCK,5,35,1,130363,4,E1xS1,19,1
run_5e75d8ef6fc0dbd7ca75,RANDOM_BLOCK,5,35,1,130363,4,E2xS1,9,1
run_5e75d8ef6fc0dbd7ca75,RANDOM_BLOCK,5,35,1,130363,5,E0xS0,3,1
run_5e75d8ef6fc0dbd7ca75,RANDOM_BLOCK,5,35,1,130363,5,E0xS2,28,1
run_5e75d8ef6fc0dbd7ca75,RANDOM_BLOCK,5,35,1,130363,5,E1xS0,23,1
run_5e75d8ef6fc0dbd7ca75,RANDOM_BLOCK,5,35,1,130363,5,E1xS1,20,1
run_5e75d8ef6fc0dbd7ca75,RANDOM_BLOCK,5,35,1,130363,5,E2xS1,37,1
run_5e75d8ef6fc0dbd7ca75,RANDOM_BLOCK,5,35,1,130363,6,E0xS0,27,1
run_5e75d8ef6fc0dbd7ca75,RANDOM_BLOCK,5,35,1,130363,6,E0xS2,29,1
run_5e75d8ef6fc0dbd7ca75,RANDOM_BLOCK,5,35,1,130363,6,E1xS0,29,1
run_5e75d8ef6fc0dbd7ca75,RANDOM_BLOCK,5,35,1,130363,6,E1xS1,34,1
run_5e75d8ef6fc0dbd7ca75,RANDOM_BLOCK,5,35,1,130363,6,E2xS1,40,1
run_dec3973a6a4be54a022b,JOINT_FACTOR_COVERAGE,5,35,1,130363,0,E0xS0,2,1
run_dec3973a6a4be54a022b,JOINT_FACTOR_COVERAGE,5,35,1,130363,0,E0xS2,30,1
run_dec3973a6a4be54a022b,JOINT_FACTOR_COVERAGE,5,35,1,130363,0,E1xS0,35,1
run_dec3973a6a4be54a022b,JOINT_FACTOR_COVERAGE,5,35,1,130363,0,E2xS1,1,1
run_dec3973a6a4be54a022b,JOINT_FACTOR_COVERAGE,5,35,1,130363,0,E2xS2,3,1
run_dec3973a6a4be54a022b,JOINT_FACTOR_COVERAGE,5,35,1,130363,1,E0xS0,13,1
run_dec3973a6a4be54a022b,JOINT_FACTOR_COVERAGE,5,35,1,130363,1,E0xS2,41,1
run_dec3973a6a4be54a022b,JOINT_FACTOR_COVERAGE,5,35,1,130363,1,E1xS0,16,1
run_dec3973a6a4be54a022b,JOINT_FACTOR_COVERAGE,5,35,1,130363,1,E2xS1,46,1
run_dec3973a6a4be54a022b,JOINT_FACTOR_COVERAGE,5,35,1,130363,1,E2xS2,28,1
run_dec3973a6a4be54a022b,JOINT_FACTOR_COVERAGE,5,35,1,130363,2,E0xS0,49,1
run_dec3973a6a4be54a022b,JOINT_FACTOR_COVERAGE,5,35,1,130363,2,E0xS2,38,1
run_dec3973a6a4be54a022b,JOINT_FACTOR_COVERAGE,5,35,1,130363,2,E1xS0,5,1
run_dec3973a6a4be54a022b,JOINT_FACTOR_COVERAGE,5,35,1,130363,2,E2xS1,36,1
run_dec3973a6a4be54a022b,JOINT_FACTOR_COVERAGE,5,35,1,130363,2,E2xS2,1,1
run_dec3973a6a4be54a022b,JOINT_FACTOR_COVERAGE,5,35,1,130363,3,E0xS0,22,1
run_dec3973a6a4be54a022b,JOINT_FACTOR_COVERAGE,5,35,1,130363,3,E0xS2,9,1
run_dec3973a6a4be54a022b,JOINT_FACTOR_COVERAGE,5,35,1,130363,3,E1xS0,9,1
run_dec3973a6a4be54a022b,JOINT_FACTOR_COVERAGE,5,35,1,130363,3,E2xS1,41,1
run_dec3973a6a4be54a022b,JOINT_FACTOR_COVERAGE,5,35,1,130363,3,E2xS2,5,1
run_dec3973a6a4be54a022b,JOINT_FACTOR_COVERAGE,5,35,1,130363,4,E0xS0,49,1
run_dec3973a6a4be54a022b,JOINT_FACTOR_COVERAGE,5,35,1,130363,4,E0xS2,47,1
run_dec3973a6a4be54a022b,JOINT_FACTOR_COVERAGE,5,35,1,130363,4,E1xS0,20,1
run_dec3973a6a4be54a022b,JOINT_FACTOR_COVERAGE,5,35,1,130363,4,E2xS1,9,1
run_dec3973a6a4be54a022b,JOINT_FACTOR_COVERAGE,5,35,1,130363,4,E2xS2,4,1
run_dec3973a6a4be54a022b,JOINT_FACTOR_COVERAGE,5,35,1,130363,5,E0xS0,3,1
run_dec3973a6a4be54a022b,JOINT_FACTOR_COVERAGE,5,35,1,130363,5,E0xS2,28,1
run_dec3973a6a4be54a022b,JOINT_FACTOR_COVERAGE,5,35,1,130363,5,E1xS0,23,1
run_dec3973a6a4be54a022b,JOINT_FACTOR_COVERAGE,5,35,1,130363,5,E2xS1,37,1
run_dec3973a6a4be54a022b,JOINT_FACTOR_COVERAGE,5,35,1,130363,5,E2xS2,15,1
run_dec3973a6a4be54a022b,JOINT_FACTOR_COVERAGE,5,35,1,130363,6,E0xS0,27,1
run_dec3973a6a4be54a022b,JOINT_FACTOR_COVERAGE,5,35,1,130363,6,E0xS2,29,1
run_dec3973a6a4be54a022b,JOINT_FACTOR_COVERAGE,5,35,1,130363,6,E1xS0,29,1
run_dec3973a6a4be54a022b,JOINT_FACTOR_COVERAGE,5,35,1,130363,6,E2xS1,40,1
run_dec3973a6a4be54a022b,JOINT_FACTOR_COVERAGE,5,35,1,130363,6,E2xS2,13,1
run_d19336ab6b6e1a42cb66,RANDOM_BLOCK,1,7,1,155921,0,E0xS0,13,1
run_d19336ab6b6e1a42cb66,RANDOM_BLOCK,1,7,1,155921,1,E0xS0,10,1
run_d19336ab6b6e1a42cb66,RANDOM_BLOCK,1,7,1,155921,2,E0xS0,20,1
run_d19336ab6b6e1a42cb66,RANDOM_BLOCK,1,7,1,155921,3,E0xS0,15,1
run_d19336ab6b6e1a42cb66,RANDOM_BLOCK,1,7,1,155921,4,E0xS0,14,1
run_d19336ab6b6e1a42cb66,RANDOM_BLOCK,1,7,1,155921,5,E0xS0,5,1
run_d19336ab6b6e1a42cb66,RANDOM_BLOCK,1,7,1,155921,6,E0xS0,15,1
run_ff6b803b4f073510f5f0,RANDOM_BLOCK,3,21,1,155921,0,E0xS0,13,1
run_ff6b803b4f073510f5f0,RANDOM_BLOCK,3,21,1,155921,0,E1xS1,6,1
run_ff6b803b4f073510f5f0,RANDOM_BLOCK,3,21,1,155921,0,E2xS1,34,1
run_ff6b803b4f073510f5f0,RANDOM_BLOCK,3,21,1,155921,1,E0xS0,10,1
run_ff6b803b4f073510f5f0,RANDOM_BLOCK,3,21,1,155921,1,E1xS1,26,1
run_ff6b803b4f073510f5f0,RANDOM_BLOCK,3,21,1,155921,1,E2xS1,28,1
run_ff6b803b4f073510f5f0,RANDOM_BLOCK,3,21,1,155921,2,E0xS0,20,1
run_ff6b803b4f073510f5f0,RANDOM_BLOCK,3,21,1,155921,2,E1xS1,27,1
run_ff6b803b4f073510f5f0,RANDOM_BLOCK,3,21,1,155921,2,E2xS1,33,1
run_ff6b803b4f073510f5f0,RANDOM_BLOCK,3,21,1,155921,3,E0xS0,15,1
run_ff6b803b4f073510f5f0,RANDOM_BLOCK,3,21,1,155921,3,E1xS1,21,1
run_ff6b803b4f073510f5f0,RANDOM_BLOCK,3,21,1,155921,3,E2xS1,39,1
run_ff6b803b4f073510f5f0,RANDOM_BLOCK,3,21,1,155921,4,E0xS0,14,1
run_ff6b803b4f073510f5f0,RANDOM_BLOCK,3,21,1,155921,4,E1xS1,42,1
run_ff6b803b4f073510f5f0,RANDOM_BLOCK,3,21,1,155921,4,E2xS1,12,1
run_ff6b803b4f073510f5f0,RANDOM_BLOCK,3,21,1,155921,5,E0xS0,5,1
run_ff6b803b4f073510f5f0,RANDOM_BLOCK,3,21,1,155921,5,E1xS1,41,1
run_ff6b803b4f073510f5f0,RANDOM_BLOCK,3,21,1,155921,5,E2xS1,5,1
run_ff6b803b4f073510f5f0,RANDOM_BLOCK,3,21,1,155921,6,E0xS0,15,1
run_ff6b803b4f073510f5f0,RANDOM_BLOCK,3,21,1,155921,6,E1xS1,21,1
run_ff6b803b4f073510f5f0,RANDOM_BLOCK,3,21,1,155921,6,E2xS1,15,1
run_02f13b3c8a08eec446c9,ER_BALANCED,3,21,1,155921,0,E0xS0,13,1
run_02f13b3c8a08eec446c9,ER_BALANCED,3,21,1,155921,0,E1xS1,6,1
run_02f13b3c8a08eec446c9,ER_BALANCED,3,21,1,155921,0,E2xS1,34,1
run_02f13b3c8a08eec446c9,ER_BALANCED,3,21,1,155921,1,E0xS0,10,1
run_02f13b3c8a08eec446c9,ER_BALANCED,3,21,1,155921,1,E1xS1,26,1
run_02f13b3c8a08eec446c9,ER_BALANCED,3,21,1,155921,1,E2xS1,28,1
run_02f13b3c8a08eec446c9,ER_BALANCED,3,21,1,155921,2,E0xS0,20,1
run_02f13b3c8a08eec446c9,ER_BALANCED,3,21,1,155921,2,E1xS1,27,1
run_02f13b3c8a08eec446c9,ER_BALANCED,3,21,1,155921,2,E2xS1,33,1
run_02f13b3c8a08eec446c9,ER_BALANCED,3,21,1,155921,3,E0xS0,15,1
run_02f13b3c8a08eec446c9,ER_BALANCED,3,21,1,155921,3,E1xS1,21,1
run_02f13b3c8a08eec446c9,ER_BALANCED,3,21,1,155921,3,E2xS1,39,1
run_02f13b3c8a08eec446c9,ER_BALANCED,3,21,1,155921,4,E0xS0,14,1
run_02f13b3c8a08eec446c9,ER_BALANCED,3,21,1,155921,4,E1xS1,42,1
run_02f13b3c8a08eec446c9,ER_BALANCED,3,21,1,155921,4,E2xS1,12,1
run_02f13b3c8a08eec446c9,ER_BALANCED,3,21,1,155921,5,E0xS0,5,1
run_02f13b3c8a08eec446c9,ER_BALANCED,3,21,1,155921,5,E1xS1,41,1
run_02f13b3c8a08eec446c9,ER_BALANCED,3,21,1,155921,5,E2xS1,5,1
run_02f13b3c8a08eec446c9,ER_BALANCED,3,21,1,155921,6,E0xS0,15,1
run_02f13b3c8a08eec446c9,ER_BALANCED,3,21,1,155921,6,E1xS1,21,1
run_02f13b3c8a08eec446c9,ER_BALANCED,3,21,1,155921,6,E2xS1,15,1
run_0f4470432dc6046be046,SURFACE_BALANCED,3,21,1,155921,0,E0xS0,13,1
run_0f4470432dc6046be046,SURFACE_BALANCED,3,21,1,155921,0,E1xS1,6,1
run_0f4470432dc6046be046,SURFACE_BALANCED,3,21,1,155921,0,E2xS2,27,1
run_0f4470432dc6046be046,SURFACE_BALANCED,3,21,1,155921,1,E0xS0,10,1
run_0f4470432dc6046be046,SURFACE_BALANCED,3,21,1,155921,1,E1xS1,26,1
run_0f4470432dc6046be046,SURFACE_BALANCED,3,21,1,155921,1,E2xS2,20,1
run_0f4470432dc6046be046,SURFACE_BALANCED,3,21,1,155921,2,E0xS0,20,1
run_0f4470432dc6046be046,SURFACE_BALANCED,3,21,1,155921,2,E1xS1,27,1
run_0f4470432dc6046be046,SURFACE_BALANCED,3,21,1,155921,2,E2xS2,19,1
run_0f4470432dc6046be046,SURFACE_BALANCED,3,21,1,155921,3,E0xS0,15,1
run_0f4470432dc6046be046,SURFACE_BALANCED,3,21,1,155921,3,E1xS1,21,1
run_0f4470432dc6046be046,SURFACE_BALANCED,3,21,1,155921,3,E2xS2,23,1
run_0f4470432dc6046be046,SURFACE_BALANCED,3,21,1,155921,4,E0xS0,14,1
run_0f4470432dc6046be046,SURFACE_BALANCED,3,21,1,155921,4,E1xS1,42,1
run_0f4470432dc6046be046,SURFACE_BALANCED,3,21,1,155921,4,E2xS2,15,1
run_0f4470432dc6046be046,SURFACE_BALANCED,3,21,1,155921,5,E0xS0,5,1
run_0f4470432dc6046be046,SURFACE_BALANCED,3,21,1,155921,5,E1xS1,41,1
run_0f4470432dc6046be046,SURFACE_BALANCED,3,21,1,155921,5,E2xS2,16,1
run_0f4470432dc6046be046,SURFACE_BALANCED,3,21,1,155921,6,E0xS0,15,1
run_0f4470432dc6046be046,SURFACE_BALANCED,3,21,1,155921,6,E1xS1,21,1
run_0f4470432dc6046be046,SURFACE_BALANCED,3,21,1,155921,6,E2xS2,49,1
run_3069a594ffe90fafe059,JOINT_FACTOR_COVERAGE,3,21,1,155921,0,E0xS0,13,1
run_3069a594ffe90fafe059,JOINT_FACTOR_COVERAGE,3,21,1,155921,0,E1xS1,6,1
run_3069a594ffe90fafe059,JOINT_FACTOR_COVERAGE,3,21,1,155921,0,E2xS2,27,1
run_3069a594ffe90fafe059,JOINT_FACTOR_COVERAGE,3,21,1,155921,1,E0xS0,10,1
run_3069a594ffe90fafe059,JOINT_FACTOR_COVERAGE,3,21,1,155921,1,E1xS1,26,1
run_3069a594ffe90fafe059,JOINT_FACTOR_COVERAGE,3,21,1,155921,1,E2xS2,20,1
run_3069a594ffe90fafe059,JOINT_FACTOR_COVERAGE,3,21,1,155921,2,E0xS0,20,1
run_3069a594ffe90fafe059,JOINT_FACTOR_COVERAGE,3,21,1,155921,2,E1xS1,27,1
run_3069a594ffe90fafe059,JOINT_FACTOR_COVERAGE,3,21,1,155921,2,E2xS2,19,1
run_3069a594ffe90fafe059,JOINT_FACTOR_COVERAGE,3,21,1,155921,3,E0xS0,15,1
run_3069a594ffe90fafe059,JOINT_FACTOR_COVERAGE,3,21,1,155921,3,E1xS1,21,1
run_3069a594ffe90fafe059,JOINT_FACTOR_COVERAGE,3,21,1,155921,3,E2xS2,23,1
run_3069a594ffe90fafe059,JOINT_FACTOR_COVERAGE,3,21,1,155921,4,E0xS0,14,1
run_3069a594ffe90fafe059,JOINT_FACTOR_COVERAGE,3,21,1,155921,4,E1xS1,42,1
run_3069a594ffe90fafe059,JOINT_FACTOR_COVERAGE,3,21,1,155921,4,E2xS2,15,1
run_3069a594ffe90fafe059,JOINT_FACTOR_COVERAGE,3,21,1,155921,5,E0xS0,5,1
run_3069a594ffe90fafe059,JOINT_FACTOR_COVERAGE,3,21,1,155921,5,E1xS1,41,1
run_3069a594ffe90fafe059,JOINT_FACTOR_COVERAGE,3,21,1,155921,5,E2xS2,16,1
run_3069a594ffe90fafe059,JOINT_FACTOR_COVERAGE,3,21,1,155921,6,E0xS0,15,1
run_3069a594ffe90fafe059,JOINT_FACTOR_COVERAGE,3,21,1,155921,6,E1xS1,21,1
run_3069a594ffe90fafe059,JOINT_FACTOR_COVERAGE,3,21,1,155921,6,E2xS2,49,1
run_ea4d4adffec2a6c18db8,RANDOM_BLOCK,5,35,1,155921,0,E0xS0,13,1
run_ea4d4adffec2a6c18db8,RANDOM_BLOCK,5,35,1,155921,0,E0xS2,8,1
run_ea4d4adffec2a6c18db8,RANDOM_BLOCK,5,35,1,155921,0,E1xS1,6,1
run_ea4d4adffec2a6c18db8,RANDOM_BLOCK,5,35,1,155921,0,E2xS1,34,1
run_ea4d4adffec2a6c18db8,RANDOM_BLOCK,5,35,1,155921,0,E2xS2,27,1
run_ea4d4adffec2a6c18db8,RANDOM_BLOCK,5,35,1,155921,1,E0xS0,10,1
run_ea4d4adffec2a6c18db8,RANDOM_BLOCK,5,35,1,155921,1,E0xS2,44,1
run_ea4d4adffec2a6c18db8,RANDOM_BLOCK,5,35,1,155921,1,E1xS1,26,1
run_ea4d4adffec2a6c18db8,RANDOM_BLOCK,5,35,1,155921,1,E2xS1,28,1
run_ea4d4adffec2a6c18db8,RANDOM_BLOCK,5,35,1,155921,1,E2xS2,20,1
run_ea4d4adffec2a6c18db8,RANDOM_BLOCK,5,35,1,155921,2,E0xS0,20,1
run_ea4d4adffec2a6c18db8,RANDOM_BLOCK,5,35,1,155921,2,E0xS2,29,1
run_ea4d4adffec2a6c18db8,RANDOM_BLOCK,5,35,1,155921,2,E1xS1,27,1
run_ea4d4adffec2a6c18db8,RANDOM_BLOCK,5,35,1,155921,2,E2xS1,33,1
run_ea4d4adffec2a6c18db8,RANDOM_BLOCK,5,35,1,155921,2,E2xS2,19,1
run_ea4d4adffec2a6c18db8,RANDOM_BLOCK,5,35,1,155921,3,E0xS0,15,1
run_ea4d4adffec2a6c18db8,RANDOM_BLOCK,5,35,1,155921,3,E0xS2,46,1
run_ea4d4adffec2a6c18db8,RANDOM_BLOCK,5,35,1,155921,3,E1xS1,21,1
run_ea4d4adffec2a6c18db8,RANDOM_BLOCK,5,35,1,155921,3,E2xS1,39,1
run_ea4d4adffec2a6c18db8,RANDOM_BLOCK,5,35,1,155921,3,E2xS2,23,1
run_ea4d4adffec2a6c18db8,RANDOM_BLOCK,5,35,1,155921,4,E0xS0,14,1
run_ea4d4adffec2a6c18db8,RANDOM_BLOCK,5,35,1,155921,4,E0xS2,19,1
run_ea4d4adffec2a6c18db8,RANDOM_BLOCK,5,35,1,155921,4,E1xS1,42,1
run_ea4d4adffec2a6c18db8,RANDOM_BLOCK,5,35,1,155921,4,E2xS1,12,1
run_ea4d4adffec2a6c18db8,RANDOM_BLOCK,5,35,1,155921,4,E2xS2,15,1
run_ea4d4adffec2a6c18db8,RANDOM_BLOCK,5,35,1,155921,5,E0xS0,5,1
run_ea4d4adffec2a6c18db8,RANDOM_BLOCK,5,35,1,155921,5,E0xS2,42,1
run_ea4d4adffec2a6c18db8,RANDOM_BLOCK,5,35,1,155921,5,E1xS1,41,1
run_ea4d4adffec2a6c18db8,RANDOM_BLOCK,5,35,1,155921,5,E2xS1,5,1
run_ea4d4adffec2a6c18db8,RANDOM_BLOCK,5,35,1,155921,5,E2xS2,16,1
run_ea4d4adffec2a6c18db8,RANDOM_BLOCK,5,35,1,155921,6,E0xS0,15,1
run_ea4d4adffec2a6c18db8,RANDOM_BLOCK,5,35,1,155921,6,E0xS2,2,1
run_ea4d4adffec2a6c18db8,RANDOM_BLOCK,5,35,1,155921,6,E1xS1,21,1
run_ea4d4adffec2a6c18db8,RANDOM_BLOCK,5,35,1,155921,6,E2xS1,15,1
run_ea4d4adffec2a6c18db8,RANDOM_BLOCK,5,35,1,155921,6,E2xS2,49,1
run_845b5665b4eadc5dc4fa,JOINT_FACTOR_COVERAGE,5,35,1,155921,0,E0xS0,13,1
run_845b5665b4eadc5dc4fa,JOINT_FACTOR_COVERAGE,5,35,1,155921,0,E0xS2,8,1
run_845b5665b4eadc5dc4fa,JOINT_FACTOR_COVERAGE,5,35,1,155921,0,E1xS0,5,1
run_845b5665b4eadc5dc4fa,JOINT_FACTOR_COVERAGE,5,35,1,155921,0,E2xS1,34,1
run_845b5665b4eadc5dc4fa,JOINT_FACTOR_COVERAGE,5,35,1,155921,0,E2xS2,27,1
run_845b5665b4eadc5dc4fa,JOINT_FACTOR_COVERAGE,5,35,1,155921,1,E0xS0,10,1
run_845b5665b4eadc5dc4fa,JOINT_FACTOR_COVERAGE,5,35,1,155921,1,E0xS2,44,1
run_845b5665b4eadc5dc4fa,JOINT_FACTOR_COVERAGE,5,35,1,155921,1,E1xS0,9,1
run_845b5665b4eadc5dc4fa,JOINT_FACTOR_COVERAGE,5,35,1,155921,1,E2xS1,28,1
run_845b5665b4eadc5dc4fa,JOINT_FACTOR_COVERAGE,5,35,1,155921,1,E2xS2,20,1
run_845b5665b4eadc5dc4fa,JOINT_FACTOR_COVERAGE,5,35,1,155921,2,E0xS0,20,1
run_845b5665b4eadc5dc4fa,JOINT_FACTOR_COVERAGE,5,35,1,155921,2,E0xS2,29,1
run_845b5665b4eadc5dc4fa,JOINT_FACTOR_COVERAGE,5,35,1,155921,2,E1xS0,43,1
run_845b5665b4eadc5dc4fa,JOINT_FACTOR_COVERAGE,5,35,1,155921,2,E2xS1,33,1
run_845b5665b4eadc5dc4fa,JOINT_FACTOR_COVERAGE,5,35,1,155921,2,E2xS2,19,1
run_845b5665b4eadc5dc4fa,JOINT_FACTOR_COVERAGE,5,35,1,155921,3,E0xS0,15,1
run_845b5665b4eadc5dc4fa,JOINT_FACTOR_COVERAGE,5,35,1,155921,3,E0xS2,46,1
run_845b5665b4eadc5dc4fa,JOINT_FACTOR_COVERAGE,5,35,1,155921,3,E1xS0,40,1
run_845b5665b4eadc5dc4fa,JOINT_FACTOR_COVERAGE,5,35,1,155921,3,E2xS1,39,1
run_845b5665b4eadc5dc4fa,JOINT_FACTOR_COVERAGE,5,35,1,155921,3,E2xS2,23,1
run_845b5665b4eadc5dc4fa,JOINT_FACTOR_COVERAGE,5,35,1,155921,4,E0xS0,14,1
run_845b5665b4eadc5dc4fa,JOINT_FACTOR_COVERAGE,5,35,1,155921,4,E0xS2,19,1
run_845b5665b4eadc5dc4fa,JOINT_FACTOR_COVERAGE,5,35,1,155921,4,E1xS0,14,1
run_845b5665b4eadc5dc4fa,JOINT_FACTOR_COVERAGE,5,35,1,155921,4,E2xS1,12,1
run_845b5665b4eadc5dc4fa,JOINT_FACTOR_COVERAGE,5,35,1,155921,4,E2xS2,15,1
run_845b5665b4eadc5dc4fa,JOINT_FACTOR_COVERAGE,5,35,1,155921,5,E0xS0,5,1
run_845b5665b4eadc5dc4fa,JOINT_FACTOR_COVERAGE,5,35,1,155921,5,E0xS2,42,1
run_845b5665b4eadc5dc4fa,JOINT_FACTOR_COVERAGE,5,35,1,155921,5,E1xS0,47,1
run_845b5665b4eadc5dc4fa,JOINT_FACTOR_COVERAGE,5,35,1,155921,5,E2xS1,5,1
run_845b5665b4eadc5dc4fa,JOINT_FACTOR_COVERAGE,5,35,1,155921,5,E2xS2,16,1
run_845b5665b4eadc5dc4fa,JOINT_FACTOR_COVERAGE,5,35,1,155921,6,E0xS0,15,1
run_845b5665b4eadc5dc4fa,JOINT_FACTOR_COVERAGE,5,35,1,155921,6,E0xS2,2,1
run_845b5665b4eadc5dc4fa,JOINT_FACTOR_COVERAGE,5,35,1,155921,6,E1xS0,7,1
run_845b5665b4eadc5dc4fa,JOINT_FACTOR_COVERAGE,5,35,1,155921,6,E2xS1,15,1
run_845b5665b4eadc5dc4fa,JOINT_FACTOR_COVERAGE,5,35,1,155921,6,E2xS2,49,1
run_43a61e3535b3a8b972e2,RANDOM_BLOCK,1,7,1,181081,0,E2xS2,33,1
run_43a61e3535b3a8b972e2,RANDOM_BLOCK,1,7,1,181081,1,E2xS2,1,1
run_43a61e3535b3a8b972e2,RANDOM_BLOCK,1,7,1,181081,2,E2xS2,45,1
run_43a61e3535b3a8b972e2,RANDOM_BLOCK,1,7,1,181081,3,E2xS2,15,1
run_43a61e3535b3a8b972e2,RANDOM_BLOCK,1,7,1,181081,4,E2xS2,13,1
run_43a61e3535b3a8b972e2,RANDOM_BLOCK,1,7,1,181081,5,E2xS2,29,1
run_43a61e3535b3a8b972e2,RANDOM_BLOCK,1,7,1,181081,6,E2xS2,30,1
run_747b358b3745d13ea91b,RANDOM_BLOCK,3,21,1,181081,0,E1xS1,34,1
run_747b358b3745d13ea91b,RANDOM_BLOCK,3,21,1,181081,0,E2xS1,47,1
run_747b358b3745d13ea91b,RANDOM_BLOCK,3,21,1,181081,0,E2xS2,33,1
run_747b358b3745d13ea91b,RANDOM_BLOCK,3,21,1,181081,1,E1xS1,10,1
run_747b358b3745d13ea91b,RANDOM_BLOCK,3,21,1,181081,1,E2xS1,2,1
run_747b358b3745d13ea91b,RANDOM_BLOCK,3,21,1,181081,1,E2xS2,1,1
run_747b358b3745d13ea91b,RANDOM_BLOCK,3,21,1,181081,2,E1xS1,23,1
run_747b358b3745d13ea91b,RANDOM_BLOCK,3,21,1,181081,2,E2xS1,15,1
run_747b358b3745d13ea91b,RANDOM_BLOCK,3,21,1,181081,2,E2xS2,45,1
run_747b358b3745d13ea91b,RANDOM_BLOCK,3,21,1,181081,3,E1xS1,23,1
run_747b358b3745d13ea91b,RANDOM_BLOCK,3,21,1,181081,3,E2xS1,21,1
run_747b358b3745d13ea91b,RANDOM_BLOCK,3,21,1,181081,3,E2xS2,15,1
run_747b358b3745d13ea91b,RANDOM_BLOCK,3,21,1,181081,4,E1xS1,8,1
run_747b358b3745d13ea91b,RANDOM_BLOCK,3,21,1,181081,4,E2xS1,33,1
run_747b358b3745d13ea91b,RANDOM_BLOCK,3,21,1,181081,4,E2xS2,13,1
run_747b358b3745d13ea91b,RANDOM_BLOCK,3,21,1,181081,5,E1xS1,16,1
run_747b358b3745d13ea91b,RANDOM_BLOCK,3,21,1,181081,5,E2xS1,23,1
run_747b358b3745d13ea91b,RANDOM_BLOCK,3,21,1,181081,5,E2xS2,29,1
run_747b358b3745d13ea91b,RANDOM_BLOCK,3,21,1,181081,6,E1xS1,3,1
run_747b358b3745d13ea91b,RANDOM_BLOCK,3,21,1,181081,6,E2xS1,40,1
run_747b358b3745d13ea91b,RANDOM_BLOCK,3,21,1,181081,6,E2xS2,30,1
run_56d94d625c9430d07017,ER_BALANCED,3,21,1,181081,0,E0xS0,40,1
run_56d94d625c9430d07017,ER_BALANCED,3,21,1,181081,0,E1xS0,44,1
run_56d94d625c9430d07017,ER_BALANCED,3,21,1,181081,0,E2xS1,47,1
run_56d94d625c9430d07017,ER_BALANCED,3,21,1,181081,1,E0xS0,23,1
run_56d94d625c9430d07017,ER_BALANCED,3,21,1,181081,1,E1xS0,37,1
run_56d94d625c9430d07017,ER_BALANCED,3,21,1,181081,1,E2xS1,2,1
run_56d94d625c9430d07017,ER_BALANCED,3,21,1,181081,2,E0xS0,48,1
run_56d94d625c9430d07017,ER_BALANCED,3,21,1,181081,2,E1xS0,20,1
run_56d94d625c9430d07017,ER_BALANCED,3,21,1,181081,2,E2xS1,15,1
run_56d94d625c9430d07017,ER_BALANCED,3,21,1,181081,3,E0xS0,4,1
run_56d94d625c9430d07017,ER_BALANCED,3,21,1,181081,3,E1xS0,19,1
run_56d94d625c9430d07017,ER_BALANCED,3,21,1,181081,3,E2xS1,21,1
run_56d94d625c9430d07017,ER_BALANCED,3,21,1,181081,4,E0xS0,16,1
run_56d94d625c9430d07017,ER_BALANCED,3,21,1,181081,4,E1xS0,14,1
run_56d94d625c9430d07017,ER_BALANCED,3,21,1,181081,4,E2xS1,33,1
run_56d94d625c9430d07017,ER_BALANCED,3,21,1,181081,5,E0xS0,9,1
run_56d94d625c9430d07017,ER_BALANCED,3,21,1,181081,5,E1xS0,41,1
run_56d94d625c9430d07017,ER_BALANCED,3,21,1,181081,5,E2xS1,23,1
run_56d94d625c9430d07017,ER_BALANCED,3,21,1,181081,6,E0xS0,44,1
run_56d94d625c9430d07017,ER_BALANCED,3,21,1,181081,6,E1xS0,40,1
run_56d94d625c9430d07017,ER_BALANCED,3,21,1,181081,6,E2xS1,40,1
run_19726ce8fd36f6b7c58d,SURFACE_BALANCED,3,21,1,181081,0,E0xS0,40,1
run_19726ce8fd36f6b7c58d,SURFACE_BALANCED,3,21,1,181081,0,E0xS2,8,1
run_19726ce8fd36f6b7c58d,SURFACE_BALANCED,3,21,1,181081,0,E2xS1,47,1
run_19726ce8fd36f6b7c58d,SURFACE_BALANCED,3,21,1,181081,1,E0xS0,23,1
run_19726ce8fd36f6b7c58d,SURFACE_BALANCED,3,21,1,181081,1,E0xS2,37,1
run_19726ce8fd36f6b7c58d,SURFACE_BALANCED,3,21,1,181081,1,E2xS1,2,1
run_19726ce8fd36f6b7c58d,SURFACE_BALANCED,3,21,1,181081,2,E0xS0,48,1
run_19726ce8fd36f6b7c58d,SURFACE_BALANCED,3,21,1,181081,2,E0xS2,32,1
run_19726ce8fd36f6b7c58d,SURFACE_BALANCED,3,21,1,181081,2,E2xS1,15,1
run_19726ce8fd36f6b7c58d,SURFACE_BALANCED,3,21,1,181081,3,E0xS0,4,1
run_19726ce8fd36f6b7c58d,SURFACE_BALANCED,3,21,1,181081,3,E0xS2,11,1
run_19726ce8fd36f6b7c58d,SURFACE_BALANCED,3,21,1,181081,3,E2xS1,21,1
run_19726ce8fd36f6b7c58d,SURFACE_BALANCED,3,21,1,181081,4,E0xS0,16,1
run_19726ce8fd36f6b7c58d,SURFACE_BALANCED,3,21,1,181081,4,E0xS2,7,1
run_19726ce8fd36f6b7c58d,SURFACE_BALANCED,3,21,1,181081,4,E2xS1,33,1
run_19726ce8fd36f6b7c58d,SURFACE_BALANCED,3,21,1,181081,5,E0xS0,9,1
run_19726ce8fd36f6b7c58d,SURFACE_BALANCED,3,21,1,181081,5,E0xS2,12,1
run_19726ce8fd36f6b7c58d,SURFACE_BALANCED,3,21,1,181081,5,E2xS1,23,1
run_19726ce8fd36f6b7c58d,SURFACE_BALANCED,3,21,1,181081,6,E0xS0,44,1
run_19726ce8fd36f6b7c58d,SURFACE_BALANCED,3,21,1,181081,6,E0xS2,46,1
run_19726ce8fd36f6b7c58d,SURFACE_BALANCED,3,21,1,181081,6,E2xS1,40,1
run_4216acbf3a755509f269,JOINT_FACTOR_COVERAGE,3,21,1,181081,0,E0xS0,40,1
run_4216acbf3a755509f269,JOINT_FACTOR_COVERAGE,3,21,1,181081,0,E1xS1,34,1
run_4216acbf3a755509f269,JOINT_FACTOR_COVERAGE,3,21,1,181081,0,E2xS2,33,1
run_4216acbf3a755509f269,JOINT_FACTOR_COVERAGE,3,21,1,181081,1,E0xS0,23,1
run_4216acbf3a755509f269,JOINT_FACTOR_COVERAGE,3,21,1,181081,1,E1xS1,10,1
run_4216acbf3a755509f269,JOINT_FACTOR_COVERAGE,3,21,1,181081,1,E2xS2,1,1
run_4216acbf3a755509f269,JOINT_FACTOR_COVERAGE,3,21,1,181081,2,E0xS0,48,1
run_4216acbf3a755509f269,JOINT_FACTOR_COVERAGE,3,21,1,181081,2,E1xS1,23,1
run_4216acbf3a755509f269,JOINT_FACTOR_COVERAGE,3,21,1,181081,2,E2xS2,45,1
run_4216acbf3a755509f269,JOINT_FACTOR_COVERAGE,3,21,1,181081,3,E0xS0,4,1
run_4216acbf3a755509f269,JOINT_FACTOR_COVERAGE,3,21,1,181081,3,E1xS1,23,1
run_4216acbf3a755509f269,JOINT_FACTOR_COVERAGE,3,21,1,181081,3,E2xS2,15,1
run_4216acbf3a755509f269,JOINT_FACTOR_COVERAGE,3,21,1,181081,4,E0xS0,16,1
run_4216acbf3a755509f269,JOINT_FACTOR_COVERAGE,3,21,1,181081,4,E1xS1,8,1
run_4216acbf3a755509f269,JOINT_FACTOR_COVERAGE,3,21,1,181081,4,E2xS2,13,1
run_4216acbf3a755509f269,JOINT_FACTOR_COVERAGE,3,21,1,181081,5,E0xS0,9,1
run_4216acbf3a755509f269,JOINT_FACTOR_COVERAGE,3,21,1,181081,5,E1xS1,16,1
run_4216acbf3a755509f269,JOINT_FACTOR_COVERAGE,3,21,1,181081,5,E2xS2,29,1
run_4216acbf3a755509f269,JOINT_FACTOR_COVERAGE,3,21,1,181081,6,E0xS0,44,1
run_4216acbf3a755509f269,JOINT_FACTOR_COVERAGE,3,21,1,181081,6,E1xS1,3,1
run_4216acbf3a755509f269,JOINT_FACTOR_COVERAGE,3,21,1,181081,6,E2xS2,30,1
run_95dae9a84ff6aa906272,RANDOM_BLOCK,5,35,1,181081,0,E0xS0,40,1
run_95dae9a84ff6aa906272,RANDOM_BLOCK,5,35,1,181081,0,E1xS0,44,1
run_95dae9a84ff6aa906272,RANDOM_BLOCK,5,35,1,181081,0,E1xS1,34,1
run_95dae9a84ff6aa906272,RANDOM_BLOCK,5,35,1,181081,0,E2xS1,47,1
run_95dae9a84ff6aa906272,RANDOM_BLOCK,5,35,1,181081,0,E2xS2,33,1
run_95dae9a84ff6aa906272,RANDOM_BLOCK,5,35,1,181081,1,E0xS0,23,1
run_95dae9a84ff6aa906272,RANDOM_BLOCK,5,35,1,181081,1,E1xS0,37,1
run_95dae9a84ff6aa906272,RANDOM_BLOCK,5,35,1,181081,1,E1xS1,10,1
run_95dae9a84ff6aa906272,RANDOM_BLOCK,5,35,1,181081,1,E2xS1,2,1
run_95dae9a84ff6aa906272,RANDOM_BLOCK,5,35,1,181081,1,E2xS2,1,1
run_95dae9a84ff6aa906272,RANDOM_BLOCK,5,35,1,181081,2,E0xS0,48,1
run_95dae9a84ff6aa906272,RANDOM_BLOCK,5,35,1,181081,2,E1xS0,20,1
run_95dae9a84ff6aa906272,RANDOM_BLOCK,5,35,1,181081,2,E1xS1,23,1
run_95dae9a84ff6aa906272,RANDOM_BLOCK,5,35,1,181081,2,E2xS1,15,1
run_95dae9a84ff6aa906272,RANDOM_BLOCK,5,35,1,181081,2,E2xS2,45,1
run_95dae9a84ff6aa906272,RANDOM_BLOCK,5,35,1,181081,3,E0xS0,4,1
run_95dae9a84ff6aa906272,RANDOM_BLOCK,5,35,1,181081,3,E1xS0,19,1
run_95dae9a84ff6aa906272,RANDOM_BLOCK,5,35,1,181081,3,E1xS1,23,1
run_95dae9a84ff6aa906272,RANDOM_BLOCK,5,35,1,181081,3,E2xS1,21,1
run_95dae9a84ff6aa906272,RANDOM_BLOCK,5,35,1,181081,3,E2xS2,15,1
run_95dae9a84ff6aa906272,RANDOM_BLOCK,5,35,1,181081,4,E0xS0,16,1
run_95dae9a84ff6aa906272,RANDOM_BLOCK,5,35,1,181081,4,E1xS0,14,1
run_95dae9a84ff6aa906272,RANDOM_BLOCK,5,35,1,181081,4,E1xS1,8,1
run_95dae9a84ff6aa906272,RANDOM_BLOCK,5,35,1,181081,4,E2xS1,33,1
run_95dae9a84ff6aa906272,RANDOM_BLOCK,5,35,1,181081,4,E2xS2,13,1
run_95dae9a84ff6aa906272,RANDOM_BLOCK,5,35,1,181081,5,E0xS0,9,1
run_95dae9a84ff6aa906272,RANDOM_BLOCK,5,35,1,181081,5,E1xS0,41,1
run_95dae9a84ff6aa906272,RANDOM_BLOCK,5,35,1,181081,5,E1xS1,16,1
run_95dae9a84ff6aa906272,RANDOM_BLOCK,5,35,1,181081,5,E2xS1,23,1
run_95dae9a84ff6aa906272,RANDOM_BLOCK,5,35,1,181081,5,E2xS2,29,1
run_95dae9a84ff6aa906272,RANDOM_BLOCK,5,35,1,181081,6,E0xS0,44,1
run_95dae9a84ff6aa906272,RANDOM_BLOCK,5,35,1,181081,6,E1xS0,40,1
run_95dae9a84ff6aa906272,RANDOM_BLOCK,5,35,1,181081,6,E1xS1,3,1
run_95dae9a84ff6aa906272,RANDOM_BLOCK,5,35,1,181081,6,E2xS1,40,1
run_95dae9a84ff6aa906272,RANDOM_BLOCK,5,35,1,181081,6,E2xS2,30,1
run_d16313371f36bb2e9dde,JOINT_FACTOR_COVERAGE,5,35,1,181081,0,E0xS0,40,1
run_d16313371f36bb2e9dde,JOINT_FACTOR_COVERAGE,5,35,1,181081,0,E0xS2,8,1
run_d16313371f36bb2e9dde,JOINT_FACTOR_COVERAGE,5,35,1,181081,0,E1xS0,44,1
run_d16313371f36bb2e9dde,JOINT_FACTOR_COVERAGE,5,35,1,181081,0,E2xS1,47,1
run_d16313371f36bb2e9dde,JOINT_FACTOR_COVERAGE,5,35,1,181081,0,E2xS2,33,1
run_d16313371f36bb2e9dde,JOINT_FACTOR_COVERAGE,5,35,1,181081,1,E0xS0,23,1
run_d16313371f36bb2e9dde,JOINT_FACTOR_COVERAGE,5,35,1,181081,1,E0xS2,37,1
run_d16313371f36bb2e9dde,JOINT_FACTOR_COVERAGE,5,35,1,181081,1,E1xS0,37,1
run_d16313371f36bb2e9dde,JOINT_FACTOR_COVERAGE,5,35,1,181081,1,E2xS1,2,1
run_d16313371f36bb2e9dde,JOINT_FACTOR_COVERAGE,5,35,1,181081,1,E2xS2,1,1
run_d16313371f36bb2e9dde,JOINT_FACTOR_COVERAGE,5,35,1,181081,2,E0xS0,48,1
run_d16313371f36bb2e9dde,JOINT_FACTOR_COVERAGE,5,35,1,181081,2,E0xS2,32,1
run_d16313371f36bb2e9dde,JOINT_FACTOR_COVERAGE,5,35,1,181081,2,E1xS0,20,1
run_d16313371f36bb2e9dde,JOINT_FACTOR_COVERAGE,5,35,1,181081,2,E2xS1,15,1
run_d16313371f36bb2e9dde,JOINT_FACTOR_COVERAGE,5,35,1,181081,2,E2xS2,45,1
run_d16313371f36bb2e9dde,JOINT_FACTOR_COVERAGE,5,35,1,181081,3,E0xS0,4,1
run_d16313371f36bb2e9dde,JOINT_FACTOR_COVERAGE,5,35,1,181081,3,E0xS2,11,1
run_d16313371f36bb2e9dde,JOINT_FACTOR_COVERAGE,5,35,1,181081,3,E1xS0,19,1
run_d16313371f36bb2e9dde,JOINT_FACTOR_COVERAGE,5,35,1,181081,3,E2xS1,21,1
run_d16313371f36bb2e9dde,JOINT_FACTOR_COVERAGE,5,35,1,181081,3,E2xS2,15,1
run_d16313371f36bb2e9dde,JOINT_FACTOR_COVERAGE,5,35,1,181081,4,E0xS0,16,1
run_d16313371f36bb2e9dde,JOINT_FACTOR_COVERAGE,5,35,1,181081,4,E0xS2,7,1
run_d16313371f36bb2e9dde,JOINT_FACTOR_COVERAGE,5,35,1,181081,4,E1xS0,14,1
run_d16313371f36bb2e9dde,JOINT_FACTOR_COVERAGE,5,35,1,181081,4,E2xS1,33,1
run_d16313371f36bb2e9dde,JOINT_FACTOR_COVERAGE,5,35,1,181081,4,E2xS2,13,1
run_d16313371f36bb2e9dde,JOINT_FACTOR_COVERAGE,5,35,1,181081,5,E0xS0,9,1
run_d16313371f36bb2e9dde,JOINT_FACTOR_COVERAGE,5,35,1,181081,5,E0xS2,12,1
run_d16313371f36bb2e9dde,JOINT_FACTOR_COVERAGE,5,35,1,181081,5,E1xS0,41,1
run_d16313371f36bb2e9dde,JOINT_FACTOR_COVERAGE,5,35,1,181081,5,E2xS1,23,1
run_d16313371f36bb2e9dde,JOINT_FACTOR_COVERAGE,5,35,1,181081,5,E2xS2,29,1
run_d16313371f36bb2e9dde,JOINT_FACTOR_COVERAGE,5,35,1,181081,6,E0xS0,44,1
run_d16313371f36bb2e9dde,JOINT_FACTOR_COVERAGE,5,35,1,181081,6,E0xS2,46,1
run_d16313371f36bb2e9dde,JOINT_FACTOR_COVERAGE,5,35,1,181081,6,E1xS0,40,1
run_d16313371f36bb2e9dde,JOINT_FACTOR_COVERAGE,5,35,1,181081,6,E2xS1,40,1
run_d16313371f36bb2e9dde,JOINT_FACTOR_COVERAGE,5,35,1,181081,6,E2xS2,30,1
run_bafb5646e49dfae5dca7,RANDOM_BLOCK,1,7,1,205439,0,E2xS1,9,1
run_bafb5646e49dfae5dca7,RANDOM_BLOCK,1,7,1,205439,1,E2xS1,33,1
run_bafb5646e49dfae5dca7,RANDOM_BLOCK,1,7,1,205439,2,E2xS1,22,1
run_bafb5646e49dfae5dca7,RANDOM_BLOCK,1,7,1,205439,3,E2xS1,25,1
run_bafb5646e49dfae5dca7,RANDOM_BLOCK,1,7,1,205439,4,E2xS1,34,1
run_bafb5646e49dfae5dca7,RANDOM_BLOCK,1,7,1,205439,5,E2xS1,22,1
run_bafb5646e49dfae5dca7,RANDOM_BLOCK,1,7,1,205439,6,E2xS1,21,1
run_17d74856d007c29ab664,RANDOM_BLOCK,3,21,1,205439,0,E0xS2,27,1
run_17d74856d007c29ab664,RANDOM_BLOCK,3,21,1,205439,0,E1xS1,11,1
run_17d74856d007c29ab664,RANDOM_BLOCK,3,21,1,205439,0,E2xS2,33,1
run_17d74856d007c29ab664,RANDOM_BLOCK,3,21,1,205439,1,E0xS2,43,1
run_17d74856d007c29ab664,RANDOM_BLOCK,3,21,1,205439,1,E1xS1,18,1
run_17d74856d007c29ab664,RANDOM_BLOCK,3,21,1,205439,1,E2xS2,19,1
run_17d74856d007c29ab664,RANDOM_BLOCK,3,21,1,205439,2,E0xS2,6,1
run_17d74856d007c29ab664,RANDOM_BLOCK,3,21,1,205439,2,E1xS1,40,1
run_17d74856d007c29ab664,RANDOM_BLOCK,3,21,1,205439,2,E2xS2,19,1
run_17d74856d007c29ab664,RANDOM_BLOCK,3,21,1,205439,3,E0xS2,45,1
run_17d74856d007c29ab664,RANDOM_BLOCK,3,21,1,205439,3,E1xS1,7,1
run_17d74856d007c29ab664,RANDOM_BLOCK,3,21,1,205439,3,E2xS2,19,1
run_17d74856d007c29ab664,RANDOM_BLOCK,3,21,1,205439,4,E0xS2,24,1
run_17d74856d007c29ab664,RANDOM_BLOCK,3,21,1,205439,4,E1xS1,36,1
run_17d74856d007c29ab664,RANDOM_BLOCK,3,21,1,205439,4,E2xS2,47,1
run_17d74856d007c29ab664,RANDOM_BLOCK,3,21,1,205439,5,E0xS2,47,1
run_17d74856d007c29ab664,RANDOM_BLOCK,3,21,1,205439,5,E1xS1,20,1
run_17d74856d007c29ab664,RANDOM_BLOCK,3,21,1,205439,5,E2xS2,20,1
run_17d74856d007c29ab664,RANDOM_BLOCK,3,21,1,205439,6,E0xS2,18,1
run_17d74856d007c29ab664,RANDOM_BLOCK,3,21,1,205439,6,E1xS1,31,1
run_17d74856d007c29ab664,RANDOM_BLOCK,3,21,1,205439,6,E2xS2,10,1
run_5744496dcba39c5c6447,ER_BALANCED,3,21,1,205439,0,E0xS0,29,1
run_5744496dcba39c5c6447,ER_BALANCED,3,21,1,205439,0,E1xS0,32,1
run_5744496dcba39c5c6447,ER_BALANCED,3,21,1,205439,0,E2xS2,33,1
run_5744496dcba39c5c6447,ER_BALANCED,3,21,1,205439,1,E0xS0,42,1
run_5744496dcba39c5c6447,ER_BALANCED,3,21,1,205439,1,E1xS0,44,1
run_5744496dcba39c5c6447,ER_BALANCED,3,21,1,205439,1,E2xS2,19,1
run_5744496dcba39c5c6447,ER_BALANCED,3,21,1,205439,2,E0xS0,44,1
run_5744496dcba39c5c6447,ER_BALANCED,3,21,1,205439,2,E1xS0,47,1
run_5744496dcba39c5c6447,ER_BALANCED,3,21,1,205439,2,E2xS2,19,1
run_5744496dcba39c5c6447,ER_BALANCED,3,21,1,205439,3,E0xS0,15,1
run_5744496dcba39c5c6447,ER_BALANCED,3,21,1,205439,3,E1xS0,26,1
run_5744496dcba39c5c6447,ER_BALANCED,3,21,1,205439,3,E2xS2,19,1
run_5744496dcba39c5c6447,ER_BALANCED,3,21,1,205439,4,E0xS0,17,1
run_5744496dcba39c5c6447,ER_BALANCED,3,21,1,205439,4,E1xS0,36,1
run_5744496dcba39c5c6447,ER_BALANCED,3,21,1,205439,4,E2xS2,47,1
run_5744496dcba39c5c6447,ER_BALANCED,3,21,1,205439,5,E0xS0,21,1
run_5744496dcba39c5c6447,ER_BALANCED,3,21,1,205439,5,E1xS0,2,1
run_5744496dcba39c5c6447,ER_BALANCED,3,21,1,205439,5,E2xS2,20,1
run_5744496dcba39c5c6447,ER_BALANCED,3,21,1,205439,6,E0xS0,18,1
run_5744496dcba39c5c6447,ER_BALANCED,3,21,1,205439,6,E1xS0,0,1
run_5744496dcba39c5c6447,ER_BALANCED,3,21,1,205439,6,E2xS2,10,1
run_8ad007b092491866b4a4,SURFACE_BALANCED,3,21,1,205439,0,E1xS0,32,1
run_8ad007b092491866b4a4,SURFACE_BALANCED,3,21,1,205439,0,E2xS1,9,1
run_8ad007b092491866b4a4,SURFACE_BALANCED,3,21,1,205439,0,E2xS2,33,1
run_8ad007b092491866b4a4,SURFACE_BALANCED,3,21,1,205439,1,E1xS0,44,1
run_8ad007b092491866b4a4,SURFACE_BALANCED,3,21,1,205439,1,E2xS1,33,1
run_8ad007b092491866b4a4,SURFACE_BALANCED,3,21,1,205439,1,E2xS2,19,1
run_8ad007b092491866b4a4,SURFACE_BALANCED,3,21,1,205439,2,E1xS0,47,1
run_8ad007b092491866b4a4,SURFACE_BALANCED,3,21,1,205439,2,E2xS1,22,1
run_8ad007b092491866b4a4,SURFACE_BALANCED,3,21,1,205439,2,E2xS2,19,1
run_8ad007b092491866b4a4,SURFACE_BALANCED,3,21,1,205439,3,E1xS0,26,1
run_8ad007b092491866b4a4,SURFACE_BALANCED,3,21,1,205439,3,E2xS1,25,1
run_8ad007b092491866b4a4,SURFACE_BALANCED,3,21,1,205439,3,E2xS2,19,1
run_8ad007b092491866b4a4,SURFACE_BALANCED,3,21,1,205439,4,E1xS0,36,1
run_8ad007b092491866b4a4,SURFACE_BALANCED,3,21,1,205439,4,E2xS1,34,1
run_8ad007b092491866b4a4,SURFACE_BALANCED,3,21,1,205439,4,E2xS2,47,1
run_8ad007b092491866b4a4,SURFACE_BALANCED,3,21,1,205439,5,E1xS0,2,1
run_8ad007b092491866b4a4,SURFACE_BALANCED,3,21,1,205439,5,E2xS1,22,1
run_8ad007b092491866b4a4,SURFACE_BALANCED,3,21,1,205439,5,E2xS2,20,1
run_8ad007b092491866b4a4,SURFACE_BALANCED,3,21,1,205439,6,E1xS0,0,1
run_8ad007b092491866b4a4,SURFACE_BALANCED,3,21,1,205439,6,E2xS1,21,1
run_8ad007b092491866b4a4,SURFACE_BALANCED,3,21,1,205439,6,E2xS2,10,1
run_3482a91807c9ad3de890,JOINT_FACTOR_COVERAGE,3,21,1,205439,0,E0xS2,27,1
run_3482a91807c9ad3de890,JOINT_FACTOR_COVERAGE,3,21,1,205439,0,E1xS0,32,1
run_3482a91807c9ad3de890,JOINT_FACTOR_COVERAGE,3,21,1,205439,0,E2xS1,9,1
run_3482a91807c9ad3de890,JOINT_FACTOR_COVERAGE,3,21,1,205439,1,E0xS2,43,1
run_3482a91807c9ad3de890,JOINT_FACTOR_COVERAGE,3,21,1,205439,1,E1xS0,44,1
run_3482a91807c9ad3de890,JOINT_FACTOR_COVERAGE,3,21,1,205439,1,E2xS1,33,1
run_3482a91807c9ad3de890,JOINT_FACTOR_COVERAGE,3,21,1,205439,2,E0xS2,6,1
run_3482a91807c9ad3de890,JOINT_FACTOR_COVERAGE,3,21,1,205439,2,E1xS0,47,1
run_3482a91807c9ad3de890,JOINT_FACTOR_COVERAGE,3,21,1,205439,2,E2xS1,22,1
run_3482a91807c9ad3de890,JOINT_FACTOR_COVERAGE,3,21,1,205439,3,E0xS2,45,1
run_3482a91807c9ad3de890,JOINT_FACTOR_COVERAGE,3,21,1,205439,3,E1xS0,26,1
run_3482a91807c9ad3de890,JOINT_FACTOR_COVERAGE,3,21,1,205439,3,E2xS1,25,1
run_3482a91807c9ad3de890,JOINT_FACTOR_COVERAGE,3,21,1,205439,4,E0xS2,24,1
run_3482a91807c9ad3de890,JOINT_FACTOR_COVERAGE,3,21,1,205439,4,E1xS0,36,1
run_3482a91807c9ad3de890,JOINT_FACTOR_COVERAGE,3,21,1,205439,4,E2xS1,34,1
run_3482a91807c9ad3de890,JOINT_FACTOR_COVERAGE,3,21,1,205439,5,E0xS2,47,1
run_3482a91807c9ad3de890,JOINT_FACTOR_COVERAGE,3,21,1,205439,5,E1xS0,2,1
run_3482a91807c9ad3de890,JOINT_FACTOR_COVERAGE,3,21,1,205439,5,E2xS1,22,1
run_3482a91807c9ad3de890,JOINT_FACTOR_COVERAGE,3,21,1,205439,6,E0xS2,18,1
run_3482a91807c9ad3de890,JOINT_FACTOR_COVERAGE,3,21,1,205439,6,E1xS0,0,1
run_3482a91807c9ad3de890,JOINT_FACTOR_COVERAGE,3,21,1,205439,6,E2xS1,21,1
run_601d38f3383481af45d2,RANDOM_BLOCK,5,35,1,205439,0,E0xS0,29,1
run_601d38f3383481af45d2,RANDOM_BLOCK,5,35,1,205439,0,E0xS2,27,1
run_601d38f3383481af45d2,RANDOM_BLOCK,5,35,1,205439,0,E1xS0,32,1
run_601d38f3383481af45d2,RANDOM_BLOCK,5,35,1,205439,0,E2xS1,9,1
run_601d38f3383481af45d2,RANDOM_BLOCK,5,35,1,205439,0,E2xS2,33,1
run_601d38f3383481af45d2,RANDOM_BLOCK,5,35,1,205439,1,E0xS0,42,1
run_601d38f3383481af45d2,RANDOM_BLOCK,5,35,1,205439,1,E0xS2,43,1
run_601d38f3383481af45d2,RANDOM_BLOCK,5,35,1,205439,1,E1xS0,44,1
run_601d38f3383481af45d2,RANDOM_BLOCK,5,35,1,205439,1,E2xS1,33,1
run_601d38f3383481af45d2,RANDOM_BLOCK,5,35,1,205439,1,E2xS2,19,1
run_601d38f3383481af45d2,RANDOM_BLOCK,5,35,1,205439,2,E0xS0,44,1
run_601d38f3383481af45d2,RANDOM_BLOCK,5,35,1,205439,2,E0xS2,6,1
run_601d38f3383481af45d2,RANDOM_BLOCK,5,35,1,205439,2,E1xS0,47,1
run_601d38f3383481af45d2,RANDOM_BLOCK,5,35,1,205439,2,E2xS1,22,1
run_601d38f3383481af45d2,RANDOM_BLOCK,5,35,1,205439,2,E2xS2,19,1
run_601d38f3383481af45d2,RANDOM_BLOCK,5,35,1,205439,3,E0xS0,15,1
run_601d38f3383481af45d2,RANDOM_BLOCK,5,35,1,205439,3,E0xS2,45,1
run_601d38f3383481af45d2,RANDOM_BLOCK,5,35,1,205439,3,E1xS0,26,1
run_601d38f3383481af45d2,RANDOM_BLOCK,5,35,1,205439,3,E2xS1,25,1
run_601d38f3383481af45d2,RANDOM_BLOCK,5,35,1,205439,3,E2xS2,19,1
run_601d38f3383481af45d2,RANDOM_BLOCK,5,35,1,205439,4,E0xS0,17,1
run_601d38f3383481af45d2,RANDOM_BLOCK,5,35,1,205439,4,E0xS2,24,1
run_601d38f3383481af45d2,RANDOM_BLOCK,5,35,1,205439,4,E1xS0,36,1
run_601d38f3383481af45d2,RANDOM_BLOCK,5,35,1,205439,4,E2xS1,34,1
run_601d38f3383481af45d2,RANDOM_BLOCK,5,35,1,205439,4,E2xS2,47,1
run_601d38f3383481af45d2,RANDOM_BLOCK,5,35,1,205439,5,E0xS0,21,1
run_601d38f3383481af45d2,RANDOM_BLOCK,5,35,1,205439,5,E0xS2,47,1
run_601d38f3383481af45d2,RANDOM_BLOCK,5,35,1,205439,5,E1xS0,2,1
run_601d38f3383481af45d2,RANDOM_BLOCK,5,35,1,205439,5,E2xS1,22,1
run_601d38f3383481af45d2,RANDOM_BLOCK,5,35,1,205439,5,E2xS2,20,1
run_601d38f3383481af45d2,RANDOM_BLOCK,5,35,1,205439,6,E0xS0,18,1
run_601d38f3383481af45d2,RANDOM_BLOCK,5,35,1,205439,6,E0xS2,18,1
run_601d38f3383481af45d2,RANDOM_BLOCK,5,35,1,205439,6,E1xS0,0,1
run_601d38f3383481af45d2,RANDOM_BLOCK,5,35,1,205439,6,E2xS1,21,1
run_601d38f3383481af45d2,RANDOM_BLOCK,5,35,1,205439,6,E2xS2,10,1
run_4971be62efffba318571,JOINT_FACTOR_COVERAGE,5,35,1,205439,0,E0xS0,29,1
run_4971be62efffba318571,JOINT_FACTOR_COVERAGE,5,35,1,205439,0,E0xS2,27,1
run_4971be62efffba318571,JOINT_FACTOR_COVERAGE,5,35,1,205439,0,E1xS0,32,1
run_4971be62efffba318571,JOINT_FACTOR_COVERAGE,5,35,1,205439,0,E2xS1,9,1
run_4971be62efffba318571,JOINT_FACTOR_COVERAGE,5,35,1,205439,0,E2xS2,33,1
run_4971be62efffba318571,JOINT_FACTOR_COVERAGE,5,35,1,205439,1,E0xS0,42,1
run_4971be62efffba318571,JOINT_FACTOR_COVERAGE,5,35,1,205439,1,E0xS2,43,1
run_4971be62efffba318571,JOINT_FACTOR_COVERAGE,5,35,1,205439,1,E1xS0,44,1
run_4971be62efffba318571,JOINT_FACTOR_COVERAGE,5,35,1,205439,1,E2xS1,33,1
run_4971be62efffba318571,JOINT_FACTOR_COVERAGE,5,35,1,205439,1,E2xS2,19,1
run_4971be62efffba318571,JOINT_FACTOR_COVERAGE,5,35,1,205439,2,E0xS0,44,1
run_4971be62efffba318571,JOINT_FACTOR_COVERAGE,5,35,1,205439,2,E0xS2,6,1
run_4971be62efffba318571,JOINT_FACTOR_COVERAGE,5,35,1,205439,2,E1xS0,47,1
run_4971be62efffba318571,JOINT_FACTOR_COVERAGE,5,35,1,205439,2,E2xS1,22,1
run_4971be62efffba318571,JOINT_FACTOR_COVERAGE,5,35,1,205439,2,E2xS2,19,1
run_4971be62efffba318571,JOINT_FACTOR_COVERAGE,5,35,1,205439,3,E0xS0,15,1
run_4971be62efffba318571,JOINT_FACTOR_COVERAGE,5,35,1,205439,3,E0xS2,45,1
run_4971be62efffba318571,JOINT_FACTOR_COVERAGE,5,35,1,205439,3,E1xS0,26,1
run_4971be62efffba318571,JOINT_FACTOR_COVERAGE,5,35,1,205439,3,E2xS1,25,1
run_4971be62efffba318571,JOINT_FACTOR_COVERAGE,5,35,1,205439,3,E2xS2,19,1
run_4971be62efffba318571,JOINT_FACTOR_COVERAGE,5,35,1,205439,4,E0xS0,17,1
run_4971be62efffba318571,JOINT_FACTOR_COVERAGE,5,35,1,205439,4,E0xS2,24,1
run_4971be62efffba318571,JOINT_FACTOR_COVERAGE,5,35,1,205439,4,E1xS0,36,1
run_4971be62efffba318571,JOINT_FACTOR_COVERAGE,5,35,1,205439,4,E2xS1,34,1
run_4971be62efffba318571,JOINT_FACTOR_COVERAGE,5,35,1,205439,4,E2xS2,47,1
run_4971be62efffba318571,JOINT_FACTOR_COVERAGE,5,35,1,205439,5,E0xS0,21,1
run_4971be62efffba318571,JOINT_FACTOR_COVERAGE,5,35,1,205439,5,E0xS2,47,1
run_4971be62efffba318571,JOINT_FACTOR_COVERAGE,5,35,1,205439,5,E1xS0,2,1
run_4971be62efffba318571,JOINT_FACTOR_COVERAGE,5,35,1,205439,5,E2xS1,22,1
run_4971be62efffba318571,JOINT_FACTOR_COVERAGE,5,35,1,205439,5,E2xS2,20,1
run_4971be62efffba318571,JOINT_FACTOR_COVERAGE,5,35,1,205439,6,E0xS0,18,1
run_4971be62efffba318571,JOINT_FACTOR_COVERAGE,5,35,1,205439,6,E0xS2,18,1
run_4971be62efffba318571,JOINT_FACTOR_COVERAGE,5,35,1,205439,6,E1xS0,0,1
run_4971be62efffba318571,JOINT_FACTOR_COVERAGE,5,35,1,205439,6,E2xS1,21,1
run_4971be62efffba318571,JOINT_FACTOR_COVERAGE,5,35,1,205439,6,E2xS2,10,1
run_08c55e8208499f0ba307,RANDOM_BLOCK,1,7,2,104729,0,E1xS1,39,1
run_08c55e8208499f0ba307,RANDOM_BLOCK,1,7,2,104729,1,E1xS1,38,1
run_08c55e8208499f0ba307,RANDOM_BLOCK,1,7,2,104729,2,E1xS1,43,1
run_08c55e8208499f0ba307,RANDOM_BLOCK,1,7,2,104729,3,E1xS1,22,1
run_08c55e8208499f0ba307,RANDOM_BLOCK,1,7,2,104729,4,E1xS1,8,1
run_08c55e8208499f0ba307,RANDOM_BLOCK,1,7,2,104729,5,E1xS1,5,1
run_08c55e8208499f0ba307,RANDOM_BLOCK,1,7,2,104729,6,E1xS1,6,1
run_2a74898eb97289ad273f,RANDOM_BLOCK,3,21,2,104729,0,E0xS0,24,1
run_2a74898eb97289ad273f,RANDOM_BLOCK,3,21,2,104729,0,E0xS1,12,1
run_2a74898eb97289ad273f,RANDOM_BLOCK,3,21,2,104729,0,E1xS2,0,1
run_2a74898eb97289ad273f,RANDOM_BLOCK,3,21,2,104729,1,E0xS0,28,1
run_2a74898eb97289ad273f,RANDOM_BLOCK,3,21,2,104729,1,E0xS1,2,1
run_2a74898eb97289ad273f,RANDOM_BLOCK,3,21,2,104729,1,E1xS2,10,1
run_2a74898eb97289ad273f,RANDOM_BLOCK,3,21,2,104729,2,E0xS0,32,1
run_2a74898eb97289ad273f,RANDOM_BLOCK,3,21,2,104729,2,E0xS1,46,1
run_2a74898eb97289ad273f,RANDOM_BLOCK,3,21,2,104729,2,E1xS2,9,1
run_2a74898eb97289ad273f,RANDOM_BLOCK,3,21,2,104729,3,E0xS0,48,1
run_2a74898eb97289ad273f,RANDOM_BLOCK,3,21,2,104729,3,E0xS1,13,1
run_2a74898eb97289ad273f,RANDOM_BLOCK,3,21,2,104729,3,E1xS2,3,1
run_2a74898eb97289ad273f,RANDOM_BLOCK,3,21,2,104729,4,E0xS0,31,1
run_2a74898eb97289ad273f,RANDOM_BLOCK,3,21,2,104729,4,E0xS1,38,1
run_2a74898eb97289ad273f,RANDOM_BLOCK,3,21,2,104729,4,E1xS2,1,1
run_2a74898eb97289ad273f,RANDOM_BLOCK,3,21,2,104729,5,E0xS0,44,1
run_2a74898eb97289ad273f,RANDOM_BLOCK,3,21,2,104729,5,E0xS1,47,1
run_2a74898eb97289ad273f,RANDOM_BLOCK,3,21,2,104729,5,E1xS2,39,1
run_2a74898eb97289ad273f,RANDOM_BLOCK,3,21,2,104729,6,E0xS0,14,1
run_2a74898eb97289ad273f,RANDOM_BLOCK,3,21,2,104729,6,E0xS1,5,1
run_2a74898eb97289ad273f,RANDOM_BLOCK,3,21,2,104729,6,E1xS2,16,1
run_300c23dd7da41d696507,ER_BALANCED,3,21,2,104729,0,E0xS0,24,1
run_300c23dd7da41d696507,ER_BALANCED,3,21,2,104729,0,E1xS2,0,1
run_300c23dd7da41d696507,ER_BALANCED,3,21,2,104729,0,E2xS0,3,1
run_300c23dd7da41d696507,ER_BALANCED,3,21,2,104729,1,E0xS0,28,1
run_300c23dd7da41d696507,ER_BALANCED,3,21,2,104729,1,E1xS2,10,1
run_300c23dd7da41d696507,ER_BALANCED,3,21,2,104729,1,E2xS0,37,1
run_300c23dd7da41d696507,ER_BALANCED,3,21,2,104729,2,E0xS0,32,1
run_300c23dd7da41d696507,ER_BALANCED,3,21,2,104729,2,E1xS2,9,1
run_300c23dd7da41d696507,ER_BALANCED,3,21,2,104729,2,E2xS0,11,1
run_300c23dd7da41d696507,ER_BALANCED,3,21,2,104729,3,E0xS0,48,1
run_300c23dd7da41d696507,ER_BALANCED,3,21,2,104729,3,E1xS2,3,1
run_300c23dd7da41d696507,ER_BALANCED,3,21,2,104729,3,E2xS0,2,1
run_300c23dd7da41d696507,ER_BALANCED,3,21,2,104729,4,E0xS0,31,1
run_300c23dd7da41d696507,ER_BALANCED,3,21,2,104729,4,E1xS2,1,1
run_300c23dd7da41d696507,ER_BALANCED,3,21,2,104729,4,E2xS0,13,1
run_300c23dd7da41d696507,ER_BALANCED,3,21,2,104729,5,E0xS0,44,1
run_300c23dd7da41d696507,ER_BALANCED,3,21,2,104729,5,E1xS2,39,1
run_300c23dd7da41d696507,ER_BALANCED,3,21,2,104729,5,E2xS0,19,1
run_300c23dd7da41d696507,ER_BALANCED,3,21,2,104729,6,E0xS0,14,1
run_300c23dd7da41d696507,ER_BALANCED,3,21,2,104729,6,E1xS2,16,1
run_300c23dd7da41d696507,ER_BALANCED,3,21,2,104729,6,E2xS0,45,1
run_cd8aed9ac56eda5d018f,SURFACE_BALANCED,3,21,2,104729,0,E0xS0,24,1
run_cd8aed9ac56eda5d018f,SURFACE_BALANCED,3,21,2,104729,0,E0xS1,12,1
run_cd8aed9ac56eda5d018f,SURFACE_BALANCED,3,21,2,104729,0,E2xS2,44,1
run_cd8aed9ac56eda5d018f,SURFACE_BALANCED,3,21,2,104729,1,E0xS0,28,1
run_cd8aed9ac56eda5d018f,SURFACE_BALANCED,3,21,2,104729,1,E0xS1,2,1
run_cd8aed9ac56eda5d018f,SURFACE_BALANCED,3,21,2,104729,1,E2xS2,19,1
run_cd8aed9ac56eda5d018f,SURFACE_BALANCED,3,21,2,104729,2,E0xS0,32,1
run_cd8aed9ac56eda5d018f,SURFACE_BALANCED,3,21,2,104729,2,E0xS1,46,1
run_cd8aed9ac56eda5d018f,SURFACE_BALANCED,3,21,2,104729,2,E2xS2,18,1
run_cd8aed9ac56eda5d018f,SURFACE_BALANCED,3,21,2,104729,3,E0xS0,48,1
run_cd8aed9ac56eda5d018f,SURFACE_BALANCED,3,21,2,104729,3,E0xS1,13,1
run_cd8aed9ac56eda5d018f,SURFACE_BALANCED,3,21,2,104729,3,E2xS2,20,1
run_cd8aed9ac56eda5d018f,SURFACE_BALANCED,3,21,2,104729,4,E0xS0,31,1
run_cd8aed9ac56eda5d018f,SURFACE_BALANCED,3,21,2,104729,4,E0xS1,38,1
run_cd8aed9ac56eda5d018f,SURFACE_BALANCED,3,21,2,104729,4,E2xS2,10,1
run_cd8aed9ac56eda5d018f,SURFACE_BALANCED,3,21,2,104729,5,E0xS0,44,1
run_cd8aed9ac56eda5d018f,SURFACE_BALANCED,3,21,2,104729,5,E0xS1,47,1
run_cd8aed9ac56eda5d018f,SURFACE_BALANCED,3,21,2,104729,5,E2xS2,43,1
run_cd8aed9ac56eda5d018f,SURFACE_BALANCED,3,21,2,104729,6,E0xS0,14,1
run_cd8aed9ac56eda5d018f,SURFACE_BALANCED,3,21,2,104729,6,E0xS1,5,1
run_cd8aed9ac56eda5d018f,SURFACE_BALANCED,3,21,2,104729,6,E2xS2,11,1
run_4f188044ab658d2456e1,JOINT_FACTOR_COVERAGE,3,21,2,104729,0,E0xS0,24,1
run_4f188044ab658d2456e1,JOINT_FACTOR_COVERAGE,3,21,2,104729,0,E1xS1,39,1
run_4f188044ab658d2456e1,JOINT_FACTOR_COVERAGE,3,21,2,104729,0,E2xS2,44,1
run_4f188044ab658d2456e1,JOINT_FACTOR_COVERAGE,3,21,2,104729,1,E0xS0,28,1
run_4f188044ab658d2456e1,JOINT_FACTOR_COVERAGE,3,21,2,104729,1,E1xS1,38,1
run_4f188044ab658d2456e1,JOINT_FACTOR_COVERAGE,3,21,2,104729,1,E2xS2,19,1
run_4f188044ab658d2456e1,JOINT_FACTOR_COVERAGE,3,21,2,104729,2,E0xS0,32,1
run_4f188044ab658d2456e1,JOINT_FACTOR_COVERAGE,3,21,2,104729,2,E1xS1,43,1
run_4f188044ab658d2456e1,JOINT_FACTOR_COVERAGE,3,21,2,104729,2,E2xS2,18,1
run_4f188044ab658d2456e1,JOINT_FACTOR_COVERAGE,3,21,2,104729,3,E0xS0,48,1
run_4f188044ab658d2456e1,JOINT_FACTOR_COVERAGE,3,21,2,104729,3,E1xS1,22,1
run_4f188044ab658d2456e1,JOINT_FACTOR_COVERAGE,3,21,2,104729,3,E2xS2,20,1
run_4f188044ab658d2456e1,JOINT_FACTOR_COVERAGE,3,21,2,104729,4,E0xS0,31,1
run_4f188044ab658d2456e1,JOINT_FACTOR_COVERAGE,3,21,2,104729,4,E1xS1,8,1
run_4f188044ab658d2456e1,JOINT_FACTOR_COVERAGE,3,21,2,104729,4,E2xS2,10,1
run_4f188044ab658d2456e1,JOINT_FACTOR_COVERAGE,3,21,2,104729,5,E0xS0,44,1
run_4f188044ab658d2456e1,JOINT_FACTOR_COVERAGE,3,21,2,104729,5,E1xS1,5,1
run_4f188044ab658d2456e1,JOINT_FACTOR_COVERAGE,3,21,2,104729,5,E2xS2,43,1
run_4f188044ab658d2456e1,JOINT_FACTOR_COVERAGE,3,21,2,104729,6,E0xS0,14,1
run_4f188044ab658d2456e1,JOINT_FACTOR_COVERAGE,3,21,2,104729,6,E1xS1,6,1
run_4f188044ab658d2456e1,JOINT_FACTOR_COVERAGE,3,21,2,104729,6,E2xS2,11,1
run_bddca7d2b4154930be41,RANDOM_BLOCK,5,35,2,104729,0,E0xS0,24,1
run_bddca7d2b4154930be41,RANDOM_BLOCK,5,35,2,104729,0,E0xS1,12,1
run_bddca7d2b4154930be41,RANDOM_BLOCK,5,35,2,104729,0,E1xS2,0,1
run_bddca7d2b4154930be41,RANDOM_BLOCK,5,35,2,104729,0,E2xS0,3,1
run_bddca7d2b4154930be41,RANDOM_BLOCK,5,35,2,104729,0,E2xS2,44,1
run_bddca7d2b4154930be41,RANDOM_BLOCK,5,35,2,104729,1,E0xS0,28,1
run_bddca7d2b4154930be41,RANDOM_BLOCK,5,35,2,104729,1,E0xS1,2,1
run_bddca7d2b4154930be41,RANDOM_BLOCK,5,35,2,104729,1,E1xS2,10,1
run_bddca7d2b4154930be41,RANDOM_BLOCK,5,35,2,104729,1,E2xS0,37,1
run_bddca7d2b4154930be41,RANDOM_BLOCK,5,35,2,104729,1,E2xS2,19,1
run_bddca7d2b4154930be41,RANDOM_BLOCK,5,35,2,104729,2,E0xS0,32,1
run_bddca7d2b4154930be41,RANDOM_BLOCK,5,35,2,104729,2,E0xS1,46,1
run_bddca7d2b4154930be41,RANDOM_BLOCK,5,35,2,104729,2,E1xS2,9,1
run_bddca7d2b4154930be41,RANDOM_BLOCK,5,35,2,104729,2,E2xS0,11,1
run_bddca7d2b4154930be41,RANDOM_BLOCK,5,35,2,104729,2,E2xS2,18,1
run_bddca7d2b4154930be41,RANDOM_BLOCK,5,35,2,104729,3,E0xS0,48,1
run_bddca7d2b4154930be41,RANDOM_BLOCK,5,35,2,104729,3,E0xS1,13,1
run_bddca7d2b4154930be41,RANDOM_BLOCK,5,35,2,104729,3,E1xS2,3,1
run_bddca7d2b4154930be41,RANDOM_BLOCK,5,35,2,104729,3,E2xS0,2,1
run_bddca7d2b4154930be41,RANDOM_BLOCK,5,35,2,104729,3,E2xS2,20,1
run_bddca7d2b4154930be41,RANDOM_BLOCK,5,35,2,104729,4,E0xS0,31,1
run_bddca7d2b4154930be41,RANDOM_BLOCK,5,35,2,104729,4,E0xS1,38,1
run_bddca7d2b4154930be41,RANDOM_BLOCK,5,35,2,104729,4,E1xS2,1,1
run_bddca7d2b4154930be41,RANDOM_BLOCK,5,35,2,104729,4,E2xS0,13,1
run_bddca7d2b4154930be41,RANDOM_BLOCK,5,35,2,104729,4,E2xS2,10,1
run_bddca7d2b4154930be41,RANDOM_BLOCK,5,35,2,104729,5,E0xS0,44,1
run_bddca7d2b4154930be41,RANDOM_BLOCK,5,35,2,104729,5,E0xS1,47,1
run_bddca7d2b4154930be41,RANDOM_BLOCK,5,35,2,104729,5,E1xS2,39,1
run_bddca7d2b4154930be41,RANDOM_BLOCK,5,35,2,104729,5,E2xS0,19,1
run_bddca7d2b4154930be41,RANDOM_BLOCK,5,35,2,104729,5,E2xS2,43,1
run_bddca7d2b4154930be41,RANDOM_BLOCK,5,35,2,104729,6,E0xS0,14,1
run_bddca7d2b4154930be41,RANDOM_BLOCK,5,35,2,104729,6,E0xS1,5,1
run_bddca7d2b4154930be41,RANDOM_BLOCK,5,35,2,104729,6,E1xS2,16,1
run_bddca7d2b4154930be41,RANDOM_BLOCK,5,35,2,104729,6,E2xS0,45,1
run_bddca7d2b4154930be41,RANDOM_BLOCK,5,35,2,104729,6,E2xS2,11,1
run_ff5f1d8cfa13b9285114,JOINT_FACTOR_COVERAGE,5,35,2,104729,0,E0xS0,24,1
run_ff5f1d8cfa13b9285114,JOINT_FACTOR_COVERAGE,5,35,2,104729,0,E0xS1,12,1
run_ff5f1d8cfa13b9285114,JOINT_FACTOR_COVERAGE,5,35,2,104729,0,E1xS2,0,1
run_ff5f1d8cfa13b9285114,JOINT_FACTOR_COVERAGE,5,35,2,104729,0,E2xS0,3,1
run_ff5f1d8cfa13b9285114,JOINT_FACTOR_COVERAGE,5,35,2,104729,0,E2xS2,44,1
run_ff5f1d8cfa13b9285114,JOINT_FACTOR_COVERAGE,5,35,2,104729,1,E0xS0,28,1
run_ff5f1d8cfa13b9285114,JOINT_FACTOR_COVERAGE,5,35,2,104729,1,E0xS1,2,1
run_ff5f1d8cfa13b9285114,JOINT_FACTOR_COVERAGE,5,35,2,104729,1,E1xS2,10,1
run_ff5f1d8cfa13b9285114,JOINT_FACTOR_COVERAGE,5,35,2,104729,1,E2xS0,37,1
run_ff5f1d8cfa13b9285114,JOINT_FACTOR_COVERAGE,5,35,2,104729,1,E2xS2,19,1
run_ff5f1d8cfa13b9285114,JOINT_FACTOR_COVERAGE,5,35,2,104729,2,E0xS0,32,1
run_ff5f1d8cfa13b9285114,JOINT_FACTOR_COVERAGE,5,35,2,104729,2,E0xS1,46,1
run_ff5f1d8cfa13b9285114,JOINT_FACTOR_COVERAGE,5,35,2,104729,2,E1xS2,9,1
run_ff5f1d8cfa13b9285114,JOINT_FACTOR_COVERAGE,5,35,2,104729,2,E2xS0,11,1
run_ff5f1d8cfa13b9285114,JOINT_FACTOR_COVERAGE,5,35,2,104729,2,E2xS2,18,1
run_ff5f1d8cfa13b9285114,JOINT_FACTOR_COVERAGE,5,35,2,104729,3,E0xS0,48,1
run_ff5f1d8cfa13b9285114,JOINT_FACTOR_COVERAGE,5,35,2,104729,3,E0xS1,13,1
run_ff5f1d8cfa13b9285114,JOINT_FACTOR_COVERAGE,5,35,2,104729,3,E1xS2,3,1
run_ff5f1d8cfa13b9285114,JOINT_FACTOR_COVERAGE,5,35,2,104729,3,E2xS0,2,1
run_ff5f1d8cfa13b9285114,JOINT_FACTOR_COVERAGE,5,35,2,104729,3,E2xS2,20,1
run_ff5f1d8cfa13b9285114,JOINT_FACTOR_COVERAGE,5,35,2,104729,4,E0xS0,31,1
run_ff5f1d8cfa13b9285114,JOINT_FACTOR_COVERAGE,5,35,2,104729,4,E0xS1,38,1
run_ff5f1d8cfa13b9285114,JOINT_FACTOR_COVERAGE,5,35,2,104729,4,E1xS2,1,1
run_ff5f1d8cfa13b9285114,JOINT_FACTOR_COVERAGE,5,35,2,104729,4,E2xS0,13,1
run_ff5f1d8cfa13b9285114,JOINT_FACTOR_COVERAGE,5,35,2,104729,4,E2xS2,10,1
run_ff5f1d8cfa13b9285114,JOINT_FACTOR_COVERAGE,5,35,2,104729,5,E0xS0,44,1
run_ff5f1d8cfa13b9285114,JOINT_FACTOR_COVERAGE,5,35,2,104729,5,E0xS1,47,1
run_ff5f1d8cfa13b9285114,JOINT_FACTOR_COVERAGE,5,35,2,104729,5,E1xS2,39,1
run_ff5f1d8cfa13b9285114,JOINT_FACTOR_COVERAGE,5,35,2,104729,5,E2xS0,19,1
run_ff5f1d8cfa13b9285114,JOINT_FACTOR_COVERAGE,5,35,2,104729,5,E2xS2,43,1
run_ff5f1d8cfa13b9285114,JOINT_FACTOR_COVERAGE,5,35,2,104729,6,E0xS0,14,1
run_ff5f1d8cfa13b9285114,JOINT_FACTOR_COVERAGE,5,35,2,104729,6,E0xS1,5,1
run_ff5f1d8cfa13b9285114,JOINT_FACTOR_COVERAGE,5,35,2,104729,6,E1xS2,16,1
run_ff5f1d8cfa13b9285114,JOINT_FACTOR_COVERAGE,5,35,2,104729,6,E2xS0,45,1
run_ff5f1d8cfa13b9285114,JOINT_FACTOR_COVERAGE,5,35,2,104729,6,E2xS2,11,1
run_0c49654563ed900c9ea8,RANDOM_BLOCK,1,7,2,130363,0,E0xS1,22,1
run_0c49654563ed900c9ea8,RANDOM_BLOCK,1,7,2,130363,1,E0xS1,17,1
run_0c49654563ed900c9ea8,RANDOM_BLOCK,1,7,2,130363,2,E0xS1,47,1
run_0c49654563ed900c9ea8,RANDOM_BLOCK,1,7,2,130363,3,E0xS1,20,1
run_0c49654563ed900c9ea8,RANDOM_BLOCK,1,7,2,130363,4,E0xS1,22,1
run_0c49654563ed900c9ea8,RANDOM_BLOCK,1,7,2,130363,5,E0xS1,40,1
run_0c49654563ed900c9ea8,RANDOM_BLOCK,1,7,2,130363,6,E0xS1,42,1
run_502c46e50e7ae3489d2a,RANDOM_BLOCK,3,21,2,130363,0,E0xS0,31,1
run_502c46e50e7ae3489d2a,RANDOM_BLOCK,3,21,2,130363,0,E0xS1,22,1
run_502c46e50e7ae3489d2a,RANDOM_BLOCK,3,21,2,130363,0,E2xS2,21,1
run_502c46e50e7ae3489d2a,RANDOM_BLOCK,3,21,2,130363,1,E0xS0,3,1
run_502c46e50e7ae3489d2a,RANDOM_BLOCK,3,21,2,130363,1,E0xS1,17,1
run_502c46e50e7ae3489d2a,RANDOM_BLOCK,3,21,2,130363,1,E2xS2,12,1
run_502c46e50e7ae3489d2a,RANDOM_BLOCK,3,21,2,130363,2,E0xS0,35,1
run_502c46e50e7ae3489d2a,RANDOM_BLOCK,3,21,2,130363,2,E0xS1,47,1
run_502c46e50e7ae3489d2a,RANDOM_BLOCK,3,21,2,130363,2,E2xS2,26,1
run_502c46e50e7ae3489d2a,RANDOM_BLOCK,3,21,2,130363,3,E0xS0,44,1
run_502c46e50e7ae3489d2a,RANDOM_BLOCK,3,21,2,130363,3,E0xS1,20,1
run_502c46e50e7ae3489d2a,RANDOM_BLOCK,3,21,2,130363,3,E2xS2,2,1
run_502c46e50e7ae3489d2a,RANDOM_BLOCK,3,21,2,130363,4,E0xS0,5,1
run_502c46e50e7ae3489d2a,RANDOM_BLOCK,3,21,2,130363,4,E0xS1,22,1
run_502c46e50e7ae3489d2a,RANDOM_BLOCK,3,21,2,130363,4,E2xS2,17,1
run_502c46e50e7ae3489d2a,RANDOM_BLOCK,3,21,2,130363,5,E0xS0,0,1
run_502c46e50e7ae3489d2a,RANDOM_BLOCK,3,21,2,130363,5,E0xS1,40,1
run_502c46e50e7ae3489d2a,RANDOM_BLOCK,3,21,2,130363,5,E2xS2,38,1
run_502c46e50e7ae3489d2a,RANDOM_BLOCK,3,21,2,130363,6,E0xS0,40,1
run_502c46e50e7ae3489d2a,RANDOM_BLOCK,3,21,2,130363,6,E0xS1,42,1
run_502c46e50e7ae3489d2a,RANDOM_BLOCK,3,21,2,130363,6,E2xS2,35,1
run_efcc1092b1041d87d687,ER_BALANCED,3,21,2,130363,0,E0xS0,31,1
run_efcc1092b1041d87d687,ER_BALANCED,3,21,2,130363,0,E1xS1,45,1
run_efcc1092b1041d87d687,ER_BALANCED,3,21,2,130363,0,E2xS0,29,1
run_efcc1092b1041d87d687,ER_BALANCED,3,21,2,130363,1,E0xS0,3,1
run_efcc1092b1041d87d687,ER_BALANCED,3,21,2,130363,1,E1xS1,6,1
run_efcc1092b1041d87d687,ER_BALANCED,3,21,2,130363,1,E2xS0,49,1
run_efcc1092b1041d87d687,ER_BALANCED,3,21,2,130363,2,E0xS0,35,1
run_efcc1092b1041d87d687,ER_BALANCED,3,21,2,130363,2,E1xS1,14,1
run_efcc1092b1041d87d687,ER_BALANCED,3,21,2,130363,2,E2xS0,35,1
run_efcc1092b1041d87d687,ER_BALANCED,3,21,2,130363,3,E0xS0,44,1
run_efcc1092b1041d87d687,ER_BALANCED,3,21,2,130363,3,E1xS1,27,1
run_efcc1092b1041d87d687,ER_BALANCED,3,21,2,130363,3,E2xS0,15,1
run_efcc1092b1041d87d687,ER_BALANCED,3,21,2,130363,4,E0xS0,5,1
run_efcc1092b1041d87d687,ER_BALANCED,3,21,2,130363,4,E1xS1,3,1
run_efcc1092b1041d87d687,ER_BALANCED,3,21,2,130363,4,E2xS0,24,1
run_efcc1092b1041d87d687,ER_BALANCED,3,21,2,130363,5,E0xS0,0,1
run_efcc1092b1041d87d687,ER_BALANCED,3,21,2,130363,5,E1xS1,41,1
run_efcc1092b1041d87d687,ER_BALANCED,3,21,2,130363,5,E2xS0,10,1
run_efcc1092b1041d87d687,ER_BALANCED,3,21,2,130363,6,E0xS0,40,1
run_efcc1092b1041d87d687,ER_BALANCED,3,21,2,130363,6,E1xS1,23,1
run_efcc1092b1041d87d687,ER_BALANCED,3,21,2,130363,6,E2xS0,5,1
run_b586f732a77dad9a43b7,SURFACE_BALANCED,3,21,2,130363,0,E1xS1,45,1
run_b586f732a77dad9a43b7,SURFACE_BALANCED,3,21,2,130363,0,E1xS2,7,1
run_b586f732a77dad9a43b7,SURFACE_BALANCED,3,21,2,130363,0,E2xS0,29,1
run_b586f732a77dad9a43b7,SURFACE_BALANCED,3,21,2,130363,1,E1xS1,6,1
run_b586f732a77dad9a43b7,SURFACE_BALANCED,3,21,2,130363,1,E1xS2,14,1
run_b586f732a77dad9a43b7,SURFACE_BALANCED,3,21,2,130363,1,E2xS0,49,1
run_b586f732a77dad9a43b7,SURFACE_BALANCED,3,21,2,130363,2,E1xS1,14,1
run_b586f732a77dad9a43b7,SURFACE_BALANCED,3,21,2,130363,2,E1xS2,12,1
run_b586f732a77dad9a43b7,SURFACE_BALANCED,3,21,2,130363,2,E2xS0,35,1
run_b586f732a77dad9a43b7,SURFACE_BALANCED,3,21,2,130363,3,E1xS1,27,1
run_b586f732a77dad9a43b7,SURFACE_BALANCED,3,21,2,130363,3,E1xS2,13,1
run_b586f732a77dad9a43b7,SURFACE_BALANCED,3,21,2,130363,3,E2xS0,15,1
run_b586f732a77dad9a43b7,SURFACE_BALANCED,3,21,2,130363,4,E1xS1,3,1
run_b586f732a77dad9a43b7,SURFACE_BALANCED,3,21,2,130363,4,E1xS2,1,1
run_b586f732a77dad9a43b7,SURFACE_BALANCED,3,21,2,130363,4,E2xS0,24,1
run_b586f732a77dad9a43b7,SURFACE_BALANCED,3,21,2,130363,5,E1xS1,41,1
run_b586f732a77dad9a43b7,SURFACE_BALANCED,3,21,2,130363,5,E1xS2,1,1
run_b586f732a77dad9a43b7,SURFACE_BALANCED,3,21,2,130363,5,E2xS0,10,1
run_b586f732a77dad9a43b7,SURFACE_BALANCED,3,21,2,130363,6,E1xS1,23,1
run_b586f732a77dad9a43b7,SURFACE_BALANCED,3,21,2,130363,6,E1xS2,36,1
run_b586f732a77dad9a43b7,SURFACE_BALANCED,3,21,2,130363,6,E2xS0,5,1
run_dbd0e8e52f3ca129a2fa,JOINT_FACTOR_COVERAGE,3,21,2,130363,0,E0xS1,22,1
run_dbd0e8e52f3ca129a2fa,JOINT_FACTOR_COVERAGE,3,21,2,130363,0,E1xS2,7,1
run_dbd0e8e52f3ca129a2fa,JOINT_FACTOR_COVERAGE,3,21,2,130363,0,E2xS0,29,1
run_dbd0e8e52f3ca129a2fa,JOINT_FACTOR_COVERAGE,3,21,2,130363,1,E0xS1,17,1
run_dbd0e8e52f3ca129a2fa,JOINT_FACTOR_COVERAGE,3,21,2,130363,1,E1xS2,14,1
run_dbd0e8e52f3ca129a2fa,JOINT_FACTOR_COVERAGE,3,21,2,130363,1,E2xS0,49,1
run_dbd0e8e52f3ca129a2fa,JOINT_FACTOR_COVERAGE,3,21,2,130363,2,E0xS1,47,1
run_dbd0e8e52f3ca129a2fa,JOINT_FACTOR_COVERAGE,3,21,2,130363,2,E1xS2,12,1
run_dbd0e8e52f3ca129a2fa,JOINT_FACTOR_COVERAGE,3,21,2,130363,2,E2xS0,35,1
run_dbd0e8e52f3ca129a2fa,JOINT_FACTOR_COVERAGE,3,21,2,130363,3,E0xS1,20,1
run_dbd0e8e52f3ca129a2fa,JOINT_FACTOR_COVERAGE,3,21,2,130363,3,E1xS2,13,1
run_dbd0e8e52f3ca129a2fa,JOINT_FACTOR_COVERAGE,3,21,2,130363,3,E2xS0,15,1
run_dbd0e8e52f3ca129a2fa,JOINT_FACTOR_COVERAGE,3,21,2,130363,4,E0xS1,22,1
run_dbd0e8e52f3ca129a2fa,JOINT_FACTOR_COVERAGE,3,21,2,130363,4,E1xS2,1,1
run_dbd0e8e52f3ca129a2fa,JOINT_FACTOR_COVERAGE,3,21,2,130363,4,E2xS0,24,1
run_dbd0e8e52f3ca129a2fa,JOINT_FACTOR_COVERAGE,3,21,2,130363,5,E0xS1,40,1
run_dbd0e8e52f3ca129a2fa,JOINT_FACTOR_COVERAGE,3,21,2,130363,5,E1xS2,1,1
run_dbd0e8e52f3ca129a2fa,JOINT_FACTOR_COVERAGE,3,21,2,130363,5,E2xS0,10,1
run_dbd0e8e52f3ca129a2fa,JOINT_FACTOR_COVERAGE,3,21,2,130363,6,E0xS1,42,1
run_dbd0e8e52f3ca129a2fa,JOINT_FACTOR_COVERAGE,3,21,2,130363,6,E1xS2,36,1
run_dbd0e8e52f3ca129a2fa,JOINT_FACTOR_COVERAGE,3,21,2,130363,6,E2xS0,5,1
run_fe00e651610faa2f813f,RANDOM_BLOCK,5,35,2,130363,0,E0xS0,31,1
run_fe00e651610faa2f813f,RANDOM_BLOCK,5,35,2,130363,0,E0xS1,22,1
run_fe00e651610faa2f813f,RANDOM_BLOCK,5,35,2,130363,0,E1xS2,7,1
run_fe00e651610faa2f813f,RANDOM_BLOCK,5,35,2,130363,0,E2xS0,29,1
run_fe00e651610faa2f813f,RANDOM_BLOCK,5,35,2,130363,0,E2xS2,21,1
run_fe00e651610faa2f813f,RANDOM_BLOCK,5,35,2,130363,1,E0xS0,3,1
run_fe00e651610faa2f813f,RANDOM_BLOCK,5,35,2,130363,1,E0xS1,17,1
run_fe00e651610faa2f813f,RANDOM_BLOCK,5,35,2,130363,1,E1xS2,14,1
run_fe00e651610faa2f813f,RANDOM_BLOCK,5,35,2,130363,1,E2xS0,49,1
run_fe00e651610faa2f813f,RANDOM_BLOCK,5,35,2,130363,1,E2xS2,12,1
run_fe00e651610faa2f813f,RANDOM_BLOCK,5,35,2,130363,2,E0xS0,35,1
run_fe00e651610faa2f813f,RANDOM_BLOCK,5,35,2,130363,2,E0xS1,47,1
run_fe00e651610faa2f813f,RANDOM_BLOCK,5,35,2,130363,2,E1xS2,12,1
run_fe00e651610faa2f813f,RANDOM_BLOCK,5,35,2,130363,2,E2xS0,35,1
run_fe00e651610faa2f813f,RANDOM_BLOCK,5,35,2,130363,2,E2xS2,26,1
run_fe00e651610faa2f813f,RANDOM_BLOCK,5,35,2,130363,3,E0xS0,44,1
run_fe00e651610faa2f813f,RANDOM_BLOCK,5,35,2,130363,3,E0xS1,20,1
run_fe00e651610faa2f813f,RANDOM_BLOCK,5,35,2,130363,3,E1xS2,13,1
run_fe00e651610faa2f813f,RANDOM_BLOCK,5,35,2,130363,3,E2xS0,15,1
run_fe00e651610faa2f813f,RANDOM_BLOCK,5,35,2,130363,3,E2xS2,2,1
run_fe00e651610faa2f813f,RANDOM_BLOCK,5,35,2,130363,4,E0xS0,5,1
run_fe00e651610faa2f813f,RANDOM_BLOCK,5,35,2,130363,4,E0xS1,22,1
run_fe00e651610faa2f813f,RANDOM_BLOCK,5,35,2,130363,4,E1xS2,1,1
run_fe00e651610faa2f813f,RANDOM_BLOCK,5,35,2,130363,4,E2xS0,24,1
run_fe00e651610faa2f813f,RANDOM_BLOCK,5,35,2,130363,4,E2xS2,17,1
run_fe00e651610faa2f813f,RANDOM_BLOCK,5,35,2,130363,5,E0xS0,0,1
run_fe00e651610faa2f813f,RANDOM_BLOCK,5,35,2,130363,5,E0xS1,40,1
run_fe00e651610faa2f813f,RANDOM_BLOCK,5,35,2,130363,5,E1xS2,1,1
run_fe00e651610faa2f813f,RANDOM_BLOCK,5,35,2,130363,5,E2xS0,10,1
run_fe00e651610faa2f813f,RANDOM_BLOCK,5,35,2,130363,5,E2xS2,38,1
run_fe00e651610faa2f813f,RANDOM_BLOCK,5,35,2,130363,6,E0xS0,40,1
run_fe00e651610faa2f813f,RANDOM_BLOCK,5,35,2,130363,6,E0xS1,42,1
run_fe00e651610faa2f813f,RANDOM_BLOCK,5,35,2,130363,6,E1xS2,36,1
run_fe00e651610faa2f813f,RANDOM_BLOCK,5,35,2,130363,6,E2xS0,5,1
run_fe00e651610faa2f813f,RANDOM_BLOCK,5,35,2,130363,6,E2xS2,35,1
run_16a27aa839780038eab6,JOINT_FACTOR_COVERAGE,5,35,2,130363,0,E0xS0,31,1
run_16a27aa839780038eab6,JOINT_FACTOR_COVERAGE,5,35,2,130363,0,E0xS1,22,1
run_16a27aa839780038eab6,JOINT_FACTOR_COVERAGE,5,35,2,130363,0,E1xS2,7,1
run_16a27aa839780038eab6,JOINT_FACTOR_COVERAGE,5,35,2,130363,0,E2xS0,29,1
run_16a27aa839780038eab6,JOINT_FACTOR_COVERAGE,5,35,2,130363,0,E2xS2,21,1
run_16a27aa839780038eab6,JOINT_FACTOR_COVERAGE,5,35,2,130363,1,E0xS0,3,1
run_16a27aa839780038eab6,JOINT_FACTOR_COVERAGE,5,35,2,130363,1,E0xS1,17,1
run_16a27aa839780038eab6,JOINT_FACTOR_COVERAGE,5,35,2,130363,1,E1xS2,14,1
run_16a27aa839780038eab6,JOINT_FACTOR_COVERAGE,5,35,2,130363,1,E2xS0,49,1
run_16a27aa839780038eab6,JOINT_FACTOR_COVERAGE,5,35,2,130363,1,E2xS2,12,1
run_16a27aa839780038eab6,JOINT_FACTOR_COVERAGE,5,35,2,130363,2,E0xS0,35,1
run_16a27aa839780038eab6,JOINT_FACTOR_COVERAGE,5,35,2,130363,2,E0xS1,47,1
run_16a27aa839780038eab6,JOINT_FACTOR_COVERAGE,5,35,2,130363,2,E1xS2,12,1
run_16a27aa839780038eab6,JOINT_FACTOR_COVERAGE,5,35,2,130363,2,E2xS0,35,1
run_16a27aa839780038eab6,JOINT_FACTOR_COVERAGE,5,35,2,130363,2,E2xS2,26,1
run_16a27aa839780038eab6,JOINT_FACTOR_COVERAGE,5,35,2,130363,3,E0xS0,44,1
run_16a27aa839780038eab6,JOINT_FACTOR_COVERAGE,5,35,2,130363,3,E0xS1,20,1
run_16a27aa839780038eab6,JOINT_FACTOR_COVERAGE,5,35,2,130363,3,E1xS2,13,1
run_16a27aa839780038eab6,JOINT_FACTOR_COVERAGE,5,35,2,130363,3,E2xS0,15,1
run_16a27aa839780038eab6,JOINT_FACTOR_COVERAGE,5,35,2,130363,3,E2xS2,2,1
run_16a27aa839780038eab6,JOINT_FACTOR_COVERAGE,5,35,2,130363,4,E0xS0,5,1
run_16a27aa839780038eab6,JOINT_FACTOR_COVERAGE,5,35,2,130363,4,E0xS1,22,1
run_16a27aa839780038eab6,JOINT_FACTOR_COVERAGE,5,35,2,130363,4,E1xS2,1,1
run_16a27aa839780038eab6,JOINT_FACTOR_COVERAGE,5,35,2,130363,4,E2xS0,24,1
run_16a27aa839780038eab6,JOINT_FACTOR_COVERAGE,5,35,2,130363,4,E2xS2,17,1
run_16a27aa839780038eab6,JOINT_FACTOR_COVERAGE,5,35,2,130363,5,E0xS0,0,1
run_16a27aa839780038eab6,JOINT_FACTOR_COVERAGE,5,35,2,130363,5,E0xS1,40,1
run_16a27aa839780038eab6,JOINT_FACTOR_COVERAGE,5,35,2,130363,5,E1xS2,1,1
run_16a27aa839780038eab6,JOINT_FACTOR_COVERAGE,5,35,2,130363,5,E2xS0,10,1
run_16a27aa839780038eab6,JOINT_FACTOR_COVERAGE,5,35,2,130363,5,E2xS2,38,1
run_16a27aa839780038eab6,JOINT_FACTOR_COVERAGE,5,35,2,130363,6,E0xS0,40,1
run_16a27aa839780038eab6,JOINT_FACTOR_COVERAGE,5,35,2,130363,6,E0xS1,42,1
run_16a27aa839780038eab6,JOINT_FACTOR_COVERAGE,5,35,2,130363,6,E1xS2,36,1
run_16a27aa839780038eab6,JOINT_FACTOR_COVERAGE,5,35,2,130363,6,E2xS0,5,1
run_16a27aa839780038eab6,JOINT_FACTOR_COVERAGE,5,35,2,130363,6,E2xS2,35,1
run_49e235c342b1a34c2cd7,RANDOM_BLOCK,1,7,2,155921,0,E2xS0,41,1
run_49e235c342b1a34c2cd7,RANDOM_BLOCK,1,7,2,155921,1,E2xS0,12,1
run_49e235c342b1a34c2cd7,RANDOM_BLOCK,1,7,2,155921,2,E2xS0,17,1
run_49e235c342b1a34c2cd7,RANDOM_BLOCK,1,7,2,155921,3,E2xS0,26,1
run_49e235c342b1a34c2cd7,RANDOM_BLOCK,1,7,2,155921,4,E2xS0,47,1
run_49e235c342b1a34c2cd7,RANDOM_BLOCK,1,7,2,155921,5,E2xS0,34,1
run_49e235c342b1a34c2cd7,RANDOM_BLOCK,1,7,2,155921,6,E2xS0,44,1
run_7e0c7a45e33a353f54ad,RANDOM_BLOCK,3,21,2,155921,0,E0xS1,46,1
run_7e0c7a45e33a353f54ad,RANDOM_BLOCK,3,21,2,155921,0,E1xS1,6,1
run_7e0c7a45e33a353f54ad,RANDOM_BLOCK,3,21,2,155921,0,E2xS2,42,1
run_7e0c7a45e33a353f54ad,RANDOM_BLOCK,3,21,2,155921,1,E0xS1,18,1
run_7e0c7a45e33a353f54ad,RANDOM_BLOCK,3,21,2,155921,1,E1xS1,6,1
run_7e0c7a45e33a353f54ad,RANDOM_BLOCK,3,21,2,155921,1,E2xS2,5,1
run_7e0c7a45e33a353f54ad,RANDOM_BLOCK,3,21,2,155921,2,E0xS1,43,1
run_7e0c7a45e33a353f54ad,RANDOM_BLOCK,3,21,2,155921,2,E1xS1,3,1
run_7e0c7a45e33a353f54ad,RANDOM_BLOCK,3,21,2,155921,2,E2xS2,6,1
run_7e0c7a45e33a353f54ad,RANDOM_BLOCK,3,21,2,155921,3,E0xS1,16,1
run_7e0c7a45e33a353f54ad,RANDOM_BLOCK,3,21,2,155921,3,E1xS1,32,1
run_7e0c7a45e33a353f54ad,RANDOM_BLOCK,3,21,2,155921,3,E2xS2,19,1
run_7e0c7a45e33a353f54ad,RANDOM_BLOCK,3,21,2,155921,4,E0xS1,21,1
run_7e0c7a45e33a353f54ad,RANDOM_BLOCK,3,21,2,155921,4,E1xS1,42,1
run_7e0c7a45e33a353f54ad,RANDOM_BLOCK,3,21,2,155921,4,E2xS2,5,1
run_7e0c7a45e33a353f54ad,RANDOM_BLOCK,3,21,2,155921,5,E0xS1,8,1
run_7e0c7a45e33a353f54ad,RANDOM_BLOCK,3,21,2,155921,5,E1xS1,13,1
run_7e0c7a45e33a353f54ad,RANDOM_BLOCK,3,21,2,155921,5,E2xS2,2,1
run_7e0c7a45e33a353f54ad,RANDOM_BLOCK,3,21,2,155921,6,E0xS1,10,1
run_7e0c7a45e33a353f54ad,RANDOM_BLOCK,3,21,2,155921,6,E1xS1,24,1
run_7e0c7a45e33a353f54ad,RANDOM_BLOCK,3,21,2,155921,6,E2xS2,43,1
run_e4bd4fe4ad9460b49523,ER_BALANCED,3,21,2,155921,0,E0xS0,24,1
run_e4bd4fe4ad9460b49523,ER_BALANCED,3,21,2,155921,0,E1xS1,6,1
run_e4bd4fe4ad9460b49523,ER_BALANCED,3,21,2,155921,0,E2xS0,41,1
run_e4bd4fe4ad9460b49523,ER_BALANCED,3,21,2,155921,1,E0xS0,16,1
run_e4bd4fe4ad9460b49523,ER_BALANCED,3,21,2,155921,1,E1xS1,6,1
run_e4bd4fe4ad9460b49523,ER_BALANCED,3,21,2,155921,1,E2xS0,12,1
run_e4bd4fe4ad9460b49523,ER_BALANCED,3,21,2,155921,2,E0xS0,24,1
run_e4bd4fe4ad9460b49523,ER_BALANCED,3,21,2,155921,2,E1xS1,3,1
run_e4bd4fe4ad9460b49523,ER_BALANCED,3,21,2,155921,2,E2xS0,17,1
run_e4bd4fe4ad9460b49523,ER_BALANCED,3,21,2,155921,3,E0xS0,37,1
run_e4bd4fe4ad9460b49523,ER_BALANCED,3,21,2,155921,3,E1xS1,32,1
run_e4bd4fe4ad9460b49523,ER_BALANCED,3,21,2,155921,3,E2xS0,26,1
run_e4bd4fe4ad9460b49523,ER_BALANCED,3,21,2,155921,4,E0xS0,43,1
run_e4bd4fe4ad9460b49523,ER_BALANCED,3,21,2,155921,4,E1xS1,42,1
run_e4bd4fe4ad9460b49523,ER_BALANCED,3,21,2,155921,4,E2xS0,47,1
run_e4bd4fe4ad9460b49523,ER_BALANCED,3,21,2,155921,5,E0xS0,33,1
run_e4bd4fe4ad9460b49523,ER_BALANCED,3,21,2,155921,5,E1xS1,13,1
run_e4bd4fe4ad9460b49523,ER_BALANCED,3,21,2,155921,5,E2xS0,34,1
run_e4bd4fe4ad9460b49523,ER_BALANCED,3,21,2,155921,6,E0xS0,12,1
run_e4bd4fe4ad9460b49523,ER_BALANCED,3,21,2,155921,6,E1xS1,24,1
run_e4bd4fe4ad9460b49523,ER_BALANCED,3,21,2,155921,6,E2xS0,44,1
run_03810d7d246d98a89218,SURFACE_BALANCED,3,21,2,155921,0,E0xS0,24,1
run_03810d7d246d98a89218,SURFACE_BALANCED,3,21,2,155921,0,E1xS1,6,1
run_03810d7d246d98a89218,SURFACE_BALANCED,3,21,2,155921,0,E1xS2,0,1
run_03810d7d246d98a89218,SURFACE_BALANCED,3,21,2,155921,1,E0xS0,16,1
run_03810d7d246d98a89218,SURFACE_BALANCED,3,21,2,155921,1,E1xS1,6,1
run_03810d7d246d98a89218,SURFACE_BALANCED,3,21,2,155921,1,E1xS2,21,1
run_03810d7d246d98a89218,SURFACE_BALANCED,3,21,2,155921,2,E0xS0,24,1
run_03810d7d246d98a89218,SURFACE_BALANCED,3,21,2,155921,2,E1xS1,3,1
run_03810d7d246d98a89218,SURFACE_BALANCED,3,21,2,155921,2,E1xS2,8,1
run_03810d7d246d98a89218,SURFACE_BALANCED,3,21,2,155921,3,E0xS0,37,1
run_03810d7d246d98a89218,SURFACE_BALANCED,3,21,2,155921,3,E1xS1,32,1
run_03810d7d246d98a89218,SURFACE_BALANCED,3,21,2,155921,3,E1xS2,37,1
run_03810d7d246d98a89218,SURFACE_BALANCED,3,21,2,155921,4,E0xS0,43,1
run_03810d7d246d98a89218,SURFACE_BALANCED,3,21,2,155921,4,E1xS1,42,1
run_03810d7d246d98a89218,SURFACE_BALANCED,3,21,2,155921,4,E1xS2,32,1
run_03810d7d246d98a89218,SURFACE_BALANCED,3,21,2,155921,5,E0xS0,33,1
run_03810d7d246d98a89218,SURFACE_BALANCED,3,21,2,155921,5,E1xS1,13,1
run_03810d7d246d98a89218,SURFACE_BALANCED,3,21,2,155921,5,E1xS2,40,1
run_03810d7d246d98a89218,SURFACE_BALANCED,3,21,2,155921,6,E0xS0,12,1
run_03810d7d246d98a89218,SURFACE_BALANCED,3,21,2,155921,6,E1xS1,24,1
run_03810d7d246d98a89218,SURFACE_BALANCED,3,21,2,155921,6,E1xS2,33,1
run_ad27c9ac65dd54c74687,JOINT_FACTOR_COVERAGE,3,21,2,155921,0,E0xS1,46,1
run_ad27c9ac65dd54c74687,JOINT_FACTOR_COVERAGE,3,21,2,155921,0,E1xS2,0,1
run_ad27c9ac65dd54c74687,JOINT_FACTOR_COVERAGE,3,21,2,155921,0,E2xS0,41,1
run_ad27c9ac65dd54c74687,JOINT_FACTOR_COVERAGE,3,21,2,155921,1,E0xS1,18,1
run_ad27c9ac65dd54c74687,JOINT_FACTOR_COVERAGE,3,21,2,155921,1,E1xS2,21,1
run_ad27c9ac65dd54c74687,JOINT_FACTOR_COVERAGE,3,21,2,155921,1,E2xS0,12,1
run_ad27c9ac65dd54c74687,JOINT_FACTOR_COVERAGE,3,21,2,155921,2,E0xS1,43,1
run_ad27c9ac65dd54c74687,JOINT_FACTOR_COVERAGE,3,21,2,155921,2,E1xS2,8,1
run_ad27c9ac65dd54c74687,JOINT_FACTOR_COVERAGE,3,21,2,155921,2,E2xS0,17,1
run_ad27c9ac65dd54c74687,JOINT_FACTOR_COVERAGE,3,21,2,155921,3,E0xS1,16,1
run_ad27c9ac65dd54c74687,JOINT_FACTOR_COVERAGE,3,21,2,155921,3,E1xS2,37,1
run_ad27c9ac65dd54c74687,JOINT_FACTOR_COVERAGE,3,21,2,155921,3,E2xS0,26,1
run_ad27c9ac65dd54c74687,JOINT_FACTOR_COVERAGE,3,21,2,155921,4,E0xS1,21,1
run_ad27c9ac65dd54c74687,JOINT_FACTOR_COVERAGE,3,21,2,155921,4,E1xS2,32,1
run_ad27c9ac65dd54c74687,JOINT_FACTOR_COVERAGE,3,21,2,155921,4,E2xS0,47,1
run_ad27c9ac65dd54c74687,JOINT_FACTOR_COVERAGE,3,21,2,155921,5,E0xS1,8,1
run_ad27c9ac65dd54c74687,JOINT_FACTOR_COVERAGE,3,21,2,155921,5,E1xS2,40,1
run_ad27c9ac65dd54c74687,JOINT_FACTOR_COVERAGE,3,21,2,155921,5,E2xS0,34,1
run_ad27c9ac65dd54c74687,JOINT_FACTOR_COVERAGE,3,21,2,155921,6,E0xS1,10,1
run_ad27c9ac65dd54c74687,JOINT_FACTOR_COVERAGE,3,21,2,155921,6,E1xS2,33,1
run_ad27c9ac65dd54c74687,JOINT_FACTOR_COVERAGE,3,21,2,155921,6,E2xS0,44,1
run_bd923ee0802407a8a7e1,RANDOM_BLOCK,5,35,2,155921,0,E0xS0,24,1
run_bd923ee0802407a8a7e1,RANDOM_BLOCK,5,35,2,155921,0,E0xS1,46,1
run_bd923ee0802407a8a7e1,RANDOM_BLOCK,5,35,2,155921,0,E1xS1,6,1
run_bd923ee0802407a8a7e1,RANDOM_BLOCK,5,35,2,155921,0,E1xS2,0,1
run_bd923ee0802407a8a7e1,RANDOM_BLOCK,5,35,2,155921,0,E2xS0,41,1
run_bd923ee0802407a8a7e1,RANDOM_BLOCK,5,35,2,155921,1,E0xS0,16,1
run_bd923ee0802407a8a7e1,RANDOM_BLOCK,5,35,2,155921,1,E0xS1,18,1
run_bd923ee0802407a8a7e1,RANDOM_BLOCK,5,35,2,155921,1,E1xS1,6,1
run_bd923ee0802407a8a7e1,RANDOM_BLOCK,5,35,2,155921,1,E1xS2,21,1
run_bd923ee0802407a8a7e1,RANDOM_BLOCK,5,35,2,155921,1,E2xS0,12,1
run_bd923ee0802407a8a7e1,RANDOM_BLOCK,5,35,2,155921,2,E0xS0,24,1
run_bd923ee0802407a8a7e1,RANDOM_BLOCK,5,35,2,155921,2,E0xS1,43,1
run_bd923ee0802407a8a7e1,RANDOM_BLOCK,5,35,2,155921,2,E1xS1,3,1
run_bd923ee0802407a8a7e1,RANDOM_BLOCK,5,35,2,155921,2,E1xS2,8,1
run_bd923ee0802407a8a7e1,RANDOM_BLOCK,5,35,2,155921,2,E2xS0,17,1
run_bd923ee0802407a8a7e1,RANDOM_BLOCK,5,35,2,155921,3,E0xS0,37,1
run_bd923ee0802407a8a7e1,RANDOM_BLOCK,5,35,2,155921,3,E0xS1,16,1
run_bd923ee0802407a8a7e1,RANDOM_BLOCK,5,35,2,155921,3,E1xS1,32,1
run_bd923ee0802407a8a7e1,RANDOM_BLOCK,5,35,2,155921,3,E1xS2,37,1
run_bd923ee0802407a8a7e1,RANDOM_BLOCK,5,35,2,155921,3,E2xS0,26,1
run_bd923ee0802407a8a7e1,RANDOM_BLOCK,5,35,2,155921,4,E0xS0,43,1
run_bd923ee0802407a8a7e1,RANDOM_BLOCK,5,35,2,155921,4,E0xS1,21,1
run_bd923ee0802407a8a7e1,RANDOM_BLOCK,5,35,2,155921,4,E1xS1,42,1
run_bd923ee0802407a8a7e1,RANDOM_BLOCK,5,35,2,155921,4,E1xS2,32,1
run_bd923ee0802407a8a7e1,RANDOM_BLOCK,5,35,2,155921,4,E2xS0,47,1
run_bd923ee0802407a8a7e1,RANDOM_BLOCK,5,35,2,155921,5,E0xS0,33,1
run_bd923ee0802407a8a7e1,RANDOM_BLOCK,5,35,2,155921,5,E0xS1,8,1
run_bd923ee0802407a8a7e1,RANDOM_BLOCK,5,35,2,155921,5,E1xS1,13,1
run_bd923ee0802407a8a7e1,RANDOM_BLOCK,5,35,2,155921,5,E1xS2,40,1
run_bd923ee0802407a8a7e1,RANDOM_BLOCK,5,35,2,155921,5,E2xS0,34,1
run_bd923ee0802407a8a7e1,RANDOM_BLOCK,5,35,2,155921,6,E0xS0,12,1
run_bd923ee0802407a8a7e1,RANDOM_BLOCK,5,35,2,155921,6,E0xS1,10,1
run_bd923ee0802407a8a7e1,RANDOM_BLOCK,5,35,2,155921,6,E1xS1,24,1
run_bd923ee0802407a8a7e1,RANDOM_BLOCK,5,35,2,155921,6,E1xS2,33,1
run_bd923ee0802407a8a7e1,RANDOM_BLOCK,5,35,2,155921,6,E2xS0,44,1
run_8b2d2a55f599b97b0437,JOINT_FACTOR_COVERAGE,5,35,2,155921,0,E0xS0,24,1
run_8b2d2a55f599b97b0437,JOINT_FACTOR_COVERAGE,5,35,2,155921,0,E0xS1,46,1
run_8b2d2a55f599b97b0437,JOINT_FACTOR_COVERAGE,5,35,2,155921,0,E1xS2,0,1
run_8b2d2a55f599b97b0437,JOINT_FACTOR_COVERAGE,5,35,2,155921,0,E2xS0,41,1
run_8b2d2a55f599b97b0437,JOINT_FACTOR_COVERAGE,5,35,2,155921,0,E2xS2,42,1
run_8b2d2a55f599b97b0437,JOINT_FACTOR_COVERAGE,5,35,2,155921,1,E0xS0,16,1
run_8b2d2a55f599b97b0437,JOINT_FACTOR_COVERAGE,5,35,2,155921,1,E0xS1,18,1
run_8b2d2a55f599b97b0437,JOINT_FACTOR_COVERAGE,5,35,2,155921,1,E1xS2,21,1
run_8b2d2a55f599b97b0437,JOINT_FACTOR_COVERAGE,5,35,2,155921,1,E2xS0,12,1
run_8b2d2a55f599b97b0437,JOINT_FACTOR_COVERAGE,5,35,2,155921,1,E2xS2,5,1
run_8b2d2a55f599b97b0437,JOINT_FACTOR_COVERAGE,5,35,2,155921,2,E0xS0,24,1
run_8b2d2a55f599b97b0437,JOINT_FACTOR_COVERAGE,5,35,2,155921,2,E0xS1,43,1
run_8b2d2a55f599b97b0437,JOINT_FACTOR_COVERAGE,5,35,2,155921,2,E1xS2,8,1
run_8b2d2a55f599b97b0437,JOINT_FACTOR_COVERAGE,5,35,2,155921,2,E2xS0,17,1
run_8b2d2a55f599b97b0437,JOINT_FACTOR_COVERAGE,5,35,2,155921,2,E2xS2,6,1
run_8b2d2a55f599b97b0437,JOINT_FACTOR_COVERAGE,5,35,2,155921,3,E0xS0,37,1
run_8b2d2a55f599b97b0437,JOINT_FACTOR_COVERAGE,5,35,2,155921,3,E0xS1,16,1
run_8b2d2a55f599b97b0437,JOINT_FACTOR_COVERAGE,5,35,2,155921,3,E1xS2,37,1
run_8b2d2a55f599b97b0437,JOINT_FACTOR_COVERAGE,5,35,2,155921,3,E2xS0,26,1
run_8b2d2a55f599b97b0437,JOINT_FACTOR_COVERAGE,5,35,2,155921,3,E2xS2,19,1
run_8b2d2a55f599b97b0437,JOINT_FACTOR_COVERAGE,5,35,2,155921,4,E0xS0,43,1
run_8b2d2a55f599b97b0437,JOINT_FACTOR_COVERAGE,5,35,2,155921,4,E0xS1,21,1
run_8b2d2a55f599b97b0437,JOINT_FACTOR_COVERAGE,5,35,2,155921,4,E1xS2,32,1
run_8b2d2a55f599b97b0437,JOINT_FACTOR_COVERAGE,5,35,2,155921,4,E2xS0,47,1
run_8b2d2a55f599b97b0437,JOINT_FACTOR_COVERAGE,5,35,2,155921,4,E2xS2,5,1
run_8b2d2a55f599b97b0437,JOINT_FACTOR_COVERAGE,5,35,2,155921,5,E0xS0,33,1
run_8b2d2a55f599b97b0437,JOINT_FACTOR_COVERAGE,5,35,2,155921,5,E0xS1,8,1
run_8b2d2a55f599b97b0437,JOINT_FACTOR_COVERAGE,5,35,2,155921,5,E1xS2,40,1
run_8b2d2a55f599b97b0437,JOINT_FACTOR_COVERAGE,5,35,2,155921,5,E2xS0,34,1
run_8b2d2a55f599b97b0437,JOINT_FACTOR_COVERAGE,5,35,2,155921,5,E2xS2,2,1
run_8b2d2a55f599b97b0437,JOINT_FACTOR_COVERAGE,5,35,2,155921,6,E0xS0,12,1
run_8b2d2a55f599b97b0437,JOINT_FACTOR_COVERAGE,5,35,2,155921,6,E0xS1,10,1
run_8b2d2a55f599b97b0437,JOINT_FACTOR_COVERAGE,5,35,2,155921,6,E1xS2,33,1
run_8b2d2a55f599b97b0437,JOINT_FACTOR_COVERAGE,5,35,2,155921,6,E2xS0,44,1
run_8b2d2a55f599b97b0437,JOINT_FACTOR_COVERAGE,5,35,2,155921,6,E2xS2,43,1
run_df49aa375880e0a35301,RANDOM_BLOCK,1,7,2,181081,0,E1xS2,1,1
run_df49aa375880e0a35301,RANDOM_BLOCK,1,7,2,181081,1,E1xS2,44,1
run_df49aa375880e0a35301,RANDOM_BLOCK,1,7,2,181081,2,E1xS2,0,1
run_df49aa375880e0a35301,RANDOM_BLOCK,1,7,2,181081,3,E1xS2,4,1
run_df49aa375880e0a35301,RANDOM_BLOCK,1,7,2,181081,4,E1xS2,14,1
run_df49aa375880e0a35301,RANDOM_BLOCK,1,7,2,181081,5,E1xS2,41,1
run_df49aa375880e0a35301,RANDOM_BLOCK,1,7,2,181081,6,E1xS2,7,1
run_880998ae89993d4c3881,RANDOM_BLOCK,3,21,2,181081,0,E0xS0,15,1
run_880998ae89993d4c3881,RANDOM_BLOCK,3,21,2,181081,0,E1xS2,1,1
run_880998ae89993d4c3881,RANDOM_BLOCK,3,21,2,181081,0,E2xS0,2,1
run_880998ae89993d4c3881,RANDOM_BLOCK,3,21,2,181081,1,E0xS0,6,1
run_880998ae89993d4c3881,RANDOM_BLOCK,3,21,2,181081,1,E1xS2,44,1
run_880998ae89993d4c3881,RANDOM_BLOCK,3,21,2,181081,1,E2xS0,39,1
run_880998ae89993d4c3881,RANDOM_BLOCK,3,21,2,181081,2,E0xS0,45,1
run_880998ae89993d4c3881,RANDOM_BLOCK,3,21,2,181081,2,E1xS2,0,1
run_880998ae89993d4c3881,RANDOM_BLOCK,3,21,2,181081,2,E2xS0,44,1
run_880998ae89993d4c3881,RANDOM_BLOCK,3,21,2,181081,3,E0xS0,21,1
run_880998ae89993d4c3881,RANDOM_BLOCK,3,21,2,181081,3,E1xS2,4,1
run_880998ae89993d4c3881,RANDOM_BLOCK,3,21,2,181081,3,E2xS0,28,1
run_880998ae89993d4c3881,RANDOM_BLOCK,3,21,2,181081,4,E0xS0,49,1
run_880998ae89993d4c3881,RANDOM_BLOCK,3,21,2,181081,4,E1xS2,14,1
run_880998ae89993d4c3881,RANDOM_BLOCK,3,21,2,181081,4,E2xS0,8,1
run_880998ae89993d4c3881,RANDOM_BLOCK,3,21,2,181081,5,E0xS0,25,1
run_880998ae89993d4c3881,RANDOM_BLOCK,3,21,2,181081,5,E1xS2,41,1
run_880998ae89993d4c3881,RANDOM_BLOCK,3,21,2,181081,5,E2xS0,2,1
run_880998ae89993d4c3881,RANDOM_BLOCK,3,21,2,181081,6,E0xS0,5,1
run_880998ae89993d4c3881,RANDOM_BLOCK,3,21,2,181081,6,E1xS2,7,1
run_880998ae89993d4c3881,RANDOM_BLOCK,3,21,2,181081,6,E2xS0,28,1
run_02a78e7abe6a8d287e30,ER_BALANCED,3,21,2,181081,0,E0xS1,38,1
run_02a78e7abe6a8d287e30,ER_BALANCED,3,21,2,181081,0,E1xS1,30,1
run_02a78e7abe6a8d287e30,ER_BALANCED,3,21,2,181081,0,E2xS0,2,1
run_02a78e7abe6a8d287e30,ER_BALANCED,3,21,2,181081,1,E0xS1,46,1
run_02a78e7abe6a8d287e30,ER_BALANCED,3,21,2,181081,1,E1xS1,18,1
run_02a78e7abe6a8d287e30,ER_BALANCED,3,21,2,181081,1,E2xS0,39,1
run_02a78e7abe6a8d287e30,ER_BALANCED,3,21,2,181081,2,E0xS1,15,1
run_02a78e7abe6a8d287e30,ER_BALANCED,3,21,2,181081,2,E1xS1,12,1
run_02a78e7abe6a8d287e30,ER_BALANCED,3,21,2,181081,2,E2xS0,44,1
run_02a78e7abe6a8d287e30,ER_BALANCED,3,21,2,181081,3,E0xS1,39,1
run_02a78e7abe6a8d287e30,ER_BALANCED,3,21,2,181081,3,E1xS1,26,1
run_02a78e7abe6a8d287e30,ER_BALANCED,3,21,2,181081,3,E2xS0,28,1
run_02a78e7abe6a8d287e30,ER_BALANCED,3,21,2,181081,4,E0xS1,22,1
run_02a78e7abe6a8d287e30,ER_BALANCED,3,21,2,181081,4,E1xS1,49,1
run_02a78e7abe6a8d287e30,ER_BALANCED,3,21,2,181081,4,E2xS0,8,1
run_02a78e7abe6a8d287e30,ER_BALANCED,3,21,2,181081,5,E0xS1,44,1
run_02a78e7abe6a8d287e30,ER_BALANCED,3,21,2,181081,5,E1xS1,36,1
run_02a78e7abe6a8d287e30,ER_BALANCED,3,21,2,181081,5,E2xS0,2,1
run_02a78e7abe6a8d287e30,ER_BALANCED,3,21,2,181081,6,E0xS1,31,1
run_02a78e7abe6a8d287e30,ER_BALANCED,3,21,2,181081,6,E1xS1,11,1
run_02a78e7abe6a8d287e30,ER_BALANCED,3,21,2,181081,6,E2xS0,28,1
run_5883c88159109253f0a3,SURFACE_BALANCED,3,21,2,181081,0,E0xS1,38,1
run_5883c88159109253f0a3,SURFACE_BALANCED,3,21,2,181081,0,E2xS0,2,1
run_5883c88159109253f0a3,SURFACE_BALANCED,3,21,2,181081,0,E2xS2,11,1
run_5883c88159109253f0a3,SURFACE_BALANCED,3,21,2,181081,1,E0xS1,46,1
run_5883c88159109253f0a3,SURFACE_BALANCED,3,21,2,181081,1,E2xS0,39,1
run_5883c88159109253f0a3,SURFACE_BALANCED,3,21,2,181081,1,E2xS2,0,1
run_5883c88159109253f0a3,SURFACE_BALANCED,3,21,2,181081,2,E0xS1,15,1
run_5883c88159109253f0a3,SURFACE_BALANCED,3,21,2,181081,2,E2xS0,44,1
run_5883c88159109253f0a3,SURFACE_BALANCED,3,21,2,181081,2,E2xS2,1,1
run_5883c88159109253f0a3,SURFACE_BALANCED,3,21,2,181081,3,E0xS1,39,1
run_5883c88159109253f0a3,SURFACE_BALANCED,3,21,2,181081,3,E2xS0,28,1
run_5883c88159109253f0a3,SURFACE_BALANCED,3,21,2,181081,3,E2xS2,14,1
run_5883c88159109253f0a3,SURFACE_BALANCED,3,21,2,181081,4,E0xS1,22,1
run_5883c88159109253f0a3,SURFACE_BALANCED,3,21,2,181081,4,E2xS0,8,1
run_5883c88159109253f0a3,SURFACE_BALANCED,3,21,2,181081,4,E2xS2,18,1
run_5883c88159109253f0a3,SURFACE_BALANCED,3,21,2,181081,5,E0xS1,44,1
run_5883c88159109253f0a3,SURFACE_BALANCED,3,21,2,181081,5,E2xS0,2,1
run_5883c88159109253f0a3,SURFACE_BALANCED,3,21,2,181081,5,E2xS2,24,1
run_5883c88159109253f0a3,SURFACE_BALANCED,3,21,2,181081,6,E0xS1,31,1
run_5883c88159109253f0a3,SURFACE_BALANCED,3,21,2,181081,6,E2xS0,28,1
run_5883c88159109253f0a3,SURFACE_BALANCED,3,21,2,181081,6,E2xS2,9,1
run_741d115dbdea4ea48d2f,JOINT_FACTOR_COVERAGE,3,21,2,181081,0,E0xS1,38,1
run_741d115dbdea4ea48d2f,JOINT_FACTOR_COVERAGE,3,21,2,181081,0,E1xS2,1,1
run_741d115dbdea4ea48d2f,JOINT_FACTOR_COVERAGE,3,21,2,181081,0,E2xS0,2,1
run_741d115dbdea4ea48d2f,JOINT_FACTOR_COVERAGE,3,21,2,181081,1,E0xS1,46,1
run_741d115dbdea4ea48d2f,JOINT_FACTOR_COVERAGE,3,21,2,181081,1,E1xS2,44,1
run_741d115dbdea4ea48d2f,JOINT_FACTOR_COVERAGE,3,21,2,181081,1,E2xS0,39,1
run_741d115dbdea4ea48d2f,JOINT_FACTOR_COVERAGE,3,21,2,181081,2,E0xS1,15,1
run_741d115dbdea4ea48d2f,JOINT_FACTOR_COVERAGE,3,21,2,181081,2,E1xS2,0,1
run_741d115dbdea4ea48d2f,JOINT_FACTOR_COVERAGE,3,21,2,181081,2,E2xS0,44,1
run_741d115dbdea4ea48d2f,JOINT_FACTOR_COVERAGE,3,21,2,181081,3,E0xS1,39,1
run_741d115dbdea4ea48d2f,JOINT_FACTOR_COVERAGE,3,21,2,181081,3,E1xS2,4,1
run_741d115dbdea4ea48d2f,JOINT_FACTOR_COVERAGE,3,21,2,181081,3,E2xS0,28,1
run_741d115dbdea4ea48d2f,JOINT_FACTOR_COVERAGE,3,21,2,181081,4,E0xS1,22,1
run_741d115dbdea4ea48d2f,JOINT_FACTOR_COVERAGE,3,21,2,181081,4,E1xS2,14,1
run_741d115dbdea4ea48d2f,JOINT_FACTOR_COVERAGE,3,21,2,181081,4,E2xS0,8,1
run_741d115dbdea4ea48d2f,JOINT_FACTOR_COVERAGE,3,21,2,181081,5,E0xS1,44,1
run_741d115dbdea4ea48d2f,JOINT_FACTOR_COVERAGE,3,21,2,181081,5,E1xS2,41,1
run_741d115dbdea4ea48d2f,JOINT_FACTOR_COVERAGE,3,21,2,181081,5,E2xS0,2,1
run_741d115dbdea4ea48d2f,JOINT_FACTOR_COVERAGE,3,21,2,181081,6,E0xS1,31,1
run_741d115dbdea4ea48d2f,JOINT_FACTOR_COVERAGE,3,21,2,181081,6,E1xS2,7,1
run_741d115dbdea4ea48d2f,JOINT_FACTOR_COVERAGE,3,21,2,181081,6,E2xS0,28,1
run_0bd9e335032dbfd4b8d3,RANDOM_BLOCK,5,35,2,181081,0,E0xS0,15,1
run_0bd9e335032dbfd4b8d3,RANDOM_BLOCK,5,35,2,181081,0,E0xS1,38,1
run_0bd9e335032dbfd4b8d3,RANDOM_BLOCK,5,35,2,181081,0,E1xS1,30,1
run_0bd9e335032dbfd4b8d3,RANDOM_BLOCK,5,35,2,181081,0,E2xS0,2,1
run_0bd9e335032dbfd4b8d3,RANDOM_BLOCK,5,35,2,181081,0,E2xS2,11,1
run_0bd9e335032dbfd4b8d3,RANDOM_BLOCK,5,35,2,181081,1,E0xS0,6,1
run_0bd9e335032dbfd4b8d3,RANDOM_BLOCK,5,35,2,181081,1,E0xS1,46,1
run_0bd9e335032dbfd4b8d3,RANDOM_BLOCK,5,35,2,181081,1,E1xS1,18,1
run_0bd9e335032dbfd4b8d3,RANDOM_BLOCK,5,35,2,181081,1,E2xS0,39,1
run_0bd9e335032dbfd4b8d3,RANDOM_BLOCK,5,35,2,181081,1,E2xS2,0,1
run_0bd9e335032dbfd4b8d3,RANDOM_BLOCK,5,35,2,181081,2,E0xS0,45,1
run_0bd9e335032dbfd4b8d3,RANDOM_BLOCK,5,35,2,181081,2,E0xS1,15,1
run_0bd9e335032dbfd4b8d3,RANDOM_BLOCK,5,35,2,181081,2,E1xS1,12,1
run_0bd9e335032dbfd4b8d3,RANDOM_BLOCK,5,35,2,181081,2,E2xS0,44,1
run_0bd9e335032dbfd4b8d3,RANDOM_BLOCK,5,35,2,181081,2,E2xS2,1,1
run_0bd9e335032dbfd4b8d3,RANDOM_BLOCK,5,35,2,181081,3,E0xS0,21,1
run_0bd9e335032dbfd4b8d3,RANDOM_BLOCK,5,35,2,181081,3,E0xS1,39,1
run_0bd9e335032dbfd4b8d3,RANDOM_BLOCK,5,35,2,181081,3,E1xS1,26,1
run_0bd9e335032dbfd4b8d3,RANDOM_BLOCK,5,35,2,181081,3,E2xS0,28,1
run_0bd9e335032dbfd4b8d3,RANDOM_BLOCK,5,35,2,181081,3,E2xS2,14,1
run_0bd9e335032dbfd4b8d3,RANDOM_BLOCK,5,35,2,181081,4,E0xS0,49,1
run_0bd9e335032dbfd4b8d3,RANDOM_BLOCK,5,35,2,181081,4,E0xS1,22,1
run_0bd9e335032dbfd4b8d3,RANDOM_BLOCK,5,35,2,181081,4,E1xS1,49,1
run_0bd9e335032dbfd4b8d3,RANDOM_BLOCK,5,35,2,181081,4,E2xS0,8,1
run_0bd9e335032dbfd4b8d3,RANDOM_BLOCK,5,35,2,181081,4,E2xS2,18,1
run_0bd9e335032dbfd4b8d3,RANDOM_BLOCK,5,35,2,181081,5,E0xS0,25,1
run_0bd9e335032dbfd4b8d3,RANDOM_BLOCK,5,35,2,181081,5,E0xS1,44,1
run_0bd9e335032dbfd4b8d3,RANDOM_BLOCK,5,35,2,181081,5,E1xS1,36,1
run_0bd9e335032dbfd4b8d3,RANDOM_BLOCK,5,35,2,181081,5,E2xS0,2,1
run_0bd9e335032dbfd4b8d3,RANDOM_BLOCK,5,35,2,181081,5,E2xS2,24,1
run_0bd9e335032dbfd4b8d3,RANDOM_BLOCK,5,35,2,181081,6,E0xS0,5,1
run_0bd9e335032dbfd4b8d3,RANDOM_BLOCK,5,35,2,181081,6,E0xS1,31,1
run_0bd9e335032dbfd4b8d3,RANDOM_BLOCK,5,35,2,181081,6,E1xS1,11,1
run_0bd9e335032dbfd4b8d3,RANDOM_BLOCK,5,35,2,181081,6,E2xS0,28,1
run_0bd9e335032dbfd4b8d3,RANDOM_BLOCK,5,35,2,181081,6,E2xS2,9,1
run_e71fd30641df9c7754c0,JOINT_FACTOR_COVERAGE,5,35,2,181081,0,E0xS0,15,1
run_e71fd30641df9c7754c0,JOINT_FACTOR_COVERAGE,5,35,2,181081,0,E0xS1,38,1
run_e71fd30641df9c7754c0,JOINT_FACTOR_COVERAGE,5,35,2,181081,0,E1xS2,1,1
run_e71fd30641df9c7754c0,JOINT_FACTOR_COVERAGE,5,35,2,181081,0,E2xS0,2,1
run_e71fd30641df9c7754c0,JOINT_FACTOR_COVERAGE,5,35,2,181081,0,E2xS2,11,1
run_e71fd30641df9c7754c0,JOINT_FACTOR_COVERAGE,5,35,2,181081,1,E0xS0,6,1
run_e71fd30641df9c7754c0,JOINT_FACTOR_COVERAGE,5,35,2,181081,1,E0xS1,46,1
run_e71fd30641df9c7754c0,JOINT_FACTOR_COVERAGE,5,35,2,181081,1,E1xS2,44,1
run_e71fd30641df9c7754c0,JOINT_FACTOR_COVERAGE,5,35,2,181081,1,E2xS0,39,1
run_e71fd30641df9c7754c0,JOINT_FACTOR_COVERAGE,5,35,2,181081,1,E2xS2,0,1
run_e71fd30641df9c7754c0,JOINT_FACTOR_COVERAGE,5,35,2,181081,2,E0xS0,45,1
run_e71fd30641df9c7754c0,JOINT_FACTOR_COVERAGE,5,35,2,181081,2,E0xS1,15,1
run_e71fd30641df9c7754c0,JOINT_FACTOR_COVERAGE,5,35,2,181081,2,E1xS2,0,1
run_e71fd30641df9c7754c0,JOINT_FACTOR_COVERAGE,5,35,2,181081,2,E2xS0,44,1
run_e71fd30641df9c7754c0,JOINT_FACTOR_COVERAGE,5,35,2,181081,2,E2xS2,1,1
run_e71fd30641df9c7754c0,JOINT_FACTOR_COVERAGE,5,35,2,181081,3,E0xS0,21,1
run_e71fd30641df9c7754c0,JOINT_FACTOR_COVERAGE,5,35,2,181081,3,E0xS1,39,1
run_e71fd30641df9c7754c0,JOINT_FACTOR_COVERAGE,5,35,2,181081,3,E1xS2,4,1
run_e71fd30641df9c7754c0,JOINT_FACTOR_COVERAGE,5,35,2,181081,3,E2xS0,28,1
run_e71fd30641df9c7754c0,JOINT_FACTOR_COVERAGE,5,35,2,181081,3,E2xS2,14,1
run_e71fd30641df9c7754c0,JOINT_FACTOR_COVERAGE,5,35,2,181081,4,E0xS0,49,1
run_e71fd30641df9c7754c0,JOINT_FACTOR_COVERAGE,5,35,2,181081,4,E0xS1,22,1
run_e71fd30641df9c7754c0,JOINT_FACTOR_COVERAGE,5,35,2,181081,4,E1xS2,14,1
run_e71fd30641df9c7754c0,JOINT_FACTOR_COVERAGE,5,35,2,181081,4,E2xS0,8,1
run_e71fd30641df9c7754c0,JOINT_FACTOR_COVERAGE,5,35,2,181081,4,E2xS2,18,1
run_e71fd30641df9c7754c0,JOINT_FACTOR_COVERAGE,5,35,2,181081,5,E0xS0,25,1
run_e71fd30641df9c7754c0,JOINT_FACTOR_COVERAGE,5,35,2,181081,5,E0xS1,44,1
run_e71fd30641df9c7754c0,JOINT_FACTOR_COVERAGE,5,35,2,181081,5,E1xS2,41,1
run_e71fd30641df9c7754c0,JOINT_FACTOR_COVERAGE,5,35,2,181081,5,E2xS0,2,1
run_e71fd30641df9c7754c0,JOINT_FACTOR_COVERAGE,5,35,2,181081,5,E2xS2,24,1
run_e71fd30641df9c7754c0,JOINT_FACTOR_COVERAGE,5,35,2,181081,6,E0xS0,5,1
run_e71fd30641df9c7754c0,JOINT_FACTOR_COVERAGE,5,35,2,181081,6,E0xS1,31,1
run_e71fd30641df9c7754c0,JOINT_FACTOR_COVERAGE,5,35,2,181081,6,E1xS2,7,1
run_e71fd30641df9c7754c0,JOINT_FACTOR_COVERAGE,5,35,2,181081,6,E2xS0,28,1
run_e71fd30641df9c7754c0,JOINT_FACTOR_COVERAGE,5,35,2,181081,6,E2xS2,9,1
run_8c0274dcfdf40aab5089,RANDOM_BLOCK,1,7,2,205439,0,E1xS2,8,1
run_8c0274dcfdf40aab5089,RANDOM_BLOCK,1,7,2,205439,1,E1xS2,13,1
run_8c0274dcfdf40aab5089,RANDOM_BLOCK,1,7,2,205439,2,E1xS2,21,1
run_8c0274dcfdf40aab5089,RANDOM_BLOCK,1,7,2,205439,3,E1xS2,16,1
run_8c0274dcfdf40aab5089,RANDOM_BLOCK,1,7,2,205439,4,E1xS2,12,1
run_8c0274dcfdf40aab5089,RANDOM_BLOCK,1,7,2,205439,5,E1xS2,28,1
run_8c0274dcfdf40aab5089,RANDOM_BLOCK,1,7,2,205439,6,E1xS2,38,1
run_e1181e4b489fe747c48d,RANDOM_BLOCK,3,21,2,205439,0,E1xS1,41,1
run_e1181e4b489fe747c48d,RANDOM_BLOCK,3,21,2,205439,0,E1xS2,8,1
run_e1181e4b489fe747c48d,RANDOM_BLOCK,3,21,2,205439,0,E2xS2,28,1
run_e1181e4b489fe747c48d,RANDOM_BLOCK,3,21,2,205439,1,E1xS1,21,1
run_e1181e4b489fe747c48d,RANDOM_BLOCK,3,21,2,205439,1,E1xS2,13,1
run_e1181e4b489fe747c48d,RANDOM_BLOCK,3,21,2,205439,1,E2xS2,20,1
run_e1181e4b489fe747c48d,RANDOM_BLOCK,3,21,2,205439,2,E1xS1,17,1
run_e1181e4b489fe747c48d,RANDOM_BLOCK,3,21,2,205439,2,E1xS2,21,1
run_e1181e4b489fe747c48d,RANDOM_BLOCK,3,21,2,205439,2,E2xS2,12,1
run_e1181e4b489fe747c48d,RANDOM_BLOCK,3,21,2,205439,3,E1xS1,4,1
run_e1181e4b489fe747c48d,RANDOM_BLOCK,3,21,2,205439,3,E1xS2,16,1
run_e1181e4b489fe747c48d,RANDOM_BLOCK,3,21,2,205439,3,E2xS2,17,1
run_e1181e4b489fe747c48d,RANDOM_BLOCK,3,21,2,205439,4,E1xS1,6,1
run_e1181e4b489fe747c48d,RANDOM_BLOCK,3,21,2,205439,4,E1xS2,12,1
run_e1181e4b489fe747c48d,RANDOM_BLOCK,3,21,2,205439,4,E2xS2,1,1
run_e1181e4b489fe747c48d,RANDOM_BLOCK,3,21,2,205439,5,E1xS1,28,1
run_e1181e4b489fe747c48d,RANDOM_BLOCK,3,21,2,205439,5,E1xS2,28,1
run_e1181e4b489fe747c48d,RANDOM_BLOCK,3,21,2,205439,5,E2xS2,33,1
run_e1181e4b489fe747c48d,RANDOM_BLOCK,3,21,2,205439,6,E1xS1,24,1
run_e1181e4b489fe747c48d,RANDOM_BLOCK,3,21,2,205439,6,E1xS2,38,1
run_e1181e4b489fe747c48d,RANDOM_BLOCK,3,21,2,205439,6,E2xS2,32,1
run_e5918affa04b83b1b7d9,ER_BALANCED,3,21,2,205439,0,E0xS1,34,1
run_e5918affa04b83b1b7d9,ER_BALANCED,3,21,2,205439,0,E1xS2,8,1
run_e5918affa04b83b1b7d9,ER_BALANCED,3,21,2,205439,0,E2xS2,28,1
run_e5918affa04b83b1b7d9,ER_BALANCED,3,21,2,205439,1,E0xS1,0,1
run_e5918affa04b83b1b7d9,ER_BALANCED,3,21,2,205439,1,E1xS2,13,1
run_e5918affa04b83b1b7d9,ER_BALANCED,3,21,2,205439,1,E2xS2,20,1
run_e5918affa04b83b1b7d9,ER_BALANCED,3,21,2,205439,2,E0xS1,29,1
run_e5918affa04b83b1b7d9,ER_BALANCED,3,21,2,205439,2,E1xS2,21,1
run_e5918affa04b83b1b7d9,ER_BALANCED,3,21,2,205439,2,E2xS2,12,1
run_e5918affa04b83b1b7d9,ER_BALANCED,3,21,2,205439,3,E0xS1,13,1
run_e5918affa04b83b1b7d9,ER_BALANCED,3,21,2,205439,3,E1xS2,16,1
run_e5918affa04b83b1b7d9,ER_BALANCED,3,21,2,205439,3,E2xS2,17,1
run_e5918affa04b83b1b7d9,ER_BALANCED,3,21,2,205439,4,E0xS1,26,1
run_e5918affa04b83b1b7d9,ER_BALANCED,3,21,2,205439,4,E1xS2,12,1
run_e5918affa04b83b1b7d9,ER_BALANCED,3,21,2,205439,4,E2xS2,1,1
run_e5918affa04b83b1b7d9,ER_BALANCED,3,21,2,205439,5,E0xS1,48,1
run_e5918affa04b83b1b7d9,ER_BALANCED,3,21,2,205439,5,E1xS2,28,1
run_e5918affa04b83b1b7d9,ER_BALANCED,3,21,2,205439,5,E2xS2,33,1
run_e5918affa04b83b1b7d9,ER_BALANCED,3,21,2,205439,6,E0xS1,30,1
run_e5918affa04b83b1b7d9,ER_BALANCED,3,21,2,205439,6,E1xS2,38,1
run_e5918affa04b83b1b7d9,ER_BALANCED,3,21,2,205439,6,E2xS2,32,1
run_c7cf76f6385b09a22a4d,SURFACE_BALANCED,3,21,2,205439,0,E1xS1,41,1
run_c7cf76f6385b09a22a4d,SURFACE_BALANCED,3,21,2,205439,0,E2xS0,26,1
run_c7cf76f6385b09a22a4d,SURFACE_BALANCED,3,21,2,205439,0,E2xS2,28,1
run_c7cf76f6385b09a22a4d,SURFACE_BALANCED,3,21,2,205439,1,E1xS1,21,1
run_c7cf76f6385b09a22a4d,SURFACE_BALANCED,3,21,2,205439,1,E2xS0,31,1
run_c7cf76f6385b09a22a4d,SURFACE_BALANCED,3,21,2,205439,1,E2xS2,20,1
run_c7cf76f6385b09a22a4d,SURFACE_BALANCED,3,21,2,205439,2,E1xS1,17,1
run_c7cf76f6385b09a22a4d,SURFACE_BALANCED,3,21,2,205439,2,E2xS0,35,1
run_c7cf76f6385b09a22a4d,SURFACE_BALANCED,3,21,2,205439,2,E2xS2,12,1
run_c7cf76f6385b09a22a4d,SURFACE_BALANCED,3,21,2,205439,3,E1xS1,4,1
run_c7cf76f6385b09a22a4d,SURFACE_BALANCED,3,21,2,205439,3,E2xS0,45,1
run_c7cf76f6385b09a22a4d,SURFACE_BALANCED,3,21,2,205439,3,E2xS2,17,1
run_c7cf76f6385b09a22a4d,SURFACE_BALANCED,3,21,2,205439,4,E1xS1,6,1
run_c7cf76f6385b09a22a4d,SURFACE_BALANCED,3,21,2,205439,4,E2xS0,38,1
run_c7cf76f6385b09a22a4d,SURFACE_BALANCED,3,21,2,205439,4,E2xS2,1,1
run_c7cf76f6385b09a22a4d,SURFACE_BALANCED,3,21,2,205439,5,E1xS1,28,1
run_c7cf76f6385b09a22a4d,SURFACE_BALANCED,3,21,2,205439,5,E2xS0,3,1
run_c7cf76f6385b09a22a4d,SURFACE_BALANCED,3,21,2,205439,5,E2xS2,33,1
run_c7cf76f6385b09a22a4d,SURFACE_BALANCED,3,21,2,205439,6,E1xS1,24,1
run_c7cf76f6385b09a22a4d,SURFACE_BALANCED,3,21,2,205439,6,E2xS0,35,1
run_c7cf76f6385b09a22a4d,SURFACE_BALANCED,3,21,2,205439,6,E2xS2,32,1
run_b0f6fa21c2b04bec2300,JOINT_FACTOR_COVERAGE,3,21,2,205439,0,E0xS0,10,1
run_b0f6fa21c2b04bec2300,JOINT_FACTOR_COVERAGE,3,21,2,205439,0,E1xS1,41,1
run_b0f6fa21c2b04bec2300,JOINT_FACTOR_COVERAGE,3,21,2,205439,0,E2xS2,28,1
run_b0f6fa21c2b04bec2300,JOINT_FACTOR_COVERAGE,3,21,2,205439,1,E0xS0,47,1
run_b0f6fa21c2b04bec2300,JOINT_FACTOR_COVERAGE,3,21,2,205439,1,E1xS1,21,1
run_b0f6fa21c2b04bec2300,JOINT_FACTOR_COVERAGE,3,21,2,205439,1,E2xS2,20,1
run_b0f6fa21c2b04bec2300,JOINT_FACTOR_COVERAGE,3,21,2,205439,2,E0xS0,18,1
run_b0f6fa21c2b04bec2300,JOINT_FACTOR_COVERAGE,3,21,2,205439,2,E1xS1,17,1
run_b0f6fa21c2b04bec2300,JOINT_FACTOR_COVERAGE,3,21,2,205439,2,E2xS2,12,1
run_b0f6fa21c2b04bec2300,JOINT_FACTOR_COVERAGE,3,21,2,205439,3,E0xS0,36,1
run_b0f6fa21c2b04bec2300,JOINT_FACTOR_COVERAGE,3,21,2,205439,3,E1xS1,4,1
run_b0f6fa21c2b04bec2300,JOINT_FACTOR_COVERAGE,3,21,2,205439,3,E2xS2,17,1
run_b0f6fa21c2b04bec2300,JOINT_FACTOR_COVERAGE,3,21,2,205439,4,E0xS0,4,1
run_b0f6fa21c2b04bec2300,JOINT_FACTOR_COVERAGE,3,21,2,205439,4,E1xS1,6,1
run_b0f6fa21c2b04bec2300,JOINT_FACTOR_COVERAGE,3,21,2,205439,4,E2xS2,1,1
run_b0f6fa21c2b04bec2300,JOINT_FACTOR_COVERAGE,3,21,2,205439,5,E0xS0,41,1
run_b0f6fa21c2b04bec2300,JOINT_FACTOR_COVERAGE,3,21,2,205439,5,E1xS1,28,1
run_b0f6fa21c2b04bec2300,JOINT_FACTOR_COVERAGE,3,21,2,205439,5,E2xS2,33,1
run_b0f6fa21c2b04bec2300,JOINT_FACTOR_COVERAGE,3,21,2,205439,6,E0xS0,46,1
run_b0f6fa21c2b04bec2300,JOINT_FACTOR_COVERAGE,3,21,2,205439,6,E1xS1,24,1
run_b0f6fa21c2b04bec2300,JOINT_FACTOR_COVERAGE,3,21,2,205439,6,E2xS2,32,1
run_c8beda61f274edcf4409,RANDOM_BLOCK,5,35,2,205439,0,E0xS0,10,1
run_c8beda61f274edcf4409,RANDOM_BLOCK,5,35,2,205439,0,E1xS1,41,1
run_c8beda61f274edcf4409,RANDOM_BLOCK,5,35,2,205439,0,E1xS2,8,1
run_c8beda61f274edcf4409,RANDOM_BLOCK,5,35,2,205439,0,E2xS0,26,1
run_c8beda61f274edcf4409,RANDOM_BLOCK,5,35,2,205439,0,E2xS2,28,1
run_c8beda61f274edcf4409,RANDOM_BLOCK,5,35,2,205439,1,E0xS0,47,1
run_c8beda61f274edcf4409,RANDOM_BLOCK,5,35,2,205439,1,E1xS1,21,1
run_c8beda61f274edcf4409,RANDOM_BLOCK,5,35,2,205439,1,E1xS2,13,1
run_c8beda61f274edcf4409,RANDOM_BLOCK,5,35,2,205439,1,E2xS0,31,1
run_c8beda61f274edcf4409,RANDOM_BLOCK,5,35,2,205439,1,E2xS2,20,1
run_c8beda61f274edcf4409,RANDOM_BLOCK,5,35,2,205439,2,E0xS0,18,1
run_c8beda61f274edcf4409,RANDOM_BLOCK,5,35,2,205439,2,E1xS1,17,1
run_c8beda61f274edcf4409,RANDOM_BLOCK,5,35,2,205439,2,E1xS2,21,1
run_c8beda61f274edcf4409,RANDOM_BLOCK,5,35,2,205439,2,E2xS0,35,1
run_c8beda61f274edcf4409,RANDOM_BLOCK,5,35,2,205439,2,E2xS2,12,1
run_c8beda61f274edcf4409,RANDOM_BLOCK,5,35,2,205439,3,E0xS0,36,1
run_c8beda61f274edcf4409,RANDOM_BLOCK,5,35,2,205439,3,E1xS1,4,1
run_c8beda61f274edcf4409,RANDOM_BLOCK,5,35,2,205439,3,E1xS2,16,1
run_c8beda61f274edcf4409,RANDOM_BLOCK,5,35,2,205439,3,E2xS0,45,1
run_c8beda61f274edcf4409,RANDOM_BLOCK,5,35,2,205439,3,E2xS2,17,1
run_c8beda61f274edcf4409,RANDOM_BLOCK,5,35,2,205439,4,E0xS0,4,1
run_c8beda61f274edcf4409,RANDOM_BLOCK,5,35,2,205439,4,E1xS1,6,1
run_c8beda61f274edcf4409,RANDOM_BLOCK,5,35,2,205439,4,E1xS2,12,1
run_c8beda61f274edcf4409,RANDOM_BLOCK,5,35,2,205439,4,E2xS0,38,1
run_c8beda61f274edcf4409,RANDOM_BLOCK,5,35,2,205439,4,E2xS2,1,1
run_c8beda61f274edcf4409,RANDOM_BLOCK,5,35,2,205439,5,E0xS0,41,1
run_c8beda61f274edcf4409,RANDOM_BLOCK,5,35,2,205439,5,E1xS1,28,1
run_c8beda61f274edcf4409,RANDOM_BLOCK,5,35,2,205439,5,E1xS2,28,1
run_c8beda61f274edcf4409,RANDOM_BLOCK,5,35,2,205439,5,E2xS0,3,1
run_c8beda61f274edcf4409,RANDOM_BLOCK,5,35,2,205439,5,E2xS2,33,1
run_c8beda61f274edcf4409,RANDOM_BLOCK,5,35,2,205439,6,E0xS0,46,1
run_c8beda61f274edcf4409,RANDOM_BLOCK,5,35,2,205439,6,E1xS1,24,1
run_c8beda61f274edcf4409,RANDOM_BLOCK,5,35,2,205439,6,E1xS2,38,1
run_c8beda61f274edcf4409,RANDOM_BLOCK,5,35,2,205439,6,E2xS0,35,1
run_c8beda61f274edcf4409,RANDOM_BLOCK,5,35,2,205439,6,E2xS2,32,1
run_5bd324d8d779954c48a1,JOINT_FACTOR_COVERAGE,5,35,2,205439,0,E0xS0,10,1
run_5bd324d8d779954c48a1,JOINT_FACTOR_COVERAGE,5,35,2,205439,0,E0xS1,34,1
run_5bd324d8d779954c48a1,JOINT_FACTOR_COVERAGE,5,35,2,205439,0,E1xS2,8,1
run_5bd324d8d779954c48a1,JOINT_FACTOR_COVERAGE,5,35,2,205439,0,E2xS0,26,1
run_5bd324d8d779954c48a1,JOINT_FACTOR_COVERAGE,5,35,2,205439,0,E2xS2,28,1
run_5bd324d8d779954c48a1,JOINT_FACTOR_COVERAGE,5,35,2,205439,1,E0xS0,47,1
run_5bd324d8d779954c48a1,JOINT_FACTOR_COVERAGE,5,35,2,205439,1,E0xS1,0,1
run_5bd324d8d779954c48a1,JOINT_FACTOR_COVERAGE,5,35,2,205439,1,E1xS2,13,1
run_5bd324d8d779954c48a1,JOINT_FACTOR_COVERAGE,5,35,2,205439,1,E2xS0,31,1
run_5bd324d8d779954c48a1,JOINT_FACTOR_COVERAGE,5,35,2,205439,1,E2xS2,20,1
run_5bd324d8d779954c48a1,JOINT_FACTOR_COVERAGE,5,35,2,205439,2,E0xS0,18,1
run_5bd324d8d779954c48a1,JOINT_FACTOR_COVERAGE,5,35,2,205439,2,E0xS1,29,1
run_5bd324d8d779954c48a1,JOINT_FACTOR_COVERAGE,5,35,2,205439,2,E1xS2,21,1
run_5bd324d8d779954c48a1,JOINT_FACTOR_COVERAGE,5,35,2,205439,2,E2xS0,35,1
run_5bd324d8d779954c48a1,JOINT_FACTOR_COVERAGE,5,35,2,205439,2,E2xS2,12,1
run_5bd324d8d779954c48a1,JOINT_FACTOR_COVERAGE,5,35,2,205439,3,E0xS0,36,1
run_5bd324d8d779954c48a1,JOINT_FACTOR_COVERAGE,5,35,2,205439,3,E0xS1,13,1
run_5bd324d8d779954c48a1,JOINT_FACTOR_COVERAGE,5,35,2,205439,3,E1xS2,16,1
run_5bd324d8d779954c48a1,JOINT_FACTOR_COVERAGE,5,35,2,205439,3,E2xS0,45,1
run_5bd324d8d779954c48a1,JOINT_FACTOR_COVERAGE,5,35,2,205439,3,E2xS2,17,1
run_5bd324d8d779954c48a1,JOINT_FACTOR_COVERAGE,5,35,2,205439,4,E0xS0,4,1
run_5bd324d8d779954c48a1,JOINT_FACTOR_COVERAGE,5,35,2,205439,4,E0xS1,26,1
run_5bd324d8d779954c48a1,JOINT_FACTOR_COVERAGE,5,35,2,205439,4,E1xS2,12,1
run_5bd324d8d779954c48a1,JOINT_FACTOR_COVERAGE,5,35,2,205439,4,E2xS0,38,1
run_5bd324d8d779954c48a1,JOINT_FACTOR_COVERAGE,5,35,2,205439,4,E2xS2,1,1
run_5bd324d8d779954c48a1,JOINT_FACTOR_COVERAGE,5,35,2,205439,5,E0xS0,41,1
run_5bd324d8d779954c48a1,JOINT_FACTOR_COVERAGE,5,35,2,205439,5,E0xS1,48,1
run_5bd324d8d779954c48a1,JOINT_FACTOR_COVERAGE,5,35,2,205439,5,E1xS2,28,1
run_5bd324d8d779954c48a1,JOINT_FACTOR_COVERAGE,5,35,2,205439,5,E2xS0,3,1
run_5bd324d8d779954c48a1,JOINT_FACTOR_COVERAGE,5,35,2,205439,5,E2xS2,33,1
run_5bd324d8d779954c48a1,JOINT_FACTOR_COVERAGE,5,35,2,205439,6,E0xS0,46,1
run_5bd324d8d779954c48a1,JOINT_FACTOR_COVERAGE,5,35,2,205439,6,E0xS1,30,1
run_5bd324d8d779954c48a1,JOINT_FACTOR_COVERAGE,5,35,2,205439,6,E1xS2,38,1
run_5bd324d8d779954c48a1,JOINT_FACTOR_COVERAGE,5,35,2,205439,6,E2xS0,35,1
run_5bd324d8d779954c48a1,JOINT_FACTOR_COVERAGE,5,35,2,205439,6,E2xS2,32,1
