run_id,method,budget,strategy,source_seed,support_seed,outer_fold,labelled_support_rows,query_rows,query_condition_blocks,block_accuracy,block_macro_f1,row_accuracy,row_macro_f1,mean_within_block_agreement,minimum_within_block_agreement,support_coverage_score,unique_er_levels,unique_surfaces,unique_factor_cells,interpretation_valid,prediction_sha256
run_2c28a64937810e29bb23,FS0_FROZEN_SOURCE_HEAD,0,FS0_FROZEN_SOURCE_HEAD,42,104729,0,0,1050,21,0.19047619047619047,0.1476190476190476,0.18857142857142858,0.14740542793692443,0.9790476190476189,0.88,,,,,True,1c68e9101f351d55d0a638e619a1576c790f33083589f821ccfb020c2e3bf5e1
run_e8321d9ebc75fb9f8d2b,FS0_FROZEN_SOURCE_HEAD,0,FS0_FROZEN_SOURCE_HEAD,42,130363,0,0,1050,21,0.19047619047619047,0.1476190476190476,0.18857142857142858,0.14740542793692443,0.9790476190476189,0.88,,,,,True,1c68e9101f351d55d0a638e619a1576c790f33083589f821ccfb020c2e3bf5e1
run_7077cc05476c2bf1c29a,FS0_FROZEN_SOURCE_HEAD,0,FS0_FROZEN_SOURCE_HEAD,42,155921,0,0,1050,21,0.19047619047619047,0.1476190476190476,0.18857142857142858,0.14740542793692443,0.9790476190476189,0.88,,,,,True,1c68e9101f351d55d0a638e619a1576c790f33083589f821ccfb020c2e3bf5e1
run_0dacc03b8bd62313cb8e,FS0_FROZEN_SOURCE_HEAD,0,FS0_FROZEN_SOURCE_HEAD,42,181081,0,0,1050,21,0.19047619047619047,0.1476190476190476,0.18857142857142858,0.14740542793692443,0.9790476190476189,0.88,,,,,True,1c68e9101f351d55d0a638e619a1576c790f33083589f821ccfb020c2e3bf5e1
run_d33b3f1bd8c2a2b5ac82,FS0_FROZEN_SOURCE_HEAD,0,FS0_FROZEN_SOURCE_HEAD,42,205439,0,0,1050,21,0.19047619047619047,0.1476190476190476,0.18857142857142858,0.14740542793692443,0.9790476190476189,0.88,,,,,True,1c68e9101f351d55d0a638e619a1576c790f33083589f821ccfb020c2e3bf5e1
run_e1f2016062a1e1389c2f,TARGET_ONLY_COSINE_PROTOTYPE,1,RANDOM_BLOCK,42,104729,0,7,1050,21,0.23809523809523808,0.1931972789115646,0.23714285714285716,0.19299115105462386,0.96,0.6,0.16666666666666666,1,1,1,True,161c4d5508415d02b4cf68145565ad2443b8367fd0bd08a49d41a5c1022d4820
run_146f10fd73beefc694b7,FROZEN_ENCODER_LINEAR_HEAD_ADAPTATION,1,RANDOM_BLOCK,42,104729,0,7,1050,21,0.19047619047619047,0.16541950113378684,0.19142857142857142,0.16986836036856318,0.9800000000000001,0.86,0.16666666666666666,1,1,1,True,c5b8bc2afc9a52a2e8796499f366d170e5e8c07e201c8052759c14234b879a85
run_876c3e1d90b7fd9db463,TARGET_ONLY_COSINE_PROTOTYPE,3,RANDOM_BLOCK,42,104729,0,21,1050,21,0.14285714285714285,0.11440940012368583,0.1419047619047619,0.11421361758360456,0.9847619047619047,0.92,0.6666666666666666,3,2,3,True,bcde622c7d9b0f3977ffd1a3415d613cf92bcf1d7133e9b518366d070e1cacb9
run_bc53c1680d223f565848,FROZEN_ENCODER_LINEAR_HEAD_ADAPTATION,3,RANDOM_BLOCK,42,104729,0,21,1050,21,0.23809523809523808,0.22414965986394558,0.2342857142857143,0.21835546015629217,0.9790476190476189,0.82,0.6666666666666666,3,2,3,False,009db483f0945ab6a2867bd2629bbb1009c2b8bff40ceae5850574e95051a85c
run_b41ec00371b7efe7df69,TARGET_ONLY_COSINE_PROTOTYPE,3,ER_BALANCED,42,104729,0,21,1050,21,0.047619047619047616,0.04081632653061224,0.049523809523809526,0.04085919306718889,0.9552380952380952,0.6,0.8333333333333333,3,3,3,True,43fe8752b805d7238ae7802512603b0aa5cf15b5bf6ac000b0bdb10af188e8bd
run_d05290ce03fe0e50bad3,FROZEN_ENCODER_LINEAR_HEAD_ADAPTATION,3,ER_BALANCED,42,104729,0,21,1050,21,0.23809523809523808,0.20623582766439913,0.23047619047619047,0.19890618618054853,0.984761904761905,0.92,0.8333333333333333,3,3,3,False,37feb7138a72b706d71fbe64971bd6ca52b2d5d521baee5a4b0b62b41e466e62
run_829290a2ea4fd974e6f4,TARGET_ONLY_COSINE_PROTOTYPE,3,SURFACE_BALANCED,42,104729,0,21,1050,21,0.14285714285714285,0.15476190476190474,0.1438095238095238,0.1530761975468909,0.984761904761905,0.88,0.6666666666666666,2,3,3,True,1b00d0b8a8175024a359730ee83e8bfce079c901fa37a32b00c0dcaac28ed3db
run_9cc92c4e5bc1b6adf5ac,FROZEN_ENCODER_LINEAR_HEAD_ADAPTATION,3,SURFACE_BALANCED,42,104729,0,21,1050,21,0.19047619047619047,0.1626984126984127,0.2123809523809524,0.1985150381551052,0.9600000000000002,0.56,0.6666666666666666,2,3,3,False,3b368858cdd4bdfcce657bed1b2949a88fa3aab11ee3b7edb3ea9c4da64cadf2
run_11d02bd608d36150595a,TARGET_ONLY_COSINE_PROTOTYPE,3,JOINT_FACTOR_COVERAGE,42,104729,0,21,1050,21,0.047619047619047616,0.04081632653061224,0.049523809523809526,0.04085919306718889,0.9552380952380952,0.6,0.8333333333333333,3,3,3,True,43fe8752b805d7238ae7802512603b0aa5cf15b5bf6ac000b0bdb10af188e8bd
run_8d6facc19730d8d31000,FROZEN_ENCODER_LINEAR_HEAD_ADAPTATION,3,JOINT_FACTOR_COVERAGE,42,104729,0,21,1050,21,0.23809523809523808,0.20623582766439913,0.23047619047619047,0.19890618618054853,0.984761904761905,0.92,0.8333333333333333,3,3,3,False,37feb7138a72b706d71fbe64971bd6ca52b2d5d521baee5a4b0b62b41e466e62
run_2dd1ae9fb77bf3551e8e,TARGET_ONLY_COSINE_PROTOTYPE,5,RANDOM_BLOCK,42,104729,0,35,1050,21,0.09523809523809523,0.09523809523809523,0.09619047619047619,0.09635854341736694,0.9904761904761905,0.92,0.775,3,3,5,True,e8a3f0c997bbf2996c67a0353f8bc83fa690adbb7f368de886da781ba0eb8fa9
run_7d239b43f4674a60216b,FROZEN_ENCODER_LINEAR_HEAD_ADAPTATION,5,RANDOM_BLOCK,42,104729,0,35,1050,21,0.14285714285714285,0.11224489795918367,0.14666666666666667,0.11641111864725125,0.9704761904761906,0.7,0.775,3,3,5,True,2f2e3fcc807659fa051d4825cf8702c3f1f7a0ccbd795b9edf077412e97f9cc4
run_c5e1378984d0b3424649,TARGET_ONLY_COSINE_PROTOTYPE,5,JOINT_FACTOR_COVERAGE,42,104729,0,35,1050,21,0.14285714285714285,0.11020408163265305,0.14285714285714285,0.10822510822510822,0.9609523809523809,0.5,0.775,3,3,5,True,64f0aa0252a892c2d32e49046beada1150d573c512db5ead8dc4f078ddc27070
run_bbbb19a5bbf18951a3a5,FROZEN_ENCODER_LINEAR_HEAD_ADAPTATION,5,JOINT_FACTOR_COVERAGE,42,104729,0,35,1050,21,0.14285714285714285,0.12698412698412698,0.14,0.12361521185050596,0.983809523809524,0.88,0.775,3,3,5,True,1be18bc3276a7e7a0514a78e7f3303b5dbc457b4bfb1d29ae47cf8eb48266a34
run_21d31ce00c95f8e9c1dc,TARGET_ONLY_COSINE_PROTOTYPE,1,RANDOM_BLOCK,42,130363,0,7,1050,21,0.09523809523809523,0.05772005772005772,0.10571428571428572,0.07382429010642023,0.9714285714285715,0.86,0.16666666666666666,1,1,1,True,bb820ecfb575683de459e801c0e6e8ef28f58af56e8b60be42c1a344b956e939
run_1dfeefbd18f39667b703,FROZEN_ENCODER_LINEAR_HEAD_ADAPTATION,1,RANDOM_BLOCK,42,130363,0,7,1050,21,0.2857142857142857,0.2507936507936508,0.29428571428571426,0.25477637932272196,0.9580952380952381,0.58,0.16666666666666666,1,1,1,False,3b0c1d8d296823fe40d91ce61c14dadf49cc218e46b6a4a663d7ab845c447db5
run_6e97d89d6cdabae5a910,TARGET_ONLY_COSINE_PROTOTYPE,3,RANDOM_BLOCK,42,130363,0,21,1050,21,0.047619047619047616,0.047619047619047616,0.049523809523809526,0.048923761423761425,0.9657142857142857,0.52,0.5,2,2,3,True,2f46d75514f0633dfc420046eaff646cd39704bef5fc194681d586a53690c39b
run_86d4a5601c4385a3cdd3,FROZEN_ENCODER_LINEAR_HEAD_ADAPTATION,3,RANDOM_BLOCK,42,130363,0,21,1050,21,0.23809523809523808,0.218140589569161,0.2523809523809524,0.2479066932879304,0.9647619047619048,0.6,0.5,2,2,3,False,a9081d73a827ef2f18a6767273f7b6ad0b4957cb4f9775f80313506350a14570
run_647a5611acb73a747cfd,TARGET_ONLY_COSINE_PROTOTYPE,3,ER_BALANCED,42,130363,0,21,1050,21,0.047619047619047616,0.047619047619047616,0.04380952380952381,0.04466933178015461,0.9714285714285713,0.86,0.8333333333333333,3,3,3,True,08f20994d3d23d82f399abd76e95a57f06fb10ead0e0135289f28c6c914bbe67
run_6d2d1d419d73cb92436e,FROZEN_ENCODER_LINEAR_HEAD_ADAPTATION,3,ER_BALANCED,42,130363,0,21,1050,21,0.2857142857142857,0.28276643990929706,0.27714285714285714,0.2739893691335013,0.984761904761905,0.92,0.8333333333333333,3,3,3,False,809d39cea340aaf913839044a4db739dc22ba3badad3ef029bbe01a24a845c65
run_c1522a4ae30720374895,TARGET_ONLY_COSINE_PROTOTYPE,3,SURFACE_BALANCED,42,130363,0,21,1050,21,0.14285714285714285,0.10760667903525047,0.14285714285714285,0.10812489874902094,0.9828571428571429,0.92,0.75,2,3,3,True,8a2ee56f1fa0e7339180063edf4f5ba11fe9842256f2deefc415d6f8f25dabdf
run_b307dff556947d098222,FROZEN_ENCODER_LINEAR_HEAD_ADAPTATION,3,SURFACE_BALANCED,42,130363,0,21,1050,21,0.23809523809523808,0.2233560090702948,0.2361904761904762,0.22362499848144463,0.9847619047619047,0.92,0.75,2,3,3,False,0ef8e42affb857186bd80915d49ac7d9390a834c7a8349fc19c6acab1bdf644d
run_fcbe9d6eb1fadbe57e7b,TARGET_ONLY_COSINE_PROTOTYPE,3,JOINT_FACTOR_COVERAGE,42,130363,0,21,1050,21,0.19047619047619047,0.10714285714285714,0.1895238095238095,0.10631184291898578,0.9657142857142857,0.52,0.8333333333333333,3,3,3,True,99daf579f837d802e6393215c3c693fa0e82c1b6a1ce6d30b856a43d5b65fcc3
run_a1ba6db58d06af177b2f,FROZEN_ENCODER_LINEAR_HEAD_ADAPTATION,3,JOINT_FACTOR_COVERAGE,42,130363,0,21,1050,21,0.19047619047619047,0.15589569160997732,0.19238095238095237,0.16405759830169564,0.9828571428571429,0.92,0.8333333333333333,3,3,3,False,44b277022068540b0666425734103a8f4fe71408e85bdf6c07688d83b08337c8
run_3e99a7e976088862a1af,TARGET_ONLY_COSINE_PROTOTYPE,5,RANDOM_BLOCK,42,130363,0,35,1050,21,0.09523809523809523,0.09523809523809523,0.09619047619047619,0.0963455149501661,0.9885714285714287,0.92,0.775,3,3,5,True,be0b826080f6a4a9304bbe211bc84211064a33de096ba09d1b92ea534f987f00
run_d663f21713bc9c827cb1,FROZEN_ENCODER_LINEAR_HEAD_ADAPTATION,5,RANDOM_BLOCK,42,130363,0,35,1050,21,0.19047619047619047,0.18571428571428572,0.1895238095238095,0.1822589353975274,0.980952380952381,0.86,0.775,3,3,5,True,90b9755a2e685a85ee7418e63d6966460124de70bf5b5768be76f274cb221de6
run_0aca1c9149ff91337a9b,TARGET_ONLY_COSINE_PROTOTYPE,5,JOINT_FACTOR_COVERAGE,42,130363,0,35,1050,21,0.14285714285714285,0.13605442176870747,0.13904761904761906,0.13290043290043288,0.9838095238095238,0.86,0.775,3,3,5,True,255ebfd2bbfc4d25d32383aaf09044f337c4900150c53f072feb8cf2af73a546
run_f400f4bdd7ef1d85ba06,FROZEN_ENCODER_LINEAR_HEAD_ADAPTATION,5,JOINT_FACTOR_COVERAGE,42,130363,0,35,1050,21,0.047619047619047616,0.04081632653061224,0.07333333333333333,0.06535815657797082,0.9685714285714285,0.5,0.775,3,3,5,True,ccedc28df832f5648774afa3b169e58d4c6d44292cb441711a1a27b7fae9f81f
run_0e3f598c335d949ee64c,TARGET_ONLY_COSINE_PROTOTYPE,1,RANDOM_BLOCK,42,155921,0,7,1050,21,0.23809523809523808,0.1812925170068027,0.23714285714285716,0.18059055405435123,0.9780952380952382,0.88,0.16666666666666666,1,1,1,True,8526efa8cacf532b1059087873930ad5b30679c2679caddb46840eff2bb3a3e2
run_295122d548ff94d2cf4a,FROZEN_ENCODER_LINEAR_HEAD_ADAPTATION,1,RANDOM_BLOCK,42,155921,0,7,1050,21,0.19047619047619047,0.16541950113378684,0.19714285714285715,0.17382457842027157,0.9800000000000001,0.86,0.16666666666666666,1,1,1,True,367ecf23cbb6f204a27ec7f6130df3a1d567095942b8e20c4d04c3d25801b538
run_f61091c0e38d10c895b0,TARGET_ONLY_COSINE_PROTOTYPE,3,RANDOM_BLOCK,42,155921,0,21,1050,21,0.14285714285714285,0.13095238095238096,0.14,0.13024056626333158,0.9723809523809523,0.86,0.75,3,2,3,True,afdaaf2186422488be61444ad59ac28dd34a6e62864dfce45304a19d8df1c9ca
run_8edc83ec6f310f4dedfc,FROZEN_ENCODER_LINEAR_HEAD_ADAPTATION,3,RANDOM_BLOCK,42,155921,0,21,1050,21,0.23809523809523808,0.21587301587301586,0.23714285714285716,0.21765387682832804,0.980952380952381,0.92,0.75,3,2,3,False,a600d0c22ac5a57f6ad7c39b7f0e9a034abcde9e8f45ddd23f3972ad0025a842
run_edf1a0cffbc28f133be5,TARGET_ONLY_COSINE_PROTOTYPE,3,ER_BALANCED,42,155921,0,21,1050,21,0.14285714285714285,0.09795918367346938,0.14,0.09453061224489796,0.9885714285714284,0.92,0.6666666666666666,3,2,3,True,50e51c437ee74a6f4b7fd411db50908d418a9128b1a55e0eed721b63d5c8a0e6
run_8d40c8120c17c5635669,FROZEN_ENCODER_LINEAR_HEAD_ADAPTATION,3,ER_BALANCED,42,155921,0,21,1050,21,0.19047619047619047,0.16541950113378684,0.18571428571428572,0.16113745535592822,0.9885714285714287,0.92,0.6666666666666666,3,2,3,False,d5a6dc9b5f55b63110b26409a4d9c8792d5dad98b5319bde3174a7fd9168a19c
run_662160b8735feffaacf4,TARGET_ONLY_COSINE_PROTOTYPE,3,SURFACE_BALANCED,42,155921,0,21,1050,21,0.14285714285714285,0.10760667903525047,0.14285714285714285,0.10817152892601976,0.9838095238095238,0.92,0.75,2,3,3,True,a66688e8dfa448d2eea23e900a0b915d8df5b272ab4c234be1f75c68be2bf4a3
run_04ed152af3a029b1c3cd,FROZEN_ENCODER_LINEAR_HEAD_ADAPTATION,3,SURFACE_BALANCED,42,155921,0,21,1050,21,0.23809523809523808,0.2233560090702948,0.2361904761904762,0.22362499848144463,0.9847619047619047,0.92,0.75,2,3,3,False,0ef8e42affb857186bd80915d49ac7d9390a834c7a8349fc19c6acab1bdf644d
run_e7eb64799556e294b332,TARGET_ONLY_COSINE_PROTOTYPE,3,JOINT_FACTOR_COVERAGE,42,155921,0,21,1050,21,0.0,0.0,0.002857142857142857,0.0015333503705596727,0.9723809523809523,0.86,0.8333333333333333,3,3,3,True,96cb5064e2a85ac11c0d50a4eb0e53e23db06ab69c60dae842f4b8b5bd75a637
run_aefbd8a3762055577c93,FROZEN_ENCODER_LINEAR_HEAD_ADAPTATION,3,JOINT_FACTOR_COVERAGE,42,155921,0,21,1050,21,0.23809523809523808,0.20623582766439913,0.23047619047619047,0.1994396685010533,0.961904761904762,0.52,0.8333333333333333,3,3,3,False,018e0fd4864163488dab4c8ade2f79c5ff69a67954bf0fea8c431d5d39a1fbe9
run_bb5cb1a9fc4e5278d8b6,TARGET_ONLY_COSINE_PROTOTYPE,5,RANDOM_BLOCK,42,155921,0,35,1050,21,0.23809523809523808,0.15512265512265513,0.2342857142857143,0.15649769435905034,0.9704761904761906,0.6,0.75,3,3,5,True,cf2658e69fed5f56d8e9a10f52b7306cdc39c87d56c1120fd8c0ef8d0ad6adeb
run_89e1d167cbfb3cb66557,FROZEN_ENCODER_LINEAR_HEAD_ADAPTATION,5,RANDOM_BLOCK,42,155921,0,35,1050,21,0.19047619047619047,0.1388888888888889,0.21047619047619048,0.15004166853006615,0.962857142857143,0.52,0.75,3,3,5,True,c3f07a80d651d9ff2bcf9067a31e95ebbcf369b875786fdfe3a23be351e292f3
run_81025d0cc50d606d5b70,TARGET_ONLY_COSINE_PROTOTYPE,5,JOINT_FACTOR_COVERAGE,42,155921,0,35,1050,21,0.19047619047619047,0.14285714285714285,0.19523809523809524,0.14991710970102326,0.9790476190476192,0.86,0.775,3,3,5,True,9f312fddb95d9b05dc485514f743b0bddafc24230c97d2b269dbb4d4bf06f843
run_dbf77f501b71f17808ca,FROZEN_ENCODER_LINEAR_HEAD_ADAPTATION,5,JOINT_FACTOR_COVERAGE,42,155921,0,35,1050,21,0.14285714285714285,0.11904761904761904,0.1457142857142857,0.12043727190891583,0.9647619047619048,0.56,0.775,3,3,5,True,8c0c86ec952235a813f0a480d41aa1c49a26489e90fef7384e93901d1c8decb9
run_5bb006ce89cc47749c98,TARGET_ONLY_COSINE_PROTOTYPE,1,RANDOM_BLOCK,42,181081,0,7,1050,21,0.09523809523809523,0.047619047619047616,0.0980952380952381,0.05065680205345009,0.9876190476190477,0.92,0.16666666666666666,1,1,1,True,730070e1396a9ca7cfdf23e58438d4e6b2a6c4d0f0ba3387d7b941f01986f3ed
run_6536e662b8a8b07658ac,FROZEN_ENCODER_LINEAR_HEAD_ADAPTATION,1,RANDOM_BLOCK,42,181081,0,7,1050,21,0.19047619047619047,0.16258503401360544,0.1895238095238095,0.16047140537216623,0.962857142857143,0.52,0.16666666666666666,1,1,1,True,a154eebf73429e8392e7e39ab9ed7ca45061daddc28a00a2d17818f50bdaa203
run_8b365dd101ff4447d233,TARGET_ONLY_COSINE_PROTOTYPE,3,RANDOM_BLOCK,42,181081,0,21,1050,21,0.09523809523809523,0.07359307359307359,0.09333333333333334,0.07194660688815183,0.9876190476190477,0.92,0.6666666666666666,3,2,3,True,f56eaca547c40e7c71fc4f1b2abd1c12185b73b0ba362f808b0f0e75071bdf4e
run_d967c920db01a2c06a0a,FROZEN_ENCODER_LINEAR_HEAD_ADAPTATION,3,RANDOM_BLOCK,42,181081,0,21,1050,21,0.23809523809523808,0.20793650793650795,0.22952380952380952,0.20171681233564157,0.9790476190476192,0.88,0.6666666666666666,3,2,3,False,44e95e3cd986b28b8c6c59fe8d80c6993c9ad82b9e953b205c2d1ca19d659254
run_c4667e0fd0c45f2a5c49,TARGET_ONLY_COSINE_PROTOTYPE,3,ER_BALANCED,42,181081,0,21,1050,21,0.19047619047619047,0.10714285714285714,0.19238095238095237,0.10916898577612864,0.9628571428571429,0.52,0.8333333333333333,3,3,3,True,68721a4acd5c6cde54e523ec552c5b55c34deaed852a53db44253411b9a8147d
run_394e330a096eda0ce600,FROZEN_ENCODER_LINEAR_HEAD_ADAPTATION,3,ER_BALANCED,42,181081,0,21,1050,21,0.19047619047619047,0.15589569160997732,0.19142857142857142,0.162545265085163,0.9838095238095238,0.92,0.8333333333333333,3,3,3,False,53be179e5471d396b998fe1742282d10c17a8e651156cb7bc45c6ed5423070df
run_26ced8c02e805a21aa36,TARGET_ONLY_COSINE_PROTOTYPE,3,SURFACE_BALANCED,42,181081,0,21,1050,21,0.0,0.0,0.005714285714285714,0.005509557166896814,0.9790476190476192,0.78,0.6666666666666666,2,3,3,True,d457fd160e753f19ecad0ef7b1eaf59e75c07395c1e6823df4c5aa126260f0d8
run_80bd9a4168815263d9ed,FROZEN_ENCODER_LINEAR_HEAD_ADAPTATION,3,SURFACE_BALANCED,42,181081,0,21,1050,21,0.23809523809523808,0.22959183673469388,0.23333333333333334,0.22476327545596822,0.9857142857142857,0.88,0.6666666666666666,2,3,3,False,2d6977c61f2603053747ab09006c90dab67dab65a8228d11409baddbdddd81f6
run_546886d85fddfbe3b2a8,TARGET_ONLY_COSINE_PROTOTYPE,3,JOINT_FACTOR_COVERAGE,42,181081,0,21,1050,21,0.19047619047619047,0.10714285714285714,0.19238095238095237,0.10916898577612864,0.9628571428571429,0.52,0.8333333333333333,3,3,3,True,68721a4acd5c6cde54e523ec552c5b55c34deaed852a53db44253411b9a8147d
run_656a1bc6cc9604cabcfc,FROZEN_ENCODER_LINEAR_HEAD_ADAPTATION,3,JOINT_FACTOR_COVERAGE,42,181081,0,21,1050,21,0.19047619047619047,0.15589569160997732,0.19142857142857142,0.162545265085163,0.9838095238095238,0.92,0.8333333333333333,3,3,3,False,53be179e5471d396b998fe1742282d10c17a8e651156cb7bc45c6ed5423070df
run_b3718f8a9db945bfe210,TARGET_ONLY_COSINE_PROTOTYPE,5,RANDOM_BLOCK,42,181081,0,35,1050,21,0.09523809523809523,0.09523809523809523,0.0980952380952381,0.0992635721070226,0.9752380952380955,0.86,0.775,3,3,5,True,7df9b18cba3f6d3d88f82fd75758ad32abc5f10892094bb3afbe0ea5f4eb6d01
run_a43e38b2517a38872fdc,FROZEN_ENCODER_LINEAR_HEAD_ADAPTATION,5,RANDOM_BLOCK,42,181081,0,35,1050,21,0.09523809523809523,0.08163265306122448,0.09523809523809523,0.08025682182985554,0.9847619047619047,0.88,0.775,3,3,5,True,d11e98b0329cac04e5b90730185a1073fe3395fbb774aedc280e0c0ac43c21f7
run_ca9d0ae05cbf7628e611,TARGET_ONLY_COSINE_PROTOTYPE,5,JOINT_FACTOR_COVERAGE,42,181081,0,35,1050,21,0.09523809523809523,0.09523809523809523,0.0980952380952381,0.09711779448621553,0.9866666666666666,0.94,0.775,3,3,5,True,91e6268ae684f9e05248fa06ab1f259c64d41c7b08d103992285b76e7ab623f4
run_16fad342b3a86cf2c0be,FROZEN_ENCODER_LINEAR_HEAD_ADAPTATION,5,JOINT_FACTOR_COVERAGE,42,181081,0,35,1050,21,0.14285714285714285,0.0992063492063492,0.14095238095238094,0.09770947986385004,0.9942857142857142,0.94,0.775,3,3,5,True,3557f5db3b412057a67b79f58aa9baee8ebef1d3051f70675465ebe25e368a56
run_28fa24d2680228212102,TARGET_ONLY_COSINE_PROTOTYPE,1,RANDOM_BLOCK,42,205439,0,7,1050,21,0.14285714285714285,0.06593406593406594,0.14476190476190476,0.06810470221006643,0.9876190476190477,0.92,0.16666666666666666,1,1,1,True,d0a129762fff9629ed5538bff0151166878b9295272d7d396e33ae21bc696782
run_c81420ff56b789533947,FROZEN_ENCODER_LINEAR_HEAD_ADAPTATION,1,RANDOM_BLOCK,42,205439,0,7,1050,21,0.14285714285714285,0.10714285714285714,0.14761904761904762,0.11539540494096781,0.9828571428571431,0.92,0.16666666666666666,1,1,1,True,de57e944a28ea1badae5b27cb1d5d34ac186dbd96d9c1a2ad9c9684f096d1437
run_49c15f92c5bd9c217a77,TARGET_ONLY_COSINE_PROTOTYPE,3,RANDOM_BLOCK,42,205439,0,21,1050,21,0.19047619047619047,0.13095238095238096,0.18666666666666668,0.12816594355299943,0.961904761904762,0.58,0.5833333333333333,2,2,3,True,3882e901f304cc40ddcd84e6a615d0c3f2aebebb571f9a959d32e54c70033c7b
run_2e9133044c1bb6558eaa,FROZEN_ENCODER_LINEAR_HEAD_ADAPTATION,3,RANDOM_BLOCK,42,205439,0,21,1050,21,0.23809523809523808,0.22936507936507938,0.23333333333333334,0.22512262387051982,0.9904761904761905,0.92,0.5833333333333333,2,2,3,False,0a72dd455375653963206ce5018e89068e2bd8ec2c1bceeb50114b99d82afc7b
run_b61f8d2c66d15149840b,TARGET_ONLY_COSINE_PROTOTYPE,3,ER_BALANCED,42,205439,0,21,1050,21,0.047619047619047616,0.04081632653061224,0.049523809523809526,0.040730994921453566,0.9638095238095239,0.76,0.8333333333333333,3,3,3,True,0bd83f8c496f58567ee4a16dae34963a568e02c85a8f1b7930693e3f0d06e422
run_c533e707c64363eda25f,FROZEN_ENCODER_LINEAR_HEAD_ADAPTATION,3,ER_BALANCED,42,205439,0,21,1050,21,0.19047619047619047,0.1439909297052154,0.18666666666666668,0.14103064410278224,0.984761904761905,0.92,0.8333333333333333,3,3,3,False,03fa0b6e458bf14533126291307466f62620ade98ec2a0186dcac50357b93674
run_f54349035c9df957219b,TARGET_ONLY_COSINE_PROTOTYPE,3,SURFACE_BALANCED,42,205439,0,21,1050,21,0.14285714285714285,0.10317460317460317,0.1380952380952381,0.10243014979799589,0.9857142857142857,0.86,0.6666666666666666,2,3,3,True,8af35024dbb37e64f30e82530092c1023643eb9ebc91a1f4f7f9dadca5312bd5
run_1326b0ead5542b3cfa03,FROZEN_ENCODER_LINEAR_HEAD_ADAPTATION,3,SURFACE_BALANCED,42,205439,0,21,1050,21,0.23809523809523808,0.19999999999999998,0.23714285714285716,0.20185648128466066,0.9600000000000002,0.64,0.6666666666666666,2,3,3,False,a8166aa61b25b6ba23d8569f0617d76b8c41e495004e453d84de4a42b1ffd983
run_4c2824e12dfdcdbacd30,TARGET_ONLY_COSINE_PROTOTYPE,3,JOINT_FACTOR_COVERAGE,42,205439,0,21,1050,21,0.047619047619047616,0.04081632653061224,0.049523809523809526,0.040730994921453566,0.9638095238095239,0.76,0.8333333333333333,3,3,3,True,0bd83f8c496f58567ee4a16dae34963a568e02c85a8f1b7930693e3f0d06e422
run_cc792d71719841b7d7fd,FROZEN_ENCODER_LINEAR_HEAD_ADAPTATION,3,JOINT_FACTOR_COVERAGE,42,205439,0,21,1050,21,0.19047619047619047,0.1439909297052154,0.18666666666666668,0.14103064410278224,0.984761904761905,0.92,0.8333333333333333,3,3,3,False,03fa0b6e458bf14533126291307466f62620ade98ec2a0186dcac50357b93674
run_da3612e78f43827c1ae7,TARGET_ONLY_COSINE_PROTOTYPE,5,RANDOM_BLOCK,42,205439,0,35,1050,21,0.19047619047619047,0.1678004535147392,0.1895238095238095,0.1667963010975715,0.9866666666666666,0.94,0.775,3,3,5,True,f6a3b09962eabb99058f0383f9e59d0d88177d6040494b26df162687d2e85079
run_f5f06ca05cc557239653,FROZEN_ENCODER_LINEAR_HEAD_ADAPTATION,5,RANDOM_BLOCK,42,205439,0,35,1050,21,0.23809523809523808,0.2018140589569161,0.2342857142857143,0.1984878737743754,0.9495238095238095,0.58,0.775,3,3,5,True,8c7f941fcde95bd07e5992a321fb1d74d8d3d791f7bded3e5524b3b47c4e743d
run_f314cfb5607ff9d6a291,TARGET_ONLY_COSINE_PROTOTYPE,5,JOINT_FACTOR_COVERAGE,42,205439,0,35,1050,21,0.19047619047619047,0.1678004535147392,0.1895238095238095,0.1667963010975715,0.9866666666666666,0.94,0.775,3,3,5,True,f6a3b09962eabb99058f0383f9e59d0d88177d6040494b26df162687d2e85079
run_784cac4f4956d210d0e8,FROZEN_ENCODER_LINEAR_HEAD_ADAPTATION,5,JOINT_FACTOR_COVERAGE,42,205439,0,35,1050,21,0.23809523809523808,0.2018140589569161,0.2342857142857143,0.1984878737743754,0.9495238095238095,0.58,0.775,3,3,5,True,8c7f941fcde95bd07e5992a321fb1d74d8d3d791f7bded3e5524b3b47c4e743d
run_83d34f1fb0990d142be0,FS0_FROZEN_SOURCE_HEAD,0,FS0_FROZEN_SOURCE_HEAD,42,104729,1,0,1050,21,0.14285714285714285,0.09454038025466596,0.1380952380952381,0.08905688584852196,0.9657142857142857,0.62,,,,,True,352284f5328fa9357efcfdb8c9c9e0f4a2dc0b67e470a2ca7c93a1efd328cf9e
run_8289373f2bb766b0f31e,FS0_FROZEN_SOURCE_HEAD,0,FS0_FROZEN_SOURCE_HEAD,42,130363,1,0,1050,21,0.14285714285714285,0.09454038025466596,0.1380952380952381,0.08905688584852196,0.9657142857142857,0.62,,,,,True,352284f5328fa9357efcfdb8c9c9e0f4a2dc0b67e470a2ca7c93a1efd328cf9e
run_860bcfa7192ce11f066b,FS0_FROZEN_SOURCE_HEAD,0,FS0_FROZEN_SOURCE_HEAD,42,155921,1,0,1050,21,0.14285714285714285,0.09454038025466596,0.1380952380952381,0.08905688584852196,0.9657142857142857,0.62,,,,,True,352284f5328fa9357efcfdb8c9c9e0f4a2dc0b67e470a2ca7c93a1efd328cf9e
run_1cde92a43939d5b63d85,FS0_FROZEN_SOURCE_HEAD,0,FS0_FROZEN_SOURCE_HEAD,42,181081,1,0,1050,21,0.14285714285714285,0.09454038025466596,0.1380952380952381,0.08905688584852196,0.9657142857142857,0.62,,,,,True,352284f5328fa9357efcfdb8c9c9e0f4a2dc0b67e470a2ca7c93a1efd328cf9e
run_889367a42d72b0fab3d1,FS0_FROZEN_SOURCE_HEAD,0,FS0_FROZEN_SOURCE_HEAD,42,205439,1,0,1050,21,0.14285714285714285,0.09454038025466596,0.1380952380952381,0.08905688584852196,0.9657142857142857,0.62,,,,,True,352284f5328fa9357efcfdb8c9c9e0f4a2dc0b67e470a2ca7c93a1efd328cf9e
run_c86df6821b917ddf2f5e,TARGET_ONLY_COSINE_PROTOTYPE,1,RANDOM_BLOCK,42,104729,1,7,1050,21,0.09523809523809523,0.05454545454545455,0.10095238095238095,0.0615198679401014,0.9761904761904762,0.58,0.16666666666666666,1,1,1,True,26de28c4771c033fdc387ae8930c86db6770499e0813c8069379000df600f603
run_142c22cb9e9d2ac2b5ed,FROZEN_ENCODER_LINEAR_HEAD_ADAPTATION,1,RANDOM_BLOCK,42,104729,1,7,1050,21,0.047619047619047616,0.023809523809523808,0.05047619047619047,0.026499003641860787,0.9723809523809525,0.7,0.16666666666666666,1,1,1,True,1419b24362dc7a29faab4b41a459b6829f27cd437c0381d8535b3c00a3e82cdf
run_611cc2838fe6cf834a2b,TARGET_ONLY_COSINE_PROTOTYPE,3,RANDOM_BLOCK,42,104729,1,21,1050,21,0.23809523809523808,0.17316017316017315,0.21523809523809523,0.15736631486948638,0.9619047619047618,0.58,0.6666666666666666,3,2,3,True,0eb16486890a794f8f40f037f6d88b73d7160d0be0c206ffcac7934392c0d514
run_96cc9f11642905952ce9,FROZEN_ENCODER_LINEAR_HEAD_ADAPTATION,3,RANDOM_BLOCK,42,104729,1,21,1050,21,0.047619047619047616,0.025974025974025976,0.05047619047619047,0.029794042652678033,0.9790476190476189,0.8,0.6666666666666666,3,2,3,False,c91a9157b666ab746008938fe29cc25907e045d50c3990d4cd089ed5a9439db2
run_25d8137d21abed849317,TARGET_ONLY_COSINE_PROTOTYPE,3,ER_BALANCED,42,104729,1,21,1050,21,0.14285714285714285,0.11904761904761904,0.1361904761904762,0.12279372607769877,0.920952380952381,0.5,0.75,3,2,3,True,923a54a9b571a950f20ed0027be22bdf66fd60e49f9b870b0c00dcb9941adc10
run_ba28916013ffea2eff93,FROZEN_ENCODER_LINEAR_HEAD_ADAPTATION,3,ER_BALANCED,42,104729,1,21,1050,21,0.047619047619047616,0.03571428571428571,0.06761904761904762,0.05441039561101478,0.9542857142857144,0.76,0.75,3,2,3,False,148e276a375144400e1f8f58d743fc1ce3f23961988622be38e1259a612397e5
run_efd15e05f533b718ddc4,TARGET_ONLY_COSINE_PROTOTYPE,3,SURFACE_BALANCED,42,104729,1,21,1050,21,0.09523809523809523,0.07256235827664399,0.0980952380952381,0.07681162962480174,0.961904761904762,0.76,0.8333333333333333,3,3,3,True,47e9cfc9c3ef561892080998c415d2499571bc4fdf5bd9a8f68273e1b133414a
run_d74d26481ba7900b9288,FROZEN_ENCODER_LINEAR_HEAD_ADAPTATION,3,SURFACE_BALANCED,42,104729,1,21,1050,21,0.047619047619047616,0.031746031746031744,0.06476190476190476,0.043984764073118444,0.9542857142857144,0.7,0.8333333333333333,3,3,3,False,ad539764b4e8f5202cd1999d94d9a5b20308ecee5c0d5e92768879d42bbeec18
run_5321abbae8d35f484ede,TARGET_ONLY_COSINE_PROTOTYPE,3,JOINT_FACTOR_COVERAGE,42,104729,1,21,1050,21,0.14285714285714285,0.15714285714285717,0.12095238095238095,0.1343542874575469,0.9647619047619048,0.58,0.8333333333333333,3,3,3,True,ffff3794a5bf6777f4a0775703c8e91e86465683f43e528108fcc492c1ab85a8
run_4818b94a122ad826b7c2,FROZEN_ENCODER_LINEAR_HEAD_ADAPTATION,3,JOINT_FACTOR_COVERAGE,42,104729,1,21,1050,21,0.047619047619047616,0.028571428571428574,0.05047619047619047,0.031750065256436186,0.9685714285714285,0.7,0.8333333333333333,3,3,3,False,c8172a5f449bcc2edfd852c28356955978fdb48decd9bdae80db5e992ab4f2e8
run_98ea9d4e967147e64d5c,TARGET_ONLY_COSINE_PROTOTYPE,5,RANDOM_BLOCK,42,104729,1,35,1050,21,0.09523809523809523,0.07653061224489796,0.09238095238095238,0.07464144347915488,0.9847619047619047,0.8,0.75,3,3,5,True,900b1e0aea9c1c61b2ba8a986473c9c08ab3a4921a7315185396655390387bf1
run_e40f87a31389d977985d,FROZEN_ENCODER_LINEAR_HEAD_ADAPTATION,5,RANDOM_BLOCK,42,104729,1,35,1050,21,0.14285714285714285,0.14285714285714285,0.1457142857142857,0.1445836344655906,0.9723809523809523,0.74,0.75,3,3,5,True,93918fdd0fe2a1f6643d5a456ff02b8ede142111ccc3a9101761a92981f2876c
run_78cf6521ba403a1ae94f,TARGET_ONLY_COSINE_PROTOTYPE,5,JOINT_FACTOR_COVERAGE,42,104729,1,35,1050,21,0.14285714285714285,0.08311688311688312,0.1438095238095238,0.09339929304575244,0.9552380952380952,0.7,0.8,3,3,5,True,86b96e7c911c03b9e48182855ab66ded24cb2242a62b82e951c21f8c5c065628
run_5aeb8d215c1fda2af22a,FROZEN_ENCODER_LINEAR_HEAD_ADAPTATION,5,JOINT_FACTOR_COVERAGE,42,104729,1,35,1050,21,0.14285714285714285,0.09285714285714286,0.14857142857142858,0.10105680194583684,0.9685714285714285,0.8,0.8,3,3,5,True,34facbfa67412f3dfcc5dcb9dcda4e2a9c1cced4b9de75a273d4f33ce9bf7291
run_deacf1376367f0a57589,TARGET_ONLY_COSINE_PROTOTYPE,1,RANDOM_BLOCK,42,130363,1,7,1050,21,0.09523809523809523,0.10714285714285714,0.09238095238095238,0.1009591922902756,0.9771428571428573,0.8,0.16666666666666666,1,1,1,True,7a40c9e221c0261fc2c7122365c50cfceaf98b92e7691562187cebc331257c48
run_d2f86750c5d99d1b79ca,FROZEN_ENCODER_LINEAR_HEAD_ADAPTATION,1,RANDOM_BLOCK,42,130363,1,7,1050,21,0.047619047619047616,0.031746031746031744,0.05904761904761905,0.03797412995576189,0.9542857142857143,0.64,0.16666666666666666,1,1,1,True,0e598e59a54a30d84e826d8e48f2984ec2d0e958d31259ef2748b5a80c5efdbb
run_c4922102ebc202d1c3de,TARGET_ONLY_COSINE_PROTOTYPE,3,RANDOM_BLOCK,42,130363,1,21,1050,21,0.23809523809523808,0.23333333333333336,0.22476190476190477,0.22115994517965618,0.9266666666666667,0.5,0.75,3,2,3,True,1e43f7992973848e33ee03485240d712e017781d79456047201716d48343b01d
run_38cc437f9e804aabd872,FROZEN_ENCODER_LINEAR_HEAD_ADAPTATION,3,RANDOM_BLOCK,42,130363,1,21,1050,21,0.047619047619047616,0.04081632653061224,0.08,0.07683915179390503,0.9219047619047619,0.64,0.75,3,2,3,False,30f8ba13c93024363d21624ac2d6e391065bc721be2c08a69e39e5c70aa0710a
run_de0610a9be3256d93748,TARGET_ONLY_COSINE_PROTOTYPE,3,ER_BALANCED,42,130363,1,21,1050,21,0.09523809523809523,0.07256235827664399,0.10857142857142857,0.08902025600212785,0.9552380952380952,0.58,0.6666666666666666,3,2,3,True,088f4d5eaa7a9d339fb1ffcf92c385a693397942c0a256503b0670e2649c82d7
run_ebc5b6316a1d006b1bc9,FROZEN_ENCODER_LINEAR_HEAD_ADAPTATION,3,ER_BALANCED,42,130363,1,21,1050,21,0.047619047619047616,0.025974025974025976,0.06761904761904762,0.044782418627540475,0.9533333333333335,0.76,0.6666666666666666,3,2,3,False,3a3eac206e71355ab0fcb1befb3b7dc513ebe338a9e10107b1f980403def22e6
run_322914b3875535da53f6,TARGET_ONLY_COSINE_PROTOTYPE,3,SURFACE_BALANCED,42,130363,1,21,1050,21,0.09523809523809523,0.06938775510204082,0.12285714285714286,0.09533408590012364,0.9533333333333334,0.58,0.75,2,3,3,True,09ea226f6036c100a222908f7364dadaefce0be46d13a557dd98826ae669a10a
run_e29996bc3886fb2e5cad,FROZEN_ENCODER_LINEAR_HEAD_ADAPTATION,3,SURFACE_BALANCED,42,130363,1,21,1050,21,0.047619047619047616,0.025974025974025976,0.047619047619047616,0.025974025974025976,0.959047619047619,0.58,0.75,2,3,3,False,dc68c929dcb7541f2f9ccb4b06fa49453ce4b92d962d973d4bfbf22cad76a36b
run_e210a53837e48775c6a7,TARGET_ONLY_COSINE_PROTOTYPE,3,JOINT_FACTOR_COVERAGE,42,130363,1,21,1050,21,0.09523809523809523,0.07256235827664399,0.09523809523809523,0.07383543914861128,0.9495238095238094,0.62,0.8333333333333333,3,3,3,True,c9ded9c1a7a752f1f2394344299325a6d656aedf21808a0f8cdca8aa95d32a18
run_2bb36582f7955794436f,FROZEN_ENCODER_LINEAR_HEAD_ADAPTATION,3,JOINT_FACTOR_COVERAGE,42,130363,1,21,1050,21,0.047619047619047616,0.031746031746031744,0.06476190476190476,0.043984764073118444,0.9514285714285714,0.62,0.8333333333333333,3,3,3,False,3eba52af0a85296ba9da72c9cdb4c86edc80c98fb8dc3f20801d4c3085fdcbbb
run_2a54054bef5fcb90cf7f,TARGET_ONLY_COSINE_PROTOTYPE,5,RANDOM_BLOCK,42,130363,1,35,1050,21,0.19047619047619047,0.1812925170068027,0.16666666666666666,0.1518229799885686,0.9419047619047619,0.5,0.75,3,3,5,True,8bbf26ccacd07df28b69e170d6db4aca6aea9c2e690b247baf491946af4771fb
run_a6595fa1e2c0a174a91b,FROZEN_ENCODER_LINEAR_HEAD_ADAPTATION,5,RANDOM_BLOCK,42,130363,1,35,1050,21,0.14285714285714285,0.12063492063492064,0.14761904761904762,0.12600720528024614,0.9638095238095239,0.7,0.75,3,3,5,True,a282d10beed5541f92d70051f55bad16749e22414412974169bb8f187a7fb857
run_2ef1466b812c3e8a5947,TARGET_ONLY_COSINE_PROTOTYPE,5,JOINT_FACTOR_COVERAGE,42,130363,1,35,1050,21,0.19047619047619047,0.1038961038961039,0.19047619047619047,0.11123085400253895,0.9619047619047618,0.7,0.8,3,3,5,True,79809d10941041112a307eb1421250d561ac3d24c88255fd127e2c9fdd26ccfc
run_ca1421236f313774784b,FROZEN_ENCODER_LINEAR_HEAD_ADAPTATION,5,JOINT_FACTOR_COVERAGE,42,130363,1,35,1050,21,0.09523809523809523,0.06746031746031746,0.10380952380952381,0.07747834478060965,0.9723809523809525,0.8,0.8,3,3,5,True,07c3d0f9bbb8c950c89fc449a7554195b2b04c0e35172f0af3d9c12056b00390
run_80e7df45b83ac55ad0a7,TARGET_ONLY_COSINE_PROTOTYPE,1,RANDOM_BLOCK,42,155921,1,7,1050,21,0.09523809523809523,0.05454545454545455,0.10095238095238095,0.0615198679401014,0.9761904761904762,0.58,0.16666666666666666,1,1,1,True,26de28c4771c033fdc387ae8930c86db6770499e0813c8069379000df600f603
run_28de2326d647b7f7da7a,FROZEN_ENCODER_LINEAR_HEAD_ADAPTATION,1,RANDOM_BLOCK,42,155921,1,7,1050,21,0.047619047619047616,0.023809523809523808,0.05047619047619047,0.026499003641860787,0.9723809523809525,0.7,0.16666666666666666,1,1,1,True,1419b24362dc7a29faab4b41a459b6829f27cd437c0381d8535b3c00a3e82cdf
run_2bda702f6fbbf56bd87b,TARGET_ONLY_COSINE_PROTOTYPE,3,RANDOM_BLOCK,42,155921,1,21,1050,21,0.09523809523809523,0.07653061224489796,0.09523809523809523,0.07584326923461251,0.9533333333333335,0.62,0.6666666666666666,3,2,3,True,664a41f573b6bcf8b38123c288a6d321e4ec15a0d6acbd78711ef56e64da1c76
run_7d2309552d8d042144bb,FROZEN_ENCODER_LINEAR_HEAD_ADAPTATION,3,RANDOM_BLOCK,42,155921,1,21,1050,21,0.047619047619047616,0.025974025974025976,0.05904761904761905,0.033106562786662734,0.961904761904762,0.76,0.6666666666666666,3,2,3,False,2998078d5ab89fb5032071a9a5a12d57c98e1b24a2c293c9bf29b875cc3ebca0
run_124f55d292220f59bb08,TARGET_ONLY_COSINE_PROTOTYPE,3,ER_BALANCED,42,155921,1,21,1050,21,0.09523809523809523,0.07653061224489796,0.09523809523809523,0.07584326923461251,0.9533333333333335,0.62,0.6666666666666666,3,2,3,True,664a41f573b6bcf8b38123c288a6d321e4ec15a0d6acbd78711ef56e64da1c76
run_c5cc65a32a9025367667,FROZEN_ENCODER_LINEAR_HEAD_ADAPTATION,3,ER_BALANCED,42,155921,1,21,1050,21,0.047619047619047616,0.025974025974025976,0.05904761904761905,0.033106562786662734,0.961904761904762,0.76,0.6666666666666666,3,2,3,False,2998078d5ab89fb5032071a9a5a12d57c98e1b24a2c293c9bf29b875cc3ebca0
run_06275097ca909bf23426,TARGET_ONLY_COSINE_PROTOTYPE,3,SURFACE_BALANCED,42,155921,1,21,1050,21,0.09523809523809523,0.07256235827664399,0.10095238095238095,0.07955361733542317,0.961904761904762,0.8,0.8333333333333333,3,3,3,True,b624589da2af87aedbf52952b3d4a97d5cbdd743294a55c3edf717d03c3a88a9
run_69ba7ebd29fcd883774a,FROZEN_ENCODER_LINEAR_HEAD_ADAPTATION,3,SURFACE_BALANCED,42,155921,1,21,1050,21,0.047619047619047616,0.031746031746031744,0.06476190476190476,0.043984764073118444,0.96,0.7,0.8333333333333333,3,3,3,False,2e8c752029cdbe9816943ae5dab5157458ed68cc7700326904d625217d9ac85b
run_fba53a6c8de82c7eda95,TARGET_ONLY_COSINE_PROTOTYPE,3,JOINT_FACTOR_COVERAGE,42,155921,1,21,1050,21,0.09523809523809523,0.07256235827664399,0.10095238095238095,0.07955361733542317,0.961904761904762,0.8,0.8333333333333333,3,3,3,True,b624589da2af87aedbf52952b3d4a97d5cbdd743294a55c3edf717d03c3a88a9
run_7483e81c68fef6d55019,FROZEN_ENCODER_LINEAR_HEAD_ADAPTATION,3,JOINT_FACTOR_COVERAGE,42,155921,1,21,1050,21,0.047619047619047616,0.031746031746031744,0.06476190476190476,0.043984764073118444,0.96,0.7,0.8333333333333333,3,3,3,False,2e8c752029cdbe9816943ae5dab5157458ed68cc7700326904d625217d9ac85b
run_769d532e8bfca7a88457,TARGET_ONLY_COSINE_PROTOTYPE,5,RANDOM_BLOCK,42,155921,1,35,1050,21,0.09523809523809523,0.08163265306122448,0.09238095238095238,0.07810553214452935,0.9638095238095239,0.7,0.775,3,3,5,True,9d5f54298f6ca08394a4f43ce864e0d43beef6d4ef591350aa8461506392cbc1
run_54a3f0d4ac80cc37a82a,FROZEN_ENCODER_LINEAR_HEAD_ADAPTATION,5,RANDOM_BLOCK,42,155921,1,35,1050,21,0.047619047619047616,0.04081632653061224,0.05333333333333334,0.0460916233338008,0.9790476190476192,0.82,0.775,3,3,5,True,c7979ff43af435e81ae863fab37381ce63743b7938ad382fe505a4c2ffe05da9
run_b77d6080a1b39640f924,TARGET_ONLY_COSINE_PROTOTYPE,5,JOINT_FACTOR_COVERAGE,42,155921,1,35,1050,21,0.19047619047619047,0.09740259740259741,0.19047619047619047,0.10522934612368438,0.9619047619047618,0.7,0.8,3,3,5,True,1fea55e35bdaab35523900ddd945bd47b1c8ed83cb32ecb9fc44b08058dec2ba
run_ce81e4d27fea64e671f1,FROZEN_ENCODER_LINEAR_HEAD_ADAPTATION,5,JOINT_FACTOR_COVERAGE,42,155921,1,35,1050,21,0.09523809523809523,0.07142857142857142,0.10380952380952381,0.07987538030911526,0.9542857142857144,0.58,0.8,3,3,5,True,4348592289166ee54b212f3d7783e93704e5ae9f32c192d927cb1b18c3c10bae
run_65ce7cc58cc94c3adf16,TARGET_ONLY_COSINE_PROTOTYPE,1,RANDOM_BLOCK,42,181081,1,7,1050,21,0.14285714285714285,0.1173469387755102,0.14,0.11624713958810069,0.978095238095238,0.7,0.16666666666666666,1,1,1,True,8e69840e550cefc69709e9eaaae114fa9484be528ea680e22df031cab86c4933
run_6f515a2f392c84d63974,FROZEN_ENCODER_LINEAR_HEAD_ADAPTATION,1,RANDOM_BLOCK,42,181081,1,7,1050,21,0.0,0.0,0.023809523809523808,0.0187320394718818,0.9733333333333334,0.7,0.16666666666666666,1,1,1,True,d42d8fc6bb6b214656bcda9a9bd18684ef8d110b858c35b35074621ae351d286
run_b62ef30487647577aa8d,TARGET_ONLY_COSINE_PROTOTYPE,3,RANDOM_BLOCK,42,181081,1,21,1050,21,0.14285714285714285,0.10476190476190476,0.14285714285714285,0.10629859656724681,0.978095238095238,0.82,0.5,2,2,3,True,366e2df7fd6150f010e7d4d749916a5652feb4fd0e56fe6910651ec7e7db14d1
run_e104790e127f090606c3,FROZEN_ENCODER_LINEAR_HEAD_ADAPTATION,3,RANDOM_BLOCK,42,181081,1,21,1050,21,0.047619047619047616,0.031746031746031744,0.06476190476190476,0.041714988783227804,0.9676190476190478,0.7,0.5,2,2,3,False,58c1710efc172556151da6c3dff66a109108e2d51314b5ad1d5271fb564c17b9
run_f43f876d010849e5562a,TARGET_ONLY_COSINE_PROTOTYPE,3,ER_BALANCED,42,181081,1,21,1050,21,0.19047619047619047,0.14025974025974028,0.19047619047619047,0.13915901613726142,0.9647619047619048,0.58,0.6666666666666666,3,2,3,True,b9f36aa535a6aec7b7ba7d96eab6508c4cf4a4e47b0cd3773fcfda8ae2af9b71
run_c16e29d271e208ed801c,FROZEN_ENCODER_LINEAR_HEAD_ADAPTATION,3,ER_BALANCED,42,181081,1,21,1050,21,0.047619047619047616,0.031746031746031744,0.047619047619047616,0.03188775510204082,0.984761904761905,0.8,0.6666666666666666,3,2,3,False,45540880087336cf2ab8b914a292f055bf204061e30a608dcfbd7f34204dd06a
run_755026aca66b81481a36,TARGET_ONLY_COSINE_PROTOTYPE,3,SURFACE_BALANCED,42,181081,1,21,1050,21,0.14285714285714285,0.1090909090909091,0.14,0.11959578435194425,0.9561904761904763,0.64,0.75,2,3,3,True,1210e6668d27729f4451f7c5fb52b754ed946506a3a9b4ad6b5ad508e75fd70f
run_3ca323c71116913174f5,FROZEN_ENCODER_LINEAR_HEAD_ADAPTATION,3,SURFACE_BALANCED,42,181081,1,21,1050,21,0.047619047619047616,0.031746031746031744,0.047619047619047616,0.03188775510204082,0.9619047619047618,0.58,0.75,2,3,3,False,56338050e74e874f7c38c94e6992b268f51f403128826e897c22ebd59783c607
run_379f8fdfc56866009097,TARGET_ONLY_COSINE_PROTOTYPE,3,JOINT_FACTOR_COVERAGE,42,181081,1,21,1050,21,0.09523809523809523,0.07653061224489796,0.09523809523809523,0.0789621003700872,0.959047619047619,0.62,0.8333333333333333,3,3,3,True,4ede50289bf97b4a714eefc12078c0611ee2dbcb1ea00e4eb5c64b2f484b0ee0
run_41dc353d51a0ac5fa224,FROZEN_ENCODER_LINEAR_HEAD_ADAPTATION,3,JOINT_FACTOR_COVERAGE,42,181081,1,21,1050,21,0.047619047619047616,0.025974025974025976,0.06476190476190476,0.038189983589939115,0.9638095238095238,0.7,0.8333333333333333,3,3,3,False,8de37b1d76eaf370cc957066b22d6c724fa915fde1710ee9b6b0d95a62b0478c
run_3472ba78ba12aad6f701,TARGET_ONLY_COSINE_PROTOTYPE,5,RANDOM_BLOCK,42,181081,1,35,1050,21,0.09523809523809523,0.06746031746031746,0.10095238095238095,0.07325565345472394,0.9628571428571429,0.7,0.75,3,3,5,True,e9f1aff6d310751ea2c42a025f8d698d948f6934d2d82a29a62bceffceba971a
run_78cc2fb30ce723924b27,FROZEN_ENCODER_LINEAR_HEAD_ADAPTATION,5,RANDOM_BLOCK,42,181081,1,35,1050,21,0.09523809523809523,0.06462585034013604,0.09714285714285714,0.06711333181921418,0.9752380952380952,0.8,0.75,3,3,5,True,cbde1b91ffe092a2f110dfc2e77cd6a4af14c33e7c4f5118560f6b9a17134ccd
run_d8f45889b621c0c32727,TARGET_ONLY_COSINE_PROTOTYPE,5,JOINT_FACTOR_COVERAGE,42,181081,1,35,1050,21,0.19047619047619047,0.11224489795918367,0.18476190476190477,0.10838782152061681,0.9676190476190476,0.7,0.8,3,3,5,True,8e6a49763c10fb10a198af8712b5d613def65f0ee4d604c5be25ec889b429871
run_b66a9140774cfd6a1881,FROZEN_ENCODER_LINEAR_HEAD_ADAPTATION,5,JOINT_FACTOR_COVERAGE,42,181081,1,35,1050,21,0.09523809523809523,0.08571428571428573,0.10285714285714286,0.09180435678717669,0.961904761904762,0.58,0.8,3,3,5,True,816efe0ec67f5ff930bc1859114d2d4dd4ffba96210f00978ba10a2efce69c2e
run_04eb63efb17be53bccd5,TARGET_ONLY_COSINE_PROTOTYPE,1,RANDOM_BLOCK,42,205439,1,7,1050,21,0.14285714285714285,0.09956709956709957,0.1676190476190476,0.1199171154715184,0.9552380952380953,0.58,0.16666666666666666,1,1,1,True,750b15f5acdc07e661efd8c834b7141fdf9e2026a45f124ec2f0f554b97422a0
run_60954a24a39f84e4e257,FROZEN_ENCODER_LINEAR_HEAD_ADAPTATION,1,RANDOM_BLOCK,42,205439,1,7,1050,21,0.0,0.0,0.025714285714285714,0.01664928205242016,0.9428571428571427,0.52,0.16666666666666666,1,1,1,False,1a0b741d787e27b5a0a5462bcc0ffa92ebe4a8874c82dbe925b0709a2ed7fde7
run_5032cbe3acf0dfc3104a,TARGET_ONLY_COSINE_PROTOTYPE,3,RANDOM_BLOCK,42,205439,1,21,1050,21,0.047619047619047616,0.04081632653061224,0.05904761904761905,0.048677354138785274,0.9695238095238097,0.76,0.6666666666666666,3,2,3,True,ebe039c50edc9e83eb95a10f8eff7c79666c824d3bde3cd973cbfdc2e10f422a
run_f9dd560709b8fdca5fff,FROZEN_ENCODER_LINEAR_HEAD_ADAPTATION,3,RANDOM_BLOCK,42,205439,1,21,1050,21,0.047619047619047616,0.04081632653061224,0.06190476190476191,0.05131902306251792,0.959047619047619,0.76,0.6666666666666666,3,2,3,False,2ae5bc6286f1ec7d7b566d8296cc32661e428c69d2809bf15e16a1e2efc5b249
run_a94ec4d386d9d04517fa,TARGET_ONLY_COSINE_PROTOTYPE,3,ER_BALANCED,42,205439,1,21,1050,21,0.19047619047619047,0.17687074829931973,0.18476190476190477,0.16543006519125217,0.9466666666666667,0.68,0.75,3,2,3,True,6ae6265b03736903c68adce90ac06003727c8119a44a7e656f120173f4c86d03
run_1432dfb130a05c7e019a,FROZEN_ENCODER_LINEAR_HEAD_ADAPTATION,3,ER_BALANCED,42,205439,1,21,1050,21,0.047619047619047616,0.03571428571428571,0.06761904761904762,0.055269109098220755,0.9742857142857143,0.76,0.75,3,2,3,False,ff5914ff3dd7882a7217b69d329b139a488ea9a07b8ebe1cf372212e5aa9354e
run_7d69f1af49d5d6250680,TARGET_ONLY_COSINE_PROTOTYPE,3,SURFACE_BALANCED,42,205439,1,21,1050,21,0.09523809523809523,0.06938775510204082,0.10476190476190476,0.07602829369545293,0.9533333333333334,0.58,0.6666666666666666,2,3,3,True,dcb9cb257c5d22e643fbabb4975fe3e21adb8d09083383db6b661acf24773323
run_4b5a0451668556914020,FROZEN_ENCODER_LINEAR_HEAD_ADAPTATION,3,SURFACE_BALANCED,42,205439,1,21,1050,21,0.047619047619047616,0.04081632653061224,0.06190476190476191,0.05049686750473743,0.9542857142857144,0.56,0.6666666666666666,2,3,3,False,a0e4976b9af8bf3f04243478c24a9ca7c395f542733553d80e74e3e1ee06a217
run_4b3442f39f88e355417a,TARGET_ONLY_COSINE_PROTOTYPE,3,JOINT_FACTOR_COVERAGE,42,205439,1,21,1050,21,0.19047619047619047,0.20476190476190476,0.17142857142857143,0.1825726329844499,0.9647619047619048,0.7,0.8333333333333333,3,3,3,True,617e24ac5f8ea2b2451d9be799d56d69fda88f49db1e8baf926cd10811805c7a
run_1e5c361ac742f42d09ca,FROZEN_ENCODER_LINEAR_HEAD_ADAPTATION,3,JOINT_FACTOR_COVERAGE,42,205439,1,21,1050,21,0.047619047619047616,0.031746031746031744,0.05333333333333334,0.04346050768870437,0.980952380952381,0.8,0.8333333333333333,3,3,3,False,359243a4bfe8cbeab35cb5d3704a7923d30e4cbf78b1e73e0dd0184c738dc55d
run_e40efc119f6ea936cb58,TARGET_ONLY_COSINE_PROTOTYPE,5,RANDOM_BLOCK,42,205439,1,35,1050,21,0.19047619047619047,0.10966810966810966,0.19333333333333333,0.11378579021040261,0.959047619047619,0.58,0.8,3,3,5,True,643c1f3d64e5443469ba13e4e7c6817ae4730afaa0f7b4750999c7e062928b32
run_b4e0cde4b003fa5c0297,FROZEN_ENCODER_LINEAR_HEAD_ADAPTATION,5,RANDOM_BLOCK,42,205439,1,35,1050,21,0.14285714285714285,0.10714285714285714,0.1457142857142857,0.11090254880479403,0.9609523809523811,0.7,0.8,3,3,5,True,9558623db63dd0f13b5198e3bbff2e77d1b2391fa6197d0442739562c90f152e
run_dc9fa31de749b302469c,TARGET_ONLY_COSINE_PROTOTYPE,5,JOINT_FACTOR_COVERAGE,42,205439,1,35,1050,21,0.19047619047619047,0.10966810966810966,0.19333333333333333,0.11378579021040261,0.959047619047619,0.58,0.8,3,3,5,True,643c1f3d64e5443469ba13e4e7c6817ae4730afaa0f7b4750999c7e062928b32
run_f7bb551f43cd1a38f429,FROZEN_ENCODER_LINEAR_HEAD_ADAPTATION,5,JOINT_FACTOR_COVERAGE,42,205439,1,35,1050,21,0.14285714285714285,0.10714285714285714,0.1457142857142857,0.11090254880479403,0.9609523809523811,0.7,0.8,3,3,5,True,9558623db63dd0f13b5198e3bbff2e77d1b2391fa6197d0442739562c90f152e
run_13ae63f2cc23032892bc,FS0_FROZEN_SOURCE_HEAD,0,FS0_FROZEN_SOURCE_HEAD,42,104729,2,0,1050,21,0.19047619047619047,0.11873840445269015,0.19142857142857142,0.12109828254584265,0.9638095238095238,0.7,,,,,True,c5efcdda5d7d736b2b17ff59a7b979e2e861026f02fe289529b67c0f216f2be3
run_7c3571a2fb27c807bae6,FS0_FROZEN_SOURCE_HEAD,0,FS0_FROZEN_SOURCE_HEAD,42,130363,2,0,1050,21,0.19047619047619047,0.11873840445269015,0.19142857142857142,0.12109828254584265,0.9638095238095238,0.7,,,,,True,c5efcdda5d7d736b2b17ff59a7b979e2e861026f02fe289529b67c0f216f2be3
run_73d701ea75ed60103ef1,FS0_FROZEN_SOURCE_HEAD,0,FS0_FROZEN_SOURCE_HEAD,42,155921,2,0,1050,21,0.19047619047619047,0.11873840445269015,0.19142857142857142,0.12109828254584265,0.9638095238095238,0.7,,,,,True,c5efcdda5d7d736b2b17ff59a7b979e2e861026f02fe289529b67c0f216f2be3
run_35a86e2dae92bfe79afc,FS0_FROZEN_SOURCE_HEAD,0,FS0_FROZEN_SOURCE_HEAD,42,181081,2,0,1050,21,0.19047619047619047,0.11873840445269015,0.19142857142857142,0.12109828254584265,0.9638095238095238,0.7,,,,,True,c5efcdda5d7d736b2b17ff59a7b979e2e861026f02fe289529b67c0f216f2be3
run_c70f6d1ab2d8ec166c63,FS0_FROZEN_SOURCE_HEAD,0,FS0_FROZEN_SOURCE_HEAD,42,205439,2,0,1050,21,0.19047619047619047,0.11873840445269015,0.19142857142857142,0.12109828254584265,0.9638095238095238,0.7,,,,,True,c5efcdda5d7d736b2b17ff59a7b979e2e861026f02fe289529b67c0f216f2be3
run_cef304b2f7d2730f5d52,TARGET_ONLY_COSINE_PROTOTYPE,1,RANDOM_BLOCK,42,104729,2,7,1050,21,0.23809523809523808,0.20748299319727895,0.24,0.20919146676328967,0.9676190476190476,0.64,0.16666666666666666,1,1,1,True,9192a061f373d3930820a089574bb7a08544eef91c49f70907557bacb6494389
run_61e4bf35ecfdd00aa0ca,FROZEN_ENCODER_LINEAR_HEAD_ADAPTATION,1,RANDOM_BLOCK,42,104729,2,7,1050,21,0.2857142857142857,0.2959183673469387,0.28285714285714286,0.2934035652576536,0.9638095238095238,0.7,0.16666666666666666,1,1,1,True,4e0531823a1744b960fba0c53adb49bae29204edea20997ec4afe50aba9635c7
run_ad2429adc7cca8a3bfcb,TARGET_ONLY_COSINE_PROTOTYPE,3,RANDOM_BLOCK,42,104729,2,21,1050,21,0.19047619047619047,0.17687074829931973,0.20666666666666667,0.19451614585983185,0.9571428571428572,0.7,0.6666666666666666,2,3,3,True,714fbdff543030221323ab3d8e8939a5055b21eb05be90eba9e3052f7a66f348
run_1dbb4b3e363a0bb8fb98,FROZEN_ENCODER_LINEAR_HEAD_ADAPTATION,3,RANDOM_BLOCK,42,104729,2,21,1050,21,0.14285714285714285,0.12414965986394556,0.1657142857142857,0.1568241033547761,0.9504761904761905,0.7,0.6666666666666666,2,3,3,False,8142283372d44accf63cc58423c34a65d63534eb6831238a69f2156ecc59079e
run_a595ba85b3a0dc7ea629,TARGET_ONLY_COSINE_PROTOTYPE,3,ER_BALANCED,42,104729,2,21,1050,21,0.19047619047619047,0.17732426303854876,0.18476190476190477,0.17369083216381323,0.9495238095238094,0.7,0.75,3,2,3,True,8ae443c3c3b29de5515a742699be8bfe9ee723edf9833113c21dc1cbca831bd6
run_d4c77f4fa4e8072e199e,FROZEN_ENCODER_LINEAR_HEAD_ADAPTATION,3,ER_BALANCED,42,104729,2,21,1050,21,0.14285714285714285,0.1336734693877551,0.13904761904761906,0.12458818184934671,0.9485714285714286,0.64,0.75,3,2,3,False,c07206eb9988947548dc1f58b4fb139f01842b8408d25aa3f22248e9887e5756
run_96ed6078329658f82276,TARGET_ONLY_COSINE_PROTOTYPE,3,SURFACE_BALANCED,42,104729,2,21,1050,21,0.09523809523809523,0.09523809523809523,0.10952380952380952,0.11130414235585435,0.9571428571428572,0.82,0.75,2,3,3,True,5b8cc86bd46fd49dc0ff5ecb36d3c42472727aa6f90acfc5588f466f205e3064
run_04482bddafd4aff66eda,FROZEN_ENCODER_LINEAR_HEAD_ADAPTATION,3,SURFACE_BALANCED,42,104729,2,21,1050,21,0.2857142857142857,0.3003401360544218,0.2819047619047619,0.2911586532881654,0.96,0.64,0.75,2,3,3,False,5d2918c5c7e00d1ce95db6aeb72ba2e2297a09cf4f8ca1568b44a882ef3796ab
run_87980f12fe4af7c2b7bf,TARGET_ONLY_COSINE_PROTOTYPE,3,JOINT_FACTOR_COVERAGE,42,104729,2,21,1050,21,0.14285714285714285,0.08843537414965986,0.12761904761904763,0.08018321335048677,0.9485714285714286,0.64,0.8333333333333333,3,3,3,True,0fa8f2bf8fefa721fd34c4180786c7793f15b18a2827e140a409b0c1359ff29d
run_976fff8fcfa499588d03,FROZEN_ENCODER_LINEAR_HEAD_ADAPTATION,3,JOINT_FACTOR_COVERAGE,42,104729,2,21,1050,21,0.19047619047619047,0.1953617810760668,0.19333333333333333,0.19774869367201922,0.9561904761904763,0.64,0.8333333333333333,3,3,3,False,6365bf257fd141a1908de1f92583beb8527f42eb262e858b42dd71a1cc889bd8
run_0a03957da64cf7f8a87e,TARGET_ONLY_COSINE_PROTOTYPE,5,RANDOM_BLOCK,42,104729,2,35,1050,21,0.0,0.0,0.0,0.0,0.9466666666666667,0.6,0.8,3,3,5,True,28725a38b2412530bec0541037ff38c39a59121cd497e8d832e053e96bf75552
run_4fa99b7a35507b40d4ca,FROZEN_ENCODER_LINEAR_HEAD_ADAPTATION,5,RANDOM_BLOCK,42,104729,2,35,1050,21,0.14285714285714285,0.15238095238095237,0.13904761904761906,0.1538104126768644,0.959047619047619,0.7,0.8,3,3,5,True,7beccd54df77d0b05de3dde489480d900b936c2a72ba5824b8fe92f6d1c84d8e
run_f3c2f42e46457952e5f7,TARGET_ONLY_COSINE_PROTOTYPE,5,JOINT_FACTOR_COVERAGE,42,104729,2,35,1050,21,0.0,0.0,0.0,0.0,0.9466666666666667,0.6,0.8,3,3,5,True,28725a38b2412530bec0541037ff38c39a59121cd497e8d832e053e96bf75552
run_fe2a7f6c1ca581fe7350,FROZEN_ENCODER_LINEAR_HEAD_ADAPTATION,5,JOINT_FACTOR_COVERAGE,42,104729,2,35,1050,21,0.14285714285714285,0.15238095238095237,0.13904761904761906,0.1538104126768644,0.959047619047619,0.7,0.8,3,3,5,True,7beccd54df77d0b05de3dde489480d900b936c2a72ba5824b8fe92f6d1c84d8e
run_b0abd5e84c9b7ff24c9f,TARGET_ONLY_COSINE_PROTOTYPE,1,RANDOM_BLOCK,42,130363,2,7,1050,21,0.09523809523809523,0.06168831168831169,0.10095238095238095,0.06517387369422159,0.9676190476190478,0.8,0.16666666666666666,1,1,1,True,157cd92b651aa75b7cc771cbc54edebd8b02368ceb20e2ade18a2f07c3a28fa6
run_fa8d0964d1400a883061,FROZEN_ENCODER_LINEAR_HEAD_ADAPTATION,1,RANDOM_BLOCK,42,130363,2,7,1050,21,0.2857142857142857,0.20907029478458047,0.29619047619047617,0.2324436665400291,0.9523809523809523,0.7,0.16666666666666666,1,1,1,True,7a93c2d3d58653b4c8b3074566c5a7caf19628d646be72e898526fbb1780fc36
run_0a62763367d30d281aae,TARGET_ONLY_COSINE_PROTOTYPE,3,RANDOM_BLOCK,42,130363,2,21,1050,21,0.0,0.0,0.022857142857142857,0.021287233428840643,0.9333333333333333,0.58,0.75,2,3,3,True,febfa0e098679a6626ba9acf34f94b3a1d08fde422d8fd5e5560e6ce3dfeae37
run_fa9c2e558e8edaadb650,FROZEN_ENCODER_LINEAR_HEAD_ADAPTATION,3,RANDOM_BLOCK,42,130363,2,21,1050,21,0.23809523809523808,0.2510204081632653,0.2342857142857143,0.23923658352229782,0.9580952380952381,0.64,0.75,2,3,3,False,f53fdc014158306931f0e8ba479a1ba3d971822917650685eb083abe8b591a4f
run_42227a11b2c1e72a7940,TARGET_ONLY_COSINE_PROTOTYPE,3,ER_BALANCED,42,130363,2,21,1050,21,0.0,0.0,0.0038095238095238095,0.005027444503813086,0.9647619047619048,0.8,0.6666666666666666,3,2,3,True,ae7b3623205ec035223802094dbbbe3a74e57fd477db0c237e5877d13843cad6
run_6a463f958878ed7c6bae,FROZEN_ENCODER_LINEAR_HEAD_ADAPTATION,3,ER_BALANCED,42,130363,2,21,1050,21,0.14285714285714285,0.12414965986394556,0.14285714285714285,0.12419598900223658,0.959047619047619,0.64,0.6666666666666666,3,2,3,False,8411c8ab287d2d49dac7cf6dd90d043f716f52b0951ccdd9cee194e5313c7694
run_e1f823c20b3c2214001b,TARGET_ONLY_COSINE_PROTOTYPE,3,SURFACE_BALANCED,42,130363,2,21,1050,21,0.14285714285714285,0.09795918367346938,0.13904761904761906,0.09536490594872295,0.9676190476190476,0.78,0.6666666666666666,2,3,3,True,fb60624e3c9618e39a33b9cb15b746fee4dd6b1bacf84fdac8f490274ea43569
run_70b29cd688e89884df53,FROZEN_ENCODER_LINEAR_HEAD_ADAPTATION,3,SURFACE_BALANCED,42,130363,2,21,1050,21,0.19047619047619047,0.15476190476190474,0.1761904761904762,0.14391715460380913,0.9552380952380953,0.76,0.6666666666666666,2,3,3,False,178f3548608d0b86d621c376613daddc8aa9b02533448ca25b771e1f444d3e1f
run_dbc10ce9c1e26489e1f2,TARGET_ONLY_COSINE_PROTOTYPE,3,JOINT_FACTOR_COVERAGE,42,130363,2,21,1050,21,0.09523809523809523,0.06349206349206349,0.08476190476190476,0.05913621262458472,0.9504761904761907,0.6,0.8333333333333333,3,3,3,True,94f7aa2aca8467d1d4f82b4dbeff7917f827e5b408b6daea64b8f26cd63b4fa2
run_d70124c41ae59092cfb5,FROZEN_ENCODER_LINEAR_HEAD_ADAPTATION,3,JOINT_FACTOR_COVERAGE,42,130363,2,21,1050,21,0.14285714285714285,0.11904761904761904,0.14,0.11535411992149155,0.9580952380952381,0.64,0.8333333333333333,3,3,3,False,bc0aef5db520fc855761407401826e1ba16a7617435ab3b638dbdf3d75c9e06d
run_b7401ba51235ae66b374,TARGET_ONLY_COSINE_PROTOTYPE,5,RANDOM_BLOCK,42,130363,2,35,1050,21,0.0,0.0,0.0,0.0,0.96,0.76,0.8,3,3,5,True,892d22b438ad4f7df1b92c9777243780ba5c3288acc9c2869504cc67f2684130
run_8beba1ff22bf5e70758b,FROZEN_ENCODER_LINEAR_HEAD_ADAPTATION,5,RANDOM_BLOCK,42,130363,2,35,1050,21,0.14285714285714285,0.15238095238095237,0.13904761904761906,0.15179140206144776,0.9352380952380953,0.54,0.8,3,3,5,True,018510b4517ae51f731f846e50548576ff9f150a455113cfaee18aa07e0d685c
run_571cc4f3e6a5c6e2dc54,TARGET_ONLY_COSINE_PROTOTYPE,5,JOINT_FACTOR_COVERAGE,42,130363,2,35,1050,21,0.0,0.0,0.0,0.0,0.96,0.76,0.8,3,3,5,True,892d22b438ad4f7df1b92c9777243780ba5c3288acc9c2869504cc67f2684130
run_8760deafaf22446a0354,FROZEN_ENCODER_LINEAR_HEAD_ADAPTATION,5,JOINT_FACTOR_COVERAGE,42,130363,2,35,1050,21,0.14285714285714285,0.15238095238095237,0.13904761904761906,0.15179140206144776,0.9352380952380953,0.54,0.8,3,3,5,True,018510b4517ae51f731f846e50548576ff9f150a455113cfaee18aa07e0d685c
run_73a678734f25ab0b4cf5,TARGET_ONLY_COSINE_PROTOTYPE,1,RANDOM_BLOCK,42,155921,2,7,1050,21,0.14285714285714285,0.09999999999999999,0.13428571428571429,0.09495902625881834,0.9742857142857143,0.86,0.16666666666666666,1,1,1,True,7000306b4e75acd9d3ca034b75c1a9a458dc589c9f11dbc03e83d3a117dac27c
run_d30e25afe1a5d6104fb9,FROZEN_ENCODER_LINEAR_HEAD_ADAPTATION,1,RANDOM_BLOCK,42,155921,2,7,1050,21,0.14285714285714285,0.11883116883116883,0.1419047619047619,0.1181539142565786,0.959047619047619,0.7,0.16666666666666666,1,1,1,True,4fac6cf4e58017b1f07719102d8b41ce3d2e751365c4be3081136b06e7537a52
run_294bf08d6b0d3badf747,TARGET_ONLY_COSINE_PROTOTYPE,3,RANDOM_BLOCK,42,155921,2,21,1050,21,0.19047619047619047,0.2214285714285714,0.1761904761904762,0.2002901426199855,0.96,0.7,0.6666666666666666,3,2,3,True,085350f01beca7bdaa00c079a5fd1a5a9dff17dc03c700d6a56717f993222e5d
run_1b8ecf90da427fe8cdb2,FROZEN_ENCODER_LINEAR_HEAD_ADAPTATION,3,RANDOM_BLOCK,42,155921,2,21,1050,21,0.2857142857142857,0.29795918367346935,0.26571428571428574,0.2691845016767121,0.9352380952380953,0.64,0.6666666666666666,3,2,3,False,dd028a07607fd8f13cbaa670c0fb1fe6b98975da7da70b1f0203dd78f18de8d8
run_97873ff5090de166f00b,TARGET_ONLY_COSINE_PROTOTYPE,3,ER_BALANCED,42,155921,2,21,1050,21,0.0,0.0,0.0038095238095238095,0.005020346247381474,0.9685714285714285,0.8,0.6666666666666666,3,2,3,True,a10c0f8db66a1f243935ed489391561837cc75b2f37ac55ba26ac60886b61ff9
run_24ce8feb1973b83d2521,FROZEN_ENCODER_LINEAR_HEAD_ADAPTATION,3,ER_BALANCED,42,155921,2,21,1050,21,0.14285714285714285,0.12414965986394556,0.1457142857142857,0.12689228989641457,0.9619047619047618,0.64,0.6666666666666666,3,2,3,False,9ec01dd1f02f74668de95da39f600fb21cf9c519cfd85f047b5037222035f39a
run_afe816666fe59c0081a3,TARGET_ONLY_COSINE_PROTOTYPE,3,SURFACE_BALANCED,42,155921,2,21,1050,21,0.09523809523809523,0.10476190476190476,0.09904761904761905,0.10633209382157298,0.9476190476190476,0.72,0.6666666666666666,2,3,3,True,71545e54c1048b77bd355271242de1b37ca6be2f5164ec482044145800d181b6
run_347b9b3707237ef53dc4,FROZEN_ENCODER_LINEAR_HEAD_ADAPTATION,3,SURFACE_BALANCED,42,155921,2,21,1050,21,0.14285714285714285,0.1336734693877551,0.14857142857142858,0.13571500060535022,0.9219047619047619,0.5,0.6666666666666666,2,3,3,False,72b18fde36153c61b6333e42991922f7281f79da2394c31d13bfd110fe3e2ed2
run_abe3dfeac22acc801d79,TARGET_ONLY_COSINE_PROTOTYPE,3,JOINT_FACTOR_COVERAGE,42,155921,2,21,1050,21,0.09523809523809523,0.06349206349206349,0.08476190476190476,0.05727155727155727,0.9638095238095239,0.8,0.8333333333333333,3,3,3,True,b61aadf49d1e6e7fe6b2ac3248c01af3b3da3d867a95ca7d32906f312a4be8b8
run_3e34c0d498eae38895d3,FROZEN_ENCODER_LINEAR_HEAD_ADAPTATION,3,JOINT_FACTOR_COVERAGE,42,155921,2,21,1050,21,0.14285714285714285,0.11904761904761904,0.14,0.11535411992149155,0.9580952380952381,0.64,0.8333333333333333,3,3,3,False,bc0aef5db520fc855761407401826e1ba16a7617435ab3b638dbdf3d75c9e06d
run_8c9a14364fe0daa79bdf,TARGET_ONLY_COSINE_PROTOTYPE,5,RANDOM_BLOCK,42,155921,2,35,1050,21,0.14285714285714285,0.08333333333333333,0.13523809523809524,0.08348776091784978,0.9561904761904763,0.7,0.75,3,3,5,True,6a3b4293cb4cb8a786e7e5e941fa34079088a2815d3efe5961e4098ec62e048d
run_b20fca6d88edd0ce855c,FROZEN_ENCODER_LINEAR_HEAD_ADAPTATION,5,RANDOM_BLOCK,42,155921,2,35,1050,21,0.19047619047619047,0.195578231292517,0.1761904761904762,0.17984321244970264,0.96,0.76,0.75,3,3,5,True,2852f05cc7f6de5595bad62c345d4e4a3fb5f2381fd3364994fcd7892793a15d
run_eb467dfc541954c43dcc,TARGET_ONLY_COSINE_PROTOTYPE,5,JOINT_FACTOR_COVERAGE,42,155921,2,35,1050,21,0.0,0.0,0.0,0.0,0.9523809523809523,0.68,0.8,3,3,5,True,34ffad95f1a5c96cc22e12d044030fdd350bdf4ea9074f1e10f023b74978ffa9
run_4d897e46809758b77109,FROZEN_ENCODER_LINEAR_HEAD_ADAPTATION,5,JOINT_FACTOR_COVERAGE,42,155921,2,35,1050,21,0.14285714285714285,0.15238095238095237,0.13904761904761906,0.15179140206144776,0.9504761904761905,0.7,0.8,3,3,5,True,f838330c17e43383cdda16bf325a2616e6d038bb48d852327b9b5e3219f29ae2
run_81123f2933c80c76f09e,TARGET_ONLY_COSINE_PROTOTYPE,1,RANDOM_BLOCK,42,181081,2,7,1050,21,0.23809523809523808,0.17777777777777778,0.2276190476190476,0.17162229834055262,0.96,0.8,0.16666666666666666,1,1,1,True,8254496f01d2f4a5b47f82e0c94048c4613766fc7124e0dc8e947e003d4629ce
run_bd161ad30c498c6f6e16,FROZEN_ENCODER_LINEAR_HEAD_ADAPTATION,1,RANDOM_BLOCK,42,181081,2,7,1050,21,0.047619047619047616,0.023809523809523808,0.049523809523809526,0.0309840657234547,0.9619047619047618,0.7,0.16666666666666666,1,1,1,False,7176499d4891085cb10cede0183617647a71df5905494236da2052123bd27305
run_4484db7d1596aabfd830,TARGET_ONLY_COSINE_PROTOTYPE,3,RANDOM_BLOCK,42,181081,2,21,1050,21,0.19047619047619047,0.1761904761904762,0.18476190476190477,0.17218855277159226,0.9361904761904762,0.42,0.75,3,2,3,True,f235ed9e6b345b4735c5effadd507455bd0d351c84db95ae3b21b88836fcfb72
run_888e0d73d9cb8b3e5d5b,FROZEN_ENCODER_LINEAR_HEAD_ADAPTATION,3,RANDOM_BLOCK,42,181081,2,21,1050,21,0.14285714285714285,0.1336734693877551,0.13904761904761906,0.12458818184934671,0.9485714285714286,0.64,0.75,3,2,3,False,c07206eb9988947548dc1f58b4fb139f01842b8408d25aa3f22248e9887e5756
run_858f7b180632798ec2a3,TARGET_ONLY_COSINE_PROTOTYPE,3,ER_BALANCED,42,181081,2,21,1050,21,0.14285714285714285,0.1082766439909297,0.13333333333333333,0.10120149057861548,0.9761904761904762,0.8,0.6666666666666666,3,2,3,True,b71924fc29295d0241461522859b5f0bd9b508daf00656cd5803c29937c42ea2
run_4ba7253d222f5075a958,FROZEN_ENCODER_LINEAR_HEAD_ADAPTATION,3,ER_BALANCED,42,181081,2,21,1050,21,0.19047619047619047,0.14047619047619048,0.19047619047619047,0.1402037823352537,0.9609523809523809,0.64,0.6666666666666666,3,2,3,False,f227d3fa412ccbbe9fa322a6755707612fae0763053d83ff4556ca234b24ce24
run_58889bd85b0190efcec5,TARGET_ONLY_COSINE_PROTOTYPE,3,SURFACE_BALANCED,42,181081,2,21,1050,21,0.14285714285714285,0.15476190476190474,0.14,0.14829858628087353,0.959047619047619,0.64,0.75,2,3,3,True,7404cdfec8af13d5831d8d16a9b2a2510fc336ac2ddd951a2f0b97c21467fe8a
run_176afdda5464edfaf92c,FROZEN_ENCODER_LINEAR_HEAD_ADAPTATION,3,SURFACE_BALANCED,42,181081,2,21,1050,21,0.23809523809523808,0.19752628324056895,0.23523809523809525,0.1939584927474564,0.9571428571428572,0.64,0.75,2,3,3,False,7bddedbc904491c156072554b81096141483d3cf93d016533e9cfa8fee4872e5
run_16b1dfd4e0bcc6fa4f60,TARGET_ONLY_COSINE_PROTOTYPE,3,JOINT_FACTOR_COVERAGE,42,181081,2,21,1050,21,0.19047619047619047,0.14002267573696145,0.17809523809523808,0.13212952606818046,0.9714285714285713,0.8,0.8333333333333333,3,3,3,True,786f3ea3a1b69a9927130da0bdac83b28d0d0d18bb521f995289e1ddf4d18d25
run_17bf47d1e0e4cbd2e1ff,FROZEN_ENCODER_LINEAR_HEAD_ADAPTATION,3,JOINT_FACTOR_COVERAGE,42,181081,2,21,1050,21,0.14285714285714285,0.12414965986394558,0.14,0.11987534560506143,0.9580952380952381,0.64,0.8333333333333333,3,3,3,False,d8e6d668a73ffcc5f3f14c2ff116671decbbe26c8148c4dcf839c4aa932ead8e
run_1ad426bc6966b5826693,TARGET_ONLY_COSINE_PROTOTYPE,5,RANDOM_BLOCK,42,181081,2,35,1050,21,0.047619047619047616,0.023809523809523808,0.04380952380952381,0.022126022126022125,0.9761904761904762,0.86,0.775,3,3,5,True,1dded00212831b6e180b3fa103c2563bf0ce86ee9b065ffc1e3c76778255a382
run_782e01f7bc272837ca5a,FROZEN_ENCODER_LINEAR_HEAD_ADAPTATION,5,RANDOM_BLOCK,42,181081,2,35,1050,21,0.047619047619047616,0.047619047619047616,0.054285714285714284,0.05484294858430957,0.9466666666666668,0.62,0.775,3,3,5,True,f574e21cd5662b4fd423263f997f814695179545070dad9159cd123b1f269b92
run_cbef571423a241b8c8c7,TARGET_ONLY_COSINE_PROTOTYPE,5,JOINT_FACTOR_COVERAGE,42,181081,2,35,1050,21,0.0,0.0,0.002857142857142857,0.003428571428571429,0.962857142857143,0.76,0.8,3,3,5,True,983def65c340a71aa606bb84ae94f3cf754010bdca590711b5dc15dd3aceeaf7
run_b94eed1faf00cc549c75,FROZEN_ENCODER_LINEAR_HEAD_ADAPTATION,5,JOINT_FACTOR_COVERAGE,42,181081,2,35,1050,21,0.14285714285714285,0.12925170068027209,0.1419047619047619,0.13180359394940364,0.9561904761904763,0.7,0.8,3,3,5,True,c72e73eeb2de2bcde082c54aff8404f7e6dc17755f3f08bb313949d28f5d1031
run_93b5e9fb107158db7788,TARGET_ONLY_COSINE_PROTOTYPE,1,RANDOM_BLOCK,42,205439,2,7,1050,21,0.23809523809523808,0.17777777777777778,0.2276190476190476,0.17162229834055262,0.96,0.8,0.16666666666666666,1,1,1,True,8254496f01d2f4a5b47f82e0c94048c4613766fc7124e0dc8e947e003d4629ce
run_c223621ee9a91db446c6,FROZEN_ENCODER_LINEAR_HEAD_ADAPTATION,1,RANDOM_BLOCK,42,205439,2,7,1050,21,0.047619047619047616,0.023809523809523808,0.049523809523809526,0.0309840657234547,0.9619047619047618,0.7,0.16666666666666666,1,1,1,False,7176499d4891085cb10cede0183617647a71df5905494236da2052123bd27305
run_845e1578efbce3aa30ad,TARGET_ONLY_COSINE_PROTOTYPE,3,RANDOM_BLOCK,42,205439,2,21,1050,21,0.09523809523809523,0.05215419501133787,0.09142857142857143,0.05205609460062046,0.9609523809523809,0.7,0.5,2,2,3,True,e45289a09c973ef1bfde31988c6193af2e690bf1c328bcc6b8a9fbd8f3bfacdf
run_7dc22ddba6510325f171,FROZEN_ENCODER_LINEAR_HEAD_ADAPTATION,3,RANDOM_BLOCK,42,205439,2,21,1050,21,0.09523809523809523,0.09795918367346938,0.11333333333333333,0.11337345294531709,0.9190476190476191,0.5,0.5,2,2,3,False,aa90c03766c3cff87046cfdd0039994a9006f287202dcdd30de12a1560aee27c
run_23cda7e222e7e80a1c57,TARGET_ONLY_COSINE_PROTOTYPE,3,ER_BALANCED,42,205439,2,21,1050,21,0.09523809523809523,0.04395604395604396,0.09523809523809523,0.044347951946736144,0.9676190476190476,0.74,0.6666666666666666,3,2,3,True,6e24071f1bb1549672fcf2d917d910d6573c21b9b0bea48c44f0bbda520461fd
run_ab5bfcda9ab217879900,FROZEN_ENCODER_LINEAR_HEAD_ADAPTATION,3,ER_BALANCED,42,205439,2,21,1050,21,0.19047619047619047,0.1984126984126984,0.18666666666666668,0.18605485145942685,0.96,0.64,0.6666666666666666,3,2,3,False,d2545f687cf7b6907ef58bd05d17c3865f8811900d705416d0fc28dd262161e4
run_c1908911bd9406a93471,TARGET_ONLY_COSINE_PROTOTYPE,3,SURFACE_BALANCED,42,205439,2,21,1050,21,0.047619047619047616,0.02040816326530612,0.04380952380952381,0.019075264358283224,0.9695238095238097,0.8,0.6666666666666666,2,3,3,True,ec6869605b51d5ddee77d756e47386f8badd803cef603a5d6d7f4d3729007eda
run_c3b000ce7fd333065280,FROZEN_ENCODER_LINEAR_HEAD_ADAPTATION,3,SURFACE_BALANCED,42,205439,2,21,1050,21,0.14285714285714285,0.1173469387755102,0.14,0.11563604887360761,0.9409523809523809,0.64,0.6666666666666666,2,3,3,False,c890d0a69f0fa3ee058c5aae328f704de3a4e1502b53d9c4beb16bf4ef6b9263
run_9bbcb8d56ee37fe00f12,TARGET_ONLY_COSINE_PROTOTYPE,3,JOINT_FACTOR_COVERAGE,42,205439,2,21,1050,21,0.14285714285714285,0.08843537414965986,0.14761904761904762,0.10100150850343716,0.9514285714285714,0.64,0.8333333333333333,3,3,3,True,dd9e8e3999e2c164494fcb00c0f84fb357ff66fd5d8d94ada7b88285969196a3
run_21801c2ed3ec09cb61fd,FROZEN_ENCODER_LINEAR_HEAD_ADAPTATION,3,JOINT_FACTOR_COVERAGE,42,205439,2,21,1050,21,0.19047619047619047,0.1953617810760668,0.19238095238095237,0.19670594080444884,0.9561904761904763,0.64,0.8333333333333333,3,3,3,False,653965c8c1467eceea5364eae9afc0257cb02dffc18d7235765f5c5a8eadf06f
run_4b4e8c67fea5aaac1646,TARGET_ONLY_COSINE_PROTOTYPE,5,RANDOM_BLOCK,42,205439,2,35,1050,21,0.09523809523809523,0.05952380952380952,0.09238095238095238,0.05983822364603906,0.9676190476190476,0.8,0.775,3,3,5,True,a38866eaaaec0eca6a534cfe6dc5dfa1639bf3eacec41befd784a7392a3afbad
run_527fef179d318857e517,FROZEN_ENCODER_LINEAR_HEAD_ADAPTATION,5,RANDOM_BLOCK,42,205439,2,35,1050,21,0.047619047619047616,0.031746031746031744,0.05333333333333334,0.043236673033512765,0.9657142857142857,0.8,0.775,3,3,5,True,e361dc38218f8891fbea376225dc7566341437aa7099a54c2ccbb4c72e6ca954
run_a44a438df20978201fe9,TARGET_ONLY_COSINE_PROTOTYPE,5,JOINT_FACTOR_COVERAGE,42,205439,2,35,1050,21,0.0,0.0,0.0,0.0,0.9361904761904762,0.64,0.8,3,3,5,True,392acb1302c0b6d9abecc49d8bc291299b6a4ff6243c7031ff8f2d02b0747949
run_de306c50aa8939917881,FROZEN_ENCODER_LINEAR_HEAD_ADAPTATION,5,JOINT_FACTOR_COVERAGE,42,205439,2,35,1050,21,0.14285714285714285,0.15238095238095237,0.13904761904761906,0.15179140206144776,0.9561904761904763,0.7,0.8,3,3,5,True,9c7e0ef19cc0042fd6c2d188ea474aa73693412bb5738d5b2fcf54266024a123
run_7cff9cfbb1dcab676bb7,FS0_FROZEN_SOURCE_HEAD,0,FS0_FROZEN_SOURCE_HEAD,43,104729,0,0,1050,21,0.23809523809523808,0.15408163265306124,0.2342857142857143,0.15463478169969846,0.9847619047619047,0.92,,,,,True,25f55844988d2b8158c960482661993e13fded44822c08ea536011df3c5aea56
run_8c188f2d02f4370f2eca,FS0_FROZEN_SOURCE_HEAD,0,FS0_FROZEN_SOURCE_HEAD,43,130363,0,0,1050,21,0.23809523809523808,0.15408163265306124,0.2342857142857143,0.15463478169969846,0.9847619047619047,0.92,,,,,True,25f55844988d2b8158c960482661993e13fded44822c08ea536011df3c5aea56
run_fa901b87cd3496c5366a,FS0_FROZEN_SOURCE_HEAD,0,FS0_FROZEN_SOURCE_HEAD,43,155921,0,0,1050,21,0.23809523809523808,0.15408163265306124,0.2342857142857143,0.15463478169969846,0.9847619047619047,0.92,,,,,True,25f55844988d2b8158c960482661993e13fded44822c08ea536011df3c5aea56
run_c7e72259a60b0f8f4d25,FS0_FROZEN_SOURCE_HEAD,0,FS0_FROZEN_SOURCE_HEAD,43,181081,0,0,1050,21,0.23809523809523808,0.15408163265306124,0.2342857142857143,0.15463478169969846,0.9847619047619047,0.92,,,,,True,25f55844988d2b8158c960482661993e13fded44822c08ea536011df3c5aea56
run_8b5daaa9fad03ae82740,FS0_FROZEN_SOURCE_HEAD,0,FS0_FROZEN_SOURCE_HEAD,43,205439,0,0,1050,21,0.23809523809523808,0.15408163265306124,0.2342857142857143,0.15463478169969846,0.9847619047619047,0.92,,,,,True,25f55844988d2b8158c960482661993e13fded44822c08ea536011df3c5aea56
run_2f5002b7f17c51cf62fd,TARGET_ONLY_COSINE_PROTOTYPE,1,RANDOM_BLOCK,43,104729,0,7,1050,21,0.14285714285714285,0.09999999999999999,0.14285714285714285,0.1002308611779054,0.9923809523809524,0.94,0.16666666666666666,1,1,1,True,926aabef64a0b14d8faeb3d6dcc2b42b72a74885703bffa882ca0883cf993e33
run_4f2408375807984b0eb7,FROZEN_ENCODER_LINEAR_HEAD_ADAPTATION,1,RANDOM_BLOCK,43,104729,0,7,1050,21,0.19047619047619047,0.15816326530612246,0.18761904761904763,0.1553295013117569,0.9790476190476189,0.88,0.16666666666666666,1,1,1,True,f94c3a6adc64c663ca96db0cc47e95e4ee6b16a3b8519b15905fbbd5d0088f3e
run_6ad6cac9cb7ab264ad13,TARGET_ONLY_COSINE_PROTOTYPE,3,RANDOM_BLOCK,43,104729,0,21,1050,21,0.2857142857142857,0.24943310657596368,0.2819047619047619,0.24546074055632136,0.9800000000000001,0.84,0.6666666666666666,3,2,3,True,e1d88ca5515bf2d783e74432fee95e2644f5d3c4f213b85ee7d340995a910e88
run_43cc35177ee629832e05,FROZEN_ENCODER_LINEAR_HEAD_ADAPTATION,3,RANDOM_BLOCK,43,104729,0,21,1050,21,0.14285714285714285,0.1201814058956916,0.14761904761904762,0.12657497894256528,0.9514285714285714,0.5,0.6666666666666666,3,2,3,False,4c253c88f4c3c6d675069acdf8e7e0119ff88905b0f7d7afee2a145d3e0374fc
run_0b10ef3be3952206bb41,TARGET_ONLY_COSINE_PROTOTYPE,3,ER_BALANCED,43,104729,0,21,1050,21,0.09523809523809523,0.08843537414965986,0.10095238095238095,0.09302865203062383,0.9847619047619047,0.88,0.8333333333333333,3,3,3,True,ef3e701d83e891fb52a0ecd96d498aa48a267cdca00ea9e04989c57cf1d37c22
run_3d5d4a11247807177234,FROZEN_ENCODER_LINEAR_HEAD_ADAPTATION,3,ER_BALANCED,43,104729,0,21,1050,21,0.14285714285714285,0.13877551020408163,0.1419047619047619,0.13681981426394835,0.9838095238095238,0.88,0.8333333333333333,3,3,3,False,49a653558f376fdfdea5b85c30542b7ffac03493c2654fa38f7b32429cdff492
run_00024a65f6cff5927b34,TARGET_ONLY_COSINE_PROTOTYPE,3,SURFACE_BALANCED,43,104729,0,21,1050,21,0.047619047619047616,0.025974025974025976,0.05333333333333334,0.03450275406612456,0.9666666666666667,0.8,0.6666666666666666,2,3,3,True,828fb3e972d33f6c60840b9505e769c086a8c6798a99161b06e516b0af3cada3
run_5c018cec56d6a90e5fe2,FROZEN_ENCODER_LINEAR_HEAD_ADAPTATION,3,SURFACE_BALANCED,43,104729,0,21,1050,21,0.14285714285714285,0.1388888888888889,0.14,0.1364952422871604,0.9638095238095238,0.74,0.6666666666666666,2,3,3,False,de8247546db24db179298356abb574597abfd34ac9946981c0002f5c885cd51e
run_7fa1d3d8e201961d3460,TARGET_ONLY_COSINE_PROTOTYPE,3,JOINT_FACTOR_COVERAGE,43,104729,0,21,1050,21,0.09523809523809523,0.08843537414965986,0.10095238095238095,0.09302865203062383,0.9847619047619047,0.88,0.8333333333333333,3,3,3,True,ef3e701d83e891fb52a0ecd96d498aa48a267cdca00ea9e04989c57cf1d37c22
run_1ef0b3cca87f93b98113,FROZEN_ENCODER_LINEAR_HEAD_ADAPTATION,3,JOINT_FACTOR_COVERAGE,43,104729,0,21,1050,21,0.14285714285714285,0.13877551020408163,0.1419047619047619,0.13681981426394835,0.9838095238095238,0.88,0.8333333333333333,3,3,3,False,49a653558f376fdfdea5b85c30542b7ffac03493c2654fa38f7b32429cdff492
run_b22901ac5061f9f181d4,TARGET_ONLY_COSINE_PROTOTYPE,5,RANDOM_BLOCK,43,104729,0,35,1050,21,0.047619047619047616,0.028571428571428574,0.047619047619047616,0.028743891922966367,0.9828571428571429,0.88,0.775,3,3,5,True,9201084860c8ab4147489efdd2c5a096b7a2cc6ead52043ee2d3382157ed086c
run_71d5981f588796c3f85f,FROZEN_ENCODER_LINEAR_HEAD_ADAPTATION,5,RANDOM_BLOCK,43,104729,0,35,1050,21,0.19047619047619047,0.18095238095238095,0.18761904761904763,0.17859497388758397,0.9542857142857144,0.64,0.775,3,3,5,True,a0f4851bcaa60837f6423aaf9865c3215d847a2cdbaf78e86b2c19fa1fa7e47e
run_34146127d3d16ee20acf,TARGET_ONLY_COSINE_PROTOTYPE,5,JOINT_FACTOR_COVERAGE,43,104729,0,35,1050,21,0.14285714285714285,0.11700680272108843,0.14285714285714285,0.11292022648923543,0.9628571428571429,0.5,0.775,3,3,5,True,2a348f99673c6f9b004205210600a149775ad80b8fc4de8ef0004b54c1b31e8a
run_46d48d718da25aeb4054,FROZEN_ENCODER_LINEAR_HEAD_ADAPTATION,5,JOINT_FACTOR_COVERAGE,43,104729,0,35,1050,21,0.23809523809523808,0.14756671899529042,0.2342857142857143,0.14522368498527108,0.9704761904761906,0.66,0.775,3,3,5,True,29e1e72ad78d3486e4829c2ee2715a8f06a3779034372b5c30c1940301006a54
run_23c17612f3c8acb88494,TARGET_ONLY_COSINE_PROTOTYPE,1,RANDOM_BLOCK,43,130363,0,7,1050,21,0.23809523809523808,0.19909297052154193,0.2361904761904762,0.1977492199206298,0.9866666666666668,0.92,0.16666666666666666,1,1,1,True,86a38db9191c632eba20b98cf078a1d03a54285aa8cf5e9124d78ed76dd3d2a7
run_a6f9dd3e5ee7ee12b1f9,FROZEN_ENCODER_LINEAR_HEAD_ADAPTATION,1,RANDOM_BLOCK,43,130363,0,7,1050,21,0.19047619047619047,0.15589569160997732,0.1961904761904762,0.16064741200414018,0.9799999999999999,0.86,0.16666666666666666,1,1,1,True,adad690a9f7e19c075dfae9c90e25036fa97c54c5dde2bb6276fd7d235699ba8
run_1a102ed041971fa72e71,TARGET_ONLY_COSINE_PROTOTYPE,3,RANDOM_BLOCK,43,130363,0,21,1050,21,0.0,0.0,0.0038095238095238095,0.004293958985416954,0.9800000000000001,0.88,0.5,2,2,3,True,08be0085e4e22dd92a0792529abf7048bf6cb32081ce9cc462f46b9a031d58a9
run_bbeb25f919c789a2062e,FROZEN_ENCODER_LINEAR_HEAD_ADAPTATION,3,RANDOM_BLOCK,43,130363,0,21,1050,21,0.23809523809523808,0.21746031746031744,0.23523809523809525,0.21479425789086606,0.9466666666666668,0.64,0.5,2,2,3,False,cbeac081fc54f0318bc9c91a738a705ec3977107bd44488707deffc16284938d
run_d400877ab58ef76d1485,TARGET_ONLY_COSINE_PROTOTYPE,3,ER_BALANCED,43,130363,0,21,1050,21,0.09523809523809523,0.08843537414965986,0.10095238095238095,0.0927325235714548,0.9857142857142857,0.88,0.8333333333333333,3,3,3,True,d8c2051cdb0d6ffb32d5e395bdbeeb711f9cfdc5ec258bef8a2cc1389cacf693
run_e395c9e797616b9bfd34,FROZEN_ENCODER_LINEAR_HEAD_ADAPTATION,3,ER_BALANCED,43,130363,0,21,1050,21,0.23809523809523808,0.20216450216450216,0.23047619047619047,0.19444675796864624,0.9800000000000001,0.88,0.8333333333333333,3,3,3,False,3734cb78ff3112f031732ab73a31d14a8d6e86bb1131c694e246424edf85d088
run_d5da2ef70c74297531e4,TARGET_ONLY_COSINE_PROTOTYPE,3,SURFACE_BALANCED,43,130363,0,21,1050,21,0.09523809523809523,0.06679035250463822,0.08857142857142856,0.06061954580821397,0.9571428571428572,0.5,0.75,2,3,3,True,5df1170d4134d64f4914d5ebb67c838eaf3139a7b9c1569b1c1762abd989f03f
run_d012bbb71796c71c1218,FROZEN_ENCODER_LINEAR_HEAD_ADAPTATION,3,SURFACE_BALANCED,43,130363,0,21,1050,21,0.23809523809523808,0.24081632653061222,0.2342857142857143,0.23861024866234956,0.9609523809523809,0.68,0.75,2,3,3,False,353602fb6c23d3b0a295993713de2e67667ca0ac3351a044db377adda6f0273f
run_137c086827d95e162ef3,TARGET_ONLY_COSINE_PROTOTYPE,3,JOINT_FACTOR_COVERAGE,43,130363,0,21,1050,21,0.19047619047619047,0.14557823129251699,0.1895238095238095,0.14420515274786633,0.9857142857142857,0.86,0.8333333333333333,3,3,3,True,ae137642af6e1e85249c114d92736889d35c71be13a503dd5099e511f5221633
run_10cce8a1c347ba2551fa,FROZEN_ENCODER_LINEAR_HEAD_ADAPTATION,3,JOINT_FACTOR_COVERAGE,43,130363,0,21,1050,21,0.09523809523809523,0.07936507936507937,0.09428571428571429,0.07724821994484916,0.9857142857142859,0.88,0.8333333333333333,3,3,3,False,fd8b877e6ba16aa07caee3549ee90e13274fabde80ca6c394e29065a912bccb3
run_e80e65134bdc27bf64d6,TARGET_ONLY_COSINE_PROTOTYPE,5,RANDOM_BLOCK,43,130363,0,35,1050,21,0.0,0.0,0.002857142857142857,0.001735106998264893,0.9857142857142857,0.88,0.775,3,3,5,True,df2550bc38498d66b6c4197e6e2e702fec6d4632574e222214c8acf1c279a56d
run_b3aaa49a34767a9228db,FROZEN_ENCODER_LINEAR_HEAD_ADAPTATION,5,RANDOM_BLOCK,43,130363,0,35,1050,21,0.19047619047619047,0.16623376623376623,0.19047619047619047,0.16629757665989958,0.9771428571428573,0.86,0.775,3,3,5,True,c6ff960edd7673be930965a3e1eaf797905a5224fd85160248ccdef513a44369
run_aea218ab8c236cf7a0cf,TARGET_ONLY_COSINE_PROTOTYPE,5,JOINT_FACTOR_COVERAGE,43,130363,0,35,1050,21,0.09523809523809523,0.07653061224489796,0.09619047619047619,0.0769099257655,0.9885714285714287,0.94,0.775,3,3,5,True,316e20fb42a583bc8ea7e975091437156e114648fdf636505b1c864c25bdd4aa
run_1935a073e4fa1b6b8122,FROZEN_ENCODER_LINEAR_HEAD_ADAPTATION,5,JOINT_FACTOR_COVERAGE,43,130363,0,35,1050,21,0.09523809523809523,0.08843537414965986,0.09523809523809523,0.08947966361869422,0.9790476190476192,0.88,0.775,3,3,5,True,aa1e7a05c6ba4fa635b666eabb9fb2b1062a273e70d6ee3325966aeb77bb3304
run_a18547a150d85619526e,TARGET_ONLY_COSINE_PROTOTYPE,1,RANDOM_BLOCK,43,155921,0,7,1050,21,0.14285714285714285,0.09999999999999999,0.14285714285714285,0.1002308611779054,0.9923809523809524,0.94,0.16666666666666666,1,1,1,True,926aabef64a0b14d8faeb3d6dcc2b42b72a74885703bffa882ca0883cf993e33
run_64619523274ffcb4d7be,FROZEN_ENCODER_LINEAR_HEAD_ADAPTATION,1,RANDOM_BLOCK,43,155921,0,7,1050,21,0.19047619047619047,0.15816326530612246,0.18761904761904763,0.1553295013117569,0.9790476190476189,0.88,0.16666666666666666,1,1,1,True,f94c3a6adc64c663ca96db0cc47e95e4ee6b16a3b8519b15905fbbd5d0088f3e
run_b98ffd01da4181bf63cc,TARGET_ONLY_COSINE_PROTOTYPE,3,RANDOM_BLOCK,43,155921,0,21,1050,21,0.047619047619047616,0.05714285714285715,0.05619047619047619,0.06451596298297373,0.9790476190476192,0.86,0.75,3,2,3,True,e852a9bf4bf401e5d553d725959894491b43e522a63729a61ffa6c76dda1c7fc
run_d7e92889386fc05c9191,FROZEN_ENCODER_LINEAR_HEAD_ADAPTATION,3,RANDOM_BLOCK,43,155921,0,21,1050,21,0.23809523809523808,0.22857142857142856,0.23333333333333334,0.22369574310091006,0.9857142857142859,0.92,0.75,3,2,3,False,c60c57320635bb7fe22ec9b29fff5a2485860162eacca2a7abfca054fee08af1
run_eb938a2a971d9a9b2b40,TARGET_ONLY_COSINE_PROTOTYPE,3,ER_BALANCED,43,155921,0,21,1050,21,0.19047619047619047,0.10675039246467818,0.19904761904761906,0.12414472681809186,0.9533333333333331,0.54,0.6666666666666666,3,2,3,True,31bd58aa7cf6835cc1974a50deb47333970292d9ee6556a60b286fb2c1dd8e76
run_64cb4c349c661b2aff97,FROZEN_ENCODER_LINEAR_HEAD_ADAPTATION,3,ER_BALANCED,43,155921,0,21,1050,21,0.09523809523809523,0.07936507936507937,0.09428571428571429,0.0780142583825895,0.9923809523809524,0.94,0.6666666666666666,3,2,3,False,a8f92b7da9fee0dd39e5f2aeed94353ac9a57ba110473d662faa8ac0e773f115
run_17b479d7e8294b372f13,TARGET_ONLY_COSINE_PROTOTYPE,3,SURFACE_BALANCED,43,155921,0,21,1050,21,0.09523809523809523,0.06679035250463822,0.08857142857142856,0.06061954580821397,0.9571428571428572,0.5,0.75,2,3,3,True,5df1170d4134d64f4914d5ebb67c838eaf3139a7b9c1569b1c1762abd989f03f
run_841af9a7d2cf191a6abf,FROZEN_ENCODER_LINEAR_HEAD_ADAPTATION,3,SURFACE_BALANCED,43,155921,0,21,1050,21,0.23809523809523808,0.24081632653061222,0.24571428571428572,0.2462757812018857,0.9666666666666667,0.68,0.75,2,3,3,False,71aed80adc751df1ebd8be508947559db1e4855d9547e8ad8ad57f338e92c344
run_0f08cf712c17e7356e45,TARGET_ONLY_COSINE_PROTOTYPE,3,JOINT_FACTOR_COVERAGE,43,155921,0,21,1050,21,0.09523809523809523,0.08843537414965986,0.10095238095238095,0.0928672424732411,0.9847619047619047,0.88,0.8333333333333333,3,3,3,True,f26eb12c926e7c55a90e84ca8c4855711d010d3b1938b573506ff86a09aff9e6
run_059fe3e21541974b4b3e,FROZEN_ENCODER_LINEAR_HEAD_ADAPTATION,3,JOINT_FACTOR_COVERAGE,43,155921,0,21,1050,21,0.14285714285714285,0.1336734693877551,0.1419047619047619,0.1297495590828924,0.9676190476190476,0.54,0.8333333333333333,3,3,3,False,5403f3940ad3d82437687cfabf2f6141c45d7749b32e9a8e4237718e70f67744
run_405bce3a2ca67df57142,TARGET_ONLY_COSINE_PROTOTYPE,5,RANDOM_BLOCK,43,155921,0,35,1050,21,0.09523809523809523,0.09795918367346938,0.09428571428571429,0.09550122279591688,0.9619047619047618,0.6,0.75,3,3,5,True,9a61fe1c661ad01836e6c43c372db704d4387bab407409fefb77b329c2b5e368
run_3e8e5f4f4f9e1c71b7a6,FROZEN_ENCODER_LINEAR_HEAD_ADAPTATION,5,RANDOM_BLOCK,43,155921,0,35,1050,21,0.19047619047619047,0.1865079365079365,0.19047619047619047,0.18654682754969412,0.9638095238095239,0.5,0.75,3,3,5,True,9a28c699097eaebceb76e4e6492a96e6570b7d5b6a2cf032387888312a270041
run_eff3c84fcd55f8bb52ed,TARGET_ONLY_COSINE_PROTOTYPE,5,JOINT_FACTOR_COVERAGE,43,155921,0,35,1050,21,0.09523809523809523,0.09999999999999999,0.09428571428571429,0.09912028833858448,0.9742857142857143,0.84,0.775,3,3,5,True,a22d4e57f240a2c476c9533bcd1530aa7766cd8c1b2e4216ccba35db5947baaf
run_8f86ba5e54dfc79c793b,FROZEN_ENCODER_LINEAR_HEAD_ADAPTATION,5,JOINT_FACTOR_COVERAGE,43,155921,0,35,1050,21,0.14285714285714285,0.14047619047619048,0.15142857142857144,0.1493997060840942,0.9771428571428573,0.86,0.775,3,3,5,True,2af2637e7a4c0637452662c679044bdc6182403da5b0644ba93b41288293563a
run_dbf930f691e9ca33e5ab,TARGET_ONLY_COSINE_PROTOTYPE,1,RANDOM_BLOCK,43,181081,0,7,1050,21,0.047619047619047616,0.025974025974025976,0.047619047619047616,0.025106703489831787,0.9609523809523809,0.54,0.16666666666666666,1,1,1,True,fe098aa275fdd69803f2207d326c8139e0505e1c579e360ff0cf701571ab3b18
run_fcda1448389642b7323c,FROZEN_ENCODER_LINEAR_HEAD_ADAPTATION,1,RANDOM_BLOCK,43,181081,0,7,1050,21,0.19047619047619047,0.13877551020408163,0.18857142857142858,0.13833006163703346,0.9561904761904763,0.5,0.16666666666666666,1,1,1,True,1278c9ab055a1065fa4af76960a105a3fe5016e2ca91118c76b5ebb1fa2db0a8
run_931ffdfb4e631da8d66c,TARGET_ONLY_COSINE_PROTOTYPE,3,RANDOM_BLOCK,43,181081,0,21,1050,21,0.14285714285714285,0.09795918367346938,0.14285714285714285,0.09717032352847244,0.9876190476190475,0.86,0.6666666666666666,3,2,3,True,fce179e087a0f633aef48705684d539713089d6b4635fbd243b3c39246eee191
run_a1500d4aaf75d367b550,FROZEN_ENCODER_LINEAR_HEAD_ADAPTATION,3,RANDOM_BLOCK,43,181081,0,21,1050,21,0.09523809523809523,0.07619047619047618,0.09428571428571429,0.07528034065363011,0.9923809523809524,0.94,0.6666666666666666,3,2,3,False,67a7a7449b8fb7d57d4301f519fb1385bf4a10d14ef5f4788b2add699d94caa9
run_81f5fdbdd8f3e11a0823,TARGET_ONLY_COSINE_PROTOTYPE,3,ER_BALANCED,43,181081,0,21,1050,21,0.19047619047619047,0.14047619047619048,0.1895238095238095,0.13904414320472716,0.9876190476190475,0.86,0.8333333333333333,3,3,3,True,4415b9b16778198bdac8b5760ea6cde8f75167cd4fd7fc275af3842e311b3424
run_5b0d6e90671a9ba13b01,FROZEN_ENCODER_LINEAR_HEAD_ADAPTATION,3,ER_BALANCED,43,181081,0,21,1050,21,0.19047619047619047,0.17222222222222225,0.16952380952380952,0.1566637608204367,0.9657142857142857,0.64,0.8333333333333333,3,3,3,False,d722fda7b1f2d590ef0eea145cf113ffe8c57ca5b411ff28d64c5e201ca176f8
run_2fc486dfafd5f79ea84e,TARGET_ONLY_COSINE_PROTOTYPE,3,SURFACE_BALANCED,43,181081,0,21,1050,21,0.14285714285714285,0.1285714285714286,0.14857142857142858,0.13623087820260243,0.9866666666666666,0.88,0.6666666666666666,2,3,3,True,974f0e6589d3619118564e4cc8d8ed5021a00eaa10d6442f2a8154d9f1e3875e
run_7522c06de8173a6086c9,FROZEN_ENCODER_LINEAR_HEAD_ADAPTATION,3,SURFACE_BALANCED,43,181081,0,21,1050,21,0.19047619047619047,0.22380952380952382,0.19523809523809524,0.22585049497486281,0.9533333333333335,0.5,0.6666666666666666,2,3,3,False,f4c3c0481dccd77320dd7fe0ce554aebfea35a4b3ec8dd885d2d3e1246b3b8fd
run_5ceecb29db57ea824ac9,TARGET_ONLY_COSINE_PROTOTYPE,3,JOINT_FACTOR_COVERAGE,43,181081,0,21,1050,21,0.19047619047619047,0.14047619047619048,0.1895238095238095,0.13904414320472716,0.9876190476190475,0.86,0.8333333333333333,3,3,3,True,4415b9b16778198bdac8b5760ea6cde8f75167cd4fd7fc275af3842e311b3424
run_fa248dd667a1d73055c3,FROZEN_ENCODER_LINEAR_HEAD_ADAPTATION,3,JOINT_FACTOR_COVERAGE,43,181081,0,21,1050,21,0.19047619047619047,0.17222222222222225,0.16952380952380952,0.1566637608204367,0.9657142857142857,0.64,0.8333333333333333,3,3,3,False,d722fda7b1f2d590ef0eea145cf113ffe8c57ca5b411ff28d64c5e201ca176f8
run_e84781e3f0f42327575b,TARGET_ONLY_COSINE_PROTOTYPE,5,RANDOM_BLOCK,43,181081,0,35,1050,21,0.19047619047619047,0.14557823129251699,0.19047619047619047,0.14316853919892142,0.9657142857142857,0.5,0.775,3,3,5,True,307715ab04c6550f001e4f1e76544d749a4b06fcdd5c5b6fb0fb87de861a9ccd
run_1d207be19a3d9c250ec7,FROZEN_ENCODER_LINEAR_HEAD_ADAPTATION,5,RANDOM_BLOCK,43,181081,0,35,1050,21,0.19047619047619047,0.10675039246467818,0.1895238095238095,0.10589777875544064,0.981904761904762,0.86,0.775,3,3,5,True,057eaa2b5fb20a312268fe5a2545c7edd22ae8c9f69c1d3ac124c26ead190f2a
run_fd4d978e5af4838ca9e3,TARGET_ONLY_COSINE_PROTOTYPE,5,JOINT_FACTOR_COVERAGE,43,181081,0,35,1050,21,0.14285714285714285,0.12380952380952381,0.16476190476190475,0.14764954124147422,0.9666666666666667,0.64,0.775,3,3,5,True,0026588a8b72a3803d172ea733b54ba746e7e24371dcaa5642e233a47845ce08
run_688c2e397e5af64ab7d5,FROZEN_ENCODER_LINEAR_HEAD_ADAPTATION,5,JOINT_FACTOR_COVERAGE,43,181081,0,35,1050,21,0.2857142857142857,0.2816326530612245,0.2838095238095238,0.27951096841054895,0.9923809523809524,0.94,0.775,3,3,5,True,4fa2225c670fb0fa8d2e01355711367dfa572f06289b6d9d337caa86b2756695
run_1f25b62566d2a90e748f,TARGET_ONLY_COSINE_PROTOTYPE,1,RANDOM_BLOCK,43,205439,0,7,1050,21,0.19047619047619047,0.1142857142857143,0.19238095238095237,0.11522651696292244,0.96,0.5,0.16666666666666666,1,1,1,True,7f71f0fae190d8bf3ace8df6f0c581f563f358c4de5ab0756990ac20dbc75be2
run_68a47a229801628adfa6,FROZEN_ENCODER_LINEAR_HEAD_ADAPTATION,1,RANDOM_BLOCK,43,205439,0,7,1050,21,0.09523809523809523,0.06279434850863422,0.0980952380952381,0.0632345750627058,0.9495238095238095,0.5,0.16666666666666666,1,1,1,True,5418195282508ff51bc4d978f4e1eafdd4258b1750f1fae1d0128af2d20690c0
run_0ad70a66443ffa9da80b,TARGET_ONLY_COSINE_PROTOTYPE,3,RANDOM_BLOCK,43,205439,0,21,1050,21,0.14285714285714285,0.12414965986394558,0.15904761904761905,0.13692900646120754,0.9676190476190476,0.62,0.5833333333333333,2,2,3,True,e2e2582b7c64bc2840a23ef1c74c1a8b92b7292e682d81668875b50e32e50c3f
run_7f9a6cec77cc1e464237,FROZEN_ENCODER_LINEAR_HEAD_ADAPTATION,3,RANDOM_BLOCK,43,205439,0,21,1050,21,0.14285714285714285,0.13605442176870747,0.13904761904761906,0.13340880662268587,0.9628571428571429,0.52,0.5833333333333333,2,2,3,False,bc3730376300c0b66c77c6ea85566c73c8b5e990b5961956caf40d4f8d93c639
run_813aaab78e6c770da282,TARGET_ONLY_COSINE_PROTOTYPE,3,ER_BALANCED,43,205439,0,21,1050,21,0.09523809523809523,0.08843537414965986,0.10095238095238095,0.0928672424732411,0.9838095238095238,0.88,0.8333333333333333,3,3,3,True,9238aa402e4878cf077a99ba11f89e210cfea1f084ef41607f877a747d34e290
run_3ee8fa7025a98e64ebc6,FROZEN_ENCODER_LINEAR_HEAD_ADAPTATION,3,ER_BALANCED,43,205439,0,21,1050,21,0.14285714285714285,0.13877551020408163,0.1419047619047619,0.13681981426394835,0.9838095238095238,0.88,0.8333333333333333,3,3,3,False,49a653558f376fdfdea5b85c30542b7ffac03493c2654fa38f7b32429cdff492
run_893d6764c60ad029d3c6,TARGET_ONLY_COSINE_PROTOTYPE,3,SURFACE_BALANCED,43,205439,0,21,1050,21,0.2857142857142857,0.27698412698412694,0.2857142857142857,0.27496533504425635,0.9857142857142859,0.92,0.6666666666666666,2,3,3,True,89ac8d41409da9598cc69ca8d89bc40326d66d9393343dda5d3752c5cdd750d7
run_86fefda23f8009edf1c0,FROZEN_ENCODER_LINEAR_HEAD_ADAPTATION,3,SURFACE_BALANCED,43,205439,0,21,1050,21,0.23809523809523808,0.21984126984126987,0.23904761904761904,0.22292907092567638,0.9685714285714285,0.82,0.6666666666666666,2,3,3,False,52a662a3483be1d656a5c9e9637ed503859ffdedb6440dae5f3b96dc6ac940b1
run_0e73d23a1356515f9fc9,TARGET_ONLY_COSINE_PROTOTYPE,3,JOINT_FACTOR_COVERAGE,43,205439,0,21,1050,21,0.09523809523809523,0.08843537414965986,0.10095238095238095,0.0928672424732411,0.9838095238095238,0.88,0.8333333333333333,3,3,3,True,9238aa402e4878cf077a99ba11f89e210cfea1f084ef41607f877a747d34e290
run_e175502aeb136e821a42,FROZEN_ENCODER_LINEAR_HEAD_ADAPTATION,3,JOINT_FACTOR_COVERAGE,43,205439,0,21,1050,21,0.14285714285714285,0.13877551020408163,0.1419047619047619,0.13681981426394835,0.9838095238095238,0.88,0.8333333333333333,3,3,3,False,49a653558f376fdfdea5b85c30542b7ffac03493c2654fa38f7b32429cdff492
run_c95bef53dace26447638,TARGET_ONLY_COSINE_PROTOTYPE,5,RANDOM_BLOCK,43,205439,0,35,1050,21,0.14285714285714285,0.12414965986394558,0.1438095238095238,0.12684195876987023,0.9876190476190475,0.94,0.775,3,3,5,True,29dba40241222abe52e4827ce98931dbf4960c61fd14393af6704c6d217c9996
run_e256530695613916d8b4,FROZEN_ENCODER_LINEAR_HEAD_ADAPTATION,5,RANDOM_BLOCK,43,205439,0,35,1050,21,0.3333333333333333,0.29920634920634914,0.3057142857142857,0.27630659325173335,0.9676190476190476,0.5,0.775,3,3,5,True,9b59b9f6ea0fb37f91a7ed5807a16ee4efb1f9bc2028c61711778e197e6d846d
run_47228f7c0bd72204c32a,TARGET_ONLY_COSINE_PROTOTYPE,5,JOINT_FACTOR_COVERAGE,43,205439,0,35,1050,21,0.14285714285714285,0.12414965986394558,0.1438095238095238,0.12684195876987023,0.9876190476190475,0.94,0.775,3,3,5,True,29dba40241222abe52e4827ce98931dbf4960c61fd14393af6704c6d217c9996
run_b391281e10f767e1e7d6,FROZEN_ENCODER_LINEAR_HEAD_ADAPTATION,5,JOINT_FACTOR_COVERAGE,43,205439,0,35,1050,21,0.3333333333333333,0.29920634920634914,0.3057142857142857,0.27630659325173335,0.9676190476190476,0.5,0.775,3,3,5,True,9b59b9f6ea0fb37f91a7ed5807a16ee4efb1f9bc2028c61711778e197e6d846d
run_9f76a46c5d438bb5e3b6,FS0_FROZEN_SOURCE_HEAD,0,FS0_FROZEN_SOURCE_HEAD,43,104729,1,0,1050,21,0.047619047619047616,0.02197802197802198,0.047619047619047616,0.022079929344226097,0.984761904761905,0.86,,,,,True,b057f31d8b50e93b922962824de115fb7491f16f87c6a1726fc3720ef9da428a
run_59e5f4125c360610c20f,FS0_FROZEN_SOURCE_HEAD,0,FS0_FROZEN_SOURCE_HEAD,43,130363,1,0,1050,21,0.047619047619047616,0.02197802197802198,0.047619047619047616,0.022079929344226097,0.984761904761905,0.86,,,,,True,b057f31d8b50e93b922962824de115fb7491f16f87c6a1726fc3720ef9da428a
run_d72378de380212c28639,FS0_FROZEN_SOURCE_HEAD,0,FS0_FROZEN_SOURCE_HEAD,43,155921,1,0,1050,21,0.047619047619047616,0.02197802197802198,0.047619047619047616,0.022079929344226097,0.984761904761905,0.86,,,,,True,b057f31d8b50e93b922962824de115fb7491f16f87c6a1726fc3720ef9da428a
run_4906c820f0f341f1254a,FS0_FROZEN_SOURCE_HEAD,0,FS0_FROZEN_SOURCE_HEAD,43,181081,1,0,1050,21,0.047619047619047616,0.02197802197802198,0.047619047619047616,0.022079929344226097,0.984761904761905,0.86,,,,,True,b057f31d8b50e93b922962824de115fb7491f16f87c6a1726fc3720ef9da428a
run_d21b8a5c42de1af49ce9,FS0_FROZEN_SOURCE_HEAD,0,FS0_FROZEN_SOURCE_HEAD,43,205439,1,0,1050,21,0.047619047619047616,0.02197802197802198,0.047619047619047616,0.022079929344226097,0.984761904761905,0.86,,,,,True,b057f31d8b50e93b922962824de115fb7491f16f87c6a1726fc3720ef9da428a
run_64c5e459cb40756ac88b,TARGET_ONLY_COSINE_PROTOTYPE,1,RANDOM_BLOCK,43,104729,1,7,1050,21,0.14285714285714285,0.09523809523809523,0.14285714285714285,0.09347746898369368,0.9695238095238097,0.8,0.16666666666666666,1,1,1,True,fc18864f7cb868a031eba6435cd731e80d26eff3f449b760c36c323af069e1bb
run_4fb78a2094044ee1b97a,FROZEN_ENCODER_LINEAR_HEAD_ADAPTATION,1,RANDOM_BLOCK,43,104729,1,7,1050,21,0.14285714285714285,0.10760667903525047,0.1438095238095238,0.10760403888942416,0.9761904761904764,0.8,0.16666666666666666,1,1,1,True,35845bdf70bd77a0bbf5367a0d5bb563e210c40cf59e90d84e49ca391d10df07
run_da8131f71ba2640c6dce,TARGET_ONLY_COSINE_PROTOTYPE,3,RANDOM_BLOCK,43,104729,1,21,1050,21,0.23809523809523808,0.15909090909090912,0.2257142857142857,0.15415635498650127,0.9657142857142857,0.8,0.6666666666666666,3,2,3,True,f41587eec903f91861769e4523e42d64b8d3ce7f7a2b92f556c61ffa1a9a9920
run_665dccc49b4c14830822,FROZEN_ENCODER_LINEAR_HEAD_ADAPTATION,3,RANDOM_BLOCK,43,104729,1,21,1050,21,0.14285714285714285,0.11440940012368585,0.1219047619047619,0.09604881632330052,0.9457142857142858,0.58,0.6666666666666666,3,2,3,False,009e1f173c6fa11dbc88d823cd61f27b9c8be842b7a244152ade5c076a20ee4a
run_dff3118ecb3487d590a4,TARGET_ONLY_COSINE_PROTOTYPE,3,ER_BALANCED,43,104729,1,21,1050,21,0.09523809523809523,0.06679035250463822,0.11142857142857143,0.08490756185710313,0.9657142857142857,0.66,0.75,3,2,3,True,e9fc1ecef667fa570c30d867d48dfcc8c499f6ea213f7e862f07e80c5f02482c
run_05676e9b58ac02f2eb23,FROZEN_ENCODER_LINEAR_HEAD_ADAPTATION,3,ER_BALANCED,43,104729,1,21,1050,21,0.09523809523809523,0.10714285714285714,0.07714285714285714,0.08981662216090056,0.9457142857142857,0.58,0.75,3,2,3,False,d778262839dbaa487c56403ccf8c31181c3b30aad95641c9ec602b5bcac5171d
run_ce6ac5c54d912b1ae521,TARGET_ONLY_COSINE_PROTOTYPE,3,SURFACE_BALANCED,43,104729,1,21,1050,21,0.14285714285714285,0.10714285714285714,0.12761904761904763,0.09637781814296399,0.9571428571428572,0.62,0.8333333333333333,3,3,3,True,7fd4d53209d631239901da7218e5688e6dba33ea0bdea4a7f32cbc6be746c194
run_d8393aa45ec18c9a9b03,FROZEN_ENCODER_LINEAR_HEAD_ADAPTATION,3,SURFACE_BALANCED,43,104729,1,21,1050,21,0.09523809523809523,0.06746031746031746,0.08952380952380952,0.06456654456654456,0.962857142857143,0.8,0.8333333333333333,3,3,3,False,73ed81bcf4538f5b14a2d5ca9362a984d8a152db41db951f2c1dc1df83ca411c
run_b504f6a688201972f716,TARGET_ONLY_COSINE_PROTOTYPE,3,JOINT_FACTOR_COVERAGE,43,104729,1,21,1050,21,0.09523809523809523,0.07619047619047618,0.1219047619047619,0.09666713605518784,0.9504761904761905,0.58,0.8333333333333333,3,3,3,True,d5996f62fe307864409dbe6ccd793eef09fc1747f1b0d17cd5b411c054be2214
run_5380fe85e6662968f48d,FROZEN_ENCODER_LINEAR_HEAD_ADAPTATION,3,JOINT_FACTOR_COVERAGE,43,104729,1,21,1050,21,0.14285714285714285,0.1476190476190476,0.1219047619047619,0.12579162231129573,0.9609523809523809,0.58,0.8333333333333333,3,3,3,False,70f972d96aaf09639e5fc699cfe461ead6e9c91e663fd2ba260e4a183501362b
run_990f7eae3d7aa8425bd2,TARGET_ONLY_COSINE_PROTOTYPE,5,RANDOM_BLOCK,43,104729,1,35,1050,21,0.047619047619047616,0.047619047619047616,0.03333333333333333,0.03472112383895303,0.9542857142857144,0.58,0.75,3,3,5,True,ab23923c6cf17ff55c784fbcec39f69d288ca61a6bddc840ff3da985d64d0ebf
run_5fb5b21bb3c2b01cec14,FROZEN_ENCODER_LINEAR_HEAD_ADAPTATION,5,RANDOM_BLOCK,43,104729,1,35,1050,21,0.19047619047619047,0.13528138528138528,0.19714285714285715,0.14686292437223786,0.983809523809524,0.8,0.75,3,3,5,True,9c6ee5df80ca9bd1913d73d0c07c732b9d632d71f4825436a32e824fb7dca45c
run_32601fb5a4324975ca6f,TARGET_ONLY_COSINE_PROTOTYPE,5,JOINT_FACTOR_COVERAGE,43,104729,1,35,1050,21,0.14285714285714285,0.11111111111111112,0.13047619047619047,0.10283822930881754,0.9457142857142858,0.58,0.8,3,3,5,True,8396fc8f3c86750d9b9cc571001151e3abbf2e1af4e2299d96bd14e74c86abf0
run_2d20afafa6c781002643,FROZEN_ENCODER_LINEAR_HEAD_ADAPTATION,5,JOINT_FACTOR_COVERAGE,43,104729,1,35,1050,21,0.09523809523809523,0.0642857142857143,0.11142857142857143,0.07238728123748299,0.9457142857142858,0.5,0.8,3,3,5,True,d7c31ad2cd69951e3e5b9173a14a08a4e3485f04e1cc50e739d880b4ad4478dd
run_d7d5acd1cd706c826d05,TARGET_ONLY_COSINE_PROTOTYPE,1,RANDOM_BLOCK,43,130363,1,7,1050,21,0.14285714285714285,0.11337868480725623,0.13714285714285715,0.11200696494814143,0.9752380952380955,0.8,0.16666666666666666,1,1,1,True,7309fe800fb4b4616944d213cc04c5d01af3b00dd6bf3ecfbdb342b3fb7bc4a5
run_a87de14cc46fc4766b92,FROZEN_ENCODER_LINEAR_HEAD_ADAPTATION,1,RANDOM_BLOCK,43,130363,1,7,1050,21,0.047619047619047616,0.01680672268907563,0.0419047619047619,0.014983824280606165,0.9742857142857143,0.8,0.16666666666666666,1,1,1,True,56ae81657dcf888b7899a59189cf0cd1b5e08a0e4db113cb77337798aeb0588d
run_45c49eaac9d688bfd794,TARGET_ONLY_COSINE_PROTOTYPE,3,RANDOM_BLOCK,43,130363,1,21,1050,21,0.09523809523809523,0.06938775510204082,0.09428571428571429,0.06851661919569364,0.981904761904762,0.88,0.75,3,2,3,True,4086656ba54a7196e4aad1e39aab4794450900e23a9512e17da25d22154af7ef
run_709b8d05aae43ae91cd9,FROZEN_ENCODER_LINEAR_HEAD_ADAPTATION,3,RANDOM_BLOCK,43,130363,1,21,1050,21,0.09523809523809523,0.10714285714285714,0.07714285714285714,0.0889810164448602,0.9514285714285714,0.58,0.75,3,2,3,False,0b2ff694c14455b70eb7a6394db60fc00f0b3281a4f7f2fcd5abd0637da556c6
run_2baeba50e7e6e5ad6327,TARGET_ONLY_COSINE_PROTOTYPE,3,ER_BALANCED,43,130363,1,21,1050,21,0.19047619047619047,0.1448051948051948,0.17333333333333334,0.12595111020629063,0.9419047619047619,0.52,0.6666666666666666,3,2,3,True,34ac300d629e3181735919ff6580d78b079cd7c89f7e0563057620a2527a39b7
run_7c51aa9ebeb24957d3db,FROZEN_ENCODER_LINEAR_HEAD_ADAPTATION,3,ER_BALANCED,43,130363,1,21,1050,21,0.14285714285714285,0.14285714285714285,0.09238095238095238,0.09156732006724663,0.9161904761904761,0.48,0.6666666666666666,3,2,3,False,3a7386d1cd255d99a8dd9a7f64b293270b3e378ad779fd156ffaaf55541e6760
run_5667202916c2e005b232,TARGET_ONLY_COSINE_PROTOTYPE,3,SURFACE_BALANCED,43,130363,1,21,1050,21,0.14285714285714285,0.15714285714285717,0.13142857142857142,0.14002142108114818,0.959047619047619,0.7,0.75,2,3,3,True,21882e32124f278444074d886d6cbdbb8fd54055da80cb28ad37857de60834b4
run_639e79bead4780ded5ab,FROZEN_ENCODER_LINEAR_HEAD_ADAPTATION,3,SURFACE_BALANCED,43,130363,1,21,1050,21,0.19047619047619047,0.17155225726654297,0.17142857142857143,0.15349869701801083,0.9504761904761907,0.58,0.75,2,3,3,False,39a2df32e36731e1f40ff7c9d8841d580d5e67b064a4bd666c1c9a6e39a36dc8
run_122e9492013f5fc3836a,TARGET_ONLY_COSINE_PROTOTYPE,3,JOINT_FACTOR_COVERAGE,43,130363,1,21,1050,21,0.14285714285714285,0.10714285714285714,0.13714285714285715,0.10177420746792475,0.9609523809523811,0.62,0.8333333333333333,3,3,3,True,9cbe5af6728836b2fff78842a1143c9353fd9746ef00de6f8c7526fc587e1e2e
run_52c8f7765eb18cbe09e2,FROZEN_ENCODER_LINEAR_HEAD_ADAPTATION,3,JOINT_FACTOR_COVERAGE,43,130363,1,21,1050,21,0.09523809523809523,0.06746031746031746,0.08952380952380952,0.06456654456654456,0.9657142857142857,0.8,0.8333333333333333,3,3,3,False,5802f98f70c497b2bf10baea90862f5955aefaf32f68c293fac52a1440076a9e
run_52b96d13f7836c7821f5,TARGET_ONLY_COSINE_PROTOTYPE,5,RANDOM_BLOCK,43,130363,1,35,1050,21,0.14285714285714285,0.12063492063492064,0.14,0.11637050410078396,0.9714285714285715,0.76,0.75,3,3,5,True,4819fbb69a9d11d5e89616ad50311d94495e37c685d3db35ac1087d09da85ad2
run_1d09888d77804aab3bdd,FROZEN_ENCODER_LINEAR_HEAD_ADAPTATION,5,RANDOM_BLOCK,43,130363,1,35,1050,21,0.09523809523809523,0.07256235827664399,0.09428571428571429,0.07232062055591468,0.9800000000000001,0.8,0.75,3,3,5,True,46dc7dad41e7e853143b7df0a3a10bb3c5ec08ebdad8af36c710ab1c020732dc
run_584237ede2b8a2ef47b3,TARGET_ONLY_COSINE_PROTOTYPE,5,JOINT_FACTOR_COVERAGE,43,130363,1,35,1050,21,0.14285714285714285,0.11486291486291486,0.12285714285714286,0.0930681888691702,0.9485714285714286,0.46,0.8,3,3,5,True,2c74897831da72bde9afbe3d939bfa482898193e10eb9b96fefa56a3f8e2a4ec
run_95d354da05b20b4b22e9,FROZEN_ENCODER_LINEAR_HEAD_ADAPTATION,5,JOINT_FACTOR_COVERAGE,43,130363,1,35,1050,21,0.14285714285714285,0.08766233766233766,0.14476190476190476,0.08889503476903655,0.9800000000000001,0.8,0.8,3,3,5,True,11c39d90ad31dbe64524f1b89bcf80077df9318c0f19e8a192b9617482d278af
run_0285fecbe450d4e85733,TARGET_ONLY_COSINE_PROTOTYPE,1,RANDOM_BLOCK,43,155921,1,7,1050,21,0.14285714285714285,0.09523809523809523,0.14285714285714285,0.0937086591757791,0.9666666666666667,0.8,0.16666666666666666,1,1,1,True,4906effa7ac41ffd35bd887c507c9fe07a75e761a1a9e4b0912b52c409289d09
run_3e23f820e06c029994fb,FROZEN_ENCODER_LINEAR_HEAD_ADAPTATION,1,RANDOM_BLOCK,43,155921,1,7,1050,21,0.14285714285714285,0.10760667903525047,0.1438095238095238,0.1072461831530039,0.9761904761904764,0.8,0.16666666666666666,1,1,1,True,dea4aa49200c4e9a54a19c83716e747cac7640618d6d7f42382c97d4e73cb70d
run_2a61a1fae3860b4bce9b,TARGET_ONLY_COSINE_PROTOTYPE,3,RANDOM_BLOCK,43,155921,1,21,1050,21,0.14285714285714285,0.09795918367346938,0.14,0.09494752588980877,0.9752380952380952,0.8,0.6666666666666666,3,2,3,True,765b6444f2f0381dab795a9b84addbe0d27de10f982c5355ff381911107f66e7
run_7997849fd7c5f898fa22,FROZEN_ENCODER_LINEAR_HEAD_ADAPTATION,3,RANDOM_BLOCK,43,155921,1,21,1050,21,0.09523809523809523,0.07653061224489796,0.08952380952380952,0.07400517458891955,0.9733333333333334,0.8,0.6666666666666666,3,2,3,False,cc38eef10bc31a631167f2a143232d95952c7897469329a65b9a8889a53d5c47
run_9b514a0242c02406313b,TARGET_ONLY_COSINE_PROTOTYPE,3,ER_BALANCED,43,155921,1,21,1050,21,0.14285714285714285,0.09795918367346938,0.14,0.09494752588980877,0.9752380952380952,0.8,0.6666666666666666,3,2,3,True,765b6444f2f0381dab795a9b84addbe0d27de10f982c5355ff381911107f66e7
run_1cf1f6b9491dcef738b0,FROZEN_ENCODER_LINEAR_HEAD_ADAPTATION,3,ER_BALANCED,43,155921,1,21,1050,21,0.09523809523809523,0.07653061224489796,0.08952380952380952,0.07400517458891955,0.9733333333333334,0.8,0.6666666666666666,3,2,3,False,cc38eef10bc31a631167f2a143232d95952c7897469329a65b9a8889a53d5c47
run_aff4f3d7c0af64673653,TARGET_ONLY_COSINE_PROTOTYPE,3,SURFACE_BALANCED,43,155921,1,21,1050,21,0.14285714285714285,0.10714285714285714,0.13714285714285715,0.10177420746792475,0.9666666666666667,0.62,0.8333333333333333,3,3,3,True,2a296450cf21308c5fac7aab365b5f98752484a61892267de442d523a8e4735b
run_3eef736017433869abd5,FROZEN_ENCODER_LINEAR_HEAD_ADAPTATION,3,SURFACE_BALANCED,43,155921,1,21,1050,21,0.09523809523809523,0.06746031746031746,0.08952380952380952,0.06456654456654456,0.962857142857143,0.8,0.8333333333333333,3,3,3,False,73ed81bcf4538f5b14a2d5ca9362a984d8a152db41db951f2c1dc1df83ca411c
run_acffc692dbd05bb4d5a2,TARGET_ONLY_COSINE_PROTOTYPE,3,JOINT_FACTOR_COVERAGE,43,155921,1,21,1050,21,0.14285714285714285,0.10714285714285714,0.13714285714285715,0.10177420746792475,0.9666666666666667,0.62,0.8333333333333333,3,3,3,True,2a296450cf21308c5fac7aab365b5f98752484a61892267de442d523a8e4735b
run_bd05f459436b6f3f58c1,FROZEN_ENCODER_LINEAR_HEAD_ADAPTATION,3,JOINT_FACTOR_COVERAGE,43,155921,1,21,1050,21,0.09523809523809523,0.06746031746031746,0.08952380952380952,0.06456654456654456,0.962857142857143,0.8,0.8333333333333333,3,3,3,False,73ed81bcf4538f5b14a2d5ca9362a984d8a152db41db951f2c1dc1df83ca411c
run_90682f851b2b388aaca6,TARGET_ONLY_COSINE_PROTOTYPE,5,RANDOM_BLOCK,43,155921,1,35,1050,21,0.09523809523809523,0.07936507936507937,0.07809523809523809,0.06682093191188929,0.9552380952380953,0.58,0.775,3,3,5,True,310932c4050ba1ddbd34b4443309b7ca62f7a067d02e696fc8dc871fcabf50e6
run_4cc5bb62545ea71bdfb4,FROZEN_ENCODER_LINEAR_HEAD_ADAPTATION,5,RANDOM_BLOCK,43,155921,1,35,1050,21,0.19047619047619047,0.17063492063492064,0.19428571428571428,0.17702153526191391,0.9723809523809523,0.74,0.775,3,3,5,True,64601cf1b2838a5d9e68e84d7b822dc30dac6bb95814b537e0e5f17ceffc893a
run_4d32a6673118373f5abe,TARGET_ONLY_COSINE_PROTOTYPE,5,JOINT_FACTOR_COVERAGE,43,155921,1,35,1050,21,0.19047619047619047,0.15692640692640691,0.14857142857142858,0.12194236428021175,0.9323809523809524,0.52,0.8,3,3,5,True,06efebf6d1887e3ba0292f9c56ea68cb4810094ea2de6f6eabb474a1a16733ba
run_8267921913847af29324,FROZEN_ENCODER_LINEAR_HEAD_ADAPTATION,5,JOINT_FACTOR_COVERAGE,43,155921,1,35,1050,21,0.19047619047619047,0.146031746031746,0.19238095238095237,0.14715749442908482,0.9590476190476193,0.52,0.8,3,3,5,True,21cf865f75169c53b78c8aedcef3a0613a7a700714a787c0f2a7197bb43a69a0
run_3b23eec8b82dd542527e,TARGET_ONLY_COSINE_PROTOTYPE,1,RANDOM_BLOCK,43,181081,1,7,1050,21,0.09523809523809523,0.08843537414965986,0.09428571428571429,0.08832993315751936,0.9752380952380952,0.86,0.16666666666666666,1,1,1,True,b28006d9b30e0dc0cc5841e6ded2efcc7c42089aa7d40f19c1d3eedfd2e4e5e9
run_1d785543b7220bedee10,FROZEN_ENCODER_LINEAR_HEAD_ADAPTATION,1,RANDOM_BLOCK,43,181081,1,7,1050,21,0.047619047619047616,0.025974025974025976,0.030476190476190476,0.017708829614352935,0.962857142857143,0.58,0.16666666666666666,1,1,1,True,00bc4bad3a92d7479fc37c9d50a418456a19c8ec2df29849a7c6b33d042f0f98
run_9b2e002ecc8935172788,TARGET_ONLY_COSINE_PROTOTYPE,3,RANDOM_BLOCK,43,181081,1,21,1050,21,0.09523809523809523,0.10317460317460317,0.09428571428571429,0.10226523909454692,0.9638095238095239,0.8,0.5,2,2,3,True,5edc5561753adb4b2b92178180cce465053fa0b4a0d47afd0baf6eb7fffb598a
run_3c41a554e94d3e7fe9de,FROZEN_ENCODER_LINEAR_HEAD_ADAPTATION,3,RANDOM_BLOCK,43,181081,1,21,1050,21,0.047619047619047616,0.025974025974025976,0.04476190476190476,0.025501906350530203,0.9723809523809525,0.8,0.5,2,2,3,False,24e1dddd0518774b558e5c6595d470c561cbd0c2f6410c65ac8ae46fd1e15b17
run_43049dca66657eea6247,TARGET_ONLY_COSINE_PROTOTYPE,3,ER_BALANCED,43,181081,1,21,1050,21,0.23809523809523808,0.16130298273155416,0.21523809523809523,0.14709461407577937,0.96,0.52,0.6666666666666666,3,2,3,True,bd6d375593237fb648b9c7469f910f1d1677825fb6835662948fd25273924540
run_640332dd917ee5e75e53,FROZEN_ENCODER_LINEAR_HEAD_ADAPTATION,3,ER_BALANCED,43,181081,1,21,1050,21,0.14285714285714285,0.10930735930735931,0.12476190476190477,0.09358933307367591,0.9542857142857144,0.58,0.6666666666666666,3,2,3,False,1e6f4c1830b29226f6ae56b0fcacebff4b53751803b15fcaba32f934dc229916
run_3f83cfc51b85eb3abd77,TARGET_ONLY_COSINE_PROTOTYPE,3,SURFACE_BALANCED,43,181081,1,21,1050,21,0.14285714285714285,0.15714285714285717,0.13142857142857142,0.14002142108114818,0.959047619047619,0.7,0.75,2,3,3,True,21882e32124f278444074d886d6cbdbb8fd54055da80cb28ad37857de60834b4
run_f57df341135a7e87e6d9,FROZEN_ENCODER_LINEAR_HEAD_ADAPTATION,3,SURFACE_BALANCED,43,181081,1,21,1050,21,0.19047619047619047,0.17732426303854876,0.17142857142857143,0.1592639597926194,0.9504761904761907,0.58,0.75,2,3,3,False,d85844ee5fb1ba04de32dba45b10272891c40e20f7ef41502d1922f6e5c4f19c
run_8e0c172037e27f4024a3,TARGET_ONLY_COSINE_PROTOTYPE,3,JOINT_FACTOR_COVERAGE,43,181081,1,21,1050,21,0.14285714285714285,0.10714285714285714,0.13714285714285715,0.10142093576387365,0.9723809523809525,0.8,0.8333333333333333,3,3,3,True,1bf3ea6324c99e2fb17ec3adcf028aebb193972dc248860ee156a405c48fde09
run_5326228a9822343be6e6,FROZEN_ENCODER_LINEAR_HEAD_ADAPTATION,3,JOINT_FACTOR_COVERAGE,43,181081,1,21,1050,21,0.09523809523809523,0.06746031746031746,0.08952380952380952,0.06456654456654456,0.962857142857143,0.8,0.8333333333333333,3,3,3,False,73ed81bcf4538f5b14a2d5ca9362a984d8a152db41db951f2c1dc1df83ca411c
run_9565c00f3774add6d0a9,TARGET_ONLY_COSINE_PROTOTYPE,5,RANDOM_BLOCK,43,181081,1,35,1050,21,0.14285714285714285,0.09285714285714286,0.13142857142857142,0.08617626338634951,0.9742857142857143,0.82,0.75,3,3,5,True,02c1085d3718dd044aa5ea47700b167b962100fb7465f07d810beedd75d0dabf
run_3ea45484237d2c24ca2c,FROZEN_ENCODER_LINEAR_HEAD_ADAPTATION,5,RANDOM_BLOCK,43,181081,1,35,1050,21,0.19047619047619047,0.16825396825396827,0.1895238095238095,0.16830601839737386,0.9876190476190475,0.92,0.75,3,3,5,True,bb8933648e9b646d44981267b860a1aaf3999b38164f3ae628321ce8efc236ec
run_b0ef13426a5ca21958a0,TARGET_ONLY_COSINE_PROTOTYPE,5,JOINT_FACTOR_COVERAGE,43,181081,1,35,1050,21,0.14285714285714285,0.11883116883116883,0.12857142857142856,0.10371568599024891,0.9514285714285714,0.52,0.8,3,3,5,True,b7a32d61c5e30478c1b1e956b00fa6b161a3994a259c3819b7cfafec0fc69a8a
run_f62195e04b8b7aa1f0c6,FROZEN_ENCODER_LINEAR_HEAD_ADAPTATION,5,JOINT_FACTOR_COVERAGE,43,181081,1,35,1050,21,0.09523809523809523,0.055555555555555546,0.1,0.05891786545971568,0.9790476190476192,0.8,0.8,3,3,5,True,fefb36513ca81d48f71925ada6a9a39b55e47f0a3d8786acbcf70a9cb48e94bc
run_c4a9e13aba6b5ae5e80f,TARGET_ONLY_COSINE_PROTOTYPE,1,RANDOM_BLOCK,43,205439,1,7,1050,21,0.09523809523809523,0.08843537414965986,0.0980952380952381,0.08816981230774334,0.9800000000000001,0.8,0.16666666666666666,1,1,1,True,94a88c4d2d6b3bcfbc367d61510989697b66fd512e6e79371fb781985cefcacb
run_12b1f8fb4982abe5ea6d,FROZEN_ENCODER_LINEAR_HEAD_ADAPTATION,1,RANDOM_BLOCK,43,205439,1,7,1050,21,0.14285714285714285,0.12142857142857144,0.1380952380952381,0.11289935450922851,0.9438095238095239,0.52,0.16666666666666666,1,1,1,True,645f8e7338ed624a28408bf697d8fa5411118976e5c53fcf895d86e44e0a4717
run_7c3613fde69030b375af,TARGET_ONLY_COSINE_PROTOTYPE,3,RANDOM_BLOCK,43,205439,1,21,1050,21,0.09523809523809523,0.09285714285714286,0.09047619047619047,0.08842824715009104,0.9476190476190477,0.6,0.6666666666666666,3,2,3,True,45e35c3c94f2e6e0a4d2f369c33412a120e6febf13b6f14e386eea35aa77c851
run_38b114c5169b5110cea0,FROZEN_ENCODER_LINEAR_HEAD_ADAPTATION,3,RANDOM_BLOCK,43,205439,1,21,1050,21,0.09523809523809523,0.0642857142857143,0.08666666666666667,0.0611799125519333,0.9571428571428572,0.76,0.6666666666666666,3,2,3,False,8dd1caacd5e6b37156e1df684f588642c687f95a88b537f972da7f7fcfbe8936
run_a8c7dc2aaed3d2765a83,TARGET_ONLY_COSINE_PROTOTYPE,3,ER_BALANCED,43,205439,1,21,1050,21,0.14285714285714285,0.09999999999999999,0.1361904761904762,0.09668834490317867,0.9695238095238097,0.8,0.75,3,2,3,True,6090845d5691604afa2878c967737ec515a8f8dcb893525f605bb0c8b89edcbb
run_01a0325fd599bc4634a4,FROZEN_ENCODER_LINEAR_HEAD_ADAPTATION,3,ER_BALANCED,43,205439,1,21,1050,21,0.14285714285714285,0.11224489795918367,0.13333333333333333,0.10648155131377,0.9685714285714287,0.8,0.75,3,2,3,False,c3a0f797492697a902c2cfcf74de124ee69ed82af5ed53cf8ff4d3ddc1c5a107
run_d8e0ff5aa2098f6dc2a0,TARGET_ONLY_COSINE_PROTOTYPE,3,SURFACE_BALANCED,43,205439,1,21,1050,21,0.047619047619047616,0.05714285714285715,0.049523809523809526,0.056108964108031276,0.9733333333333334,0.8,0.6666666666666666,2,3,3,True,ecf70287786cb4d8a45717122c35b258dbe231bdf1977ab07715454ca2fdf835
run_5645fe4932432821689b,FROZEN_ENCODER_LINEAR_HEAD_ADAPTATION,3,SURFACE_BALANCED,43,205439,1,21,1050,21,0.09523809523809523,0.06746031746031746,0.07428571428571429,0.0541439371990101,0.9580952380952381,0.58,0.6666666666666666,2,3,3,False,37427df0dd717730cb6b9e6d71bf6edf76937fff67fdeea67a95c3d19624b2db
run_5f1a50295b027a0136e5,TARGET_ONLY_COSINE_PROTOTYPE,3,JOINT_FACTOR_COVERAGE,43,205439,1,21,1050,21,0.09523809523809523,0.09285714285714286,0.10476190476190476,0.09960958269124003,0.9676190476190476,0.86,0.8333333333333333,3,3,3,True,7d70f340c4b854b0a3fd07303122f9702264518f04dcc070192cd87e1f750128
run_60b07c8f2c08a507c788,FROZEN_ENCODER_LINEAR_HEAD_ADAPTATION,3,JOINT_FACTOR_COVERAGE,43,205439,1,21,1050,21,0.047619047619047616,0.07142857142857142,0.047619047619047616,0.0678869528280121,0.9723809523809525,0.8,0.8333333333333333,3,3,3,False,22b63f489ebcecafd686b62e5c465f0dc14459818ca0773045abde78a78db674
run_3b0b9f6ad76bfbb467d8,TARGET_ONLY_COSINE_PROTOTYPE,5,RANDOM_BLOCK,43,205439,1,35,1050,21,0.09523809523809523,0.06168831168831169,0.09523809523809523,0.06270066555050113,0.9523809523809523,0.54,0.8,3,3,5,True,1f2808f547f38d0f91843775d8cced40302ee5fa48acc665e9f4b0e481f8481b
run_217b97ba66d831e7fbb2,FROZEN_ENCODER_LINEAR_HEAD_ADAPTATION,5,RANDOM_BLOCK,43,205439,1,35,1050,21,0.09523809523809523,0.0642857142857143,0.09714285714285714,0.06486392658012731,0.9771428571428573,0.8,0.8,3,3,5,True,c4b59b3529ae3fb0c27ca918865571a24173d93801aa8cde9871a03805f44453
run_7d59cf59ee6c4665358f,TARGET_ONLY_COSINE_PROTOTYPE,5,JOINT_FACTOR_COVERAGE,43,205439,1,35,1050,21,0.09523809523809523,0.06168831168831169,0.09523809523809523,0.06270066555050113,0.9523809523809523,0.54,0.8,3,3,5,True,1f2808f547f38d0f91843775d8cced40302ee5fa48acc665e9f4b0e481f8481b
run_6dff99fb20a4b4fcc0b7,FROZEN_ENCODER_LINEAR_HEAD_ADAPTATION,5,JOINT_FACTOR_COVERAGE,43,205439,1,35,1050,21,0.09523809523809523,0.0642857142857143,0.09714285714285714,0.06486392658012731,0.9771428571428573,0.8,0.8,3,3,5,True,c4b59b3529ae3fb0c27ca918865571a24173d93801aa8cde9871a03805f44453
run_509b19b63be05e142015,FS0_FROZEN_SOURCE_HEAD,0,FS0_FROZEN_SOURCE_HEAD,43,104729,2,0,1050,21,0.09523809523809523,0.08095238095238096,0.0761904761904762,0.061447139607481396,0.9561904761904763,0.54,,,,,True,e437a34fc80b44525012b326bcc82692c92a5762dd7eb53bb503f2ba6afd5588
run_e6c5131c5bbbbd39ef06,FS0_FROZEN_SOURCE_HEAD,0,FS0_FROZEN_SOURCE_HEAD,43,130363,2,0,1050,21,0.09523809523809523,0.08095238095238096,0.0761904761904762,0.061447139607481396,0.9561904761904763,0.54,,,,,True,e437a34fc80b44525012b326bcc82692c92a5762dd7eb53bb503f2ba6afd5588
run_3e06d5e39dc2cb3a121c,FS0_FROZEN_SOURCE_HEAD,0,FS0_FROZEN_SOURCE_HEAD,43,155921,2,0,1050,21,0.09523809523809523,0.08095238095238096,0.0761904761904762,0.061447139607481396,0.9561904761904763,0.54,,,,,True,e437a34fc80b44525012b326bcc82692c92a5762dd7eb53bb503f2ba6afd5588
run_aaa9b7f0f7fa8847f6c2,FS0_FROZEN_SOURCE_HEAD,0,FS0_FROZEN_SOURCE_HEAD,43,181081,2,0,1050,21,0.09523809523809523,0.08095238095238096,0.0761904761904762,0.061447139607481396,0.9561904761904763,0.54,,,,,True,e437a34fc80b44525012b326bcc82692c92a5762dd7eb53bb503f2ba6afd5588
run_a9656be2e080ebbfa77c,FS0_FROZEN_SOURCE_HEAD,0,FS0_FROZEN_SOURCE_HEAD,43,205439,2,0,1050,21,0.09523809523809523,0.08095238095238096,0.0761904761904762,0.061447139607481396,0.9561904761904763,0.54,,,,,True,e437a34fc80b44525012b326bcc82692c92a5762dd7eb53bb503f2ba6afd5588
run_3a38f8515c61f374b1c4,TARGET_ONLY_COSINE_PROTOTYPE,1,RANDOM_BLOCK,43,104729,2,7,1050,21,0.19047619047619047,0.11355311355311357,0.16952380952380952,0.10539381629429023,0.961904761904762,0.62,0.16666666666666666,1,1,1,True,71f8d4037a70596c30cbd7b9731d8532d4d52e3f1d146ce48bcf0c2cd547101f
run_f132bbe850a6a33ac760,FROZEN_ENCODER_LINEAR_HEAD_ADAPTATION,1,RANDOM_BLOCK,43,104729,2,7,1050,21,0.14285714285714285,0.10068027210884353,0.1676190476190476,0.11610751142610701,0.9533333333333334,0.66,0.16666666666666666,1,1,1,True,c131572153403e19ba770969aaa96aa4707bb3fe4a84b08874d245d4f875bfbd
run_9365c8f3a0a135ee41ab,TARGET_ONLY_COSINE_PROTOTYPE,3,RANDOM_BLOCK,43,104729,2,21,1050,21,0.09523809523809523,0.0642857142857143,0.1019047619047619,0.07246383513125908,0.9619047619047618,0.8,0.6666666666666666,2,3,3,True,1d72e2fd94874a0b98a87702b15e90d313fcae36699f7255fd80ff608f23c945
run_4f8f3a71de86c0cdc440,FROZEN_ENCODER_LINEAR_HEAD_ADAPTATION,3,RANDOM_BLOCK,43,104729,2,21,1050,21,0.23809523809523808,0.20907029478458053,0.24666666666666667,0.21316132273064373,0.9485714285714285,0.7,0.6666666666666666,2,3,3,False,15500fc3f9091de47bcf71d960779d059aba71c0c1dda4fcff25347294c7be4b
run_0393cc8905649973aecb,TARGET_ONLY_COSINE_PROTOTYPE,3,ER_BALANCED,43,104729,2,21,1050,21,0.14285714285714285,0.13333333333333333,0.1438095238095238,0.1356593219918028,0.9695238095238095,0.8,0.75,3,2,3,True,4d31ade866f21b1a569320c33e395c670d0ba1461815a75396121cbf95dc1830
run_6f79197453d86cd93c9a,FROZEN_ENCODER_LINEAR_HEAD_ADAPTATION,3,ER_BALANCED,43,104729,2,21,1050,21,0.19047619047619047,0.16938775510204082,0.1980952380952381,0.18019328431336154,0.96,0.7,0.75,3,2,3,False,3d5d61ce860ff9709712e927ffa48c697f0637512fa91084e6bcd5110e63768d
run_736b50eee01e0ca25ea4,TARGET_ONLY_COSINE_PROTOTYPE,3,SURFACE_BALANCED,43,104729,2,21,1050,21,0.14285714285714285,0.1598639455782313,0.14761904761904762,0.16446132144367387,0.9714285714285713,0.8,0.75,2,3,3,True,181efd63155044976e960f867f43c0741785474c55bb9e7ccfb049de61ad783a
run_678f92e0ebf71645e6ab,FROZEN_ENCODER_LINEAR_HEAD_ADAPTATION,3,SURFACE_BALANCED,43,104729,2,21,1050,21,0.2857142857142857,0.25986394557823134,0.2980952380952381,0.27085010556434824,0.9580952380952381,0.7,0.75,2,3,3,False,cb958c07a1d5761a4bfb5f50e5fa7cf07c8a4d4b8c53fca28e4f27a2b62c44b6
run_92b60901f1a6532eb677,TARGET_ONLY_COSINE_PROTOTYPE,3,JOINT_FACTOR_COVERAGE,43,104729,2,21,1050,21,0.14285714285714285,0.13605442176870747,0.16095238095238096,0.14748646446414077,0.9533333333333334,0.8,0.8333333333333333,3,3,3,True,c65c56ac9c89b11890691f6a594109380bf5f0ccb893b5bd49405d11fe665a3e
run_042e61aa80cdd042e4db,FROZEN_ENCODER_LINEAR_HEAD_ADAPTATION,3,JOINT_FACTOR_COVERAGE,43,104729,2,21,1050,21,0.19047619047619047,0.15964749536178108,0.20761904761904762,0.1763111148200329,0.9695238095238095,0.76,0.8333333333333333,3,3,3,False,823b0813df750069f725dd1dfde012482f5c4d648ef9aa832e6321e2ac1d0f6a
run_e03f103d0a3fa8d68dca,TARGET_ONLY_COSINE_PROTOTYPE,5,RANDOM_BLOCK,43,104729,2,35,1050,21,0.14285714285714285,0.11224489795918367,0.1438095238095238,0.11270397074404273,0.9676190476190476,0.8,0.8,3,3,5,True,0b8d6e4ce98e0ce4f78340497393851c3a6cb3020f217dca984bf6d578bcd6fd
run_6519d6cc52251f8ffad5,FROZEN_ENCODER_LINEAR_HEAD_ADAPTATION,5,RANDOM_BLOCK,43,104729,2,35,1050,21,0.047619047619047616,0.025974025974025976,0.07428571428571429,0.05403181975727219,0.9571428571428572,0.6,0.8,3,3,5,True,30b219ebe717836405d5a0b55fb2b32380735c208f97ff53d3f1bf2a49c14697
run_015c68d21288cf3e98a5,TARGET_ONLY_COSINE_PROTOTYPE,5,JOINT_FACTOR_COVERAGE,43,104729,2,35,1050,21,0.14285714285714285,0.11224489795918367,0.1438095238095238,0.11270397074404273,0.9676190476190476,0.8,0.8,3,3,5,True,0b8d6e4ce98e0ce4f78340497393851c3a6cb3020f217dca984bf6d578bcd6fd
run_8e195b0bd34ecfd04d7d,FROZEN_ENCODER_LINEAR_HEAD_ADAPTATION,5,JOINT_FACTOR_COVERAGE,43,104729,2,35,1050,21,0.047619047619047616,0.025974025974025976,0.07428571428571429,0.05403181975727219,0.9571428571428572,0.6,0.8,3,3,5,True,30b219ebe717836405d5a0b55fb2b32380735c208f97ff53d3f1bf2a49c14697
run_39e023e96de366e27f59,TARGET_ONLY_COSINE_PROTOTYPE,1,RANDOM_BLOCK,43,130363,2,7,1050,21,0.19047619047619047,0.17573696145124718,0.18666666666666668,0.16449093034342924,0.9647619047619048,0.64,0.16666666666666666,1,1,1,True,8ed47640bbf90e2038386c579eabc04161104191b4b02f9f85f4087c8f878ac3
run_d09729e46d2a3534fb3c,FROZEN_ENCODER_LINEAR_HEAD_ADAPTATION,1,RANDOM_BLOCK,43,130363,2,7,1050,21,0.19047619047619047,0.13968253968253966,0.19142857142857142,0.14412377575790677,0.9838095238095238,0.92,0.16666666666666666,1,1,1,True,a5ba35661610bd20f6b26fd4e56df8046e1b3b2b8a5df0d6136540a5b2447e5a
run_8e41c1d1a7d15918c88f,TARGET_ONLY_COSINE_PROTOTYPE,3,RANDOM_BLOCK,43,130363,2,21,1050,21,0.14285714285714285,0.1598639455782313,0.14952380952380953,0.16759770143632355,0.9714285714285715,0.8,0.75,2,3,3,True,0cc7eaa05c17bb1640164a6321f359121bb28eef788a84cd4c57da81c38b3c26
run_67878f077b193aec6c7d,FROZEN_ENCODER_LINEAR_HEAD_ADAPTATION,3,RANDOM_BLOCK,43,130363,2,21,1050,21,0.23809523809523808,0.2344671201814059,0.23904761904761904,0.23588752399361626,0.9314285714285714,0.54,0.75,2,3,3,False,e36bf5a411c3bd747cd5f16e596a94ee3fb08fa325a3654eede895d4dc640ecd
run_86879077b1130e487e0c,TARGET_ONLY_COSINE_PROTOTYPE,3,ER_BALANCED,43,130363,2,21,1050,21,0.19047619047619047,0.13650793650793652,0.1838095238095238,0.1298166539655892,0.9723809523809525,0.8,0.6666666666666666,3,2,3,True,aa17859c3ae94bf7f9a0ee44e1fa72c18d297ee584724082f25cda9598c54780
run_3402d1c7920f87bda5e8,FROZEN_ENCODER_LINEAR_HEAD_ADAPTATION,3,ER_BALANCED,43,130363,2,21,1050,21,0.23809523809523808,0.2153061224489796,0.25523809523809526,0.23063831471020274,0.9657142857142857,0.76,0.6666666666666666,3,2,3,False,4ce84e08ae0e120f5103567ddf985ce1ad077ac00b073dc099c79394f99566e5
run_cc635dd85df60e10650d,TARGET_ONLY_COSINE_PROTOTYPE,3,SURFACE_BALANCED,43,130363,2,21,1050,21,0.19047619047619047,0.12380952380952381,0.1838095238095238,0.12092440591639428,0.9657142857142857,0.8,0.6666666666666666,2,3,3,True,744c1e1bdd9a2f89ff67a81454578371043942da00041b564329bee4956558b5
run_5fa246badca28c1a98a2,FROZEN_ENCODER_LINEAR_HEAD_ADAPTATION,3,SURFACE_BALANCED,43,130363,2,21,1050,21,0.09523809523809523,0.05714285714285715,0.1180952380952381,0.07642898257787964,0.96,0.7,0.6666666666666666,2,3,3,False,b6a630605b53c5613f6392f93b4022f868ea6340b6d08b186fe039c901cc12a4
run_11da037775c3d877b2de,TARGET_ONLY_COSINE_PROTOTYPE,3,JOINT_FACTOR_COVERAGE,43,130363,2,21,1050,21,0.09523809523809523,0.05714285714285715,0.09238095238095238,0.05719554025963614,0.9676190476190476,0.8,0.8333333333333333,3,3,3,True,a6a924fa4498cf220387c34734d3b2e8071cd5312be2fe16a755771924fbab3b
run_9e8076d707a385549dec,FROZEN_ENCODER_LINEAR_HEAD_ADAPTATION,3,JOINT_FACTOR_COVERAGE,43,130363,2,21,1050,21,0.19047619047619047,0.15510204081632656,0.19428571428571428,0.1598376167560935,0.9666666666666667,0.76,0.8333333333333333,3,3,3,False,8c5837c6096acc2ca389354b95bd38f8a1b7706e48e094fb994b2c9708987ba0
run_d12c3a5f1ef74b851cbf,TARGET_ONLY_COSINE_PROTOTYPE,5,RANDOM_BLOCK,43,130363,2,35,1050,21,0.14285714285714285,0.11224489795918367,0.1438095238095238,0.11339120845258442,0.9619047619047618,0.8,0.8,3,3,5,True,691659987f4e745f66012e64c3d6ece6ad29d0c2085817f5ebc741babb5681fa
run_31ccf4749f5c1338e0b0,FROZEN_ENCODER_LINEAR_HEAD_ADAPTATION,5,RANDOM_BLOCK,43,130363,2,35,1050,21,0.09523809523809523,0.06679035250463822,0.10380952380952381,0.07687550544693401,0.9733333333333334,0.82,0.8,3,3,5,True,321b8582baaa05c16adaabdffc2b70e856e10b95e8993bdbb5fb12e425155be3
run_dfad2c47e33554daab92,TARGET_ONLY_COSINE_PROTOTYPE,5,JOINT_FACTOR_COVERAGE,43,130363,2,35,1050,21,0.14285714285714285,0.11224489795918367,0.1438095238095238,0.11339120845258442,0.9619047619047618,0.8,0.8,3,3,5,True,691659987f4e745f66012e64c3d6ece6ad29d0c2085817f5ebc741babb5681fa
run_207bd02adf6c0d2fb2dd,FROZEN_ENCODER_LINEAR_HEAD_ADAPTATION,5,JOINT_FACTOR_COVERAGE,43,130363,2,35,1050,21,0.09523809523809523,0.06679035250463822,0.10380952380952381,0.07687550544693401,0.9733333333333334,0.82,0.8,3,3,5,True,321b8582baaa05c16adaabdffc2b70e856e10b95e8993bdbb5fb12e425155be3
run_0b595fc68377a5a5b398,TARGET_ONLY_COSINE_PROTOTYPE,1,RANDOM_BLOCK,43,155921,2,7,1050,21,0.09523809523809523,0.06938775510204082,0.09333333333333334,0.06687959853018662,0.9476190476190476,0.74,0.16666666666666666,1,1,1,True,b485dda2d33d4e9831043e073d8e815c84b5c4504f9b828b704c491d7975582a
run_69e133e4600f7a91f7c2,FROZEN_ENCODER_LINEAR_HEAD_ADAPTATION,1,RANDOM_BLOCK,43,155921,2,7,1050,21,0.23809523809523808,0.23617810760667904,0.2361904761904762,0.23332297179665076,0.9619047619047618,0.7,0.16666666666666666,1,1,1,True,edd0a18f6c2d3f6a45a05ff0527315c66a23d1452e2f6cbb13b689cd92632fd8
run_32df59ff5e96bb14d239,TARGET_ONLY_COSINE_PROTOTYPE,3,RANDOM_BLOCK,43,155921,2,21,1050,21,0.19047619047619047,0.19999999999999998,0.1895238095238095,0.19565342259218138,0.9704761904761906,0.86,0.6666666666666666,3,2,3,True,33ebe53bd6122b301b88b9510143b6c2972ff0f98287cee373e411c8dbf7cc86
run_7eb39c8938ae084c7bb8,FROZEN_ENCODER_LINEAR_HEAD_ADAPTATION,3,RANDOM_BLOCK,43,155921,2,21,1050,21,0.19047619047619047,0.15,0.19523809523809524,0.15514628614194706,0.9685714285714285,0.8,0.6666666666666666,3,2,3,False,417c4a7dd6c9d41b688f302114cd498976f3eced1e79a050928f590a14625e5a
run_f662849e3066c57dd0de,TARGET_ONLY_COSINE_PROTOTYPE,3,ER_BALANCED,43,155921,2,21,1050,21,0.19047619047619047,0.14083694083694084,0.1838095238095238,0.13378971881714583,0.9685714285714285,0.8,0.6666666666666666,3,2,3,True,39b354e739e912a2e64a262083cd2d29e402d8712fb7425dcdc47214fbff60dc
run_0f9d657403f262455c0b,FROZEN_ENCODER_LINEAR_HEAD_ADAPTATION,3,ER_BALANCED,43,155921,2,21,1050,21,0.23809523809523808,0.2153061224489796,0.2523809523809524,0.22872760577555057,0.9657142857142857,0.76,0.6666666666666666,3,2,3,False,3e5fa6cbd980ca0b4053fde684045abace89cf0076118570ef51c1a62f158520
run_776548d9ec8593e4ebed,TARGET_ONLY_COSINE_PROTOTYPE,3,SURFACE_BALANCED,43,155921,2,21,1050,21,0.2857142857142857,0.2193877551020408,0.3,0.23237064763872164,0.9504761904761905,0.54,0.6666666666666666,2,3,3,True,827348c7ec2b1284ce04050706e2469893aee50907b77e72c0bea99e6a765346
run_ea4331dbad0619b5acbb,FROZEN_ENCODER_LINEAR_HEAD_ADAPTATION,3,SURFACE_BALANCED,43,155921,2,21,1050,21,0.14285714285714285,0.10760667903525047,0.16095238095238096,0.1256387362186446,0.9657142857142857,0.76,0.6666666666666666,2,3,3,False,70ee4407792bf3485bda33d95fe38c8cc404b382bdc2cc80173ddc3b2a7325df
run_89f6f3a719f042a81ba0,TARGET_ONLY_COSINE_PROTOTYPE,3,JOINT_FACTOR_COVERAGE,43,155921,2,21,1050,21,0.09523809523809523,0.05714285714285715,0.09238095238095238,0.057272254952897235,0.96,0.78,0.8333333333333333,3,3,3,True,0eded45aacffad5fff16a66d00633f1f4c9c4ee22e56214159d9521715229943
run_2e285dd82630148076ae,FROZEN_ENCODER_LINEAR_HEAD_ADAPTATION,3,JOINT_FACTOR_COVERAGE,43,155921,2,21,1050,21,0.19047619047619047,0.15510204081632656,0.2,0.16094843291646152,0.96,0.76,0.8333333333333333,3,3,3,False,a724160d0345f0e193da0aff5c12ffdd7dd892536f46ec2dd4fb58c8a366ed52
run_9582690f87fec9eee202,TARGET_ONLY_COSINE_PROTOTYPE,5,RANDOM_BLOCK,43,155921,2,35,1050,21,0.09523809523809523,0.06031746031746032,0.09238095238095238,0.059027586377152816,0.9447619047619048,0.58,0.75,3,3,5,True,89c614dd05ee3dd92bfa0b9ea55be81f3250c194b022646faeacd0b5e099321e
run_1fb466343441a4d30c81,FROZEN_ENCODER_LINEAR_HEAD_ADAPTATION,5,RANDOM_BLOCK,43,155921,2,35,1050,21,0.19047619047619047,0.1519274376417233,0.1980952380952381,0.165734178336464,0.9609523809523811,0.76,0.75,3,3,5,True,541512bd85891621ed5a203e622f94b412231ddeb6c4b6f01e65d3041ecf6864
run_4b1b5a9b418fb0c7c7b9,TARGET_ONLY_COSINE_PROTOTYPE,5,JOINT_FACTOR_COVERAGE,43,155921,2,35,1050,21,0.14285714285714285,0.11224489795918367,0.1438095238095238,0.11417850007142229,0.9533333333333335,0.62,0.8,3,3,5,True,adeb3fc69449dd94be713583f1811f47e37c81d901dbf24180bd41cb4b549d1f
run_48127aa6371dae6b0a9b,FROZEN_ENCODER_LINEAR_HEAD_ADAPTATION,5,JOINT_FACTOR_COVERAGE,43,155921,2,35,1050,21,0.09523809523809523,0.06679035250463822,0.10380952380952381,0.07687550544693401,0.9733333333333334,0.82,0.8,3,3,5,True,321b8582baaa05c16adaabdffc2b70e856e10b95e8993bdbb5fb12e425155be3
run_d16de3942985fcc2061d,TARGET_ONLY_COSINE_PROTOTYPE,1,RANDOM_BLOCK,43,181081,2,7,1050,21,0.14285714285714285,0.11721611721611722,0.14857142857142858,0.12833852201819462,0.9619047619047618,0.8,0.16666666666666666,1,1,1,True,5a852109679474dcf0afc2ead95df778cc051e2d61aab3cce609db5f84b0fa3f
run_6a9f394706d61ab5a9a7,FROZEN_ENCODER_LINEAR_HEAD_ADAPTATION,1,RANDOM_BLOCK,43,181081,2,7,1050,21,0.14285714285714285,0.1010989010989011,0.15714285714285714,0.11379149526105116,0.9647619047619048,0.7,0.16666666666666666,1,1,1,True,abd1ee54dcb09746fbebb6a3ef609659ee96461ee3c59f1983484750a1d3b478
run_5da155a862bac6668ec1,TARGET_ONLY_COSINE_PROTOTYPE,3,RANDOM_BLOCK,43,181081,2,21,1050,21,0.14285714285714285,0.14502164502164502,0.1438095238095238,0.1414117277653606,0.9514285714285714,0.58,0.75,3,2,3,True,fcf612999b1f8e8475149fd86a48865967f0ff1c69de3a1bb36b4f6bf072173b
run_75cbb2f97d77fa98bb5a,FROZEN_ENCODER_LINEAR_HEAD_ADAPTATION,3,RANDOM_BLOCK,43,181081,2,21,1050,21,0.19047619047619047,0.16938775510204082,0.1980952380952381,0.18019328431336154,0.96,0.7,0.75,3,2,3,False,3d5d61ce860ff9709712e927ffa48c697f0637512fa91084e6bcd5110e63768d
run_7a903678c05545c393ad,TARGET_ONLY_COSINE_PROTOTYPE,3,ER_BALANCED,43,181081,2,21,1050,21,0.0,0.0,0.0009523809523809524,0.0008210180623973727,0.9714285714285715,0.8,0.6666666666666666,3,2,3,True,f6573207f0cbea80fd42b6c52bbd4736509e566855059bc9b4943f30d935f779
run_e80ab7214350390ce6ef,FROZEN_ENCODER_LINEAR_HEAD_ADAPTATION,3,ER_BALANCED,43,181081,2,21,1050,21,0.19047619047619047,0.12063492063492064,0.1961904761904762,0.12345613327255703,0.9609523809523809,0.7,0.6666666666666666,3,2,3,False,1d7fd6077db403cc06e77f43e0aaff2c87cde5fd5b13190c3ac3ba23f7dee056
run_ee60a11c3725fe1323b9,TARGET_ONLY_COSINE_PROTOTYPE,3,SURFACE_BALANCED,43,181081,2,21,1050,21,0.19047619047619047,0.1841269841269841,0.19047619047619047,0.17933987936534215,0.96,0.8,0.75,2,3,3,True,b0d0cc28709e70f37f9f918faca6bdb63c58730f5ed27299d90eac54b07ff573
run_9248a91a5e8d29f02c58,FROZEN_ENCODER_LINEAR_HEAD_ADAPTATION,3,SURFACE_BALANCED,43,181081,2,21,1050,21,0.19047619047619047,0.17222222222222222,0.19142857142857142,0.1746079703556114,0.959047619047619,0.76,0.75,2,3,3,False,912a58da23fe652387604a6e472f7c0c7e4616bf87e6b224ff5e35d3b13c2d1f
run_d3fcea85fabef27a6433,TARGET_ONLY_COSINE_PROTOTYPE,3,JOINT_FACTOR_COVERAGE,43,181081,2,21,1050,21,0.09523809523809523,0.05714285714285715,0.09238095238095238,0.05680175088069824,0.9676190476190476,0.8,0.8333333333333333,3,3,3,True,6e54270f25f2735a79f51eebed303d50de4c948d77807ef50abb534506fe0085
run_4b61703900705bae1534,FROZEN_ENCODER_LINEAR_HEAD_ADAPTATION,3,JOINT_FACTOR_COVERAGE,43,181081,2,21,1050,21,0.19047619047619047,0.13877551020408163,0.19428571428571428,0.14262522831670693,0.9647619047619048,0.8,0.8333333333333333,3,3,3,False,eec6b03b0a45a731c34376a5f4905b12cadd336bf2aec5da1a80acd449e234c8
run_17e18f3ceae1527b20b1,TARGET_ONLY_COSINE_PROTOTYPE,5,RANDOM_BLOCK,43,181081,2,35,1050,21,0.14285714285714285,0.1336734693877551,0.14666666666666667,0.13596704174994326,0.9723809523809525,0.8,0.775,3,3,5,True,3a808e2fac7903d21d5c7ddf7fd91f5ccecfce2abf7b907f7035f33a4328a00e
run_5c351f0d74ead17b9f0f,FROZEN_ENCODER_LINEAR_HEAD_ADAPTATION,5,RANDOM_BLOCK,43,181081,2,35,1050,21,0.09523809523809523,0.07142857142857142,0.09904761904761905,0.07529761904761904,0.9638095238095239,0.8,0.775,3,3,5,True,37003d3acc0bc7b69891258241c4dbef756ad05ab76a2107839594bc4bbe8c09
run_a1f5c933b250adc99111,TARGET_ONLY_COSINE_PROTOTYPE,5,JOINT_FACTOR_COVERAGE,43,181081,2,35,1050,21,0.14285714285714285,0.11904761904761904,0.1438095238095238,0.11826428899599631,0.9561904761904763,0.76,0.8,3,3,5,True,9af989d71a684a01479958c670cf67726995209321e5a11427020820310018db
run_2236fd8e8283cf8f1aac,FROZEN_ENCODER_LINEAR_HEAD_ADAPTATION,5,JOINT_FACTOR_COVERAGE,43,181081,2,35,1050,21,0.09523809523809523,0.06938775510204082,0.10380952380952381,0.07779503156483188,0.9733333333333334,0.82,0.8,3,3,5,True,42d405bda0196206c9754bee8d1ad4245ffdc8b80a5a1dfe3cc66db9020fcbf9
run_259a60f2b4f651414c94,TARGET_ONLY_COSINE_PROTOTYPE,1,RANDOM_BLOCK,43,205439,2,7,1050,21,0.14285714285714285,0.11904761904761904,0.14857142857142858,0.12998593012594944,0.96,0.8,0.16666666666666666,1,1,1,True,6273bf6dc6a8f4ca36ffbb0d740ed4c4bdae3cad814bacdd7069b574f0ef2a7f
run_1d2fee716f1f439ea4ac,FROZEN_ENCODER_LINEAR_HEAD_ADAPTATION,1,RANDOM_BLOCK,43,205439,2,7,1050,21,0.14285714285714285,0.1010989010989011,0.15714285714285714,0.11379149526105116,0.9647619047619048,0.7,0.16666666666666666,1,1,1,True,abd1ee54dcb09746fbebb6a3ef609659ee96461ee3c59f1983484750a1d3b478
run_461424f38293459d6da7,TARGET_ONLY_COSINE_PROTOTYPE,3,RANDOM_BLOCK,43,205439,2,21,1050,21,0.14285714285714285,0.11224489795918367,0.14857142857142858,0.12235153062695704,0.9628571428571429,0.8,0.5,2,2,3,True,31aff29e32e4d2f0790c5f91e122c622fe33b3d63c4cca4c3fcd59f9cbdd2f30
run_2056cd5ad4fc037bdfde,FROZEN_ENCODER_LINEAR_HEAD_ADAPTATION,3,RANDOM_BLOCK,43,205439,2,21,1050,21,0.19047619047619047,0.1380952380952381,0.18761904761904763,0.1401789172198673,0.9695238095238097,0.82,0.5,2,2,3,False,7f96f40674f41dbb7cc166a57aa7a24b6db8730289c9f0e2728213a1da45b3dd
run_77b57a7a517ae4ee77bb,TARGET_ONLY_COSINE_PROTOTYPE,3,ER_BALANCED,43,205439,2,21,1050,21,0.047619047619047616,0.031746031746031744,0.047619047619047616,0.031788878749521646,0.9704761904761906,0.8,0.6666666666666666,3,2,3,True,b6a5f56ae91f3703f61eac9ef3814393d8aeb229ab1ad90bc5887f9ae849ac11
run_e038362e408841b0b6dc,FROZEN_ENCODER_LINEAR_HEAD_ADAPTATION,3,ER_BALANCED,43,205439,2,21,1050,21,0.23809523809523808,0.21385281385281388,0.25333333333333335,0.22320169262147704,0.9695238095238095,0.7,0.6666666666666666,3,2,3,False,a6407c038968cc13a7a8931ae7e809a97f16c778d347543e6a62a7ac75d5d71d
run_49db1d20cf57a2c3f807,TARGET_ONLY_COSINE_PROTOTYPE,3,SURFACE_BALANCED,43,205439,2,21,1050,21,0.09523809523809523,0.05194805194805195,0.09523809523809523,0.05430643241526493,0.9533333333333334,0.64,0.6666666666666666,2,3,3,True,07c1c1c5ba735066d120067040da6651ce48c06bc65345c08a45de2f4364146e
run_cae8949cbfadf835786a,FROZEN_ENCODER_LINEAR_HEAD_ADAPTATION,3,SURFACE_BALANCED,43,205439,2,21,1050,21,0.14285714285714285,0.11337868480725623,0.17523809523809525,0.13547992540060608,0.9428571428571428,0.64,0.6666666666666666,2,3,3,False,b08f99840dd84c9ff69e1b24ea2e1f3b8be0738892695926ac2d7e8eb4df03c2
run_b09e4d69542b167f2152,TARGET_ONLY_COSINE_PROTOTYPE,3,JOINT_FACTOR_COVERAGE,43,205439,2,21,1050,21,0.19047619047619047,0.17006802721088435,0.2057142857142857,0.17841614971240377,0.9161904761904761,0.56,0.8333333333333333,3,3,3,True,1952333dfe80a296c9a7a33601dedd90a59fd7388d105d7f896c502ab4387442
run_fd9b3bb7bd3c4e101cce,FROZEN_ENCODER_LINEAR_HEAD_ADAPTATION,3,JOINT_FACTOR_COVERAGE,43,205439,2,21,1050,21,0.19047619047619047,0.15964749536178108,0.20761904761904762,0.1763111148200329,0.9695238095238095,0.76,0.8333333333333333,3,3,3,False,823b0813df750069f725dd1dfde012482f5c4d648ef9aa832e6321e2ac1d0f6a
run_0f07ede0e90bf4aaa73a,TARGET_ONLY_COSINE_PROTOTYPE,5,RANDOM_BLOCK,43,205439,2,35,1050,21,0.23809523809523808,0.18119975262832405,0.23142857142857143,0.1756283844925323,0.9647619047619048,0.76,0.775,3,3,5,True,b8a44cf59471a06a2b529aed0e655660bf860bbe49d0ba060918a8db6ed53caf
run_5f7ba7fb3ebb1ff4620f,FROZEN_ENCODER_LINEAR_HEAD_ADAPTATION,5,RANDOM_BLOCK,43,205439,2,35,1050,21,0.09523809523809523,0.08333333333333333,0.07523809523809524,0.06710181891402107,0.9580952380952381,0.58,0.775,3,3,5,True,47bd3448aaf628344b7c13d1d1e8e539ed9b943ef48b6fbdcc0c7ce1e349135f
run_0d278bfec577b38d6d88,TARGET_ONLY_COSINE_PROTOTYPE,5,JOINT_FACTOR_COVERAGE,43,205439,2,35,1050,21,0.14285714285714285,0.11224489795918367,0.1438095238095238,0.11330345836483433,0.9647619047619048,0.8,0.8,3,3,5,True,afcabeb7dc0afaee8bf408acd6f8e71d9422232d9080ff77c9ec75f219177d66
run_3e23ed27eec7b9d5e969,FROZEN_ENCODER_LINEAR_HEAD_ADAPTATION,5,JOINT_FACTOR_COVERAGE,43,205439,2,35,1050,21,0.047619047619047616,0.031746031746031744,0.05619047619047619,0.04095456754741876,0.9733333333333334,0.82,0.8,3,3,5,True,b064ae5b94ab28501b2a37b98f3c08e918db4a3f93b7b3e7a13c81c6b7bef1c6
run_786d897f5967eff03644,FS0_FROZEN_SOURCE_HEAD,0,FS0_FROZEN_SOURCE_HEAD,44,104729,0,0,1050,21,0.19047619047619047,0.15589569160997732,0.18571428571428572,0.15271712566792725,0.9895238095238096,0.92,,,,,True,97d2c042064ab1c343ab1397e2765402d12acd4ef49cc8a77755818afab09288
run_fdb49b7e72884604aa13,FS0_FROZEN_SOURCE_HEAD,0,FS0_FROZEN_SOURCE_HEAD,44,130363,0,0,1050,21,0.19047619047619047,0.15589569160997732,0.18571428571428572,0.15271712566792725,0.9895238095238096,0.92,,,,,True,97d2c042064ab1c343ab1397e2765402d12acd4ef49cc8a77755818afab09288
run_c6e7811a4d5dda4e6d8c,FS0_FROZEN_SOURCE_HEAD,0,FS0_FROZEN_SOURCE_HEAD,44,155921,0,0,1050,21,0.19047619047619047,0.15589569160997732,0.18571428571428572,0.15271712566792725,0.9895238095238096,0.92,,,,,True,97d2c042064ab1c343ab1397e2765402d12acd4ef49cc8a77755818afab09288
run_1f27a7dacc69bc9f93f0,FS0_FROZEN_SOURCE_HEAD,0,FS0_FROZEN_SOURCE_HEAD,44,181081,0,0,1050,21,0.19047619047619047,0.15589569160997732,0.18571428571428572,0.15271712566792725,0.9895238095238096,0.92,,,,,True,97d2c042064ab1c343ab1397e2765402d12acd4ef49cc8a77755818afab09288
run_4b319a16f1b9d2f9b9e5,FS0_FROZEN_SOURCE_HEAD,0,FS0_FROZEN_SOURCE_HEAD,44,205439,0,0,1050,21,0.19047619047619047,0.15589569160997732,0.18571428571428572,0.15271712566792725,0.9895238095238096,0.92,,,,,True,97d2c042064ab1c343ab1397e2765402d12acd4ef49cc8a77755818afab09288
run_bf435260a94bb093e73a,TARGET_ONLY_COSINE_PROTOTYPE,1,RANDOM_BLOCK,44,104729,0,7,1050,21,0.14285714285714285,0.1357142857142857,0.14,0.13159882397805414,0.9742857142857143,0.8,0.16666666666666666,1,1,1,True,c0001169f17f1a9888f85fff0a166d8b8f6774f2ecbd42aa97b3c6244095bd9e
run_89da7b3d036e2fd24a36,FROZEN_ENCODER_LINEAR_HEAD_ADAPTATION,1,RANDOM_BLOCK,44,104729,0,7,1050,21,0.14285714285714285,0.13095238095238093,0.1438095238095238,0.1314899087238446,0.980952380952381,0.88,0.16666666666666666,1,1,1,True,f8d2d3aef0e0864cc6fbd897cc659872fad987a3cced7c906b86d256707197ce
run_b44a262db0fdc6586d2f,TARGET_ONLY_COSINE_PROTOTYPE,3,RANDOM_BLOCK,44,104729,0,21,1050,21,0.19047619047619047,0.14795918367346936,0.18571428571428572,0.14539576552989372,0.9761904761904764,0.88,0.6666666666666666,3,2,3,True,0060888eec02bc279b60c8fe68c6911d139e44a699316c18769a05c4a40a3f1e
run_387ae2ed5a39e8fa0c6d,FROZEN_ENCODER_LINEAR_HEAD_ADAPTATION,3,RANDOM_BLOCK,44,104729,0,21,1050,21,0.19047619047619047,0.16666666666666666,0.18857142857142858,0.16597635300877198,0.9895238095238096,0.92,0.6666666666666666,3,2,3,False,eb36c39f89086b2a9616cdba958794cb14585f19fb51263961437fb175e10c53
run_da55edea281dd887d90e,TARGET_ONLY_COSINE_PROTOTYPE,3,ER_BALANCED,44,104729,0,21,1050,21,0.09523809523809523,0.07359307359307359,0.09523809523809523,0.07340807610172782,0.9933333333333333,0.94,0.8333333333333333,3,3,3,True,fb0dae0d287d385c83753b945b42cc119a3129084d179efbe199cda5ae1dfda5
run_be2d9a0b7960c581d7ff,FROZEN_ENCODER_LINEAR_HEAD_ADAPTATION,3,ER_BALANCED,44,104729,0,21,1050,21,0.09523809523809523,0.06168831168831169,0.09428571428571429,0.0612151964610981,0.9895238095238097,0.92,0.8333333333333333,3,3,3,False,ce260dc69eb02f40d3d1dff7d966e4d54c54855b0f001981f6898e26e16f7631
run_b3d9831334cc9b012325,TARGET_ONLY_COSINE_PROTOTYPE,3,SURFACE_BALANCED,44,104729,0,21,1050,21,0.23809523809523808,0.2634920634920635,0.23714285714285716,0.2584224041621115,0.9609523809523809,0.52,0.6666666666666666,2,3,3,True,39d7ae5b82b441021584f52daf5270560da2992950ea4d5bad0b7910880ea700
run_3e711cd526d8f6a5c2a4,FROZEN_ENCODER_LINEAR_HEAD_ADAPTATION,3,SURFACE_BALANCED,44,104729,0,21,1050,21,0.19047619047619047,0.16666666666666666,0.16952380952380952,0.14905683781962573,0.962857142857143,0.58,0.6666666666666666,2,3,3,False,f93a31ef0bff8f2c38b7ce86c66b30d9f58cd96c39e64c781ef50aced30ddb86
run_75d19184573a46bcdcd8,TARGET_ONLY_COSINE_PROTOTYPE,3,JOINT_FACTOR_COVERAGE,44,104729,0,21,1050,21,0.09523809523809523,0.07359307359307359,0.09523809523809523,0.07340807610172782,0.9933333333333333,0.94,0.8333333333333333,3,3,3,True,fb0dae0d287d385c83753b945b42cc119a3129084d179efbe199cda5ae1dfda5
run_a68c7577f03f04bbbdc6,FROZEN_ENCODER_LINEAR_HEAD_ADAPTATION,3,JOINT_FACTOR_COVERAGE,44,104729,0,21,1050,21,0.09523809523809523,0.06168831168831169,0.09428571428571429,0.0612151964610981,0.9895238095238097,0.92,0.8333333333333333,3,3,3,False,ce260dc69eb02f40d3d1dff7d966e4d54c54855b0f001981f6898e26e16f7631
run_72dce29174386ab34a0e,TARGET_ONLY_COSINE_PROTOTYPE,5,RANDOM_BLOCK,44,104729,0,35,1050,21,0.19047619047619047,0.19591836734693877,0.18666666666666668,0.19100049109176828,0.9885714285714287,0.92,0.775,3,3,5,True,452759b09069a95b875927901f6c2a718ff38feeb0de1e0c9a89c34f30882786
run_4bb4388f5c8239f1550f,FROZEN_ENCODER_LINEAR_HEAD_ADAPTATION,5,RANDOM_BLOCK,44,104729,0,35,1050,21,0.047619047619047616,0.047619047619047616,0.07428571428571429,0.07018849206349206,0.9580952380952381,0.5,0.775,3,3,5,True,f409feaa4bd67bf3c7bdcb9371b346dce67734a2c92f6c7e4608827eae9cbe05
run_e8fdb7339981c3136222,TARGET_ONLY_COSINE_PROTOTYPE,5,JOINT_FACTOR_COVERAGE,44,104729,0,35,1050,21,0.09523809523809523,0.09523809523809523,0.07333333333333333,0.07942238267148015,0.9638095238095239,0.6,0.775,3,3,5,True,f15872b4f511f6d2140f3478b3ae8dbe782d326c90bd72dec581a8a0611f4190
run_2f8cb094577a9ba4c4ab,FROZEN_ENCODER_LINEAR_HEAD_ADAPTATION,5,JOINT_FACTOR_COVERAGE,44,104729,0,35,1050,21,0.14285714285714285,0.13095238095238096,0.1419047619047619,0.13032464391164575,0.9838095238095238,0.92,0.775,3,3,5,True,9cdb0960b32e655b8bf1277a6752fa84afff587cc31b972ba9ee27dfe918e7c8
run_211691f5b8436bec3edc,TARGET_ONLY_COSINE_PROTOTYPE,1,RANDOM_BLOCK,44,130363,0,7,1050,21,0.19047619047619047,0.1578231292517007,0.19142857142857142,0.15806402293358815,0.9885714285714287,0.92,0.16666666666666666,1,1,1,True,6522445c40e66b8af400edeb34cb2aac23fdf09c9588a212575228e4230a849f
run_f6bd66c9632bb56d6c39,FROZEN_ENCODER_LINEAR_HEAD_ADAPTATION,1,RANDOM_BLOCK,44,130363,0,7,1050,21,0.14285714285714285,0.09740259740259741,0.1438095238095238,0.09955602153107045,0.9914285714285714,0.92,0.16666666666666666,1,1,1,True,17c0f7f106d5144ad4efccf6b0ce46f24309698f9b9e6a3cd9971772889c1df5
run_4cfcf1ba11777aa963d3,TARGET_ONLY_COSINE_PROTOTYPE,3,RANDOM_BLOCK,44,130363,0,21,1050,21,0.09523809523809523,0.07142857142857142,0.09523809523809523,0.06903466402122004,0.9723809523809525,0.62,0.5,2,2,3,True,6bb84ee0e82b95898f0f7eef111eb1b6fa1e69d9411ba41add7638058ef7792c
run_897035d9208c37ad8f3a,FROZEN_ENCODER_LINEAR_HEAD_ADAPTATION,3,RANDOM_BLOCK,44,130363,0,21,1050,21,0.09523809523809523,0.10317460317460317,0.10857142857142857,0.11957249832538516,0.9561904761904761,0.5,0.5,2,2,3,False,bcd1869d48efa159ab0fecead9bfbae4f7c19662d76d828231c8bc62965552b9
run_bb9dd533308331b47847,TARGET_ONLY_COSINE_PROTOTYPE,3,ER_BALANCED,44,130363,0,21,1050,21,0.09523809523809523,0.07359307359307359,0.09428571428571429,0.07246512466372687,0.9914285714285714,0.94,0.8333333333333333,3,3,3,True,b383079bab652fed5f9da40f55b4b0206110f52e1aba1bbc059df48ec259e656
run_0d56e9091e48c3c78bfa,FROZEN_ENCODER_LINEAR_HEAD_ADAPTATION,3,ER_BALANCED,44,130363,0,21,1050,21,0.047619047619047616,0.05714285714285715,0.049523809523809526,0.05983952933462049,0.9733333333333334,0.88,0.8333333333333333,3,3,3,False,0d278bbfaa72ab53756f54c53f724226a7dda730356602d7016b46239f23e02d
run_7984bb597677b50e6682,TARGET_ONLY_COSINE_PROTOTYPE,3,SURFACE_BALANCED,44,130363,0,21,1050,21,0.09523809523809523,0.07653061224489796,0.10857142857142857,0.08394301116673085,0.9714285714285715,0.72,0.75,2,3,3,True,76836ebd875915df46ffd2da5b315a4811ec72929be75daf1e530757af0d7997
run_8d351e918a236b0b6ab7,FROZEN_ENCODER_LINEAR_HEAD_ADAPTATION,3,SURFACE_BALANCED,44,130363,0,21,1050,21,0.14285714285714285,0.10769230769230768,0.14857142857142858,0.11029826574689719,0.9904761904761905,0.88,0.75,2,3,3,False,0b8b5af175f2a731dd6b524aa48aafe47b91e4e75bac546f8644590060819ed3
run_09b6bad76925384244f6,TARGET_ONLY_COSINE_PROTOTYPE,3,JOINT_FACTOR_COVERAGE,44,130363,0,21,1050,21,0.19047619047619047,0.14718614718614717,0.19333333333333333,0.14936671547967229,0.9866666666666666,0.92,0.8333333333333333,3,3,3,True,b20db4f65a65aeffdceb9a5f1f8e3ec21fdc64826a485574aa232e5791143bdd
run_db4b2584df5a21f6c0d5,FROZEN_ENCODER_LINEAR_HEAD_ADAPTATION,3,JOINT_FACTOR_COVERAGE,44,130363,0,21,1050,21,0.14285714285714285,0.15238095238095237,0.1419047619047619,0.15207539772757167,0.9838095238095238,0.92,0.8333333333333333,3,3,3,False,12a493644c83f636f791e56a8cc53e42af206e26d38505f12703d549ad2d639a
run_de3b5a9131cf16b284e7,TARGET_ONLY_COSINE_PROTOTYPE,5,RANDOM_BLOCK,44,130363,0,35,1050,21,0.14285714285714285,0.15,0.14285714285714285,0.15445060681285572,0.9847619047619047,0.92,0.775,3,3,5,True,ace69784f85a1d541985c2bbc644b3090143025d76443468ec97cad4bba389ee
run_ad93005b5f0d84b8d69d,FROZEN_ENCODER_LINEAR_HEAD_ADAPTATION,5,RANDOM_BLOCK,44,130363,0,35,1050,21,0.09523809523809523,0.08333333333333333,0.0980952380952381,0.0863702502997815,0.9780952380952382,0.88,0.775,3,3,5,True,13e797451930702c48bba6462e290fa5c1af995a767571eaad407cb7dc170acd
run_36ad514cec52ef8f020e,TARGET_ONLY_COSINE_PROTOTYPE,5,JOINT_FACTOR_COVERAGE,44,130363,0,35,1050,21,0.0,0.0,0.0,0.0,0.9866666666666668,0.92,0.775,3,3,5,True,20bf566e48028e2ea2b38ea8f7e8f3080e48190fa4232dc4f239e32d9c92d671
run_06e9fc0256836464d2e5,FROZEN_ENCODER_LINEAR_HEAD_ADAPTATION,5,JOINT_FACTOR_COVERAGE,44,130363,0,35,1050,21,0.047619047619047616,0.03571428571428571,0.05333333333333334,0.04106007885387657,0.9800000000000001,0.88,0.775,3,3,5,True,4246153f693bc84a258b9c45a9987a8df7c81bd85665d7399463e2848bf854b6
run_fcde150ee3c5af2d3e56,TARGET_ONLY_COSINE_PROTOTYPE,1,RANDOM_BLOCK,44,155921,0,7,1050,21,0.14285714285714285,0.1388888888888889,0.14285714285714285,0.13906126773466315,0.9857142857142859,0.88,0.16666666666666666,1,1,1,True,4e214668de34ec8db01efb72d2b6e185ec4d9c87ed476a9082dec70d02c14b8d
run_2de285e3f73f84fa8bbc,FROZEN_ENCODER_LINEAR_HEAD_ADAPTATION,1,RANDOM_BLOCK,44,155921,0,7,1050,21,0.14285714285714285,0.12414965986394556,0.1438095238095238,0.1267687494185213,0.980952380952381,0.88,0.16666666666666666,1,1,1,True,0b8f84af1507fafc19859068f334003aa01b641338e629fe65817afc738b175a
run_56fd28d0d2e44f4b1d80,TARGET_ONLY_COSINE_PROTOTYPE,3,RANDOM_BLOCK,44,155921,0,21,1050,21,0.047619047619047616,0.025974025974025976,0.04666666666666667,0.025408348457350273,0.9971428571428572,0.98,0.75,3,2,3,True,6ec986c85fbbbddc49fb3d6d2e629c1aaba6a017d77138d567cb252cbb579da2
run_e451efc006fd30b76815,FROZEN_ENCODER_LINEAR_HEAD_ADAPTATION,3,RANDOM_BLOCK,44,155921,0,21,1050,21,0.23809523809523808,0.18367346938775508,0.22476190476190477,0.17593130079299218,0.9752380952380952,0.74,0.75,3,2,3,False,2cd4f0efdc0df491cc1918d0d29ef16e3ab489db7c5475e6efa865d4718cd50b
run_168e19d5bb884e3841fd,TARGET_ONLY_COSINE_PROTOTYPE,3,ER_BALANCED,44,155921,0,21,1050,21,0.23809523809523808,0.21428571428571427,0.2342857142857143,0.20614561743594,0.9590476190476193,0.5,0.6666666666666666,3,2,3,True,33d093ca9cf8c7d8c34f2395168936a57512f04d3bc0020b880d086532bf524c
run_ad05c0dc1438c868d112,FROZEN_ENCODER_LINEAR_HEAD_ADAPTATION,3,ER_BALANCED,44,155921,0,21,1050,21,0.09523809523809523,0.09523809523809523,0.09714285714285714,0.09798682982225439,0.9923809523809524,0.94,0.6666666666666666,3,2,3,False,e68d97fe547ac7a1fa57147bea175d84cc41d99ceff5c9222921cb1050df3c88
run_76e279030a29c9e6b858,TARGET_ONLY_COSINE_PROTOTYPE,3,SURFACE_BALANCED,44,155921,0,21,1050,21,0.09523809523809523,0.07653061224489796,0.1,0.07868207523973446,0.9800000000000001,0.88,0.75,2,3,3,True,9ee99f7f5a99942f2afd54628f2cfea7a9a92217ac130272adc9cb559f8839c4
run_2b1d5e052197149fd8e8,FROZEN_ENCODER_LINEAR_HEAD_ADAPTATION,3,SURFACE_BALANCED,44,155921,0,21,1050,21,0.14285714285714285,0.10769230769230768,0.17142857142857143,0.14970713274197106,0.9676190476190476,0.52,0.75,2,3,3,False,3cfd19bf344038712f8ee11b32776ff85cc7bab0d7db3be479a1acbabf3b6df9
run_f14fc9626310be2e4f8c,TARGET_ONLY_COSINE_PROTOTYPE,3,JOINT_FACTOR_COVERAGE,44,155921,0,21,1050,21,0.09523809523809523,0.07359307359307359,0.09428571428571429,0.07246512466372687,0.9914285714285714,0.94,0.8333333333333333,3,3,3,True,364f84e54afcd946a66158401a7b206ca844e86d4b61a09f59799124a24b68e0
run_48e1bccefad2bbd44888,FROZEN_ENCODER_LINEAR_HEAD_ADAPTATION,3,JOINT_FACTOR_COVERAGE,44,155921,0,21,1050,21,0.09523809523809523,0.06679035250463822,0.09428571428571429,0.0670291499494702,0.9838095238095238,0.88,0.8333333333333333,3,3,3,False,296d03276c686deb569b0bc84e29c139f66c25651a199d9c80f50ea2da6e9fa5
run_ae08a68390cab012ab0c,TARGET_ONLY_COSINE_PROTOTYPE,5,RANDOM_BLOCK,44,155921,0,35,1050,21,0.19047619047619047,0.14502164502164502,0.19523809523809524,0.15030084953163822,0.9714285714285715,0.78,0.75,3,3,5,True,c83052dce326a7dcae78f48cba2ed765cc777c7464673a2042680d5af8d809c3
run_5f3204fd6ee5e679bc27,FROZEN_ENCODER_LINEAR_HEAD_ADAPTATION,5,RANDOM_BLOCK,44,155921,0,35,1050,21,0.23809523809523808,0.20714285714285713,0.2438095238095238,0.215775645851462,0.9857142857142857,0.88,0.75,3,3,5,True,2de86f73cf6b4fac538cbf521cd97bfc9b40fc4cf0867d8ba7b61b5e8564876b
run_700c95122db185116fd5,TARGET_ONLY_COSINE_PROTOTYPE,5,JOINT_FACTOR_COVERAGE,44,155921,0,35,1050,21,0.2857142857142857,0.3063492063492064,0.2742857142857143,0.2990422956655305,0.9771428571428571,0.86,0.775,3,3,5,True,4fb39b3e18ba4fbf11592c44e3580d080e6670d969f1bbdb34dde2e88fc13efb
run_a8088ec02d982162cde7,FROZEN_ENCODER_LINEAR_HEAD_ADAPTATION,5,JOINT_FACTOR_COVERAGE,44,155921,0,35,1050,21,0.19047619047619047,0.16666666666666666,0.19142857142857142,0.17004070078666852,0.9790476190476192,0.88,0.775,3,3,5,True,14ab908d7a1821f92154071da23c59ac0a8ca4fbda3028c267f3e175b70d82b2
run_14def3e6aeeff3f67088,TARGET_ONLY_COSINE_PROTOTYPE,1,RANDOM_BLOCK,44,181081,0,7,1050,21,0.047619047619047616,0.03571428571428571,0.047619047619047616,0.03571428571428571,0.9952380952380951,0.94,0.16666666666666666,1,1,1,True,2f78940f4e180aeb929b3dffa600ed3ad3455eeb013d44cfc485c9089e6b03aa
run_564170cc88fa34d7df0b,FROZEN_ENCODER_LINEAR_HEAD_ADAPTATION,1,RANDOM_BLOCK,44,181081,0,7,1050,21,0.14285714285714285,0.13605442176870747,0.14476190476190476,0.13661142176572819,0.9866666666666666,0.94,0.16666666666666666,1,1,1,True,bc327775233423c391ac868094f9c3f2b79c793e743fae71fdb44467c736dfb4
run_0ca041e5dca3094de092,TARGET_ONLY_COSINE_PROTOTYPE,3,RANDOM_BLOCK,44,181081,0,21,1050,21,0.23809523809523808,0.21789638932496075,0.23523809523809525,0.21395624834687488,0.9666666666666667,0.62,0.6666666666666666,3,2,3,True,bdcd18a3e05d93c1c7796d5fee52f5b90e7d565fe8fcbfc056154b7bfe87aeee
run_3d7cc9fa30737cdc8af5,FROZEN_ENCODER_LINEAR_HEAD_ADAPTATION,3,RANDOM_BLOCK,44,181081,0,21,1050,21,0.14285714285714285,0.12857142857142856,0.1419047619047619,0.12721504692575183,0.9952380952380954,0.94,0.6666666666666666,3,2,3,False,ce9c0d17051288a39fdab7572789f3fca3ce44766243a261c5ef377581fc4598
run_ad1793f72039edc8c5dd,TARGET_ONLY_COSINE_PROTOTYPE,3,ER_BALANCED,44,181081,0,21,1050,21,0.19047619047619047,0.14718614718614717,0.19333333333333333,0.1496923158052726,0.9857142857142857,0.92,0.8333333333333333,3,3,3,True,779ec04259bc51608597836b946c7891ae98d0262d9b12116f63a63a54cb617a
run_4c29d91133cd1a564eaa,FROZEN_ENCODER_LINEAR_HEAD_ADAPTATION,3,ER_BALANCED,44,181081,0,21,1050,21,0.14285714285714285,0.15238095238095237,0.1419047619047619,0.15258100537603644,0.9838095238095238,0.92,0.8333333333333333,3,3,3,False,4d7eaf27493f9e547f5adb0de5c767244dfbea6c129739f16294cd0cc18fe101
run_3a16ef801ce5fb3e44e3,TARGET_ONLY_COSINE_PROTOTYPE,3,SURFACE_BALANCED,44,181081,0,21,1050,21,0.047619047619047616,0.02197802197802198,0.047619047619047616,0.02204585537918871,0.9857142857142857,0.92,0.6666666666666666,2,3,3,True,379a0b0f659c41a3d7471532c0d90d9b638f8fcdbadda09e8416853a45461821
run_573adac050eaba870f9a,FROZEN_ENCODER_LINEAR_HEAD_ADAPTATION,3,SURFACE_BALANCED,44,181081,0,21,1050,21,0.09523809523809523,0.05952380952380952,0.09428571428571429,0.059669529323027444,0.9876190476190477,0.88,0.6666666666666666,2,3,3,False,870d8d01b36479f815382a30f236fbebe3160e1d07b8da7fc7842a03440f65c4
run_daa259c617d083ff7a4a,TARGET_ONLY_COSINE_PROTOTYPE,3,JOINT_FACTOR_COVERAGE,44,181081,0,21,1050,21,0.19047619047619047,0.14718614718614717,0.19333333333333333,0.1496923158052726,0.9857142857142857,0.92,0.8333333333333333,3,3,3,True,779ec04259bc51608597836b946c7891ae98d0262d9b12116f63a63a54cb617a
run_51d7fcee5ccbe4a77c55,FROZEN_ENCODER_LINEAR_HEAD_ADAPTATION,3,JOINT_FACTOR_COVERAGE,44,181081,0,21,1050,21,0.14285714285714285,0.15238095238095237,0.1419047619047619,0.15258100537603644,0.9838095238095238,0.92,0.8333333333333333,3,3,3,False,4d7eaf27493f9e547f5adb0de5c767244dfbea6c129739f16294cd0cc18fe101
run_67c651a40317ba38eae6,TARGET_ONLY_COSINE_PROTOTYPE,5,RANDOM_BLOCK,44,181081,0,35,1050,21,0.14285714285714285,0.12380952380952381,0.13904761904761906,0.12100876386590673,0.9857142857142859,0.94,0.775,3,3,5,True,065542e2f4d15a854635c7fa0845b0be378b840c1815e35f5e9cfa1b1c640d2b
run_206f286dcc80174204a7,FROZEN_ENCODER_LINEAR_HEAD_ADAPTATION,5,RANDOM_BLOCK,44,181081,0,35,1050,21,0.19047619047619047,0.15816326530612246,0.18476190476190477,0.15540003246052816,0.9723809523809523,0.66,0.775,3,3,5,True,1aac9fa30a59f131c6fcabcc08731911dcc5a4f976fd13eef574f91561073728
run_2a61ed164f09bf814ad2,TARGET_ONLY_COSINE_PROTOTYPE,5,JOINT_FACTOR_COVERAGE,44,181081,0,35,1050,21,0.0,0.0,0.0,0.0,0.9676190476190476,0.68,0.775,3,3,5,True,e477828d2ae140f04cce85e5cab3da327916ea0692a5d30b66ab67495bd4bdbe
run_0172795b71ec2ec63f7b,FROZEN_ENCODER_LINEAR_HEAD_ADAPTATION,5,JOINT_FACTOR_COVERAGE,44,181081,0,35,1050,21,0.09523809523809523,0.06679035250463822,0.1,0.07156527611123477,0.984761904761905,0.88,0.775,3,3,5,True,07c8f368470c375b32ad5a98df6062ed6a7c01d2cd6f710479683d0326f51cb6
run_97b7188292bd5488422d,TARGET_ONLY_COSINE_PROTOTYPE,1,RANDOM_BLOCK,44,205439,0,7,1050,21,0.09523809523809523,0.05194805194805195,0.09428571428571429,0.05367308213608024,0.9742857142857143,0.56,0.16666666666666666,1,1,1,True,b70172394f35ee0dc640ca6c70993090a3fe73ca3e19018a06943caea4954236
run_f560b262541302dd4383,FROZEN_ENCODER_LINEAR_HEAD_ADAPTATION,1,RANDOM_BLOCK,44,205439,0,7,1050,21,0.09523809523809523,0.08843537414965986,0.09428571428571429,0.08871633275560344,0.9838095238095238,0.82,0.16666666666666666,1,1,1,True,021a0ad012dc9e58cdd8bfb14144321dad4eb3a68d11ec8ac488424ae9fad910
run_c91b5c02c97f9b4f5660,TARGET_ONLY_COSINE_PROTOTYPE,3,RANDOM_BLOCK,44,205439,0,21,1050,21,0.23809523809523808,0.22155225726654296,0.23523809523809525,0.2189131937414035,0.9923809523809524,0.92,0.5833333333333333,2,2,3,True,c9d2830c4047a5cb7553be03cecc4bf437f6e6b9ab28147637c5a87052d0dc7f
run_9e4a084948158a6fd77b,FROZEN_ENCODER_LINEAR_HEAD_ADAPTATION,3,RANDOM_BLOCK,44,205439,0,21,1050,21,0.19047619047619047,0.19047619047619047,0.18761904761904763,0.1810734435970546,0.9714285714285715,0.5,0.5833333333333333,2,2,3,False,6b038b34e7218a30203d7480504e4de4f237b515e35c2590b0a2731fb8bce39e
run_5ed090a22fa4305d67c3,TARGET_ONLY_COSINE_PROTOTYPE,3,ER_BALANCED,44,205439,0,21,1050,21,0.14285714285714285,0.12698412698412698,0.14285714285714285,0.12720671236187217,0.9933333333333333,0.94,0.8333333333333333,3,3,3,True,bdf3d58d103ddad294bd5596fdef0521412eddda22ad15c6069444e847a93a73
run_429d6a7635d969af96b7,FROZEN_ENCODER_LINEAR_HEAD_ADAPTATION,3,ER_BALANCED,44,205439,0,21,1050,21,0.047619047619047616,0.03571428571428571,0.047619047619047616,0.03571428571428571,0.9904761904761905,0.92,0.8333333333333333,3,3,3,False,2d0c6960e3503d971efe856c529c97fcbd19e20710c809911d17cfe4ab00a180
run_c64ef179b58c80ac1e51,TARGET_ONLY_COSINE_PROTOTYPE,3,SURFACE_BALANCED,44,205439,0,21,1050,21,0.2857142857142857,0.286734693877551,0.2695238095238095,0.27471795906996865,0.9714285714285715,0.7,0.6666666666666666,2,3,3,True,ce7681d4d3bc2ca47424d71634ca4cc7579a8d46f8264fa6a9ffdcefc5458652
run_ca8929edf4662ac6b496,FROZEN_ENCODER_LINEAR_HEAD_ADAPTATION,3,SURFACE_BALANCED,44,205439,0,21,1050,21,0.19047619047619047,0.1626984126984127,0.17714285714285713,0.15354920303884873,0.9790476190476192,0.8,0.6666666666666666,2,3,3,False,10bba9f259b2021dbaa26cee6ccf2d9dc53db647b36d67d5455adabc7e4603aa
run_9c7d4c65fe7ca040c397,TARGET_ONLY_COSINE_PROTOTYPE,3,JOINT_FACTOR_COVERAGE,44,205439,0,21,1050,21,0.14285714285714285,0.12698412698412698,0.14285714285714285,0.12720671236187217,0.9933333333333333,0.94,0.8333333333333333,3,3,3,True,bdf3d58d103ddad294bd5596fdef0521412eddda22ad15c6069444e847a93a73
run_ddc998bbe8f312499698,FROZEN_ENCODER_LINEAR_HEAD_ADAPTATION,3,JOINT_FACTOR_COVERAGE,44,205439,0,21,1050,21,0.047619047619047616,0.03571428571428571,0.047619047619047616,0.03571428571428571,0.9904761904761905,0.92,0.8333333333333333,3,3,3,False,2d0c6960e3503d971efe856c529c97fcbd19e20710c809911d17cfe4ab00a180
run_f0d0c59c304972a3543e,TARGET_ONLY_COSINE_PROTOTYPE,5,RANDOM_BLOCK,44,205439,0,35,1050,21,0.19047619047619047,0.16645021645021643,0.18761904761904763,0.164411524442057,0.980952380952381,0.92,0.775,3,3,5,True,ad8937c8605787ea7c033c6e37b2c84ebaa7821bb166f09bc1058aea87555e4b
run_e2d264e358fc3f7cbe2d,FROZEN_ENCODER_LINEAR_HEAD_ADAPTATION,5,RANDOM_BLOCK,44,205439,0,35,1050,21,0.23809523809523808,0.20816326530612245,0.23142857142857143,0.20421370484030105,0.9800000000000001,0.92,0.775,3,3,5,True,bb6fadef63c9a080d07a7797202ff835bfe4ede1dfb1710fa538d66c4a6761f0
run_bb79830a53b4df9144b4,TARGET_ONLY_COSINE_PROTOTYPE,5,JOINT_FACTOR_COVERAGE,44,205439,0,35,1050,21,0.19047619047619047,0.16645021645021643,0.18761904761904763,0.164411524442057,0.980952380952381,0.92,0.775,3,3,5,True,ad8937c8605787ea7c033c6e37b2c84ebaa7821bb166f09bc1058aea87555e4b
run_39c564f378fbd69fc283,FROZEN_ENCODER_LINEAR_HEAD_ADAPTATION,5,JOINT_FACTOR_COVERAGE,44,205439,0,35,1050,21,0.23809523809523808,0.20816326530612245,0.23142857142857143,0.20421370484030105,0.9800000000000001,0.92,0.775,3,3,5,True,bb6fadef63c9a080d07a7797202ff835bfe4ede1dfb1710fa538d66c4a6761f0
run_e13954908ef3fa9721e9,FS0_FROZEN_SOURCE_HEAD,0,FS0_FROZEN_SOURCE_HEAD,44,104729,1,0,1050,21,0.047619047619047616,0.023809523809523808,0.04857142857142857,0.02754599376696491,0.9723809523809525,0.8,,,,,True,ca8f28ba9a6faadef1613d2d3210b388a7377ff66c954ab55246d551e29819c2
run_2183bdd2092d69d61514,FS0_FROZEN_SOURCE_HEAD,0,FS0_FROZEN_SOURCE_HEAD,44,130363,1,0,1050,21,0.047619047619047616,0.023809523809523808,0.04857142857142857,0.02754599376696491,0.9723809523809525,0.8,,,,,True,ca8f28ba9a6faadef1613d2d3210b388a7377ff66c954ab55246d551e29819c2
run_2c77ec2aa9b24add348c,FS0_FROZEN_SOURCE_HEAD,0,FS0_FROZEN_SOURCE_HEAD,44,155921,1,0,1050,21,0.047619047619047616,0.023809523809523808,0.04857142857142857,0.02754599376696491,0.9723809523809525,0.8,,,,,True,ca8f28ba9a6faadef1613d2d3210b388a7377ff66c954ab55246d551e29819c2
run_199baaaab6535ba8ca65,FS0_FROZEN_SOURCE_HEAD,0,FS0_FROZEN_SOURCE_HEAD,44,181081,1,0,1050,21,0.047619047619047616,0.023809523809523808,0.04857142857142857,0.02754599376696491,0.9723809523809525,0.8,,,,,True,ca8f28ba9a6faadef1613d2d3210b388a7377ff66c954ab55246d551e29819c2
run_5438646d2764584cab61,FS0_FROZEN_SOURCE_HEAD,0,FS0_FROZEN_SOURCE_HEAD,44,205439,1,0,1050,21,0.047619047619047616,0.023809523809523808,0.04857142857142857,0.02754599376696491,0.9723809523809525,0.8,,,,,True,ca8f28ba9a6faadef1613d2d3210b388a7377ff66c954ab55246d551e29819c2
run_1a1c931bf869763567da,TARGET_ONLY_COSINE_PROTOTYPE,1,RANDOM_BLOCK,44,104729,1,7,1050,21,0.14285714285714285,0.1090909090909091,0.16285714285714287,0.13121732649585963,0.962857142857143,0.58,0.16666666666666666,1,1,1,True,56248e34bcea5954f45949964738a3041db56b0a489fcac430157afed837f73d
run_f60169f05cda5a2159af,FROZEN_ENCODER_LINEAR_HEAD_ADAPTATION,1,RANDOM_BLOCK,44,104729,1,7,1050,21,0.047619047619047616,0.025974025974025976,0.047619047619047616,0.027210884353741496,0.9647619047619048,0.58,0.16666666666666666,1,1,1,True,f547764839c6801453d5dfd7245b756b222af19f9930e181b253ef41a6bae4a3
run_505eec6c159d12080e66,TARGET_ONLY_COSINE_PROTOTYPE,3,RANDOM_BLOCK,44,104729,1,21,1050,21,0.19047619047619047,0.17687074829931973,0.17047619047619048,0.15632086936434764,0.9638095238095239,0.7,0.6666666666666666,3,2,3,True,6c7b4dc5f7141cb2cff8336a9f171e7d1534ae33f42d227c5d4101808827a4c7
run_efe9c6413d86eea8aff0,FROZEN_ENCODER_LINEAR_HEAD_ADAPTATION,3,RANDOM_BLOCK,44,104729,1,21,1050,21,0.047619047619047616,0.031746031746031744,0.05047619047619047,0.034824254399919624,0.961904761904762,0.64,0.6666666666666666,3,2,3,False,0cfc3b1dfe87f523f17e2af02102e503f695369b5554f7ff0cbd367289dad0f0
run_1fad5d8a4ce75ea032f0,TARGET_ONLY_COSINE_PROTOTYPE,3,ER_BALANCED,44,104729,1,21,1050,21,0.23809523809523808,0.2593073593073593,0.2057142857142857,0.22245213471174247,0.9552380952380952,0.58,0.75,3,2,3,True,4fe6c4fa199cdc96b1b894e41346cb55bb3e8906a0e69fa41f9b281a298b714d
run_876c134bfab02fa07643,FROZEN_ENCODER_LINEAR_HEAD_ADAPTATION,3,ER_BALANCED,44,104729,1,21,1050,21,0.09523809523809523,0.09285714285714286,0.0980952380952381,0.09612164979392872,0.9514285714285714,0.64,0.75,3,2,3,False,2eddb672678491e56273865e7b782c9e272ebe578173cdfd53698c490650ac97
run_15699df00ac91a54074e,TARGET_ONLY_COSINE_PROTOTYPE,3,SURFACE_BALANCED,44,104729,1,21,1050,21,0.14285714285714285,0.09999999999999999,0.14095238095238094,0.10085699383417365,0.9771428571428571,0.8,0.8333333333333333,3,3,3,True,642045bdb5d41d125e494992d12b87eb898dd202235acbf2032eedac520ad7cf
run_32f3d4ce01882e603695,FROZEN_ENCODER_LINEAR_HEAD_ADAPTATION,3,SURFACE_BALANCED,44,104729,1,21,1050,21,0.047619047619047616,0.028571428571428574,0.05142857142857143,0.03397617629080555,0.9657142857142857,0.64,0.8333333333333333,3,3,3,False,828cb1b8f93862b9a9bea118fd8565be49508d3fac5b0e36ed42ebce2b45d702
run_0dc386cfa62767af7f4f,TARGET_ONLY_COSINE_PROTOTYPE,3,JOINT_FACTOR_COVERAGE,44,104729,1,21,1050,21,0.19047619047619047,0.19081632653061226,0.1742857142857143,0.1732379209172176,0.9666666666666667,0.7,0.8333333333333333,3,3,3,True,22f8d248db5644ad04b37bb4d41399b92bbfbd065b4f16e8b92ee51bb0d4b576
run_430173343d95109b2473,FROZEN_ENCODER_LINEAR_HEAD_ADAPTATION,3,JOINT_FACTOR_COVERAGE,44,104729,1,21,1050,21,0.09523809523809523,0.06746031746031746,0.08952380952380952,0.072733069973412,0.9561904761904761,0.7,0.8333333333333333,3,3,3,False,9734feed43fdcc711bebea88d154308d8574470ee0488610da3c59e533e63eea
run_bb0b34fcbe9da43a6461,TARGET_ONLY_COSINE_PROTOTYPE,5,RANDOM_BLOCK,44,104729,1,35,1050,21,0.14285714285714285,0.14025974025974028,0.14476190476190476,0.1374793481936339,0.9380952380952382,0.5,0.75,3,3,5,True,21343d1a86518393af0f0faec6ce014500130966ac4c9754ec6cdddf9920ba37
run_399493751fa89309d5e0,FROZEN_ENCODER_LINEAR_HEAD_ADAPTATION,5,RANDOM_BLOCK,44,104729,1,35,1050,21,0.19047619047619047,0.1349206349206349,0.1742857142857143,0.12940713578536742,0.9485714285714286,0.58,0.75,3,3,5,True,8153715956f673609d10a1011511a64e651da3e55e340366d5acda307682ff7b
run_c5da2ff4a168f35a9528,TARGET_ONLY_COSINE_PROTOTYPE,5,JOINT_FACTOR_COVERAGE,44,104729,1,35,1050,21,0.19047619047619047,0.1790352504638219,0.18571428571428572,0.17660216463298803,0.9723809523809525,0.8,0.8,3,3,5,True,e56b3281b07629417564bba06267ffbb0f26f64cee9e8397ae659bf49020fd59
run_4d370494b64428dfb99a,FROZEN_ENCODER_LINEAR_HEAD_ADAPTATION,5,JOINT_FACTOR_COVERAGE,44,104729,1,35,1050,21,0.19047619047619047,0.12925170068027209,0.2057142857142857,0.15258475586625422,0.9285714285714286,0.42,0.8,3,3,5,True,88e5a08e43c406e3d94b6558491a5c9ca7f1b06a6c435b9c7dc9ff27db683b83
run_c1111b7bcefe1c66b807,TARGET_ONLY_COSINE_PROTOTYPE,1,RANDOM_BLOCK,44,130363,1,7,1050,21,0.09523809523809523,0.10317460317460317,0.09904761904761905,0.10631713736135873,0.9914285714285714,0.92,0.16666666666666666,1,1,1,True,78bbd3c64dd2c650b723cbb0cbc8fb0ccdc70291e7bdc5ad20dd4802bff5f71d
run_797aefc24180412c0098,FROZEN_ENCODER_LINEAR_HEAD_ADAPTATION,1,RANDOM_BLOCK,44,130363,1,7,1050,21,0.09523809523809523,0.05612244897959184,0.09333333333333334,0.05949874483763867,0.9733333333333334,0.8,0.16666666666666666,1,1,1,True,830b09be1aedac45986b235e340adea2a6f4e222289f6495aa0369bad84b0d6c
run_63ab1a2f3c0745cc65ff,TARGET_ONLY_COSINE_PROTOTYPE,3,RANDOM_BLOCK,44,130363,1,21,1050,21,0.23809523809523808,0.23821892393320968,0.2180952380952381,0.21811069307765732,0.9514285714285714,0.58,0.75,3,2,3,True,8c854e64fa985e73b1f7649d45ee30bee6ac047a7f5d8ecca2f19ac47b64adff
run_ca638f88380cc7902b8b,FROZEN_ENCODER_LINEAR_HEAD_ADAPTATION,3,RANDOM_BLOCK,44,130363,1,21,1050,21,0.09523809523809523,0.09285714285714286,0.0980952380952381,0.09151809239685546,0.9676190476190476,0.58,0.75,3,2,3,False,a699a04ab8054667cc5226ab787a90aa584f93253a914291dd8346ef38e4c183
run_6fe96360995b43e9b822,TARGET_ONLY_COSINE_PROTOTYPE,3,ER_BALANCED,44,130363,1,21,1050,21,0.14285714285714285,0.1619047619047619,0.14095238095238094,0.14778652049418678,0.9419047619047619,0.62,0.6666666666666666,3,2,3,True,bdf345f4856eeb50c51345bdbb9a027688e6e5a0851322e7583f4d96d144e7ac
run_ae83b23fd9c3b317e054,FROZEN_ENCODER_LINEAR_HEAD_ADAPTATION,3,ER_BALANCED,44,130363,1,21,1050,21,0.09523809523809523,0.07619047619047618,0.09047619047619047,0.07259756043707757,0.9390476190476191,0.5,0.6666666666666666,3,2,3,False,89a54c7bf85f3fdea5fb04af1407ec37037deb20395927ddf2252f6a08bd63b1
run_cb45e108a436af84d272,TARGET_ONLY_COSINE_PROTOTYPE,3,SURFACE_BALANCED,44,130363,1,21,1050,21,0.19047619047619047,0.23333333333333334,0.17047619047619048,0.21190262031316912,0.962857142857143,0.7,0.75,2,3,3,True,998fefe2898426287fab499372de709f8ac1ac343d0a50ec62aded02e4b94a0d
run_741b3c4261faa69fc771,FROZEN_ENCODER_LINEAR_HEAD_ADAPTATION,3,SURFACE_BALANCED,44,130363,1,21,1050,21,0.047619047619047616,0.03571428571428571,0.05047619047619047,0.039722452488409936,0.9438095238095239,0.58,0.75,2,3,3,False,ee57c5e0e3c38c01c0ed5a4874df2a0c05a9a8f76bd21fa2bb35deaadb4b1e4d
run_f420d96bcdd519892957,TARGET_ONLY_COSINE_PROTOTYPE,3,JOINT_FACTOR_COVERAGE,44,130363,1,21,1050,21,0.14285714285714285,0.09999999999999999,0.14095238095238094,0.10085699383417365,0.9771428571428571,0.8,0.8333333333333333,3,3,3,True,642045bdb5d41d125e494992d12b87eb898dd202235acbf2032eedac520ad7cf
run_df1a30c5985bd9d4e5cc,FROZEN_ENCODER_LINEAR_HEAD_ADAPTATION,3,JOINT_FACTOR_COVERAGE,44,130363,1,21,1050,21,0.047619047619047616,0.028571428571428574,0.05142857142857143,0.03397617629080555,0.9657142857142857,0.64,0.8333333333333333,3,3,3,False,1d394c6c9422620828fa2db8728f1ea6f6f6fcb25b3e65b2402908c5535c261f
run_09506d4d046b0331ac20,TARGET_ONLY_COSINE_PROTOTYPE,5,RANDOM_BLOCK,44,130363,1,35,1050,21,0.19047619047619047,0.19047619047619047,0.1742857142857143,0.17326572060778286,0.946666666666667,0.58,0.75,3,3,5,True,e56683c405459c52eb219389116f04c774a04b2d34bdbad3aeb2a27c249e058b
run_d3e2c3ab765f661f4739,FROZEN_ENCODER_LINEAR_HEAD_ADAPTATION,5,RANDOM_BLOCK,44,130363,1,35,1050,21,0.09523809523809523,0.06349206349206349,0.09714285714285714,0.06687234207904685,0.983809523809524,0.8,0.75,3,3,5,True,ace944d72b7b763ca2199d65d8760c9b66e2ca092eada72fa4ddc150963de61e
run_5dcdd06b9b6e0812c527,TARGET_ONLY_COSINE_PROTOTYPE,5,JOINT_FACTOR_COVERAGE,44,130363,1,35,1050,21,0.19047619047619047,0.1790352504638219,0.17333333333333334,0.16159408533200154,0.9638095238095239,0.7,0.8,3,3,5,True,d89e9ab435d52ecfc78f06c2a7011675f1684bd86cb3f49b0531cb1b87d32148
run_14f114a5f1fbedc746db,FROZEN_ENCODER_LINEAR_HEAD_ADAPTATION,5,JOINT_FACTOR_COVERAGE,44,130363,1,35,1050,21,0.19047619047619047,0.12925170068027209,0.19428571428571428,0.1400046623179076,0.9561904761904763,0.58,0.8,3,3,5,True,abfee1bd0c657df446fa313c8e38921adf9734b449392570d24abfc58b6514cd
run_1930ddcfdf2d81917858,TARGET_ONLY_COSINE_PROTOTYPE,1,RANDOM_BLOCK,44,155921,1,7,1050,21,0.14285714285714285,0.1090909090909091,0.16285714285714287,0.13622642636061394,0.962857142857143,0.58,0.16666666666666666,1,1,1,True,6c397a9716a9761890d487ff11048b899d10ea1ad56d1c8ef8cb9ef0301f009e
run_9f368d178a8d3f5d88da,FROZEN_ENCODER_LINEAR_HEAD_ADAPTATION,1,RANDOM_BLOCK,44,155921,1,7,1050,21,0.047619047619047616,0.025974025974025976,0.047619047619047616,0.027210884353741496,0.9647619047619048,0.58,0.16666666666666666,1,1,1,True,f547764839c6801453d5dfd7245b756b222af19f9930e181b253ef41a6bae4a3
run_db69feb1de9dbc2f46e2,TARGET_ONLY_COSINE_PROTOTYPE,3,RANDOM_BLOCK,44,155921,1,21,1050,21,0.14285714285714285,0.11224489795918367,0.1380952380952381,0.11077836165765025,0.9723809523809525,0.8,0.6666666666666666,3,2,3,True,03f59c9d209024376f29d40d899c394faf1e59f18aca7cd3f7eca227822c1a65
run_3ae40f73e5c5419e408b,FROZEN_ENCODER_LINEAR_HEAD_ADAPTATION,3,RANDOM_BLOCK,44,155921,1,21,1050,21,0.047619047619047616,0.028571428571428574,0.05047619047619047,0.034898962888392525,0.9495238095238095,0.58,0.6666666666666666,3,2,3,False,b045a7e5e76abcb937487022e11590a1afc4b9d018f0912a4088f7bed44cdc8e
run_74e2639861bfaed6e93f,TARGET_ONLY_COSINE_PROTOTYPE,3,ER_BALANCED,44,155921,1,21,1050,21,0.14285714285714285,0.11224489795918367,0.1380952380952381,0.11077836165765025,0.9723809523809525,0.8,0.6666666666666666,3,2,3,True,03f59c9d209024376f29d40d899c394faf1e59f18aca7cd3f7eca227822c1a65
run_5332b71186061bd5bb5f,FROZEN_ENCODER_LINEAR_HEAD_ADAPTATION,3,ER_BALANCED,44,155921,1,21,1050,21,0.047619047619047616,0.028571428571428574,0.05047619047619047,0.034898962888392525,0.9495238095238095,0.58,0.6666666666666666,3,2,3,False,b045a7e5e76abcb937487022e11590a1afc4b9d018f0912a4088f7bed44cdc8e
run_6f6342b5f7402f5e77d9,TARGET_ONLY_COSINE_PROTOTYPE,3,SURFACE_BALANCED,44,155921,1,21,1050,21,0.14285714285714285,0.09999999999999999,0.14095238095238094,0.10085699383417365,0.9771428571428571,0.8,0.8333333333333333,3,3,3,True,642045bdb5d41d125e494992d12b87eb898dd202235acbf2032eedac520ad7cf
run_6487be3c335f951ca651,FROZEN_ENCODER_LINEAR_HEAD_ADAPTATION,3,SURFACE_BALANCED,44,155921,1,21,1050,21,0.047619047619047616,0.028571428571428574,0.05142857142857143,0.03397617629080555,0.9657142857142857,0.64,0.8333333333333333,3,3,3,False,828cb1b8f93862b9a9bea118fd8565be49508d3fac5b0e36ed42ebce2b45d702
run_666c717d700636647fbd,TARGET_ONLY_COSINE_PROTOTYPE,3,JOINT_FACTOR_COVERAGE,44,155921,1,21,1050,21,0.14285714285714285,0.09999999999999999,0.14095238095238094,0.10085699383417365,0.9771428571428571,0.8,0.8333333333333333,3,3,3,True,642045bdb5d41d125e494992d12b87eb898dd202235acbf2032eedac520ad7cf
run_fa42c1c9bb36b2e7270a,FROZEN_ENCODER_LINEAR_HEAD_ADAPTATION,3,JOINT_FACTOR_COVERAGE,44,155921,1,21,1050,21,0.047619047619047616,0.028571428571428574,0.05142857142857143,0.03397617629080555,0.9657142857142857,0.64,0.8333333333333333,3,3,3,False,828cb1b8f93862b9a9bea118fd8565be49508d3fac5b0e36ed42ebce2b45d702
run_6999803ae032077400a8,TARGET_ONLY_COSINE_PROTOTYPE,5,RANDOM_BLOCK,44,155921,1,35,1050,21,0.14285714285714285,0.11020408163265305,0.14095238095238094,0.11018130378454363,0.9457142857142857,0.58,0.775,3,3,5,True,b86c8280ee825696c65921a0b9959639cb4c9edf631a8376e4c955ee579d1948
run_66bc28c07650db0ec8b3,FROZEN_ENCODER_LINEAR_HEAD_ADAPTATION,5,RANDOM_BLOCK,44,155921,1,35,1050,21,0.14285714285714285,0.1336734693877551,0.14285714285714285,0.13460324877272606,0.9457142857142857,0.58,0.775,3,3,5,True,2d8d38fa75eb965689dc375599f8539be76945f07554df4d6f81dc5188074230
run_97f634e9d67e5ec2742e,TARGET_ONLY_COSINE_PROTOTYPE,5,JOINT_FACTOR_COVERAGE,44,155921,1,35,1050,21,0.19047619047619047,0.1790352504638219,0.1761904761904762,0.16262787760787686,0.9580952380952381,0.58,0.8,3,3,5,True,aeaf648533ddb6cc5159281c7988782e2a07ab439f59402c9183c79d144d4ff4
run_b016ae1bfe2b68b5d1b0,FROZEN_ENCODER_LINEAR_HEAD_ADAPTATION,5,JOINT_FACTOR_COVERAGE,44,155921,1,35,1050,21,0.19047619047619047,0.1391941391941392,0.19428571428571428,0.14879685205028967,0.965714285714286,0.8,0.8,3,3,5,True,75d10918186c511b924ea2211aefa3d8c8f13610ef69e8ec307d830bdd91dc0e
run_450c2ef96ee6484b8e14,TARGET_ONLY_COSINE_PROTOTYPE,1,RANDOM_BLOCK,44,181081,1,7,1050,21,0.14285714285714285,0.11904761904761904,0.1438095238095238,0.12087194923657256,0.9714285714285715,0.7,0.16666666666666666,1,1,1,True,81ebc9bda9072674d5703e34058f698629385c1fceba93dee055690cdc1d295d
run_1cfb3d0e3d8d8b3ba4e9,FROZEN_ENCODER_LINEAR_HEAD_ADAPTATION,1,RANDOM_BLOCK,44,181081,1,7,1050,21,0.0,0.0,0.0038095238095238095,0.002605469065096394,0.9695238095238097,0.8,0.16666666666666666,1,1,1,True,c759230b58b65e661bcd1ef4adbe207122ed6222eb916712b46e2136014d300d
run_507cd222a6c7280b272c,TARGET_ONLY_COSINE_PROTOTYPE,3,RANDOM_BLOCK,44,181081,1,21,1050,21,0.23809523809523808,0.21428571428571427,0.23238095238095238,0.20952710405607874,0.9761904761904762,0.8,0.5,2,2,3,True,a894ce6f3ddba90220527b274d7383be61c2b968fa65f7ab474b54d9b0d69d15
run_4978350b370ceeb1990f,FROZEN_ENCODER_LINEAR_HEAD_ADAPTATION,3,RANDOM_BLOCK,44,181081,1,21,1050,21,0.047619047619047616,0.04081632653061224,0.06285714285714286,0.049952310821235704,0.9504761904761905,0.64,0.5,2,2,3,False,3a517e635af40a87dd961f69654015beabfc273084f3959b3c0f353475af258f
run_c89589555a2d7badc62f,TARGET_ONLY_COSINE_PROTOTYPE,3,ER_BALANCED,44,181081,1,21,1050,21,0.19047619047619047,0.19047619047619047,0.1742857142857143,0.17254512820458073,0.9657142857142857,0.7,0.6666666666666666,3,2,3,True,9ca3442bdd29e1a94965f5a5c46e06f44f0f771a46f6856d1597192110835e90
run_faefcfea44985a8ea355,FROZEN_ENCODER_LINEAR_HEAD_ADAPTATION,3,ER_BALANCED,44,181081,1,21,1050,21,0.047619047619047616,0.031746031746031744,0.05047619047619047,0.034824254399919624,0.961904761904762,0.64,0.6666666666666666,3,2,3,False,62134af90cb889f8422fc0e0284933446a51716ddd25f8058e03ff5ca8e76e1e
run_89f2be14057a0cac417d,TARGET_ONLY_COSINE_PROTOTYPE,3,SURFACE_BALANCED,44,181081,1,21,1050,21,0.19047619047619047,0.23333333333333334,0.17047619047619048,0.21190262031316912,0.962857142857143,0.7,0.75,2,3,3,True,998fefe2898426287fab499372de709f8ac1ac343d0a50ec62aded02e4b94a0d
run_c455f6f613d9bd428463,FROZEN_ENCODER_LINEAR_HEAD_ADAPTATION,3,SURFACE_BALANCED,44,181081,1,21,1050,21,0.047619047619047616,0.04081632653061224,0.05047619047619047,0.04397279243343987,0.9609523809523809,0.58,0.75,2,3,3,False,f126a28ce7d399b7920f0d7b430defe7578e49b63965a00b124af89ed8f194cc
run_886fc97bc5383e56cfda,TARGET_ONLY_COSINE_PROTOTYPE,3,JOINT_FACTOR_COVERAGE,44,181081,1,21,1050,21,0.14285714285714285,0.11904761904761904,0.14095238095238094,0.11835334544983049,0.9685714285714287,0.8,0.8333333333333333,3,3,3,True,935360db7a4696c6d8681b9da2e0e52babd2392af5d3c31562f6ed8664a4af52
run_1a2b2a9d5fa00ed4fd47,FROZEN_ENCODER_LINEAR_HEAD_ADAPTATION,3,JOINT_FACTOR_COVERAGE,44,181081,1,21,1050,21,0.047619047619047616,0.028571428571428574,0.05142857142857143,0.03397617629080555,0.9685714285714285,0.64,0.8333333333333333,3,3,3,False,93d84dac3b52cc43e7ea36fec00358d90506bc63cf3ff98bbd9f950dee21d6f4
run_16789ab8dd60e340b8f0,TARGET_ONLY_COSINE_PROTOTYPE,5,RANDOM_BLOCK,44,181081,1,35,1050,21,0.14285714285714285,0.10544217687074829,0.14095238095238094,0.10555455184491438,0.959047619047619,0.58,0.75,3,3,5,True,4554e4b9eb2586a0dcf07e67a37fd4f9adbc035c86bd4d416eeecf9a082bbb60
run_08e7ab31f32d237837de,FROZEN_ENCODER_LINEAR_HEAD_ADAPTATION,5,RANDOM_BLOCK,44,181081,1,35,1050,21,0.14285714285714285,0.08888888888888889,0.13523809523809524,0.08683699187749594,0.9514285714285714,0.58,0.75,3,3,5,True,f2a2988bdfa2b3abf27ea8e2e016549739afbf0642e763eef9546bee433c9d8b
run_35cf2ca2dad7120e44c5,TARGET_ONLY_COSINE_PROTOTYPE,5,JOINT_FACTOR_COVERAGE,44,181081,1,35,1050,21,0.19047619047619047,0.1790352504638219,0.17047619047619048,0.15972537638028111,0.9580952380952381,0.7,0.8,3,3,5,True,614c5cfde62942bf63142644ce4996bb2fa3d4a4fec36a44052eb023c5d47b1a
run_864abd96cb48492b8ca7,FROZEN_ENCODER_LINEAR_HEAD_ADAPTATION,5,JOINT_FACTOR_COVERAGE,44,181081,1,35,1050,21,0.19047619047619047,0.12063492063492064,0.18476190476190477,0.11897404588991393,0.9361904761904762,0.5,0.8,3,3,5,True,b3b28b94d5c8d59907574f8785b9909633351489a1f7413bb027defc6b65cfd1
run_49acc631f07f5154f8a1,TARGET_ONLY_COSINE_PROTOTYPE,1,RANDOM_BLOCK,44,205439,1,7,1050,21,0.047619047619047616,0.07142857142857142,0.047619047619047616,0.07113885049015246,0.984761904761905,0.8,0.16666666666666666,1,1,1,True,16d20f33ea735ca7c64509f896ca703decdb9e3682778c90c52e7bad9f76447c
run_324ce652a0cd8cda316d,FROZEN_ENCODER_LINEAR_HEAD_ADAPTATION,1,RANDOM_BLOCK,44,205439,1,7,1050,21,0.047619047619047616,0.025974025974025976,0.05142857142857143,0.029315725277353006,0.9847619047619047,0.86,0.16666666666666666,1,1,1,True,91dcc7563b7bd02c032df0063f055d5e4f65473315d8822ab7984296d5e0f77f
run_088ac7c4b6cc8f0a643b,TARGET_ONLY_COSINE_PROTOTYPE,3,RANDOM_BLOCK,44,205439,1,21,1050,21,0.14285714285714285,0.12244897959183673,0.1380952380952381,0.12050033098533773,0.9761904761904762,0.8,0.6666666666666666,3,2,3,True,f72ecac0f9fc807b327b2db586cfb358a26e074652814b757229d4cee7adca90
run_6b1c5c9eb71d15d06247,FROZEN_ENCODER_LINEAR_HEAD_ADAPTATION,3,RANDOM_BLOCK,44,205439,1,21,1050,21,0.047619047619047616,0.04081632653061224,0.05142857142857143,0.04381778040207906,0.980952380952381,0.8,0.6666666666666666,3,2,3,False,5612213423410820da9bb90b6a900a5d4b8fcd8c9d1d4f23ca00353504aaddd5
run_31fba671e501437feda3,TARGET_ONLY_COSINE_PROTOTYPE,3,ER_BALANCED,44,205439,1,21,1050,21,0.19047619047619047,0.16666666666666669,0.18761904761904763,0.1733772202989343,0.9628571428571429,0.8,0.75,3,2,3,True,2d709a18fe29d8431ede9c1c66ed977d0a86b08665677d484ba602d390344c30
run_31418734ca0d65764e3e,FROZEN_ENCODER_LINEAR_HEAD_ADAPTATION,3,ER_BALANCED,44,205439,1,21,1050,21,0.047619047619047616,0.031746031746031744,0.05142857142857143,0.035645272462316996,0.9733333333333334,0.64,0.75,3,2,3,False,cb1a843fa292a36c5f1f5745b0ae4203b8bfa57ba39e4a8f69282079d6e842cd
run_eb3c6276e0d4ffa0f684,TARGET_ONLY_COSINE_PROTOTYPE,3,SURFACE_BALANCED,44,205439,1,21,1050,21,0.14285714285714285,0.16031746031746033,0.1438095238095238,0.1663921563540585,0.9761904761904764,0.86,0.6666666666666666,2,3,3,True,76d736e29c2f706f9d1d3c432b5ecd025639ff6140b0e54afc9a8ece1f6f2553
run_c6480e778eb42de21ab6,FROZEN_ENCODER_LINEAR_HEAD_ADAPTATION,3,SURFACE_BALANCED,44,205439,1,21,1050,21,0.047619047619047616,0.03571428571428571,0.05142857142857143,0.03969883471205854,0.9685714285714285,0.7,0.6666666666666666,2,3,3,False,d99efe39b99742cb3e0f39ce9bcae518f45945c29b6412e5eb8251feef1c1381
run_8511904c6dc67b7a58df,TARGET_ONLY_COSINE_PROTOTYPE,3,JOINT_FACTOR_COVERAGE,44,205439,1,21,1050,21,0.14285714285714285,0.1336734693877551,0.14,0.13039999980129674,0.980952380952381,0.8,0.8333333333333333,3,3,3,True,410b79e1599164233f24aff83af0768dcf3db790c6dbed8326d7d2b42a95a157
run_5641cec0af2461d2b16c,FROZEN_ENCODER_LINEAR_HEAD_ADAPTATION,3,JOINT_FACTOR_COVERAGE,44,205439,1,21,1050,21,0.14285714285714285,0.14285714285714285,0.12476190476190477,0.13006311481263397,0.9533333333333335,0.58,0.8333333333333333,3,3,3,False,d2109a1f6d29ebe37d2b0555683703b7359a2329c46a6a9f0be290fbfc5c0465
run_bf13f64a3a64a6841ad2,TARGET_ONLY_COSINE_PROTOTYPE,5,RANDOM_BLOCK,44,205439,1,35,1050,21,0.19047619047619047,0.17142857142857143,0.1676190476190476,0.1470902116150364,0.9514285714285714,0.58,0.8,3,3,5,True,bf15a1a81d90532ee30db362b84aa037bf6745f3049345fb22b6e45bd212b519
run_8090fedc4fd1362bcfe3,FROZEN_ENCODER_LINEAR_HEAD_ADAPTATION,5,RANDOM_BLOCK,44,205439,1,35,1050,21,0.19047619047619047,0.11544011544011544,0.18857142857142858,0.12038788808240708,0.9561904761904763,0.58,0.8,3,3,5,True,192de574c812736640b3a2e42f622ba7cd41f33cd376c3bc9ab4a0a8963f1dcb
run_ccb6277508e1a98f0e61,TARGET_ONLY_COSINE_PROTOTYPE,5,JOINT_FACTOR_COVERAGE,44,205439,1,35,1050,21,0.19047619047619047,0.17142857142857143,0.1676190476190476,0.1470902116150364,0.9514285714285714,0.58,0.8,3,3,5,True,bf15a1a81d90532ee30db362b84aa037bf6745f3049345fb22b6e45bd212b519
run_c57a3ca886d718e43657,FROZEN_ENCODER_LINEAR_HEAD_ADAPTATION,5,JOINT_FACTOR_COVERAGE,44,205439,1,35,1050,21,0.19047619047619047,0.11544011544011544,0.18857142857142858,0.12038788808240708,0.9561904761904763,0.58,0.8,3,3,5,True,192de574c812736640b3a2e42f622ba7cd41f33cd376c3bc9ab4a0a8963f1dcb
run_d8fc5686ed4ceeba94d3,FS0_FROZEN_SOURCE_HEAD,0,FS0_FROZEN_SOURCE_HEAD,44,104729,2,0,1050,21,0.14285714285714285,0.10952380952380954,0.15333333333333332,0.12021464140364493,0.9742857142857143,0.86,,,,,True,d1ac99022853d91139880110cc8ec180bc47ca49adc8d95824ee2d9e65605a19
run_be36471b9340a64affdc,FS0_FROZEN_SOURCE_HEAD,0,FS0_FROZEN_SOURCE_HEAD,44,130363,2,0,1050,21,0.14285714285714285,0.10952380952380954,0.15333333333333332,0.12021464140364493,0.9742857142857143,0.86,,,,,True,d1ac99022853d91139880110cc8ec180bc47ca49adc8d95824ee2d9e65605a19
run_99e03e491bf805cdf00c,FS0_FROZEN_SOURCE_HEAD,0,FS0_FROZEN_SOURCE_HEAD,44,155921,2,0,1050,21,0.14285714285714285,0.10952380952380954,0.15333333333333332,0.12021464140364493,0.9742857142857143,0.86,,,,,True,d1ac99022853d91139880110cc8ec180bc47ca49adc8d95824ee2d9e65605a19
run_b25697e913df5d811cdb,FS0_FROZEN_SOURCE_HEAD,0,FS0_FROZEN_SOURCE_HEAD,44,181081,2,0,1050,21,0.14285714285714285,0.10952380952380954,0.15333333333333332,0.12021464140364493,0.9742857142857143,0.86,,,,,True,d1ac99022853d91139880110cc8ec180bc47ca49adc8d95824ee2d9e65605a19
run_a273128184c4d8953231,FS0_FROZEN_SOURCE_HEAD,0,FS0_FROZEN_SOURCE_HEAD,44,205439,2,0,1050,21,0.14285714285714285,0.10952380952380954,0.15333333333333332,0.12021464140364493,0.9742857142857143,0.86,,,,,True,d1ac99022853d91139880110cc8ec180bc47ca49adc8d95824ee2d9e65605a19
run_01d6ebe4e17f3d12f961,TARGET_ONLY_COSINE_PROTOTYPE,1,RANDOM_BLOCK,44,104729,2,7,1050,21,0.2857142857142857,0.2571428571428572,0.2704761904761905,0.23788349454449084,0.96,0.58,0.16666666666666666,1,1,1,True,646a05faea5e63be6f59ddd95f2a3304ed73753f7721a19b7afeac7918cc348e
run_5104d95ee6600050a613,FROZEN_ENCODER_LINEAR_HEAD_ADAPTATION,1,RANDOM_BLOCK,44,104729,2,7,1050,21,0.19047619047619047,0.17891156462585034,0.19904761904761906,0.18728558222121064,0.980952380952381,0.8,0.16666666666666666,1,1,1,True,8f4ee9afef369ab5950c6f3571bd28a86c55df70114166a65e02ba03f8d8f32f
run_84f6a63c2a7402de3333,TARGET_ONLY_COSINE_PROTOTYPE,3,RANDOM_BLOCK,44,104729,2,21,1050,21,0.09523809523809523,0.09523809523809523,0.09238095238095238,0.09027454630060493,0.962857142857143,0.8,0.6666666666666666,2,3,3,True,cae5ab0889d9b5d86050eda267b2a0720a2fe0b41a0b77918a2b6edfac7d0fa9
run_7a013b7c5d71e935d463,FROZEN_ENCODER_LINEAR_HEAD_ADAPTATION,3,RANDOM_BLOCK,44,104729,2,21,1050,21,0.09523809523809523,0.05772005772005772,0.10571428571428572,0.07344308099608735,0.9685714285714285,0.8,0.6666666666666666,2,3,3,False,0965f6237d2e6cb82de3d03cc90880074543bae343fe00d242b80e6968a2510e
run_1cc52958a8c6c2106c83,TARGET_ONLY_COSINE_PROTOTYPE,3,ER_BALANCED,44,104729,2,21,1050,21,0.19047619047619047,0.1626984126984127,0.18761904761904763,0.16476279049149736,0.9495238095238095,0.5,0.75,3,2,3,True,9d811158f53d8d2e208fc60d47f600bf0c1dafbc29e1e21e10df69c468313799
run_a11443c30a0b18b02e66,FROZEN_ENCODER_LINEAR_HEAD_ADAPTATION,3,ER_BALANCED,44,104729,2,21,1050,21,0.23809523809523808,0.2153061224489796,0.24476190476190476,0.2254178350855891,0.9514285714285714,0.64,0.75,3,2,3,False,32faf648a707f6ef3dab2c344f116168542ef4a5594b012273dda2e977e666ea
run_879fece7eefc98c3ed5a,TARGET_ONLY_COSINE_PROTOTYPE,3,SURFACE_BALANCED,44,104729,2,21,1050,21,0.09523809523809523,0.11904761904761904,0.10380952380952381,0.12536487214666,0.9533333333333335,0.8,0.75,2,3,3,True,24edf37337ed385471076c8268108a02d3b00f91de11483e0d1d72999fc273a4
run_ab0d358120c5526d6a5e,FROZEN_ENCODER_LINEAR_HEAD_ADAPTATION,3,SURFACE_BALANCED,44,104729,2,21,1050,21,0.19047619047619047,0.1598639455782313,0.19523809523809524,0.16429369080085682,0.9676190476190476,0.8,0.75,2,3,3,False,542bc53e0d79539d2267385a260da4e712ab136613393c2fb3245985239578ed
run_807fd04c58da243d76f5,TARGET_ONLY_COSINE_PROTOTYPE,3,JOINT_FACTOR_COVERAGE,44,104729,2,21,1050,21,0.2857142857142857,0.23766233766233766,0.2838095238095238,0.24060102494209626,0.9647619047619048,0.82,0.8333333333333333,3,3,3,True,a129896599fc5f8aad04e0332d10e269f56fea122964099478533e4f4663b45d
run_ed510164e31744f1ee8d,FROZEN_ENCODER_LINEAR_HEAD_ADAPTATION,3,JOINT_FACTOR_COVERAGE,44,104729,2,21,1050,21,0.14285714285714285,0.1173469387755102,0.15142857142857144,0.13021547334035394,0.962857142857143,0.7,0.8333333333333333,3,3,3,False,b3e2ef3379ad99e5d27b982f72959e86051c38134eb225d48e84d0b522eed837
run_bde72cdc8333aa196c47,TARGET_ONLY_COSINE_PROTOTYPE,5,RANDOM_BLOCK,44,104729,2,35,1050,21,0.19047619047619047,0.18095238095238095,0.19047619047619047,0.1795315364087062,0.9771428571428573,0.8,0.8,3,3,5,True,ac6bcb9908c7e6b9b8d74b4075696ec4a79c2e539d8c274c93780918aa9ddf2c
run_0069fc63d6110b7b4bbf,FROZEN_ENCODER_LINEAR_HEAD_ADAPTATION,5,RANDOM_BLOCK,44,104729,2,35,1050,21,0.19047619047619047,0.21700680272108844,0.18666666666666668,0.2110280225045613,0.978095238095238,0.8,0.8,3,3,5,True,682eb8df2e4211978961ee03d8a40b3ad9cefefba9cf0af3e55a08abafffdc5b
run_a7ae49252cdef5539657,TARGET_ONLY_COSINE_PROTOTYPE,5,JOINT_FACTOR_COVERAGE,44,104729,2,35,1050,21,0.19047619047619047,0.18095238095238095,0.19047619047619047,0.1795315364087062,0.9771428571428573,0.8,0.8,3,3,5,True,ac6bcb9908c7e6b9b8d74b4075696ec4a79c2e539d8c274c93780918aa9ddf2c
run_5f5321ed2b0253beb09b,FROZEN_ENCODER_LINEAR_HEAD_ADAPTATION,5,JOINT_FACTOR_COVERAGE,44,104729,2,35,1050,21,0.19047619047619047,0.21700680272108844,0.18666666666666668,0.2110280225045613,0.978095238095238,0.8,0.8,3,3,5,True,682eb8df2e4211978961ee03d8a40b3ad9cefefba9cf0af3e55a08abafffdc5b
run_09519cf44d858237d3bd,TARGET_ONLY_COSINE_PROTOTYPE,1,RANDOM_BLOCK,44,130363,2,7,1050,21,0.23809523809523808,0.18095238095238095,0.24285714285714285,0.18286475238995914,0.9504761904761905,0.6,0.16666666666666666,1,1,1,True,16186ac7d1235209a9013369e77efae6c438f641bf7f745e37b10856d57540a1
run_6a5ad25733202eba6e1a,FROZEN_ENCODER_LINEAR_HEAD_ADAPTATION,1,RANDOM_BLOCK,44,130363,2,7,1050,21,0.2857142857142857,0.24897959183673463,0.27714285714285714,0.24346990382695802,0.9704761904761904,0.86,0.16666666666666666,1,1,1,True,a8525758c21c27cb8fb8a3bee37e3dfcd60fe2dba82515868b4f1d4b12df822c
run_888f078c984388a4942d,TARGET_ONLY_COSINE_PROTOTYPE,3,RANDOM_BLOCK,44,130363,2,21,1050,21,0.09523809523809523,0.08333333333333333,0.11428571428571428,0.10003416098504905,0.96,0.7,0.75,2,3,3,True,525b8bbe716dffeded40ce58176f31fa3fd58186c0d6589af4bf5946c59bd124
run_f596d702081cadd8726b,FROZEN_ENCODER_LINEAR_HEAD_ADAPTATION,3,RANDOM_BLOCK,44,130363,2,21,1050,21,0.14285714285714285,0.10317460317460317,0.14857142857142858,0.10918243980082705,0.9657142857142857,0.8,0.75,2,3,3,False,fdae78fb0332fea9f34d85c338e527e345b9acd70480f0f1c6997786407b9853
run_6324c0f63979d1f08443,TARGET_ONLY_COSINE_PROTOTYPE,3,ER_BALANCED,44,130363,2,21,1050,21,0.14285714285714285,0.11224489795918367,0.1295238095238095,0.10500603674403429,0.959047619047619,0.76,0.6666666666666666,3,2,3,True,3b4e59d2fc2aeb38aff893094622116c4e1744c6ec0500e80931363151e7574b
run_61ea9e49823e487864dc,FROZEN_ENCODER_LINEAR_HEAD_ADAPTATION,3,ER_BALANCED,44,130363,2,21,1050,21,0.14285714285714285,0.11507936507936509,0.14952380952380953,0.12169027499102307,0.962857142857143,0.76,0.6666666666666666,3,2,3,False,13c61c615ec761c2dfd2dd9583dd8e1e1addbe340184e263575e65e2496ec96e
run_d9d153acef73c06b5d99,TARGET_ONLY_COSINE_PROTOTYPE,3,SURFACE_BALANCED,44,130363,2,21,1050,21,0.23809523809523808,0.17099567099567098,0.22666666666666666,0.16502461522608522,0.9676190476190476,0.86,0.6666666666666666,2,3,3,True,0c69b57d1ed9dd84484af0bffdf138701cf518c05590aa8e4d2c4168ca4381fc
run_0f3e0ac35e7bc201cf19,FROZEN_ENCODER_LINEAR_HEAD_ADAPTATION,3,SURFACE_BALANCED,44,130363,2,21,1050,21,0.14285714285714285,0.15476190476190474,0.14666666666666667,0.14714220677722553,0.9257142857142856,0.56,0.6666666666666666,2,3,3,False,ebd148d1ec2c9160902aca93deabd2a9a4f6f26b59fdfa0bc697dee8346e4bfe
run_ad1e21d187567a76a639,TARGET_ONLY_COSINE_PROTOTYPE,3,JOINT_FACTOR_COVERAGE,44,130363,2,21,1050,21,0.09523809523809523,0.07142857142857142,0.09142857142857143,0.06657420249653259,0.9561904761904763,0.8,0.8333333333333333,3,3,3,True,95c4291c7a19dcca1f30b548bfbcc4fe2a3fe4da2564490b7f6321a5f435ce05
run_b0dba3d6e9e384163e4d,FROZEN_ENCODER_LINEAR_HEAD_ADAPTATION,3,JOINT_FACTOR_COVERAGE,44,130363,2,21,1050,21,0.2857142857142857,0.26972789115646256,0.2761904761904762,0.2620357717433034,0.9695238095238095,0.88,0.8333333333333333,3,3,3,False,da8db51b7a27c03efb9fd4838fe40da366ba95c4ae536f0f2a1cc6c576cce684
run_6709a6f5a659a3151eef,TARGET_ONLY_COSINE_PROTOTYPE,5,RANDOM_BLOCK,44,130363,2,35,1050,21,0.23809523809523808,0.22597402597402597,0.23238095238095238,0.21957810929824337,0.978095238095238,0.8,0.8,3,3,5,True,b77abdf1566a4d988a71d61381936df07999c1601c47cf2cecd53d395a5494d3
run_1df9b1831c76fe1d435c,FROZEN_ENCODER_LINEAR_HEAD_ADAPTATION,5,RANDOM_BLOCK,44,130363,2,35,1050,21,0.23809523809523808,0.2714285714285714,0.23714285714285716,0.2699703854654598,0.9714285714285713,0.8,0.8,3,3,5,True,1c99efd5f82d6bb12d8a953d083840b73ae8c031c7c73ecee7111ec4e413083e
run_c3f1d0f6d16df5a7f706,TARGET_ONLY_COSINE_PROTOTYPE,5,JOINT_FACTOR_COVERAGE,44,130363,2,35,1050,21,0.23809523809523808,0.22597402597402597,0.23238095238095238,0.21957810929824337,0.978095238095238,0.8,0.8,3,3,5,True,b77abdf1566a4d988a71d61381936df07999c1601c47cf2cecd53d395a5494d3
run_eaa88827f91d6acf5811,FROZEN_ENCODER_LINEAR_HEAD_ADAPTATION,5,JOINT_FACTOR_COVERAGE,44,130363,2,35,1050,21,0.23809523809523808,0.2714285714285714,0.23714285714285716,0.2699703854654598,0.9714285714285713,0.8,0.8,3,3,5,True,1c99efd5f82d6bb12d8a953d083840b73ae8c031c7c73ecee7111ec4e413083e
run_f146c9a67c1b900c5ef8,TARGET_ONLY_COSINE_PROTOTYPE,1,RANDOM_BLOCK,44,155921,2,7,1050,21,0.14285714285714285,0.10510204081632654,0.13714285714285715,0.10186343890157046,0.9561904761904763,0.78,0.16666666666666666,1,1,1,True,cade1124743dbb5fd8159ccf402a294b9b8d5ebc033e181f3ef1328cf9b7f2cc
run_cb80585536e10f62fa39,FROZEN_ENCODER_LINEAR_HEAD_ADAPTATION,1,RANDOM_BLOCK,44,155921,2,7,1050,21,0.19047619047619047,0.14909297052154194,0.21333333333333335,0.18087962252106382,0.9485714285714286,0.6,0.16666666666666666,1,1,1,True,bf690e54991455cf85f960a6ec21597fbc75d38dfc99352e4c9f60cc73c8fb8e
run_c5f86ef3d9054948c0ed,TARGET_ONLY_COSINE_PROTOTYPE,3,RANDOM_BLOCK,44,155921,2,21,1050,21,0.09523809523809523,0.10714285714285714,0.08,0.08904299583911235,0.9542857142857144,0.68,0.6666666666666666,3,2,3,True,a9482d48382a8eff4f4752f8087efc9e33f90966f6bd0dcc5924a0b402242a1e
run_ec3d0b8b67b982c85123,FROZEN_ENCODER_LINEAR_HEAD_ADAPTATION,3,RANDOM_BLOCK,44,155921,2,21,1050,21,0.09523809523809523,0.07653061224489796,0.10476190476190476,0.0872321376366498,0.9714285714285715,0.8,0.6666666666666666,3,2,3,False,804eb84affd99c41d2533b835e667d23694d10d7601b8d82a355ec52dd12b10f
run_4ee6a64ece2a44be958f,TARGET_ONLY_COSINE_PROTOTYPE,3,ER_BALANCED,44,155921,2,21,1050,21,0.14285714285714285,0.11224489795918367,0.1295238095238095,0.10522953984171378,0.96,0.76,0.6666666666666666,3,2,3,True,da1a0b347b9410e0116e14931cbceb37c57ec62fe80a63f1062f19a249c6b01d
run_4d9281792d21067c8271,FROZEN_ENCODER_LINEAR_HEAD_ADAPTATION,3,ER_BALANCED,44,155921,2,21,1050,21,0.14285714285714285,0.11190476190476191,0.14952380952380953,0.11936417690797708,0.9657142857142857,0.76,0.6666666666666666,3,2,3,False,a951bb65031fd8ceff613f2189b10e208d6aecc150a7448e8276e84cad5fd316
run_6c7731baaff7ae8ac50d,TARGET_ONLY_COSINE_PROTOTYPE,3,SURFACE_BALANCED,44,155921,2,21,1050,21,0.19047619047619047,0.16541950113378684,0.19238095238095237,0.1661549284817983,0.9485714285714286,0.54,0.6666666666666666,2,3,3,True,9e01abd07f5b523787438c75aa85e5c954ac699b0961390ba6faa49b0a2d3ab4
run_8cd9992124e34faeee7c,FROZEN_ENCODER_LINEAR_HEAD_ADAPTATION,3,SURFACE_BALANCED,44,155921,2,21,1050,21,0.09523809523809523,0.07142857142857142,0.10571428571428572,0.08512573597352968,0.9609523809523809,0.7,0.6666666666666666,2,3,3,False,150998560af94f294914bffb309537951b28e2b093e8c884155c00f660f782d5
run_cb638ffbcd73b22287fe,TARGET_ONLY_COSINE_PROTOTYPE,3,JOINT_FACTOR_COVERAGE,44,155921,2,21,1050,21,0.09523809523809523,0.07142857142857142,0.09142857142857143,0.06657420249653259,0.9533333333333335,0.76,0.8333333333333333,3,3,3,True,6f9083b83ec6c6f02c9c1b2422b57925cda71edef4949a54994d77efc9b6cb6e
run_6507cdfc959896841362,FROZEN_ENCODER_LINEAR_HEAD_ADAPTATION,3,JOINT_FACTOR_COVERAGE,44,155921,2,21,1050,21,0.2857142857142857,0.26972789115646256,0.2761904761904762,0.26140232859165186,0.9723809523809525,0.88,0.8333333333333333,3,3,3,False,1969ad2507be0bb9d611c81f740db2c7f4720b8e82d732e3e9454c57e6949f53
run_e23911415fd83c61d7da,TARGET_ONLY_COSINE_PROTOTYPE,5,RANDOM_BLOCK,44,155921,2,35,1050,21,0.09523809523809523,0.07142857142857142,0.08857142857142856,0.06544686840253343,0.9647619047619048,0.8,0.75,3,3,5,True,6e604a345b5f0dfddd03fe4cc65753a2aa193cdf9b85f4b5c93290cf4b5b91a4
run_41e543deab701d51a876,FROZEN_ENCODER_LINEAR_HEAD_ADAPTATION,5,RANDOM_BLOCK,44,155921,2,35,1050,21,0.19047619047619047,0.19999999999999998,0.18095238095238095,0.1848720580837265,0.961904761904762,0.76,0.75,3,3,5,True,2683f2598bccf0513e38577cf86819d9b44b9da7a23c26fbb013f056e8e899ef
run_21e2f68921278c48616a,TARGET_ONLY_COSINE_PROTOTYPE,5,JOINT_FACTOR_COVERAGE,44,155921,2,35,1050,21,0.23809523809523808,0.22597402597402597,0.24476190476190476,0.24449211521809217,0.9657142857142857,0.72,0.8,3,3,5,True,c6d3ff611506de99720b0f6adbdbce4e5d38c3df5571a2fcdd4c1d82e6f338d5
run_b269f4647c7394c5617b,FROZEN_ENCODER_LINEAR_HEAD_ADAPTATION,5,JOINT_FACTOR_COVERAGE,44,155921,2,35,1050,21,0.23809523809523808,0.2714285714285714,0.23809523809523808,0.2705256274039617,0.9761904761904762,0.8,0.8,3,3,5,True,4bd28253ed32dcb5b1473903c022ebf649ade5d4767ee91994c000f176812a57
run_35bbe2b7ba4109256b71,TARGET_ONLY_COSINE_PROTOTYPE,1,RANDOM_BLOCK,44,181081,2,7,1050,21,0.19047619047619047,0.17006802721088435,0.18666666666666668,0.16611517267821793,0.978095238095238,0.8,0.16666666666666666,1,1,1,True,a03b6aec18d6e0494ed2de845ce3bf7a80d54ee0453b23103af0d6cc9b69ad2b
run_c59038708ff1f100471d,FROZEN_ENCODER_LINEAR_HEAD_ADAPTATION,1,RANDOM_BLOCK,44,181081,2,7,1050,21,0.23809523809523808,0.19740259740259744,0.23904761904761904,0.19481932932491725,0.9695238095238095,0.64,0.16666666666666666,1,1,1,True,2bfdf5de7597e4edadceba7237bd1763fe84afb83428d0c27c22d646bc42642b
run_21e6a1f0dab04c7a2dc2,TARGET_ONLY_COSINE_PROTOTYPE,3,RANDOM_BLOCK,44,181081,2,21,1050,21,0.19047619047619047,0.17222222222222225,0.18761904761904763,0.1691789004606649,0.9695238095238095,0.8,0.75,3,2,3,True,0d3bf9478f12166b2c19baee336cb14d2f31345cb702bece79e0fa9dc9a4c20a
run_87fe55267a680505c2b4,FROZEN_ENCODER_LINEAR_HEAD_ADAPTATION,3,RANDOM_BLOCK,44,181081,2,21,1050,21,0.23809523809523808,0.2153061224489796,0.24476190476190476,0.2254178350855891,0.9514285714285714,0.64,0.75,3,2,3,False,32faf648a707f6ef3dab2c344f116168542ef4a5594b012273dda2e977e666ea
run_601be2480ea4450e9bf5,TARGET_ONLY_COSINE_PROTOTYPE,3,ER_BALANCED,44,181081,2,21,1050,21,0.09523809523809523,0.08571428571428573,0.09238095238095238,0.08302963186684117,0.9761904761904762,0.86,0.6666666666666666,3,2,3,True,35131d9adf148716028c07baebd3f17a90a174a88164d339f5897eea97f40267
run_a6de23a489e15c56be83,FROZEN_ENCODER_LINEAR_HEAD_ADAPTATION,3,ER_BALANCED,44,181081,2,21,1050,21,0.3333333333333333,0.3074829931972789,0.319047619047619,0.29394791746782606,0.96,0.74,0.6666666666666666,3,2,3,False,8fe22896ff62235a589fe7c61ec8464b0616ad3d31108e7377a56ab9ee0f610e
run_0e35003c5dad1701d8b2,TARGET_ONLY_COSINE_PROTOTYPE,3,SURFACE_BALANCED,44,181081,2,21,1050,21,0.09523809523809523,0.1142857142857143,0.1,0.11694023286670542,0.9704761904761906,0.8,0.75,2,3,3,True,c5a64b35d2e55fa73c19004aee9754dcd607d96e98accb493d1e63bb8cd25321
run_1d6cbe8fbc70aa1cbc54,FROZEN_ENCODER_LINEAR_HEAD_ADAPTATION,3,SURFACE_BALANCED,44,181081,2,21,1050,21,0.19047619047619047,0.1812925170068027,0.18285714285714286,0.17681275211819653,0.9714285714285715,0.86,0.75,2,3,3,False,741dbe39b50aaaefe68231c9d80015cab79487c4b2d2da0b656420af1d3173f5
run_366faadfccb5798329c5,TARGET_ONLY_COSINE_PROTOTYPE,3,JOINT_FACTOR_COVERAGE,44,181081,2,21,1050,21,0.09523809523809523,0.07142857142857142,0.09142857142857143,0.06657420249653259,0.9514285714285714,0.66,0.8333333333333333,3,3,3,True,505e75696068a0123e27d195298927416a3717413ebcd4619b3fb056734dd164
run_cb7b7223a50139163c10,FROZEN_ENCODER_LINEAR_HEAD_ADAPTATION,3,JOINT_FACTOR_COVERAGE,44,181081,2,21,1050,21,0.2857142857142857,0.29353741496598634,0.2638095238095238,0.2733351462970327,0.9514285714285714,0.64,0.8333333333333333,3,3,3,False,4021b726cd7af711273f350869434f5f34d8d6e9b4d88ae81dff0c040de7b8f6
run_ae8f196533345ec3803c,TARGET_ONLY_COSINE_PROTOTYPE,5,RANDOM_BLOCK,44,181081,2,35,1050,21,0.09523809523809523,0.1285714285714286,0.09523809523809523,0.1261765482054891,0.96,0.64,0.775,3,3,5,True,e6ec1741735803925574887547ba536e3a6afe31fee19502b28780bf0c3c2989
run_c4588a490b2d0d9517e1,FROZEN_ENCODER_LINEAR_HEAD_ADAPTATION,5,RANDOM_BLOCK,44,181081,2,35,1050,21,0.047619047619047616,0.05714285714285715,0.049523809523809526,0.05843973902253533,0.9657142857142857,0.76,0.775,3,3,5,True,318a4611b6315e442a28656a6e9b2529f78ee1b3ecb1c05aa4386a1f363700b2
run_9f83f21beee542245e63,TARGET_ONLY_COSINE_PROTOTYPE,5,JOINT_FACTOR_COVERAGE,44,181081,2,35,1050,21,0.19047619047619047,0.17142857142857143,0.18761904761904763,0.16809919155186298,0.9771428571428573,0.8,0.8,3,3,5,True,e50150edd9a10fe0f7c242c810d0801bef20297ccf67b270c26f250174181f6e
run_d9f321b1676dc8951b85,FROZEN_ENCODER_LINEAR_HEAD_ADAPTATION,5,JOINT_FACTOR_COVERAGE,44,181081,2,35,1050,21,0.23809523809523808,0.25555555555555554,0.23142857142857143,0.24745930149786835,0.96,0.8,0.8,3,3,5,True,325eabe1e55f7830ce578c0c0de6748bac532280ecade088070f6f5dfc0557d1
run_37d0e838b75d601019a4,TARGET_ONLY_COSINE_PROTOTYPE,1,RANDOM_BLOCK,44,205439,2,7,1050,21,0.19047619047619047,0.17006802721088435,0.18666666666666668,0.16611517267821793,0.978095238095238,0.8,0.16666666666666666,1,1,1,True,a03b6aec18d6e0494ed2de845ce3bf7a80d54ee0453b23103af0d6cc9b69ad2b
run_02902aa642394d232f6f,FROZEN_ENCODER_LINEAR_HEAD_ADAPTATION,1,RANDOM_BLOCK,44,205439,2,7,1050,21,0.23809523809523808,0.19740259740259744,0.23904761904761904,0.19481932932491725,0.9695238095238095,0.64,0.16666666666666666,1,1,1,True,2bfdf5de7597e4edadceba7237bd1763fe84afb83428d0c27c22d646bc42642b
run_bd82a080ca2ba8dd3c09,TARGET_ONLY_COSINE_PROTOTYPE,3,RANDOM_BLOCK,44,205439,2,21,1050,21,0.047619047619047616,0.04081632653061224,0.04857142857142857,0.0431577978555322,0.9647619047619047,0.7,0.5,2,2,3,True,e9d6b3dba86132a1b126032830d61ed4bed5a91663689ff1acb1ce14398d0562
run_0a3d30534f154c35e211,FROZEN_ENCODER_LINEAR_HEAD_ADAPTATION,3,RANDOM_BLOCK,44,205439,2,21,1050,21,0.14285714285714285,0.15,0.15142857142857144,0.15925123797973048,0.9742857142857143,0.8,0.5,2,2,3,False,a0de0cfea571258d890a96cb8b5c6ea3813835c04efcff085293d791c4783c2a
run_7a185d0a6082f806bdaa,TARGET_ONLY_COSINE_PROTOTYPE,3,ER_BALANCED,44,205439,2,21,1050,21,0.14285714285714285,0.1439909297052154,0.14666666666666667,0.14737900835675735,0.9704761904761906,0.8,0.6666666666666666,3,2,3,True,06dfb4887b0c166a2eeea6cad2224c7342cdfe633d7f8ef6fd6238f4ba6c4fc6
run_673653f49cca83d4d2af,FROZEN_ENCODER_LINEAR_HEAD_ADAPTATION,3,ER_BALANCED,44,205439,2,21,1050,21,0.14285714285714285,0.11700680272108843,0.15523809523809523,0.12902481436760013,0.9657142857142857,0.8,0.6666666666666666,3,2,3,False,83d085e7662cf19d714c5e88f9a44ec6584581c947197019cff03346e82bcab9
run_c9fc41e593b9808d22a9,TARGET_ONLY_COSINE_PROTOTYPE,3,SURFACE_BALANCED,44,205439,2,21,1050,21,0.19047619047619047,0.16245421245421246,0.18571428571428572,0.16038816186235966,0.9647619047619048,0.76,0.6666666666666666,2,3,3,True,c4585f79bbe5b7a68d0f3c54fabddb583630fd7abfaf143624c3b8fd3187cb36
run_62b1493c13fd7fab4e6b,FROZEN_ENCODER_LINEAR_HEAD_ADAPTATION,3,SURFACE_BALANCED,44,205439,2,21,1050,21,0.19047619047619047,0.2095238095238095,0.19333333333333333,0.21273543783187746,0.9571428571428572,0.64,0.6666666666666666,2,3,3,False,230dfc12595f01544d3adb94b1dd8d009e4c07c38bdbaf708ede2601317b29ce
run_6d5666e5dfd975b4a404,TARGET_ONLY_COSINE_PROTOTYPE,3,JOINT_FACTOR_COVERAGE,44,205439,2,21,1050,21,0.2857142857142857,0.22813852813852817,0.2857142857142857,0.23396297453614281,0.9580952380952381,0.76,0.8333333333333333,3,3,3,True,c9d8638e479babb94e876db157c0d68f1bcb4915f41fc6a43e391b711de919b3
run_3375f6c25c3322e92062,FROZEN_ENCODER_LINEAR_HEAD_ADAPTATION,3,JOINT_FACTOR_COVERAGE,44,205439,2,21,1050,21,0.14285714285714285,0.1173469387755102,0.15142857142857144,0.12981032540979506,0.959047619047619,0.7,0.8333333333333333,3,3,3,False,b62c3dae4f1e95c137f44a41d400425429fb122c8e52131bcb9bd4361ecb557b
run_b84ab23df50b63bfbc60,TARGET_ONLY_COSINE_PROTOTYPE,5,RANDOM_BLOCK,44,205439,2,35,1050,21,0.09523809523809523,0.07256235827664399,0.10666666666666667,0.0902046972635208,0.9447619047619048,0.6,0.775,3,3,5,True,258044528065327ad1867133adfc904a6ecd863494130bbe7ecf93c6c7e80696
run_020db60cd51c0ca33c38,FROZEN_ENCODER_LINEAR_HEAD_ADAPTATION,5,RANDOM_BLOCK,44,205439,2,35,1050,21,0.2857142857142857,0.29761904761904756,0.2752380952380952,0.2864358826964559,0.9571428571428572,0.64,0.775,3,3,5,True,fa96b634457550a8cca7aa472efaeaa7b3ed47e5072949018ebbfadcc728384d
run_2018bdbc4c48fe2ed04f,TARGET_ONLY_COSINE_PROTOTYPE,5,JOINT_FACTOR_COVERAGE,44,205439,2,35,1050,21,0.19047619047619047,0.1878787878787879,0.19047619047619047,0.18644307605347213,0.978095238095238,0.8,0.8,3,3,5,True,e1a80f14fede0e6aa2786370b451aa54a35fa1dd4e60e6abe3b6e335980ad373
run_b8b4bb3adc421abd0a0a,FROZEN_ENCODER_LINEAR_HEAD_ADAPTATION,5,JOINT_FACTOR_COVERAGE,44,205439,2,35,1050,21,0.19047619047619047,0.22380952380952382,0.1895238095238095,0.22056936378461087,0.9723809523809525,0.8,0.8,3,3,5,True,dadf0c831dccf8c5bf917fe94a8ad44e1628aeb0e722cc42f658383f1b411969
run_e6685d0ef33b6cbe518c,FS0_FROZEN_SOURCE_HEAD,0,FS0_FROZEN_SOURCE_HEAD,45,104729,0,0,1050,21,0.2857142857142857,0.22661064425770308,0.28476190476190477,0.22526688351238627,0.9971428571428572,0.98,,,,,True,50819e23da403e4834d5fb92a7c7262f887fbd29d0d8747674a27960e4ab6de7
run_0afcf62f7d9a0c325c98,FS0_FROZEN_SOURCE_HEAD,0,FS0_FROZEN_SOURCE_HEAD,45,130363,0,0,1050,21,0.2857142857142857,0.22661064425770308,0.28476190476190477,0.22526688351238627,0.9971428571428572,0.98,,,,,True,50819e23da403e4834d5fb92a7c7262f887fbd29d0d8747674a27960e4ab6de7
run_11456345c1057e1ef844,FS0_FROZEN_SOURCE_HEAD,0,FS0_FROZEN_SOURCE_HEAD,45,155921,0,0,1050,21,0.2857142857142857,0.22661064425770308,0.28476190476190477,0.22526688351238627,0.9971428571428572,0.98,,,,,True,50819e23da403e4834d5fb92a7c7262f887fbd29d0d8747674a27960e4ab6de7
run_d36e0536201d24a53b1e,FS0_FROZEN_SOURCE_HEAD,0,FS0_FROZEN_SOURCE_HEAD,45,181081,0,0,1050,21,0.2857142857142857,0.22661064425770308,0.28476190476190477,0.22526688351238627,0.9971428571428572,0.98,,,,,True,50819e23da403e4834d5fb92a7c7262f887fbd29d0d8747674a27960e4ab6de7
run_b0ee48c7453d53f73ff3,FS0_FROZEN_SOURCE_HEAD,0,FS0_FROZEN_SOURCE_HEAD,45,205439,0,0,1050,21,0.2857142857142857,0.22661064425770308,0.28476190476190477,0.22526688351238627,0.9971428571428572,0.98,,,,,True,50819e23da403e4834d5fb92a7c7262f887fbd29d0d8747674a27960e4ab6de7
run_8d4d728276c14408a8ca,TARGET_ONLY_COSINE_PROTOTYPE,1,RANDOM_BLOCK,45,104729,0,7,1050,21,0.09523809523809523,0.04395604395604396,0.09904761904761905,0.04903759814225657,0.9857142857142857,0.92,0.16666666666666666,1,1,1,True,60840038b49e64fa56867bb9d7ba6df774d21542cd650839ad00e02077542658
run_28136acbf02feb5fdcfd,FROZEN_ENCODER_LINEAR_HEAD_ADAPTATION,1,RANDOM_BLOCK,45,104729,0,7,1050,21,0.14285714285714285,0.1365079365079365,0.15333333333333332,0.14436345574421755,0.978095238095238,0.86,0.16666666666666666,1,1,1,True,7c9ea6a6722af30939ab726380e17bf3457a15fb484301a77c364c33ba53e36c
run_0f235036ed8a0aba2ee4,TARGET_ONLY_COSINE_PROTOTYPE,3,RANDOM_BLOCK,45,104729,0,21,1050,21,0.09523809523809523,0.0642857142857143,0.09523809523809523,0.06445817763725208,0.9876190476190477,0.92,0.6666666666666666,3,2,3,True,82423bdef43c9dabf06c980bc8e563624c077bef15495c22892bb65487af1d99
run_0d3655585b2b84db7cf1,FROZEN_ENCODER_LINEAR_HEAD_ADAPTATION,3,RANDOM_BLOCK,45,104729,0,21,1050,21,0.19047619047619047,0.15873015873015875,0.19523809523809524,0.16273140397142688,0.9857142857142859,0.88,0.6666666666666666,3,2,3,False,400d3c058b0207994338a892fa386fb3e57bc38cde3c73f9e3d8a1c3d6e8967f
run_52a8ce7530f6ceb8d333,TARGET_ONLY_COSINE_PROTOTYPE,3,ER_BALANCED,45,104729,0,21,1050,21,0.14285714285714285,0.16428571428571428,0.14476190476190476,0.16584276357587277,0.9876190476190475,0.92,0.8333333333333333,3,3,3,True,44a1bcc2fe7bb11ebc7e854a32c5df373985ab54f0f0d8ce1215eb95a9d6a9b7
run_369f64356a09d44bc32b,FROZEN_ENCODER_LINEAR_HEAD_ADAPTATION,3,ER_BALANCED,45,104729,0,21,1050,21,0.19047619047619047,0.17142857142857143,0.19333333333333333,0.16982379931899874,0.9561904761904763,0.5,0.8333333333333333,3,3,3,False,248fd726d957bed8eb9b15b40204bb0c32fcf61582ecf76acae2658f1e1e76ff
run_e906830127aacd856ee9,TARGET_ONLY_COSINE_PROTOTYPE,3,SURFACE_BALANCED,45,104729,0,21,1050,21,0.09523809523809523,0.08843537414965986,0.10095238095238095,0.09422679660389022,0.981904761904762,0.92,0.6666666666666666,2,3,3,True,bf9fde728b4ececf0e31bb72ad2ae3299079eeedd79d6978dc47a4f65ecf8acd
run_2aafffa8d152f6cd31b7,FROZEN_ENCODER_LINEAR_HEAD_ADAPTATION,3,SURFACE_BALANCED,45,104729,0,21,1050,21,0.19047619047619047,0.18809523809523807,0.19142857142857142,0.18922518062579258,0.980952380952381,0.88,0.6666666666666666,2,3,3,False,2310c5d6c193ce08f1e8b534ed6130cce4334f011f5845c69b1a77291f23d456
run_1cb0bedcaffa2b0a99d3,TARGET_ONLY_COSINE_PROTOTYPE,3,JOINT_FACTOR_COVERAGE,45,104729,0,21,1050,21,0.14285714285714285,0.16428571428571428,0.14476190476190476,0.16584276357587277,0.9876190476190475,0.92,0.8333333333333333,3,3,3,True,44a1bcc2fe7bb11ebc7e854a32c5df373985ab54f0f0d8ce1215eb95a9d6a9b7
run_061e46d12277617382b4,FROZEN_ENCODER_LINEAR_HEAD_ADAPTATION,3,JOINT_FACTOR_COVERAGE,45,104729,0,21,1050,21,0.19047619047619047,0.17142857142857143,0.19333333333333333,0.16982379931899874,0.9561904761904763,0.5,0.8333333333333333,3,3,3,False,248fd726d957bed8eb9b15b40204bb0c32fcf61582ecf76acae2658f1e1e76ff
run_9a25493123e214306d69,TARGET_ONLY_COSINE_PROTOTYPE,5,RANDOM_BLOCK,45,104729,0,35,1050,21,0.19047619047619047,0.15510204081632656,0.1895238095238095,0.1547654783021136,0.9942857142857144,0.92,0.775,3,3,5,True,828f78e74c4a1f0078fc9167ec08a0ce90b3cf19060835e904065bc695187bb7
run_66e8834b2c2ecbe8b349,FROZEN_ENCODER_LINEAR_HEAD_ADAPTATION,5,RANDOM_BLOCK,45,104729,0,35,1050,21,0.09523809523809523,0.0642857142857143,0.10095238095238095,0.0680798935205202,0.980952380952381,0.86,0.775,3,3,5,True,672a0d773f2eb5a75dba6b1b27bdc7ae412152a578fd84b7bb67dcdc9491f927
run_c7c43963eb5ae0d05c7c,TARGET_ONLY_COSINE_PROTOTYPE,5,JOINT_FACTOR_COVERAGE,45,104729,0,35,1050,21,0.23809523809523808,0.15646258503401358,0.23714285714285716,0.15400067311692886,0.9809523809523808,0.7,0.775,3,3,5,True,987433166dc5a161cc826e992bbbbb6e7f6a36407b5f32973b359113c0d23522
run_c6576861a9ee97a2857f,FROZEN_ENCODER_LINEAR_HEAD_ADAPTATION,5,JOINT_FACTOR_COVERAGE,45,104729,0,35,1050,21,0.23809523809523808,0.21385281385281382,0.2342857142857143,0.21045337707472986,0.9828571428571429,0.92,0.775,3,3,5,True,52817f72f67ca178431911e943cdd8fcc4455d6a1dd3c77a7ad7059ab4db0eb3
run_733e05190c1658d108aa,TARGET_ONLY_COSINE_PROTOTYPE,1,RANDOM_BLOCK,45,130363,0,7,1050,21,0.19047619047619047,0.16541950113378684,0.19238095238095237,0.166613480875917,0.9800000000000001,0.92,0.16666666666666666,1,1,1,True,757877012aac283f18a70c23ac035ad29c4b9771eed46c61417e56d9c0ae806a
run_6cbc79c5526f7fbe8e0d,FROZEN_ENCODER_LINEAR_HEAD_ADAPTATION,1,RANDOM_BLOCK,45,130363,0,7,1050,21,0.09523809523809523,0.06462585034013604,0.10666666666666667,0.0746996734505393,0.9733333333333334,0.78,0.16666666666666666,1,1,1,True,044359c8695afd9b681ece91cb094cbc386938af25f31bf737ad414cfb4bd3a5
run_29753c9a8f265a123a88,TARGET_ONLY_COSINE_PROTOTYPE,3,RANDOM_BLOCK,45,130363,0,21,1050,21,0.047619047619047616,0.03571428571428571,0.05047619047619047,0.03909044474376382,0.9695238095238095,0.7,0.5,2,2,3,True,70dfad989cfca2841d623ae7a0a050dc7883e567c5c59a452a039b681a621c24
run_d0626dd2f6a4bb01f1a0,FROZEN_ENCODER_LINEAR_HEAD_ADAPTATION,3,RANDOM_BLOCK,45,130363,0,21,1050,21,0.19047619047619047,0.19206349206349208,0.18666666666666668,0.18630916154135968,0.9790476190476192,0.88,0.5,2,2,3,False,5be152061eb891e2016e467e5f45ab814151ada87500c9e93bbc2b4b1a3a0446
run_0446a118322e9fabdcc7,TARGET_ONLY_COSINE_PROTOTYPE,3,ER_BALANCED,45,130363,0,21,1050,21,0.14285714285714285,0.15,0.14476190476190476,0.15160709358097021,0.9914285714285714,0.94,0.8333333333333333,3,3,3,True,4a7d286d4dd5ea65481b58fd3e3d7fda0e725012581e8c74636369daafe78a87
run_3a99270c546eb0aeb5c7,FROZEN_ENCODER_LINEAR_HEAD_ADAPTATION,3,ER_BALANCED,45,130363,0,21,1050,21,0.19047619047619047,0.17063492063492064,0.1961904761904762,0.17233326970169077,0.9780952380952382,0.8,0.8333333333333333,3,3,3,False,818917b44c5d5c1724efe3896b65969acd75db85805d3d77f8b0eaaa3d5e7afb
run_2f52e9e24a9a8e371320,TARGET_ONLY_COSINE_PROTOTYPE,3,SURFACE_BALANCED,45,130363,0,21,1050,21,0.09523809523809523,0.07912087912087913,0.09714285714285714,0.08060219809218473,0.9914285714285714,0.94,0.75,2,3,3,True,0dd7f4bb330d4c30ccf07799b0f3238100a3a2d6c40c4f7a5959e9416ec5cebc
run_510e8349d037c3010df8,FROZEN_ENCODER_LINEAR_HEAD_ADAPTATION,3,SURFACE_BALANCED,45,130363,0,21,1050,21,0.14285714285714285,0.09276437847866419,0.14761904761904762,0.09676084612416445,0.9866666666666666,0.92,0.75,2,3,3,False,fb58f3e4751e8c1b3cb024f8036dd7e9dc1e3ec020197f8fbfa20c394d1c2049
run_f2264ae3207f0205c670,TARGET_ONLY_COSINE_PROTOTYPE,3,JOINT_FACTOR_COVERAGE,45,130363,0,21,1050,21,0.19047619047619047,0.11355311355311357,0.1961904761904762,0.12018288092230407,0.9876190476190477,0.92,0.8333333333333333,3,3,3,True,dce4aba76d64872e8efca627de2f7c94f7a9c56bc6f6362a9635babb0010eb99
run_5e4674fcdf23ede40b51,FROZEN_ENCODER_LINEAR_HEAD_ADAPTATION,3,JOINT_FACTOR_COVERAGE,45,130363,0,21,1050,21,0.19047619047619047,0.19591836734693877,0.1961904761904762,0.20190177326059125,0.9771428571428571,0.88,0.8333333333333333,3,3,3,False,8b0cf505f6f80fb4341755c4f94cd809693b226fa04a06101aaa3c21cd4d1dab
run_d4af621c3ac59db2637e,TARGET_ONLY_COSINE_PROTOTYPE,5,RANDOM_BLOCK,45,130363,0,35,1050,21,0.23809523809523808,0.1826839826839827,0.23714285714285716,0.18186397163838425,0.9914285714285717,0.92,0.775,3,3,5,True,a581f56123f6b4b017acceecc177b1cbecfa6220686a3dd25d8d06f8eee5d0e1
run_7024439ef9266d31711e,FROZEN_ENCODER_LINEAR_HEAD_ADAPTATION,5,RANDOM_BLOCK,45,130363,0,35,1050,21,0.09523809523809523,0.0642857142857143,0.10095238095238095,0.06817653890824624,0.981904761904762,0.86,0.775,3,3,5,True,a8399fe33b98d7d022faf45d0152064bebcd39f95a5e2e37a24e1adc2163127f
run_5d4cfc446f5a7201753d,TARGET_ONLY_COSINE_PROTOTYPE,5,JOINT_FACTOR_COVERAGE,45,130363,0,35,1050,21,0.14285714285714285,0.12393320964749537,0.13904761904761906,0.12305750657206062,0.9647619047619047,0.52,0.775,3,3,5,True,3c7964d7cf9a8802ae027170618ffb4923e68c4c656ac94b24caa0ee04a1e685
run_8c0f7811a6e9140c0105,FROZEN_ENCODER_LINEAR_HEAD_ADAPTATION,5,JOINT_FACTOR_COVERAGE,45,130363,0,35,1050,21,0.14285714285714285,0.07936507936507937,0.14095238095238094,0.07902992277992278,0.981904761904762,0.94,0.775,3,3,5,True,f936dcb6e840994c3f8ed0dd923eef77b54c1e0c2c1f498a00f3557566efa2ef
run_ac93df9e84572498418b,TARGET_ONLY_COSINE_PROTOTYPE,1,RANDOM_BLOCK,45,155921,0,7,1050,21,0.09523809523809523,0.04395604395604396,0.0980952380952381,0.04866320113743261,0.9847619047619047,0.92,0.16666666666666666,1,1,1,True,056dac0587dfea6e26b5aeb201297bca8880df868248b73a032388dc67a184d8
run_3b72c932671f7b4d0ef6,FROZEN_ENCODER_LINEAR_HEAD_ADAPTATION,1,RANDOM_BLOCK,45,155921,0,7,1050,21,0.14285714285714285,0.1365079365079365,0.15333333333333332,0.14436345574421755,0.978095238095238,0.86,0.16666666666666666,1,1,1,True,7c9ea6a6722af30939ab726380e17bf3457a15fb484301a77c364c33ba53e36c
run_af20a13692c2144ff6ac,TARGET_ONLY_COSINE_PROTOTYPE,3,RANDOM_BLOCK,45,155921,0,21,1050,21,0.047619047619047616,0.028571428571428574,0.047619047619047616,0.028344671201814057,0.9942857142857144,0.92,0.75,3,2,3,True,81ccd2b23f07b8dfd5e3399860fa3ffe7abbd30314bb2d485dbdc3d6645fe977
run_df3833df1c52aaedcad7,FROZEN_ENCODER_LINEAR_HEAD_ADAPTATION,3,RANDOM_BLOCK,45,155921,0,21,1050,21,0.23809523809523808,0.17320774463631605,0.23809523809523808,0.17736130410954343,0.9866666666666666,0.92,0.75,3,2,3,False,e85cdd1b5cc48ba3a7089b6b93fca27319b2d713ea59e03fcc3e5ffd0526c5a6
run_70707c11a259704811f2,TARGET_ONLY_COSINE_PROTOTYPE,3,ER_BALANCED,45,155921,0,21,1050,21,0.2857142857142857,0.227891156462585,0.28,0.22319931626585882,0.9876190476190477,0.92,0.6666666666666666,3,2,3,True,4e7b53f15ac5396b2c9c59670220ebae05abdf490680ab8f7996a96e149c5001
run_753ca2542f42b175aaf6,FROZEN_ENCODER_LINEAR_HEAD_ADAPTATION,3,ER_BALANCED,45,155921,0,21,1050,21,0.2857142857142857,0.28809523809523807,0.28,0.28488023049847877,0.9742857142857143,0.88,0.6666666666666666,3,2,3,False,0e320fe526dc9dd09392408def51727625d3e1f8b56e241f97de1b473faa14a1
run_9a4aa3546980f6e9ecd0,TARGET_ONLY_COSINE_PROTOTYPE,3,SURFACE_BALANCED,45,155921,0,21,1050,21,0.09523809523809523,0.07912087912087913,0.09714285714285714,0.07995090328164207,0.9914285714285714,0.94,0.75,2,3,3,True,f2d88fc0f64b0a4c3a1cd24d475a77ea2ab60ca0e5156b39c4e0d89f764c0bde
run_33203742af5d4a849eda,FROZEN_ENCODER_LINEAR_HEAD_ADAPTATION,3,SURFACE_BALANCED,45,155921,0,21,1050,21,0.14285714285714285,0.09276437847866419,0.14761904761904762,0.09676084612416445,0.9866666666666666,0.92,0.75,2,3,3,False,fb58f3e4751e8c1b3cb024f8036dd7e9dc1e3ec020197f8fbfa20c394d1c2049
run_208005151141aeb440a3,TARGET_ONLY_COSINE_PROTOTYPE,3,JOINT_FACTOR_COVERAGE,45,155921,0,21,1050,21,0.19047619047619047,0.2214285714285714,0.19238095238095237,0.22298562071872993,0.9876190476190475,0.92,0.8333333333333333,3,3,3,True,99703c43e639e9ac22eb36dca59e2e4147caf093e4c2d3fd93a92736898af418
run_dc169f9f6d16c1323753,FROZEN_ENCODER_LINEAR_HEAD_ADAPTATION,3,JOINT_FACTOR_COVERAGE,45,155921,0,21,1050,21,0.19047619047619047,0.172562358276644,0.19333333333333333,0.17209164961700457,0.9752380952380952,0.86,0.8333333333333333,3,3,3,False,37bbdc70ab3333b1c6e00e68bc2d80e637639361945a7c12d0ec77a19fe2f0b4
run_5e42f50a97d2c0d77304,TARGET_ONLY_COSINE_PROTOTYPE,5,RANDOM_BLOCK,45,155921,0,35,1050,21,0.14285714285714285,0.08333333333333333,0.1419047619047619,0.08476549309900283,0.9838095238095238,0.92,0.75,3,3,5,True,d5f269c25e16970d435875b731d007e355f09e926eb0abbcde3cee45a4d0a868
run_4413fe1f0732bcd4ba87,FROZEN_ENCODER_LINEAR_HEAD_ADAPTATION,5,RANDOM_BLOCK,45,155921,0,35,1050,21,0.19047619047619047,0.14002267573696145,0.18857142857142858,0.13912092474872745,0.9857142857142857,0.94,0.75,3,3,5,True,48b497a8a2c78ea6f7753ae848c067d5f0c766c647d9ebbbdc1fbfdcb0f3a4bb
run_ecbd5d727e844eb6f384,TARGET_ONLY_COSINE_PROTOTYPE,5,JOINT_FACTOR_COVERAGE,45,155921,0,35,1050,21,0.19047619047619047,0.1365079365079365,0.17333333333333334,0.12563167221552313,0.9771428571428571,0.64,0.775,3,3,5,True,ca51596ed7afda7497146dc5cf376a8752fb077d4bf620cf1ffc862f4013bd2d
run_14b1fa60098903999617,FROZEN_ENCODER_LINEAR_HEAD_ADAPTATION,5,JOINT_FACTOR_COVERAGE,45,155921,0,35,1050,21,0.14285714285714285,0.10317460317460317,0.1457142857142857,0.10505026967149271,0.9780952380952382,0.86,0.775,3,3,5,True,b3561d9521041174c12ca35a929b33daae921eebf651a719697f08988cde325c
run_080b8d68c2f8dc239225,TARGET_ONLY_COSINE_PROTOTYPE,1,RANDOM_BLOCK,45,181081,0,7,1050,21,0.047619047619047616,0.031746031746031744,0.05904761904761905,0.041545651179493416,0.9476190476190477,0.54,0.16666666666666666,1,1,1,True,5e818f9d4fa0a1998105a7fb426fa63622a869cc1068e075beddeb7198ad0dfc
run_9afb0ca9f417fcd7a5a6,FROZEN_ENCODER_LINEAR_HEAD_ADAPTATION,1,RANDOM_BLOCK,45,181081,0,7,1050,21,0.2857142857142857,0.2997835497835498,0.2638095238095238,0.2720752694354804,0.9657142857142857,0.62,0.16666666666666666,1,1,1,True,5303399178bd1fcef70da95634830b71e034639a6caca8b851d3265660b11837
run_d2e6d4e481576f848778,TARGET_ONLY_COSINE_PROTOTYPE,3,RANDOM_BLOCK,45,181081,0,21,1050,21,0.2857142857142857,0.2306122448979592,0.28285714285714286,0.22750002296893546,0.9933333333333333,0.94,0.6666666666666666,3,2,3,True,e406d1b4b5f8f0e0b0d82a19296616405fdfc4603e4ce21d688897f2ffea7094
run_1eb062cf27f44daf5e4b,FROZEN_ENCODER_LINEAR_HEAD_ADAPTATION,3,RANDOM_BLOCK,45,181081,0,21,1050,21,0.2857142857142857,0.28809523809523807,0.2780952380952381,0.28028583134717905,0.9780952380952382,0.88,0.6666666666666666,3,2,3,False,95ae1dd64514c17d5c139e3a2ee08caac807f42178e3693d5b6c6bc90bcb083a
run_cd7bafae49d2abb6f473,TARGET_ONLY_COSINE_PROTOTYPE,3,ER_BALANCED,45,181081,0,21,1050,21,0.19047619047619047,0.1020408163265306,0.19238095238095237,0.10539134796630963,0.9895238095238096,0.9,0.8333333333333333,3,3,3,True,e9a9b340e12267b26ca49b5addc2e9ad44faad0eea820f10a556fc3992990711
run_b6aab5ef1c127b97742b,FROZEN_ENCODER_LINEAR_HEAD_ADAPTATION,3,ER_BALANCED,45,181081,0,21,1050,21,0.23809523809523808,0.22448979591836732,0.23904761904761904,0.22996549154854,0.9761904761904762,0.88,0.8333333333333333,3,3,3,False,096838351efb490a1b827d51050a95e95e19665b9e3d93787fd743c2cc6be6e4
run_13bb1894845459bd2e3f,TARGET_ONLY_COSINE_PROTOTYPE,3,SURFACE_BALANCED,45,181081,0,21,1050,21,0.14285714285714285,0.12914862914862915,0.1419047619047619,0.12913743529869456,0.9695238095238095,0.52,0.6666666666666666,2,3,3,True,ea71028b202dbdd0e72f9239e64fd7bea97dec70ade00bd8f2310e6e64267723
run_a2e1d02f9e609815f1da,FROZEN_ENCODER_LINEAR_HEAD_ADAPTATION,3,SURFACE_BALANCED,45,181081,0,21,1050,21,0.23809523809523808,0.23684807256235826,0.24,0.23632796091761557,0.9857142857142859,0.86,0.6666666666666666,2,3,3,False,79eb4bf943721dcb81bb6532542b588c5ff073542343bf285c863f76aadbab14
run_7c677a2cb773c521d12c,TARGET_ONLY_COSINE_PROTOTYPE,3,JOINT_FACTOR_COVERAGE,45,181081,0,21,1050,21,0.19047619047619047,0.1020408163265306,0.19238095238095237,0.10539134796630963,0.9895238095238096,0.9,0.8333333333333333,3,3,3,True,e9a9b340e12267b26ca49b5addc2e9ad44faad0eea820f10a556fc3992990711
run_7341f3d89eb01e9f88fe,FROZEN_ENCODER_LINEAR_HEAD_ADAPTATION,3,JOINT_FACTOR_COVERAGE,45,181081,0,21,1050,21,0.23809523809523808,0.22448979591836732,0.23904761904761904,0.22996549154854,0.9761904761904762,0.88,0.8333333333333333,3,3,3,False,096838351efb490a1b827d51050a95e95e19665b9e3d93787fd743c2cc6be6e4
run_cff11b384cf3c226d08a,TARGET_ONLY_COSINE_PROTOTYPE,5,RANDOM_BLOCK,45,181081,0,35,1050,21,0.23809523809523808,0.15646258503401358,0.23714285714285716,0.1552887419925478,0.9952380952380951,0.94,0.775,3,3,5,True,eaf21b0e9155fb8f4f3ed3a1756aca1c69be6de61ac59cf940b3a373c8c73482
run_3eaae81924e12db32daf,FROZEN_ENCODER_LINEAR_HEAD_ADAPTATION,5,RANDOM_BLOCK,45,181081,0,35,1050,21,0.23809523809523808,0.18367346938775508,0.23333333333333334,0.1804143038888446,0.9904761904761905,0.94,0.775,3,3,5,True,acb0284adbb791641969f8ba950fcdde84adaf7b56c690756d80cbe55134e851
run_63e11cce8c88fe50e496,TARGET_ONLY_COSINE_PROTOTYPE,5,JOINT_FACTOR_COVERAGE,45,181081,0,35,1050,21,0.19047619047619047,0.1717687074829932,0.1895238095238095,0.17173977174229482,0.9904761904761905,0.92,0.775,3,3,5,True,88a7a70db5ef6d5ddc65935f902ac3d606163c450cfcfc20c145305f30793c50
run_6de43b29b1da2ddb156b,FROZEN_ENCODER_LINEAR_HEAD_ADAPTATION,5,JOINT_FACTOR_COVERAGE,45,181081,0,35,1050,21,0.14285714285714285,0.1142857142857143,0.14095238095238094,0.11286055193860325,0.9904761904761905,0.94,0.775,3,3,5,True,18c99cd70ddfbfadc915887306f066baa852297e328b9773118b08d9653578a6
run_e0a4989326073273a19e,TARGET_ONLY_COSINE_PROTOTYPE,1,RANDOM_BLOCK,45,205439,0,7,1050,21,0.09523809523809523,0.07256235827664399,0.09523809523809523,0.07190563454607002,0.9714285714285715,0.88,0.16666666666666666,1,1,1,True,6252087112e8d97240663c0cc72866d1ecc90edfebedebb2c213528259616003
run_830cb8b8db02cd00d03d,FROZEN_ENCODER_LINEAR_HEAD_ADAPTATION,1,RANDOM_BLOCK,45,205439,0,7,1050,21,0.2857142857142857,0.3048855905998763,0.26666666666666666,0.28169075241483477,0.961904761904762,0.62,0.16666666666666666,1,1,1,True,25ab376b47bc61d837a0116feb1b613e7e7d8b6344cebfb4c56b2afe839d1ba3
run_778b56e459740319e022,TARGET_ONLY_COSINE_PROTOTYPE,3,RANDOM_BLOCK,45,205439,0,21,1050,21,0.14285714285714285,0.08843537414965986,0.14285714285714285,0.08995371041014924,0.9828571428571429,0.92,0.5833333333333333,2,2,3,True,9a7aa6339e426101cf49817d165bce99d1e294f3fd680466fbcd41c0122e2804
run_c67b2776e190272838bc,FROZEN_ENCODER_LINEAR_HEAD_ADAPTATION,3,RANDOM_BLOCK,45,205439,0,21,1050,21,0.19047619047619047,0.17006802721088432,0.19047619047619047,0.16673313965984718,0.9619047619047618,0.5,0.5833333333333333,2,2,3,False,c513e19928024317e3ed23e7feae0e04cf2ec1a45e51235ed5625c7f2413bb80
run_f767c9badb0315b1f266,TARGET_ONLY_COSINE_PROTOTYPE,3,ER_BALANCED,45,205439,0,21,1050,21,0.14285714285714285,0.15476190476190474,0.14476190476190476,0.15654661483749296,0.9885714285714284,0.92,0.8333333333333333,3,3,3,True,10a79b9981bee47c4369623972758594b6ba91feb0369af76ad91eec5a72957c
run_320aef167907d02a445f,FROZEN_ENCODER_LINEAR_HEAD_ADAPTATION,3,ER_BALANCED,45,205439,0,21,1050,21,0.19047619047619047,0.17142857142857143,0.19333333333333333,0.16982379931899874,0.9561904761904763,0.5,0.8333333333333333,3,3,3,False,248fd726d957bed8eb9b15b40204bb0c32fcf61582ecf76acae2658f1e1e76ff
run_f9f9036022c26874ec9c,TARGET_ONLY_COSINE_PROTOTYPE,3,SURFACE_BALANCED,45,205439,0,21,1050,21,0.2857142857142857,0.25215419501133784,0.26761904761904765,0.24029750800606361,0.9742857142857143,0.7,0.6666666666666666,2,3,3,True,bf59a13196fc57419ac078446de21bb7b8c3121de7db985422f13dcbb1083af5
run_dbd39e5153ff6f0ae968,FROZEN_ENCODER_LINEAR_HEAD_ADAPTATION,3,SURFACE_BALANCED,45,205439,0,21,1050,21,0.2857142857142857,0.2503401360544218,0.28095238095238095,0.24691549394957393,0.9714285714285713,0.88,0.6666666666666666,2,3,3,False,88f9cf46f1984a609d072c4cd6e18107ea55ea6f2cadaced829eb18dd7ba6c29
run_5ac5d5fc168ce035d519,TARGET_ONLY_COSINE_PROTOTYPE,3,JOINT_FACTOR_COVERAGE,45,205439,0,21,1050,21,0.14285714285714285,0.15476190476190474,0.14476190476190476,0.15654661483749296,0.9885714285714284,0.92,0.8333333333333333,3,3,3,True,10a79b9981bee47c4369623972758594b6ba91feb0369af76ad91eec5a72957c
run_b0a61e3ddf9499602952,FROZEN_ENCODER_LINEAR_HEAD_ADAPTATION,3,JOINT_FACTOR_COVERAGE,45,205439,0,21,1050,21,0.19047619047619047,0.17142857142857143,0.19333333333333333,0.16982379931899874,0.9561904761904763,0.5,0.8333333333333333,3,3,3,False,248fd726d957bed8eb9b15b40204bb0c32fcf61582ecf76acae2658f1e1e76ff
run_c951dd9e261de1305914,TARGET_ONLY_COSINE_PROTOTYPE,5,RANDOM_BLOCK,45,205439,0,35,1050,21,0.09523809523809523,0.06168831168831169,0.09428571428571429,0.061491868596786854,0.9942857142857142,0.94,0.775,3,3,5,True,8ac191889d7f21988c2f67db46d45cf157556ed5ea65f00b4f6c6f936b12ba31
run_1766906eb5ed6f61f7d8,FROZEN_ENCODER_LINEAR_HEAD_ADAPTATION,5,RANDOM_BLOCK,45,205439,0,35,1050,21,0.2857142857142857,0.26303854875283444,0.28095238095238095,0.2593724787290546,0.9838095238095238,0.92,0.775,3,3,5,True,1b7a3dff0eb4ec27f792f81109c5ad5f722baba21e9f0f7b58ce840110459636
run_8e978bbb5a7d5b9e2e16,TARGET_ONLY_COSINE_PROTOTYPE,5,JOINT_FACTOR_COVERAGE,45,205439,0,35,1050,21,0.09523809523809523,0.06168831168831169,0.09428571428571429,0.061491868596786854,0.9942857142857142,0.94,0.775,3,3,5,True,8ac191889d7f21988c2f67db46d45cf157556ed5ea65f00b4f6c6f936b12ba31
run_5a750a0835dbc3d74cd7,FROZEN_ENCODER_LINEAR_HEAD_ADAPTATION,5,JOINT_FACTOR_COVERAGE,45,205439,0,35,1050,21,0.2857142857142857,0.26303854875283444,0.28095238095238095,0.2593724787290546,0.9838095238095238,0.92,0.775,3,3,5,True,1b7a3dff0eb4ec27f792f81109c5ad5f722baba21e9f0f7b58ce840110459636
run_d6433d523c13e9cd7f23,FS0_FROZEN_SOURCE_HEAD,0,FS0_FROZEN_SOURCE_HEAD,45,104729,1,0,1050,21,0.09523809523809523,0.03571428571428571,0.08571428571428572,0.03182461103253183,0.9733333333333334,0.7,,,,,True,d6df1606d943fe2741382580c944c7ebbe1ccb54ecc0e1527fdc441c3ff1ceb4
run_8d2c367f39a19682008c,FS0_FROZEN_SOURCE_HEAD,0,FS0_FROZEN_SOURCE_HEAD,45,130363,1,0,1050,21,0.09523809523809523,0.03571428571428571,0.08571428571428572,0.03182461103253183,0.9733333333333334,0.7,,,,,True,d6df1606d943fe2741382580c944c7ebbe1ccb54ecc0e1527fdc441c3ff1ceb4
run_5ee2b149725f28cbeed4,FS0_FROZEN_SOURCE_HEAD,0,FS0_FROZEN_SOURCE_HEAD,45,155921,1,0,1050,21,0.09523809523809523,0.03571428571428571,0.08571428571428572,0.03182461103253183,0.9733333333333334,0.7,,,,,True,d6df1606d943fe2741382580c944c7ebbe1ccb54ecc0e1527fdc441c3ff1ceb4
run_691353282630ee7b462d,FS0_FROZEN_SOURCE_HEAD,0,FS0_FROZEN_SOURCE_HEAD,45,181081,1,0,1050,21,0.09523809523809523,0.03571428571428571,0.08571428571428572,0.03182461103253183,0.9733333333333334,0.7,,,,,True,d6df1606d943fe2741382580c944c7ebbe1ccb54ecc0e1527fdc441c3ff1ceb4
run_ea66dff18260677adf2f,FS0_FROZEN_SOURCE_HEAD,0,FS0_FROZEN_SOURCE_HEAD,45,205439,1,0,1050,21,0.09523809523809523,0.03571428571428571,0.08571428571428572,0.03182461103253183,0.9733333333333334,0.7,,,,,True,d6df1606d943fe2741382580c944c7ebbe1ccb54ecc0e1527fdc441c3ff1ceb4
run_99866b8f5fe01607e4a0,TARGET_ONLY_COSINE_PROTOTYPE,1,RANDOM_BLOCK,45,104729,1,7,1050,21,0.19047619047619047,0.15555555555555559,0.1895238095238095,0.15548489827080883,0.981904761904762,0.8,0.16666666666666666,1,1,1,True,5ddc03673f9d58e0fcc5c7cbc3ef9871def8ed582f79619fc2a66fb029455d02
run_34522cd745c857995a1d,FROZEN_ENCODER_LINEAR_HEAD_ADAPTATION,1,RANDOM_BLOCK,45,104729,1,7,1050,21,0.047619047619047616,0.025974025974025976,0.047619047619047616,0.025926886180969666,0.96,0.7,0.16666666666666666,1,1,1,True,0428e1d9d71afc28403818961d02ad4ee9d81257cf6345525ae11c932409c090
run_d1c72cc6ea392478c778,TARGET_ONLY_COSINE_PROTOTYPE,3,RANDOM_BLOCK,45,104729,1,21,1050,21,0.14285714285714285,0.1349206349206349,0.13142857142857142,0.12269051092439033,0.9609523809523809,0.7,0.6666666666666666,3,2,3,True,b9f5e8cc674964019100bfe640a5ce5671bef7e9ee7a518f01c00027a158e258
run_0c890360e278490a978b,FROZEN_ENCODER_LINEAR_HEAD_ADAPTATION,3,RANDOM_BLOCK,45,104729,1,21,1050,21,0.0,0.0,0.0,0.0,0.9657142857142857,0.7,0.6666666666666666,3,2,3,False,6b189580c33a5917c4fd46c6011ff5ea1ced15a42a5a1380fed9d45a9fede6e5
run_8c4df87006cee94ebb7a,TARGET_ONLY_COSINE_PROTOTYPE,3,ER_BALANCED,45,104729,1,21,1050,21,0.23809523809523808,0.24081632653061227,0.22857142857142856,0.22788518221890994,0.9723809523809525,0.8,0.75,3,2,3,True,8b99b4829f2088e4d2dc61f424cac5ed7d2baad20a05ee5703b865618a3a31de
run_1048e9fb4fc9d77bc362,FROZEN_ENCODER_LINEAR_HEAD_ADAPTATION,3,ER_BALANCED,45,104729,1,21,1050,21,0.0,0.0,0.008571428571428572,0.010011692141650059,0.9504761904761905,0.66,0.75,3,2,3,False,6163f1c9119ac0de70d1f581c19b713043da8861adf13d76d867cd0e5084dd67
run_7eb48edbe739804d5436,TARGET_ONLY_COSINE_PROTOTYPE,3,SURFACE_BALANCED,45,104729,1,21,1050,21,0.09523809523809523,0.09740259740259741,0.09333333333333334,0.0934176726283883,0.9704761904761904,0.8,0.8333333333333333,3,3,3,True,fb28cafc63c8b3d4f1388c17a383db50b859fbabbc98c44ff031d8d9c4b1c8cc
run_7d1babf61e39babdfa90,FROZEN_ENCODER_LINEAR_HEAD_ADAPTATION,3,SURFACE_BALANCED,45,104729,1,21,1050,21,0.0,0.0,0.0009523809523809524,0.0004513653802753329,0.9504761904761905,0.68,0.8333333333333333,3,3,3,False,839f99782706f81c9f04f3a09e19e2ca55d04e196ad51ea691cbfaffcee3c3b7
run_1a9205ddb6a867ff6a4d,TARGET_ONLY_COSINE_PROTOTYPE,3,JOINT_FACTOR_COVERAGE,45,104729,1,21,1050,21,0.09523809523809523,0.08333333333333333,0.08761904761904762,0.07837059042658094,0.9742857142857143,0.7,0.8333333333333333,3,3,3,True,e4adfbb13827152e3d18d7b093120ca6efe69523ce3e7ab78a52a724bf1db785
run_bb3fe44463ff2f8fc341,FROZEN_ENCODER_LINEAR_HEAD_ADAPTATION,3,JOINT_FACTOR_COVERAGE,45,104729,1,21,1050,21,0.0,0.0,0.0009523809523809524,0.0018552875695732839,0.9638095238095239,0.7,0.8333333333333333,3,3,3,False,6f9a008185f557349bb6a61481a55cf4cff47000b454ae0d3450038557c754fc
run_70b8e83b1f53b92fc1cc,TARGET_ONLY_COSINE_PROTOTYPE,5,RANDOM_BLOCK,45,104729,1,35,1050,21,0.14285714285714285,0.19047619047619047,0.12,0.15466444187895503,0.959047619047619,0.7,0.75,3,3,5,True,92849d8e11c9d1157d254bff8d30ed91f02455ffbac65997d48576ba48c7eed1
run_d20a7b5f905c3abb3dd6,FROZEN_ENCODER_LINEAR_HEAD_ADAPTATION,5,RANDOM_BLOCK,45,104729,1,35,1050,21,0.14285714285714285,0.146031746031746,0.13047619047619047,0.1324635255772722,0.9685714285714287,0.8,0.75,3,3,5,True,160da918279b79bf581e6875c14b1c65f859d3e1f7a241428c70b52049019486
run_5283d6eea17b8aa3fd2c,TARGET_ONLY_COSINE_PROTOTYPE,5,JOINT_FACTOR_COVERAGE,45,104729,1,35,1050,21,0.09523809523809523,0.08333333333333333,0.09619047619047619,0.08638353638353638,0.9733333333333333,0.86,0.8,3,3,5,True,07caf12d597b1b5deed93fb4d7b726c0fbd8d7bb73ea58f144090ab9b7cf2240
run_1074456b430bb3a4b8af,FROZEN_ENCODER_LINEAR_HEAD_ADAPTATION,5,JOINT_FACTOR_COVERAGE,45,104729,1,35,1050,21,0.14285714285714285,0.14285714285714285,0.13142857142857142,0.13827264378916734,0.9733333333333334,0.8,0.8,3,3,5,True,b88735c71d60464aa1401488c35154969b2d18f1adfe95ce2bf36db7aedbf05b
run_b8101e668cabf4efc1ed,TARGET_ONLY_COSINE_PROTOTYPE,1,RANDOM_BLOCK,45,130363,1,7,1050,21,0.14285714285714285,0.11904761904761904,0.1361904761904762,0.10849181382832583,0.9580952380952381,0.5,0.16666666666666666,1,1,1,True,d7feadb699af1afcfc52351ff2dac37f28237940a13ad71c55aca6387186f12e
run_af14b9d3557cec618c60,FROZEN_ENCODER_LINEAR_HEAD_ADAPTATION,1,RANDOM_BLOCK,45,130363,1,7,1050,21,0.09523809523809523,0.08311688311688312,0.0980952380952381,0.08668384870873831,0.9704761904761904,0.7,0.16666666666666666,1,1,1,True,f6fc3784fc70c72cf36a38e3ba60eb1c4525e1d62d59087b22cd859e75890a76
run_ad9de3fa602f09a31a7b,TARGET_ONLY_COSINE_PROTOTYPE,3,RANDOM_BLOCK,45,130363,1,21,1050,21,0.19047619047619047,0.1953617810760668,0.19333333333333333,0.19164910502608373,0.9733333333333334,0.8,0.75,3,2,3,True,f29afa4dde4a03ada0c764b19663aea17865003287fb0c783b6f27b95a099b17
run_b21d133323aae758df9e,FROZEN_ENCODER_LINEAR_HEAD_ADAPTATION,3,RANDOM_BLOCK,45,130363,1,21,1050,21,0.0,0.0,0.002857142857142857,0.003616636528028933,0.9571428571428572,0.7,0.75,3,2,3,False,0a038122e17dcbf4ef2a95df63c3c7ce48025116dc53c2236e11dda26ead17ea
run_3d0974b291a9b0fe118a,TARGET_ONLY_COSINE_PROTOTYPE,3,ER_BALANCED,45,130363,1,21,1050,21,0.14285714285714285,0.13333333333333333,0.13523809523809524,0.12256394069520835,0.959047619047619,0.7,0.6666666666666666,3,2,3,True,b743f12be87cccabc5febef8cd1f863d29dfa312ff043792467de2c9b44bc3c4
run_b189df457e297852e623,FROZEN_ENCODER_LINEAR_HEAD_ADAPTATION,3,ER_BALANCED,45,130363,1,21,1050,21,0.0,0.0,0.0009523809523809524,0.0018315018315018315,0.9571428571428572,0.7,0.6666666666666666,3,2,3,False,318abb629d9888f9955753d5f951b9fee7780f40232e8968f68397d4c753215b
run_7203c36eced0ea53fcd4,TARGET_ONLY_COSINE_PROTOTYPE,3,SURFACE_BALANCED,45,130363,1,21,1050,21,0.14285714285714285,0.14285714285714285,0.12857142857142856,0.12738244864374004,0.9542857142857143,0.62,0.75,2,3,3,True,68067584c85adb55be100ba33c9cde70d59c1bd30b58322408d6b59f038ee9d7
run_60b64dcf716226e9189e,FROZEN_ENCODER_LINEAR_HEAD_ADAPTATION,3,SURFACE_BALANCED,45,130363,1,21,1050,21,0.0,0.0,0.0,0.0,0.9647619047619048,0.7,0.75,2,3,3,False,ab622c87789ead578e93b29563b14fda3ba0a8446bfc9156f30d5ec24733971f
run_1bf37d3a6bfcf94daa2d,TARGET_ONLY_COSINE_PROTOTYPE,3,JOINT_FACTOR_COVERAGE,45,130363,1,21,1050,21,0.09523809523809523,0.09740259740259741,0.09333333333333334,0.0934176726283883,0.9704761904761904,0.8,0.8333333333333333,3,3,3,True,fb28cafc63c8b3d4f1388c17a383db50b859fbabbc98c44ff031d8d9c4b1c8cc
run_3ff631cc1c48d1a8f64d,FROZEN_ENCODER_LINEAR_HEAD_ADAPTATION,3,JOINT_FACTOR_COVERAGE,45,130363,1,21,1050,21,0.0,0.0,0.0009523809523809524,0.000447127207690588,0.9504761904761907,0.52,0.8333333333333333,3,3,3,False,fa8886de46f912c96fe397cdc240d913b15b73ba3838d30fd88bc78f744df2ad
run_49dcd79265cb110f2fb6,TARGET_ONLY_COSINE_PROTOTYPE,5,RANDOM_BLOCK,45,130363,1,35,1050,21,0.19047619047619047,0.19047619047619047,0.17142857142857143,0.17199299245158461,0.9619047619047618,0.7,0.75,3,3,5,True,66adbd7278f5bee5b286fa00550e5b9b17c62003024883fca63081c9c1f339aa
run_f4719352778b247873fc,FROZEN_ENCODER_LINEAR_HEAD_ADAPTATION,5,RANDOM_BLOCK,45,130363,1,35,1050,21,0.0,0.0,0.007619047619047619,0.012613818491646906,0.981904761904762,0.82,0.75,3,3,5,True,023abeef8ea5fe7aaca525ae50d2dc9ec4f8659eb48d92ea48830e739ef97341
run_efb59af35463c1e3f367,TARGET_ONLY_COSINE_PROTOTYPE,5,JOINT_FACTOR_COVERAGE,45,130363,1,35,1050,21,0.09523809523809523,0.08333333333333333,0.09904761904761905,0.08662780960525722,0.959047619047619,0.52,0.8,3,3,5,True,56a4e3f8df4e02e38339fc5a18f3a486ca2d0d4f1b6bb383595ea2459e5652bd
run_f9a284e38ce15fb9aea1,FROZEN_ENCODER_LINEAR_HEAD_ADAPTATION,5,JOINT_FACTOR_COVERAGE,45,130363,1,35,1050,21,0.14285714285714285,0.14025974025974025,0.13333333333333333,0.14239487790006358,0.9647619047619048,0.8,0.8,3,3,5,True,59eca3f4413a1240ed9385d892e47fcf55d6a7f01eeb7091cf82ad547ef19a60
run_0e63d5e039e9b9f6f5de,TARGET_ONLY_COSINE_PROTOTYPE,1,RANDOM_BLOCK,45,155921,1,7,1050,21,0.19047619047619047,0.15952380952380954,0.1895238095238095,0.15779256832428465,0.9733333333333334,0.64,0.16666666666666666,1,1,1,True,b09576ecda5573394c27f2c83708efd1ae28b647a7d4b50d33638d9f1e248398
run_cd3f0146de72ec4a851c,FROZEN_ENCODER_LINEAR_HEAD_ADAPTATION,1,RANDOM_BLOCK,45,155921,1,7,1050,21,0.047619047619047616,0.031746031746031744,0.047619047619047616,0.031535793125197095,0.978095238095238,0.7,0.16666666666666666,1,1,1,True,b86b463ab580893060e81e8361ec46444f658aa66cbf6474677c1e8c6dda338b
run_3cd42cbd67451bdc2579,TARGET_ONLY_COSINE_PROTOTYPE,3,RANDOM_BLOCK,45,155921,1,21,1050,21,0.09523809523809523,0.07653061224489796,0.0980952380952381,0.0783667517269634,0.9457142857142858,0.7,0.6666666666666666,3,2,3,True,ac48aeb06daeb0c797176a1117027aa601a470ded0281cdb56b6224ef6c7ff4f
run_7ae825bde227fc484179,FROZEN_ENCODER_LINEAR_HEAD_ADAPTATION,3,RANDOM_BLOCK,45,155921,1,21,1050,21,0.0,0.0,0.0,0.0,0.9714285714285715,0.7,0.6666666666666666,3,2,3,False,7e38159015277635409928b0740eae64d76ef14981f6632e8592c63a9ff46b14
run_1d1eb36862e733a2485f,TARGET_ONLY_COSINE_PROTOTYPE,3,ER_BALANCED,45,155921,1,21,1050,21,0.09523809523809523,0.07653061224489796,0.0980952380952381,0.0783667517269634,0.9457142857142858,0.7,0.6666666666666666,3,2,3,True,ac48aeb06daeb0c797176a1117027aa601a470ded0281cdb56b6224ef6c7ff4f
run_c54f5e94680e0c103d71,FROZEN_ENCODER_LINEAR_HEAD_ADAPTATION,3,ER_BALANCED,45,155921,1,21,1050,21,0.0,0.0,0.0,0.0,0.9714285714285715,0.7,0.6666666666666666,3,2,3,False,7e38159015277635409928b0740eae64d76ef14981f6632e8592c63a9ff46b14
run_aa26952dd0c7f2aed2a7,TARGET_ONLY_COSINE_PROTOTYPE,3,SURFACE_BALANCED,45,155921,1,21,1050,21,0.09523809523809523,0.09740259740259741,0.09333333333333334,0.0934176726283883,0.9704761904761904,0.8,0.8333333333333333,3,3,3,True,fb28cafc63c8b3d4f1388c17a383db50b859fbabbc98c44ff031d8d9c4b1c8cc
run_faaa288de9d01724addd,FROZEN_ENCODER_LINEAR_HEAD_ADAPTATION,3,SURFACE_BALANCED,45,155921,1,21,1050,21,0.0,0.0,0.0009523809523809524,0.000447127207690588,0.9561904761904765,0.7,0.8333333333333333,3,3,3,False,165bb7cc6dfe4b7a86143a3bf7724b80e6b604cd9cb213fc65391956d157d64c
run_50599163610d69f641cc,TARGET_ONLY_COSINE_PROTOTYPE,3,JOINT_FACTOR_COVERAGE,45,155921,1,21,1050,21,0.09523809523809523,0.09740259740259741,0.09333333333333334,0.0934176726283883,0.9704761904761904,0.8,0.8333333333333333,3,3,3,True,fb28cafc63c8b3d4f1388c17a383db50b859fbabbc98c44ff031d8d9c4b1c8cc
run_7dead2cfa6ad745b99c7,FROZEN_ENCODER_LINEAR_HEAD_ADAPTATION,3,JOINT_FACTOR_COVERAGE,45,155921,1,21,1050,21,0.0,0.0,0.0009523809523809524,0.000447127207690588,0.9561904761904765,0.7,0.8333333333333333,3,3,3,False,165bb7cc6dfe4b7a86143a3bf7724b80e6b604cd9cb213fc65391956d157d64c
run_22ee98d8a919d632b8e5,TARGET_ONLY_COSINE_PROTOTYPE,5,RANDOM_BLOCK,45,155921,1,35,1050,21,0.14285714285714285,0.08888888888888889,0.15619047619047619,0.10191502327751277,0.9666666666666667,0.7,0.775,3,3,5,True,e16c76faa40c390d2a4b903597f42349f3d6da9ae4a03e9d4f5cf9c2b8cf6e29
run_f5f1430f63910d6febcf,FROZEN_ENCODER_LINEAR_HEAD_ADAPTATION,5,RANDOM_BLOCK,45,155921,1,35,1050,21,0.23809523809523808,0.24603174603174602,0.22380952380952382,0.22522473857016476,0.9542857142857143,0.48,0.775,3,3,5,True,c15088b2189c349fd68cf9fd9953ef3b31b5b237e74ca67effc43ce4a1bdb043
run_d833d0ee0d16de0b6370,TARGET_ONLY_COSINE_PROTOTYPE,5,JOINT_FACTOR_COVERAGE,45,155921,1,35,1050,21,0.14285714285714285,0.09956709956709957,0.14476190476190476,0.103723636860603,0.9733333333333334,0.86,0.8,3,3,5,True,5e96a1216cbdc151939f85dc36d0d9c053ba3f3b9656016201a133f887c63cbe
run_a59b595feda5e3463a32,FROZEN_ENCODER_LINEAR_HEAD_ADAPTATION,5,JOINT_FACTOR_COVERAGE,45,155921,1,35,1050,21,0.14285714285714285,0.1761904761904762,0.14666666666666667,0.17919827745825073,0.9771428571428571,0.86,0.8,3,3,5,True,7fe716fbfd4218a114b5fac6866e68b37a250fa02a4eae078e0d0c9b338102fd
run_32fad3294346ce73c309,TARGET_ONLY_COSINE_PROTOTYPE,1,RANDOM_BLOCK,45,181081,1,7,1050,21,0.0,0.0,0.005714285714285714,0.01098901098901099,0.9476190476190476,0.58,0.16666666666666666,1,1,1,True,fe3b6e8d1d318378e5953f40dfe8847ab02c819897314593cdbddd4f8a00a306
run_c38703c7d1dfdfd3b07f,FROZEN_ENCODER_LINEAR_HEAD_ADAPTATION,1,RANDOM_BLOCK,45,181081,1,7,1050,21,0.0,0.0,0.015238095238095238,0.008264880952380952,0.9647619047619048,0.76,0.16666666666666666,1,1,1,True,50f6a50f0606a7837e313d1df5ddf531fec4d4b5aae20065f783c1e051da23d3
run_7bdedcce05fe53a44b98,TARGET_ONLY_COSINE_PROTOTYPE,3,RANDOM_BLOCK,45,181081,1,21,1050,21,0.14285714285714285,0.09795918367346938,0.1380952380952381,0.09689106964009482,0.9685714285714285,0.7,0.5,2,2,3,True,b8b079046f641d9e727d0fdcd59999c295a850ab6214b5e36b4be0390616a104
run_e0fc32d10556207a37e3,FROZEN_ENCODER_LINEAR_HEAD_ADAPTATION,3,RANDOM_BLOCK,45,181081,1,21,1050,21,0.0,0.0,0.015238095238095238,0.009333987536654058,0.9419047619047619,0.58,0.5,2,2,3,False,8549e021699cc9f91fda9176288a6d8a9e51733c3c162c56a6f662303b1249d3
run_594b11626791e9bd99bb,TARGET_ONLY_COSINE_PROTOTYPE,3,ER_BALANCED,45,181081,1,21,1050,21,0.09523809523809523,0.10714285714285714,0.08761904761904762,0.09678769976252813,0.9752380952380952,0.7,0.6666666666666666,3,2,3,True,cd33f2c11c5c3662632239d8278f8de3a64799f73e4c7bde1a25dec588ded159
run_cbe551dff5fc5cd88409,FROZEN_ENCODER_LINEAR_HEAD_ADAPTATION,3,ER_BALANCED,45,181081,1,21,1050,21,0.0,0.0,0.0,0.0,0.9723809523809525,0.7,0.6666666666666666,3,2,3,False,852b6ef748a297066d009f66fcb320b608185f4a4184954cd78f62a912404068
run_9fb040fc4936078b32c4,TARGET_ONLY_COSINE_PROTOTYPE,3,SURFACE_BALANCED,45,181081,1,21,1050,21,0.14285714285714285,0.15306122448979592,0.12857142857142856,0.13602064144265566,0.9704761904761906,0.7,0.75,2,3,3,True,1dc447df2d17adb6544bc796a161f2c16f7458de195dfb7882930eba7580ee81
run_559f2845b0445c403799,FROZEN_ENCODER_LINEAR_HEAD_ADAPTATION,3,SURFACE_BALANCED,45,181081,1,21,1050,21,0.0,0.0,0.0,0.0,0.959047619047619,0.7,0.75,2,3,3,False,ea587bcd25530e8169ad7ccbc925adc87e6ad42c80a4207941cf5ea801986055
run_1a7dc61f7542ac8e1d63,TARGET_ONLY_COSINE_PROTOTYPE,3,JOINT_FACTOR_COVERAGE,45,181081,1,21,1050,21,0.09523809523809523,0.08333333333333333,0.09333333333333334,0.08254584850487053,0.9742857142857143,0.8,0.8333333333333333,3,3,3,True,9746aaa76c1300eea4486ed238ce8260e2dcfc748e8c334ea10520e341167b7f
run_c9a3736139842be7fbac,FROZEN_ENCODER_LINEAR_HEAD_ADAPTATION,3,JOINT_FACTOR_COVERAGE,45,181081,1,21,1050,21,0.0,0.0,0.018095238095238095,0.010101683713063251,0.9428571428571428,0.58,0.8333333333333333,3,3,3,False,b58262e4eaf8da76d7d9adc7931520d7caa3ad52dcde118d7e3a7d39fbedaa96
run_e6e67ab6ee458dee4e6d,TARGET_ONLY_COSINE_PROTOTYPE,5,RANDOM_BLOCK,45,181081,1,35,1050,21,0.047619047619047616,0.03571428571428571,0.05904761904761905,0.045185477505919495,0.9676190476190476,0.7,0.75,3,3,5,True,de959cb17b659d1c056476dbff399c371be7511f8d16b93fd3ee666fcb93c7c9
run_841fba932b9e7bdda5b4,FROZEN_ENCODER_LINEAR_HEAD_ADAPTATION,5,RANDOM_BLOCK,45,181081,1,35,1050,21,0.14285714285714285,0.1365079365079365,0.1523809523809524,0.1489268242436699,0.9571428571428572,0.58,0.75,3,3,5,True,c5b92376798ff557d13c8a5ca818e005e3e88906f6a2950e82e2f546d5dfce44
run_0a4f9f92f3ba683c9277,TARGET_ONLY_COSINE_PROTOTYPE,5,JOINT_FACTOR_COVERAGE,45,181081,1,35,1050,21,0.09523809523809523,0.08333333333333333,0.09904761904761905,0.08812877758984326,0.9761904761904762,0.8,0.8,3,3,5,True,3c93db3e2b9e659546b6af66d50d637cfc1ef27f74f3aaee9c9df0b868513269
run_0ac036892a40093fb786,FROZEN_ENCODER_LINEAR_HEAD_ADAPTATION,5,JOINT_FACTOR_COVERAGE,45,181081,1,35,1050,21,0.19047619047619047,0.19999999999999998,0.17523809523809525,0.18964914211613196,0.9685714285714287,0.8,0.8,3,3,5,True,60abdd89d788a8084e02c9ec870c7b66fed1f2e83bae6bf796fd74ea9314069f
run_6c4c8e11198b686ef5c1,TARGET_ONLY_COSINE_PROTOTYPE,1,RANDOM_BLOCK,45,205439,1,7,1050,21,0.09523809523809523,0.07936507936507937,0.08095238095238096,0.06464352972827549,0.9561904761904763,0.64,0.16666666666666666,1,1,1,True,7227ee9ebd74c86522d2ce5a3822ade540668bf842ce32017862f75f72ff6262
run_df93a3ae1d3cd95b47a9,FROZEN_ENCODER_LINEAR_HEAD_ADAPTATION,1,RANDOM_BLOCK,45,205439,1,7,1050,21,0.0,0.0,0.002857142857142857,0.0033482142857142855,0.9714285714285715,0.7,0.16666666666666666,1,1,1,True,99fa7b34339be47600a4ac9594cf72f9615097e929de3cb4ba457eedac50a3ba
run_ca52cf41c15012cc114c,TARGET_ONLY_COSINE_PROTOTYPE,3,RANDOM_BLOCK,45,205439,1,21,1050,21,0.09523809523809523,0.10317460317460317,0.0980952380952381,0.10833839762666951,0.9666666666666667,0.76,0.6666666666666666,3,2,3,True,72fe92602974d0be9927d927cd91fb6f81505aeeee95a8b77dd7b3970bceea23
run_fc552d878377343cf77e,FROZEN_ENCODER_LINEAR_HEAD_ADAPTATION,3,RANDOM_BLOCK,45,205439,1,21,1050,21,0.0,0.0,0.0009523809523809524,0.0005281225244256667,0.9542857142857144,0.7,0.6666666666666666,3,2,3,False,a17296afa2d7c070db3b36ce5265416240c94650a203958c33810c974f18f56f
run_70b3fe934c287d50d277,TARGET_ONLY_COSINE_PROTOTYPE,3,ER_BALANCED,45,205439,1,21,1050,21,0.09523809523809523,0.11904761904761904,0.10666666666666667,0.1291567729553061,0.9685714285714285,0.7,0.75,3,2,3,True,a83395424cedeb43138fc2812289ba07c4fc0dfe8de1e0da5b0ff7a218adf2d1
run_d4973d66d2f1e367301d,FROZEN_ENCODER_LINEAR_HEAD_ADAPTATION,3,ER_BALANCED,45,205439,1,21,1050,21,0.0,0.0,0.0,0.0,0.962857142857143,0.7,0.75,3,2,3,False,59edba7ec217976b1ac598d0aa8cf21ff2735e09b868959a1bc2bb9e0487e6d8
run_d27f4f3e2cf1a48c71f7,TARGET_ONLY_COSINE_PROTOTYPE,3,SURFACE_BALANCED,45,205439,1,21,1050,21,0.0,0.0,0.023809523809523808,0.02847791008562713,0.940952380952381,0.5,0.6666666666666666,2,3,3,True,6cea5ed6c7d61137d6a8ad6c5a6094f1ef6be3c222d8b8133d36e6499fbb8bd6
run_4d1bf6c3fd69ff6df2a3,FROZEN_ENCODER_LINEAR_HEAD_ADAPTATION,3,SURFACE_BALANCED,45,205439,1,21,1050,21,0.0,0.0,0.002857142857142857,0.002997002997002997,0.9609523809523811,0.64,0.6666666666666666,2,3,3,False,752836a851ce5d993aba7aeb36113604702c3995a6b3f1a75f390d1c65378208
run_f80dbb12d9b49ec9552f,TARGET_ONLY_COSINE_PROTOTYPE,3,JOINT_FACTOR_COVERAGE,45,205439,1,21,1050,21,0.09523809523809523,0.08333333333333333,0.08761904761904762,0.0781908144992967,0.9742857142857143,0.7,0.8333333333333333,3,3,3,True,a86a79abd2346d149dd1fc0b577f56b73a5d6cddd51f10651e85f7cfd09aabb5
run_af09ef409b77aa8a1cde,FROZEN_ENCODER_LINEAR_HEAD_ADAPTATION,3,JOINT_FACTOR_COVERAGE,45,205439,1,21,1050,21,0.0,0.0,0.0009523809523809524,0.0018552875695732839,0.9542857142857144,0.7,0.8333333333333333,3,3,3,False,ffb511f3b726a12a50b7c2a3bbb2d2f543ecec15613138d090303b03ea4eb191
run_c813a5714cafd7d55218,TARGET_ONLY_COSINE_PROTOTYPE,5,RANDOM_BLOCK,45,205439,1,35,1050,21,0.09523809523809523,0.09285714285714286,0.09904761904761905,0.09742959535503039,0.9790476190476189,0.86,0.8,3,3,5,True,0139301a5e4981a738acecc275eeec9333647552e3cb520efbc778ee1ffc0bde
run_40af678e6fe0bdff20ce,FROZEN_ENCODER_LINEAR_HEAD_ADAPTATION,5,RANDOM_BLOCK,45,205439,1,35,1050,21,0.09523809523809523,0.1285714285714286,0.11238095238095239,0.15146166960764537,0.9609523809523809,0.64,0.8,3,3,5,True,e194d94a63fa7c0f7023f67a58c6638cf31f97a2524cec2c30b0e1e6e578e2e0
run_58f0b9ca47532b46f7cc,TARGET_ONLY_COSINE_PROTOTYPE,5,JOINT_FACTOR_COVERAGE,45,205439,1,35,1050,21,0.09523809523809523,0.09285714285714286,0.09904761904761905,0.09742959535503039,0.9790476190476189,0.86,0.8,3,3,5,True,0139301a5e4981a738acecc275eeec9333647552e3cb520efbc778ee1ffc0bde
run_0bc91bcb5d2f27bc33da,FROZEN_ENCODER_LINEAR_HEAD_ADAPTATION,5,JOINT_FACTOR_COVERAGE,45,205439,1,35,1050,21,0.09523809523809523,0.1285714285714286,0.11238095238095239,0.15146166960764537,0.9609523809523809,0.64,0.8,3,3,5,True,e194d94a63fa7c0f7023f67a58c6638cf31f97a2524cec2c30b0e1e6e578e2e0
run_706bc15ab76c7218f35a,FS0_FROZEN_SOURCE_HEAD,0,FS0_FROZEN_SOURCE_HEAD,45,104729,2,0,1050,21,0.23809523809523808,0.17069597069597073,0.2419047619047619,0.17911087670003872,0.9752380952380952,0.86,,,,,True,74566da2ab72bd3d6ed7cabf30d29fe9534b4605c049f0bb7a2fe90f8eb2390b
run_edf5153709e2fdd62069,FS0_FROZEN_SOURCE_HEAD,0,FS0_FROZEN_SOURCE_HEAD,45,130363,2,0,1050,21,0.23809523809523808,0.17069597069597073,0.2419047619047619,0.17911087670003872,0.9752380952380952,0.86,,,,,True,74566da2ab72bd3d6ed7cabf30d29fe9534b4605c049f0bb7a2fe90f8eb2390b
run_8cbd4bdc1c7ee8a2f587,FS0_FROZEN_SOURCE_HEAD,0,FS0_FROZEN_SOURCE_HEAD,45,155921,2,0,1050,21,0.23809523809523808,0.17069597069597073,0.2419047619047619,0.17911087670003872,0.9752380952380952,0.86,,,,,True,74566da2ab72bd3d6ed7cabf30d29fe9534b4605c049f0bb7a2fe90f8eb2390b
run_2407f204fd0376f81f54,FS0_FROZEN_SOURCE_HEAD,0,FS0_FROZEN_SOURCE_HEAD,45,181081,2,0,1050,21,0.23809523809523808,0.17069597069597073,0.2419047619047619,0.17911087670003872,0.9752380952380952,0.86,,,,,True,74566da2ab72bd3d6ed7cabf30d29fe9534b4605c049f0bb7a2fe90f8eb2390b
run_b354ad9be496696b09b2,FS0_FROZEN_SOURCE_HEAD,0,FS0_FROZEN_SOURCE_HEAD,45,205439,2,0,1050,21,0.23809523809523808,0.17069597069597073,0.2419047619047619,0.17911087670003872,0.9752380952380952,0.86,,,,,True,74566da2ab72bd3d6ed7cabf30d29fe9534b4605c049f0bb7a2fe90f8eb2390b
run_321128b952a11543adbf,TARGET_ONLY_COSINE_PROTOTYPE,1,RANDOM_BLOCK,45,104729,2,7,1050,21,0.19047619047619047,0.09523809523809523,0.19904761904761906,0.10788793841145217,0.9809523809523808,0.82,0.16666666666666666,1,1,1,True,ea0223cb9e83300b928b441ef8a2ba7e906d394da5e35d7c535d1c15e8dccdfb
run_6673cb8ef3ba5e2c1b97,FROZEN_ENCODER_LINEAR_HEAD_ADAPTATION,1,RANDOM_BLOCK,45,104729,2,7,1050,21,0.14285714285714285,0.14081632653061224,0.1438095238095238,0.14090279150703156,0.9742857142857143,0.8,0.16666666666666666,1,1,1,True,74f2577f86297633afd6e2decce27dab03fc0c3b45ad252f67bd39fcefcd592c
run_aecd3ff32d13536640ae,TARGET_ONLY_COSINE_PROTOTYPE,3,RANDOM_BLOCK,45,104729,2,21,1050,21,0.14285714285714285,0.15,0.13047619047619047,0.13243001623451137,0.9438095238095239,0.64,0.6666666666666666,2,3,3,True,4cef222757cea02b892cd535b46ab0258b95a0bf5378cf45a3ebefa6a77915ac
run_02f3720947cc07e2bf68,FROZEN_ENCODER_LINEAR_HEAD_ADAPTATION,3,RANDOM_BLOCK,45,104729,2,21,1050,21,0.23809523809523808,0.20748299319727886,0.22666666666666666,0.20565050113958236,0.9628571428571429,0.64,0.6666666666666666,2,3,3,False,c29ee9dc3747c9b15676972bfe3fd7804b9d0a50280785d4940f4712557db69b
run_25bcb05704140e98798a,TARGET_ONLY_COSINE_PROTOTYPE,3,ER_BALANCED,45,104729,2,21,1050,21,0.23809523809523808,0.22959183673469388,0.23523809523809525,0.2219214734073459,0.9676190476190476,0.8,0.75,3,2,3,True,7efcf0b08d3a7318e2b49a9610e40b2e250c8846e0e04b559174fafe3f9f99b2
run_2933bfa5efb1a2a3808c,FROZEN_ENCODER_LINEAR_HEAD_ADAPTATION,3,ER_BALANCED,45,104729,2,21,1050,21,0.19047619047619047,0.14002267573696145,0.19714285714285715,0.15257225297533264,0.9761904761904762,0.8,0.75,3,2,3,False,4f1e3a03d0b4a4840d45ee0866b046eaaaf765c5bd1b5752d0f535c6786a0016
run_efd4b5d578333626eeed,TARGET_ONLY_COSINE_PROTOTYPE,3,SURFACE_BALANCED,45,104729,2,21,1050,21,0.09523809523809523,0.07619047619047618,0.07142857142857142,0.06056402247680529,0.9409523809523809,0.54,0.75,2,3,3,True,0460d3fc898d1fd927f9eff36a9069246a5ca697bc0036bda358172bcc90c2d0
run_67c2d094db2634beca0e,FROZEN_ENCODER_LINEAR_HEAD_ADAPTATION,3,SURFACE_BALANCED,45,104729,2,21,1050,21,0.23809523809523808,0.23333333333333334,0.2038095238095238,0.20698909026503293,0.9495238095238095,0.42,0.75,2,3,3,False,eead3fda7043045588acceac0a56ffd22897961b4e1584f42be02dd3c65e8bc3
run_3e130125e6ef4cb9714a,TARGET_ONLY_COSINE_PROTOTYPE,3,JOINT_FACTOR_COVERAGE,45,104729,2,21,1050,21,0.23809523809523808,0.17588126159554732,0.23714285714285716,0.17856016627596255,0.9676190476190478,0.76,0.8333333333333333,3,3,3,True,67aa347b2f6b5997d432579ec32936eff749a8c9f3744bccc030558c4b42da4c
run_1ad38246fb2ecb90ee11,FROZEN_ENCODER_LINEAR_HEAD_ADAPTATION,3,JOINT_FACTOR_COVERAGE,45,104729,2,21,1050,21,0.14285714285714285,0.1336734693877551,0.14285714285714285,0.13444705145350117,0.9580952380952381,0.6,0.8333333333333333,3,3,3,False,b53ee0ed744040ea0756c396fcd8a45dca5fc294027908e07dc7d6cc66c016a5
run_82df81000007e1aaf4be,TARGET_ONLY_COSINE_PROTOTYPE,5,RANDOM_BLOCK,45,104729,2,35,1050,21,0.14285714285714285,0.14795918367346936,0.1457142857142857,0.14882024047108341,0.9742857142857143,0.86,0.8,3,3,5,True,3060cf014091dfc9be70580d15e9a38e9a8e8432146643b1381d4d294a4a3564
run_3a0f80954c2e519b1c9c,FROZEN_ENCODER_LINEAR_HEAD_ADAPTATION,5,RANDOM_BLOCK,45,104729,2,35,1050,21,0.14285714285714285,0.13650793650793652,0.14476190476190476,0.13709913834834603,0.9704761904761906,0.74,0.8,3,3,5,True,63512afda95f394626774a2b177db7428c8760c61e23ba06d389d2b6cac8268e
run_a9870430c7b7646a8dba,TARGET_ONLY_COSINE_PROTOTYPE,5,JOINT_FACTOR_COVERAGE,45,104729,2,35,1050,21,0.14285714285714285,0.14795918367346936,0.1457142857142857,0.14882024047108341,0.9742857142857143,0.86,0.8,3,3,5,True,3060cf014091dfc9be70580d15e9a38e9a8e8432146643b1381d4d294a4a3564
run_2ac08ae88f0d39fd715a,FROZEN_ENCODER_LINEAR_HEAD_ADAPTATION,5,JOINT_FACTOR_COVERAGE,45,104729,2,35,1050,21,0.14285714285714285,0.13650793650793652,0.14476190476190476,0.13709913834834603,0.9704761904761906,0.74,0.8,3,3,5,True,63512afda95f394626774a2b177db7428c8760c61e23ba06d389d2b6cac8268e
run_45d69bf07e84b3e4c304,TARGET_ONLY_COSINE_PROTOTYPE,1,RANDOM_BLOCK,45,130363,2,7,1050,21,0.14285714285714285,0.1336734693877551,0.13428571428571429,0.12659480816162844,0.9657142857142857,0.8,0.16666666666666666,1,1,1,True,1d811ec2f5d75d51b4cb203f587096999e1332023f44ec68bbda154e60741eae
run_0e828862b9873e812dba,FROZEN_ENCODER_LINEAR_HEAD_ADAPTATION,1,RANDOM_BLOCK,45,130363,2,7,1050,21,0.14285714285714285,0.13095238095238093,0.14476190476190476,0.135727233428042,0.9704761904761904,0.86,0.16666666666666666,1,1,1,True,0d223fc781a33581460b1a857cbb5c4fa34defd4c189cf1960019ce4ce457a2b
run_8822203e65cc2afdb8f7,TARGET_ONLY_COSINE_PROTOTYPE,3,RANDOM_BLOCK,45,130363,2,21,1050,21,0.047619047619047616,0.04081632653061224,0.054285714285714284,0.04627807327310486,0.9447619047619048,0.58,0.75,2,3,3,True,f1b225d867f252aadaff8a9cb85f52e0b9c4c2614d2f0b97633067a6c3160442
run_5416b429e776648d7ce6,FROZEN_ENCODER_LINEAR_HEAD_ADAPTATION,3,RANDOM_BLOCK,45,130363,2,21,1050,21,0.23809523809523808,0.23333333333333334,0.21523809523809523,0.21589947061678025,0.9542857142857143,0.64,0.75,2,3,3,False,93bed7ec7641201a229ca6e74e7a145a9ced1c80d78565bc2194b96a2c7f1af2
run_c7e2dc44810b8ad8a465,TARGET_ONLY_COSINE_PROTOTYPE,3,ER_BALANCED,45,130363,2,21,1050,21,0.23809523809523808,0.20510204081632652,0.2342857142857143,0.20236160042676274,0.9685714285714285,0.8,0.6666666666666666,3,2,3,True,aa2fe5078dca4f8333f3dda060407876247c96460782327dbb7e121de907ea6a
run_e161c5142b1dc4076892,FROZEN_ENCODER_LINEAR_HEAD_ADAPTATION,3,ER_BALANCED,45,130363,2,21,1050,21,0.14285714285714285,0.13877551020408163,0.14857142857142858,0.14615322801070052,0.9780952380952382,0.8,0.6666666666666666,3,2,3,False,9301d2095c4473d5923c4d6d8838ff9a92bd65fd504c11b5a1632a8f6a8c94e3
run_ac6fafa7c0a2f883738a,TARGET_ONLY_COSINE_PROTOTYPE,3,SURFACE_BALANCED,45,130363,2,21,1050,21,0.2857142857142857,0.20037105751391465,0.27714285714285714,0.1956150712776967,0.9742857142857143,0.8,0.6666666666666666,2,3,3,True,561ece966593cbb34def812e8733cb2dd47d9d0dd2f5a89c259eb48e7b1823b5
run_33daa6a6ee7cb0aad7f2,FROZEN_ENCODER_LINEAR_HEAD_ADAPTATION,3,SURFACE_BALANCED,45,130363,2,21,1050,21,0.19047619047619047,0.16419294990723562,0.1761904761904762,0.1563041065576675,0.959047619047619,0.64,0.6666666666666666,2,3,3,False,149116d5213a6467874b9d40814ffa7c74ec77632289ba7b6b2008db89854f82
run_0dcfcc46013194e381c0,TARGET_ONLY_COSINE_PROTOTYPE,3,JOINT_FACTOR_COVERAGE,45,130363,2,21,1050,21,0.19047619047619047,0.15306122448979592,0.18476190476190477,0.15235931873688124,0.9657142857142857,0.8,0.8333333333333333,3,3,3,True,94c3fd16ec55721286d68836dcc1f0165aeff1ab45839ba9583c25a045d81618
run_51b30986a22b9c8b5ecc,FROZEN_ENCODER_LINEAR_HEAD_ADAPTATION,3,JOINT_FACTOR_COVERAGE,45,130363,2,21,1050,21,0.14285714285714285,0.14557823129251699,0.1457142857142857,0.14994667063770334,0.9657142857142857,0.7,0.8333333333333333,3,3,3,False,a1a068774d9f608c1b68023a3764510fd5bd89e51226ddd5d105878acf685665
run_0705a9a739d11c3f49c5,TARGET_ONLY_COSINE_PROTOTYPE,5,RANDOM_BLOCK,45,130363,2,35,1050,21,0.19047619047619047,0.16938775510204082,0.19047619047619047,0.17276158871572786,0.9638095238095239,0.78,0.8,3,3,5,True,1c9acfb0e3163cf743b98c13ce05cece2368750d5e63d5cb6681b79b8b0f8840
run_d0589e2ef629c8699970,FROZEN_ENCODER_LINEAR_HEAD_ADAPTATION,5,RANDOM_BLOCK,45,130363,2,35,1050,21,0.09523809523809523,0.08888888888888889,0.10095238095238095,0.09383736061611617,0.9647619047619048,0.74,0.8,3,3,5,True,3348f4d7a5ecc717adfd0bbd98b70b3e6a0e9b2526875fe2151733ba3bd24623
run_a1348a7dad3954cf3c40,TARGET_ONLY_COSINE_PROTOTYPE,5,JOINT_FACTOR_COVERAGE,45,130363,2,35,1050,21,0.19047619047619047,0.16938775510204082,0.19047619047619047,0.17276158871572786,0.9638095238095239,0.78,0.8,3,3,5,True,1c9acfb0e3163cf743b98c13ce05cece2368750d5e63d5cb6681b79b8b0f8840
run_6ecbc0f0542a7d9df68e,FROZEN_ENCODER_LINEAR_HEAD_ADAPTATION,5,JOINT_FACTOR_COVERAGE,45,130363,2,35,1050,21,0.09523809523809523,0.08888888888888889,0.10095238095238095,0.09383736061611617,0.9647619047619048,0.74,0.8,3,3,5,True,3348f4d7a5ecc717adfd0bbd98b70b3e6a0e9b2526875fe2151733ba3bd24623
run_a082af60d321dba104bf,TARGET_ONLY_COSINE_PROTOTYPE,1,RANDOM_BLOCK,45,155921,2,7,1050,21,0.14285714285714285,0.12925170068027209,0.14,0.12583663720613694,0.9676190476190476,0.8,0.16666666666666666,1,1,1,True,876e3f1cf49ad9d7e25038c09cc9570f25be57b1c29d7a8c8e7076d3b90869e3
run_36ec6f114ed2344dbfca,FROZEN_ENCODER_LINEAR_HEAD_ADAPTATION,1,RANDOM_BLOCK,45,155921,2,7,1050,21,0.19047619047619047,0.14557823129251699,0.18,0.1340492393207366,0.9609523809523809,0.7,0.16666666666666666,1,1,1,True,a3ff3e72b624f7603c2954e7d66e31f1d64bb47323aa624fa90b078ab1c16fc3
run_a86e277df532cd7e14ca,TARGET_ONLY_COSINE_PROTOTYPE,3,RANDOM_BLOCK,45,155921,2,21,1050,21,0.047619047619047616,0.031746031746031744,0.047619047619047616,0.032044817927170864,0.9638095238095239,0.7,0.6666666666666666,3,2,3,True,ec6075fffb20efc1294b52878ea134bcba2cdde98296677a4cc8f2c90b46db87
run_105db8de362ceeea4a26,FROZEN_ENCODER_LINEAR_HEAD_ADAPTATION,3,RANDOM_BLOCK,45,155921,2,21,1050,21,0.19047619047619047,0.18639455782312922,0.1676190476190476,0.16739252727529833,0.96,0.64,0.6666666666666666,3,2,3,False,944f0de13c3a879f6f39816525e847fe789a15f3536258a0fd13072c4dbbd60b
run_9fa803f4b280902ec292,TARGET_ONLY_COSINE_PROTOTYPE,3,ER_BALANCED,45,155921,2,21,1050,21,0.2857142857142857,0.2396825396825397,0.2780952380952381,0.23318458064042494,0.9714285714285715,0.8,0.6666666666666666,3,2,3,True,7928fc4d8ba53bf6cc521299c877f8ca977cf9234a0804302588f8a936704ee1
run_0763c91389d2426137a4,FROZEN_ENCODER_LINEAR_HEAD_ADAPTATION,3,ER_BALANCED,45,155921,2,21,1050,21,0.14285714285714285,0.13877551020408163,0.15142857142857144,0.1492315163307596,0.9780952380952382,0.8,0.6666666666666666,3,2,3,False,9b2db2404b6713432160b0389466a257cdb4237230d00615d6b819d90fd69824
run_c09e8d33dd30846f2f77,TARGET_ONLY_COSINE_PROTOTYPE,3,SURFACE_BALANCED,45,155921,2,21,1050,21,0.09523809523809523,0.05194805194805195,0.09714285714285714,0.05357142857142857,0.9704761904761904,0.8,0.6666666666666666,2,3,3,True,ea1bad31a663f8e680183838e8ddc4531200b08c84c4989f40c8fa6ddaea94d3
run_92eba832df63a39df6b9,FROZEN_ENCODER_LINEAR_HEAD_ADAPTATION,3,SURFACE_BALANCED,45,155921,2,21,1050,21,0.14285714285714285,0.12653061224489795,0.14666666666666667,0.1319394320470298,0.9761904761904762,0.8,0.6666666666666666,2,3,3,False,ec834b194ba4b3baa387a2dd8e02c1ac478639f3583b6487e05eb5b367ded28b
run_489b2f7d4dd4d90e091e,TARGET_ONLY_COSINE_PROTOTYPE,3,JOINT_FACTOR_COVERAGE,45,155921,2,21,1050,21,0.19047619047619047,0.15306122448979592,0.18476190476190477,0.15235931873688124,0.9657142857142857,0.8,0.8333333333333333,3,3,3,True,94c3fd16ec55721286d68836dcc1f0165aeff1ab45839ba9583c25a045d81618
run_2d1861183bb19e25ed0a,FROZEN_ENCODER_LINEAR_HEAD_ADAPTATION,3,JOINT_FACTOR_COVERAGE,45,155921,2,21,1050,21,0.14285714285714285,0.14557823129251699,0.1457142857142857,0.14994667063770334,0.9657142857142857,0.7,0.8333333333333333,3,3,3,False,a1a068774d9f608c1b68023a3764510fd5bd89e51226ddd5d105878acf685665
run_88b42c4bf5b2dbd0cce1,TARGET_ONLY_COSINE_PROTOTYPE,5,RANDOM_BLOCK,45,155921,2,35,1050,21,0.19047619047619047,0.1285714285714286,0.1819047619047619,0.1258765905147484,0.9685714285714285,0.8,0.75,3,3,5,True,b37120d27a87268f8fa3550e1a25f9d103825227918f3966762db7b6c7b28093
run_75fcc45ad452d3fe89db,FROZEN_ENCODER_LINEAR_HEAD_ADAPTATION,5,RANDOM_BLOCK,45,155921,2,35,1050,21,0.14285714285714285,0.10714285714285714,0.1419047619047619,0.10568674020450672,0.9847619047619047,0.92,0.75,3,3,5,True,bf61ecfd81470d6db9a8e352cf5f34e537ecab6ac850c0bc7cdc6a2a29a3bd31
run_723cd59e6512f59657f6,TARGET_ONLY_COSINE_PROTOTYPE,5,JOINT_FACTOR_COVERAGE,45,155921,2,35,1050,21,0.19047619047619047,0.16938775510204082,0.18095238095238095,0.163329381415849,0.9676190476190476,0.82,0.8,3,3,5,True,fb23a9dc2db481378efa39f29df842b438d24b7afe869e376df5ccef7bf7f86c
run_ab7d315cb206ae391449,FROZEN_ENCODER_LINEAR_HEAD_ADAPTATION,5,JOINT_FACTOR_COVERAGE,45,155921,2,35,1050,21,0.09523809523809523,0.09285714285714286,0.10095238095238095,0.09714688007852236,0.9276190476190477,0.56,0.8,3,3,5,True,9d9d634c10c44213e301f1ea67781a88a252706ae3c48d461d26d75eed953675
run_4e2cc855929acd17a47f,TARGET_ONLY_COSINE_PROTOTYPE,1,RANDOM_BLOCK,45,181081,2,7,1050,21,0.047619047619047616,0.017857142857142856,0.05047619047619047,0.018811002661934337,0.9819047619047618,0.86,0.16666666666666666,1,1,1,True,dad27bd6da238be0a16768aaacabb80cd9b32adcac923c16d5599b566d3e6fd9
run_66d5d34d2f2e6729461a,FROZEN_ENCODER_LINEAR_HEAD_ADAPTATION,1,RANDOM_BLOCK,45,181081,2,7,1050,21,0.09523809523809523,0.04081632653061224,0.08190476190476191,0.03702393684373555,0.959047619047619,0.64,0.16666666666666666,1,1,1,True,d102b939c4dc31c52f5abd4968d2cee78417d49eabab7f37e37844f20a79d238
run_e734b0c88e2ca90e8936,TARGET_ONLY_COSINE_PROTOTYPE,3,RANDOM_BLOCK,45,181081,2,21,1050,21,0.23809523809523808,0.22959183673469388,0.23523809523809525,0.2219214734073459,0.9676190476190476,0.8,0.75,3,2,3,True,7efcf0b08d3a7318e2b49a9610e40b2e250c8846e0e04b559174fafe3f9f99b2
run_5d3be8ac76af92268231,FROZEN_ENCODER_LINEAR_HEAD_ADAPTATION,3,RANDOM_BLOCK,45,181081,2,21,1050,21,0.19047619047619047,0.14002267573696145,0.19714285714285715,0.15257225297533264,0.9761904761904762,0.8,0.75,3,2,3,False,4f1e3a03d0b4a4840d45ee0866b046eaaaf765c5bd1b5752d0f535c6786a0016
run_b62e06f908976df82849,TARGET_ONLY_COSINE_PROTOTYPE,3,ER_BALANCED,45,181081,2,21,1050,21,0.19047619047619047,0.14002267573696145,0.17523809523809525,0.1295280016768612,0.962857142857143,0.8,0.6666666666666666,3,2,3,True,9f38d53354fc9e99afe4902415015b0dbd6a9afdc6480af3c8d8acc1605b911b
run_c658cb0ebe0df486a448,FROZEN_ENCODER_LINEAR_HEAD_ADAPTATION,3,ER_BALANCED,45,181081,2,21,1050,21,0.23809523809523808,0.2214285714285714,0.23809523809523808,0.2227694696177592,0.9580952380952381,0.7,0.6666666666666666,3,2,3,False,68b03f8ac83b6fe9ced33a02d63ec20786ab3b3a86470e795bf9ad0d2b7c6a5d
run_af3aa362e9658b2867bd,TARGET_ONLY_COSINE_PROTOTYPE,3,SURFACE_BALANCED,45,181081,2,21,1050,21,0.14285714285714285,0.12925170068027209,0.13428571428571429,0.12191013932343546,0.962857142857143,0.8,0.75,2,3,3,True,a944598ac94959dab244381c7609a89d632cad176dcc9f9a06e2abbc4b9bc32c
run_9088873300ba60ef94fa,FROZEN_ENCODER_LINEAR_HEAD_ADAPTATION,3,SURFACE_BALANCED,45,181081,2,21,1050,21,0.14285714285714285,0.15,0.1657142857142857,0.17169335339532354,0.9428571428571428,0.58,0.75,2,3,3,False,18486d0a29a67cb455351c6f416175e43a49117d9891b8d5743201b248ae972f
run_e21ef8d2cca65d9f54c7,TARGET_ONLY_COSINE_PROTOTYPE,3,JOINT_FACTOR_COVERAGE,45,181081,2,21,1050,21,0.19047619047619047,0.15306122448979592,0.18476190476190477,0.15235931873688124,0.9657142857142857,0.8,0.8333333333333333,3,3,3,True,94c3fd16ec55721286d68836dcc1f0165aeff1ab45839ba9583c25a045d81618
run_c4c79926a811c7a2b62e,FROZEN_ENCODER_LINEAR_HEAD_ADAPTATION,3,JOINT_FACTOR_COVERAGE,45,181081,2,21,1050,21,0.19047619047619047,0.19591836734693877,0.19333333333333333,0.20005015778143304,0.9657142857142857,0.7,0.8333333333333333,3,3,3,False,e6c0759b7fa85251188080e6c2bc0867c38923c449120042f75ecf7bd2cf9927
run_71031bb4fe969ab9ec4b,TARGET_ONLY_COSINE_PROTOTYPE,5,RANDOM_BLOCK,45,181081,2,35,1050,21,0.09523809523809523,0.07619047619047618,0.09619047619047619,0.077654655227496,0.9552380952380953,0.64,0.775,3,3,5,True,722d3eaa40f00144785edcd65aa89f8e0b4056c9f607ed14ab62d0190d175a13
run_232b5397a4229064873d,FROZEN_ENCODER_LINEAR_HEAD_ADAPTATION,5,RANDOM_BLOCK,45,181081,2,35,1050,21,0.19047619047619047,0.19999999999999998,0.19047619047619047,0.19772952703541802,0.9685714285714287,0.86,0.775,3,3,5,True,845c11f624a3e3f36569f7796df8850f9375c0bd78c4bf29ce56d6ee21b9af4b
run_155285c262c051e30ec1,TARGET_ONLY_COSINE_PROTOTYPE,5,JOINT_FACTOR_COVERAGE,45,181081,2,35,1050,21,0.19047619047619047,0.16938775510204082,0.1895238095238095,0.17060707956910975,0.9695238095238095,0.86,0.8,3,3,5,True,81d270d3eeb527258848897e51023872e6ff82cb4f718caef95932106bafecc1
run_fe23833c53d74b6d79b0,FROZEN_ENCODER_LINEAR_HEAD_ADAPTATION,5,JOINT_FACTOR_COVERAGE,45,181081,2,35,1050,21,0.14285714285714285,0.14285714285714285,0.13333333333333333,0.13130041276481677,0.9180952380952382,0.6,0.8,3,3,5,True,3dc85985753885dae68e70a96cc832c3cbe3a853036672c201faa2efb8ebc343
run_5caad1a23ad3ded3952d,TARGET_ONLY_COSINE_PROTOTYPE,1,RANDOM_BLOCK,45,205439,2,7,1050,21,0.047619047619047616,0.017857142857142856,0.05047619047619047,0.01890494025325486,0.9799999999999999,0.88,0.16666666666666666,1,1,1,True,d306e2fc8fb592d0ee34be9bd092ca1ffe9310e84135524aa1307fadcd63ba7a
run_2b106c03f2ecdcd71b91,FROZEN_ENCODER_LINEAR_HEAD_ADAPTATION,1,RANDOM_BLOCK,45,205439,2,7,1050,21,0.09523809523809523,0.04081632653061224,0.08476190476190476,0.03811927145576525,0.9619047619047618,0.7,0.16666666666666666,1,1,1,True,3da026a302a4de1f4d03fb791b371864fb874b6ff726d25c908de29383ed8cf1
run_e765e736433e201ee5f1,TARGET_ONLY_COSINE_PROTOTYPE,3,RANDOM_BLOCK,45,205439,2,21,1050,21,0.14285714285714285,0.09157509157509157,0.12571428571428572,0.07741898726164509,0.9609523809523809,0.64,0.5,2,2,3,True,f863a353a0b69465038aa03869cd6cb19d16ff681585ca3e436881505dbcf4a5
run_5361dee134c087a31360,FROZEN_ENCODER_LINEAR_HEAD_ADAPTATION,3,RANDOM_BLOCK,45,205439,2,21,1050,21,0.14285714285714285,0.1598639455782313,0.14666666666666667,0.16108023257035753,0.9742857142857143,0.8,0.5,2,2,3,False,59fe609e3e4a5f1c796c18dda1f8789fd7e4d314ef77fa4e28dfee60601d68b4
run_cb605e1f6b58685dd973,TARGET_ONLY_COSINE_PROTOTYPE,3,ER_BALANCED,45,205439,2,21,1050,21,0.09523809523809523,0.1285714285714286,0.09619047619047619,0.12903828197945846,0.9780952380952382,0.8,0.6666666666666666,3,2,3,True,b369f102127808befbb1fb4ebdbcc637564c3df8977e5486dbe57f5f7bf2ef70
run_f2e99cd3882f163c435e,FROZEN_ENCODER_LINEAR_HEAD_ADAPTATION,3,ER_BALANCED,45,205439,2,21,1050,21,0.19047619047619047,0.21020408163265308,0.18,0.20162852136929846,0.9580952380952381,0.64,0.6666666666666666,3,2,3,False,a1995bcb2b813e6834de92174abec043d9928d33202409fed638e74f68438061
run_63874ef6842321d360f0,TARGET_ONLY_COSINE_PROTOTYPE,3,SURFACE_BALANCED,45,205439,2,21,1050,21,0.09523809523809523,0.05194805194805195,0.09619047619047619,0.05394120951132747,0.9666666666666667,0.7,0.6666666666666666,2,3,3,True,8ac99925281aaafdd0be896153c642426c5c2094f2478869bfa3d61fa6ec04bd
run_598f8fc81a3d5b240529,FROZEN_ENCODER_LINEAR_HEAD_ADAPTATION,3,SURFACE_BALANCED,45,205439,2,21,1050,21,0.23809523809523808,0.19999999999999998,0.22476190476190477,0.19887349272918134,0.9504761904761905,0.52,0.6666666666666666,2,3,3,False,daa6aca27be9720fdd0f9074816871c24432c665c47bb7182002d8bd91fad3e8
run_8c88ef798b124d0f0d30,TARGET_ONLY_COSINE_PROTOTYPE,3,JOINT_FACTOR_COVERAGE,45,205439,2,21,1050,21,0.23809523809523808,0.17588126159554732,0.23714285714285716,0.17856016627596255,0.9676190476190478,0.76,0.8333333333333333,3,3,3,True,3941f9752449690fa7b8764d3798760fa2bbf5f78d2c1db450e8c7fbda11e824
run_86cdf646fadccba5ee40,FROZEN_ENCODER_LINEAR_HEAD_ADAPTATION,3,JOINT_FACTOR_COVERAGE,45,205439,2,21,1050,21,0.14285714285714285,0.13877551020408163,0.14285714285714285,0.13693948076093027,0.9714285714285715,0.8,0.8333333333333333,3,3,3,False,089820261d0dea2cc3f73042aa5690e4a77f97246cba23479157433b485055ff
run_b6daddcf552f939cf0fa,TARGET_ONLY_COSINE_PROTOTYPE,5,RANDOM_BLOCK,45,205439,2,35,1050,21,0.14285714285714285,0.07142857142857142,0.13047619047619047,0.06833003471658934,0.96,0.76,0.775,3,3,5,True,48dee69a90768029f16b4725544a820e13a2fa2f6d47d250154909def1018d1e
run_1c718e1e02cfb76aa306,FROZEN_ENCODER_LINEAR_HEAD_ADAPTATION,5,RANDOM_BLOCK,45,205439,2,35,1050,21,0.19047619047619047,0.1649659863945578,0.17523809523809525,0.15172950197335974,0.9476190476190477,0.7,0.775,3,3,5,True,c5f1dcf9a7c2cec95717e166bc2ce874397ce7ade4dc4d64390e9029fd47e8e0
run_7c93aba0801931c3df9a,TARGET_ONLY_COSINE_PROTOTYPE,5,JOINT_FACTOR_COVERAGE,45,205439,2,35,1050,21,0.19047619047619047,0.16938775510204082,0.1838095238095238,0.164472523303313,0.9676190476190476,0.86,0.8,3,3,5,True,e9b81ddc14f849abe8b204791d9ee4c20f3ce71773abc326e5e6a4dff94746d1
run_4bffd86ab2def08f82c0,FROZEN_ENCODER_LINEAR_HEAD_ADAPTATION,5,JOINT_FACTOR_COVERAGE,45,205439,2,35,1050,21,0.14285714285714285,0.13650793650793652,0.14476190476190476,0.13608464198188994,0.9714285714285715,0.74,0.8,3,3,5,True,6f760eed0ea823825a118bab9208a2f79ea340bc966777a1229c2f5928dca8c3
run_6b2d4d67c82ba35ff909,FS0_FROZEN_SOURCE_HEAD,0,FS0_FROZEN_SOURCE_HEAD,46,104729,0,0,1050,21,0.19047619047619047,0.1391941391941392,0.1895238095238095,0.13786403672653896,0.9933333333333335,0.92,,,,,True,5475631072721f1d71c7ee4cd433e0fdca0fbcaf67b56d7f6201651d885e431e
run_f94b7a7678de561f223f,FS0_FROZEN_SOURCE_HEAD,0,FS0_FROZEN_SOURCE_HEAD,46,130363,0,0,1050,21,0.19047619047619047,0.1391941391941392,0.1895238095238095,0.13786403672653896,0.9933333333333335,0.92,,,,,True,5475631072721f1d71c7ee4cd433e0fdca0fbcaf67b56d7f6201651d885e431e
run_8931b8bbd7b849b1df9c,FS0_FROZEN_SOURCE_HEAD,0,FS0_FROZEN_SOURCE_HEAD,46,155921,0,0,1050,21,0.19047619047619047,0.1391941391941392,0.1895238095238095,0.13786403672653896,0.9933333333333335,0.92,,,,,True,5475631072721f1d71c7ee4cd433e0fdca0fbcaf67b56d7f6201651d885e431e
run_e959ddea4e41a9c7b922,FS0_FROZEN_SOURCE_HEAD,0,FS0_FROZEN_SOURCE_HEAD,46,181081,0,0,1050,21,0.19047619047619047,0.1391941391941392,0.1895238095238095,0.13786403672653896,0.9933333333333335,0.92,,,,,True,5475631072721f1d71c7ee4cd433e0fdca0fbcaf67b56d7f6201651d885e431e
run_8f2908907eaf65d327e0,FS0_FROZEN_SOURCE_HEAD,0,FS0_FROZEN_SOURCE_HEAD,46,205439,0,0,1050,21,0.19047619047619047,0.1391941391941392,0.1895238095238095,0.13786403672653896,0.9933333333333335,0.92,,,,,True,5475631072721f1d71c7ee4cd433e0fdca0fbcaf67b56d7f6201651d885e431e
run_e739dc766fba8dc62d4d,TARGET_ONLY_COSINE_PROTOTYPE,1,RANDOM_BLOCK,46,104729,0,7,1050,21,0.14285714285714285,0.10113378684807255,0.14285714285714285,0.09938050330229102,0.9733333333333334,0.7,0.16666666666666666,1,1,1,True,ecb64f70e35fb5774130ae0d8a799c8235406d7a6fe8691975af8bca171fbdcc
run_930f4909b10e71f28f26,FROZEN_ENCODER_LINEAR_HEAD_ADAPTATION,1,RANDOM_BLOCK,46,104729,0,7,1050,21,0.23809523809523808,0.23129251700680273,0.23333333333333334,0.22685624064889948,0.9685714285714285,0.52,0.16666666666666666,1,1,1,True,b17ac875cae9584ec21a1fbaa44eff22b5abc7c2ff345362f6b2adfd8e4b9b8c
run_a4480a27f48b977ce733,TARGET_ONLY_COSINE_PROTOTYPE,3,RANDOM_BLOCK,46,104729,0,21,1050,21,0.19047619047619047,0.17835497835497835,0.19238095238095237,0.1844257601295594,0.9704761904761904,0.76,0.6666666666666666,3,2,3,True,0a209c2766deb910805fd71a0f90c15ae906a6ce8e74f3303dd33bc846ac92fc
run_389d97b1f698f837891b,FROZEN_ENCODER_LINEAR_HEAD_ADAPTATION,3,RANDOM_BLOCK,46,104729,0,21,1050,21,0.19047619047619047,0.20216450216450219,0.18571428571428572,0.18524136768297733,0.9485714285714286,0.5,0.6666666666666666,3,2,3,False,2a511b1aa0fbd972659f023f2365b5b1ec08b2dc7eae9acedebf0d5fedf9437b
run_9df4f29facf66adcbeb0,TARGET_ONLY_COSINE_PROTOTYPE,3,ER_BALANCED,46,104729,0,21,1050,21,0.19047619047619047,0.15238095238095237,0.19523809523809524,0.15770045831362567,0.9742857142857143,0.86,0.8333333333333333,3,3,3,True,aa869eec87c47af4a98aaf85d6b5bf7a17bb0be425b7529e5145a39893d2e046
run_1a382e7f06e3e3e056a4,FROZEN_ENCODER_LINEAR_HEAD_ADAPTATION,3,ER_BALANCED,46,104729,0,21,1050,21,0.14285714285714285,0.10510204081632654,0.16476190476190475,0.12265764817349194,0.959047619047619,0.5,0.8333333333333333,3,3,3,False,7c1895c72e46d6f288a33eb7bc555e7c7b8a451610d4dc4372155cd127cdb6a2
run_97766ec891d87221dfe8,TARGET_ONLY_COSINE_PROTOTYPE,3,SURFACE_BALANCED,46,104729,0,21,1050,21,0.19047619047619047,0.1626984126984127,0.1895238095238095,0.15851454807205417,0.959047619047619,0.52,0.6666666666666666,2,3,3,True,51149d1036dcfe8fd46dfa2673561b508913d960f10c045a34d6ef4f41575717
run_90b4bc14073507187a52,FROZEN_ENCODER_LINEAR_HEAD_ADAPTATION,3,SURFACE_BALANCED,46,104729,0,21,1050,21,0.14285714285714285,0.10930735930735931,0.1380952380952381,0.10592654593962211,0.981904761904762,0.86,0.6666666666666666,2,3,3,False,87a4d288fc916815cb1a7785cb31abbb77ae029f0fa43bf7f5dc482c519cf030
run_d0d28220c598a5750a9b,TARGET_ONLY_COSINE_PROTOTYPE,3,JOINT_FACTOR_COVERAGE,46,104729,0,21,1050,21,0.19047619047619047,0.15238095238095237,0.19523809523809524,0.15770045831362567,0.9742857142857143,0.86,0.8333333333333333,3,3,3,True,aa869eec87c47af4a98aaf85d6b5bf7a17bb0be425b7529e5145a39893d2e046
run_24d91fce647a0c369b1b,FROZEN_ENCODER_LINEAR_HEAD_ADAPTATION,3,JOINT_FACTOR_COVERAGE,46,104729,0,21,1050,21,0.14285714285714285,0.10510204081632654,0.16476190476190475,0.12265764817349194,0.959047619047619,0.5,0.8333333333333333,3,3,3,False,7c1895c72e46d6f288a33eb7bc555e7c7b8a451610d4dc4372155cd127cdb6a2
run_7f279fbc0b80533868ad,TARGET_ONLY_COSINE_PROTOTYPE,5,RANDOM_BLOCK,46,104729,0,35,1050,21,0.047619047619047616,0.03571428571428571,0.06952380952380953,0.051577491756196144,0.9466666666666668,0.52,0.775,3,3,5,True,7a14c2329ed671b9f03c3eb62222d361ef0b146aa71e3ef23f688d8fbf7c0484
run_5b2bd0174241c9f7cea1,FROZEN_ENCODER_LINEAR_HEAD_ADAPTATION,5,RANDOM_BLOCK,46,104729,0,35,1050,21,0.047619047619047616,0.047619047619047616,0.04666666666666667,0.04682274247491639,0.9714285714285715,0.86,0.775,3,3,5,True,338676a85ada28a054211e86a761f2a76196bd546530478ef9b0caf74e9b9bac
run_174899b9bae94455572f,TARGET_ONLY_COSINE_PROTOTYPE,5,JOINT_FACTOR_COVERAGE,46,104729,0,35,1050,21,0.14285714285714285,0.06593406593406594,0.1419047619047619,0.06509392747924858,0.9895238095238096,0.92,0.775,3,3,5,True,55d7235bfcacdb86aef768ec1591369ee17c1af6a9edafa051eb1f4858b73aad
run_3a1004ef0ccc9a1b1d24,FROZEN_ENCODER_LINEAR_HEAD_ADAPTATION,5,JOINT_FACTOR_COVERAGE,46,104729,0,35,1050,21,0.14285714285714285,0.09795918367346938,0.11904761904761904,0.07604025699307591,0.9638095238095239,0.5,0.775,3,3,5,True,56e58bce7a56bcba0354204edd8c6d4771dc2602bdd6e999c62e115cff3820e8
run_d5979617b0a77190f0f3,TARGET_ONLY_COSINE_PROTOTYPE,1,RANDOM_BLOCK,46,130363,0,7,1050,21,0.14285714285714285,0.12698412698412698,0.14476190476190476,0.12760447438486794,0.9638095238095239,0.52,0.16666666666666666,1,1,1,True,c6a1db8dc3bb03284dcc06422455c3b3814e2cdfa384f3dc38faad4f12d93365
run_18ba8c2a5d9197088472,FROZEN_ENCODER_LINEAR_HEAD_ADAPTATION,1,RANDOM_BLOCK,46,130363,0,7,1050,21,0.14285714285714285,0.08571428571428572,0.14476190476190476,0.0902830892495609,0.9790476190476192,0.86,0.16666666666666666,1,1,1,True,8c9210181a8307c7834033de21c9c878628658db99018b51ded96ad3c2070c1b
run_c84bbbaf263fce7de82c,TARGET_ONLY_COSINE_PROTOTYPE,3,RANDOM_BLOCK,46,130363,0,21,1050,21,0.19047619047619047,0.16031746031746033,0.18571428571428572,0.1508131478289561,0.96,0.54,0.5,2,2,3,True,f9f9b5232cd0887e19b61d3d62e8b9799067bb5e858321b2dce3c0bc6cd9908e
run_09e8cdbcad8e9f016184,FROZEN_ENCODER_LINEAR_HEAD_ADAPTATION,3,RANDOM_BLOCK,46,130363,0,21,1050,21,0.19047619047619047,0.17857142857142858,0.18857142857142858,0.171896816723294,0.9619047619047618,0.5,0.5,2,2,3,False,18798a17f744973ef314e37388f0534fa315126815e5a369989cb7674f76a7e8
run_85fd6f0da16d77df0993,TARGET_ONLY_COSINE_PROTOTYPE,3,ER_BALANCED,46,130363,0,21,1050,21,0.23809523809523808,0.20634920634920637,0.2361904761904762,0.20678727916485018,0.9885714285714287,0.88,0.8333333333333333,3,3,3,True,b79bc7f6f43342b2fdbd666ff57d0760af9d6770cfd0a2bb9882a1175bf93e85
run_92a3d01937ee2bf91934,FROZEN_ENCODER_LINEAR_HEAD_ADAPTATION,3,ER_BALANCED,46,130363,0,21,1050,21,0.2857142857142857,0.2571428571428572,0.27904761904761904,0.255209708370662,0.9638095238095239,0.5,0.8333333333333333,3,3,3,False,f984a59dbfa8d945a79f5e0401da85334014f02956b3213f14cf59f89cf39d30
run_a54449cc8e9f58af7073,TARGET_ONLY_COSINE_PROTOTYPE,3,SURFACE_BALANCED,46,130363,0,21,1050,21,0.047619047619047616,0.025974025974025976,0.047619047619047616,0.027147164225289684,0.9847619047619047,0.88,0.75,2,3,3,True,5b785c15fce677fa4ac88703e10c519e12921aecd8b8f76ea5bac185afbc7e41
run_6636a16d824477b09c13,FROZEN_ENCODER_LINEAR_HEAD_ADAPTATION,3,SURFACE_BALANCED,46,130363,0,21,1050,21,0.23809523809523808,0.19990723562152132,0.2361904761904762,0.2005810091558409,0.9676190476190476,0.5,0.75,2,3,3,False,75dca6dbaae515a8d329ca66b8d4c054da69271c42dbee0b4466765a4f8ce836
run_0f867f53c1f24c593784,TARGET_ONLY_COSINE_PROTOTYPE,3,JOINT_FACTOR_COVERAGE,46,130363,0,21,1050,21,0.047619047619047616,0.028571428571428574,0.05047619047619047,0.03423092683967375,0.9895238095238096,0.86,0.8333333333333333,3,3,3,True,ea107c04ecee690aabb8e918af648426727c2d079c5c62ec6d99dd7415b28ce4
run_b0e93492e407dc4fb087,FROZEN_ENCODER_LINEAR_HEAD_ADAPTATION,3,JOINT_FACTOR_COVERAGE,46,130363,0,21,1050,21,0.19047619047619047,0.17222222222222222,0.18476190476190477,0.169354872067919,0.9619047619047618,0.52,0.8333333333333333,3,3,3,False,1ab1e265762a8af2a15a5361fb1ebd868dcaaea5a8c7d537fc2180d0816015c4
run_70faf4e22ee4a8206523,TARGET_ONLY_COSINE_PROTOTYPE,5,RANDOM_BLOCK,46,130363,0,35,1050,21,0.047619047619047616,0.03571428571428571,0.04666666666666667,0.035443037974683546,0.9800000000000001,0.88,0.775,3,3,5,True,bcc0d3a1695b13f15ba663db13680e4fd8f84ac4817ea2f5f26a8204831fc042
run_1847d9933261840daba4,FROZEN_ENCODER_LINEAR_HEAD_ADAPTATION,5,RANDOM_BLOCK,46,130363,0,35,1050,21,0.0,0.0,0.0,0.0,0.9723809523809525,0.86,0.775,3,3,5,True,eccce02c041e7a315f574756350dfd08d33ea107f3ce36fefbe6731a50497f45
run_a4ef53389534df221b89,TARGET_ONLY_COSINE_PROTOTYPE,5,JOINT_FACTOR_COVERAGE,46,130363,0,35,1050,21,0.09523809523809523,0.05714285714285715,0.09428571428571429,0.054083583720295,0.9733333333333333,0.52,0.775,3,3,5,True,b012ca7cc5f91342159fcd1a7ecbb996b017cccf335ad1abbb1def2562f58eeb
run_b7c1b7d21f151c0b35aa,FROZEN_ENCODER_LINEAR_HEAD_ADAPTATION,5,JOINT_FACTOR_COVERAGE,46,130363,0,35,1050,21,0.09523809523809523,0.0642857142857143,0.09428571428571429,0.06374389192296637,0.9914285714285714,0.92,0.775,3,3,5,True,eb74ea9a7a2b0a03b8d9c5462d9d1db5f706bc523510af59ebf21f6f8c24342f
run_b873cee89096f00031f2,TARGET_ONLY_COSINE_PROTOTYPE,1,RANDOM_BLOCK,46,155921,0,7,1050,21,0.14285714285714285,0.09603174603174604,0.14285714285714285,0.09600905007109026,0.9876190476190477,0.92,0.16666666666666666,1,1,1,True,e542e3f8e8f3e4f28599e09a835e6c5c02d161c6259998aa8dee476f87728219
run_1db360cb5b7a8b4fd461,FROZEN_ENCODER_LINEAR_HEAD_ADAPTATION,1,RANDOM_BLOCK,46,155921,0,7,1050,21,0.23809523809523808,0.23129251700680273,0.23333333333333334,0.22574902597658272,0.9857142857142857,0.88,0.16666666666666666,1,1,1,True,5ab6d13cc25f9822387efb30acf00a34884ff695f630c6465eb69252c5935da8
run_2c2261819755899d53d1,TARGET_ONLY_COSINE_PROTOTYPE,3,RANDOM_BLOCK,46,155921,0,21,1050,21,0.09523809523809523,0.05194805194805195,0.09523809523809523,0.05120327700972862,0.9657142857142857,0.52,0.75,3,2,3,True,0ede83df88b3d4b2215135317177c659be8bdd7bf4501778e27b0cf9e53e7900
run_04e2690d97084cf721f6,FROZEN_ENCODER_LINEAR_HEAD_ADAPTATION,3,RANDOM_BLOCK,46,155921,0,21,1050,21,0.14285714285714285,0.14285714285714285,0.14285714285714285,0.14198224923661948,0.9866666666666666,0.92,0.75,3,2,3,False,91aa29609d52f38bb5b2bb39e5248b0841cea19dc857191b55e088f45a47bae9
run_afbf2b271cdb15ec0e9e,TARGET_ONLY_COSINE_PROTOTYPE,3,ER_BALANCED,46,155921,0,21,1050,21,0.19047619047619047,0.1487179487179487,0.1961904761904762,0.1528563818130332,0.9857142857142857,0.86,0.6666666666666666,3,2,3,True,e0387f98049dca4e5dfa266734c3311e6630a278ef6f3b8264f3e5d990655cc2
run_0c41eb0f5be99a687ae3,FROZEN_ENCODER_LINEAR_HEAD_ADAPTATION,3,ER_BALANCED,46,155921,0,21,1050,21,0.19047619047619047,0.16904761904761906,0.18476190476190477,0.1670035110625278,0.9609523809523809,0.5,0.6666666666666666,3,2,3,False,7c1630093fe13c15315e2740770fc812b7bfa4bfabc6e9672fa0420b2f74af3c
run_147f28bb2406bda3d70d,TARGET_ONLY_COSINE_PROTOTYPE,3,SURFACE_BALANCED,46,155921,0,21,1050,21,0.047619047619047616,0.025974025974025976,0.06190476190476191,0.05222696136820739,0.9676190476190476,0.7,0.75,2,3,3,True,3953e1a471236518176c6aa0833152177737ede1348fda1147ac70bfc046b2a0
run_d57f62e477d23c40764e,FROZEN_ENCODER_LINEAR_HEAD_ADAPTATION,3,SURFACE_BALANCED,46,155921,0,21,1050,21,0.23809523809523808,0.19990723562152132,0.2361904761904762,0.2005810091558409,0.9676190476190476,0.5,0.75,2,3,3,False,75dca6dbaae515a8d329ca66b8d4c054da69271c42dbee0b4466765a4f8ce836
run_57eeba92ce51123938b5,TARGET_ONLY_COSINE_PROTOTYPE,3,JOINT_FACTOR_COVERAGE,46,155921,0,21,1050,21,0.19047619047619047,0.14285714285714285,0.19523809523809524,0.14961643896184285,0.978095238095238,0.86,0.8333333333333333,3,3,3,True,23ebfd079719bf8df7740a9cd58db715ff697bcbc893dd4c0824b081e065294d
run_2d4370ed037201bab1b3,FROZEN_ENCODER_LINEAR_HEAD_ADAPTATION,3,JOINT_FACTOR_COVERAGE,46,155921,0,21,1050,21,0.14285714285714285,0.1142857142857143,0.16476190476190475,0.1355261633711997,0.96,0.5,0.8333333333333333,3,3,3,False,eb8fe1482305ed04943f72be9aa1a83584a1f79deedcf0b8bd7e873255b1eaf5
run_a150e2d632015b8cd4c6,TARGET_ONLY_COSINE_PROTOTYPE,5,RANDOM_BLOCK,46,155921,0,35,1050,21,0.19047619047619047,0.1598639455782313,0.18857142857142858,0.1587403143075412,0.9914285714285714,0.94,0.75,3,3,5,True,577c5890df194dd2e65ef3567c5a25f35a970a20a160d340edd632244db0250d
run_3df119cd7041f66ae7a2,FROZEN_ENCODER_LINEAR_HEAD_ADAPTATION,5,RANDOM_BLOCK,46,155921,0,35,1050,21,0.14285714285714285,0.09157509157509157,0.1419047619047619,0.09298384792005268,0.980952380952381,0.88,0.75,3,3,5,True,4909daa7e3ae71d6822f22d990ee5fd3dd2ab6534a7a04bcd35895ee366fb74d
run_b49dee6772245697bee6,TARGET_ONLY_COSINE_PROTOTYPE,5,JOINT_FACTOR_COVERAGE,46,155921,0,35,1050,21,0.09523809523809523,0.06746031746031746,0.1180952380952381,0.08211055066905663,0.9390476190476191,0.5,0.775,3,3,5,True,2fcf2a4ef36312cc1f10899af19d43ca148d2051c39f1143d9f6c961c6106904
run_97b34fbd2bbb63ce89b4,FROZEN_ENCODER_LINEAR_HEAD_ADAPTATION,5,JOINT_FACTOR_COVERAGE,46,155921,0,35,1050,21,0.047619047619047616,0.05714285714285715,0.047619047619047616,0.05537098560354375,0.9542857142857144,0.6,0.775,3,3,5,True,c6402f71a8952422b8c859139eac4d7f8790921938ab6d1a65becdba446d63bf
run_951ab8b3455fc18b1815,TARGET_ONLY_COSINE_PROTOTYPE,1,RANDOM_BLOCK,46,181081,0,7,1050,21,0.09523809523809523,0.08843537414965986,0.0980952380952381,0.09129251700680273,0.9876190476190475,0.94,0.16666666666666666,1,1,1,True,39768d1ea309f08cb4d16895a9c841d0357a0a6493f90e785325dfab1b4db429
run_96f0d55f8d3807050d5e,FROZEN_ENCODER_LINEAR_HEAD_ADAPTATION,1,RANDOM_BLOCK,46,181081,0,7,1050,21,0.14285714285714285,0.11938061938061938,0.1419047619047619,0.11820412365468877,0.9876190476190475,0.94,0.16666666666666666,1,1,1,True,39b1e52ca11070dc63ee550e4db515283eb5f219da8203123634a1a4ceff892d
run_6f566c02cf043aa13b70,TARGET_ONLY_COSINE_PROTOTYPE,3,RANDOM_BLOCK,46,181081,0,21,1050,21,0.19047619047619047,0.12967032967032968,0.19904761904761906,0.13655093474303184,0.9885714285714287,0.86,0.6666666666666666,3,2,3,True,0a6972229867cfaa84e715e5b0aa0712e0625ebc0ce48da4fcb3d754993e20d2
run_6a43b2b22a437b09e4f3,FROZEN_ENCODER_LINEAR_HEAD_ADAPTATION,3,RANDOM_BLOCK,46,181081,0,21,1050,21,0.14285714285714285,0.12380952380952381,0.1419047619047619,0.12566139372110005,0.9647619047619048,0.5,0.6666666666666666,3,2,3,False,937748f9c29c344e84df1fdbf109406f023f22ecdd864a3b061c4a7a2e48dbee
run_92d6a035db3e5a584d90,TARGET_ONLY_COSINE_PROTOTYPE,3,ER_BALANCED,46,181081,0,21,1050,21,0.047619047619047616,0.028571428571428574,0.05047619047619047,0.03423092683967375,0.9866666666666666,0.86,0.8333333333333333,3,3,3,True,5245addb6164e02fd37326b58edfa26c8d7c5970d419f5ca73bce3264e31389c
run_310ef43cf98605b2ab32,FROZEN_ENCODER_LINEAR_HEAD_ADAPTATION,3,ER_BALANCED,46,181081,0,21,1050,21,0.19047619047619047,0.17222222222222222,0.18476190476190477,0.169354872067919,0.9619047619047618,0.52,0.8333333333333333,3,3,3,False,1ab1e265762a8af2a15a5361fb1ebd868dcaaea5a8c7d537fc2180d0816015c4
run_e862f99eb3fbe1f160ea,TARGET_ONLY_COSINE_PROTOTYPE,3,SURFACE_BALANCED,46,181081,0,21,1050,21,0.14285714285714285,0.13095238095238093,0.1419047619047619,0.1310726310726311,0.9914285714285714,0.92,0.6666666666666666,2,3,3,True,a72f862dc1d546764f941d586151f41e06b8bf8349de140c336e9903abf624cb
run_42e5e878edaad35e26f6,FROZEN_ENCODER_LINEAR_HEAD_ADAPTATION,3,SURFACE_BALANCED,46,181081,0,21,1050,21,0.14285714285714285,0.13073593073593073,0.14095238095238094,0.13231117077981555,0.9600000000000002,0.5,0.6666666666666666,2,3,3,False,15c10caa9565c48f34532ee33473afc39f408ffc969929a7a816678c8b7bc024
run_caa3ddb41081a7e69b85,TARGET_ONLY_COSINE_PROTOTYPE,3,JOINT_FACTOR_COVERAGE,46,181081,0,21,1050,21,0.047619047619047616,0.028571428571428574,0.05047619047619047,0.03423092683967375,0.9866666666666666,0.86,0.8333333333333333,3,3,3,True,5245addb6164e02fd37326b58edfa26c8d7c5970d419f5ca73bce3264e31389c
run_6d5871d7c36e69a00680,FROZEN_ENCODER_LINEAR_HEAD_ADAPTATION,3,JOINT_FACTOR_COVERAGE,46,181081,0,21,1050,21,0.19047619047619047,0.17222222222222222,0.18476190476190477,0.169354872067919,0.9619047619047618,0.52,0.8333333333333333,3,3,3,False,1ab1e265762a8af2a15a5361fb1ebd868dcaaea5a8c7d537fc2180d0816015c4
run_2c6b800812d1101ba2ab,TARGET_ONLY_COSINE_PROTOTYPE,5,RANDOM_BLOCK,46,181081,0,35,1050,21,0.14285714285714285,0.06593406593406594,0.1419047619047619,0.06499454743729553,0.9876190476190477,0.92,0.775,3,3,5,True,79d9f2e1aaebcda31b5dc9b324703862a0835b14970def3dbc87c2bba8a69970
run_d38af88e1717bb68ffd5,FROZEN_ENCODER_LINEAR_HEAD_ADAPTATION,5,RANDOM_BLOCK,46,181081,0,35,1050,21,0.14285714285714285,0.09956709956709957,0.14285714285714285,0.09837994266241143,0.9828571428571429,0.92,0.775,3,3,5,True,3039af4ac3b316bbc16ec749b019fd2cfc8bdb50fcecd70d162f0c6eb16ec463
run_6155af1c90cf630dd971,TARGET_ONLY_COSINE_PROTOTYPE,5,JOINT_FACTOR_COVERAGE,46,181081,0,35,1050,21,0.19047619047619047,0.16419294990723562,0.18857142857142858,0.1627100668256391,0.9971428571428572,0.98,0.775,3,3,5,True,43a69622009433c30b6b9cca452156ffbbda3e7009b0bb487bfe25ab504e9f70
run_e2af153d4647e639a818,FROZEN_ENCODER_LINEAR_HEAD_ADAPTATION,5,JOINT_FACTOR_COVERAGE,46,181081,0,35,1050,21,0.047619047619047616,0.03571428571428571,0.05333333333333334,0.040516206482593034,0.9895238095238096,0.86,0.775,3,3,5,True,0383411178a29fd4d152bdc3fe20fef0d83d46a73b1954ad4d2995c259b519c1
run_04af97fd441fd7e0a166,TARGET_ONLY_COSINE_PROTOTYPE,1,RANDOM_BLOCK,46,205439,0,7,1050,21,0.23809523809523808,0.2193877551020408,0.22,0.19843461192852163,0.9371428571428573,0.52,0.16666666666666666,1,1,1,True,3e795676da2168e1bbbadb65c812b419b808f067148ae647fe4ce59096d0d0f2
run_cef25aa4c36b4d2096fa,FROZEN_ENCODER_LINEAR_HEAD_ADAPTATION,1,RANDOM_BLOCK,46,205439,0,7,1050,21,0.14285714285714285,0.09536178107606678,0.14476190476190476,0.10131121908438104,0.962857142857143,0.52,0.16666666666666666,1,1,1,True,acd15567765fb8428efa1d832c0edc7cb07b4f3682e6d41045d66e5274e56d9b
run_3c7acab030737ff58a2e,TARGET_ONLY_COSINE_PROTOTYPE,3,RANDOM_BLOCK,46,205439,0,21,1050,21,0.14285714285714285,0.11190476190476191,0.1438095238095238,0.11326503573082833,0.9704761904761904,0.82,0.5833333333333333,2,2,3,True,a765e49fd0d678391b736eef72e399ffba39d78303c6fcea92f65744e3f03d17
run_59978808b0ac57cdd848,FROZEN_ENCODER_LINEAR_HEAD_ADAPTATION,3,RANDOM_BLOCK,46,205439,0,21,1050,21,0.23809523809523808,0.23922902494331064,0.23333333333333334,0.23418190253766152,0.9914285714285714,0.94,0.5833333333333333,2,2,3,False,960485f50e2eac3b87d7fe2baeffa034da9ba626f859de14a9e3eefa9cf84e08
run_b5a9fa68e182f46efae8,TARGET_ONLY_COSINE_PROTOTYPE,3,ER_BALANCED,46,205439,0,21,1050,21,0.19047619047619047,0.15238095238095237,0.19523809523809524,0.15770045831362567,0.9742857142857143,0.86,0.8333333333333333,3,3,3,True,aa869eec87c47af4a98aaf85d6b5bf7a17bb0be425b7529e5145a39893d2e046
run_53a39ee41344d3626142,FROZEN_ENCODER_LINEAR_HEAD_ADAPTATION,3,ER_BALANCED,46,205439,0,21,1050,21,0.19047619047619047,0.1448051948051948,0.19714285714285715,0.15658575961699048,0.9476190476190477,0.5,0.8333333333333333,3,3,3,False,1b3184508dfa4ceed4a2893db2f465efdd31cf9842f295339c9f3e37ec8d1442
run_1621a5d357026d8b12b1,TARGET_ONLY_COSINE_PROTOTYPE,3,SURFACE_BALANCED,46,205439,0,21,1050,21,0.2857142857142857,0.21768707482993196,0.2866666666666667,0.22157592633321993,0.9790476190476189,0.82,0.6666666666666666,2,3,3,True,c02ec25c4d58da16365bc55dcc6bcad0c7231ea670703c0abb244ce4be7855ba
run_99f77124796f26b55827,FROZEN_ENCODER_LINEAR_HEAD_ADAPTATION,3,SURFACE_BALANCED,46,205439,0,21,1050,21,0.19047619047619047,0.17448979591836736,0.18571428571428572,0.1711518410914327,0.9752380952380952,0.88,0.6666666666666666,2,3,3,False,6a87e4d557fcfaa546f77a21df25018cd90eb4395bcbbc8a082bf0104e4c98ac
run_a43dd347039e33670e78,TARGET_ONLY_COSINE_PROTOTYPE,3,JOINT_FACTOR_COVERAGE,46,205439,0,21,1050,21,0.19047619047619047,0.15238095238095237,0.19523809523809524,0.15770045831362567,0.9742857142857143,0.86,0.8333333333333333,3,3,3,True,aa869eec87c47af4a98aaf85d6b5bf7a17bb0be425b7529e5145a39893d2e046
run_d997323f8b3fa0eb6e80,FROZEN_ENCODER_LINEAR_HEAD_ADAPTATION,3,JOINT_FACTOR_COVERAGE,46,205439,0,21,1050,21,0.19047619047619047,0.1448051948051948,0.19714285714285715,0.15658575961699048,0.9476190476190477,0.5,0.8333333333333333,3,3,3,False,1b3184508dfa4ceed4a2893db2f465efdd31cf9842f295339c9f3e37ec8d1442
run_0295d64d6eb60c56abed,TARGET_ONLY_COSINE_PROTOTYPE,5,RANDOM_BLOCK,46,205439,0,35,1050,21,0.19047619047619047,0.13968253968253966,0.1895238095238095,0.1386334007005052,0.9876190476190475,0.94,0.775,3,3,5,True,fcafb4e9ae691de688040f428e498f04313c3b92fc7354e159c5a292d56f8b4b
run_38c14b356e0bc32e990f,FROZEN_ENCODER_LINEAR_HEAD_ADAPTATION,5,RANDOM_BLOCK,46,205439,0,35,1050,21,0.14285714285714285,0.1336734693877551,0.14285714285714285,0.13282730782730784,0.9847619047619047,0.88,0.775,3,3,5,True,cf64b7b92e969637acde503769e16b44c2fc3bd68cdac885837c7e82f06a720d
run_b57a4ea0f9a406cd6ae2,TARGET_ONLY_COSINE_PROTOTYPE,5,JOINT_FACTOR_COVERAGE,46,205439,0,35,1050,21,0.19047619047619047,0.13968253968253966,0.1895238095238095,0.1386334007005052,0.9876190476190475,0.94,0.775,3,3,5,True,fcafb4e9ae691de688040f428e498f04313c3b92fc7354e159c5a292d56f8b4b
run_ac54cb7221ac6b7529ac,FROZEN_ENCODER_LINEAR_HEAD_ADAPTATION,5,JOINT_FACTOR_COVERAGE,46,205439,0,35,1050,21,0.14285714285714285,0.1336734693877551,0.14285714285714285,0.13282730782730784,0.9847619047619047,0.88,0.775,3,3,5,True,cf64b7b92e969637acde503769e16b44c2fc3bd68cdac885837c7e82f06a720d
run_3e505f4beb164f8d8fc5,FS0_FROZEN_SOURCE_HEAD,0,FS0_FROZEN_SOURCE_HEAD,46,104729,1,0,1050,21,0.14285714285714285,0.06938775510204082,0.13714285714285715,0.06475145572889933,0.9904761904761905,0.86,,,,,True,5c47c3f9ce9a748a02fbc45a6be9cbbf5e1cc3d59e59b3ccb3d0a58ec5b42523
run_4ad6ddaeb40ca146ca02,FS0_FROZEN_SOURCE_HEAD,0,FS0_FROZEN_SOURCE_HEAD,46,130363,1,0,1050,21,0.14285714285714285,0.06938775510204082,0.13714285714285715,0.06475145572889933,0.9904761904761905,0.86,,,,,True,5c47c3f9ce9a748a02fbc45a6be9cbbf5e1cc3d59e59b3ccb3d0a58ec5b42523
run_da8a8356324c76c16840,FS0_FROZEN_SOURCE_HEAD,0,FS0_FROZEN_SOURCE_HEAD,46,155921,1,0,1050,21,0.14285714285714285,0.06938775510204082,0.13714285714285715,0.06475145572889933,0.9904761904761905,0.86,,,,,True,5c47c3f9ce9a748a02fbc45a6be9cbbf5e1cc3d59e59b3ccb3d0a58ec5b42523
run_3fc1bb3a7460e6379594,FS0_FROZEN_SOURCE_HEAD,0,FS0_FROZEN_SOURCE_HEAD,46,181081,1,0,1050,21,0.14285714285714285,0.06938775510204082,0.13714285714285715,0.06475145572889933,0.9904761904761905,0.86,,,,,True,5c47c3f9ce9a748a02fbc45a6be9cbbf5e1cc3d59e59b3ccb3d0a58ec5b42523
run_a579a4ba6433302569c2,FS0_FROZEN_SOURCE_HEAD,0,FS0_FROZEN_SOURCE_HEAD,46,205439,1,0,1050,21,0.14285714285714285,0.06938775510204082,0.13714285714285715,0.06475145572889933,0.9904761904761905,0.86,,,,,True,5c47c3f9ce9a748a02fbc45a6be9cbbf5e1cc3d59e59b3ccb3d0a58ec5b42523
run_f8b46deef973828b5045,TARGET_ONLY_COSINE_PROTOTYPE,1,RANDOM_BLOCK,46,104729,1,7,1050,21,0.14285714285714285,0.08888888888888889,0.14476190476190476,0.08994891621994514,0.9619047619047618,0.5,0.16666666666666666,1,1,1,True,0aca45323fe9cee449db36483c307f827053c229e22b2a097e77a0ee22900f71
run_f6ccb93ff79c4020082f,FROZEN_ENCODER_LINEAR_HEAD_ADAPTATION,1,RANDOM_BLOCK,46,104729,1,7,1050,21,0.09523809523809523,0.07912087912087913,0.09428571428571429,0.07566632982669293,0.9419047619047619,0.36,0.16666666666666666,1,1,1,True,84fb3263cf3ae43f1dcfce48d48c79e00fbdabb812cfb4fce35c23c4e3dd58bd
run_ff8a08e7a01bd2bb135d,TARGET_ONLY_COSINE_PROTOTYPE,3,RANDOM_BLOCK,46,104729,1,21,1050,21,0.19047619047619047,0.15079365079365076,0.19047619047619047,0.15385089657932896,0.959047619047619,0.7,0.6666666666666666,3,2,3,True,3721b90004ca8a299c9f091b396fb717807d47cb10baa2a7c495a973a2de853d
run_1e1e38399ad10d55ff0a,FROZEN_ENCODER_LINEAR_HEAD_ADAPTATION,3,RANDOM_BLOCK,46,104729,1,21,1050,21,0.047619047619047616,0.028571428571428574,0.047619047619047616,0.02915451895043732,0.9676190476190476,0.8,0.6666666666666666,3,2,3,False,72850f4137ad1f6a171d1f9532a251d0515e2b21a42fc2c804f822dc418abac4
run_e2e1be63a41f59aa09c6,TARGET_ONLY_COSINE_PROTOTYPE,3,ER_BALANCED,46,104729,1,21,1050,21,0.19047619047619047,0.1578231292517007,0.18666666666666668,0.15586141833283262,0.9752380952380952,0.86,0.75,3,2,3,True,bf4b8327d61bca0a70c4d4a5e5c5219f5d403cee74ad7b19e9e5679b3a38a55e
run_86d8c7740f7f727265b1,FROZEN_ENCODER_LINEAR_HEAD_ADAPTATION,3,ER_BALANCED,46,104729,1,21,1050,21,0.047619047619047616,0.031746031746031744,0.054285714285714284,0.0382606623211311,0.959047619047619,0.58,0.75,3,2,3,False,fb595d96193940835098fda8fef86ac6a104fb8cec20fce973aec9b0ba9ba3bd
run_ad6f243602d8117e02d7,TARGET_ONLY_COSINE_PROTOTYPE,3,SURFACE_BALANCED,46,104729,1,21,1050,21,0.14285714285714285,0.13095238095238093,0.14095238095238094,0.12851421455250242,0.9790476190476189,0.8,0.8333333333333333,3,3,3,True,a9502bf2f82f0745ada1357b7094b9bc6735618dbe4267d27b41d39e17a06607
run_d6dd0a3237956eade949,FROZEN_ENCODER_LINEAR_HEAD_ADAPTATION,3,SURFACE_BALANCED,46,104729,1,21,1050,21,0.09523809523809523,0.06168831168831169,0.09333333333333334,0.06366033245842766,0.9666666666666667,0.82,0.8333333333333333,3,3,3,False,45dc9c8d4a065d14f4d235177c92a3bc24421dce95520b2ffd56c27e904b7b90
run_f7a0487c1fff7f6eb119,TARGET_ONLY_COSINE_PROTOTYPE,3,JOINT_FACTOR_COVERAGE,46,104729,1,21,1050,21,0.09523809523809523,0.07256235827664399,0.10095238095238095,0.0759658490883068,0.9580952380952381,0.58,0.8333333333333333,3,3,3,True,46a006f508db91fa8e57ad025d46b3278a14e3c2c16f0a411ce7cc4fc8d1988c
run_df66ed98362a5c54ec14,FROZEN_ENCODER_LINEAR_HEAD_ADAPTATION,3,JOINT_FACTOR_COVERAGE,46,104729,1,21,1050,21,0.0,0.0,0.0,0.0,0.9780952380952382,0.82,0.8333333333333333,3,3,3,False,f8a42a2d26cb087bbd0a5ba4624779a00dbe53cab22f5121b49de39f7aac173c
run_b4eef08beefe5c4c2a53,TARGET_ONLY_COSINE_PROTOTYPE,5,RANDOM_BLOCK,46,104729,1,35,1050,21,0.09523809523809523,0.05714285714285715,0.0980952380952381,0.0575901593514118,0.959047619047619,0.56,0.75,3,3,5,True,94daddb387d473b5254a97efaaab01ae3a9d8eef5c0302d2d12707e064216df1
run_9f9ab472f418a1465ec0,FROZEN_ENCODER_LINEAR_HEAD_ADAPTATION,5,RANDOM_BLOCK,46,104729,1,35,1050,21,0.09523809523809523,0.08163265306122448,0.10285714285714286,0.08998714547952472,0.9609523809523809,0.58,0.75,3,3,5,True,c68af8dca1361a649eb9f178ca63fafc3791b8503a4e14200b3eab402dad9eca
run_5d406d4bb2474a1d3f6a,TARGET_ONLY_COSINE_PROTOTYPE,5,JOINT_FACTOR_COVERAGE,46,104729,1,35,1050,21,0.09523809523809523,0.06349206349206349,0.0980952380952381,0.07072761646226186,0.9561904761904761,0.58,0.8,3,3,5,True,5e6f92e04e68f34e4692e1d88c86447abebdc6f3a4d96356ca7c2565a3246337
run_820e00fdd8e4cbfd74cc,FROZEN_ENCODER_LINEAR_HEAD_ADAPTATION,5,JOINT_FACTOR_COVERAGE,46,104729,1,35,1050,21,0.19047619047619047,0.1717687074829932,0.18285714285714286,0.16551946803220816,0.962857142857143,0.58,0.8,3,3,5,True,687fff830602cb36450a7c3cb7d393be76b77390c16e6d7712bb8a95e5fe9c19
run_4a90914ec279ff5cb758,TARGET_ONLY_COSINE_PROTOTYPE,1,RANDOM_BLOCK,46,130363,1,7,1050,21,0.09523809523809523,0.08095238095238096,0.09619047619047619,0.0820906848795295,0.984761904761905,0.8,0.16666666666666666,1,1,1,True,c84c1d2e3c778cc9536511612990a621d9bcb9ff2c7bf89fb8b67f096d70f982
run_ae5dfa3f907dc3127fc0,FROZEN_ENCODER_LINEAR_HEAD_ADAPTATION,1,RANDOM_BLOCK,46,130363,1,7,1050,21,0.09523809523809523,0.059863945578231284,0.09333333333333334,0.059150933100512934,0.9876190476190477,0.92,0.16666666666666666,1,1,1,True,27ccdea0014a80816a7af0edff10d849d60cd599d532ec7668aee0b0f059bc58
run_6505c8af7027753ebbc9,TARGET_ONLY_COSINE_PROTOTYPE,3,RANDOM_BLOCK,46,130363,1,21,1050,21,0.23809523809523808,0.2006802721088435,0.2342857142857143,0.19810570282557347,0.9571428571428572,0.7,0.75,3,2,3,True,bcdc1939201328a9bcdc8609ff27b13a810f853cbcdffc5caf173d3bb544b657
run_39ca6fcc38caaa34dd33,FROZEN_ENCODER_LINEAR_HEAD_ADAPTATION,3,RANDOM_BLOCK,46,130363,1,21,1050,21,0.047619047619047616,0.03571428571428571,0.054285714285714284,0.041543461222554125,0.9533333333333334,0.58,0.75,3,2,3,False,8963df6ca67ff86e193046cd3a5baf8fd4349f044aa0474f9029bf7bf76af4c0
run_6528845e76ff84684fe1,TARGET_ONLY_COSINE_PROTOTYPE,3,ER_BALANCED,46,130363,1,21,1050,21,0.09523809523809523,0.04395604395604396,0.09523809523809523,0.04478280340349306,0.9704761904761906,0.7,0.6666666666666666,3,2,3,True,b1e9e908b0cc8d1296267599b57e8339ab335948f4dc7c76ae6d7ef3cef1dbad
run_83e1d5ad71604a7ee8b7,FROZEN_ENCODER_LINEAR_HEAD_ADAPTATION,3,ER_BALANCED,46,130363,1,21,1050,21,0.09523809523809523,0.07653061224489796,0.08190476190476191,0.06902040438650289,0.9419047619047621,0.58,0.6666666666666666,3,2,3,False,ab21f6674d447edbbbb6f536e0b1448f4c3db89410ef3c52f11271e3a3e3c996
run_30525e4644d6c1326875,TARGET_ONLY_COSINE_PROTOTYPE,3,SURFACE_BALANCED,46,130363,1,21,1050,21,0.14285714285714285,0.11904761904761904,0.12571428571428572,0.10390573260118953,0.92,0.52,0.75,2,3,3,True,410b648111db83da83c72923f3c3a2ed78f2bdd20314f662f7a5a5fb5e621b69
run_884fe0d52c5c94872ee0,FROZEN_ENCODER_LINEAR_HEAD_ADAPTATION,3,SURFACE_BALANCED,46,130363,1,21,1050,21,0.047619047619047616,0.031746031746031744,0.047619047619047616,0.031675641431738996,0.9790476190476192,0.82,0.75,2,3,3,False,7fa9a05624cb472d1b311c225ae24aaa06cc847635dbbc9d162c20d5b5896589
run_1949b42d53303f8824bb,TARGET_ONLY_COSINE_PROTOTYPE,3,JOINT_FACTOR_COVERAGE,46,130363,1,21,1050,21,0.09523809523809523,0.08333333333333333,0.09333333333333334,0.08243126524374667,0.9790476190476189,0.8,0.8333333333333333,3,3,3,True,0de3e29f7282b4027c9ea6af165c7654d9010394c44a09fbb08731073367866f
run_d09b0e3edc6bfaea3372,FROZEN_ENCODER_LINEAR_HEAD_ADAPTATION,3,JOINT_FACTOR_COVERAGE,46,130363,1,21,1050,21,0.09523809523809523,0.06168831168831169,0.09333333333333334,0.06253501400560224,0.9752380952380952,0.82,0.8333333333333333,3,3,3,False,baf7cfe159e77195b71540fe5327957b72c10557312484964305adc8a8c99be9
run_2bf994dbe47f1e4ac6f6,TARGET_ONLY_COSINE_PROTOTYPE,5,RANDOM_BLOCK,46,130363,1,35,1050,21,0.14285714285714285,0.10430839002267574,0.14285714285714285,0.10299083308956804,0.9685714285714285,0.7,0.75,3,3,5,True,ea8777ac6a2b122121251a2210dd07c35c13b5bcb87ebe2ae60e242df74258d7
run_54639f9329d9cd46f883,FROZEN_ENCODER_LINEAR_HEAD_ADAPTATION,5,RANDOM_BLOCK,46,130363,1,35,1050,21,0.047619047619047616,0.04081632653061224,0.04857142857142857,0.04121513144691953,0.9752380952380952,0.8,0.75,3,3,5,True,664d6ee3cc4b6df843887affe54f31dd68042ba87ba9078b39efec4a1abd9fb2
run_fd2b0b3a86d4936713bb,TARGET_ONLY_COSINE_PROTOTYPE,5,JOINT_FACTOR_COVERAGE,46,130363,1,35,1050,21,0.09523809523809523,0.07142857142857142,0.10095238095238095,0.0753589196872779,0.9704761904761904,0.7,0.8,3,3,5,True,55e70d3fecbd430caca915f935b14f1f934084e634345bb995dfe8fd41a31697
run_533596d9a5d4e98b0cc7,FROZEN_ENCODER_LINEAR_HEAD_ADAPTATION,5,JOINT_FACTOR_COVERAGE,46,130363,1,35,1050,21,0.14285714285714285,0.146031746031746,0.1380952380952381,0.14116676393053346,0.9571428571428572,0.58,0.8,3,3,5,True,a8adef9b1a52ec6704988d6cc20cc355ca9808bffd00b60e8ebda02536c14833
run_ee1d50aad2a22541eabd,TARGET_ONLY_COSINE_PROTOTYPE,1,RANDOM_BLOCK,46,155921,1,7,1050,21,0.14285714285714285,0.08888888888888889,0.13523809523809524,0.0871768076900764,0.9752380952380952,0.8,0.16666666666666666,1,1,1,True,02077966c1d483cd0500d220d53d14348aecdae73ccd54011a2654315d698e01
run_4752cabb19a0ae474e8f,FROZEN_ENCODER_LINEAR_HEAD_ADAPTATION,1,RANDOM_BLOCK,46,155921,1,7,1050,21,0.09523809523809523,0.07912087912087913,0.09428571428571429,0.07606594047272013,0.9533333333333334,0.48,0.16666666666666666,1,1,1,True,3e7ebdcf95664d562dd87be4ff08b59bfe52cd324aeb37c3f01dd8b4240d4b2c
run_a59f685852b4abf49b1f,TARGET_ONLY_COSINE_PROTOTYPE,3,RANDOM_BLOCK,46,155921,1,21,1050,21,0.14285714285714285,0.1142857142857143,0.1457142857142857,0.11277312190031522,0.9342857142857144,0.58,0.6666666666666666,3,2,3,True,e0d7af6a753efde86a87ff4abf63e633ef19e628b37023dea03c8b752669b7bf
run_3ab59ee359e049260da0,FROZEN_ENCODER_LINEAR_HEAD_ADAPTATION,3,RANDOM_BLOCK,46,155921,1,21,1050,21,0.047619047619047616,0.03571428571428571,0.08190476190476191,0.07696246405923825,0.9438095238095239,0.54,0.6666666666666666,3,2,3,False,95793825328b655b240b5753d1c3eb473bced9631a88e366ee072d9ac5d55497
run_aaadbed652112ba8ec9f,TARGET_ONLY_COSINE_PROTOTYPE,3,ER_BALANCED,46,155921,1,21,1050,21,0.14285714285714285,0.1142857142857143,0.1457142857142857,0.11277312190031522,0.9342857142857144,0.58,0.6666666666666666,3,2,3,True,e0d7af6a753efde86a87ff4abf63e633ef19e628b37023dea03c8b752669b7bf
run_5a4545cf7cd67de2a5d4,FROZEN_ENCODER_LINEAR_HEAD_ADAPTATION,3,ER_BALANCED,46,155921,1,21,1050,21,0.047619047619047616,0.03571428571428571,0.08190476190476191,0.07696246405923825,0.9438095238095239,0.54,0.6666666666666666,3,2,3,False,95793825328b655b240b5753d1c3eb473bced9631a88e366ee072d9ac5d55497
run_2f011e320ba36afe9cd5,TARGET_ONLY_COSINE_PROTOTYPE,3,SURFACE_BALANCED,46,155921,1,21,1050,21,0.14285714285714285,0.13095238095238093,0.14095238095238094,0.12851421455250242,0.9790476190476189,0.8,0.8333333333333333,3,3,3,True,a9502bf2f82f0745ada1357b7094b9bc6735618dbe4267d27b41d39e17a06607
run_c352704b92a971530b8f,FROZEN_ENCODER_LINEAR_HEAD_ADAPTATION,3,SURFACE_BALANCED,46,155921,1,21,1050,21,0.09523809523809523,0.06168831168831169,0.09333333333333334,0.06261572425580401,0.9752380952380952,0.82,0.8333333333333333,3,3,3,False,b5443cce3acf4ec7070c06ad31dc06e13e3438aef5ad70a21dd7c5e7520bb262
run_e982f9302801541bb712,TARGET_ONLY_COSINE_PROTOTYPE,3,JOINT_FACTOR_COVERAGE,46,155921,1,21,1050,21,0.14285714285714285,0.13095238095238093,0.14095238095238094,0.12851421455250242,0.9790476190476189,0.8,0.8333333333333333,3,3,3,True,a9502bf2f82f0745ada1357b7094b9bc6735618dbe4267d27b41d39e17a06607
run_ee57dfcd4b29c7144a76,FROZEN_ENCODER_LINEAR_HEAD_ADAPTATION,3,JOINT_FACTOR_COVERAGE,46,155921,1,21,1050,21,0.09523809523809523,0.06168831168831169,0.09333333333333334,0.06261572425580401,0.9752380952380952,0.82,0.8333333333333333,3,3,3,False,b5443cce3acf4ec7070c06ad31dc06e13e3438aef5ad70a21dd7c5e7520bb262
run_bf5b34300eab684f2aaf,TARGET_ONLY_COSINE_PROTOTYPE,5,RANDOM_BLOCK,46,155921,1,35,1050,21,0.09523809523809523,0.05194805194805195,0.09523809523809523,0.05370569280343716,0.9600000000000002,0.58,0.775,3,3,5,True,5b54bbffc0654493fdb96600cc97eb30f98dd3f60837933682f1e6e77bf1b323
run_aae10cb6d4fb6a03d10a,FROZEN_ENCODER_LINEAR_HEAD_ADAPTATION,5,RANDOM_BLOCK,46,155921,1,35,1050,21,0.14285714285714285,0.1598639455782313,0.1419047619047619,0.15991485196743735,0.9685714285714285,0.58,0.775,3,3,5,True,c05586c2057849d76a0436e64627b1ac778fb4a03cc327f18cca6cc27c92bde6
run_5b20de7b48f2929ed06e,TARGET_ONLY_COSINE_PROTOTYPE,5,JOINT_FACTOR_COVERAGE,46,155921,1,35,1050,21,0.09523809523809523,0.06349206349206349,0.10095238095238095,0.06998093998419413,0.9714285714285713,0.82,0.8,3,3,5,True,a3d0a6ef1c0b749d31a15b36a87dad74494440a83f2732beb4aefba3fe3ba9f9
run_de0e78977b124500fce7,FROZEN_ENCODER_LINEAR_HEAD_ADAPTATION,5,JOINT_FACTOR_COVERAGE,46,155921,1,35,1050,21,0.14285714285714285,0.10714285714285714,0.13904761904761906,0.11043646982733277,0.939047619047619,0.54,0.8,3,3,5,True,42bf8f2c6be4609495c23ecfcd519c7e9b8a9d09c079f30053ddcd604625534a
run_92529c998c935f62ef43,TARGET_ONLY_COSINE_PROTOTYPE,1,RANDOM_BLOCK,46,181081,1,7,1050,21,0.047619047619047616,0.047619047619047616,0.04666666666666667,0.0472972972972973,0.9495238095238095,0.7,0.16666666666666666,1,1,1,True,2de3096c881155f23156b24f369c0ca129125cf629021e504034f09d30f3aef1
run_2735ab174ef0320cde07,FROZEN_ENCODER_LINEAR_HEAD_ADAPTATION,1,RANDOM_BLOCK,46,181081,1,7,1050,21,0.14285714285714285,0.11700680272108843,0.12285714285714286,0.09603121622480769,0.9676190476190476,0.62,0.16666666666666666,1,1,1,True,7acc7bc24501f46135a9a16bf2310a77996808167fe95ee3e4c507de25c16788
run_9917ffd36d5a99bbb5d8,TARGET_ONLY_COSINE_PROTOTYPE,3,RANDOM_BLOCK,46,181081,1,21,1050,21,0.14285714285714285,0.11904761904761904,0.12,0.10776252332822114,0.9333333333333333,0.62,0.5,2,2,3,True,6ba0f43649fb6b475a7396d5f2130a8185a7085e8f9bf57ea11836c085ee65d2
run_276e7334206a4876a0cc,FROZEN_ENCODER_LINEAR_HEAD_ADAPTATION,3,RANDOM_BLOCK,46,181081,1,21,1050,21,0.09523809523809523,0.054761904761904755,0.09333333333333334,0.05395136778115501,0.9733333333333334,0.8,0.5,2,2,3,False,f45ec6bd653c8fd671eec0894dc6b253964df3ee4d3a5c2e24a06d5e6bfa4de7
run_4a83284bd725fc43da8b,TARGET_ONLY_COSINE_PROTOTYPE,3,ER_BALANCED,46,181081,1,21,1050,21,0.14285714285714285,0.09523809523809523,0.14285714285714285,0.09460829941234493,0.9733333333333334,0.8,0.6666666666666666,3,2,3,True,9087a58e2f00ce8ab7047b13f3f4097ac15e7839594f5fa5b42d15f3268de71d
run_570e1b28ac1dff25f579,FROZEN_ENCODER_LINEAR_HEAD_ADAPTATION,3,ER_BALANCED,46,181081,1,21,1050,21,0.047619047619047616,0.028571428571428574,0.047619047619047616,0.030012004801920768,0.9542857142857143,0.72,0.6666666666666666,3,2,3,False,81d17473756fb79f7c0eb320717f240eae0ccabfc73e2850bdce7b172efdfe77
run_e80fcc6199266943582e,TARGET_ONLY_COSINE_PROTOTYPE,3,SURFACE_BALANCED,46,181081,1,21,1050,21,0.09523809523809523,0.06349206349206349,0.10095238095238095,0.07392167304061578,0.9628571428571429,0.8,0.75,2,3,3,True,b919d62488757c1422813e22fcd70e97039b867933279ee448a4752807a919f8
run_d0fc0c1a6ec4d5589caa,FROZEN_ENCODER_LINEAR_HEAD_ADAPTATION,3,SURFACE_BALANCED,46,181081,1,21,1050,21,0.047619047619047616,0.031746031746031744,0.047619047619047616,0.031746031746031744,0.9619047619047618,0.46,0.75,2,3,3,False,4006eabf91519c2616f1f6dec5ba2bf548686bcff92fefd20410e1a1ea6e678d
run_62d1a13242be0436dfaa,TARGET_ONLY_COSINE_PROTOTYPE,3,JOINT_FACTOR_COVERAGE,46,181081,1,21,1050,21,0.14285714285714285,0.14795918367346936,0.14095238095238094,0.14380107278296564,0.9733333333333334,0.8,0.8333333333333333,3,3,3,True,d8db97aa54f29f0f3059a67424b21337e24762adea9576d26459491aac933f2f
run_7d90f5bc60252bf11963,FROZEN_ENCODER_LINEAR_HEAD_ADAPTATION,3,JOINT_FACTOR_COVERAGE,46,181081,1,21,1050,21,0.09523809523809523,0.05454545454545455,0.08761904761904762,0.0503068917638815,0.9666666666666667,0.8,0.8333333333333333,3,3,3,False,e8a72325e1b28e4e965f368c8847e334c7941fe95c3f0c310a02cd135d34a61a
run_e83c4495326d163c0c98,TARGET_ONLY_COSINE_PROTOTYPE,5,RANDOM_BLOCK,46,181081,1,35,1050,21,0.19047619047619047,0.1448051948051948,0.1895238095238095,0.14226418536763363,0.9733333333333334,0.8,0.75,3,3,5,True,fc6b8a3a1ee9294c5d1ea0299907c7179e19922e59a61d7f6164d8ca9a886133
run_fc38673ad4cd9f62dda8,FROZEN_ENCODER_LINEAR_HEAD_ADAPTATION,5,RANDOM_BLOCK,46,181081,1,35,1050,21,0.14285714285714285,0.11111111111111109,0.1419047619047619,0.1082278717133489,0.9514285714285714,0.42,0.75,3,3,5,True,081bfe27bb6f1fedff8d028aaccdddbbfe89f130a3562af0cac6507da186668c
run_d5b2c8b92d26116f5fd7,TARGET_ONLY_COSINE_PROTOTYPE,5,JOINT_FACTOR_COVERAGE,46,181081,1,35,1050,21,0.14285714285714285,0.10714285714285714,0.14857142857142858,0.11357864357864358,0.9704761904761904,0.82,0.8,3,3,5,True,b7ab5a7386b0df6b23ad3ca2aeb668125f6b80e04e65f3e8b90ff8922c24d456
run_693a0f84203c7b7422a9,FROZEN_ENCODER_LINEAR_HEAD_ADAPTATION,5,JOINT_FACTOR_COVERAGE,46,181081,1,35,1050,21,0.14285714285714285,0.11904761904761904,0.14285714285714285,0.11963642024837431,0.9457142857142857,0.58,0.8,3,3,5,True,32eb3e14b42ddad798d3eb4906046ff4fb094a4b1802c84037733fcaffc27895
run_f3a8ddc45f33f4938490,TARGET_ONLY_COSINE_PROTOTYPE,1,RANDOM_BLOCK,46,205439,1,7,1050,21,0.09523809523809523,0.08333333333333333,0.10285714285714286,0.0913511579495186,0.9742857142857143,0.8,0.16666666666666666,1,1,1,True,b15baca5d3420b842c0897febdb03588e7d158e5892e0e7e7db6a9cf43ae01f2
run_399a23cc16217090602a,FROZEN_ENCODER_LINEAR_HEAD_ADAPTATION,1,RANDOM_BLOCK,46,205439,1,7,1050,21,0.047619047619047616,0.047619047619047616,0.05238095238095238,0.053383211226514675,0.9723809523809525,0.82,0.16666666666666666,1,1,1,True,c0d9d0dacea2aa50a6025add445d0eb5be45fbe75871e2d755a7349cd833115e
run_8c39963333c77a8cc316,TARGET_ONLY_COSINE_PROTOTYPE,3,RANDOM_BLOCK,46,205439,1,21,1050,21,0.047619047619047616,0.028571428571428574,0.04857142857142857,0.029626022888546665,0.9790476190476192,0.8,0.6666666666666666,3,2,3,True,76d0601b755ef5d319c3581b128d833c3c4b38351aa68546d63f8b8ef6db3bdb
run_0500111dc04a13fc44b8,FROZEN_ENCODER_LINEAR_HEAD_ADAPTATION,3,RANDOM_BLOCK,46,205439,1,21,1050,21,0.09523809523809523,0.05612244897959184,0.08761904761904762,0.052980472764645424,0.9790476190476189,0.82,0.6666666666666666,3,2,3,False,5f3e705f2b1f9b3361ec3e4d744f989cbb7c4e955dd3a4dc39d3b008a9b79be4
run_253041a48f819c39989b,TARGET_ONLY_COSINE_PROTOTYPE,3,ER_BALANCED,46,205439,1,21,1050,21,0.14285714285714285,0.14285714285714285,0.13904761904761906,0.1449931659164714,0.9504761904761905,0.58,0.75,3,2,3,True,465535e806117fec27c0f453b1567ab9e06d1a6aaf0feb9a99fad0b65ed7b9dc
run_b281aa92622344a46d52,FROZEN_ENCODER_LINEAR_HEAD_ADAPTATION,3,ER_BALANCED,46,205439,1,21,1050,21,0.09523809523809523,0.09285714285714286,0.10095238095238095,0.09772164994884598,0.9771428571428571,0.82,0.75,3,2,3,False,fd1843aa45039f9c02324d8c7aceb6f2aac3bf58203dbf29b2587a0cd5a73b88
run_6e125620eaed49c38d93,TARGET_ONLY_COSINE_PROTOTYPE,3,SURFACE_BALANCED,46,205439,1,21,1050,21,0.047619047619047616,0.047619047619047616,0.05333333333333334,0.05411255411255411,0.981904761904762,0.8,0.6666666666666666,2,3,3,True,941350f8863920e7d961a9dd43c27489450220e3a2ab17e7d2a4e63c964f35a1
run_37efbbea05cc63df6be2,FROZEN_ENCODER_LINEAR_HEAD_ADAPTATION,3,SURFACE_BALANCED,46,205439,1,21,1050,21,0.047619047619047616,0.03571428571428571,0.054285714285714284,0.04302645778290477,0.9647619047619048,0.8,0.6666666666666666,2,3,3,False,b520f6ed0be8cabec9c7cfc01f99c056b659a5dd221b55086ffb356ace8052cd
run_211998b4736c68cf383b,TARGET_ONLY_COSINE_PROTOTYPE,3,JOINT_FACTOR_COVERAGE,46,205439,1,21,1050,21,0.09523809523809523,0.07256235827664399,0.0980952380952381,0.07385768392557712,0.9676190476190476,0.58,0.8333333333333333,3,3,3,True,2dffdda360c2bb83d34245e1cc9d18602f28a034aee2f6d0785f7dad696506d8
run_c074536a48a594649c26,FROZEN_ENCODER_LINEAR_HEAD_ADAPTATION,3,JOINT_FACTOR_COVERAGE,46,205439,1,21,1050,21,0.0,0.0,0.005714285714285714,0.008321775312066574,0.9657142857142857,0.82,0.8333333333333333,3,3,3,False,3c8d4225ed5ad494c2df3adeacc0ce26ba24045001cf107f844a98ee9f28bc99
run_8ce2b6475ac4c3d1b726,TARGET_ONLY_COSINE_PROTOTYPE,5,RANDOM_BLOCK,46,205439,1,35,1050,21,0.09523809523809523,0.06349206349206349,0.09619047619047619,0.06459138740785528,0.9876190476190475,0.92,0.8,3,3,5,True,8dc296ea22c864b09f6eff25b2d8550502151e60b9b2e7c152181832cd10aa78
run_0ffdbcd31ecc47f29f72,FROZEN_ENCODER_LINEAR_HEAD_ADAPTATION,5,RANDOM_BLOCK,46,205439,1,35,1050,21,0.09523809523809523,0.09523809523809523,0.09714285714285714,0.0971947073641989,0.9638095238095239,0.58,0.8,3,3,5,True,4c2e60b6503a18b5b074cd07dac8b62777872819df4ab4fe8f2b5910a08cbc64
run_46704df7cfde16eaf44b,TARGET_ONLY_COSINE_PROTOTYPE,5,JOINT_FACTOR_COVERAGE,46,205439,1,35,1050,21,0.09523809523809523,0.06349206349206349,0.09619047619047619,0.06459138740785528,0.9876190476190475,0.92,0.8,3,3,5,True,8dc296ea22c864b09f6eff25b2d8550502151e60b9b2e7c152181832cd10aa78
run_1d7959a59986c6008014,FROZEN_ENCODER_LINEAR_HEAD_ADAPTATION,5,JOINT_FACTOR_COVERAGE,46,205439,1,35,1050,21,0.09523809523809523,0.09523809523809523,0.09714285714285714,0.0971947073641989,0.9638095238095239,0.58,0.8,3,3,5,True,4c2e60b6503a18b5b074cd07dac8b62777872819df4ab4fe8f2b5910a08cbc64
run_c964f50e05f2f81c79c1,FS0_FROZEN_SOURCE_HEAD,0,FS0_FROZEN_SOURCE_HEAD,46,104729,2,0,1050,21,0.14285714285714285,0.04285714285714286,0.14666666666666667,0.048077109932179014,0.9838095238095238,0.76,,,,,True,edb6e68e1fbd2dcb221c6eb0197e401b08c1062558ee99444b5ffd908baa2122
run_099d0a0236748f343dd4,FS0_FROZEN_SOURCE_HEAD,0,FS0_FROZEN_SOURCE_HEAD,46,130363,2,0,1050,21,0.14285714285714285,0.04285714285714286,0.14666666666666667,0.048077109932179014,0.9838095238095238,0.76,,,,,True,edb6e68e1fbd2dcb221c6eb0197e401b08c1062558ee99444b5ffd908baa2122
run_6cb7f3f8bca8afa0c85e,FS0_FROZEN_SOURCE_HEAD,0,FS0_FROZEN_SOURCE_HEAD,46,155921,2,0,1050,21,0.14285714285714285,0.04285714285714286,0.14666666666666667,0.048077109932179014,0.9838095238095238,0.76,,,,,True,edb6e68e1fbd2dcb221c6eb0197e401b08c1062558ee99444b5ffd908baa2122
run_a59f268e32d6999d3207,FS0_FROZEN_SOURCE_HEAD,0,FS0_FROZEN_SOURCE_HEAD,46,181081,2,0,1050,21,0.14285714285714285,0.04285714285714286,0.14666666666666667,0.048077109932179014,0.9838095238095238,0.76,,,,,True,edb6e68e1fbd2dcb221c6eb0197e401b08c1062558ee99444b5ffd908baa2122
run_35a1960241f25b7ec372,FS0_FROZEN_SOURCE_HEAD,0,FS0_FROZEN_SOURCE_HEAD,46,205439,2,0,1050,21,0.14285714285714285,0.04285714285714286,0.14666666666666667,0.048077109932179014,0.9838095238095238,0.76,,,,,True,edb6e68e1fbd2dcb221c6eb0197e401b08c1062558ee99444b5ffd908baa2122
run_1574f4a07c1e63861f43,TARGET_ONLY_COSINE_PROTOTYPE,1,RANDOM_BLOCK,46,104729,2,7,1050,21,0.14285714285714285,0.0744297719087635,0.1419047619047619,0.07618193903249608,0.9533333333333334,0.54,0.16666666666666666,1,1,1,True,bb134bcd76f50d2152958522768332cd11ef077948e046ea2f9cbf8a2155f74a
run_0a285fc717be4c1a3431,FROZEN_ENCODER_LINEAR_HEAD_ADAPTATION,1,RANDOM_BLOCK,46,104729,2,7,1050,21,0.14285714285714285,0.11700680272108843,0.14857142857142858,0.11981284911720604,0.9742857142857143,0.8,0.16666666666666666,1,1,1,True,850ece6c7b23b424538d54bafb6f985c774f8f176e4487b8d02561b798fd40b6
run_eba51f6be75b932c655a,TARGET_ONLY_COSINE_PROTOTYPE,3,RANDOM_BLOCK,46,104729,2,21,1050,21,0.14285714285714285,0.13605442176870747,0.13904761904761906,0.13359522321650313,0.9685714285714285,0.8,0.6666666666666666,2,3,3,True,7ef1acd6890e8b572b96cd9215b642fbdd629fb4db11810ba28ab5b3cfc2b220
run_c75660b9c0dc13e3467c,FROZEN_ENCODER_LINEAR_HEAD_ADAPTATION,3,RANDOM_BLOCK,46,104729,2,21,1050,21,0.23809523809523808,0.19274376417233555,0.24952380952380954,0.20682396143938928,0.9580952380952381,0.7,0.6666666666666666,2,3,3,False,c908b4c52612923fab3348960bf8b75a97b8434234965261f3d62eb42cfa316e
run_0f8b1fb8a73f6311b0f4,TARGET_ONLY_COSINE_PROTOTYPE,3,ER_BALANCED,46,104729,2,21,1050,21,0.23809523809523808,0.20510204081632652,0.24476190476190476,0.21403902028367577,0.9704761904761904,0.74,0.75,3,2,3,True,db012add0e6d648520b75d57ab3251059fbe4e3c63c7b01b40421d1f3a378cd5
run_be101a740d743190ee6b,FROZEN_ENCODER_LINEAR_HEAD_ADAPTATION,3,ER_BALANCED,46,104729,2,21,1050,21,0.09523809523809523,0.08843537414965986,0.12476190476190477,0.12215730708265185,0.9400000000000001,0.56,0.75,3,2,3,False,e5588d9754607b545c29591d5396cf0c8680cb2a5558cee51fbb1fdf5f7076f4
run_6fba1f07d0bd18395e8a,TARGET_ONLY_COSINE_PROTOTYPE,3,SURFACE_BALANCED,46,104729,2,21,1050,21,0.047619047619047616,0.07142857142857142,0.05333333333333334,0.07555628994563757,0.9619047619047618,0.8,0.75,2,3,3,True,f124c324461d200b044d08b63d00f4894954226ee952de38b9a65541f3b4aa5b
run_0b400dfbf7354602a4c3,FROZEN_ENCODER_LINEAR_HEAD_ADAPTATION,3,SURFACE_BALANCED,46,104729,2,21,1050,21,0.23809523809523808,0.2006802721088435,0.23904761904761904,0.20121969658575997,0.9561904761904763,0.76,0.75,2,3,3,False,a69ee974693370ec509cfa0ee0a56eff42b1d7f9d2eba20f8d76ae3f9a0f3e31
run_19722f8b07502cff8c8e,TARGET_ONLY_COSINE_PROTOTYPE,3,JOINT_FACTOR_COVERAGE,46,104729,2,21,1050,21,0.047619047619047616,0.025974025974025976,0.047619047619047616,0.02475860361475613,0.9447619047619048,0.56,0.8333333333333333,3,3,3,True,9bc10f29301db9b809016e7d04779122c7889593ae61ca304a0815ca470a6f8c
run_68e2647c16b764948958,FROZEN_ENCODER_LINEAR_HEAD_ADAPTATION,3,JOINT_FACTOR_COVERAGE,46,104729,2,21,1050,21,0.19047619047619047,0.14285714285714285,0.19714285714285715,0.14897856514208666,0.9733333333333334,0.8,0.8333333333333333,3,3,3,False,5b4ee0787205f0582f64dd643d0ba01fc18f7c5abf2590445a3392895fadd368
run_0d236c803f72c224ed5b,TARGET_ONLY_COSINE_PROTOTYPE,5,RANDOM_BLOCK,46,104729,2,35,1050,21,0.047619047619047616,0.03571428571428571,0.047619047619047616,0.03553660270078181,0.9704761904761904,0.8,0.8,3,3,5,True,a00cf1cb60f9b8244bd7f1aaa694175e5d2e04607bd5b4f135b43973dd58ec5f
run_bcd0237961da1ca28362,FROZEN_ENCODER_LINEAR_HEAD_ADAPTATION,5,RANDOM_BLOCK,46,104729,2,35,1050,21,0.19047619047619047,0.18253968253968253,0.19714285714285715,0.18948371666137184,0.9647619047619048,0.76,0.8,3,3,5,True,f336612afdc1a28b1025fd9e8ecd7084a75aa969a2fbf38771682d8110b9446b
run_ecdc68d938ed1201a5a3,TARGET_ONLY_COSINE_PROTOTYPE,5,JOINT_FACTOR_COVERAGE,46,104729,2,35,1050,21,0.047619047619047616,0.03571428571428571,0.047619047619047616,0.03553660270078181,0.9704761904761904,0.8,0.8,3,3,5,True,a00cf1cb60f9b8244bd7f1aaa694175e5d2e04607bd5b4f135b43973dd58ec5f
run_3e09fbf112e7d0bcf10a,FROZEN_ENCODER_LINEAR_HEAD_ADAPTATION,5,JOINT_FACTOR_COVERAGE,46,104729,2,35,1050,21,0.19047619047619047,0.18253968253968253,0.19714285714285715,0.18948371666137184,0.9647619047619048,0.76,0.8,3,3,5,True,f336612afdc1a28b1025fd9e8ecd7084a75aa969a2fbf38771682d8110b9446b
run_6654932083701544ea30,TARGET_ONLY_COSINE_PROTOTYPE,1,RANDOM_BLOCK,46,130363,2,7,1050,21,0.047619047619047616,0.031746031746031744,0.047619047619047616,0.033889950402471745,0.9685714285714285,0.8,0.16666666666666666,1,1,1,True,3cf38dcb4e73e0f661d5207fe3c34b211646bd0af4a44d2b951722392e7b247c
run_e7f279bb11804c04ac91,FROZEN_ENCODER_LINEAR_HEAD_ADAPTATION,1,RANDOM_BLOCK,46,130363,2,7,1050,21,0.2857142857142857,0.26666666666666666,0.27904761904761904,0.26253838990364586,0.9704761904761906,0.8,0.16666666666666666,1,1,1,True,95f748455a8f2c7aff377732d91ac7148ea121fe0a8e42d495ecbedd76c92d07
run_ad2fc166050c4e13d2f9,TARGET_ONLY_COSINE_PROTOTYPE,3,RANDOM_BLOCK,46,130363,2,21,1050,21,0.047619047619047616,0.07142857142857142,0.047619047619047616,0.07125591792597709,0.9571428571428572,0.58,0.75,2,3,3,True,e2f164644a4eba0850536d1f54d2e0e7da4b045537ed9b71ba073f371ff76da7
run_fc655d4d40bc9bf598bb,FROZEN_ENCODER_LINEAR_HEAD_ADAPTATION,3,RANDOM_BLOCK,46,130363,2,21,1050,21,0.23809523809523808,0.2040816326530612,0.23809523809523808,0.20628950492067322,0.96,0.76,0.75,2,3,3,False,a88ef22a0f45974434d7191bf96f204daee13d8c397e0b40636fed34d8d764ef
run_6353e7874519e34325b1,TARGET_ONLY_COSINE_PROTOTYPE,3,ER_BALANCED,46,130363,2,21,1050,21,0.19047619047619047,0.12970521541950114,0.1895238095238095,0.13112720325582886,0.9714285714285715,0.8,0.6666666666666666,3,2,3,True,1b35cf7be2d7b3f4b18d02b962e8f896fda91c11e5e5664eaf943c4c6fb597d8
run_1681e84d8462f93c7686,FROZEN_ENCODER_LINEAR_HEAD_ADAPTATION,3,ER_BALANCED,46,130363,2,21,1050,21,0.14285714285714285,0.11111111111111109,0.15333333333333332,0.12077161641754544,0.9733333333333334,0.8,0.6666666666666666,3,2,3,False,4b5bf701d5a3387042b87043e9f1843a975061b319705e18a4b6576bc7f290e4
run_39c45de1a59d7656ac99,TARGET_ONLY_COSINE_PROTOTYPE,3,SURFACE_BALANCED,46,130363,2,21,1050,21,0.19047619047619047,0.15194805194805192,0.19333333333333333,0.15590575620735678,0.9647619047619048,0.8,0.6666666666666666,2,3,3,True,70ec713c8ee9c9a1ea440738c523dc9a07cf2dd2c42b8aed8018750e205700ae
run_3e590c4dbacd3066b625,FROZEN_ENCODER_LINEAR_HEAD_ADAPTATION,3,SURFACE_BALANCED,46,130363,2,21,1050,21,0.23809523809523808,0.2204081632653061,0.2561904761904762,0.23321090584306597,0.9380952380952381,0.62,0.6666666666666666,2,3,3,False,22633596942a6fbe53a64b6dade2740d9cba84f8225a07a9069641efcfc87fad
run_4fb07e27ba991b90b0f0,TARGET_ONLY_COSINE_PROTOTYPE,3,JOINT_FACTOR_COVERAGE,46,130363,2,21,1050,21,0.09523809523809523,0.08333333333333333,0.09333333333333334,0.0821501909166144,0.9676190476190476,0.8,0.8333333333333333,3,3,3,True,5a27318fa80feaf62f83792c04f774ddacd778d0370b545f88d9c50986859c43
run_fa8825be31f4e567e2c2,FROZEN_ENCODER_LINEAR_HEAD_ADAPTATION,3,JOINT_FACTOR_COVERAGE,46,130363,2,21,1050,21,0.14285714285714285,0.11224489795918367,0.15047619047619049,0.1228690487993981,0.9723809523809525,0.86,0.8333333333333333,3,3,3,False,497e64d281ae47dd8614b2fd080b4f4c7eef4b4fdf337dca6add3113bf6da8df
run_05e4a6bbe83ae02a4d33,TARGET_ONLY_COSINE_PROTOTYPE,5,RANDOM_BLOCK,46,130363,2,35,1050,21,0.047619047619047616,0.03571428571428571,0.047619047619047616,0.03553660270078181,0.9704761904761904,0.8,0.8,3,3,5,True,4ea0beb05fcca7c6bc6547eba58c7d8cabe621c8d14b4d269b7a4e5db8e9c845
run_c8701c80c314e77d2371,FROZEN_ENCODER_LINEAR_HEAD_ADAPTATION,5,RANDOM_BLOCK,46,130363,2,35,1050,21,0.14285714285714285,0.11111111111111112,0.14666666666666667,0.11598217034369077,0.9666666666666667,0.76,0.8,3,3,5,True,b4deb1fc5ba9201d9807a1baba80e8164399149ebada3c39cd73d57cb009c689
run_3a1dcb548eff2b8ad8a2,TARGET_ONLY_COSINE_PROTOTYPE,5,JOINT_FACTOR_COVERAGE,46,130363,2,35,1050,21,0.047619047619047616,0.03571428571428571,0.047619047619047616,0.03553660270078181,0.9704761904761904,0.8,0.8,3,3,5,True,4ea0beb05fcca7c6bc6547eba58c7d8cabe621c8d14b4d269b7a4e5db8e9c845
run_9e3ed32becd91bfb0a04,FROZEN_ENCODER_LINEAR_HEAD_ADAPTATION,5,JOINT_FACTOR_COVERAGE,46,130363,2,35,1050,21,0.14285714285714285,0.11111111111111112,0.14666666666666667,0.11598217034369077,0.9666666666666667,0.76,0.8,3,3,5,True,b4deb1fc5ba9201d9807a1baba80e8164399149ebada3c39cd73d57cb009c689
run_c818d16f309c18c96fcd,TARGET_ONLY_COSINE_PROTOTYPE,1,RANDOM_BLOCK,46,155921,2,7,1050,21,0.14285714285714285,0.08571428571428573,0.1361904761904762,0.082798833819242,0.9752380952380955,0.92,0.16666666666666666,1,1,1,True,e3b52a226e0df1a36981acfebf6b4b325b0d1d98f7ffd01fb41d5b65dc209787
run_f991bf987323f6391508,FROZEN_ENCODER_LINEAR_HEAD_ADAPTATION,1,RANDOM_BLOCK,46,155921,2,7,1050,21,0.23809523809523808,0.2114512471655329,0.22095238095238096,0.1910646674248107,0.9323809523809524,0.52,0.16666666666666666,1,1,1,False,c8f025b85b2eb488159ef59eeb35a1cb488a6ac8028989b87a3c8614c861ecc3
run_bbb81120c7dfadc9e47b,TARGET_ONLY_COSINE_PROTOTYPE,3,RANDOM_BLOCK,46,155921,2,21,1050,21,0.047619047619047616,0.031746031746031744,0.047619047619047616,0.03376854211257292,0.9609523809523809,0.7,0.6666666666666666,3,2,3,True,fb5090cc621d1e4e82982627948d1612b73d57fb1b2d2e4f6092370039b1dd78
run_9869a373dee527940b0c,FROZEN_ENCODER_LINEAR_HEAD_ADAPTATION,3,RANDOM_BLOCK,46,155921,2,21,1050,21,0.09523809523809523,0.09523809523809523,0.09523809523809523,0.09606454370561338,0.959047619047619,0.76,0.6666666666666666,3,2,3,False,a39a7111c6bc69214aeee66daa89717905b7bf4434f53f6b797e474496366971
run_7c9e56025515e31afd07,TARGET_ONLY_COSINE_PROTOTYPE,3,ER_BALANCED,46,155921,2,21,1050,21,0.19047619047619047,0.12970521541950114,0.18666666666666668,0.12756303296923202,0.9704761904761904,0.8,0.6666666666666666,3,2,3,True,dcffc1916750033b0ffb9d78e9546e27cd5a67e3a16f79ab1fc6a436982bb25b
run_e9fdbf1bc5669502f1ae,FROZEN_ENCODER_LINEAR_HEAD_ADAPTATION,3,ER_BALANCED,46,155921,2,21,1050,21,0.14285714285714285,0.11111111111111109,0.14666666666666667,0.1120289265385012,0.9742857142857143,0.8,0.6666666666666666,3,2,3,False,ab9938a00d420b50ba2ce70023103c0da9f931d45a27f16deef3b6aeb350e719
run_05ee0178f9d62a930245,TARGET_ONLY_COSINE_PROTOTYPE,3,SURFACE_BALANCED,46,155921,2,21,1050,21,0.14285714285714285,0.11190476190476188,0.14857142857142858,0.1162565326983805,0.9695238095238095,0.8,0.6666666666666666,2,3,3,True,39063969ae283e02082e71eb54bea331c8768d0fb2602e48f319933ffc7d79cf
run_8f8455f93014aa46682b,FROZEN_ENCODER_LINEAR_HEAD_ADAPTATION,3,SURFACE_BALANCED,46,155921,2,21,1050,21,0.14285714285714285,0.0992063492063492,0.1580952380952381,0.1172741469725718,0.9733333333333334,0.8,0.6666666666666666,2,3,3,False,db662f85b17277323a6344e054b7d0df2c99b6c9a591c835db8703560f0f3b2b
run_e02bf20da5c2bce940c2,TARGET_ONLY_COSINE_PROTOTYPE,3,JOINT_FACTOR_COVERAGE,46,155921,2,21,1050,21,0.09523809523809523,0.08333333333333333,0.09333333333333334,0.0821501909166144,0.9676190476190476,0.8,0.8333333333333333,3,3,3,True,5a27318fa80feaf62f83792c04f774ddacd778d0370b545f88d9c50986859c43
run_9278eb8f4bd22ead0150,FROZEN_ENCODER_LINEAR_HEAD_ADAPTATION,3,JOINT_FACTOR_COVERAGE,46,155921,2,21,1050,21,0.14285714285714285,0.11224489795918367,0.15047619047619049,0.12155219860376988,0.9609523809523809,0.74,0.8333333333333333,3,3,3,False,01593ecbd59362db77e328f32320078c86ed0b278ab829eb03999bcc8ada84b0
run_8a5e28d75b01db28cfc7,TARGET_ONLY_COSINE_PROTOTYPE,5,RANDOM_BLOCK,46,155921,2,35,1050,21,0.14285714285714285,0.1246031746031746,0.1457142857142857,0.12855420045653781,0.959047619047619,0.8,0.75,3,3,5,True,689ad52d8ecda02f15233816d602d2e33f42d0bf68d3055c1c66cc18966d67fb
run_491f4de8c4124a84cf02,FROZEN_ENCODER_LINEAR_HEAD_ADAPTATION,5,RANDOM_BLOCK,46,155921,2,35,1050,21,0.09523809523809523,0.06168831168831169,0.09904761904761905,0.06710200797119951,0.9666666666666667,0.76,0.75,3,3,5,True,de39c4426d4c3fb79caf1f7718a7c3141b8aa030ddabe5147771b356246f0066
run_7ab1325e78c8eb4b3e2e,TARGET_ONLY_COSINE_PROTOTYPE,5,JOINT_FACTOR_COVERAGE,46,155921,2,35,1050,21,0.047619047619047616,0.03571428571428571,0.047619047619047616,0.03553660270078181,0.9704761904761904,0.8,0.8,3,3,5,True,4ea0beb05fcca7c6bc6547eba58c7d8cabe621c8d14b4d269b7a4e5db8e9c845
run_48415be5aa362d329367,FROZEN_ENCODER_LINEAR_HEAD_ADAPTATION,5,JOINT_FACTOR_COVERAGE,46,155921,2,35,1050,21,0.14285714285714285,0.11111111111111112,0.14666666666666667,0.11598217034369077,0.9666666666666667,0.76,0.8,3,3,5,True,b4deb1fc5ba9201d9807a1baba80e8164399149ebada3c39cd73d57cb009c689
run_34ca9fb1c17e27ccb64a,TARGET_ONLY_COSINE_PROTOTYPE,1,RANDOM_BLOCK,46,181081,2,7,1050,21,0.19047619047619047,0.1448051948051948,0.2019047619047619,0.15723008666730717,0.9561904761904763,0.76,0.16666666666666666,1,1,1,True,384f980556bf0de068e188453356edd9ab8c17a3078f1c51a2de09efa890ae51
run_b192dbb0af3b68cf60e6,FROZEN_ENCODER_LINEAR_HEAD_ADAPTATION,1,RANDOM_BLOCK,46,181081,2,7,1050,21,0.2857142857142857,0.23174603174603176,0.2838095238095238,0.2316833519615669,0.9638095238095239,0.8,0.16666666666666666,1,1,1,True,a018719d61aea2b6867c5294a7215007fb42cc591f3c7c509380535362ea71e1
run_df7d1fccfa772ea341d1,TARGET_ONLY_COSINE_PROTOTYPE,3,RANDOM_BLOCK,46,181081,2,21,1050,21,0.23809523809523808,0.20510204081632652,0.24476190476190476,0.21403902028367577,0.9704761904761904,0.74,0.75,3,2,3,True,db012add0e6d648520b75d57ab3251059fbe4e3c63c7b01b40421d1f3a378cd5
run_dd5affe08e4042c1eeda,FROZEN_ENCODER_LINEAR_HEAD_ADAPTATION,3,RANDOM_BLOCK,46,181081,2,21,1050,21,0.09523809523809523,0.08843537414965986,0.12476190476190477,0.12247578900757287,0.9428571428571428,0.56,0.75,3,2,3,False,6dc4084ff5a4d0231b504cafeb7b70a9d6fac3d161b1df541bc7656abbf7097b
run_98ef4a54b23e3e85a680,TARGET_ONLY_COSINE_PROTOTYPE,3,ER_BALANCED,46,181081,2,21,1050,21,0.0,0.0,0.0,0.0,0.9580952380952381,0.72,0.6666666666666666,3,2,3,True,46aba80431e625f9dff13ab89a02c08a9a967d6decdb7f7f1dedabadfe49c19c
run_75a8113359b631187038,FROZEN_ENCODER_LINEAR_HEAD_ADAPTATION,3,ER_BALANCED,46,181081,2,21,1050,21,0.23809523809523808,0.23333333333333334,0.23333333333333334,0.2275487602645439,0.9723809523809525,0.8,0.6666666666666666,3,2,3,False,250dd69e94a4fc05157f1be37b691f2990262929f0e9e3d60c04508ff6749b97
run_3c4e5f69c7528c5849c0,TARGET_ONLY_COSINE_PROTOTYPE,3,SURFACE_BALANCED,46,181081,2,21,1050,21,0.09523809523809523,0.08333333333333333,0.09428571428571429,0.09096989569754214,0.940952380952381,0.7,0.75,2,3,3,True,29810670647292e6ce8cb6d41022b7bf7f1c052db55756bd008c9d5778ccc727
run_483383542888079969df,FROZEN_ENCODER_LINEAR_HEAD_ADAPTATION,3,SURFACE_BALANCED,46,181081,2,21,1050,21,0.09523809523809523,0.08333333333333333,0.11619047619047619,0.10493404361702045,0.9361904761904762,0.54,0.75,2,3,3,False,9b4e6d608ddf4e5ede68346499a46a344b7176a5723fddd2fbd104fb1f69aec3
run_e199216371d86b67cee9,TARGET_ONLY_COSINE_PROTOTYPE,3,JOINT_FACTOR_COVERAGE,46,181081,2,21,1050,21,0.09523809523809523,0.08333333333333333,0.09333333333333334,0.0821501909166144,0.9676190476190476,0.8,0.8333333333333333,3,3,3,True,05d4435a7be996850da5dd9bcbb10618b62c55c122f3f271484d2c883ca508a7
run_52ae9717814f89813fd1,FROZEN_ENCODER_LINEAR_HEAD_ADAPTATION,3,JOINT_FACTOR_COVERAGE,46,181081,2,21,1050,21,0.09523809523809523,0.07142857142857142,0.10666666666666667,0.08470277655558901,0.9657142857142857,0.78,0.8333333333333333,3,3,3,False,0c85663e96628e76e503e6f09a5a6f020812ab3a4056ec5e79b4ed4d65fad04d
run_a5beee0e109603ab51ce,TARGET_ONLY_COSINE_PROTOTYPE,5,RANDOM_BLOCK,46,181081,2,35,1050,21,0.0,0.0,0.0,0.0,0.9704761904761904,0.8,0.775,3,3,5,True,de023de8612da56297fe57a01a05741272ab864025fb79df9408370862bb1bef
run_5b2a72a98785cdf67061,FROZEN_ENCODER_LINEAR_HEAD_ADAPTATION,5,RANDOM_BLOCK,46,181081,2,35,1050,21,0.09523809523809523,0.09740259740259741,0.0980952380952381,0.10038939102038458,0.9342857142857142,0.52,0.775,3,3,5,True,551890eb22a9ec745ccd8bc7169b49ee8520a92fd372708d4ad198b517a81dd8
run_b7b5429206cec5e35e50,TARGET_ONLY_COSINE_PROTOTYPE,5,JOINT_FACTOR_COVERAGE,46,181081,2,35,1050,21,0.09523809523809523,0.08843537414965986,0.09523809523809523,0.08836272423228946,0.9704761904761904,0.8,0.8,3,3,5,True,626c5e38992d707ace2196fffad866f4a25b5626f11b7aa9dc717ad37f386994
run_35153f84e657fb0be8e8,FROZEN_ENCODER_LINEAR_HEAD_ADAPTATION,5,JOINT_FACTOR_COVERAGE,46,181081,2,35,1050,21,0.09523809523809523,0.06746031746031746,0.11047619047619048,0.08406545591832769,0.9533333333333335,0.76,0.8,3,3,5,True,0834097a332efe763189b02597d4bb93f695ae2bd92e2dbb751c3951122c921e
run_2805161a2ee922fc3b85,TARGET_ONLY_COSINE_PROTOTYPE,1,RANDOM_BLOCK,46,205439,2,7,1050,21,0.19047619047619047,0.1448051948051948,0.2019047619047619,0.15723008666730717,0.9561904761904763,0.76,0.16666666666666666,1,1,1,True,384f980556bf0de068e188453356edd9ab8c17a3078f1c51a2de09efa890ae51
run_00b6daf3739b71de3b5c,FROZEN_ENCODER_LINEAR_HEAD_ADAPTATION,1,RANDOM_BLOCK,46,205439,2,7,1050,21,0.2857142857142857,0.23174603174603176,0.28095238095238095,0.2305629369179248,0.9609523809523809,0.76,0.16666666666666666,1,1,1,True,683c4ade42703b6a912e79f8a2fb89149c84d7b36e6869cc5d6996959a0167a8
run_7f282f43dcc837c6e1af,TARGET_ONLY_COSINE_PROTOTYPE,3,RANDOM_BLOCK,46,205439,2,21,1050,21,0.19047619047619047,0.13239141810570382,0.1895238095238095,0.1343618403887747,0.9666666666666667,0.7,0.5,2,2,3,True,a5edf1dbb16a5bf7384dd9a474cd0eaf504031e8ee4c98092bb72e1cc3a2b195
run_1abf9804927bb1ee818b,FROZEN_ENCODER_LINEAR_HEAD_ADAPTATION,3,RANDOM_BLOCK,46,205439,2,21,1050,21,0.09523809523809523,0.06462585034013604,0.12,0.09212020867826684,0.959047619047619,0.68,0.5,2,2,3,False,60bffea83d5973965f803358cab2cf19655c398a30bdbf4e5ea92e28cbb4d9e8
run_6de48ce698d57b160610,TARGET_ONLY_COSINE_PROTOTYPE,3,ER_BALANCED,46,205439,2,21,1050,21,0.047619047619047616,0.028571428571428574,0.04380952380952381,0.026713124274099883,0.9714285714285715,0.86,0.6666666666666666,3,2,3,True,7053cdce282cad321ab123d1e596eda833581691a4ad5711e2f76fa07f9872cf
run_2e7ac7a2173a72d1611d,FROZEN_ENCODER_LINEAR_HEAD_ADAPTATION,3,ER_BALANCED,46,205439,2,21,1050,21,0.14285714285714285,0.1173469387755102,0.15619047619047619,0.1324642554334022,0.9533333333333334,0.7,0.6666666666666666,3,2,3,False,f261770cc9a551f64ba8ee90f18b57a43eafcbe5dc1cf90a54ee2df189b20257
run_a6ab1cc810d7c5925c71,TARGET_ONLY_COSINE_PROTOTYPE,3,SURFACE_BALANCED,46,205439,2,21,1050,21,0.14285714285714285,0.08843537414965986,0.14,0.09100394399115211,0.96,0.7,0.6666666666666666,2,3,3,True,82bd2bd89cce9236de463a24355882d472c18e4f67cc330c59eb23efe325ccaa
run_a550edfb47b264ea97cf,FROZEN_ENCODER_LINEAR_HEAD_ADAPTATION,3,SURFACE_BALANCED,46,205439,2,21,1050,21,0.14285714285714285,0.12925170068027209,0.14476190476190476,0.13103898033558334,0.9600000000000002,0.76,0.6666666666666666,2,3,3,False,94cc57bd235bc6485a47e9d1a94ab6e7f3adbd6b59767a71352cdf8ea99d1197
run_169986c30e5a2ac66076,TARGET_ONLY_COSINE_PROTOTYPE,3,JOINT_FACTOR_COVERAGE,46,205439,2,21,1050,21,0.09523809523809523,0.07359307359307359,0.0980952380952381,0.0747350298288061,0.9447619047619048,0.56,0.8333333333333333,3,3,3,True,5cee7393dc63771eb89106f223070ccc87383e341018c1423c5fa5bee2aff03b
run_b26566c27bcf72671989,FROZEN_ENCODER_LINEAR_HEAD_ADAPTATION,3,JOINT_FACTOR_COVERAGE,46,205439,2,21,1050,21,0.23809523809523808,0.21020408163265308,0.2438095238095238,0.2158425062418972,0.9733333333333334,0.8,0.8333333333333333,3,3,3,False,172733ed661ac888478f626cac414d025c170915376d87022a637eee9877ef12
run_3197b364b92355c19509,TARGET_ONLY_COSINE_PROTOTYPE,5,RANDOM_BLOCK,46,205439,2,35,1050,21,0.14285714285714285,0.08843537414965986,0.1457142857142857,0.0916415577473348,0.9666666666666667,0.8,0.775,3,3,5,True,82eb0b841410e6482855f1877f61c1632ea507e7824308477da8e5dc3ed9e0a6
run_fb439176a9c5faeb4225,FROZEN_ENCODER_LINEAR_HEAD_ADAPTATION,5,RANDOM_BLOCK,46,205439,2,35,1050,21,0.14285714285714285,0.12414965986394558,0.14095238095238094,0.12239227572101219,0.9685714285714285,0.86,0.775,3,3,5,True,de49d659eae9ad857c876a1664ddd1a478255d9faa841d25d02027bea42d3934
run_16d8eace97e241b7e3c7,TARGET_ONLY_COSINE_PROTOTYPE,5,JOINT_FACTOR_COVERAGE,46,205439,2,35,1050,21,0.047619047619047616,0.03571428571428571,0.029523809523809525,0.023125699365908244,0.9523809523809523,0.62,0.8,3,3,5,True,0c8e25c95d95af03c45acd3ebe144e8b40eee44952324035e71eb592e5555d47
run_7b9452b9e67f3cb8c54d,FROZEN_ENCODER_LINEAR_HEAD_ADAPTATION,5,JOINT_FACTOR_COVERAGE,46,205439,2,35,1050,21,0.14285714285714285,0.11111111111111112,0.14952380952380953,0.11833263494903187,0.9666666666666667,0.76,0.8,3,3,5,True,fc80a5fd757772e11e8ff9a65460f15917fadd5d138cd13328f0fc9c07d42049
