method,budget,strategy,source_seed,support_seed,oof_blocks,oof_rows,block_accuracy,block_macro_f1,row_accuracy,row_macro_f1,mean_within_block_agreement,inference_unit,interpretation_valid,block_confusion_matrix,row_confusion_matrix,support_seed_variance,source_checkpoint_variance
FROZEN_ENCODER_LINEAR_HEAD_ADAPTATION,1,RANDOM_BLOCK,42,104729,63,3150,0.1746031746031746,0.17221307079103743,0.17492063492063492,0.1718105010641287,0.9720634920634919,condition_block,True,"[[2,0,1,1,1,1,3],[0,1,3,4,0,0,1],[0,0,2,1,1,2,3],[2,1,1,1,1,0,3],[2,0,2,2,1,1,1],[1,0,1,4,1,1,1],[3,0,1,1,0,1,3]]","[[96,1,57,53,46,50,147],[1,47,150,200,0,3,49],[7,4,100,50,62,100,127],[109,57,38,55,52,0,139],[100,0,100,104,49,47,50],[53,0,50,193,50,54,50],[150,0,51,49,0,50,150]]",0.0007972236094957889,0.0009100063281101021
FROZEN_ENCODER_LINEAR_HEAD_ADAPTATION,1,RANDOM_BLOCK,42,130363,63,3150,0.20634920634920634,0.19116342189049534,0.2165079365079365,0.20429621582932192,0.9549206349206348,condition_block,False,"[[2,0,1,0,1,2,3],[0,3,3,2,0,0,1],[2,0,2,3,0,2,0],[1,3,1,1,0,2,1],[0,4,0,2,0,2,1],[2,1,0,1,0,4,1],[0,1,0,5,0,2,1]]","[[96,13,53,0,41,100,147],[1,147,149,101,0,3,49],[78,0,104,143,19,100,6],[51,159,52,74,0,64,50],[0,186,4,110,12,88,50],[102,50,0,51,1,199,47],[0,43,2,246,0,109,50]]",0.0007972236094957889,0.0009100063281101021
FROZEN_ENCODER_LINEAR_HEAD_ADAPTATION,1,RANDOM_BLOCK,42,155921,63,3150,0.12698412698412698,0.12272909163665466,0.12984126984126984,0.12619004715111856,0.9704761904761905,condition_block,True,"[[2,0,1,1,2,1,2],[0,1,4,3,0,0,1],[0,2,1,1,1,2,2],[2,1,1,0,2,0,3],[2,2,2,0,1,1,1],[2,0,1,2,2,1,1],[3,2,1,0,0,1,2]]","[[93,1,60,50,96,50,100],[1,50,194,150,0,6,49],[1,86,56,50,65,100,92],[109,57,38,6,101,0,139],[104,97,100,0,52,47,50],[103,1,50,97,96,53,50],[150,101,50,0,0,50,99]]",0.0007972236094957889,0.0009100063281101021
FROZEN_ENCODER_LINEAR_HEAD_ADAPTATION,1,RANDOM_BLOCK,42,181081,63,3150,0.07936507936507936,0.08055303092897077,0.08761904761904762,0.08824803152598583,0.9660317460317459,condition_block,False,"[[1,1,1,1,0,5,0],[1,0,1,2,2,3,0],[2,1,0,3,0,2,1],[2,0,0,1,1,5,0],[1,0,0,4,1,2,1],[1,1,0,6,0,1,0],[2,0,1,4,0,1,1]]","[[50,50,50,47,1,252,0],[50,5,50,101,75,145,24],[93,56,6,136,9,100,50],[100,3,0,59,48,237,3],[54,0,0,196,49,101,50],[50,50,0,293,0,57,0],[97,1,49,200,1,52,50]]",0.0007972236094957889,0.0009100063281101021
FROZEN_ENCODER_LINEAR_HEAD_ADAPTATION,1,RANDOM_BLOCK,42,205439,63,3150,0.06349206349206349,0.05143597820943359,0.07428571428571429,0.060911569542219275,0.9625396825396826,condition_block,False,"[[1,1,1,1,1,3,1],[1,0,1,1,1,3,2],[2,1,0,1,0,4,1],[2,0,0,1,1,3,2],[2,0,0,3,0,1,3],[3,1,0,4,0,1,0],[2,0,1,3,0,2,1]]","[[50,60,50,47,40,153,50],[52,4,50,50,50,146,98],[99,56,0,35,10,200,50],[109,4,0,49,48,150,90],[94,0,0,152,3,55,146],[125,49,0,198,0,78,0],[97,1,49,150,1,102,50]]",0.0007972236094957889,0.0009100063281101021
FROZEN_ENCODER_LINEAR_HEAD_ADAPTATION,1,RANDOM_BLOCK,43,104729,63,3150,0.15873015873015872,0.1427757427757428,0.16634920634920636,0.14919839122156012,0.9695238095238095,condition_block,True,"[[0,0,1,3,1,0,4],[1,0,2,4,0,1,1],[2,0,3,1,0,1,2],[1,1,0,2,1,1,3],[0,0,2,3,1,1,2],[0,1,0,4,1,1,2],[3,0,1,1,0,1,3]]","[[0,8,50,150,56,0,186],[50,4,99,195,1,51,50],[92,13,150,50,4,51,90],[50,37,6,120,50,44,143],[4,0,100,151,49,46,100],[1,49,1,197,50,52,100],[150,0,51,50,0,50,149]]",0.0007972236094957889,0.0009100063281101021
FROZEN_ENCODER_LINEAR_HEAD_ADAPTATION,1,RANDOM_BLOCK,43,130363,63,3150,0.14285714285714285,0.12501556178026768,0.14317460317460318,0.12472534490120178,0.9793650793650793,condition_block,True,"[[0,0,3,1,0,2,3],[1,2,2,2,0,1,1],[1,1,2,4,0,1,0],[0,1,4,2,0,1,1],[1,2,1,3,0,1,1],[0,1,0,3,1,1,3],[0,1,3,3,0,0,2]]","[[0,13,150,53,0,97,137],[50,97,100,101,0,52,50],[50,56,107,187,0,50,0],[1,54,194,98,6,47,50],[50,100,50,150,0,50,50],[0,52,1,150,46,50,151],[0,49,151,150,0,1,99]]",0.0007972236094957889,0.0009100063281101021
FROZEN_ENCODER_LINEAR_HEAD_ADAPTATION,1,RANDOM_BLOCK,43,155921,63,3150,0.19047619047619047,0.18931623931623934,0.1892063492063492,0.18797631341950893,0.9723809523809525,condition_block,True,"[[1,0,0,1,3,0,4],[1,1,1,2,2,1,1],[2,0,3,0,1,1,2],[1,1,0,1,2,1,3],[0,0,2,1,2,2,2],[0,2,0,2,2,1,2],[4,1,0,0,0,1,3]]","[[47,8,3,50,153,3,186],[50,55,49,99,96,51,50],[95,1,150,0,69,51,84],[50,54,10,47,100,44,145],[5,0,100,53,96,96,100],[1,101,0,98,98,52,100],[200,50,1,0,0,50,149]]",0.0007972236094957889,0.0009100063281101021
FROZEN_ENCODER_LINEAR_HEAD_ADAPTATION,1,RANDOM_BLOCK,43,181081,63,3150,0.12698412698412698,0.12524851837968387,0.1253968253968254,0.12404768213519099,0.9612698412698413,condition_block,True,"[[2,0,2,1,1,3,0],[2,1,2,1,2,1,0],[3,0,2,1,0,2,1],[2,0,4,1,0,1,1],[1,0,1,2,0,2,3],[2,1,0,4,1,0,1],[2,0,1,2,0,2,2]]","[[100,4,100,47,50,149,0],[76,52,106,51,89,51,25],[128,0,109,55,3,105,50],[100,4,211,29,0,56,50],[56,0,50,100,0,101,143],[99,37,1,211,46,6,50],[101,1,49,100,0,100,99]]",0.0007972236094957889,0.0009100063281101021
FROZEN_ENCODER_LINEAR_HEAD_ADAPTATION,1,RANDOM_BLOCK,43,205439,63,3150,0.12698412698412698,0.12570387006477232,0.13111111111111112,0.12811953361635894,0.9526984126984126,condition_block,True,"[[1,0,2,2,1,1,2],[2,1,2,1,1,2,0],[3,0,2,1,0,2,1],[2,1,3,1,0,1,1],[2,0,0,2,0,2,3],[1,0,0,5,1,1,1],[2,0,1,1,0,3,2]]","[[50,10,100,97,26,77,90],[76,52,106,50,40,101,25],[128,6,109,55,3,99,50],[100,50,150,47,6,47,50],[100,0,0,106,0,101,143],[30,0,1,247,46,55,71],[100,1,49,50,0,150,100]]",0.0007972236094957889,0.0009100063281101021
FROZEN_ENCODER_LINEAR_HEAD_ADAPTATION,1,RANDOM_BLOCK,44,104729,63,3150,0.12698412698412698,0.11847462061747775,0.13015873015873017,0.12203337154545746,0.9755555555555555,condition_block,True,"[[0,1,0,3,4,0,1],[0,0,4,4,0,0,1],[1,1,2,0,1,2,2],[1,0,1,2,1,0,4],[1,1,2,2,1,1,1],[2,1,0,4,0,1,1],[4,0,2,1,0,0,2]]","[[0,54,10,150,186,0,50],[1,4,199,189,0,7,50],[50,50,100,0,51,100,99],[50,4,49,103,65,6,173],[51,50,100,100,52,47,50],[100,50,0,200,3,50,47],[197,0,100,49,0,3,101]]",0.0007972236094957889,0.0009100063281101021
FROZEN_ENCODER_LINEAR_HEAD_ADAPTATION,1,RANDOM_BLOCK,44,130363,63,3150,0.1746031746031746,0.16237259816207184,0.17142857142857143,0.15887118137947834,0.9784126984126983,condition_block,True,"[[0,0,4,0,1,3,1],[0,3,2,2,0,0,2],[0,1,1,3,1,2,1],[0,2,2,2,0,2,1],[1,2,0,2,1,2,1],[0,1,0,4,1,2,1],[0,1,1,3,1,1,2]]","[[0,16,190,0,50,144,50],[1,143,100,100,0,6,100],[3,50,51,150,47,100,49],[0,99,96,98,1,106,50],[43,96,4,107,49,101,50],[0,50,0,198,46,106,50],[0,55,51,150,51,50,93]]",0.0007972236094957889,0.0009100063281101021
FROZEN_ENCODER_LINEAR_HEAD_ADAPTATION,1,RANDOM_BLOCK,44,155921,63,3150,0.12698412698412698,0.1266635325458855,0.1349206349206349,0.13471057084549548,0.9647619047619048,condition_block,True,"[[0,2,1,0,5,0,1],[0,1,5,2,0,0,1],[1,1,2,0,1,1,3],[1,1,1,1,1,1,3],[1,1,3,0,1,2,1],[3,1,0,1,2,1,1],[4,1,1,0,1,0,2]]","[[17,101,63,0,219,0,50],[1,51,249,99,0,0,50],[53,50,100,0,63,50,134],[50,61,49,47,77,44,122],[50,50,147,0,56,97,50],[150,50,0,51,99,53,47],[197,49,50,0,50,3,101]]",0.0007972236094957889,0.0009100063281101021
FROZEN_ENCODER_LINEAR_HEAD_ADAPTATION,1,RANDOM_BLOCK,44,181081,63,3150,0.12698412698412698,0.11585434173669469,0.1292063492063492,0.11700280925643604,0.9752380952380951,condition_block,True,"[[0,1,0,2,3,1,2],[1,2,0,1,0,3,2],[2,1,0,0,0,4,2],[0,0,0,2,3,2,2],[1,1,1,2,1,2,1],[0,1,0,5,0,2,1],[2,0,0,3,1,2,1]]","[[0,53,1,100,137,59,100],[51,103,0,50,0,147,99],[93,51,0,13,6,205,82],[0,3,0,101,147,103,96],[43,50,50,107,49,101,50],[0,50,0,244,0,105,51],[97,1,0,150,51,102,49]]",0.0007972236094957889,0.0009100063281101021
FROZEN_ENCODER_LINEAR_HEAD_ADAPTATION,1,RANDOM_BLOCK,44,205439,63,3150,0.12698412698412698,0.11047281788969769,0.12825396825396826,0.11112427854410463,0.9793650793650793,condition_block,True,"[[0,2,0,2,3,1,1],[1,1,1,2,0,3,1],[2,1,0,1,0,3,2],[0,1,0,3,3,1,1],[1,1,1,2,1,2,1],[2,0,0,4,0,2,1],[2,0,0,3,1,2,1]]","[[0,103,0,100,147,50,50],[51,53,49,100,0,147,50],[98,51,0,63,6,150,82],[0,52,0,151,147,50,50],[43,50,50,107,46,104,50],[94,0,0,200,0,105,51],[109,1,1,150,50,90,49]]",0.0007972236094957889,0.0009100063281101021
FROZEN_ENCODER_LINEAR_HEAD_ADAPTATION,1,RANDOM_BLOCK,45,104729,63,3150,0.1111111111111111,0.10743066457352171,0.11492063492063492,0.11084490644728859,0.9707936507936508,condition_block,True,"[[0,1,1,0,2,0,5],[1,1,3,2,0,0,2],[4,0,2,1,0,1,1],[2,2,1,1,0,0,3],[2,0,2,3,1,0,1],[1,0,1,3,1,0,3],[4,0,2,1,0,0,2]]","[[0,50,64,3,96,0,237],[51,50,150,90,0,10,99],[184,0,107,50,0,50,59],[98,99,41,54,12,0,146],[101,0,96,150,50,0,53],[53,1,50,149,47,1,149],[200,0,100,49,0,1,100]]",0.0007972236094957889,0.0009100063281101021
FROZEN_ENCODER_LINEAR_HEAD_ADAPTATION,1,RANDOM_BLOCK,45,130363,63,3150,0.1111111111111111,0.11749433106575961,0.1165079365079365,0.12173885179702885,0.9714285714285713,condition_block,True,"[[1,1,1,0,0,3,3],[0,2,1,1,0,3,2],[1,0,1,1,1,3,2],[2,1,2,0,0,2,2],[1,2,0,2,1,2,1],[2,1,0,4,0,1,1],[0,2,1,2,1,2,1]]","[[47,57,50,0,0,150,146],[0,95,50,52,0,153,100],[44,0,54,50,54,150,98],[99,50,85,7,1,103,105],[48,96,3,107,46,100,50],[100,50,0,198,0,58,44],[0,88,51,100,51,100,60]]",0.0007972236094957889,0.0009100063281101021
FROZEN_ENCODER_LINEAR_HEAD_ADAPTATION,1,RANDOM_BLOCK,45,155921,63,3150,0.12698412698412698,0.12870661084946802,0.12698412698412698,0.1267797000410051,0.9723809523809523,condition_block,True,"[[0,1,3,0,3,0,2],[1,2,4,0,0,0,2],[5,0,3,0,0,1,0],[2,1,3,1,0,0,2],[2,0,3,1,1,1,1],[2,0,1,2,3,0,1],[4,0,2,1,0,1,1]]","[[0,50,154,0,146,0,100],[51,90,210,0,0,0,99],[228,9,157,0,0,50,6],[98,53,140,50,13,0,96],[104,0,143,53,50,50,50],[103,1,51,96,143,3,53],[200,0,100,50,0,50,50]]",0.0007972236094957889,0.0009100063281101021
FROZEN_ENCODER_LINEAR_HEAD_ADAPTATION,1,RANDOM_BLOCK,45,181081,63,3150,0.12698412698412698,0.13194647875099003,0.12031746031746032,0.12289210445237732,0.963174603174603,condition_block,True,"[[1,1,2,1,1,2,1],[1,1,2,2,0,2,1],[1,0,3,3,0,2,0],[2,1,3,0,1,1,1],[1,1,1,1,1,1,3],[1,1,1,5,0,1,0],[2,0,1,4,0,1,1]]","[[47,50,104,47,43,109,50],[51,49,109,101,1,90,49],[49,0,132,162,1,100,6],[97,50,150,13,49,41,50],[62,50,50,63,32,51,142],[50,50,47,246,0,57,0],[97,0,50,200,1,53,49]]",0.0007972236094957889,0.0009100063281101021
FROZEN_ENCODER_LINEAR_HEAD_ADAPTATION,1,RANDOM_BLOCK,45,205439,63,3150,0.12698412698412698,0.13056542775212854,0.1180952380952381,0.11956431470077408,0.9650793650793649,condition_block,True,"[[1,1,2,1,1,1,2],[1,1,2,1,0,3,1],[3,0,3,0,0,3,0],[3,1,4,0,0,0,1],[1,0,1,1,1,2,3],[2,0,1,5,0,1,0],[3,0,1,3,0,1,1]]","[[47,60,100,47,43,53,100],[52,49,109,50,1,140,49],[148,0,135,10,1,150,6],[159,47,185,3,3,3,50],[69,0,50,56,32,101,142],[100,1,47,245,0,57,0],[147,0,50,150,1,53,49]]",0.0007972236094957889,0.0009100063281101021
FROZEN_ENCODER_LINEAR_HEAD_ADAPTATION,1,RANDOM_BLOCK,46,104729,63,3150,0.15873015873015872,0.15865757430974822,0.15873015873015872,0.15774974242431927,0.9615873015873014,condition_block,True,"[[0,1,1,3,1,1,2],[0,1,4,2,0,1,1],[2,0,2,1,0,1,3],[1,1,2,2,0,0,3],[0,0,2,3,2,0,2],[1,0,1,4,1,1,1],[2,1,1,1,0,2,2]]","[[0,50,54,150,50,50,96],[1,49,175,91,3,57,74],[100,1,100,50,1,50,148],[50,53,65,103,18,0,161],[1,0,100,151,98,1,99],[56,0,50,200,44,50,50],[100,50,51,56,0,93,100]]",0.0007972236094957889,0.0009100063281101021
FROZEN_ENCODER_LINEAR_HEAD_ADAPTATION,1,RANDOM_BLOCK,46,130363,63,3150,0.1746031746031746,0.1683833209397119,0.17238095238095238,0.1654741356741689,0.9790476190476189,condition_block,True,"[[0,0,4,1,0,3,1],[0,2,2,2,1,1,1],[1,1,1,2,1,2,1],[1,0,3,1,0,2,2],[0,2,0,2,1,3,1],[0,0,0,4,1,3,1],[0,0,1,3,0,2,3]]","[[3,7,196,47,0,147,50],[0,90,105,102,49,54,50],[47,50,50,99,51,107,46],[50,4,155,51,0,97,93],[4,96,0,100,46,154,50],[0,0,0,200,46,154,50],[0,0,51,150,0,100,149]]",0.0007972236094957889,0.0009100063281101021
FROZEN_ENCODER_LINEAR_HEAD_ADAPTATION,1,RANDOM_BLOCK,46,155921,63,3150,0.19047619047619047,0.18595271025150067,0.18285714285714286,0.17605163161154153,0.957142857142857,condition_block,False,"[[1,1,1,0,3,1,2],[0,1,6,1,0,0,1],[2,0,2,0,0,1,4],[1,0,3,1,1,0,3],[0,0,2,1,4,1,1],[1,2,1,1,2,1,1],[2,3,1,0,0,1,2]]","[[26,71,63,0,150,50,90],[1,49,280,51,7,0,62],[103,1,100,0,10,50,186],[50,3,115,50,75,0,157],[1,0,100,50,198,51,50],[56,99,50,50,92,53,50],[100,143,50,0,0,57,100]]",0.0007972236094957889,0.0009100063281101021
FROZEN_ENCODER_LINEAR_HEAD_ADAPTATION,1,RANDOM_BLOCK,46,181081,63,3150,0.19047619047619047,0.18163433058169898,0.18285714285714286,0.1732572222278506,0.9730158730158731,condition_block,True,"[[1,0,0,3,1,3,1],[1,1,0,2,1,4,0],[1,1,2,3,0,2,0],[2,0,1,4,0,1,1],[1,0,1,3,0,2,2],[2,0,0,3,1,2,1],[2,0,0,3,0,2,2]]","[[50,0,13,144,40,153,50],[52,54,6,100,49,188,1],[68,50,81,148,0,100,3],[97,3,52,189,9,50,50],[50,0,50,150,0,104,96],[99,1,0,151,46,103,50],[97,1,1,150,0,102,99]]",0.0007972236094957889,0.0009100063281101021
FROZEN_ENCODER_LINEAR_HEAD_ADAPTATION,1,RANDOM_BLOCK,46,205439,63,3150,0.15873015873015872,0.1564543345942496,0.15936507936507938,0.15707266142507043,0.9653968253968253,condition_block,True,"[[1,1,0,3,0,2,2],[1,2,0,1,1,3,1],[2,1,1,1,0,3,1],[3,1,0,3,0,1,1],[1,0,0,2,0,3,3],[2,0,0,3,1,2,1],[5,0,0,1,0,2,1]]","[[50,44,9,144,0,103,100],[52,103,6,50,49,164,26],[100,50,50,47,0,150,53],[142,46,3,147,12,50,50],[50,0,4,100,0,154,142],[109,0,0,142,46,103,50],[247,1,1,50,0,102,49]]",0.0007972236094957889,0.0009100063281101021
FROZEN_ENCODER_LINEAR_HEAD_ADAPTATION,3,ER_BALANCED,42,104729,63,3150,0.14285714285714285,0.14695351824940503,0.1457142857142857,0.14752425612151146,0.9625396825396825,condition_block,False,"[[1,0,2,0,1,3,2],[0,2,2,2,1,1,1],[2,0,2,1,0,3,1],[2,2,1,0,1,1,2],[1,0,2,2,2,1,1],[2,2,0,2,2,1,0],[2,1,1,2,0,2,1]]","[[46,7,101,0,56,143,97],[1,97,103,100,50,50,49],[92,7,106,49,13,151,32],[96,111,50,12,50,38,93],[48,21,104,88,92,47,50],[99,100,3,96,95,56,1],[99,53,49,100,0,99,50]]",0.0005970944335326672,0.0006574374117234588
FROZEN_ENCODER_LINEAR_HEAD_ADAPTATION,3,ER_BALANCED,42,130363,63,3150,0.15873015873015872,0.1572762438308657,0.16253968253968254,0.16149147581771395,0.9657142857142856,condition_block,False,"[[1,0,2,0,1,2,3],[0,2,2,1,1,2,1],[2,0,2,0,0,3,2],[1,2,1,0,1,1,3],[0,2,1,2,2,1,1],[2,2,0,1,3,1,0],[2,0,1,3,0,1,2]]","[[49,14,100,0,40,100,147],[1,97,103,50,50,100,49],[98,4,100,1,16,150,81],[50,114,47,12,50,38,139],[5,93,54,103,98,47,50],[108,100,0,51,134,57,0],[99,0,52,150,0,50,99]]",0.0005970944335326672,0.0006574374117234588
FROZEN_ENCODER_LINEAR_HEAD_ADAPTATION,3,ER_BALANCED,42,155921,63,3150,0.12698412698412698,0.12781476226854377,0.13015873015873017,0.13058551670641813,0.9707936507936508,condition_block,False,"[[1,1,2,0,1,1,3],[1,2,1,2,1,1,1],[2,0,1,2,0,2,2],[2,1,0,0,2,1,3],[2,1,2,1,1,1,1],[2,2,0,1,2,1,1],[2,0,1,3,0,1,2]]","[[49,64,100,0,40,50,147],[51,100,50,100,50,50,49],[93,4,50,99,22,100,82],[97,67,0,12,97,38,139],[104,47,100,53,46,50,50],[106,100,0,47,96,54,47],[99,1,50,150,0,51,99]]",0.0005970944335326672,0.0006574374117234588
FROZEN_ENCODER_LINEAR_HEAD_ADAPTATION,3,ER_BALANCED,42,181081,63,3150,0.14285714285714285,0.13594843734595288,0.14317460317460318,0.13629517384304848,0.9765079365079363,condition_block,False,"[[1,1,2,0,1,2,2],[1,3,1,2,0,0,2],[3,0,1,1,0,3,1],[2,2,0,0,1,1,3],[2,2,2,0,1,1,1],[3,2,0,1,2,1,0],[2,2,1,1,0,1,2]]","[[46,67,100,0,40,100,97],[51,150,50,100,1,0,98],[131,4,50,49,16,150,50],[97,109,0,3,49,50,142],[104,97,100,3,49,47,50],[153,99,0,48,96,54,0],[100,99,51,50,0,51,99]]",0.0005970944335326672,0.0006574374117234588
FROZEN_ENCODER_LINEAR_HEAD_ADAPTATION,3,ER_BALANCED,42,205439,63,3150,0.14285714285714285,0.14599126363832246,0.146984126984127,0.14845598322406256,0.973015873015873,condition_block,False,"[[1,0,1,0,2,3,2],[0,2,2,2,1,1,1],[2,0,2,2,0,2,1],[1,3,2,0,0,1,2],[2,1,1,2,1,1,1],[1,2,0,4,0,2,0],[2,1,0,2,0,3,1]]","[[46,5,53,3,96,150,97],[1,97,100,100,50,53,49],[93,4,106,100,15,100,32],[50,160,96,12,1,38,93],[100,49,54,100,46,51,50],[50,100,0,193,1,106,0],[99,52,0,100,0,149,50]]",0.0005970944335326672,0.0006574374117234588
FROZEN_ENCODER_LINEAR_HEAD_ADAPTATION,3,ER_BALANCED,43,104729,63,3150,0.14285714285714285,0.14220354808590102,0.13904761904761906,0.13741323100782785,0.963174603174603,condition_block,False,"[[1,1,3,0,0,2,2],[1,1,2,1,2,2,0],[2,0,3,0,0,3,1],[0,1,4,1,0,1,2],[0,1,2,1,2,2,1],[1,2,0,3,2,0,1],[4,1,1,1,0,1,1]]","[[47,54,150,0,6,103,90],[50,54,102,50,93,101,0],[96,10,149,1,13,146,35],[12,54,198,36,7,50,93],[5,56,100,50,93,100,46],[50,103,0,148,96,3,50],[190,52,52,50,0,50,56]]",0.0005970944335326672,0.0006574374117234588
FROZEN_ENCODER_LINEAR_HEAD_ADAPTATION,3,ER_BALANCED,43,130363,63,3150,0.20634920634920634,0.20188115977589663,0.1926984126984127,0.18461562728580092,0.9539682539682539,condition_block,False,"[[2,0,4,0,0,1,2],[2,2,2,1,1,1,0],[1,1,3,2,0,1,1],[1,2,2,2,0,0,2],[0,1,1,1,2,2,2],[2,3,0,2,1,0,1],[3,2,1,1,0,0,2]]","[[96,14,200,0,0,50,90],[91,106,99,50,54,50,0],[68,32,158,101,4,49,38],[44,103,103,94,9,0,97],[24,56,54,50,71,100,95],[97,152,0,103,48,0,50],[164,100,53,50,0,1,82]]",0.0005970944335326672,0.0006574374117234588
FROZEN_ENCODER_LINEAR_HEAD_ADAPTATION,3,ER_BALANCED,43,155921,63,3150,0.14285714285714285,0.13160580021482277,0.14539682539682539,0.13516768207984559,0.977142857142857,condition_block,False,"[[1,1,2,1,2,1,1],[2,2,2,1,1,1,0],[2,0,1,2,0,2,2],[2,3,0,2,0,0,2],[1,2,1,1,0,2,2],[1,2,0,3,2,0,1],[3,2,1,0,0,0,3]]","[[50,60,100,50,100,50,40],[91,103,99,50,57,50,0],[92,10,59,102,3,96,88],[97,153,0,97,7,0,96],[54,100,50,50,0,100,96],[53,102,0,147,98,0,50],[150,100,50,0,0,1,149]]",0.0005970944335326672,0.0006574374117234588
FROZEN_ENCODER_LINEAR_HEAD_ADAPTATION,3,ER_BALANCED,43,181081,63,3150,0.1746031746031746,0.17695035909100482,0.1634920634920635,0.163107270801205,0.9603174603174603,condition_block,False,"[[1,1,2,0,0,1,4],[1,3,1,1,0,1,2],[3,0,2,0,0,3,1],[1,1,1,1,0,2,3],[1,1,1,1,1,1,3],[1,2,0,2,2,1,1],[4,1,1,0,0,1,2]]","[[32,60,100,21,0,50,187],[50,144,56,50,0,51,99],[127,7,109,0,4,150,53],[65,61,53,32,9,91,139],[54,54,50,53,47,50,142],[51,102,2,97,96,52,50],[200,50,50,0,0,51,99]]",0.0005970944335326672,0.0006574374117234588
FROZEN_ENCODER_LINEAR_HEAD_ADAPTATION,3,ER_BALANCED,43,205439,63,3150,0.1746031746031746,0.17146448322918914,0.1761904761904762,0.17131915445460225,0.9739682539682539,condition_block,False,"[[0,1,3,1,1,1,2],[1,2,2,2,1,1,0],[3,0,3,0,0,3,0],[0,1,5,1,0,1,1],[0,1,1,2,1,2,2],[1,1,0,3,1,2,1],[4,1,1,0,0,1,2]]","[[0,60,150,50,50,50,90],[50,104,102,93,50,51,0],[128,10,158,1,3,147,3],[0,54,249,41,6,50,50],[4,50,50,99,50,101,96],[54,50,0,147,47,102,50],[196,52,52,0,0,50,100]]",0.0005970944335326672,0.0006574374117234588
FROZEN_ENCODER_LINEAR_HEAD_ADAPTATION,3,ER_BALANCED,44,104729,63,3150,0.14285714285714285,0.1451127819548872,0.1457142857142857,0.14744880199988564,0.964126984126984,condition_block,False,"[[1,1,1,1,3,0,2],[2,1,2,1,0,2,1],[2,2,2,1,0,1,1],[1,2,1,0,1,2,2],[0,2,0,2,2,2,1],[1,1,0,3,2,1,1],[2,1,0,0,1,3,2]]","[[47,55,62,47,136,3,100],[90,53,105,51,2,100,49],[103,100,100,49,16,50,32],[62,104,49,4,56,82,93],[0,97,4,100,99,100,50],[37,66,0,148,95,56,48],[99,50,2,0,50,149,100]]",0.0005970944335326672,0.0006574374117234588
FROZEN_ENCODER_LINEAR_HEAD_ADAPTATION,3,ER_BALANCED,44,130363,63,3150,0.09523809523809523,0.09809487486833024,0.09650793650793651,0.09981488221429295,0.9584126984126983,condition_block,False,"[[1,0,4,0,3,1,0],[2,0,2,2,0,2,1],[2,2,1,1,0,2,1],[1,3,1,1,0,1,2],[2,2,0,2,1,1,1],[4,2,0,2,1,0,0],[2,0,1,2,1,1,2]]","[[50,20,190,0,146,44,0],[94,3,106,100,1,97,49],[93,106,50,26,12,100,63],[50,159,49,42,4,53,93],[99,96,4,101,53,47,50],[193,99,0,105,46,6,1],[96,0,51,100,50,53,100]]",0.0005970944335326672,0.0006574374117234588
FROZEN_ENCODER_LINEAR_HEAD_ADAPTATION,3,ER_BALANCED,44,155921,63,3150,0.09523809523809523,0.09645909645909646,0.09904761904761905,0.10117222297138222,0.9692063492063492,condition_block,False,"[[1,2,3,0,2,0,1],[3,0,2,2,0,0,2],[2,2,1,0,0,1,3],[1,4,1,0,0,0,3],[2,1,1,2,1,1,1],[4,1,0,2,1,1,0],[4,0,1,0,1,1,2]]","[[50,110,140,0,100,0,50],[141,3,106,100,1,0,99],[92,100,50,0,12,59,137],[62,204,46,3,4,9,122],[99,50,50,101,50,50,50],[199,50,0,98,46,56,1],[199,0,51,0,50,50,100]]",0.0005970944335326672,0.0006574374117234588
FROZEN_ENCODER_LINEAR_HEAD_ADAPTATION,3,ER_BALANCED,44,181081,63,3150,0.1746031746031746,0.17180235730655902,0.17047619047619048,0.16845823510951421,0.9685714285714284,condition_block,False,"[[1,2,1,0,3,0,2],[0,2,3,2,0,1,1],[1,2,1,0,1,2,2],[1,3,1,1,0,1,2],[1,2,2,0,1,2,1],[3,1,0,2,1,2,0],[4,1,0,0,1,0,3]]","[[47,114,53,0,136,0,100],[1,97,149,100,0,53,50],[54,100,50,0,47,100,99],[62,160,46,47,10,32,93],[50,97,100,3,53,97,50],[162,50,0,98,46,94,0],[197,49,2,0,50,3,149]]",0.0005970944335326672,0.0006574374117234588
FROZEN_ENCODER_LINEAR_HEAD_ADAPTATION,3,ER_BALANCED,44,205439,63,3150,0.07936507936507936,0.07794784580498867,0.08476190476190476,0.08272324183883104,0.9765079365079364,condition_block,False,"[[0,1,1,1,3,1,2],[1,0,1,3,0,3,1],[2,2,1,0,1,2,1],[1,3,1,0,0,2,2],[1,2,0,2,1,2,1],[1,1,0,3,1,2,1],[3,0,1,0,1,3,1]]","[[0,55,61,42,142,50,100],[51,4,49,140,1,156,49],[104,100,50,0,47,100,49],[50,149,49,8,19,82,93],[50,96,4,100,49,101,50],[50,50,0,148,46,105,51],[149,0,51,0,50,149,51]]",0.0005970944335326672,0.0006574374117234588
FROZEN_ENCODER_LINEAR_HEAD_ADAPTATION,3,ER_BALANCED,45,104729,63,3150,0.12698412698412698,0.12139406487232575,0.133015873015873,0.12770544350086407,0.9609523809523808,condition_block,False,"[[0,2,1,0,1,1,4],[1,1,3,0,1,1,2],[2,1,3,0,0,2,1],[2,1,4,0,0,0,2],[1,1,1,1,2,2,1],[2,2,0,2,2,1,0],[3,1,2,0,0,2,1]]","[[0,107,53,0,33,53,204],[50,53,155,1,42,74,75],[92,43,163,1,1,100,50],[111,50,176,4,1,12,96],[47,57,53,50,93,100,50],[100,100,0,98,96,56,0],[149,51,100,0,0,100,50]]",0.0005970944335326672,0.0006574374117234588
FROZEN_ENCODER_LINEAR_HEAD_ADAPTATION,3,ER_BALANCED,45,130363,63,3150,0.1111111111111111,0.12037669932406776,0.11523809523809524,0.12313222240028408,0.971111111111111,condition_block,False,"[[0,1,2,1,0,2,3],[2,1,3,0,0,1,2],[2,1,2,0,0,3,1],[2,2,3,0,0,0,2],[2,1,1,2,2,0,1],[3,2,0,2,1,1,0],[2,1,2,1,0,2,1]]","[[0,60,90,50,0,100,150],[90,55,150,1,5,50,99],[92,46,110,1,1,150,50],[111,100,132,4,1,6,96],[97,56,49,100,94,4,50],[149,100,0,100,51,50,0],[99,51,100,50,0,100,50]]",0.0005970944335326672,0.0006574374117234588
FROZEN_ENCODER_LINEAR_HEAD_ADAPTATION,3,ER_BALANCED,45,155921,63,3150,0.14285714285714285,0.15287226001511714,0.1438095238095238,0.15395486643786122,0.9746031746031745,condition_block,False,"[[1,1,1,1,0,1,4],[2,1,3,0,0,1,2],[3,0,2,0,0,3,1],[3,3,1,0,0,0,2],[2,1,1,2,2,0,1],[4,1,0,2,1,1,0],[3,0,1,2,0,1,2]]","[[46,64,50,50,0,50,190],[91,56,150,0,4,50,99],[148,1,100,1,0,150,50],[156,149,38,7,1,3,96],[104,53,50,100,92,1,50],[199,50,0,98,50,53,0],[147,1,50,100,0,53,99]]",0.0005970944335326672,0.0006574374117234588
FROZEN_ENCODER_LINEAR_HEAD_ADAPTATION,3,ER_BALANCED,45,181081,63,3150,0.15873015873015872,0.15786808976464148,0.15904761904761905,0.15974691439275787,0.9688888888888888,condition_block,False,"[[1,1,1,1,1,1,3],[1,2,3,0,0,2,1],[4,0,3,0,0,2,0],[3,3,1,0,0,0,2],[2,2,2,1,1,0,1],[4,1,0,2,1,1,0],[5,0,1,0,0,1,2]]","[[46,64,53,55,50,42,140],[52,96,149,0,1,103,49],[184,10,150,0,0,100,6],[156,151,41,6,0,3,93],[104,100,96,50,50,0,50],[203,51,0,96,46,54,0],[247,0,51,0,0,53,99]]",0.0005970944335326672,0.0006574374117234588
FROZEN_ENCODER_LINEAR_HEAD_ADAPTATION,3,ER_BALANCED,45,205439,63,3150,0.12698412698412698,0.13773394525274224,0.12444444444444444,0.13570440275939022,0.9590476190476191,condition_block,False,"[[0,2,1,1,0,2,3],[1,1,2,1,0,2,2],[2,1,3,0,0,3,0],[1,2,3,0,0,0,3],[2,1,0,1,2,2,1],[2,3,0,3,0,1,0],[3,1,2,0,0,2,1]]","[[0,107,53,50,0,100,140],[51,52,99,38,1,134,75],[94,49,139,0,0,150,18],[62,101,126,7,3,12,139],[103,50,3,50,93,101,50],[103,149,0,147,0,51,0],[149,51,100,0,0,100,50]]",0.0005970944335326672,0.0006574374117234588
FROZEN_ENCODER_LINEAR_HEAD_ADAPTATION,3,ER_BALANCED,46,104729,63,3150,0.09523809523809523,0.09735457874988286,0.11460317460317461,0.11709501234696182,0.9526984126984126,condition_block,False,"[[1,1,2,2,0,1,2],[2,1,3,2,0,1,0],[3,1,1,0,0,2,2],[0,3,2,0,2,0,2],[2,1,0,2,1,2,1],[3,0,1,2,2,1,0],[3,1,1,1,0,2,1]]","[[50,46,107,94,0,53,100],[66,77,155,101,1,50,0],[145,51,56,1,9,101,87],[12,123,103,4,106,6,96],[91,56,4,100,49,100,50],[152,1,50,103,91,53,0],[152,51,29,50,0,96,72]]",0.0005970944335326672,0.0006574374117234588
FROZEN_ENCODER_LINEAR_HEAD_ADAPTATION,3,ER_BALANCED,46,130363,63,3150,0.1746031746031746,0.18034346605775178,0.17142857142857143,0.1770051888037895,0.9596825396825396,condition_block,False,"[[2,0,3,2,0,1,1],[1,2,3,1,0,1,1],[3,0,2,0,0,3,1],[1,0,3,1,1,1,2],[1,1,0,2,1,3,1],[3,0,0,2,2,1,1],[2,1,1,1,0,2,2]]","[[96,5,140,97,0,50,62],[41,98,159,51,1,50,50],[126,1,100,1,26,149,47],[62,9,146,34,50,53,96],[50,40,4,100,56,150,50],[154,1,0,100,92,53,50],[100,50,48,50,0,99,103]]",0.0005970944335326672,0.0006574374117234588
FROZEN_ENCODER_LINEAR_HEAD_ADAPTATION,3,ER_BALANCED,46,155921,63,3150,0.12698412698412698,0.1284292148953803,0.13777777777777778,0.14189205982505815,0.9596825396825396,condition_block,False,"[[1,0,3,2,0,2,1],[1,1,3,1,0,1,2],[2,0,2,0,0,3,2],[2,1,2,0,1,1,2],[1,0,1,2,1,3,1],[3,0,1,2,2,1,0],[3,1,1,1,0,1,2]]","[[46,4,153,94,3,100,50],[41,49,159,51,1,74,75],[99,1,100,0,1,149,100],[77,50,108,19,50,50,96],[29,0,50,100,71,150,50],[158,0,50,100,92,50,0],[147,50,51,50,0,53,99]]",0.0005970944335326672,0.0006574374117234588
FROZEN_ENCODER_LINEAR_HEAD_ADAPTATION,3,ER_BALANCED,46,181081,63,3150,0.15873015873015872,0.15918367346938775,0.15523809523809523,0.1565673850216356,0.9628571428571429,condition_block,False,"[[1,0,1,2,0,2,3],[1,2,3,0,0,1,2],[3,0,2,0,0,3,1],[2,2,2,0,0,1,2],[1,0,2,2,1,2,1],[1,1,1,3,2,1,0],[3,1,0,1,0,1,3]]","[[46,4,63,97,0,100,140],[52,89,159,0,0,88,62],[146,1,100,0,1,149,53],[98,100,105,3,1,50,93],[50,0,100,100,50,100,50],[59,49,50,147,92,53,0],[147,50,2,50,0,53,148]]",0.0005970944335326672,0.0006574374117234588
FROZEN_ENCODER_LINEAR_HEAD_ADAPTATION,3,ER_BALANCED,46,205439,63,3150,0.14285714285714285,0.1428396999825571,0.15142857142857144,0.15406413326075064,0.9593650793650793,condition_block,False,"[[2,0,2,2,0,1,2],[1,1,3,3,0,1,0],[3,0,1,0,1,3,1],[1,2,3,0,1,0,2],[1,0,1,2,1,2,2],[1,0,1,3,2,2,0],[3,1,0,0,0,3,2]]","[[84,15,104,97,0,50,100],[26,77,152,141,1,53,0],[146,1,56,0,62,150,35],[41,100,145,8,57,6,93],[47,0,54,100,49,104,96],[53,1,50,153,90,103,0],[152,50,1,0,0,147,100]]",0.0005970944335326672,0.0006574374117234588
FROZEN_ENCODER_LINEAR_HEAD_ADAPTATION,3,JOINT_FACTOR_COVERAGE,42,104729,63,3150,0.15873015873015872,0.16918288846639135,0.1580952380952381,0.16659202556321936,0.9698412698412696,condition_block,False,"[[2,0,1,0,0,3,3],[1,1,2,1,1,2,1],[2,0,2,1,0,3,1],[1,2,1,1,0,1,3],[2,0,1,2,2,1,1],[2,2,0,4,0,1,0],[3,1,1,2,0,1,1]]","[[96,13,51,3,0,150,137],[41,57,100,50,50,103,49],[99,4,100,49,16,150,32],[50,107,62,49,1,38,143],[100,3,54,104,92,47,50],[100,100,0,195,1,53,1],[149,51,50,99,0,50,51]]",0.00024196831505030576,0.00027988363727396686
FROZEN_ENCODER_LINEAR_HEAD_ADAPTATION,3,JOINT_FACTOR_COVERAGE,42,130363,63,3150,0.12698412698412698,0.1261487050960735,0.13238095238095238,0.1319889268120295,0.964126984126984,condition_block,False,"[[1,1,2,0,1,1,3],[1,2,2,2,0,1,1],[2,0,1,2,1,2,1],[2,2,1,0,1,1,2],[1,2,2,1,1,1,1],[2,2,0,1,2,1,1],[1,0,1,3,0,2,2]]","[[46,58,100,0,46,53,147],[51,97,100,100,0,53,49],[99,4,50,101,46,100,50],[97,110,49,18,48,35,93],[43,97,100,60,50,50,50],[99,99,0,52,96,57,47],[50,1,50,150,0,100,99]]",0.00024196831505030576,0.00027988363727396686
FROZEN_ENCODER_LINEAR_HEAD_ADAPTATION,3,JOINT_FACTOR_COVERAGE,42,155921,63,3150,0.14285714285714285,0.14529460907169883,0.14507936507936509,0.14673949762658386,0.9599999999999999,condition_block,False,"[[1,0,2,0,1,2,3],[0,2,3,2,1,1,0],[3,0,2,2,0,2,0],[1,3,2,0,0,1,2],[1,2,1,1,2,1,1],[2,2,0,1,2,1,1],[2,0,1,3,0,2,1]]","[[46,11,100,0,43,103,147],[1,97,149,100,50,53,0],[124,4,100,101,21,100,0],[50,160,96,15,1,35,93],[43,124,30,60,92,51,50],[99,100,0,51,96,57,47],[99,2,49,150,0,100,50]]",0.00024196831505030576,0.00027988363727396686
FROZEN_ENCODER_LINEAR_HEAD_ADAPTATION,3,JOINT_FACTOR_COVERAGE,42,181081,63,3150,0.12698412698412698,0.12649914830365955,0.13206349206349208,0.13148901572081584,0.9685714285714284,condition_block,False,"[[1,1,2,0,1,1,3],[1,2,1,2,0,1,2],[3,0,1,2,0,2,1],[2,2,0,0,1,1,3],[1,2,2,1,1,1,1],[2,2,0,1,2,1,1],[1,0,0,3,0,3,2]]","[[46,58,100,0,46,53,147],[51,97,50,100,1,53,98],[124,4,50,101,21,100,50],[97,109,0,18,48,35,143],[43,97,100,60,49,51,50],[99,99,0,52,96,57,47],[50,1,1,150,0,149,99]]",0.00024196831505030576,0.00027988363727396686
FROZEN_ENCODER_LINEAR_HEAD_ADAPTATION,3,JOINT_FACTOR_COVERAGE,42,205439,63,3150,0.14285714285714285,0.14605350704181538,0.14412698412698413,0.14759733638121444,0.9739682539682537,condition_block,False,"[[2,0,1,0,0,3,3],[1,1,2,1,1,2,1],[2,0,2,1,0,3,1],[2,2,1,1,0,1,2],[2,1,1,2,1,1,1],[2,2,0,4,0,1,0],[3,1,1,2,0,1,1]]","[[96,13,51,3,0,150,137],[41,57,100,50,50,103,49],[98,4,100,49,16,151,32],[99,108,47,49,1,53,93],[94,49,54,104,52,47,50],[100,100,0,198,1,50,1],[149,51,50,99,0,51,50]]",0.00024196831505030576,0.00027988363727396686
FROZEN_ENCODER_LINEAR_HEAD_ADAPTATION,3,JOINT_FACTOR_COVERAGE,43,104729,63,3150,0.15873015873015872,0.1615595765971706,0.15714285714285714,0.15957223548192329,0.9714285714285713,condition_block,False,"[[0,1,3,1,0,1,3],[1,2,1,2,1,1,1],[2,0,2,1,0,3,1],[0,2,2,2,0,1,2],[0,1,1,2,2,1,2],[2,2,0,3,1,0,1],[4,1,1,0,0,1,2]]","[[0,60,150,50,0,50,140],[50,103,50,96,51,51,49],[93,10,108,51,4,146,38],[12,103,103,82,10,47,93],[5,50,50,100,99,50,96],[100,100,0,149,48,3,50],[196,51,53,0,0,50,100]]",0.00024196831505030576,0.00027988363727396686
FROZEN_ENCODER_LINEAR_HEAD_ADAPTATION,3,JOINT_FACTOR_COVERAGE,43,130363,63,3150,0.12698412698412698,0.12335600907029479,0.12603174603174602,0.12168780202504995,0.9726984126984126,condition_block,False,"[[1,1,3,0,1,1,2],[1,2,2,1,1,1,1],[3,0,2,1,0,2,1],[1,1,2,1,0,2,2],[2,0,1,2,0,2,2],[1,1,0,3,2,0,2],[3,1,1,1,0,1,2]]","[[47,60,150,0,50,53,90],[51,104,102,50,43,50,50],[130,7,100,52,12,99,50],[53,57,102,47,7,91,93],[94,4,50,106,0,100,96],[52,53,0,149,96,0,100],[150,52,49,50,0,50,99]]",0.00024196831505030576,0.00027988363727396686
FROZEN_ENCODER_LINEAR_HEAD_ADAPTATION,3,JOINT_FACTOR_COVERAGE,43,155921,63,3150,0.14285714285714285,0.13701437096577762,0.1438095238095238,0.1361149902298882,0.9634920634920634,condition_block,False,"[[1,1,3,0,1,1,2],[1,2,2,1,2,1,0],[3,1,3,1,0,1,0],[1,1,4,1,0,0,2],[2,1,1,1,1,2,1],[2,1,0,3,2,0,1],[4,1,1,1,0,1,1]]","[[47,60,150,0,50,53,90],[51,104,102,50,93,50,0],[131,57,155,52,6,49,0],[44,57,202,47,7,0,93],[94,50,50,56,50,100,50],[102,53,0,149,96,0,50],[176,59,72,50,0,43,50]]",0.00024196831505030576,0.00027988363727396686
FROZEN_ENCODER_LINEAR_HEAD_ADAPTATION,3,JOINT_FACTOR_COVERAGE,43,181081,63,3150,0.15873015873015872,0.15544897384791237,0.1511111111111111,0.14841943428232135,0.9644444444444443,condition_block,False,"[[2,1,2,0,1,1,2],[1,2,2,1,1,1,1],[3,0,2,1,0,2,1],[1,1,2,1,0,2,2],[2,0,1,1,1,2,2],[1,2,0,3,2,0,1],[3,2,1,1,0,0,2]]","[[79,60,100,18,50,53,90],[51,104,105,50,40,50,50],[139,7,100,52,3,99,50],[53,60,99,47,7,91,93],[94,4,50,59,47,100,96],[52,102,1,149,96,0,50],[150,95,49,50,0,7,99]]",0.00024196831505030576,0.00027988363727396686
FROZEN_ENCODER_LINEAR_HEAD_ADAPTATION,3,JOINT_FACTOR_COVERAGE,43,205439,63,3150,0.12698412698412698,0.13585245164192533,0.13238095238095238,0.1393386610529395,0.9752380952380952,condition_block,False,"[[0,1,3,1,0,1,3],[1,2,2,2,1,1,0],[2,0,2,1,0,3,1],[1,2,2,1,0,1,2],[1,1,0,2,2,1,2],[2,2,0,3,1,0,1],[5,1,1,0,0,1,1]]","[[0,60,150,50,0,50,140],[50,104,99,96,51,50,0],[93,10,108,51,4,146,38],[41,103,103,53,10,47,93],[55,50,0,100,99,50,96],[100,100,0,149,48,3,50],[246,51,53,0,0,50,50]]",0.00024196831505030576,0.00027988363727396686
FROZEN_ENCODER_LINEAR_HEAD_ADAPTATION,3,JOINT_FACTOR_COVERAGE,44,104729,63,3150,0.1111111111111111,0.11143615340873192,0.11174603174603175,0.11260042035370307,0.9695238095238095,condition_block,False,"[[0,1,2,0,3,0,3],[3,1,2,1,0,1,1],[2,2,1,1,0,2,1],[1,1,1,1,1,1,3],[1,2,0,3,1,1,1],[1,2,0,4,0,1,1],[2,1,0,1,1,2,2]]","[[3,64,100,0,143,0,140],[140,52,100,51,2,56,49],[100,100,50,43,16,100,41],[62,51,52,35,53,51,146],[44,96,4,150,56,50,50],[50,100,0,192,0,56,52],[99,50,2,49,50,100,100]]",0.00024196831505030576,0.00027988363727396686
FROZEN_ENCODER_LINEAR_HEAD_ADAPTATION,3,JOINT_FACTOR_COVERAGE,44,130363,63,3150,0.15873015873015872,0.15771782397169393,0.1565079365079365,0.1560295993803183,0.9730158730158731,condition_block,False,"[[1,1,1,1,3,0,2],[0,1,3,2,0,1,2],[2,2,1,0,1,1,2],[1,2,1,2,1,1,1],[1,1,1,2,1,2,1],[2,1,0,3,1,2,0],[3,0,1,1,1,1,2]]","[[47,64,53,47,136,3,100],[1,44,152,100,0,53,100],[104,100,50,0,47,50,99],[62,109,49,94,54,32,50],[49,50,50,101,53,97,50],[93,50,0,149,46,105,7],[147,0,51,50,50,52,100]]",0.00024196831505030576,0.00027988363727396686
FROZEN_ENCODER_LINEAR_HEAD_ADAPTATION,3,JOINT_FACTOR_COVERAGE,44,155921,63,3150,0.14285714285714285,0.14183655918507757,0.14063492063492064,0.14008605145460953,0.9739682539682539,condition_block,False,"[[1,1,1,1,3,0,2],[1,2,2,1,0,1,2],[3,2,1,0,1,1,1],[1,3,1,1,0,2,1],[1,2,0,2,1,2,1],[2,1,0,3,1,2,0],[3,0,1,1,1,2,1]]","[[47,58,59,47,136,3,100],[51,93,102,51,1,53,99],[154,100,50,0,47,50,49],[62,153,52,47,10,76,50],[49,96,4,101,50,100,50],[96,50,0,149,46,105,4],[149,0,51,50,50,99,51]]",0.00024196831505030576,0.00027988363727396686
FROZEN_ENCODER_LINEAR_HEAD_ADAPTATION,3,JOINT_FACTOR_COVERAGE,44,181081,63,3150,0.15873015873015872,0.15297434763379036,0.1523809523809524,0.14772996410090283,0.9679365079365079,condition_block,False,"[[1,1,1,1,3,0,2],[0,1,3,2,0,1,2],[2,3,0,0,1,1,2],[1,3,1,2,0,1,1],[1,1,1,2,1,2,1],[2,1,0,3,1,2,0],[3,0,0,1,1,1,3]]","[[47,64,50,47,139,3,100],[1,32,164,100,0,53,100],[104,147,0,0,50,50,99],[62,153,49,94,10,32,50],[49,50,50,101,53,97,50],[90,50,0,149,46,105,10],[147,1,1,50,50,52,149]]",0.00024196831505030576,0.00027988363727396686
FROZEN_ENCODER_LINEAR_HEAD_ADAPTATION,3,JOINT_FACTOR_COVERAGE,44,205439,63,3150,0.1111111111111111,0.11323529411764707,0.10793650793650794,0.1109877368923858,0.9676190476190475,condition_block,False,"[[0,1,3,0,3,0,2],[3,0,2,2,0,1,1],[2,2,1,1,0,2,1],[1,2,1,1,0,1,3],[0,2,0,3,2,1,1],[1,2,0,3,1,1,1],[2,1,0,1,1,2,2]]","[[3,64,140,0,143,0,100],[140,3,99,100,3,56,49],[106,101,50,42,16,100,35],[62,109,46,29,4,54,146],[0,97,4,150,99,50,50],[47,100,0,152,43,56,52],[99,50,2,49,50,100,100]]",0.00024196831505030576,0.00027988363727396686
FROZEN_ENCODER_LINEAR_HEAD_ADAPTATION,3,JOINT_FACTOR_COVERAGE,45,104729,63,3150,0.1111111111111111,0.12252058718224132,0.11238095238095239,0.12299389508533576,0.9593650793650793,condition_block,False,"[[0,2,1,0,0,1,5],[1,1,3,2,0,0,2],[2,1,2,1,0,2,1],[1,2,4,0,0,0,2],[2,1,0,2,2,1,1],[3,2,0,2,1,1,0],[3,1,2,1,0,1,1]]","[[0,110,50,20,0,50,220],[50,49,149,91,5,31,75],[99,43,107,50,1,100,50],[65,99,172,4,2,12,96],[103,50,3,100,94,50,50],[150,100,0,104,46,50,0],[149,51,100,49,0,51,50]]",0.00024196831505030576,0.00027988363727396686
FROZEN_ENCODER_LINEAR_HEAD_ADAPTATION,3,JOINT_FACTOR_COVERAGE,45,130363,63,3150,0.1111111111111111,0.11453581432573028,0.11428571428571428,0.11655399132248141,0.9644444444444444,condition_block,False,"[[0,1,1,1,2,1,3],[0,2,3,1,0,1,2],[2,0,1,3,1,2,0],[2,3,0,0,0,0,4],[1,1,2,2,1,1,1],[2,1,0,3,2,1,0],[2,0,1,3,0,1,2]]","[[0,61,53,47,96,53,140],[1,97,149,50,1,53,99],[85,13,50,139,50,110,3],[94,148,15,10,15,0,168],[53,50,96,101,50,50,50],[99,51,0,147,99,54,0],[97,0,51,150,0,53,99]]",0.00024196831505030576,0.00027988363727396686
FROZEN_ENCODER_LINEAR_HEAD_ADAPTATION,3,JOINT_FACTOR_COVERAGE,45,155921,63,3150,0.1111111111111111,0.11541950113378685,0.11333333333333333,0.11618246088477656,0.9657142857142856,condition_block,False,"[[0,1,1,1,1,3,2],[0,2,3,1,0,1,2],[1,2,1,3,1,1,0],[1,2,3,0,0,0,3],[1,1,1,2,2,1,1],[2,3,0,2,1,1,0],[1,0,2,3,0,2,1]]","[[0,60,50,47,40,153,100],[1,96,149,51,1,53,99],[36,102,57,139,50,63,3],[50,104,129,7,15,6,139],[53,50,49,101,93,54,50],[99,150,0,98,49,54,0],[49,1,100,150,0,100,50]]",0.00024196831505030576,0.00027988363727396686
FROZEN_ENCODER_LINEAR_HEAD_ADAPTATION,3,JOINT_FACTOR_COVERAGE,45,181081,63,3150,0.14285714285714285,0.14852274243030544,0.15015873015873016,0.1537110817282991,0.9615873015873014,condition_block,False,"[[1,1,1,1,1,1,3],[0,2,3,1,0,1,2],[2,0,2,3,0,2,0],[2,3,0,0,0,0,4],[1,1,2,2,1,1,1],[3,1,0,3,1,1,0],[2,0,1,3,0,1,2]]","[[46,61,53,47,50,53,140],[2,96,149,50,1,53,99],[85,13,100,149,0,100,3],[94,147,13,10,15,3,168],[53,50,96,101,50,50,50],[149,51,0,147,49,54,0],[97,0,51,132,0,53,117]]",0.00024196831505030576,0.00027988363727396686
FROZEN_ENCODER_LINEAR_HEAD_ADAPTATION,3,JOINT_FACTOR_COVERAGE,45,205439,63,3150,0.1111111111111111,0.12236082630819471,0.11238095238095239,0.12256645872449257,0.9606349206349205,condition_block,False,"[[0,2,2,1,0,1,3],[1,1,3,2,0,1,1],[2,1,2,1,0,2,1],[1,2,4,0,0,0,2],[2,1,0,2,2,1,1],[3,2,0,2,1,1,0],[3,1,2,1,0,1,1]]","[[0,110,90,44,0,50,156],[50,49,149,91,5,75,31],[98,43,107,50,2,100,50],[65,100,172,4,1,12,96],[97,56,3,100,94,50,50],[153,100,0,101,46,50,0],[149,51,100,49,0,51,50]]",0.00024196831505030576,0.00027988363727396686
FROZEN_ENCODER_LINEAR_HEAD_ADAPTATION,3,JOINT_FACTOR_COVERAGE,46,104729,63,3150,0.1111111111111111,0.10416040100250626,0.12063492063492064,0.11516874456013618,0.97015873015873,condition_block,False,"[[1,1,2,2,0,1,2],[3,1,3,0,0,1,1],[3,0,2,0,0,3,1],[1,2,3,0,1,0,2],[3,1,0,1,0,2,2],[1,0,1,4,2,1,0],[4,1,0,0,0,2,2]]","[[50,46,107,97,0,50,100],[116,73,159,1,1,50,50],[149,1,100,0,0,150,50],[45,96,146,4,57,6,96],[146,50,4,50,3,101,96],[59,1,50,198,92,50,0],[202,50,2,0,0,96,100]]",0.00024196831505030576,0.00027988363727396686
FROZEN_ENCODER_LINEAR_HEAD_ADAPTATION,3,JOINT_FACTOR_COVERAGE,46,130363,63,3150,0.14285714285714285,0.14723992363743918,0.14285714285714285,0.1473796849818921,0.9698412698412697,condition_block,False,"[[1,0,3,1,1,2,1],[0,1,4,1,0,1,2],[3,0,1,1,1,2,1],[1,1,2,1,1,1,2],[0,0,1,4,1,2,1],[0,0,1,4,2,2,0],[4,0,0,2,0,1,2]]","[[46,4,153,47,47,103,50],[2,53,192,50,0,77,76],[142,1,56,50,51,100,50],[53,50,106,48,50,50,93],[1,0,50,199,46,104,50],[3,0,50,203,92,102,0],[196,1,1,100,0,53,99]]",0.00024196831505030576,0.00027988363727396686
FROZEN_ENCODER_LINEAR_HEAD_ADAPTATION,3,JOINT_FACTOR_COVERAGE,46,155921,63,3150,0.12698412698412698,0.1309678416821274,0.1361904761904762,0.14357201543744305,0.9653968253968254,condition_block,False,"[[1,1,3,1,1,1,1],[1,1,4,1,0,1,1],[4,0,1,1,1,2,0],[0,0,3,1,2,1,2],[1,0,0,3,1,3,1],[0,0,1,4,2,2,0],[4,0,0,2,0,2,1]]","[[50,46,157,47,47,53,50],[26,77,192,51,1,53,50],[192,1,56,50,51,100,0],[0,2,150,48,106,51,93],[47,0,4,149,46,154,50],[3,1,50,202,92,102,0],[189,1,1,100,0,109,50]]",0.00024196831505030576,0.00027988363727396686
FROZEN_ENCODER_LINEAR_HEAD_ADAPTATION,3,JOINT_FACTOR_COVERAGE,46,181081,63,3150,0.12698412698412698,0.1254071325499897,0.12634920634920635,0.1250638407331841,0.9647619047619048,condition_block,False,"[[1,0,1,2,1,2,2],[0,1,4,1,0,1,2],[3,0,1,1,1,2,1],[1,1,1,1,1,1,3],[1,0,1,4,0,2,1],[0,0,1,4,2,2,0],[3,0,0,2,0,2,2]]","[[46,4,63,94,40,103,100],[2,53,195,50,0,74,76],[142,1,50,50,51,100,56],[53,50,51,48,56,50,142],[46,0,50,200,0,104,50],[3,0,50,203,92,102,0],[157,1,1,100,0,92,99]]",0.00024196831505030576,0.00027988363727396686
FROZEN_ENCODER_LINEAR_HEAD_ADAPTATION,3,JOINT_FACTOR_COVERAGE,46,205439,63,3150,0.14285714285714285,0.14240465416936005,0.14888888888888888,0.15228495848003024,0.9622222222222221,condition_block,False,"[[2,0,2,2,0,1,2],[3,1,3,0,0,2,0],[3,0,2,0,0,3,1],[1,2,3,0,1,0,2],[3,0,0,2,1,2,1],[1,0,1,4,2,1,0],[4,1,0,0,0,2,2]]","[[84,12,107,97,0,50,100],[116,76,156,1,1,94,6],[148,1,100,0,0,151,50],[44,97,149,4,57,6,93],[140,0,4,100,55,101,50],[59,1,50,198,92,50,0],[202,50,2,0,0,96,100]]",0.00024196831505030576,0.00027988363727396686
FROZEN_ENCODER_LINEAR_HEAD_ADAPTATION,3,RANDOM_BLOCK,42,104729,63,3150,0.14285714285714285,0.14624340964455956,0.15015873015873016,0.15232518887424965,0.9695238095238095,condition_block,False,"[[1,0,2,0,0,2,4],[0,2,2,2,1,1,1],[2,0,2,1,1,3,0],[1,2,0,1,0,2,3],[2,0,2,2,1,1,1],[2,2,0,1,3,1,0],[3,1,1,1,0,2,1]]","[[61,14,85,0,0,103,187],[1,97,100,100,50,53,49],[99,4,100,49,48,150,0],[53,109,0,50,2,94,142],[100,0,91,109,46,54,50],[103,99,0,48,140,57,3],[149,50,51,38,0,100,62]]",0.0004651436891811335,0.000604634419687384
FROZEN_ENCODER_LINEAR_HEAD_ADAPTATION,3,RANDOM_BLOCK,42,130363,63,3150,0.1746031746031746,0.17416409737045083,0.18888888888888888,0.1895913071352597,0.948253968253968,condition_block,False,"[[2,0,2,0,0,4,1],[0,2,2,2,1,1,1],[1,0,2,1,0,3,2],[3,2,0,0,1,1,2],[1,1,3,1,1,1,1],[2,2,0,3,0,2,0],[1,1,1,2,0,2,2]]","[[96,4,83,3,9,181,74],[1,97,101,100,49,53,49],[49,1,106,49,19,151,75],[143,107,6,32,31,38,93],[44,47,143,53,59,54,50],[99,99,3,142,1,106,0],[50,50,51,100,0,100,99]]",0.0004651436891811335,0.000604634419687384
FROZEN_ENCODER_LINEAR_HEAD_ADAPTATION,3,RANDOM_BLOCK,42,155921,63,3150,0.19047619047619047,0.19511407065586633,0.1873015873015873,0.191886319916388,0.9593650793650792,condition_block,False,"[[2,1,1,0,1,1,3],[0,3,2,2,0,0,2],[2,0,2,2,0,2,1],[2,2,0,0,1,1,3],[2,1,3,1,1,0,1],[1,1,1,2,1,2,1],[2,0,1,4,0,0,2]]","[[79,60,70,3,41,50,147],[1,147,101,100,0,3,98],[93,4,100,99,22,100,32],[97,113,3,12,48,38,139],[100,47,146,53,50,4,50],[56,50,50,103,41,103,47],[97,0,51,199,0,4,99]]",0.0004651436891811335,0.000604634419687384
FROZEN_ENCODER_LINEAR_HEAD_ADAPTATION,3,RANDOM_BLOCK,42,181081,63,3150,0.14285714285714285,0.1501516396032097,0.14444444444444443,0.1498169324534142,0.965079365079365,condition_block,False,"[[1,1,2,0,1,2,2],[1,2,1,2,1,1,1],[2,0,1,2,0,2,2],[2,1,0,0,2,1,3],[0,1,0,4,2,1,1],[1,2,0,3,2,1,0],[1,0,1,3,0,2,2]]","[[46,64,100,0,40,103,97],[51,97,53,100,50,50,49],[98,7,50,101,12,100,82],[97,67,0,15,97,35,139],[4,56,10,188,92,50,50],[50,100,0,148,95,56,1],[50,3,49,150,0,99,99]]",0.0004651436891811335,0.000604634419687384
FROZEN_ENCODER_LINEAR_HEAD_ADAPTATION,3,RANDOM_BLOCK,42,205439,63,3150,0.12698412698412698,0.13208668082617664,0.1361904761904762,0.13885918352066423,0.9561904761904761,condition_block,False,"[[1,0,2,1,1,2,2],[1,1,2,3,1,1,0],[2,0,1,2,0,2,2],[2,0,1,1,1,2,2],[0,1,2,3,1,1,1],[1,2,0,4,1,1,0],[1,0,1,3,0,2,2]]","[[46,8,97,53,49,100,97],[51,53,99,137,50,60,0],[92,4,50,100,22,100,82],[97,7,49,78,25,101,93],[0,43,100,161,46,50,50],[49,99,3,197,45,57,0],[50,1,50,159,0,91,99]]",0.0004651436891811335,0.000604634419687384
FROZEN_ENCODER_LINEAR_HEAD_ADAPTATION,3,RANDOM_BLOCK,43,104729,63,3150,0.1746031746031746,0.1620595606663718,0.17206349206349206,0.16071059410811778,0.9485714285714286,condition_block,False,"[[0,1,2,1,0,1,4],[1,2,2,1,1,1,1],[2,1,2,1,0,2,1],[0,2,0,3,0,1,3],[1,1,1,2,0,2,2],[0,1,0,2,4,1,1],[3,1,1,0,0,1,3]]","[[0,60,100,50,0,53,187],[50,104,78,53,41,51,73],[78,57,115,43,4,100,53],[3,104,13,122,22,47,139],[54,59,50,91,0,100,96],[7,50,0,98,193,52,50],[150,45,50,0,0,56,149]]",0.0004651436891811335,0.000604634419687384
FROZEN_ENCODER_LINEAR_HEAD_ADAPTATION,3,RANDOM_BLOCK,43,130363,63,3150,0.19047619047619047,0.18951545530492897,0.1838095238095238,0.1811422614549572,0.9431746031746031,condition_block,False,"[[2,0,2,1,0,2,2],[2,2,3,1,0,1,0],[2,0,3,1,0,2,1],[1,1,3,1,0,1,2],[0,0,3,2,1,2,1],[0,2,0,3,2,1,1],[3,1,1,1,0,1,2]]","[[93,8,100,53,6,100,90],[77,107,148,66,1,51,0],[84,1,161,51,4,114,35],[65,54,151,33,10,44,93],[5,9,146,100,43,101,46],[0,118,0,147,98,37,50],[141,51,50,50,0,53,105]]",0.0004651436891811335,0.000604634419687384
FROZEN_ENCODER_LINEAR_HEAD_ADAPTATION,3,RANDOM_BLOCK,43,155921,63,3150,0.1746031746031746,0.16254380540094826,0.1726984126984127,0.16084653638961285,0.9758730158730157,condition_block,False,"[[1,0,2,1,3,0,2],[1,2,2,2,0,1,1],[2,0,3,2,0,1,1],[2,3,2,1,0,0,1],[1,0,1,2,1,1,3],[1,2,0,3,1,0,2],[3,2,1,0,0,0,3]]","[[46,14,100,50,150,0,90],[51,110,99,90,0,50,50],[95,7,141,102,3,49,53],[97,152,96,48,7,0,50],[54,0,53,100,50,50,143],[53,102,0,147,48,0,100],[150,99,51,0,0,1,149]]",0.0004651436891811335,0.000604634419687384
FROZEN_ENCODER_LINEAR_HEAD_ADAPTATION,3,RANDOM_BLOCK,43,181081,63,3150,0.1111111111111111,0.10878667256376233,0.11238095238095239,0.1106524077877987,0.974920634920635,condition_block,False,"[[1,1,2,1,1,2,1],[1,1,2,1,2,2,0],[2,0,2,1,0,2,2],[1,4,1,1,0,0,2],[0,2,1,2,0,2,2],[1,1,0,3,3,0,1],[2,0,1,2,0,2,2]]","[[47,60,100,50,50,103,40],[50,54,102,51,93,100,0],[95,10,100,52,12,96,85],[53,197,49,51,7,0,93],[4,100,50,100,0,100,96],[49,53,0,149,146,3,50],[100,2,49,100,0,100,99]]",0.0004651436891811335,0.000604634419687384
FROZEN_ENCODER_LINEAR_HEAD_ADAPTATION,3,RANDOM_BLOCK,43,205439,63,3150,0.14285714285714285,0.12198353025420694,0.13777777777777778,0.1188359382921448,0.963174603174603,condition_block,False,"[[0,1,3,2,0,1,2],[1,1,2,3,1,1,0],[2,0,2,2,0,1,2],[1,1,2,3,0,1,1],[0,1,2,4,0,1,1],[1,1,0,4,2,0,1],[2,1,1,1,0,1,3]]","[[0,60,150,100,0,50,90],[51,53,103,143,50,50,0],[95,7,91,102,3,50,102],[53,57,95,141,10,44,50],[4,86,100,164,0,50,46],[52,50,0,200,98,0,50],[100,51,50,53,0,47,149]]",0.0004651436891811335,0.000604634419687384
FROZEN_ENCODER_LINEAR_HEAD_ADAPTATION,3,RANDOM_BLOCK,44,104729,63,3150,0.1111111111111111,0.10568367697956374,0.11492063492063492,0.1102946266334318,0.9733333333333333,condition_block,False,"[[0,0,2,1,3,1,2],[2,0,2,2,0,2,1],[1,2,1,0,2,2,1],[1,0,2,1,1,2,2],[1,1,1,2,1,2,1],[2,1,0,2,3,1,0],[2,0,1,0,1,2,3]]","[[0,14,100,50,137,49,100],[91,4,99,100,1,106,49],[50,100,50,0,101,100,49],[50,12,92,53,68,82,93],[50,46,54,100,50,100,50],[100,50,0,98,146,56,0],[100,0,51,1,50,99,149]]",0.0004651436891811335,0.000604634419687384
FROZEN_ENCODER_LINEAR_HEAD_ADAPTATION,3,RANDOM_BLOCK,44,130363,63,3150,0.1111111111111111,0.10423963635797569,0.11841269841269841,0.11130067673951534,0.9631746031746031,condition_block,False,"[[0,1,2,0,3,1,2],[2,0,4,2,0,1,0],[1,1,1,1,2,3,0],[1,1,2,0,0,3,2],[0,1,1,2,2,2,1],[1,1,0,3,2,2,0],[1,1,2,0,1,2,2]]","[[3,58,100,0,142,47,100],[90,0,177,100,27,56,0],[49,50,50,49,102,150,0],[50,49,97,15,25,112,102],[0,51,50,100,99,100,50],[49,51,0,147,97,105,1],[50,50,100,0,50,99,101]]",0.0004651436891811335,0.000604634419687384
FROZEN_ENCODER_LINEAR_HEAD_ADAPTATION,3,RANDOM_BLOCK,44,155921,63,3150,0.12698412698412698,0.10944026733500418,0.12666666666666668,0.11352521983109622,0.9653968253968253,condition_block,False,"[[0,1,3,0,3,1,1],[0,0,3,3,0,1,2],[2,0,4,0,1,1,1],[1,2,2,0,1,0,3],[1,1,1,3,2,0,1],[3,1,1,3,1,0,0],[4,0,1,1,1,0,2]]","[[0,64,140,3,146,47,50],[1,4,149,139,0,57,100],[95,1,186,0,47,59,62],[62,110,93,3,51,9,122],[50,50,50,151,99,0,50],[150,50,50,147,46,7,0],[200,0,51,49,50,0,100]]",0.0004651436891811335,0.000604634419687384
FROZEN_ENCODER_LINEAR_HEAD_ADAPTATION,3,RANDOM_BLOCK,44,181081,63,3150,0.14285714285714285,0.1450796107916851,0.14984126984126983,0.151868285431607,0.9657142857142856,condition_block,False,"[[1,2,1,1,3,0,1],[2,1,2,1,0,2,1],[0,2,2,2,0,1,2],[1,3,1,0,1,1,2],[1,1,1,2,1,2,1],[0,1,0,4,2,1,1],[2,0,0,2,1,1,3]]","[[47,109,53,48,140,3,50],[91,54,105,50,1,100,49],[21,100,100,82,15,50,82],[50,154,49,16,50,38,93],[43,50,50,107,50,100,50],[3,50,0,198,95,56,48],[97,1,1,100,50,52,149]]",0.0004651436891811335,0.000604634419687384
FROZEN_ENCODER_LINEAR_HEAD_ADAPTATION,3,RANDOM_BLOCK,44,205439,63,3150,0.12698412698412698,0.1194986091602633,0.13015873015873017,0.12234993493731627,0.9755555555555555,condition_block,False,"[[0,2,1,2,2,1,1],[1,0,3,3,0,2,0],[1,2,1,1,0,2,2],[0,2,1,1,0,2,3],[1,1,1,3,1,1,1],[0,1,0,6,0,1,1],[0,0,0,3,1,1,4]]","[[0,110,47,100,90,50,53],[51,4,124,139,1,107,24],[49,100,50,51,3,100,97],[0,103,49,51,1,103,143],[49,50,50,151,50,50,50],[0,50,0,293,0,56,51],[0,0,2,149,50,50,199]]",0.0004651436891811335,0.000604634419687384
FROZEN_ENCODER_LINEAR_HEAD_ADAPTATION,3,RANDOM_BLOCK,45,104729,63,3150,0.14285714285714285,0.1471361554068321,0.14063492063492064,0.14615625776372262,0.9714285714285714,condition_block,False,"[[0,2,1,0,0,1,5],[1,2,3,0,0,2,1],[2,1,3,0,0,3,0],[1,2,1,1,0,1,3],[2,1,0,2,1,2,1],[3,1,0,2,2,1,0],[3,0,2,0,1,2,1]]","[[0,110,50,0,0,53,237],[51,95,149,1,1,104,49],[100,44,138,0,9,150,9],[63,102,35,57,4,50,139],[101,47,3,100,49,100,50],[150,50,0,101,95,54,0],[150,1,100,0,49,100,50]]",0.0004651436891811335,0.000604634419687384
FROZEN_ENCODER_LINEAR_HEAD_ADAPTATION,3,RANDOM_BLOCK,45,130363,63,3150,0.14285714285714285,0.14606727858607554,0.1349206349206349,0.13842830178487114,0.9634920634920634,condition_block,False,"[[0,0,1,0,1,4,3],[1,2,3,1,0,0,2],[2,0,4,0,0,3,0],[2,1,2,1,0,1,2],[2,0,1,2,1,2,1],[2,1,0,3,2,0,1],[2,1,2,0,1,2,1]]","[[0,17,50,3,46,194,140],[50,92,149,51,2,7,99],[92,4,184,1,10,150,9],[111,49,79,51,2,62,96],[97,7,49,100,47,100,50],[100,50,1,149,99,1,50],[100,51,100,6,49,94,50]]",0.0004651436891811335,0.000604634419687384
FROZEN_ENCODER_LINEAR_HEAD_ADAPTATION,3,RANDOM_BLOCK,45,155921,63,3150,0.14285714285714285,0.13388555422168866,0.13523809523809524,0.12838090413389974,0.9726984126984127,condition_block,False,"[[1,1,2,1,0,1,3],[1,2,3,1,0,0,2],[3,0,3,0,1,2,0],[2,2,3,0,0,0,2],[1,1,2,3,1,0,1],[2,2,1,2,1,0,1],[2,0,2,3,0,0,2]]","[[46,60,104,50,0,50,140],[51,93,150,50,0,7,99],[148,6,133,1,50,100,12],[112,102,135,4,1,3,93],[54,50,96,150,50,0,50],[100,100,50,100,49,1,50],[100,0,101,149,0,1,99]]",0.0004651436891811335,0.000604634419687384
FROZEN_ENCODER_LINEAR_HEAD_ADAPTATION,3,RANDOM_BLOCK,45,181081,63,3150,0.15873015873015872,0.16195982380192908,0.1634920634920635,0.16692537252817652,0.9653968253968254,condition_block,False,"[[1,1,1,0,1,1,4],[0,1,3,1,1,2,1],[1,0,3,3,0,1,1],[2,2,1,0,0,0,4],[1,1,1,2,2,1,1],[2,1,0,3,2,1,0],[2,0,1,3,0,1,2]]","[[46,64,50,0,40,53,197],[0,54,155,51,41,100,49],[49,1,150,150,0,50,50],[112,103,59,17,0,3,156],[47,53,49,107,93,51,50],[100,50,0,148,96,56,0],[97,1,50,150,0,53,99]]",0.0004651436891811335,0.000604634419687384
FROZEN_ENCODER_LINEAR_HEAD_ADAPTATION,3,RANDOM_BLOCK,45,205439,63,3150,0.1111111111111111,0.11840749058794173,0.1126984126984127,0.11778414615670439,0.9634920634920633,condition_block,False,"[[0,2,1,1,1,2,2],[0,1,3,2,0,1,2],[2,0,2,1,0,3,1],[3,1,1,1,0,1,2],[1,0,1,4,1,1,1],[1,1,0,6,0,1,0],[2,0,2,4,0,0,1]]","[[0,110,50,50,43,97,100],[0,50,149,90,2,84,75],[98,7,103,44,1,150,47],[143,52,38,55,12,56,94],[44,6,50,201,46,50,53],[49,51,0,296,3,51,0],[97,4,99,196,0,4,50]]",0.0004651436891811335,0.000604634419687384
FROZEN_ENCODER_LINEAR_HEAD_ADAPTATION,3,RANDOM_BLOCK,46,104729,63,3150,0.15873015873015872,0.15494676131322094,0.16095238095238096,0.15729204813960537,0.958095238095238,condition_block,False,"[[0,0,1,2,0,3,3],[3,1,2,0,1,1,1],[1,0,2,0,1,4,1],[2,1,2,1,1,0,2],[1,0,2,2,1,2,1],[1,0,1,2,2,2,1],[2,1,1,0,0,2,3]]","[[0,4,63,94,0,149,140],[141,53,105,1,25,50,75],[53,1,100,0,47,198,51],[95,47,106,53,50,6,93],[50,0,100,100,49,101,50],[59,0,50,98,91,102,50],[100,50,51,0,0,99,150]]",0.0004651436891811335,0.000604634419687384
FROZEN_ENCODER_LINEAR_HEAD_ADAPTATION,3,RANDOM_BLOCK,46,130363,63,3150,0.15873015873015872,0.1496598639455782,0.16031746031746033,0.15031736005967036,0.9584126984126984,condition_block,False,"[[0,1,2,1,1,2,2],[1,1,3,2,1,1,0],[1,0,2,1,1,2,2],[1,2,3,0,0,1,2],[1,1,1,2,1,2,1],[1,0,1,3,2,2,0],[2,1,0,0,0,2,4]]","[[0,50,103,50,47,100,100],[41,49,159,101,25,50,25],[43,1,106,44,62,107,87],[62,81,147,4,7,53,96],[44,53,50,103,46,104,50],[53,0,50,153,92,102,0],[97,50,2,3,0,100,198]]",0.0004651436891811335,0.000604634419687384
FROZEN_ENCODER_LINEAR_HEAD_ADAPTATION,3,RANDOM_BLOCK,46,155921,63,3150,0.09523809523809523,0.0933894839400291,0.10666666666666667,0.10525899108818185,0.963174603174603,condition_block,False,"[[0,2,4,2,0,0,1],[0,0,3,2,1,1,2],[2,0,1,0,1,4,1],[2,1,3,0,1,0,2],[1,1,2,2,1,1,1],[1,0,1,4,2,1,0],[3,1,0,1,0,1,3]]","[[0,100,203,97,0,0,50],[1,1,155,90,49,54,100],[99,1,50,0,63,199,38],[77,52,155,19,48,3,96],[29,50,96,100,67,58,50],[59,1,50,198,91,51,0],[150,50,2,50,0,50,148]]",0.0004651436891811335,0.000604634419687384
FROZEN_ENCODER_LINEAR_HEAD_ADAPTATION,3,RANDOM_BLOCK,46,181081,63,3150,0.1111111111111111,0.11436099406024217,0.12,0.12323194382184388,0.9603174603174602,condition_block,False,"[[0,1,1,2,1,2,2],[1,1,3,2,0,1,1],[2,1,1,2,0,1,2],[1,2,1,1,1,1,2],[0,0,1,3,1,3,1],[2,0,1,4,1,1,0],[2,0,1,3,0,1,2]]","[[0,50,63,94,40,103,100],[41,54,155,100,1,74,25],[95,51,50,107,9,50,88],[53,100,50,51,50,50,96],[1,0,50,150,49,150,50],[102,1,50,197,47,53,0],[97,1,29,150,0,52,121]]",0.0004651436891811335,0.000604634419687384
FROZEN_ENCODER_LINEAR_HEAD_ADAPTATION,3,RANDOM_BLOCK,46,205439,63,3150,0.14285714285714285,0.12586675020885546,0.146984126984127,0.13091953612652513,0.9765079365079364,condition_block,False,"[[0,1,1,3,0,2,2],[0,1,3,3,1,1,0],[2,0,1,1,1,3,1],[1,1,2,3,0,0,2],[0,0,1,4,0,2,2],[0,0,1,6,1,1,0],[1,0,0,3,0,2,3]]","[[0,50,50,150,0,100,100],[1,52,152,141,51,53,0],[92,1,66,56,35,150,50],[50,50,102,145,7,3,93],[0,0,50,200,0,104,96],[3,0,50,301,46,50,0],[50,0,1,150,0,99,150]]",0.0004651436891811335,0.000604634419687384
FROZEN_ENCODER_LINEAR_HEAD_ADAPTATION,3,SURFACE_BALANCED,42,104729,63,3150,0.1746031746031746,0.17719949223708623,0.18634920634920635,0.1892851171372408,0.9580952380952379,condition_block,False,"[[2,0,1,0,1,2,3],[0,2,3,2,0,1,1],[2,0,1,2,0,2,2],[2,2,1,0,1,1,2],[1,1,0,4,1,1,1],[2,1,0,3,0,2,1],[1,0,0,2,0,3,3]]","[[96,14,50,3,40,100,147],[1,97,149,100,1,53,49],[92,1,72,101,24,100,60],[97,110,46,18,51,35,93],[43,46,4,207,49,51,50],[99,50,0,147,1,106,47],[50,1,1,100,0,149,149]]",0.0004485100017612343,0.0006965731637446608
FROZEN_ENCODER_LINEAR_HEAD_ADAPTATION,3,SURFACE_BALANCED,42,130363,63,3150,0.15873015873015872,0.15342136854741897,0.15333333333333332,0.14882268964913906,0.9663492063492063,condition_block,False,"[[1,1,2,0,1,1,3],[0,2,2,1,1,2,1],[2,1,2,0,0,3,1],[2,2,1,0,1,0,3],[2,0,3,1,2,0,1],[2,1,1,1,3,1,0],[3,1,1,1,0,1,2]]","[[46,60,104,0,40,53,147],[1,97,100,50,50,103,49],[99,51,88,0,13,150,49],[97,105,32,0,50,24,142],[100,0,146,53,99,2,50],[106,50,50,47,140,54,3],[147,52,50,50,0,52,99]]",0.0004485100017612343,0.0006965731637446608
FROZEN_ENCODER_LINEAR_HEAD_ADAPTATION,3,SURFACE_BALANCED,42,155921,63,3150,0.14285714285714285,0.14449860916026327,0.14984126984126983,0.15091821950844445,0.9555555555555555,condition_block,False,"[[1,1,1,0,1,1,4],[1,1,3,2,1,1,0],[2,0,2,2,0,2,1],[2,2,1,0,1,1,2],[1,0,3,3,1,0,1],[1,1,1,4,0,1,1],[2,0,1,3,0,0,3]]","[[46,58,53,3,43,50,197],[41,57,152,100,50,50,0],[92,4,100,101,21,100,32],[97,105,52,15,50,38,93],[43,0,146,161,49,1,50],[49,50,50,161,36,56,48],[97,0,51,150,0,3,149]]",0.0004485100017612343,0.0006965731637446608
FROZEN_ENCODER_LINEAR_HEAD_ADAPTATION,3,SURFACE_BALANCED,42,181081,63,3150,0.1746031746031746,0.16010282901039202,0.17206349206349206,0.1579864364710321,0.968253968253968,condition_block,False,"[[2,1,2,0,1,2,1],[0,3,1,1,1,2,1],[2,0,2,1,0,3,1],[2,2,1,0,1,0,3],[2,3,2,0,0,1,1],[2,2,0,1,2,2,0],[1,2,0,2,0,2,2]]","[[93,63,101,3,40,100,50],[1,147,50,50,50,103,49],[99,10,100,49,10,150,32],[94,113,32,0,48,21,142],[100,143,100,3,0,54,50],[106,100,0,47,94,103,0],[50,99,1,100,0,101,99]]",0.0004485100017612343,0.0006965731637446608
FROZEN_ENCODER_LINEAR_HEAD_ADAPTATION,3,SURFACE_BALANCED,42,205439,63,3150,0.14285714285714285,0.14430070273723522,0.14634920634920634,0.14726072309983032,0.9517460317460317,condition_block,False,"[[1,0,2,1,2,3,0],[0,3,2,2,0,1,1],[2,0,1,1,1,2,2],[3,1,0,0,2,1,2],[1,2,1,2,1,1,1],[1,2,0,3,2,1,0],[1,2,1,2,0,1,2]]","[[46,14,100,35,78,162,15],[1,146,101,100,0,53,49],[98,3,51,50,66,100,82],[140,61,3,12,97,44,93],[54,93,54,103,50,46,50],[52,100,0,145,96,57,0],[74,95,49,100,0,33,99]]",0.0004485100017612343,0.0006965731637446608
FROZEN_ENCODER_LINEAR_HEAD_ADAPTATION,3,SURFACE_BALANCED,43,104729,63,3150,0.1746031746031746,0.169538234821007,0.17587301587301588,0.1714568036554153,0.9615873015873015,condition_block,False,"[[2,0,2,1,1,1,2],[2,1,2,1,0,2,1],[2,1,2,1,0,1,2],[1,1,3,1,0,1,2],[1,1,1,1,1,2,2],[1,0,0,4,1,1,2],[2,1,1,1,0,1,3]]","[[93,14,100,50,53,50,90],[91,55,102,53,0,99,50],[83,57,109,64,3,49,85],[53,57,139,48,10,50,93],[48,50,50,56,50,100,96],[52,3,1,197,47,50,100],[100,51,50,50,0,50,149]]",0.0004485100017612343,0.0006965731637446608
FROZEN_ENCODER_LINEAR_HEAD_ADAPTATION,3,SURFACE_BALANCED,43,130363,63,3150,0.1746031746031746,0.1738198309626881,0.1746031746031746,0.17282084755131133,0.9571428571428571,condition_block,False,"[[1,1,2,1,0,1,3],[1,1,2,1,1,2,1],[3,0,3,0,0,2,1],[2,1,2,1,0,0,3],[0,0,2,1,2,2,2],[1,1,0,2,3,1,1],[4,1,1,0,0,1,2]]","[[41,60,100,47,0,53,149],[65,53,87,50,45,101,49],[139,7,165,0,4,100,35],[109,57,101,35,9,0,139],[5,0,99,47,102,99,98],[53,51,0,97,144,55,50],[200,52,49,0,0,50,99]]",0.0004485100017612343,0.0006965731637446608
FROZEN_ENCODER_LINEAR_HEAD_ADAPTATION,3,SURFACE_BALANCED,43,155921,63,3150,0.15873015873015872,0.15409642117716651,0.1653968253968254,0.1611671558513775,0.965079365079365,condition_block,False,"[[1,1,1,2,1,1,2],[1,1,3,2,0,2,0],[3,0,2,2,0,1,1],[2,1,2,2,0,0,2],[1,0,2,1,1,2,2],[2,1,0,4,1,0,1],[2,1,1,1,0,1,3]]","[[53,57,50,97,50,53,90],[66,53,133,93,5,100,0],[136,7,115,102,3,49,38],[97,57,99,98,6,0,93],[48,0,99,56,50,99,98],[102,50,0,198,47,3,50],[100,50,51,50,0,50,149]]",0.0004485100017612343,0.0006965731637446608
FROZEN_ENCODER_LINEAR_HEAD_ADAPTATION,3,SURFACE_BALANCED,43,181081,63,3150,0.19047619047619047,0.19302387621715353,0.18603174603174602,0.18709814037662564,0.9542857142857142,condition_block,False,"[[1,1,2,0,0,2,3],[2,2,2,2,0,1,0],[3,0,1,1,1,3,0],[0,1,3,2,0,1,2],[1,1,1,1,2,1,2],[0,2,0,2,2,1,2],[2,2,2,0,0,0,3]]","[[47,60,100,3,0,100,140],[75,104,105,90,1,51,24],[131,7,56,43,63,150,0],[15,60,149,79,10,44,93],[51,54,50,50,99,50,96],[3,103,0,97,95,52,100],[100,101,96,0,0,4,149]]",0.0004485100017612343,0.0006965731637446608
FROZEN_ENCODER_LINEAR_HEAD_ADAPTATION,3,SURFACE_BALANCED,43,205439,63,3150,0.15873015873015872,0.16028492368607364,0.16285714285714287,0.16366632853968685,0.9565079365079365,condition_block,False,"[[1,0,3,1,0,2,2],[1,2,2,2,0,1,1],[2,1,1,1,0,2,2],[1,3,2,1,0,0,2],[0,2,1,3,1,0,2],[0,1,0,3,3,2,0],[3,2,1,1,0,0,2]]","[[46,14,141,59,0,100,90],[50,103,99,90,7,51,50],[89,60,83,33,3,100,82],[65,147,99,33,7,6,93],[5,97,50,149,50,3,96],[3,52,0,148,148,99,0],[150,100,50,50,0,1,99]]",0.0004485100017612343,0.0006965731637446608
FROZEN_ENCODER_LINEAR_HEAD_ADAPTATION,3,SURFACE_BALANCED,44,104729,63,3150,0.14285714285714285,0.13896103896103895,0.13873015873015873,0.1353090600357391,0.9653968253968253,condition_block,False,"[[0,0,2,0,4,1,2],[2,1,2,2,0,0,2],[2,2,1,0,1,1,2],[1,1,1,1,0,2,3],[1,1,0,3,1,2,1],[1,1,0,3,2,2,0],[2,0,0,2,1,1,3]]","[[3,8,106,0,192,41,100],[91,50,102,100,1,6,100],[101,100,50,0,50,50,99],[62,52,56,30,10,97,143],[49,46,4,151,50,100,50],[49,50,0,148,97,105,1],[97,0,2,100,50,52,149]]",0.0004485100017612343,0.0006965731637446608
FROZEN_ENCODER_LINEAR_HEAD_ADAPTATION,3,SURFACE_BALANCED,44,130363,63,3150,0.1111111111111111,0.11546096699549387,0.11523809523809524,0.11731264825387484,0.9533333333333334,condition_block,False,"[[1,3,3,0,2,0,0],[0,1,4,2,0,2,0],[1,3,1,0,0,2,2],[0,3,2,0,1,0,3],[1,1,1,2,2,1,1],[2,2,1,3,0,1,0],[2,1,2,0,1,2,1]]","[[47,160,140,0,100,3,0],[1,54,198,90,1,88,18],[53,153,56,0,4,100,84],[12,158,102,0,56,0,122],[50,50,50,100,100,50,50],[117,101,50,108,18,55,1],[100,51,99,0,50,99,51]]",0.0004485100017612343,0.0006965731637446608
FROZEN_ENCODER_LINEAR_HEAD_ADAPTATION,3,SURFACE_BALANCED,44,155921,63,3150,0.09523809523809523,0.08710120203687884,0.10952380952380952,0.09987433735178608,0.9647619047619047,condition_block,False,"[[0,2,2,0,3,0,2],[1,1,4,1,0,1,1],[2,2,2,0,0,1,2],[0,2,2,0,1,1,3],[1,1,1,2,2,1,1],[1,2,1,2,1,0,2],[2,0,2,1,1,2,1]]","[[0,104,106,0,137,3,100],[41,54,198,50,1,56,50],[101,94,106,0,15,50,84],[12,100,100,4,59,32,143],[49,50,50,101,100,50,50],[49,100,50,99,46,6,100],[100,0,100,50,50,75,75]]",0.0004485100017612343,0.0006965731637446608
FROZEN_ENCODER_LINEAR_HEAD_ADAPTATION,3,SURFACE_BALANCED,44,181081,63,3150,0.1111111111111111,0.1052568853628408,0.10920634920634921,0.10377352255643858,0.9733333333333334,condition_block,False,"[[1,3,3,0,2,0,0],[1,2,2,1,0,2,1],[2,2,0,0,2,2,1],[0,3,1,0,1,2,2],[1,2,0,2,1,2,1],[4,1,0,2,1,1,0],[2,1,0,0,1,3,2]]","[[47,160,140,0,100,3,0],[51,93,99,51,1,106,49],[103,100,0,0,98,100,49],[12,160,55,0,57,73,93],[54,96,4,100,46,100,50],[198,51,0,98,46,57,0],[99,50,1,0,50,149,101]]",0.0004485100017612343,0.0006965731637446608
FROZEN_ENCODER_LINEAR_HEAD_ADAPTATION,3,SURFACE_BALANCED,44,205439,63,3150,0.14285714285714285,0.14329556383957093,0.14063492063492064,0.14156821872238323,0.9682539682539681,condition_block,False,"[[1,1,1,0,3,1,2],[0,1,2,3,0,2,1],[1,2,1,1,0,2,2],[1,3,1,1,0,1,2],[1,2,0,3,1,1,1],[2,1,0,5,0,1,0],[2,0,0,2,1,1,3]]","[[47,64,50,3,136,50,100],[1,44,109,140,0,106,50],[54,100,50,49,15,100,82],[62,141,52,48,1,53,93],[50,99,1,151,49,50,50],[99,50,0,245,0,56,0],[100,0,2,99,50,50,149]]",0.0004485100017612343,0.0006965731637446608
FROZEN_ENCODER_LINEAR_HEAD_ADAPTATION,3,SURFACE_BALANCED,45,104729,63,3150,0.14285714285714285,0.14665245315400113,0.13206349206349208,0.13568356406652485,0.9603174603174602,condition_block,False,"[[0,1,1,0,2,3,2],[0,2,3,2,0,0,2],[1,1,3,3,0,1,0],[2,2,1,0,0,1,3],[1,1,1,2,1,2,1],[3,1,0,3,1,1,0],[2,0,1,3,0,1,2]]","[[0,64,50,3,86,147,100],[1,92,149,101,0,7,100],[50,51,121,133,9,66,20],[94,99,38,8,16,53,142],[53,50,50,101,46,100,50],[149,50,1,151,49,50,0],[97,1,50,150,0,53,99]]",0.0004485100017612343,0.0006965731637446608
FROZEN_ENCODER_LINEAR_HEAD_ADAPTATION,3,SURFACE_BALANCED,45,130363,63,3150,0.1111111111111111,0.09087945523036801,0.10793650793650794,0.09111972651814522,0.9701587301587301,condition_block,False,"[[0,1,3,1,2,0,2],[2,1,3,0,1,1,1],[2,1,4,0,1,1,0],[1,2,5,0,0,0,1],[1,1,3,1,1,1,1],[1,1,0,3,3,0,1],[3,1,2,1,0,1,1]]","[[0,60,144,47,96,3,100],[100,53,156,0,41,50,50],[99,53,182,0,51,50,15],[65,104,228,0,3,0,50],[54,50,142,53,51,50,50],[56,50,1,144,145,4,50],[149,50,101,50,0,50,50]]",0.0004485100017612343,0.0006965731637446608
FROZEN_ENCODER_LINEAR_HEAD_ADAPTATION,3,SURFACE_BALANCED,45,155921,63,3150,0.09523809523809523,0.08659420289855072,0.09841269841269841,0.08998107236497818,0.9730158730158729,condition_block,False,"[[0,1,1,0,3,0,4],[1,1,3,2,0,1,1],[0,0,3,3,1,1,1],[1,2,3,0,0,0,3],[1,1,2,2,1,1,1],[1,1,0,2,2,0,3],[2,0,2,3,0,1,1]]","[[0,60,54,3,136,0,197],[50,53,149,90,4,54,50],[1,0,150,139,50,60,50],[50,102,132,5,15,3,143],[49,50,95,101,52,50,53],[49,50,0,102,100,0,149],[99,0,101,150,0,50,50]]",0.0004485100017612343,0.0006965731637446608
FROZEN_ENCODER_LINEAR_HEAD_ADAPTATION,3,SURFACE_BALANCED,45,181081,63,3150,0.12698412698412698,0.13589927198949756,0.13523809523809524,0.14214967386209046,0.9625396825396825,condition_block,False,"[[0,2,2,1,0,2,2],[1,2,3,0,0,1,2],[4,0,1,0,1,3,0],[1,2,3,0,0,1,2],[1,2,0,2,2,1,1],[3,2,0,3,0,1,0],[1,2,2,1,0,1,2]]","[[0,113,90,47,0,100,100],[51,96,149,0,1,54,99],[171,16,77,0,51,129,6],[65,103,128,7,4,50,93],[54,100,3,100,93,50,50],[153,100,0,140,3,54,0],[50,100,100,50,0,51,99]]",0.0004485100017612343,0.0006965731637446608
FROZEN_ENCODER_LINEAR_HEAD_ADAPTATION,3,SURFACE_BALANCED,45,205439,63,3150,0.1746031746031746,0.1688618925831202,0.16952380952380952,0.16564854937198506,0.9609523809523808,condition_block,False,"[[2,0,2,1,1,1,2],[1,1,3,1,0,2,1],[3,1,4,0,0,1,0],[3,2,1,0,0,1,2],[2,1,2,2,1,0,1],[1,1,0,5,1,1,0],[2,1,2,2,0,0,2]]","[[96,14,106,50,40,44,100],[50,55,150,41,0,105,49],[142,65,177,1,0,50,15],[155,103,59,4,1,35,93],[103,50,96,101,46,4,50],[50,51,0,246,46,57,0],[97,51,100,99,0,4,99]]",0.0004485100017612343,0.0006965731637446608
FROZEN_ENCODER_LINEAR_HEAD_ADAPTATION,3,SURFACE_BALANCED,46,104729,63,3150,0.15873015873015872,0.14393514981750277,0.1568253968253968,0.14237668395078298,0.9682539682539681,condition_block,False,"[[1,0,2,2,1,2,1],[2,0,2,1,1,1,2],[1,0,1,1,1,3,2],[1,2,2,1,0,1,2],[0,1,1,2,1,3,1],[0,0,1,3,2,2,1],[3,0,0,1,0,1,4]]","[[46,4,106,94,50,100,50],[91,0,109,57,49,50,94],[49,1,56,50,63,143,88],[50,96,103,45,7,53,96],[1,47,50,102,46,154,50],[3,0,50,153,92,102,50],[147,0,2,50,0,52,199]]",0.0004485100017612343,0.0006965731637446608
FROZEN_ENCODER_LINEAR_HEAD_ADAPTATION,3,SURFACE_BALANCED,46,130363,63,3150,0.1746031746031746,0.15926286303995282,0.18,0.1642383299316171,0.9615873015873015,condition_block,False,"[[0,1,2,2,1,1,2],[0,1,4,1,1,1,1],[2,0,4,0,0,3,0],[2,2,2,0,1,0,2],[0,2,3,1,1,1,1],[1,1,1,2,2,2,0],[2,1,0,1,0,2,3]]","[[0,47,103,94,53,53,100],[1,53,180,50,63,53,50],[94,1,199,0,1,149,6],[91,81,124,7,50,3,94],[1,99,146,50,49,55,50],[59,50,50,97,92,102,0],[100,51,1,41,0,100,157]]",0.0004485100017612343,0.0006965731637446608
FROZEN_ENCODER_LINEAR_HEAD_ADAPTATION,3,SURFACE_BALANCED,46,155921,63,3150,0.15873015873015872,0.1360055133164377,0.16253968253968254,0.14091534640885084,0.972063492063492,condition_block,False,"[[0,1,3,2,1,1,1],[1,1,4,1,0,1,1],[1,0,4,1,0,2,1],[1,1,3,1,1,0,2],[0,1,2,3,0,1,2],[0,1,1,3,2,1,1],[2,0,1,1,0,2,3]]","[[0,47,156,97,50,50,50],[41,54,180,50,25,50,50],[43,1,205,50,1,100,50],[50,50,152,46,56,3,93],[1,50,96,149,4,54,96],[3,50,50,153,91,53,50],[100,0,51,50,0,99,150]]",0.0004485100017612343,0.0006965731637446608
FROZEN_ENCODER_LINEAR_HEAD_ADAPTATION,3,SURFACE_BALANCED,46,181081,63,3150,0.09523809523809523,0.09565154935998925,0.10158730158730159,0.10299192939167741,0.9526984126984126,condition_block,False,"[[0,1,2,2,0,2,2],[1,1,3,1,0,1,2],[2,0,1,0,1,3,2],[1,2,3,0,0,1,2],[1,2,0,1,1,3,1],[2,1,0,3,2,1,0],[1,1,0,2,0,3,2]]","[[0,53,100,97,0,100,100],[51,68,135,51,1,69,75],[103,1,50,0,63,155,78],[68,76,155,4,4,50,93],[47,99,4,50,46,154,50],[110,50,0,146,91,53,0],[50,50,1,100,0,150,99]]",0.0004485100017612343,0.0006965731637446608
FROZEN_ENCODER_LINEAR_HEAD_ADAPTATION,3,SURFACE_BALANCED,46,205439,63,3150,0.12698412698412698,0.1291112936402631,0.12825396825396826,0.13061523595047997,0.9666666666666667,condition_block,False,"[[1,1,1,2,1,1,2],[0,1,3,3,1,1,0],[2,0,1,0,1,3,2],[2,1,2,0,2,0,2],[1,1,1,2,1,2,1],[1,0,1,4,2,1,0],[3,1,0,1,0,1,3]]","[[46,50,64,97,43,50,100],[1,49,155,141,53,50,1],[95,1,56,1,59,150,88],[91,48,101,5,106,6,93],[50,46,50,100,49,105,50],[59,0,50,198,92,51,0],[150,50,2,50,0,50,148]]",0.0004485100017612343,0.0006965731637446608
FROZEN_ENCODER_LINEAR_HEAD_ADAPTATION,5,JOINT_FACTOR_COVERAGE,42,104729,63,3150,0.14285714285714285,0.13566058002148226,0.14253968253968255,0.1358207565987512,0.9704761904761903,condition_block,True,"[[2,2,2,1,1,0,1],[1,0,1,1,0,4,2],[2,1,0,2,0,3,1],[0,1,2,1,1,4,0],[0,1,0,4,0,2,2],[0,1,3,3,0,2,0],[1,2,2,0,0,0,4]]","[[97,107,90,50,53,3,50],[51,0,50,53,7,190,99],[85,56,7,100,3,145,54],[0,48,102,47,51,196,6],[0,49,5,199,0,97,100],[4,50,152,144,1,99,0],[51,100,98,2,0,0,199]]",0.0004743925796714841,0.0006323127617256334
FROZEN_ENCODER_LINEAR_HEAD_ADAPTATION,5,JOINT_FACTOR_COVERAGE,42,130363,63,3150,0.09523809523809523,0.08889294848374132,0.10539682539682539,0.10092059234387007,0.9587301587301585,condition_block,True,"[[2,2,2,1,1,0,1],[1,0,0,1,2,3,2],[1,0,0,3,0,4,1],[1,0,2,0,1,3,2],[1,1,0,4,0,2,1],[1,1,2,2,1,1,1],[1,2,1,1,0,1,3]]","[[100,97,90,50,59,3,51],[53,24,0,26,107,141,99],[35,12,7,150,4,192,50],[47,4,80,0,48,175,96],[50,46,4,203,0,97,50],[54,51,99,97,47,52,50],[51,100,49,51,0,50,149]]",0.0004743925796714841,0.0006323127617256334
FROZEN_ENCODER_LINEAR_HEAD_ADAPTATION,5,JOINT_FACTOR_COVERAGE,42,155921,63,3150,0.12698412698412698,0.11961451247165532,0.1295238095238095,0.1234838818920662,0.9565079365079365,condition_block,True,"[[2,1,2,1,2,0,1],[0,0,1,1,2,3,2],[1,0,1,2,0,4,1],[1,0,2,0,2,2,2],[1,1,0,4,0,2,1],[1,0,2,2,2,1,1],[1,3,1,0,0,0,4]]","[[97,50,94,50,106,3,50],[3,0,50,51,107,140,99],[35,34,57,79,3,191,51],[29,1,96,3,98,130,93],[50,46,8,199,0,97,50],[54,0,99,98,96,52,51],[51,149,49,2,0,0,199]]",0.0004743925796714841,0.0006323127617256334
FROZEN_ENCODER_LINEAR_HEAD_ADAPTATION,5,JOINT_FACTOR_COVERAGE,42,181081,63,3150,0.12698412698412698,0.12003341687552213,0.12857142857142856,0.12247150541398429,0.9707936507936507,condition_block,True,"[[2,2,2,1,1,1,0],[0,2,1,1,1,4,0],[1,1,0,2,0,3,2],[2,0,1,0,1,4,1],[1,1,0,3,0,2,2],[1,1,1,2,1,1,2],[2,2,0,1,0,1,3]]","[[97,104,96,50,50,53,0],[3,98,49,52,58,190,0],[35,62,6,100,3,149,95],[76,4,53,3,47,213,54],[54,49,0,150,0,97,100],[54,50,49,97,47,52,101],[100,100,0,51,0,50,149]]",0.0004743925796714841,0.0006323127617256334
FROZEN_ENCODER_LINEAR_HEAD_ADAPTATION,5,JOINT_FACTOR_COVERAGE,42,205439,63,3150,0.1746031746031746,0.16238495398159264,0.173015873015873,0.16274188616519766,0.9555555555555554,condition_block,True,"[[3,1,1,1,2,0,1],[1,1,0,0,2,3,2],[1,1,0,3,0,3,1],[1,1,2,1,1,2,1],[0,1,0,5,0,2,1],[1,1,2,2,0,2,1],[2,2,1,0,0,0,4]]","[[147,50,41,50,109,3,50],[53,49,1,23,85,140,99],[35,55,7,151,3,149,50],[35,45,102,47,48,118,55],[0,49,4,254,0,97,46],[54,39,99,111,1,96,50],[100,100,49,2,0,0,199]]",0.0004743925796714841,0.0006323127617256334
FROZEN_ENCODER_LINEAR_HEAD_ADAPTATION,5,JOINT_FACTOR_COVERAGE,43,104729,63,3150,0.12698412698412698,0.1118590126108923,0.14,0.1234412694783548,0.9577777777777777,condition_block,True,"[[0,1,1,1,2,0,4],[0,1,3,1,1,1,2],[1,1,1,2,1,0,3],[1,1,2,1,2,1,1],[1,0,1,3,0,2,2],[2,1,0,2,1,1,2],[2,0,2,0,0,1,4]]","[[3,50,50,53,98,6,190],[0,53,149,51,46,50,101],[56,50,50,75,44,26,149],[50,49,82,72,102,51,44],[50,3,50,163,0,100,84],[99,51,0,102,46,52,100],[89,0,98,2,0,50,211]]",0.0004743925796714841,0.0006323127617256334
FROZEN_ENCODER_LINEAR_HEAD_ADAPTATION,5,JOINT_FACTOR_COVERAGE,43,130363,63,3150,0.1111111111111111,0.09740259740259741,0.11460317460317461,0.10195628205712293,0.9774603174603175,condition_block,True,"[[0,1,1,1,1,1,4],[1,0,4,1,1,1,1],[2,0,2,2,1,0,2],[2,0,2,1,1,2,1],[2,0,1,3,0,2,1],[2,1,1,0,1,2,2],[1,0,4,1,0,1,2]]","[[0,50,50,56,54,50,190],[49,5,199,50,47,50,50],[109,0,99,96,42,5,99],[97,3,101,55,49,101,44],[101,3,50,146,0,100,50],[98,50,49,4,46,102,101],[51,0,198,51,0,50,100]]",0.0004743925796714841,0.0006323127617256334
FROZEN_ENCODER_LINEAR_HEAD_ADAPTATION,5,JOINT_FACTOR_COVERAGE,43,155921,63,3150,0.14285714285714285,0.14193556210362931,0.1492063492063492,0.14742492310980518,0.9698412698412698,condition_block,True,"[[0,2,1,1,2,0,3],[1,2,2,1,1,1,1],[1,1,1,1,1,2,2],[1,0,3,1,2,1,1],[2,0,1,3,0,2,1],[2,0,1,0,2,2,2],[1,0,3,1,0,1,3]]","[[0,102,50,53,98,6,141],[50,103,100,50,46,50,51],[59,50,56,69,41,70,105],[50,12,145,55,93,51,44],[100,4,50,146,0,100,50],[98,0,49,4,96,103,100],[51,0,145,51,0,50,153]]",0.0004743925796714841,0.0006323127617256334
FROZEN_ENCODER_LINEAR_HEAD_ADAPTATION,5,JOINT_FACTOR_COVERAGE,43,181081,63,3150,0.15873015873015872,0.16458462172747884,0.16253968253968254,0.1686788919088129,0.9815873015873017,condition_block,True,"[[1,1,1,1,1,1,3],[0,2,3,0,1,2,1],[2,0,2,1,1,1,2],[2,0,2,1,1,0,3],[3,0,1,1,1,2,1],[2,2,0,0,1,2,2],[2,0,4,1,0,1,1]]","[[53,50,50,53,48,56,140],[0,103,150,1,46,100,50],[109,1,99,50,41,45,105],[97,3,102,55,46,1,146],[150,0,50,50,50,100,50],[97,100,4,1,46,102,100],[101,0,198,51,0,50,50]]",0.0004743925796714841,0.0006323127617256334
FROZEN_ENCODER_LINEAR_HEAD_ADAPTATION,5,JOINT_FACTOR_COVERAGE,43,205439,63,3150,0.15873015873015872,0.1540620443448165,0.15301587301587302,0.14673617899051533,0.9726984126984127,condition_block,True,"[[1,1,1,1,1,1,3],[0,2,3,0,1,1,2],[1,0,2,3,1,0,2],[1,2,2,1,1,1,1],[1,0,2,3,0,2,1],[3,0,0,1,2,1,2],[3,0,2,0,0,1,3]]","[[50,53,50,56,48,52,141],[0,79,149,25,46,50,101],[59,0,99,144,41,5,102],[50,99,99,52,46,51,53],[50,0,100,150,0,100,50],[146,1,0,55,96,52,100],[150,0,98,2,0,50,150]]",0.0004743925796714841,0.0006323127617256334
FROZEN_ENCODER_LINEAR_HEAD_ADAPTATION,5,JOINT_FACTOR_COVERAGE,44,104729,63,3150,0.1746031746031746,0.16433798399742675,0.17809523809523808,0.16826882339922353,0.9634920634920635,condition_block,True,"[[0,1,2,1,3,0,2],[1,1,4,1,0,1,1],[1,2,1,1,0,1,3],[2,2,1,2,0,1,1],[3,1,2,1,0,1,1],[3,1,0,2,1,2,0],[1,2,0,0,0,1,5]]","[[1,57,100,50,152,0,90],[50,53,204,50,3,40,50],[51,101,56,50,0,43,149],[71,124,47,102,3,53,50],[149,51,100,50,0,71,29],[147,54,0,102,50,97,0],[50,98,0,0,1,49,252]]",0.0004743925796714841,0.0006323127617256334
FROZEN_ENCODER_LINEAR_HEAD_ADAPTATION,5,JOINT_FACTOR_COVERAGE,44,130363,63,3150,0.15873015873015872,0.1515185021376972,0.16158730158730158,0.15545142993781877,0.9692063492063493,condition_block,True,"[[1,2,1,1,2,0,2],[2,1,2,1,0,2,1],[2,3,1,0,0,1,2],[2,1,1,2,0,2,1],[4,0,1,2,0,1,1],[3,1,0,3,0,2,0],[1,1,2,1,0,1,3]]","[[53,102,48,50,106,0,91],[100,54,102,52,2,90,50],[101,145,62,0,0,43,99],[118,32,50,94,3,103,50],[195,5,51,96,0,50,53],[150,55,1,146,1,97,0],[51,52,100,49,0,49,149]]",0.0004743925796714841,0.0006323127617256334
FROZEN_ENCODER_LINEAR_HEAD_ADAPTATION,5,JOINT_FACTOR_COVERAGE,44,155921,63,3150,0.20634920634920634,0.18566905022878716,0.20793650793650795,0.18949273265969738,0.9736507936507935,condition_block,True,"[[2,0,1,1,3,0,2],[1,1,2,1,0,2,2],[2,1,1,1,0,1,3],[2,0,1,2,1,1,2],[3,0,1,2,0,1,2],[3,1,0,3,0,2,0],[1,0,0,2,0,1,5]]","[[99,4,47,53,156,0,91],[51,54,102,53,1,90,99],[101,51,62,44,0,43,149],[100,0,50,97,50,57,96],[149,4,50,97,0,50,100],[148,53,0,151,1,97,0],[50,4,8,92,0,50,246]]",0.0004743925796714841,0.0006323127617256334
FROZEN_ENCODER_LINEAR_HEAD_ADAPTATION,5,JOINT_FACTOR_COVERAGE,44,181081,63,3150,0.1746031746031746,0.16626492494230893,0.17206349206349206,0.16354183499432326,0.9603174603174605,condition_block,True,"[[2,2,0,1,2,1,1],[2,2,2,0,0,2,1],[2,3,1,0,0,2,1],[1,3,1,1,0,2,1],[4,0,1,2,0,2,0],[2,2,1,2,0,2,0],[1,1,2,1,0,1,3]]","[[97,104,3,50,106,50,40],[100,103,105,0,2,90,50],[92,154,56,0,0,74,74],[71,129,50,43,3,105,49],[195,5,51,96,0,100,3],[104,104,50,97,1,94,0],[51,52,100,49,0,49,149]]",0.0004743925796714841,0.0006323127617256334
FROZEN_ENCODER_LINEAR_HEAD_ADAPTATION,5,JOINT_FACTOR_COVERAGE,44,205439,63,3150,0.20634920634920634,0.19090060266530856,0.20317460317460317,0.18868478354574497,0.9695238095238095,condition_block,True,"[[1,1,1,0,2,2,2],[1,1,3,1,0,2,1],[2,2,2,0,0,1,2],[2,1,1,2,1,1,1],[3,0,1,2,0,2,1],[3,0,0,3,0,2,1],[1,1,0,1,0,1,5]]","[[53,53,47,24,107,75,91],[50,53,154,51,2,90,50],[101,101,99,1,0,49,99],[100,53,47,91,53,53,53],[149,2,54,99,0,94,52],[150,5,0,148,1,97,49],[50,51,0,50,0,52,247]]",0.0004743925796714841,0.0006323127617256334
FROZEN_ENCODER_LINEAR_HEAD_ADAPTATION,5,JOINT_FACTOR_COVERAGE,45,104729,63,3150,0.1746031746031746,0.16732050715022853,0.17015873015873015,0.1637628971263534,0.9755555555555555,condition_block,True,"[[1,2,2,0,2,0,2],[1,1,5,0,0,1,1],[2,0,3,1,0,1,2],[0,0,3,3,1,1,1],[2,1,2,1,0,1,2],[2,1,0,2,1,1,2],[2,3,1,0,1,0,2]]","[[40,97,104,0,106,3,100],[54,53,251,3,1,38,50],[98,7,149,50,4,43,99],[4,3,145,144,50,54,50],[102,51,100,46,1,50,100],[102,51,4,94,50,50,99],[100,149,51,4,47,0,99]]",0.0004743925796714841,0.0006323127617256334
FROZEN_ENCODER_LINEAR_HEAD_ADAPTATION,5,JOINT_FACTOR_COVERAGE,45,130363,63,3150,0.12698412698412698,0.11499651142508285,0.12507936507936507,0.11495502545704119,0.9704761904761904,condition_block,True,"[[1,3,2,0,1,0,2],[1,1,5,0,0,1,1],[1,1,3,1,0,1,2],[1,0,3,1,1,1,2],[3,1,1,2,0,1,1],[3,3,0,2,0,1,0],[2,2,3,1,0,0,1]]","[[40,146,103,0,57,3,101],[54,52,248,1,5,37,53],[51,54,149,50,1,43,102],[48,3,145,51,50,54,99],[146,51,47,94,6,53,53],[151,150,1,98,0,47,3],[100,100,150,51,0,0,49]]",0.0004743925796714841,0.0006323127617256334
FROZEN_ENCODER_LINEAR_HEAD_ADAPTATION,5,JOINT_FACTOR_COVERAGE,45,155921,63,3150,0.12698412698412698,0.12801598900429736,0.13111111111111112,0.13018120151043466,0.9609523809523809,condition_block,True,"[[0,3,3,0,1,0,2],[0,1,4,0,0,2,2],[1,1,2,1,0,1,3],[0,0,3,2,1,1,2],[1,1,1,2,1,2,1],[3,2,0,2,0,1,1],[3,3,1,1,0,0,1]]","[[0,143,143,3,57,3,101],[4,53,199,1,4,87,102],[48,50,113,51,0,43,145],[1,3,148,98,47,57,96],[53,50,50,114,50,83,50],[130,100,1,116,0,50,53],[153,143,54,51,0,0,49]]",0.0004743925796714841,0.0006323127617256334
FROZEN_ENCODER_LINEAR_HEAD_ADAPTATION,5,JOINT_FACTOR_COVERAGE,45,181081,63,3150,0.15873015873015872,0.1555914673561732,0.14984126984126983,0.14696492833108052,0.9590476190476188,condition_block,True,"[[2,2,2,0,1,0,2],[1,2,5,0,0,0,1],[3,2,2,1,0,1,0],[0,1,2,1,2,1,2],[2,0,2,2,1,1,1],[2,2,0,3,0,1,1],[2,2,2,1,1,0,1]]","[[90,99,100,0,57,3,101],[54,90,248,0,4,0,54],[138,116,99,50,1,43,3],[21,50,102,48,77,53,99],[106,1,97,79,49,68,50],[104,101,1,144,0,47,53],[100,91,109,51,50,0,49]]",0.0004743925796714841,0.0006323127617256334
FROZEN_ENCODER_LINEAR_HEAD_ADAPTATION,5,JOINT_FACTOR_COVERAGE,45,205439,63,3150,0.1746031746031746,0.16859640673411033,0.17936507936507937,0.17295254708220661,0.972063492063492,condition_block,True,"[[1,2,2,0,1,1,2],[1,1,4,1,0,1,1],[1,1,3,1,0,1,2],[1,0,3,2,1,1,1],[1,1,0,2,1,2,2],[1,1,0,3,0,1,3],[2,2,2,1,0,0,2]]","[[50,97,93,3,57,49,101],[53,53,199,53,1,38,53],[48,57,149,50,1,43,102],[33,0,145,115,47,54,56],[50,54,0,100,49,100,97],[52,51,1,144,0,50,152],[100,100,100,50,1,0,99]]",0.0004743925796714841,0.0006323127617256334
FROZEN_ENCODER_LINEAR_HEAD_ADAPTATION,5,JOINT_FACTOR_COVERAGE,46,104729,63,3150,0.1746031746031746,0.15728209412419938,0.16634920634920636,0.14930629509471757,0.9638095238095237,condition_block,True,"[[0,1,3,1,2,1,1],[0,2,3,0,1,2,1],[1,1,4,1,0,1,1],[1,0,2,0,5,1,0],[2,1,3,1,1,0,1],[1,3,1,1,1,2,0],[1,1,2,0,0,3,2]]","[[0,54,149,50,100,47,50],[1,79,180,0,50,90,50],[54,51,199,38,9,50,49],[60,9,102,4,221,54,0],[100,54,150,46,50,0,50],[48,149,54,53,47,96,3],[50,52,101,0,1,150,96]]",0.0004743925796714841,0.0006323127617256334
FROZEN_ENCODER_LINEAR_HEAD_ADAPTATION,5,JOINT_FACTOR_COVERAGE,46,130363,63,3150,0.12698412698412698,0.11471712430791715,0.12634920634920635,0.1147280137753622,0.9717460317460316,condition_block,True,"[[1,2,1,1,2,1,1],[3,1,3,0,0,1,1],[2,1,3,1,1,0,1],[2,0,3,0,3,1,0],[2,1,3,1,1,0,1],[2,2,1,1,1,2,0],[2,1,3,1,0,2,0]]","[[50,100,50,50,103,47,50],[154,50,152,0,4,40,50],[104,51,148,38,59,1,49],[109,9,152,4,125,51,0],[100,50,150,50,50,0,50],[101,101,53,50,46,96,3],[88,52,160,50,0,100,0]]",0.0004743925796714841,0.0006323127617256334
FROZEN_ENCODER_LINEAR_HEAD_ADAPTATION,5,JOINT_FACTOR_COVERAGE,46,155921,63,3150,0.1111111111111111,0.09895273899033297,0.1111111111111111,0.10003874986105846,0.9533333333333333,condition_block,True,"[[0,2,2,1,2,1,1],[1,1,3,0,1,1,2],[1,3,2,1,0,1,1],[2,0,1,0,4,1,1],[2,0,3,1,2,1,0],[2,1,1,2,1,2,0],[1,0,3,0,0,5,0]]","[[0,106,97,50,100,47,50],[55,50,153,1,52,40,99],[55,156,99,38,9,44,49],[115,0,59,4,174,54,44],[100,10,150,46,100,44,0],[112,50,53,80,55,97,3],[50,25,150,1,0,224,0]]",0.0004743925796714841,0.0006323127617256334
FROZEN_ENCODER_LINEAR_HEAD_ADAPTATION,5,JOINT_FACTOR_COVERAGE,46,181081,63,3150,0.09523809523809523,0.09711399711399712,0.10222222222222223,0.1044889151428443,0.9628571428571429,condition_block,True,"[[1,1,1,1,2,3,0],[2,0,4,0,1,1,1],[2,2,1,1,0,2,1],[1,1,2,0,4,1,0],[2,2,2,1,1,0,1],[2,2,1,1,1,1,1],[1,1,2,2,0,1,2]]","[[50,60,44,50,103,140,3],[102,12,196,0,50,40,50],[113,94,56,38,10,98,41],[62,59,100,4,174,50,1],[99,97,101,50,50,3,50],[97,101,56,50,46,50,50],[49,52,99,100,0,50,100]]",0.0004743925796714841,0.0006323127617256334
FROZEN_ENCODER_LINEAR_HEAD_ADAPTATION,5,JOINT_FACTOR_COVERAGE,46,205439,63,3150,0.12698412698412698,0.11206276560967636,0.12984126984126984,0.11527611192460008,0.9717460317460316,condition_block,True,"[[0,2,1,1,2,2,1],[0,2,3,0,1,2,1],[0,3,2,2,0,1,1],[2,0,1,0,4,1,1],[2,1,3,1,2,0,0],[1,2,1,2,1,2,0],[2,1,3,0,0,3,0]]","[[0,108,49,50,100,93,50],[2,103,155,1,49,90,50],[3,145,106,88,10,49,49],[115,3,56,4,174,54,44],[100,50,150,50,100,0,0],[51,101,53,100,46,96,3],[100,52,147,1,0,150,0]]",0.0004743925796714841,0.0006323127617256334
FROZEN_ENCODER_LINEAR_HEAD_ADAPTATION,5,RANDOM_BLOCK,42,104729,63,3150,0.14285714285714285,0.15211104684788895,0.1438095238095238,0.15284237528230307,0.9673015873015871,condition_block,True,"[[3,0,2,0,2,1,1],[0,0,2,1,1,4,1],[1,1,1,2,0,3,1],[0,0,1,0,2,5,1],[0,1,1,4,0,2,1],[0,1,2,4,0,1,1],[0,1,1,2,0,1,4]]","[[147,3,100,0,107,43,50],[15,0,85,53,56,191,50],[35,61,51,107,3,143,50],[0,1,49,3,101,249,47],[0,59,58,186,0,97,50],[1,50,102,192,1,53,51],[1,50,49,101,0,50,199]]",0.0012946603308284324,0.00110760971795158
FROZEN_ENCODER_LINEAR_HEAD_ADAPTATION,5,RANDOM_BLOCK,42,130363,63,3150,0.15873015873015872,0.1514790764790765,0.15873015873015872,0.15364206927484542,0.96,condition_block,True,"[[4,0,1,0,3,0,1],[1,0,1,1,2,4,0],[1,1,1,2,0,3,1],[2,0,1,0,3,2,1],[2,2,0,2,0,2,1],[1,2,2,1,1,1,1],[0,1,1,1,1,1,4]]","[[193,10,54,0,140,3,50],[53,1,50,50,106,190,0],[35,61,50,107,4,143,50],[85,1,27,3,147,140,47],[100,89,8,99,7,97,50],[54,99,99,49,48,47,54],[1,50,49,51,50,50,199]]",0.0012946603308284324,0.00110760971795158
FROZEN_ENCODER_LINEAR_HEAD_ADAPTATION,5,RANDOM_BLOCK,42,155921,63,3150,0.14285714285714285,0.1417376775271512,0.14666666666666667,0.14457653789960154,0.9673015873015871,condition_block,True,"[[1,3,1,0,2,1,1],[0,1,2,1,1,3,1],[1,2,1,1,1,2,1],[0,1,1,2,0,3,2],[0,1,1,5,1,0,1],[1,2,1,3,1,0,1],[0,0,2,4,0,0,3]]","[[50,147,51,6,96,50,50],[4,74,75,51,56,140,50],[50,109,38,52,52,99,50],[1,62,50,97,7,140,93],[3,50,54,246,47,0,50],[54,97,49,147,47,6,50],[1,0,98,201,0,0,150]]",0.0012946603308284324,0.00110760971795158
FROZEN_ENCODER_LINEAR_HEAD_ADAPTATION,5,RANDOM_BLOCK,42,181081,63,3150,0.07936507936507936,0.07407407407407407,0.08222222222222222,0.07723576166405648,0.9688888888888888,condition_block,True,"[[1,1,1,1,1,3,1],[2,0,1,1,2,2,1],[3,0,0,1,1,4,0],[2,2,0,0,1,4,0],[0,1,1,2,0,2,3],[1,1,2,2,1,1,1],[0,0,1,2,1,2,3]]","[[50,58,50,50,56,146,40],[90,0,49,51,110,101,49],[150,13,3,57,35,192,0],[100,97,0,4,46,196,7],[0,50,50,103,0,97,150],[51,50,102,98,47,52,50],[18,0,49,100,52,81,150]]",0.0012946603308284324,0.00110760971795158
FROZEN_ENCODER_LINEAR_HEAD_ADAPTATION,5,RANDOM_BLOCK,42,205439,63,3150,0.14285714285714285,0.12948361162646876,0.14444444444444443,0.1330815929497166,0.9587301587301587,condition_block,True,"[[1,1,1,1,2,2,1],[1,2,0,0,1,3,2],[1,3,0,2,0,3,0],[1,3,1,1,0,2,1],[0,0,0,6,0,2,1],[1,1,1,2,1,2,1],[2,2,0,1,0,1,3]]","[[50,50,41,50,109,100,50],[50,99,1,22,39,140,99],[50,140,7,101,3,149,0],[35,140,53,47,2,118,55],[0,3,0,300,0,101,46],[54,39,49,116,46,96,50],[99,100,0,51,1,43,156]]",0.0012946603308284324,0.00110760971795158
FROZEN_ENCODER_LINEAR_HEAD_ADAPTATION,5,RANDOM_BLOCK,43,104729,63,3150,0.14285714285714285,0.13864745898359346,0.15301587301587302,0.1483591242243746,0.965079365079365,condition_block,True,"[[0,1,2,1,2,1,2],[0,3,2,1,1,1,1],[1,0,1,2,1,1,3],[1,1,3,0,2,0,2],[1,1,1,3,0,2,1],[1,0,0,1,1,2,4],[1,0,3,1,0,1,3]]","[[9,49,100,53,98,40,101],[0,134,100,51,64,50,51],[56,1,56,100,44,44,149],[50,58,129,25,93,1,94],[50,54,50,146,0,100,50],[52,0,0,53,46,99,200],[51,0,139,51,0,50,159]]",0.0012946603308284324,0.00110760971795158
FROZEN_ENCODER_LINEAR_HEAD_ADAPTATION,5,RANDOM_BLOCK,43,130363,63,3150,0.12698412698412698,0.12719633307868602,0.1295238095238095,0.1296973512312351,0.9768253968253968,condition_block,True,"[[0,1,2,1,2,0,3],[1,1,3,1,1,1,1],[2,0,1,1,1,1,3],[2,0,3,1,2,0,1],[2,0,1,3,0,2,1],[2,0,1,0,1,2,3],[2,0,2,1,0,1,3]]","[[0,59,100,53,97,0,141],[44,54,149,50,52,50,51],[110,0,50,57,42,43,148],[100,9,145,55,93,1,47],[100,3,51,146,0,100,50],[98,1,49,4,46,99,153],[101,0,98,51,0,50,150]]",0.0012946603308284324,0.00110760971795158
FROZEN_ENCODER_LINEAR_HEAD_ADAPTATION,5,RANDOM_BLOCK,43,155921,63,3150,0.19047619047619047,0.18379924169397852,0.19428571428571428,0.18660807037277713,0.9657142857142856,condition_block,True,"[[0,2,1,2,0,2,2],[1,2,2,1,1,1,1],[1,5,0,2,0,0,1],[2,0,2,3,0,0,2],[0,0,1,3,1,3,1],[1,0,1,0,2,4,1],[2,0,4,0,0,1,2]]","[[0,100,50,104,0,93,103],[52,111,78,38,71,50,50],[54,244,0,100,0,3,49],[91,9,86,155,4,2,103],[0,3,50,147,50,146,54],[53,0,53,2,96,196,50],[101,0,197,2,0,50,100]]",0.0012946603308284324,0.00110760971795158
FROZEN_ENCODER_LINEAR_HEAD_ADAPTATION,5,RANDOM_BLOCK,43,181081,63,3150,0.15873015873015872,0.13683418031244118,0.15936507936507938,0.13860871266787048,0.9777777777777775,condition_block,True,"[[0,1,0,1,2,3,2],[1,2,1,0,2,2,1],[3,1,0,3,0,1,1],[2,1,1,1,1,1,2],[0,1,0,3,0,3,2],[0,2,0,1,2,3,1],[2,1,1,0,0,1,4]]","[[3,53,0,50,101,143,100],[50,99,51,1,108,91,50],[159,42,0,155,0,44,50],[97,55,49,54,46,52,97],[0,52,0,150,0,146,102],[6,99,4,47,97,147,50],[101,49,49,2,0,50,199]]",0.0012946603308284324,0.00110760971795158
FROZEN_ENCODER_LINEAR_HEAD_ADAPTATION,5,RANDOM_BLOCK,43,205439,63,3150,0.1746031746031746,0.17149234980033204,0.15936507936507938,0.15360554612560656,0.9676190476190476,condition_block,True,"[[1,1,0,1,1,2,3],[0,2,3,0,1,1,2],[1,2,1,3,0,0,2],[1,1,2,2,1,1,1],[0,0,2,2,1,3,1],[2,0,1,1,2,1,2],[3,1,1,0,0,1,3]]","[[50,62,0,47,51,99,141],[0,75,149,25,50,50,101],[53,97,49,144,0,5,102],[50,50,99,97,50,51,53],[4,0,100,121,29,146,50],[97,1,52,51,97,52,100],[149,50,49,2,0,50,150]]",0.0012946603308284324,0.00110760971795158
FROZEN_ENCODER_LINEAR_HEAD_ADAPTATION,5,RANDOM_BLOCK,44,104729,63,3150,0.14285714285714285,0.14026272390934044,0.14507936507936509,0.14362773690269637,0.9615873015873015,condition_block,True,"[[0,0,1,1,5,1,1],[2,1,3,0,1,1,1],[2,1,1,1,0,2,2],[1,2,1,2,1,1,1],[3,0,1,2,0,2,1],[3,0,0,5,0,1,0],[1,1,0,2,0,1,4]]","[[0,0,50,53,256,40,51],[100,53,155,1,50,41,50],[101,50,62,45,0,93,99],[71,96,53,73,53,54,50],[149,4,50,97,0,100,50],[148,3,0,247,1,47,4],[50,29,0,100,0,49,222]]",0.0012946603308284324,0.00110760971795158
FROZEN_ENCODER_LINEAR_HEAD_ADAPTATION,5,RANDOM_BLOCK,44,130363,63,3150,0.14285714285714285,0.13715802110317812,0.14412698412698413,0.13907500854753171,0.9777777777777776,condition_block,True,"[[0,0,3,0,4,1,1],[1,1,2,0,2,2,1],[1,2,2,1,0,0,3],[2,1,2,2,1,1,0],[3,0,1,2,0,2,1],[4,1,0,2,0,0,2],[1,1,0,1,1,1,4]]","[[3,10,137,3,196,50,51],[50,55,102,3,99,91,50],[54,100,106,44,0,0,146],[100,49,100,94,53,54,0],[149,5,50,96,0,100,50],[198,53,1,97,5,0,96],[51,55,0,49,50,49,196]]",0.0012946603308284324,0.00110760971795158
FROZEN_ENCODER_LINEAR_HEAD_ADAPTATION,5,RANDOM_BLOCK,44,155921,63,3150,0.19047619047619047,0.18320802005012532,0.1892063492063492,0.1821243321683619,0.9644444444444444,condition_block,True,"[[1,3,1,0,3,1,0],[1,3,1,1,0,2,1],[2,1,0,1,1,2,2],[0,1,1,2,1,2,2],[3,0,1,2,1,0,2],[2,1,1,2,0,2,1],[1,0,1,2,0,2,3]]","[[53,147,34,3,163,50,0],[52,149,52,56,1,90,50],[89,59,6,45,50,96,105],[16,60,53,94,52,99,76],[150,0,50,100,47,3,100],[96,53,50,100,1,97,53],[51,0,50,100,0,99,150]]",0.0012946603308284324,0.00110760971795158
FROZEN_ENCODER_LINEAR_HEAD_ADAPTATION,5,RANDOM_BLOCK,44,181081,63,3150,0.12698412698412698,0.10874494725426402,0.12317460317460317,0.10730484168492979,0.9631746031746031,condition_block,True,"[[0,1,1,1,2,2,2],[1,0,3,1,0,2,2],[1,1,0,1,1,3,2],[1,2,1,1,1,2,1],[3,2,2,1,0,1,0],[1,2,1,3,0,2,0],[1,0,0,1,0,2,5]]","[[3,71,50,50,106,80,90],[51,1,151,49,5,93,100],[39,62,0,48,50,146,105],[71,82,50,48,46,104,49],[149,97,100,54,0,50,0],[55,100,53,150,1,91,0],[50,4,0,50,2,99,245]]",0.0012946603308284324,0.00110760971795158
FROZEN_ENCODER_LINEAR_HEAD_ADAPTATION,5,RANDOM_BLOCK,44,205439,63,3150,0.23809523809523808,0.22693541163244837,0.23174603174603176,0.22129451062991734,0.9644444444444444,condition_block,True,"[[2,1,0,1,1,2,2],[1,1,3,1,0,2,1],[1,2,2,1,0,1,2],[1,1,1,2,2,1,1],[3,0,1,2,1,1,1],[1,0,1,4,0,2,1],[1,1,0,1,0,1,5]]","[[100,53,0,74,57,75,91],[50,50,154,50,6,90,50],[51,113,99,33,3,52,99],[50,53,47,91,103,53,53],[149,2,54,99,47,47,52],[52,5,50,196,1,97,49],[50,52,0,50,0,52,246]]",0.0012946603308284324,0.00110760971795158
FROZEN_ENCODER_LINEAR_HEAD_ADAPTATION,5,RANDOM_BLOCK,45,104729,63,3150,0.12698412698412698,0.124627694287137,0.1253968253968254,0.12203711919028272,0.9733333333333334,condition_block,True,"[[1,3,2,0,1,0,2],[1,1,4,0,0,1,2],[1,2,2,1,0,1,2],[0,1,3,2,1,2,0],[0,1,2,3,1,1,1],[3,3,0,1,0,0,2],[4,2,0,1,1,0,1]]","[[40,143,104,0,60,3,100],[54,52,202,4,2,37,99],[47,93,107,50,10,51,92],[4,47,145,97,50,104,3],[4,50,100,146,50,50,50],[149,149,4,51,0,0,97],[200,99,1,51,50,0,49]]",0.0012946603308284324,0.00110760971795158
FROZEN_ENCODER_LINEAR_HEAD_ADAPTATION,5,RANDOM_BLOCK,45,130363,63,3150,0.06349206349206349,0.052925170068027216,0.06984126984126984,0.059921850320349405,0.9761904761904762,condition_block,True,"[[0,4,2,0,1,0,2],[0,1,4,0,0,2,2],[1,2,2,1,0,0,3],[2,2,2,0,1,1,1],[2,2,1,2,0,1,1],[4,4,0,0,0,0,1],[2,1,1,1,2,1,1]]","[[0,193,103,0,50,3,101],[4,53,199,1,4,87,102],[47,99,107,50,2,0,145],[92,97,99,10,52,54,46],[100,99,50,97,1,53,50],[196,199,1,4,0,0,50],[103,50,50,51,100,47,49]]",0.0012946603308284324,0.00110760971795158
FROZEN_ENCODER_LINEAR_HEAD_ADAPTATION,5,RANDOM_BLOCK,45,155921,63,3150,0.19047619047619047,0.19323742256073087,0.18476190476190477,0.18640789808606634,0.9749206349206349,condition_block,True,"[[1,2,1,0,2,1,2],[0,2,3,0,0,1,3],[1,1,2,2,0,1,2],[1,0,1,2,3,2,0],[0,1,0,3,2,1,2],[1,1,1,2,0,2,2],[1,0,1,4,0,2,1]]","[[40,97,50,7,106,50,100],[4,98,146,1,2,50,149],[50,51,99,107,20,24,99],[54,3,47,97,146,103,0],[3,50,0,148,96,53,100],[56,50,47,97,1,102,97],[50,0,51,200,0,99,50]]",0.0012946603308284324,0.00110760971795158
FROZEN_ENCODER_LINEAR_HEAD_ADAPTATION,5,RANDOM_BLOCK,45,181081,63,3150,0.19047619047619047,0.17723379206755166,0.19206349206349208,0.17893900680744637,0.972063492063492,condition_block,True,"[[1,2,2,0,2,0,2],[1,2,3,0,1,1,1],[1,1,4,1,1,1,0],[0,0,2,2,1,2,2],[1,1,1,2,0,2,2],[2,2,1,1,0,1,2],[2,1,1,2,0,1,2]]","[[46,97,103,3,101,3,97],[54,101,149,0,45,51,50],[50,50,199,56,49,43,3],[1,3,99,109,57,82,99],[57,46,50,97,0,100,100],[105,100,47,48,1,50,99],[100,50,50,100,1,49,100]]",0.0012946603308284324,0.00110760971795158
FROZEN_ENCODER_LINEAR_HEAD_ADAPTATION,5,RANDOM_BLOCK,45,205439,63,3150,0.19047619047619047,0.18995076291386118,0.1895238095238095,0.1884052998766676,0.964126984126984,condition_block,True,"[[1,1,1,1,1,2,2],[1,1,4,1,0,1,1],[0,2,3,1,0,1,2],[1,0,2,1,2,1,2],[1,1,0,2,2,1,2],[1,0,1,2,0,2,3],[3,1,1,1,0,1,2]]","[[50,50,43,53,57,96,101],[49,50,199,50,11,41,50],[7,107,149,41,1,43,102],[32,0,96,65,108,50,99],[54,50,0,100,96,53,97],[52,2,49,97,2,88,160],[150,50,51,50,1,49,99]]",0.0012946603308284324,0.00110760971795158
FROZEN_ENCODER_LINEAR_HEAD_ADAPTATION,5,RANDOM_BLOCK,46,104729,63,3150,0.1111111111111111,0.10938781309625299,0.11555555555555555,0.11405875839845794,0.9657142857142856,condition_block,True,"[[1,2,1,0,2,2,1],[1,2,2,0,1,1,2],[0,3,1,2,0,1,2],[1,1,4,0,2,0,1],[2,1,3,1,1,0,1],[2,1,1,3,1,1,0],[0,1,2,1,0,4,1]]","[[56,99,53,0,105,87,50],[51,103,106,0,50,41,99],[4,156,50,88,10,50,92],[51,29,204,4,97,21,44],[99,54,150,47,50,0,50],[97,49,54,147,48,52,3],[0,52,101,51,0,197,49]]",0.0012946603308284324,0.00110760971795158
FROZEN_ENCODER_LINEAR_HEAD_ADAPTATION,5,RANDOM_BLOCK,46,130363,63,3150,0.06349206349206349,0.059587471352177235,0.06507936507936508,0.061556206708062645,0.9714285714285713,condition_block,True,"[[0,2,2,1,2,1,1],[1,1,3,0,1,1,2],[1,3,1,1,0,1,2],[3,1,1,0,2,1,1],[2,2,2,1,1,0,1],[3,2,1,1,2,0,0],[1,2,3,0,0,2,1]]","[[0,110,93,50,100,47,50],[54,51,153,0,53,40,99],[54,149,50,44,10,51,92],[144,49,56,4,100,53,44],[100,104,100,46,50,0,50],[150,100,53,50,94,0,3],[50,96,150,1,0,103,50]]",0.0012946603308284324,0.00110760971795158
FROZEN_ENCODER_LINEAR_HEAD_ADAPTATION,5,RANDOM_BLOCK,46,155921,63,3150,0.12698412698412698,0.11632676786129471,0.12761904761904763,0.11787462008785786,0.972063492063492,condition_block,True,"[[0,3,2,0,2,1,1],[1,3,1,0,1,2,1],[1,3,0,3,0,1,1],[0,1,2,0,2,3,1],[0,1,1,3,1,2,1],[1,2,0,2,2,2,0],[1,0,2,1,0,3,2]]","[[0,151,90,9,100,50,50],[54,148,53,1,53,91,50],[63,151,0,138,0,49,49],[15,57,105,4,96,129,44],[0,51,51,149,53,96,50],[50,99,1,100,100,100,0],[50,0,98,52,0,153,97]]",0.0012946603308284324,0.00110760971795158
FROZEN_ENCODER_LINEAR_HEAD_ADAPTATION,5,RANDOM_BLOCK,46,181081,63,3150,0.12698412698412698,0.12922908293752283,0.12761904761904763,0.1273624075160605,0.9561904761904761,condition_block,True,"[[0,0,3,1,2,3,0],[1,1,4,1,0,1,1],[1,0,2,2,2,2,0],[2,1,0,0,2,2,2],[1,1,1,2,1,3,0],[2,3,0,1,1,1,1],[1,1,1,1,0,2,3]]","[[0,8,146,50,100,146,0],[55,50,199,40,6,50,50],[54,0,100,85,109,89,13],[68,50,6,4,102,101,119],[50,49,58,97,50,146,0],[100,149,4,51,47,49,50],[68,50,55,30,1,97,149]]",0.0012946603308284324,0.00110760971795158
FROZEN_ENCODER_LINEAR_HEAD_ADAPTATION,5,RANDOM_BLOCK,46,205439,63,3150,0.12698412698412698,0.11720209614946457,0.12698412698412698,0.11783388229874739,0.9723809523809522,condition_block,True,"[[0,2,1,2,1,2,1],[0,2,2,0,2,2,1],[0,3,1,3,0,1,1],[1,0,1,1,3,2,1],[1,2,2,1,2,1,0],[2,1,1,2,1,2,0],[3,1,2,0,0,3,0]]","[[0,108,46,100,50,96,50],[1,100,99,1,96,103,50],[3,145,56,147,1,49,49],[65,3,56,48,131,103,44],[51,96,100,53,100,50,0],[94,51,50,109,47,96,3],[143,51,104,2,0,150,0]]",0.0012946603308284324,0.00110760971795158
FS0_FROZEN_SOURCE_HEAD,0,FS0_FROZEN_SOURCE_HEAD,42,104729,63,3150,0.1746031746031746,0.12412349555206696,0.1726984126984127,0.12305412236755582,0.9695238095238093,condition_block,True,"[[3,2,0,3,0,1,0],[1,6,0,2,0,0,0],[3,2,0,3,0,1,0],[3,4,0,1,0,0,1],[1,4,0,3,0,0,1],[3,2,0,4,0,0,0],[3,1,0,3,0,1,1]]","[[127,120,0,144,9,50,0],[51,299,0,100,0,0,0],[134,113,0,150,3,50,0],[146,192,0,68,1,0,43],[50,194,0,156,0,0,50],[150,99,0,200,0,1,0],[140,52,0,159,0,50,49]]",0.0,0.00032059483874959414
FS0_FROZEN_SOURCE_HEAD,0,FS0_FROZEN_SOURCE_HEAD,42,130363,63,3150,0.1746031746031746,0.12412349555206696,0.1726984126984127,0.12305412236755582,0.9695238095238093,condition_block,True,"[[3,2,0,3,0,1,0],[1,6,0,2,0,0,0],[3,2,0,3,0,1,0],[3,4,0,1,0,0,1],[1,4,0,3,0,0,1],[3,2,0,4,0,0,0],[3,1,0,3,0,1,1]]","[[127,120,0,144,9,50,0],[51,299,0,100,0,0,0],[134,113,0,150,3,50,0],[146,192,0,68,1,0,43],[50,194,0,156,0,0,50],[150,99,0,200,0,1,0],[140,52,0,159,0,50,49]]",0.0,0.00032059483874959414
FS0_FROZEN_SOURCE_HEAD,0,FS0_FROZEN_SOURCE_HEAD,42,155921,63,3150,0.1746031746031746,0.12412349555206696,0.1726984126984127,0.12305412236755582,0.9695238095238093,condition_block,True,"[[3,2,0,3,0,1,0],[1,6,0,2,0,0,0],[3,2,0,3,0,1,0],[3,4,0,1,0,0,1],[1,4,0,3,0,0,1],[3,2,0,4,0,0,0],[3,1,0,3,0,1,1]]","[[127,120,0,144,9,50,0],[51,299,0,100,0,0,0],[134,113,0,150,3,50,0],[146,192,0,68,1,0,43],[50,194,0,156,0,0,50],[150,99,0,200,0,1,0],[140,52,0,159,0,50,49]]",0.0,0.00032059483874959414
FS0_FROZEN_SOURCE_HEAD,0,FS0_FROZEN_SOURCE_HEAD,42,181081,63,3150,0.1746031746031746,0.12412349555206696,0.1726984126984127,0.12305412236755582,0.9695238095238093,condition_block,True,"[[3,2,0,3,0,1,0],[1,6,0,2,0,0,0],[3,2,0,3,0,1,0],[3,4,0,1,0,0,1],[1,4,0,3,0,0,1],[3,2,0,4,0,0,0],[3,1,0,3,0,1,1]]","[[127,120,0,144,9,50,0],[51,299,0,100,0,0,0],[134,113,0,150,3,50,0],[146,192,0,68,1,0,43],[50,194,0,156,0,0,50],[150,99,0,200,0,1,0],[140,52,0,159,0,50,49]]",0.0,0.00032059483874959414
FS0_FROZEN_SOURCE_HEAD,0,FS0_FROZEN_SOURCE_HEAD,42,205439,63,3150,0.1746031746031746,0.12412349555206696,0.1726984126984127,0.12305412236755582,0.9695238095238093,condition_block,True,"[[3,2,0,3,0,1,0],[1,6,0,2,0,0,0],[3,2,0,3,0,1,0],[3,4,0,1,0,0,1],[1,4,0,3,0,0,1],[3,2,0,4,0,0,0],[3,1,0,3,0,1,1]]","[[127,120,0,144,9,50,0],[51,299,0,100,0,0,0],[134,113,0,150,3,50,0],[146,192,0,68,1,0,43],[50,194,0,156,0,0,50],[150,99,0,200,0,1,0],[140,52,0,159,0,50,49]]",0.0,0.00032059483874959414
FS0_FROZEN_SOURCE_HEAD,0,FS0_FROZEN_SOURCE_HEAD,43,104729,63,3150,0.12698412698412698,0.10762570762570764,0.11936507936507937,0.09655707116594889,0.9752380952380951,condition_block,True,"[[1,0,1,2,5,0,0],[0,1,1,4,3,0,0],[2,0,0,3,3,0,1],[1,1,0,0,7,0,0],[0,0,0,4,5,0,0],[0,0,0,4,5,0,0],[2,0,1,3,2,0,1]]","[[46,8,50,100,246,0,0],[0,31,50,213,156,0,0],[92,1,0,151,156,0,50],[50,54,0,7,339,0,0],[4,3,0,200,243,0,0],[0,0,0,203,247,0,0],[97,1,49,149,105,0,49]]",0.0,0.00032059483874959414
FS0_FROZEN_SOURCE_HEAD,0,FS0_FROZEN_SOURCE_HEAD,43,130363,63,3150,0.12698412698412698,0.10762570762570764,0.11936507936507937,0.09655707116594889,0.9752380952380951,condition_block,True,"[[1,0,1,2,5,0,0],[0,1,1,4,3,0,0],[2,0,0,3,3,0,1],[1,1,0,0,7,0,0],[0,0,0,4,5,0,0],[0,0,0,4,5,0,0],[2,0,1,3,2,0,1]]","[[46,8,50,100,246,0,0],[0,31,50,213,156,0,0],[92,1,0,151,156,0,50],[50,54,0,7,339,0,0],[4,3,0,200,243,0,0],[0,0,0,203,247,0,0],[97,1,49,149,105,0,49]]",0.0,0.00032059483874959414
FS0_FROZEN_SOURCE_HEAD,0,FS0_FROZEN_SOURCE_HEAD,43,155921,63,3150,0.12698412698412698,0.10762570762570764,0.11936507936507937,0.09655707116594889,0.9752380952380951,condition_block,True,"[[1,0,1,2,5,0,0],[0,1,1,4,3,0,0],[2,0,0,3,3,0,1],[1,1,0,0,7,0,0],[0,0,0,4,5,0,0],[0,0,0,4,5,0,0],[2,0,1,3,2,0,1]]","[[46,8,50,100,246,0,0],[0,31,50,213,156,0,0],[92,1,0,151,156,0,50],[50,54,0,7,339,0,0],[4,3,0,200,243,0,0],[0,0,0,203,247,0,0],[97,1,49,149,105,0,49]]",0.0,0.00032059483874959414
FS0_FROZEN_SOURCE_HEAD,0,FS0_FROZEN_SOURCE_HEAD,43,181081,63,3150,0.12698412698412698,0.10762570762570764,0.11936507936507937,0.09655707116594889,0.9752380952380951,condition_block,True,"[[1,0,1,2,5,0,0],[0,1,1,4,3,0,0],[2,0,0,3,3,0,1],[1,1,0,0,7,0,0],[0,0,0,4,5,0,0],[0,0,0,4,5,0,0],[2,0,1,3,2,0,1]]","[[46,8,50,100,246,0,0],[0,31,50,213,156,0,0],[92,1,0,151,156,0,50],[50,54,0,7,339,0,0],[4,3,0,200,243,0,0],[0,0,0,203,247,0,0],[97,1,49,149,105,0,49]]",0.0,0.00032059483874959414
FS0_FROZEN_SOURCE_HEAD,0,FS0_FROZEN_SOURCE_HEAD,43,205439,63,3150,0.12698412698412698,0.10762570762570764,0.11936507936507937,0.09655707116594889,0.9752380952380951,condition_block,True,"[[1,0,1,2,5,0,0],[0,1,1,4,3,0,0],[2,0,0,3,3,0,1],[1,1,0,0,7,0,0],[0,0,0,4,5,0,0],[0,0,0,4,5,0,0],[2,0,1,3,2,0,1]]","[[46,8,50,100,246,0,0],[0,31,50,213,156,0,0],[92,1,0,151,156,0,50],[50,54,0,7,339,0,0],[4,3,0,200,243,0,0],[0,0,0,203,247,0,0],[97,1,49,149,105,0,49]]",0.0,0.00032059483874959414
FS0_FROZEN_SOURCE_HEAD,0,FS0_FROZEN_SOURCE_HEAD,44,104729,63,3150,0.12698412698412698,0.09766218081435472,0.1292063492063492,0.10079515335097167,0.9787301587301587,condition_block,True,"[[1,0,0,3,4,0,1],[1,0,0,3,1,2,2],[2,0,0,2,2,2,1],[3,0,0,3,1,0,2],[1,1,0,4,2,0,1],[1,1,0,5,2,0,0],[2,0,0,3,2,0,2]]","[[46,14,0,153,187,0,50],[51,3,0,143,51,104,98],[111,1,0,91,91,100,56],[146,0,0,155,56,0,93],[50,49,0,201,100,0,50],[49,50,0,248,100,3,0],[100,1,0,149,100,0,100]]",0.0,0.00032059483874959414
FS0_FROZEN_SOURCE_HEAD,0,FS0_FROZEN_SOURCE_HEAD,44,130363,63,3150,0.12698412698412698,0.09766218081435472,0.1292063492063492,0.10079515335097167,0.9787301587301587,condition_block,True,"[[1,0,0,3,4,0,1],[1,0,0,3,1,2,2],[2,0,0,2,2,2,1],[3,0,0,3,1,0,2],[1,1,0,4,2,0,1],[1,1,0,5,2,0,0],[2,0,0,3,2,0,2]]","[[46,14,0,153,187,0,50],[51,3,0,143,51,104,98],[111,1,0,91,91,100,56],[146,0,0,155,56,0,93],[50,49,0,201,100,0,50],[49,50,0,248,100,3,0],[100,1,0,149,100,0,100]]",0.0,0.00032059483874959414
FS0_FROZEN_SOURCE_HEAD,0,FS0_FROZEN_SOURCE_HEAD,44,155921,63,3150,0.12698412698412698,0.09766218081435472,0.1292063492063492,0.10079515335097167,0.9787301587301587,condition_block,True,"[[1,0,0,3,4,0,1],[1,0,0,3,1,2,2],[2,0,0,2,2,2,1],[3,0,0,3,1,0,2],[1,1,0,4,2,0,1],[1,1,0,5,2,0,0],[2,0,0,3,2,0,2]]","[[46,14,0,153,187,0,50],[51,3,0,143,51,104,98],[111,1,0,91,91,100,56],[146,0,0,155,56,0,93],[50,49,0,201,100,0,50],[49,50,0,248,100,3,0],[100,1,0,149,100,0,100]]",0.0,0.00032059483874959414
FS0_FROZEN_SOURCE_HEAD,0,FS0_FROZEN_SOURCE_HEAD,44,181081,63,3150,0.12698412698412698,0.09766218081435472,0.1292063492063492,0.10079515335097167,0.9787301587301587,condition_block,True,"[[1,0,0,3,4,0,1],[1,0,0,3,1,2,2],[2,0,0,2,2,2,1],[3,0,0,3,1,0,2],[1,1,0,4,2,0,1],[1,1,0,5,2,0,0],[2,0,0,3,2,0,2]]","[[46,14,0,153,187,0,50],[51,3,0,143,51,104,98],[111,1,0,91,91,100,56],[146,0,0,155,56,0,93],[50,49,0,201,100,0,50],[49,50,0,248,100,3,0],[100,1,0,149,100,0,100]]",0.0,0.00032059483874959414
FS0_FROZEN_SOURCE_HEAD,0,FS0_FROZEN_SOURCE_HEAD,44,205439,63,3150,0.12698412698412698,0.09766218081435472,0.1292063492063492,0.10079515335097167,0.9787301587301587,condition_block,True,"[[1,0,0,3,4,0,1],[1,0,0,3,1,2,2],[2,0,0,2,2,2,1],[3,0,0,3,1,0,2],[1,1,0,4,2,0,1],[1,1,0,5,2,0,0],[2,0,0,3,2,0,2]]","[[46,14,0,153,187,0,50],[51,3,0,143,51,104,98],[111,1,0,91,91,100,56],[146,0,0,155,56,0,93],[50,49,0,201,100,0,50],[49,50,0,248,100,3,0],[100,1,0,149,100,0,100]]",0.0,0.00032059483874959414
FS0_FROZEN_SOURCE_HEAD,0,FS0_FROZEN_SOURCE_HEAD,45,104729,63,3150,0.20634920634920634,0.14337614644520014,0.20412698412698413,0.1445645243313212,0.981904761904762,condition_block,True,"[[8,0,1,0,0,0,0],[6,1,0,2,0,0,0],[6,0,2,0,1,0,0],[3,2,2,1,1,0,0],[4,0,2,2,1,0,0],[5,0,0,4,0,0,0],[5,0,1,2,1,0,0]]","[[384,10,53,3,0,0,0],[292,56,0,101,1,0,0],[300,0,100,0,50,0,0],[165,99,78,57,51,0,0],[204,0,100,100,46,0,0],[252,0,0,198,0,0,0],[249,0,51,100,50,0,0]]",0.0,0.00032059483874959414
FS0_FROZEN_SOURCE_HEAD,0,FS0_FROZEN_SOURCE_HEAD,45,130363,63,3150,0.20634920634920634,0.14337614644520014,0.20412698412698413,0.1445645243313212,0.981904761904762,condition_block,True,"[[8,0,1,0,0,0,0],[6,1,0,2,0,0,0],[6,0,2,0,1,0,0],[3,2,2,1,1,0,0],[4,0,2,2,1,0,0],[5,0,0,4,0,0,0],[5,0,1,2,1,0,0]]","[[384,10,53,3,0,0,0],[292,56,0,101,1,0,0],[300,0,100,0,50,0,0],[165,99,78,57,51,0,0],[204,0,100,100,46,0,0],[252,0,0,198,0,0,0],[249,0,51,100,50,0,0]]",0.0,0.00032059483874959414
FS0_FROZEN_SOURCE_HEAD,0,FS0_FROZEN_SOURCE_HEAD,45,155921,63,3150,0.20634920634920634,0.14337614644520014,0.20412698412698413,0.1445645243313212,0.981904761904762,condition_block,True,"[[8,0,1,0,0,0,0],[6,1,0,2,0,0,0],[6,0,2,0,1,0,0],[3,2,2,1,1,0,0],[4,0,2,2,1,0,0],[5,0,0,4,0,0,0],[5,0,1,2,1,0,0]]","[[384,10,53,3,0,0,0],[292,56,0,101,1,0,0],[300,0,100,0,50,0,0],[165,99,78,57,51,0,0],[204,0,100,100,46,0,0],[252,0,0,198,0,0,0],[249,0,51,100,50,0,0]]",0.0,0.00032059483874959414
FS0_FROZEN_SOURCE_HEAD,0,FS0_FROZEN_SOURCE_HEAD,45,181081,63,3150,0.20634920634920634,0.14337614644520014,0.20412698412698413,0.1445645243313212,0.981904761904762,condition_block,True,"[[8,0,1,0,0,0,0],[6,1,0,2,0,0,0],[6,0,2,0,1,0,0],[3,2,2,1,1,0,0],[4,0,2,2,1,0,0],[5,0,0,4,0,0,0],[5,0,1,2,1,0,0]]","[[384,10,53,3,0,0,0],[292,56,0,101,1,0,0],[300,0,100,0,50,0,0],[165,99,78,57,51,0,0],[204,0,100,100,46,0,0],[252,0,0,198,0,0,0],[249,0,51,100,50,0,0]]",0.0,0.00032059483874959414
FS0_FROZEN_SOURCE_HEAD,0,FS0_FROZEN_SOURCE_HEAD,45,205439,63,3150,0.20634920634920634,0.14337614644520014,0.20412698412698413,0.1445645243313212,0.981904761904762,condition_block,True,"[[8,0,1,0,0,0,0],[6,1,0,2,0,0,0],[6,0,2,0,1,0,0],[3,2,2,1,1,0,0],[4,0,2,2,1,0,0],[5,0,0,4,0,0,0],[5,0,1,2,1,0,0]]","[[384,10,53,3,0,0,0],[292,56,0,101,1,0,0],[300,0,100,0,50,0,0],[165,99,78,57,51,0,0],[204,0,100,100,46,0,0],[252,0,0,198,0,0,0],[249,0,51,100,50,0,0]]",0.0,0.00032059483874959414
FS0_FROZEN_SOURCE_HEAD,0,FS0_FROZEN_SOURCE_HEAD,46,104729,63,3150,0.15873015873015872,0.09582417582417582,0.15777777777777777,0.096183546957079,0.9892063492063492,condition_block,True,"[[3,0,0,6,0,0,0],[4,0,0,5,0,0,0],[4,1,0,4,0,0,0],[3,0,0,6,0,0,0],[0,1,0,8,0,0,0],[1,0,0,8,0,0,0],[1,0,0,6,0,1,1]]","[[143,7,0,300,0,0,0],[199,4,0,247,0,0,0],[186,50,0,214,0,0,0],[149,0,0,301,0,0,0],[5,46,0,399,0,0,0],[50,0,0,400,0,0,0],[50,0,0,302,0,49,49]]",0.0,0.00032059483874959414
FS0_FROZEN_SOURCE_HEAD,0,FS0_FROZEN_SOURCE_HEAD,46,130363,63,3150,0.15873015873015872,0.09582417582417582,0.15777777777777777,0.096183546957079,0.9892063492063492,condition_block,True,"[[3,0,0,6,0,0,0],[4,0,0,5,0,0,0],[4,1,0,4,0,0,0],[3,0,0,6,0,0,0],[0,1,0,8,0,0,0],[1,0,0,8,0,0,0],[1,0,0,6,0,1,1]]","[[143,7,0,300,0,0,0],[199,4,0,247,0,0,0],[186,50,0,214,0,0,0],[149,0,0,301,0,0,0],[5,46,0,399,0,0,0],[50,0,0,400,0,0,0],[50,0,0,302,0,49,49]]",0.0,0.00032059483874959414
FS0_FROZEN_SOURCE_HEAD,0,FS0_FROZEN_SOURCE_HEAD,46,155921,63,3150,0.15873015873015872,0.09582417582417582,0.15777777777777777,0.096183546957079,0.9892063492063492,condition_block,True,"[[3,0,0,6,0,0,0],[4,0,0,5,0,0,0],[4,1,0,4,0,0,0],[3,0,0,6,0,0,0],[0,1,0,8,0,0,0],[1,0,0,8,0,0,0],[1,0,0,6,0,1,1]]","[[143,7,0,300,0,0,0],[199,4,0,247,0,0,0],[186,50,0,214,0,0,0],[149,0,0,301,0,0,0],[5,46,0,399,0,0,0],[50,0,0,400,0,0,0],[50,0,0,302,0,49,49]]",0.0,0.00032059483874959414
FS0_FROZEN_SOURCE_HEAD,0,FS0_FROZEN_SOURCE_HEAD,46,181081,63,3150,0.15873015873015872,0.09582417582417582,0.15777777777777777,0.096183546957079,0.9892063492063492,condition_block,True,"[[3,0,0,6,0,0,0],[4,0,0,5,0,0,0],[4,1,0,4,0,0,0],[3,0,0,6,0,0,0],[0,1,0,8,0,0,0],[1,0,0,8,0,0,0],[1,0,0,6,0,1,1]]","[[143,7,0,300,0,0,0],[199,4,0,247,0,0,0],[186,50,0,214,0,0,0],[149,0,0,301,0,0,0],[5,46,0,399,0,0,0],[50,0,0,400,0,0,0],[50,0,0,302,0,49,49]]",0.0,0.00032059483874959414
FS0_FROZEN_SOURCE_HEAD,0,FS0_FROZEN_SOURCE_HEAD,46,205439,63,3150,0.15873015873015872,0.09582417582417582,0.15777777777777777,0.096183546957079,0.9892063492063492,condition_block,True,"[[3,0,0,6,0,0,0],[4,0,0,5,0,0,0],[4,1,0,4,0,0,0],[3,0,0,6,0,0,0],[0,1,0,8,0,0,0],[1,0,0,8,0,0,0],[1,0,0,6,0,1,1]]","[[143,7,0,300,0,0,0],[199,4,0,247,0,0,0],[186,50,0,214,0,0,0],[149,0,0,301,0,0,0],[5,46,0,399,0,0,0],[50,0,0,400,0,0,0],[50,0,0,302,0,49,49]]",0.0,0.00032059483874959414
TARGET_ONLY_COSINE_PROTOTYPE,1,RANDOM_BLOCK,42,104729,63,3150,0.19047619047619047,0.17038839944826137,0.1926984126984127,0.17305046820271888,0.9679365079365079,condition_block,True,"[[0,2,0,1,2,2,2],[0,1,3,1,0,3,1],[2,0,3,0,1,2,1],[0,1,0,1,3,2,2],[0,0,1,2,1,4,1],[0,1,1,0,0,3,4],[0,0,2,1,1,2,3]]","[[0,77,0,53,120,103,97],[0,50,149,50,3,147,51],[82,3,152,2,52,109,50],[6,50,0,56,132,107,99],[0,0,47,103,50,202,48],[1,49,50,1,0,149,200],[1,0,99,51,50,99,150]]",0.0010211519873140553,0.0010971226875558901
TARGET_ONLY_COSINE_PROTOTYPE,1,RANDOM_BLOCK,42,130363,63,3150,0.09523809523809523,0.07933549288240364,0.09968253968253968,0.08387561559365883,0.972063492063492,condition_block,True,"[[2,0,0,1,0,3,3],[1,0,1,3,0,2,2],[2,1,0,3,0,1,2],[1,1,0,1,1,4,1],[2,1,1,2,0,2,1],[2,0,2,1,0,1,3],[0,1,1,2,0,3,2]]","[[93,4,1,50,9,143,150],[51,0,49,160,0,100,90],[97,56,6,137,0,53,101],[47,46,6,61,43,197,50],[104,50,53,96,0,96,51],[101,0,102,51,0,52,144],[3,49,50,99,0,147,102]]",0.0010211519873140553,0.0010971226875558901
TARGET_ONLY_COSINE_PROTOTYPE,1,RANDOM_BLOCK,42,155921,63,3150,0.15873015873015872,0.14175926780968798,0.15746031746031747,0.14086020870981386,0.9761904761904762,condition_block,True,"[[0,1,0,2,3,1,2],[0,0,3,1,3,1,1],[1,0,2,2,2,1,1],[0,0,0,2,5,0,2],[0,0,1,3,2,2,1],[0,2,1,0,1,2,3],[0,1,1,2,1,2,2]]","[[0,50,0,98,153,53,96],[0,0,149,50,150,50,51],[50,0,99,102,99,50,50],[6,0,0,100,238,0,106],[0,3,48,149,97,106,47],[0,101,50,3,46,100,150],[0,50,49,102,50,99,100]]",0.0010211519873140553,0.0010971226875558901
TARGET_ONLY_COSINE_PROTOTYPE,1,RANDOM_BLOCK,42,181081,63,3150,0.15873015873015872,0.15629867589821825,0.15523809523809523,0.15306789455430522,0.9752380952380951,condition_block,True,"[[2,3,0,0,0,2,2],[1,1,0,4,1,1,1],[4,0,2,1,0,0,2],[0,1,0,1,1,2,4],[4,1,0,1,0,1,2],[2,0,1,2,1,2,1],[3,1,1,1,0,1,2]]","[[97,150,3,0,1,102,97],[53,49,0,199,50,40,59],[199,0,98,53,1,0,99],[20,53,0,43,50,84,200],[196,50,0,50,0,54,100],[104,0,47,100,50,96,53],[152,50,50,49,0,43,106]]",0.0010211519873140553,0.0010971226875558901
TARGET_ONLY_COSINE_PROTOTYPE,1,RANDOM_BLOCK,42,205439,63,3150,0.1746031746031746,0.1409211392536641,0.18,0.1465995041557522,0.9676190476190475,condition_block,True,"[[4,1,0,0,1,1,2],[3,1,0,1,1,2,1],[4,1,0,0,0,2,2],[2,1,0,1,1,0,4],[4,0,0,1,0,2,2],[3,0,0,2,1,2,1],[2,1,0,2,0,1,3]]","[[197,50,4,9,41,53,96],[151,49,0,51,50,90,59],[197,49,0,4,1,100,99],[83,52,0,64,51,0,200],[196,0,0,57,0,97,100],[151,0,0,95,49,102,53],[102,50,0,100,0,43,155]]",0.0010211519873140553,0.0010971226875558901
TARGET_ONLY_COSINE_PROTOTYPE,1,RANDOM_BLOCK,43,104729,63,3150,0.15873015873015872,0.11770186335403728,0.15174603174603174,0.11339859459457005,0.9746031746031745,condition_block,True,"[[0,1,2,0,1,4,1],[0,0,4,1,0,2,2],[1,1,2,1,1,1,2],[0,1,2,1,2,3,0],[0,0,1,3,1,3,1],[0,0,1,0,1,6,1],[3,0,2,1,1,2,0]]","[[0,50,90,0,60,199,51],[0,0,199,50,4,107,90],[51,47,100,50,55,54,93],[3,50,93,50,104,147,3],[0,0,50,150,50,149,51],[0,0,50,19,59,278,44],[151,0,99,50,50,100,0]]",0.0010211519873140553,0.0010971226875558901
TARGET_ONLY_COSINE_PROTOTYPE,1,RANDOM_BLOCK,43,130363,63,3150,0.19047619047619047,0.18602489328024394,0.18666666666666668,0.18184239627665683,0.9755555555555555,condition_block,True,"[[3,0,2,2,1,1,0],[3,3,1,0,0,0,2],[3,1,1,0,1,1,2],[1,1,2,2,1,2,0],[2,0,1,2,0,2,2],[1,0,3,2,0,1,2],[1,1,3,1,0,1,2]]","[[140,0,100,110,50,46,4],[150,140,49,10,0,0,101],[153,50,52,18,32,50,95],[47,46,100,108,46,103,0],[104,0,50,96,0,99,101],[51,0,149,102,0,49,99],[51,49,151,50,0,50,99]]",0.0010211519873140553,0.0010971226875558901
TARGET_ONLY_COSINE_PROTOTYPE,1,RANDOM_BLOCK,43,155921,63,3150,0.12698412698412698,0.10018552875695733,0.12634920634920635,0.10049492453812046,0.9688888888888888,condition_block,True,"[[0,1,2,1,2,3,0],[0,0,3,2,1,3,0],[1,0,1,3,2,1,1],[0,1,2,2,4,0,0],[1,0,2,3,1,2,0],[0,1,1,1,1,4,1],[3,0,2,1,1,2,0]]","[[0,50,93,47,113,146,1],[0,0,149,101,62,138,0],[51,0,50,150,105,51,43],[0,53,93,110,190,4,0],[46,0,100,150,50,100,4],[0,52,50,48,56,188,56],[150,1,98,51,50,100,0]]",0.0010211519873140553,0.0010971226875558901
TARGET_ONLY_COSINE_PROTOTYPE,1,RANDOM_BLOCK,43,181081,63,3150,0.09523809523809523,0.08861689603377584,0.09682539682539683,0.09061229644768323,0.9660317460317459,condition_block,True,"[[0,0,3,1,1,2,2],[2,2,1,1,2,0,1],[2,1,2,4,0,0,0],[1,2,3,1,1,0,1],[3,1,2,0,0,1,2],[1,1,3,2,0,0,2],[3,1,0,2,0,2,1]]","[[0,1,147,50,50,99,103],[105,99,56,50,90,0,50],[113,50,100,164,1,0,22],[42,102,147,47,59,6,47],[145,50,101,0,3,50,101],[55,50,151,94,0,0,100],[152,50,0,99,0,93,56]]",0.0010211519873140553,0.0010971226875558901
TARGET_ONLY_COSINE_PROTOTYPE,1,RANDOM_BLOCK,43,205439,63,3150,0.14285714285714285,0.14074847330236442,0.14634920634920634,0.14279347773610113,0.9666666666666666,condition_block,True,"[[0,0,3,2,2,0,2],[2,1,1,0,2,1,2],[4,1,1,1,0,0,2],[1,1,3,3,0,0,1],[2,0,2,1,0,2,2],[2,1,2,1,0,1,2],[3,1,0,0,0,2,3]]","[[3,1,147,110,90,3,96],[80,50,56,1,89,50,124],[203,50,50,50,1,0,96],[50,49,153,150,0,1,47],[95,0,101,50,3,100,101],[98,50,102,50,0,50,100],[152,50,0,0,0,93,155]]",0.0010211519873140553,0.0010971226875558901
TARGET_ONLY_COSINE_PROTOTYPE,1,RANDOM_BLOCK,44,104729,63,3150,0.19047619047619047,0.16553287981859408,0.19111111111111112,0.16781545736256692,0.9657142857142856,condition_block,True,"[[0,2,2,1,0,4,0],[0,2,3,0,0,3,1],[0,2,2,1,0,1,3],[1,1,1,1,2,3,0],[1,0,1,3,0,2,2],[2,2,0,0,0,3,2],[1,0,2,0,0,2,4]]","[[3,101,90,53,6,197,0],[4,97,149,0,0,150,50],[10,103,85,50,1,53,148],[50,53,50,70,81,125,21],[53,1,46,150,0,100,100],[103,90,0,0,0,148,109],[51,0,99,0,0,101,199]]",0.0010211519873140553,0.0010971226875558901
TARGET_ONLY_COSINE_PROTOTYPE,1,RANDOM_BLOCK,44,130363,63,3150,0.1746031746031746,0.15358173572459285,0.17777777777777778,0.15595331541203303,0.9768253968253967,condition_block,True,"[[2,1,1,1,0,3,1],[2,1,1,1,0,1,3],[3,1,1,1,0,0,3],[1,1,1,1,1,3,1],[2,1,1,2,0,2,1],[1,0,0,2,0,4,2],[1,1,2,1,0,2,2]]","[[103,49,50,54,0,143,51],[99,50,49,58,0,51,143],[135,50,49,50,0,16,150],[61,49,50,58,30,153,49],[99,53,51,100,0,99,48],[52,0,0,100,0,201,97],[51,49,101,50,0,100,99]]",0.0010211519873140553,0.0010971226875558901
TARGET_ONLY_COSINE_PROTOTYPE,1,RANDOM_BLOCK,44,155921,63,3150,0.14285714285714285,0.12944444444444445,0.14761904761904762,0.13501084459161733,0.9682539682539681,condition_block,True,"[[0,2,3,0,2,1,1],[0,1,3,0,0,3,2],[0,1,1,3,1,0,3],[1,2,1,1,3,1,0],[1,0,2,2,1,1,2],[3,1,0,0,0,1,4],[1,0,1,1,0,2,4]]","[[3,101,143,0,106,50,47],[1,53,149,1,6,140,100],[1,50,50,144,51,0,154],[50,92,50,65,148,45,0],[53,1,96,100,47,53,100],[152,54,0,1,0,47,196],[51,0,49,51,0,99,200]]",0.0010211519873140553,0.0010971226875558901
TARGET_ONLY_COSINE_PROTOTYPE,1,RANDOM_BLOCK,44,181081,63,3150,0.12698412698412698,0.12653061224489795,0.12603174603174602,0.12577741296815262,0.9815873015873016,condition_block,True,"[[0,2,1,2,2,0,2],[1,3,0,0,1,3,1],[3,2,2,1,1,0,0],[1,2,0,2,2,1,1],[3,1,0,1,0,1,3],[3,0,1,2,2,0,1],[3,2,2,1,0,0,1]]","[[3,100,47,100,100,0,100],[52,149,6,3,50,140,50],[152,99,99,50,50,0,0],[64,88,4,96,100,49,49],[150,50,1,49,0,50,150],[153,0,52,95,100,0,50],[152,100,99,49,0,0,50]]",0.0010211519873140553,0.0010971226875558901
TARGET_ONLY_COSINE_PROTOTYPE,1,RANDOM_BLOCK,44,205439,63,3150,0.1111111111111111,0.1235176931771359,0.10952380952380952,0.12191057937390484,0.9790476190476189,condition_block,True,"[[0,0,3,2,3,0,1],[2,2,0,0,1,2,2],[4,1,1,0,1,1,1],[2,0,2,2,2,1,0],[3,0,0,2,0,1,3],[4,0,1,1,2,0,1],[2,1,2,1,0,1,2]]","[[0,0,137,110,150,0,53],[101,99,6,4,50,112,78],[200,50,50,1,50,49,50],[98,3,100,97,100,52,0],[149,0,1,100,0,50,150],[198,0,52,50,100,0,50],[102,50,99,50,0,50,99]]",0.0010211519873140553,0.0010971226875558901
TARGET_ONLY_COSINE_PROTOTYPE,1,RANDOM_BLOCK,45,104729,63,3150,0.15873015873015872,0.10652709359605912,0.16253968253968254,0.11167256288387513,0.9828571428571428,condition_block,True,"[[0,0,5,0,1,3,0],[0,0,4,1,0,3,1],[1,0,4,1,1,1,1],[1,0,3,0,1,3,1],[2,1,1,1,0,2,2],[1,1,1,0,0,5,1],[1,1,2,1,0,3,1]]","[[0,10,240,0,50,150,0],[0,1,191,49,9,150,50],[51,0,202,50,50,48,49],[50,0,147,3,52,151,47],[96,49,50,50,0,100,105],[50,50,50,0,3,250,47],[53,50,99,51,0,141,56]]",0.0010211519873140553,0.0010971226875558901
TARGET_ONLY_COSINE_PROTOTYPE,1,RANDOM_BLOCK,45,130363,63,3150,0.15873015873015872,0.14860944377751098,0.15428571428571428,0.14458357363005017,0.9679365079365079,condition_block,True,"[[2,0,1,0,0,6,0],[1,2,1,2,0,0,3],[3,1,1,1,0,0,3],[1,1,1,1,1,4,0],[2,1,1,1,0,2,2],[0,1,2,2,0,2,2],[3,1,0,1,1,1,2]]","[[93,3,51,3,4,296,0],[49,90,50,103,2,6,150],[147,50,50,25,10,0,168],[48,49,50,53,47,199,4],[100,50,51,47,0,99,103],[1,49,100,100,1,99,100],[151,49,3,49,50,47,101]]",0.0010211519873140553,0.0010971226875558901
TARGET_ONLY_COSINE_PROTOTYPE,1,RANDOM_BLOCK,45,155921,63,3150,0.14285714285714285,0.12811791383219953,0.14253968253968255,0.1284130699815548,0.9752380952380951,condition_block,True,"[[0,0,5,0,1,0,3],[0,0,4,1,1,2,1],[1,0,3,3,1,0,1],[1,0,3,0,1,1,3],[2,1,2,2,1,0,1],[1,1,1,0,0,4,2],[1,1,1,3,0,2,1]]","[[0,1,249,0,53,3,144],[0,1,200,49,42,90,68],[52,0,148,147,50,1,52],[50,0,147,4,56,50,143],[96,53,100,96,47,4,54],[50,50,50,0,3,198,99],[53,50,49,151,0,96,51]]",0.0010211519873140553,0.0010971226875558901
TARGET_ONLY_COSINE_PROTOTYPE,1,RANDOM_BLOCK,45,181081,63,3150,0.031746031746031744,0.03146997929606625,0.03841269841269841,0.03616494908104325,0.9590476190476188,condition_block,True,"[[0,3,3,0,1,0,2],[2,0,1,1,2,2,1],[4,2,1,2,0,0,0],[5,0,2,0,0,2,0],[2,1,3,1,0,1,1],[2,1,3,2,0,0,1],[4,1,1,2,0,0,1]]","[[4,150,147,0,40,0,109],[102,9,57,50,94,89,49],[195,99,59,96,1,0,0],[260,3,101,0,1,79,6],[103,50,147,51,0,50,49],[79,50,150,98,0,0,73],[199,49,50,100,0,3,49]]",0.0010211519873140553,0.0010971226875558901
TARGET_ONLY_COSINE_PROTOTYPE,1,RANDOM_BLOCK,45,205439,63,3150,0.07936507936507936,0.07634848811319399,0.07555555555555556,0.07225611620753816,0.9692063492063492,condition_block,True,"[[0,1,4,0,1,0,3],[2,0,2,1,1,2,1],[4,1,1,1,0,2,0],[4,0,3,2,0,0,0],[0,0,3,2,0,2,2],[3,0,3,1,0,1,1],[3,1,1,2,0,1,1]]","[[4,50,187,10,50,0,149],[101,0,105,49,45,101,49],[203,56,53,44,1,93,0],[211,3,144,79,4,3,6],[4,0,147,100,0,100,99],[138,0,150,53,0,53,56],[149,49,50,100,0,53,49]]",0.0010211519873140553,0.0010971226875558901
TARGET_ONLY_COSINE_PROTOTYPE,1,RANDOM_BLOCK,46,104729,63,3150,0.14285714285714285,0.12332282141468087,0.14317460317460318,0.12237482407929637,0.9628571428571429,condition_block,True,"[[0,1,2,2,1,3,0],[0,1,4,0,1,3,0],[2,0,2,0,2,2,1],[1,1,2,0,1,3,1],[0,1,1,1,1,4,1],[0,1,1,0,1,3,3],[0,0,2,0,1,4,2]]","[[0,66,99,100,35,127,23],[4,50,199,0,56,140,1],[94,4,100,0,100,102,50],[56,53,68,0,50,148,75],[0,50,50,46,49,204,51],[1,49,50,0,45,152,153],[2,0,98,1,50,199,100]]",0.0010211519873140553,0.0010971226875558901
TARGET_ONLY_COSINE_PROTOTYPE,1,RANDOM_BLOCK,46,130363,63,3150,0.09523809523809523,0.08599439775910366,0.09619047619047619,0.08737068865083118,0.9723809523809522,condition_block,True,"[[1,1,1,1,0,5,0],[0,0,1,2,2,0,4],[1,1,1,1,2,1,2],[0,1,1,0,2,5,0],[1,0,1,2,1,3,1],[0,0,1,1,0,3,4],[0,1,2,1,1,4,0]]","[[53,53,40,47,10,247,0],[4,0,73,76,100,6,191],[50,50,49,52,97,51,101],[0,49,50,5,93,253,0],[50,3,51,97,50,145,54],[1,0,54,51,0,146,198],[2,49,103,50,49,197,0]]",0.0010211519873140553,0.0010971226875558901
TARGET_ONLY_COSINE_PROTOTYPE,1,RANDOM_BLOCK,46,155921,63,3150,0.14285714285714285,0.13536723891414965,0.1380952380952381,0.13072980435352918,0.9793650793650793,condition_block,True,"[[0,2,2,2,2,1,0],[0,1,4,1,2,1,0],[1,0,1,2,3,1,1],[0,1,1,2,2,2,1],[0,1,2,2,2,1,1],[0,2,2,0,2,1,2],[0,2,1,1,1,2,2]]","[[0,101,102,100,100,47,0],[0,50,199,51,96,53,1],[50,1,50,100,150,49,50],[3,53,49,93,107,94,51],[0,50,104,92,99,54,51],[0,100,102,0,92,53,103],[1,99,49,51,60,100,90]]",0.0010211519873140553,0.0010971226875558901
TARGET_ONLY_COSINE_PROTOTYPE,1,RANDOM_BLOCK,46,181081,63,3150,0.1111111111111111,0.110729074238391,0.11555555555555555,0.11514736693052748,0.9644444444444443,condition_block,True,"[[0,4,0,1,2,2,0],[2,0,2,1,2,2,0],[1,2,3,2,0,1,0],[2,0,2,0,1,3,1],[2,0,1,1,1,1,3],[3,2,1,0,1,2,0],[3,1,0,1,0,3,1]]","[[0,197,3,50,100,90,10],[96,9,106,50,99,90,0],[64,99,149,88,0,50,0],[92,3,100,0,50,143,62],[96,15,51,50,50,53,135],[150,100,47,3,47,103,0],[152,47,0,49,0,149,53]]",0.0010211519873140553,0.0010971226875558901
TARGET_ONLY_COSINE_PROTOTYPE,1,RANDOM_BLOCK,46,205439,63,3150,0.1746031746031746,0.18051639211956888,0.17492063492063492,0.17938138785703586,0.9558730158730158,condition_block,True,"[[1,3,0,0,4,1,0],[3,1,1,0,1,3,0],[1,1,2,2,0,3,0],[2,1,2,2,2,0,0],[2,0,1,3,2,1,0],[3,1,0,2,1,2,0],[2,1,0,1,1,3,1]]","[[50,137,3,10,200,50,0],[122,58,56,1,49,140,24],[63,50,100,89,0,148,0],[88,52,100,88,100,4,18],[92,0,55,143,100,54,6],[153,50,0,97,47,103,0],[102,47,0,50,50,149,52]]",0.0010211519873140553,0.0010971226875558901
TARGET_ONLY_COSINE_PROTOTYPE,3,ER_BALANCED,42,104729,63,3150,0.12698412698412698,0.131247349142086,0.12349206349206349,0.1260030513412682,0.9419047619047618,condition_block,True,"[[0,1,1,2,0,2,3],[0,1,0,2,0,3,3],[0,1,2,4,0,1,1],[1,1,0,1,2,1,3],[0,2,0,4,1,1,1],[1,1,0,3,1,1,2],[2,3,1,0,0,1,2]]","[[17,53,46,85,26,86,137],[0,55,0,100,7,140,148],[0,43,75,231,0,52,49],[29,50,15,47,107,56,146],[4,103,1,192,47,53,50],[53,53,3,145,46,49,101],[99,130,70,2,0,50,99]]",0.0011664973797674387,0.0014863526141045973
TARGET_ONLY_COSINE_PROTOTYPE,3,ER_BALANCED,42,130363,63,3150,0.047619047619047616,0.04656862745098039,0.05206349206349206,0.051052211620280855,0.9638095238095238,condition_block,True,"[[1,2,2,1,0,2,1],[0,0,1,2,1,4,1],[0,2,1,3,0,3,0],[2,2,1,0,2,1,1],[0,0,1,6,0,2,0],[2,0,0,3,0,1,3],[2,0,2,3,0,2,0]]","[[50,106,88,53,3,103,47],[0,0,49,100,62,190,49],[0,93,46,159,1,151,0],[97,96,43,11,102,72,29],[4,4,50,285,7,100,0],[103,1,0,145,1,50,150],[100,6,95,150,0,99,0]]",0.0011664973797674387,0.0014863526141045973
TARGET_ONLY_COSINE_PROTOTYPE,3,ER_BALANCED,42,155921,63,3150,0.07936507936507936,0.06126240908849605,0.07968253968253969,0.06200291647148764,0.97015873015873,condition_block,True,"[[0,5,1,0,1,0,2],[0,0,1,1,2,4,1],[1,3,0,0,0,3,2],[1,1,1,1,3,1,1],[1,0,0,2,0,2,4],[0,1,0,3,0,1,4],[0,0,1,2,0,3,3]]","[[0,254,53,0,43,3,97],[1,0,49,50,110,190,50],[50,126,3,4,18,149,100],[38,49,46,48,153,66,50],[51,0,0,99,0,100,200],[7,46,0,150,0,50,197],[0,0,51,100,0,149,150]]",0.0011664973797674387,0.0014863526141045973
TARGET_ONLY_COSINE_PROTOTYPE,3,ER_BALANCED,42,181081,63,3150,0.1746031746031746,0.1516012759618898,0.17206349206349206,0.1489409533146793,0.9679365079365078,condition_block,True,"[[0,2,0,1,2,1,3],[0,1,2,1,1,3,1],[0,0,1,1,1,3,3],[1,0,0,2,2,2,2],[1,1,2,1,0,2,2],[0,1,2,0,1,3,2],[1,3,0,1,0,0,4]]","[[0,103,4,50,106,47,140],[0,40,76,60,50,151,73],[0,1,50,50,50,151,148],[29,9,4,104,94,114,96],[50,51,99,50,3,100,97],[7,50,99,0,51,146,97],[51,149,1,50,0,0,199]]",0.0011664973797674387,0.0014863526141045973
TARGET_ONLY_COSINE_PROTOTYPE,3,ER_BALANCED,42,205439,63,3150,0.1111111111111111,0.09659863945578231,0.10984126984126984,0.09431790108526185,0.9593650793650793,condition_block,True,"[[0,1,2,0,2,1,3],[0,0,0,5,0,1,3],[2,1,1,3,0,0,2],[0,1,0,0,1,2,5],[1,1,0,4,0,0,3],[0,1,1,2,0,3,2],[3,0,1,0,0,2,3]]","[[3,50,93,4,107,53,140],[1,0,0,258,1,38,152],[94,43,41,156,6,11,99],[4,50,0,4,47,97,248],[50,49,0,190,0,7,154],[0,49,50,100,1,149,101],[133,12,38,1,1,116,149]]",0.0011664973797674387,0.0014863526141045973
TARGET_ONLY_COSINE_PROTOTYPE,3,ER_BALANCED,43,104729,63,3150,0.1111111111111111,0.11299624745002897,0.11873015873015873,0.11987550478856775,0.9733333333333333,condition_block,True,"[[1,1,1,2,0,2,2],[0,1,0,3,0,3,2],[1,3,1,3,0,0,1],[2,3,0,2,1,1,0],[2,1,1,2,2,1,0],[0,2,1,3,1,0,2],[2,2,1,2,1,1,0]]","[[67,49,44,100,4,86,100],[1,55,0,149,6,140,99],[50,143,50,156,0,2,49],[97,143,0,102,51,53,4],[93,53,50,100,100,50,4],[0,100,55,150,45,0,100],[100,100,50,101,50,49,0]]",0.0011664973797674387,0.0014863526141045973
TARGET_ONLY_COSINE_PROTOTYPE,3,ER_BALANCED,43,130363,63,3150,0.15873015873015872,0.13542317331791015,0.1526984126984127,0.13061454131993835,0.9666666666666667,condition_block,True,"[[2,1,2,2,0,2,0],[1,0,2,2,0,3,1],[2,2,0,2,1,2,0],[1,1,1,3,2,1,0],[1,0,1,3,2,2,0],[1,1,0,3,0,3,1],[2,0,1,2,1,3,0]]","[[100,49,90,107,3,100,1],[51,0,99,99,12,140,49],[98,100,0,103,50,75,24],[71,44,46,134,97,55,3],[50,0,50,146,97,103,4],[50,49,0,148,3,150,50],[101,0,50,100,50,149,0]]",0.0011664973797674387,0.0014863526141045973
TARGET_ONLY_COSINE_PROTOTYPE,3,ER_BALANCED,43,155921,63,3150,0.1746031746031746,0.15784531203785862,0.1742857142857143,0.1585523910388536,0.9657142857142855,condition_block,True,"[[0,2,1,2,2,1,1],[1,1,2,0,1,3,1],[2,1,0,2,0,2,2],[1,0,1,3,2,1,1],[2,0,0,2,1,2,2],[0,2,0,2,1,3,1],[2,0,1,1,0,2,3]]","[[0,100,50,107,93,50,50],[51,50,99,0,60,140,50],[102,57,0,106,0,92,93],[53,6,46,143,100,55,47],[77,0,0,96,69,103,105],[0,99,0,98,53,150,50],[102,0,46,54,12,99,137]]",0.0011664973797674387,0.0014863526141045973
TARGET_ONLY_COSINE_PROTOTYPE,3,ER_BALANCED,43,181081,63,3150,0.14285714285714285,0.13001746791220475,0.13523809523809524,0.12320194649948742,0.9730158730158729,condition_block,True,"[[0,2,0,1,2,1,3],[0,1,0,2,0,3,3],[0,0,1,2,0,4,2],[1,1,0,2,2,1,2],[2,1,1,2,0,2,1],[1,2,0,0,2,2,2],[1,2,0,1,0,2,3]]","[[0,103,0,50,107,47,143],[0,50,7,99,3,141,150],[3,7,50,97,0,187,106],[65,53,0,77,102,54,99],[96,50,50,100,0,100,54],[50,100,3,0,97,100,100],[50,99,1,51,0,100,149]]",0.0011664973797674387,0.0014863526141045973
TARGET_ONLY_COSINE_PROTOTYPE,3,ER_BALANCED,43,205439,63,3150,0.09523809523809523,0.08489577649241516,0.09492063492063492,0.08451292540378937,0.9746031746031745,condition_block,True,"[[1,1,0,1,2,1,3],[1,0,0,2,0,4,2],[3,1,0,1,1,2,1],[0,3,0,2,2,1,1],[3,0,0,2,1,2,1],[1,0,1,3,1,1,2],[4,0,1,1,1,1,1]]","[[50,49,0,53,107,50,141],[55,0,0,105,1,190,99],[153,50,0,50,47,100,50],[3,143,0,101,99,51,53],[143,3,0,100,50,100,54],[47,4,52,148,47,49,103],[200,0,50,51,50,50,49]]",0.0011664973797674387,0.0014863526141045973
TARGET_ONLY_COSINE_PROTOTYPE,3,ER_BALANCED,44,104729,63,3150,0.1746031746031746,0.17975271080091954,0.16285714285714287,0.16708340504247196,0.9660317460317459,condition_block,True,"[[1,1,0,2,0,1,4],[1,2,0,0,1,3,2],[1,3,2,2,0,0,1],[0,2,2,2,0,0,3],[2,2,1,1,1,1,1],[3,2,0,0,2,2,0],[2,3,1,1,0,1,1]]","[[47,50,0,100,10,53,190],[50,103,0,7,51,140,99],[56,151,99,93,0,1,50],[6,112,74,76,29,3,150],[100,100,50,50,44,56,50],[149,100,3,4,100,94,0],[99,148,53,50,1,49,50]]",0.0011664973797674387,0.0014863526141045973
TARGET_ONLY_COSINE_PROTOTYPE,3,ER_BALANCED,44,130363,63,3150,0.12698412698412698,0.12037815126050422,0.12158730158730159,0.11519840410139981,0.964126984126984,condition_block,True,"[[1,1,2,1,2,1,1],[1,1,2,1,0,2,2],[1,2,2,0,1,1,2],[1,3,1,0,1,1,2],[0,2,2,3,0,2,0],[2,1,0,2,1,3,0],[1,1,2,3,0,1,1]]","[[47,59,90,51,100,53,50],[50,50,99,46,15,91,99],[50,99,88,10,50,51,102],[35,146,50,2,55,69,93],[4,100,96,150,0,100,0],[98,50,1,104,50,146,1],[50,47,104,130,1,68,50]]",0.0011664973797674387,0.0014863526141045973
TARGET_ONLY_COSINE_PROTOTYPE,3,ER_BALANCED,44,155921,63,3150,0.1746031746031746,0.1621911922663802,0.1673015873015873,0.1565861263557566,0.9638095238095237,condition_block,True,"[[1,3,2,1,2,0,0],[2,0,2,0,0,2,3],[1,1,3,1,0,1,2],[0,4,1,1,1,1,1],[2,1,1,1,0,3,1],[3,2,0,1,0,2,1],[1,0,1,1,0,2,4]]","[[47,151,90,51,100,3,8],[100,0,124,7,5,90,124],[51,56,138,53,0,50,102],[3,202,50,49,52,51,43],[99,54,46,51,0,150,50],[152,100,0,54,0,94,50],[51,0,50,51,0,99,199]]",0.0011664973797674387,0.0014863526141045973
TARGET_ONLY_COSINE_PROTOTYPE,3,ER_BALANCED,44,181081,63,3150,0.15873015873015872,0.15845658101297197,0.15333333333333332,0.15279020681023914,0.9758730158730158,condition_block,True,"[[0,2,1,0,3,0,3],[1,0,3,1,1,2,1],[1,2,2,0,1,2,1],[1,2,0,2,2,0,2],[3,0,2,1,0,2,1],[1,1,2,0,1,3,1],[2,1,1,0,1,1,3]]","[[0,114,50,0,146,0,140],[51,1,149,57,49,93,50],[47,100,100,0,50,104,49],[62,103,0,86,99,4,96],[145,1,100,50,3,100,51],[52,54,100,0,51,143,50],[101,50,50,0,50,49,150]]",0.0011664973797674387,0.0014863526141045973
TARGET_ONLY_COSINE_PROTOTYPE,3,ER_BALANCED,44,205439,63,3150,0.15873015873015872,0.16298701298701299,0.15904761904761905,0.1645604435272958,0.9755555555555555,condition_block,True,"[[1,2,0,0,1,1,4],[2,2,0,0,0,3,2],[2,3,0,0,0,1,3],[0,0,0,2,3,0,4],[2,1,1,1,1,2,1],[3,1,1,0,1,3,0],[3,2,2,0,0,1,1]]","[[53,97,0,3,54,53,190],[105,100,0,0,0,140,105],[98,150,6,0,3,44,149],[1,3,0,101,142,4,199],[107,50,50,50,50,93,50],[150,54,49,3,50,141,3],[151,96,102,1,0,50,50]]",0.0011664973797674387,0.0014863526141045973
TARGET_ONLY_COSINE_PROTOTYPE,3,ER_BALANCED,45,104729,63,3150,0.20634920634920634,0.2149986349054672,0.20285714285714285,0.20843351756118997,0.9758730158730157,condition_block,True,"[[1,2,0,1,0,0,5],[0,3,1,1,0,2,2],[0,4,1,3,0,0,1],[0,1,1,3,0,1,3],[0,1,0,2,4,2,0],[1,3,0,2,0,1,2],[2,2,1,2,1,1,0]]","[[50,94,0,53,13,3,237],[0,150,49,51,11,90,99],[0,203,49,147,0,0,51],[0,50,52,147,5,50,146],[0,57,4,100,190,99,0],[53,150,0,97,2,52,96],[100,100,50,100,50,49,1]]",0.0011664973797674387,0.0014863526141045973
TARGET_ONLY_COSINE_PROTOTYPE,3,ER_BALANCED,45,130363,63,3150,0.1746031746031746,0.16218020388933604,0.17142857142857143,0.15987125145431724,0.973015873015873,condition_block,True,"[[1,3,1,1,1,0,2],[0,1,2,1,0,4,1],[1,1,1,2,3,1,0],[1,0,2,3,1,1,1],[0,1,1,2,2,2,1],[1,2,0,1,1,3,1],[1,0,1,2,2,3,0]]","[[56,145,40,62,50,3,94],[0,49,99,52,11,190,49],[50,58,50,94,144,50,4],[50,1,96,135,56,62,50],[0,50,50,100,98,102,50],[47,100,0,50,52,152,49],[50,0,50,100,101,149,0]]",0.0011664973797674387,0.0014863526141045973
TARGET_ONLY_COSINE_PROTOTYPE,3,ER_BALANCED,45,155921,63,3150,0.2222222222222222,0.20126984126984127,0.21873015873015872,0.1986577450325342,0.9682539682539681,condition_block,True,"[[0,2,3,1,1,0,2],[0,0,4,1,0,4,0],[1,0,4,1,2,1,0],[0,1,2,3,2,0,1],[0,1,1,2,2,2,1],[2,2,1,0,1,3,0],[1,0,1,3,1,1,2]]","[[0,107,140,50,41,3,109],[1,1,198,49,11,190,0],[51,6,200,47,93,50,3],[0,56,96,147,104,12,35],[1,53,51,100,93,102,50],[93,100,50,4,52,148,3],[50,0,50,151,50,49,100]]",0.0011664973797674387,0.0014863526141045973
TARGET_ONLY_COSINE_PROTOTYPE,3,ER_BALANCED,45,181081,63,3150,0.15873015873015872,0.1480047091300288,0.15174603174603174,0.14133569888312084,0.9758730158730159,condition_block,True,"[[0,2,3,0,2,0,2],[0,2,2,1,0,3,1],[0,0,3,2,1,2,1],[0,1,2,3,2,0,1],[3,0,2,1,0,2,1],[3,3,1,0,0,2,0],[4,1,1,1,0,2,0]]","[[0,97,150,0,97,3,103],[0,90,100,50,8,153,49],[0,1,156,97,46,100,50],[12,53,105,129,97,3,51],[145,9,96,50,0,100,50],[149,150,50,0,1,100,0],[202,50,50,50,1,94,3]]",0.0011664973797674387,0.0014863526141045973
TARGET_ONLY_COSINE_PROTOTYPE,3,ER_BALANCED,45,205439,63,3150,0.1111111111111111,0.12289996970448096,0.11587301587301588,0.12739527071251783,0.9784126984126983,condition_block,True,"[[1,1,0,0,0,0,7],[0,2,0,1,1,3,2],[2,2,1,3,0,0,1],[0,1,0,1,2,1,4],[2,1,0,1,1,2,2],[1,1,1,2,0,1,3],[3,1,2,2,1,0,0]]","[[50,47,0,3,10,3,337],[0,99,1,51,50,140,109],[97,99,50,149,3,1,51],[1,50,0,65,81,51,202],[99,52,3,50,50,96,100],[52,50,50,97,0,50,151],[150,50,99,100,50,0,1]]",0.0011664973797674387,0.0014863526141045973
TARGET_ONLY_COSINE_PROTOTYPE,3,ER_BALANCED,46,104729,63,3150,0.20634920634920634,0.18577620791906505,0.2088888888888889,0.1882772783578178,0.9733333333333334,condition_block,True,"[[1,0,3,1,2,1,1],[0,4,2,0,2,0,1],[1,3,2,2,0,0,1],[0,3,0,4,1,1,0],[2,2,2,2,1,0,0],[2,1,2,1,1,1,1],[3,3,1,1,0,1,0]]","[[50,0,139,50,107,51,53],[1,207,102,0,86,4,50],[50,145,105,100,0,0,50],[6,135,6,193,53,54,3],[99,96,105,100,50,0,0],[95,56,99,51,46,53,50],[143,149,56,52,0,50,0]]",0.0011664973797674387,0.0014863526141045973
TARGET_ONLY_COSINE_PROTOTYPE,3,ER_BALANCED,46,130363,63,3150,0.1746031746031746,0.15717353764891964,0.17365079365079364,0.15577580327908302,0.9768253968253967,condition_block,True,"[[1,0,4,2,0,1,1],[0,2,2,0,0,5,0],[2,1,1,2,1,2,0],[1,2,0,2,1,3,0],[2,0,1,2,1,3,0],[1,1,1,1,1,4,0],[2,0,2,1,0,4,0]]","[[50,3,186,104,3,50,54],[1,99,103,0,6,241,0],[100,49,52,97,50,101,1],[62,93,6,97,52,140,0],[100,1,50,99,47,153,0],[48,50,50,54,46,202,0],[100,0,100,50,0,200,0]]",0.0011664973797674387,0.0014863526141045973
TARGET_ONLY_COSINE_PROTOTYPE,3,ER_BALANCED,46,155921,63,3150,0.1746031746031746,0.16244624940277116,0.1761904761904762,0.16336885675509963,0.9634920634920634,condition_block,True,"[[0,2,3,2,0,1,1],[1,0,4,0,0,4,0],[1,1,2,2,1,1,1],[0,1,2,3,1,2,0],[0,0,3,4,1,1,0],[0,2,1,2,1,3,0],[1,1,2,1,0,2,2]]","[[0,110,140,97,3,50,50],[50,0,203,1,6,190,0],[51,32,106,100,50,50,61],[21,49,100,144,49,84,3],[0,1,153,189,47,60,0],[3,100,50,96,46,155,0],[50,47,98,51,1,100,103]]",0.0011664973797674387,0.0014863526141045973
TARGET_ONLY_COSINE_PROTOTYPE,3,ER_BALANCED,46,181081,63,3150,0.06349206349206349,0.05658730158730158,0.06444444444444444,0.05758434922453553,0.9726984126984126,condition_block,True,"[[0,3,2,1,2,0,1],[0,0,3,1,1,3,1],[2,2,1,1,0,2,1],[2,1,0,0,2,2,2],[2,1,1,0,0,4,1],[0,3,1,0,3,2,0],[2,2,1,0,0,3,1]]","[[0,157,90,50,100,3,50],[5,0,149,50,56,140,50],[103,100,50,47,0,94,56],[90,56,0,0,101,104,99],[86,50,64,0,0,200,50],[4,155,51,0,140,100,0],[101,96,49,1,0,150,53]]",0.0011664973797674387,0.0014863526141045973
TARGET_ONLY_COSINE_PROTOTYPE,3,ER_BALANCED,46,205439,63,3150,0.12698412698412698,0.11120939603911739,0.12603174603174602,0.11148900779857294,0.9653968253968254,condition_block,True,"[[1,0,3,0,2,1,2],[2,2,0,0,1,2,2],[2,2,1,1,2,0,1],[0,2,0,0,2,3,2],[0,2,1,1,0,3,2],[0,0,3,2,0,4,0],[3,1,2,1,0,2,0]]","[[50,0,146,0,107,54,93],[109,99,0,0,49,94,99],[101,100,55,50,94,0,50],[19,94,3,1,96,135,102],[0,103,54,50,0,143,100],[8,0,153,97,0,192,0],[150,50,102,51,0,97,0]]",0.0011664973797674387,0.0014863526141045973
TARGET_ONLY_COSINE_PROTOTYPE,3,JOINT_FACTOR_COVERAGE,42,104729,63,3150,0.1111111111111111,0.09265562024182715,0.09936507936507936,0.08298566114260984,0.9561904761904764,condition_block,True,"[[0,2,1,1,0,3,2],[1,0,1,2,0,3,2],[1,1,0,2,1,2,2],[0,1,0,1,0,3,4],[2,0,0,3,1,2,1],[1,1,0,2,0,4,1],[2,2,1,0,0,3,1]]","[[3,103,53,53,1,150,87],[50,1,50,100,5,146,98],[50,59,0,106,53,101,81],[12,44,6,32,3,163,190],[101,4,0,146,50,99,50],[56,50,0,100,1,192,51],[99,80,69,1,2,164,35]]",0.0004661090282392434,0.0009439727861189054
TARGET_ONLY_COSINE_PROTOTYPE,3,JOINT_FACTOR_COVERAGE,42,130363,63,3150,0.12698412698412698,0.09987152755839178,0.12317460317460317,0.0966521778833035,0.9552380952380951,condition_block,True,"[[0,4,1,0,2,0,2],[0,0,3,3,0,3,0],[1,0,1,2,1,0,4],[0,0,1,2,1,2,3],[1,1,1,2,0,1,3],[0,1,2,1,1,1,3],[0,1,1,2,0,1,4]]","[[0,193,44,0,110,3,100],[0,0,125,161,0,128,36],[70,1,50,100,31,0,198],[3,5,52,89,53,97,151],[50,46,54,100,0,50,150],[4,49,100,51,50,50,146],[1,50,50,100,0,50,199]]",0.0004661090282392434,0.0009439727861189054
TARGET_ONLY_COSINE_PROTOTYPE,3,JOINT_FACTOR_COVERAGE,42,155921,63,3150,0.06349206349206349,0.04786811749871573,0.06285714285714286,0.048528141226913735,0.9660317460317459,condition_block,True,"[[0,3,2,0,2,1,1],[0,0,1,4,0,3,1],[1,1,0,5,0,0,2],[0,1,1,2,0,2,3],[1,1,0,4,0,1,2],[0,1,1,2,0,1,4],[1,1,2,2,0,2,1]]","[[0,147,86,3,110,54,50],[0,0,49,211,1,131,58],[56,43,6,245,0,1,99],[3,45,46,92,7,103,154],[50,50,4,196,0,50,100],[4,49,50,101,0,50,196],[50,53,96,101,0,100,50]]",0.0004661090282392434,0.0009439727861189054
TARGET_ONLY_COSINE_PROTOTYPE,3,JOINT_FACTOR_COVERAGE,42,181081,63,3150,0.15873015873015872,0.12678404695211418,0.15523809523809523,0.12485201229796197,0.9644444444444443,condition_block,True,"[[0,4,1,0,2,0,2],[0,0,3,2,1,3,0],[1,0,1,3,0,0,4],[0,0,1,2,1,2,3],[1,2,1,2,0,1,2],[0,1,1,1,1,2,3],[0,1,0,2,0,1,5]]","[[0,193,44,0,110,3,100],[0,0,125,111,50,140,24],[50,1,50,169,0,0,180],[3,4,49,88,54,97,155],[50,99,51,100,3,50,97],[4,49,50,51,50,100,146],[1,50,1,100,0,50,248]]",0.0004661090282392434,0.0009439727861189054
TARGET_ONLY_COSINE_PROTOTYPE,3,JOINT_FACTOR_COVERAGE,42,205439,63,3150,0.12698412698412698,0.10856734010091541,0.12285714285714286,0.10712685823354837,0.96,condition_block,True,"[[1,2,1,0,0,3,2],[1,0,1,3,1,3,0],[1,1,0,2,1,2,2],[0,1,0,1,0,3,4],[2,1,0,3,1,2,0],[0,1,0,2,1,4,1],[2,1,2,0,0,3,1]]","[[53,103,53,4,0,150,87],[50,1,61,149,43,146,0],[50,53,6,106,53,101,81],[0,44,0,38,3,175,190],[101,53,0,147,50,99,0],[9,50,0,100,51,189,51],[96,62,87,1,5,149,50]]",0.0004661090282392434,0.0009439727861189054
TARGET_ONLY_COSINE_PROTOTYPE,3,JOINT_FACTOR_COVERAGE,43,104729,63,3150,0.1111111111111111,0.10895493395493396,0.12793650793650793,0.12181595956782267,0.9628571428571425,condition_block,True,"[[1,1,0,2,1,2,2],[2,0,1,2,1,1,2],[1,3,1,2,1,0,1],[1,1,0,2,2,1,2],[3,1,0,3,1,1,0],[3,0,0,2,2,1,1],[2,0,2,0,3,1,1]]","[[53,52,0,101,50,97,97],[91,0,50,105,55,50,99],[50,136,50,100,54,5,55],[29,45,0,143,93,51,89],[148,49,0,150,57,46,0],[146,7,0,101,96,50,50],[99,0,100,1,150,50,50]]",0.0004661090282392434,0.0009439727861189054
TARGET_ONLY_COSINE_PROTOTYPE,3,JOINT_FACTOR_COVERAGE,43,130363,63,3150,0.14285714285714285,0.12953429065961036,0.13968253968253969,0.1275997068782275,0.9714285714285713,condition_block,True,"[[0,2,2,1,2,1,1],[2,1,1,2,0,1,2],[1,1,1,3,0,1,2],[1,3,1,3,0,0,1],[1,0,1,2,0,2,3],[0,1,1,1,2,2,2],[2,1,1,2,0,1,2]]","[[0,97,90,54,106,50,53],[101,53,49,100,6,40,101],[55,56,50,128,0,61,100],[50,155,46,141,6,5,47],[46,3,51,100,0,100,150],[3,50,52,52,96,97,100],[100,51,49,101,0,50,99]]",0.0004661090282392434,0.0009439727861189054
TARGET_ONLY_COSINE_PROTOTYPE,3,JOINT_FACTOR_COVERAGE,43,155921,63,3150,0.1111111111111111,0.09533638016610153,0.11015873015873016,0.09485305860471253,0.9704761904761904,condition_block,True,"[[1,2,0,1,3,2,0],[2,0,1,3,0,1,2],[2,2,0,4,0,0,1],[0,2,1,3,2,1,0],[2,0,0,2,1,2,2],[0,1,1,3,1,2,1],[3,0,2,2,1,1,0]]","[[50,88,8,54,146,100,4],[102,3,49,150,7,40,99],[105,99,0,178,0,18,50],[3,96,46,147,100,55,3],[93,6,1,100,50,100,100],[3,50,52,152,46,97,50],[149,1,99,101,50,50,0]]",0.0004661090282392434,0.0009439727861189054
TARGET_ONLY_COSINE_PROTOTYPE,3,JOINT_FACTOR_COVERAGE,43,181081,63,3150,0.14285714285714285,0.13217662350981582,0.13968253968253969,0.12982847242955517,0.9758730158730158,condition_block,True,"[[0,3,0,1,3,1,1],[2,1,1,2,0,1,2],[1,1,1,3,0,1,2],[1,2,1,3,1,0,1],[1,0,2,2,0,2,2],[0,2,0,1,2,2,2],[2,1,1,2,0,1,2]]","[[0,147,3,54,146,50,50],[101,53,49,100,6,40,101],[55,47,50,143,0,55,100],[50,105,46,141,53,5,50],[46,3,100,100,0,100,101],[3,100,3,52,95,97,100],[100,51,49,101,0,50,99]]",0.0004661090282392434,0.0009439727861189054
TARGET_ONLY_COSINE_PROTOTYPE,3,JOINT_FACTOR_COVERAGE,43,205439,63,3150,0.12698412698412698,0.12374949979991996,0.13714285714285715,0.13105630882151734,0.9558730158730157,condition_block,True,"[[1,1,1,1,1,2,2],[2,0,2,2,1,1,1],[1,2,2,2,1,0,1],[1,1,1,2,2,1,1],[3,1,0,3,1,1,0],[2,0,0,2,3,1,1],[2,0,2,0,3,1,1]]","[[53,52,50,51,50,97,97],[91,0,99,105,56,49,50],[50,104,85,100,51,5,55],[47,45,46,137,93,51,31],[148,43,6,150,57,46,0],[99,7,0,101,143,50,50],[99,0,100,1,150,50,50]]",0.0004661090282392434,0.0009439727861189054
TARGET_ONLY_COSINE_PROTOTYPE,3,JOINT_FACTOR_COVERAGE,44,104729,63,3150,0.19047619047619047,0.18111371030625686,0.18444444444444444,0.17520814419515157,0.9749206349206349,condition_block,True,"[[0,2,1,1,1,3,1],[1,1,2,0,1,3,1],[1,2,1,0,1,1,3],[0,1,1,2,0,0,5],[2,3,0,1,1,1,1],[1,2,0,1,1,4,0],[1,2,1,0,1,1,3]]","[[4,106,40,50,50,150,50],[50,50,99,0,55,143,53],[50,109,50,0,51,50,140],[12,48,49,84,4,10,243],[101,149,0,53,50,47,50],[47,100,0,53,54,192,4],[49,97,53,0,51,49,151]]",0.0004661090282392434,0.0009439727861189054
TARGET_ONLY_COSINE_PROTOTYPE,3,JOINT_FACTOR_COVERAGE,44,130363,63,3150,0.14285714285714285,0.1321498296288212,0.1419047619047619,0.13158210126507885,0.9733333333333334,condition_block,True,"[[0,1,2,0,4,0,2],[1,0,3,1,1,2,1],[2,1,2,2,0,0,2],[1,1,0,2,2,1,2],[2,0,3,1,0,2,1],[0,2,1,1,2,2,1],[1,0,2,2,0,1,3]]","[[3,51,90,3,200,0,103],[51,0,149,60,50,81,59],[98,50,100,103,0,0,99],[51,47,0,97,108,48,99],[95,4,146,51,3,100,51],[5,103,49,50,96,94,53],[51,0,96,100,0,53,150]]",0.0004661090282392434,0.0009439727861189054
TARGET_ONLY_COSINE_PROTOTYPE,3,JOINT_FACTOR_COVERAGE,44,155921,63,3150,0.1111111111111111,0.10262778157515,0.10888888888888888,0.10100001422824799,0.9739682539682538,condition_block,True,"[[0,2,1,0,2,1,3],[2,1,1,1,0,2,2],[3,1,0,2,0,0,3],[0,1,0,2,1,2,3],[2,2,1,1,0,2,1],[0,2,1,1,2,3,0],[2,1,2,2,0,1,1]]","[[3,97,40,3,104,50,153],[101,50,49,60,0,79,111],[148,50,0,103,0,0,149],[4,47,0,97,52,101,149],[95,104,50,51,0,100,50],[5,103,49,50,96,143,4],[100,47,99,100,1,53,50]]",0.0004661090282392434,0.0009439727861189054
TARGET_ONLY_COSINE_PROTOTYPE,3,JOINT_FACTOR_COVERAGE,44,181081,63,3150,0.14285714285714285,0.1395891690009337,0.1419047619047619,0.1384518838933033,0.9685714285714285,condition_block,True,"[[0,4,2,0,3,0,0],[1,0,3,1,1,2,1],[2,1,2,2,0,0,2],[1,1,1,2,2,1,1],[2,0,4,1,0,2,0],[0,2,1,1,2,2,1],[1,0,2,2,0,1,3]]","[[3,201,93,3,150,0,0],[52,0,149,60,49,73,67],[98,50,100,97,0,0,105],[51,50,50,97,102,48,52],[95,4,196,51,3,100,1],[5,103,49,50,96,94,53],[51,0,99,100,0,50,150]]",0.0004661090282392434,0.0009439727861189054
TARGET_ONLY_COSINE_PROTOTYPE,3,JOINT_FACTOR_COVERAGE,44,205439,63,3150,0.19047619047619047,0.17647746130718267,0.1895238095238095,0.17654273851610042,0.9774603174603175,condition_block,True,"[[0,2,1,1,1,3,1],[1,1,2,0,1,3,1],[1,2,1,0,1,1,3],[1,0,2,1,1,0,4],[2,1,1,1,2,1,1],[0,2,0,1,2,4,0],[1,2,1,0,1,1,3]]","[[3,107,40,50,50,150,50],[50,50,99,0,55,143,53],[50,109,53,0,51,50,137],[47,1,99,49,51,10,193],[101,53,46,53,100,47,50],[3,100,0,53,101,192,1],[49,97,54,1,50,49,150]]",0.0004661090282392434,0.0009439727861189054
TARGET_ONLY_COSINE_PROTOTYPE,3,JOINT_FACTOR_COVERAGE,45,104729,63,3150,0.15873015873015872,0.15813840687790268,0.1565079365079365,0.1565419806411891,0.9765079365079364,condition_block,True,"[[1,1,1,2,0,1,3],[0,1,2,2,1,1,2],[0,2,1,3,1,1,1],[0,1,1,1,2,1,3],[1,1,0,3,2,2,0],[1,2,0,1,1,3,1],[2,0,1,1,2,2,1]]","[[50,47,50,103,0,50,150],[0,50,99,101,58,43,99],[0,106,56,150,49,50,39],[0,50,49,39,101,68,143],[54,47,3,150,100,96,0],[50,103,0,51,48,148,50],[100,0,50,50,101,99,50]]",0.0004661090282392434,0.0009439727861189054
TARGET_ONLY_COSINE_PROTOTYPE,3,JOINT_FACTOR_COVERAGE,45,130363,63,3150,0.15873015873015872,0.1553709230727864,0.1580952380952381,0.15546043618220723,0.9746031746031746,condition_block,True,"[[0,2,2,0,3,0,2],[0,1,2,2,0,1,3],[1,0,3,3,0,0,2],[0,1,2,2,1,0,3],[0,1,2,3,0,1,2],[1,1,1,2,1,3,0],[3,0,2,2,1,0,1]]","[[0,97,94,0,156,3,100],[1,49,100,100,2,46,152],[53,3,150,142,3,0,99],[3,50,99,95,59,0,144],[0,50,96,150,4,53,97],[50,50,50,103,51,146,0],[149,0,99,101,47,0,54]]",0.0004661090282392434,0.0009439727861189054
TARGET_ONLY_COSINE_PROTOTYPE,3,JOINT_FACTOR_COVERAGE,45,155921,63,3150,0.15873015873015872,0.16402807276756856,0.1568253968253968,0.16150358230750259,0.9746031746031745,condition_block,True,"[[1,2,1,0,2,0,3],[0,1,1,3,0,1,3],[1,1,0,5,0,0,2],[0,1,1,2,0,1,4],[0,1,0,3,1,1,3],[0,2,0,3,0,4,0],[2,0,2,3,1,0,1]]","[[50,94,40,3,110,3,150],[1,49,49,151,2,46,152],[53,52,0,242,3,0,100],[3,47,49,98,9,50,194],[0,51,3,150,50,53,143],[0,100,0,153,1,196,0],[99,0,99,151,50,0,51]]",0.0004661090282392434,0.0009439727861189054
TARGET_ONLY_COSINE_PROTOTYPE,3,JOINT_FACTOR_COVERAGE,45,181081,63,3150,0.15873015873015872,0.14282349095244504,0.1568253968253968,0.14243506180696677,0.9765079365079365,condition_block,True,"[[0,3,3,0,2,0,1],[0,1,2,2,0,2,2],[1,0,3,4,0,0,1],[0,1,2,2,1,1,2],[0,1,2,3,0,1,2],[1,2,1,1,0,3,1],[3,0,2,2,0,1,1]]","[[0,147,140,0,110,3,50],[1,49,100,100,2,90,108],[53,3,150,191,3,0,50],[3,50,99,95,59,50,94],[0,54,96,150,0,53,97],[50,100,50,56,1,146,47],[151,0,99,101,0,45,54]]",0.0004661090282392434,0.0009439727861189054
TARGET_ONLY_COSINE_PROTOTYPE,3,JOINT_FACTOR_COVERAGE,45,205439,63,3150,0.15873015873015872,0.1578555946977,0.1565079365079365,0.15635239217576996,0.9768253968253968,condition_block,True,"[[1,1,1,2,0,1,3],[0,1,2,2,2,1,1],[0,2,1,3,1,1,1],[0,1,1,1,2,1,3],[1,1,0,3,2,2,0],[1,2,0,1,1,3,1],[1,1,1,1,2,2,1]]","[[50,47,50,103,0,50,150],[0,50,99,101,107,43,50],[0,100,56,150,55,50,39],[12,50,49,39,101,56,143],[54,47,3,150,100,96,0],[50,103,0,51,48,148,50],[50,50,50,50,101,99,50]]",0.0004661090282392434,0.0009439727861189054
TARGET_ONLY_COSINE_PROTOTYPE,3,JOINT_FACTOR_COVERAGE,46,104729,63,3150,0.1111111111111111,0.09593695777906304,0.11460317460317461,0.09831891403996272,0.9590476190476189,condition_block,True,"[[1,0,3,2,0,2,1],[1,2,2,1,1,1,1],[1,3,0,0,1,3,1],[0,2,1,1,3,2,0],[1,2,1,2,0,3,0],[1,0,1,3,1,3,0],[2,1,2,1,0,3,0]]","[[50,4,142,97,3,101,53],[51,100,99,28,56,66,50],[50,150,6,0,62,146,36],[6,95,52,50,125,119,3],[51,95,54,100,0,150,0],[44,5,50,149,47,155,0],[92,50,99,51,2,156,0]]",0.0004661090282392434,0.0009439727861189054
TARGET_ONLY_COSINE_PROTOTYPE,3,JOINT_FACTOR_COVERAGE,46,130363,63,3150,0.07936507936507936,0.07909706392678528,0.07904761904761905,0.07917866455928373,0.9787301587301586,condition_block,True,"[[0,2,3,0,2,1,1],[0,0,4,2,1,2,0],[2,1,1,3,0,1,1],[1,1,1,1,2,2,1],[1,1,3,1,1,2,0],[0,1,3,2,2,1,0],[1,2,2,1,0,2,1]]","[[0,100,140,0,110,50,50],[4,0,199,104,53,90,0],[104,57,50,146,0,43,50],[46,50,50,52,102,101,49],[46,53,151,50,47,103,0],[4,50,153,100,96,47,0],[51,97,98,51,0,100,53]]",0.0004661090282392434,0.0009439727861189054
TARGET_ONLY_COSINE_PROTOTYPE,3,JOINT_FACTOR_COVERAGE,46,155921,63,3150,0.14285714285714285,0.1476919439104313,0.14317460317460318,0.14801065007576514,0.9749206349206349,condition_block,True,"[[1,0,3,0,3,1,1],[0,2,2,2,0,3,0],[3,2,0,3,0,0,1],[1,1,0,1,2,3,1],[1,1,1,2,2,2,0],[0,0,3,3,1,2,0],[2,1,2,1,0,2,1]]","[[50,0,136,0,160,50,54],[5,99,99,104,3,140,0],[154,93,6,146,0,0,51],[46,44,3,52,102,151,52],[46,49,55,100,97,103,0],[4,0,153,150,46,97,0],[100,50,99,51,0,100,50]]",0.0004661090282392434,0.0009439727861189054
TARGET_ONLY_COSINE_PROTOTYPE,3,JOINT_FACTOR_COVERAGE,46,181081,63,3150,0.09523809523809523,0.09394915861081274,0.09492063492063492,0.0942049687353037,0.9758730158730158,condition_block,True,"[[0,2,3,0,3,1,0],[0,0,4,2,1,2,0],[2,1,1,3,0,1,1],[1,1,0,1,4,2,0],[1,1,1,1,2,2,1],[0,2,2,2,2,1,0],[1,3,1,1,0,2,1]]","[[0,100,140,0,160,50,0],[4,0,199,104,53,90,0],[104,57,50,140,0,43,56],[46,53,0,52,198,101,0],[46,53,51,50,97,103,50],[4,100,103,100,96,47,0],[51,146,49,51,0,100,53]]",0.0004661090282392434,0.0009439727861189054
TARGET_ONLY_COSINE_PROTOTYPE,3,JOINT_FACTOR_COVERAGE,46,205439,63,3150,0.12698412698412698,0.11022267206477733,0.13047619047619047,0.11260025257879161,0.9622222222222222,condition_block,True,"[[1,0,3,2,0,2,1],[1,2,2,1,1,1,1],[1,3,1,0,0,3,1],[0,2,1,1,3,2,0],[1,2,1,2,0,3,0],[1,0,1,3,1,3,0],[2,1,2,1,0,3,0]]","[[50,7,142,97,0,101,53],[51,100,99,28,56,66,50],[50,143,59,0,9,153,36],[6,95,52,50,125,119,3],[51,95,54,100,0,150,0],[47,5,50,149,47,152,0],[92,50,100,51,1,156,0]]",0.0004661090282392434,0.0009439727861189054
TARGET_ONLY_COSINE_PROTOTYPE,3,RANDOM_BLOCK,42,104729,63,3150,0.19047619047619047,0.17440679621130747,0.18793650793650793,0.17331321520284582,0.9679365079365079,condition_block,True,"[[1,2,1,1,1,0,3],[0,1,1,2,0,3,2],[0,1,1,2,1,2,2],[0,1,0,4,1,2,1],[2,2,1,1,0,1,2],[1,1,1,0,0,3,3],[2,2,0,1,0,2,2]]","[[50,104,47,53,53,0,143],[0,50,50,110,0,141,99],[1,50,64,101,35,100,99],[15,57,0,179,47,103,49],[97,96,49,57,0,50,101],[53,51,49,3,0,147,147],[99,97,1,51,0,100,102]]",0.0014848224273251733,0.000706638986424006
TARGET_ONLY_COSINE_PROTOTYPE,3,RANDOM_BLOCK,42,130363,63,3150,0.09523809523809523,0.09575569358178052,0.09904761904761905,0.10023956700685656,0.9419047619047618,condition_block,True,"[[0,2,0,0,1,2,4],[2,0,1,2,0,2,2],[1,0,3,2,2,0,1],[3,1,0,0,1,2,2],[0,2,1,3,2,0,1],[0,1,1,4,0,0,3],[0,1,3,0,1,3,1]]","[[14,97,0,6,57,83,193],[111,0,49,90,1,100,99],[50,0,145,125,79,1,50],[136,47,15,4,49,97,102],[0,76,51,174,99,0,50],[0,57,53,190,0,0,150],[1,50,150,6,50,143,50]]",0.0014848224273251733,0.000706638986424006
TARGET_ONLY_COSINE_PROTOTYPE,3,RANDOM_BLOCK,42,155921,63,3150,0.14285714285714285,0.1363301689859773,0.13714285714285715,0.13100287919257567,0.9619047619047618,condition_block,True,"[[1,2,2,0,2,0,2],[2,0,1,3,1,2,0],[2,1,1,2,1,1,1],[1,0,2,1,2,3,0],[2,0,1,3,0,2,1],[1,1,1,3,0,2,1],[1,0,0,2,1,1,4]]","[[50,110,96,7,87,3,97],[104,0,49,140,51,106,0],[115,31,35,102,74,50,43],[39,3,93,54,100,161,0],[93,0,50,157,0,100,50],[56,50,50,150,1,96,47],[50,0,3,100,50,50,197]]",0.0014848224273251733,0.000706638986424006
TARGET_ONLY_COSINE_PROTOTYPE,3,RANDOM_BLOCK,42,181081,63,3150,0.14285714285714285,0.13279153558656662,0.1403174603174603,0.13091703643791627,0.9673015873015871,condition_block,True,"[[1,2,1,1,2,0,2],[0,1,2,1,1,3,1],[0,0,0,3,0,4,2],[1,1,0,2,2,2,1],[1,0,1,3,1,1,2],[1,1,0,2,1,2,2],[3,1,0,2,0,1,2]]","[[50,97,50,61,74,3,115],[0,55,98,51,56,140,50],[0,7,0,144,0,199,100],[50,52,0,94,107,91,56],[50,0,50,146,47,53,104],[53,50,0,104,46,97,100],[149,50,0,101,1,50,99]]",0.0014848224273251733,0.000706638986424006
TARGET_ONLY_COSINE_PROTOTYPE,3,RANDOM_BLOCK,42,205439,63,3150,0.1111111111111111,0.0880952380952381,0.11238095238095239,0.09010794514728751,0.964126984126984,condition_block,True,"[[0,1,1,1,1,3,2],[0,0,3,2,0,3,1],[0,1,2,1,1,2,2],[0,1,1,1,0,4,2],[0,0,2,3,0,3,1],[0,0,1,3,0,1,4],[0,1,1,1,0,3,3]]","[[0,50,40,50,60,144,106],[0,0,149,101,4,146,50],[6,56,99,51,53,101,84],[0,56,46,59,4,192,93],[0,3,97,129,0,147,74],[3,0,50,150,1,46,200],[1,50,50,50,0,149,150]]",0.0014848224273251733,0.000706638986424006
TARGET_ONLY_COSINE_PROTOTYPE,3,RANDOM_BLOCK,43,104729,63,3150,0.20634920634920634,0.16883073067283597,0.20317460317460317,0.1685826087940858,0.9692063492063492,condition_block,True,"[[1,0,1,3,0,2,2],[0,1,1,1,0,4,2],[3,0,0,2,0,2,2],[0,2,0,4,1,1,1],[3,2,0,2,0,2,0],[1,2,0,2,0,4,0],[3,0,0,1,0,2,3]]","[[50,6,47,150,7,96,94],[6,53,49,53,0,190,99],[155,0,3,91,3,92,106],[3,99,0,189,52,55,52],[143,100,3,100,0,103,1],[58,97,0,99,0,195,1],[150,0,0,51,0,99,150]]",0.0014848224273251733,0.000706638986424006
TARGET_ONLY_COSINE_PROTOTYPE,3,RANDOM_BLOCK,43,130363,63,3150,0.07936507936507936,0.07793262232429203,0.08253968253968254,0.08093605770814973,0.9777777777777776,condition_block,True,"[[0,1,1,1,1,3,2],[0,2,3,0,0,1,3],[2,2,0,1,3,0,1],[5,1,1,1,1,0,0],[1,2,2,4,0,0,0],[1,3,2,1,0,1,1],[0,3,3,1,1,0,1]]","[[0,50,50,56,51,141,102],[5,101,149,6,1,43,145],[100,94,3,56,147,1,49],[243,53,47,56,47,0,4],[50,100,96,200,0,0,4],[50,149,103,47,1,50,50],[1,149,149,51,50,0,50]]",0.0014848224273251733,0.000706638986424006
TARGET_ONLY_COSINE_PROTOTYPE,3,RANDOM_BLOCK,43,155921,63,3150,0.12698412698412698,0.1161084529505582,0.12857142857142856,0.11835076591247777,0.9749206349206349,condition_block,True,"[[0,0,1,1,4,0,3],[2,0,1,2,2,1,1],[3,0,1,1,1,3,0],[0,0,1,4,2,1,1],[2,1,0,3,0,1,2],[0,3,0,1,0,3,2],[3,1,2,1,1,1,0]]","[[0,1,50,63,190,0,146],[105,3,49,94,99,50,50],[152,0,53,56,54,135,0],[3,6,46,200,96,52,47],[93,50,0,150,0,53,104],[4,149,0,50,1,146,100],[150,49,97,51,50,50,3]]",0.0014848224273251733,0.000706638986424006
TARGET_ONLY_COSINE_PROTOTYPE,3,RANDOM_BLOCK,43,181081,63,3150,0.12698412698412698,0.13113378684807256,0.12698412698412698,0.13129296953250016,0.9676190476190475,condition_block,True,"[[0,2,1,2,2,1,1],[2,2,0,1,1,2,1],[4,0,1,4,0,0,0],[1,2,1,2,0,1,2],[2,0,1,2,1,2,1],[1,1,1,3,1,0,2],[3,0,0,2,0,2,2]]","[[9,100,41,104,90,50,56],[101,103,0,50,56,90,50],[200,7,50,193,0,0,0],[53,102,46,88,4,57,100],[96,0,50,101,50,99,54],[52,50,52,128,68,0,100],[151,0,0,100,0,99,100]]",0.0014848224273251733,0.000706638986424006
TARGET_ONLY_COSINE_PROTOTYPE,3,RANDOM_BLOCK,43,205439,63,3150,0.12698412698412698,0.12511743827965968,0.1326984126984127,0.12990174727643164,0.9593650793650793,condition_block,True,"[[0,2,2,1,1,1,2],[1,1,3,1,0,2,1],[1,3,1,3,0,0,1],[0,1,3,2,2,0,1],[0,2,2,3,1,1,0],[1,2,0,1,3,1,1],[2,3,1,0,0,1,2]]","[[0,100,90,54,56,53,97],[51,51,149,50,10,90,49],[51,141,56,150,3,0,49],[9,53,139,99,101,0,49],[1,90,100,146,47,59,7],[55,80,0,65,151,49,50],[101,131,49,1,3,49,116]]",0.0014848224273251733,0.000706638986424006
TARGET_ONLY_COSINE_PROTOTYPE,3,RANDOM_BLOCK,44,104729,63,3150,0.15873015873015872,0.14407814407814407,0.14952380952380953,0.13632806804923361,0.9676190476190475,condition_block,True,"[[0,1,1,1,1,2,3],[3,1,1,0,0,2,2],[2,2,0,0,1,1,3],[0,1,0,4,0,1,3],[3,1,0,2,0,1,2],[1,0,2,2,1,2,1],[4,0,0,0,0,2,3]]","[[0,60,47,53,50,97,143],[151,50,49,11,0,89,100],[107,99,0,0,44,51,149],[1,56,0,179,18,53,143],[149,52,0,96,0,62,91],[53,3,103,100,47,95,49],[199,1,4,0,0,99,147]]",0.0014848224273251733,0.000706638986424006
TARGET_ONLY_COSINE_PROTOTYPE,3,RANDOM_BLOCK,44,130363,63,3150,0.14285714285714285,0.14191992586508287,0.14253968253968255,0.1413457666766091,0.9612698412698412,condition_block,True,"[[1,2,1,0,1,0,4],[0,2,1,1,0,1,4],[1,2,2,2,2,0,0],[1,2,1,2,1,1,1],[2,2,1,2,0,1,1],[0,4,1,1,1,1,1],[0,1,1,2,3,1,1]]","[[53,99,47,0,60,0,191],[2,100,49,53,4,40,202],[50,100,111,99,86,1,3],[56,112,49,83,47,50,53],[100,100,46,104,7,43,50],[0,202,51,49,54,44,50],[1,50,68,99,131,50,51]]",0.0014848224273251733,0.000706638986424006
TARGET_ONLY_COSINE_PROTOTYPE,3,RANDOM_BLOCK,44,155921,63,3150,0.09523809523809523,0.09149497119421932,0.08825396825396825,0.08566255019881593,0.9746031746031745,condition_block,True,"[[0,1,3,0,3,2,0],[2,0,2,1,2,1,1],[2,0,2,2,1,1,1],[0,2,2,0,3,1,1],[2,0,1,4,0,1,1],[2,1,2,0,1,3,0],[2,1,1,2,1,1,1]]","[[0,56,140,4,153,97,0],[102,0,99,34,103,59,53],[110,6,87,94,51,53,49],[4,98,100,1,143,54,50],[99,0,51,200,0,50,50],[106,52,101,0,51,140,0],[99,50,52,99,50,50,50]]",0.0014848224273251733,0.000706638986424006
TARGET_ONLY_COSINE_PROTOTYPE,3,RANDOM_BLOCK,44,181081,63,3150,0.2222222222222222,0.21219340755136765,0.21841269841269842,0.20852712847333152,0.9707936507936508,condition_block,True,"[[2,3,0,2,1,0,1],[2,3,1,0,0,2,1],[1,2,2,2,0,1,1],[0,3,0,2,1,1,2],[2,1,1,2,0,2,1],[3,2,0,1,0,2,1],[2,0,0,2,0,2,3]]","[[97,143,0,104,40,9,57],[99,152,31,8,1,90,69],[57,100,100,94,0,49,50],[3,153,3,95,50,50,96],[96,54,50,100,0,100,50],[149,100,3,54,0,94,50],[99,1,0,101,0,99,150]]",0.0014848224273251733,0.000706638986424006
TARGET_ONLY_COSINE_PROTOTYPE,3,RANDOM_BLOCK,44,205439,63,3150,0.14285714285714285,0.12104205318491032,0.14063492063492064,0.119659217670158,0.9777777777777777,condition_block,True,"[[0,2,3,0,0,1,3],[1,2,3,0,0,2,1],[1,3,1,2,0,1,1],[0,2,1,1,0,2,3],[2,0,2,2,0,3,0],[0,2,0,1,0,3,3],[1,1,1,1,0,3,2]]","[[0,100,140,0,13,53,144],[51,100,149,0,4,93,53],[51,135,50,100,0,50,64],[4,106,46,48,0,103,143],[100,1,96,103,0,150,0],[3,100,0,53,0,144,150],[50,51,49,50,0,149,101]]",0.0014848224273251733,0.000706638986424006
TARGET_ONLY_COSINE_PROTOTYPE,3,RANDOM_BLOCK,45,104729,63,3150,0.12698412698412698,0.1207369072030726,0.11904761904761904,0.11291442995025032,0.9641269841269839,condition_block,True,"[[0,2,2,0,2,0,3],[0,2,2,1,0,3,1],[3,1,0,2,1,1,1],[0,2,1,2,1,1,2],[2,1,1,0,0,3,2],[2,1,1,0,0,3,2],[3,1,0,1,1,2,1]]","[[0,100,97,3,97,3,150],[1,83,116,59,0,141,50],[135,60,9,100,46,50,50],[1,102,49,85,59,54,100],[102,48,50,4,0,146,100],[97,51,50,3,4,148,97],[149,50,4,51,50,96,50]]",0.0014848224273251733,0.000706638986424006
TARGET_ONLY_COSINE_PROTOTYPE,3,RANDOM_BLOCK,45,130363,63,3150,0.09523809523809523,0.08317805383022774,0.09936507936507936,0.08749274005358813,0.9625396825396825,condition_block,True,"[[0,1,1,3,0,0,4],[1,2,3,2,0,0,1],[1,2,2,2,2,0,0],[2,0,1,1,2,1,2],[1,2,2,3,1,0,0],[0,4,1,3,0,0,1],[2,3,1,1,2,0,0]]","[[0,68,29,150,10,3,190],[52,97,148,108,1,0,44],[50,102,110,100,85,0,3],[90,3,51,54,91,50,111],[50,105,95,150,50,0,0],[4,199,50,147,0,1,49],[100,149,50,56,94,0,1]]",0.0014848224273251733,0.000706638986424006
TARGET_ONLY_COSINE_PROTOTYPE,3,RANDOM_BLOCK,45,155921,63,3150,0.06349206349206349,0.05873015873015874,0.06444444444444444,0.05947279489965119,0.9679365079365079,condition_block,True,"[[0,1,2,0,2,0,4],[1,0,3,1,0,4,0],[2,0,1,2,3,1,0],[1,0,3,0,3,1,1],[1,0,1,3,0,3,1],[2,2,0,1,0,2,2],[2,1,1,3,1,0,1]]","[[0,57,94,0,88,3,208],[50,0,149,50,1,200,0],[113,6,50,100,128,50,3],[50,3,146,3,153,60,35],[50,1,50,150,0,149,50],[93,99,0,54,0,99,105],[100,49,50,150,50,0,51]]",0.0014848224273251733,0.000706638986424006
TARGET_ONLY_COSINE_PROTOTYPE,3,RANDOM_BLOCK,45,181081,63,3150,0.2222222222222222,0.20607590355489513,0.21873015873015872,0.20273899312075105,0.9765079365079363,condition_block,True,"[[0,2,2,0,1,1,3],[0,2,3,1,0,3,0],[0,1,3,3,0,1,1],[0,1,2,3,1,1,1],[1,1,1,2,1,2,1],[2,1,1,1,0,3,1],[1,0,1,3,1,1,2]]","[[0,97,100,0,53,53,147],[0,100,148,51,11,140,0],[0,53,150,147,0,50,50],[0,53,99,148,53,62,35],[50,52,48,107,47,96,50],[100,50,50,56,2,143,49],[50,0,50,150,50,49,101]]",0.0014848224273251733,0.000706638986424006
TARGET_ONLY_COSINE_PROTOTYPE,3,RANDOM_BLOCK,45,205439,63,3150,0.12698412698412698,0.10845410628019324,0.12222222222222222,0.10696704968478522,0.9701587301587301,condition_block,True,"[[1,1,2,0,1,2,2],[0,0,4,1,0,3,1],[0,1,3,2,0,1,2],[0,1,3,0,2,1,2],[0,0,1,1,0,3,4],[0,1,1,1,1,3,2],[0,1,1,1,0,5,1]]","[[50,51,93,0,60,96,100],[0,1,199,49,11,140,50],[3,51,131,100,9,51,105],[0,53,148,0,93,66,90],[3,3,46,55,6,144,193],[3,50,50,50,51,146,100],[0,50,49,51,0,249,51]]",0.0014848224273251733,0.000706638986424006
TARGET_ONLY_COSINE_PROTOTYPE,3,RANDOM_BLOCK,46,104729,63,3150,0.1746031746031746,0.16958049886621315,0.17396825396825397,0.1697821121177451,0.9660317460317459,condition_block,True,"[[0,1,1,2,1,3,1],[2,1,2,0,0,2,2],[2,4,1,1,0,1,0],[1,2,0,2,1,1,2],[0,2,1,0,2,2,2],[0,1,1,0,2,4,1],[2,1,1,0,1,3,1]]","[[0,63,40,103,47,147,50],[109,50,98,3,0,90,100],[104,193,43,47,0,51,12],[59,99,0,97,38,58,99],[0,96,50,0,97,103,104],[4,53,54,0,90,199,50],[101,49,49,1,50,138,62]]",0.0014848224273251733,0.000706638986424006
TARGET_ONLY_COSINE_PROTOTYPE,3,RANDOM_BLOCK,46,130363,63,3150,0.15873015873015872,0.155343716433942,0.15587301587301589,0.15247768055275307,0.9580952380952379,condition_block,True,"[[1,1,1,2,0,2,2],[0,1,2,3,1,1,1],[0,2,3,0,2,1,1],[0,1,1,2,3,2,0],[3,2,1,2,0,1,0],[3,2,1,2,0,1,0],[0,2,2,1,0,2,2]]","[[50,53,63,74,10,100,100],[31,51,103,115,50,50,50],[0,103,148,0,100,50,49],[0,67,50,97,132,101,3],[143,104,50,100,0,50,3],[141,109,51,99,0,49,1],[0,100,102,51,1,100,96]]",0.0014848224273251733,0.000706638986424006
TARGET_ONLY_COSINE_PROTOTYPE,3,RANDOM_BLOCK,46,155921,63,3150,0.09523809523809523,0.08378577943795336,0.09619047619047619,0.08324822359689237,0.9536507936507935,condition_block,True,"[[0,3,3,0,0,2,1],[1,0,2,2,2,2,0],[2,1,2,0,2,2,0],[1,1,2,0,1,4,0],[1,1,2,3,0,2,0],[0,3,1,2,0,3,0],[1,2,2,1,0,2,1]]","[[0,153,144,3,0,100,50],[34,0,99,90,100,103,24],[110,31,100,0,85,103,21],[72,49,100,4,46,176,3],[49,51,104,139,0,107,0],[5,152,50,94,0,149,0],[50,99,99,51,1,100,50]]",0.0014848224273251733,0.000706638986424006
TARGET_ONLY_COSINE_PROTOTYPE,3,RANDOM_BLOCK,46,181081,63,3150,0.19047619047619047,0.1826802515878146,0.18793650793650793,0.18066646016937934,0.9641269841269842,condition_block,True,"[[0,2,2,1,2,2,0],[0,2,4,1,1,1,0],[2,0,3,3,0,0,1],[0,1,1,2,1,2,2],[1,0,4,2,1,1,0],[0,2,2,1,1,2,1],[2,2,1,2,0,0,2]]","[[0,100,90,54,106,100,0],[19,107,201,32,38,53,0],[100,1,156,150,0,0,43],[15,50,50,97,53,86,99],[49,0,201,100,50,50,0],[7,100,99,69,46,79,50],[94,96,55,101,1,0,103]]",0.0014848224273251733,0.000706638986424006
TARGET_ONLY_COSINE_PROTOTYPE,3,RANDOM_BLOCK,46,205439,63,3150,0.12698412698412698,0.10158073004372814,0.1273015873015873,0.10246195291607367,0.972063492063492,condition_block,True,"[[0,0,3,0,2,3,1],[0,1,3,1,0,3,1],[0,1,1,2,0,3,2],[0,1,2,1,2,2,1],[0,1,2,1,0,3,2],[1,1,1,1,0,4,1],[0,3,1,0,0,4,1]]","[[0,4,140,0,110,146,50],[0,51,149,49,7,144,50],[4,51,50,100,9,152,84],[3,59,89,48,104,103,44],[3,50,100,50,0,154,93],[47,50,50,53,1,199,50],[0,141,49,1,0,206,53]]",0.0014848224273251733,0.000706638986424006
TARGET_ONLY_COSINE_PROTOTYPE,3,SURFACE_BALANCED,42,104729,63,3150,0.1111111111111111,0.10461401952085181,0.11714285714285715,0.11157195586576586,0.9679365079365079,condition_block,True,"[[0,1,1,0,2,2,3],[2,1,1,2,1,2,0],[2,1,1,2,2,0,1],[0,0,1,1,2,3,2],[1,1,1,4,0,0,2],[0,2,0,2,1,1,3],[1,0,0,1,1,3,3]]","[[3,50,44,3,107,90,153],[96,50,49,105,50,88,12],[100,50,63,97,91,0,49],[7,6,47,53,97,146,94],[50,54,47,196,0,0,103],[3,103,1,96,50,50,147],[49,0,2,50,50,149,150]]",0.00036612819755561826,0.0007002755653959661
TARGET_ONLY_COSINE_PROTOTYPE,3,SURFACE_BALANCED,42,130363,63,3150,0.12698412698412698,0.10517364840673112,0.1349206349206349,0.11061505780194907,0.9679365079365079,condition_block,True,"[[0,1,4,0,2,1,1],[1,0,1,3,1,3,0],[1,1,0,2,0,4,1],[1,2,1,1,2,0,2],[1,0,0,3,0,3,2],[2,1,0,1,0,3,2],[2,1,0,0,1,1,4]]","[[0,59,187,15,89,53,47],[50,0,49,150,48,153,0],[50,47,0,104,1,199,49],[38,99,50,59,105,3,96],[50,0,3,147,0,151,99],[77,49,0,52,1,166,105],[100,50,0,1,50,49,200]]",0.00036612819755561826,0.0007002755653959661
TARGET_ONLY_COSINE_PROTOTYPE,3,SURFACE_BALANCED,42,155921,63,3150,0.1111111111111111,0.09789851613159883,0.11428571428571428,0.10126054187612096,0.9644444444444443,condition_block,True,"[[0,2,3,3,0,0,1],[1,1,1,3,0,3,0],[3,1,0,3,0,1,1],[0,2,1,1,1,2,2],[1,0,0,5,0,2,1],[1,1,0,2,1,1,3],[2,0,1,1,0,1,4]]","[[0,103,136,148,10,3,50],[52,54,49,151,4,131,9],[150,56,6,140,0,49,49],[3,96,46,51,43,114,97],[50,0,3,243,0,100,54],[56,50,0,101,46,50,147],[100,1,49,51,0,50,199]]",0.00036612819755561826,0.0007002755653959661
TARGET_ONLY_COSINE_PROTOTYPE,3,SURFACE_BALANCED,42,181081,63,3150,0.09523809523809523,0.08951956068468576,0.09523809523809523,0.09212736453863712,0.9647619047619047,condition_block,True,"[[1,2,3,1,1,1,0],[1,0,1,2,2,3,0],[2,0,0,1,1,3,2],[1,1,2,1,1,2,1],[3,3,1,0,0,2,0],[1,2,1,1,0,3,1],[1,1,2,2,2,0,1]]","[[50,107,143,50,50,50,0],[51,0,49,96,104,150,0],[112,1,0,49,57,150,81],[33,62,99,63,47,99,47],[150,146,54,0,0,97,3],[59,102,50,50,2,134,53],[52,50,107,88,100,0,53]]",0.00036612819755561826,0.0007002755653959661
TARGET_ONLY_COSINE_PROTOTYPE,3,SURFACE_BALANCED,42,205439,63,3150,0.09523809523809523,0.09415847310584154,0.09555555555555556,0.09445377453739252,0.9695238095238095,condition_block,True,"[[0,0,2,0,3,1,3],[0,2,0,1,2,3,1],[0,2,1,2,1,3,0],[1,0,1,0,1,3,3],[0,1,1,3,0,3,1],[1,0,1,3,1,2,1],[2,1,0,2,1,2,1]]","[[0,3,97,3,157,53,137],[0,99,0,52,110,140,49],[0,103,44,99,54,150,0],[29,6,50,15,54,154,142],[3,50,50,150,0,147,50],[59,0,50,147,51,93,50],[100,49,0,101,51,99,50]]",0.00036612819755561826,0.0007002755653959661
TARGET_ONLY_COSINE_PROTOTYPE,3,SURFACE_BALANCED,43,104729,63,3150,0.1111111111111111,0.1119579410711653,0.10952380952380952,0.1110235910902982,0.965079365079365,condition_block,True,"[[0,0,1,1,4,2,1],[2,1,1,1,2,1,1],[1,3,0,2,2,0,1],[2,0,2,1,3,0,1],[2,1,0,3,0,1,2],[0,1,0,2,1,3,2],[1,1,1,2,1,1,2]]","[[0,6,50,57,190,97,50],[106,50,50,55,99,40,50],[52,149,6,81,101,18,43],[99,9,106,52,139,1,44],[96,54,0,146,0,50,104],[16,49,0,97,51,137,100],[51,49,50,100,50,50,100]]",0.00036612819755561826,0.0007002755653959661
TARGET_ONLY_COSINE_PROTOTYPE,3,SURFACE_BALANCED,43,130363,63,3150,0.14285714285714285,0.12935288531888728,0.1346031746031746,0.12183533621221145,0.9606349206349206,condition_block,True,"[[0,0,4,1,2,1,1],[1,0,2,1,1,3,1],[2,0,1,3,2,1,0],[0,0,3,3,2,1,0],[1,1,1,3,1,2,0],[2,1,2,0,1,3,0],[2,0,1,1,1,3,1]]","[[0,3,189,54,103,50,51],[25,0,99,75,61,141,49],[101,6,43,144,106,44,6],[15,3,143,132,103,51,3],[49,43,54,150,47,103,4],[94,53,100,0,51,152,0],[100,0,50,51,50,149,50]]",0.00036612819755561826,0.0007002755653959661
TARGET_ONLY_COSINE_PROTOTYPE,3,SURFACE_BALANCED,43,155921,63,3150,0.1746031746031746,0.14508281573498966,0.17523809523809525,0.14528720698435185,0.9580952380952381,condition_block,True,"[[0,0,2,2,2,1,2],[3,0,3,0,0,2,1],[2,1,2,3,0,0,1],[0,0,2,5,1,1,0],[1,0,1,3,1,2,1],[0,1,2,1,2,3,0],[3,0,2,1,1,2,0]]","[[0,0,99,104,96,53,98],[126,0,149,25,11,90,49],[102,52,93,128,7,18,50],[3,6,93,240,53,55,0],[49,0,50,150,50,100,51],[3,50,100,52,76,169,0],[150,0,100,51,50,99,0]]",0.00036612819755561826,0.0007002755653959661
TARGET_ONLY_COSINE_PROTOTYPE,3,SURFACE_BALANCED,43,181081,63,3150,0.15873015873015872,0.16102302858595766,0.1568253968253968,0.15820383102276453,0.9685714285714285,condition_block,True,"[[0,2,2,1,2,1,1],[0,1,3,2,1,2,0],[3,1,1,0,3,1,0],[0,1,2,4,2,0,0],[3,0,3,1,1,1,0],[2,2,0,2,0,2,1],[2,0,3,0,1,2,1]]","[[0,103,93,57,100,47,50],[2,50,139,102,50,104,3],[154,44,56,3,143,44,6],[15,53,96,189,93,1,3],[143,0,141,59,50,50,7],[95,103,3,100,1,99,49],[101,0,149,0,50,100,50]]",0.00036612819755561826,0.0007002755653959661
TARGET_ONLY_COSINE_PROTOTYPE,3,SURFACE_BALANCED,43,205439,63,3150,0.14285714285714285,0.13075546007876834,0.1434920634920635,0.13182341134155226,0.9707936507936508,condition_block,True,"[[1,0,0,1,2,2,3],[2,1,0,1,2,2,1],[2,2,0,2,2,0,1],[1,0,1,0,3,1,3],[1,2,0,2,1,3,0],[2,0,1,1,1,4,0],[3,1,1,1,1,0,2]]","[[53,0,0,50,97,107,143],[101,50,0,50,107,93,49],[100,109,0,108,100,1,32],[44,3,50,4,153,57,139],[57,97,0,96,50,150,0],[104,0,49,47,55,195,0],[151,49,43,51,50,6,100]]",0.00036612819755561826,0.0007002755653959661
TARGET_ONLY_COSINE_PROTOTYPE,3,SURFACE_BALANCED,44,104729,63,3150,0.15873015873015872,0.16082330368044653,0.16063492063492063,0.16328397834612393,0.9638095238095237,condition_block,True,"[[1,1,1,0,3,0,3],[3,1,1,0,1,1,2],[1,1,2,1,2,0,2],[2,0,0,0,3,1,3],[1,1,0,2,0,2,3],[1,1,0,3,0,3,1],[0,0,0,3,1,2,3]]","[[56,41,46,0,157,0,150],[125,50,49,3,53,43,127],[57,50,99,50,95,0,99],[100,0,3,6,148,50,143],[53,54,0,100,0,97,146],[53,52,0,146,1,144,54],[0,0,0,150,50,99,151]]",0.00036612819755561826,0.0007002755653959661
TARGET_ONLY_COSINE_PROTOTYPE,3,SURFACE_BALANCED,44,130363,63,3150,0.1746031746031746,0.17406260749914,0.16857142857142857,0.16810307681307912,0.9673015873015872,condition_block,True,"[[0,2,3,2,1,0,1],[2,2,2,0,0,2,1],[2,2,0,1,1,1,2],[0,0,3,3,2,0,1],[3,0,2,1,0,2,1],[1,1,0,1,1,4,1],[3,2,1,0,0,1,2]]","[[0,106,140,97,53,3,51],[101,100,99,7,0,93,50],[100,101,0,50,51,50,98],[16,7,140,128,96,7,56],[148,1,100,49,0,100,52],[56,51,6,45,50,189,53],[150,100,36,0,1,49,114]]",0.00036612819755561826,0.0007002755653959661
TARGET_ONLY_COSINE_PROTOTYPE,3,SURFACE_BALANCED,44,155921,63,3150,0.14285714285714285,0.13640486497629353,0.14444444444444443,0.1375152192018369,0.9685714285714284,condition_block,True,"[[0,2,3,2,0,0,2],[2,2,2,0,0,2,1],[2,1,1,2,0,0,3],[0,0,2,1,3,1,2],[1,0,2,1,0,3,2],[0,1,0,2,2,3,1],[2,0,2,1,0,2,2]]","[[3,96,117,100,7,23,104],[101,97,105,7,0,90,50],[101,51,50,100,0,0,148],[3,3,88,54,145,51,106],[53,0,96,50,0,150,101],[3,50,1,101,96,146,53],[99,0,96,50,1,99,105]]",0.00036612819755561826,0.0007002755653959661
TARGET_ONLY_COSINE_PROTOTYPE,3,SURFACE_BALANCED,44,181081,63,3150,0.1111111111111111,0.1329541047188106,0.10603174603174603,0.12578455601089764,0.9730158730158729,condition_block,True,"[[0,3,2,1,2,0,1],[2,1,3,0,0,0,3],[2,4,0,0,2,0,1],[0,2,3,2,1,1,0],[4,1,2,1,0,1,0],[2,4,0,0,0,2,1],[3,1,3,0,0,0,2]]","[[0,157,93,50,100,0,50],[101,53,136,4,4,3,149],[97,200,0,0,101,0,52],[16,98,145,88,46,51,6],[195,54,103,51,0,47,0],[107,199,0,0,0,94,50],[150,51,149,0,1,0,99]]",0.00036612819755561826,0.0007002755653959661
TARGET_ONLY_COSINE_PROTOTYPE,3,SURFACE_BALANCED,44,205439,63,3150,0.20634920634920634,0.19644165358451074,0.19968253968253968,0.19096977662642164,0.9707936507936508,condition_block,True,"[[2,0,0,0,2,3,2],[1,4,0,0,1,2,1],[2,2,1,1,0,1,2],[1,0,1,0,2,3,2],[2,0,1,2,0,3,1],[2,0,1,3,0,3,0],[2,1,0,1,0,2,3]]","[[97,0,7,0,97,149,100],[52,187,0,15,53,94,49],[101,112,55,43,0,51,88],[50,1,53,1,93,159,93],[101,4,50,96,0,149,50],[109,0,50,150,1,140,0],[100,51,0,51,0,99,149]]",0.00036612819755561826,0.0007002755653959661
TARGET_ONLY_COSINE_PROTOTYPE,3,SURFACE_BALANCED,45,104729,63,3150,0.09523809523809523,0.10103199174406605,0.08857142857142856,0.09387755736663761,0.9644444444444444,condition_block,True,"[[1,2,1,1,2,0,2],[0,2,2,2,1,0,2],[1,2,1,2,2,0,1],[0,0,3,0,3,1,2],[1,2,1,4,0,0,1],[2,2,0,2,1,1,1],[3,1,0,2,1,1,1]]","[[27,104,40,50,106,0,123],[1,90,99,111,50,6,93],[62,100,50,101,85,0,52],[4,3,145,5,149,53,91],[50,101,46,197,3,3,50],[97,99,0,104,50,50,50],[149,49,0,101,50,47,54]]",0.00036612819755561826,0.0007002755653959661
TARGET_ONLY_COSINE_PROTOTYPE,3,SURFACE_BALANCED,45,130363,63,3150,0.1746031746031746,0.15556605417286531,0.1676190476190476,0.14966548735816154,0.9733333333333333,condition_block,True,"[[0,0,3,0,1,1,4],[0,0,4,0,1,3,1],[0,1,1,4,2,1,0],[0,0,4,3,1,0,1],[2,0,1,1,2,2,1],[1,0,1,1,0,5,1],[3,2,1,1,1,1,0]]","[[0,4,143,3,50,50,200],[0,1,198,1,61,140,49],[0,31,49,197,121,49,3],[15,1,196,132,53,3,50],[99,6,51,50,97,97,50],[50,1,50,50,1,248,50],[150,100,50,50,50,49,1]]",0.00036612819755561826,0.0007002755653959661
TARGET_ONLY_COSINE_PROTOTYPE,3,SURFACE_BALANCED,45,155921,63,3150,0.09523809523809523,0.0905175983436853,0.09587301587301587,0.09080428758697688,0.9774603174603175,condition_block,True,"[[0,0,3,0,2,1,3],[0,0,4,1,0,2,2],[1,1,1,4,0,0,2],[1,0,3,0,2,0,3],[0,0,2,3,1,2,1],[0,0,1,3,0,3,2],[1,0,2,3,1,1,1]]","[[0,0,137,0,113,50,150],[1,0,198,51,11,96,93],[50,53,49,195,1,0,102],[53,0,147,4,102,3,141],[3,0,96,151,50,100,50],[0,0,50,153,2,149,96],[50,1,99,150,51,49,50]]",0.00036612819755561826,0.0007002755653959661
TARGET_ONLY_COSINE_PROTOTYPE,3,SURFACE_BALANCED,45,181081,63,3150,0.14285714285714285,0.1433161781458995,0.1349206349206349,0.13307308522889968,0.9676190476190475,condition_block,True,"[[1,2,1,0,1,1,3],[2,2,2,0,2,1,0],[3,2,1,0,2,1,0],[0,1,3,1,1,2,1],[3,2,1,0,1,1,1],[2,3,0,0,0,3,1],[4,1,2,1,1,0,0]]","[[50,107,43,0,47,50,153],[76,90,99,24,92,53,16],[147,99,50,0,102,49,3],[16,54,149,35,46,100,50],[146,102,51,0,50,51,50],[100,151,0,0,0,149,50],[200,50,99,50,50,0,1]]",0.00036612819755561826,0.0007002755653959661
TARGET_ONLY_COSINE_PROTOTYPE,3,SURFACE_BALANCED,45,205439,63,3150,0.12698412698412698,0.11967120181405895,0.1292063492063492,0.122476878100927,0.9606349206349205,condition_block,True,"[[0,0,2,0,3,1,3],[1,2,1,0,1,3,1],[0,5,1,1,1,0,1],[1,0,1,0,3,1,3],[3,0,1,1,0,2,2],[1,0,1,4,0,3,0],[3,2,0,1,0,1,2]]","[[0,3,97,0,125,50,175],[50,100,50,1,60,140,49],[15,243,42,64,50,1,35],[29,3,50,18,150,60,140],[149,1,50,50,0,100,100],[55,1,50,194,2,148,0],[150,99,3,50,0,49,99]]",0.00036612819755561826,0.0007002755653959661
TARGET_ONLY_COSINE_PROTOTYPE,3,SURFACE_BALANCED,46,104729,63,3150,0.12698412698412698,0.12179393288415843,0.12793650793650793,0.12094307750605246,0.9666666666666665,condition_block,True,"[[0,2,1,0,2,3,1],[1,1,1,3,2,1,0],[1,2,0,2,2,1,1],[0,2,0,0,4,2,1],[0,2,2,2,2,1,0],[1,1,1,3,0,2,1],[0,0,1,2,0,3,3]]","[[0,100,43,3,111,143,50],[54,50,49,123,100,50,24],[51,100,0,99,101,50,49],[3,93,6,2,197,100,49],[4,101,90,96,106,50,3],[50,49,54,150,1,96,50],[0,0,50,100,1,150,149]]",0.00036612819755561826,0.0007002755653959661
TARGET_ONLY_COSINE_PROTOTYPE,3,SURFACE_BALANCED,46,130363,63,3150,0.12698412698412698,0.11244271026879722,0.12222222222222222,0.10454433402464834,0.9565079365079364,condition_block,True,"[[0,1,4,0,2,1,1],[0,1,3,0,0,4,1],[3,1,1,2,1,1,0],[2,0,3,0,2,2,0],[1,2,2,1,1,2,0],[0,2,0,1,1,4,1],[2,0,1,1,0,4,1]]","[[0,60,186,0,103,50,51],[1,51,148,1,10,189,50],[145,52,49,100,51,50,3],[87,3,140,10,106,101,3],[46,93,104,50,47,110,0],[7,94,1,50,46,202,50],[77,0,74,50,0,223,26]]",0.00036612819755561826,0.0007002755653959661
TARGET_ONLY_COSINE_PROTOTYPE,3,SURFACE_BALANCED,46,155921,63,3150,0.1111111111111111,0.10577612863327149,0.11714285714285715,0.11091256969283582,0.972063492063492,condition_block,True,"[[0,1,3,2,1,1,1],[0,0,4,1,0,4,0],[3,1,1,4,0,0,0],[0,1,2,1,2,2,1],[0,0,1,3,2,3,0],[0,1,0,3,1,2,2],[0,0,2,2,0,4,1]]","[[0,50,136,97,66,50,51],[7,1,198,52,3,189,0],[151,50,52,196,1,0,0],[3,44,87,55,105,107,49],[0,0,35,150,112,153,0],[3,50,0,150,48,99,100],[1,0,100,100,0,199,50]]",0.00036612819755561826,0.0007002755653959661
TARGET_ONLY_COSINE_PROTOTYPE,3,SURFACE_BALANCED,46,181081,63,3150,0.1111111111111111,0.10261111437582025,0.11238095238095239,0.10621291419134095,0.9650793650793649,condition_block,True,"[[1,3,2,0,0,2,1],[0,0,4,1,0,2,2],[2,2,1,0,1,2,1],[1,1,4,0,2,1,0],[2,2,3,0,0,1,1],[0,4,0,1,0,3,1],[0,1,3,1,0,2,2]]","[[50,157,93,0,3,97,50],[6,0,186,52,9,103,94],[113,100,49,0,53,100,35],[45,50,195,10,97,50,3],[92,93,154,4,0,57,50],[7,193,4,50,0,146,50],[4,56,143,50,1,97,99]]",0.00036612819755561826,0.0007002755653959661
TARGET_ONLY_COSINE_PROTOTYPE,3,SURFACE_BALANCED,46,205439,63,3150,0.15873015873015872,0.15490511994271391,0.16,0.1563742850495853,0.9736507936507935,condition_block,True,"[[0,1,0,0,1,5,2],[1,2,1,0,2,3,0],[1,1,2,1,1,2,1],[1,0,2,0,3,2,1],[3,1,1,0,2,2,0],[3,1,0,1,1,3,0],[4,1,0,1,0,2,1]]","[[0,50,14,0,62,234,90],[51,99,49,1,110,140,0],[60,53,105,43,51,103,35],[50,0,99,0,150,108,43],[146,50,54,0,100,100,0],[152,50,0,50,50,148,0],[200,49,0,51,1,97,52]]",0.00036612819755561826,0.0007002755653959661
TARGET_ONLY_COSINE_PROTOTYPE,5,JOINT_FACTOR_COVERAGE,42,104729,63,3150,0.09523809523809523,0.0769496204278813,0.09555555555555556,0.07849373042276801,0.9542857142857142,condition_block,True,"[[0,2,1,1,2,0,3],[2,0,0,1,1,4,1],[0,0,0,2,2,3,2],[0,1,1,1,1,3,2],[1,1,1,2,0,3,1],[1,2,0,2,0,2,2],[2,2,1,0,1,0,3]]","[[0,99,51,33,107,12,148],[76,0,0,84,51,190,49],[1,10,6,100,91,150,92],[16,38,44,50,47,153,102],[56,46,54,100,0,144,50],[56,100,0,99,0,95,100],[100,100,49,1,50,0,150]]",0.0004580314538470987,0.0014656162877202668
TARGET_ONLY_COSINE_PROTOTYPE,5,JOINT_FACTOR_COVERAGE,42,130363,63,3150,0.1111111111111111,0.09229437229437229,0.10984126984126984,0.09208598109677182,0.9685714285714284,condition_block,True,"[[0,2,1,2,1,0,3],[0,0,0,2,2,4,1],[0,0,1,2,2,3,1],[0,1,1,0,2,3,2],[1,1,1,2,0,3,1],[1,1,1,1,0,3,2],[1,2,1,1,1,0,3]]","[[0,101,50,103,56,3,137],[4,0,0,102,104,191,49],[0,9,49,109,89,151,43],[1,38,47,3,94,168,99],[50,46,54,100,0,150,50],[56,51,49,50,0,144,100],[51,100,43,50,50,6,150]]",0.0004580314538470987,0.0014656162877202668
TARGET_ONLY_COSINE_PROTOTYPE,5,JOINT_FACTOR_COVERAGE,42,155921,63,3150,0.12698412698412698,0.09523809523809523,0.12857142857142856,0.10068967562878368,0.9644444444444444,condition_block,True,"[[0,0,2,1,3,0,3],[0,1,1,1,1,4,1],[0,1,0,1,2,3,2],[0,2,0,0,2,3,2],[1,2,0,2,0,3,1],[1,2,0,0,1,3,2],[1,1,0,0,1,2,4]]","[[0,4,97,53,156,3,137],[3,50,49,53,55,191,49],[0,59,12,54,88,151,86],[1,85,0,0,97,168,99],[50,96,8,96,0,150,50],[56,100,0,1,49,144,100],[51,50,15,1,50,84,199]]",0.0004580314538470987,0.0014656162877202668
TARGET_ONLY_COSINE_PROTOTYPE,5,JOINT_FACTOR_COVERAGE,42,181081,63,3150,0.09523809523809523,0.07936507936507937,0.09523809523809523,0.08014381589860173,0.9723809523809521,condition_block,True,"[[0,2,2,1,2,1,1],[1,0,1,1,2,4,0],[1,0,0,2,2,3,1],[0,1,2,0,2,3,1],[1,1,1,2,0,3,1],[1,1,1,1,0,3,2],[2,2,0,0,1,1,3]]","[[0,100,90,53,107,53,47],[53,0,49,53,104,191,0],[50,9,0,102,89,151,49],[0,39,97,3,94,168,49],[50,49,51,100,0,150,50],[56,51,49,50,0,144,100],[100,100,0,1,50,46,153]]",0.0004580314538470987,0.0014656162877202668
TARGET_ONLY_COSINE_PROTOTYPE,5,JOINT_FACTOR_COVERAGE,42,205439,63,3150,0.12698412698412698,0.1084472250438637,0.12761904761904763,0.11003986097796985,0.9606349206349205,condition_block,True,"[[0,1,2,0,2,1,3],[0,0,3,1,1,4,0],[1,0,1,1,2,3,1],[1,1,0,1,1,3,2],[1,2,0,2,0,3,1],[0,0,1,2,1,3,2],[2,2,1,0,1,0,3]]","[[0,50,90,21,107,53,129],[0,0,148,60,51,191,0],[50,9,55,51,91,151,43],[30,53,0,50,47,171,99],[50,95,4,101,0,150,50],[7,13,37,96,50,147,100],[100,100,49,1,50,0,150]]",0.0004580314538470987,0.0014656162877202668
TARGET_ONLY_COSINE_PROTOTYPE,5,JOINT_FACTOR_COVERAGE,43,104729,63,3150,0.14285714285714285,0.135729074238391,0.13904761904761906,0.1321034463259494,0.9587301587301585,condition_block,True,"[[0,2,1,1,1,0,4],[2,1,1,1,0,2,2],[3,0,1,1,1,3,0],[0,0,1,3,2,0,3],[1,1,0,3,0,3,1],[1,1,1,1,1,2,2],[3,0,1,1,1,1,2]]","[[0,103,50,50,57,3,187],[80,50,56,75,0,90,99],[155,1,50,50,53,135,6],[15,3,58,139,96,5,134],[46,50,3,150,0,147,54],[51,53,52,48,47,99,100],[150,0,49,51,50,50,100]]",0.0004580314538470987,0.0014656162877202668
TARGET_ONLY_COSINE_PROTOTYPE,5,JOINT_FACTOR_COVERAGE,43,130363,63,3150,0.12698412698412698,0.11915924056329417,0.12095238095238095,0.11440341438070305,0.9663492063492061,condition_block,True,"[[0,2,2,1,1,0,3],[0,1,1,2,0,4,1],[2,0,2,1,1,3,0],[1,1,1,2,1,1,2],[3,0,0,3,0,3,0],[2,1,1,2,1,2,0],[2,0,3,2,0,1,1]]","[[0,100,97,53,57,3,140],[5,49,50,102,4,191,49],[103,1,99,50,47,144,6],[68,52,56,80,46,55,93],[143,0,0,150,0,150,7],[98,53,49,100,47,103,0],[101,0,143,100,0,56,50]]",0.0004580314538470987,0.0014656162877202668
TARGET_ONLY_COSINE_PROTOTYPE,5,JOINT_FACTOR_COVERAGE,43,155921,63,3150,0.14285714285714285,0.11634871339840283,0.1288888888888889,0.10710038224428335,0.9533333333333333,condition_block,True,"[[0,0,2,1,2,0,4],[0,0,0,2,1,4,2],[0,1,1,3,1,3,0],[0,1,1,4,1,0,2],[2,0,0,3,0,3,1],[2,0,1,0,1,3,2],[2,1,2,2,0,1,1]]","[[0,10,97,50,107,3,183],[5,0,0,103,52,191,99],[3,50,50,150,47,144,6],[18,55,59,151,49,5,113],[96,0,0,150,0,150,54],[98,3,49,0,48,152,100],[101,42,86,100,0,68,53]]",0.0004580314538470987,0.0014656162877202668
TARGET_ONLY_COSINE_PROTOTYPE,5,JOINT_FACTOR_COVERAGE,43,181081,63,3150,0.14285714285714285,0.13438831790417274,0.1457142857142857,0.14000511107211322,0.9580952380952379,condition_block,True,"[[0,1,1,1,1,1,4],[0,1,2,3,0,3,0],[2,0,2,1,1,3,0],[0,1,0,3,3,0,2],[3,0,1,3,0,2,0],[2,1,1,2,1,2,0],[3,0,3,1,0,1,1]]","[[7,53,59,53,54,53,171],[5,49,102,152,1,141,0],[103,1,99,50,47,144,6],[18,52,0,133,149,5,93],[143,0,47,132,18,103,7],[98,50,52,100,47,103,0],[150,0,149,51,0,50,50]]",0.0004580314538470987,0.0014656162877202668
TARGET_ONLY_COSINE_PROTOTYPE,5,JOINT_FACTOR_COVERAGE,43,205439,63,3150,0.12698412698412698,0.1135672514619883,0.12761904761904763,0.11402142365088012,0.9682539682539681,condition_block,True,"[[1,1,2,1,1,1,2],[0,0,1,2,0,4,2],[1,1,1,2,1,3,0],[1,2,1,2,1,1,1],[3,0,1,2,0,3,0],[2,0,2,0,2,3,0],[3,1,1,1,1,1,1]]","[[50,52,97,50,57,53,91],[5,1,50,105,0,191,98],[53,50,50,100,47,144,6],[44,96,62,98,46,58,46],[146,0,50,100,0,150,4],[77,3,99,24,97,150,0],[150,47,43,51,50,56,53]]",0.0004580314538470987,0.0014656162877202668
TARGET_ONLY_COSINE_PROTOTYPE,5,JOINT_FACTOR_COVERAGE,44,104729,63,3150,0.15873015873015872,0.15821661998132588,0.14984126984126983,0.15066708418395816,0.9711111111111111,condition_block,True,"[[1,2,1,1,1,0,3],[2,1,2,0,1,2,1],[2,1,1,1,1,2,1],[0,1,3,2,2,0,1],[3,1,2,1,0,1,1],[4,2,0,0,0,2,1],[3,1,0,1,0,1,3]]","[[51,100,50,50,56,3,140],[101,50,99,10,50,90,50],[101,63,50,50,43,94,49],[4,56,145,100,94,1,50],[150,50,101,49,0,50,50],[199,107,0,0,0,94,50],[150,70,3,49,2,49,127]]",0.0004580314538470987,0.0014656162877202668
TARGET_ONLY_COSINE_PROTOTYPE,5,JOINT_FACTOR_COVERAGE,44,130363,63,3150,0.14285714285714285,0.1451545530492899,0.13523809523809524,0.1376397787636592,0.976190476190476,condition_block,True,"[[1,1,1,1,1,0,4],[2,1,2,0,1,2,1],[2,3,1,0,0,2,1],[1,1,2,3,0,1,1],[3,1,2,1,0,1,1],[4,2,0,0,0,2,1],[2,2,2,1,0,1,1]]","[[47,54,50,50,60,3,186],[101,51,99,9,50,90,50],[100,153,50,3,1,94,49],[65,50,99,131,3,52,50],[150,51,97,49,0,50,53],[199,105,0,0,0,97,49],[100,100,100,49,2,49,50]]",0.0004580314538470987,0.0014656162877202668
TARGET_ONLY_COSINE_PROTOTYPE,5,JOINT_FACTOR_COVERAGE,44,155921,63,3150,0.23809523809523808,0.23029882398303453,0.23174603174603176,0.22521374813134426,0.9669841269841268,condition_block,True,"[[2,0,0,1,3,0,3],[1,1,3,0,1,2,1],[1,1,3,1,0,2,1],[2,0,2,3,1,0,1],[3,0,2,2,0,1,1],[4,1,0,1,0,3,0],[3,1,0,1,0,1,3]]","[[100,3,0,50,154,3,140],[52,51,148,9,50,90,50],[51,57,148,50,1,94,49],[112,6,99,125,57,1,50],[150,4,99,96,0,50,51],[199,54,0,50,1,146,0],[150,37,3,50,1,49,160]]",0.0004580314538470987,0.0014656162877202668
TARGET_ONLY_COSINE_PROTOTYPE,5,JOINT_FACTOR_COVERAGE,44,181081,63,3150,0.12698412698412698,0.13252774794128178,0.11936507936507937,0.12425994120414276,0.9676190476190475,condition_block,True,"[[1,0,2,1,1,1,3],[2,1,2,0,1,2,1],[2,3,0,0,0,2,2],[0,1,2,3,0,1,2],[3,1,2,1,0,1,1],[4,2,0,0,0,2,1],[3,2,2,0,0,1,1]]","[[47,7,90,50,57,53,146],[101,54,99,6,50,90,50],[100,153,0,3,1,94,99],[16,53,96,131,4,51,99],[150,50,97,50,0,50,53],[202,120,0,0,0,94,34],[149,100,100,1,1,49,50]]",0.0004580314538470987,0.0014656162877202668
TARGET_ONLY_COSINE_PROTOTYPE,5,JOINT_FACTOR_COVERAGE,44,205439,63,3150,0.19047619047619047,0.18567977915804004,0.1819047619047619,0.17737911748017485,0.9701587301587301,condition_block,True,"[[1,1,1,1,1,2,2],[2,2,1,0,0,3,1],[2,3,1,0,0,2,1],[1,0,1,3,1,1,2],[2,1,1,2,0,2,1],[4,2,0,0,0,3,0],[3,3,0,0,0,1,2]]","[[47,56,40,50,57,99,101],[101,100,49,10,0,140,50],[100,156,50,0,0,94,50],[71,3,49,129,47,54,97],[106,48,54,99,0,93,50],[199,104,0,0,0,147,0],[149,147,3,1,1,49,100]]",0.0004580314538470987,0.0014656162877202668
TARGET_ONLY_COSINE_PROTOTYPE,5,JOINT_FACTOR_COVERAGE,45,104729,63,3150,0.15873015873015872,0.14074074074074075,0.15968253968253968,0.14114644616899,0.9761904761904762,condition_block,True,"[[0,2,3,0,1,0,3],[0,1,4,0,0,4,0],[3,1,4,0,0,1,0],[0,0,3,2,2,1,1],[1,1,1,1,0,3,2],[0,3,1,1,0,2,2],[3,1,2,2,0,0,1]]","[[0,97,143,0,54,3,153],[0,50,198,5,1,193,3],[147,44,206,0,3,50,0],[4,3,163,97,94,39,50],[56,51,50,50,0,143,100],[3,150,50,50,1,99,97],[149,50,99,101,0,0,51]]",0.0004580314538470987,0.0014656162877202668
TARGET_ONLY_COSINE_PROTOTYPE,5,JOINT_FACTOR_COVERAGE,45,130363,63,3150,0.14285714285714285,0.13660569122753996,0.14285714285714285,0.1361842155786557,0.9625396825396826,condition_block,True,"[[0,3,2,0,1,0,3],[0,2,3,0,0,4,0],[3,2,1,1,0,2,0],[0,0,4,2,2,0,1],[1,1,1,1,1,3,1],[0,3,0,2,0,3,1],[4,1,2,2,0,0,0]]","[[0,119,94,0,60,24,153],[0,94,154,1,5,193,3],[147,76,56,50,3,118,0],[1,6,198,104,87,4,50],[53,51,50,50,47,149,50],[3,151,0,97,1,148,50],[199,50,99,101,0,0,1]]",0.0004580314538470987,0.0014656162877202668
TARGET_ONLY_COSINE_PROTOTYPE,5,JOINT_FACTOR_COVERAGE,45,155921,63,3150,0.1746031746031746,0.1552528379772962,0.16634920634920636,0.14781406844789857,0.9726984126984126,condition_block,True,"[[0,2,2,0,2,0,3],[0,1,2,1,0,4,1],[2,0,2,1,0,4,0],[0,0,3,3,1,1,1],[1,1,1,2,0,3,1],[0,1,1,1,1,4,1],[4,0,1,2,1,0,1]]","[[0,93,97,0,104,3,153],[0,41,108,50,6,193,52],[97,0,106,50,3,194,0],[1,3,148,129,65,54,50],[50,50,50,100,0,150,50],[4,50,50,47,51,197,51],[202,0,49,98,47,3,51]]",0.0004580314538470987,0.0014656162877202668
TARGET_ONLY_COSINE_PROTOTYPE,5,JOINT_FACTOR_COVERAGE,45,181081,63,3150,0.15873015873015872,0.1521196884550922,0.15936507936507938,0.1531724506865261,0.9787301587301587,condition_block,True,"[[1,2,1,0,1,1,3],[2,2,1,0,0,4,0],[4,2,1,0,0,2,0],[0,0,3,2,2,1,1],[1,1,1,1,1,3,1],[0,3,0,2,0,3,1],[3,1,2,2,1,0,0]]","[[50,93,41,3,57,53,153],[99,100,49,1,5,193,3],[197,94,56,0,3,94,6],[1,3,148,97,94,57,50],[50,50,51,50,50,149,50],[3,151,0,97,1,148,50],[149,50,99,101,50,0,1]]",0.0004580314538470987,0.0014656162877202668
TARGET_ONLY_COSINE_PROTOTYPE,5,JOINT_FACTOR_COVERAGE,45,205439,63,3150,0.12698412698412698,0.11773752563226247,0.12571428571428572,0.11643152487994513,0.9803174603174601,condition_block,True,"[[0,2,2,0,1,0,4],[0,1,3,0,1,4,0],[2,2,1,2,0,2,0],[0,0,3,2,1,1,2],[1,1,1,1,0,3,2],[0,3,1,1,0,3,1],[4,1,2,1,0,0,1]]","[[0,97,93,0,54,3,203],[0,45,154,5,50,193,3],[97,95,55,100,3,97,3],[1,3,148,97,47,54,100],[50,54,47,50,0,149,100],[3,150,50,47,2,148,50],[199,50,99,51,0,0,51]]",0.0004580314538470987,0.0014656162877202668
TARGET_ONLY_COSINE_PROTOTYPE,5,JOINT_FACTOR_COVERAGE,46,104729,63,3150,0.09523809523809523,0.06802721088435373,0.09587301587301587,0.06893603982290265,0.972063492063492,condition_block,True,"[[0,2,2,0,3,1,1],[1,0,4,0,1,1,2],[1,1,4,0,2,1,0],[0,2,3,0,2,2,0],[2,0,2,2,0,3,0],[0,3,2,1,1,2,0],[3,1,2,1,0,2,0]]","[[0,104,96,0,150,50,50],[58,0,198,4,49,41,100],[54,44,205,6,91,50,0],[16,99,149,0,102,84,0],[105,0,105,96,0,144,0],[8,150,102,47,46,97,0],[151,47,101,51,0,100,0]]",0.0004580314538470987,0.0014656162877202668
TARGET_ONLY_COSINE_PROTOTYPE,5,JOINT_FACTOR_COVERAGE,46,130363,63,3150,0.07936507936507936,0.058941058941058944,0.08095238095238096,0.05956355440033736,0.9714285714285712,condition_block,True,"[[0,2,3,0,2,1,1],[1,0,2,1,1,2,2],[1,1,3,1,2,1,0],[0,1,3,0,3,2,0],[2,0,2,2,0,3,0],[0,2,2,2,1,2,0],[3,0,2,2,0,2,0]]","[[0,104,146,0,100,50,50],[58,0,123,26,53,90,100],[53,44,155,56,91,51,0],[13,55,149,0,131,102,0],[99,0,101,100,0,150,0],[5,100,102,97,46,100,0],[151,0,99,100,0,100,0]]",0.0004580314538470987,0.0014656162877202668
TARGET_ONLY_COSINE_PROTOTYPE,5,JOINT_FACTOR_COVERAGE,46,155921,63,3150,0.07936507936507936,0.06277056277056277,0.08888888888888889,0.07309826345575231,0.9603174603174602,condition_block,True,"[[0,0,2,0,4,2,1],[1,0,3,0,1,2,2],[1,2,2,0,2,2,0],[1,2,2,0,3,1,0],[2,1,1,2,1,2,0],[0,1,3,1,2,2,0],[3,1,2,1,0,2,0]]","[[0,8,96,0,200,96,50],[58,24,125,0,53,90,100],[53,100,106,6,91,94,0],[42,102,105,0,146,55,0],[105,25,80,96,50,94,0],[5,50,152,47,96,100,0],[151,50,98,51,0,100,0]]",0.0004580314538470987,0.0014656162877202668
TARGET_ONLY_COSINE_PROTOTYPE,5,JOINT_FACTOR_COVERAGE,46,181081,63,3150,0.14285714285714285,0.1300041228612657,0.14412698412698413,0.13098514879089565,0.9793650793650792,condition_block,True,"[[1,2,1,0,3,1,1],[1,1,3,1,1,1,1],[1,1,3,1,2,1,0],[1,1,2,0,2,2,1],[2,0,1,1,0,4,1],[0,1,2,2,1,3,0],[3,0,3,1,0,1,1]]","[[50,104,46,0,150,50,50],[59,50,149,49,53,40,50],[53,44,155,56,91,51,0],[42,52,99,0,102,105,50],[105,0,51,50,0,194,50],[2,54,102,97,46,149,0],[151,0,149,50,0,50,50]]",0.0004580314538470987,0.0014656162877202668
TARGET_ONLY_COSINE_PROTOTYPE,5,JOINT_FACTOR_COVERAGE,46,205439,63,3150,0.1111111111111111,0.08766091051805337,0.10507936507936508,0.08391768145584529,0.9758730158730157,condition_block,True,"[[0,0,3,0,2,3,1],[1,1,2,0,1,2,2],[0,2,3,0,2,2,0],[1,2,2,0,3,1,0],[2,0,2,2,0,3,0],[0,0,2,2,1,3,1],[3,0,2,1,0,3,0]]","[[0,7,146,0,100,147,50],[58,51,98,3,49,91,100],[3,99,130,25,91,102,0],[48,102,99,0,143,58,0],[99,0,101,100,0,150,0],[5,0,102,97,46,150,50],[151,0,101,51,0,147,0]]",0.0004580314538470987,0.0014656162877202668
TARGET_ONLY_COSINE_PROTOTYPE,5,RANDOM_BLOCK,42,104729,63,3150,0.06349206349206349,0.0606060606060606,0.06285714285714286,0.059744070588626526,0.9739682539682538,condition_block,True,"[[0,0,4,1,2,0,2],[0,0,1,2,2,4,0],[0,1,0,3,2,3,0],[1,1,1,0,2,3,1],[1,2,0,3,0,2,1],[1,2,0,2,1,1,2],[2,1,1,1,1,0,3]]","[[0,3,190,30,107,12,108],[1,0,49,110,100,190,0],[1,58,1,149,91,150,0],[51,50,49,0,97,153,50],[50,96,8,146,0,100,50],[57,100,0,96,50,47,100],[100,50,49,51,50,0,150]]",0.0011012323286642284,0.0016050493210426364
TARGET_ONLY_COSINE_PROTOTYPE,5,RANDOM_BLOCK,42,130363,63,3150,0.09523809523809523,0.08787878787878789,0.08761904761904762,0.08024764358564052,0.9634920634920634,condition_block,True,"[[0,0,3,2,2,0,2],[0,0,1,2,2,4,0],[0,0,0,3,2,3,1],[1,1,1,1,2,3,0],[1,2,0,2,1,2,1],[2,1,1,0,2,1,2],[1,1,1,1,2,0,3]]","[[0,9,141,100,100,3,97],[3,0,49,103,105,190,0],[0,15,1,152,89,150,43],[36,47,52,25,97,168,25],[50,96,8,96,50,100,50],[97,51,49,0,100,50,103],[51,50,43,50,100,6,150]]",0.0011012323286642284,0.0016050493210426364
TARGET_ONLY_COSINE_PROTOTYPE,5,RANDOM_BLOCK,42,155921,63,3150,0.15873015873015872,0.13495415557527357,0.15396825396825398,0.1327373630968772,0.9634920634920633,condition_block,True,"[[0,3,2,1,2,0,1],[0,0,3,2,0,4,0],[1,0,2,3,1,2,0],[0,1,2,2,1,2,1],[0,1,1,3,0,2,2],[1,0,1,2,0,3,2],[0,1,1,3,0,1,3]]","[[0,145,93,53,106,3,50],[0,0,149,111,0,190,0],[50,10,102,136,49,100,3],[3,56,101,90,54,115,31],[0,49,50,150,0,100,101],[59,0,50,101,0,143,97],[1,50,49,151,0,49,150]]",0.0011012323286642284,0.0016050493210426364
TARGET_ONLY_COSINE_PROTOTYPE,5,RANDOM_BLOCK,42,181081,63,3150,0.07936507936507936,0.06796992481203008,0.08095238095238096,0.07040434344001967,0.9714285714285713,condition_block,True,"[[0,2,2,1,2,0,2],[2,0,1,0,2,4,0],[1,0,0,2,2,3,1],[1,0,1,0,2,3,2],[2,1,1,2,0,2,1],[1,1,1,3,0,2,1],[1,1,0,1,1,2,3]]","[[0,99,91,50,110,3,97],[102,0,49,1,105,193,0],[50,1,6,100,100,150,43],[35,4,44,3,94,168,102],[100,46,50,104,0,100,50],[56,50,50,144,1,96,53],[49,50,0,50,52,99,150]]",0.0011012323286642284,0.0016050493210426364
TARGET_ONLY_COSINE_PROTOTYPE,5,RANDOM_BLOCK,42,205439,63,3150,0.15873015873015872,0.13540082699746564,0.15841269841269842,0.13670966666307227,0.9711111111111109,condition_block,True,"[[0,1,2,1,2,1,2],[0,1,3,1,0,4,0],[1,2,1,1,0,3,1],[1,2,0,1,0,3,2],[1,1,0,3,0,3,1],[1,0,0,1,1,4,2],[3,2,0,0,0,1,3]]","[[0,50,90,53,107,53,97],[0,50,148,50,11,191,0],[50,97,55,51,3,151,43],[29,96,0,51,4,171,99],[54,49,0,147,0,150,50],[56,1,0,50,50,193,100],[149,101,0,1,0,49,150]]",0.0011012323286642284,0.0016050493210426364
TARGET_ONLY_COSINE_PROTOTYPE,5,RANDOM_BLOCK,43,104729,63,3150,0.07936507936507936,0.07116004296455423,0.07492063492063492,0.06901410873611995,0.9682539682539681,condition_block,True,"[[0,0,1,1,2,0,5],[2,0,2,2,1,1,1],[2,2,1,3,1,0,0],[0,0,3,3,2,0,1],[1,1,1,2,0,3,1],[2,0,1,1,2,1,2],[3,2,1,3,0,0,0]]","[[3,3,50,50,107,3,234],[105,0,105,100,50,40,50],[104,90,50,156,47,0,3],[15,6,148,127,105,5,44],[47,50,53,100,0,146,54],[102,1,52,48,97,50,100],[151,97,49,147,0,0,6]]",0.0011012323286642284,0.0016050493210426364
TARGET_ONLY_COSINE_PROTOTYPE,5,RANDOM_BLOCK,43,130363,63,3150,0.09523809523809523,0.08687474989996,0.09555555555555556,0.08685897491236749,0.9730158730158729,condition_block,True,"[[0,0,3,1,2,0,3],[0,0,1,2,1,4,1],[0,1,1,3,2,0,2],[2,1,1,2,2,0,1],[2,1,0,2,0,3,1],[1,0,1,0,2,3,2],[2,3,1,2,0,1,0]]","[[0,6,137,60,97,3,147],[4,1,49,103,53,190,50],[3,51,50,150,97,1,98],[97,55,49,101,99,5,44],[96,50,0,100,0,150,54],[51,7,49,0,97,146,100],[101,135,43,100,0,68,3]]",0.0011012323286642284,0.0016050493210426364
TARGET_ONLY_COSINE_PROTOTYPE,5,RANDOM_BLOCK,43,155921,63,3150,0.09523809523809523,0.08787878787878789,0.08825396825396825,0.0827597325584284,0.9539682539682539,condition_block,True,"[[0,1,2,1,2,1,2],[1,1,3,1,0,3,0],[3,1,0,2,0,2,1],[0,2,3,3,1,0,0],[3,0,1,2,0,3,0],[1,1,0,1,2,2,2],[3,0,3,1,0,2,0]]","[[0,54,90,75,85,50,96],[53,49,148,51,9,140,0],[152,50,0,106,0,92,50],[15,105,146,120,59,5,0],[142,0,50,100,3,147,8],[74,52,0,48,96,100,80],[148,0,146,51,0,99,6]]",0.0011012323286642284,0.0016050493210426364
TARGET_ONLY_COSINE_PROTOTYPE,5,RANDOM_BLOCK,43,181081,63,3150,0.15873015873015872,0.1513007116722287,0.15619047619047619,0.14816999755017066,0.9707936507936508,condition_block,True,"[[0,2,0,1,3,2,1],[2,2,1,0,1,2,1],[4,1,0,0,3,1,0],[0,0,0,3,3,1,2],[1,0,0,4,0,3,1],[0,2,0,1,2,3,1],[3,1,0,1,1,1,2]]","[[0,103,0,50,147,100,50],[76,100,52,31,51,90,50],[201,51,0,9,146,43,0],[3,3,0,142,155,51,96],[46,0,0,200,3,147,54],[9,99,0,47,98,147,50],[150,49,0,51,50,50,100]]",0.0011012323286642284,0.0016050493210426364
TARGET_ONLY_COSINE_PROTOTYPE,5,RANDOM_BLOCK,43,205439,63,3150,0.15873015873015872,0.14436932667803964,0.1568253968253968,0.14216519593164695,0.9682539682539681,condition_block,True,"[[1,1,1,1,1,2,2],[0,1,1,1,0,4,2],[1,2,0,2,0,4,0],[1,1,2,2,1,1,1],[2,1,1,2,1,2,0],[2,0,1,0,2,4,0],[3,2,0,0,1,2,1]]","[[50,52,50,50,57,100,91],[1,51,50,49,10,191,98],[50,88,0,112,0,194,6],[44,47,111,94,50,58,46],[101,46,50,100,47,103,3],[77,0,50,23,101,199,0],[150,96,0,2,50,99,53]]",0.0011012323286642284,0.0016050493210426364
TARGET_ONLY_COSINE_PROTOTYPE,5,RANDOM_BLOCK,44,104729,63,3150,0.1746031746031746,0.17947368421052629,0.17396825396825397,0.17911937404325626,0.9679365079365079,condition_block,True,"[[1,0,2,1,3,0,2],[2,2,1,0,1,2,1],[3,2,2,1,0,0,1],[0,0,3,1,3,0,2],[3,0,2,2,0,1,1],[4,2,0,0,1,2,0],[3,1,0,1,0,1,3]]","[[51,0,90,50,156,3,100],[101,100,49,10,50,90,50],[151,124,99,25,1,1,49],[10,3,145,54,146,13,79],[150,4,96,96,0,50,54],[199,104,0,0,50,97,0],[150,50,3,50,1,49,147]]",0.0011012323286642284,0.0016050493210426364
TARGET_ONLY_COSINE_PROTOTYPE,5,RANDOM_BLOCK,44,130363,63,3150,0.19047619047619047,0.19672232529375383,0.18317460317460318,0.1909647230972848,0.9698412698412697,condition_block,True,"[[1,0,3,1,3,1,0],[0,1,2,1,2,2,1],[2,2,2,1,0,1,1],[2,0,3,3,1,0,0],[2,1,3,2,0,1,0],[3,3,0,0,1,2,0],[1,2,0,1,0,2,3]]","[[47,10,140,50,150,53,0],[1,52,99,58,100,90,50],[100,100,99,50,5,47,49],[115,4,146,125,59,1,0],[106,42,150,96,6,50,0],[149,154,0,0,46,101,0],[50,100,3,50,1,99,147]]",0.0011012323286642284,0.0016050493210426364
TARGET_ONLY_COSINE_PROTOTYPE,5,RANDOM_BLOCK,44,155921,63,3150,0.14285714285714285,0.12945197217643037,0.1415873015873016,0.12925058574823461,0.9606349206349206,condition_block,True,"[[0,3,3,0,2,0,1],[1,1,2,1,0,2,2],[2,1,1,2,0,1,2],[1,0,1,2,1,1,3],[2,1,0,3,0,2,1],[1,2,2,1,0,2,1],[1,0,1,2,0,2,3]]","[[3,150,152,4,103,3,35],[51,50,99,61,0,90,99],[102,50,50,100,0,49,99],[43,6,49,102,58,66,126],[98,50,1,147,0,100,54],[46,100,103,50,7,94,50],[52,0,52,100,0,99,147]]",0.0011012323286642284,0.0016050493210426364
TARGET_ONLY_COSINE_PROTOTYPE,5,RANDOM_BLOCK,44,181081,63,3150,0.12698412698412698,0.11887711606381683,0.12507936507936507,0.118220511098881,0.9682539682539681,condition_block,True,"[[0,2,2,0,3,0,2],[2,1,2,0,0,2,2],[2,1,0,1,2,2,1],[0,1,1,1,2,1,3],[3,1,1,1,0,2,1],[3,2,1,0,0,2,1],[3,0,0,0,0,2,4]]","[[3,100,97,0,147,3,100],[101,50,99,3,4,90,103],[117,53,0,50,85,93,52],[10,55,47,51,96,66,125],[150,50,51,49,0,100,50],[152,103,50,0,1,94,50],[149,1,3,0,2,99,196]]",0.0011012323286642284,0.0016050493210426364
TARGET_ONLY_COSINE_PROTOTYPE,5,RANDOM_BLOCK,44,205439,63,3150,0.15873015873015872,0.14263450834879407,0.15396825396825398,0.13747079686265734,0.9590476190476189,condition_block,True,"[[1,1,1,1,1,2,2],[2,2,1,0,0,3,1],[1,4,0,0,0,3,1],[0,0,1,2,1,1,4],[2,1,0,2,0,3,1],[4,2,0,0,0,3,0],[3,3,0,0,0,1,2]]","[[47,56,40,50,57,99,101],[101,101,49,0,3,143,53],[50,203,0,0,0,144,53],[21,4,49,90,53,57,176],[106,48,4,99,0,143,50],[181,101,0,20,0,147,1],[149,148,3,1,0,49,100]]",0.0011012323286642284,0.0016050493210426364
TARGET_ONLY_COSINE_PROTOTYPE,5,RANDOM_BLOCK,45,104729,63,3150,0.15873015873015872,0.15996949504439456,0.15174603174603174,0.15072373690156526,0.9758730158730158,condition_block,True,"[[0,2,2,0,2,0,3],[0,1,3,0,0,3,2],[3,1,3,1,0,1,0],[0,0,3,2,2,1,1],[1,1,1,1,1,2,2],[1,2,1,0,1,2,2],[5,1,1,1,0,0,1]]","[[0,93,94,0,107,3,153],[0,50,149,5,1,143,102],[147,50,150,50,3,50,0],[4,0,148,85,97,66,50],[50,51,50,50,40,109,100],[44,100,50,6,51,102,97],[249,50,49,51,0,0,51]]",0.0011012323286642284,0.0016050493210426364
TARGET_ONLY_COSINE_PROTOTYPE,5,RANDOM_BLOCK,45,130363,63,3150,0.20634920634920634,0.2066012934433987,0.19968253968253968,0.19939437422356293,0.9723809523809523,condition_block,True,"[[0,2,2,0,2,0,3],[0,2,2,0,0,3,2],[2,0,3,0,1,2,1],[0,0,3,2,2,1,1],[1,1,1,1,2,2,1],[1,2,1,0,1,3,1],[4,0,1,1,2,0,1]]","[[0,103,94,0,97,3,153],[0,94,105,1,5,143,102],[97,6,150,0,47,101,49],[13,4,148,92,89,54,50],[50,56,53,47,94,100,50],[50,100,50,0,51,148,51],[199,0,49,51,100,0,51]]",0.0011012323286642284,0.0016050493210426364
TARGET_ONLY_COSINE_PROTOTYPE,5,RANDOM_BLOCK,45,155921,63,3150,0.15873015873015872,0.1256038647342995,0.16,0.12787393186938165,0.973015873015873,condition_block,True,"[[0,3,2,0,2,0,2],[0,0,4,1,0,4,0],[1,0,2,3,0,2,1],[0,0,3,3,0,1,2],[0,1,1,3,0,3,1],[0,1,1,1,0,4,2],[3,0,1,3,0,1,1]]","[[0,144,93,3,107,3,100],[1,0,199,49,11,190,0],[53,4,99,142,9,93,50],[1,0,148,155,4,57,85],[0,54,46,150,0,150,50],[0,51,50,51,2,197,99],[149,0,47,151,1,49,53]]",0.0011012323286642284,0.0016050493210426364
TARGET_ONLY_COSINE_PROTOTYPE,5,RANDOM_BLOCK,45,181081,63,3150,0.12698412698412698,0.10177438660410798,0.1307936507936508,0.10720746173885956,0.9726984126984126,condition_block,True,"[[0,2,3,0,1,0,3],[0,1,4,0,0,4,0],[1,0,4,0,1,3,0],[0,0,3,0,2,1,3],[1,1,1,2,0,2,2],[1,3,1,1,0,2,1],[1,1,1,3,1,1,1]]","[[0,97,140,3,75,3,132],[1,49,198,4,5,193,0],[49,7,200,0,41,150,3],[4,3,148,12,101,54,128],[50,50,50,100,0,100,100],[50,149,50,50,1,100,50],[50,50,50,150,50,49,51]]",0.0011012323286642284,0.0016050493210426364
TARGET_ONLY_COSINE_PROTOTYPE,5,RANDOM_BLOCK,45,205439,63,3150,0.1111111111111111,0.09274891774891773,0.10793650793650794,0.09142776363911,0.9777777777777775,condition_block,True,"[[0,1,2,0,1,1,4],[0,0,4,0,1,4,0],[0,3,1,3,1,1,0],[0,0,3,1,1,1,3],[2,0,1,1,0,3,2],[0,2,1,1,0,4,1],[3,2,1,1,0,1,1]]","[[0,50,93,0,57,50,200],[0,1,198,1,60,190,0],[0,151,55,141,50,50,3],[1,3,148,47,55,53,143],[100,4,47,50,0,149,100],[3,100,50,47,3,186,61],[150,100,50,50,0,49,51]]",0.0011012323286642284,0.0016050493210426364
TARGET_ONLY_COSINE_PROTOTYPE,5,RANDOM_BLOCK,46,104729,63,3150,0.06349206349206349,0.048701298701298704,0.07174603174603175,0.057445908330865235,0.9587301587301585,condition_block,True,"[[0,0,2,0,4,2,1],[1,0,3,1,1,1,2],[0,2,1,2,2,2,0],[1,2,2,0,3,1,0],[2,0,2,2,0,3,0],[1,2,2,0,1,3,0],[2,1,1,2,0,3,0]]","[[0,7,90,0,207,96,50],[57,24,149,29,50,41,100],[3,121,50,84,92,100,0],[45,93,105,0,146,61,0],[99,4,101,96,0,150,0],[49,100,90,12,47,152,0],[101,50,49,100,0,150,0]]",0.0011012323286642284,0.0016050493210426364
TARGET_ONLY_COSINE_PROTOTYPE,5,RANDOM_BLOCK,46,130363,63,3150,0.07936507936507936,0.06655844155844157,0.07904761904761905,0.06638159107086547,0.973015873015873,condition_block,True,"[[0,0,2,1,3,2,1],[0,0,3,0,1,3,2],[0,3,1,1,2,1,1],[1,2,1,1,3,1,0],[2,0,2,2,0,3,0],[1,1,3,0,1,3,0],[2,2,1,2,0,2,0]]","[[0,14,90,50,150,96,50],[7,1,148,1,53,140,100],[3,148,50,56,92,52,49],[36,93,55,50,149,66,1],[99,7,98,96,0,150,0],[49,54,152,0,47,148,0],[101,100,49,100,0,100,0]]",0.0011012323286642284,0.0016050493210426364
TARGET_ONLY_COSINE_PROTOTYPE,5,RANDOM_BLOCK,46,155921,63,3150,0.14285714285714285,0.12484905073140366,0.14317460317460318,0.1260028126420058,0.97015873015873,condition_block,True,"[[0,2,3,0,2,1,1],[1,0,3,0,1,4,0],[2,2,2,2,0,1,0],[1,0,3,1,2,2,0],[1,1,2,2,1,2,0],[0,1,1,1,1,4,1],[1,0,2,0,1,4,1]]","[[0,106,140,4,100,50,50],[48,0,158,0,53,191,0],[104,101,99,96,0,50,0],[64,3,143,54,96,87,3],[46,50,104,99,47,104,0],[4,50,51,47,47,201,50],[51,0,98,1,50,200,50]]",0.0011012323286642284,0.0016050493210426364
TARGET_ONLY_COSINE_PROTOTYPE,5,RANDOM_BLOCK,46,181081,63,3150,0.1111111111111111,0.09521463757916959,0.11047619047619048,0.09485719925413642,0.9771428571428571,condition_block,True,"[[0,2,2,0,3,1,1],[0,0,3,0,2,3,1],[1,0,3,1,2,2,0],[0,0,1,0,2,4,2],[1,0,1,2,1,4,0],[0,4,1,1,1,2,0],[2,1,1,0,0,4,1]]","[[0,104,90,0,156,50,50],[5,0,149,0,105,141,50],[52,1,149,49,100,99,0],[3,3,50,0,103,192,99],[47,0,58,96,49,199,1],[5,202,50,47,46,100,0],[93,53,52,1,1,200,50]]",0.0011012323286642284,0.0016050493210426364
TARGET_ONLY_COSINE_PROTOTYPE,5,RANDOM_BLOCK,46,205439,63,3150,0.14285714285714285,0.10826782325833559,0.1438095238095238,0.10898561311045622,0.9806349206349204,condition_block,True,"[[0,0,3,0,2,3,1],[1,2,2,0,1,2,1],[0,4,2,0,0,3,0],[1,1,2,0,3,1,1],[2,0,1,2,0,4,0],[0,0,0,2,1,5,1],[2,1,1,1,0,4,0]]","[[0,7,146,0,100,147,50],[51,101,98,0,59,91,50],[0,193,99,6,0,152,0],[47,53,99,1,149,58,43],[97,3,50,100,0,200,0],[4,0,0,97,47,252,50],[97,50,52,51,0,200,0]]",0.0011012323286642284,0.0016050493210426364
