method,budget,strategy,source_seed,support_seed,class_index,predicted_query_blocks,predicted_query_rows
FROZEN_ENCODER_LINEAR_HEAD_ADAPTATION,1,RANDOM_BLOCK,42,104729,0,10,516
FROZEN_ENCODER_LINEAR_HEAD_ADAPTATION,1,RANDOM_BLOCK,42,104729,1,2,109
FROZEN_ENCODER_LINEAR_HEAD_ADAPTATION,1,RANDOM_BLOCK,42,104729,2,11,546
FROZEN_ENCODER_LINEAR_HEAD_ADAPTATION,1,RANDOM_BLOCK,42,104729,3,14,704
FROZEN_ENCODER_LINEAR_HEAD_ADAPTATION,1,RANDOM_BLOCK,42,104729,4,5,259
FROZEN_ENCODER_LINEAR_HEAD_ADAPTATION,1,RANDOM_BLOCK,42,104729,5,6,304
FROZEN_ENCODER_LINEAR_HEAD_ADAPTATION,1,RANDOM_BLOCK,42,104729,6,15,712
FROZEN_ENCODER_LINEAR_HEAD_ADAPTATION,1,RANDOM_BLOCK,42,130363,0,7,328
FROZEN_ENCODER_LINEAR_HEAD_ADAPTATION,1,RANDOM_BLOCK,42,130363,1,12,598
FROZEN_ENCODER_LINEAR_HEAD_ADAPTATION,1,RANDOM_BLOCK,42,130363,2,7,364
FROZEN_ENCODER_LINEAR_HEAD_ADAPTATION,1,RANDOM_BLOCK,42,130363,3,14,725
FROZEN_ENCODER_LINEAR_HEAD_ADAPTATION,1,RANDOM_BLOCK,42,130363,4,1,73
FROZEN_ENCODER_LINEAR_HEAD_ADAPTATION,1,RANDOM_BLOCK,42,130363,5,14,663
FROZEN_ENCODER_LINEAR_HEAD_ADAPTATION,1,RANDOM_BLOCK,42,130363,6,8,399
FROZEN_ENCODER_LINEAR_HEAD_ADAPTATION,1,RANDOM_BLOCK,42,155921,0,11,561
FROZEN_ENCODER_LINEAR_HEAD_ADAPTATION,1,RANDOM_BLOCK,42,155921,1,8,393
FROZEN_ENCODER_LINEAR_HEAD_ADAPTATION,1,RANDOM_BLOCK,42,155921,2,11,548
FROZEN_ENCODER_LINEAR_HEAD_ADAPTATION,1,RANDOM_BLOCK,42,155921,3,7,353
FROZEN_ENCODER_LINEAR_HEAD_ADAPTATION,1,RANDOM_BLOCK,42,155921,4,8,410
FROZEN_ENCODER_LINEAR_HEAD_ADAPTATION,1,RANDOM_BLOCK,42,155921,5,6,306
FROZEN_ENCODER_LINEAR_HEAD_ADAPTATION,1,RANDOM_BLOCK,42,155921,6,12,579
FROZEN_ENCODER_LINEAR_HEAD_ADAPTATION,1,RANDOM_BLOCK,42,181081,0,10,494
FROZEN_ENCODER_LINEAR_HEAD_ADAPTATION,1,RANDOM_BLOCK,42,181081,1,3,165
FROZEN_ENCODER_LINEAR_HEAD_ADAPTATION,1,RANDOM_BLOCK,42,181081,2,3,155
FROZEN_ENCODER_LINEAR_HEAD_ADAPTATION,1,RANDOM_BLOCK,42,181081,3,21,1032
FROZEN_ENCODER_LINEAR_HEAD_ADAPTATION,1,RANDOM_BLOCK,42,181081,4,4,183
FROZEN_ENCODER_LINEAR_HEAD_ADAPTATION,1,RANDOM_BLOCK,42,181081,5,19,944
FROZEN_ENCODER_LINEAR_HEAD_ADAPTATION,1,RANDOM_BLOCK,42,181081,6,3,177
FROZEN_ENCODER_LINEAR_HEAD_ADAPTATION,1,RANDOM_BLOCK,42,205439,0,13,626
FROZEN_ENCODER_LINEAR_HEAD_ADAPTATION,1,RANDOM_BLOCK,42,205439,1,3,174
FROZEN_ENCODER_LINEAR_HEAD_ADAPTATION,1,RANDOM_BLOCK,42,205439,2,3,149
FROZEN_ENCODER_LINEAR_HEAD_ADAPTATION,1,RANDOM_BLOCK,42,205439,3,14,681
FROZEN_ENCODER_LINEAR_HEAD_ADAPTATION,1,RANDOM_BLOCK,42,205439,4,3,152
FROZEN_ENCODER_LINEAR_HEAD_ADAPTATION,1,RANDOM_BLOCK,42,205439,5,17,884
FROZEN_ENCODER_LINEAR_HEAD_ADAPTATION,1,RANDOM_BLOCK,42,205439,6,10,484
FROZEN_ENCODER_LINEAR_HEAD_ADAPTATION,1,RANDOM_BLOCK,43,104729,0,7,347
FROZEN_ENCODER_LINEAR_HEAD_ADAPTATION,1,RANDOM_BLOCK,43,104729,1,2,111
FROZEN_ENCODER_LINEAR_HEAD_ADAPTATION,1,RANDOM_BLOCK,43,104729,2,9,457
FROZEN_ENCODER_LINEAR_HEAD_ADAPTATION,1,RANDOM_BLOCK,43,104729,3,18,913
FROZEN_ENCODER_LINEAR_HEAD_ADAPTATION,1,RANDOM_BLOCK,43,104729,4,4,210
FROZEN_ENCODER_LINEAR_HEAD_ADAPTATION,1,RANDOM_BLOCK,43,104729,5,6,294
FROZEN_ENCODER_LINEAR_HEAD_ADAPTATION,1,RANDOM_BLOCK,43,104729,6,17,818
FROZEN_ENCODER_LINEAR_HEAD_ADAPTATION,1,RANDOM_BLOCK,43,130363,0,3,151
FROZEN_ENCODER_LINEAR_HEAD_ADAPTATION,1,RANDOM_BLOCK,43,130363,1,8,421
FROZEN_ENCODER_LINEAR_HEAD_ADAPTATION,1,RANDOM_BLOCK,43,130363,2,15,753
FROZEN_ENCODER_LINEAR_HEAD_ADAPTATION,1,RANDOM_BLOCK,43,130363,3,18,889
FROZEN_ENCODER_LINEAR_HEAD_ADAPTATION,1,RANDOM_BLOCK,43,130363,4,1,52
FROZEN_ENCODER_LINEAR_HEAD_ADAPTATION,1,RANDOM_BLOCK,43,130363,5,7,347
FROZEN_ENCODER_LINEAR_HEAD_ADAPTATION,1,RANDOM_BLOCK,43,130363,6,11,537
FROZEN_ENCODER_LINEAR_HEAD_ADAPTATION,1,RANDOM_BLOCK,43,155921,0,9,448
FROZEN_ENCODER_LINEAR_HEAD_ADAPTATION,1,RANDOM_BLOCK,43,155921,1,5,269
FROZEN_ENCODER_LINEAR_HEAD_ADAPTATION,1,RANDOM_BLOCK,43,155921,2,6,313
FROZEN_ENCODER_LINEAR_HEAD_ADAPTATION,1,RANDOM_BLOCK,43,155921,3,7,347
FROZEN_ENCODER_LINEAR_HEAD_ADAPTATION,1,RANDOM_BLOCK,43,155921,4,12,612
FROZEN_ENCODER_LINEAR_HEAD_ADAPTATION,1,RANDOM_BLOCK,43,155921,5,7,347
FROZEN_ENCODER_LINEAR_HEAD_ADAPTATION,1,RANDOM_BLOCK,43,155921,6,17,814
FROZEN_ENCODER_LINEAR_HEAD_ADAPTATION,1,RANDOM_BLOCK,43,181081,0,14,660
FROZEN_ENCODER_LINEAR_HEAD_ADAPTATION,1,RANDOM_BLOCK,43,181081,1,2,98
FROZEN_ENCODER_LINEAR_HEAD_ADAPTATION,1,RANDOM_BLOCK,43,181081,2,12,626
FROZEN_ENCODER_LINEAR_HEAD_ADAPTATION,1,RANDOM_BLOCK,43,181081,3,12,593
FROZEN_ENCODER_LINEAR_HEAD_ADAPTATION,1,RANDOM_BLOCK,43,181081,4,4,188
FROZEN_ENCODER_LINEAR_HEAD_ADAPTATION,1,RANDOM_BLOCK,43,181081,5,11,568
FROZEN_ENCODER_LINEAR_HEAD_ADAPTATION,1,RANDOM_BLOCK,43,181081,6,8,417
FROZEN_ENCODER_LINEAR_HEAD_ADAPTATION,1,RANDOM_BLOCK,43,205439,0,13,584
FROZEN_ENCODER_LINEAR_HEAD_ADAPTATION,1,RANDOM_BLOCK,43,205439,1,2,119
FROZEN_ENCODER_LINEAR_HEAD_ADAPTATION,1,RANDOM_BLOCK,43,205439,2,10,515
FROZEN_ENCODER_LINEAR_HEAD_ADAPTATION,1,RANDOM_BLOCK,43,205439,3,13,652
FROZEN_ENCODER_LINEAR_HEAD_ADAPTATION,1,RANDOM_BLOCK,43,205439,4,3,121
FROZEN_ENCODER_LINEAR_HEAD_ADAPTATION,1,RANDOM_BLOCK,43,205439,5,12,630
FROZEN_ENCODER_LINEAR_HEAD_ADAPTATION,1,RANDOM_BLOCK,43,205439,6,10,529
FROZEN_ENCODER_LINEAR_HEAD_ADAPTATION,1,RANDOM_BLOCK,44,104729,0,9,449
FROZEN_ENCODER_LINEAR_HEAD_ADAPTATION,1,RANDOM_BLOCK,44,104729,1,4,212
FROZEN_ENCODER_LINEAR_HEAD_ADAPTATION,1,RANDOM_BLOCK,44,104729,2,11,558
FROZEN_ENCODER_LINEAR_HEAD_ADAPTATION,1,RANDOM_BLOCK,44,104729,3,16,791
FROZEN_ENCODER_LINEAR_HEAD_ADAPTATION,1,RANDOM_BLOCK,44,104729,4,7,357
FROZEN_ENCODER_LINEAR_HEAD_ADAPTATION,1,RANDOM_BLOCK,44,104729,5,4,213
FROZEN_ENCODER_LINEAR_HEAD_ADAPTATION,1,RANDOM_BLOCK,44,104729,6,12,570
FROZEN_ENCODER_LINEAR_HEAD_ADAPTATION,1,RANDOM_BLOCK,44,130363,0,1,47
FROZEN_ENCODER_LINEAR_HEAD_ADAPTATION,1,RANDOM_BLOCK,44,130363,1,10,509
FROZEN_ENCODER_LINEAR_HEAD_ADAPTATION,1,RANDOM_BLOCK,44,130363,2,10,492
FROZEN_ENCODER_LINEAR_HEAD_ADAPTATION,1,RANDOM_BLOCK,44,130363,3,16,803
FROZEN_ENCODER_LINEAR_HEAD_ADAPTATION,1,RANDOM_BLOCK,44,130363,4,5,244
FROZEN_ENCODER_LINEAR_HEAD_ADAPTATION,1,RANDOM_BLOCK,44,130363,5,12,613
FROZEN_ENCODER_LINEAR_HEAD_ADAPTATION,1,RANDOM_BLOCK,44,130363,6,9,442
FROZEN_ENCODER_LINEAR_HEAD_ADAPTATION,1,RANDOM_BLOCK,44,155921,0,10,518
FROZEN_ENCODER_LINEAR_HEAD_ADAPTATION,1,RANDOM_BLOCK,44,155921,1,8,412
FROZEN_ENCODER_LINEAR_HEAD_ADAPTATION,1,RANDOM_BLOCK,44,155921,2,13,658
FROZEN_ENCODER_LINEAR_HEAD_ADAPTATION,1,RANDOM_BLOCK,44,155921,3,4,197
FROZEN_ENCODER_LINEAR_HEAD_ADAPTATION,1,RANDOM_BLOCK,44,155921,4,11,564
FROZEN_ENCODER_LINEAR_HEAD_ADAPTATION,1,RANDOM_BLOCK,44,155921,5,5,247
FROZEN_ENCODER_LINEAR_HEAD_ADAPTATION,1,RANDOM_BLOCK,44,155921,6,12,554
FROZEN_ENCODER_LINEAR_HEAD_ADAPTATION,1,RANDOM_BLOCK,44,181081,0,6,284
FROZEN_ENCODER_LINEAR_HEAD_ADAPTATION,1,RANDOM_BLOCK,44,181081,1,6,311
FROZEN_ENCODER_LINEAR_HEAD_ADAPTATION,1,RANDOM_BLOCK,44,181081,2,1,51
FROZEN_ENCODER_LINEAR_HEAD_ADAPTATION,1,RANDOM_BLOCK,44,181081,3,15,765
FROZEN_ENCODER_LINEAR_HEAD_ADAPTATION,1,RANDOM_BLOCK,44,181081,4,8,390
FROZEN_ENCODER_LINEAR_HEAD_ADAPTATION,1,RANDOM_BLOCK,44,181081,5,16,822
FROZEN_ENCODER_LINEAR_HEAD_ADAPTATION,1,RANDOM_BLOCK,44,181081,6,11,527
FROZEN_ENCODER_LINEAR_HEAD_ADAPTATION,1,RANDOM_BLOCK,44,205439,0,8,395
FROZEN_ENCODER_LINEAR_HEAD_ADAPTATION,1,RANDOM_BLOCK,44,205439,1,6,310
FROZEN_ENCODER_LINEAR_HEAD_ADAPTATION,1,RANDOM_BLOCK,44,205439,2,2,100
FROZEN_ENCODER_LINEAR_HEAD_ADAPTATION,1,RANDOM_BLOCK,44,205439,3,17,871
FROZEN_ENCODER_LINEAR_HEAD_ADAPTATION,1,RANDOM_BLOCK,44,205439,4,8,396
FROZEN_ENCODER_LINEAR_HEAD_ADAPTATION,1,RANDOM_BLOCK,44,205439,5,14,696
FROZEN_ENCODER_LINEAR_HEAD_ADAPTATION,1,RANDOM_BLOCK,44,205439,6,8,382
FROZEN_ENCODER_LINEAR_HEAD_ADAPTATION,1,RANDOM_BLOCK,45,104729,0,14,687
FROZEN_ENCODER_LINEAR_HEAD_ADAPTATION,1,RANDOM_BLOCK,45,104729,1,4,200
FROZEN_ENCODER_LINEAR_HEAD_ADAPTATION,1,RANDOM_BLOCK,45,104729,2,12,608
FROZEN_ENCODER_LINEAR_HEAD_ADAPTATION,1,RANDOM_BLOCK,45,104729,3,11,545
FROZEN_ENCODER_LINEAR_HEAD_ADAPTATION,1,RANDOM_BLOCK,45,104729,4,4,205
FROZEN_ENCODER_LINEAR_HEAD_ADAPTATION,1,RANDOM_BLOCK,45,104729,5,1,62
FROZEN_ENCODER_LINEAR_HEAD_ADAPTATION,1,RANDOM_BLOCK,45,104729,6,17,843
FROZEN_ENCODER_LINEAR_HEAD_ADAPTATION,1,RANDOM_BLOCK,45,130363,0,7,338
FROZEN_ENCODER_LINEAR_HEAD_ADAPTATION,1,RANDOM_BLOCK,45,130363,1,9,436
FROZEN_ENCODER_LINEAR_HEAD_ADAPTATION,1,RANDOM_BLOCK,45,130363,2,6,293
FROZEN_ENCODER_LINEAR_HEAD_ADAPTATION,1,RANDOM_BLOCK,45,130363,3,10,514
FROZEN_ENCODER_LINEAR_HEAD_ADAPTATION,1,RANDOM_BLOCK,45,130363,4,3,152
FROZEN_ENCODER_LINEAR_HEAD_ADAPTATION,1,RANDOM_BLOCK,45,130363,5,16,814
FROZEN_ENCODER_LINEAR_HEAD_ADAPTATION,1,RANDOM_BLOCK,45,130363,6,12,603
FROZEN_ENCODER_LINEAR_HEAD_ADAPTATION,1,RANDOM_BLOCK,45,155921,0,16,784
FROZEN_ENCODER_LINEAR_HEAD_ADAPTATION,1,RANDOM_BLOCK,45,155921,1,4,203
FROZEN_ENCODER_LINEAR_HEAD_ADAPTATION,1,RANDOM_BLOCK,45,155921,2,19,955
FROZEN_ENCODER_LINEAR_HEAD_ADAPTATION,1,RANDOM_BLOCK,45,155921,3,5,249
FROZEN_ENCODER_LINEAR_HEAD_ADAPTATION,1,RANDOM_BLOCK,45,155921,4,7,352
FROZEN_ENCODER_LINEAR_HEAD_ADAPTATION,1,RANDOM_BLOCK,45,155921,5,3,153
FROZEN_ENCODER_LINEAR_HEAD_ADAPTATION,1,RANDOM_BLOCK,45,155921,6,9,454
FROZEN_ENCODER_LINEAR_HEAD_ADAPTATION,1,RANDOM_BLOCK,45,181081,0,9,453
FROZEN_ENCODER_LINEAR_HEAD_ADAPTATION,1,RANDOM_BLOCK,45,181081,1,5,249
FROZEN_ENCODER_LINEAR_HEAD_ADAPTATION,1,RANDOM_BLOCK,45,181081,2,13,642
FROZEN_ENCODER_LINEAR_HEAD_ADAPTATION,1,RANDOM_BLOCK,45,181081,3,16,832
FROZEN_ENCODER_LINEAR_HEAD_ADAPTATION,1,RANDOM_BLOCK,45,181081,4,3,127
FROZEN_ENCODER_LINEAR_HEAD_ADAPTATION,1,RANDOM_BLOCK,45,181081,5,10,501
FROZEN_ENCODER_LINEAR_HEAD_ADAPTATION,1,RANDOM_BLOCK,45,181081,6,7,346
FROZEN_ENCODER_LINEAR_HEAD_ADAPTATION,1,RANDOM_BLOCK,45,205439,0,14,722
FROZEN_ENCODER_LINEAR_HEAD_ADAPTATION,1,RANDOM_BLOCK,45,205439,1,3,157
FROZEN_ENCODER_LINEAR_HEAD_ADAPTATION,1,RANDOM_BLOCK,45,205439,2,14,676
FROZEN_ENCODER_LINEAR_HEAD_ADAPTATION,1,RANDOM_BLOCK,45,205439,3,11,561
FROZEN_ENCODER_LINEAR_HEAD_ADAPTATION,1,RANDOM_BLOCK,45,205439,4,2,81
FROZEN_ENCODER_LINEAR_HEAD_ADAPTATION,1,RANDOM_BLOCK,45,205439,5,11,557
FROZEN_ENCODER_LINEAR_HEAD_ADAPTATION,1,RANDOM_BLOCK,45,205439,6,8,396
FROZEN_ENCODER_LINEAR_HEAD_ADAPTATION,1,RANDOM_BLOCK,46,104729,0,6,308
FROZEN_ENCODER_LINEAR_HEAD_ADAPTATION,1,RANDOM_BLOCK,46,104729,1,4,203
FROZEN_ENCODER_LINEAR_HEAD_ADAPTATION,1,RANDOM_BLOCK,46,104729,2,13,595
FROZEN_ENCODER_LINEAR_HEAD_ADAPTATION,1,RANDOM_BLOCK,46,104729,3,16,801
FROZEN_ENCODER_LINEAR_HEAD_ADAPTATION,1,RANDOM_BLOCK,46,104729,4,4,214
FROZEN_ENCODER_LINEAR_HEAD_ADAPTATION,1,RANDOM_BLOCK,46,104729,5,6,301
FROZEN_ENCODER_LINEAR_HEAD_ADAPTATION,1,RANDOM_BLOCK,46,104729,6,14,728
FROZEN_ENCODER_LINEAR_HEAD_ADAPTATION,1,RANDOM_BLOCK,46,130363,0,2,104
FROZEN_ENCODER_LINEAR_HEAD_ADAPTATION,1,RANDOM_BLOCK,46,130363,1,5,247
FROZEN_ENCODER_LINEAR_HEAD_ADAPTATION,1,RANDOM_BLOCK,46,130363,2,11,557
FROZEN_ENCODER_LINEAR_HEAD_ADAPTATION,1,RANDOM_BLOCK,46,130363,3,15,749
FROZEN_ENCODER_LINEAR_HEAD_ADAPTATION,1,RANDOM_BLOCK,46,130363,4,4,192
FROZEN_ENCODER_LINEAR_HEAD_ADAPTATION,1,RANDOM_BLOCK,46,130363,5,16,813
FROZEN_ENCODER_LINEAR_HEAD_ADAPTATION,1,RANDOM_BLOCK,46,130363,6,10,488
FROZEN_ENCODER_LINEAR_HEAD_ADAPTATION,1,RANDOM_BLOCK,46,155921,0,7,337
FROZEN_ENCODER_LINEAR_HEAD_ADAPTATION,1,RANDOM_BLOCK,46,155921,1,7,366
FROZEN_ENCODER_LINEAR_HEAD_ADAPTATION,1,RANDOM_BLOCK,46,155921,2,16,758
FROZEN_ENCODER_LINEAR_HEAD_ADAPTATION,1,RANDOM_BLOCK,46,155921,3,4,201
FROZEN_ENCODER_LINEAR_HEAD_ADAPTATION,1,RANDOM_BLOCK,46,155921,4,10,532
FROZEN_ENCODER_LINEAR_HEAD_ADAPTATION,1,RANDOM_BLOCK,46,155921,5,5,261
FROZEN_ENCODER_LINEAR_HEAD_ADAPTATION,1,RANDOM_BLOCK,46,155921,6,14,695
FROZEN_ENCODER_LINEAR_HEAD_ADAPTATION,1,RANDOM_BLOCK,46,181081,0,10,513
FROZEN_ENCODER_LINEAR_HEAD_ADAPTATION,1,RANDOM_BLOCK,46,181081,1,2,109
FROZEN_ENCODER_LINEAR_HEAD_ADAPTATION,1,RANDOM_BLOCK,46,181081,2,4,203
FROZEN_ENCODER_LINEAR_HEAD_ADAPTATION,1,RANDOM_BLOCK,46,181081,3,21,1032
FROZEN_ENCODER_LINEAR_HEAD_ADAPTATION,1,RANDOM_BLOCK,46,181081,4,3,144
FROZEN_ENCODER_LINEAR_HEAD_ADAPTATION,1,RANDOM_BLOCK,46,181081,5,16,800
FROZEN_ENCODER_LINEAR_HEAD_ADAPTATION,1,RANDOM_BLOCK,46,181081,6,7,349
FROZEN_ENCODER_LINEAR_HEAD_ADAPTATION,1,RANDOM_BLOCK,46,205439,0,15,750
FROZEN_ENCODER_LINEAR_HEAD_ADAPTATION,1,RANDOM_BLOCK,46,205439,1,5,244
FROZEN_ENCODER_LINEAR_HEAD_ADAPTATION,1,RANDOM_BLOCK,46,205439,2,1,73
FROZEN_ENCODER_LINEAR_HEAD_ADAPTATION,1,RANDOM_BLOCK,46,205439,3,14,680
FROZEN_ENCODER_LINEAR_HEAD_ADAPTATION,1,RANDOM_BLOCK,46,205439,4,2,107
FROZEN_ENCODER_LINEAR_HEAD_ADAPTATION,1,RANDOM_BLOCK,46,205439,5,16,826
FROZEN_ENCODER_LINEAR_HEAD_ADAPTATION,1,RANDOM_BLOCK,46,205439,6,10,470
FROZEN_ENCODER_LINEAR_HEAD_ADAPTATION,3,ER_BALANCED,42,104729,0,10,481
FROZEN_ENCODER_LINEAR_HEAD_ADAPTATION,3,ER_BALANCED,42,104729,1,7,396
FROZEN_ENCODER_LINEAR_HEAD_ADAPTATION,3,ER_BALANCED,42,104729,2,10,516
FROZEN_ENCODER_LINEAR_HEAD_ADAPTATION,3,ER_BALANCED,42,104729,3,9,445
FROZEN_ENCODER_LINEAR_HEAD_ADAPTATION,3,ER_BALANCED,42,104729,4,7,356
FROZEN_ENCODER_LINEAR_HEAD_ADAPTATION,3,ER_BALANCED,42,104729,5,12,584
FROZEN_ENCODER_LINEAR_HEAD_ADAPTATION,3,ER_BALANCED,42,104729,6,8,372
FROZEN_ENCODER_LINEAR_HEAD_ADAPTATION,3,ER_BALANCED,42,130363,0,8,410
FROZEN_ENCODER_LINEAR_HEAD_ADAPTATION,3,ER_BALANCED,42,130363,1,8,422
FROZEN_ENCODER_LINEAR_HEAD_ADAPTATION,3,ER_BALANCED,42,130363,2,9,456
FROZEN_ENCODER_LINEAR_HEAD_ADAPTATION,3,ER_BALANCED,42,130363,3,7,367
FROZEN_ENCODER_LINEAR_HEAD_ADAPTATION,3,ER_BALANCED,42,130363,4,8,388
FROZEN_ENCODER_LINEAR_HEAD_ADAPTATION,3,ER_BALANCED,42,130363,5,11,542
FROZEN_ENCODER_LINEAR_HEAD_ADAPTATION,3,ER_BALANCED,42,130363,6,12,565
FROZEN_ENCODER_LINEAR_HEAD_ADAPTATION,3,ER_BALANCED,42,155921,0,12,599
FROZEN_ENCODER_LINEAR_HEAD_ADAPTATION,3,ER_BALANCED,42,155921,1,7,383
FROZEN_ENCODER_LINEAR_HEAD_ADAPTATION,3,ER_BALANCED,42,155921,2,7,350
FROZEN_ENCODER_LINEAR_HEAD_ADAPTATION,3,ER_BALANCED,42,155921,3,9,461
FROZEN_ENCODER_LINEAR_HEAD_ADAPTATION,3,ER_BALANCED,42,155921,4,7,351
FROZEN_ENCODER_LINEAR_HEAD_ADAPTATION,3,ER_BALANCED,42,155921,5,8,393
FROZEN_ENCODER_LINEAR_HEAD_ADAPTATION,3,ER_BALANCED,42,155921,6,13,613
FROZEN_ENCODER_LINEAR_HEAD_ADAPTATION,3,ER_BALANCED,42,181081,0,14,682
FROZEN_ENCODER_LINEAR_HEAD_ADAPTATION,3,ER_BALANCED,42,181081,1,12,625
FROZEN_ENCODER_LINEAR_HEAD_ADAPTATION,3,ER_BALANCED,42,181081,2,7,351
FROZEN_ENCODER_LINEAR_HEAD_ADAPTATION,3,ER_BALANCED,42,181081,3,5,253
FROZEN_ENCODER_LINEAR_HEAD_ADAPTATION,3,ER_BALANCED,42,181081,4,5,251
FROZEN_ENCODER_LINEAR_HEAD_ADAPTATION,3,ER_BALANCED,42,181081,5,9,452
FROZEN_ENCODER_LINEAR_HEAD_ADAPTATION,3,ER_BALANCED,42,181081,6,11,536
FROZEN_ENCODER_LINEAR_HEAD_ADAPTATION,3,ER_BALANCED,42,205439,0,9,439
FROZEN_ENCODER_LINEAR_HEAD_ADAPTATION,3,ER_BALANCED,42,205439,1,9,467
FROZEN_ENCODER_LINEAR_HEAD_ADAPTATION,3,ER_BALANCED,42,205439,2,8,409
FROZEN_ENCODER_LINEAR_HEAD_ADAPTATION,3,ER_BALANCED,42,205439,3,12,608
FROZEN_ENCODER_LINEAR_HEAD_ADAPTATION,3,ER_BALANCED,42,205439,4,4,209
FROZEN_ENCODER_LINEAR_HEAD_ADAPTATION,3,ER_BALANCED,42,205439,5,13,647
FROZEN_ENCODER_LINEAR_HEAD_ADAPTATION,3,ER_BALANCED,42,205439,6,8,371
FROZEN_ENCODER_LINEAR_HEAD_ADAPTATION,3,ER_BALANCED,43,104729,0,9,450
FROZEN_ENCODER_LINEAR_HEAD_ADAPTATION,3,ER_BALANCED,43,104729,1,7,383
FROZEN_ENCODER_LINEAR_HEAD_ADAPTATION,3,ER_BALANCED,43,104729,2,15,751
FROZEN_ENCODER_LINEAR_HEAD_ADAPTATION,3,ER_BALANCED,43,104729,3,7,335
FROZEN_ENCODER_LINEAR_HEAD_ADAPTATION,3,ER_BALANCED,43,104729,4,6,308
FROZEN_ENCODER_LINEAR_HEAD_ADAPTATION,3,ER_BALANCED,43,104729,5,11,553
FROZEN_ENCODER_LINEAR_HEAD_ADAPTATION,3,ER_BALANCED,43,104729,6,8,370
FROZEN_ENCODER_LINEAR_HEAD_ADAPTATION,3,ER_BALANCED,43,130363,0,11,584
FROZEN_ENCODER_LINEAR_HEAD_ADAPTATION,3,ER_BALANCED,43,130363,1,11,563
FROZEN_ENCODER_LINEAR_HEAD_ADAPTATION,3,ER_BALANCED,43,130363,2,13,667
FROZEN_ENCODER_LINEAR_HEAD_ADAPTATION,3,ER_BALANCED,43,130363,3,9,448
FROZEN_ENCODER_LINEAR_HEAD_ADAPTATION,3,ER_BALANCED,43,130363,4,4,186
FROZEN_ENCODER_LINEAR_HEAD_ADAPTATION,3,ER_BALANCED,43,130363,5,5,250
FROZEN_ENCODER_LINEAR_HEAD_ADAPTATION,3,ER_BALANCED,43,130363,6,10,452
FROZEN_ENCODER_LINEAR_HEAD_ADAPTATION,3,ER_BALANCED,43,155921,0,12,587
FROZEN_ENCODER_LINEAR_HEAD_ADAPTATION,3,ER_BALANCED,43,155921,1,12,628
FROZEN_ENCODER_LINEAR_HEAD_ADAPTATION,3,ER_BALANCED,43,155921,2,7,358
FROZEN_ENCODER_LINEAR_HEAD_ADAPTATION,3,ER_BALANCED,43,155921,3,10,496
FROZEN_ENCODER_LINEAR_HEAD_ADAPTATION,3,ER_BALANCED,43,155921,4,5,265
FROZEN_ENCODER_LINEAR_HEAD_ADAPTATION,3,ER_BALANCED,43,155921,5,6,297
FROZEN_ENCODER_LINEAR_HEAD_ADAPTATION,3,ER_BALANCED,43,155921,6,11,519
FROZEN_ENCODER_LINEAR_HEAD_ADAPTATION,3,ER_BALANCED,43,181081,0,12,579
FROZEN_ENCODER_LINEAR_HEAD_ADAPTATION,3,ER_BALANCED,43,181081,1,9,478
FROZEN_ENCODER_LINEAR_HEAD_ADAPTATION,3,ER_BALANCED,43,181081,2,8,420
FROZEN_ENCODER_LINEAR_HEAD_ADAPTATION,3,ER_BALANCED,43,181081,3,5,253
FROZEN_ENCODER_LINEAR_HEAD_ADAPTATION,3,ER_BALANCED,43,181081,4,3,156
FROZEN_ENCODER_LINEAR_HEAD_ADAPTATION,3,ER_BALANCED,43,181081,5,10,495
FROZEN_ENCODER_LINEAR_HEAD_ADAPTATION,3,ER_BALANCED,43,181081,6,16,769
FROZEN_ENCODER_LINEAR_HEAD_ADAPTATION,3,ER_BALANCED,43,205439,0,9,432
FROZEN_ENCODER_LINEAR_HEAD_ADAPTATION,3,ER_BALANCED,43,205439,1,7,380
FROZEN_ENCODER_LINEAR_HEAD_ADAPTATION,3,ER_BALANCED,43,205439,2,15,761
FROZEN_ENCODER_LINEAR_HEAD_ADAPTATION,3,ER_BALANCED,43,205439,3,9,431
FROZEN_ENCODER_LINEAR_HEAD_ADAPTATION,3,ER_BALANCED,43,205439,4,4,206
FROZEN_ENCODER_LINEAR_HEAD_ADAPTATION,3,ER_BALANCED,43,205439,5,11,551
FROZEN_ENCODER_LINEAR_HEAD_ADAPTATION,3,ER_BALANCED,43,205439,6,8,389
FROZEN_ENCODER_LINEAR_HEAD_ADAPTATION,3,ER_BALANCED,44,104729,0,9,438
FROZEN_ENCODER_LINEAR_HEAD_ADAPTATION,3,ER_BALANCED,44,104729,1,10,525
FROZEN_ENCODER_LINEAR_HEAD_ADAPTATION,3,ER_BALANCED,44,104729,2,6,322
FROZEN_ENCODER_LINEAR_HEAD_ADAPTATION,3,ER_BALANCED,44,104729,3,8,399
FROZEN_ENCODER_LINEAR_HEAD_ADAPTATION,3,ER_BALANCED,44,104729,4,9,454
FROZEN_ENCODER_LINEAR_HEAD_ADAPTATION,3,ER_BALANCED,44,104729,5,11,540
FROZEN_ENCODER_LINEAR_HEAD_ADAPTATION,3,ER_BALANCED,44,104729,6,10,472
FROZEN_ENCODER_LINEAR_HEAD_ADAPTATION,3,ER_BALANCED,44,130363,0,14,675
FROZEN_ENCODER_LINEAR_HEAD_ADAPTATION,3,ER_BALANCED,44,130363,1,9,483
FROZEN_ENCODER_LINEAR_HEAD_ADAPTATION,3,ER_BALANCED,44,130363,2,9,450
FROZEN_ENCODER_LINEAR_HEAD_ADAPTATION,3,ER_BALANCED,44,130363,3,10,474
FROZEN_ENCODER_LINEAR_HEAD_ADAPTATION,3,ER_BALANCED,44,130363,4,6,312
FROZEN_ENCODER_LINEAR_HEAD_ADAPTATION,3,ER_BALANCED,44,130363,5,8,400
FROZEN_ENCODER_LINEAR_HEAD_ADAPTATION,3,ER_BALANCED,44,130363,6,7,356
FROZEN_ENCODER_LINEAR_HEAD_ADAPTATION,3,ER_BALANCED,44,155921,0,17,842
FROZEN_ENCODER_LINEAR_HEAD_ADAPTATION,3,ER_BALANCED,44,155921,1,10,517
FROZEN_ENCODER_LINEAR_HEAD_ADAPTATION,3,ER_BALANCED,44,155921,2,9,443
FROZEN_ENCODER_LINEAR_HEAD_ADAPTATION,3,ER_BALANCED,44,155921,3,6,302
FROZEN_ENCODER_LINEAR_HEAD_ADAPTATION,3,ER_BALANCED,44,155921,4,5,263
FROZEN_ENCODER_LINEAR_HEAD_ADAPTATION,3,ER_BALANCED,44,155921,5,4,224
FROZEN_ENCODER_LINEAR_HEAD_ADAPTATION,3,ER_BALANCED,44,155921,6,12,559
FROZEN_ENCODER_LINEAR_HEAD_ADAPTATION,3,ER_BALANCED,44,181081,0,11,573
FROZEN_ENCODER_LINEAR_HEAD_ADAPTATION,3,ER_BALANCED,44,181081,1,13,667
FROZEN_ENCODER_LINEAR_HEAD_ADAPTATION,3,ER_BALANCED,44,181081,2,8,400
FROZEN_ENCODER_LINEAR_HEAD_ADAPTATION,3,ER_BALANCED,44,181081,3,5,248
FROZEN_ENCODER_LINEAR_HEAD_ADAPTATION,3,ER_BALANCED,44,181081,4,7,342
FROZEN_ENCODER_LINEAR_HEAD_ADAPTATION,3,ER_BALANCED,44,181081,5,8,379
FROZEN_ENCODER_LINEAR_HEAD_ADAPTATION,3,ER_BALANCED,44,181081,6,11,541
FROZEN_ENCODER_LINEAR_HEAD_ADAPTATION,3,ER_BALANCED,44,205439,0,9,454
FROZEN_ENCODER_LINEAR_HEAD_ADAPTATION,3,ER_BALANCED,44,205439,1,9,454
FROZEN_ENCODER_LINEAR_HEAD_ADAPTATION,3,ER_BALANCED,44,205439,2,5,264
FROZEN_ENCODER_LINEAR_HEAD_ADAPTATION,3,ER_BALANCED,44,205439,3,9,438
FROZEN_ENCODER_LINEAR_HEAD_ADAPTATION,3,ER_BALANCED,44,205439,4,7,354
FROZEN_ENCODER_LINEAR_HEAD_ADAPTATION,3,ER_BALANCED,44,205439,5,15,743
FROZEN_ENCODER_LINEAR_HEAD_ADAPTATION,3,ER_BALANCED,44,205439,6,9,443
FROZEN_ENCODER_LINEAR_HEAD_ADAPTATION,3,ER_BALANCED,45,104729,0,11,549
FROZEN_ENCODER_LINEAR_HEAD_ADAPTATION,3,ER_BALANCED,45,104729,1,9,461
FROZEN_ENCODER_LINEAR_HEAD_ADAPTATION,3,ER_BALANCED,45,104729,2,14,700
FROZEN_ENCODER_LINEAR_HEAD_ADAPTATION,3,ER_BALANCED,45,104729,3,3,154
FROZEN_ENCODER_LINEAR_HEAD_ADAPTATION,3,ER_BALANCED,45,104729,4,6,266
FROZEN_ENCODER_LINEAR_HEAD_ADAPTATION,3,ER_BALANCED,45,104729,5,9,495
FROZEN_ENCODER_LINEAR_HEAD_ADAPTATION,3,ER_BALANCED,45,104729,6,11,525
FROZEN_ENCODER_LINEAR_HEAD_ADAPTATION,3,ER_BALANCED,45,130363,0,13,638
FROZEN_ENCODER_LINEAR_HEAD_ADAPTATION,3,ER_BALANCED,45,130363,1,9,468
FROZEN_ENCODER_LINEAR_HEAD_ADAPTATION,3,ER_BALANCED,45,130363,2,13,631
FROZEN_ENCODER_LINEAR_HEAD_ADAPTATION,3,ER_BALANCED,45,130363,3,6,306
FROZEN_ENCODER_LINEAR_HEAD_ADAPTATION,3,ER_BALANCED,45,130363,4,3,152
FROZEN_ENCODER_LINEAR_HEAD_ADAPTATION,3,ER_BALANCED,45,130363,5,9,460
FROZEN_ENCODER_LINEAR_HEAD_ADAPTATION,3,ER_BALANCED,45,130363,6,10,495
FROZEN_ENCODER_LINEAR_HEAD_ADAPTATION,3,ER_BALANCED,45,155921,0,18,891
FROZEN_ENCODER_LINEAR_HEAD_ADAPTATION,3,ER_BALANCED,45,155921,1,7,374
FROZEN_ENCODER_LINEAR_HEAD_ADAPTATION,3,ER_BALANCED,45,155921,2,9,438
FROZEN_ENCODER_LINEAR_HEAD_ADAPTATION,3,ER_BALANCED,45,155921,3,7,356
FROZEN_ENCODER_LINEAR_HEAD_ADAPTATION,3,ER_BALANCED,45,155921,4,3,147
FROZEN_ENCODER_LINEAR_HEAD_ADAPTATION,3,ER_BALANCED,45,155921,5,7,360
FROZEN_ENCODER_LINEAR_HEAD_ADAPTATION,3,ER_BALANCED,45,155921,6,12,584
FROZEN_ENCODER_LINEAR_HEAD_ADAPTATION,3,ER_BALANCED,45,181081,0,20,992
FROZEN_ENCODER_LINEAR_HEAD_ADAPTATION,3,ER_BALANCED,45,181081,1,9,472
FROZEN_ENCODER_LINEAR_HEAD_ADAPTATION,3,ER_BALANCED,45,181081,2,11,540
FROZEN_ENCODER_LINEAR_HEAD_ADAPTATION,3,ER_BALANCED,45,181081,3,4,207
FROZEN_ENCODER_LINEAR_HEAD_ADAPTATION,3,ER_BALANCED,45,181081,4,3,147
FROZEN_ENCODER_LINEAR_HEAD_ADAPTATION,3,ER_BALANCED,45,181081,5,7,355
FROZEN_ENCODER_LINEAR_HEAD_ADAPTATION,3,ER_BALANCED,45,181081,6,9,437
FROZEN_ENCODER_LINEAR_HEAD_ADAPTATION,3,ER_BALANCED,45,205439,0,11,562
FROZEN_ENCODER_LINEAR_HEAD_ADAPTATION,3,ER_BALANCED,45,205439,1,11,559
FROZEN_ENCODER_LINEAR_HEAD_ADAPTATION,3,ER_BALANCED,45,205439,2,11,520
FROZEN_ENCODER_LINEAR_HEAD_ADAPTATION,3,ER_BALANCED,45,205439,3,6,292
FROZEN_ENCODER_LINEAR_HEAD_ADAPTATION,3,ER_BALANCED,45,205439,4,2,97
FROZEN_ENCODER_LINEAR_HEAD_ADAPTATION,3,ER_BALANCED,45,205439,5,12,648
FROZEN_ENCODER_LINEAR_HEAD_ADAPTATION,3,ER_BALANCED,45,205439,6,10,472
FROZEN_ENCODER_LINEAR_HEAD_ADAPTATION,3,ER_BALANCED,46,104729,0,14,668
FROZEN_ENCODER_LINEAR_HEAD_ADAPTATION,3,ER_BALANCED,46,104729,1,8,405
FROZEN_ENCODER_LINEAR_HEAD_ADAPTATION,3,ER_BALANCED,46,104729,2,10,504
FROZEN_ENCODER_LINEAR_HEAD_ADAPTATION,3,ER_BALANCED,46,104729,3,9,453
FROZEN_ENCODER_LINEAR_HEAD_ADAPTATION,3,ER_BALANCED,46,104729,4,5,256
FROZEN_ENCODER_LINEAR_HEAD_ADAPTATION,3,ER_BALANCED,46,104729,5,9,459
FROZEN_ENCODER_LINEAR_HEAD_ADAPTATION,3,ER_BALANCED,46,104729,6,8,405
FROZEN_ENCODER_LINEAR_HEAD_ADAPTATION,3,ER_BALANCED,46,130363,0,13,629
FROZEN_ENCODER_LINEAR_HEAD_ADAPTATION,3,ER_BALANCED,46,130363,1,4,204
FROZEN_ENCODER_LINEAR_HEAD_ADAPTATION,3,ER_BALANCED,46,130363,2,12,597
FROZEN_ENCODER_LINEAR_HEAD_ADAPTATION,3,ER_BALANCED,46,130363,3,9,433
FROZEN_ENCODER_LINEAR_HEAD_ADAPTATION,3,ER_BALANCED,46,130363,4,4,225
FROZEN_ENCODER_LINEAR_HEAD_ADAPTATION,3,ER_BALANCED,46,130363,5,12,604
FROZEN_ENCODER_LINEAR_HEAD_ADAPTATION,3,ER_BALANCED,46,130363,6,9,458
FROZEN_ENCODER_LINEAR_HEAD_ADAPTATION,3,ER_BALANCED,46,155921,0,13,597
FROZEN_ENCODER_LINEAR_HEAD_ADAPTATION,3,ER_BALANCED,46,155921,1,3,154
FROZEN_ENCODER_LINEAR_HEAD_ADAPTATION,3,ER_BALANCED,46,155921,2,13,671
FROZEN_ENCODER_LINEAR_HEAD_ADAPTATION,3,ER_BALANCED,46,155921,3,8,414
FROZEN_ENCODER_LINEAR_HEAD_ADAPTATION,3,ER_BALANCED,46,155921,4,4,218
FROZEN_ENCODER_LINEAR_HEAD_ADAPTATION,3,ER_BALANCED,46,155921,5,12,626
FROZEN_ENCODER_LINEAR_HEAD_ADAPTATION,3,ER_BALANCED,46,155921,6,10,470
FROZEN_ENCODER_LINEAR_HEAD_ADAPTATION,3,ER_BALANCED,46,181081,0,12,598
FROZEN_ENCODER_LINEAR_HEAD_ADAPTATION,3,ER_BALANCED,46,181081,1,6,293
FROZEN_ENCODER_LINEAR_HEAD_ADAPTATION,3,ER_BALANCED,46,181081,2,11,579
FROZEN_ENCODER_LINEAR_HEAD_ADAPTATION,3,ER_BALANCED,46,181081,3,8,397
FROZEN_ENCODER_LINEAR_HEAD_ADAPTATION,3,ER_BALANCED,46,181081,4,3,144
FROZEN_ENCODER_LINEAR_HEAD_ADAPTATION,3,ER_BALANCED,46,181081,5,11,593
FROZEN_ENCODER_LINEAR_HEAD_ADAPTATION,3,ER_BALANCED,46,181081,6,12,546
FROZEN_ENCODER_LINEAR_HEAD_ADAPTATION,3,ER_BALANCED,46,205439,0,12,549
FROZEN_ENCODER_LINEAR_HEAD_ADAPTATION,3,ER_BALANCED,46,205439,1,4,244
FROZEN_ENCODER_LINEAR_HEAD_ADAPTATION,3,ER_BALANCED,46,205439,2,11,562
FROZEN_ENCODER_LINEAR_HEAD_ADAPTATION,3,ER_BALANCED,46,205439,3,10,499
FROZEN_ENCODER_LINEAR_HEAD_ADAPTATION,3,ER_BALANCED,46,205439,4,5,259
FROZEN_ENCODER_LINEAR_HEAD_ADAPTATION,3,ER_BALANCED,46,205439,5,12,613
FROZEN_ENCODER_LINEAR_HEAD_ADAPTATION,3,ER_BALANCED,46,205439,6,9,424
FROZEN_ENCODER_LINEAR_HEAD_ADAPTATION,3,JOINT_FACTOR_COVERAGE,42,104729,0,13,635
FROZEN_ENCODER_LINEAR_HEAD_ADAPTATION,3,JOINT_FACTOR_COVERAGE,42,104729,1,6,335
FROZEN_ENCODER_LINEAR_HEAD_ADAPTATION,3,JOINT_FACTOR_COVERAGE,42,104729,2,8,417
FROZEN_ENCODER_LINEAR_HEAD_ADAPTATION,3,JOINT_FACTOR_COVERAGE,42,104729,3,11,549
FROZEN_ENCODER_LINEAR_HEAD_ADAPTATION,3,JOINT_FACTOR_COVERAGE,42,104729,4,3,160
FROZEN_ENCODER_LINEAR_HEAD_ADAPTATION,3,JOINT_FACTOR_COVERAGE,42,104729,5,12,591
FROZEN_ENCODER_LINEAR_HEAD_ADAPTATION,3,JOINT_FACTOR_COVERAGE,42,104729,6,10,463
FROZEN_ENCODER_LINEAR_HEAD_ADAPTATION,3,JOINT_FACTOR_COVERAGE,42,130363,0,10,485
FROZEN_ENCODER_LINEAR_HEAD_ADAPTATION,3,JOINT_FACTOR_COVERAGE,42,130363,1,9,466
FROZEN_ENCODER_LINEAR_HEAD_ADAPTATION,3,JOINT_FACTOR_COVERAGE,42,130363,2,9,449
FROZEN_ENCODER_LINEAR_HEAD_ADAPTATION,3,JOINT_FACTOR_COVERAGE,42,130363,3,9,481
FROZEN_ENCODER_LINEAR_HEAD_ADAPTATION,3,JOINT_FACTOR_COVERAGE,42,130363,4,6,286
FROZEN_ENCODER_LINEAR_HEAD_ADAPTATION,3,JOINT_FACTOR_COVERAGE,42,130363,5,9,448
FROZEN_ENCODER_LINEAR_HEAD_ADAPTATION,3,JOINT_FACTOR_COVERAGE,42,130363,6,11,535
FROZEN_ENCODER_LINEAR_HEAD_ADAPTATION,3,JOINT_FACTOR_COVERAGE,42,155921,0,10,462
FROZEN_ENCODER_LINEAR_HEAD_ADAPTATION,3,JOINT_FACTOR_COVERAGE,42,155921,1,9,498
FROZEN_ENCODER_LINEAR_HEAD_ADAPTATION,3,JOINT_FACTOR_COVERAGE,42,155921,2,11,524
FROZEN_ENCODER_LINEAR_HEAD_ADAPTATION,3,JOINT_FACTOR_COVERAGE,42,155921,3,9,477
FROZEN_ENCODER_LINEAR_HEAD_ADAPTATION,3,JOINT_FACTOR_COVERAGE,42,155921,4,6,303
FROZEN_ENCODER_LINEAR_HEAD_ADAPTATION,3,JOINT_FACTOR_COVERAGE,42,155921,5,10,499
FROZEN_ENCODER_LINEAR_HEAD_ADAPTATION,3,JOINT_FACTOR_COVERAGE,42,155921,6,8,387
FROZEN_ENCODER_LINEAR_HEAD_ADAPTATION,3,JOINT_FACTOR_COVERAGE,42,181081,0,11,510
FROZEN_ENCODER_LINEAR_HEAD_ADAPTATION,3,JOINT_FACTOR_COVERAGE,42,181081,1,9,465
FROZEN_ENCODER_LINEAR_HEAD_ADAPTATION,3,JOINT_FACTOR_COVERAGE,42,181081,2,6,301
FROZEN_ENCODER_LINEAR_HEAD_ADAPTATION,3,JOINT_FACTOR_COVERAGE,42,181081,3,9,481
FROZEN_ENCODER_LINEAR_HEAD_ADAPTATION,3,JOINT_FACTOR_COVERAGE,42,181081,4,5,261
FROZEN_ENCODER_LINEAR_HEAD_ADAPTATION,3,JOINT_FACTOR_COVERAGE,42,181081,5,10,498
FROZEN_ENCODER_LINEAR_HEAD_ADAPTATION,3,JOINT_FACTOR_COVERAGE,42,181081,6,13,634
FROZEN_ENCODER_LINEAR_HEAD_ADAPTATION,3,JOINT_FACTOR_COVERAGE,42,205439,0,14,677
FROZEN_ENCODER_LINEAR_HEAD_ADAPTATION,3,JOINT_FACTOR_COVERAGE,42,205439,1,7,382
FROZEN_ENCODER_LINEAR_HEAD_ADAPTATION,3,JOINT_FACTOR_COVERAGE,42,205439,2,8,402
FROZEN_ENCODER_LINEAR_HEAD_ADAPTATION,3,JOINT_FACTOR_COVERAGE,42,205439,3,11,552
FROZEN_ENCODER_LINEAR_HEAD_ADAPTATION,3,JOINT_FACTOR_COVERAGE,42,205439,4,2,120
FROZEN_ENCODER_LINEAR_HEAD_ADAPTATION,3,JOINT_FACTOR_COVERAGE,42,205439,5,12,605
FROZEN_ENCODER_LINEAR_HEAD_ADAPTATION,3,JOINT_FACTOR_COVERAGE,42,205439,6,9,412
FROZEN_ENCODER_LINEAR_HEAD_ADAPTATION,3,JOINT_FACTOR_COVERAGE,43,104729,0,9,456
FROZEN_ENCODER_LINEAR_HEAD_ADAPTATION,3,JOINT_FACTOR_COVERAGE,43,104729,1,9,477
FROZEN_ENCODER_LINEAR_HEAD_ADAPTATION,3,JOINT_FACTOR_COVERAGE,43,104729,2,10,514
FROZEN_ENCODER_LINEAR_HEAD_ADAPTATION,3,JOINT_FACTOR_COVERAGE,43,104729,3,11,528
FROZEN_ENCODER_LINEAR_HEAD_ADAPTATION,3,JOINT_FACTOR_COVERAGE,43,104729,4,4,212
FROZEN_ENCODER_LINEAR_HEAD_ADAPTATION,3,JOINT_FACTOR_COVERAGE,43,104729,5,8,397
FROZEN_ENCODER_LINEAR_HEAD_ADAPTATION,3,JOINT_FACTOR_COVERAGE,43,104729,6,12,566
FROZEN_ENCODER_LINEAR_HEAD_ADAPTATION,3,JOINT_FACTOR_COVERAGE,43,130363,0,12,577
FROZEN_ENCODER_LINEAR_HEAD_ADAPTATION,3,JOINT_FACTOR_COVERAGE,43,130363,1,6,337
FROZEN_ENCODER_LINEAR_HEAD_ADAPTATION,3,JOINT_FACTOR_COVERAGE,43,130363,2,11,553
FROZEN_ENCODER_LINEAR_HEAD_ADAPTATION,3,JOINT_FACTOR_COVERAGE,43,130363,3,9,454
FROZEN_ENCODER_LINEAR_HEAD_ADAPTATION,3,JOINT_FACTOR_COVERAGE,43,130363,4,4,208
FROZEN_ENCODER_LINEAR_HEAD_ADAPTATION,3,JOINT_FACTOR_COVERAGE,43,130363,5,9,443
FROZEN_ENCODER_LINEAR_HEAD_ADAPTATION,3,JOINT_FACTOR_COVERAGE,43,130363,6,12,578
FROZEN_ENCODER_LINEAR_HEAD_ADAPTATION,3,JOINT_FACTOR_COVERAGE,43,155921,0,14,645
FROZEN_ENCODER_LINEAR_HEAD_ADAPTATION,3,JOINT_FACTOR_COVERAGE,43,155921,1,8,440
FROZEN_ENCODER_LINEAR_HEAD_ADAPTATION,3,JOINT_FACTOR_COVERAGE,43,155921,2,14,731
FROZEN_ENCODER_LINEAR_HEAD_ADAPTATION,3,JOINT_FACTOR_COVERAGE,43,155921,3,8,404
FROZEN_ENCODER_LINEAR_HEAD_ADAPTATION,3,JOINT_FACTOR_COVERAGE,43,155921,4,6,302
FROZEN_ENCODER_LINEAR_HEAD_ADAPTATION,3,JOINT_FACTOR_COVERAGE,43,155921,5,6,295
FROZEN_ENCODER_LINEAR_HEAD_ADAPTATION,3,JOINT_FACTOR_COVERAGE,43,155921,6,7,333
FROZEN_ENCODER_LINEAR_HEAD_ADAPTATION,3,JOINT_FACTOR_COVERAGE,43,181081,0,13,618
FROZEN_ENCODER_LINEAR_HEAD_ADAPTATION,3,JOINT_FACTOR_COVERAGE,43,181081,1,8,432
FROZEN_ENCODER_LINEAR_HEAD_ADAPTATION,3,JOINT_FACTOR_COVERAGE,43,181081,2,10,504
FROZEN_ENCODER_LINEAR_HEAD_ADAPTATION,3,JOINT_FACTOR_COVERAGE,43,181081,3,8,425
FROZEN_ENCODER_LINEAR_HEAD_ADAPTATION,3,JOINT_FACTOR_COVERAGE,43,181081,4,5,243
FROZEN_ENCODER_LINEAR_HEAD_ADAPTATION,3,JOINT_FACTOR_COVERAGE,43,181081,5,8,400
FROZEN_ENCODER_LINEAR_HEAD_ADAPTATION,3,JOINT_FACTOR_COVERAGE,43,181081,6,11,528
FROZEN_ENCODER_LINEAR_HEAD_ADAPTATION,3,JOINT_FACTOR_COVERAGE,43,205439,0,12,585
FROZEN_ENCODER_LINEAR_HEAD_ADAPTATION,3,JOINT_FACTOR_COVERAGE,43,205439,1,9,478
FROZEN_ENCODER_LINEAR_HEAD_ADAPTATION,3,JOINT_FACTOR_COVERAGE,43,205439,2,10,513
FROZEN_ENCODER_LINEAR_HEAD_ADAPTATION,3,JOINT_FACTOR_COVERAGE,43,205439,3,10,499
FROZEN_ENCODER_LINEAR_HEAD_ADAPTATION,3,JOINT_FACTOR_COVERAGE,43,205439,4,4,212
FROZEN_ENCODER_LINEAR_HEAD_ADAPTATION,3,JOINT_FACTOR_COVERAGE,43,205439,5,8,396
FROZEN_ENCODER_LINEAR_HEAD_ADAPTATION,3,JOINT_FACTOR_COVERAGE,43,205439,6,10,467
FROZEN_ENCODER_LINEAR_HEAD_ADAPTATION,3,JOINT_FACTOR_COVERAGE,44,104729,0,10,498
FROZEN_ENCODER_LINEAR_HEAD_ADAPTATION,3,JOINT_FACTOR_COVERAGE,44,104729,1,10,513
FROZEN_ENCODER_LINEAR_HEAD_ADAPTATION,3,JOINT_FACTOR_COVERAGE,44,104729,2,6,308
FROZEN_ENCODER_LINEAR_HEAD_ADAPTATION,3,JOINT_FACTOR_COVERAGE,44,104729,3,11,520
FROZEN_ENCODER_LINEAR_HEAD_ADAPTATION,3,JOINT_FACTOR_COVERAGE,44,104729,4,6,320
FROZEN_ENCODER_LINEAR_HEAD_ADAPTATION,3,JOINT_FACTOR_COVERAGE,44,104729,5,8,413
FROZEN_ENCODER_LINEAR_HEAD_ADAPTATION,3,JOINT_FACTOR_COVERAGE,44,104729,6,12,578
FROZEN_ENCODER_LINEAR_HEAD_ADAPTATION,3,JOINT_FACTOR_COVERAGE,44,130363,0,10,503
FROZEN_ENCODER_LINEAR_HEAD_ADAPTATION,3,JOINT_FACTOR_COVERAGE,44,130363,1,8,417
FROZEN_ENCODER_LINEAR_HEAD_ADAPTATION,3,JOINT_FACTOR_COVERAGE,44,130363,2,8,405
FROZEN_ENCODER_LINEAR_HEAD_ADAPTATION,3,JOINT_FACTOR_COVERAGE,44,130363,3,11,541
FROZEN_ENCODER_LINEAR_HEAD_ADAPTATION,3,JOINT_FACTOR_COVERAGE,44,130363,4,8,386
FROZEN_ENCODER_LINEAR_HEAD_ADAPTATION,3,JOINT_FACTOR_COVERAGE,44,130363,5,8,392
FROZEN_ENCODER_LINEAR_HEAD_ADAPTATION,3,JOINT_FACTOR_COVERAGE,44,130363,6,10,506
FROZEN_ENCODER_LINEAR_HEAD_ADAPTATION,3,JOINT_FACTOR_COVERAGE,44,155921,0,12,608
FROZEN_ENCODER_LINEAR_HEAD_ADAPTATION,3,JOINT_FACTOR_COVERAGE,44,155921,1,11,550
FROZEN_ENCODER_LINEAR_HEAD_ADAPTATION,3,JOINT_FACTOR_COVERAGE,44,155921,2,6,318
FROZEN_ENCODER_LINEAR_HEAD_ADAPTATION,3,JOINT_FACTOR_COVERAGE,44,155921,3,9,445
FROZEN_ENCODER_LINEAR_HEAD_ADAPTATION,3,JOINT_FACTOR_COVERAGE,44,155921,4,7,340
FROZEN_ENCODER_LINEAR_HEAD_ADAPTATION,3,JOINT_FACTOR_COVERAGE,44,155921,5,10,486
FROZEN_ENCODER_LINEAR_HEAD_ADAPTATION,3,JOINT_FACTOR_COVERAGE,44,155921,6,8,403
FROZEN_ENCODER_LINEAR_HEAD_ADAPTATION,3,JOINT_FACTOR_COVERAGE,44,181081,0,10,500
FROZEN_ENCODER_LINEAR_HEAD_ADAPTATION,3,JOINT_FACTOR_COVERAGE,44,181081,1,10,497
FROZEN_ENCODER_LINEAR_HEAD_ADAPTATION,3,JOINT_FACTOR_COVERAGE,44,181081,2,6,314
FROZEN_ENCODER_LINEAR_HEAD_ADAPTATION,3,JOINT_FACTOR_COVERAGE,44,181081,3,11,541
FROZEN_ENCODER_LINEAR_HEAD_ADAPTATION,3,JOINT_FACTOR_COVERAGE,44,181081,4,7,348
FROZEN_ENCODER_LINEAR_HEAD_ADAPTATION,3,JOINT_FACTOR_COVERAGE,44,181081,5,8,392
FROZEN_ENCODER_LINEAR_HEAD_ADAPTATION,3,JOINT_FACTOR_COVERAGE,44,181081,6,11,558
FROZEN_ENCODER_LINEAR_HEAD_ADAPTATION,3,JOINT_FACTOR_COVERAGE,44,205439,0,9,457
FROZEN_ENCODER_LINEAR_HEAD_ADAPTATION,3,JOINT_FACTOR_COVERAGE,44,205439,1,10,524
FROZEN_ENCODER_LINEAR_HEAD_ADAPTATION,3,JOINT_FACTOR_COVERAGE,44,205439,2,7,341
FROZEN_ENCODER_LINEAR_HEAD_ADAPTATION,3,JOINT_FACTOR_COVERAGE,44,205439,3,11,522
FROZEN_ENCODER_LINEAR_HEAD_ADAPTATION,3,JOINT_FACTOR_COVERAGE,44,205439,4,7,358
FROZEN_ENCODER_LINEAR_HEAD_ADAPTATION,3,JOINT_FACTOR_COVERAGE,44,205439,5,8,416
FROZEN_ENCODER_LINEAR_HEAD_ADAPTATION,3,JOINT_FACTOR_COVERAGE,44,205439,6,11,532
FROZEN_ENCODER_LINEAR_HEAD_ADAPTATION,3,JOINT_FACTOR_COVERAGE,45,104729,0,12,616
FROZEN_ENCODER_LINEAR_HEAD_ADAPTATION,3,JOINT_FACTOR_COVERAGE,45,104729,1,10,502
FROZEN_ENCODER_LINEAR_HEAD_ADAPTATION,3,JOINT_FACTOR_COVERAGE,45,104729,2,12,581
FROZEN_ENCODER_LINEAR_HEAD_ADAPTATION,3,JOINT_FACTOR_COVERAGE,45,104729,3,8,418
FROZEN_ENCODER_LINEAR_HEAD_ADAPTATION,3,JOINT_FACTOR_COVERAGE,45,104729,4,3,148
FROZEN_ENCODER_LINEAR_HEAD_ADAPTATION,3,JOINT_FACTOR_COVERAGE,45,104729,5,6,344
FROZEN_ENCODER_LINEAR_HEAD_ADAPTATION,3,JOINT_FACTOR_COVERAGE,45,104729,6,12,541
FROZEN_ENCODER_LINEAR_HEAD_ADAPTATION,3,JOINT_FACTOR_COVERAGE,45,130363,0,9,429
FROZEN_ENCODER_LINEAR_HEAD_ADAPTATION,3,JOINT_FACTOR_COVERAGE,45,130363,1,8,420
FROZEN_ENCODER_LINEAR_HEAD_ADAPTATION,3,JOINT_FACTOR_COVERAGE,45,130363,2,8,414
FROZEN_ENCODER_LINEAR_HEAD_ADAPTATION,3,JOINT_FACTOR_COVERAGE,45,130363,3,13,644
FROZEN_ENCODER_LINEAR_HEAD_ADAPTATION,3,JOINT_FACTOR_COVERAGE,45,130363,4,6,311
FROZEN_ENCODER_LINEAR_HEAD_ADAPTATION,3,JOINT_FACTOR_COVERAGE,45,130363,5,7,373
FROZEN_ENCODER_LINEAR_HEAD_ADAPTATION,3,JOINT_FACTOR_COVERAGE,45,130363,6,12,559
FROZEN_ENCODER_LINEAR_HEAD_ADAPTATION,3,JOINT_FACTOR_COVERAGE,45,155921,0,6,288
FROZEN_ENCODER_LINEAR_HEAD_ADAPTATION,3,JOINT_FACTOR_COVERAGE,45,155921,1,11,563
FROZEN_ENCODER_LINEAR_HEAD_ADAPTATION,3,JOINT_FACTOR_COVERAGE,45,155921,2,11,534
FROZEN_ENCODER_LINEAR_HEAD_ADAPTATION,3,JOINT_FACTOR_COVERAGE,45,155921,3,12,593
FROZEN_ENCODER_LINEAR_HEAD_ADAPTATION,3,JOINT_FACTOR_COVERAGE,45,155921,4,5,248
FROZEN_ENCODER_LINEAR_HEAD_ADAPTATION,3,JOINT_FACTOR_COVERAGE,45,155921,5,9,483
FROZEN_ENCODER_LINEAR_HEAD_ADAPTATION,3,JOINT_FACTOR_COVERAGE,45,155921,6,9,441
FROZEN_ENCODER_LINEAR_HEAD_ADAPTATION,3,JOINT_FACTOR_COVERAGE,45,181081,0,11,526
FROZEN_ENCODER_LINEAR_HEAD_ADAPTATION,3,JOINT_FACTOR_COVERAGE,45,181081,1,8,418
FROZEN_ENCODER_LINEAR_HEAD_ADAPTATION,3,JOINT_FACTOR_COVERAGE,45,181081,2,9,462
FROZEN_ENCODER_LINEAR_HEAD_ADAPTATION,3,JOINT_FACTOR_COVERAGE,45,181081,3,13,636
FROZEN_ENCODER_LINEAR_HEAD_ADAPTATION,3,JOINT_FACTOR_COVERAGE,45,181081,4,3,165
FROZEN_ENCODER_LINEAR_HEAD_ADAPTATION,3,JOINT_FACTOR_COVERAGE,45,181081,5,7,366
FROZEN_ENCODER_LINEAR_HEAD_ADAPTATION,3,JOINT_FACTOR_COVERAGE,45,181081,6,12,577
FROZEN_ENCODER_LINEAR_HEAD_ADAPTATION,3,JOINT_FACTOR_COVERAGE,45,205439,0,12,612
FROZEN_ENCODER_LINEAR_HEAD_ADAPTATION,3,JOINT_FACTOR_COVERAGE,45,205439,1,10,509
FROZEN_ENCODER_LINEAR_HEAD_ADAPTATION,3,JOINT_FACTOR_COVERAGE,45,205439,2,13,621
FROZEN_ENCODER_LINEAR_HEAD_ADAPTATION,3,JOINT_FACTOR_COVERAGE,45,205439,3,9,439
FROZEN_ENCODER_LINEAR_HEAD_ADAPTATION,3,JOINT_FACTOR_COVERAGE,45,205439,4,3,148
FROZEN_ENCODER_LINEAR_HEAD_ADAPTATION,3,JOINT_FACTOR_COVERAGE,45,205439,5,7,388
FROZEN_ENCODER_LINEAR_HEAD_ADAPTATION,3,JOINT_FACTOR_COVERAGE,45,205439,6,9,433
FROZEN_ENCODER_LINEAR_HEAD_ADAPTATION,3,JOINT_FACTOR_COVERAGE,46,104729,0,16,767
FROZEN_ENCODER_LINEAR_HEAD_ADAPTATION,3,JOINT_FACTOR_COVERAGE,46,104729,1,6,317
FROZEN_ENCODER_LINEAR_HEAD_ADAPTATION,3,JOINT_FACTOR_COVERAGE,46,104729,2,11,568
FROZEN_ENCODER_LINEAR_HEAD_ADAPTATION,3,JOINT_FACTOR_COVERAGE,46,104729,3,7,350
FROZEN_ENCODER_LINEAR_HEAD_ADAPTATION,3,JOINT_FACTOR_COVERAGE,46,104729,4,3,153
FROZEN_ENCODER_LINEAR_HEAD_ADAPTATION,3,JOINT_FACTOR_COVERAGE,46,104729,5,10,503
FROZEN_ENCODER_LINEAR_HEAD_ADAPTATION,3,JOINT_FACTOR_COVERAGE,46,104729,6,10,492
FROZEN_ENCODER_LINEAR_HEAD_ADAPTATION,3,JOINT_FACTOR_COVERAGE,46,130363,0,9,443
FROZEN_ENCODER_LINEAR_HEAD_ADAPTATION,3,JOINT_FACTOR_COVERAGE,46,130363,1,2,109
FROZEN_ENCODER_LINEAR_HEAD_ADAPTATION,3,JOINT_FACTOR_COVERAGE,46,130363,2,12,608
FROZEN_ENCODER_LINEAR_HEAD_ADAPTATION,3,JOINT_FACTOR_COVERAGE,46,130363,3,14,697
FROZEN_ENCODER_LINEAR_HEAD_ADAPTATION,3,JOINT_FACTOR_COVERAGE,46,130363,4,6,286
FROZEN_ENCODER_LINEAR_HEAD_ADAPTATION,3,JOINT_FACTOR_COVERAGE,46,130363,5,11,589
FROZEN_ENCODER_LINEAR_HEAD_ADAPTATION,3,JOINT_FACTOR_COVERAGE,46,130363,6,9,418
FROZEN_ENCODER_LINEAR_HEAD_ADAPTATION,3,JOINT_FACTOR_COVERAGE,46,155921,0,11,507
FROZEN_ENCODER_LINEAR_HEAD_ADAPTATION,3,JOINT_FACTOR_COVERAGE,46,155921,1,2,128
FROZEN_ENCODER_LINEAR_HEAD_ADAPTATION,3,JOINT_FACTOR_COVERAGE,46,155921,2,12,610
FROZEN_ENCODER_LINEAR_HEAD_ADAPTATION,3,JOINT_FACTOR_COVERAGE,46,155921,3,13,647
FROZEN_ENCODER_LINEAR_HEAD_ADAPTATION,3,JOINT_FACTOR_COVERAGE,46,155921,4,7,343
FROZEN_ENCODER_LINEAR_HEAD_ADAPTATION,3,JOINT_FACTOR_COVERAGE,46,155921,5,12,622
FROZEN_ENCODER_LINEAR_HEAD_ADAPTATION,3,JOINT_FACTOR_COVERAGE,46,155921,6,6,293
FROZEN_ENCODER_LINEAR_HEAD_ADAPTATION,3,JOINT_FACTOR_COVERAGE,46,181081,0,9,449
FROZEN_ENCODER_LINEAR_HEAD_ADAPTATION,3,JOINT_FACTOR_COVERAGE,46,181081,1,2,109
FROZEN_ENCODER_LINEAR_HEAD_ADAPTATION,3,JOINT_FACTOR_COVERAGE,46,181081,2,9,460
FROZEN_ENCODER_LINEAR_HEAD_ADAPTATION,3,JOINT_FACTOR_COVERAGE,46,181081,3,15,745
FROZEN_ENCODER_LINEAR_HEAD_ADAPTATION,3,JOINT_FACTOR_COVERAGE,46,181081,4,5,239
FROZEN_ENCODER_LINEAR_HEAD_ADAPTATION,3,JOINT_FACTOR_COVERAGE,46,181081,5,12,625
FROZEN_ENCODER_LINEAR_HEAD_ADAPTATION,3,JOINT_FACTOR_COVERAGE,46,181081,6,11,523
FROZEN_ENCODER_LINEAR_HEAD_ADAPTATION,3,JOINT_FACTOR_COVERAGE,46,205439,0,17,793
FROZEN_ENCODER_LINEAR_HEAD_ADAPTATION,3,JOINT_FACTOR_COVERAGE,46,205439,1,4,237
FROZEN_ENCODER_LINEAR_HEAD_ADAPTATION,3,JOINT_FACTOR_COVERAGE,46,205439,2,11,568
FROZEN_ENCODER_LINEAR_HEAD_ADAPTATION,3,JOINT_FACTOR_COVERAGE,46,205439,3,8,400
FROZEN_ENCODER_LINEAR_HEAD_ADAPTATION,3,JOINT_FACTOR_COVERAGE,46,205439,4,4,205
FROZEN_ENCODER_LINEAR_HEAD_ADAPTATION,3,JOINT_FACTOR_COVERAGE,46,205439,5,11,548
FROZEN_ENCODER_LINEAR_HEAD_ADAPTATION,3,JOINT_FACTOR_COVERAGE,46,205439,6,8,399
FROZEN_ENCODER_LINEAR_HEAD_ADAPTATION,3,RANDOM_BLOCK,42,104729,0,11,566
FROZEN_ENCODER_LINEAR_HEAD_ADAPTATION,3,RANDOM_BLOCK,42,104729,1,7,373
FROZEN_ENCODER_LINEAR_HEAD_ADAPTATION,3,RANDOM_BLOCK,42,104729,2,9,427
FROZEN_ENCODER_LINEAR_HEAD_ADAPTATION,3,RANDOM_BLOCK,42,104729,3,8,394
FROZEN_ENCODER_LINEAR_HEAD_ADAPTATION,3,RANDOM_BLOCK,42,104729,4,6,286
FROZEN_ENCODER_LINEAR_HEAD_ADAPTATION,3,RANDOM_BLOCK,42,104729,5,12,611
FROZEN_ENCODER_LINEAR_HEAD_ADAPTATION,3,RANDOM_BLOCK,42,104729,6,10,493
FROZEN_ENCODER_LINEAR_HEAD_ADAPTATION,3,RANDOM_BLOCK,42,130363,0,10,482
FROZEN_ENCODER_LINEAR_HEAD_ADAPTATION,3,RANDOM_BLOCK,42,130363,1,8,405
FROZEN_ENCODER_LINEAR_HEAD_ADAPTATION,3,RANDOM_BLOCK,42,130363,2,10,493
FROZEN_ENCODER_LINEAR_HEAD_ADAPTATION,3,RANDOM_BLOCK,42,130363,3,9,479
FROZEN_ENCODER_LINEAR_HEAD_ADAPTATION,3,RANDOM_BLOCK,42,130363,4,3,168
FROZEN_ENCODER_LINEAR_HEAD_ADAPTATION,3,RANDOM_BLOCK,42,130363,5,14,683
FROZEN_ENCODER_LINEAR_HEAD_ADAPTATION,3,RANDOM_BLOCK,42,130363,6,9,440
FROZEN_ENCODER_LINEAR_HEAD_ADAPTATION,3,RANDOM_BLOCK,42,155921,0,11,523
FROZEN_ENCODER_LINEAR_HEAD_ADAPTATION,3,RANDOM_BLOCK,42,155921,1,8,421
FROZEN_ENCODER_LINEAR_HEAD_ADAPTATION,3,RANDOM_BLOCK,42,155921,2,10,521
FROZEN_ENCODER_LINEAR_HEAD_ADAPTATION,3,RANDOM_BLOCK,42,155921,3,11,569
FROZEN_ENCODER_LINEAR_HEAD_ADAPTATION,3,RANDOM_BLOCK,42,155921,4,4,202
FROZEN_ENCODER_LINEAR_HEAD_ADAPTATION,3,RANDOM_BLOCK,42,155921,5,6,302
FROZEN_ENCODER_LINEAR_HEAD_ADAPTATION,3,RANDOM_BLOCK,42,155921,6,13,612
FROZEN_ENCODER_LINEAR_HEAD_ADAPTATION,3,RANDOM_BLOCK,42,181081,0,8,396
FROZEN_ENCODER_LINEAR_HEAD_ADAPTATION,3,RANDOM_BLOCK,42,181081,1,7,394
FROZEN_ENCODER_LINEAR_HEAD_ADAPTATION,3,RANDOM_BLOCK,42,181081,2,5,262
FROZEN_ENCODER_LINEAR_HEAD_ADAPTATION,3,RANDOM_BLOCK,42,181081,3,14,702
FROZEN_ENCODER_LINEAR_HEAD_ADAPTATION,3,RANDOM_BLOCK,42,181081,4,8,386
FROZEN_ENCODER_LINEAR_HEAD_ADAPTATION,3,RANDOM_BLOCK,42,181081,5,10,493
FROZEN_ENCODER_LINEAR_HEAD_ADAPTATION,3,RANDOM_BLOCK,42,181081,6,11,517
FROZEN_ENCODER_LINEAR_HEAD_ADAPTATION,3,RANDOM_BLOCK,42,205439,0,8,385
FROZEN_ENCODER_LINEAR_HEAD_ADAPTATION,3,RANDOM_BLOCK,42,205439,1,4,215
FROZEN_ENCODER_LINEAR_HEAD_ADAPTATION,3,RANDOM_BLOCK,42,205439,2,9,448
FROZEN_ENCODER_LINEAR_HEAD_ADAPTATION,3,RANDOM_BLOCK,42,205439,3,17,885
FROZEN_ENCODER_LINEAR_HEAD_ADAPTATION,3,RANDOM_BLOCK,42,205439,4,5,237
FROZEN_ENCODER_LINEAR_HEAD_ADAPTATION,3,RANDOM_BLOCK,42,205439,5,11,559
FROZEN_ENCODER_LINEAR_HEAD_ADAPTATION,3,RANDOM_BLOCK,42,205439,6,9,421
FROZEN_ENCODER_LINEAR_HEAD_ADAPTATION,3,RANDOM_BLOCK,43,104729,0,7,342
FROZEN_ENCODER_LINEAR_HEAD_ADAPTATION,3,RANDOM_BLOCK,43,104729,1,9,479
FROZEN_ENCODER_LINEAR_HEAD_ADAPTATION,3,RANDOM_BLOCK,43,104729,2,8,406
FROZEN_ENCODER_LINEAR_HEAD_ADAPTATION,3,RANDOM_BLOCK,43,104729,3,10,457
FROZEN_ENCODER_LINEAR_HEAD_ADAPTATION,3,RANDOM_BLOCK,43,104729,4,5,260
FROZEN_ENCODER_LINEAR_HEAD_ADAPTATION,3,RANDOM_BLOCK,43,104729,5,9,459
FROZEN_ENCODER_LINEAR_HEAD_ADAPTATION,3,RANDOM_BLOCK,43,104729,6,15,747
FROZEN_ENCODER_LINEAR_HEAD_ADAPTATION,3,RANDOM_BLOCK,43,130363,0,10,465
FROZEN_ENCODER_LINEAR_HEAD_ADAPTATION,3,RANDOM_BLOCK,43,130363,1,6,348
FROZEN_ENCODER_LINEAR_HEAD_ADAPTATION,3,RANDOM_BLOCK,43,130363,2,15,756
FROZEN_ENCODER_LINEAR_HEAD_ADAPTATION,3,RANDOM_BLOCK,43,130363,3,10,500
FROZEN_ENCODER_LINEAR_HEAD_ADAPTATION,3,RANDOM_BLOCK,43,130363,4,3,162
FROZEN_ENCODER_LINEAR_HEAD_ADAPTATION,3,RANDOM_BLOCK,43,130363,5,10,500
FROZEN_ENCODER_LINEAR_HEAD_ADAPTATION,3,RANDOM_BLOCK,43,130363,6,9,419
FROZEN_ENCODER_LINEAR_HEAD_ADAPTATION,3,RANDOM_BLOCK,43,155921,0,11,546
FROZEN_ENCODER_LINEAR_HEAD_ADAPTATION,3,RANDOM_BLOCK,43,155921,1,9,484
FROZEN_ENCODER_LINEAR_HEAD_ADAPTATION,3,RANDOM_BLOCK,43,155921,2,11,540
FROZEN_ENCODER_LINEAR_HEAD_ADAPTATION,3,RANDOM_BLOCK,43,155921,3,11,537
FROZEN_ENCODER_LINEAR_HEAD_ADAPTATION,3,RANDOM_BLOCK,43,155921,4,5,258
FROZEN_ENCODER_LINEAR_HEAD_ADAPTATION,3,RANDOM_BLOCK,43,155921,5,3,150
FROZEN_ENCODER_LINEAR_HEAD_ADAPTATION,3,RANDOM_BLOCK,43,155921,6,13,635
FROZEN_ENCODER_LINEAR_HEAD_ADAPTATION,3,RANDOM_BLOCK,43,181081,0,8,398
FROZEN_ENCODER_LINEAR_HEAD_ADAPTATION,3,RANDOM_BLOCK,43,181081,1,9,476
FROZEN_ENCODER_LINEAR_HEAD_ADAPTATION,3,RANDOM_BLOCK,43,181081,2,9,450
FROZEN_ENCODER_LINEAR_HEAD_ADAPTATION,3,RANDOM_BLOCK,43,181081,3,11,553
FROZEN_ENCODER_LINEAR_HEAD_ADAPTATION,3,RANDOM_BLOCK,43,181081,4,6,308
FROZEN_ENCODER_LINEAR_HEAD_ADAPTATION,3,RANDOM_BLOCK,43,181081,5,10,502
FROZEN_ENCODER_LINEAR_HEAD_ADAPTATION,3,RANDOM_BLOCK,43,181081,6,10,463
FROZEN_ENCODER_LINEAR_HEAD_ADAPTATION,3,RANDOM_BLOCK,43,205439,0,7,355
FROZEN_ENCODER_LINEAR_HEAD_ADAPTATION,3,RANDOM_BLOCK,43,205439,1,6,364
FROZEN_ENCODER_LINEAR_HEAD_ADAPTATION,3,RANDOM_BLOCK,43,205439,2,12,589
FROZEN_ENCODER_LINEAR_HEAD_ADAPTATION,3,RANDOM_BLOCK,43,205439,3,19,903
FROZEN_ENCODER_LINEAR_HEAD_ADAPTATION,3,RANDOM_BLOCK,43,205439,4,3,161
FROZEN_ENCODER_LINEAR_HEAD_ADAPTATION,3,RANDOM_BLOCK,43,205439,5,6,291
FROZEN_ENCODER_LINEAR_HEAD_ADAPTATION,3,RANDOM_BLOCK,43,205439,6,10,487
FROZEN_ENCODER_LINEAR_HEAD_ADAPTATION,3,RANDOM_BLOCK,44,104729,0,9,441
FROZEN_ENCODER_LINEAR_HEAD_ADAPTATION,3,RANDOM_BLOCK,44,104729,1,4,226
FROZEN_ENCODER_LINEAR_HEAD_ADAPTATION,3,RANDOM_BLOCK,44,104729,2,9,446
FROZEN_ENCODER_LINEAR_HEAD_ADAPTATION,3,RANDOM_BLOCK,44,104729,3,8,402
FROZEN_ENCODER_LINEAR_HEAD_ADAPTATION,3,RANDOM_BLOCK,44,104729,4,11,553
FROZEN_ENCODER_LINEAR_HEAD_ADAPTATION,3,RANDOM_BLOCK,44,104729,5,12,592
FROZEN_ENCODER_LINEAR_HEAD_ADAPTATION,3,RANDOM_BLOCK,44,104729,6,10,490
FROZEN_ENCODER_LINEAR_HEAD_ADAPTATION,3,RANDOM_BLOCK,44,130363,0,6,291
FROZEN_ENCODER_LINEAR_HEAD_ADAPTATION,3,RANDOM_BLOCK,44,130363,1,6,309
FROZEN_ENCODER_LINEAR_HEAD_ADAPTATION,3,RANDOM_BLOCK,44,130363,2,12,574
FROZEN_ENCODER_LINEAR_HEAD_ADAPTATION,3,RANDOM_BLOCK,44,130363,3,8,411
FROZEN_ENCODER_LINEAR_HEAD_ADAPTATION,3,RANDOM_BLOCK,44,130363,4,10,542
FROZEN_ENCODER_LINEAR_HEAD_ADAPTATION,3,RANDOM_BLOCK,44,130363,5,14,669
FROZEN_ENCODER_LINEAR_HEAD_ADAPTATION,3,RANDOM_BLOCK,44,130363,6,7,354
FROZEN_ENCODER_LINEAR_HEAD_ADAPTATION,3,RANDOM_BLOCK,44,155921,0,11,558
FROZEN_ENCODER_LINEAR_HEAD_ADAPTATION,3,RANDOM_BLOCK,44,155921,1,5,279
FROZEN_ENCODER_LINEAR_HEAD_ADAPTATION,3,RANDOM_BLOCK,44,155921,2,15,719
FROZEN_ENCODER_LINEAR_HEAD_ADAPTATION,3,RANDOM_BLOCK,44,155921,3,10,492
FROZEN_ENCODER_LINEAR_HEAD_ADAPTATION,3,RANDOM_BLOCK,44,155921,4,9,439
FROZEN_ENCODER_LINEAR_HEAD_ADAPTATION,3,RANDOM_BLOCK,44,155921,5,3,179
FROZEN_ENCODER_LINEAR_HEAD_ADAPTATION,3,RANDOM_BLOCK,44,155921,6,10,484
FROZEN_ENCODER_LINEAR_HEAD_ADAPTATION,3,RANDOM_BLOCK,44,181081,0,7,352
FROZEN_ENCODER_LINEAR_HEAD_ADAPTATION,3,RANDOM_BLOCK,44,181081,1,10,518
FROZEN_ENCODER_LINEAR_HEAD_ADAPTATION,3,RANDOM_BLOCK,44,181081,2,7,358
FROZEN_ENCODER_LINEAR_HEAD_ADAPTATION,3,RANDOM_BLOCK,44,181081,3,12,601
FROZEN_ENCODER_LINEAR_HEAD_ADAPTATION,3,RANDOM_BLOCK,44,181081,4,8,401
FROZEN_ENCODER_LINEAR_HEAD_ADAPTATION,3,RANDOM_BLOCK,44,181081,5,8,399
FROZEN_ENCODER_LINEAR_HEAD_ADAPTATION,3,RANDOM_BLOCK,44,181081,6,11,521
FROZEN_ENCODER_LINEAR_HEAD_ADAPTATION,3,RANDOM_BLOCK,44,205439,0,3,149
FROZEN_ENCODER_LINEAR_HEAD_ADAPTATION,3,RANDOM_BLOCK,44,205439,1,8,417
FROZEN_ENCODER_LINEAR_HEAD_ADAPTATION,3,RANDOM_BLOCK,44,205439,2,7,322
FROZEN_ENCODER_LINEAR_HEAD_ADAPTATION,3,RANDOM_BLOCK,44,205439,3,19,934
FROZEN_ENCODER_LINEAR_HEAD_ADAPTATION,3,RANDOM_BLOCK,44,205439,4,4,195
FROZEN_ENCODER_LINEAR_HEAD_ADAPTATION,3,RANDOM_BLOCK,44,205439,5,10,516
FROZEN_ENCODER_LINEAR_HEAD_ADAPTATION,3,RANDOM_BLOCK,44,205439,6,12,617
FROZEN_ENCODER_LINEAR_HEAD_ADAPTATION,3,RANDOM_BLOCK,45,104729,0,12,615
FROZEN_ENCODER_LINEAR_HEAD_ADAPTATION,3,RANDOM_BLOCK,45,104729,1,9,449
FROZEN_ENCODER_LINEAR_HEAD_ADAPTATION,3,RANDOM_BLOCK,45,104729,2,10,475
FROZEN_ENCODER_LINEAR_HEAD_ADAPTATION,3,RANDOM_BLOCK,45,104729,3,5,259
FROZEN_ENCODER_LINEAR_HEAD_ADAPTATION,3,RANDOM_BLOCK,45,104729,4,4,207
FROZEN_ENCODER_LINEAR_HEAD_ADAPTATION,3,RANDOM_BLOCK,45,104729,5,12,611
FROZEN_ENCODER_LINEAR_HEAD_ADAPTATION,3,RANDOM_BLOCK,45,104729,6,11,534
FROZEN_ENCODER_LINEAR_HEAD_ADAPTATION,3,RANDOM_BLOCK,45,130363,0,11,550
FROZEN_ENCODER_LINEAR_HEAD_ADAPTATION,3,RANDOM_BLOCK,45,130363,1,5,270
FROZEN_ENCODER_LINEAR_HEAD_ADAPTATION,3,RANDOM_BLOCK,45,130363,2,13,612
FROZEN_ENCODER_LINEAR_HEAD_ADAPTATION,3,RANDOM_BLOCK,45,130363,3,7,361
FROZEN_ENCODER_LINEAR_HEAD_ADAPTATION,3,RANDOM_BLOCK,45,130363,4,5,255
FROZEN_ENCODER_LINEAR_HEAD_ADAPTATION,3,RANDOM_BLOCK,45,130363,5,12,608
FROZEN_ENCODER_LINEAR_HEAD_ADAPTATION,3,RANDOM_BLOCK,45,130363,6,10,494
FROZEN_ENCODER_LINEAR_HEAD_ADAPTATION,3,RANDOM_BLOCK,45,155921,0,12,611
FROZEN_ENCODER_LINEAR_HEAD_ADAPTATION,3,RANDOM_BLOCK,45,155921,1,8,411
FROZEN_ENCODER_LINEAR_HEAD_ADAPTATION,3,RANDOM_BLOCK,45,155921,2,16,769
FROZEN_ENCODER_LINEAR_HEAD_ADAPTATION,3,RANDOM_BLOCK,45,155921,3,10,504
FROZEN_ENCODER_LINEAR_HEAD_ADAPTATION,3,RANDOM_BLOCK,45,155921,4,3,150
FROZEN_ENCODER_LINEAR_HEAD_ADAPTATION,3,RANDOM_BLOCK,45,155921,5,3,162
FROZEN_ENCODER_LINEAR_HEAD_ADAPTATION,3,RANDOM_BLOCK,45,155921,6,11,543
FROZEN_ENCODER_LINEAR_HEAD_ADAPTATION,3,RANDOM_BLOCK,45,181081,0,9,451
FROZEN_ENCODER_LINEAR_HEAD_ADAPTATION,3,RANDOM_BLOCK,45,181081,1,6,326
FROZEN_ENCODER_LINEAR_HEAD_ADAPTATION,3,RANDOM_BLOCK,45,181081,2,10,513
FROZEN_ENCODER_LINEAR_HEAD_ADAPTATION,3,RANDOM_BLOCK,45,181081,3,12,623
FROZEN_ENCODER_LINEAR_HEAD_ADAPTATION,3,RANDOM_BLOCK,45,181081,4,6,270
FROZEN_ENCODER_LINEAR_HEAD_ADAPTATION,3,RANDOM_BLOCK,45,181081,5,7,366
FROZEN_ENCODER_LINEAR_HEAD_ADAPTATION,3,RANDOM_BLOCK,45,181081,6,13,601
FROZEN_ENCODER_LINEAR_HEAD_ADAPTATION,3,RANDOM_BLOCK,45,205439,0,9,431
FROZEN_ENCODER_LINEAR_HEAD_ADAPTATION,3,RANDOM_BLOCK,45,205439,1,5,280
FROZEN_ENCODER_LINEAR_HEAD_ADAPTATION,3,RANDOM_BLOCK,45,205439,2,10,489
FROZEN_ENCODER_LINEAR_HEAD_ADAPTATION,3,RANDOM_BLOCK,45,205439,3,19,932
FROZEN_ENCODER_LINEAR_HEAD_ADAPTATION,3,RANDOM_BLOCK,45,205439,4,2,107
FROZEN_ENCODER_LINEAR_HEAD_ADAPTATION,3,RANDOM_BLOCK,45,205439,5,9,492
FROZEN_ENCODER_LINEAR_HEAD_ADAPTATION,3,RANDOM_BLOCK,45,205439,6,9,419
FROZEN_ENCODER_LINEAR_HEAD_ADAPTATION,3,RANDOM_BLOCK,46,104729,0,10,498
FROZEN_ENCODER_LINEAR_HEAD_ADAPTATION,3,RANDOM_BLOCK,46,104729,1,3,155
FROZEN_ENCODER_LINEAR_HEAD_ADAPTATION,3,RANDOM_BLOCK,46,104729,2,11,575
FROZEN_ENCODER_LINEAR_HEAD_ADAPTATION,3,RANDOM_BLOCK,46,104729,3,7,346
FROZEN_ENCODER_LINEAR_HEAD_ADAPTATION,3,RANDOM_BLOCK,46,104729,4,6,262
FROZEN_ENCODER_LINEAR_HEAD_ADAPTATION,3,RANDOM_BLOCK,46,104729,5,14,705
FROZEN_ENCODER_LINEAR_HEAD_ADAPTATION,3,RANDOM_BLOCK,46,104729,6,12,609
FROZEN_ENCODER_LINEAR_HEAD_ADAPTATION,3,RANDOM_BLOCK,46,130363,0,7,340
FROZEN_ENCODER_LINEAR_HEAD_ADAPTATION,3,RANDOM_BLOCK,46,130363,1,6,284
FROZEN_ENCODER_LINEAR_HEAD_ADAPTATION,3,RANDOM_BLOCK,46,130363,2,12,617
FROZEN_ENCODER_LINEAR_HEAD_ADAPTATION,3,RANDOM_BLOCK,46,130363,3,9,458
FROZEN_ENCODER_LINEAR_HEAD_ADAPTATION,3,RANDOM_BLOCK,46,130363,4,6,279
FROZEN_ENCODER_LINEAR_HEAD_ADAPTATION,3,RANDOM_BLOCK,46,130363,5,12,616
FROZEN_ENCODER_LINEAR_HEAD_ADAPTATION,3,RANDOM_BLOCK,46,130363,6,11,556
FROZEN_ENCODER_LINEAR_HEAD_ADAPTATION,3,RANDOM_BLOCK,46,155921,0,9,415
FROZEN_ENCODER_LINEAR_HEAD_ADAPTATION,3,RANDOM_BLOCK,46,155921,1,5,255
FROZEN_ENCODER_LINEAR_HEAD_ADAPTATION,3,RANDOM_BLOCK,46,155921,2,14,711
FROZEN_ENCODER_LINEAR_HEAD_ADAPTATION,3,RANDOM_BLOCK,46,155921,3,11,554
FROZEN_ENCODER_LINEAR_HEAD_ADAPTATION,3,RANDOM_BLOCK,46,155921,4,6,318
FROZEN_ENCODER_LINEAR_HEAD_ADAPTATION,3,RANDOM_BLOCK,46,155921,5,8,415
FROZEN_ENCODER_LINEAR_HEAD_ADAPTATION,3,RANDOM_BLOCK,46,155921,6,10,482
FROZEN_ENCODER_LINEAR_HEAD_ADAPTATION,3,RANDOM_BLOCK,46,181081,0,8,389
FROZEN_ENCODER_LINEAR_HEAD_ADAPTATION,3,RANDOM_BLOCK,46,181081,1,5,257
FROZEN_ENCODER_LINEAR_HEAD_ADAPTATION,3,RANDOM_BLOCK,46,181081,2,9,447
FROZEN_ENCODER_LINEAR_HEAD_ADAPTATION,3,RANDOM_BLOCK,46,181081,3,17,849
FROZEN_ENCODER_LINEAR_HEAD_ADAPTATION,3,RANDOM_BLOCK,46,181081,4,4,196
FROZEN_ENCODER_LINEAR_HEAD_ADAPTATION,3,RANDOM_BLOCK,46,181081,5,10,532
FROZEN_ENCODER_LINEAR_HEAD_ADAPTATION,3,RANDOM_BLOCK,46,181081,6,10,480
FROZEN_ENCODER_LINEAR_HEAD_ADAPTATION,3,RANDOM_BLOCK,46,205439,0,4,196
FROZEN_ENCODER_LINEAR_HEAD_ADAPTATION,3,RANDOM_BLOCK,46,205439,1,3,153
FROZEN_ENCODER_LINEAR_HEAD_ADAPTATION,3,RANDOM_BLOCK,46,205439,2,9,471
FROZEN_ENCODER_LINEAR_HEAD_ADAPTATION,3,RANDOM_BLOCK,46,205439,3,23,1143
FROZEN_ENCODER_LINEAR_HEAD_ADAPTATION,3,RANDOM_BLOCK,46,205439,4,3,139
FROZEN_ENCODER_LINEAR_HEAD_ADAPTATION,3,RANDOM_BLOCK,46,205439,5,11,559
FROZEN_ENCODER_LINEAR_HEAD_ADAPTATION,3,RANDOM_BLOCK,46,205439,6,10,489
FROZEN_ENCODER_LINEAR_HEAD_ADAPTATION,3,SURFACE_BALANCED,42,104729,0,10,478
FROZEN_ENCODER_LINEAR_HEAD_ADAPTATION,3,SURFACE_BALANCED,42,104729,1,6,319
FROZEN_ENCODER_LINEAR_HEAD_ADAPTATION,3,SURFACE_BALANCED,42,104729,2,6,322
FROZEN_ENCODER_LINEAR_HEAD_ADAPTATION,3,SURFACE_BALANCED,42,104729,3,13,676
FROZEN_ENCODER_LINEAR_HEAD_ADAPTATION,3,SURFACE_BALANCED,42,104729,4,3,166
FROZEN_ENCODER_LINEAR_HEAD_ADAPTATION,3,SURFACE_BALANCED,42,104729,5,12,594
FROZEN_ENCODER_LINEAR_HEAD_ADAPTATION,3,SURFACE_BALANCED,42,104729,6,13,595
FROZEN_ENCODER_LINEAR_HEAD_ADAPTATION,3,SURFACE_BALANCED,42,130363,0,12,596
FROZEN_ENCODER_LINEAR_HEAD_ADAPTATION,3,SURFACE_BALANCED,42,130363,1,8,415
FROZEN_ENCODER_LINEAR_HEAD_ADAPTATION,3,SURFACE_BALANCED,42,130363,2,12,570
FROZEN_ENCODER_LINEAR_HEAD_ADAPTATION,3,SURFACE_BALANCED,42,130363,3,4,200
FROZEN_ENCODER_LINEAR_HEAD_ADAPTATION,3,SURFACE_BALANCED,42,130363,4,8,392
FROZEN_ENCODER_LINEAR_HEAD_ADAPTATION,3,SURFACE_BALANCED,42,130363,5,8,438
FROZEN_ENCODER_LINEAR_HEAD_ADAPTATION,3,SURFACE_BALANCED,42,130363,6,11,539
FROZEN_ENCODER_LINEAR_HEAD_ADAPTATION,3,SURFACE_BALANCED,42,155921,0,10,465
FROZEN_ENCODER_LINEAR_HEAD_ADAPTATION,3,SURFACE_BALANCED,42,155921,1,5,274
FROZEN_ENCODER_LINEAR_HEAD_ADAPTATION,3,SURFACE_BALANCED,42,155921,2,12,604
FROZEN_ENCODER_LINEAR_HEAD_ADAPTATION,3,SURFACE_BALANCED,42,155921,3,14,691
FROZEN_ENCODER_LINEAR_HEAD_ADAPTATION,3,SURFACE_BALANCED,42,155921,4,4,249
FROZEN_ENCODER_LINEAR_HEAD_ADAPTATION,3,SURFACE_BALANCED,42,155921,5,6,298
FROZEN_ENCODER_LINEAR_HEAD_ADAPTATION,3,SURFACE_BALANCED,42,155921,6,12,569
FROZEN_ENCODER_LINEAR_HEAD_ADAPTATION,3,SURFACE_BALANCED,42,181081,0,11,543
FROZEN_ENCODER_LINEAR_HEAD_ADAPTATION,3,SURFACE_BALANCED,42,181081,1,13,675
FROZEN_ENCODER_LINEAR_HEAD_ADAPTATION,3,SURFACE_BALANCED,42,181081,2,8,384
FROZEN_ENCODER_LINEAR_HEAD_ADAPTATION,3,SURFACE_BALANCED,42,181081,3,5,252
FROZEN_ENCODER_LINEAR_HEAD_ADAPTATION,3,SURFACE_BALANCED,42,181081,4,5,242
FROZEN_ENCODER_LINEAR_HEAD_ADAPTATION,3,SURFACE_BALANCED,42,181081,5,12,632
FROZEN_ENCODER_LINEAR_HEAD_ADAPTATION,3,SURFACE_BALANCED,42,181081,6,9,422
FROZEN_ENCODER_LINEAR_HEAD_ADAPTATION,3,SURFACE_BALANCED,42,205439,0,9,465
FROZEN_ENCODER_LINEAR_HEAD_ADAPTATION,3,SURFACE_BALANCED,42,205439,1,10,512
FROZEN_ENCODER_LINEAR_HEAD_ADAPTATION,3,SURFACE_BALANCED,42,205439,2,7,358
FROZEN_ENCODER_LINEAR_HEAD_ADAPTATION,3,SURFACE_BALANCED,42,205439,3,11,545
FROZEN_ENCODER_LINEAR_HEAD_ADAPTATION,3,SURFACE_BALANCED,42,205439,4,8,387
FROZEN_ENCODER_LINEAR_HEAD_ADAPTATION,3,SURFACE_BALANCED,42,205439,5,10,495
FROZEN_ENCODER_LINEAR_HEAD_ADAPTATION,3,SURFACE_BALANCED,42,205439,6,8,388
FROZEN_ENCODER_LINEAR_HEAD_ADAPTATION,3,SURFACE_BALANCED,43,104729,0,11,520
FROZEN_ENCODER_LINEAR_HEAD_ADAPTATION,3,SURFACE_BALANCED,43,104729,1,5,287
FROZEN_ENCODER_LINEAR_HEAD_ADAPTATION,3,SURFACE_BALANCED,43,104729,2,11,551
FROZEN_ENCODER_LINEAR_HEAD_ADAPTATION,3,SURFACE_BALANCED,43,104729,3,10,518
FROZEN_ENCODER_LINEAR_HEAD_ADAPTATION,3,SURFACE_BALANCED,43,104729,4,3,163
FROZEN_ENCODER_LINEAR_HEAD_ADAPTATION,3,SURFACE_BALANCED,43,104729,5,9,448
FROZEN_ENCODER_LINEAR_HEAD_ADAPTATION,3,SURFACE_BALANCED,43,104729,6,14,663
FROZEN_ENCODER_LINEAR_HEAD_ADAPTATION,3,SURFACE_BALANCED,43,130363,0,12,612
FROZEN_ENCODER_LINEAR_HEAD_ADAPTATION,3,SURFACE_BALANCED,43,130363,1,5,280
FROZEN_ENCODER_LINEAR_HEAD_ADAPTATION,3,SURFACE_BALANCED,43,130363,2,12,601
FROZEN_ENCODER_LINEAR_HEAD_ADAPTATION,3,SURFACE_BALANCED,43,130363,3,6,276
FROZEN_ENCODER_LINEAR_HEAD_ADAPTATION,3,SURFACE_BALANCED,43,130363,4,6,304
FROZEN_ENCODER_LINEAR_HEAD_ADAPTATION,3,SURFACE_BALANCED,43,130363,5,9,458
FROZEN_ENCODER_LINEAR_HEAD_ADAPTATION,3,SURFACE_BALANCED,43,130363,6,13,619
FROZEN_ENCODER_LINEAR_HEAD_ADAPTATION,3,SURFACE_BALANCED,43,155921,0,12,602
FROZEN_ENCODER_LINEAR_HEAD_ADAPTATION,3,SURFACE_BALANCED,43,155921,1,5,274
FROZEN_ENCODER_LINEAR_HEAD_ADAPTATION,3,SURFACE_BALANCED,43,155921,2,11,547
FROZEN_ENCODER_LINEAR_HEAD_ADAPTATION,3,SURFACE_BALANCED,43,155921,3,14,694
FROZEN_ENCODER_LINEAR_HEAD_ADAPTATION,3,SURFACE_BALANCED,43,155921,4,3,161
FROZEN_ENCODER_LINEAR_HEAD_ADAPTATION,3,SURFACE_BALANCED,43,155921,5,7,354
FROZEN_ENCODER_LINEAR_HEAD_ADAPTATION,3,SURFACE_BALANCED,43,155921,6,11,518
FROZEN_ENCODER_LINEAR_HEAD_ADAPTATION,3,SURFACE_BALANCED,43,181081,0,9,422
FROZEN_ENCODER_LINEAR_HEAD_ADAPTATION,3,SURFACE_BALANCED,43,181081,1,9,489
FROZEN_ENCODER_LINEAR_HEAD_ADAPTATION,3,SURFACE_BALANCED,43,181081,2,11,556
FROZEN_ENCODER_LINEAR_HEAD_ADAPTATION,3,SURFACE_BALANCED,43,181081,3,8,362
FROZEN_ENCODER_LINEAR_HEAD_ADAPTATION,3,SURFACE_BALANCED,43,181081,4,5,268
FROZEN_ENCODER_LINEAR_HEAD_ADAPTATION,3,SURFACE_BALANCED,43,181081,5,9,451
FROZEN_ENCODER_LINEAR_HEAD_ADAPTATION,3,SURFACE_BALANCED,43,181081,6,12,602
FROZEN_ENCODER_LINEAR_HEAD_ADAPTATION,3,SURFACE_BALANCED,43,205439,0,8,408
FROZEN_ENCODER_LINEAR_HEAD_ADAPTATION,3,SURFACE_BALANCED,43,205439,1,11,573
FROZEN_ENCODER_LINEAR_HEAD_ADAPTATION,3,SURFACE_BALANCED,43,205439,2,10,522
FROZEN_ENCODER_LINEAR_HEAD_ADAPTATION,3,SURFACE_BALANCED,43,205439,3,12,562
FROZEN_ENCODER_LINEAR_HEAD_ADAPTATION,3,SURFACE_BALANCED,43,205439,4,4,215
FROZEN_ENCODER_LINEAR_HEAD_ADAPTATION,3,SURFACE_BALANCED,43,205439,5,7,360
FROZEN_ENCODER_LINEAR_HEAD_ADAPTATION,3,SURFACE_BALANCED,43,205439,6,11,510
FROZEN_ENCODER_LINEAR_HEAD_ADAPTATION,3,SURFACE_BALANCED,44,104729,0,9,452
FROZEN_ENCODER_LINEAR_HEAD_ADAPTATION,3,SURFACE_BALANCED,44,104729,1,6,306
FROZEN_ENCODER_LINEAR_HEAD_ADAPTATION,3,SURFACE_BALANCED,44,104729,2,6,320
FROZEN_ENCODER_LINEAR_HEAD_ADAPTATION,3,SURFACE_BALANCED,44,104729,3,11,529
FROZEN_ENCODER_LINEAR_HEAD_ADAPTATION,3,SURFACE_BALANCED,44,104729,4,9,450
FROZEN_ENCODER_LINEAR_HEAD_ADAPTATION,3,SURFACE_BALANCED,44,104729,5,9,451
FROZEN_ENCODER_LINEAR_HEAD_ADAPTATION,3,SURFACE_BALANCED,44,104729,6,13,642
FROZEN_ENCODER_LINEAR_HEAD_ADAPTATION,3,SURFACE_BALANCED,44,130363,0,7,380
FROZEN_ENCODER_LINEAR_HEAD_ADAPTATION,3,SURFACE_BALANCED,44,130363,1,14,727
FROZEN_ENCODER_LINEAR_HEAD_ADAPTATION,3,SURFACE_BALANCED,44,130363,2,14,695
FROZEN_ENCODER_LINEAR_HEAD_ADAPTATION,3,SURFACE_BALANCED,44,130363,3,7,298
FROZEN_ENCODER_LINEAR_HEAD_ADAPTATION,3,SURFACE_BALANCED,44,130363,4,6,329
FROZEN_ENCODER_LINEAR_HEAD_ADAPTATION,3,SURFACE_BALANCED,44,130363,5,8,395
FROZEN_ENCODER_LINEAR_HEAD_ADAPTATION,3,SURFACE_BALANCED,44,130363,6,7,326
FROZEN_ENCODER_LINEAR_HEAD_ADAPTATION,3,SURFACE_BALANCED,44,155921,0,7,352
FROZEN_ENCODER_LINEAR_HEAD_ADAPTATION,3,SURFACE_BALANCED,44,155921,1,10,502
FROZEN_ENCODER_LINEAR_HEAD_ADAPTATION,3,SURFACE_BALANCED,44,155921,2,14,710
FROZEN_ENCODER_LINEAR_HEAD_ADAPTATION,3,SURFACE_BALANCED,44,155921,3,6,304
FROZEN_ENCODER_LINEAR_HEAD_ADAPTATION,3,SURFACE_BALANCED,44,155921,4,8,408
FROZEN_ENCODER_LINEAR_HEAD_ADAPTATION,3,SURFACE_BALANCED,44,155921,5,6,272
FROZEN_ENCODER_LINEAR_HEAD_ADAPTATION,3,SURFACE_BALANCED,44,155921,6,12,602
FROZEN_ENCODER_LINEAR_HEAD_ADAPTATION,3,SURFACE_BALANCED,44,181081,0,11,564
FROZEN_ENCODER_LINEAR_HEAD_ADAPTATION,3,SURFACE_BALANCED,44,181081,1,14,710
FROZEN_ENCODER_LINEAR_HEAD_ADAPTATION,3,SURFACE_BALANCED,44,181081,2,6,299
FROZEN_ENCODER_LINEAR_HEAD_ADAPTATION,3,SURFACE_BALANCED,44,181081,3,5,249
FROZEN_ENCODER_LINEAR_HEAD_ADAPTATION,3,SURFACE_BALANCED,44,181081,4,8,398
FROZEN_ENCODER_LINEAR_HEAD_ADAPTATION,3,SURFACE_BALANCED,44,181081,5,12,588
FROZEN_ENCODER_LINEAR_HEAD_ADAPTATION,3,SURFACE_BALANCED,44,181081,6,7,342
FROZEN_ENCODER_LINEAR_HEAD_ADAPTATION,3,SURFACE_BALANCED,44,205439,0,8,413
FROZEN_ENCODER_LINEAR_HEAD_ADAPTATION,3,SURFACE_BALANCED,44,205439,1,10,498
FROZEN_ENCODER_LINEAR_HEAD_ADAPTATION,3,SURFACE_BALANCED,44,205439,2,5,264
FROZEN_ENCODER_LINEAR_HEAD_ADAPTATION,3,SURFACE_BALANCED,44,205439,3,15,735
FROZEN_ENCODER_LINEAR_HEAD_ADAPTATION,3,SURFACE_BALANCED,44,205439,4,5,251
FROZEN_ENCODER_LINEAR_HEAD_ADAPTATION,3,SURFACE_BALANCED,44,205439,5,9,465
FROZEN_ENCODER_LINEAR_HEAD_ADAPTATION,3,SURFACE_BALANCED,44,205439,6,11,524
FROZEN_ENCODER_LINEAR_HEAD_ADAPTATION,3,SURFACE_BALANCED,45,104729,0,9,444
FROZEN_ENCODER_LINEAR_HEAD_ADAPTATION,3,SURFACE_BALANCED,45,104729,1,8,407
FROZEN_ENCODER_LINEAR_HEAD_ADAPTATION,3,SURFACE_BALANCED,45,104729,2,10,459
FROZEN_ENCODER_LINEAR_HEAD_ADAPTATION,3,SURFACE_BALANCED,45,104729,3,13,647
FROZEN_ENCODER_LINEAR_HEAD_ADAPTATION,3,SURFACE_BALANCED,45,104729,4,4,206
FROZEN_ENCODER_LINEAR_HEAD_ADAPTATION,3,SURFACE_BALANCED,45,104729,5,9,476
FROZEN_ENCODER_LINEAR_HEAD_ADAPTATION,3,SURFACE_BALANCED,45,104729,6,10,511
FROZEN_ENCODER_LINEAR_HEAD_ADAPTATION,3,SURFACE_BALANCED,45,130363,0,10,523
FROZEN_ENCODER_LINEAR_HEAD_ADAPTATION,3,SURFACE_BALANCED,45,130363,1,8,420
FROZEN_ENCODER_LINEAR_HEAD_ADAPTATION,3,SURFACE_BALANCED,45,130363,2,20,954
FROZEN_ENCODER_LINEAR_HEAD_ADAPTATION,3,SURFACE_BALANCED,45,130363,3,6,294
FROZEN_ENCODER_LINEAR_HEAD_ADAPTATION,3,SURFACE_BALANCED,45,130363,4,8,387
FROZEN_ENCODER_LINEAR_HEAD_ADAPTATION,3,SURFACE_BALANCED,45,130363,5,4,207
FROZEN_ENCODER_LINEAR_HEAD_ADAPTATION,3,SURFACE_BALANCED,45,130363,6,7,365
FROZEN_ENCODER_LINEAR_HEAD_ADAPTATION,3,SURFACE_BALANCED,45,155921,0,6,298
FROZEN_ENCODER_LINEAR_HEAD_ADAPTATION,3,SURFACE_BALANCED,45,155921,1,6,315
FROZEN_ENCODER_LINEAR_HEAD_ADAPTATION,3,SURFACE_BALANCED,45,155921,2,14,681
FROZEN_ENCODER_LINEAR_HEAD_ADAPTATION,3,SURFACE_BALANCED,45,155921,3,12,590
FROZEN_ENCODER_LINEAR_HEAD_ADAPTATION,3,SURFACE_BALANCED,45,155921,4,7,357
FROZEN_ENCODER_LINEAR_HEAD_ADAPTATION,3,SURFACE_BALANCED,45,155921,5,4,217
FROZEN_ENCODER_LINEAR_HEAD_ADAPTATION,3,SURFACE_BALANCED,45,155921,6,14,692
FROZEN_ENCODER_LINEAR_HEAD_ADAPTATION,3,SURFACE_BALANCED,45,181081,0,11,544
FROZEN_ENCODER_LINEAR_HEAD_ADAPTATION,3,SURFACE_BALANCED,45,181081,1,12,628
FROZEN_ENCODER_LINEAR_HEAD_ADAPTATION,3,SURFACE_BALANCED,45,181081,2,11,547
FROZEN_ENCODER_LINEAR_HEAD_ADAPTATION,3,SURFACE_BALANCED,45,181081,3,7,344
FROZEN_ENCODER_LINEAR_HEAD_ADAPTATION,3,SURFACE_BALANCED,45,181081,4,3,152
FROZEN_ENCODER_LINEAR_HEAD_ADAPTATION,3,SURFACE_BALANCED,45,181081,5,10,488
FROZEN_ENCODER_LINEAR_HEAD_ADAPTATION,3,SURFACE_BALANCED,45,181081,6,9,447
FROZEN_ENCODER_LINEAR_HEAD_ADAPTATION,3,SURFACE_BALANCED,45,205439,0,14,693
FROZEN_ENCODER_LINEAR_HEAD_ADAPTATION,3,SURFACE_BALANCED,45,205439,1,7,389
FROZEN_ENCODER_LINEAR_HEAD_ADAPTATION,3,SURFACE_BALANCED,45,205439,2,14,688
FROZEN_ENCODER_LINEAR_HEAD_ADAPTATION,3,SURFACE_BALANCED,45,205439,3,11,542
FROZEN_ENCODER_LINEAR_HEAD_ADAPTATION,3,SURFACE_BALANCED,45,205439,4,3,133
FROZEN_ENCODER_LINEAR_HEAD_ADAPTATION,3,SURFACE_BALANCED,45,205439,5,6,299
FROZEN_ENCODER_LINEAR_HEAD_ADAPTATION,3,SURFACE_BALANCED,45,205439,6,8,406
FROZEN_ENCODER_LINEAR_HEAD_ADAPTATION,3,SURFACE_BALANCED,46,104729,0,8,387
FROZEN_ENCODER_LINEAR_HEAD_ADAPTATION,3,SURFACE_BALANCED,46,104729,1,3,148
FROZEN_ENCODER_LINEAR_HEAD_ADAPTATION,3,SURFACE_BALANCED,46,104729,2,9,476
FROZEN_ENCODER_LINEAR_HEAD_ADAPTATION,3,SURFACE_BALANCED,46,104729,3,11,551
FROZEN_ENCODER_LINEAR_HEAD_ADAPTATION,3,SURFACE_BALANCED,46,104729,4,6,307
FROZEN_ENCODER_LINEAR_HEAD_ADAPTATION,3,SURFACE_BALANCED,46,104729,5,13,654
FROZEN_ENCODER_LINEAR_HEAD_ADAPTATION,3,SURFACE_BALANCED,46,104729,6,13,627
FROZEN_ENCODER_LINEAR_HEAD_ADAPTATION,3,SURFACE_BALANCED,46,130363,0,7,346
FROZEN_ENCODER_LINEAR_HEAD_ADAPTATION,3,SURFACE_BALANCED,46,130363,1,8,382
FROZEN_ENCODER_LINEAR_HEAD_ADAPTATION,3,SURFACE_BALANCED,46,130363,2,16,803
FROZEN_ENCODER_LINEAR_HEAD_ADAPTATION,3,SURFACE_BALANCED,46,130363,3,7,339
FROZEN_ENCODER_LINEAR_HEAD_ADAPTATION,3,SURFACE_BALANCED,46,130363,4,6,308
FROZEN_ENCODER_LINEAR_HEAD_ADAPTATION,3,SURFACE_BALANCED,46,130363,5,10,515
FROZEN_ENCODER_LINEAR_HEAD_ADAPTATION,3,SURFACE_BALANCED,46,130363,6,9,457
FROZEN_ENCODER_LINEAR_HEAD_ADAPTATION,3,SURFACE_BALANCED,46,155921,0,5,238
FROZEN_ENCODER_LINEAR_HEAD_ADAPTATION,3,SURFACE_BALANCED,46,155921,1,5,252
FROZEN_ENCODER_LINEAR_HEAD_ADAPTATION,3,SURFACE_BALANCED,46,155921,2,18,890
FROZEN_ENCODER_LINEAR_HEAD_ADAPTATION,3,SURFACE_BALANCED,46,155921,3,12,595
FROZEN_ENCODER_LINEAR_HEAD_ADAPTATION,3,SURFACE_BALANCED,46,155921,4,4,227
FROZEN_ENCODER_LINEAR_HEAD_ADAPTATION,3,SURFACE_BALANCED,46,155921,5,8,409
FROZEN_ENCODER_LINEAR_HEAD_ADAPTATION,3,SURFACE_BALANCED,46,155921,6,11,539
FROZEN_ENCODER_LINEAR_HEAD_ADAPTATION,3,SURFACE_BALANCED,46,181081,0,8,429
FROZEN_ENCODER_LINEAR_HEAD_ADAPTATION,3,SURFACE_BALANCED,46,181081,1,8,397
FROZEN_ENCODER_LINEAR_HEAD_ADAPTATION,3,SURFACE_BALANCED,46,181081,2,9,445
FROZEN_ENCODER_LINEAR_HEAD_ADAPTATION,3,SURFACE_BALANCED,46,181081,3,9,448
FROZEN_ENCODER_LINEAR_HEAD_ADAPTATION,3,SURFACE_BALANCED,46,181081,4,4,205
FROZEN_ENCODER_LINEAR_HEAD_ADAPTATION,3,SURFACE_BALANCED,46,181081,5,14,731
FROZEN_ENCODER_LINEAR_HEAD_ADAPTATION,3,SURFACE_BALANCED,46,181081,6,11,495
FROZEN_ENCODER_LINEAR_HEAD_ADAPTATION,3,SURFACE_BALANCED,46,205439,0,10,492
FROZEN_ENCODER_LINEAR_HEAD_ADAPTATION,3,SURFACE_BALANCED,46,205439,1,5,244
FROZEN_ENCODER_LINEAR_HEAD_ADAPTATION,3,SURFACE_BALANCED,46,205439,2,9,478
FROZEN_ENCODER_LINEAR_HEAD_ADAPTATION,3,SURFACE_BALANCED,46,205439,3,12,592
FROZEN_ENCODER_LINEAR_HEAD_ADAPTATION,3,SURFACE_BALANCED,46,205439,4,8,402
FROZEN_ENCODER_LINEAR_HEAD_ADAPTATION,3,SURFACE_BALANCED,46,205439,5,9,462
FROZEN_ENCODER_LINEAR_HEAD_ADAPTATION,3,SURFACE_BALANCED,46,205439,6,10,480
FROZEN_ENCODER_LINEAR_HEAD_ADAPTATION,5,JOINT_FACTOR_COVERAGE,42,104729,0,6,288
FROZEN_ENCODER_LINEAR_HEAD_ADAPTATION,5,JOINT_FACTOR_COVERAGE,42,104729,1,8,410
FROZEN_ENCODER_LINEAR_HEAD_ADAPTATION,5,JOINT_FACTOR_COVERAGE,42,104729,2,10,504
FROZEN_ENCODER_LINEAR_HEAD_ADAPTATION,5,JOINT_FACTOR_COVERAGE,42,104729,3,12,595
FROZEN_ENCODER_LINEAR_HEAD_ADAPTATION,5,JOINT_FACTOR_COVERAGE,42,104729,4,2,115
FROZEN_ENCODER_LINEAR_HEAD_ADAPTATION,5,JOINT_FACTOR_COVERAGE,42,104729,5,15,730
FROZEN_ENCODER_LINEAR_HEAD_ADAPTATION,5,JOINT_FACTOR_COVERAGE,42,104729,6,10,508
FROZEN_ENCODER_LINEAR_HEAD_ADAPTATION,5,JOINT_FACTOR_COVERAGE,42,130363,0,8,390
FROZEN_ENCODER_LINEAR_HEAD_ADAPTATION,5,JOINT_FACTOR_COVERAGE,42,130363,1,6,334
FROZEN_ENCODER_LINEAR_HEAD_ADAPTATION,5,JOINT_FACTOR_COVERAGE,42,130363,2,7,329
FROZEN_ENCODER_LINEAR_HEAD_ADAPTATION,5,JOINT_FACTOR_COVERAGE,42,130363,3,12,577
FROZEN_ENCODER_LINEAR_HEAD_ADAPTATION,5,JOINT_FACTOR_COVERAGE,42,130363,4,5,265
FROZEN_ENCODER_LINEAR_HEAD_ADAPTATION,5,JOINT_FACTOR_COVERAGE,42,130363,5,14,710
FROZEN_ENCODER_LINEAR_HEAD_ADAPTATION,5,JOINT_FACTOR_COVERAGE,42,130363,6,11,545
FROZEN_ENCODER_LINEAR_HEAD_ADAPTATION,5,JOINT_FACTOR_COVERAGE,42,155921,0,7,319
FROZEN_ENCODER_LINEAR_HEAD_ADAPTATION,5,JOINT_FACTOR_COVERAGE,42,155921,1,5,280
FROZEN_ENCODER_LINEAR_HEAD_ADAPTATION,5,JOINT_FACTOR_COVERAGE,42,155921,2,9,453
FROZEN_ENCODER_LINEAR_HEAD_ADAPTATION,5,JOINT_FACTOR_COVERAGE,42,155921,3,10,482
FROZEN_ENCODER_LINEAR_HEAD_ADAPTATION,5,JOINT_FACTOR_COVERAGE,42,155921,4,8,410
FROZEN_ENCODER_LINEAR_HEAD_ADAPTATION,5,JOINT_FACTOR_COVERAGE,42,155921,5,12,613
FROZEN_ENCODER_LINEAR_HEAD_ADAPTATION,5,JOINT_FACTOR_COVERAGE,42,155921,6,12,593
FROZEN_ENCODER_LINEAR_HEAD_ADAPTATION,5,JOINT_FACTOR_COVERAGE,42,181081,0,9,419
FROZEN_ENCODER_LINEAR_HEAD_ADAPTATION,5,JOINT_FACTOR_COVERAGE,42,181081,1,9,467
FROZEN_ENCODER_LINEAR_HEAD_ADAPTATION,5,JOINT_FACTOR_COVERAGE,42,181081,2,5,253
FROZEN_ENCODER_LINEAR_HEAD_ADAPTATION,5,JOINT_FACTOR_COVERAGE,42,181081,3,10,503
FROZEN_ENCODER_LINEAR_HEAD_ADAPTATION,5,JOINT_FACTOR_COVERAGE,42,181081,4,4,205
FROZEN_ENCODER_LINEAR_HEAD_ADAPTATION,5,JOINT_FACTOR_COVERAGE,42,181081,5,16,804
FROZEN_ENCODER_LINEAR_HEAD_ADAPTATION,5,JOINT_FACTOR_COVERAGE,42,181081,6,10,499
FROZEN_ENCODER_LINEAR_HEAD_ADAPTATION,5,JOINT_FACTOR_COVERAGE,42,205439,0,9,424
FROZEN_ENCODER_LINEAR_HEAD_ADAPTATION,5,JOINT_FACTOR_COVERAGE,42,205439,1,8,387
FROZEN_ENCODER_LINEAR_HEAD_ADAPTATION,5,JOINT_FACTOR_COVERAGE,42,205439,2,6,303
FROZEN_ENCODER_LINEAR_HEAD_ADAPTATION,5,JOINT_FACTOR_COVERAGE,42,205439,3,12,638
FROZEN_ENCODER_LINEAR_HEAD_ADAPTATION,5,JOINT_FACTOR_COVERAGE,42,205439,4,5,246
FROZEN_ENCODER_LINEAR_HEAD_ADAPTATION,5,JOINT_FACTOR_COVERAGE,42,205439,5,12,603
FROZEN_ENCODER_LINEAR_HEAD_ADAPTATION,5,JOINT_FACTOR_COVERAGE,42,205439,6,11,549
FROZEN_ENCODER_LINEAR_HEAD_ADAPTATION,5,JOINT_FACTOR_COVERAGE,43,104729,0,7,347
FROZEN_ENCODER_LINEAR_HEAD_ADAPTATION,5,JOINT_FACTOR_COVERAGE,43,104729,1,5,256
FROZEN_ENCODER_LINEAR_HEAD_ADAPTATION,5,JOINT_FACTOR_COVERAGE,43,104729,2,10,479
FROZEN_ENCODER_LINEAR_HEAD_ADAPTATION,5,JOINT_FACTOR_COVERAGE,43,104729,3,10,518
FROZEN_ENCODER_LINEAR_HEAD_ADAPTATION,5,JOINT_FACTOR_COVERAGE,43,104729,4,7,336
FROZEN_ENCODER_LINEAR_HEAD_ADAPTATION,5,JOINT_FACTOR_COVERAGE,43,104729,5,6,335
FROZEN_ENCODER_LINEAR_HEAD_ADAPTATION,5,JOINT_FACTOR_COVERAGE,43,104729,6,18,879
FROZEN_ENCODER_LINEAR_HEAD_ADAPTATION,5,JOINT_FACTOR_COVERAGE,43,130363,0,10,505
FROZEN_ENCODER_LINEAR_HEAD_ADAPTATION,5,JOINT_FACTOR_COVERAGE,43,130363,1,2,111
FROZEN_ENCODER_LINEAR_HEAD_ADAPTATION,5,JOINT_FACTOR_COVERAGE,43,130363,2,15,746
FROZEN_ENCODER_LINEAR_HEAD_ADAPTATION,5,JOINT_FACTOR_COVERAGE,43,130363,3,9,458
FROZEN_ENCODER_LINEAR_HEAD_ADAPTATION,5,JOINT_FACTOR_COVERAGE,43,130363,4,5,238
FROZEN_ENCODER_LINEAR_HEAD_ADAPTATION,5,JOINT_FACTOR_COVERAGE,43,130363,5,9,458
FROZEN_ENCODER_LINEAR_HEAD_ADAPTATION,5,JOINT_FACTOR_COVERAGE,43,130363,6,13,634
FROZEN_ENCODER_LINEAR_HEAD_ADAPTATION,5,JOINT_FACTOR_COVERAGE,43,155921,0,8,408
FROZEN_ENCODER_LINEAR_HEAD_ADAPTATION,5,JOINT_FACTOR_COVERAGE,43,155921,1,5,271
FROZEN_ENCODER_LINEAR_HEAD_ADAPTATION,5,JOINT_FACTOR_COVERAGE,43,155921,2,12,595
FROZEN_ENCODER_LINEAR_HEAD_ADAPTATION,5,JOINT_FACTOR_COVERAGE,43,155921,3,8,428
FROZEN_ENCODER_LINEAR_HEAD_ADAPTATION,5,JOINT_FACTOR_COVERAGE,43,155921,4,8,374
FROZEN_ENCODER_LINEAR_HEAD_ADAPTATION,5,JOINT_FACTOR_COVERAGE,43,155921,5,9,430
FROZEN_ENCODER_LINEAR_HEAD_ADAPTATION,5,JOINT_FACTOR_COVERAGE,43,155921,6,13,644
FROZEN_ENCODER_LINEAR_HEAD_ADAPTATION,5,JOINT_FACTOR_COVERAGE,43,181081,0,12,607
FROZEN_ENCODER_LINEAR_HEAD_ADAPTATION,5,JOINT_FACTOR_COVERAGE,43,181081,1,5,257
FROZEN_ENCODER_LINEAR_HEAD_ADAPTATION,5,JOINT_FACTOR_COVERAGE,43,181081,2,13,653
FROZEN_ENCODER_LINEAR_HEAD_ADAPTATION,5,JOINT_FACTOR_COVERAGE,43,181081,3,5,261
FROZEN_ENCODER_LINEAR_HEAD_ADAPTATION,5,JOINT_FACTOR_COVERAGE,43,181081,4,6,277
FROZEN_ENCODER_LINEAR_HEAD_ADAPTATION,5,JOINT_FACTOR_COVERAGE,43,181081,5,9,454
FROZEN_ENCODER_LINEAR_HEAD_ADAPTATION,5,JOINT_FACTOR_COVERAGE,43,181081,6,13,641
FROZEN_ENCODER_LINEAR_HEAD_ADAPTATION,5,JOINT_FACTOR_COVERAGE,43,205439,0,10,505
FROZEN_ENCODER_LINEAR_HEAD_ADAPTATION,5,JOINT_FACTOR_COVERAGE,43,205439,1,5,232
FROZEN_ENCODER_LINEAR_HEAD_ADAPTATION,5,JOINT_FACTOR_COVERAGE,43,205439,2,12,595
FROZEN_ENCODER_LINEAR_HEAD_ADAPTATION,5,JOINT_FACTOR_COVERAGE,43,205439,3,9,484
FROZEN_ENCODER_LINEAR_HEAD_ADAPTATION,5,JOINT_FACTOR_COVERAGE,43,205439,4,6,277
FROZEN_ENCODER_LINEAR_HEAD_ADAPTATION,5,JOINT_FACTOR_COVERAGE,43,205439,5,7,360
FROZEN_ENCODER_LINEAR_HEAD_ADAPTATION,5,JOINT_FACTOR_COVERAGE,43,205439,6,14,697
FROZEN_ENCODER_LINEAR_HEAD_ADAPTATION,5,JOINT_FACTOR_COVERAGE,44,104729,0,11,519
FROZEN_ENCODER_LINEAR_HEAD_ADAPTATION,5,JOINT_FACTOR_COVERAGE,44,104729,1,10,538
FROZEN_ENCODER_LINEAR_HEAD_ADAPTATION,5,JOINT_FACTOR_COVERAGE,44,104729,2,10,507
FROZEN_ENCODER_LINEAR_HEAD_ADAPTATION,5,JOINT_FACTOR_COVERAGE,44,104729,3,8,404
FROZEN_ENCODER_LINEAR_HEAD_ADAPTATION,5,JOINT_FACTOR_COVERAGE,44,104729,4,4,209
FROZEN_ENCODER_LINEAR_HEAD_ADAPTATION,5,JOINT_FACTOR_COVERAGE,44,104729,5,7,353
FROZEN_ENCODER_LINEAR_HEAD_ADAPTATION,5,JOINT_FACTOR_COVERAGE,44,104729,6,13,620
FROZEN_ENCODER_LINEAR_HEAD_ADAPTATION,5,JOINT_FACTOR_COVERAGE,44,130363,0,15,768
FROZEN_ENCODER_LINEAR_HEAD_ADAPTATION,5,JOINT_FACTOR_COVERAGE,44,130363,1,9,445
FROZEN_ENCODER_LINEAR_HEAD_ADAPTATION,5,JOINT_FACTOR_COVERAGE,44,130363,2,8,414
FROZEN_ENCODER_LINEAR_HEAD_ADAPTATION,5,JOINT_FACTOR_COVERAGE,44,130363,3,10,487
FROZEN_ENCODER_LINEAR_HEAD_ADAPTATION,5,JOINT_FACTOR_COVERAGE,44,130363,4,2,112
FROZEN_ENCODER_LINEAR_HEAD_ADAPTATION,5,JOINT_FACTOR_COVERAGE,44,130363,5,9,432
FROZEN_ENCODER_LINEAR_HEAD_ADAPTATION,5,JOINT_FACTOR_COVERAGE,44,130363,6,10,492
FROZEN_ENCODER_LINEAR_HEAD_ADAPTATION,5,JOINT_FACTOR_COVERAGE,44,155921,0,14,698
FROZEN_ENCODER_LINEAR_HEAD_ADAPTATION,5,JOINT_FACTOR_COVERAGE,44,155921,1,3,170
FROZEN_ENCODER_LINEAR_HEAD_ADAPTATION,5,JOINT_FACTOR_COVERAGE,44,155921,2,6,319
FROZEN_ENCODER_LINEAR_HEAD_ADAPTATION,5,JOINT_FACTOR_COVERAGE,44,155921,3,12,587
FROZEN_ENCODER_LINEAR_HEAD_ADAPTATION,5,JOINT_FACTOR_COVERAGE,44,155921,4,4,208
FROZEN_ENCODER_LINEAR_HEAD_ADAPTATION,5,JOINT_FACTOR_COVERAGE,44,155921,5,8,387
FROZEN_ENCODER_LINEAR_HEAD_ADAPTATION,5,JOINT_FACTOR_COVERAGE,44,155921,6,16,781
FROZEN_ENCODER_LINEAR_HEAD_ADAPTATION,5,JOINT_FACTOR_COVERAGE,44,181081,0,14,710
FROZEN_ENCODER_LINEAR_HEAD_ADAPTATION,5,JOINT_FACTOR_COVERAGE,44,181081,1,13,651
FROZEN_ENCODER_LINEAR_HEAD_ADAPTATION,5,JOINT_FACTOR_COVERAGE,44,181081,2,8,415
FROZEN_ENCODER_LINEAR_HEAD_ADAPTATION,5,JOINT_FACTOR_COVERAGE,44,181081,3,7,335
FROZEN_ENCODER_LINEAR_HEAD_ADAPTATION,5,JOINT_FACTOR_COVERAGE,44,181081,4,2,112
FROZEN_ENCODER_LINEAR_HEAD_ADAPTATION,5,JOINT_FACTOR_COVERAGE,44,181081,5,12,562
FROZEN_ENCODER_LINEAR_HEAD_ADAPTATION,5,JOINT_FACTOR_COVERAGE,44,181081,6,7,365
FROZEN_ENCODER_LINEAR_HEAD_ADAPTATION,5,JOINT_FACTOR_COVERAGE,44,205439,0,13,653
FROZEN_ENCODER_LINEAR_HEAD_ADAPTATION,5,JOINT_FACTOR_COVERAGE,44,205439,1,6,318
FROZEN_ENCODER_LINEAR_HEAD_ADAPTATION,5,JOINT_FACTOR_COVERAGE,44,205439,2,8,401
FROZEN_ENCODER_LINEAR_HEAD_ADAPTATION,5,JOINT_FACTOR_COVERAGE,44,205439,3,9,464
FROZEN_ENCODER_LINEAR_HEAD_ADAPTATION,5,JOINT_FACTOR_COVERAGE,44,205439,4,3,163
FROZEN_ENCODER_LINEAR_HEAD_ADAPTATION,5,JOINT_FACTOR_COVERAGE,44,205439,5,11,510
FROZEN_ENCODER_LINEAR_HEAD_ADAPTATION,5,JOINT_FACTOR_COVERAGE,44,205439,6,13,641
FROZEN_ENCODER_LINEAR_HEAD_ADAPTATION,5,JOINT_FACTOR_COVERAGE,45,104729,0,10,500
FROZEN_ENCODER_LINEAR_HEAD_ADAPTATION,5,JOINT_FACTOR_COVERAGE,45,104729,1,8,411
FROZEN_ENCODER_LINEAR_HEAD_ADAPTATION,5,JOINT_FACTOR_COVERAGE,45,104729,2,16,804
FROZEN_ENCODER_LINEAR_HEAD_ADAPTATION,5,JOINT_FACTOR_COVERAGE,45,104729,3,7,341
FROZEN_ENCODER_LINEAR_HEAD_ADAPTATION,5,JOINT_FACTOR_COVERAGE,45,104729,4,5,259
FROZEN_ENCODER_LINEAR_HEAD_ADAPTATION,5,JOINT_FACTOR_COVERAGE,45,104729,5,5,238
FROZEN_ENCODER_LINEAR_HEAD_ADAPTATION,5,JOINT_FACTOR_COVERAGE,45,104729,6,12,597
FROZEN_ENCODER_LINEAR_HEAD_ADAPTATION,5,JOINT_FACTOR_COVERAGE,45,130363,0,12,590
FROZEN_ENCODER_LINEAR_HEAD_ADAPTATION,5,JOINT_FACTOR_COVERAGE,45,130363,1,11,556
FROZEN_ENCODER_LINEAR_HEAD_ADAPTATION,5,JOINT_FACTOR_COVERAGE,45,130363,2,17,843
FROZEN_ENCODER_LINEAR_HEAD_ADAPTATION,5,JOINT_FACTOR_COVERAGE,45,130363,3,7,345
FROZEN_ENCODER_LINEAR_HEAD_ADAPTATION,5,JOINT_FACTOR_COVERAGE,45,130363,4,2,119
FROZEN_ENCODER_LINEAR_HEAD_ADAPTATION,5,JOINT_FACTOR_COVERAGE,45,130363,5,5,237
FROZEN_ENCODER_LINEAR_HEAD_ADAPTATION,5,JOINT_FACTOR_COVERAGE,45,130363,6,9,460
FROZEN_ENCODER_LINEAR_HEAD_ADAPTATION,5,JOINT_FACTOR_COVERAGE,45,155921,0,8,389
FROZEN_ENCODER_LINEAR_HEAD_ADAPTATION,5,JOINT_FACTOR_COVERAGE,45,155921,1,11,542
FROZEN_ENCODER_LINEAR_HEAD_ADAPTATION,5,JOINT_FACTOR_COVERAGE,45,155921,2,14,708
FROZEN_ENCODER_LINEAR_HEAD_ADAPTATION,5,JOINT_FACTOR_COVERAGE,45,155921,3,8,434
FROZEN_ENCODER_LINEAR_HEAD_ADAPTATION,5,JOINT_FACTOR_COVERAGE,45,155921,4,3,158
FROZEN_ENCODER_LINEAR_HEAD_ADAPTATION,5,JOINT_FACTOR_COVERAGE,45,155921,5,7,323
FROZEN_ENCODER_LINEAR_HEAD_ADAPTATION,5,JOINT_FACTOR_COVERAGE,45,155921,6,12,596
FROZEN_ENCODER_LINEAR_HEAD_ADAPTATION,5,JOINT_FACTOR_COVERAGE,45,181081,0,12,613
FROZEN_ENCODER_LINEAR_HEAD_ADAPTATION,5,JOINT_FACTOR_COVERAGE,45,181081,1,11,548
FROZEN_ENCODER_LINEAR_HEAD_ADAPTATION,5,JOINT_FACTOR_COVERAGE,45,181081,2,15,756
FROZEN_ENCODER_LINEAR_HEAD_ADAPTATION,5,JOINT_FACTOR_COVERAGE,45,181081,3,8,372
FROZEN_ENCODER_LINEAR_HEAD_ADAPTATION,5,JOINT_FACTOR_COVERAGE,45,181081,4,5,238
FROZEN_ENCODER_LINEAR_HEAD_ADAPTATION,5,JOINT_FACTOR_COVERAGE,45,181081,5,4,214
FROZEN_ENCODER_LINEAR_HEAD_ADAPTATION,5,JOINT_FACTOR_COVERAGE,45,181081,6,8,409
FROZEN_ENCODER_LINEAR_HEAD_ADAPTATION,5,JOINT_FACTOR_COVERAGE,45,205439,0,8,386
FROZEN_ENCODER_LINEAR_HEAD_ADAPTATION,5,JOINT_FACTOR_COVERAGE,45,205439,1,8,412
FROZEN_ENCODER_LINEAR_HEAD_ADAPTATION,5,JOINT_FACTOR_COVERAGE,45,205439,2,14,687
FROZEN_ENCODER_LINEAR_HEAD_ADAPTATION,5,JOINT_FACTOR_COVERAGE,45,205439,3,10,515
FROZEN_ENCODER_LINEAR_HEAD_ADAPTATION,5,JOINT_FACTOR_COVERAGE,45,205439,4,3,156
FROZEN_ENCODER_LINEAR_HEAD_ADAPTATION,5,JOINT_FACTOR_COVERAGE,45,205439,5,7,334
FROZEN_ENCODER_LINEAR_HEAD_ADAPTATION,5,JOINT_FACTOR_COVERAGE,45,205439,6,13,660
FROZEN_ENCODER_LINEAR_HEAD_ADAPTATION,5,JOINT_FACTOR_COVERAGE,46,104729,0,6,313
FROZEN_ENCODER_LINEAR_HEAD_ADAPTATION,5,JOINT_FACTOR_COVERAGE,46,104729,1,9,448
FROZEN_ENCODER_LINEAR_HEAD_ADAPTATION,5,JOINT_FACTOR_COVERAGE,46,104729,2,18,935
FROZEN_ENCODER_LINEAR_HEAD_ADAPTATION,5,JOINT_FACTOR_COVERAGE,46,104729,3,4,191
FROZEN_ENCODER_LINEAR_HEAD_ADAPTATION,5,JOINT_FACTOR_COVERAGE,46,104729,4,10,478
FROZEN_ENCODER_LINEAR_HEAD_ADAPTATION,5,JOINT_FACTOR_COVERAGE,46,104729,5,10,487
FROZEN_ENCODER_LINEAR_HEAD_ADAPTATION,5,JOINT_FACTOR_COVERAGE,46,104729,6,6,298
FROZEN_ENCODER_LINEAR_HEAD_ADAPTATION,5,JOINT_FACTOR_COVERAGE,46,130363,0,14,706
FROZEN_ENCODER_LINEAR_HEAD_ADAPTATION,5,JOINT_FACTOR_COVERAGE,46,130363,1,8,413
FROZEN_ENCODER_LINEAR_HEAD_ADAPTATION,5,JOINT_FACTOR_COVERAGE,46,130363,2,17,865
FROZEN_ENCODER_LINEAR_HEAD_ADAPTATION,5,JOINT_FACTOR_COVERAGE,46,130363,3,5,242
FROZEN_ENCODER_LINEAR_HEAD_ADAPTATION,5,JOINT_FACTOR_COVERAGE,46,130363,4,8,387
FROZEN_ENCODER_LINEAR_HEAD_ADAPTATION,5,JOINT_FACTOR_COVERAGE,46,130363,5,7,335
FROZEN_ENCODER_LINEAR_HEAD_ADAPTATION,5,JOINT_FACTOR_COVERAGE,46,130363,6,4,202
FROZEN_ENCODER_LINEAR_HEAD_ADAPTATION,5,JOINT_FACTOR_COVERAGE,46,155921,0,9,487
FROZEN_ENCODER_LINEAR_HEAD_ADAPTATION,5,JOINT_FACTOR_COVERAGE,46,155921,1,7,397
FROZEN_ENCODER_LINEAR_HEAD_ADAPTATION,5,JOINT_FACTOR_COVERAGE,46,155921,2,15,761
FROZEN_ENCODER_LINEAR_HEAD_ADAPTATION,5,JOINT_FACTOR_COVERAGE,46,155921,3,5,220
FROZEN_ENCODER_LINEAR_HEAD_ADAPTATION,5,JOINT_FACTOR_COVERAGE,46,155921,4,10,490
FROZEN_ENCODER_LINEAR_HEAD_ADAPTATION,5,JOINT_FACTOR_COVERAGE,46,155921,5,12,550
FROZEN_ENCODER_LINEAR_HEAD_ADAPTATION,5,JOINT_FACTOR_COVERAGE,46,155921,6,5,245
FROZEN_ENCODER_LINEAR_HEAD_ADAPTATION,5,JOINT_FACTOR_COVERAGE,46,181081,0,11,572
FROZEN_ENCODER_LINEAR_HEAD_ADAPTATION,5,JOINT_FACTOR_COVERAGE,46,181081,1,9,475
FROZEN_ENCODER_LINEAR_HEAD_ADAPTATION,5,JOINT_FACTOR_COVERAGE,46,181081,2,13,652
FROZEN_ENCODER_LINEAR_HEAD_ADAPTATION,5,JOINT_FACTOR_COVERAGE,46,181081,3,6,292
FROZEN_ENCODER_LINEAR_HEAD_ADAPTATION,5,JOINT_FACTOR_COVERAGE,46,181081,4,9,433
FROZEN_ENCODER_LINEAR_HEAD_ADAPTATION,5,JOINT_FACTOR_COVERAGE,46,181081,5,9,431
FROZEN_ENCODER_LINEAR_HEAD_ADAPTATION,5,JOINT_FACTOR_COVERAGE,46,181081,6,6,295
FROZEN_ENCODER_LINEAR_HEAD_ADAPTATION,5,JOINT_FACTOR_COVERAGE,46,205439,0,7,371
FROZEN_ENCODER_LINEAR_HEAD_ADAPTATION,5,JOINT_FACTOR_COVERAGE,46,205439,1,11,562
FROZEN_ENCODER_LINEAR_HEAD_ADAPTATION,5,JOINT_FACTOR_COVERAGE,46,205439,2,14,716
FROZEN_ENCODER_LINEAR_HEAD_ADAPTATION,5,JOINT_FACTOR_COVERAGE,46,205439,3,6,294
FROZEN_ENCODER_LINEAR_HEAD_ADAPTATION,5,JOINT_FACTOR_COVERAGE,46,205439,4,10,479
FROZEN_ENCODER_LINEAR_HEAD_ADAPTATION,5,JOINT_FACTOR_COVERAGE,46,205439,5,11,532
FROZEN_ENCODER_LINEAR_HEAD_ADAPTATION,5,JOINT_FACTOR_COVERAGE,46,205439,6,4,196
FROZEN_ENCODER_LINEAR_HEAD_ADAPTATION,5,RANDOM_BLOCK,42,104729,0,4,199
FROZEN_ENCODER_LINEAR_HEAD_ADAPTATION,5,RANDOM_BLOCK,42,104729,1,4,224
FROZEN_ENCODER_LINEAR_HEAD_ADAPTATION,5,RANDOM_BLOCK,42,104729,2,10,494
FROZEN_ENCODER_LINEAR_HEAD_ADAPTATION,5,RANDOM_BLOCK,42,104729,3,13,642
FROZEN_ENCODER_LINEAR_HEAD_ADAPTATION,5,RANDOM_BLOCK,42,104729,4,5,268
FROZEN_ENCODER_LINEAR_HEAD_ADAPTATION,5,RANDOM_BLOCK,42,104729,5,17,826
FROZEN_ENCODER_LINEAR_HEAD_ADAPTATION,5,RANDOM_BLOCK,42,104729,6,10,497
FROZEN_ENCODER_LINEAR_HEAD_ADAPTATION,5,RANDOM_BLOCK,42,130363,0,11,521
FROZEN_ENCODER_LINEAR_HEAD_ADAPTATION,5,RANDOM_BLOCK,42,130363,1,6,311
FROZEN_ENCODER_LINEAR_HEAD_ADAPTATION,5,RANDOM_BLOCK,42,130363,2,7,337
FROZEN_ENCODER_LINEAR_HEAD_ADAPTATION,5,RANDOM_BLOCK,42,130363,3,7,359
FROZEN_ENCODER_LINEAR_HEAD_ADAPTATION,5,RANDOM_BLOCK,42,130363,4,10,502
FROZEN_ENCODER_LINEAR_HEAD_ADAPTATION,5,RANDOM_BLOCK,42,130363,5,13,670
FROZEN_ENCODER_LINEAR_HEAD_ADAPTATION,5,RANDOM_BLOCK,42,130363,6,9,450
FROZEN_ENCODER_LINEAR_HEAD_ADAPTATION,5,RANDOM_BLOCK,42,155921,0,3,163
FROZEN_ENCODER_LINEAR_HEAD_ADAPTATION,5,RANDOM_BLOCK,42,155921,1,10,539
FROZEN_ENCODER_LINEAR_HEAD_ADAPTATION,5,RANDOM_BLOCK,42,155921,2,9,415
FROZEN_ENCODER_LINEAR_HEAD_ADAPTATION,5,RANDOM_BLOCK,42,155921,3,16,800
FROZEN_ENCODER_LINEAR_HEAD_ADAPTATION,5,RANDOM_BLOCK,42,155921,4,6,305
FROZEN_ENCODER_LINEAR_HEAD_ADAPTATION,5,RANDOM_BLOCK,42,155921,5,9,435
FROZEN_ENCODER_LINEAR_HEAD_ADAPTATION,5,RANDOM_BLOCK,42,155921,6,10,493
FROZEN_ENCODER_LINEAR_HEAD_ADAPTATION,5,RANDOM_BLOCK,42,181081,0,9,459
FROZEN_ENCODER_LINEAR_HEAD_ADAPTATION,5,RANDOM_BLOCK,42,181081,1,5,268
FROZEN_ENCODER_LINEAR_HEAD_ADAPTATION,5,RANDOM_BLOCK,42,181081,2,6,303
FROZEN_ENCODER_LINEAR_HEAD_ADAPTATION,5,RANDOM_BLOCK,42,181081,3,9,463
FROZEN_ENCODER_LINEAR_HEAD_ADAPTATION,5,RANDOM_BLOCK,42,181081,4,7,346
FROZEN_ENCODER_LINEAR_HEAD_ADAPTATION,5,RANDOM_BLOCK,42,181081,5,18,865
FROZEN_ENCODER_LINEAR_HEAD_ADAPTATION,5,RANDOM_BLOCK,42,181081,6,9,446
FROZEN_ENCODER_LINEAR_HEAD_ADAPTATION,5,RANDOM_BLOCK,42,205439,0,7,338
FROZEN_ENCODER_LINEAR_HEAD_ADAPTATION,5,RANDOM_BLOCK,42,205439,1,12,571
FROZEN_ENCODER_LINEAR_HEAD_ADAPTATION,5,RANDOM_BLOCK,42,205439,2,3,151
FROZEN_ENCODER_LINEAR_HEAD_ADAPTATION,5,RANDOM_BLOCK,42,205439,3,13,687
FROZEN_ENCODER_LINEAR_HEAD_ADAPTATION,5,RANDOM_BLOCK,42,205439,4,4,200
FROZEN_ENCODER_LINEAR_HEAD_ADAPTATION,5,RANDOM_BLOCK,42,205439,5,15,747
FROZEN_ENCODER_LINEAR_HEAD_ADAPTATION,5,RANDOM_BLOCK,42,205439,6,9,456
FROZEN_ENCODER_LINEAR_HEAD_ADAPTATION,5,RANDOM_BLOCK,43,104729,0,5,268
FROZEN_ENCODER_LINEAR_HEAD_ADAPTATION,5,RANDOM_BLOCK,43,104729,1,6,296
FROZEN_ENCODER_LINEAR_HEAD_ADAPTATION,5,RANDOM_BLOCK,43,104729,2,12,574
FROZEN_ENCODER_LINEAR_HEAD_ADAPTATION,5,RANDOM_BLOCK,43,104729,3,9,479
FROZEN_ENCODER_LINEAR_HEAD_ADAPTATION,5,RANDOM_BLOCK,43,104729,4,7,345
FROZEN_ENCODER_LINEAR_HEAD_ADAPTATION,5,RANDOM_BLOCK,43,104729,5,8,384
FROZEN_ENCODER_LINEAR_HEAD_ADAPTATION,5,RANDOM_BLOCK,43,104729,6,16,804
FROZEN_ENCODER_LINEAR_HEAD_ADAPTATION,5,RANDOM_BLOCK,43,130363,0,11,553
FROZEN_ENCODER_LINEAR_HEAD_ADAPTATION,5,RANDOM_BLOCK,43,130363,1,2,126
FROZEN_ENCODER_LINEAR_HEAD_ADAPTATION,5,RANDOM_BLOCK,43,130363,2,13,642
FROZEN_ENCODER_LINEAR_HEAD_ADAPTATION,5,RANDOM_BLOCK,43,130363,3,8,416
FROZEN_ENCODER_LINEAR_HEAD_ADAPTATION,5,RANDOM_BLOCK,43,130363,4,7,330
FROZEN_ENCODER_LINEAR_HEAD_ADAPTATION,5,RANDOM_BLOCK,43,130363,5,7,343
FROZEN_ENCODER_LINEAR_HEAD_ADAPTATION,5,RANDOM_BLOCK,43,130363,6,15,740
FROZEN_ENCODER_LINEAR_HEAD_ADAPTATION,5,RANDOM_BLOCK,43,155921,0,7,351
FROZEN_ENCODER_LINEAR_HEAD_ADAPTATION,5,RANDOM_BLOCK,43,155921,1,9,467
FROZEN_ENCODER_LINEAR_HEAD_ADAPTATION,5,RANDOM_BLOCK,43,155921,2,11,514
FROZEN_ENCODER_LINEAR_HEAD_ADAPTATION,5,RANDOM_BLOCK,43,155921,3,11,548
FROZEN_ENCODER_LINEAR_HEAD_ADAPTATION,5,RANDOM_BLOCK,43,155921,4,4,221
FROZEN_ENCODER_LINEAR_HEAD_ADAPTATION,5,RANDOM_BLOCK,43,155921,5,11,540
FROZEN_ENCODER_LINEAR_HEAD_ADAPTATION,5,RANDOM_BLOCK,43,155921,6,10,509
FROZEN_ENCODER_LINEAR_HEAD_ADAPTATION,5,RANDOM_BLOCK,43,181081,0,8,416
FROZEN_ENCODER_LINEAR_HEAD_ADAPTATION,5,RANDOM_BLOCK,43,181081,1,9,449
FROZEN_ENCODER_LINEAR_HEAD_ADAPTATION,5,RANDOM_BLOCK,43,181081,2,3,153
FROZEN_ENCODER_LINEAR_HEAD_ADAPTATION,5,RANDOM_BLOCK,43,181081,3,9,459
FROZEN_ENCODER_LINEAR_HEAD_ADAPTATION,5,RANDOM_BLOCK,43,181081,4,7,352
FROZEN_ENCODER_LINEAR_HEAD_ADAPTATION,5,RANDOM_BLOCK,43,181081,5,14,673
FROZEN_ENCODER_LINEAR_HEAD_ADAPTATION,5,RANDOM_BLOCK,43,181081,6,13,648
FROZEN_ENCODER_LINEAR_HEAD_ADAPTATION,5,RANDOM_BLOCK,43,205439,0,8,403
FROZEN_ENCODER_LINEAR_HEAD_ADAPTATION,5,RANDOM_BLOCK,43,205439,1,7,335
FROZEN_ENCODER_LINEAR_HEAD_ADAPTATION,5,RANDOM_BLOCK,43,205439,2,10,498
FROZEN_ENCODER_LINEAR_HEAD_ADAPTATION,5,RANDOM_BLOCK,43,205439,3,9,487
FROZEN_ENCODER_LINEAR_HEAD_ADAPTATION,5,RANDOM_BLOCK,43,205439,4,6,277
FROZEN_ENCODER_LINEAR_HEAD_ADAPTATION,5,RANDOM_BLOCK,43,205439,5,9,453
FROZEN_ENCODER_LINEAR_HEAD_ADAPTATION,5,RANDOM_BLOCK,43,205439,6,14,697
FROZEN_ENCODER_LINEAR_HEAD_ADAPTATION,5,RANDOM_BLOCK,44,104729,0,12,619
FROZEN_ENCODER_LINEAR_HEAD_ADAPTATION,5,RANDOM_BLOCK,44,104729,1,5,235
FROZEN_ENCODER_LINEAR_HEAD_ADAPTATION,5,RANDOM_BLOCK,44,104729,2,7,370
FROZEN_ENCODER_LINEAR_HEAD_ADAPTATION,5,RANDOM_BLOCK,44,104729,3,13,616
FROZEN_ENCODER_LINEAR_HEAD_ADAPTATION,5,RANDOM_BLOCK,44,104729,4,7,360
FROZEN_ENCODER_LINEAR_HEAD_ADAPTATION,5,RANDOM_BLOCK,44,104729,5,9,424
FROZEN_ENCODER_LINEAR_HEAD_ADAPTATION,5,RANDOM_BLOCK,44,104729,6,10,526
FROZEN_ENCODER_LINEAR_HEAD_ADAPTATION,5,RANDOM_BLOCK,44,130363,0,12,605
FROZEN_ENCODER_LINEAR_HEAD_ADAPTATION,5,RANDOM_BLOCK,44,130363,1,6,327
FROZEN_ENCODER_LINEAR_HEAD_ADAPTATION,5,RANDOM_BLOCK,44,130363,2,10,496
FROZEN_ENCODER_LINEAR_HEAD_ADAPTATION,5,RANDOM_BLOCK,44,130363,3,8,386
FROZEN_ENCODER_LINEAR_HEAD_ADAPTATION,5,RANDOM_BLOCK,44,130363,4,8,403
FROZEN_ENCODER_LINEAR_HEAD_ADAPTATION,5,RANDOM_BLOCK,44,130363,5,7,344
FROZEN_ENCODER_LINEAR_HEAD_ADAPTATION,5,RANDOM_BLOCK,44,130363,6,12,589
FROZEN_ENCODER_LINEAR_HEAD_ADAPTATION,5,RANDOM_BLOCK,44,155921,0,10,507
FROZEN_ENCODER_LINEAR_HEAD_ADAPTATION,5,RANDOM_BLOCK,44,155921,1,9,468
FROZEN_ENCODER_LINEAR_HEAD_ADAPTATION,5,RANDOM_BLOCK,44,155921,2,6,295
FROZEN_ENCODER_LINEAR_HEAD_ADAPTATION,5,RANDOM_BLOCK,44,155921,3,10,498
FROZEN_ENCODER_LINEAR_HEAD_ADAPTATION,5,RANDOM_BLOCK,44,155921,4,6,314
FROZEN_ENCODER_LINEAR_HEAD_ADAPTATION,5,RANDOM_BLOCK,44,155921,5,11,534
FROZEN_ENCODER_LINEAR_HEAD_ADAPTATION,5,RANDOM_BLOCK,44,155921,6,11,534
FROZEN_ENCODER_LINEAR_HEAD_ADAPTATION,5,RANDOM_BLOCK,44,181081,0,8,418
FROZEN_ENCODER_LINEAR_HEAD_ADAPTATION,5,RANDOM_BLOCK,44,181081,1,8,417
FROZEN_ENCODER_LINEAR_HEAD_ADAPTATION,5,RANDOM_BLOCK,44,181081,2,8,404
FROZEN_ENCODER_LINEAR_HEAD_ADAPTATION,5,RANDOM_BLOCK,44,181081,3,9,449
FROZEN_ENCODER_LINEAR_HEAD_ADAPTATION,5,RANDOM_BLOCK,44,181081,4,4,210
FROZEN_ENCODER_LINEAR_HEAD_ADAPTATION,5,RANDOM_BLOCK,44,181081,5,14,663
FROZEN_ENCODER_LINEAR_HEAD_ADAPTATION,5,RANDOM_BLOCK,44,181081,6,12,589
FROZEN_ENCODER_LINEAR_HEAD_ADAPTATION,5,RANDOM_BLOCK,44,205439,0,10,502
FROZEN_ENCODER_LINEAR_HEAD_ADAPTATION,5,RANDOM_BLOCK,44,205439,1,6,328
FROZEN_ENCODER_LINEAR_HEAD_ADAPTATION,5,RANDOM_BLOCK,44,205439,2,8,404
FROZEN_ENCODER_LINEAR_HEAD_ADAPTATION,5,RANDOM_BLOCK,44,205439,3,12,593
FROZEN_ENCODER_LINEAR_HEAD_ADAPTATION,5,RANDOM_BLOCK,44,205439,4,4,217
FROZEN_ENCODER_LINEAR_HEAD_ADAPTATION,5,RANDOM_BLOCK,44,205439,5,10,466
FROZEN_ENCODER_LINEAR_HEAD_ADAPTATION,5,RANDOM_BLOCK,44,205439,6,13,640
FROZEN_ENCODER_LINEAR_HEAD_ADAPTATION,5,RANDOM_BLOCK,45,104729,0,10,498
FROZEN_ENCODER_LINEAR_HEAD_ADAPTATION,5,RANDOM_BLOCK,45,104729,1,13,633
FROZEN_ENCODER_LINEAR_HEAD_ADAPTATION,5,RANDOM_BLOCK,45,104729,2,13,663
FROZEN_ENCODER_LINEAR_HEAD_ADAPTATION,5,RANDOM_BLOCK,45,104729,3,8,399
FROZEN_ENCODER_LINEAR_HEAD_ADAPTATION,5,RANDOM_BLOCK,45,104729,4,4,222
FROZEN_ENCODER_LINEAR_HEAD_ADAPTATION,5,RANDOM_BLOCK,45,104729,5,5,245
FROZEN_ENCODER_LINEAR_HEAD_ADAPTATION,5,RANDOM_BLOCK,45,104729,6,10,490
FROZEN_ENCODER_LINEAR_HEAD_ADAPTATION,5,RANDOM_BLOCK,45,130363,0,11,542
FROZEN_ENCODER_LINEAR_HEAD_ADAPTATION,5,RANDOM_BLOCK,45,130363,1,16,790
FROZEN_ENCODER_LINEAR_HEAD_ADAPTATION,5,RANDOM_BLOCK,45,130363,2,12,609
FROZEN_ENCODER_LINEAR_HEAD_ADAPTATION,5,RANDOM_BLOCK,45,130363,3,4,213
FROZEN_ENCODER_LINEAR_HEAD_ADAPTATION,5,RANDOM_BLOCK,45,130363,4,4,209
FROZEN_ENCODER_LINEAR_HEAD_ADAPTATION,5,RANDOM_BLOCK,45,130363,5,5,244
FROZEN_ENCODER_LINEAR_HEAD_ADAPTATION,5,RANDOM_BLOCK,45,130363,6,11,543
FROZEN_ENCODER_LINEAR_HEAD_ADAPTATION,5,RANDOM_BLOCK,45,155921,0,5,257
FROZEN_ENCODER_LINEAR_HEAD_ADAPTATION,5,RANDOM_BLOCK,45,155921,1,7,349
FROZEN_ENCODER_LINEAR_HEAD_ADAPTATION,5,RANDOM_BLOCK,45,155921,2,9,440
FROZEN_ENCODER_LINEAR_HEAD_ADAPTATION,5,RANDOM_BLOCK,45,155921,3,13,657
FROZEN_ENCODER_LINEAR_HEAD_ADAPTATION,5,RANDOM_BLOCK,45,155921,4,7,371
FROZEN_ENCODER_LINEAR_HEAD_ADAPTATION,5,RANDOM_BLOCK,45,155921,5,10,481
FROZEN_ENCODER_LINEAR_HEAD_ADAPTATION,5,RANDOM_BLOCK,45,155921,6,12,595
FROZEN_ENCODER_LINEAR_HEAD_ADAPTATION,5,RANDOM_BLOCK,45,181081,0,8,413
FROZEN_ENCODER_LINEAR_HEAD_ADAPTATION,5,RANDOM_BLOCK,45,181081,1,9,447
FROZEN_ENCODER_LINEAR_HEAD_ADAPTATION,5,RANDOM_BLOCK,45,181081,2,14,697
FROZEN_ENCODER_LINEAR_HEAD_ADAPTATION,5,RANDOM_BLOCK,45,181081,3,8,413
FROZEN_ENCODER_LINEAR_HEAD_ADAPTATION,5,RANDOM_BLOCK,45,181081,4,5,254
FROZEN_ENCODER_LINEAR_HEAD_ADAPTATION,5,RANDOM_BLOCK,45,181081,5,8,378
FROZEN_ENCODER_LINEAR_HEAD_ADAPTATION,5,RANDOM_BLOCK,45,181081,6,11,548
FROZEN_ENCODER_LINEAR_HEAD_ADAPTATION,5,RANDOM_BLOCK,45,205439,0,8,394
FROZEN_ENCODER_LINEAR_HEAD_ADAPTATION,5,RANDOM_BLOCK,45,205439,1,6,309
FROZEN_ENCODER_LINEAR_HEAD_ADAPTATION,5,RANDOM_BLOCK,45,205439,2,12,587
FROZEN_ENCODER_LINEAR_HEAD_ADAPTATION,5,RANDOM_BLOCK,45,205439,3,9,456
FROZEN_ENCODER_LINEAR_HEAD_ADAPTATION,5,RANDOM_BLOCK,45,205439,4,5,276
FROZEN_ENCODER_LINEAR_HEAD_ADAPTATION,5,RANDOM_BLOCK,45,205439,5,9,420
FROZEN_ENCODER_LINEAR_HEAD_ADAPTATION,5,RANDOM_BLOCK,45,205439,6,14,708
FROZEN_ENCODER_LINEAR_HEAD_ADAPTATION,5,RANDOM_BLOCK,46,104729,0,7,358
FROZEN_ENCODER_LINEAR_HEAD_ADAPTATION,5,RANDOM_BLOCK,46,104729,1,11,542
FROZEN_ENCODER_LINEAR_HEAD_ADAPTATION,5,RANDOM_BLOCK,46,104729,2,14,718
FROZEN_ENCODER_LINEAR_HEAD_ADAPTATION,5,RANDOM_BLOCK,46,104729,3,7,337
FROZEN_ENCODER_LINEAR_HEAD_ADAPTATION,5,RANDOM_BLOCK,46,104729,4,7,360
FROZEN_ENCODER_LINEAR_HEAD_ADAPTATION,5,RANDOM_BLOCK,46,104729,5,9,448
FROZEN_ENCODER_LINEAR_HEAD_ADAPTATION,5,RANDOM_BLOCK,46,104729,6,8,387
FROZEN_ENCODER_LINEAR_HEAD_ADAPTATION,5,RANDOM_BLOCK,46,130363,0,11,552
FROZEN_ENCODER_LINEAR_HEAD_ADAPTATION,5,RANDOM_BLOCK,46,130363,1,13,659
FROZEN_ENCODER_LINEAR_HEAD_ADAPTATION,5,RANDOM_BLOCK,46,130363,2,13,655
FROZEN_ENCODER_LINEAR_HEAD_ADAPTATION,5,RANDOM_BLOCK,46,130363,3,4,195
FROZEN_ENCODER_LINEAR_HEAD_ADAPTATION,5,RANDOM_BLOCK,46,130363,4,8,407
FROZEN_ENCODER_LINEAR_HEAD_ADAPTATION,5,RANDOM_BLOCK,46,130363,5,6,294
FROZEN_ENCODER_LINEAR_HEAD_ADAPTATION,5,RANDOM_BLOCK,46,130363,6,8,388
FROZEN_ENCODER_LINEAR_HEAD_ADAPTATION,5,RANDOM_BLOCK,46,155921,0,4,232
FROZEN_ENCODER_LINEAR_HEAD_ADAPTATION,5,RANDOM_BLOCK,46,155921,1,13,657
FROZEN_ENCODER_LINEAR_HEAD_ADAPTATION,5,RANDOM_BLOCK,46,155921,2,8,398
FROZEN_ENCODER_LINEAR_HEAD_ADAPTATION,5,RANDOM_BLOCK,46,155921,3,9,453
FROZEN_ENCODER_LINEAR_HEAD_ADAPTATION,5,RANDOM_BLOCK,46,155921,4,8,402
FROZEN_ENCODER_LINEAR_HEAD_ADAPTATION,5,RANDOM_BLOCK,46,155921,5,14,668
FROZEN_ENCODER_LINEAR_HEAD_ADAPTATION,5,RANDOM_BLOCK,46,155921,6,7,340
FROZEN_ENCODER_LINEAR_HEAD_ADAPTATION,5,RANDOM_BLOCK,46,181081,0,8,395
FROZEN_ENCODER_LINEAR_HEAD_ADAPTATION,5,RANDOM_BLOCK,46,181081,1,7,356
FROZEN_ENCODER_LINEAR_HEAD_ADAPTATION,5,RANDOM_BLOCK,46,181081,2,11,568
FROZEN_ENCODER_LINEAR_HEAD_ADAPTATION,5,RANDOM_BLOCK,46,181081,3,8,357
FROZEN_ENCODER_LINEAR_HEAD_ADAPTATION,5,RANDOM_BLOCK,46,181081,4,8,415
FROZEN_ENCODER_LINEAR_HEAD_ADAPTATION,5,RANDOM_BLOCK,46,181081,5,14,678
FROZEN_ENCODER_LINEAR_HEAD_ADAPTATION,5,RANDOM_BLOCK,46,181081,6,7,381
FROZEN_ENCODER_LINEAR_HEAD_ADAPTATION,5,RANDOM_BLOCK,46,205439,0,7,357
FROZEN_ENCODER_LINEAR_HEAD_ADAPTATION,5,RANDOM_BLOCK,46,205439,1,11,554
FROZEN_ENCODER_LINEAR_HEAD_ADAPTATION,5,RANDOM_BLOCK,46,205439,2,10,511
FROZEN_ENCODER_LINEAR_HEAD_ADAPTATION,5,RANDOM_BLOCK,46,205439,3,9,460
FROZEN_ENCODER_LINEAR_HEAD_ADAPTATION,5,RANDOM_BLOCK,46,205439,4,9,425
FROZEN_ENCODER_LINEAR_HEAD_ADAPTATION,5,RANDOM_BLOCK,46,205439,5,13,647
FROZEN_ENCODER_LINEAR_HEAD_ADAPTATION,5,RANDOM_BLOCK,46,205439,6,4,196
FS0_FROZEN_SOURCE_HEAD,0,FS0_FROZEN_SOURCE_HEAD,42,104729,0,17,798
FS0_FROZEN_SOURCE_HEAD,0,FS0_FROZEN_SOURCE_HEAD,42,104729,1,21,1069
FS0_FROZEN_SOURCE_HEAD,0,FS0_FROZEN_SOURCE_HEAD,42,104729,2,0,0
FS0_FROZEN_SOURCE_HEAD,0,FS0_FROZEN_SOURCE_HEAD,42,104729,3,19,977
FS0_FROZEN_SOURCE_HEAD,0,FS0_FROZEN_SOURCE_HEAD,42,104729,4,0,13
FS0_FROZEN_SOURCE_HEAD,0,FS0_FROZEN_SOURCE_HEAD,42,104729,5,3,151
FS0_FROZEN_SOURCE_HEAD,0,FS0_FROZEN_SOURCE_HEAD,42,104729,6,3,142
FS0_FROZEN_SOURCE_HEAD,0,FS0_FROZEN_SOURCE_HEAD,42,130363,0,17,798
FS0_FROZEN_SOURCE_HEAD,0,FS0_FROZEN_SOURCE_HEAD,42,130363,1,21,1069
FS0_FROZEN_SOURCE_HEAD,0,FS0_FROZEN_SOURCE_HEAD,42,130363,2,0,0
FS0_FROZEN_SOURCE_HEAD,0,FS0_FROZEN_SOURCE_HEAD,42,130363,3,19,977
FS0_FROZEN_SOURCE_HEAD,0,FS0_FROZEN_SOURCE_HEAD,42,130363,4,0,13
FS0_FROZEN_SOURCE_HEAD,0,FS0_FROZEN_SOURCE_HEAD,42,130363,5,3,151
FS0_FROZEN_SOURCE_HEAD,0,FS0_FROZEN_SOURCE_HEAD,42,130363,6,3,142
FS0_FROZEN_SOURCE_HEAD,0,FS0_FROZEN_SOURCE_HEAD,42,155921,0,17,798
FS0_FROZEN_SOURCE_HEAD,0,FS0_FROZEN_SOURCE_HEAD,42,155921,1,21,1069
FS0_FROZEN_SOURCE_HEAD,0,FS0_FROZEN_SOURCE_HEAD,42,155921,2,0,0
FS0_FROZEN_SOURCE_HEAD,0,FS0_FROZEN_SOURCE_HEAD,42,155921,3,19,977
FS0_FROZEN_SOURCE_HEAD,0,FS0_FROZEN_SOURCE_HEAD,42,155921,4,0,13
FS0_FROZEN_SOURCE_HEAD,0,FS0_FROZEN_SOURCE_HEAD,42,155921,5,3,151
FS0_FROZEN_SOURCE_HEAD,0,FS0_FROZEN_SOURCE_HEAD,42,155921,6,3,142
FS0_FROZEN_SOURCE_HEAD,0,FS0_FROZEN_SOURCE_HEAD,42,181081,0,17,798
FS0_FROZEN_SOURCE_HEAD,0,FS0_FROZEN_SOURCE_HEAD,42,181081,1,21,1069
FS0_FROZEN_SOURCE_HEAD,0,FS0_FROZEN_SOURCE_HEAD,42,181081,2,0,0
FS0_FROZEN_SOURCE_HEAD,0,FS0_FROZEN_SOURCE_HEAD,42,181081,3,19,977
FS0_FROZEN_SOURCE_HEAD,0,FS0_FROZEN_SOURCE_HEAD,42,181081,4,0,13
FS0_FROZEN_SOURCE_HEAD,0,FS0_FROZEN_SOURCE_HEAD,42,181081,5,3,151
FS0_FROZEN_SOURCE_HEAD,0,FS0_FROZEN_SOURCE_HEAD,42,181081,6,3,142
FS0_FROZEN_SOURCE_HEAD,0,FS0_FROZEN_SOURCE_HEAD,42,205439,0,17,798
FS0_FROZEN_SOURCE_HEAD,0,FS0_FROZEN_SOURCE_HEAD,42,205439,1,21,1069
FS0_FROZEN_SOURCE_HEAD,0,FS0_FROZEN_SOURCE_HEAD,42,205439,2,0,0
FS0_FROZEN_SOURCE_HEAD,0,FS0_FROZEN_SOURCE_HEAD,42,205439,3,19,977
FS0_FROZEN_SOURCE_HEAD,0,FS0_FROZEN_SOURCE_HEAD,42,205439,4,0,13
FS0_FROZEN_SOURCE_HEAD,0,FS0_FROZEN_SOURCE_HEAD,42,205439,5,3,151
FS0_FROZEN_SOURCE_HEAD,0,FS0_FROZEN_SOURCE_HEAD,42,205439,6,3,142
FS0_FROZEN_SOURCE_HEAD,0,FS0_FROZEN_SOURCE_HEAD,43,104729,0,6,289
FS0_FROZEN_SOURCE_HEAD,0,FS0_FROZEN_SOURCE_HEAD,43,104729,1,2,98
FS0_FROZEN_SOURCE_HEAD,0,FS0_FROZEN_SOURCE_HEAD,43,104729,2,3,149
FS0_FROZEN_SOURCE_HEAD,0,FS0_FROZEN_SOURCE_HEAD,43,104729,3,20,1023
FS0_FROZEN_SOURCE_HEAD,0,FS0_FROZEN_SOURCE_HEAD,43,104729,4,30,1492
FS0_FROZEN_SOURCE_HEAD,0,FS0_FROZEN_SOURCE_HEAD,43,104729,5,0,0
FS0_FROZEN_SOURCE_HEAD,0,FS0_FROZEN_SOURCE_HEAD,43,104729,6,2,99
FS0_FROZEN_SOURCE_HEAD,0,FS0_FROZEN_SOURCE_HEAD,43,130363,0,6,289
FS0_FROZEN_SOURCE_HEAD,0,FS0_FROZEN_SOURCE_HEAD,43,130363,1,2,98
FS0_FROZEN_SOURCE_HEAD,0,FS0_FROZEN_SOURCE_HEAD,43,130363,2,3,149
FS0_FROZEN_SOURCE_HEAD,0,FS0_FROZEN_SOURCE_HEAD,43,130363,3,20,1023
FS0_FROZEN_SOURCE_HEAD,0,FS0_FROZEN_SOURCE_HEAD,43,130363,4,30,1492
FS0_FROZEN_SOURCE_HEAD,0,FS0_FROZEN_SOURCE_HEAD,43,130363,5,0,0
FS0_FROZEN_SOURCE_HEAD,0,FS0_FROZEN_SOURCE_HEAD,43,130363,6,2,99
FS0_FROZEN_SOURCE_HEAD,0,FS0_FROZEN_SOURCE_HEAD,43,155921,0,6,289
FS0_FROZEN_SOURCE_HEAD,0,FS0_FROZEN_SOURCE_HEAD,43,155921,1,2,98
FS0_FROZEN_SOURCE_HEAD,0,FS0_FROZEN_SOURCE_HEAD,43,155921,2,3,149
FS0_FROZEN_SOURCE_HEAD,0,FS0_FROZEN_SOURCE_HEAD,43,155921,3,20,1023
FS0_FROZEN_SOURCE_HEAD,0,FS0_FROZEN_SOURCE_HEAD,43,155921,4,30,1492
FS0_FROZEN_SOURCE_HEAD,0,FS0_FROZEN_SOURCE_HEAD,43,155921,5,0,0
FS0_FROZEN_SOURCE_HEAD,0,FS0_FROZEN_SOURCE_HEAD,43,155921,6,2,99
FS0_FROZEN_SOURCE_HEAD,0,FS0_FROZEN_SOURCE_HEAD,43,181081,0,6,289
FS0_FROZEN_SOURCE_HEAD,0,FS0_FROZEN_SOURCE_HEAD,43,181081,1,2,98
FS0_FROZEN_SOURCE_HEAD,0,FS0_FROZEN_SOURCE_HEAD,43,181081,2,3,149
FS0_FROZEN_SOURCE_HEAD,0,FS0_FROZEN_SOURCE_HEAD,43,181081,3,20,1023
FS0_FROZEN_SOURCE_HEAD,0,FS0_FROZEN_SOURCE_HEAD,43,181081,4,30,1492
FS0_FROZEN_SOURCE_HEAD,0,FS0_FROZEN_SOURCE_HEAD,43,181081,5,0,0
FS0_FROZEN_SOURCE_HEAD,0,FS0_FROZEN_SOURCE_HEAD,43,181081,6,2,99
FS0_FROZEN_SOURCE_HEAD,0,FS0_FROZEN_SOURCE_HEAD,43,205439,0,6,289
FS0_FROZEN_SOURCE_HEAD,0,FS0_FROZEN_SOURCE_HEAD,43,205439,1,2,98
FS0_FROZEN_SOURCE_HEAD,0,FS0_FROZEN_SOURCE_HEAD,43,205439,2,3,149
FS0_FROZEN_SOURCE_HEAD,0,FS0_FROZEN_SOURCE_HEAD,43,205439,3,20,1023
FS0_FROZEN_SOURCE_HEAD,0,FS0_FROZEN_SOURCE_HEAD,43,205439,4,30,1492
FS0_FROZEN_SOURCE_HEAD,0,FS0_FROZEN_SOURCE_HEAD,43,205439,5,0,0
FS0_FROZEN_SOURCE_HEAD,0,FS0_FROZEN_SOURCE_HEAD,43,205439,6,2,99
FS0_FROZEN_SOURCE_HEAD,0,FS0_FROZEN_SOURCE_HEAD,44,104729,0,11,553
FS0_FROZEN_SOURCE_HEAD,0,FS0_FROZEN_SOURCE_HEAD,44,104729,1,2,118
FS0_FROZEN_SOURCE_HEAD,0,FS0_FROZEN_SOURCE_HEAD,44,104729,2,0,0
FS0_FROZEN_SOURCE_HEAD,0,FS0_FROZEN_SOURCE_HEAD,44,104729,3,23,1140
FS0_FROZEN_SOURCE_HEAD,0,FS0_FROZEN_SOURCE_HEAD,44,104729,4,14,685
FS0_FROZEN_SOURCE_HEAD,0,FS0_FROZEN_SOURCE_HEAD,44,104729,5,4,207
FS0_FROZEN_SOURCE_HEAD,0,FS0_FROZEN_SOURCE_HEAD,44,104729,6,9,447
FS0_FROZEN_SOURCE_HEAD,0,FS0_FROZEN_SOURCE_HEAD,44,130363,0,11,553
FS0_FROZEN_SOURCE_HEAD,0,FS0_FROZEN_SOURCE_HEAD,44,130363,1,2,118
FS0_FROZEN_SOURCE_HEAD,0,FS0_FROZEN_SOURCE_HEAD,44,130363,2,0,0
FS0_FROZEN_SOURCE_HEAD,0,FS0_FROZEN_SOURCE_HEAD,44,130363,3,23,1140
FS0_FROZEN_SOURCE_HEAD,0,FS0_FROZEN_SOURCE_HEAD,44,130363,4,14,685
FS0_FROZEN_SOURCE_HEAD,0,FS0_FROZEN_SOURCE_HEAD,44,130363,5,4,207
FS0_FROZEN_SOURCE_HEAD,0,FS0_FROZEN_SOURCE_HEAD,44,130363,6,9,447
FS0_FROZEN_SOURCE_HEAD,0,FS0_FROZEN_SOURCE_HEAD,44,155921,0,11,553
FS0_FROZEN_SOURCE_HEAD,0,FS0_FROZEN_SOURCE_HEAD,44,155921,1,2,118
FS0_FROZEN_SOURCE_HEAD,0,FS0_FROZEN_SOURCE_HEAD,44,155921,2,0,0
FS0_FROZEN_SOURCE_HEAD,0,FS0_FROZEN_SOURCE_HEAD,44,155921,3,23,1140
FS0_FROZEN_SOURCE_HEAD,0,FS0_FROZEN_SOURCE_HEAD,44,155921,4,14,685
FS0_FROZEN_SOURCE_HEAD,0,FS0_FROZEN_SOURCE_HEAD,44,155921,5,4,207
FS0_FROZEN_SOURCE_HEAD,0,FS0_FROZEN_SOURCE_HEAD,44,155921,6,9,447
FS0_FROZEN_SOURCE_HEAD,0,FS0_FROZEN_SOURCE_HEAD,44,181081,0,11,553
FS0_FROZEN_SOURCE_HEAD,0,FS0_FROZEN_SOURCE_HEAD,44,181081,1,2,118
FS0_FROZEN_SOURCE_HEAD,0,FS0_FROZEN_SOURCE_HEAD,44,181081,2,0,0
FS0_FROZEN_SOURCE_HEAD,0,FS0_FROZEN_SOURCE_HEAD,44,181081,3,23,1140
FS0_FROZEN_SOURCE_HEAD,0,FS0_FROZEN_SOURCE_HEAD,44,181081,4,14,685
FS0_FROZEN_SOURCE_HEAD,0,FS0_FROZEN_SOURCE_HEAD,44,181081,5,4,207
FS0_FROZEN_SOURCE_HEAD,0,FS0_FROZEN_SOURCE_HEAD,44,181081,6,9,447
FS0_FROZEN_SOURCE_HEAD,0,FS0_FROZEN_SOURCE_HEAD,44,205439,0,11,553
FS0_FROZEN_SOURCE_HEAD,0,FS0_FROZEN_SOURCE_HEAD,44,205439,1,2,118
FS0_FROZEN_SOURCE_HEAD,0,FS0_FROZEN_SOURCE_HEAD,44,205439,2,0,0
FS0_FROZEN_SOURCE_HEAD,0,FS0_FROZEN_SOURCE_HEAD,44,205439,3,23,1140
FS0_FROZEN_SOURCE_HEAD,0,FS0_FROZEN_SOURCE_HEAD,44,205439,4,14,685
FS0_FROZEN_SOURCE_HEAD,0,FS0_FROZEN_SOURCE_HEAD,44,205439,5,4,207
FS0_FROZEN_SOURCE_HEAD,0,FS0_FROZEN_SOURCE_HEAD,44,205439,6,9,447
FS0_FROZEN_SOURCE_HEAD,0,FS0_FROZEN_SOURCE_HEAD,45,104729,0,37,1846
FS0_FROZEN_SOURCE_HEAD,0,FS0_FROZEN_SOURCE_HEAD,45,104729,1,3,165
FS0_FROZEN_SOURCE_HEAD,0,FS0_FROZEN_SOURCE_HEAD,45,104729,2,8,382
FS0_FROZEN_SOURCE_HEAD,0,FS0_FROZEN_SOURCE_HEAD,45,104729,3,11,559
FS0_FROZEN_SOURCE_HEAD,0,FS0_FROZEN_SOURCE_HEAD,45,104729,4,4,198
FS0_FROZEN_SOURCE_HEAD,0,FS0_FROZEN_SOURCE_HEAD,45,104729,5,0,0
FS0_FROZEN_SOURCE_HEAD,0,FS0_FROZEN_SOURCE_HEAD,45,104729,6,0,0
FS0_FROZEN_SOURCE_HEAD,0,FS0_FROZEN_SOURCE_HEAD,45,130363,0,37,1846
FS0_FROZEN_SOURCE_HEAD,0,FS0_FROZEN_SOURCE_HEAD,45,130363,1,3,165
FS0_FROZEN_SOURCE_HEAD,0,FS0_FROZEN_SOURCE_HEAD,45,130363,2,8,382
FS0_FROZEN_SOURCE_HEAD,0,FS0_FROZEN_SOURCE_HEAD,45,130363,3,11,559
FS0_FROZEN_SOURCE_HEAD,0,FS0_FROZEN_SOURCE_HEAD,45,130363,4,4,198
FS0_FROZEN_SOURCE_HEAD,0,FS0_FROZEN_SOURCE_HEAD,45,130363,5,0,0
FS0_FROZEN_SOURCE_HEAD,0,FS0_FROZEN_SOURCE_HEAD,45,130363,6,0,0
FS0_FROZEN_SOURCE_HEAD,0,FS0_FROZEN_SOURCE_HEAD,45,155921,0,37,1846
FS0_FROZEN_SOURCE_HEAD,0,FS0_FROZEN_SOURCE_HEAD,45,155921,1,3,165
FS0_FROZEN_SOURCE_HEAD,0,FS0_FROZEN_SOURCE_HEAD,45,155921,2,8,382
FS0_FROZEN_SOURCE_HEAD,0,FS0_FROZEN_SOURCE_HEAD,45,155921,3,11,559
FS0_FROZEN_SOURCE_HEAD,0,FS0_FROZEN_SOURCE_HEAD,45,155921,4,4,198
FS0_FROZEN_SOURCE_HEAD,0,FS0_FROZEN_SOURCE_HEAD,45,155921,5,0,0
FS0_FROZEN_SOURCE_HEAD,0,FS0_FROZEN_SOURCE_HEAD,45,155921,6,0,0
FS0_FROZEN_SOURCE_HEAD,0,FS0_FROZEN_SOURCE_HEAD,45,181081,0,37,1846
FS0_FROZEN_SOURCE_HEAD,0,FS0_FROZEN_SOURCE_HEAD,45,181081,1,3,165
FS0_FROZEN_SOURCE_HEAD,0,FS0_FROZEN_SOURCE_HEAD,45,181081,2,8,382
FS0_FROZEN_SOURCE_HEAD,0,FS0_FROZEN_SOURCE_HEAD,45,181081,3,11,559
FS0_FROZEN_SOURCE_HEAD,0,FS0_FROZEN_SOURCE_HEAD,45,181081,4,4,198
FS0_FROZEN_SOURCE_HEAD,0,FS0_FROZEN_SOURCE_HEAD,45,181081,5,0,0
FS0_FROZEN_SOURCE_HEAD,0,FS0_FROZEN_SOURCE_HEAD,45,181081,6,0,0
FS0_FROZEN_SOURCE_HEAD,0,FS0_FROZEN_SOURCE_HEAD,45,205439,0,37,1846
FS0_FROZEN_SOURCE_HEAD,0,FS0_FROZEN_SOURCE_HEAD,45,205439,1,3,165
FS0_FROZEN_SOURCE_HEAD,0,FS0_FROZEN_SOURCE_HEAD,45,205439,2,8,382
FS0_FROZEN_SOURCE_HEAD,0,FS0_FROZEN_SOURCE_HEAD,45,205439,3,11,559
FS0_FROZEN_SOURCE_HEAD,0,FS0_FROZEN_SOURCE_HEAD,45,205439,4,4,198
FS0_FROZEN_SOURCE_HEAD,0,FS0_FROZEN_SOURCE_HEAD,45,205439,5,0,0
FS0_FROZEN_SOURCE_HEAD,0,FS0_FROZEN_SOURCE_HEAD,45,205439,6,0,0
FS0_FROZEN_SOURCE_HEAD,0,FS0_FROZEN_SOURCE_HEAD,46,104729,0,16,782
FS0_FROZEN_SOURCE_HEAD,0,FS0_FROZEN_SOURCE_HEAD,46,104729,1,2,107
FS0_FROZEN_SOURCE_HEAD,0,FS0_FROZEN_SOURCE_HEAD,46,104729,2,0,0
FS0_FROZEN_SOURCE_HEAD,0,FS0_FROZEN_SOURCE_HEAD,46,104729,3,43,2163
FS0_FROZEN_SOURCE_HEAD,0,FS0_FROZEN_SOURCE_HEAD,46,104729,4,0,0
FS0_FROZEN_SOURCE_HEAD,0,FS0_FROZEN_SOURCE_HEAD,46,104729,5,1,49
FS0_FROZEN_SOURCE_HEAD,0,FS0_FROZEN_SOURCE_HEAD,46,104729,6,1,49
FS0_FROZEN_SOURCE_HEAD,0,FS0_FROZEN_SOURCE_HEAD,46,130363,0,16,782
FS0_FROZEN_SOURCE_HEAD,0,FS0_FROZEN_SOURCE_HEAD,46,130363,1,2,107
FS0_FROZEN_SOURCE_HEAD,0,FS0_FROZEN_SOURCE_HEAD,46,130363,2,0,0
FS0_FROZEN_SOURCE_HEAD,0,FS0_FROZEN_SOURCE_HEAD,46,130363,3,43,2163
FS0_FROZEN_SOURCE_HEAD,0,FS0_FROZEN_SOURCE_HEAD,46,130363,4,0,0
FS0_FROZEN_SOURCE_HEAD,0,FS0_FROZEN_SOURCE_HEAD,46,130363,5,1,49
FS0_FROZEN_SOURCE_HEAD,0,FS0_FROZEN_SOURCE_HEAD,46,130363,6,1,49
FS0_FROZEN_SOURCE_HEAD,0,FS0_FROZEN_SOURCE_HEAD,46,155921,0,16,782
FS0_FROZEN_SOURCE_HEAD,0,FS0_FROZEN_SOURCE_HEAD,46,155921,1,2,107
FS0_FROZEN_SOURCE_HEAD,0,FS0_FROZEN_SOURCE_HEAD,46,155921,2,0,0
FS0_FROZEN_SOURCE_HEAD,0,FS0_FROZEN_SOURCE_HEAD,46,155921,3,43,2163
FS0_FROZEN_SOURCE_HEAD,0,FS0_FROZEN_SOURCE_HEAD,46,155921,4,0,0
FS0_FROZEN_SOURCE_HEAD,0,FS0_FROZEN_SOURCE_HEAD,46,155921,5,1,49
FS0_FROZEN_SOURCE_HEAD,0,FS0_FROZEN_SOURCE_HEAD,46,155921,6,1,49
FS0_FROZEN_SOURCE_HEAD,0,FS0_FROZEN_SOURCE_HEAD,46,181081,0,16,782
FS0_FROZEN_SOURCE_HEAD,0,FS0_FROZEN_SOURCE_HEAD,46,181081,1,2,107
FS0_FROZEN_SOURCE_HEAD,0,FS0_FROZEN_SOURCE_HEAD,46,181081,2,0,0
FS0_FROZEN_SOURCE_HEAD,0,FS0_FROZEN_SOURCE_HEAD,46,181081,3,43,2163
FS0_FROZEN_SOURCE_HEAD,0,FS0_FROZEN_SOURCE_HEAD,46,181081,4,0,0
FS0_FROZEN_SOURCE_HEAD,0,FS0_FROZEN_SOURCE_HEAD,46,181081,5,1,49
FS0_FROZEN_SOURCE_HEAD,0,FS0_FROZEN_SOURCE_HEAD,46,181081,6,1,49
FS0_FROZEN_SOURCE_HEAD,0,FS0_FROZEN_SOURCE_HEAD,46,205439,0,16,782
FS0_FROZEN_SOURCE_HEAD,0,FS0_FROZEN_SOURCE_HEAD,46,205439,1,2,107
FS0_FROZEN_SOURCE_HEAD,0,FS0_FROZEN_SOURCE_HEAD,46,205439,2,0,0
FS0_FROZEN_SOURCE_HEAD,0,FS0_FROZEN_SOURCE_HEAD,46,205439,3,43,2163
FS0_FROZEN_SOURCE_HEAD,0,FS0_FROZEN_SOURCE_HEAD,46,205439,4,0,0
FS0_FROZEN_SOURCE_HEAD,0,FS0_FROZEN_SOURCE_HEAD,46,205439,5,1,49
FS0_FROZEN_SOURCE_HEAD,0,FS0_FROZEN_SOURCE_HEAD,46,205439,6,1,49
TARGET_ONLY_COSINE_PROTOTYPE,1,RANDOM_BLOCK,42,104729,0,2,90
TARGET_ONLY_COSINE_PROTOTYPE,1,RANDOM_BLOCK,42,104729,1,5,229
TARGET_ONLY_COSINE_PROTOTYPE,1,RANDOM_BLOCK,42,104729,2,10,497
TARGET_ONLY_COSINE_PROTOTYPE,1,RANDOM_BLOCK,42,104729,3,6,316
TARGET_ONLY_COSINE_PROTOTYPE,1,RANDOM_BLOCK,42,104729,4,8,407
TARGET_ONLY_COSINE_PROTOTYPE,1,RANDOM_BLOCK,42,104729,5,18,916
TARGET_ONLY_COSINE_PROTOTYPE,1,RANDOM_BLOCK,42,104729,6,14,695
TARGET_ONLY_COSINE_PROTOTYPE,1,RANDOM_BLOCK,42,130363,0,10,496
TARGET_ONLY_COSINE_PROTOTYPE,1,RANDOM_BLOCK,42,130363,1,4,205
TARGET_ONLY_COSINE_PROTOTYPE,1,RANDOM_BLOCK,42,130363,2,5,267
TARGET_ONLY_COSINE_PROTOTYPE,1,RANDOM_BLOCK,42,130363,3,13,654
TARGET_ONLY_COSINE_PROTOTYPE,1,RANDOM_BLOCK,42,130363,4,1,52
TARGET_ONLY_COSINE_PROTOTYPE,1,RANDOM_BLOCK,42,130363,5,16,788
TARGET_ONLY_COSINE_PROTOTYPE,1,RANDOM_BLOCK,42,130363,6,14,688
TARGET_ONLY_COSINE_PROTOTYPE,1,RANDOM_BLOCK,42,155921,0,1,56
TARGET_ONLY_COSINE_PROTOTYPE,1,RANDOM_BLOCK,42,155921,1,4,204
TARGET_ONLY_COSINE_PROTOTYPE,1,RANDOM_BLOCK,42,155921,2,8,395
TARGET_ONLY_COSINE_PROTOTYPE,1,RANDOM_BLOCK,42,155921,3,12,604
TARGET_ONLY_COSINE_PROTOTYPE,1,RANDOM_BLOCK,42,155921,4,17,833
TARGET_ONLY_COSINE_PROTOTYPE,1,RANDOM_BLOCK,42,155921,5,9,458
TARGET_ONLY_COSINE_PROTOTYPE,1,RANDOM_BLOCK,42,155921,6,12,600
TARGET_ONLY_COSINE_PROTOTYPE,1,RANDOM_BLOCK,42,181081,0,16,821
TARGET_ONLY_COSINE_PROTOTYPE,1,RANDOM_BLOCK,42,181081,1,7,352
TARGET_ONLY_COSINE_PROTOTYPE,1,RANDOM_BLOCK,42,181081,2,4,198
TARGET_ONLY_COSINE_PROTOTYPE,1,RANDOM_BLOCK,42,181081,3,10,494
TARGET_ONLY_COSINE_PROTOTYPE,1,RANDOM_BLOCK,42,181081,4,3,152
TARGET_ONLY_COSINE_PROTOTYPE,1,RANDOM_BLOCK,42,181081,5,9,419
TARGET_ONLY_COSINE_PROTOTYPE,1,RANDOM_BLOCK,42,181081,6,14,714
TARGET_ONLY_COSINE_PROTOTYPE,1,RANDOM_BLOCK,42,205439,0,22,1077
TARGET_ONLY_COSINE_PROTOTYPE,1,RANDOM_BLOCK,42,205439,1,5,250
TARGET_ONLY_COSINE_PROTOTYPE,1,RANDOM_BLOCK,42,205439,2,0,4
TARGET_ONLY_COSINE_PROTOTYPE,1,RANDOM_BLOCK,42,205439,3,7,380
TARGET_ONLY_COSINE_PROTOTYPE,1,RANDOM_BLOCK,42,205439,4,4,192
TARGET_ONLY_COSINE_PROTOTYPE,1,RANDOM_BLOCK,42,205439,5,10,485
TARGET_ONLY_COSINE_PROTOTYPE,1,RANDOM_BLOCK,42,205439,6,15,762
TARGET_ONLY_COSINE_PROTOTYPE,1,RANDOM_BLOCK,43,104729,0,4,205
TARGET_ONLY_COSINE_PROTOTYPE,1,RANDOM_BLOCK,43,104729,1,3,147
TARGET_ONLY_COSINE_PROTOTYPE,1,RANDOM_BLOCK,43,104729,2,14,681
TARGET_ONLY_COSINE_PROTOTYPE,1,RANDOM_BLOCK,43,104729,3,7,369
TARGET_ONLY_COSINE_PROTOTYPE,1,RANDOM_BLOCK,43,104729,4,7,382
TARGET_ONLY_COSINE_PROTOTYPE,1,RANDOM_BLOCK,43,104729,5,21,1034
TARGET_ONLY_COSINE_PROTOTYPE,1,RANDOM_BLOCK,43,104729,6,7,332
TARGET_ONLY_COSINE_PROTOTYPE,1,RANDOM_BLOCK,43,130363,0,14,696
TARGET_ONLY_COSINE_PROTOTYPE,1,RANDOM_BLOCK,43,130363,1,6,285
TARGET_ONLY_COSINE_PROTOTYPE,1,RANDOM_BLOCK,43,130363,2,13,651
TARGET_ONLY_COSINE_PROTOTYPE,1,RANDOM_BLOCK,43,130363,3,9,494
TARGET_ONLY_COSINE_PROTOTYPE,1,RANDOM_BLOCK,43,130363,4,3,128
TARGET_ONLY_COSINE_PROTOTYPE,1,RANDOM_BLOCK,43,130363,5,8,397
TARGET_ONLY_COSINE_PROTOTYPE,1,RANDOM_BLOCK,43,130363,6,10,499
TARGET_ONLY_COSINE_PROTOTYPE,1,RANDOM_BLOCK,43,155921,0,5,247
TARGET_ONLY_COSINE_PROTOTYPE,1,RANDOM_BLOCK,43,155921,1,3,156
TARGET_ONLY_COSINE_PROTOTYPE,1,RANDOM_BLOCK,43,155921,2,13,633
TARGET_ONLY_COSINE_PROTOTYPE,1,RANDOM_BLOCK,43,155921,3,13,657
TARGET_ONLY_COSINE_PROTOTYPE,1,RANDOM_BLOCK,43,155921,4,12,626
TARGET_ONLY_COSINE_PROTOTYPE,1,RANDOM_BLOCK,43,155921,5,15,727
TARGET_ONLY_COSINE_PROTOTYPE,1,RANDOM_BLOCK,43,155921,6,2,104
TARGET_ONLY_COSINE_PROTOTYPE,1,RANDOM_BLOCK,43,181081,0,12,612
TARGET_ONLY_COSINE_PROTOTYPE,1,RANDOM_BLOCK,43,181081,1,8,402
TARGET_ONLY_COSINE_PROTOTYPE,1,RANDOM_BLOCK,43,181081,2,14,702
TARGET_ONLY_COSINE_PROTOTYPE,1,RANDOM_BLOCK,43,181081,3,11,504
TARGET_ONLY_COSINE_PROTOTYPE,1,RANDOM_BLOCK,43,181081,4,4,203
TARGET_ONLY_COSINE_PROTOTYPE,1,RANDOM_BLOCK,43,181081,5,5,248
TARGET_ONLY_COSINE_PROTOTYPE,1,RANDOM_BLOCK,43,181081,6,9,479
TARGET_ONLY_COSINE_PROTOTYPE,1,RANDOM_BLOCK,43,205439,0,14,681
TARGET_ONLY_COSINE_PROTOTYPE,1,RANDOM_BLOCK,43,205439,1,5,250
TARGET_ONLY_COSINE_PROTOTYPE,1,RANDOM_BLOCK,43,205439,2,12,609
TARGET_ONLY_COSINE_PROTOTYPE,1,RANDOM_BLOCK,43,205439,3,8,411
TARGET_ONLY_COSINE_PROTOTYPE,1,RANDOM_BLOCK,43,205439,4,4,183
TARGET_ONLY_COSINE_PROTOTYPE,1,RANDOM_BLOCK,43,205439,5,6,297
TARGET_ONLY_COSINE_PROTOTYPE,1,RANDOM_BLOCK,43,205439,6,14,719
TARGET_ONLY_COSINE_PROTOTYPE,1,RANDOM_BLOCK,44,104729,0,5,274
TARGET_ONLY_COSINE_PROTOTYPE,1,RANDOM_BLOCK,44,104729,1,9,445
TARGET_ONLY_COSINE_PROTOTYPE,1,RANDOM_BLOCK,44,104729,2,11,519
TARGET_ONLY_COSINE_PROTOTYPE,1,RANDOM_BLOCK,44,104729,3,6,323
TARGET_ONLY_COSINE_PROTOTYPE,1,RANDOM_BLOCK,44,104729,4,2,88
TARGET_ONLY_COSINE_PROTOTYPE,1,RANDOM_BLOCK,44,104729,5,18,874
TARGET_ONLY_COSINE_PROTOTYPE,1,RANDOM_BLOCK,44,104729,6,12,627
TARGET_ONLY_COSINE_PROTOTYPE,1,RANDOM_BLOCK,44,130363,0,12,600
TARGET_ONLY_COSINE_PROTOTYPE,1,RANDOM_BLOCK,44,130363,1,6,300
TARGET_ONLY_COSINE_PROTOTYPE,1,RANDOM_BLOCK,44,130363,2,7,350
TARGET_ONLY_COSINE_PROTOTYPE,1,RANDOM_BLOCK,44,130363,3,9,470
TARGET_ONLY_COSINE_PROTOTYPE,1,RANDOM_BLOCK,44,130363,4,1,30
TARGET_ONLY_COSINE_PROTOTYPE,1,RANDOM_BLOCK,44,130363,5,15,763
TARGET_ONLY_COSINE_PROTOTYPE,1,RANDOM_BLOCK,44,130363,6,13,637
TARGET_ONLY_COSINE_PROTOTYPE,1,RANDOM_BLOCK,44,155921,0,6,311
TARGET_ONLY_COSINE_PROTOTYPE,1,RANDOM_BLOCK,44,155921,1,7,351
TARGET_ONLY_COSINE_PROTOTYPE,1,RANDOM_BLOCK,44,155921,2,11,537
TARGET_ONLY_COSINE_PROTOTYPE,1,RANDOM_BLOCK,44,155921,3,7,362
TARGET_ONLY_COSINE_PROTOTYPE,1,RANDOM_BLOCK,44,155921,4,7,358
TARGET_ONLY_COSINE_PROTOTYPE,1,RANDOM_BLOCK,44,155921,5,9,434
TARGET_ONLY_COSINE_PROTOTYPE,1,RANDOM_BLOCK,44,155921,6,16,797
TARGET_ONLY_COSINE_PROTOTYPE,1,RANDOM_BLOCK,44,181081,0,14,726
TARGET_ONLY_COSINE_PROTOTYPE,1,RANDOM_BLOCK,44,181081,1,12,586
TARGET_ONLY_COSINE_PROTOTYPE,1,RANDOM_BLOCK,44,181081,2,6,308
TARGET_ONLY_COSINE_PROTOTYPE,1,RANDOM_BLOCK,44,181081,3,9,442
TARGET_ONLY_COSINE_PROTOTYPE,1,RANDOM_BLOCK,44,181081,4,8,400
TARGET_ONLY_COSINE_PROTOTYPE,1,RANDOM_BLOCK,44,181081,5,5,239
TARGET_ONLY_COSINE_PROTOTYPE,1,RANDOM_BLOCK,44,181081,6,9,449
TARGET_ONLY_COSINE_PROTOTYPE,1,RANDOM_BLOCK,44,205439,0,17,848
TARGET_ONLY_COSINE_PROTOTYPE,1,RANDOM_BLOCK,44,205439,1,4,202
TARGET_ONLY_COSINE_PROTOTYPE,1,RANDOM_BLOCK,44,205439,2,9,445
TARGET_ONLY_COSINE_PROTOTYPE,1,RANDOM_BLOCK,44,205439,3,8,412
TARGET_ONLY_COSINE_PROTOTYPE,1,RANDOM_BLOCK,44,205439,4,9,450
TARGET_ONLY_COSINE_PROTOTYPE,1,RANDOM_BLOCK,44,205439,5,6,313
TARGET_ONLY_COSINE_PROTOTYPE,1,RANDOM_BLOCK,44,205439,6,10,480
TARGET_ONLY_COSINE_PROTOTYPE,1,RANDOM_BLOCK,45,104729,0,6,300
TARGET_ONLY_COSINE_PROTOTYPE,1,RANDOM_BLOCK,45,104729,1,3,160
TARGET_ONLY_COSINE_PROTOTYPE,1,RANDOM_BLOCK,45,104729,2,20,979
TARGET_ONLY_COSINE_PROTOTYPE,1,RANDOM_BLOCK,45,104729,3,4,203
TARGET_ONLY_COSINE_PROTOTYPE,1,RANDOM_BLOCK,45,104729,4,3,164
TARGET_ONLY_COSINE_PROTOTYPE,1,RANDOM_BLOCK,45,104729,5,20,990
TARGET_ONLY_COSINE_PROTOTYPE,1,RANDOM_BLOCK,45,104729,6,7,354
TARGET_ONLY_COSINE_PROTOTYPE,1,RANDOM_BLOCK,45,130363,0,12,589
TARGET_ONLY_COSINE_PROTOTYPE,1,RANDOM_BLOCK,45,130363,1,7,340
TARGET_ONLY_COSINE_PROTOTYPE,1,RANDOM_BLOCK,45,130363,2,7,355
TARGET_ONLY_COSINE_PROTOTYPE,1,RANDOM_BLOCK,45,130363,3,8,380
TARGET_ONLY_COSINE_PROTOTYPE,1,RANDOM_BLOCK,45,130363,4,2,114
TARGET_ONLY_COSINE_PROTOTYPE,1,RANDOM_BLOCK,45,130363,5,15,746
TARGET_ONLY_COSINE_PROTOTYPE,1,RANDOM_BLOCK,45,130363,6,12,626
TARGET_ONLY_COSINE_PROTOTYPE,1,RANDOM_BLOCK,45,155921,0,6,301
TARGET_ONLY_COSINE_PROTOTYPE,1,RANDOM_BLOCK,45,155921,1,3,155
TARGET_ONLY_COSINE_PROTOTYPE,1,RANDOM_BLOCK,45,155921,2,19,943
TARGET_ONLY_COSINE_PROTOTYPE,1,RANDOM_BLOCK,45,155921,3,9,447
TARGET_ONLY_COSINE_PROTOTYPE,1,RANDOM_BLOCK,45,155921,4,5,251
TARGET_ONLY_COSINE_PROTOTYPE,1,RANDOM_BLOCK,45,155921,5,9,442
TARGET_ONLY_COSINE_PROTOTYPE,1,RANDOM_BLOCK,45,155921,6,12,611
TARGET_ONLY_COSINE_PROTOTYPE,1,RANDOM_BLOCK,45,181081,0,19,942
TARGET_ONLY_COSINE_PROTOTYPE,1,RANDOM_BLOCK,45,181081,1,8,410
TARGET_ONLY_COSINE_PROTOTYPE,1,RANDOM_BLOCK,45,181081,2,14,711
TARGET_ONLY_COSINE_PROTOTYPE,1,RANDOM_BLOCK,45,181081,3,8,395
TARGET_ONLY_COSINE_PROTOTYPE,1,RANDOM_BLOCK,45,181081,4,3,136
TARGET_ONLY_COSINE_PROTOTYPE,1,RANDOM_BLOCK,45,181081,5,5,221
TARGET_ONLY_COSINE_PROTOTYPE,1,RANDOM_BLOCK,45,181081,6,6,335
TARGET_ONLY_COSINE_PROTOTYPE,1,RANDOM_BLOCK,45,205439,0,16,810
TARGET_ONLY_COSINE_PROTOTYPE,1,RANDOM_BLOCK,45,205439,1,3,158
TARGET_ONLY_COSINE_PROTOTYPE,1,RANDOM_BLOCK,45,205439,2,17,836
TARGET_ONLY_COSINE_PROTOTYPE,1,RANDOM_BLOCK,45,205439,3,9,435
TARGET_ONLY_COSINE_PROTOTYPE,1,RANDOM_BLOCK,45,205439,4,2,100
TARGET_ONLY_COSINE_PROTOTYPE,1,RANDOM_BLOCK,45,205439,5,8,403
TARGET_ONLY_COSINE_PROTOTYPE,1,RANDOM_BLOCK,45,205439,6,8,408
TARGET_ONLY_COSINE_PROTOTYPE,1,RANDOM_BLOCK,46,104729,0,3,157
TARGET_ONLY_COSINE_PROTOTYPE,1,RANDOM_BLOCK,46,104729,1,5,272
TARGET_ONLY_COSINE_PROTOTYPE,1,RANDOM_BLOCK,46,104729,2,14,664
TARGET_ONLY_COSINE_PROTOTYPE,1,RANDOM_BLOCK,46,104729,3,3,147
TARGET_ONLY_COSINE_PROTOTYPE,1,RANDOM_BLOCK,46,104729,4,8,385
TARGET_ONLY_COSINE_PROTOTYPE,1,RANDOM_BLOCK,46,104729,5,22,1072
TARGET_ONLY_COSINE_PROTOTYPE,1,RANDOM_BLOCK,46,104729,6,8,453
TARGET_ONLY_COSINE_PROTOTYPE,1,RANDOM_BLOCK,46,130363,0,3,160
TARGET_ONLY_COSINE_PROTOTYPE,1,RANDOM_BLOCK,46,130363,1,4,204
TARGET_ONLY_COSINE_PROTOTYPE,1,RANDOM_BLOCK,46,130363,2,8,420
TARGET_ONLY_COSINE_PROTOTYPE,1,RANDOM_BLOCK,46,130363,3,8,378
TARGET_ONLY_COSINE_PROTOTYPE,1,RANDOM_BLOCK,46,130363,4,8,399
TARGET_ONLY_COSINE_PROTOTYPE,1,RANDOM_BLOCK,46,130363,5,21,1045
TARGET_ONLY_COSINE_PROTOTYPE,1,RANDOM_BLOCK,46,130363,6,11,544
TARGET_ONLY_COSINE_PROTOTYPE,1,RANDOM_BLOCK,46,155921,0,1,54
TARGET_ONLY_COSINE_PROTOTYPE,1,RANDOM_BLOCK,46,155921,1,9,454
TARGET_ONLY_COSINE_PROTOTYPE,1,RANDOM_BLOCK,46,155921,2,13,655
TARGET_ONLY_COSINE_PROTOTYPE,1,RANDOM_BLOCK,46,155921,3,10,487
TARGET_ONLY_COSINE_PROTOTYPE,1,RANDOM_BLOCK,46,155921,4,14,704
TARGET_ONLY_COSINE_PROTOTYPE,1,RANDOM_BLOCK,46,155921,5,9,450
TARGET_ONLY_COSINE_PROTOTYPE,1,RANDOM_BLOCK,46,155921,6,7,346
TARGET_ONLY_COSINE_PROTOTYPE,1,RANDOM_BLOCK,46,181081,0,13,650
TARGET_ONLY_COSINE_PROTOTYPE,1,RANDOM_BLOCK,46,181081,1,9,470
TARGET_ONLY_COSINE_PROTOTYPE,1,RANDOM_BLOCK,46,181081,2,9,456
TARGET_ONLY_COSINE_PROTOTYPE,1,RANDOM_BLOCK,46,181081,3,6,290
TARGET_ONLY_COSINE_PROTOTYPE,1,RANDOM_BLOCK,46,181081,4,7,346
TARGET_ONLY_COSINE_PROTOTYPE,1,RANDOM_BLOCK,46,181081,5,14,678
TARGET_ONLY_COSINE_PROTOTYPE,1,RANDOM_BLOCK,46,181081,6,5,260
TARGET_ONLY_COSINE_PROTOTYPE,1,RANDOM_BLOCK,46,205439,0,14,670
TARGET_ONLY_COSINE_PROTOTYPE,1,RANDOM_BLOCK,46,205439,1,8,394
TARGET_ONLY_COSINE_PROTOTYPE,1,RANDOM_BLOCK,46,205439,2,6,314
TARGET_ONLY_COSINE_PROTOTYPE,1,RANDOM_BLOCK,46,205439,3,10,478
TARGET_ONLY_COSINE_PROTOTYPE,1,RANDOM_BLOCK,46,205439,4,11,546
TARGET_ONLY_COSINE_PROTOTYPE,1,RANDOM_BLOCK,46,205439,5,13,648
TARGET_ONLY_COSINE_PROTOTYPE,1,RANDOM_BLOCK,46,205439,6,1,100
TARGET_ONLY_COSINE_PROTOTYPE,3,ER_BALANCED,42,104729,0,4,202
TARGET_ONLY_COSINE_PROTOTYPE,3,ER_BALANCED,42,104729,1,10,487
TARGET_ONLY_COSINE_PROTOTYPE,3,ER_BALANCED,42,104729,2,4,210
TARGET_ONLY_COSINE_PROTOTYPE,3,ER_BALANCED,42,104729,3,16,802
TARGET_ONLY_COSINE_PROTOTYPE,3,ER_BALANCED,42,104729,4,4,233
TARGET_ONLY_COSINE_PROTOTYPE,3,ER_BALANCED,42,104729,5,10,486
TARGET_ONLY_COSINE_PROTOTYPE,3,ER_BALANCED,42,104729,6,15,730
TARGET_ONLY_COSINE_PROTOTYPE,3,ER_BALANCED,42,130363,0,7,354
TARGET_ONLY_COSINE_PROTOTYPE,3,ER_BALANCED,42,130363,1,6,306
TARGET_ONLY_COSINE_PROTOTYPE,3,ER_BALANCED,42,130363,2,8,371
TARGET_ONLY_COSINE_PROTOTYPE,3,ER_BALANCED,42,130363,3,18,903
TARGET_ONLY_COSINE_PROTOTYPE,3,ER_BALANCED,42,130363,4,3,176
TARGET_ONLY_COSINE_PROTOTYPE,3,ER_BALANCED,42,130363,5,15,765
TARGET_ONLY_COSINE_PROTOTYPE,3,ER_BALANCED,42,130363,6,6,275
TARGET_ONLY_COSINE_PROTOTYPE,3,ER_BALANCED,42,155921,0,3,147
TARGET_ONLY_COSINE_PROTOTYPE,3,ER_BALANCED,42,155921,1,10,475
TARGET_ONLY_COSINE_PROTOTYPE,3,ER_BALANCED,42,155921,2,4,202
TARGET_ONLY_COSINE_PROTOTYPE,3,ER_BALANCED,42,155921,3,9,451
TARGET_ONLY_COSINE_PROTOTYPE,3,ER_BALANCED,42,155921,4,6,324
TARGET_ONLY_COSINE_PROTOTYPE,3,ER_BALANCED,42,155921,5,14,707
TARGET_ONLY_COSINE_PROTOTYPE,3,ER_BALANCED,42,155921,6,17,844
TARGET_ONLY_COSINE_PROTOTYPE,3,ER_BALANCED,42,181081,0,3,137
TARGET_ONLY_COSINE_PROTOTYPE,3,ER_BALANCED,42,181081,1,8,403
TARGET_ONLY_COSINE_PROTOTYPE,3,ER_BALANCED,42,181081,2,7,333
TARGET_ONLY_COSINE_PROTOTYPE,3,ER_BALANCED,42,181081,3,7,364
TARGET_ONLY_COSINE_PROTOTYPE,3,ER_BALANCED,42,181081,4,7,354
TARGET_ONLY_COSINE_PROTOTYPE,3,ER_BALANCED,42,181081,5,14,709
TARGET_ONLY_COSINE_PROTOTYPE,3,ER_BALANCED,42,181081,6,17,850
TARGET_ONLY_COSINE_PROTOTYPE,3,ER_BALANCED,42,205439,0,6,285
TARGET_ONLY_COSINE_PROTOTYPE,3,ER_BALANCED,42,205439,1,5,253
TARGET_ONLY_COSINE_PROTOTYPE,3,ER_BALANCED,42,205439,2,5,222
TARGET_ONLY_COSINE_PROTOTYPE,3,ER_BALANCED,42,205439,3,14,713
TARGET_ONLY_COSINE_PROTOTYPE,3,ER_BALANCED,42,205439,4,3,163
TARGET_ONLY_COSINE_PROTOTYPE,3,ER_BALANCED,42,205439,5,9,471
TARGET_ONLY_COSINE_PROTOTYPE,3,ER_BALANCED,42,205439,6,21,1043
TARGET_ONLY_COSINE_PROTOTYPE,3,ER_BALANCED,43,104729,0,8,408
TARGET_ONLY_COSINE_PROTOTYPE,3,ER_BALANCED,43,104729,1,13,643
TARGET_ONLY_COSINE_PROTOTYPE,3,ER_BALANCED,43,104729,2,5,249
TARGET_ONLY_COSINE_PROTOTYPE,3,ER_BALANCED,43,104729,3,17,858
TARGET_ONLY_COSINE_PROTOTYPE,3,ER_BALANCED,43,104729,4,5,256
TARGET_ONLY_COSINE_PROTOTYPE,3,ER_BALANCED,43,104729,5,8,380
TARGET_ONLY_COSINE_PROTOTYPE,3,ER_BALANCED,43,104729,6,7,356
TARGET_ONLY_COSINE_PROTOTYPE,3,ER_BALANCED,43,130363,0,10,521
TARGET_ONLY_COSINE_PROTOTYPE,3,ER_BALANCED,43,130363,1,5,242
TARGET_ONLY_COSINE_PROTOTYPE,3,ER_BALANCED,43,130363,2,7,335
TARGET_ONLY_COSINE_PROTOTYPE,3,ER_BALANCED,43,130363,3,17,837
TARGET_ONLY_COSINE_PROTOTYPE,3,ER_BALANCED,43,130363,4,6,312
TARGET_ONLY_COSINE_PROTOTYPE,3,ER_BALANCED,43,130363,5,16,772
TARGET_ONLY_COSINE_PROTOTYPE,3,ER_BALANCED,43,130363,6,2,131
TARGET_ONLY_COSINE_PROTOTYPE,3,ER_BALANCED,43,155921,0,8,385
TARGET_ONLY_COSINE_PROTOTYPE,3,ER_BALANCED,43,155921,1,6,312
TARGET_ONLY_COSINE_PROTOTYPE,3,ER_BALANCED,43,155921,2,5,241
TARGET_ONLY_COSINE_PROTOTYPE,3,ER_BALANCED,43,155921,3,12,604
TARGET_ONLY_COSINE_PROTOTYPE,3,ER_BALANCED,43,155921,4,7,387
TARGET_ONLY_COSINE_PROTOTYPE,3,ER_BALANCED,43,155921,5,14,689
TARGET_ONLY_COSINE_PROTOTYPE,3,ER_BALANCED,43,155921,6,11,532
TARGET_ONLY_COSINE_PROTOTYPE,3,ER_BALANCED,43,181081,0,5,264
TARGET_ONLY_COSINE_PROTOTYPE,3,ER_BALANCED,43,181081,1,9,462
TARGET_ONLY_COSINE_PROTOTYPE,3,ER_BALANCED,43,181081,2,2,111
TARGET_ONLY_COSINE_PROTOTYPE,3,ER_BALANCED,43,181081,3,10,474
TARGET_ONLY_COSINE_PROTOTYPE,3,ER_BALANCED,43,181081,4,6,309
TARGET_ONLY_COSINE_PROTOTYPE,3,ER_BALANCED,43,181081,5,15,729
TARGET_ONLY_COSINE_PROTOTYPE,3,ER_BALANCED,43,181081,6,16,801
TARGET_ONLY_COSINE_PROTOTYPE,3,ER_BALANCED,43,205439,0,13,651
TARGET_ONLY_COSINE_PROTOTYPE,3,ER_BALANCED,43,205439,1,5,249
TARGET_ONLY_COSINE_PROTOTYPE,3,ER_BALANCED,43,205439,2,2,102
TARGET_ONLY_COSINE_PROTOTYPE,3,ER_BALANCED,43,205439,3,12,608
TARGET_ONLY_COSINE_PROTOTYPE,3,ER_BALANCED,43,205439,4,8,401
TARGET_ONLY_COSINE_PROTOTYPE,3,ER_BALANCED,43,205439,5,12,590
TARGET_ONLY_COSINE_PROTOTYPE,3,ER_BALANCED,43,205439,6,11,549
TARGET_ONLY_COSINE_PROTOTYPE,3,ER_BALANCED,44,104729,0,10,507
TARGET_ONLY_COSINE_PROTOTYPE,3,ER_BALANCED,44,104729,1,15,764
TARGET_ONLY_COSINE_PROTOTYPE,3,ER_BALANCED,44,104729,2,6,279
TARGET_ONLY_COSINE_PROTOTYPE,3,ER_BALANCED,44,104729,3,8,380
TARGET_ONLY_COSINE_PROTOTYPE,3,ER_BALANCED,44,104729,4,4,235
TARGET_ONLY_COSINE_PROTOTYPE,3,ER_BALANCED,44,104729,5,8,396
TARGET_ONLY_COSINE_PROTOTYPE,3,ER_BALANCED,44,104729,6,12,589
TARGET_ONLY_COSINE_PROTOTYPE,3,ER_BALANCED,44,130363,0,7,334
TARGET_ONLY_COSINE_PROTOTYPE,3,ER_BALANCED,44,130363,1,11,551
TARGET_ONLY_COSINE_PROTOTYPE,3,ER_BALANCED,44,130363,2,11,528
TARGET_ONLY_COSINE_PROTOTYPE,3,ER_BALANCED,44,130363,3,10,493
TARGET_ONLY_COSINE_PROTOTYPE,3,ER_BALANCED,44,130363,4,5,271
TARGET_ONLY_COSINE_PROTOTYPE,3,ER_BALANCED,44,130363,5,11,578
TARGET_ONLY_COSINE_PROTOTYPE,3,ER_BALANCED,44,130363,6,8,395
TARGET_ONLY_COSINE_PROTOTYPE,3,ER_BALANCED,44,155921,0,10,503
TARGET_ONLY_COSINE_PROTOTYPE,3,ER_BALANCED,44,155921,1,11,563
TARGET_ONLY_COSINE_PROTOTYPE,3,ER_BALANCED,44,155921,2,10,498
TARGET_ONLY_COSINE_PROTOTYPE,3,ER_BALANCED,44,155921,3,6,316
TARGET_ONLY_COSINE_PROTOTYPE,3,ER_BALANCED,44,155921,4,3,157
TARGET_ONLY_COSINE_PROTOTYPE,3,ER_BALANCED,44,155921,5,11,537
TARGET_ONLY_COSINE_PROTOTYPE,3,ER_BALANCED,44,155921,6,12,576
TARGET_ONLY_COSINE_PROTOTYPE,3,ER_BALANCED,44,181081,0,9,458
TARGET_ONLY_COSINE_PROTOTYPE,3,ER_BALANCED,44,181081,1,8,423
TARGET_ONLY_COSINE_PROTOTYPE,3,ER_BALANCED,44,181081,2,11,549
TARGET_ONLY_COSINE_PROTOTYPE,3,ER_BALANCED,44,181081,3,4,193
TARGET_ONLY_COSINE_PROTOTYPE,3,ER_BALANCED,44,181081,4,9,448
TARGET_ONLY_COSINE_PROTOTYPE,3,ER_BALANCED,44,181081,5,10,493
TARGET_ONLY_COSINE_PROTOTYPE,3,ER_BALANCED,44,181081,6,12,586
TARGET_ONLY_COSINE_PROTOTYPE,3,ER_BALANCED,44,205439,0,13,665
TARGET_ONLY_COSINE_PROTOTYPE,3,ER_BALANCED,44,205439,1,11,550
TARGET_ONLY_COSINE_PROTOTYPE,3,ER_BALANCED,44,205439,2,4,207
TARGET_ONLY_COSINE_PROTOTYPE,3,ER_BALANCED,44,205439,3,3,158
TARGET_ONLY_COSINE_PROTOTYPE,3,ER_BALANCED,44,205439,4,6,299
TARGET_ONLY_COSINE_PROTOTYPE,3,ER_BALANCED,44,205439,5,11,525
TARGET_ONLY_COSINE_PROTOTYPE,3,ER_BALANCED,44,205439,6,15,746
TARGET_ONLY_COSINE_PROTOTYPE,3,ER_BALANCED,45,104729,0,4,203
TARGET_ONLY_COSINE_PROTOTYPE,3,ER_BALANCED,45,104729,1,16,804
TARGET_ONLY_COSINE_PROTOTYPE,3,ER_BALANCED,45,104729,2,4,204
TARGET_ONLY_COSINE_PROTOTYPE,3,ER_BALANCED,45,104729,3,14,695
TARGET_ONLY_COSINE_PROTOTYPE,3,ER_BALANCED,45,104729,4,5,271
TARGET_ONLY_COSINE_PROTOTYPE,3,ER_BALANCED,45,104729,5,7,343
TARGET_ONLY_COSINE_PROTOTYPE,3,ER_BALANCED,45,104729,6,13,630
TARGET_ONLY_COSINE_PROTOTYPE,3,ER_BALANCED,45,130363,0,5,253
TARGET_ONLY_COSINE_PROTOTYPE,3,ER_BALANCED,45,130363,1,8,403
TARGET_ONLY_COSINE_PROTOTYPE,3,ER_BALANCED,45,130363,2,8,385
TARGET_ONLY_COSINE_PROTOTYPE,3,ER_BALANCED,45,130363,3,12,593
TARGET_ONLY_COSINE_PROTOTYPE,3,ER_BALANCED,45,130363,4,10,512
TARGET_ONLY_COSINE_PROTOTYPE,3,ER_BALANCED,45,130363,5,14,708
TARGET_ONLY_COSINE_PROTOTYPE,3,ER_BALANCED,45,130363,6,6,296
TARGET_ONLY_COSINE_PROTOTYPE,3,ER_BALANCED,45,155921,0,4,196
TARGET_ONLY_COSINE_PROTOTYPE,3,ER_BALANCED,45,155921,1,6,323
TARGET_ONLY_COSINE_PROTOTYPE,3,ER_BALANCED,45,155921,2,16,785
TARGET_ONLY_COSINE_PROTOTYPE,3,ER_BALANCED,45,155921,3,11,548
TARGET_ONLY_COSINE_PROTOTYPE,3,ER_BALANCED,45,155921,4,9,444
TARGET_ONLY_COSINE_PROTOTYPE,3,ER_BALANCED,45,155921,5,11,554
TARGET_ONLY_COSINE_PROTOTYPE,3,ER_BALANCED,45,155921,6,6,300
TARGET_ONLY_COSINE_PROTOTYPE,3,ER_BALANCED,45,181081,0,10,508
TARGET_ONLY_COSINE_PROTOTYPE,3,ER_BALANCED,45,181081,1,9,450
TARGET_ONLY_COSINE_PROTOTYPE,3,ER_BALANCED,45,181081,2,14,707
TARGET_ONLY_COSINE_PROTOTYPE,3,ER_BALANCED,45,181081,3,8,376
TARGET_ONLY_COSINE_PROTOTYPE,3,ER_BALANCED,45,181081,4,5,250
TARGET_ONLY_COSINE_PROTOTYPE,3,ER_BALANCED,45,181081,5,11,553
TARGET_ONLY_COSINE_PROTOTYPE,3,ER_BALANCED,45,181081,6,6,306
TARGET_ONLY_COSINE_PROTOTYPE,3,ER_BALANCED,45,205439,0,9,449
TARGET_ONLY_COSINE_PROTOTYPE,3,ER_BALANCED,45,205439,1,9,447
TARGET_ONLY_COSINE_PROTOTYPE,3,ER_BALANCED,45,205439,2,4,203
TARGET_ONLY_COSINE_PROTOTYPE,3,ER_BALANCED,45,205439,3,10,515
TARGET_ONLY_COSINE_PROTOTYPE,3,ER_BALANCED,45,205439,4,5,244
TARGET_ONLY_COSINE_PROTOTYPE,3,ER_BALANCED,45,205439,5,7,341
TARGET_ONLY_COSINE_PROTOTYPE,3,ER_BALANCED,45,205439,6,19,951
TARGET_ONLY_COSINE_PROTOTYPE,3,ER_BALANCED,46,104729,0,9,444
TARGET_ONLY_COSINE_PROTOTYPE,3,ER_BALANCED,46,104729,1,16,788
TARGET_ONLY_COSINE_PROTOTYPE,3,ER_BALANCED,46,104729,2,12,612
TARGET_ONLY_COSINE_PROTOTYPE,3,ER_BALANCED,46,104729,3,11,546
TARGET_ONLY_COSINE_PROTOTYPE,3,ER_BALANCED,46,104729,4,7,342
TARGET_ONLY_COSINE_PROTOTYPE,3,ER_BALANCED,46,104729,5,4,212
TARGET_ONLY_COSINE_PROTOTYPE,3,ER_BALANCED,46,104729,6,4,206
TARGET_ONLY_COSINE_PROTOTYPE,3,ER_BALANCED,46,130363,0,9,461
TARGET_ONLY_COSINE_PROTOTYPE,3,ER_BALANCED,46,130363,1,6,295
TARGET_ONLY_COSINE_PROTOTYPE,3,ER_BALANCED,46,130363,2,11,547
TARGET_ONLY_COSINE_PROTOTYPE,3,ER_BALANCED,46,130363,3,10,501
TARGET_ONLY_COSINE_PROTOTYPE,3,ER_BALANCED,46,130363,4,4,204
TARGET_ONLY_COSINE_PROTOTYPE,3,ER_BALANCED,46,130363,5,22,1087
TARGET_ONLY_COSINE_PROTOTYPE,3,ER_BALANCED,46,130363,6,1,55
TARGET_ONLY_COSINE_PROTOTYPE,3,ER_BALANCED,46,155921,0,3,175
TARGET_ONLY_COSINE_PROTOTYPE,3,ER_BALANCED,46,155921,1,7,339
TARGET_ONLY_COSINE_PROTOTYPE,3,ER_BALANCED,46,155921,2,17,850
TARGET_ONLY_COSINE_PROTOTYPE,3,ER_BALANCED,46,155921,3,14,678
TARGET_ONLY_COSINE_PROTOTYPE,3,ER_BALANCED,46,155921,4,4,202
TARGET_ONLY_COSINE_PROTOTYPE,3,ER_BALANCED,46,155921,5,14,689
TARGET_ONLY_COSINE_PROTOTYPE,3,ER_BALANCED,46,155921,6,4,217
TARGET_ONLY_COSINE_PROTOTYPE,3,ER_BALANCED,46,181081,0,8,389
TARGET_ONLY_COSINE_PROTOTYPE,3,ER_BALANCED,46,181081,1,12,614
TARGET_ONLY_COSINE_PROTOTYPE,3,ER_BALANCED,46,181081,2,9,453
TARGET_ONLY_COSINE_PROTOTYPE,3,ER_BALANCED,46,181081,3,3,148
TARGET_ONLY_COSINE_PROTOTYPE,3,ER_BALANCED,46,181081,4,8,397
TARGET_ONLY_COSINE_PROTOTYPE,3,ER_BALANCED,46,181081,5,16,791
TARGET_ONLY_COSINE_PROTOTYPE,3,ER_BALANCED,46,181081,6,7,358
TARGET_ONLY_COSINE_PROTOTYPE,3,ER_BALANCED,46,205439,0,8,437
TARGET_ONLY_COSINE_PROTOTYPE,3,ER_BALANCED,46,205439,1,9,446
TARGET_ONLY_COSINE_PROTOTYPE,3,ER_BALANCED,46,205439,2,10,513
TARGET_ONLY_COSINE_PROTOTYPE,3,ER_BALANCED,46,205439,3,5,249
TARGET_ONLY_COSINE_PROTOTYPE,3,ER_BALANCED,46,205439,4,7,346
TARGET_ONLY_COSINE_PROTOTYPE,3,ER_BALANCED,46,205439,5,15,715
TARGET_ONLY_COSINE_PROTOTYPE,3,ER_BALANCED,46,205439,6,9,444
TARGET_ONLY_COSINE_PROTOTYPE,3,JOINT_FACTOR_COVERAGE,42,104729,0,7,371
TARGET_ONLY_COSINE_PROTOTYPE,3,JOINT_FACTOR_COVERAGE,42,104729,1,7,341
TARGET_ONLY_COSINE_PROTOTYPE,3,JOINT_FACTOR_COVERAGE,42,104729,2,3,178
TARGET_ONLY_COSINE_PROTOTYPE,3,JOINT_FACTOR_COVERAGE,42,104729,3,11,538
TARGET_ONLY_COSINE_PROTOTYPE,3,JOINT_FACTOR_COVERAGE,42,104729,4,2,115
TARGET_ONLY_COSINE_PROTOTYPE,3,JOINT_FACTOR_COVERAGE,42,104729,5,20,1015
TARGET_ONLY_COSINE_PROTOTYPE,3,JOINT_FACTOR_COVERAGE,42,104729,6,13,592
TARGET_ONLY_COSINE_PROTOTYPE,3,JOINT_FACTOR_COVERAGE,42,130363,0,2,128
TARGET_ONLY_COSINE_PROTOTYPE,3,JOINT_FACTOR_COVERAGE,42,130363,1,7,344
TARGET_ONLY_COSINE_PROTOTYPE,3,JOINT_FACTOR_COVERAGE,42,130363,2,10,475
TARGET_ONLY_COSINE_PROTOTYPE,3,JOINT_FACTOR_COVERAGE,42,130363,3,12,601
TARGET_ONLY_COSINE_PROTOTYPE,3,JOINT_FACTOR_COVERAGE,42,130363,4,5,244
TARGET_ONLY_COSINE_PROTOTYPE,3,JOINT_FACTOR_COVERAGE,42,130363,5,8,378
TARGET_ONLY_COSINE_PROTOTYPE,3,JOINT_FACTOR_COVERAGE,42,130363,6,19,980
TARGET_ONLY_COSINE_PROTOTYPE,3,JOINT_FACTOR_COVERAGE,42,155921,0,3,163
TARGET_ONLY_COSINE_PROTOTYPE,3,JOINT_FACTOR_COVERAGE,42,155921,1,8,387
TARGET_ONLY_COSINE_PROTOTYPE,3,JOINT_FACTOR_COVERAGE,42,155921,2,7,337
TARGET_ONLY_COSINE_PROTOTYPE,3,JOINT_FACTOR_COVERAGE,42,155921,3,19,949
TARGET_ONLY_COSINE_PROTOTYPE,3,JOINT_FACTOR_COVERAGE,42,155921,4,2,118
TARGET_ONLY_COSINE_PROTOTYPE,3,JOINT_FACTOR_COVERAGE,42,155921,5,10,489
TARGET_ONLY_COSINE_PROTOTYPE,3,JOINT_FACTOR_COVERAGE,42,155921,6,14,707
TARGET_ONLY_COSINE_PROTOTYPE,3,JOINT_FACTOR_COVERAGE,42,181081,0,2,108
TARGET_ONLY_COSINE_PROTOTYPE,3,JOINT_FACTOR_COVERAGE,42,181081,1,8,396
TARGET_ONLY_COSINE_PROTOTYPE,3,JOINT_FACTOR_COVERAGE,42,181081,2,8,370
TARGET_ONLY_COSINE_PROTOTYPE,3,JOINT_FACTOR_COVERAGE,42,181081,3,12,619
TARGET_ONLY_COSINE_PROTOTYPE,3,JOINT_FACTOR_COVERAGE,42,181081,4,5,267
TARGET_ONLY_COSINE_PROTOTYPE,3,JOINT_FACTOR_COVERAGE,42,181081,5,9,440
TARGET_ONLY_COSINE_PROTOTYPE,3,JOINT_FACTOR_COVERAGE,42,181081,6,19,950
TARGET_ONLY_COSINE_PROTOTYPE,3,JOINT_FACTOR_COVERAGE,42,205439,0,7,359
TARGET_ONLY_COSINE_PROTOTYPE,3,JOINT_FACTOR_COVERAGE,42,205439,1,7,366
TARGET_ONLY_COSINE_PROTOTYPE,3,JOINT_FACTOR_COVERAGE,42,205439,2,4,207
TARGET_ONLY_COSINE_PROTOTYPE,3,JOINT_FACTOR_COVERAGE,42,205439,3,11,545
TARGET_ONLY_COSINE_PROTOTYPE,3,JOINT_FACTOR_COVERAGE,42,205439,4,4,205
TARGET_ONLY_COSINE_PROTOTYPE,3,JOINT_FACTOR_COVERAGE,42,205439,5,20,1009
TARGET_ONLY_COSINE_PROTOTYPE,3,JOINT_FACTOR_COVERAGE,42,205439,6,10,459
TARGET_ONLY_COSINE_PROTOTYPE,3,JOINT_FACTOR_COVERAGE,43,104729,0,13,616
TARGET_ONLY_COSINE_PROTOTYPE,3,JOINT_FACTOR_COVERAGE,43,104729,1,6,289
TARGET_ONLY_COSINE_PROTOTYPE,3,JOINT_FACTOR_COVERAGE,43,104729,2,4,200
TARGET_ONLY_COSINE_PROTOTYPE,3,JOINT_FACTOR_COVERAGE,43,104729,3,13,701
TARGET_ONLY_COSINE_PROTOTYPE,3,JOINT_FACTOR_COVERAGE,43,104729,4,11,555
TARGET_ONLY_COSINE_PROTOTYPE,3,JOINT_FACTOR_COVERAGE,43,104729,5,7,349
TARGET_ONLY_COSINE_PROTOTYPE,3,JOINT_FACTOR_COVERAGE,43,104729,6,9,440
TARGET_ONLY_COSINE_PROTOTYPE,3,JOINT_FACTOR_COVERAGE,43,130363,0,7,355
TARGET_ONLY_COSINE_PROTOTYPE,3,JOINT_FACTOR_COVERAGE,43,130363,1,9,465
TARGET_ONLY_COSINE_PROTOTYPE,3,JOINT_FACTOR_COVERAGE,43,130363,2,8,387
TARGET_ONLY_COSINE_PROTOTYPE,3,JOINT_FACTOR_COVERAGE,43,130363,3,14,676
TARGET_ONLY_COSINE_PROTOTYPE,3,JOINT_FACTOR_COVERAGE,43,130363,4,4,214
TARGET_ONLY_COSINE_PROTOTYPE,3,JOINT_FACTOR_COVERAGE,43,130363,5,8,403
TARGET_ONLY_COSINE_PROTOTYPE,3,JOINT_FACTOR_COVERAGE,43,130363,6,13,650
TARGET_ONLY_COSINE_PROTOTYPE,3,JOINT_FACTOR_COVERAGE,43,155921,0,10,505
TARGET_ONLY_COSINE_PROTOTYPE,3,JOINT_FACTOR_COVERAGE,43,155921,1,7,343
TARGET_ONLY_COSINE_PROTOTYPE,3,JOINT_FACTOR_COVERAGE,43,155921,2,5,255
TARGET_ONLY_COSINE_PROTOTYPE,3,JOINT_FACTOR_COVERAGE,43,155921,3,18,882
TARGET_ONLY_COSINE_PROTOTYPE,3,JOINT_FACTOR_COVERAGE,43,155921,4,8,399
TARGET_ONLY_COSINE_PROTOTYPE,3,JOINT_FACTOR_COVERAGE,43,155921,5,9,460
TARGET_ONLY_COSINE_PROTOTYPE,3,JOINT_FACTOR_COVERAGE,43,155921,6,6,306
TARGET_ONLY_COSINE_PROTOTYPE,3,JOINT_FACTOR_COVERAGE,43,181081,0,7,355
TARGET_ONLY_COSINE_PROTOTYPE,3,JOINT_FACTOR_COVERAGE,43,181081,1,10,506
TARGET_ONLY_COSINE_PROTOTYPE,3,JOINT_FACTOR_COVERAGE,43,181081,2,6,300
TARGET_ONLY_COSINE_PROTOTYPE,3,JOINT_FACTOR_COVERAGE,43,181081,3,14,691
TARGET_ONLY_COSINE_PROTOTYPE,3,JOINT_FACTOR_COVERAGE,43,181081,4,6,300
TARGET_ONLY_COSINE_PROTOTYPE,3,JOINT_FACTOR_COVERAGE,43,181081,5,8,397
TARGET_ONLY_COSINE_PROTOTYPE,3,JOINT_FACTOR_COVERAGE,43,181081,6,12,601
TARGET_ONLY_COSINE_PROTOTYPE,3,JOINT_FACTOR_COVERAGE,43,205439,0,12,587
TARGET_ONLY_COSINE_PROTOTYPE,3,JOINT_FACTOR_COVERAGE,43,205439,1,5,251
TARGET_ONLY_COSINE_PROTOTYPE,3,JOINT_FACTOR_COVERAGE,43,205439,2,8,386
TARGET_ONLY_COSINE_PROTOTYPE,3,JOINT_FACTOR_COVERAGE,43,205439,3,12,645
TARGET_ONLY_COSINE_PROTOTYPE,3,JOINT_FACTOR_COVERAGE,43,205439,4,12,600
TARGET_ONLY_COSINE_PROTOTYPE,3,JOINT_FACTOR_COVERAGE,43,205439,5,7,348
TARGET_ONLY_COSINE_PROTOTYPE,3,JOINT_FACTOR_COVERAGE,43,205439,6,7,333
TARGET_ONLY_COSINE_PROTOTYPE,3,JOINT_FACTOR_COVERAGE,44,104729,0,6,313
TARGET_ONLY_COSINE_PROTOTYPE,3,JOINT_FACTOR_COVERAGE,44,104729,1,13,659
TARGET_ONLY_COSINE_PROTOTYPE,3,JOINT_FACTOR_COVERAGE,44,104729,2,6,291
TARGET_ONLY_COSINE_PROTOTYPE,3,JOINT_FACTOR_COVERAGE,44,104729,3,5,240
TARGET_ONLY_COSINE_PROTOTYPE,3,JOINT_FACTOR_COVERAGE,44,104729,4,6,315
TARGET_ONLY_COSINE_PROTOTYPE,3,JOINT_FACTOR_COVERAGE,44,104729,5,13,641
TARGET_ONLY_COSINE_PROTOTYPE,3,JOINT_FACTOR_COVERAGE,44,104729,6,14,691
TARGET_ONLY_COSINE_PROTOTYPE,3,JOINT_FACTOR_COVERAGE,44,130363,0,7,354
TARGET_ONLY_COSINE_PROTOTYPE,3,JOINT_FACTOR_COVERAGE,44,130363,1,5,255
TARGET_ONLY_COSINE_PROTOTYPE,3,JOINT_FACTOR_COVERAGE,44,130363,2,13,630
TARGET_ONLY_COSINE_PROTOTYPE,3,JOINT_FACTOR_COVERAGE,44,130363,3,9,464
TARGET_ONLY_COSINE_PROTOTYPE,3,JOINT_FACTOR_COVERAGE,44,130363,4,9,457
TARGET_ONLY_COSINE_PROTOTYPE,3,JOINT_FACTOR_COVERAGE,44,130363,5,8,376
TARGET_ONLY_COSINE_PROTOTYPE,3,JOINT_FACTOR_COVERAGE,44,130363,6,12,614
TARGET_ONLY_COSINE_PROTOTYPE,3,JOINT_FACTOR_COVERAGE,44,155921,0,9,456
TARGET_ONLY_COSINE_PROTOTYPE,3,JOINT_FACTOR_COVERAGE,44,155921,1,10,498
TARGET_ONLY_COSINE_PROTOTYPE,3,JOINT_FACTOR_COVERAGE,44,155921,2,6,287
TARGET_ONLY_COSINE_PROTOTYPE,3,JOINT_FACTOR_COVERAGE,44,155921,3,9,464
TARGET_ONLY_COSINE_PROTOTYPE,3,JOINT_FACTOR_COVERAGE,44,155921,4,5,253
TARGET_ONLY_COSINE_PROTOTYPE,3,JOINT_FACTOR_COVERAGE,44,155921,5,11,526
TARGET_ONLY_COSINE_PROTOTYPE,3,JOINT_FACTOR_COVERAGE,44,155921,6,13,666
TARGET_ONLY_COSINE_PROTOTYPE,3,JOINT_FACTOR_COVERAGE,44,181081,0,7,355
TARGET_ONLY_COSINE_PROTOTYPE,3,JOINT_FACTOR_COVERAGE,44,181081,1,8,408
TARGET_ONLY_COSINE_PROTOTYPE,3,JOINT_FACTOR_COVERAGE,44,181081,2,15,736
TARGET_ONLY_COSINE_PROTOTYPE,3,JOINT_FACTOR_COVERAGE,44,181081,3,9,458
TARGET_ONLY_COSINE_PROTOTYPE,3,JOINT_FACTOR_COVERAGE,44,181081,4,8,400
TARGET_ONLY_COSINE_PROTOTYPE,3,JOINT_FACTOR_COVERAGE,44,181081,5,8,365
TARGET_ONLY_COSINE_PROTOTYPE,3,JOINT_FACTOR_COVERAGE,44,181081,6,8,428
TARGET_ONLY_COSINE_PROTOTYPE,3,JOINT_FACTOR_COVERAGE,44,205439,0,6,303
TARGET_ONLY_COSINE_PROTOTYPE,3,JOINT_FACTOR_COVERAGE,44,205439,1,10,517
TARGET_ONLY_COSINE_PROTOTYPE,3,JOINT_FACTOR_COVERAGE,44,205439,2,8,391
TARGET_ONLY_COSINE_PROTOTYPE,3,JOINT_FACTOR_COVERAGE,44,205439,3,4,206
TARGET_ONLY_COSINE_PROTOTYPE,3,JOINT_FACTOR_COVERAGE,44,205439,4,9,458
TARGET_ONLY_COSINE_PROTOTYPE,3,JOINT_FACTOR_COVERAGE,44,205439,5,13,641
TARGET_ONLY_COSINE_PROTOTYPE,3,JOINT_FACTOR_COVERAGE,44,205439,6,13,634
TARGET_ONLY_COSINE_PROTOTYPE,3,JOINT_FACTOR_COVERAGE,45,104729,0,5,254
TARGET_ONLY_COSINE_PROTOTYPE,3,JOINT_FACTOR_COVERAGE,45,104729,1,8,403
TARGET_ONLY_COSINE_PROTOTYPE,3,JOINT_FACTOR_COVERAGE,45,104729,2,6,307
TARGET_ONLY_COSINE_PROTOTYPE,3,JOINT_FACTOR_COVERAGE,45,104729,3,13,644
TARGET_ONLY_COSINE_PROTOTYPE,3,JOINT_FACTOR_COVERAGE,45,104729,4,9,457
TARGET_ONLY_COSINE_PROTOTYPE,3,JOINT_FACTOR_COVERAGE,45,104729,5,11,554
TARGET_ONLY_COSINE_PROTOTYPE,3,JOINT_FACTOR_COVERAGE,45,104729,6,11,531
TARGET_ONLY_COSINE_PROTOTYPE,3,JOINT_FACTOR_COVERAGE,45,130363,0,5,256
TARGET_ONLY_COSINE_PROTOTYPE,3,JOINT_FACTOR_COVERAGE,45,130363,1,6,299
TARGET_ONLY_COSINE_PROTOTYPE,3,JOINT_FACTOR_COVERAGE,45,130363,2,14,688
TARGET_ONLY_COSINE_PROTOTYPE,3,JOINT_FACTOR_COVERAGE,45,130363,3,14,691
TARGET_ONLY_COSINE_PROTOTYPE,3,JOINT_FACTOR_COVERAGE,45,130363,4,6,322
TARGET_ONLY_COSINE_PROTOTYPE,3,JOINT_FACTOR_COVERAGE,45,130363,5,5,248
TARGET_ONLY_COSINE_PROTOTYPE,3,JOINT_FACTOR_COVERAGE,45,130363,6,13,646
TARGET_ONLY_COSINE_PROTOTYPE,3,JOINT_FACTOR_COVERAGE,45,155921,0,4,206
TARGET_ONLY_COSINE_PROTOTYPE,3,JOINT_FACTOR_COVERAGE,45,155921,1,8,393
TARGET_ONLY_COSINE_PROTOTYPE,3,JOINT_FACTOR_COVERAGE,45,155921,2,5,240
TARGET_ONLY_COSINE_PROTOTYPE,3,JOINT_FACTOR_COVERAGE,45,155921,3,19,948
TARGET_ONLY_COSINE_PROTOTYPE,3,JOINT_FACTOR_COVERAGE,45,155921,4,4,225
TARGET_ONLY_COSINE_PROTOTYPE,3,JOINT_FACTOR_COVERAGE,45,155921,5,7,348
TARGET_ONLY_COSINE_PROTOTYPE,3,JOINT_FACTOR_COVERAGE,45,155921,6,16,790
TARGET_ONLY_COSINE_PROTOTYPE,3,JOINT_FACTOR_COVERAGE,45,181081,0,5,258
TARGET_ONLY_COSINE_PROTOTYPE,3,JOINT_FACTOR_COVERAGE,45,181081,1,8,403
TARGET_ONLY_COSINE_PROTOTYPE,3,JOINT_FACTOR_COVERAGE,45,181081,2,15,734
TARGET_ONLY_COSINE_PROTOTYPE,3,JOINT_FACTOR_COVERAGE,45,181081,3,14,693
TARGET_ONLY_COSINE_PROTOTYPE,3,JOINT_FACTOR_COVERAGE,45,181081,4,3,175
TARGET_ONLY_COSINE_PROTOTYPE,3,JOINT_FACTOR_COVERAGE,45,181081,5,8,387
TARGET_ONLY_COSINE_PROTOTYPE,3,JOINT_FACTOR_COVERAGE,45,181081,6,10,500
TARGET_ONLY_COSINE_PROTOTYPE,3,JOINT_FACTOR_COVERAGE,45,205439,0,4,216
TARGET_ONLY_COSINE_PROTOTYPE,3,JOINT_FACTOR_COVERAGE,45,205439,1,9,447
TARGET_ONLY_COSINE_PROTOTYPE,3,JOINT_FACTOR_COVERAGE,45,205439,2,6,307
TARGET_ONLY_COSINE_PROTOTYPE,3,JOINT_FACTOR_COVERAGE,45,205439,3,13,644
TARGET_ONLY_COSINE_PROTOTYPE,3,JOINT_FACTOR_COVERAGE,45,205439,4,10,512
TARGET_ONLY_COSINE_PROTOTYPE,3,JOINT_FACTOR_COVERAGE,45,205439,5,11,542
TARGET_ONLY_COSINE_PROTOTYPE,3,JOINT_FACTOR_COVERAGE,45,205439,6,10,482
TARGET_ONLY_COSINE_PROTOTYPE,3,JOINT_FACTOR_COVERAGE,46,104729,0,7,344
TARGET_ONLY_COSINE_PROTOTYPE,3,JOINT_FACTOR_COVERAGE,46,104729,1,10,499
TARGET_ONLY_COSINE_PROTOTYPE,3,JOINT_FACTOR_COVERAGE,46,104729,2,10,502
TARGET_ONLY_COSINE_PROTOTYPE,3,JOINT_FACTOR_COVERAGE,46,104729,3,10,475
TARGET_ONLY_COSINE_PROTOTYPE,3,JOINT_FACTOR_COVERAGE,46,104729,4,6,295
TARGET_ONLY_COSINE_PROTOTYPE,3,JOINT_FACTOR_COVERAGE,46,104729,5,17,893
TARGET_ONLY_COSINE_PROTOTYPE,3,JOINT_FACTOR_COVERAGE,46,104729,6,3,142
TARGET_ONLY_COSINE_PROTOTYPE,3,JOINT_FACTOR_COVERAGE,46,130363,0,5,255
TARGET_ONLY_COSINE_PROTOTYPE,3,JOINT_FACTOR_COVERAGE,46,130363,1,8,407
TARGET_ONLY_COSINE_PROTOTYPE,3,JOINT_FACTOR_COVERAGE,46,130363,2,17,841
TARGET_ONLY_COSINE_PROTOTYPE,3,JOINT_FACTOR_COVERAGE,46,130363,3,10,503
TARGET_ONLY_COSINE_PROTOTYPE,3,JOINT_FACTOR_COVERAGE,46,130363,4,8,408
TARGET_ONLY_COSINE_PROTOTYPE,3,JOINT_FACTOR_COVERAGE,46,130363,5,11,534
TARGET_ONLY_COSINE_PROTOTYPE,3,JOINT_FACTOR_COVERAGE,46,130363,6,4,202
TARGET_ONLY_COSINE_PROTOTYPE,3,JOINT_FACTOR_COVERAGE,46,155921,0,8,405
TARGET_ONLY_COSINE_PROTOTYPE,3,JOINT_FACTOR_COVERAGE,46,155921,1,7,335
TARGET_ONLY_COSINE_PROTOTYPE,3,JOINT_FACTOR_COVERAGE,46,155921,2,11,551
TARGET_ONLY_COSINE_PROTOTYPE,3,JOINT_FACTOR_COVERAGE,46,155921,3,12,603
TARGET_ONLY_COSINE_PROTOTYPE,3,JOINT_FACTOR_COVERAGE,46,155921,4,8,408
TARGET_ONLY_COSINE_PROTOTYPE,3,JOINT_FACTOR_COVERAGE,46,155921,5,13,641
TARGET_ONLY_COSINE_PROTOTYPE,3,JOINT_FACTOR_COVERAGE,46,155921,6,4,207
TARGET_ONLY_COSINE_PROTOTYPE,3,JOINT_FACTOR_COVERAGE,46,181081,0,5,255
TARGET_ONLY_COSINE_PROTOTYPE,3,JOINT_FACTOR_COVERAGE,46,181081,1,10,509
TARGET_ONLY_COSINE_PROTOTYPE,3,JOINT_FACTOR_COVERAGE,46,181081,2,12,592
TARGET_ONLY_COSINE_PROTOTYPE,3,JOINT_FACTOR_COVERAGE,46,181081,3,10,497
TARGET_ONLY_COSINE_PROTOTYPE,3,JOINT_FACTOR_COVERAGE,46,181081,4,12,604
TARGET_ONLY_COSINE_PROTOTYPE,3,JOINT_FACTOR_COVERAGE,46,181081,5,11,534
TARGET_ONLY_COSINE_PROTOTYPE,3,JOINT_FACTOR_COVERAGE,46,181081,6,3,159
TARGET_ONLY_COSINE_PROTOTYPE,3,JOINT_FACTOR_COVERAGE,46,205439,0,7,347
TARGET_ONLY_COSINE_PROTOTYPE,3,JOINT_FACTOR_COVERAGE,46,205439,1,10,495
TARGET_ONLY_COSINE_PROTOTYPE,3,JOINT_FACTOR_COVERAGE,46,205439,2,11,556
TARGET_ONLY_COSINE_PROTOTYPE,3,JOINT_FACTOR_COVERAGE,46,205439,3,10,475
TARGET_ONLY_COSINE_PROTOTYPE,3,JOINT_FACTOR_COVERAGE,46,205439,4,5,238
TARGET_ONLY_COSINE_PROTOTYPE,3,JOINT_FACTOR_COVERAGE,46,205439,5,17,897
TARGET_ONLY_COSINE_PROTOTYPE,3,JOINT_FACTOR_COVERAGE,46,205439,6,3,142
TARGET_ONLY_COSINE_PROTOTYPE,3,RANDOM_BLOCK,42,104729,0,6,315
TARGET_ONLY_COSINE_PROTOTYPE,3,RANDOM_BLOCK,42,104729,1,10,505
TARGET_ONLY_COSINE_PROTOTYPE,3,RANDOM_BLOCK,42,104729,2,5,260
TARGET_ONLY_COSINE_PROTOTYPE,3,RANDOM_BLOCK,42,104729,3,11,554
TARGET_ONLY_COSINE_PROTOTYPE,3,RANDOM_BLOCK,42,104729,4,3,135
TARGET_ONLY_COSINE_PROTOTYPE,3,RANDOM_BLOCK,42,104729,5,13,641
TARGET_ONLY_COSINE_PROTOTYPE,3,RANDOM_BLOCK,42,104729,6,15,740
TARGET_ONLY_COSINE_PROTOTYPE,3,RANDOM_BLOCK,42,130363,0,6,312
TARGET_ONLY_COSINE_PROTOTYPE,3,RANDOM_BLOCK,42,130363,1,7,327
TARGET_ONLY_COSINE_PROTOTYPE,3,RANDOM_BLOCK,42,130363,2,9,463
TARGET_ONLY_COSINE_PROTOTYPE,3,RANDOM_BLOCK,42,130363,3,11,595
TARGET_ONLY_COSINE_PROTOTYPE,3,RANDOM_BLOCK,42,130363,4,7,335
TARGET_ONLY_COSINE_PROTOTYPE,3,RANDOM_BLOCK,42,130363,5,9,424
TARGET_ONLY_COSINE_PROTOTYPE,3,RANDOM_BLOCK,42,130363,6,14,694
TARGET_ONLY_COSINE_PROTOTYPE,3,RANDOM_BLOCK,42,155921,0,10,507
TARGET_ONLY_COSINE_PROTOTYPE,3,RANDOM_BLOCK,42,155921,1,4,194
TARGET_ONLY_COSINE_PROTOTYPE,3,RANDOM_BLOCK,42,155921,2,8,376
TARGET_ONLY_COSINE_PROTOTYPE,3,RANDOM_BLOCK,42,155921,3,14,710
TARGET_ONLY_COSINE_PROTOTYPE,3,RANDOM_BLOCK,42,155921,4,7,363
TARGET_ONLY_COSINE_PROTOTYPE,3,RANDOM_BLOCK,42,155921,5,11,566
TARGET_ONLY_COSINE_PROTOTYPE,3,RANDOM_BLOCK,42,155921,6,9,434
TARGET_ONLY_COSINE_PROTOTYPE,3,RANDOM_BLOCK,42,181081,0,7,352
TARGET_ONLY_COSINE_PROTOTYPE,3,RANDOM_BLOCK,42,181081,1,6,311
TARGET_ONLY_COSINE_PROTOTYPE,3,RANDOM_BLOCK,42,181081,2,4,198
TARGET_ONLY_COSINE_PROTOTYPE,3,RANDOM_BLOCK,42,181081,3,14,701
TARGET_ONLY_COSINE_PROTOTYPE,3,RANDOM_BLOCK,42,181081,4,7,331
TARGET_ONLY_COSINE_PROTOTYPE,3,RANDOM_BLOCK,42,181081,5,13,633
TARGET_ONLY_COSINE_PROTOTYPE,3,RANDOM_BLOCK,42,181081,6,12,624
TARGET_ONLY_COSINE_PROTOTYPE,3,RANDOM_BLOCK,42,205439,0,0,10
TARGET_ONLY_COSINE_PROTOTYPE,3,RANDOM_BLOCK,42,205439,1,4,215
TARGET_ONLY_COSINE_PROTOTYPE,3,RANDOM_BLOCK,42,205439,2,11,531
TARGET_ONLY_COSINE_PROTOTYPE,3,RANDOM_BLOCK,42,205439,3,12,590
TARGET_ONLY_COSINE_PROTOTYPE,3,RANDOM_BLOCK,42,205439,4,2,122
TARGET_ONLY_COSINE_PROTOTYPE,3,RANDOM_BLOCK,42,205439,5,19,925
TARGET_ONLY_COSINE_PROTOTYPE,3,RANDOM_BLOCK,42,205439,6,15,757
TARGET_ONLY_COSINE_PROTOTYPE,3,RANDOM_BLOCK,43,104729,0,11,565
TARGET_ONLY_COSINE_PROTOTYPE,3,RANDOM_BLOCK,43,104729,1,7,355
TARGET_ONLY_COSINE_PROTOTYPE,3,RANDOM_BLOCK,43,104729,2,2,102
TARGET_ONLY_COSINE_PROTOTYPE,3,RANDOM_BLOCK,43,104729,3,15,733
TARGET_ONLY_COSINE_PROTOTYPE,3,RANDOM_BLOCK,43,104729,4,1,62
TARGET_ONLY_COSINE_PROTOTYPE,3,RANDOM_BLOCK,43,104729,5,17,830
TARGET_ONLY_COSINE_PROTOTYPE,3,RANDOM_BLOCK,43,104729,6,10,503
TARGET_ONLY_COSINE_PROTOTYPE,3,RANDOM_BLOCK,43,130363,0,9,449
TARGET_ONLY_COSINE_PROTOTYPE,3,RANDOM_BLOCK,43,130363,1,14,696
TARGET_ONLY_COSINE_PROTOTYPE,3,RANDOM_BLOCK,43,130363,2,12,597
TARGET_ONLY_COSINE_PROTOTYPE,3,RANDOM_BLOCK,43,130363,3,9,472
TARGET_ONLY_COSINE_PROTOTYPE,3,RANDOM_BLOCK,43,130363,4,6,297
TARGET_ONLY_COSINE_PROTOTYPE,3,RANDOM_BLOCK,43,130363,5,5,235
TARGET_ONLY_COSINE_PROTOTYPE,3,RANDOM_BLOCK,43,130363,6,8,404
TARGET_ONLY_COSINE_PROTOTYPE,3,RANDOM_BLOCK,43,155921,0,10,507
TARGET_ONLY_COSINE_PROTOTYPE,3,RANDOM_BLOCK,43,155921,1,5,258
TARGET_ONLY_COSINE_PROTOTYPE,3,RANDOM_BLOCK,43,155921,2,6,295
TARGET_ONLY_COSINE_PROTOTYPE,3,RANDOM_BLOCK,43,155921,3,13,664
TARGET_ONLY_COSINE_PROTOTYPE,3,RANDOM_BLOCK,43,155921,4,10,490
TARGET_ONLY_COSINE_PROTOTYPE,3,RANDOM_BLOCK,43,155921,5,10,486
TARGET_ONLY_COSINE_PROTOTYPE,3,RANDOM_BLOCK,43,155921,6,9,450
TARGET_ONLY_COSINE_PROTOTYPE,3,RANDOM_BLOCK,43,181081,0,13,662
TARGET_ONLY_COSINE_PROTOTYPE,3,RANDOM_BLOCK,43,181081,1,7,362
TARGET_ONLY_COSINE_PROTOTYPE,3,RANDOM_BLOCK,43,181081,2,5,239
TARGET_ONLY_COSINE_PROTOTYPE,3,RANDOM_BLOCK,43,181081,3,16,764
TARGET_ONLY_COSINE_PROTOTYPE,3,RANDOM_BLOCK,43,181081,4,5,268
TARGET_ONLY_COSINE_PROTOTYPE,3,RANDOM_BLOCK,43,181081,5,8,395
TARGET_ONLY_COSINE_PROTOTYPE,3,RANDOM_BLOCK,43,181081,6,9,460
TARGET_ONLY_COSINE_PROTOTYPE,3,RANDOM_BLOCK,43,205439,0,5,268
TARGET_ONLY_COSINE_PROTOTYPE,3,RANDOM_BLOCK,43,205439,1,14,646
TARGET_ONLY_COSINE_PROTOTYPE,3,RANDOM_BLOCK,43,205439,2,12,583
TARGET_ONLY_COSINE_PROTOTYPE,3,RANDOM_BLOCK,43,205439,3,11,565
TARGET_ONLY_COSINE_PROTOTYPE,3,RANDOM_BLOCK,43,205439,4,7,371
TARGET_ONLY_COSINE_PROTOTYPE,3,RANDOM_BLOCK,43,205439,5,6,300
TARGET_ONLY_COSINE_PROTOTYPE,3,RANDOM_BLOCK,43,205439,6,8,417
TARGET_ONLY_COSINE_PROTOTYPE,3,RANDOM_BLOCK,44,104729,0,13,660
TARGET_ONLY_COSINE_PROTOTYPE,3,RANDOM_BLOCK,44,104729,1,6,321
TARGET_ONLY_COSINE_PROTOTYPE,3,RANDOM_BLOCK,44,104729,2,4,203
TARGET_ONLY_COSINE_PROTOTYPE,3,RANDOM_BLOCK,44,104729,3,9,439
TARGET_ONLY_COSINE_PROTOTYPE,3,RANDOM_BLOCK,44,104729,4,3,159
TARGET_ONLY_COSINE_PROTOTYPE,3,RANDOM_BLOCK,44,104729,5,11,546
TARGET_ONLY_COSINE_PROTOTYPE,3,RANDOM_BLOCK,44,104729,6,17,822
TARGET_ONLY_COSINE_PROTOTYPE,3,RANDOM_BLOCK,44,130363,0,5,262
TARGET_ONLY_COSINE_PROTOTYPE,3,RANDOM_BLOCK,44,130363,1,15,763
TARGET_ONLY_COSINE_PROTOTYPE,3,RANDOM_BLOCK,44,130363,2,8,421
TARGET_ONLY_COSINE_PROTOTYPE,3,RANDOM_BLOCK,44,130363,3,10,487
TARGET_ONLY_COSINE_PROTOTYPE,3,RANDOM_BLOCK,44,130363,4,8,389
TARGET_ONLY_COSINE_PROTOTYPE,3,RANDOM_BLOCK,44,130363,5,5,228
TARGET_ONLY_COSINE_PROTOTYPE,3,RANDOM_BLOCK,44,130363,6,12,600
TARGET_ONLY_COSINE_PROTOTYPE,3,RANDOM_BLOCK,44,155921,0,10,520
TARGET_ONLY_COSINE_PROTOTYPE,3,RANDOM_BLOCK,44,155921,1,5,262
TARGET_ONLY_COSINE_PROTOTYPE,3,RANDOM_BLOCK,44,155921,2,13,630
TARGET_ONLY_COSINE_PROTOTYPE,3,RANDOM_BLOCK,44,155921,3,9,432
TARGET_ONLY_COSINE_PROTOTYPE,3,RANDOM_BLOCK,44,155921,4,11,551
TARGET_ONLY_COSINE_PROTOTYPE,3,RANDOM_BLOCK,44,155921,5,10,503
TARGET_ONLY_COSINE_PROTOTYPE,3,RANDOM_BLOCK,44,155921,6,5,252
TARGET_ONLY_COSINE_PROTOTYPE,3,RANDOM_BLOCK,44,181081,0,12,600
TARGET_ONLY_COSINE_PROTOTYPE,3,RANDOM_BLOCK,44,181081,1,14,703
TARGET_ONLY_COSINE_PROTOTYPE,3,RANDOM_BLOCK,44,181081,2,4,187
TARGET_ONLY_COSINE_PROTOTYPE,3,RANDOM_BLOCK,44,181081,3,11,556
TARGET_ONLY_COSINE_PROTOTYPE,3,RANDOM_BLOCK,44,181081,4,2,91
TARGET_ONLY_COSINE_PROTOTYPE,3,RANDOM_BLOCK,44,181081,5,10,491
TARGET_ONLY_COSINE_PROTOTYPE,3,RANDOM_BLOCK,44,181081,6,10,522
TARGET_ONLY_COSINE_PROTOTYPE,3,RANDOM_BLOCK,44,205439,0,5,259
TARGET_ONLY_COSINE_PROTOTYPE,3,RANDOM_BLOCK,44,205439,1,12,593
TARGET_ONLY_COSINE_PROTOTYPE,3,RANDOM_BLOCK,44,205439,2,11,530
TARGET_ONLY_COSINE_PROTOTYPE,3,RANDOM_BLOCK,44,205439,3,7,354
TARGET_ONLY_COSINE_PROTOTYPE,3,RANDOM_BLOCK,44,205439,4,0,17
TARGET_ONLY_COSINE_PROTOTYPE,3,RANDOM_BLOCK,44,205439,5,15,742
TARGET_ONLY_COSINE_PROTOTYPE,3,RANDOM_BLOCK,44,205439,6,13,655
TARGET_ONLY_COSINE_PROTOTYPE,3,RANDOM_BLOCK,45,104729,0,10,485
TARGET_ONLY_COSINE_PROTOTYPE,3,RANDOM_BLOCK,45,104729,1,10,494
TARGET_ONLY_COSINE_PROTOTYPE,3,RANDOM_BLOCK,45,104729,2,7,375
TARGET_ONLY_COSINE_PROTOTYPE,3,RANDOM_BLOCK,45,104729,3,6,305
TARGET_ONLY_COSINE_PROTOTYPE,3,RANDOM_BLOCK,45,104729,4,5,256
TARGET_ONLY_COSINE_PROTOTYPE,3,RANDOM_BLOCK,45,104729,5,13,638
TARGET_ONLY_COSINE_PROTOTYPE,3,RANDOM_BLOCK,45,104729,6,12,597
TARGET_ONLY_COSINE_PROTOTYPE,3,RANDOM_BLOCK,45,130363,0,7,346
TARGET_ONLY_COSINE_PROTOTYPE,3,RANDOM_BLOCK,45,130363,1,14,723
TARGET_ONLY_COSINE_PROTOTYPE,3,RANDOM_BLOCK,45,130363,2,11,533
TARGET_ONLY_COSINE_PROTOTYPE,3,RANDOM_BLOCK,45,130363,3,15,765
TARGET_ONLY_COSINE_PROTOTYPE,3,RANDOM_BLOCK,45,130363,4,7,331
TARGET_ONLY_COSINE_PROTOTYPE,3,RANDOM_BLOCK,45,130363,5,1,54
TARGET_ONLY_COSINE_PROTOTYPE,3,RANDOM_BLOCK,45,130363,6,8,398
TARGET_ONLY_COSINE_PROTOTYPE,3,RANDOM_BLOCK,45,155921,0,9,456
TARGET_ONLY_COSINE_PROTOTYPE,3,RANDOM_BLOCK,45,155921,1,4,215
TARGET_ONLY_COSINE_PROTOTYPE,3,RANDOM_BLOCK,45,155921,2,11,539
TARGET_ONLY_COSINE_PROTOTYPE,3,RANDOM_BLOCK,45,155921,3,10,507
TARGET_ONLY_COSINE_PROTOTYPE,3,RANDOM_BLOCK,45,155921,4,9,420
TARGET_ONLY_COSINE_PROTOTYPE,3,RANDOM_BLOCK,45,155921,5,11,561
TARGET_ONLY_COSINE_PROTOTYPE,3,RANDOM_BLOCK,45,155921,6,9,452
TARGET_ONLY_COSINE_PROTOTYPE,3,RANDOM_BLOCK,45,181081,0,4,200
TARGET_ONLY_COSINE_PROTOTYPE,3,RANDOM_BLOCK,45,181081,1,8,405
TARGET_ONLY_COSINE_PROTOTYPE,3,RANDOM_BLOCK,45,181081,2,13,645
TARGET_ONLY_COSINE_PROTOTYPE,3,RANDOM_BLOCK,45,181081,3,13,659
TARGET_ONLY_COSINE_PROTOTYPE,3,RANDOM_BLOCK,45,181081,4,4,216
TARGET_ONLY_COSINE_PROTOTYPE,3,RANDOM_BLOCK,45,181081,5,12,593
TARGET_ONLY_COSINE_PROTOTYPE,3,RANDOM_BLOCK,45,181081,6,9,432
TARGET_ONLY_COSINE_PROTOTYPE,3,RANDOM_BLOCK,45,205439,0,1,59
TARGET_ONLY_COSINE_PROTOTYPE,3,RANDOM_BLOCK,45,205439,1,5,259
TARGET_ONLY_COSINE_PROTOTYPE,3,RANDOM_BLOCK,45,205439,2,15,716
TARGET_ONLY_COSINE_PROTOTYPE,3,RANDOM_BLOCK,45,205439,3,6,305
TARGET_ONLY_COSINE_PROTOTYPE,3,RANDOM_BLOCK,45,205439,4,4,230
TARGET_ONLY_COSINE_PROTOTYPE,3,RANDOM_BLOCK,45,205439,5,18,892
TARGET_ONLY_COSINE_PROTOTYPE,3,RANDOM_BLOCK,45,205439,6,14,689
TARGET_ONLY_COSINE_PROTOTYPE,3,RANDOM_BLOCK,46,104729,0,7,377
TARGET_ONLY_COSINE_PROTOTYPE,3,RANDOM_BLOCK,46,104729,1,12,603
TARGET_ONLY_COSINE_PROTOTYPE,3,RANDOM_BLOCK,46,104729,2,7,334
TARGET_ONLY_COSINE_PROTOTYPE,3,RANDOM_BLOCK,46,104729,3,5,251
TARGET_ONLY_COSINE_PROTOTYPE,3,RANDOM_BLOCK,46,104729,4,7,322
TARGET_ONLY_COSINE_PROTOTYPE,3,RANDOM_BLOCK,46,104729,5,16,786
TARGET_ONLY_COSINE_PROTOTYPE,3,RANDOM_BLOCK,46,104729,6,9,477
TARGET_ONLY_COSINE_PROTOTYPE,3,RANDOM_BLOCK,46,130363,0,7,365
TARGET_ONLY_COSINE_PROTOTYPE,3,RANDOM_BLOCK,46,130363,1,11,587
TARGET_ONLY_COSINE_PROTOTYPE,3,RANDOM_BLOCK,46,130363,2,11,567
TARGET_ONLY_COSINE_PROTOTYPE,3,RANDOM_BLOCK,46,130363,3,12,536
TARGET_ONLY_COSINE_PROTOTYPE,3,RANDOM_BLOCK,46,130363,4,6,293
TARGET_ONLY_COSINE_PROTOTYPE,3,RANDOM_BLOCK,46,130363,5,10,500
TARGET_ONLY_COSINE_PROTOTYPE,3,RANDOM_BLOCK,46,130363,6,6,302
TARGET_ONLY_COSINE_PROTOTYPE,3,RANDOM_BLOCK,46,155921,0,6,320
TARGET_ONLY_COSINE_PROTOTYPE,3,RANDOM_BLOCK,46,155921,1,11,535
TARGET_ONLY_COSINE_PROTOTYPE,3,RANDOM_BLOCK,46,155921,2,14,696
TARGET_ONLY_COSINE_PROTOTYPE,3,RANDOM_BLOCK,46,155921,3,8,381
TARGET_ONLY_COSINE_PROTOTYPE,3,RANDOM_BLOCK,46,155921,4,5,232
TARGET_ONLY_COSINE_PROTOTYPE,3,RANDOM_BLOCK,46,155921,5,17,838
TARGET_ONLY_COSINE_PROTOTYPE,3,RANDOM_BLOCK,46,155921,6,2,148
TARGET_ONLY_COSINE_PROTOTYPE,3,RANDOM_BLOCK,46,181081,0,5,284
TARGET_ONLY_COSINE_PROTOTYPE,3,RANDOM_BLOCK,46,181081,1,9,454
TARGET_ONLY_COSINE_PROTOTYPE,3,RANDOM_BLOCK,46,181081,2,17,852
TARGET_ONLY_COSINE_PROTOTYPE,3,RANDOM_BLOCK,46,181081,3,12,603
TARGET_ONLY_COSINE_PROTOTYPE,3,RANDOM_BLOCK,46,181081,4,6,294
TARGET_ONLY_COSINE_PROTOTYPE,3,RANDOM_BLOCK,46,181081,5,8,368
TARGET_ONLY_COSINE_PROTOTYPE,3,RANDOM_BLOCK,46,181081,6,6,295
TARGET_ONLY_COSINE_PROTOTYPE,3,RANDOM_BLOCK,46,205439,0,1,57
TARGET_ONLY_COSINE_PROTOTYPE,3,RANDOM_BLOCK,46,205439,1,8,406
TARGET_ONLY_COSINE_PROTOTYPE,3,RANDOM_BLOCK,46,205439,2,13,627
TARGET_ONLY_COSINE_PROTOTYPE,3,RANDOM_BLOCK,46,205439,3,6,301
TARGET_ONLY_COSINE_PROTOTYPE,3,RANDOM_BLOCK,46,205439,4,4,231
TARGET_ONLY_COSINE_PROTOTYPE,3,RANDOM_BLOCK,46,205439,5,22,1104
TARGET_ONLY_COSINE_PROTOTYPE,3,RANDOM_BLOCK,46,205439,6,9,424
TARGET_ONLY_COSINE_PROTOTYPE,3,SURFACE_BALANCED,42,104729,0,6,308
TARGET_ONLY_COSINE_PROTOTYPE,3,SURFACE_BALANCED,42,104729,1,6,313
TARGET_ONLY_COSINE_PROTOTYPE,3,SURFACE_BALANCED,42,104729,2,5,253
TARGET_ONLY_COSINE_PROTOTYPE,3,SURFACE_BALANCED,42,104729,3,12,600
TARGET_ONLY_COSINE_PROTOTYPE,3,SURFACE_BALANCED,42,104729,4,9,445
TARGET_ONLY_COSINE_PROTOTYPE,3,SURFACE_BALANCED,42,104729,5,11,523
TARGET_ONLY_COSINE_PROTOTYPE,3,SURFACE_BALANCED,42,104729,6,14,708
TARGET_ONLY_COSINE_PROTOTYPE,3,SURFACE_BALANCED,42,130363,0,8,365
TARGET_ONLY_COSINE_PROTOTYPE,3,SURFACE_BALANCED,42,130363,1,6,304
TARGET_ONLY_COSINE_PROTOTYPE,3,SURFACE_BALANCED,42,130363,2,6,289
TARGET_ONLY_COSINE_PROTOTYPE,3,SURFACE_BALANCED,42,130363,3,10,528
TARGET_ONLY_COSINE_PROTOTYPE,3,SURFACE_BALANCED,42,130363,4,6,294
TARGET_ONLY_COSINE_PROTOTYPE,3,SURFACE_BALANCED,42,130363,5,15,774
TARGET_ONLY_COSINE_PROTOTYPE,3,SURFACE_BALANCED,42,130363,6,12,596
TARGET_ONLY_COSINE_PROTOTYPE,3,SURFACE_BALANCED,42,155921,0,8,411
TARGET_ONLY_COSINE_PROTOTYPE,3,SURFACE_BALANCED,42,155921,1,7,360
TARGET_ONLY_COSINE_PROTOTYPE,3,SURFACE_BALANCED,42,155921,2,6,289
TARGET_ONLY_COSINE_PROTOTYPE,3,SURFACE_BALANCED,42,155921,3,18,885
TARGET_ONLY_COSINE_PROTOTYPE,3,SURFACE_BALANCED,42,155921,4,2,103
TARGET_ONLY_COSINE_PROTOTYPE,3,SURFACE_BALANCED,42,155921,5,10,497
TARGET_ONLY_COSINE_PROTOTYPE,3,SURFACE_BALANCED,42,155921,6,12,605
TARGET_ONLY_COSINE_PROTOTYPE,3,SURFACE_BALANCED,42,181081,0,10,507
TARGET_ONLY_COSINE_PROTOTYPE,3,SURFACE_BALANCED,42,181081,1,9,468
TARGET_ONLY_COSINE_PROTOTYPE,3,SURFACE_BALANCED,42,181081,2,10,502
TARGET_ONLY_COSINE_PROTOTYPE,3,SURFACE_BALANCED,42,181081,3,8,396
TARGET_ONLY_COSINE_PROTOTYPE,3,SURFACE_BALANCED,42,181081,4,7,360
TARGET_ONLY_COSINE_PROTOTYPE,3,SURFACE_BALANCED,42,181081,5,14,680
TARGET_ONLY_COSINE_PROTOTYPE,3,SURFACE_BALANCED,42,181081,6,5,237
TARGET_ONLY_COSINE_PROTOTYPE,3,SURFACE_BALANCED,42,205439,0,4,191
TARGET_ONLY_COSINE_PROTOTYPE,3,SURFACE_BALANCED,42,205439,1,6,310
TARGET_ONLY_COSINE_PROTOTYPE,3,SURFACE_BALANCED,42,205439,2,6,291
TARGET_ONLY_COSINE_PROTOTYPE,3,SURFACE_BALANCED,42,205439,3,11,567
TARGET_ONLY_COSINE_PROTOTYPE,3,SURFACE_BALANCED,42,205439,4,9,477
TARGET_ONLY_COSINE_PROTOTYPE,3,SURFACE_BALANCED,42,205439,5,17,836
TARGET_ONLY_COSINE_PROTOTYPE,3,SURFACE_BALANCED,42,205439,6,10,478
TARGET_ONLY_COSINE_PROTOTYPE,3,SURFACE_BALANCED,43,104729,0,8,420
TARGET_ONLY_COSINE_PROTOTYPE,3,SURFACE_BALANCED,43,104729,1,7,366
TARGET_ONLY_COSINE_PROTOTYPE,3,SURFACE_BALANCED,43,104729,2,5,262
TARGET_ONLY_COSINE_PROTOTYPE,3,SURFACE_BALANCED,43,104729,3,12,588
TARGET_ONLY_COSINE_PROTOTYPE,3,SURFACE_BALANCED,43,104729,4,13,630
TARGET_ONLY_COSINE_PROTOTYPE,3,SURFACE_BALANCED,43,104729,5,8,393
TARGET_ONLY_COSINE_PROTOTYPE,3,SURFACE_BALANCED,43,104729,6,10,491
TARGET_ONLY_COSINE_PROTOTYPE,3,SURFACE_BALANCED,43,130363,0,8,384
TARGET_ONLY_COSINE_PROTOTYPE,3,SURFACE_BALANCED,43,130363,1,2,108
TARGET_ONLY_COSINE_PROTOTYPE,3,SURFACE_BALANCED,43,130363,2,14,678
TARGET_ONLY_COSINE_PROTOTYPE,3,SURFACE_BALANCED,43,130363,3,12,606
TARGET_ONLY_COSINE_PROTOTYPE,3,SURFACE_BALANCED,43,130363,4,10,521
TARGET_ONLY_COSINE_PROTOTYPE,3,SURFACE_BALANCED,43,130363,5,14,690
TARGET_ONLY_COSINE_PROTOTYPE,3,SURFACE_BALANCED,43,130363,6,3,163
TARGET_ONLY_COSINE_PROTOTYPE,3,SURFACE_BALANCED,43,155921,0,9,433
TARGET_ONLY_COSINE_PROTOTYPE,3,SURFACE_BALANCED,43,155921,1,2,108
TARGET_ONLY_COSINE_PROTOTYPE,3,SURFACE_BALANCED,43,155921,2,14,684
TARGET_ONLY_COSINE_PROTOTYPE,3,SURFACE_BALANCED,43,155921,3,15,750
TARGET_ONLY_COSINE_PROTOTYPE,3,SURFACE_BALANCED,43,155921,4,7,343
TARGET_ONLY_COSINE_PROTOTYPE,3,SURFACE_BALANCED,43,155921,5,11,584
TARGET_ONLY_COSINE_PROTOTYPE,3,SURFACE_BALANCED,43,155921,6,5,248
TARGET_ONLY_COSINE_PROTOTYPE,3,SURFACE_BALANCED,43,181081,0,10,510
TARGET_ONLY_COSINE_PROTOTYPE,3,SURFACE_BALANCED,43,181081,1,7,353
TARGET_ONLY_COSINE_PROTOTYPE,3,SURFACE_BALANCED,43,181081,2,14,677
TARGET_ONLY_COSINE_PROTOTYPE,3,SURFACE_BALANCED,43,181081,3,10,510
TARGET_ONLY_COSINE_PROTOTYPE,3,SURFACE_BALANCED,43,181081,4,10,487
TARGET_ONLY_COSINE_PROTOTYPE,3,SURFACE_BALANCED,43,181081,5,9,445
TARGET_ONLY_COSINE_PROTOTYPE,3,SURFACE_BALANCED,43,181081,6,3,168
TARGET_ONLY_COSINE_PROTOTYPE,3,SURFACE_BALANCED,43,205439,0,12,610
TARGET_ONLY_COSINE_PROTOTYPE,3,SURFACE_BALANCED,43,205439,1,6,308
TARGET_ONLY_COSINE_PROTOTYPE,3,SURFACE_BALANCED,43,205439,2,3,142
TARGET_ONLY_COSINE_PROTOTYPE,3,SURFACE_BALANCED,43,205439,3,8,406
TARGET_ONLY_COSINE_PROTOTYPE,3,SURFACE_BALANCED,43,205439,4,12,612
TARGET_ONLY_COSINE_PROTOTYPE,3,SURFACE_BALANCED,43,205439,5,12,609
TARGET_ONLY_COSINE_PROTOTYPE,3,SURFACE_BALANCED,43,205439,6,10,463
TARGET_ONLY_COSINE_PROTOTYPE,3,SURFACE_BALANCED,44,104729,0,9,444
TARGET_ONLY_COSINE_PROTOTYPE,3,SURFACE_BALANCED,44,104729,1,5,247
TARGET_ONLY_COSINE_PROTOTYPE,3,SURFACE_BALANCED,44,104729,2,4,197
TARGET_ONLY_COSINE_PROTOTYPE,3,SURFACE_BALANCED,44,104729,3,9,455
TARGET_ONLY_COSINE_PROTOTYPE,3,SURFACE_BALANCED,44,104729,4,10,504
TARGET_ONLY_COSINE_PROTOTYPE,3,SURFACE_BALANCED,44,104729,5,9,433
TARGET_ONLY_COSINE_PROTOTYPE,3,SURFACE_BALANCED,44,104729,6,17,870
TARGET_ONLY_COSINE_PROTOTYPE,3,SURFACE_BALANCED,44,130363,0,11,571
TARGET_ONLY_COSINE_PROTOTYPE,3,SURFACE_BALANCED,44,130363,1,9,466
TARGET_ONLY_COSINE_PROTOTYPE,3,SURFACE_BALANCED,44,130363,2,11,521
TARGET_ONLY_COSINE_PROTOTYPE,3,SURFACE_BALANCED,44,130363,3,8,376
TARGET_ONLY_COSINE_PROTOTYPE,3,SURFACE_BALANCED,44,130363,4,5,251
TARGET_ONLY_COSINE_PROTOTYPE,3,SURFACE_BALANCED,44,130363,5,10,491
TARGET_ONLY_COSINE_PROTOTYPE,3,SURFACE_BALANCED,44,130363,6,9,474
TARGET_ONLY_COSINE_PROTOTYPE,3,SURFACE_BALANCED,44,155921,0,7,363
TARGET_ONLY_COSINE_PROTOTYPE,3,SURFACE_BALANCED,44,155921,1,6,297
TARGET_ONLY_COSINE_PROTOTYPE,3,SURFACE_BALANCED,44,155921,2,12,553
TARGET_ONLY_COSINE_PROTOTYPE,3,SURFACE_BALANCED,44,155921,3,9,462
TARGET_ONLY_COSINE_PROTOTYPE,3,SURFACE_BALANCED,44,155921,4,5,249
TARGET_ONLY_COSINE_PROTOTYPE,3,SURFACE_BALANCED,44,155921,5,11,559
TARGET_ONLY_COSINE_PROTOTYPE,3,SURFACE_BALANCED,44,155921,6,13,667
TARGET_ONLY_COSINE_PROTOTYPE,3,SURFACE_BALANCED,44,181081,0,13,666
TARGET_ONLY_COSINE_PROTOTYPE,3,SURFACE_BALANCED,44,181081,1,16,812
TARGET_ONLY_COSINE_PROTOTYPE,3,SURFACE_BALANCED,44,181081,2,13,626
TARGET_ONLY_COSINE_PROTOTYPE,3,SURFACE_BALANCED,44,181081,3,4,193
TARGET_ONLY_COSINE_PROTOTYPE,3,SURFACE_BALANCED,44,181081,4,5,252
TARGET_ONLY_COSINE_PROTOTYPE,3,SURFACE_BALANCED,44,181081,5,4,195
TARGET_ONLY_COSINE_PROTOTYPE,3,SURFACE_BALANCED,44,181081,6,8,406
TARGET_ONLY_COSINE_PROTOTYPE,3,SURFACE_BALANCED,44,205439,0,12,610
TARGET_ONLY_COSINE_PROTOTYPE,3,SURFACE_BALANCED,44,205439,1,7,355
TARGET_ONLY_COSINE_PROTOTYPE,3,SURFACE_BALANCED,44,205439,2,4,215
TARGET_ONLY_COSINE_PROTOTYPE,3,SURFACE_BALANCED,44,205439,3,7,356
TARGET_ONLY_COSINE_PROTOTYPE,3,SURFACE_BALANCED,44,205439,4,5,244
TARGET_ONLY_COSINE_PROTOTYPE,3,SURFACE_BALANCED,44,205439,5,17,841
TARGET_ONLY_COSINE_PROTOTYPE,3,SURFACE_BALANCED,44,205439,6,11,529
TARGET_ONLY_COSINE_PROTOTYPE,3,SURFACE_BALANCED,45,104729,0,8,390
TARGET_ONLY_COSINE_PROTOTYPE,3,SURFACE_BALANCED,45,104729,1,11,546
TARGET_ONLY_COSINE_PROTOTYPE,3,SURFACE_BALANCED,45,104729,2,8,380
TARGET_ONLY_COSINE_PROTOTYPE,3,SURFACE_BALANCED,45,104729,3,13,669
TARGET_ONLY_COSINE_PROTOTYPE,3,SURFACE_BALANCED,45,104729,4,10,493
TARGET_ONLY_COSINE_PROTOTYPE,3,SURFACE_BALANCED,45,104729,5,3,159
TARGET_ONLY_COSINE_PROTOTYPE,3,SURFACE_BALANCED,45,104729,6,10,513
TARGET_ONLY_COSINE_PROTOTYPE,3,SURFACE_BALANCED,45,130363,0,6,314
TARGET_ONLY_COSINE_PROTOTYPE,3,SURFACE_BALANCED,45,130363,1,3,144
TARGET_ONLY_COSINE_PROTOTYPE,3,SURFACE_BALANCED,45,130363,2,15,737
TARGET_ONLY_COSINE_PROTOTYPE,3,SURFACE_BALANCED,45,130363,3,10,483
TARGET_ONLY_COSINE_PROTOTYPE,3,SURFACE_BALANCED,45,130363,4,8,433
TARGET_ONLY_COSINE_PROTOTYPE,3,SURFACE_BALANCED,45,130363,5,13,636
TARGET_ONLY_COSINE_PROTOTYPE,3,SURFACE_BALANCED,45,130363,6,8,403
TARGET_ONLY_COSINE_PROTOTYPE,3,SURFACE_BALANCED,45,155921,0,3,157
TARGET_ONLY_COSINE_PROTOTYPE,3,SURFACE_BALANCED,45,155921,1,1,54
TARGET_ONLY_COSINE_PROTOTYPE,3,SURFACE_BALANCED,45,155921,2,16,776
TARGET_ONLY_COSINE_PROTOTYPE,3,SURFACE_BALANCED,45,155921,3,14,704
TARGET_ONLY_COSINE_PROTOTYPE,3,SURFACE_BALANCED,45,155921,4,6,330
TARGET_ONLY_COSINE_PROTOTYPE,3,SURFACE_BALANCED,45,155921,5,9,447
TARGET_ONLY_COSINE_PROTOTYPE,3,SURFACE_BALANCED,45,155921,6,14,682
TARGET_ONLY_COSINE_PROTOTYPE,3,SURFACE_BALANCED,45,181081,0,15,735
TARGET_ONLY_COSINE_PROTOTYPE,3,SURFACE_BALANCED,45,181081,1,13,653
TARGET_ONLY_COSINE_PROTOTYPE,3,SURFACE_BALANCED,45,181081,2,10,491
TARGET_ONLY_COSINE_PROTOTYPE,3,SURFACE_BALANCED,45,181081,3,2,109
TARGET_ONLY_COSINE_PROTOTYPE,3,SURFACE_BALANCED,45,181081,4,8,387
TARGET_ONLY_COSINE_PROTOTYPE,3,SURFACE_BALANCED,45,181081,5,9,452
TARGET_ONLY_COSINE_PROTOTYPE,3,SURFACE_BALANCED,45,181081,6,6,323
TARGET_ONLY_COSINE_PROTOTYPE,3,SURFACE_BALANCED,45,205439,0,9,448
TARGET_ONLY_COSINE_PROTOTYPE,3,SURFACE_BALANCED,45,205439,1,9,450
TARGET_ONLY_COSINE_PROTOTYPE,3,SURFACE_BALANCED,45,205439,2,7,342
TARGET_ONLY_COSINE_PROTOTYPE,3,SURFACE_BALANCED,45,205439,3,7,377
TARGET_ONLY_COSINE_PROTOTYPE,3,SURFACE_BALANCED,45,205439,4,8,387
TARGET_ONLY_COSINE_PROTOTYPE,3,SURFACE_BALANCED,45,205439,5,11,548
TARGET_ONLY_COSINE_PROTOTYPE,3,SURFACE_BALANCED,45,205439,6,12,598
TARGET_ONLY_COSINE_PROTOTYPE,3,SURFACE_BALANCED,46,104729,0,3,162
TARGET_ONLY_COSINE_PROTOTYPE,3,SURFACE_BALANCED,46,104729,1,10,493
TARGET_ONLY_COSINE_PROTOTYPE,3,SURFACE_BALANCED,46,104729,2,6,292
TARGET_ONLY_COSINE_PROTOTYPE,3,SURFACE_BALANCED,46,104729,3,12,573
TARGET_ONLY_COSINE_PROTOTYPE,3,SURFACE_BALANCED,46,104729,4,12,617
TARGET_ONLY_COSINE_PROTOTYPE,3,SURFACE_BALANCED,46,104729,5,13,639
TARGET_ONLY_COSINE_PROTOTYPE,3,SURFACE_BALANCED,46,104729,6,7,374
TARGET_ONLY_COSINE_PROTOTYPE,3,SURFACE_BALANCED,46,130363,0,8,363
TARGET_ONLY_COSINE_PROTOTYPE,3,SURFACE_BALANCED,46,130363,1,7,353
TARGET_ONLY_COSINE_PROTOTYPE,3,SURFACE_BALANCED,46,130363,2,14,702
TARGET_ONLY_COSINE_PROTOTYPE,3,SURFACE_BALANCED,46,130363,3,5,261
TARGET_ONLY_COSINE_PROTOTYPE,3,SURFACE_BALANCED,46,130363,4,7,363
TARGET_ONLY_COSINE_PROTOTYPE,3,SURFACE_BALANCED,46,130363,5,18,925
TARGET_ONLY_COSINE_PROTOTYPE,3,SURFACE_BALANCED,46,130363,6,4,183
TARGET_ONLY_COSINE_PROTOTYPE,3,SURFACE_BALANCED,46,155921,0,3,165
TARGET_ONLY_COSINE_PROTOTYPE,3,SURFACE_BALANCED,46,155921,1,4,195
TARGET_ONLY_COSINE_PROTOTYPE,3,SURFACE_BALANCED,46,155921,2,13,608
TARGET_ONLY_COSINE_PROTOTYPE,3,SURFACE_BALANCED,46,155921,3,16,800
TARGET_ONLY_COSINE_PROTOTYPE,3,SURFACE_BALANCED,46,155921,4,6,335
TARGET_ONLY_COSINE_PROTOTYPE,3,SURFACE_BALANCED,46,155921,5,16,797
TARGET_ONLY_COSINE_PROTOTYPE,3,SURFACE_BALANCED,46,155921,6,5,250
TARGET_ONLY_COSINE_PROTOTYPE,3,SURFACE_BALANCED,46,181081,0,6,317
TARGET_ONLY_COSINE_PROTOTYPE,3,SURFACE_BALANCED,46,181081,1,13,649
TARGET_ONLY_COSINE_PROTOTYPE,3,SURFACE_BALANCED,46,181081,2,17,824
TARGET_ONLY_COSINE_PROTOTYPE,3,SURFACE_BALANCED,46,181081,3,3,166
TARGET_ONLY_COSINE_PROTOTYPE,3,SURFACE_BALANCED,46,181081,4,3,163
TARGET_ONLY_COSINE_PROTOTYPE,3,SURFACE_BALANCED,46,181081,5,13,650
TARGET_ONLY_COSINE_PROTOTYPE,3,SURFACE_BALANCED,46,181081,6,8,381
TARGET_ONLY_COSINE_PROTOTYPE,3,SURFACE_BALANCED,46,205439,0,13,659
TARGET_ONLY_COSINE_PROTOTYPE,3,SURFACE_BALANCED,46,205439,1,7,351
TARGET_ONLY_COSINE_PROTOTYPE,3,SURFACE_BALANCED,46,205439,2,6,321
TARGET_ONLY_COSINE_PROTOTYPE,3,SURFACE_BALANCED,46,205439,3,3,145
TARGET_ONLY_COSINE_PROTOTYPE,3,SURFACE_BALANCED,46,205439,4,10,524
TARGET_ONLY_COSINE_PROTOTYPE,3,SURFACE_BALANCED,46,205439,5,19,930
TARGET_ONLY_COSINE_PROTOTYPE,3,SURFACE_BALANCED,46,205439,6,5,220
TARGET_ONLY_COSINE_PROTOTYPE,5,JOINT_FACTOR_COVERAGE,42,104729,0,6,305
TARGET_ONLY_COSINE_PROTOTYPE,5,JOINT_FACTOR_COVERAGE,42,104729,1,8,393
TARGET_ONLY_COSINE_PROTOTYPE,5,JOINT_FACTOR_COVERAGE,42,104729,2,4,204
TARGET_ONLY_COSINE_PROTOTYPE,5,JOINT_FACTOR_COVERAGE,42,104729,3,9,467
TARGET_ONLY_COSINE_PROTOTYPE,5,JOINT_FACTOR_COVERAGE,42,104729,4,7,346
TARGET_ONLY_COSINE_PROTOTYPE,5,JOINT_FACTOR_COVERAGE,42,104729,5,15,744
TARGET_ONLY_COSINE_PROTOTYPE,5,JOINT_FACTOR_COVERAGE,42,104729,6,14,691
TARGET_ONLY_COSINE_PROTOTYPE,5,JOINT_FACTOR_COVERAGE,42,130363,0,3,162
TARGET_ONLY_COSINE_PROTOTYPE,5,JOINT_FACTOR_COVERAGE,42,130363,1,7,345
TARGET_ONLY_COSINE_PROTOTYPE,5,JOINT_FACTOR_COVERAGE,42,130363,2,6,292
TARGET_ONLY_COSINE_PROTOTYPE,5,JOINT_FACTOR_COVERAGE,42,130363,3,10,517
TARGET_ONLY_COSINE_PROTOTYPE,5,JOINT_FACTOR_COVERAGE,42,130363,4,8,393
TARGET_ONLY_COSINE_PROTOTYPE,5,JOINT_FACTOR_COVERAGE,42,130363,5,16,813
TARGET_ONLY_COSINE_PROTOTYPE,5,JOINT_FACTOR_COVERAGE,42,130363,6,13,628
TARGET_ONLY_COSINE_PROTOTYPE,5,JOINT_FACTOR_COVERAGE,42,155921,0,3,161
TARGET_ONLY_COSINE_PROTOTYPE,5,JOINT_FACTOR_COVERAGE,42,155921,1,9,444
TARGET_ONLY_COSINE_PROTOTYPE,5,JOINT_FACTOR_COVERAGE,42,155921,2,3,181
TARGET_ONLY_COSINE_PROTOTYPE,5,JOINT_FACTOR_COVERAGE,42,155921,3,5,258
TARGET_ONLY_COSINE_PROTOTYPE,5,JOINT_FACTOR_COVERAGE,42,155921,4,10,495
TARGET_ONLY_COSINE_PROTOTYPE,5,JOINT_FACTOR_COVERAGE,42,155921,5,18,891
TARGET_ONLY_COSINE_PROTOTYPE,5,JOINT_FACTOR_COVERAGE,42,155921,6,15,720
TARGET_ONLY_COSINE_PROTOTYPE,5,JOINT_FACTOR_COVERAGE,42,181081,0,6,309
TARGET_ONLY_COSINE_PROTOTYPE,5,JOINT_FACTOR_COVERAGE,42,181081,1,7,348
TARGET_ONLY_COSINE_PROTOTYPE,5,JOINT_FACTOR_COVERAGE,42,181081,2,7,336
TARGET_ONLY_COSINE_PROTOTYPE,5,JOINT_FACTOR_COVERAGE,42,181081,3,7,362
TARGET_ONLY_COSINE_PROTOTYPE,5,JOINT_FACTOR_COVERAGE,42,181081,4,9,444
TARGET_ONLY_COSINE_PROTOTYPE,5,JOINT_FACTOR_COVERAGE,42,181081,5,18,903
TARGET_ONLY_COSINE_PROTOTYPE,5,JOINT_FACTOR_COVERAGE,42,181081,6,9,448
TARGET_ONLY_COSINE_PROTOTYPE,5,JOINT_FACTOR_COVERAGE,42,205439,0,5,237
TARGET_ONLY_COSINE_PROTOTYPE,5,JOINT_FACTOR_COVERAGE,42,205439,1,6,320
TARGET_ONLY_COSINE_PROTOTYPE,5,JOINT_FACTOR_COVERAGE,42,205439,2,8,383
TARGET_ONLY_COSINE_PROTOTYPE,5,JOINT_FACTOR_COVERAGE,42,205439,3,7,380
TARGET_ONLY_COSINE_PROTOTYPE,5,JOINT_FACTOR_COVERAGE,42,205439,4,8,396
TARGET_ONLY_COSINE_PROTOTYPE,5,JOINT_FACTOR_COVERAGE,42,205439,5,17,863
TARGET_ONLY_COSINE_PROTOTYPE,5,JOINT_FACTOR_COVERAGE,42,205439,6,12,571
TARGET_ONLY_COSINE_PROTOTYPE,5,JOINT_FACTOR_COVERAGE,43,104729,0,10,497
TARGET_ONLY_COSINE_PROTOTYPE,5,JOINT_FACTOR_COVERAGE,43,104729,1,5,260
TARGET_ONLY_COSINE_PROTOTYPE,5,JOINT_FACTOR_COVERAGE,43,104729,2,6,318
TARGET_ONLY_COSINE_PROTOTYPE,5,JOINT_FACTOR_COVERAGE,43,104729,3,11,563
TARGET_ONLY_COSINE_PROTOTYPE,5,JOINT_FACTOR_COVERAGE,43,104729,4,6,303
TARGET_ONLY_COSINE_PROTOTYPE,5,JOINT_FACTOR_COVERAGE,43,104729,5,11,529
TARGET_ONLY_COSINE_PROTOTYPE,5,JOINT_FACTOR_COVERAGE,43,104729,6,14,680
TARGET_ONLY_COSINE_PROTOTYPE,5,JOINT_FACTOR_COVERAGE,43,130363,0,10,518
TARGET_ONLY_COSINE_PROTOTYPE,5,JOINT_FACTOR_COVERAGE,43,130363,1,5,255
TARGET_ONLY_COSINE_PROTOTYPE,5,JOINT_FACTOR_COVERAGE,43,130363,2,10,494
TARGET_ONLY_COSINE_PROTOTYPE,5,JOINT_FACTOR_COVERAGE,43,130363,3,13,635
TARGET_ONLY_COSINE_PROTOTYPE,5,JOINT_FACTOR_COVERAGE,43,130363,4,4,201
TARGET_ONLY_COSINE_PROTOTYPE,5,JOINT_FACTOR_COVERAGE,43,130363,5,14,702
TARGET_ONLY_COSINE_PROTOTYPE,5,JOINT_FACTOR_COVERAGE,43,130363,6,7,345
TARGET_ONLY_COSINE_PROTOTYPE,5,JOINT_FACTOR_COVERAGE,43,155921,0,6,321
TARGET_ONLY_COSINE_PROTOTYPE,5,JOINT_FACTOR_COVERAGE,43,155921,1,3,160
TARGET_ONLY_COSINE_PROTOTYPE,5,JOINT_FACTOR_COVERAGE,43,155921,2,7,341
TARGET_ONLY_COSINE_PROTOTYPE,5,JOINT_FACTOR_COVERAGE,43,155921,3,15,704
TARGET_ONLY_COSINE_PROTOTYPE,5,JOINT_FACTOR_COVERAGE,43,155921,4,6,303
TARGET_ONLY_COSINE_PROTOTYPE,5,JOINT_FACTOR_COVERAGE,43,155921,5,14,713
TARGET_ONLY_COSINE_PROTOTYPE,5,JOINT_FACTOR_COVERAGE,43,155921,6,12,608
TARGET_ONLY_COSINE_PROTOTYPE,5,JOINT_FACTOR_COVERAGE,43,181081,0,10,524
TARGET_ONLY_COSINE_PROTOTYPE,5,JOINT_FACTOR_COVERAGE,43,181081,1,4,205
TARGET_ONLY_COSINE_PROTOTYPE,5,JOINT_FACTOR_COVERAGE,43,181081,2,10,508
TARGET_ONLY_COSINE_PROTOTYPE,5,JOINT_FACTOR_COVERAGE,43,181081,3,14,671
TARGET_ONLY_COSINE_PROTOTYPE,5,JOINT_FACTOR_COVERAGE,43,181081,4,6,316
TARGET_ONLY_COSINE_PROTOTYPE,5,JOINT_FACTOR_COVERAGE,43,181081,5,12,599
TARGET_ONLY_COSINE_PROTOTYPE,5,JOINT_FACTOR_COVERAGE,43,181081,6,7,327
TARGET_ONLY_COSINE_PROTOTYPE,5,JOINT_FACTOR_COVERAGE,43,205439,0,11,525
TARGET_ONLY_COSINE_PROTOTYPE,5,JOINT_FACTOR_COVERAGE,43,205439,1,5,249
TARGET_ONLY_COSINE_PROTOTYPE,5,JOINT_FACTOR_COVERAGE,43,205439,2,9,451
TARGET_ONLY_COSINE_PROTOTYPE,5,JOINT_FACTOR_COVERAGE,43,205439,3,10,528
TARGET_ONLY_COSINE_PROTOTYPE,5,JOINT_FACTOR_COVERAGE,43,205439,4,6,297
TARGET_ONLY_COSINE_PROTOTYPE,5,JOINT_FACTOR_COVERAGE,43,205439,5,16,802
TARGET_ONLY_COSINE_PROTOTYPE,5,JOINT_FACTOR_COVERAGE,43,205439,6,6,298
TARGET_ONLY_COSINE_PROTOTYPE,5,JOINT_FACTOR_COVERAGE,44,104729,0,15,756
TARGET_ONLY_COSINE_PROTOTYPE,5,JOINT_FACTOR_COVERAGE,44,104729,1,9,496
TARGET_ONLY_COSINE_PROTOTYPE,5,JOINT_FACTOR_COVERAGE,44,104729,2,9,448
TARGET_ONLY_COSINE_PROTOTYPE,5,JOINT_FACTOR_COVERAGE,44,104729,3,6,308
TARGET_ONLY_COSINE_PROTOTYPE,5,JOINT_FACTOR_COVERAGE,44,104729,4,5,245
TARGET_ONLY_COSINE_PROTOTYPE,5,JOINT_FACTOR_COVERAGE,44,104729,5,8,381
TARGET_ONLY_COSINE_PROTOTYPE,5,JOINT_FACTOR_COVERAGE,44,104729,6,11,516
TARGET_ONLY_COSINE_PROTOTYPE,5,JOINT_FACTOR_COVERAGE,44,130363,0,15,762
TARGET_ONLY_COSINE_PROTOTYPE,5,JOINT_FACTOR_COVERAGE,44,130363,1,11,564
TARGET_ONLY_COSINE_PROTOTYPE,5,JOINT_FACTOR_COVERAGE,44,130363,2,10,495
TARGET_ONLY_COSINE_PROTOTYPE,5,JOINT_FACTOR_COVERAGE,44,130363,3,6,291
TARGET_ONLY_COSINE_PROTOTYPE,5,JOINT_FACTOR_COVERAGE,44,130363,4,2,116
TARGET_ONLY_COSINE_PROTOTYPE,5,JOINT_FACTOR_COVERAGE,44,130363,5,9,435
TARGET_ONLY_COSINE_PROTOTYPE,5,JOINT_FACTOR_COVERAGE,44,130363,6,10,487
TARGET_ONLY_COSINE_PROTOTYPE,5,JOINT_FACTOR_COVERAGE,44,155921,0,16,814
TARGET_ONLY_COSINE_PROTOTYPE,5,JOINT_FACTOR_COVERAGE,44,155921,1,4,212
TARGET_ONLY_COSINE_PROTOTYPE,5,JOINT_FACTOR_COVERAGE,44,155921,2,10,497
TARGET_ONLY_COSINE_PROTOTYPE,5,JOINT_FACTOR_COVERAGE,44,155921,3,9,430
TARGET_ONLY_COSINE_PROTOTYPE,5,JOINT_FACTOR_COVERAGE,44,155921,4,5,264
TARGET_ONLY_COSINE_PROTOTYPE,5,JOINT_FACTOR_COVERAGE,44,155921,5,9,433
TARGET_ONLY_COSINE_PROTOTYPE,5,JOINT_FACTOR_COVERAGE,44,155921,6,10,500
TARGET_ONLY_COSINE_PROTOTYPE,5,JOINT_FACTOR_COVERAGE,44,181081,0,15,765
TARGET_ONLY_COSINE_PROTOTYPE,5,JOINT_FACTOR_COVERAGE,44,181081,1,10,537
TARGET_ONLY_COSINE_PROTOTYPE,5,JOINT_FACTOR_COVERAGE,44,181081,2,10,482
TARGET_ONLY_COSINE_PROTOTYPE,5,JOINT_FACTOR_COVERAGE,44,181081,3,5,241
TARGET_ONLY_COSINE_PROTOTYPE,5,JOINT_FACTOR_COVERAGE,44,181081,4,2,113
TARGET_ONLY_COSINE_PROTOTYPE,5,JOINT_FACTOR_COVERAGE,44,181081,5,10,481
TARGET_ONLY_COSINE_PROTOTYPE,5,JOINT_FACTOR_COVERAGE,44,181081,6,11,531
TARGET_ONLY_COSINE_PROTOTYPE,5,JOINT_FACTOR_COVERAGE,44,205439,0,15,773
TARGET_ONLY_COSINE_PROTOTYPE,5,JOINT_FACTOR_COVERAGE,44,205439,1,12,614
TARGET_ONLY_COSINE_PROTOTYPE,5,JOINT_FACTOR_COVERAGE,44,205439,2,5,245
TARGET_ONLY_COSINE_PROTOTYPE,5,JOINT_FACTOR_COVERAGE,44,205439,3,6,289
TARGET_ONLY_COSINE_PROTOTYPE,5,JOINT_FACTOR_COVERAGE,44,205439,4,2,105
TARGET_ONLY_COSINE_PROTOTYPE,5,JOINT_FACTOR_COVERAGE,44,205439,5,14,676
TARGET_ONLY_COSINE_PROTOTYPE,5,JOINT_FACTOR_COVERAGE,44,205439,6,9,448
TARGET_ONLY_COSINE_PROTOTYPE,5,JOINT_FACTOR_COVERAGE,45,104729,0,7,359
TARGET_ONLY_COSINE_PROTOTYPE,5,JOINT_FACTOR_COVERAGE,45,104729,1,9,445
TARGET_ONLY_COSINE_PROTOTYPE,5,JOINT_FACTOR_COVERAGE,45,104729,2,18,909
TARGET_ONLY_COSINE_PROTOTYPE,5,JOINT_FACTOR_COVERAGE,45,104729,3,6,303
TARGET_ONLY_COSINE_PROTOTYPE,5,JOINT_FACTOR_COVERAGE,45,104729,4,3,153
TARGET_ONLY_COSINE_PROTOTYPE,5,JOINT_FACTOR_COVERAGE,45,104729,5,11,527
TARGET_ONLY_COSINE_PROTOTYPE,5,JOINT_FACTOR_COVERAGE,45,104729,6,9,454
TARGET_ONLY_COSINE_PROTOTYPE,5,JOINT_FACTOR_COVERAGE,45,130363,0,8,403
TARGET_ONLY_COSINE_PROTOTYPE,5,JOINT_FACTOR_COVERAGE,45,130363,1,12,547
TARGET_ONLY_COSINE_PROTOTYPE,5,JOINT_FACTOR_COVERAGE,45,130363,2,13,651
TARGET_ONLY_COSINE_PROTOTYPE,5,JOINT_FACTOR_COVERAGE,45,130363,3,8,403
TARGET_ONLY_COSINE_PROTOTYPE,5,JOINT_FACTOR_COVERAGE,45,130363,4,4,203
TARGET_ONLY_COSINE_PROTOTYPE,5,JOINT_FACTOR_COVERAGE,45,130363,5,12,636
TARGET_ONLY_COSINE_PROTOTYPE,5,JOINT_FACTOR_COVERAGE,45,130363,6,6,307
TARGET_ONLY_COSINE_PROTOTYPE,5,JOINT_FACTOR_COVERAGE,45,155921,0,7,354
TARGET_ONLY_COSINE_PROTOTYPE,5,JOINT_FACTOR_COVERAGE,45,155921,1,5,237
TARGET_ONLY_COSINE_PROTOTYPE,5,JOINT_FACTOR_COVERAGE,45,155921,2,12,608
TARGET_ONLY_COSINE_PROTOTYPE,5,JOINT_FACTOR_COVERAGE,45,155921,3,10,474
TARGET_ONLY_COSINE_PROTOTYPE,5,JOINT_FACTOR_COVERAGE,45,155921,4,5,276
TARGET_ONLY_COSINE_PROTOTYPE,5,JOINT_FACTOR_COVERAGE,45,155921,5,16,794
TARGET_ONLY_COSINE_PROTOTYPE,5,JOINT_FACTOR_COVERAGE,45,155921,6,8,407
TARGET_ONLY_COSINE_PROTOTYPE,5,JOINT_FACTOR_COVERAGE,45,181081,0,11,549
TARGET_ONLY_COSINE_PROTOTYPE,5,JOINT_FACTOR_COVERAGE,45,181081,1,11,541
TARGET_ONLY_COSINE_PROTOTYPE,5,JOINT_FACTOR_COVERAGE,45,181081,2,9,444
TARGET_ONLY_COSINE_PROTOTYPE,5,JOINT_FACTOR_COVERAGE,45,181081,3,7,349
TARGET_ONLY_COSINE_PROTOTYPE,5,JOINT_FACTOR_COVERAGE,45,181081,4,5,260
TARGET_ONLY_COSINE_PROTOTYPE,5,JOINT_FACTOR_COVERAGE,45,181081,5,14,694
TARGET_ONLY_COSINE_PROTOTYPE,5,JOINT_FACTOR_COVERAGE,45,181081,6,6,313
TARGET_ONLY_COSINE_PROTOTYPE,5,JOINT_FACTOR_COVERAGE,45,205439,0,7,350
TARGET_ONLY_COSINE_PROTOTYPE,5,JOINT_FACTOR_COVERAGE,45,205439,1,10,494
TARGET_ONLY_COSINE_PROTOTYPE,5,JOINT_FACTOR_COVERAGE,45,205439,2,13,646
TARGET_ONLY_COSINE_PROTOTYPE,5,JOINT_FACTOR_COVERAGE,45,205439,3,7,350
TARGET_ONLY_COSINE_PROTOTYPE,5,JOINT_FACTOR_COVERAGE,45,205439,4,3,156
TARGET_ONLY_COSINE_PROTOTYPE,5,JOINT_FACTOR_COVERAGE,45,205439,5,13,644
TARGET_ONLY_COSINE_PROTOTYPE,5,JOINT_FACTOR_COVERAGE,45,205439,6,10,510
TARGET_ONLY_COSINE_PROTOTYPE,5,JOINT_FACTOR_COVERAGE,46,104729,0,7,392
TARGET_ONLY_COSINE_PROTOTYPE,5,JOINT_FACTOR_COVERAGE,46,104729,1,9,444
TARGET_ONLY_COSINE_PROTOTYPE,5,JOINT_FACTOR_COVERAGE,46,104729,2,19,956
TARGET_ONLY_COSINE_PROTOTYPE,5,JOINT_FACTOR_COVERAGE,46,104729,3,4,204
TARGET_ONLY_COSINE_PROTOTYPE,5,JOINT_FACTOR_COVERAGE,46,104729,4,9,438
TARGET_ONLY_COSINE_PROTOTYPE,5,JOINT_FACTOR_COVERAGE,46,104729,5,12,566
TARGET_ONLY_COSINE_PROTOTYPE,5,JOINT_FACTOR_COVERAGE,46,104729,6,3,150
TARGET_ONLY_COSINE_PROTOTYPE,5,JOINT_FACTOR_COVERAGE,46,130363,0,7,379
TARGET_ONLY_COSINE_PROTOTYPE,5,JOINT_FACTOR_COVERAGE,46,130363,1,6,303
TARGET_ONLY_COSINE_PROTOTYPE,5,JOINT_FACTOR_COVERAGE,46,130363,2,17,875
TARGET_ONLY_COSINE_PROTOTYPE,5,JOINT_FACTOR_COVERAGE,46,130363,3,8,379
TARGET_ONLY_COSINE_PROTOTYPE,5,JOINT_FACTOR_COVERAGE,46,130363,4,9,421
TARGET_ONLY_COSINE_PROTOTYPE,5,JOINT_FACTOR_COVERAGE,46,130363,5,13,643
TARGET_ONLY_COSINE_PROTOTYPE,5,JOINT_FACTOR_COVERAGE,46,130363,6,3,150
TARGET_ONLY_COSINE_PROTOTYPE,5,JOINT_FACTOR_COVERAGE,46,155921,0,8,414
TARGET_ONLY_COSINE_PROTOTYPE,5,JOINT_FACTOR_COVERAGE,46,155921,1,7,359
TARGET_ONLY_COSINE_PROTOTYPE,5,JOINT_FACTOR_COVERAGE,46,155921,2,15,762
TARGET_ONLY_COSINE_PROTOTYPE,5,JOINT_FACTOR_COVERAGE,46,155921,3,4,200
TARGET_ONLY_COSINE_PROTOTYPE,5,JOINT_FACTOR_COVERAGE,46,155921,4,13,636
TARGET_ONLY_COSINE_PROTOTYPE,5,JOINT_FACTOR_COVERAGE,46,155921,5,13,629
TARGET_ONLY_COSINE_PROTOTYPE,5,JOINT_FACTOR_COVERAGE,46,155921,6,3,150
TARGET_ONLY_COSINE_PROTOTYPE,5,JOINT_FACTOR_COVERAGE,46,181081,0,9,462
TARGET_ONLY_COSINE_PROTOTYPE,5,JOINT_FACTOR_COVERAGE,46,181081,1,6,304
TARGET_ONLY_COSINE_PROTOTYPE,5,JOINT_FACTOR_COVERAGE,46,181081,2,15,751
TARGET_ONLY_COSINE_PROTOTYPE,5,JOINT_FACTOR_COVERAGE,46,181081,3,6,302
TARGET_ONLY_COSINE_PROTOTYPE,5,JOINT_FACTOR_COVERAGE,46,181081,4,9,442
TARGET_ONLY_COSINE_PROTOTYPE,5,JOINT_FACTOR_COVERAGE,46,181081,5,13,639
TARGET_ONLY_COSINE_PROTOTYPE,5,JOINT_FACTOR_COVERAGE,46,181081,6,5,250
TARGET_ONLY_COSINE_PROTOTYPE,5,JOINT_FACTOR_COVERAGE,46,205439,0,7,364
TARGET_ONLY_COSINE_PROTOTYPE,5,JOINT_FACTOR_COVERAGE,46,205439,1,5,259
TARGET_ONLY_COSINE_PROTOTYPE,5,JOINT_FACTOR_COVERAGE,46,205439,2,16,777
TARGET_ONLY_COSINE_PROTOTYPE,5,JOINT_FACTOR_COVERAGE,46,205439,3,5,276
TARGET_ONLY_COSINE_PROTOTYPE,5,JOINT_FACTOR_COVERAGE,46,205439,4,9,429
TARGET_ONLY_COSINE_PROTOTYPE,5,JOINT_FACTOR_COVERAGE,46,205439,5,17,845
TARGET_ONLY_COSINE_PROTOTYPE,5,JOINT_FACTOR_COVERAGE,46,205439,6,4,200
TARGET_ONLY_COSINE_PROTOTYPE,5,RANDOM_BLOCK,42,104729,0,5,260
TARGET_ONLY_COSINE_PROTOTYPE,5,RANDOM_BLOCK,42,104729,1,7,357
TARGET_ONLY_COSINE_PROTOTYPE,5,RANDOM_BLOCK,42,104729,2,7,346
TARGET_ONLY_COSINE_PROTOTYPE,5,RANDOM_BLOCK,42,104729,3,12,582
TARGET_ONLY_COSINE_PROTOTYPE,5,RANDOM_BLOCK,42,104729,4,10,495
TARGET_ONLY_COSINE_PROTOTYPE,5,RANDOM_BLOCK,42,104729,5,13,652
TARGET_ONLY_COSINE_PROTOTYPE,5,RANDOM_BLOCK,42,104729,6,9,458
TARGET_ONLY_COSINE_PROTOTYPE,5,RANDOM_BLOCK,42,130363,0,5,237
TARGET_ONLY_COSINE_PROTOTYPE,5,RANDOM_BLOCK,42,130363,1,5,268
TARGET_ONLY_COSINE_PROTOTYPE,5,RANDOM_BLOCK,42,130363,2,7,343
TARGET_ONLY_COSINE_PROTOTYPE,5,RANDOM_BLOCK,42,130363,3,11,526
TARGET_ONLY_COSINE_PROTOTYPE,5,RANDOM_BLOCK,42,130363,4,13,641
TARGET_ONLY_COSINE_PROTOTYPE,5,RANDOM_BLOCK,42,130363,5,13,667
TARGET_ONLY_COSINE_PROTOTYPE,5,RANDOM_BLOCK,42,130363,6,9,468
TARGET_ONLY_COSINE_PROTOTYPE,5,RANDOM_BLOCK,42,155921,0,2,113
TARGET_ONLY_COSINE_PROTOTYPE,5,RANDOM_BLOCK,42,155921,1,6,310
TARGET_ONLY_COSINE_PROTOTYPE,5,RANDOM_BLOCK,42,155921,2,12,594
TARGET_ONLY_COSINE_PROTOTYPE,5,RANDOM_BLOCK,42,155921,3,16,792
TARGET_ONLY_COSINE_PROTOTYPE,5,RANDOM_BLOCK,42,155921,4,4,209
TARGET_ONLY_COSINE_PROTOTYPE,5,RANDOM_BLOCK,42,155921,5,14,700
TARGET_ONLY_COSINE_PROTOTYPE,5,RANDOM_BLOCK,42,155921,6,9,432
TARGET_ONLY_COSINE_PROTOTYPE,5,RANDOM_BLOCK,42,181081,0,8,392
TARGET_ONLY_COSINE_PROTOTYPE,5,RANDOM_BLOCK,42,181081,1,5,250
TARGET_ONLY_COSINE_PROTOTYPE,5,RANDOM_BLOCK,42,181081,2,6,290
TARGET_ONLY_COSINE_PROTOTYPE,5,RANDOM_BLOCK,42,181081,3,9,452
TARGET_ONLY_COSINE_PROTOTYPE,5,RANDOM_BLOCK,42,181081,4,9,462
TARGET_ONLY_COSINE_PROTOTYPE,5,RANDOM_BLOCK,42,181081,5,16,809
TARGET_ONLY_COSINE_PROTOTYPE,5,RANDOM_BLOCK,42,181081,6,10,495
TARGET_ONLY_COSINE_PROTOTYPE,5,RANDOM_BLOCK,42,205439,0,7,338
TARGET_ONLY_COSINE_PROTOTYPE,5,RANDOM_BLOCK,42,205439,1,9,444
TARGET_ONLY_COSINE_PROTOTYPE,5,RANDOM_BLOCK,42,205439,2,6,293
TARGET_ONLY_COSINE_PROTOTYPE,5,RANDOM_BLOCK,42,205439,3,8,403
TARGET_ONLY_COSINE_PROTOTYPE,5,RANDOM_BLOCK,42,205439,4,3,175
TARGET_ONLY_COSINE_PROTOTYPE,5,RANDOM_BLOCK,42,205439,5,19,958
TARGET_ONLY_COSINE_PROTOTYPE,5,RANDOM_BLOCK,42,205439,6,11,539
TARGET_ONLY_COSINE_PROTOTYPE,5,RANDOM_BLOCK,43,104729,0,10,527
TARGET_ONLY_COSINE_PROTOTYPE,5,RANDOM_BLOCK,43,104729,1,5,247
TARGET_ONLY_COSINE_PROTOTYPE,5,RANDOM_BLOCK,43,104729,2,10,507
TARGET_ONLY_COSINE_PROTOTYPE,5,RANDOM_BLOCK,43,104729,3,15,728
TARGET_ONLY_COSINE_PROTOTYPE,5,RANDOM_BLOCK,43,104729,4,8,406
TARGET_ONLY_COSINE_PROTOTYPE,5,RANDOM_BLOCK,43,104729,5,5,244
TARGET_ONLY_COSINE_PROTOTYPE,5,RANDOM_BLOCK,43,104729,6,10,491
TARGET_ONLY_COSINE_PROTOTYPE,5,RANDOM_BLOCK,43,130363,0,7,352
TARGET_ONLY_COSINE_PROTOTYPE,5,RANDOM_BLOCK,43,130363,1,6,305
TARGET_ONLY_COSINE_PROTOTYPE,5,RANDOM_BLOCK,43,130363,2,8,377
TARGET_ONLY_COSINE_PROTOTYPE,5,RANDOM_BLOCK,43,130363,3,12,614
TARGET_ONLY_COSINE_PROTOTYPE,5,RANDOM_BLOCK,43,130363,4,9,443
TARGET_ONLY_COSINE_PROTOTYPE,5,RANDOM_BLOCK,43,130363,5,11,563
TARGET_ONLY_COSINE_PROTOTYPE,5,RANDOM_BLOCK,43,130363,6,10,496
TARGET_ONLY_COSINE_PROTOTYPE,5,RANDOM_BLOCK,43,155921,0,11,584
TARGET_ONLY_COSINE_PROTOTYPE,5,RANDOM_BLOCK,43,155921,1,6,310
TARGET_ONLY_COSINE_PROTOTYPE,5,RANDOM_BLOCK,43,155921,2,12,580
TARGET_ONLY_COSINE_PROTOTYPE,5,RANDOM_BLOCK,43,155921,3,11,551
TARGET_ONLY_COSINE_PROTOTYPE,5,RANDOM_BLOCK,43,155921,4,5,252
TARGET_ONLY_COSINE_PROTOTYPE,5,RANDOM_BLOCK,43,155921,5,13,633
TARGET_ONLY_COSINE_PROTOTYPE,5,RANDOM_BLOCK,43,155921,6,5,240
TARGET_ONLY_COSINE_PROTOTYPE,5,RANDOM_BLOCK,43,181081,0,10,485
TARGET_ONLY_COSINE_PROTOTYPE,5,RANDOM_BLOCK,43,181081,1,8,405
TARGET_ONLY_COSINE_PROTOTYPE,5,RANDOM_BLOCK,43,181081,2,1,52
TARGET_ONLY_COSINE_PROTOTYPE,5,RANDOM_BLOCK,43,181081,3,10,530
TARGET_ONLY_COSINE_PROTOTYPE,5,RANDOM_BLOCK,43,181081,4,13,650
TARGET_ONLY_COSINE_PROTOTYPE,5,RANDOM_BLOCK,43,181081,5,13,628
TARGET_ONLY_COSINE_PROTOTYPE,5,RANDOM_BLOCK,43,181081,6,8,400
TARGET_ONLY_COSINE_PROTOTYPE,5,RANDOM_BLOCK,43,205439,0,10,473
TARGET_ONLY_COSINE_PROTOTYPE,5,RANDOM_BLOCK,43,205439,1,8,380
TARGET_ONLY_COSINE_PROTOTYPE,5,RANDOM_BLOCK,43,205439,2,6,311
TARGET_ONLY_COSINE_PROTOTYPE,5,RANDOM_BLOCK,43,205439,3,8,430
TARGET_ONLY_COSINE_PROTOTYPE,5,RANDOM_BLOCK,43,205439,4,6,315
TARGET_ONLY_COSINE_PROTOTYPE,5,RANDOM_BLOCK,43,205439,5,19,944
TARGET_ONLY_COSINE_PROTOTYPE,5,RANDOM_BLOCK,43,205439,6,6,297
TARGET_ONLY_COSINE_PROTOTYPE,5,RANDOM_BLOCK,44,104729,0,16,812
TARGET_ONLY_COSINE_PROTOTYPE,5,RANDOM_BLOCK,44,104729,1,7,385
TARGET_ONLY_COSINE_PROTOTYPE,5,RANDOM_BLOCK,44,104729,2,10,482
TARGET_ONLY_COSINE_PROTOTYPE,5,RANDOM_BLOCK,44,104729,3,6,285
TARGET_ONLY_COSINE_PROTOTYPE,5,RANDOM_BLOCK,44,104729,4,8,404
TARGET_ONLY_COSINE_PROTOTYPE,5,RANDOM_BLOCK,44,104729,5,6,303
TARGET_ONLY_COSINE_PROTOTYPE,5,RANDOM_BLOCK,44,104729,6,10,479
TARGET_ONLY_COSINE_PROTOTYPE,5,RANDOM_BLOCK,44,130363,0,11,568
TARGET_ONLY_COSINE_PROTOTYPE,5,RANDOM_BLOCK,44,130363,1,9,462
TARGET_ONLY_COSINE_PROTOTYPE,5,RANDOM_BLOCK,44,130363,2,13,637
TARGET_ONLY_COSINE_PROTOTYPE,5,RANDOM_BLOCK,44,130363,3,9,429
TARGET_ONLY_COSINE_PROTOTYPE,5,RANDOM_BLOCK,44,130363,4,7,367
TARGET_ONLY_COSINE_PROTOTYPE,5,RANDOM_BLOCK,44,130363,5,9,441
TARGET_ONLY_COSINE_PROTOTYPE,5,RANDOM_BLOCK,44,130363,6,5,246
TARGET_ONLY_COSINE_PROTOTYPE,5,RANDOM_BLOCK,44,155921,0,8,395
TARGET_ONLY_COSINE_PROTOTYPE,5,RANDOM_BLOCK,44,155921,1,8,406
TARGET_ONLY_COSINE_PROTOTYPE,5,RANDOM_BLOCK,44,155921,2,10,506
TARGET_ONLY_COSINE_PROTOTYPE,5,RANDOM_BLOCK,44,155921,3,11,564
TARGET_ONLY_COSINE_PROTOTYPE,5,RANDOM_BLOCK,44,155921,4,3,168
TARGET_ONLY_COSINE_PROTOTYPE,5,RANDOM_BLOCK,44,155921,5,10,501
TARGET_ONLY_COSINE_PROTOTYPE,5,RANDOM_BLOCK,44,155921,6,13,610
TARGET_ONLY_COSINE_PROTOTYPE,5,RANDOM_BLOCK,44,181081,0,13,682
TARGET_ONLY_COSINE_PROTOTYPE,5,RANDOM_BLOCK,44,181081,1,8,412
TARGET_ONLY_COSINE_PROTOTYPE,5,RANDOM_BLOCK,44,181081,2,7,347
TARGET_ONLY_COSINE_PROTOTYPE,5,RANDOM_BLOCK,44,181081,3,3,153
TARGET_ONLY_COSINE_PROTOTYPE,5,RANDOM_BLOCK,44,181081,4,7,335
TARGET_ONLY_COSINE_PROTOTYPE,5,RANDOM_BLOCK,44,181081,5,11,545
TARGET_ONLY_COSINE_PROTOTYPE,5,RANDOM_BLOCK,44,181081,6,14,676
TARGET_ONLY_COSINE_PROTOTYPE,5,RANDOM_BLOCK,44,205439,0,13,655
TARGET_ONLY_COSINE_PROTOTYPE,5,RANDOM_BLOCK,44,205439,1,13,661
TARGET_ONLY_COSINE_PROTOTYPE,5,RANDOM_BLOCK,44,205439,2,3,145
TARGET_ONLY_COSINE_PROTOTYPE,5,RANDOM_BLOCK,44,205439,3,5,260
TARGET_ONLY_COSINE_PROTOTYPE,5,RANDOM_BLOCK,44,205439,4,2,113
TARGET_ONLY_COSINE_PROTOTYPE,5,RANDOM_BLOCK,44,205439,5,16,782
TARGET_ONLY_COSINE_PROTOTYPE,5,RANDOM_BLOCK,44,205439,6,11,534
TARGET_ONLY_COSINE_PROTOTYPE,5,RANDOM_BLOCK,45,104729,0,10,494
TARGET_ONLY_COSINE_PROTOTYPE,5,RANDOM_BLOCK,45,104729,1,8,394
TARGET_ONLY_COSINE_PROTOTYPE,5,RANDOM_BLOCK,45,104729,2,14,690
TARGET_ONLY_COSINE_PROTOTYPE,5,RANDOM_BLOCK,45,104729,3,5,247
TARGET_ONLY_COSINE_PROTOTYPE,5,RANDOM_BLOCK,45,104729,4,6,299
TARGET_ONLY_COSINE_PROTOTYPE,5,RANDOM_BLOCK,45,104729,5,9,473
TARGET_ONLY_COSINE_PROTOTYPE,5,RANDOM_BLOCK,45,104729,6,11,553
TARGET_ONLY_COSINE_PROTOTYPE,5,RANDOM_BLOCK,45,130363,0,8,409
TARGET_ONLY_COSINE_PROTOTYPE,5,RANDOM_BLOCK,45,130363,1,7,363
TARGET_ONLY_COSINE_PROTOTYPE,5,RANDOM_BLOCK,45,130363,2,13,649
TARGET_ONLY_COSINE_PROTOTYPE,5,RANDOM_BLOCK,45,130363,3,4,191
TARGET_ONLY_COSINE_PROTOTYPE,5,RANDOM_BLOCK,45,130363,4,10,483
TARGET_ONLY_COSINE_PROTOTYPE,5,RANDOM_BLOCK,45,130363,5,11,549
TARGET_ONLY_COSINE_PROTOTYPE,5,RANDOM_BLOCK,45,130363,6,10,506
TARGET_ONLY_COSINE_PROTOTYPE,5,RANDOM_BLOCK,45,155921,0,4,204
TARGET_ONLY_COSINE_PROTOTYPE,5,RANDOM_BLOCK,45,155921,1,5,253
TARGET_ONLY_COSINE_PROTOTYPE,5,RANDOM_BLOCK,45,155921,2,14,682
TARGET_ONLY_COSINE_PROTOTYPE,5,RANDOM_BLOCK,45,155921,3,14,701
TARGET_ONLY_COSINE_PROTOTYPE,5,RANDOM_BLOCK,45,155921,4,2,134
TARGET_ONLY_COSINE_PROTOTYPE,5,RANDOM_BLOCK,45,155921,5,15,739
TARGET_ONLY_COSINE_PROTOTYPE,5,RANDOM_BLOCK,45,155921,6,9,437
TARGET_ONLY_COSINE_PROTOTYPE,5,RANDOM_BLOCK,45,181081,0,4,204
TARGET_ONLY_COSINE_PROTOTYPE,5,RANDOM_BLOCK,45,181081,1,8,405
TARGET_ONLY_COSINE_PROTOTYPE,5,RANDOM_BLOCK,45,181081,2,17,836
TARGET_ONLY_COSINE_PROTOTYPE,5,RANDOM_BLOCK,45,181081,3,6,319
TARGET_ONLY_COSINE_PROTOTYPE,5,RANDOM_BLOCK,45,181081,4,5,273
TARGET_ONLY_COSINE_PROTOTYPE,5,RANDOM_BLOCK,45,181081,5,13,649
TARGET_ONLY_COSINE_PROTOTYPE,5,RANDOM_BLOCK,45,181081,6,10,464
TARGET_ONLY_COSINE_PROTOTYPE,5,RANDOM_BLOCK,45,205439,0,5,254
TARGET_ONLY_COSINE_PROTOTYPE,5,RANDOM_BLOCK,45,205439,1,8,409
TARGET_ONLY_COSINE_PROTOTYPE,5,RANDOM_BLOCK,45,205439,2,13,641
TARGET_ONLY_COSINE_PROTOTYPE,5,RANDOM_BLOCK,45,205439,3,7,336
TARGET_ONLY_COSINE_PROTOTYPE,5,RANDOM_BLOCK,45,205439,4,4,225
TARGET_ONLY_COSINE_PROTOTYPE,5,RANDOM_BLOCK,45,205439,5,15,727
TARGET_ONLY_COSINE_PROTOTYPE,5,RANDOM_BLOCK,45,205439,6,11,558
TARGET_ONLY_COSINE_PROTOTYPE,5,RANDOM_BLOCK,46,104729,0,7,354
TARGET_ONLY_COSINE_PROTOTYPE,5,RANDOM_BLOCK,46,104729,1,7,399
TARGET_ONLY_COSINE_PROTOTYPE,5,RANDOM_BLOCK,46,104729,2,13,634
TARGET_ONLY_COSINE_PROTOTYPE,5,RANDOM_BLOCK,46,104729,3,7,321
TARGET_ONLY_COSINE_PROTOTYPE,5,RANDOM_BLOCK,46,104729,4,11,542
TARGET_ONLY_COSINE_PROTOTYPE,5,RANDOM_BLOCK,46,104729,5,15,750
TARGET_ONLY_COSINE_PROTOTYPE,5,RANDOM_BLOCK,46,104729,6,3,150
TARGET_ONLY_COSINE_PROTOTYPE,5,RANDOM_BLOCK,46,130363,0,6,295
TARGET_ONLY_COSINE_PROTOTYPE,5,RANDOM_BLOCK,46,130363,1,8,417
TARGET_ONLY_COSINE_PROTOTYPE,5,RANDOM_BLOCK,46,130363,2,13,642
TARGET_ONLY_COSINE_PROTOTYPE,5,RANDOM_BLOCK,46,130363,3,7,353
TARGET_ONLY_COSINE_PROTOTYPE,5,RANDOM_BLOCK,46,130363,4,10,491
TARGET_ONLY_COSINE_PROTOTYPE,5,RANDOM_BLOCK,46,130363,5,15,752
TARGET_ONLY_COSINE_PROTOTYPE,5,RANDOM_BLOCK,46,130363,6,4,200
TARGET_ONLY_COSINE_PROTOTYPE,5,RANDOM_BLOCK,46,155921,0,6,317
TARGET_ONLY_COSINE_PROTOTYPE,5,RANDOM_BLOCK,46,155921,1,6,310
TARGET_ONLY_COSINE_PROTOTYPE,5,RANDOM_BLOCK,46,155921,2,16,793
TARGET_ONLY_COSINE_PROTOTYPE,5,RANDOM_BLOCK,46,155921,3,6,301
TARGET_ONLY_COSINE_PROTOTYPE,5,RANDOM_BLOCK,46,155921,4,8,393
TARGET_ONLY_COSINE_PROTOTYPE,5,RANDOM_BLOCK,46,155921,5,18,883
TARGET_ONLY_COSINE_PROTOTYPE,5,RANDOM_BLOCK,46,155921,6,3,153
TARGET_ONLY_COSINE_PROTOTYPE,5,RANDOM_BLOCK,46,181081,0,4,205
TARGET_ONLY_COSINE_PROTOTYPE,5,RANDOM_BLOCK,46,181081,1,7,363
TARGET_ONLY_COSINE_PROTOTYPE,5,RANDOM_BLOCK,46,181081,2,12,598
TARGET_ONLY_COSINE_PROTOTYPE,5,RANDOM_BLOCK,46,181081,3,4,193
TARGET_ONLY_COSINE_PROTOTYPE,5,RANDOM_BLOCK,46,181081,4,11,560
TARGET_ONLY_COSINE_PROTOTYPE,5,RANDOM_BLOCK,46,181081,5,20,981
TARGET_ONLY_COSINE_PROTOTYPE,5,RANDOM_BLOCK,46,181081,6,5,250
TARGET_ONLY_COSINE_PROTOTYPE,5,RANDOM_BLOCK,46,205439,0,6,296
TARGET_ONLY_COSINE_PROTOTYPE,5,RANDOM_BLOCK,46,205439,1,8,407
TARGET_ONLY_COSINE_PROTOTYPE,5,RANDOM_BLOCK,46,205439,2,11,544
TARGET_ONLY_COSINE_PROTOTYPE,5,RANDOM_BLOCK,46,205439,3,5,255
TARGET_ONLY_COSINE_PROTOTYPE,5,RANDOM_BLOCK,46,205439,4,7,355
TARGET_ONLY_COSINE_PROTOTYPE,5,RANDOM_BLOCK,46,205439,5,22,1100
TARGET_ONLY_COSINE_PROTOTYPE,5,RANDOM_BLOCK,46,205439,6,4,193
