relative_path,size_bytes,sha256
.gitattributes,124,7262606de7110ba115f71b2399777dbf97b0905f4b1e57243056dbb001f5ff4e
.gitignore,956,133b60562d448d8ad592f20cb9a84ef0ed3e7289ffa6caed828c51fad5ec94fb
06_failure_mechanism/composition_warp/01_factor_interaction_check/report.md,3621,58fbae08372c145d6cad8dd0eba50de3eb640ff8d95679dd6623f257331457b6
06_failure_mechanism/composition_warp/01_factor_interaction_check/results/interaction_summary.csv,452078,3bb264c0ed1e07e58e0fae87e96c8f48754ef8d3547a341b87c0588142bc3410
06_failure_mechanism/composition_warp/01_factor_interaction_check/results/interaction_summary.json,6677,62941bff2bf943da9ce06c3d2a7228830da1e2406a4848cd24bd7bf59e7e12fe
06_failure_mechanism/composition_warp/01_factor_interaction_check/run.py,18273,9f399b6268e5f2573791e5ee85bd9e65cb77eccdc698dc7fc5d262d4ff3e3ca7
06_failure_mechanism/composition_warp/02_noise_floor_composition/execution/frozen_release/FROZEN_RELEASE_MANIFEST.json,5195,1394459b1175a251312e8f15d84a0a7601d59ae2bf5c0a0ded3b1d1c7b5e693c
06_failure_mechanism/composition_warp/02_noise_floor_composition/execution/frozen_release/preprocessing/state.json,3878,4e4d207ace7065190b718f6402c55f870d19224a896c70689b445e2b04963f90
06_failure_mechanism/composition_warp/02_noise_floor_composition/execution/frozen_release/recipe.json,2367,217f50d3eebfb2498db1ae88505d8516154f4ee047c48260089c59c76d2d147f
06_failure_mechanism/composition_warp/02_noise_floor_composition/execution/frozen_release/recipe.sha256,78,7ecf4a815a58ac477bd9d267a5da6dedd4972826ae4ec40ddf8f57c2bc187988
06_failure_mechanism/composition_warp/02_noise_floor_composition/execution/frozen_release/target_access_authorization.json,729,60e55d08a8326751682be70d6ca5bda1ff1c3acc56087ddfe326d9860c6ef48f
06_failure_mechanism/composition_warp/02_noise_floor_composition/execution/p4_custody_manifest.json,1024,826704965766185900bb15094acb064b34a4bf3df700cb3807e78fdd0a058a75
06_failure_mechanism/composition_warp/02_noise_floor_composition/report.md,7446,01a79c200c4a02410c8ad825b0ade26212e60ba87ec9708516358e6195b4a412
06_failure_mechanism/composition_warp/02_noise_floor_composition/results/noise_floor_estimates.json,39287,96d82a874a12a11ed68a5881c83938ce1955bf201cb84f5823169f1b2eb24bf2
06_failure_mechanism/composition_warp/02_noise_floor_composition/results/p4_evaluation_declaration.json,265,c4f1a62e32ac5ecf9eac93868d79197bfa2a4404ca8c7785aa38ec084bba1b0c
06_failure_mechanism/composition_warp/02_noise_floor_composition/results/retrain_eval_summary.json,10564,b227bfebeff7ca7235e5d3c5a82eb8614b4a634dac14687d4d402ff5cb8064d3
06_failure_mechanism/composition_warp/02_noise_floor_composition/run.py,47586,424343d027db7136ff0afb013512641655cfdcbb1051cfd07437b182ed21c3dd
06_failure_mechanism/composition_warp/03_peak_warp_prediction/report.md,9666,28929821fc9954ba19b76c1c66f835e499c66836b0df36d9aa9228d2bd7155ac
06_failure_mechanism/composition_warp/03_peak_warp_prediction/results/collision_prediction_vs_observed.json,31976,f3f8a079b0d45d91fc7574ad47b1bca4d719f07e171e3e8195ace59eb8db8987
06_failure_mechanism/composition_warp/03_peak_warp_prediction/results/predicted_p4_peaks.json,96608,9269eee82831cedb510abe30224324e074f6d55361f4d232c06c61980ecf227f
06_failure_mechanism/composition_warp/03_peak_warp_prediction/run.py,32349,eff56c58acbe10a22e7fdd4e1b4d820af01f4b8e27097722a6dc5244d1bed56e
06_failure_mechanism/composition_warp/common.py,17395,39a2f44690825b336d6630753f6cfb52baf9404911b27a22a227691916b2206d
06_failure_mechanism/composition_warp/composition_warp_summary.md,8786,ed579d99d45722e544323a884b75ba52fd19f79d81411ce476fb3b73dfc59f9e
06_failure_mechanism/composition_warp/preregistration.md,11786,9c396bab5aac8b5040b907e8fdb81d934eda576c71102da1969813435197f03d
06_failure_mechanism/README.md,758,d7ce5b536e508348de66dcd7487c8bbe4511f39ef0c75958f84698a17407bb50
CITATION.cff,555,7d54db70e4c162cc48e8278d69e8d8558f46ce7a99935740b035114aaad03eb9
configs/angle_distance_factorial_contrast/canonical.json,2387,bf6d5ef42d0fd7159e7ad4cc104d7e9faf030375f79f8ee205a2e1141a3b87a2
configs/baseline/pre_dg.yaml,304,090e05718b14439dc75644437e6ab65d92c32aee03b8add8853227564176b3e5
configs/dann/preregistered.json,1730,bd2d0a9a53306ce473aa10752e56db18b78c339f0815e69f278fd5f54da77325
configs/dann_position_intervention/preregistered.json,1593,e687ea246c344b78949572a4ed6f62ca0143b1ed19b435cc062be183f6d09020
configs/dann_v2/preregistered.json,2695,87d2bb74d0e333e89a6d603751bb58c5c057e21007de80adb70f3344074e5d00
configs/data/tyndall.yaml,760,86dc8c4b6983d9b3cab8c16b45b004f3ce5a8d9c6c011d86789b9c9d46fccf2a
configs/data/tyndall_baseline_resampling.yaml,1011,6c491b80342b8088af306adda1de6bccab0c34ca729bcd96ba91e49fe0c98f41
configs/domain_aware_mixup/canonical.json,3359,b4c62f63a9bce85201628d2019bdb6ac1bc24fca7134ca753b4fc5ae9ea0cabd
configs/external_data1/canonical.yaml,591,1dca913a65d4798e751512ec929bd095b09b5055ce7f305f11bf27a5fd451607
configs/external_data1/data_authority.yaml,1462,cafc58edf86ef7a12f85ad19e7f470490cf2cca8ba76ba3cae46ff74019e3256
configs/external_data1/ev2r_protocol.yaml,2465,2e9ad90f28614de8526108d7adcd62b00c59a25ee35ea998e2abee02cd5758ab
configs/external_data1/frozen_branch.yaml,6583,b148fdc32f2fa4a4a7dfb134f9b45935394b1561c037edb78130e97e6f1bac8d
configs/external_data1/label_access.yaml,1050,b44ca87907b0d24d2ad26b7bea8494ea9b6241fc273914aecc185f4211d48d7b
configs/external_data1_ssl_strict_dg/branch.json,5135,2a51c969c1df2203bc2e800e9c9a06f43a4bdda8a15910d1fd5badda954a1bde
configs/failure_analysis/canonical.yaml,646,f0f37b015657e1b59a794b6e4eaecfd1b71fbb8f85d79125c8dd75b390653685
configs/few_shot/canonical.yaml,3980,d91b3ee5a0c85702cb8057f5e62c4a6c385ab8cde852ebc1465cbd587014badc
configs/fixed_position_grouped_validity/canonical.json,3009,9789d40b811d3076f819dfa05e62b9b6ba3e7e7e4f6521f636aa92b35a1c9465
configs/groupdro_worst_source/canonical.json,3352,39a4411f597aaba4fcf6bce02531d2d036d106109c585bec023d932984683d23
configs/irm_invariant_risk/canonical.json,3205,49cb44f59f8e70bccecd088fc39a891eb5c08f0f36fd024789273d4a460f03b7
configs/openems/assumption_bounded.yaml,1498,af76fb802f27999f7a318b62cb16b4cb48b9de03c0e9a0c18fbd7c35c8b8e50c
configs/p4_encoder_finetuning/preregistration.json,10185,1a56eb90bfd920f81b7f1be11ac122954d74197b6544184fcbb29bdaf66fe127
configs/p4_encoder_finetuning/preregistration.sha256,87,a19959cded0e02cec51f0bdb5445f32d892f0ec0efde4c5f50d12a464070a31b
configs/p4_factor_aware_few_shot/canonical.json,1813,068600d7966def60e2d22bbb57cac1076660ae5177ba5d08896065dafeee75e0
configs/p4_large_calibration_curve/preregistration.json,9127,30e65854c09773f3ff64054cf04fabc215a9e9fa27919ffc9de448d1f48bb99d
configs/p4_large_calibration_curve/preregistration.sha256,204,7d63473094438de57bde8b7bc88b5a9a79c064756e99f147cce82de7b77b40f1
configs/p4_trainable_linear_readout/preregistration.json,8961,3981144793981f96b44c486d413f32436129427902bbad34b6974257de57836b
configs/p4_trainable_linear_readout/preregistration.sha256,87,fb75ec82df0e80ea8014adb33a852904599ab7a258d5e08ee0f16a286c361e59
configs/pre_dg/canonical.yaml,975,47e85ce169a534868469191b1f4b46ffad64b5f3de173b12eab0a70327d29c07
configs/pre_dg/data_authority.yaml,1539,c641ca18e37b1527da84d5abe4e439c223dd4bd165c3d80c04bd1c95610aa6ea
configs/pre_dg/evaluation.yaml,10563,f05a71e78894cee93e14f960740beafab12cb8f8351b7689fec2b3d0dbbc15e1
configs/pre_dg/model.yaml,1369,c71d8088c1423effa4c8cb71e3b0de52df646e11da5110cddbce2cb19d2a2a64
configs/pre_dg/split.yaml,7025,e1d4631f1dae165040d680fbeca4d33016ccacabba6be7c33184554338f1f3a8
configs/representation_signal_diagnostic/protocol.json,5591,3a37ab7022df90a27c58c5aa6eae429db45d50c1a5fae4fd6c494d32e70e5c3e
configs/source_selection_regret/protocol.json,3842,b0cb8d8a0cefe22e28651e36e416f10d6d51c393c2847065759898676c97aee3
configs/strict_dg/canonical.yaml,3051,2338bbe1f7ec501546512d286b3d2b3d3067f9f8e458a547e2a237c15a1b835e
configs/target_assisted/canonical.yaml,1326,4697c7e221162bd94c301cfe3087ef80ce33bb5b9d8a0996260e8fe0df5aaa7a
configs/target_assisted/target_access.yaml,925,b96c6572f8dd94148e2d3768bc16ae7f4de8b5827f5cd3acb3cbe6c4f6f5e5c9
data/example/README.md,498,efca47eafdf0d6c91a18ea08fd2a8b60a48639aa07d25443b0da3a9846444232
data/README.md,1168,f3fb30404dbbb0311b029f2d37c1971612126892a421539e75381b79c0b6495d
data/schemas/datasets.json,3304,64c7025abfb169d123cbdfffe80cd87fa6a1e76658a41046c9d1795ea529333b
DATA_LINEAGE.md,5718,35fce8738b674e03f8e7b0ed62a6fe34115ebb868c31d2c30935f2d80ccdc0f5
docs/ANGLE_DISTANCE_FACTORIAL_PROTOCOL.md,5037,32565beafdd16e45f5af4d63048b9ad0874218a3f86344706c16cd7f4050a19d
docs/ANGLE_DISTANCE_FACTORIAL_RESULTS.md,3796,e31738d862e61184f34f36ab604b8aeb127286cd8b18dbc081dd30da3bd506c1
docs/baseline_protocol.md,438,359ad50a4509303dac79b0d7d924891c237cdbed38efe8810bd69851041adc21
docs/DANN_POSITION_INTERVENTION_PROTOCOL.md,2043,459acdf7fd9c1cc5a6ebca7bd6fdcb32924e1d23d28cf6dc83124122f288840f
docs/DANN_POSITION_INTERVENTION_RESULTS.md,1366,4598284746d61ff18bcad5716dbe5301f8d76c9a113c76e7f352fea697b1b206
docs/data_format.md,513,e263f4572697c866575497b34e598655157a5e78ad15d234b623492777132402
docs/DOMAIN_AWARE_MIXUP_PROTOCOL.md,1230,5ce934c5cd8ea2ba56afd01fe5954f5d7d86fa0d43eb64157e40dcf5a087eaa0
docs/DOMAIN_AWARE_MIXUP_RESULTS.md,1629,4fff78e675be8f414a5c9ccb3a3d3c6ed5849c63c529728dae6ba3b3371d8d29
docs/experimental_flow.md,1237,4f41428ffe70d861f581b1046df34b62c6b31a788b4fb36eb3d88b5ffb33fa84
docs/external_data1_claims.md,691,bcf6aed6d6b4535e19d8f17d0ff53913af87abab49bbdfbe9e9d34645832a607
docs/external_data1_overview.md,493,4da3a1e47bc2dca5409ee240ed0bc8b7c62effa1a575ca5309a8804e6077b718
docs/external_data1_protocol.md,776,fdb1ff3679355fbd453562444f2d486ca6070f5c1ae067290be7eef49097f4e9
docs/external_data1_results.md,741,45bb0e3e65e37c0c7244b20f993b7af196f1019d8f7b944035b733f403354c8c
docs/external_data1_ssl_strict_dg_overview.md,1286,496f8cbbfb5a3a381c053a18748fbe5d68eb1323fcaeccaa13d1d331f03be9e9
docs/external_portability_protocol.md,561,c9ec30aacf3b0b82153467c54a42a1b8a2e33a5f7ca9cd21aa04c0a71da921de
docs/failure_analysis.md,346,b8ef494b8b15756cd2fedf39725307b485020e7a6ffd382f11373334c90573c2
docs/few_shot_claims.md,2753,f5d34692c79f0321c61ba3f1efc9b66ce7b3f56e89366944923ae78cc312de9b
docs/few_shot_overview.md,1085,d057d2cc151f5036f2097715de55a6f8d7ddd3ffd6d48107c38f4677dd52e49b
docs/few_shot_protocol.md,3964,b8cc0cf34edb1013f9968229c6d0dc2932f4e430a5ec9e32ff0d5a9c048d9d95
docs/GROUPDRO_WORST_SOURCE_PROTOCOL.md,1970,6447180d1b2da264dbab957d3e00bc83462a751780f593feb4e6c27fbc612bd3
docs/GROUPDRO_WORST_SOURCE_RESULTS.md,886,420b2ca936524dde400ff7d164d356bb7e9b49285a203e380c36df445e0f6b8a
docs/IRM_INVARIANT_RISK_PROTOCOL.md,1082,fa4684a789ba02d8d48d98c8f27a6cee199c853a8b524e89c11123712b13f874
docs/IRM_INVARIANT_RISK_RESULTS.md,2467,80ddd5a4b30250a760838a54154991cbadd85ec268ed313c1fd7278bc69bac09
docs/openems_protocol.md,598,d8df748bc22bc6c67d5ee6f4deb8c8c243462a9e54464b5ed2cfa45a9839a3e9
docs/P4_ENCODER_FINETUNING_PREREGISTRATION.md,1457,c4756c3caac8e354dd3b7d3cfa4c1758c63640de479c6a2dd465ed626666d685
docs/P4_FACTOR_AWARE_FEW_SHOT_PROTOCOL.md,2289,8308070abf3625561feb1aed1c8db3752cb286ac340ff78eea95d7ad9d2237ea
docs/P4_FACTOR_AWARE_FEW_SHOT_RESULTS.md,1383,944e6f9d53c8ad31c455ab988a9f3b0196a77050e64ecb08f71c8e1c4423f1bd
docs/P4_LARGE_CALIBRATION_PREREGISTRATION.md,1972,bbe07b2276418b2bc338b3ddea7841ff6ef694b7df39560b6c1a0c3453e02a0c
docs/P4_TRAINABLE_LINEAR_READOUT_PREREGISTRATION.md,3151,19f524b7cdb8b418407ab629c533b617bb384a9e207a56762800b0afad943516
docs/pre_dg_overview.md,1144,6ddf20789f87850807dcf2580996a133d8b27d12a8513a6a00e9a3d9e525cc6f
docs/pre_dg_protocol.md,2343,0d543098810568a659ccfa6adcf23023cff85f39f64110b670d2551e67c3774a
docs/pre_dg_results.md,1686,a012dcd46a1ab5c74107a1b16a3d50520cc4b99dc49b049b3329260dfbd30cad
docs/project_overview.md,1005,3e072904b9403afab2db234ca0255ed9b25aaedb218deb4acbfb4187ac9a6842
docs/README.md,2607,79695940919b1b38b8f958487c2ce7c7eef5e95f4bd29e43ad4abe8ca05bf9d8
docs/REPRESENTATION_SIGNAL_DIAGNOSTIC_PROTOCOL.md,2839,af3f1e30fba8b0b91a743864a4cf48a0e47baddb0fa89e44cafc9978c0cee442
docs/REPRESENTATION_SIGNAL_DIAGNOSTIC_RESULTS.md,6542,73ad43a43bf8a00657f0cc11cbe02dc81159f0523b652c398de75cf1ca1a36c8
docs/SOURCE_SELECTION_REGRET_PROTOCOL.md,2971,5c36c04438ed5232c84a0ba94a92f5cad81ae526124da5c96d62e68eacfbe9c2
docs/SOURCE_SELECTION_REGRET_RESULTS.md,1239,b5ba4693dd0b69e3d57777fbd716eda19b3c6edd45315e107511604907d3c785
docs/strict_dg_overview.md,1323,841989138ed077d5ecca77135b4d7ed283241d3b6a308e72ef67ecd437ff4bf4
docs/strict_dg_protocol.md,619,dc5ea5d3de04e89d6fdc8d2c69ce1e4b884f8420c2f0daca16d90aea02eef211
docs/strict_dg_results.md,1514,86588df6d85c59b7a02256c3989fa2965c282d142ba5435239db1698e8437ab3
docs/target_assisted_overview.md,717,fa16a3befcd42817dc0a74c363cce34b2e09c2b75e1d7441bf1e197b01492b27
docs/target_assisted_protocol.md,996,87106ed9b0a77824003ba846843f4947e01dadf5dbaee611111fa36e1e99d959
docs/target_assisted_results.md,1251,654de769f6f4bf99432d116dfa24c4e95fbb703c663de5260f76f4b4f2b3d4f7
environment/CRFID_ENVIRONMENT_LOCK.json,1111,6412a1914da405c4e6b59986543968333517feb9e9f95d3307a5a7e245e3087b
environment/ENVIRONMENT_SETUP.md,1392,573e2b48bcefc8ca4e72c008d2bf35867ffa047761b730ce2586623041adeff7
environment/ENVIRONMENT_VALIDATION.json,911,0bb6da9e7e5cfe5ed7977629fe5b79e1b93c0c8621df082102ff410d9ac77694
EXPERIMENT_REGISTRY.md,5125,fdcb9c9088052a17fd2633fe723749663254fad8c0e40b596d6674fb829cad79
LICENSE,241,be5814dbdfe8c71c63a5ec68e0c7d5d751feba1c3c12c0ef3ce17e5298b6ca61
manifests/angle_distance_factorial/paired_unit_manifest.csv,19625,e1d0127ac53093848932dfbb4364a77d58819796c9ab8a18b207e999831cb4b1
manifests/angle_distance_factorial/paired_unit_manifest.sha256,91,72f2baca6d16c24ff128260fbb8279f0c7617083dd3c6ec9ccd2b7bc8f5cf7f2
manifests/angle_distance_factorial/synchronized_group_split_manifest.csv,566289,b4106fb3dafd2c9ef711ae41d327ae1144b3ae91b56ab261cd12496cc664986d
manifests/angle_distance_factorial/synchronized_group_split_manifest.sha256,104,16d8ab734e6725fee4f877d7e9bbdb73f6fba1351b4b7ec6768efca05474b265
manifests/dann_position_intervention/SELECTED_NONZERO_LAMBDA.json,413,35cb1efc62cacb1e41b6d5e3e3919fdeb0cb1dd5af218b892508635065938baf
manifests/domain_aware_mixup/c1_lineage_binding.json,2633,ff600abb10fb4e152b6b5ce7602ce1a97b87e73f5192a24bc9f68946f810818c
manifests/domain_aware_mixup/canonical_config.json,3776,ae36a1e3810033769913a79640aa324efac2071e2e5869999472021ca2a46cdd
manifests/domain_aware_mixup/governed_runtime_binding.json,1520,1236c14980ab6a35bb4890cf8c10b9d1b89c5fbd8f68b0c62aaad41c944ac5fe
manifests/domain_aware_mixup/pairing_coverage_failure.json,4165,49fc7ee9dc4012422e85261a7333fd327662e0688ba01fbc8b1ceab62873092e
manifests/fixed_position_grouped_validity/exact_group_split_manifest.csv,452874,fda622b9a0f932feff3491cbf5f6c159c7e9c02f2ef88165f8576bd32713aa2c
manifests/fixed_position_grouped_validity/exact_group_split_manifest.sha256,97,3e0d8e4ddb30acc9c434e596364386401017689d76bad52b56e6d8f50c46b5e8
manifests/groupdro_worst_source/c1_lineage_binding.json,2080,7572df6e7f8e18d4458cc50faa885411ab75d192bb5cda6a6786553961b27280
manifests/groupdro_worst_source/canonical_config.json,3718,e260be9cfa273641488cdc2a4ef624b2d491b3d98f3d3cc9ff616784d287c8be
manifests/groupdro_worst_source/canonical_config.sha256,89,b2f06ec67b2cd9ba930a383a17fd0a6784e9b3872bae44a46992cbe1d605be3c
manifests/groupdro_worst_source/README.md,208,cd40dd5cd6f6ccd68f2cd245db04886838d28eef948bd1fa2cb9a7e6db8d595d
manifests/irm_invariant_risk/c1_lineage_binding.json,2445,eccb9a601e021e5ff17fdceb7f0a8fd751d68769c26b9aaab2ea6a70922cb8a7
manifests/irm_invariant_risk/canonical_config.json,3603,1996fa5e36c95406b9c74867f6ddc0273fd37744ad4531185ce02e8eb30fea51
manifests/irm_invariant_risk/governed_runtime_binding.json,1911,26977b3d922d8391cc0ab8fedad4015788a21a9e3f527905846758e143c2bafe
manifests/representation_signal_diagnostic/COMPLETED_SCIENTIFIC_EXECUTION_SEAL.json,1481,bd3546d99259113b4dbcc17e89f3147bfa12c935b08e2f21a39ec01c2d59fb45
manifests/representation_signal_diagnostic/PRE_PROBE_MANIFEST_SEAL.json,674,84ab4fa46d08bef25d7b4f8b807325f856b9bd3ad50e0279afb51966c6476669
manifests/source_selection_regret/SCIENTIFIC_INPUT_MANIFEST.json,2531,370e8f7dcdb1ab66e5a962a4157fe5fe0040c5f7474ce3f232ade261f2c2dcc3
PROJECT_STATUS.md,4601,614bfff3ceb7455995d99c140b0aeecffbd27f77827cb214113f5282ee50f66c
pyproject.toml,700,580a74b4dce2a39bec566917431ea5fa27f22716b777e832984d4028b19c19d9
README.md,7652,b769dc3779aaf1e3a3d30176de1509e759e03cbdc300c5b70280f1e2f823c260
REPRODUCIBILITY.md,7368,11bdd6afa7337fde457617bde90041a847ec40010607380a248e130f8b47f35a
requirements/crfid-strict-dg-freeze.txt,462,bf28355038333c3d6381e03a88e3ee922010458f4782aaf8ef5d19939a37cb3a
requirements/crfid-strict-dg-lock.txt,462,bf28355038333c3d6381e03a88e3ee922010458f4782aaf8ef5d19939a37cb3a
results/canonical_metrics/angle_distance_factorial/00_EXECUTIVE_SUMMARY.md,1526,49de5e8685fff90a4e534fb221111426786b1750e792ac309c2492049913bf3b
results/canonical_metrics/angle_distance_factorial/02_FIXED_POSITION_BINDING.json,3164,de4eb13dfa949994bffd57aa6fe180466f3f0181fff37962ef3105fc2dcfc9b2
results/canonical_metrics/angle_distance_factorial/03_EXISTING_RESULT_RECONSTRUCTION.csv,2305,ced28776739e52579fcd3ff1c0b259b68f7fa3a73c7381284ad864dde4109226
results/canonical_metrics/angle_distance_factorial/04_PAIRED_DESIGN_AUDIT.csv,1909,39a466f14d0a8f809b0498b4982b92deecd79a1c1dbdee681c16c64f9e4c3d9b
results/canonical_metrics/angle_distance_factorial/05_PAIRED_UNIT_MANIFEST.csv,19625,e1d0127ac53093848932dfbb4364a77d58819796c9ab8a18b207e999831cb4b1
results/canonical_metrics/angle_distance_factorial/06_FACTORIAL_PROTOCOL.md,1798,f755df7e5016361da8d96fed5c9f91fd0d36b928c6ae84b46dc9897dc9ccca7c
results/canonical_metrics/angle_distance_factorial/07_POSITION_METRIC_RECONSTRUCTION.csv,9250,a8e82ac8c2746b87d43cbcdbf98792a4c724a94909d66a56e2928c20502eeb7a
results/canonical_metrics/angle_distance_factorial/08_PRIMARY_BLOCK_ACCURACY_CONTRASTS.csv,118346,3f11ae227a0fe4a75d00189febe1523a35c99be767d9765aeaf0e832f17dd7e4
results/canonical_metrics/angle_distance_factorial/09_SECONDARY_MACRO_F1_CONTRASTS.csv,5483,ab52a39ec5055f19a564156a7769e83dfd88e6b8688e9b7b210ba62448d375de
results/canonical_metrics/angle_distance_factorial/10_BOOTSTRAP_INTERVALS.csv,2434,723aefd764602f24848f043101e683a867dcc97c016694aa7565643f5e0e99b1
results/canonical_metrics/angle_distance_factorial/11_SIMPLE_EFFECTS_BY_DISTANCE_AND_ANGLE.csv,3081,e5a7f1c5711851d691b54eb1290272194bbaecdae3413d506e73566010ba73b3
results/canonical_metrics/angle_distance_factorial/12_PER_CLASS_FACTOR_RESULTS.csv,12092,9198faacf17fbda63c696b0204866776314b9bedbe2c3af5e951696cecb5d7d6
results/canonical_metrics/angle_distance_factorial/13_ER_SURFACE_HETEROGENEITY.csv,4597,0a64fbc9648fbdf1833f96401e802bddb35af0c29f9a6af11da9e2888abbbf2d
results/canonical_metrics/angle_distance_factorial/14_SEED_AND_FOLD_CONSISTENCY.csv,8884,a41fbf4f3855d4bd78cbe94c548f7ff5299d0c121f4c72f835b3fc5f83c6d765
results/canonical_metrics/angle_distance_factorial/15_FACTORIAL_INTERPRETATION.md,2354,7bd6b047b60a96690a3100802223a04b48b9ca136b00b1237b00b19658aeda91
results/canonical_metrics/angle_distance_factorial/16_LIMITATIONS_AND_NONCLAIMS.md,1441,f7ed5f38381811893dda553a92f882a886a3ca7b71993456ae30c2d047720175
results/canonical_metrics/angle_distance_factorial/STATUS.md,482,ef0d76502b356f90a7d9addf7ed69633cd48e7ddda5bda689f506e0b68067739
results/canonical_metrics/angle_distance_factorial/SYNCHRONIZED_CONFUSION_MATRICES.csv,31514,8a38207083d2e0b726d6b8337711dc02cba6462f058eb86ccc3f881a317f9ef6
results/canonical_metrics/angle_distance_factorial/SYNCHRONIZED_PER_CLASS_RESULTS.csv,42883,96aeee2d8bb24499982b0b07e6f033067b618889777aae4bb67636efdf034f8c
results/canonical_metrics/angle_distance_factorial/SYNCHRONIZED_PER_RUN_METRICS.csv,20188,41c51febc5277057260b9dc7e7f1a5e33160af80242b51de0fa9df5123c71e7e
results/canonical_metrics/angle_distance_factorial/SYNCHRONIZED_PREDICTED_CLASS_HISTOGRAMS.csv,12241,14e2312e7e7e91fcc843dfffdaa0546e94efb754b0fd5fb3a45438e739a0b1df
results/canonical_metrics/angle_distance_factorial/SYNCHRONIZED_RUN_REGISTER.csv,24790,fe9e7611a25ceeac68ab809757c6579efe4e8f2eefcfa4ca17836366bc3857a0
results/canonical_metrics/dann_position_intervention/00_EXECUTIVE_SUMMARY.md,1366,4598284746d61ff18bcad5716dbe5301f8d76c9a113c76e7f352fea697b1b206
results/canonical_metrics/dann_position_intervention/01_INPUT_BINDING.json,693,e9d7070a3a3c40c58fa26f5e4187aa11010ceb3086bb30817bf09fa44295e299
results/canonical_metrics/dann_position_intervention/02_C1_LINEAGE_BINDING.json,1797,9f42d8dffda63a01dadc836201a4753e54eeb4cad6db62d55039ea898cb7b67c
results/canonical_metrics/dann_position_intervention/03_PREREGISTERED_PROTOCOL.md,1804,2d513a61c99550a713db1b21388ebc74f4a9859f9706918efd231697dedac521
results/canonical_metrics/dann_position_intervention/04_DATA_AND_DOMAIN_STRUCTURE_AUDIT.csv,242,46846ac18ca1ecbe467f610cca7ff62dd3dfe3e6619522f7075786c026847f0a
results/canonical_metrics/dann_position_intervention/05_SOURCE_LOPO_SPLIT_MANIFEST.csv,402,bfbef30a6b02f7b403cb85b1cba265497e09a9f2af5692f4fa6c288771b83e25
results/canonical_metrics/dann_position_intervention/06_DANN_MODEL_AND_GRL_VALIDITY.csv,484,ed62ba943799bfd8beca6a3908453ed1814ecbdff14b7ccee3c91da4c58cac61
results/canonical_metrics/dann_position_intervention/07_LAMBDA_GRID_REGISTER.csv,155,5ba75e962843ca6f4fc15854b065bc8353928bc259aa4a7174dca45a532f3860
results/canonical_metrics/dann_position_intervention/08_LEAKAGE_AND_LABEL_BOUNDARY_GATES.csv,911,92f25848682b10cd0cad94087e83752b807f3daf48624d7f512d072881b99219
results/canonical_metrics/dann_position_intervention/09_DEVELOPMENT_RUN_REGISTER.csv,7253,1de0da7baa008e5f18e44ef655fa9fa1907aa114d07842b4f9d43b07ebfc2fe8
results/canonical_metrics/dann_position_intervention/10_SOURCE_HELD_POSITION_METRICS.csv,7445,dfd0a73c5445d733675a70595fa1010576fd5a4e7a25c5fc13c78da122c2e1b1
results/canonical_metrics/dann_position_intervention/11_INDEPENDENT_POSITION_PROBE_RESULTS.csv,4505,966278b5d112f5a8197f7ce59d34fd0c3de9544644d5f027156190dadd52ec60
results/canonical_metrics/dann_position_intervention/12_TAGID_PROBE_AND_SILHOUETTE_RESULTS.csv,12462,b259ff7e713c0e75881e44e1e2ce59517175afdad5c290f0c2558d10bbe124ac
results/canonical_metrics/dann_position_intervention/13_SOURCE_INTERVENTION_CONTRASTS.csv,2192,0a11fd75013d6e8e8ed27767e9b653e0791db457f4a699617baf80ba2361c27a
results/canonical_metrics/dann_position_intervention/14_SOURCE_ONLY_LAMBDA_SELECTION.md,343,0eaf3d8ed96900e1ac4add88f827203de8e5fb9d4b932aa615dd1d07642875b4
results/canonical_metrics/dann_position_intervention/15_FINAL_MODEL_REGISTER.csv,2389,2bf5e4bf34c0d4eea946622bbb6a31bbe50df99f254405c45d3871ebaf70e779
results/canonical_metrics/dann_position_intervention/16_P4_PREDICTION_FREEZE_AND_ACCESS_LOG.csv,3224,e2a3bb1db640dbbe5c2b54366b5c5f4196435056111508344d01fef07cdaf87f
results/canonical_metrics/dann_position_intervention/17_P4_BLOCK_METRICS.csv,3527,ec8f38fc9a7f894c3f6c2f4331b32529e67dfec2ae05088990810fa171095ccd
results/canonical_metrics/dann_position_intervention/18_P4_PRIMARY_DANN_VS_ERM_CONTRAST.csv,828,f4749d98af6d10b695a737430235b1d58acf25fe0915f2fccba19574728493ad
results/canonical_metrics/dann_position_intervention/19_P4_PER_CLASS_RESULTS.csv,3909,faead67b144b221d59a29274c1a0d4273b5ee19c0971ffcfae3ab86d253f2dfa
results/canonical_metrics/dann_position_intervention/20_PREDICTED_CLASS_HISTOGRAMS.csv,418,7f798b45a720c0d6b176a9742fb06f25b750cefb8a288755b89fce708b56e810
results/canonical_metrics/dann_position_intervention/21_INTERVENTION_TRANSFER_LINK.csv,227,2ef90a3f2e18e0ab0bb6c4fff617b5dcc873e89a926416da40ea958a3c435d67
results/canonical_metrics/dann_position_intervention/22_BOOTSTRAP_AND_SEED_SENSITIVITY.csv,650,6af9095e1df9944a80723ace3f4acabdfcf6a641d104824418e9787940e729c3
results/canonical_metrics/dann_position_intervention/23_SCIENTIFIC_INTERPRETATION.md,240,09ba66155b60a6ea562bfbe72d6190d95fc195afbda22260ac65a336c6911bfb
results/canonical_metrics/dann_position_intervention/24_LIMITATIONS_AND_NONCLAIMS.md,489,5e85332d15b3f20b08204b82607e50589be89477447a19169a050ae46be24588
results/canonical_metrics/dann_position_intervention/STATUS.md,428,2eeed6f8a43e5b4954167e71eb6aaa72613c95e5ad7cbdc305e93380fd5a212f
results/canonical_metrics/dann_v2/00_EXECUTIVE_SUMMARY.md,1717,d2ecbbf3d5bc3986a962e9039f6bba692756d949c9fb282d4d8c5aa0d344a1e1
results/canonical_metrics/dann_v2/01_GOVERNED_BASELINE_BINDING.json,2179,d414aa502419e6af9e8917797a86dc9824d45104dd79b07d4b401771ea28f531
results/canonical_metrics/dann_v2/02_DANN_V2_PREREGISTRATION.md,2726,bba5648a1fa1ef7181f5a293224f1aef8e8e4d1d2e10b0e5e97b6bea202ba271
results/canonical_metrics/dann_v2/03_POST_HOC_CLAIM_BOUNDARY.md,650,fb23f049875c64fd5f56474e5aeef888710db4b0d62f70084b8946f0cc52dbf0
results/canonical_metrics/dann_v2/05_MODEL_AND_CONTROL_DESIGN.md,756,db4d81fad160395ed7557382ec7515c8cb16906399a2747655bb87757d25d4f1
results/canonical_metrics/dann_v2/06_SHARED_LAMBDA_SCHEDULE_SPECIFICATION.md,686,96f64a9fa73c4a44c30640b2d460864c47baec504a110f16b8732249f637386a
results/canonical_metrics/dann_v2/07_GRADIENT_SIGN_AND_MAGNITUDE_TESTS.json,939,407e2437c94eb283b62735854417bc13194d381769cef73f7a9e714a4d78a085
results/canonical_metrics/dann_v2/08_DOMAIN_LABEL_AUDIT.csv,290,89e1941f91c1e5118479478a065762eee4d417f558dcaa0ff1ed287dd0046d1b
results/canonical_metrics/dann_v2/09_BATCHING_AUDIT.csv,29879419,4703734917765bf1233f2b33a94f5a7fec8a5baac27aca56f3529776ea8504a8
results/canonical_metrics/dann_v2/10_FOCUSED_TEST_RESULTS.txt,99,9e8553f8aad0b78e0522678f80b63c65c2c78b445f30dd6c6d6143bd3686066c
results/canonical_metrics/dann_v2/11_DEVELOPMENT_RUN_MANIFEST.csv,21737,77efbe8b14f26298d2273a6d04ae52e30da4d1336a88ad2549ff8016cebe1dfb
results/canonical_metrics/dann_v2/12_DEVELOPMENT_METRICS.csv,51710,a782b9fa6aa94e228f6ac63bdb5be909c44d7d3107dbad2206aec1756c810558
results/canonical_metrics/dann_v2/13_DEVELOPMENT_LAMBDA_TRAJECTORIES.csv,13716534,fc6bbbedeef4b7f5ef0e1196f185d0f016ac0c0c001b73e411ba205cf5cb61f7
results/canonical_metrics/dann_v2/14_FAMILIAR_SOURCE_RETENTION.csv,27048,43de207765b482b2e5887f602fe361035305697cb415a4a9a7562f4787fa1a0d
results/canonical_metrics/dann_v2/15_POSITION_PROBE_RESULTS.csv,33391,2a0c231ad9ad35b11686c90b53b35a553da3daa21ee44be3e80a7005a4c6d965
results/canonical_metrics/dann_v2/16_TAGID_PROBE_RESULTS.csv,33261,0ebd27a77cb09bc98f30c31ba91dedfce3d43177591b3e82214606b51bb6cc9f
results/canonical_metrics/dann_v2/17_OUTER_HELD_LOPO_DIAGNOSTIC.csv,28308,432aa9fb81389faad6b48982408b6bc116f6fd50605ef31d948c77f36e894026
results/canonical_metrics/dann_v2/18_DEVELOPMENT_UNCERTAINTY_INTERVALS.csv,19896,68b5fb69a2324ed020c2cb4053668b10080d8a43b3a33ff2088147ac8a844d6c
results/canonical_metrics/dann_v2/19_LAMBDA_SELECTION.json,6338,c75cea5b06cfead82752c777e62db97d47c619f80c05fb0826a3d8bd4fd90c1f
results/canonical_metrics/dann_v2/20_SOURCE_MECHANISM_GATE.json,991,7978488647dab29b9837b9a9971b6a64d0631ff74f5cf42438da3b6b12798443
results/canonical_metrics/dann_v2/21_FINAL_EPOCH_DERIVATION.json,684,2d377165a62f2b325e38dce52098ee65c4510b97045b7ebe21f614d38567cb4c
results/canonical_metrics/dann_v2/22_FINAL_TRAINING_MANIFEST.csv,3533,3fba25dfc8b8bde6173d5aae3cef0ba43a41bf5d79a7562f7daeb3ed540b10c1
results/canonical_metrics/dann_v2/23_FINAL_SOURCE_DIAGNOSTICS.csv,3604,dacc9da0e65df5ca68f3d3a34d894c95cb29f8a0731acf5f2b2e46d1abf8b155
results/canonical_metrics/dann_v2/24_PRE_P4_ACCESS_SEAL.json,8643,e9e84dcef863f0cb9fcc84bad6b46d1ec69a8d3bb9a191e6e7bafe6a65b19d62
results/canonical_metrics/dann_v2/25_FINAL_P4_RUN_MANIFEST.csv,3469,06b82c509de3c68154aaf3228e67599524dd226be50a70d51d4e151030fd0fdd
results/canonical_metrics/dann_v2/26_FINAL_P4_METRICS.csv,7288,3791b02c96e83d51bc6272764b100ac68c95eca963e8c2e686ee7265481744c0
results/canonical_metrics/dann_v2/27_P4_PAIRED_EFFECTS.csv,1409,f39d62da925bf053066836b1fc4b31a4959e4741b9e3fb6e995701a235553ebb
results/canonical_metrics/dann_v2/28_P4_UNCERTAINTY_INTERVALS.csv,2178,46ae0bbab2dec292170ab5ad49465ce970ce448a0b069bf3203dff31897cfa57
results/canonical_metrics/dann_v2/29_P4_CHANCE_REFERENCE.csv,361,a5abf04663f788b8691e493b171ba5c20471a3e2654f75d17ae187119be091e7
results/canonical_metrics/dann_v2/30_PER_TAGID_RESULTS.csv,8199,723b2721da68d107cbcd3ef6e5f2e484308e6ccf8ba63cc3660f2185200f617b
results/canonical_metrics/dann_v2/31_CONFUSION_MATRICES/confusion_matrices.csv,32635,876d2527c48a33c44e4ee16a602e9d58cdec99439b4d649b7cb704da88ee1eef
results/canonical_metrics/dann_v2/32_V1_VS_V2_COMPARISON.md,1169,9de3eb8ebf3a62bcbe9fc3087764859923c6e7364a6ed250abacd50855cd8799
results/canonical_metrics/dann_v2/33_MAIN_SCIENTIFIC_CLASSIFICATION.json,623,9e489fbfe7336de17119dfe599cab46480b1dbe139863481915240560843c40a
results/canonical_metrics/dann_v2/34_LIMITATIONS_AND_NON_CLAIMS.md,728,1adcf0ff37d244267515938412cfe0bdc8ebd5717b1629ccc0bf2592ab5051a7
results/canonical_metrics/dann_v2/35_REPRODUCTION_COMMANDS.md,1001,fa6d040de339a8a3506129593f8b9bfdeb0e2c0b78d3d0bcb90682428adf8f79
results/canonical_metrics/dann_v2/36_ARTIFACT_MANIFEST.csv,5015,82739e1eafaaef9e62cb06c247db6d7261be3803fef4a7f3940f9cc4c286e2cb
results/canonical_metrics/dann_v2/PRE_P4_ACCESS_SEAL.json,8643,e9e84dcef863f0cb9fcc84bad6b46d1ec69a8d3bb9a191e6e7bafe6a65b19d62
results/canonical_metrics/dann_v2/PRE_P4_ACCESS_SEAL.sha256,101,a094046d470f7e488b1ea5d1b62fdc2d5816eb1ee01077c3ec371ec537431170
results/canonical_metrics/domain_aware_mixup/00_EXECUTIVE_SUMMARY.md,1629,4fff78e675be8f414a5c9ccb3a3d3c6ed5849c63c529728dae6ba3b3371d8d29
results/canonical_metrics/domain_aware_mixup/01_INPUT_BINDING.json,547,f3ca0e150f32d70f826794a75360865dca2e4bc47258fab0df77c60d6a2ba581
results/canonical_metrics/domain_aware_mixup/02_C1_AND_EMBEDDING_LINEAGE_BINDING.json,2633,ff600abb10fb4e152b6b5ce7602ce1a97b87e73f5192a24bc9f68946f810818c
results/canonical_metrics/domain_aware_mixup/03_GOVERNED_RUNTIME_BINDING.md,304,5ab81c06de89f1291f1f50f9818b586872d48507db01437dc35054c9f5306808
results/canonical_metrics/domain_aware_mixup/04_PREREGISTERED_PROTOCOL.md,1230,5ce934c5cd8ea2ba56afd01fe5954f5d7d86fa0d43eb64157e40dcf5a087eaa0
results/canonical_metrics/domain_aware_mixup/05_EXECUTION_STAGE_SCHEMA.md,526,33a1f6f0b85e30050d09be775d5e02e862a71969b635c1217979d01bea9139d2
results/canonical_metrics/domain_aware_mixup/06_DATA_AND_PAIRING_STRUCTURE_AUDIT.csv,1018,582faf44f2ef577c7a1f04ce874d220779ff0123b7575f40f2328ba318e57837
results/canonical_metrics/domain_aware_mixup/07_SOURCE_LOPO_SPLIT_MANIFEST.csv,610,bba28efd2054bed2bfc1b672bdabbab424901586cfdcc16f50a91acdfd2ae3ad
results/canonical_metrics/domain_aware_mixup/08_MIXUP_IMPLEMENTATION_VALIDITY.csv,6416,d8fc99223d8cf100730236f252449a9b6819f0f567323e8a0232a80aa4a8e7fd
results/canonical_metrics/domain_aware_mixup/09_ALPHA_GRID_AND_CONTROL_REGISTER.csv,392,2f365e01ad3c2173d9801d3e47b735aedb74d0add53c82583c13d2b92371b61e
results/canonical_metrics/domain_aware_mixup/10_LEAKAGE_AND_LABEL_BOUNDARY_GATES.csv,215,c21339f28b88bbb30a8f87865310d2e461fced49a8f4cb7aaeec89dbcf9922fe
results/canonical_metrics/domain_aware_mixup/11_DEVELOPMENT_RUN_REGISTER.csv,294,574bdfade361ff59830828955023ca1f2e897c49ad1fe921edb2802f1f44391e
results/canonical_metrics/domain_aware_mixup/12_PAIRING_COVERAGE_AND_DISTRIBUTION.csv,294,574bdfade361ff59830828955023ca1f2e897c49ad1fe921edb2802f1f44391e
results/canonical_metrics/domain_aware_mixup/13_SOURCE_HELD_POSITION_METRICS.csv,294,574bdfade361ff59830828955023ca1f2e897c49ad1fe921edb2802f1f44391e
results/canonical_metrics/domain_aware_mixup/14_SOURCE_PRIMARY_CONTRASTS.csv,294,574bdfade361ff59830828955023ca1f2e897c49ad1fe921edb2802f1f44391e
results/canonical_metrics/domain_aware_mixup/15_SOURCE_CONTROL_CONTRASTS.csv,294,574bdfade361ff59830828955023ca1f2e897c49ad1fe921edb2802f1f44391e
results/canonical_metrics/domain_aware_mixup/16_REPRESENTATION_DIAGNOSTICS.csv,294,574bdfade361ff59830828955023ca1f2e897c49ad1fe921edb2802f1f44391e
results/canonical_metrics/domain_aware_mixup/17_PAIR_BRIDGE_GEOMETRY.csv,294,574bdfade361ff59830828955023ca1f2e897c49ad1fe921edb2802f1f44391e
results/canonical_metrics/domain_aware_mixup/18_SOURCE_ONLY_ALPHA_SELECTION.md,108,0e0f28992dd784cb50e83b9a6e9c737dfc65f58c1238169d128bc18c7ad5c5bc
results/canonical_metrics/domain_aware_mixup/19_DOMAIN_BRIDGING_DIAGNOSTIC_CLASSIFICATION.md,99,aee3a53ac9272d420d7e76473b600f742e71414bc9ca2a226bb6555d22ef5b72
results/canonical_metrics/domain_aware_mixup/20_FINAL_MODEL_REGISTER.csv,294,574bdfade361ff59830828955023ca1f2e897c49ad1fe921edb2802f1f44391e
results/canonical_metrics/domain_aware_mixup/21_P4_PRELABEL_PREDICTION_FREEZE.csv,294,574bdfade361ff59830828955023ca1f2e897c49ad1fe921edb2802f1f44391e
results/canonical_metrics/domain_aware_mixup/22_P4_LABEL_ACCESS_AND_PERSISTENCE_RECEIPT.csv,294,574bdfade361ff59830828955023ca1f2e897c49ad1fe921edb2802f1f44391e
results/canonical_metrics/domain_aware_mixup/23_P4_BLOCK_METRICS.csv,294,574bdfade361ff59830828955023ca1f2e897c49ad1fe921edb2802f1f44391e
results/canonical_metrics/domain_aware_mixup/24_P4_PRIMARY_CROSS_POSITION_VS_ERM.csv,294,574bdfade361ff59830828955023ca1f2e897c49ad1fe921edb2802f1f44391e
results/canonical_metrics/domain_aware_mixup/25_P4_CROSS_POSITION_VS_WITHIN_POSITION.csv,294,574bdfade361ff59830828955023ca1f2e897c49ad1fe921edb2802f1f44391e
results/canonical_metrics/domain_aware_mixup/26_P4_WITHIN_POSITION_VS_ERM.csv,294,574bdfade361ff59830828955023ca1f2e897c49ad1fe921edb2802f1f44391e
results/canonical_metrics/domain_aware_mixup/27_P4_PER_CLASS_RESULTS.csv,294,574bdfade361ff59830828955023ca1f2e897c49ad1fe921edb2802f1f44391e
results/canonical_metrics/domain_aware_mixup/28_P4_CONFUSION_MATRICES.csv,294,574bdfade361ff59830828955023ca1f2e897c49ad1fe921edb2802f1f44391e
results/canonical_metrics/domain_aware_mixup/29_PREDICTED_CLASS_HISTOGRAMS.csv,294,574bdfade361ff59830828955023ca1f2e897c49ad1fe921edb2802f1f44391e
results/canonical_metrics/domain_aware_mixup/30_BOOTSTRAP_AND_SEED_SENSITIVITY.csv,294,574bdfade361ff59830828955023ca1f2e897c49ad1fe921edb2802f1f44391e
results/canonical_metrics/domain_aware_mixup/31_SCIENTIFIC_INTERPRETATION.md,824,9da44f885d1b304b7a60f4c86cb0624fbb5113d5d3d65726313796ea3dbb9892
results/canonical_metrics/domain_aware_mixup/32_LIMITATIONS_AND_NONCLAIMS.md,562,cc5ba5fecdb7ea16cdea496c398c54f29d35fc1ea963a5856f6c90b6aeb179fe
results/canonical_metrics/domain_aware_mixup/STATUS.md,513,735229c6307a7204484e7baa19eb0bb8b9256258a85ccfde22eee9d173878b52
results/canonical_metrics/external_data1/04_FINAL_RESULTS.md,603,a036a4ea5d639a25bc2bd002b34c660d427130f8b91848869789b4b0a0cf961b
results/canonical_metrics/external_data1/05_FINAL_RESULTS.csv,352,63db60b487a694410741ed155f498826bd0583cfb448f96e50960362b611fc13
results/canonical_metrics/external_data1/06_LIMITATIONS_AND_NON_CLAIMS.md,505,db94aae9a79b5e95e474d118bb90f15e98f713643f4bb48391c586d50d12c8d3
results/canonical_metrics/external_data1/README.md,552,8f329710a561e4ff1e4793a9bc75a1230d27b4588376f9c2cf81519c2b54da2a
results/canonical_metrics/external_data1_ssl/05_FINAL_RESULTS.md,653,e61098cc5691263573d794711e56f205cdc5264720e8444e76ff69b858ec01c5
results/canonical_metrics/external_data1_ssl/06_FINAL_RESULTS.csv,1440,c98762aa3cff17d5768cacafc1d3f65cfbc68a15f1ae60bbfd63f348313a7451
results/canonical_metrics/external_data1_ssl/07_HYPOTHESIS_COMPARISONS.csv,4787,61abd009aace8531b220bff9a7235cba411949154d081d3a5d51609c2e6de029
results/canonical_metrics/external_data1_ssl/09_LIMITATIONS_AND_NON_CLAIMS.md,862,929cc013e73fb2928df3d1a041117d1d096f4cd172048543f149ecd9101b40f6
results/canonical_metrics/external_data1_ssl/README.md,522,189434bdb16b32991461c90832599717fcc9e1ad424d9ac486f97b6f8aab715e
results/canonical_metrics/few_shot/README.md,625,9fde79701484b916ebedbde970dcc09da7de55b8a2d6f7d83c2495564d7a930a
results/canonical_metrics/few_shot/RESULTS.md,4109,65ebe42d50776f88ef5f8ae82cb2d3d558986d424e1ec4cb650889dfdb5209ce
results/canonical_metrics/fixed_position_grouped_validity/00_EXECUTIVE_SUMMARY.md,3550,974b2372d791f4271866d4b6ed11946951afc27fcfa7df80dac7549c8670cee6
results/canonical_metrics/fixed_position_grouped_validity/02_PREREGISTERED_PROTOCOL.md,8492,6a1625314167e57f9b403259565bb840c5525a8db40466176faf389deeb975f6
results/canonical_metrics/fixed_position_grouped_validity/03_DATA_AND_GROUP_STRUCTURE_AUDIT.csv,1798,5656afa348e99b105549b985998e2ad4e929a196933bb25725d40ddddde49c83
results/canonical_metrics/fixed_position_grouped_validity/04_SPLIT_VALIDATION_RESULTS.csv,879,17a5603ef342daf3b23e79628029da2365d30938e8d0c94e16be8ab9390d6731
results/canonical_metrics/fixed_position_grouped_validity/05_RUN_REGISTER.csv,20865,4e882fde9dc05575f36c2f8253d83a3b68eb3d03dfc35ad63aeb8e8028edb6f3
results/canonical_metrics/fixed_position_grouped_validity/06_PER_RUN_METRICS.csv,20050,8b971c2da56453df0df4e35534bcbb6ceaf6395bf758f03d4e16d8de1d488f06
results/canonical_metrics/fixed_position_grouped_validity/07_POSITION_AGGREGATES.csv,12304,b38babfb0aef014f6a91029a3c761783a9fad3a72f3cdc9413c44ba51f89b822
results/canonical_metrics/fixed_position_grouped_validity/08_PER_CLASS_RESULTS.csv,42046,149fa9c044292ebfc126d17bd08f03ab7768506841ed4cbfff089d9f08d12bcf
results/canonical_metrics/fixed_position_grouped_validity/09_PREDICTED_CLASS_HISTOGRAMS.csv,11718,f1f10b52d028364b2f66b6297ff9e299cab7c36ba995338cddcca81071b3a84d
results/canonical_metrics/fixed_position_grouped_validity/10_CONFUSION_CONSISTENCY_REPORT.md,444,4fbc0237b1025b8aaaf43e256cfe3a4ff901a44053a3401b105eee1012c19097
results/canonical_metrics/fixed_position_grouped_validity/11_LEARNING_VALIDITY_RESULTS.csv,831,b50a4f8584d122b3d4a5d83df63eb26cdc4be3a2fd9c11710a5c091c64e92964
results/canonical_metrics/fixed_position_grouped_validity/12_INTERPRETATION.md,4059,17fa9468a1f0d5f0b5ca6eb86c9da667dcd5d4785279a3262852f050a8bdd30a
results/canonical_metrics/fixed_position_grouped_validity/confusion_matrices.csv,31480,5a6b1ed6e3bdfc47fd062daec7c48ff09d533d2d909a291395b99c792e4d663e
results/canonical_metrics/fixed_position_grouped_validity/learning_curves.csv,154416,7070a8da70392a771c9377073694cf7a4c9d45f6b80df6d9043b9d5c3bdd2fe7
results/canonical_metrics/fixed_position_grouped_validity/STATUS.md,441,6247ca5eecbc73b7d37c1a5444b9ef51555a5100f5cf7ffc141d2bb40eda7a63
results/canonical_metrics/groupdro_worst_source/00_EXECUTIVE_SUMMARY.md,833,3889473d7720371af1789d58cb4f752824d5942c08e4d65beae5791847ae32ff
results/canonical_metrics/groupdro_worst_source/02_C1_LINEAGE_BINDING.json,2080,7572df6e7f8e18d4458cc50faa885411ab75d192bb5cda6a6786553961b27280
results/canonical_metrics/groupdro_worst_source/03_PREREGISTERED_PROTOCOL.md,422,25be17f025f8102f8ca06f0c9d9c1f20e5f072dae9087c9b80b2e74a6d55a921
results/canonical_metrics/groupdro_worst_source/04_DATA_AND_GROUP_STRUCTURE_AUDIT.csv,320,e459f62bcdb955f575ca2cff4c7fa48c23c41a96fb5a2323eee3f31ad9acef65
results/canonical_metrics/groupdro_worst_source/05_SOURCE_LOPO_SPLIT_MANIFEST.csv,609,b52cd9f13a6499c407322c8adf827377785f815c662933efdfc58714eac2ad96
results/canonical_metrics/groupdro_worst_source/06_GROUPDRO_IMPLEMENTATION_VALIDITY.csv,944,46e12bd50be6bf15e5c6de1019138393e23c6220314b2426ad8d6937261f0663
results/canonical_metrics/groupdro_worst_source/07_ETA_GRID_REGISTER.csv,750,d80ab923cf704ac29ce5cafd78def910a348bec215842f067292330295a0a02a
results/canonical_metrics/groupdro_worst_source/08_LEAKAGE_AND_LABEL_BOUNDARY_GATES.csv,1390,80cbe72466613d1319b4f84775bdff62b2dca214e510bdbcf797d2b0e6ec26ac
results/canonical_metrics/groupdro_worst_source/09_DEVELOPMENT_RUN_REGISTER.csv,2356,2aa01a6fe6fee178e35ce0ea852b26b01ca9e4d286927ccb5fe743645b52c137
results/canonical_metrics/groupdro_worst_source/10_SOURCE_HELD_POSITION_METRICS.csv,5636,027dfed07debe746cbf82b31a514ff685da87393bdcd783f85d95c76740d9913
results/canonical_metrics/groupdro_worst_source/11_GROUP_LOSS_AND_Q_TRAJECTORIES.csv,5152343,cc0dea8c816efbedbaf0cc5b7ad14306a332adfe516d3f37227d6e4093e584b2
results/canonical_metrics/groupdro_worst_source/12_SOURCE_WORST_GROUP_CONTRASTS.csv,273,a87c7e3ab192aef2227579b1f558f0d2dd651df8a01f6df63815500a588be388
results/canonical_metrics/groupdro_worst_source/13_SOURCE_MEAN_AND_VARIANCE_RESULTS.csv,607,4a38920672114dce29db4617ee301d6e69f70a06d6ce0b249d000c36c333592d
results/canonical_metrics/groupdro_worst_source/14_POSITION_AND_TAGID_PROBE_RESULTS.csv,1904,6ff528a7272fb16b9f46e12b787435969538ccc96ecf18eec01b70bab588a84c
results/canonical_metrics/groupdro_worst_source/15_SOURCE_ONLY_ETA_SELECTION.md,3169,cc24f1b911106c2c1f60404ccbaa7466985500209ef87c02b347591dae14e0ce
results/canonical_metrics/groupdro_worst_source/16_FINAL_MODEL_REGISTER.csv,2311,381be15ca829ca243c1b634cccf3ddcb63ecca1fe26463815add8c1c84ae85d3
results/canonical_metrics/groupdro_worst_source/17_P4_PREDICTION_FREEZE_AND_ACCESS_LOG.csv,3143,2da4c0f05480c88ace27acc89b445b91c6a3d7574a0fe2d821074433291a680c
results/canonical_metrics/groupdro_worst_source/18_P4_BLOCK_METRICS.csv,3901,6e6ca49bd2789570e197c8024c705d9a7afbb3359da387486ba457fe1bc77fee
results/canonical_metrics/groupdro_worst_source/19_P4_PRIMARY_GROUPDRO_VS_ERM_CONTRAST.csv,736,fb523bbdf2bf1063696a9e4c43f88f348b65a4da28bad300d1fc59bb8cb8f049
results/canonical_metrics/groupdro_worst_source/20_P4_PER_CLASS_RESULTS.csv,10141,7a23fea80ead4aa2e46fc410ffbabdc8ec1b670f7fa6d6f9d96de7115f9c44e7
results/canonical_metrics/groupdro_worst_source/21_PREDICTED_CLASS_HISTOGRAMS.csv,8106,5c28b512dec7af424acc2547eaabe4bcc6b84fd2479a15c0359cf87e025d6a9f
results/canonical_metrics/groupdro_worst_source/22_BOOTSTRAP_AND_SEED_SENSITIVITY.csv,6618,cead9a0b3824102dd1768e48d7dbbb247b37bd5b07117a33857f0b8a604ed052
results/canonical_metrics/groupdro_worst_source/23_SCIENTIFIC_INTERPRETATION.md,156,59208d6ca90e7ed871d8649155fbb13ffb8e68a979732f3d4df8b1816fc1f035
results/canonical_metrics/groupdro_worst_source/24_LIMITATIONS_AND_NONCLAIMS.md,669,cf081bb1b73543366c5b37349dba7b0afc9d675d812aaa769b905c4af45d45f9
results/canonical_metrics/groupdro_worst_source/27_RUNTIME_BINDING.md,781,e7eb6ce15286e7cde1293256ca4e48e175ef10c208193d0b1217d3a9a3dc4551
results/canonical_metrics/groupdro_worst_source/28_EXECUTION_STATE.json,800,18ef4231c76c6f8bee5c25747a5520bf488af7341cd507782b1df7b74913f522
results/canonical_metrics/groupdro_worst_source/STATUS.md,471,6ba5ce480e5107df06179674db82310511d35674b749d02c97c42a9d4a1c220d
results/canonical_metrics/historical_target_assisted/aggregate_metrics.json,167,a82a7339c95cb5a63e2b57cf94f3aaa128b3e400d94c434554ab1ddec748d782
results/canonical_metrics/historical_target_assisted/class_recall.csv,168,7fc5564a3ab53bf6d1b9440fec1f9406817cfff96757a8dabc222ca401db2838
results/canonical_metrics/historical_target_assisted/confusion_matrices/seed_42.csv,148,a0ebcb8cd6652eed4da11ce3d2325508ab75d417cf45d1bcf8b3b210861b84f2
results/canonical_metrics/historical_target_assisted/per_seed_metrics.csv,89,b1848b4ea4930e53d967106711bcc5387e380be29108a38b882d49f44689d069
results/canonical_metrics/historical_target_assisted/README.md,1024,891d5d78112d3fd3d198027d6442b31cab13be2061fd453879f8054717eb6c18
results/canonical_metrics/historical_target_assisted/selected_method.json,265,ceafc26ef36df244ad8ea84b3deb46ff900073507c85a5898f4a8bdda433ab65
results/canonical_metrics/irm_invariant_risk/00_EXECUTIVE_SUMMARY.md,1774,22325c5a5012c4b17b7a2b03839aeb010eca0f6539c67a0baf306677c6ec1c58
results/canonical_metrics/irm_invariant_risk/01_INPUT_BINDING.json,693,09e435c0f44a2c5e0d1bf84710a76b8a57c54a41c72317ae2ce1020fb8db87f8
results/canonical_metrics/irm_invariant_risk/02_C1_LINEAGE_BINDING.json,2445,eccb9a601e021e5ff17fdceb7f0a8fd751d68769c26b9aaab2ea6a70922cb8a7
results/canonical_metrics/irm_invariant_risk/03_GOVERNED_RUNTIME_BINDING.md,429,b93e772849d0d746cdfe557b93ae74bbeeac70390bf9c0d1be655d00135877e9
results/canonical_metrics/irm_invariant_risk/04_PREREGISTERED_PROTOCOL.md,1082,fa4684a789ba02d8d48d98c8f27a6cee199c853a8b524e89c11123712b13f874
results/canonical_metrics/irm_invariant_risk/05_EXECUTION_STAGE_SCHEMA.md,526,33a1f6f0b85e30050d09be775d5e02e862a71969b635c1217979d01bea9139d2
results/canonical_metrics/irm_invariant_risk/06_DATA_AND_ENVIRONMENT_STRUCTURE_AUDIT.csv,262,a9d25a6d5a4d6c19dc5a9daaa2fb2b653c2af0e0087e7f0d0d88d78d73ddf8d4
results/canonical_metrics/irm_invariant_risk/07_SOURCE_LOPO_SPLIT_MANIFEST.csv,610,bba28efd2054bed2bfc1b672bdabbab424901586cfdcc16f50a91acdfd2ae3ad
results/canonical_metrics/irm_invariant_risk/08_IRM_IMPLEMENTATION_VALIDITY.csv,2172,590dc25b80bf879dc2e6c938d800e3793b31613ed6871df8bc8e671644f33714
results/canonical_metrics/irm_invariant_risk/09_PENALTY_GRID_AND_ANNEALING_REGISTER.csv,210,ad975868f6d2d06a1a0d8949c1f31d9179a92ba131ad9f4d60f16f5f86fc2499
results/canonical_metrics/irm_invariant_risk/10_LEAKAGE_AND_LABEL_BOUNDARY_GATES.csv,1106,92ab330ee751af29c9e24c6060875176fc2adb47350e2ee395a2d689170d4d05
results/canonical_metrics/irm_invariant_risk/11_DEVELOPMENT_RUN_REGISTER.csv,12082,8ebc30f502e96b93ee21d56afb875894c6fa10bbeee0f0b0d23994c1ebe43f55
results/canonical_metrics/irm_invariant_risk/12_SOURCE_HELD_POSITION_METRICS.csv,6188,3cf18d0d4d6436d15303adbbcab0c6ce51045b0f214acabfd0e1588857543f33
results/canonical_metrics/irm_invariant_risk/13_IRM_PENALTY_AND_RISK_TRAJECTORIES.csv,646372,bcc51ed8b59e3ae2399ead326cabb73feceb0624481026c8649a7da3e17f31f2
results/canonical_metrics/irm_invariant_risk/14_SOURCE_PRIMARY_CONTRASTS.csv,317,96e9d184bcd51a0244ef7181d618628354c0b8d1b3bf0944039af3078aff5014
results/canonical_metrics/irm_invariant_risk/15_SOURCE_VARIANCE_AND_WORST_POSITION_RESULTS.csv,431,812353ae8cb56379dc43cd3ad9f23b21376962667024d7ea6640593334dd76b5
results/canonical_metrics/irm_invariant_risk/16_INVARIANCE_DIAGNOSTICS.csv,392,7c08f2a71ccdf9d74dca378606a5024e27ce55ca9760ad8cc64aa788237d7a5f
results/canonical_metrics/irm_invariant_risk/17_POSITION_AND_TAGID_PROBE_RESULTS.csv,2622,ff51a68b0e446f979a60b08a6f20ad0453253efac19b8bd6be8dacafd1175c6d
results/canonical_metrics/irm_invariant_risk/18_SOURCE_ONLY_LAMBDA_SELECTION.md,266,bc8d47584001dae1f69c00ea071eca8fac2a0dfc3b3c6714867ef1af3a6a37a7
results/canonical_metrics/irm_invariant_risk/19_FINAL_MODEL_REGISTER.csv,1936,0c76c6e34aa781d280d79499724021cdde3e6a73ca1fb70256541b09f52ba753
results/canonical_metrics/irm_invariant_risk/20_P4_PRELABEL_PREDICTION_FREEZE.csv,2439,91447e925bfa77eeb111667cbc250046919a56f645dad5e4d4dfe70bea3352d7
results/canonical_metrics/irm_invariant_risk/21_P4_LABEL_ACCESS_AND_PERSISTENCE_RECEIPT.csv,405,8f34230112d311933ae51527a18d3b793d994de93c0a1d52c093c1fc11fdcdd1
results/canonical_metrics/irm_invariant_risk/22_P4_BLOCK_METRICS.csv,1818,58d770b1e78593db36b795c6b43abf41698d02114b26b1c69040f4cf004a3edb
results/canonical_metrics/irm_invariant_risk/23_P4_PRIMARY_IRM_VS_ERM_CONTRAST.csv,343,3520f8b9bb6122ed9e828d688fd3707864b9a1bbe670ca3abba067109aca57c0
results/canonical_metrics/irm_invariant_risk/24_P4_PER_CLASS_RESULTS.csv,3398,8d8c2a3a1fb8c9cbc69d6018579cb95a7410bc5b7b8e9fdadebefa781f4bed80
results/canonical_metrics/irm_invariant_risk/25_P4_CONFUSION_MATRICES.csv,6912,5b3c4005b0130089a846e0cf33fbc6f5dc560a1ad7f9a76b3cce88211d80e7c1
results/canonical_metrics/irm_invariant_risk/26_PREDICTED_CLASS_HISTOGRAMS.csv,1165,4153f0b792c1ceba2a83b9c2d7b665e0c9bd924fb70d07aa4b39ae702aaed72c
results/canonical_metrics/irm_invariant_risk/27_BOOTSTRAP_AND_SEED_SENSITIVITY.csv,1435,0c45405a15e18277be7a48bf4baf742ab30da0094d29629331d4c08a01fe0ab1
results/canonical_metrics/irm_invariant_risk/28_INVARIANCE_DIAGNOSTIC_CLASSIFICATION.md,88,690aeb65d8c6ca2a61b4140a5e0a2cdd44675b704f1530747d344ec8c4244a45
results/canonical_metrics/irm_invariant_risk/29_SCIENTIFIC_INTERPRETATION.md,1205,7ac8feff29d508163ddb4b3a2d772485891933f01a892ea0a433202c61162b43
results/canonical_metrics/irm_invariant_risk/30_LIMITATIONS_AND_NONCLAIMS.md,643,83ab225229f005fa349410e9c06375b90644128c9e2c52adc08ba6335e443a16
results/canonical_metrics/irm_invariant_risk/STATUS.md,361,950b897500dee635fbf5bf55acfa8d8c76a64534c3014ee89335c8345e7121a1
results/canonical_metrics/matched_target_assisted/09_PAIRED_COMPARISON.csv,21007,a294714dbb3e180466f6b1d2faa85e9cea3760e93513d34f2d752b6d697784f5
results/canonical_metrics/matched_target_assisted/10_UNIT_LEVEL_RESULTS.csv,84929,82e600717e0852054a5a8497157af0f2526e8e994bb6e262d7846b86821ff92f
results/canonical_metrics/matched_target_assisted/11_PER_CLASS_RESULTS.csv,133489,8dd0dbc73e4f7d06e6eeec958807b156bf1c2fed4f3469b1257c5eec8096a755
results/canonical_metrics/matched_target_assisted/13_SEED_AND_SPLIT_SENSITIVITY.md,18891,6914353cc8447a72c8d9cf12280f5563d8e9b1786133ff9aef857adad3bc8623
results/canonical_metrics/matched_target_assisted/14_HISTORICAL_REFERENCE_AND_NON_COMPARABILITY.md,2202,f2fb2229fc91a290fa6015f4b3ff43e97770580aa5cf716de77cf6f4bdf11e0f
results/canonical_metrics/matched_target_assisted/15_LIMITATIONS.md,6006,f195dfd8a4b321799814cc1f3132717a319addc6809bfae60b4cfd4dcead749c
results/canonical_metrics/matched_target_assisted/confusion_matrices/A0_MATCHED_SOURCE_ONLY_CONTROL_AGGREGATE_COUNTS.csv,358,f11b3cab4223a79e82977fced6cb7208dde8ce902de66e83eaf2b8e5d9fea1fa
results/canonical_metrics/matched_target_assisted/confusion_matrices/A0_MATCHED_SOURCE_ONLY_CONTROL_ROW_NORMALIZED.csv,1028,f5f0dbadc94eabe7433e56cdf0ca7a614155842c997de111141b4a729aa31563
results/canonical_metrics/matched_target_assisted/confusion_matrices/A1_MATCHED_TARGET_INFORMED_SELECTION_AGGREGATE_COUNTS.csv,363,674e14ad2b39f24e877dfedb9f5cc668e41ef7a1af01d751b001940fd577a63d
results/canonical_metrics/matched_target_assisted/confusion_matrices/A1_MATCHED_TARGET_INFORMED_SELECTION_ROW_NORMALIZED.csv,1090,26f8e9fef2c91e06bb3803f620aaccdcb9c2634277c770f38ff1a73e7e7cb7bb
results/canonical_metrics/matched_target_assisted/confusion_matrices/A2_FINAL_SELECTED_AGGREGATE_COUNTS.csv,303,c1c1eb3bde7038c968544dd8cc6d545f693d49486a451c9f2d547a25f864c620
results/canonical_metrics/matched_target_assisted/confusion_matrices/A2_FINAL_SELECTED_ROW_NORMALIZED.csv,1202,6ee4931ead210e0bf91482275b2d024c32268b058c0e786eeff047bdc4351804
results/canonical_metrics/matched_target_assisted/confusion_matrices/A2_LINEAR_PROBE_SELECTED_AGGREGATE_COUNTS.csv,303,c1c1eb3bde7038c968544dd8cc6d545f693d49486a451c9f2d547a25f864c620
results/canonical_metrics/matched_target_assisted/confusion_matrices/A2_LINEAR_PROBE_SELECTED_ROW_NORMALIZED.csv,1202,6ee4931ead210e0bf91482275b2d024c32268b058c0e786eeff047bdc4351804
results/canonical_metrics/matched_target_assisted/confusion_matrices/A2_PROTOTYPE_BLEND_SELECTED_AGGREGATE_COUNTS.csv,365,fe5984f70105586cfaafe997500823680ab61aaf3b1260bbd1a792ac6c8d25a6
results/canonical_metrics/matched_target_assisted/confusion_matrices/A2_PROTOTYPE_BLEND_SELECTED_ROW_NORMALIZED.csv,1161,7bcf96abef3f7781794542d2bcc2d0780d7870c671f436150b481336d0a30dba
results/canonical_metrics/matched_target_assisted/confusion_matrices/CONFUSION_INDEX.csv,1956,f1e5a13c5aad7b1cbf42591d5daf64741f78eb83d12cc296d7a0c61d5f569130
results/canonical_metrics/matched_target_assisted/README.md,686,812412ea3d388f771521e79d9f52733b9034f795ede0e72c7db06642ee566c85
results/canonical_metrics/openems_redesign/confirmed_redesign.json,6031,379a9953dbee25d39f9a096db78426c406b701baf4ed659af1b0656bfba81a1c
results/canonical_metrics/openems_redesign/r2_baseline_gate.json,897,7478b856ef56beb0187e98401502560348488f736c3e8a5bd1bdde8fc1bbb7e9
results/canonical_metrics/openems_redesign/ranking_confirm.json,6731,286cbb42ec7e6e32cf4b16954d9e4fb00d521ef240d39c217fffb2345c902274
results/canonical_metrics/openems_redesign/README.md,1118,c5995f0c346cec0ed5e27eca8c57af9231a2793cf4010b82fc476fba6fd3fd70
results/canonical_metrics/p4_encoder_finetuning/00_EXECUTED_CODE_MANIFEST.csv,2558,9194cf526f59fdd04cda3940ea02b6f2af35dc0b8b37aded123e64efb3062a91
results/canonical_metrics/p4_encoder_finetuning/01_EXACT_CONFIGURATION.json,2455,3aba3a7ee9667135d61ea4f54501f104c58f10bfb71c78dac00801b6213f502a
results/canonical_metrics/p4_encoder_finetuning/03_PREREGISTRATION_BINDING.json,11609,6742133acf8cb0b1692bcee19e7cc6bfc508d820168f6c6806aadb4652028a38
results/canonical_metrics/p4_encoder_finetuning/04_SOURCE_SELECTION_BINDING.json,898,9ca3008ed4aae9c33b71768a37b769b040a2db7fce34854646f57191d8593ad1
results/canonical_metrics/p4_encoder_finetuning/05_SOURCE_SELECTION_UNIT_RESULTS.csv,421468,453a846da13394be9db78ca887bd6c4b0eda4557f491209c1e9815df2a0a05a5
results/canonical_metrics/p4_encoder_finetuning/06_SOURCE_SELECTION_SUMMARY.csv,6542,ce9d30305eef6bb85232590faed3879ddba364e882de85cba6bc3ea103424046
results/canonical_metrics/p4_encoder_finetuning/07_SOURCE_SELECTED_CONFIG.json,1289,721d82e7309ac12b7599da13bdcf33cdf347f5ea55fac43b744361f9c6badf8d
results/canonical_metrics/p4_encoder_finetuning/08_SOURCE_SELECTION_REPORT.md,429,6f94ea43d0440a631de3e7d2607beda7b54c41dd5937ee8a2cd84010c579d00e
results/canonical_metrics/p4_encoder_finetuning/09_INHERITED_ARTIFACT_BINDING.json,2633,9d70c1b97bbf5a6d1fbc628dc8c9b2ef6718b2449afcca26733d2edf81179095
results/canonical_metrics/p4_encoder_finetuning/10_PARAMETER_MASK_MANIFEST.csv,1052,e2bcd83dfb3b4148508591aaca835cd8ca4592865af002b9ba55e236be587f1b
results/canonical_metrics/p4_encoder_finetuning/11_SUPPORT_MANIFEST_VALIDATION.csv,11535,061d56efaa57fcb889a9043c31840a5dfa64330dacf39a10ac9c176b1b11b3cf
results/canonical_metrics/p4_encoder_finetuning/12_PREEXECUTION_VALIDITY_AUDIT.csv,1299,452b89d292b5277ab1cdb189889d29c6f2a8bde4f6b419c9373392a02887090b
results/canonical_metrics/p4_encoder_finetuning/13_DETERMINISM_PROBE.json,369,670a9b24c0f5d4786cb9a8a2da8d5f7c8144fab90800c992d6f259dd33518490
results/canonical_metrics/p4_encoder_finetuning/14_FINETUNING_DIAGNOSTICS.csv,2063319,2a94ab74681e3ad72aac99171675193a6ab88a0b39ddc62118f04430df19224a
results/canonical_metrics/p4_encoder_finetuning/15_PREDICTION_FREEZE_MANIFEST.csv,289907,1663befbab808532cd05542b55ae28b583cb16397f0508298d07c64c69700a11
results/canonical_metrics/p4_encoder_finetuning/15A_PREDICTION_BUNDLE_BINDING.json,841,9b1bcadc008926502e43c00cf39dfe688e9012e4a3107abc4a14feb6355d5ea6
results/canonical_metrics/p4_encoder_finetuning/16_QUERY_LABEL_ACCESS_AUDIT.csv,309131,1ad4cdbe2d6bdf01e8e98d8943726292e83463779d68cdcffa4e579addd0d6b7
results/canonical_metrics/p4_encoder_finetuning/16A_ANALYSIS_RECOVERY_AUDIT.json,1297,0047d4083806c5c1991e705a7b5335968246b219d9da5e1b3dc5d719ef2f135f
results/canonical_metrics/p4_encoder_finetuning/17_PER_RUN_METRICS.csv,231548,29cb0257cb9c795352d5cc86132ff20a93b37193f1059456e42e6b6e08fd2379
results/canonical_metrics/p4_encoder_finetuning/18_PRIMARY_RESULTS.csv,4469,44e32e18963c6433c9208f30553c843d55259c04f14c51bf8a6c8537456a5ebb
results/canonical_metrics/p4_encoder_finetuning/19_PAIRED_BOOTSTRAP.csv,2266,43eb98ab3e709c53495f47b6203d378edb93d5b065f2aa8b7461e73f9f3aa4fd
results/canonical_metrics/p4_encoder_finetuning/20_SUPPORT_VS_QUERY.csv,1378,e6fa65c019537c7ab79482ba9345679b82636c187b378151a02a8caa0345a76b
results/canonical_metrics/p4_encoder_finetuning/21_PER_CLASS.csv,5789,093049417914b2cf66688ea10a317459a4e670fde6e58acca41207a59662d59a
results/canonical_metrics/p4_encoder_finetuning/22_CONDITION_RESULTS.csv,5467,3b30c9ff6a934c5f1c159d442a8ae6fad7c1851223ed7a74f006e17e6490f1de
results/canonical_metrics/p4_encoder_finetuning/23_BLOCK_RESULTS.csv,41928,4c3b51809b97a09868f01281498f365146e0417f2f2ebd77146fc88509aa2717
results/canonical_metrics/p4_encoder_finetuning/24_CONFUSION_MATRICES.csv,33343,6dd21f2bc3bbf5c2f67dc48d4ec0d5efa1e336a29657e165b0e8dee48240ec8b
results/canonical_metrics/p4_encoder_finetuning/25_REPRESENTATION_DIAGNOSTICS.csv,13486,82f57cb035d4a1d621af0595cf909a2381d4cfefeac71fe7e4387d7013c45a66
results/canonical_metrics/p4_encoder_finetuning/26_SOURCE_RETENTION.csv,3972,0cc2d870794d941431b7604be68a2e8343b74e000c2d1217a2a90688309754f1
results/canonical_metrics/p4_encoder_finetuning/27_BOOTSTRAP_BINDING.json,792,8bb76572574c36c47af85663eee5baf6718ef50824f9473ca1a6c813d8eef8ae
results/canonical_metrics/p4_encoder_finetuning/28_SCIENTIFIC_INTERPRETATION.md,724,649e254245308dbce94c0a303fb8147e47307ac653c2b4a28a40efeaf60a6d6f
results/canonical_metrics/p4_encoder_finetuning/29_THESIS_READY_CONCLUSION.md,1109,61c765d849eaf3a0ad3c06c7c8202a77b8a625a550e53be0ae66a98dd801ca02
results/canonical_metrics/p4_encoder_finetuning/30_LIMITATIONS.md,692,939674108377a65107f6e9276bb7b2f16e92b30e42d59b7c3fd04ec7c863469d
results/canonical_metrics/p4_encoder_finetuning/32_FINAL_STATUS.json,23199,53449f1ca6db0bd0b82c58cada5a84a4f7369546f66db7364d0a097f7b55e927
results/canonical_metrics/p4_encoder_finetuning/bootstrap_samples.npz,1940587,74bd5e265568aa1a0e6661082d17af202584c5edd764405f45b6d76febbe8a90
results/canonical_metrics/p4_encoder_finetuning/figures/p4_encoder_finetuning_main.pdf,20874,e193b3ca4a60c56ecb15d67101b3f309f3b67bb69d6289d71e7a17348b780edb
results/canonical_metrics/p4_encoder_finetuning/figures/p4_encoder_finetuning_main.png,132723,8605d84656c33fbf308b0f03297c6f773de5753d487b39b3308e38ee0e729912
results/canonical_metrics/p4_encoder_finetuning/figures/p4_encoder_finetuning_support_query.pdf,17533,929f2cbbeaf3967c78f688c86f6e7497ed8a882c39d0d5d04c91d5a30ff67574
results/canonical_metrics/p4_encoder_finetuning/figures/p4_encoder_finetuning_support_query.png,135743,a7df0b6421180e10581e61ecbe9a019bfc72c5135a35368f2a4d4282216d8c46
results/canonical_metrics/p4_encoder_finetuning/finetuned_predictions.npz,104610,ff456dc2b453f54fa026cf1cc65f948a9df07571734cb0590f9f9a7701d12b9c
results/canonical_metrics/p4_encoder_finetuning/README.md,1043,62f3d550ae0491a61f2b9a5e9a4078c21d1a4d29bfcd99e0f0ebd57a41d78049
results/canonical_metrics/p4_encoder_finetuning/representative_query_embeddings_float16.npz,14450383,1f6a093c790ff997ad483d497504be14d9ba470195e2b341a4d588ee541fae55
results/canonical_metrics/p4_factor_aware_few_shot/00_EXECUTIVE_SUMMARY.md,1383,944e6f9d53c8ad31c455ab988a9f3b0196a77050e64ecb08f71c8e1c4423f1bd
results/canonical_metrics/p4_factor_aware_few_shot/02_HISTORICAL_FEW_SHOT_BINDING.json,7944,31c40b0c3ae78784c374e606b31f84edf3fd49a9ea4b93d1a5f2c8f414f4c638
results/canonical_metrics/p4_factor_aware_few_shot/03_HISTORICAL_SUPPORT_QUERY_DEPENDENCE_AUDIT.csv,62767,b3181e982e05f3a74147071aefbadd5b6bb71bc34150f86db6f66854be1cdb21
results/canonical_metrics/p4_factor_aware_few_shot/04_PREREGISTERED_PROTOCOL.md,2513,292313185c8ce8da97f96eb14c7e6f68b84cf6c20b409f5e5c498114e6db0f64
results/canonical_metrics/p4_factor_aware_few_shot/05_P4_STRUCTURE_AUDIT.csv,3191,5f1f464dc39e5f403a80ed9f46442f01b5944a5819e41769379f8e88b0cceab8
results/canonical_metrics/p4_factor_aware_few_shot/06_OUTER_QUERY_FOLD_MANIFEST.csv,5156,5407a8d436dae096a722f30d0274f44409ff3e894d3f0d602aae43a88bd2618c
results/canonical_metrics/p4_factor_aware_few_shot/07_SUPPORT_SELECTION_MANIFEST.csv,165036,467ba805b7cce34a3de3b5db1a981081905638d71230076450d3b7aa9e4e96e6
results/canonical_metrics/p4_factor_aware_few_shot/08_FACTOR_COVERAGE_SCORES.csv,15655,eac9f3e26afd60f8c591779e5538f4e83c5ad361a3822afe78f017ad40e48092
results/canonical_metrics/p4_factor_aware_few_shot/09_LEAKAGE_AND_QUERY_LABEL_GATES.csv,1770,adf8d384a5c999207521dbca7447f1583915500a5045cea795c1502c86670766
results/canonical_metrics/p4_factor_aware_few_shot/10_RUN_AND_EPISODE_REGISTER.csv,375104,70f6274a32d4eac0bf7600142ea8d3355c5ded52829967dcf91e393875977903
results/canonical_metrics/p4_factor_aware_few_shot/11_SUPPORT_ADAPTATION_VALIDITY.csv,757745,375470384dbd8ea18eb55395fd853c38157c0f1eb0dd7bcbaa83e38c3805e712
results/canonical_metrics/p4_factor_aware_few_shot/12_PER_EPISODE_METRICS.csv,323953,a74ef6868a54f8c1a4791321158f82859d5b754ba7139fbe9f2cf7a2a7404fa1
results/canonical_metrics/p4_factor_aware_few_shot/13_OUT_OF_FOLD_BLOCK_METRICS.csv,192404,5aacc33a7c8bea5d92ac9a3fcf6be59f2a1db280661d5171b99d100895797315
results/canonical_metrics/p4_factor_aware_few_shot/14_PRIMARY_PAIRED_CONTRAST.csv,3270,5885d92b5f6376c7a824ea961cb255167c125db4b35d7aeeb93de30f6000fd37
results/canonical_metrics/p4_factor_aware_few_shot/15_SECONDARY_STRATEGY_CONTRASTS.csv,19406,a8a1e843cbbc0b22fe699cad098390efdda741f018f3cacdf43e5c90e210865b
results/canonical_metrics/p4_factor_aware_few_shot/16_PER_CLASS_RESULTS.csv,397375,0d78d43be01602d96b4cdc948cc2af92a467682ce26a64b74d63d37f245b22e1
results/canonical_metrics/p4_factor_aware_few_shot/17_PREDICTED_CLASS_HISTOGRAMS.csv,182959,fec260bad3d00735dd2e063489b634443e46689fb485c3501ef529072573ac34
results/canonical_metrics/p4_factor_aware_few_shot/18_FACTOR_COVERAGE_RESPONSE.csv,58002,194a92b73fff2954f13542d937c22b5ffe7595750f8c2c36af8bc473943994ef
results/canonical_metrics/p4_factor_aware_few_shot/19_BOOTSTRAP_AND_SEED_SENSITIVITY.csv,8717,8e62ef22975d3c9d6dc6ee8f925c3277c892f4b6659a22e5e0c1f7ffbd437a2d
results/canonical_metrics/p4_factor_aware_few_shot/20_SCIENTIFIC_INTERPRETATION.md,958,199ccf906d2d42d78e253d9ade9ab0a3ef2be2111df56f58d1cfdf1a9d720915
results/canonical_metrics/p4_factor_aware_few_shot/21_LIMITATIONS_AND_NONCLAIMS.md,814,bf43dab83fe3ca4c8cae4bfe43dd41031f27fc12d42282651e35f8336f6985e7
results/canonical_metrics/p4_factor_aware_few_shot/STATUS.md,404,d0201e39f8f4cae50cf59238401e8756e0acc70018f1999759b702b9d48fabe5
results/canonical_metrics/p4_large_calibration_curve/00_EXECUTED_CODE_MANIFEST.csv,2193,75e88f293096feeeaa0e84d1e97ae951db264047bb1d46dc240d957734d76156
results/canonical_metrics/p4_large_calibration_curve/01_EXACT_CONFIGURATION.json,2945,2cf1fa5e4da7a53f4fd73b81c2b7ca0279378edb366ab42706e488e525fc2900
results/canonical_metrics/p4_large_calibration_curve/03_PREREGISTRATION_BINDING.json,323,fa3e11f1861fd983e54de5c10b5a39b04bb2252358f49e357f236dae65a28b0f
results/canonical_metrics/p4_large_calibration_curve/04_PRIOR_P4_EXPERIMENT_BINDING.json,1392,b221cba2a274e835736275501a7dbb2355b13a66497b573831307424cf6d4488
results/canonical_metrics/p4_large_calibration_curve/05_P4_STRUCTURE_AUDIT.csv,5353,1df7b28717ddfa96cca3e5c5f68a004ede914725f6422cecb0076ba313f85d2f
results/canonical_metrics/p4_large_calibration_curve/05A_EXACT_SIGNAL_DUPLICATION_AUDIT.json,206,b393e956178f0a1f56e77b3b31ca0b129799ba9d18d96c50f3795e56685fd425
results/canonical_metrics/p4_large_calibration_curve/06_OUTER_QUERY_FOLD_MANIFEST.csv,5346,81b86e65bce6ff35e04b0b6a3fe2310fa5a65173e9d86c6693d40ec9e22c0482
results/canonical_metrics/p4_large_calibration_curve/07_SUPPORT_SELECTION_MANIFEST.csv,4293732,47eacce86bbe1426e780beb9949125130c8348430d4711039f9c6099aaf6eae3
results/canonical_metrics/p4_large_calibration_curve/08_SUPPORT_COVERAGE_MANIFEST.csv,39569,3ef6c58c207668da2395a851996dd69fadff39da00fc7a9b20eaf80d0ffcc1c6
results/canonical_metrics/p4_large_calibration_curve/08A_SUPPORT_PLAN_VALIDATION.csv,25265,b274ec4db866e574dcb321a703057101690dfa632b3fc5bc538c4e1049ec31c8
results/canonical_metrics/p4_large_calibration_curve/09_LEAKAGE_AND_VALIDITY_AUDIT.csv,1601,f683fdd6f32d48aa9a667c3fe4d2deb73738157aaf41b1fd5e873b03b5e9b71f
results/canonical_metrics/p4_large_calibration_curve/10_PREDICTION_FREEZE_MANIFEST.csv,421104,3d9098702e7691a91c0331210e721768d8328c48406169b907c4d12e0c917fbf
results/canonical_metrics/p4_large_calibration_curve/10A_PREDICTION_BUNDLE_BINDING.json,396,fd9247632c84e858c0f84f6204e5f4b74b78cef66b183a804431468aa765468f
results/canonical_metrics/p4_large_calibration_curve/10B_QUERY_LABEL_ACCESS_AUDIT.csv,551719,e7e79269848ddc6d50a4bc17e1d2f749c2f53bc6513d6f351bc6f714c1d66bad
results/canonical_metrics/p4_large_calibration_curve/10C_FROZEN_MODEL_INTEGRITY.csv,1513,f0b360b27162abbe4ce6b0e6be58bbfc970a939074f373f7103f2b08b48c3936
results/canonical_metrics/p4_large_calibration_curve/10D_QUERY_TRUTH_BINDING.json,375,e30d54883b08ad5ac596fe655da893d2797b4ea66e1b6392a8800166073ef465
results/canonical_metrics/p4_large_calibration_curve/11_PER_RUN_METRICS.csv,251473,310ff6737b2bd24ae60524df23a0eb6616ab5e61511f8ba2bca27aa268c744e8
results/canonical_metrics/p4_large_calibration_curve/12_AGGREGATE_METRICS.csv,5206,a536737762113aad6f171bf728a280010b15af1ccdbbe7b66271953952d1067d
results/canonical_metrics/p4_large_calibration_curve/13_UNCERTAINTY_TABLE.csv,9139,bb5e57affb93eaf620715ab4ef20077f33f79e2bfaaa4c123ac568b6077ac481
results/canonical_metrics/p4_large_calibration_curve/13A_BOOTSTRAP_BINDING.json,665,8208e95f1c30b18a4e28fa7e618e0724453f72344434fa85ca14a45e49f9eaf7
results/canonical_metrics/p4_large_calibration_curve/14_PER_CLASS_METRICS.csv,14300,942258735d1fdea58bc37d2980d3660c1c8132c64d40afa30d0021e27ff62d0f
results/canonical_metrics/p4_large_calibration_curve/15_CALIBRATION_CURVE.csv,5206,a536737762113aad6f171bf728a280010b15af1ccdbbe7b66271953952d1067d
results/canonical_metrics/p4_large_calibration_curve/16_INCREMENTAL_GAINS.csv,1662,ed7103ec3a0645cef79f171f92c3321cfbd7c8204b0afbbee00bda42eeedc382
results/canonical_metrics/p4_large_calibration_curve/17_SUPPORT_COVERAGE_SUMMARY.csv,733,eb7723b23a4c8b126b6e6c4bbfe2c34d1e3ba988cd27d03d65ddf99cdf56e0b4
results/canonical_metrics/p4_large_calibration_curve/18_CONDITION_STRATIFIED_METRICS.csv,6094,e07ea47cd73dff0a602c8cacb11103e9ef66c48424ca986d90a243b69a022f72
results/canonical_metrics/p4_large_calibration_curve/19_CONFUSION_MATRICES.csv,18009,d412ca0b52f55b14670eb4c8779e8ab26ded021de7b7649872381456ca563bd3
results/canonical_metrics/p4_large_calibration_curve/20_SUPPORT_SELECTION_VARIANCE.csv,1399,778ca06d95165a5a0b4fbcb6071b3cd86290464998e51a196e530c1eee85f732
results/canonical_metrics/p4_large_calibration_curve/21_SCIENTIFIC_INTERPRETATION.md,1604,05b6e3bc3be4012b3f2a3e6921bd7ebaa87b3a1d63951b2a82757c6657cf10ec
results/canonical_metrics/p4_large_calibration_curve/22_LIMITATIONS.md,1467,e569094ccc803c5e29300666c9213b5c1fcd15c9a094d83a693ec8022a8b8a44
results/canonical_metrics/p4_large_calibration_curve/24_FINAL_STATUS.json,15123,5296258305b5d7ad66c12f0ef1c3bfa2c75ac303a08c297c3d759c17db6e83f1
results/canonical_metrics/p4_large_calibration_curve/bootstrap_samples.npz,1639072,d8ee6b00a2c2173f318a3d618c709401aabb722c09aede4b5ee9d7a3cc449cd8
results/canonical_metrics/p4_large_calibration_curve/figures/incremental_macro_f1_gain.png,93042,b4fc63167620c6b00fc4576ec6a692ef23d1341076ca5085d6cf728f5804f557
results/canonical_metrics/p4_large_calibration_curve/figures/p4_accuracy_calibration_curve.pdf,20479,46e007d130b3837121922d798712cf24ce19152d2f62a8bc897731873b19fe92
results/canonical_metrics/p4_large_calibration_curve/figures/p4_accuracy_calibration_curve.png,151217,e4c6ecd064f5edd1383d0372a46212ff9e8d63fa45c655ea1184d239f26240f1
results/canonical_metrics/p4_large_calibration_curve/figures/p4_macro_f1_calibration_curve.pdf,20619,3964fe67ed4a82e68f36e316b5c5ec46803e029c9773a427ec0e686dbc677b34
results/canonical_metrics/p4_large_calibration_curve/figures/p4_macro_f1_calibration_curve.png,149100,048cf99752e1da9c4af93c94269f40393b893fba5065fc516ae3c2489758f9e0
results/canonical_metrics/p4_large_calibration_curve/figures/support_condition_coverage.png,184964,7abb054a8eeea19ebc319c3231ce0774d32453e7fe49dabb99d78874c48ad3ae
results/canonical_metrics/p4_large_calibration_curve/per_run_predictions.npz,158667,c707f86962d5b0aa6eb98b8250bad595bebab8e6500063dc7d86d5e3e636a086
results/canonical_metrics/p4_large_calibration_curve/query_truth_int64.npy,25328,fa333e10fe43b7382eba4248417a4533ce88643fb5f7161282c0152e4f505b54
results/canonical_metrics/p4_large_calibration_curve/README.md,5861,dd0eb1e2a456479c2b22f242b6259f9d62b9c58e15683b2c117c26267d442b40
results/canonical_metrics/p4_trainable_linear_readout/00_EXECUTED_CODE_MANIFEST.csv,2337,02abcbef2c59f830a3c3d4282a8f7ff5b8009c5ffc0b45e04f1eec0ffab1b924
results/canonical_metrics/p4_trainable_linear_readout/01_EXACT_CONFIGURATION.json,1996,1a7f187ce72a470206592a59f271813a9264e48c1147c8d7a6e5b05d76937d2f
results/canonical_metrics/p4_trainable_linear_readout/03_PREREGISTRATION_BINDING.json,10124,5744187f351711ab26f6e26726534949747f7590729aa6ae436842243ef3064f
results/canonical_metrics/p4_trainable_linear_readout/04_INHERITED_ARTIFACT_BINDING.json,20266,1d62a5d689ebf2630e0ee5bd8360db36ddf4adf94f935664302e5e7a933bcdf2
results/canonical_metrics/p4_trainable_linear_readout/05_SOURCE_REGULARIZATION_FREEZE.json,2079,a12acb81a334c0d3d72ae19a310b1acbf59d404aa9415a909cadc236929b6447
results/canonical_metrics/p4_trainable_linear_readout/06_SUPPORT_MANIFEST_VALIDATION.csv,25635,395c635a1f22109b8f21c896a11a7ae9b42d89b560063a80cda6e43f1f6dc2f0
results/canonical_metrics/p4_trainable_linear_readout/07_PREEXECUTION_VALIDITY_AUDIT.csv,1180,763a943370c995a4753fedd4a2927085f3de9b3b427674a5793325c745bff1fe
results/canonical_metrics/p4_trainable_linear_readout/08_LINEAR_FIT_DIAGNOSTICS.csv,1030700,234ff6f90e8141abbde4382002715e25b4dc2879c66c3f9dbe98f8646a5395bc
results/canonical_metrics/p4_trainable_linear_readout/09_PREDICTION_FREEZE_MANIFEST.csv,418404,5036a5b3ff1dbc61cd40502dc4c0c4b227b713853536efb62badabc2e019c8aa
results/canonical_metrics/p4_trainable_linear_readout/09A_LINEAR_PREDICTION_BUNDLE_BINDING.json,403,621c87d99889e018ca8cce1a869ab18cd6d7a80830cd2583e7470e1ca49aab99
results/canonical_metrics/p4_trainable_linear_readout/10_QUERY_LABEL_ACCESS_AUDIT.csv,323707,45a15c22f92cc9e6e2e9c715351f2b89b5703519b3f5bffa65a33f7268dca563
results/canonical_metrics/p4_trainable_linear_readout/11_FROZEN_MODEL_INTEGRITY.csv,1563,7b442df01bf971a665dc9d8862183bad62c0430198bc88e72a17e603e5fd1631
results/canonical_metrics/p4_trainable_linear_readout/12_PER_RUN_METRICS.csv,328875,e55c69ffd551f2fa2a1417e73c45e36ebdf192356f4f8650770058e0966df91f
results/canonical_metrics/p4_trainable_linear_readout/13_PRIMARY_RESULTS.csv,6403,c0d96b336bf66aa52d8cb87966f3e0104bda678e320cb3a3d0ae95be6456335a
results/canonical_metrics/p4_trainable_linear_readout/14_PAIRED_UNCERTAINTY.csv,5275,0e3facb6cb2a22dab9c5dc301fdf187b84601fb42080eea1d57d164d78556809
results/canonical_metrics/p4_trainable_linear_readout/15_PER_CLASS_COMPARISON.csv,10555,8b915ce240dfe695bc5e21393210165e9bf0fc5f15b06afea048d0d5c14cc1ea
results/canonical_metrics/p4_trainable_linear_readout/16_CONDITION_COMPARISON.csv,2977,637e9a04a2625a625af2c47ffd2249e16d5f4c62b9da4b512f5aba90033bcaa4
results/canonical_metrics/p4_trainable_linear_readout/17_BLOCK_COMPARISON.csv,14992,486338cf9f37791cda660e2566b8d55d32e46078adf61fde2ed8a98fd7207cae
results/canonical_metrics/p4_trainable_linear_readout/18_CONFUSION_MATRICES.csv,28396,43c04cf00e43b932017a16c10f337e2d80a1fd72e52abc6a6b1294de8c1380ed
results/canonical_metrics/p4_trainable_linear_readout/19_TRAIN_VS_QUERY.csv,1830,7d68b504f06a5863e3fc2b44f6a50011df0f1f7279535424a985e513cf9861f6
results/canonical_metrics/p4_trainable_linear_readout/20_LABEL_BUDGET_RESPONSE.csv,757,ccde526f5b5c882b3a9b0d6c05ec20fc9692554eba65b8cd77106119ac058fd8
results/canonical_metrics/p4_trainable_linear_readout/21_BOOTSTRAP_BINDING.json,802,b1136b3afb27c581b1cf10a6e4312f20378f10f1c59e59fcda4221a141bc0e4c
results/canonical_metrics/p4_trainable_linear_readout/22_SCIENTIFIC_INTERPRETATION.md,1184,215914e2e5c05faacb60bca252f601a2add48e2f50090681e9d71763c7924389
results/canonical_metrics/p4_trainable_linear_readout/23_LIMITATIONS.md,646,b8605f1f5b4e02591a88beb2dd53a83504df2d7c7695cf3e8a416c6a14294277
results/canonical_metrics/p4_trainable_linear_readout/25_FINAL_STATUS.json,24963,ddb797b5e9c448b2956fee168afba60aa6d4b667db597b1dfbe5cbf0d9871f84
results/canonical_metrics/p4_trainable_linear_readout/bootstrap_samples.npz,4312550,e2f7db52081626bf109facf0dc3668e8ce329df15e60909e627e6e93eecde86b
results/canonical_metrics/p4_trainable_linear_readout/figures/p4_linear_minus_prototype.pdf,17335,5945af2e07bb47c8ae2dde1c9a2810d5875bfbff7c8d349a86c0cb5cb1e081ea
results/canonical_metrics/p4_trainable_linear_readout/figures/p4_linear_minus_prototype.png,113534,3d39ce48c7b9ec51d3ae99d69abc54fa0da9ba37499c63eabef02e8a57a68f67
results/canonical_metrics/p4_trainable_linear_readout/figures/p4_linear_train_vs_query.png,117490,1adc299b2fe605bca40152d3b9bca06359b6467d5a78d98ea2879a39fd130557
results/canonical_metrics/p4_trainable_linear_readout/figures/p4_linear_vs_prototype_calibration.pdf,21266,46868f4b36555b561056cad6124886aff953be1e1308d6196e313699f8a6a345
results/canonical_metrics/p4_trainable_linear_readout/figures/p4_linear_vs_prototype_calibration.png,167531,d45f1bbded2fd1763855339fe41a1be4245121b46417b6d27f47c0afecec4f71
results/canonical_metrics/p4_trainable_linear_readout/per_run_linear_predictions.npz,133237,cfcf5a1fa2326608f1737669aa116ce8439506587051c8777f70f745a1749932
results/canonical_metrics/p4_trainable_linear_readout/README.md,3693,a9a881f877121df7fe46638ce4e17d621126fe2a27a59495fbedb2cb22421473
results/canonical_metrics/pre_dg/historical_freeze_summary.json,1438,4811358cdc6e0e4742e34a296e601da224977dc4165cd2b039a916f1401d7f6e
results/canonical_metrics/pre_dg/paper3_deepcnn_grouped_random_metrics.csv,5161,32cf7e3fa39bcc2d71d16308391525d812f0f6675a849eb5e9e05b3afe93a16f
results/canonical_metrics/pre_dg/paper3_deepcnn_leave_domain_summary.csv,1250,d721187a1fda3860f5ac7cea64c873ede3915e6db0639688c3c22ad8ee2ded17
results/canonical_metrics/pre_dg/README.md,551,4e0768f9b3a2d05fcc0c45f0c586c59d04839203139e02be440d50b9a858fe88
results/canonical_metrics/pre_dg/stage5_grouped_random_seed_summary.csv,993,0aa41ac852db96876326487058a943cf4c64b0548a183b98ed84a2650345a734
results/canonical_metrics/pre_dg/stage5_leave_domain_summary.csv,4306,af869340f35bc3d3a83a5055a619391df5a36825fa72ca1dbc6575282cfecdfa
results/canonical_metrics/pre_dg/v2_reproduced_aggregate_metrics.json,6836,1ee58efd674f86092af6820f7779cf3422da5c028ff025dceeacee5f99bc348b
results/canonical_metrics/pre_dg/v2_reproduction_comparison_result.json,28605,b2c2f258fd0307c065c3170ca407eed1f9eaebb6d7d6ea4cc074cb5095eaeb0a
results/canonical_metrics/README.md,2349,2cfe7f7c1fbc3fc5794824821c69b87c20c98a7d24bcaec3897fe6a14dfa1d9e
results/canonical_metrics/reference_peak/conditional_frequency_axis_281_5_to_8.csv,22761,6ee51c6ad2983442671f42bf1d06e250c78814a8d109b19f0128a5ee78f1f3da
results/canonical_metrics/reference_peak/FREQUENCY_VALUE_MAP_REPORT.md,11340,d26384a16bedfee69aff59c059c2b41881b42e97ffc4899a5e917683994920c2
results/canonical_metrics/reference_peak/native_281_peak_reconstruction.csv,1670,ac8e2ed2cbbb6a1ddc068b61ad7c222f974dd713453fd8964aa60765d092297d
results/canonical_metrics/reference_peak/README.md,945,492ed41e26a064d258ac3ac68ea7aca0485a5ffd06009b12fb7794d7570d4f1f
results/canonical_metrics/reference_peak/SOURCE_DOMAIN_PEAK_SEPARABILITY.md,3676,58f08a40f498bb913e406c59f20997759feabf722bfd1c71d6a4d52f2f6cbeba
results/canonical_metrics/reference_peak/tier1a_agreement_reconstruction.json,261,b42b89166ee808243d2f96b91d4e5e73491c766075fa6b19f987ee1a09104d64
results/canonical_metrics/reference_peak/tier1a_peak_reconstruction.csv,343,d6bcca8d120e432c0c3c205a7ee3cee938d1ba5e4523eb047711fcf549282397
results/canonical_metrics/representation_signal_diagnostic/00_EXECUTIVE_SUMMARY.md,1536,36a5e33f9126c1a14d97008f5dd41305eac46f3abb12b08350761c6d5f997cb1
results/canonical_metrics/representation_signal_diagnostic/01_INPUT_BINDING.json,1911,295155e3eda46330d85e373197c1569912b438debbaf9a55ef5b87ab58c2b1d9
results/canonical_metrics/representation_signal_diagnostic/02_C1_CHECKPOINT_AND_EMBEDDING_BINDING.json,3591,b69cb5c7ec969fc64d8cb743806cca1fb86080b80fe7cd9529fba0e948af64d9
results/canonical_metrics/representation_signal_diagnostic/03_PREREGISTERED_PROTOCOL.md,2839,af3f1e30fba8b0b91a743864a4cf48a0e47baddb0fa89e44cafc9978c0cee442
results/canonical_metrics/representation_signal_diagnostic/04_DATA_AND_BLOCK_STRUCTURE_AUDIT.csv,1892,98511fced6b84e000bff652a1a92d8fac7152884b06f494bc4d3a2d91335412a
results/canonical_metrics/representation_signal_diagnostic/05_SYNCHRONIZED_SPLIT_MANIFEST.csv,34335,d46e49184fdbc88c1af566fe0e027a845b30a760a9d487cf475b75a551241a9c
results/canonical_metrics/representation_signal_diagnostic/06_REPRESENTATION_DEFINITION_REGISTER.csv,837,83e84ba0412b01038a2264fbaab2938a0e3a3f9eeb82b5abcfee9d2a2a1d1f26
results/canonical_metrics/representation_signal_diagnostic/07_PEAK_EXTRACTOR_VALIDITY.csv,46773,0642035995bf1a1b3719868485db1d8234881c5b72e9d82cf9a46fab47fbe19c
results/canonical_metrics/representation_signal_diagnostic/08_LEAKAGE_AND_LABEL_BOUNDARY_GATES.csv,1638,f99d6dddb629b95eb57a8e29b35d943104f2e1f00ba53012fc990b6780035863
results/canonical_metrics/representation_signal_diagnostic/09_PROBE_LEARNING_VALIDITY.csv,12300,e313192573372340a60df26b89f84375e6c957a022a667b5d9d4ca95a03cb0cc
results/canonical_metrics/representation_signal_diagnostic/10_RUN_REGISTER.csv,27497,10b04bd766a6fc579dd14ef87cba8ca66db8d633d56f6cdfb49e67a9b6a2d8c2
results/canonical_metrics/representation_signal_diagnostic/11_PER_RUN_METRICS.csv,125523,5da202f4c4bbb9e01afd20c450c177dbdc928ae18372fcd89c67427ecde91408
results/canonical_metrics/representation_signal_diagnostic/12_OUT_OF_FOLD_BLOCK_METRICS.csv,26961,f31c043765963a5de85a05bbd6e0859de0d392615e87421c05674455dd3f1f7d
results/canonical_metrics/representation_signal_diagnostic/13_REPRESENTATION_CONTRASTS.csv,9195,db0d7e8f17830c836f9d4d59070cd8b9c628468d2c9ed21abfc028578e89b87b
results/canonical_metrics/representation_signal_diagnostic/14_ANGLE_CONTRAST_BY_REPRESENTATION.csv,3049,d0fd3e0afcc315e53c7e8728a9bbead6c59455799fa1c676dca0ce17c21bf808
results/canonical_metrics/representation_signal_diagnostic/15_PER_CLASS_RESULTS.csv,39002,600852454b2aa99bef66b643db976693f58bac3e23ddef1175cd994a1f1da549
results/canonical_metrics/representation_signal_diagnostic/16_PREDICTED_CLASS_HISTOGRAMS.csv,14543,d14088fb96fefcceb251fe45ff94f34e2778f61d374725002c8aba28216afcbc
results/canonical_metrics/representation_signal_diagnostic/17_WITHIN_BLOCK_AGREEMENT.csv,8606,16dd19c6d8577820f50e8a32a9daddc47aa6d5c61e9575d3923b5bdfec5b514c
results/canonical_metrics/representation_signal_diagnostic/18_BOOTSTRAP_AND_SEED_SENSITIVITY.csv,19074,f5aacfcdc612056d04e2f46c18fbffa2b0ded532bc3f863fc2abb886975cca94
results/canonical_metrics/representation_signal_diagnostic/19_NCM_SECONDARY_RESULTS.csv,14561,9bca8c8dbe2799d8a9c837c62f17511b91550bef9d126fcfdd69df3af6ee20cb
results/canonical_metrics/representation_signal_diagnostic/20_SCIENTIFIC_INTERPRETATION.md,4601,dc16b370588daa07f65dbd27ea2a86793d28e03c3cce0ceaed8d40b80e1cd948
results/canonical_metrics/representation_signal_diagnostic/21_LIMITATIONS_AND_NONCLAIMS.md,1939,f920064a512bd085360f5429f00befb4b01e9ba2a5e1dbf5bd37153c0d9045c0
results/canonical_metrics/representation_signal_diagnostic/STATUS.md,1012,afe580fb69fd361aac8d4ee2dfa16959bd4477763f14bd92422fbe4ed7304a85
results/canonical_metrics/source_selection_regret/00_EXECUTIVE_SUMMARY.md,1239,b5ba4693dd0b69e3d57777fbd716eda19b3c6edd45315e107511604907d3c785
results/canonical_metrics/source_selection_regret/01_INPUT_BINDING.json,2214,655921b4a90d2c98411b1c85a8d7c2efedca54b06c2dba14782eff19a2bb0b4c
results/canonical_metrics/source_selection_regret/02_P4_ACCESS_DENYLIST_AND_LOG.csv,86829,c76f7ca81356c560733ad4c85b81d0b6648525f493a470452dc198a8e63eae45
results/canonical_metrics/source_selection_regret/03_CANDIDATE_LINEAGE_BINDING.json,16468,7ed8617ffe4faeb0e6ed4b2547dfdce04fbaefccd6de49033dc747b9cc253f96
results/canonical_metrics/source_selection_regret/04_SOURCE_EVIDENCE_INVENTORY.csv,31771,cf520bb72989b3a1c09f077ce9df5f257f29e65556efec30d41e227b4ca24a6d
results/canonical_metrics/source_selection_regret/05_EXECUTION_DECISION.md,766,95a8b7e4d03a4b5eb9d47b1eb42170d904a2c37c36d93959d01b3b17c0264ae9
results/canonical_metrics/source_selection_regret/06_FROZEN_SELECTION_RULE.md,749,e898ae92455c5c5086c74a9b6a74f46a437bc311c5f85773227bf74664cff3bc
results/canonical_metrics/source_selection_regret/07_SELECTION_EVENT_MANIFEST.csv,729,4863878c518e1b626228ff64cca38e82be9dd5a1f8a6753bddd0d820dc1ff594
results/canonical_metrics/source_selection_regret/08_SELECTION_DECISIONS.csv,3857,6f084090019ddc349d5cc83d88b251e23f575e7bb11cdc62f42ca2634b3ed7cc
results/canonical_metrics/source_selection_regret/09_HELD_POSITION_ORACLE_RESULTS.csv,3164,dfa694c50dc7d70d99397f65e1c0f6232fd90c86f695c96b4c2a39b0556dbc8a
results/canonical_metrics/source_selection_regret/10_PRIMARY_SELECTION_REGRET.csv,2768,a2dee5fdeae76f7e217cb2bb03248e5d7c360a276b6ecdb1b65b663f06aa46ad
results/canonical_metrics/source_selection_regret/11_ACCURACY_SELECTION_REGRET.csv,2432,1aae3f14ee8c0a83fef5147ab129ef53d2d7fa44677d7a70836a70a55a263b31
results/canonical_metrics/source_selection_regret/12_RANK_CORRELATION_RESULTS.csv,572,a62295b0808ebf38171cfbfbc2c2a02ffb9a3142db07c252dd731d66f5c47cc8
results/canonical_metrics/source_selection_regret/13_SEED_WINNER_STABILITY.csv,3943,a72a2f3aef868b8106314995cb41cfcc4403ca7968a7e91a00e202b287fe0b1a
results/canonical_metrics/source_selection_regret/14_SELECTOR_BASELINE_COMPARISON.csv,3537,1533caf0868cf5534a266c0063d1dfdc9b2b69ff6a4429a0f2582b746282a34a
results/canonical_metrics/source_selection_regret/15_SELECTION_MARGIN_SENSITIVITY.csv,8851,5367e116a4a4db33de9f54027cad155f67f27e89da7fbc3b1a4f8e1aa5aed851
results/canonical_metrics/source_selection_regret/16_BOOTSTRAP_RESULTS.csv,6306,3d926b02b1dfd1294cd19d9c7e92075e4c351f1c107a02564788bd50aed19d1d
results/canonical_metrics/source_selection_regret/17_CANDIDATE_RANKING_CONSISTENCY.csv,710,5ac35e73a30071873d431ab53bfa5f6d3b792f65db87ed5a929661f1f88f006c
results/canonical_metrics/source_selection_regret/18_SCIENTIFIC_INTERPRETATION.md,600,ca2407e4fd750f255f1ee06980eb2a9c1da4148891adb3c6f9644b592fba3807
results/canonical_metrics/source_selection_regret/19_LIMITATIONS_AND_NONCLAIMS.md,798,f320a7035b4032d8e2460e485909d2310bb0df414baec64676e4cff781499a90
results/canonical_metrics/source_selection_regret/STATUS.md,430,fc3578fefb462db46d8566a456e4c3c97dfad36c309a76a0cac4784157319079
results/canonical_metrics/strict_dg/candidate_aggregate_metrics.csv,2799,3b20f62886d34ee3010de390a4dab52128192abba0f72d92106a0c313f7e0430
results/canonical_metrics/strict_dg/checkpoints/seed_42.pt,576313,69fe7cb33e9940857f4441ce0a946ccc230dcc76d2da793837fe94bc914a7427
results/canonical_metrics/strict_dg/checkpoints/seed_43.pt,576313,ac433f1efcdf991c3e6f9f074d943b6e0d197ac0a8af8faf5bc2fe8def85443c
results/canonical_metrics/strict_dg/checkpoints/seed_44.pt,576313,89838474502a927423d3baea091d43c61baf14727e5077350b0c512a8a1a827f
results/canonical_metrics/strict_dg/checkpoints/seed_45.pt,576313,67dcd68c6044be342f0e3694e64854cbc879ea4a163b5b8f5393cf9e87b75ef8
results/canonical_metrics/strict_dg/checkpoints/seed_46.pt,576313,5f0870bc5f31b9f92a19734ebc0a8cfa6179d6844519ba459c19a1561cc38cd3
results/canonical_metrics/strict_dg/confusion_matrices/seed_42.json,2198,aac96e5c35a92811b84c10296c60265c4297accf19e61808266c338c14d114e8
results/canonical_metrics/strict_dg/confusion_matrices/seed_43.json,2134,602f2824622dd7ea764b1a4e43baff90659fe5dacbddff8b3f691408b08e056d
results/canonical_metrics/strict_dg/confusion_matrices/seed_44.json,2265,c338e05273822208a24ee55dc26484c59bb9104ccf3aaecce9dd28192da72685
results/canonical_metrics/strict_dg/confusion_matrices/seed_45.json,2077,374ff82407bfad2552d63ab9938e3204b299b31fe522e965b253739491f4161c
results/canonical_metrics/strict_dg/confusion_matrices/seed_46.json,2040,bd1f54716145cf5e34843ac26640dfa6e895441eb0f5c8cedc6be5e97d9de937
results/canonical_metrics/strict_dg/FINAL_P4_RESULTS.csv,2363,763a3580a10a8b912bedfc982553f34364148164a2fcd11a311d38f0dcdc54f9
results/canonical_metrics/strict_dg/FINAL_P4_RESULTS.json,4755,84df02d697b310a0a97465a8a4269fa36c93a1a29924909983fbe8d0dbe95a08
results/canonical_metrics/strict_dg/preprocessing/mean_float64.npy,2368,a8054ebeb3ab6559d49220e530f7ef03996bd1598b070a3907cf390658baca52
results/canonical_metrics/strict_dg/preprocessing/scale_float64.npy,2368,8709fd10263b60d3384e6b5b198e27314d8aefa85eb49b9c4c3ae0ccd1e9cecb
results/canonical_metrics/strict_dg/preprocessing/state.json,897,475233f7b1688e47dab5a83e9993607cf9f40d683f26090edd8e13e6ca703d38
results/canonical_metrics/strict_dg/README.md,923,146865c36bbf57cc27b6b5b197266d204d8ec825b5c9da94fc19429186825588
results/canonical_metrics/strict_dg/reconstructed_ranking.csv,886,00bc8c98d50af9715ec5e10e140bb0ef01a3a06abd89c5af374be1f5d618088c
results/canonical_metrics/strict_dg/RESULT_DEFINITION.md,443,244c282625918450040d2929bb95c442e579c136d2f7cc77729e7e160a296017
results/canonical_metrics/strict_dg/source_aggregate_metrics.json,956,936581671488c596848f484bd3d777efa06a0843e9107869dd1beb20f81fe5c1
results/canonical_metrics/strict_dg/source_class_recall.csv,722,d40a14f748e79915de416330f552c8ee39449591c0e0d22186956bd2fc597e29
results/canonical_metrics/strict_dg/source_per_seed_metrics.csv,1568,e7050211b031ebaaa85b9f52896a299e8154602f2f4286602298bff15a19653a
results/canonical_metrics/strict_dg/source_selection_decision.json,6951,00afda5df67cfa26150e8b37bba6331fb0af1b3477fa2e853aa052904c93df05
results/canonical_metrics/strict_dg/winner_selection.json,270,34af4a4aad848a235be8cf3b26e9e535fed21f8530f2e5727bf0b4f208080273
results/canonical_metrics/unified_dg_benchmark/matched_effects.csv,5653,0a5caaa3e6019c35491b5df41cafbbecab3c385c0d9967079e460d609dc107c3
results/canonical_metrics/unified_dg_benchmark/matched_effects_forest_plot.png,121530,7886bfb7115fda5da3e73010251bafd75cd47223fef3956ddc3ccdecb42d1e86
results/canonical_metrics/unified_dg_benchmark/README.md,1220,966759815ed5d9310c9813e8ce8ab97cdce97f1587971bab0cb5c80e5d91ce25
results/README.md,889,4abba4891f0710423f10532649feb8da9f6218d15945fedb9e51421f94d42645
SCIENTIFIC_SPINE.md,5468,6c80f74631c6ffc62f8b63a7016d63c11a1b82ad42f9dd64b3f52ef34a5e3a39
scripts/evaluate_frozen_p4.py,11640,3a5ea1b86d9767f2f06935fcae7c5e0a94c6e0636d140315df3f389a6e7fe34f
scripts/reproduce_strict_dg_source_selection.py,8812,ed3aca30a4189f02959f6079e52c79042521e30b843b7b0dde3227fe094e1b8e
scripts/train_and_freeze_strict_dg.py,12125,5562360e3cc408490278d40bef490caf60c748e43b0e4b99e71c2228851fbfdd
src/crfid/__init__.py,194,04b3f9022c585558b35523f619a166851065c4a494d4e365661ed8aba9bab23f
src/crfid/adaptation/__init__.py,199,523163f9f4a514b3eb61586a75758b6bd1eb0e34493e10c08ca71a03bdc340f0
src/crfid/adaptation/adaptation_results.py,807,15aa79da01f65ad7b76fa2f2c3b6626092bf4d58380e4a68104cd0d602c05696
src/crfid/adaptation/head_adaptation.py,3193,bcac75aa201e3c1e194c01c05775871d178ec415e8313a86245d602097530f41
src/crfid/adaptation/prototypes.py,3146,f86f7fdbf16273bbe603c07da3c76e6785671e93447f59e77f92237ba1d96a83
src/crfid/adaptation/readout_adaptation.py,1075,2559f063fd7cf958c82c68885683bb7773f3043d2966b810c8d2e9deebe53b1b
src/crfid/adaptation/support_query.py,1258,f362ea5d371b843248e397398fc27f19a14949df1998b73db528c39b54d56e8f
src/crfid/adaptation/target_assisted.py,1458,1a77f32e4f78b324a7a463d21fc689a691191b06c9a85ccff9b015068c69b279
src/crfid/adaptation/target_partition.py,1682,810d50ee1567bffe88a3a4d94e36ad64d1301459d770e21cbfd67c81467f6ad9
src/crfid/analysis/__init__.py,226,525e698d05e026acc35f17a5679780088ac7160d647e853c2de1938ada8cf1fb
src/crfid/analysis/embedding_analysis.py,2587,30db15d6dc7c95ae7f06002c9791875572891b36aeec29f4559006ee52a26382
src/crfid/analysis/failure_analysis.py,1463,ea70bd087835b1b902de722943bc00060b56082700732ad23fecc1bda0b014f9
src/crfid/analysis/physical_features.py,869,79a99694a24d7ff2178da8ce95fb762d074bdebd18fa0d6787acbe2147972769
src/crfid/analysis/reference_peaks.py,2221,2a25376a113cc4402efebe7a4d140d3545c8c5beed4049105400b477cde208a1
src/crfid/angle_distance_factorial_contrast.py,83227,6df3abb8d93e7a1e53e9627fcd10028b99f53cbe4651edabe217d3cce7250101
src/crfid/baseline/__init__.py,235,14874aead1f33a46f17f3b8acf931ee78c80ccd1ec044374dafade59a4635601
src/crfid/baseline/aggregation.py,4402,53a1990f2e2cbef9dc2219d70df4842b6adf0b117a9c6312e633dcd960107b23
src/crfid/baseline/artifacts.py,1743,7264290d96d7fd8e173d32d26216088af08f3bcb94c56208da39e3349d917f34
src/crfid/baseline/evaluation.py,1652,a27fb037a884789b641170cc926cf1a4c029dbbe6df3877f9eb9593d8fa97900
src/crfid/baseline/model.py,3347,277a96d9b3c41a0bac5e1f6416cbfecd2fd7a3d3d1d81fb90fe3655d566e3afe
src/crfid/baseline/pre_dg.py,839,7a9b0b78bcad85befb0315d1d980138b757d603f42e2d8ab0f4247febf713116
src/crfid/baseline/preprocessing.py,3502,d8f9424c44f5eea9fb36dcb81ccfe57c3f3a2c9351fa95f2a68026fdb8bfb1ba
src/crfid/baseline/reporting.py,2170,e2a5cc7908cc3571ad6a53971741637ff04a9e408f2e59a650fbb9c4b051c7b1
src/crfid/baseline/training.py,9602,38679c89bea6c10d81023f55c94fd42cf6816e30258d0193a65155efb5f74f10
src/crfid/cli.py,2605,77ccbb01d7d52a96425117ac3a998c94a56489bfe22e363acf9addc793af4450
src/crfid/config.py,5336,fa2c889e140757e18f5f81c5f30c9f8fc5b0cb1787bd8a7d76de50a7835de703
src/crfid/data/__init__.py,173,1df6e1e70f60ac25f71237ad9fe0de991d31e0037acdd62c55c8530bcaa7fa63
src/crfid/data/data1.py,1749,dc9779061690d94e8c76f7aa2e82cd1f78483dea547d0f044e42cf6a59c57681
src/crfid/data/metadata.py,620,423b6246c6578dbe70dd84453fd35c3abc7400553c3d3ab2f41fe3189883cd58
src/crfid/data/pre_dg_loader.py,3073,3a0b60af90b7d2d25ec6e906c2ef5f53832fa5641138b796a1ebf28a9b41dcda
src/crfid/data/pre_dg_registry.py,2916,73058738fd6e714337507325b92fc1fa2a216d5cb431b55034e320b47c0ab980
src/crfid/data/pre_dg_schema.py,842,645d6cc1552c4c49923d95db65b93d0e5af9c44e389a8cb606597b008504d972
src/crfid/data/pre_dg_splits.py,3579,ff174671ff7d6eb8561e6eb3249f49c7b0470ef49f7ed590c6af0ec81abb3107
src/crfid/data/schemas.py,2707,44eb10485a6aa33c743f33c51ed54f60c20449c3fb27ff265c8f3c825fd1af58
src/crfid/data/tyndall.py,1002,7b559245959235ff0fe93a8d481dc4ebf134a6c1b7f5913414532d90e9c157e1
src/crfid/data/validation.py,1347,59afb553afc58e45201210c7b633705806d13fcd5c1305142eb746f3e4351637
src/crfid/domain_aware_mixup/__init__.py,210,d875369715533180700e3f57369685b85e52213bb3d27a9eb645f464d4126b2e
src/crfid/domain_aware_mixup/core.py,44730,0c3904e8fa37380cf410f3d66209bb2027a33ddcdec1659a75e85dfdc6d4fc7f
src/crfid/domain_aware_mixup/runtime.py,126885,9437da445cc3a989694f1cb10fe3cc126b934c67206cc92669533c05a3ecbd58
src/crfid/evaluation/__init__.py,163,bb089e080729b96e3bda7b481549e84a0a33c9481759deb11135df6a4a1a9eb1
src/crfid/evaluation/metrics.py,4003,62b7397d1b1fe301a6157cb21792ff12cfdb86ae89c49219fd60f975aa9cd044
src/crfid/evaluation/predictions.py,771,ebd7a8991700272dc3159f184248fd27dd7cf107d7c949a8944bdf322c44e606
src/crfid/evaluation/reporting.py,407,5f0f262f3688c6e682354ab402db1f7a752632a677e63225e77b4d68fb41b5e0
src/crfid/evaluation/summaries.py,412,087282bd95688e9f9e4a47a3c4e254fc1f8cdaed542f67fca4e1a95dabcc57a2
src/crfid/exceptions.py,1408,726bcc0977a23adcd842f3827af307aa64b580f6d4b5d5d956e2962aeaf0022d
src/crfid/external_data1/__init__.py,444,ce32c3cbd0bd61e667fdd2117861dd25bcd5e11cd363116279e50b6041783fe5
src/crfid/external_data1/aggregation.py,3137,376f0dacff23e32aca1561a10e501573d303d2f0559ddd5e4175ad0f9149785c
src/crfid/external_data1/artifacts.py,2921,f2c851d17dfd3dab5df2ab6143f7ca88291b94ec4c8e692bc8e61514f232a30e
src/crfid/external_data1/baselines.py,1930,7fd9736fc7b25b19b7c55461f2b54545e14d800188f564c9427e9d46ec1bd09e
src/crfid/external_data1/cnn_portability.py,7367,a8789a0c31d54ccf74e4f2d262ef178bb48f9abdf64807f6023304bf24ae63c3
src/crfid/external_data1/discovery.py,1656,63d3d13cf9dbbc2eff51a1295235481895631fe3b3a0e41b0ef3ce537b3be7ee
src/crfid/external_data1/frozen_manifests.py,17120,a15d025dfe7e509897417e7b48065a22ff342f25200edc9456e669e66497d290
src/crfid/external_data1/identity.py,2706,b6ee54c39be7250040b8f5d27bf48da15d0e30223771ed821b75ffadfd71c30d
src/crfid/external_data1/loader.py,3850,c3dca8714532e7c31a611a41ea007e59f27c5a059cb737f3736b88560a231fc2
src/crfid/external_data1/paths.py,3635,c1dd7bfac7798f64f090624ffbbdf4cf718bc7eb5b51c5795291088c59a7d162
src/crfid/external_data1/pca_logreg.py,4869,3923c580f45b1787960393751cdf1445b8d9c3ecaafd21a0622e963bf9d6eefe
src/crfid/external_data1/preprocessing.py,3569,2747140d76bf705833b59fcd5e7b630bf4c82205c1d0f324b394113936f72511
src/crfid/external_data1/reporting.py,1339,fb0162b09eeb3fcb8f1b81e136aca6371b0d6502d750211530f97a47890bb496
src/crfid/external_data1/schema.py,2014,8c566535d58514de7ae60ec95d6311469b0cd9d47c13cfbea4767f554175fbab
src/crfid/external_data1/splits.py,2971,1c492138de0561eba45c168afe375cc919dfe132839857cedb44ba1971a69b05
src/crfid/external_data1_ssl_strict_dg/__init__.py,1073,4b98d132c1d464d567ceac0b019808c5eb5028fb62f6fea6b0cfded8fe3a513a
src/crfid/external_data1_ssl_strict_dg/augmentations.py,5369,8e18b974645b0c0c2590f087fce2f94f78ac1befa020bd60075a881666a4c3cf
src/crfid/external_data1_ssl_strict_dg/carrier.py,4778,67d052da48f3ebe5e9a4067e107c42ec4ff5ffce25fff8c2a8e7706f5508b586
src/crfid/external_data1_ssl_strict_dg/config_validation.py,4216,79edb5b800d30aeaf6e8055c0180ce3af30a0138c94b4a827f6a8ff4c72cb912
src/crfid/external_data1_ssl_strict_dg/data1_corpus.py,5774,c74764fec84b489dad7b3d5068fe150204e7662854dca2edd56209ce1f796dfc
src/crfid/external_data1_ssl_strict_dg/figures.py,13033,0a6c200c23ee87a5d4a5788b329a67f6ada97cbbe6fd134e1078256e7c899dd2
src/crfid/external_data1_ssl_strict_dg/integrity.py,5686,8b2d1d5cf1bbda617addd801da4d5f8f5c16baafd628fb4b42ccb31bd9c23ee6
src/crfid/external_data1_ssl_strict_dg/metrics.py,5807,0daf513cc071fc7a2c2bbad7b61f26246e2bc2fcd8cbc0b691d75f92f73b6f23
src/crfid/external_data1_ssl_strict_dg/model.py,9654,6b4ac819f28f56774899bd7a1e505b24204cea92f32ad3c596dc1d8e68211224
src/crfid/external_data1_ssl_strict_dg/objectives.py,7117,accf4549503ddeddff86ff598e1b2ef56e2813a4329afa377166fd0d4d75ef32
src/crfid/external_data1_ssl_strict_dg/paths.py,3567,2b972925e77e59b995cb561af25bc41415d5bab2cd6f9fb3c69ba812136dc4aa
src/crfid/external_data1_ssl_strict_dg/pretrain.py,10229,a005e4ef8a67d3e26c899f184f017cb8e3bea0aa575bf53ee25cb29e50bc77b7
src/crfid/external_data1_ssl_strict_dg/readout.py,2654,6d55b3778a31da3c5824a06f308bc10da9791d37fffe75e926b9d12e090c2ecf
src/crfid/external_data1_ssl_strict_dg/runner.py,15612,75b72be5a6c9d12b0ce0d60e67f5413471d2ea665b37a05db1d8b843ece9ef93
src/crfid/external_data1_ssl_strict_dg/runtime.py,1632,72c7e995b0fa08d0466260b739c86bf9711b9b2622de42920294c020408f2d68
src/crfid/external_data1_ssl_strict_dg/sealed_target.py,13722,b35de93de10a19bbb64d9f0dee707190d673f60f33e4e7031a1f860e76856f5d
src/crfid/external_data1_ssl_strict_dg/source_data.py,6402,e070891d4c5b07e99558e5752a18ce3ab13a45c1a2dfd8bb731964d71f66c22e
src/crfid/external_data1_ssl_strict_dg/stages.py,93958,ecfdf9356dffa4052ed8ab1bea27d0fd9e70250a35c0f74c4a05161134b9157c
src/crfid/external_data1_ssl_strict_dg/supervised.py,9180,83c191832d5eda9b802cdec68d67ff8d47ee5e2b03cc008312fefae0df7c8a9e
src/crfid/external_data1_ssl_strict_dg/treatments.py,4534,e35548d72ca3cb92c6c0d3463406fc4e4d655cd307ab19db010780d447522871
src/crfid/few_shot/__init__.py,1078,63d234324c379b80ddbab8783c99c61c8c66c4569d13ebedaae0d9b133353039
src/crfid/few_shot/manifests.py,19201,6f067869428637a99c4bbe38f7268bfba4dbd652c60e6051e02822f46c8935cc
src/crfid/few_shot/paths.py,2771,fb74364252f1d62734125ab25399f59a5b0da8fc31dff587674a3fe5018ec349
src/crfid/few_shot/protocol.py,4320,3ad622aaf1f6de9ee831af7113664b97a7abc1c155bb79b41be4ad1c16b84faf
src/crfid/few_shot/results.py,2605,65c5ab4a6d31ab040e7a9c10a5844c8e39e29202cbff5aa90c8d31eaa822af78
src/crfid/fixed_position_grouped_validity.py,61531,8b45fa128b303f177d69f4e2a86c2fb1891361597e9931660817eb2e2926021d
src/crfid/governance/__init__.py,875,4bb84e1e9d3b0392e80b6b38f06c3348816a22ce7029272e5b628b7e71dc3555
src/crfid/governance/adaptation_integrity.py,3214,7f4cf177ce10f63a5e110618533742a785a40ea371cd6024d4fb40d6914c10e9
src/crfid/governance/claims.py,438,c697a37168a3c607cd87f07e7e88d7410f5628776f1ea75cd96e1bb352f9b2a7
src/crfid/governance/domain_access.py,1152,4303d0ff4b29752a6cf8f6cbea3e15499400d047ddfc5a62cef7432bf6a8910a
src/crfid/governance/external_claims.py,1749,2ea5ff013d2aeffb55f87ebd3eea2f8b928a6547542979306884188d3b74607a
src/crfid/governance/external_data_access.py,890,fd6a9e8cc0500b9789bfcafdda34afe6c8b65a1db502db9ffc1e30ff54270cf7
src/crfid/governance/external_integrity.py,1201,0437920e2b828b5f22d40e7de037a3e4cecf61558a66cc64025ad65f502bf77a
src/crfid/governance/external_label_access.py,5225,b4478af6718d4540dd91a01e649d3a5adf5e9026c900193fced374ab921371a1
src/crfid/governance/integrity.py,866,eec3152e37411e6938f4258053052d4392629f7d664df15551a6d5d98c2ac41b
src/crfid/governance/pre_dg_access.py,1311,476f16ad499ff082dec8da3dddaed77e44f87656f0b81ef7ed036318605a319a
src/crfid/governance/pre_dg_claims.py,753,3d6ea17237de0d364a3442030ed2e5d9cac52c11699c420d66e9daebec4ddb00
src/crfid/governance/pre_dg_integrity.py,965,7999c670de3d1e4ab446947dbd7ea98b4a310ef23a804d22ca08b9b9f869c500
src/crfid/governance/recipe_freeze.py,757,247968cac63bdf274fd15a6c50833059265c4e1e7519dcaaabab8c5de2bcf54b
src/crfid/governance/split_validation.py,879,750058a7c7bb0951bc3265e7e90e14422d977941123af84d2c5771c3eebd553d
src/crfid/governance/strict_release_manifest.py,14457,12ffbc57feb2054df48a4fd372df85820b2f2d071a434232636ac86eb8e9d885
src/crfid/governance/strict_target_authorization.py,13780,6102073fad3dccdf9daa905534f29e7613b570c35904f6abc7b561ed84d63092
src/crfid/governance/target_access.py,4313,78d7f0256f1c6fdcf129396203bfae21de2c99d7e579afb12278f63e1d2b49a5
src/crfid/groupdro_worst_source/__init__.py,176,2aeb639ad00defe7521b0353f21fd2ef5d47f399a80c1061a2e8a4a538fe6785
src/crfid/groupdro_worst_source/core.py,46361,25531a14f67b798728d005dbda9201024e1ad6baf4aa32086fe3a75dc213c3a8
src/crfid/groupdro_worst_source/runtime.py,144924,4f5a6f5d0120fd061438cfc787032cca5a61e9922c64d82573d625923cdb6993
src/crfid/irm_invariant_risk/__init__.py,205,19743ecb35dea6b3305f16be5aa6cfce020a7966b23667cc2cafa174334f18a1
src/crfid/irm_invariant_risk/core.py,39062,7cdb83c37120854ccbc38df46a8595df63e0071b0ca8fcaa2aa2a3d90e5c44d5
src/crfid/irm_invariant_risk/runtime.py,109546,e826835be7b3e0b2fd80a0b5746619db91c48f82f0a89fd673eab86f62d9c9c6
src/crfid/logging_utils.py,1225,153e71591cca9307fb0d7b6005753f105e491b9fb6e0d7591ff3d641a2b1c764
src/crfid/models/__init__.py,199,7c03cee1f83eaabafbcf68fb6257d2070fd27b6f737bab5135e8a3ac01d9d4bf
src/crfid/models/classifiers.py,920,77b21d4a27132ac95ff3625d6395758e655be2b8733c758bd5e911c9fc896d87
src/crfid/models/cnn1d.py,8744,e3bc8d0c9257dcfbea3af55c09d0bfb87a98c5b1fe5c9d6aafa93a326f3b300a
src/crfid/models/embeddings.py,741,466a3b79d8b9dea4ccfc2110ec777860eb4f1aa0bc8709f771eb38ee3ba2158b
src/crfid/models/readouts.py,3294,ba631e34996baa90c0866d7d052baed88241abe3f4be6ca66f3a31577dcabbad
src/crfid/openems/__init__.py,231,37a8fbefbb3c2e74cbcb2ac82a39026aa4e89cd93326ed2df6d15ead3bc14418
src/crfid/openems/calibration.py,489,2574ea221ffd4e5a59618f4381632128813f197d5a0c350d398ad7236882a1a3
src/crfid/openems/confirmation.py,1476,2c401dd61c719e4f112a798658da17bed0fa054af90004c45ad6895668e97f34
src/crfid/openems/geometry.py,2962,1b2ff75356fcea38857d341e51b5e16765fc427df31b92bfd240ba49c1fa593f
src/crfid/openems/redesign.py,664,57f2ad3c62a3c762fc059c246a765f1b2fbf0c9fc958b25262013624260f6539
src/crfid/openems/scoring.py,1863,4f77ed4477d5b0af1da4bee9419fe95e7fdc177aef773f68d0f4dc19c8cc5d7c
src/crfid/openems/simulation.py,779,c6543615fc983aecb466cece483de9fd9e500f31b03fe6165146fe568f0ef50a
src/crfid/preprocessing/__init__.py,198,956731d449beeedb2a09a9e22787bc004d134a102c9fd997868402a6e5ca56d5
src/crfid/preprocessing/normalization.py,1515,79e5fa96d926a5c91bc16af83ba57726b072bebb4cea698f0c0a7ccc373a7ff6
src/crfid/preprocessing/representations.py,1166,3d3401b430456364be3883182fd1534e39e559479bf625204456cb1e12bcaefa
src/crfid/preprocessing/resampling.py,1087,cefed8739a4f35b75932a54a6bda05cbf2ac5fa72fb5b0b54461045b5f2c0006
src/crfid/preprocessing/transforms.py,1017,4eccbc3715a3c4aade4a9e0677e10ebed55d902938e42c514ea28e98bde08d64
src/crfid/protocols/__init__.py,741,aa8b180191e75c8fb03dfad5d514dba9fda82278ecb004f5a08f3f75f66f5220
src/crfid/protocols/baseline.py,539,844a869b9286337250903a41b83d4eda09a2c48617ea47b93e606a69fa4cbb29
src/crfid/protocols/common.py,701,5a49c543e065ca9f7d2cf7a2519b05fad65b2715543f1986b39a98254fe8cdcd
src/crfid/protocols/external_data1.py,901,9daaaf5056ed819b6965616ecbb6bead8dfceaf02eecb9b4238d5135fb03940b
src/crfid/protocols/external_portability.py,696,8082df3e4c3d0a7dfa4602be8160ef95266f8e670b0c402f0e4e6a1b135ea3e0
src/crfid/protocols/few_shot.py,1246,f608fc0d593d7f91879c08076374da3c54d6361437c59136f450b4b77e8ee0bf
src/crfid/protocols/pre_dg.py,2003,e90074a333170e0d0e4e78343f9b808b447793793fbe289221cae3fdda587088
src/crfid/protocols/strict_dg.py,2086,1714dd8ad6a1fa62619a2b16e601f84954a9fc2d2e3c2d2d1675364b71de4aa3
src/crfid/protocols/target_assisted.py,639,7f338c1ea4e9de73ef3509c2df4303012f4abc5b3d0dc7bbf867499232103b4e
src/crfid/representation_signal_diagnostic.py,50033,d300c334d6f089beee18837032e9319221b4faf487ec3c704d5c2e572980a618
src/crfid/strict_runtime/__init__.py,177,e8389a5e41ec8375feb9c009eb8a7a53a80b7b6e8343e749dc5052133b993b13
src/crfid/strict_runtime/governance.py,678,23c418d38c263a6207e997a51e6bd73be06d6ed0a28276931a949e9232bacd13
src/crfid/strict_runtime/hashing.py,2044,b1747bc18275d2d7c5a790ce953fdd7e7a597ac03fce4debab233caf34b2893f
src/crfid/strict_runtime/neutral_data.py,9274,09a3d7e4579b63b4257f82bd4711183428e4d4675fcdad9cafd8a263d2dc6cac
src/crfid/strict_runtime/neutral_metrics.py,5210,ccb26eecc31993c3f339f174411902539b4599b34fdc018732a63b3c9e2d6471
src/crfid/strict_runtime/neutral_model.py,5266,eecf7a5a274d471892590b51e0d79b65e0fe7e13739afbe08cd51828493c6227
src/crfid/strict_runtime/paths.py,148,afe9e300579f726c83f97cb714c0abd769e78fbcae7d9ef9bc65be2b30fc3456
src/crfid/strict_runtime/phase3b_execution.py,59027,ddc65b7fa4bb8287140cd2837f7a392df968f9dcabd0dfabc5df3b479cf9b010
src/crfid/strict_runtime/phase3b_summary.py,22456,dd76cca10f32982d161cd04b1746cd74287d73440b4684ace7ada1dc23409bf3
src/crfid/strict_runtime/scale_policy.py,3182,bee7fa226c45eab2480242f9ab246eb08c22bad4df776a98637299d63b6034b1
src/crfid/strict_runtime/target_evaluation.py,28246,82413d4b44ab3eef283722738da91ca41e0061eac33c358719d5ff12b9e43b88
src/crfid/training/__init__.py,156,484bb43d072e87009b8083ce1845bc34ff8af00b0cbf17ec0062bcf5f75dff15
src/crfid/training/checkpoints.py,1248,3d39b5ed149e2e2b6399bb40b13a7dcb40a09b83a4ae1732e4ac081209ead1a0
src/crfid/training/losses.py,688,876577b73e9cfdf8f9453a00d18fb3947fc49a9123f4079f9065c65b772aae3b
src/crfid/training/optimization.py,606,a2e13b0f400836b04f03cf5ce02c18821dd6e8f92f1c7fe5ae72f62b0ed444ba
src/crfid/training/reproducibility.py,578,2d27860c8c8283b3dc769d5dc0d53f3797f9db15913da264a21256170b9fa803
src/crfid/training/trainer.py,2078,5822471d107b4c4c7ed38cbd53ec910f512cabba6d457e233dd5f8239f663a66
src/crfid/workflows/__init__.py,124,b53512deb14835bbc6122558f9cfe23ec4e834b4322f4eee4fc41bf3729db6d5
src/crfid/workflows/baseline.py,115,cce095460af0057115801f65baec122fc930f1500de1617cd77af6a5b585e912
src/crfid/workflows/common.py,1528,b9861dcf018caed7e3051a71e57afd3a09f387d4c387e3c0df02fcb8bb41c637
src/crfid/workflows/external_data1.py,46836,5d936c4afab3b364251b29ce135270b1027b35eac033da4df67778c27c16e92c
src/crfid/workflows/failure_analysis.py,987,09e962c95d6185994018d142a283ba0031358527dda9008e7f278cf8979686dc
src/crfid/workflows/few_shot.py,2221,08c672b6a15cd834908ffa3e903583b34bc8a81bfd0d5e118405b5cb06af70ef
src/crfid/workflows/openems_redesign.py,720,7a966c43cee78eb3a97129b60e2c0e0b2c4270091347487a84fbfcf728ed7ac8
src/crfid/workflows/pre_dg.py,30599,8b8d44616174d28c635489d9770288f72a55722c33ef8b2d7f25a49209e11105
src/crfid/workflows/prepare_data.py,2550,985e682ff144f3a022d850e64586523ffad80bac6516f7e4f712f4edfeb51525
src/crfid/workflows/strict_dg.py,7419,ad3fd7f1f17545fa7bc70fc7a2d777b7dc201ad687d60e23c76d1675855154f3
src/crfid/workflows/target_assisted.py,20592,54415e56a1e88033cf6131859d7534b29e3259120e2b1e0906dc65639aae1433
tests/__init__.py,1,01ba4719c80b6fe911b091a7c05124b64eeece964e09c058ef8f9805daca546b
tests/conftest.py,197,b9d7d3cb22cb7c62071bea73ecb717fe58d32b77dbbd32446203138cd69de13c
tests/external_data1/__init__.py,0,e3b0c44298fc1c149afbf4c8996fb92427ae41e4649b934ca495991b7852b855
tests/external_data1/test_frozen_branch_migration.py,11732,cf41c33a8858510a535cd86cef80d29011b506fe46f6a150da2c14c87b791863
tests/external_data1_ssl_strict_dg/__init__.py,0,e3b0c44298fc1c149afbf4c8996fb92427ae41e4649b934ca495991b7852b855
tests/external_data1_ssl_strict_dg/test_boundaries.py,21472,499da696044e65f3ac9d7893fac27dab4601581d4ff3e87889884308660d3f92
tests/few_shot/__init__.py,106,2ce16caf030b46b515691e22e22b98333a3b392c6d7cc2c1751b166275215c84
tests/few_shot/test_frozen_branch_migration.py,10422,ee03517aeb91c9a3f739783125ffd61b7694acad80dff38a67dd71cff4a6ddc8
tests/few_shot/test_leakage_boundary.py,8955,47924a0d4c5c959462eb35ce83f4b6fc3fdf7dc90c8c2574378d95590686010d
tests/few_shot/test_static_hygiene_boundary.py,4992,61eaed0baf7f6861ea254994447465bee25dcebd5666c4ac03ca70b972cdaba9
tests/integration/__init__.py,106,4e294709079326e827c09f249da9acd94d3d1af0c4719717f7479166046b281e
tests/integration/test_external_data1_synthetic.py,3594,9ccdc348845f0308453e3a97525879dd5e7db9637f33ad07e660099463f8db4f
tests/integration/test_pre_dg_synthetic.py,3431,7b18db6c0c25608aa6e68c3ae844bbe51a8bc9419f2e49dc2cb4c2e21f8c5e59
tests/protocol/__init__.py,106,2ce16caf030b46b515691e22e22b98333a3b392c6d7cc2c1751b166275215c84
tests/protocol/test_external_class_order.py,482,4f23ca0d0f8bbf39036ca936276f7c97ba7323f93d947af9ef9ff1e3e627f6af
tests/protocol/test_external_data1_governance.py,3940,987e822172eea8b12cc0ea643254f2bec6c02866e248a7d8e7d8edc0810293b7
tests/protocol/test_few_shot_isolation.py,1506,bb2dd6d998697301de17d000df76f115b68c4465c23f7e9d1ebc863905a0aaa5
tests/protocol/test_pre_dg_governance.py,4282,cd664ede1f153cfa9d915d1535aa15eba1bcbdbfc921d26a75cf04c2a7ffe200
tests/protocol/test_recipe_freeze.py,595,ce13a7e957425a4715cff77ec90599465e4ebd3b9b4d8a7f4a0647a5dfa784ae
tests/protocol/test_strict_dg_access.py,1339,42428941519cdb4493fa3b452a04dbd0834026b9b41ae2936fafa8efeb85b957
tests/protocol/test_strict_dg_complete_gates.py,2143,48403700bfdf8ee6eeacb18133aaa1bc9361999534ac0322f26127c2cc89bddf
tests/protocol/test_target_assisted_access.py,3008,6bbc08ac92780074d234b6f0b04df7bda97493c4eda6de1b676129a07e76544e
tests/real_data/__init__.py,106,4e294709079326e827c09f249da9acd94d3d1af0c4719717f7479166046b281e
tests/real_data/test_external_data1_real.py,3668,b9ab158a5cb706d22eb8964c49b261ab17b707f52aa8ab4a90dc649d443a8e73
tests/real_data/test_pre_dg_real.py,2199,abf62473e656ef5a997149826c47d9b1cd8e24a8de3c7fc6d01f890db2bbd393
tests/real_data/test_strict_dg_real.py,28351,41705f849e17de12943116384a084af2a039859c358bd60ce21fbfb32ef51d0c
tests/static/__init__.py,106,2ce16caf030b46b515691e22e22b98333a3b392c6d7cc2c1751b166275215c84
tests/static/test_no_absolute_paths.py,1640,1480dd197c685e4c19b52f05ead682242325b361da95dc97d3add9e91a4d1180
tests/static/test_no_import_side_effects.py,912,16e0ba6f959f42352afccfcf639c976f92067f31a0debdf8f7547ba4a6e29388
tests/static/test_no_legacy_names.py,2083,13794bca072e22bd6b612ceb520e6ba85a9c602f69bba40673dbc15f029f829e
tests/static/test_public_repository_boundary.py,706,a2f72e800422c8dda13f5a892896ccb58196b8bae1bf545809b5ca9b0cf01625
tests/synthetic/__init__.py,106,2ce16caf030b46b515691e22e22b98333a3b392c6d7cc2c1751b166275215c84
tests/synthetic/test_strict_dg_complete_flow.py,2303,7c333d63e7d89b11d7eda9d341d04c688b94b96765999102b40054be597f68e0
tests/synthetic/test_synthetic_forward.py,503,c3c9cdb711b03d3c602fd9b71d5e5894d5b6bdfd8f25f0da275806a9a0ebf1ea
tests/synthetic/test_synthetic_pipeline.py,1239,0b240c1922ee1536f468edd0323108031c40138086afbe04c7c49edf457e0355
tests/synthetic/test_synthetic_splits.py,553,2af7a19c63ffc7ed740ab01ce0b6e81719c4832de56e14a09d78ee6d03c43b68
tests/synthetic/test_target_assisted_complete_flow.py,2116,f8fe310e8c2bf9911e4df31a17604f30d4ce0a9a897c77df974797b10f9f10b8
tests/test_angle_distance_factorial_protocol.py,8866,8c7c6f2ff37e21369919d14f44a7e8ce82196be3eead1c50b403c9af70603561
tests/test_angle_distance_factorial_results.py,5896,3b378fb3e55d39d0eff6a76bc0cfc1743aac36b41ea75f16def624c18179c571
tests/test_dann_position_intervention_evaluation.py,4131,5face4f172674ce29f3707e913a6465cecdae11bcf2dab9d16cb56c08fe06933
tests/test_dann_position_intervention_model.py,5220,ef809d13244df75391c9934910acc5c4b4a46e5235b652a78e7fd2ca0e19e375
tests/test_dann_position_intervention_protocol.py,7113,f6681882687633bdff4706cda097a66ce89af82d0f30717b65b7b530cd4fba03
tests/test_dann_v2_evaluation.py,4588,14427ace7dfc5d07d1a44d40880741dea61e782e0ffa8ae3c0709d863494be19
tests/test_dann_v2_model.py,4612,e484a7bdee1e3325fa2d9e4bb6bd29d8b2fcb83a6beae13b111c3ed1b76dcf34
tests/test_dann_v2_protocol.py,4187,11821733851ff6ce0472dd21d91224d675bf2f58b83d37ca207b7fb80312e578
tests/test_domain_aware_mixup_contracts.py,5550,42a4474aa3f747201966422a1629987c935b09745943428598e5d960fed8ea4e
tests/test_domain_aware_mixup_core.py,11498,5ecdb90a58cb7511d96d03203beb1afd1100e253a2357b50af2f096b1e631295
tests/test_domain_aware_mixup_protocol.py,6777,398b13549f10c14fbbc184b75b68c80afc298834ba092664b78e6aff18138e21
tests/test_fixed_position_grouped_protocol.py,6749,a37c975047379f4385c7b968c4e2bbb388489ccc9e4c1946ab956f16293184fa
tests/test_fixed_position_grouped_results.py,6577,059bcdb44e1155c9f8c69019014f2c7c4e2918c719cc968f8e77b94e3ec2ce73
tests/test_groupdro_worst_source_binding.py,3411,832e72fa87ed4884ca82b27d8c40ff388babe65bf2bcf4ba1e105c2868b1f3da
tests/test_groupdro_worst_source_contracts.py,2502,32a63955da981020588fbbaee4b607d449ed569bc7d36d3cb9e763287855d1b9
tests/test_groupdro_worst_source_core.py,5035,929985b5596cf0d3e463d280b148c2444856fe5d637033416c8b9db09bfbf656
tests/test_groupdro_worst_source_protocol.py,6104,f21c683d01252d90c0ac43379a2229cc95b876711fea29322769eac35150bfd9
tests/test_irm_invariant_risk_contracts.py,2970,a57ca23f04cd8471aaa2a6067ea6b5e6608293bde42dc2e98592e12a96a334d1
tests/test_irm_invariant_risk_core.py,8114,007de7c53f576b14b5e0e22ac7cb7b7a024230f492b157f18761f68877c2ccd6
tests/test_irm_invariant_risk_protocol.py,6880,3d196079366db4e94b5affe642fe0872981e2f9a1e0c0a121616fb867bc4b2dd
tests/test_p4_encoder_finetuning.py,6112,47e2d50d98a64e9f157ccb801b68768de40654fce566e064322b1e1f6c8541ff
tests/test_p4_factor_aware_few_shot_models.py,2854,f35a26afdf6d257af0b771384ed7c48fbf7725d512c25db0699fd5e8a7161d0d
tests/test_p4_factor_aware_few_shot_protocol.py,7612,afbb7e7dda7bf97a1c7115890a1f3f5fb8a969109eb85596ac528379a67b90fe
tests/test_p4_factor_aware_few_shot_statistics.py,2946,4a5f0e9cffb995dba3cad6fca65b01030ca63392e8e10f85eebf67fe403d777e
tests/test_p4_large_calibration_curve.py,9066,73fff7b4ad8cee09e02c7082dc6890a8031ba4d05f2b7af47a0b6b04628178bb
tests/test_p4_trainable_linear_readout.py,6396,6d1d753dc826dafa8dfa068703f85a800d3fd4ff546f20a433ff1677e635d772
tests/test_public_workflow_boundaries.py,5301,0af52304870fa717a6277b9c57ffc1be50b6a40e395b9d0461de09d4e3b345cb
tests/test_representation_signal_diagnostic_protocol.py,11462,727120b932eb663594b3c19d73db1e62775687d122940d6768d3a9d3152e7c9d
tests/test_source_selection_regret_protocol.py,13771,77d974fe97460f889daf7b1192a8552676a029612035e380ed5e061c11c60555
tests/unit/__init__.py,106,2ce16caf030b46b515691e22e22b98333a3b392c6d7cc2c1751b166275215c84
tests/unit/test_config.py,1532,dc0ba9370f86812740472aced915d2caee88844354c8edbe190710d136c19fdd
tests/unit/test_data_schemas.py,640,d48143ef6f831d4499f20a0c664cf9f0a16dad646d085cabf0a70fbce14d1cda
tests/unit/test_external_data1_core.py,4428,97c3aa0fe8c457e6ff501d1ef9aec24f9b62b2fb8513d0f11a7f244b1f5cb686
tests/unit/test_metrics.py,850,abe50ef672e8d1c6b51cbb828a072c5fb4d3db6c0293f21e6037e77332a8bae5
tests/unit/test_models.py,534,85a22f4515d9f40413a11ee3da744d5c2968f464f139d140982589aa9454e5a4
tests/unit/test_normalization.py,735,226713aa8e0fbf465aae4502390c0616ddced58ae298b7c73abd5bd951caa659
tests/unit/test_pre_dg_core.py,9233,5b1fa161c0b0bde7661d8662d210732f5f3825a4039faf98a214c1965141f3b2
tests/unit/test_representations.py,632,81ebd6a826e254a14ecba40cf726898595ba664577762682e40f089f294be64e
tests/unit/test_strict_dg_complete.py,4966,d1310edeefda626c65afd721d3f723b229f89da5ec10c5aa791c724fb47e58c1
tests/unit/test_target_assisted_complete.py,3750,064917b840ff08b82659d52d91052fbec38350cc297bd452fe4247873c006108
tools/assert_environment.py,6587,aedba74895d558cdc206f95d7fab43490dc942557eeec11904e1777a92d50529
tools/check_domain_access.py,1470,7cc8c1bd541027d680fd7b6416edb71477dff876961884a5678996ad0cd50c8c
tools/check_import_safety.py,760,3aa30ac9c53740661c11b15b9097a211e1b27d77428441004f0b042739fbfc39
tools/crfid-pytest.ps1,82,977cbcf5e142df63eb581b032749243344bdd9096df615e39d4931448bec5cb2
tools/crfid-python.ps1,670,d295309e583225425889fd08abf40a77e59f99a139aeed5a89b1efdb581db866
tools/derive_groupdro_environment_dispersion.py,5403,fc71c946f879acc6c52a6bcde2c35359f25ff26d180ca6d9ddc020d1b85901a3
tools/generate_environment_report.py,1067,ca5fa2de63c0d20946b54c47dfa4bbe6918b865545ca75aa32c0773be01a12b0
tools/normalize_line_endings.py,1323,b48eb6023861d73502438bd41cd9126356d17e4f379123f01efa4e2136ab2e05
tools/run_release_tests.py,3063,8008206eb33f4624d058d7ae69c2e47f4af64ca0d3f00fea0e5de6205f33cd06
tools/scan_public_release.py,9498,169802da06a00fb34386a152c020a6edce00e594410e585d93c1e490d913763c
tools/show_environment.py,853,ae2103205b7d5bb8a2aeba4f1fc51a97aed81323658a0746e66cbd04bbb655d6
tools/validate_configs.py,2081,ed9077cdfb1aa591be4b34ffd54433d1eba1e434986dae22538087cdbc3edb1b
tools/validate_repository.py,2322,1c8596715b4cec4e472c81e287a5a5c2d6f2c4835a5b96337a188e3244363194
workflows/00_prepare_data/README.md,376,19b7416a910e8794e2aaf85b6a6c9fd511e8a6defdebfe6e881ab44cbdf508f7
workflows/00_prepare_data/run.py,284,31e9276ad15564c2a4e949303d064188d55ee62be5f85f3d80612201abadf483
workflows/01_pre_dg_baseline/README.md,817,bc9062a9e61586341424e129490b1bec4ecb3cc2643f2fc11e54b8797da6759b
workflows/01_pre_dg_baseline/run.py,951,8c39cf2c3b818930c8796e926a98fd4093494d208083e699c696428e15220f19
workflows/02_strict_source_only_dg/README.md,1355,fe66361d84ca6c4c746059ac72266b5f38959e5708237d340f992947d4f3ce86
workflows/02_strict_source_only_dg/run.py,281,6572361e31d447ee70d1ce04b34cc9d80f3772948b2048058e41572c22c3c35b
workflows/03_target_assisted_adaptation/README.md,1217,40dfa8e400c4d44ddab6d1e7ada435ce925a6f0d1b767a366d3c6d0735076df0
workflows/03_target_assisted_adaptation/run.py,2531,e7c90d9404a28abed5558e69ac6933408d8caa9d1ad96f4adc4788a8edb638e5
workflows/04_failure_mechanism_analysis/README.md,510,61822ed5e0ca519ffcb1636951d677fe960d0d8926b15ed96b1d59b5c7ab1775
workflows/04_failure_mechanism_analysis/run.py,288,b3bce44a1aaf4b78551b070a2a0b2e470f70db9d9fced14a7eff51c713a15b1b
workflows/05_external_data1_validation/README.md,781,83c547108e1f4260f909bc19ae7032bceecedd99710a4dd95410dac8b0ea6ac9
workflows/05_external_data1_validation/run.py,287,8341676fa6e2e84b9bca7f906851684234645f890ef3253e3530c23eeab006cd
workflows/05_external_data1_validation/verify_frozen_external_data1_branch.py,5126,ce41d4aaab0dd0d06daff96691a6da74e725353348acbc43e8ac8bc23eaaa923
workflows/05_few_shot_p4_adaptation/README.md,9671,a5573c98d9de565f3e1b332766941209802419577c8a09fae724f286a171b56a
workflows/05_few_shot_p4_adaptation/run.py,280,b928d5421d16242bddef1accc513c1f0c81e822e8b92b62ea11df60c985d75a8
workflows/05_few_shot_p4_adaptation/verify_external_few_shot_evidence.py,2924,d63422e4bd37446866c66f94945ffbb9872ec2248ae7ad7acb7c8b6932634577
workflows/05_few_shot_p4_adaptation/verify_frozen_few_shot_branch.py,16877,81757d10e60faac0cb03e1590fe35d2827e2d3c4ed5d52ada579cc1a55c8a380
workflows/06_external_data1_portability/README.md,258,5856391cb0805fca0c79b8b5e4d24bfd8546f1d3d2c70e19431c0f2cd834fd7d
workflows/07_openems_physical_redesign/README.md,779,cae157ba5561bd5e1e52afc05360138a00a551a85dc25593c823cbcab9911fcf
workflows/07_openems_physical_redesign/run.py,288,a0b81875d8e9ee48a24b94dcb4823ac0c57f8b48eb7cf65da3b1b3317d319c74
workflows/08_external_data1_ssl_strict_dg/README.md,2135,a0211a4d7d73f9b8a2e5b40c8bea8b16b63893bda97c5297e346e39ee84f214a
workflows/08_external_data1_ssl_strict_dg/run.py,2510,c261061823e90ff60e4ea18bee6d7662450d38d3454d2d4fbee110e638d905c5
workflows/09_fixed_position_grouped_validity/run.py,1579,04b986eb2764fe7ca9d76cf08a9092800a87299f47e8171df40b7bc92b053d67
workflows/10_angle_distance_factorial_contrast/run.py,1303,67f4b8c81d9f049cc570ed26decf830a015a2efd39793b534a7d60f77749cce7
workflows/11_p4_factor_aware_few_shot/p4_factor_aware/__init__.py,332,c5c4d485279f02cee5e843100f64787964be3ce248795eb7d875e8d811f5ae49
workflows/11_p4_factor_aware_few_shot/p4_factor_aware/artifacts.py,1669,8b306f2b7e00cb77f16c499ba9ffd2e13c4719d08a6d71f3d6e8193ebc6ad972
workflows/11_p4_factor_aware_few_shot/p4_factor_aware/bootstrap.py,5696,a5244dec20b330f1b5f4d71cccf0cd6e13fae88d12f2413e0d6c3147eb1592a9
workflows/11_p4_factor_aware_few_shot/p4_factor_aware/constants.py,5013,6db8061cba56000a4d9bc2be1c16f147f2e1c49b956af402903a7fee6cf2790a
workflows/11_p4_factor_aware_few_shot/p4_factor_aware/data.py,11186,2d515cb8a9a30d9e2fa374995315cbf62088c9a70fdc066c97c3b02eb638fcce
workflows/11_p4_factor_aware_few_shot/p4_factor_aware/historical.py,10539,10e68c74e7baf2867e64b5566d350b3ed0ae8f46b6be0818c8cbb2a407b44edc
workflows/11_p4_factor_aware_few_shot/p4_factor_aware/metrics.py,4514,ecedb77b08573ed40debc31d4752ca3da84b6098c11bbce9f89f3cb42f722c1f
workflows/11_p4_factor_aware_few_shot/p4_factor_aware/models.py,12989,8f2253b5609a0ee60382909dcf5a3e81bf1e3081632b0dffd4af1832a5349374
workflows/11_p4_factor_aware_few_shot/p4_factor_aware/protocol.py,5489,d7a413cfb6c2781a8a5f4d3f93887c8acb5d96164b3a1603a9a6940544272f45
workflows/11_p4_factor_aware_few_shot/p4_factor_aware/selection.py,6721,d21026e75ae59e01907e7e103cd2b9ca25b3cdd659e72c71975749385bcf77fd
workflows/11_p4_factor_aware_few_shot/p4_factor_aware/study.py,58732,bc842d783167090c70d72db832a14bc1376d4acdf9adc1afc641f68364b4892c
workflows/11_p4_factor_aware_few_shot/README.md,750,d0290ad522d81926abd08d8b60646cf6d56e64015e8d4a9ebb8d8e6e5c94bb67
workflows/11_p4_factor_aware_few_shot/run.py,1823,78a41583de09b79fc78e3ca6a5737d41952a5ac5d9ef99220fa49ccfd0931a75
workflows/12_p4_large_calibration_curve/p4_large_calibration/__init__.py,360,2e7d4af57ddf35dfc53dc1282b01f8290d4d26df8f5e94c0cc83be35f73ca91e
workflows/12_p4_large_calibration_curve/p4_large_calibration/constants.py,2217,f98a2b405333ef82a2759233fd204650cd87c8ace1a8d760c8a4e22544dc53fe
workflows/12_p4_large_calibration_curve/p4_large_calibration/sampling.py,8578,f5443c28e4eceb6e0426307f65247e581fb1cf033646caf521528899b7269846
workflows/12_p4_large_calibration_curve/p4_large_calibration/statistics.py,7595,3138dccf07607ca4e81cfff0fa585fe7c5fb9d395ed03361edbc98cead905879
workflows/12_p4_large_calibration_curve/p4_large_calibration/study.py,74261,d8296bcf92814e59333a5c20bc6574342ee3e750fbe53913b31294d768e15e8a
workflows/12_p4_large_calibration_curve/plot_results.py,6847,55ea94274a6b3d401b0d03791b3b1092a8febc1a5084e24b95e4997538b5943f
workflows/12_p4_large_calibration_curve/run.py,2325,ab040b33a578cb5a1e3a7ba73da031d7bef3e4a5fb579e53ad3bd04b6af54588
workflows/12_representation_signal_diagnostic/run.py,76725,b0f809c07719c3f426f73845a9158812e6369742753765cd44d2f2a91f26df63
workflows/13_p4_trainable_linear_readout/p4_linear_readout/__init__.py,168,65554bc4cd52fcdb8207bd00a320f3767c7e63576522d903ed660f732dc6c088
workflows/13_p4_trainable_linear_readout/p4_linear_readout/constants.py,6056,44baef45ad231a26a7c2b544c5da83653cc53a19a0d953d24f83d3bd4e5a59ec
workflows/13_p4_trainable_linear_readout/p4_linear_readout/linear.py,6523,bea512c71828608532a972ed785ca167cd5764d239a327e5eacbfbbdf08af21c
workflows/13_p4_trainable_linear_readout/p4_linear_readout/manifests.py,5576,dd15ccca50d9ff68541d58f67a797b8f33c3562c7a67f22e6ac178f06df9cf56
workflows/13_p4_trainable_linear_readout/p4_linear_readout/study.py,63260,c73bc08520cd408dcbbe7df29ce4d12b1b0c7545b775f70436276d0dbaf475d3
workflows/13_p4_trainable_linear_readout/plot_results.py,6474,4d713968d0bdc66b73f0164483241f87e7c2f8f38e4ea7f8f26628e5086fc5d0
workflows/13_p4_trainable_linear_readout/run.py,2144,633d0f9f36e6fa40b8da1e0a88b37b72532ae9cb0b0a152910edbc1132082c25
workflows/13_source_selection_regret/run.py,541,3586faf4c125d61e2e2b256292898cbba0d37076ced312663f33608625c918f3
workflows/13_source_selection_regret/source_selection_regret.py,77832,54b15f62af61a53586875f0dcff4c1d5fe48e51eed1468b1b9748502513af767
workflows/14_dann_position_intervention/__init__.py,65,e1cc1539535089e4f4d2ea607a3ef890d56038cd8b536f339213713024f3964e
workflows/14_dann_position_intervention/data.py,13170,adc68b55ad070a81adaca713c9a51cbf034fb261c54c2dd5e1861fab4a942ebc
workflows/14_dann_position_intervention/metrics.py,14835,c05608d6632b9760906f5f2ce3ccd9ed1f3d95893e74c787d7c043089df0ce56
workflows/14_dann_position_intervention/model.py,3590,8975acf1578449519ec653b9d23b3850c13f77eda53da1b53ec25717f493f089
workflows/14_dann_position_intervention/protocol.py,5812,f783d819cbe78b16e68d47024651858d928132f84ff8e74fe19f68c7327db545
workflows/14_dann_position_intervention/run.py,42846,9e99d8649f38f32bca3856e5eedc475560c0e92d2550087c7b265bb42ffdc8e8
workflows/14_dann_position_intervention/target.py,16891,cffccea40fa1fd39a65b192acaed8dee28a397dc12c414909689c4e4caffeff8
workflows/14_dann_position_intervention/training.py,20905,494dfb2a78dc2be888e2297c88aa4988d6b81e26b839f543a6600f88cf2b5812
workflows/14_p4_encoder_finetuning/__init__.py,57,4bd59047d50737c849ed0a30e3a8544c760d0aad83ba56234e41c52d8660271b
workflows/14_p4_encoder_finetuning/p4_encoder_ft/__init__.py,142,8760ec2957d74a3b89dc4c3024c71a375c417b78c831d98f0c782b2d1e0be1e0
workflows/14_p4_encoder_finetuning/p4_encoder_ft/constants.py,4617,f3351fa981a9009ed3bbe5626d03d913c77f087eba8e31370fb08e759b3eb711
workflows/14_p4_encoder_finetuning/p4_encoder_ft/finetune.py,11252,b5cf68587fa841b1a44cd01c46641e3e9f26b62dbf914f2a45c5373362cad91d
workflows/14_p4_encoder_finetuning/p4_encoder_ft/source_selection.py,17480,d241aa00361569fa216564ca4717a17335642880077b5c4789b0492cec6d5e29
workflows/14_p4_encoder_finetuning/p4_encoder_ft/study.py,68266,2509e89f60776df5accd422c640d7bce03cf696a22d6cc43d54e26231d0e4e7e
workflows/14_p4_encoder_finetuning/plot_results.py,4498,4f5f57c05c1e4b0a8f1799733911a41d2e041528651bc0cda848c6b85675c347
workflows/14_p4_encoder_finetuning/run.py,3815,9ba38de118999c8ab376ba50d0c2fd91d68fd170fb72f08ac15c4123b02c7735
workflows/15_groupdro_worst_source/run.py,333,7fa76a9647200bd980dba0a0890fb4473fe58e5794f645399220a629c884260e
workflows/16_irm_invariant_risk/run.py,324,9b1304dac45f9f7cfb4b8d84036f5b3e086b71705526d5c22da287c820311541
workflows/17_domain_aware_mixup/run.py,345,4d2d8a200d80c62323401be9df6eb447bec4b71250b34f83176d0de60ecd06ce
workflows/19_dann_v2/__init__.py,67,52d158999d38f17a599fea03a4b3ad9c15e6a1680fa4eb08bab420e40fdb45df
workflows/19_dann_v2/data.py,13170,5c4c541d96cb5ea513c767cd92d591b23d2d9eeb1c5df46bf377add0795afcb9
workflows/19_dann_v2/metrics.py,16294,a61a73a8395191b7fe5e116c6d91d3280030bf885926efcb1b9eb9a7afee2512
workflows/19_dann_v2/model.py,4368,159ee4bff3efdf69b797d566ee36eb43d4648b6b3aca61b848afb01b74d1bd52
workflows/19_dann_v2/protocol.py,9418,2375c179f3cad9563c92adea995e7d0f95c5c8ab8e78c40e0c9d7f3a991417a6
workflows/19_dann_v2/run.py,55980,7bda6e8a8c76af01117dbd540f222f1985cca69801412283e6f2211331f070f2
workflows/19_dann_v2/target.py,17576,ab012e1f32457f0a592f3cfc18831b08fc697ab92a121be7a05ae358aca83113
workflows/19_dann_v2/training.py,30332,c89db0b91f799bc3fa6470f287e4b0215ba3006e235baccb2f883b00a8c06cf6
workflows/README.md,3237,5683420f7a0cf9c2b98d1db6fce944b326841dc16529fe2718a9fc9dc254fa53
