pair_id,level_a,level_b,signal_position,conditional_frequency_ghz,cell_mean_db,additive_prediction_db,interaction_db
surface_x_position,A1,P1,0,5.0000000000,-54.1056644326,-55.0773963448,0.971731912211
surface_x_position,A1,P1,1,5.0107142857,-54.1448061098,-55.3406107411,1.19580463131
surface_x_position,A1,P1,2,5.0214285714,-54.0176454998,-55.4377314022,1.42008590248
surface_x_position,A1,P1,3,5.0321428571,-53.7452707091,-55.464788965,1.71951825582
surface_x_position,A1,P1,4,5.0428571429,-53.2646068988,-55.3282616987,2.06365479987
surface_x_position,A1,P1,5,5.0535714286,-52.7488620298,-55.040605123,2.29174309316
surface_x_position,A1,P1,6,5.0642857143,-52.4391896906,-54.6499824884,2.21079279774
surface_x_position,A1,P1,7,5.0750000000,-52.0856205225,-54.2817062613,2.19608573884
surface_x_position,A1,P1,8,5.0857142857,-51.9119173676,-54.2743816852,2.36246431764
surface_x_position,A1,P1,9,5.0964285714,-51.8248074465,-54.3191205488,2.49431310229
surface_x_position,A1,P1,10,5.1071428571,-51.8875541214,-54.323581351,2.43602722957
surface_x_position,A1,P1,11,5.1178571429,-52.0139117417,-54.3330238154,2.3191120737
surface_x_position,A1,P1,12,5.1285714286,-52.3067065792,-54.2372984311,1.93059185185
surface_x_position,A1,P1,13,5.1392857143,-52.3533923898,-53.9943396357,1.64094724582
surface_x_position,A1,P1,14,5.1500000000,-52.1288545117,-53.4274998199,1.29864530822
surface_x_position,A1,P1,15,5.1607142857,-51.5124952565,-52.5662955892,1.05380033275
surface_x_position,A1,P1,16,5.1714285714,-51.0599236466,-51.8406811427,0.780757496115
surface_x_position,A1,P1,17,5.1821428571,-50.4273864502,-51.0371469927,0.60976054249
surface_x_position,A1,P1,18,5.1928571429,-49.5780978906,-50.1452323639,0.567134473239
surface_x_position,A1,P1,19,5.2035714286,-48.8094637702,-49.2253119658,0.415848195605
surface_x_position,A1,P1,20,5.2142857143,-48.2002188648,-48.452729993,0.252511128163
surface_x_position,A1,P1,21,5.2250000000,-47.5827543181,-47.8115416926,0.228787374578
surface_x_position,A1,P1,22,5.2357142857,-47.0124698211,-47.2412968534,0.228827032335
surface_x_position,A1,P1,23,5.2464285714,-46.4125837182,-46.524519846,0.111936127768
surface_x_position,A1,P1,24,5.2571428571,-45.8862406996,-45.8001499249,-0.0860907746957
surface_x_position,A1,P1,25,5.2678571429,-45.2361593447,-45.0572944405,-0.178864904211
surface_x_position,A1,P1,26,5.2785714286,-44.3956816541,-44.0717215671,-0.323960086931
surface_x_position,A1,P1,27,5.2892857143,-43.2895702069,-42.9308490363,-0.358721170652
surface_x_position,A1,P1,28,5.3000000000,-41.9799900672,-41.5634460584,-0.416544008843
surface_x_position,A1,P1,29,5.3107142857,-40.6084945241,-40.1752988917,-0.433195632414
surface_x_position,A1,P1,30,5.3214285714,-39.2836917298,-38.8783607541,-0.405330975675
surface_x_position,A1,P1,31,5.3321428571,-37.8433582204,-37.621107583,-0.222250637441
surface_x_position,A1,P1,32,5.3428571429,-36.5144601701,-36.4865032117,-0.0279569584002
surface_x_position,A1,P1,33,5.3535714286,-35.5968946037,-35.7092542449,0.112359641254
surface_x_position,A1,P1,34,5.3642857143,-35.0168702993,-35.215782067,0.198911767742
surface_x_position,A1,P1,35,5.3750000000,-34.8720477244,-35.0158188801,0.143771155661
surface_x_position,A1,P1,36,5.3857142857,-35.3641479399,-35.4782381983,0.114090258414
surface_x_position,A1,P1,37,5.3964285714,-36.2757925516,-36.2831311921,0.00733864046928
surface_x_position,A1,P1,38,5.4071428571,-37.6116389491,-37.5389204434,-0.0727185056306
surface_x_position,A1,P1,39,5.4178571429,-39.4896959908,-39.2193916999,-0.27030429081
surface_x_position,A1,P1,40,5.4285714286,-41.5309219602,-40.9403752284,-0.5905467318
surface_x_position,A1,P1,41,5.4392857143,-43.6169285033,-42.8048095473,-0.812118956011
surface_x_position,A1,P1,42,5.4500000000,-45.6728207843,-44.5537838209,-1.11903696335
surface_x_position,A1,P1,43,5.4607142857,-47.7090859791,-46.3739070306,-1.33517894852
surface_x_position,A1,P1,44,5.4714285714,-48.8207727713,-47.6193420404,-1.20143073086
surface_x_position,A1,P1,45,5.4821428571,-49.724531469,-48.8154637754,-0.909067693607
surface_x_position,A1,P1,46,5.4928571429,-50.3704132,-49.6517178771,-0.718695322852
surface_x_position,A1,P1,47,5.5035714286,-51.3044277711,-50.6259745851,-0.67845318599
surface_x_position,A1,P1,48,5.5142857143,-52.1843654211,-51.6226875073,-0.561677913812
surface_x_position,A1,P1,49,5.5250000000,-53.1781700285,-52.6000768469,-0.578093181602
surface_x_position,A1,P1,50,5.5357142857,-54.0458297532,-53.4398580686,-0.605971684526
surface_x_position,A1,P1,51,5.5464285714,-54.8770596977,-54.1667033079,-0.710356389823
surface_x_position,A1,P1,52,5.5571428571,-55.3268963823,-54.6350789799,-0.691817402421
surface_x_position,A1,P1,53,5.5678571429,-56.2693890993,-55.2675043232,-1.00188477608
surface_x_position,A1,P1,54,5.5785714286,-56.719338986,-55.4389530132,-1.28038597287
surface_x_position,A1,P1,55,5.5892857143,-56.7546629174,-55.4285343625,-1.32612855495
surface_x_position,A1,P1,56,5.6000000000,-56.4604210012,-55.1468498185,-1.31357118265
surface_x_position,A1,P1,57,5.6107142857,-55.6540417382,-54.6940046398,-0.960037098404
surface_x_position,A1,P1,58,5.6214285714,-54.603854316,-54.1489531548,-0.45490116119
surface_x_position,A1,P1,59,5.6321428571,-53.9990431578,-53.8671250268,-0.131918131033
surface_x_position,A1,P1,60,5.6428571429,-53.5886490189,-53.5617948912,-0.0268541276157
surface_x_position,A1,P1,61,5.6535714286,-53.7227574818,-53.6170154993,-0.105741982464
surface_x_position,A1,P1,62,5.6642857143,-54.0365503926,-53.8673449585,-0.169205434104
surface_x_position,A1,P1,63,5.6750000000,-54.5298210978,-54.1172580116,-0.412563086236
surface_x_position,A1,P1,64,5.6857142857,-55.4678339876,-54.6600310018,-0.807802985794
surface_x_position,A1,P1,65,5.6964285714,-56.4594752538,-55.179616361,-1.27985889278
surface_x_position,A1,P1,66,5.7071428571,-56.8794049699,-55.4120603783,-1.46734459165
surface_x_position,A1,P1,67,5.7178571429,-57.4020630078,-55.7638162167,-1.63824679117
surface_x_position,A1,P1,68,5.7285714286,-57.2512703912,-55.7927437612,-1.45852662996
surface_x_position,A1,P1,69,5.7392857143,-56.5804437073,-55.7233820107,-0.857061696655
surface_x_position,A1,P1,70,5.7500000000,-55.6778200006,-55.605117101,-0.0727028996834
surface_x_position,A1,P1,71,5.7607142857,-54.578200666,-55.4608482198,0.882647553728
surface_x_position,A1,P1,72,5.7714285714,-53.7326566882,-55.6777283011,1.94507161294
surface_x_position,A1,P1,73,5.7821428571,-52.5319500212,-55.3748203748,2.8428703536
surface_x_position,A1,P1,74,5.7928571429,-51.2716505675,-54.7899226913,3.51827212382
surface_x_position,A1,P1,75,5.8035714286,-50.0532736897,-53.8885723299,3.8352986402
surface_x_position,A1,P1,76,5.8142857143,-48.9837009029,-52.7962207949,3.812519892
surface_x_position,A1,P1,77,5.8250000000,-48.1040972988,-51.6070529902,3.50295569135
surface_x_position,A1,P1,78,5.8357142857,-47.9234696394,-50.7310686453,2.80759900593
surface_x_position,A1,P1,79,5.8464285714,-47.2560974011,-49.4635394601,2.20744205896
surface_x_position,A1,P1,80,5.8571428571,-46.5778040942,-48.2984615505,1.72065745633
surface_x_position,A1,P1,81,5.8678571429,-46.315300514,-47.3648401644,1.04953965039
surface_x_position,A1,P1,82,5.8785714286,-46.3438528545,-46.7696451188,0.425792264336
surface_x_position,A1,P1,83,5.8892857143,-46.4767923338,-46.2804132959,-0.196379037888
surface_x_position,A1,P1,84,5.9000000000,-46.8735635975,-46.2377404762,-0.63582312128
surface_x_position,A1,P1,85,5.9107142857,-47.3372909339,-46.5412269035,-0.79606403044
surface_x_position,A1,P1,86,5.9214285714,-47.8188879084,-47.1462875653,-0.672600343146
surface_x_position,A1,P1,87,5.9321428571,-48.2616327961,-47.7241759991,-0.53745679699
surface_x_position,A1,P1,88,5.9428571429,-48.736877216,-48.4256003346,-0.311276881403
surface_x_position,A1,P1,89,5.9535714286,-49.0623081873,-49.0034674981,-0.0588406892469
surface_x_position,A1,P1,90,5.9642857143,-49.0216277996,-49.3100872875,0.288459487844
surface_x_position,A1,P1,91,5.9750000000,-48.4915838679,-49.3100065767,0.818422708857
surface_x_position,A1,P1,92,5.9857142857,-47.8380935704,-49.1756321588,1.33753858833
surface_x_position,A1,P1,93,5.9964285714,-46.8163745808,-48.5897387772,1.77336419633
surface_x_position,A1,P1,94,6.0071428571,-45.8946378198,-47.9666451766,2.07200735679
surface_x_position,A1,P1,95,6.0178571429,-45.1308559678,-47.271866355,2.14101038715
surface_x_position,A1,P1,96,6.0285714286,-44.6057888133,-46.6915219672,2.08573315389
surface_x_position,A1,P1,97,6.0392857143,-44.4993849421,-46.4125903901,1.91320544797
surface_x_position,A1,P1,98,6.0500000000,-44.6947455021,-46.4697593718,1.77501386972
surface_x_position,A1,P1,99,6.0607142857,-45.1832474103,-46.6041231064,1.42087569613
surface_x_position,A1,P1,100,6.0714285714,-46.0829191317,-47.2608345017,1.17791537
surface_x_position,A1,P1,101,6.0821428571,-47.0593292816,-48.1965141395,1.13718485788
surface_x_position,A1,P1,102,6.0928571429,-48.306364248,-49.2872069802,0.980842732223
surface_x_position,A1,P1,103,6.1035714286,-49.5525678927,-50.0844022596,0.531834366916
surface_x_position,A1,P1,104,6.1142857143,-50.7072728191,-50.7642467739,0.056973954794
surface_x_position,A1,P1,105,6.1250000000,-51.6634757122,-51.2973084733,-0.366167238896
surface_x_position,A1,P1,106,6.1357142857,-52.5623013307,-51.721813141,-0.840488189738
surface_x_position,A1,P1,107,6.1464285714,-52.9833555976,-51.7323276112,-1.25102798639
surface_x_position,A1,P1,108,6.1571428571,-53.0013964474,-51.7565927097,-1.2448037377
surface_x_position,A1,P1,109,6.1678571429,-52.7343011606,-51.6914729958,-1.04282816476
surface_x_position,A1,P1,110,6.1785714286,-52.6297955777,-51.7518082765,-0.877987301187
surface_x_position,A1,P1,111,6.1892857143,-52.9849297429,-52.0444043473,-0.940525395631
surface_x_position,A1,P1,112,6.2000000000,-53.3186343212,-52.1784005203,-1.14023380093
surface_x_position,A1,P1,113,6.2107142857,-53.5736443343,-52.1532856722,-1.42035866217
surface_x_position,A1,P1,114,6.2214285714,-53.7179425273,-52.3210255882,-1.3969169391
surface_x_position,A1,P1,115,6.2321428571,-53.6315864361,-52.4666273159,-1.16495912016
surface_x_position,A1,P1,116,6.2428571429,-53.7079940694,-52.5366118552,-1.17138221417
surface_x_position,A1,P1,117,6.2535714286,-53.8083732292,-52.5280217413,-1.28035148785
surface_x_position,A1,P1,118,6.2642857143,-54.0570619924,-52.733152935,-1.32390905743
surface_x_position,A1,P1,119,6.2750000000,-54.2127570264,-53.0280478516,-1.18470917483
surface_x_position,A1,P1,120,6.2857142857,-54.2804094656,-53.1638900143,-1.11651945134
surface_x_position,A1,P1,121,6.2964285714,-54.0370196581,-53.0438080494,-0.993211608656
surface_x_position,A1,P1,122,6.3071428571,-53.6051750673,-53.2005402431,-0.404634824202
surface_x_position,A1,P1,123,6.3178571429,-53.2493652761,-53.3480417235,0.0986764474169
surface_x_position,A1,P1,124,6.3285714286,-53.25630564,-53.5088445154,0.252538875384
surface_x_position,A1,P1,125,6.3392857143,-53.5941528772,-53.5467786067,-0.0473742704924
surface_x_position,A1,P1,126,6.3500000000,-53.7456787452,-53.5116537806,-0.234024964542
surface_x_position,A1,P1,127,6.3607142857,-53.5787822661,-53.3381408706,-0.240641395417
surface_x_position,A1,P1,128,6.3714285714,-53.252333789,-53.1224539636,-0.129879825444
surface_x_position,A1,P1,129,6.3821428571,-52.7086505961,-52.6815930453,-0.027057550798
surface_x_position,A1,P1,130,6.3928571429,-52.0870146262,-52.241542595,0.154527968774
surface_x_position,A1,P1,131,6.4035714286,-51.6645852222,-51.9713415183,0.306756296092
surface_x_position,A1,P1,132,6.4142857143,-51.5305022079,-51.7044032143,0.17390100647
surface_x_position,A1,P1,133,6.4250000000,-51.4987968185,-51.4311305743,-0.0676662442436
surface_x_position,A1,P1,134,6.4357142857,-51.8492820579,-51.3359139416,-0.513368116304
surface_x_position,A1,P1,135,6.4464285714,-52.422853012,-51.5266105668,-0.896242445198
surface_x_position,A1,P1,136,6.4571428571,-52.8589433393,-51.7043462281,-1.15459711123
surface_x_position,A1,P1,137,6.4678571429,-53.0828573119,-51.6351401474,-1.44771716453
surface_x_position,A1,P1,138,6.4785714286,-53.3146456743,-51.6262667998,-1.68837887454
surface_x_position,A1,P1,139,6.4892857143,-53.4857780404,-51.5980659072,-1.88771213321
surface_x_position,A1,P1,140,6.5000000000,-53.737318408,-51.8323682787,-1.90495012925
surface_x_position,A1,P1,141,6.5107142857,-53.5675287613,-51.8582119201,-1.70931684112
surface_x_position,A1,P1,142,6.5214285714,-53.0637464124,-51.5822744424,-1.48147196996
surface_x_position,A1,P1,143,6.5321428571,-52.2899439495,-51.0388040362,-1.25113991334
surface_x_position,A1,P1,144,6.5428571429,-51.5248808286,-50.6805456599,-0.844335168757
surface_x_position,A1,P1,145,6.5535714286,-50.726574373,-50.1561995978,-0.57037477521
surface_x_position,A1,P1,146,6.5642857143,-49.8082046136,-49.4415647087,-0.366639904856
surface_x_position,A1,P1,147,6.5750000000,-48.8140040802,-48.6725393564,-0.141464723746
surface_x_position,A1,P1,148,6.5857142857,-47.8974261191,-48.0545620266,0.157135907488
surface_x_position,A1,P1,149,6.5964285714,-47.3855101332,-47.7285834841,0.343073350886
surface_x_position,A1,P1,150,6.6071428571,-46.8403597515,-47.2991815445,0.458821793001
surface_x_position,A1,P1,151,6.6178571429,-46.1747595632,-46.8686556256,0.693896062366
surface_x_position,A1,P1,152,6.6285714286,-45.7768301561,-46.671700804,0.894870647969
surface_x_position,A1,P1,153,6.6392857143,-45.5366443415,-46.523998903,0.987354561436
surface_x_position,A1,P1,154,6.6500000000,-45.5176096342,-46.6001468823,1.08253724811
surface_x_position,A1,P1,155,6.6607142857,-45.4340178888,-46.6604429786,1.22642508981
surface_x_position,A1,P1,156,6.6714285714,-45.4520791836,-46.7366522162,1.2845730326
surface_x_position,A1,P1,157,6.6821428571,-45.5628853294,-46.8572391154,1.294353786
surface_x_position,A1,P1,158,6.6928571429,-45.5240909839,-46.8591775103,1.33508652639
surface_x_position,A1,P1,159,6.7035714286,-45.3587099167,-46.6748811336,1.31617121693
surface_x_position,A1,P1,160,6.7142857143,-45.3127451483,-46.5259704698,1.21322532141
surface_x_position,A1,P1,161,6.7250000000,-45.3000847634,-46.4373585422,1.13727377882
surface_x_position,A1,P1,162,6.7357142857,-45.3697396762,-46.5570849052,1.18734522899
surface_x_position,A1,P1,163,6.7464285714,-46.0143495099,-47.0745471085,1.06019759859
surface_x_position,A1,P1,164,6.7571428571,-46.7336829964,-47.6518140865,0.918131090042
surface_x_position,A1,P1,165,6.7678571429,-47.4700533738,-48.157156432,0.687103058158
surface_x_position,A1,P1,166,6.7785714286,-48.1503779252,-48.5180656198,0.367687694624
surface_x_position,A1,P1,167,6.7892857143,-48.8662003269,-48.9188586992,0.0526583722359
surface_x_position,A1,P1,168,6.8000000000,-49.5870403387,-49.4562480636,-0.130792275034
surface_x_position,A1,P1,169,6.8107142857,-50.4604604778,-50.0848570202,-0.375603457563
surface_x_position,A1,P1,170,6.8214285714,-51.1611627789,-50.5946841132,-0.566478665731
surface_x_position,A1,P1,171,6.8321428571,-51.8011391023,-50.966243973,-0.834895129275
surface_x_position,A1,P1,172,6.8428571429,-52.3105686564,-51.0465680357,-1.26400062071
surface_x_position,A1,P1,173,6.8535714286,-52.9067285621,-51.2426012951,-1.66412726702
surface_x_position,A1,P1,174,6.8642857143,-53.5418870943,-51.5260058687,-2.01588122558
surface_x_position,A1,P1,175,6.8750000000,-53.9187780489,-51.5907579122,-2.3280201367
surface_x_position,A1,P1,176,6.8857142857,-54.1712433427,-51.8214176261,-2.34982571666
surface_x_position,A1,P1,177,6.8964285714,-54.4914620132,-52.1345634626,-2.35689855066
surface_x_position,A1,P1,178,6.9071428571,-54.8024031474,-52.4058253324,-2.39657781492
surface_x_position,A1,P1,179,6.9178571429,-55.2585556834,-52.8666364505,-2.39191923285
surface_x_position,A1,P1,180,6.9285714286,-55.4202811266,-53.203055012,-2.21722611468
surface_x_position,A1,P1,181,6.9392857143,-55.4042453115,-53.5699459349,-1.83429937657
surface_x_position,A1,P1,182,6.9500000000,-55.3732873033,-54.0253407734,-1.34794652987
surface_x_position,A1,P1,183,6.9607142857,-55.2593559046,-54.2620290147,-0.997326889948
surface_x_position,A1,P1,184,6.9714285714,-55.3038117215,-54.3852883911,-0.918523330415
surface_x_position,A1,P1,185,6.9821428571,-55.4719827205,-54.4128951307,-1.05908758982
surface_x_position,A1,P1,186,6.9928571429,-55.4393477205,-54.1417003411,-1.29764737944
surface_x_position,A1,P1,187,7.0035714286,-55.4853584537,-53.9358618348,-1.54949661892
surface_x_position,A1,P1,188,7.0142857143,-55.3147848627,-53.4074143128,-1.90737054988
surface_x_position,A1,P1,189,7.0250000000,-55.0848031649,-52.8082918245,-2.2765113404
surface_x_position,A1,P1,190,7.0357142857,-54.6841685828,-52.4158827,-2.26828588282
surface_x_position,A1,P1,191,7.0464285714,-54.0374421882,-51.8198625385,-2.21757964975
surface_x_position,A1,P1,192,7.0571428571,-53.6017105514,-51.4392339489,-2.16247660254
surface_x_position,A1,P1,193,7.0678571429,-53.2071703898,-51.4263339847,-1.7808364051
surface_x_position,A1,P1,194,7.0785714286,-52.5592682893,-51.2982158985,-1.26105239081
surface_x_position,A1,P1,195,7.0892857143,-52.1405653229,-51.4212216432,-0.719343679709
surface_x_position,A1,P1,196,7.1000000000,-51.963020402,-51.6752405048,-0.287779897205
surface_x_position,A1,P1,197,7.1107142857,-51.796242859,-51.6052459013,-0.190996957634
surface_x_position,A1,P1,198,7.1214285714,-51.8970316457,-51.4808295829,-0.416202062772
surface_x_position,A1,P1,199,7.1321428571,-51.8625272443,-51.3294914489,-0.533035795423
surface_x_position,A1,P1,200,7.1428571429,-51.9867432191,-51.3911010634,-0.595642155745
surface_x_position,A1,P1,201,7.1535714286,-52.1339242745,-51.3761702647,-0.757754009859
surface_x_position,A1,P1,202,7.1642857143,-52.0781593492,-51.3032833622,-0.77487598697
surface_x_position,A1,P1,203,7.1750000000,-51.9331429988,-51.2811103607,-0.652032638032
surface_x_position,A1,P1,204,7.1857142857,-51.4392483889,-50.965081642,-0.474166746933
surface_x_position,A1,P1,205,7.1964285714,-50.7880732935,-50.3794711235,-0.408602169966
surface_x_position,A1,P1,206,7.2071428571,-50.4656457297,-50.0792802327,-0.386365497087
surface_x_position,A1,P1,207,7.2178571429,-49.9581713001,-49.5575448393,-0.400626460776
surface_x_position,A1,P1,208,7.2285714286,-49.5284262086,-48.8947787926,-0.633647416021
surface_x_position,A1,P1,209,7.2392857143,-49.3739709713,-48.4546714024,-0.919299568895
surface_x_position,A1,P1,210,7.2500000000,-49.1506867635,-47.8315515479,-1.31913521567
surface_x_position,A1,P1,211,7.2607142857,-49.3462274997,-47.4195204935,-1.92670700619
surface_x_position,A1,P1,212,7.2714285714,-49.7679239869,-47.3641395498,-2.40378443703
surface_x_position,A1,P1,213,7.2821428571,-50.0542637466,-47.563742161,-2.49052158557
surface_x_position,A1,P1,214,7.2928571429,-50.6206742847,-48.1634975649,-2.45717671978
surface_x_position,A1,P1,215,7.3035714286,-51.0598872665,-48.7324720416,-2.32741522489
surface_x_position,A1,P1,216,7.3142857143,-51.4625224533,-49.3878711928,-2.07465126048
surface_x_position,A1,P1,217,7.3250000000,-51.7836343549,-49.9570974128,-1.82653694206
surface_x_position,A1,P1,218,7.3357142857,-51.9364565606,-50.3047255294,-1.63173103122
surface_x_position,A1,P1,219,7.3464285714,-51.95849188,-50.438016222,-1.52047565805
surface_x_position,A1,P1,220,7.3571428571,-51.8723827591,-50.3874635013,-1.48491925778
surface_x_position,A1,P1,221,7.3678571429,-51.7705123712,-50.123526685,-1.64698568624
surface_x_position,A1,P1,222,7.3785714286,-51.8062593968,-49.824376131,-1.98188326577
surface_x_position,A1,P1,223,7.3892857143,-51.9918201774,-49.6092436725,-2.38257650495
surface_x_position,A1,P1,224,7.4000000000,-52.2188753997,-49.4905135978,-2.72836180192
surface_x_position,A1,P1,225,7.4107142857,-52.5870518198,-49.4613875945,-3.12566422535
surface_x_position,A1,P1,226,7.4214285714,-52.5550436513,-49.2469128764,-3.30813077492
surface_x_position,A1,P1,227,7.4321428571,-52.4087749091,-49.0497717984,-3.35900311077
surface_x_position,A1,P1,228,7.4428571429,-52.3925329203,-49.0677503506,-3.32478256971
surface_x_position,A1,P1,229,7.4535714286,-52.3129006964,-49.0861274837,-3.22677321279
surface_x_position,A1,P1,230,7.4642857143,-52.3111078134,-49.2570207432,-3.05408707017
surface_x_position,A1,P1,231,7.4750000000,-52.2237745909,-49.501888844,-2.72188574698
surface_x_position,A1,P1,232,7.4857142857,-52.1965819779,-49.8316364045,-2.36494557339
surface_x_position,A1,P1,233,7.4964285714,-52.0260762945,-49.9162589271,-2.10981736746
surface_x_position,A1,P1,234,7.5071428571,-51.8519225925,-49.899391041,-1.95253155142
surface_x_position,A1,P1,235,7.5178571429,-51.9032024573,-49.8479001668,-2.05530229044
surface_x_position,A1,P1,236,7.5285714286,-51.9428455983,-49.7247541626,-2.21809143564
surface_x_position,A1,P1,237,7.5392857143,-51.7578359952,-49.4395714476,-2.31826454759
surface_x_position,A1,P1,238,7.5500000000,-51.3276674866,-48.9370554697,-2.39061201689
surface_x_position,A1,P1,239,7.5607142857,-50.8448534383,-48.268709072,-2.57614436631
surface_x_position,A1,P1,240,7.5714285714,-50.4208595084,-47.6442327372,-2.77662677121
surface_x_position,A1,P1,241,7.5821428571,-50.23675718,-47.274939485,-2.96181769497
surface_x_position,A1,P1,242,7.5928571429,-50.1286966222,-46.9343654299,-3.19433119228
surface_x_position,A1,P1,243,7.6035714286,-50.2740253056,-46.7501463946,-3.52387891102
surface_x_position,A1,P1,244,7.6142857143,-50.4894374002,-46.7706471095,-3.71879029068
surface_x_position,A1,P1,245,7.6250000000,-50.4905455905,-46.6954586075,-3.79508698304
surface_x_position,A1,P1,246,7.6357142857,-50.3838770067,-46.6847643753,-3.69911263144
surface_x_position,A1,P1,247,7.6464285714,-49.9027351439,-46.4505474029,-3.45218774092
surface_x_position,A1,P1,248,7.6571428571,-49.1401105036,-46.0552313442,-3.08487915946
surface_x_position,A1,P1,249,7.6678571429,-48.5493489646,-45.6653562193,-2.88399274535
surface_x_position,A1,P1,250,7.6785714286,-48.1080267218,-45.4436444209,-2.66438230093
surface_x_position,A1,P1,251,7.6892857143,-47.539468972,-45.1861269285,-2.35334204352
surface_x_position,A1,P1,252,7.7000000000,-47.4081279433,-45.0722268083,-2.33590113502
surface_x_position,A1,P1,253,7.7107142857,-47.5664041556,-45.1779595785,-2.38844457713
surface_x_position,A1,P1,254,7.7214285714,-47.7250708415,-45.2841663684,-2.44090447311
surface_x_position,A1,P1,255,7.7321428571,-48.1374690284,-45.6127337731,-2.52473525528
surface_x_position,A1,P1,256,7.7428571429,-48.8213687577,-45.8629568154,-2.95841194229
surface_x_position,A1,P1,257,7.7535714286,-49.6794186204,-46.224640421,-3.45477819943
surface_x_position,A1,P1,258,7.7642857143,-50.3200811281,-46.5076254474,-3.81245568069
surface_x_position,A1,P1,259,7.7750000000,-50.6915044288,-46.6253445227,-4.06615990615
surface_x_position,A1,P1,260,7.7857142857,-50.6542345474,-46.7024679572,-3.95176659012
surface_x_position,A1,P1,261,7.7964285714,-50.5144345295,-46.5284661677,-3.98596836182
surface_x_position,A1,P1,262,7.8071428571,-50.3167729567,-46.316741391,-4.0000315657
surface_x_position,A1,P1,263,7.8178571429,-50.1333345752,-46.1713522768,-3.96198229848
surface_x_position,A1,P1,264,7.8285714286,-49.7733839372,-46.039923675,-3.73346026224
surface_x_position,A1,P1,265,7.8392857143,-49.1718821628,-46.0809031272,-3.09097903563
surface_x_position,A1,P1,266,7.8500000000,-48.6650086978,-46.0867882994,-2.57822039833
surface_x_position,A1,P1,267,7.8607142857,-47.8980865795,-45.9821126346,-1.91597394485
surface_x_position,A1,P1,268,7.8714285714,-47.1295222007,-45.7899745775,-1.33954762317
surface_x_position,A1,P1,269,7.8821428571,-46.6152449797,-45.7210652435,-0.894179736192
surface_x_position,A1,P1,270,7.8928571429,-46.2215935801,-45.6439573921,-0.577636187971
surface_x_position,A1,P1,271,7.9035714286,-45.9615077977,-45.792538903,-0.168968894674
surface_x_position,A1,P1,272,7.9142857143,-45.7508439621,-45.9893139959,0.238470033782
surface_x_position,A1,P1,273,7.9250000000,-45.5600130468,-46.228516417,0.668503370263
surface_x_position,A1,P1,274,7.9357142857,-45.4845326154,-46.4480639061,0.963531290722
surface_x_position,A1,P1,275,7.9464285714,-45.6037496223,-46.5761044212,0.972354798887
surface_x_position,A1,P1,276,7.9571428571,-45.5925978423,-46.7463538309,1.1537559886
surface_x_position,A1,P1,277,7.9678571429,-45.4459285037,-46.8271613343,1.38123283061
surface_x_position,A1,P1,278,7.9785714286,-45.406261372,-46.8553262329,1.44906486087
surface_x_position,A1,P1,279,7.9892857143,-45.4295837202,-46.9628010448,1.53321732465
surface_x_position,A1,P1,280,8.0000000000,-45.5780376372,-46.8931873829,1.3151497457
surface_x_position,A1,P2,0,5.0000000000,-49.2686632177,-50.2194488889,0.950785671202
surface_x_position,A1,P2,1,5.0107142857,-49.6155696121,-50.3485063824,0.732936770233
surface_x_position,A1,P2,2,5.0214285714,-49.8517728759,-50.361208662,0.509435786056
surface_x_position,A1,P2,3,5.0321428571,-50.1075785817,-50.3784569925,0.270878410854
surface_x_position,A1,P2,4,5.0428571429,-50.572900065,-50.398885357,-0.174014707976
surface_x_position,A1,P2,5,5.0535714286,-51.4186813397,-50.5473872528,-0.871294086867
surface_x_position,A1,P2,6,5.0642857143,-51.9634054867,-50.3990566793,-1.56434880746
surface_x_position,A1,P2,7,5.0750000000,-52.4924242368,-50.402156819,-2.09026741786
surface_x_position,A1,P2,8,5.0857142857,-53.207493367,-50.7825833105,-2.42491005642
surface_x_position,A1,P2,9,5.0964285714,-53.8255200592,-51.0922563654,-2.73326369378
surface_x_position,A1,P2,10,5.1071428571,-54.1833070773,-51.1970151858,-2.98629189159
surface_x_position,A1,P2,11,5.1178571429,-54.1539885497,-51.0331609361,-3.12082761354
surface_x_position,A1,P2,12,5.1285714286,-53.8866711675,-50.8103806052,-3.07629056226
surface_x_position,A1,P2,13,5.1392857143,-53.3872543188,-50.445772914,-2.94148140479
surface_x_position,A1,P2,14,5.1500000000,-52.6929040206,-49.8757342034,-2.81716981724
surface_x_position,A1,P2,15,5.1607142857,-51.840913574,-49.0230019618,-2.81791161215
surface_x_position,A1,P2,16,5.1714285714,-51.0421914976,-48.4014328221,-2.64075867554
surface_x_position,A1,P2,17,5.1821428571,-50.3139590704,-47.6998058486,-2.6141532218
surface_x_position,A1,P2,18,5.1928571429,-49.6317520292,-46.9504760066,-2.68127602263
surface_x_position,A1,P2,19,5.2035714286,-49.1526978121,-46.2862351712,-2.86646264094
surface_x_position,A1,P2,20,5.2142857143,-48.5033790014,-45.5760379675,-2.92734103393
surface_x_position,A1,P2,21,5.2250000000,-48.2208419715,-45.27650914,-2.94433283154
surface_x_position,A1,P2,22,5.2357142857,-47.9712276133,-45.0965312922,-2.87469632108
surface_x_position,A1,P2,23,5.2464285714,-47.4902793669,-44.6752099028,-2.81506946411
surface_x_position,A1,P2,24,5.2571428571,-46.8099674172,-44.2171400728,-2.59282734438
surface_x_position,A1,P2,25,5.2678571429,-46.0551145771,-43.8349624034,-2.22015217374
surface_x_position,A1,P2,26,5.2785714286,-45.2540592357,-43.594654263,-1.65940497263
surface_x_position,A1,P2,27,5.2892857143,-44.2949626347,-43.2929877323,-1.00197490242
surface_x_position,A1,P2,28,5.3000000000,-43.1914880144,-42.8521891651,-0.33929884931
surface_x_position,A1,P2,29,5.3107142857,-41.9938185841,-42.3603544289,0.366535844835
surface_x_position,A1,P2,30,5.3214285714,-40.969165945,-41.9669839698,0.997818024773
surface_x_position,A1,P2,31,5.3321428571,-39.9792297317,-41.4549629129,1.47573318128
surface_x_position,A1,P2,32,5.3428571429,-39.0304308855,-40.8392855624,1.80885467691
surface_x_position,A1,P2,33,5.3535714286,-38.3079735871,-40.3685487579,2.06057517079
surface_x_position,A1,P2,34,5.3642857143,-37.8302931179,-39.9725658808,2.14227276286
surface_x_position,A1,P2,35,5.3750000000,-37.7099845745,-39.7819954013,2.07201082681
surface_x_position,A1,P2,36,5.3857142857,-38.0084634948,-39.9304518651,1.92198837028
surface_x_position,A1,P2,37,5.3964285714,-38.7916534196,-40.3560995388,1.56444611922
surface_x_position,A1,P2,38,5.4071428571,-40.0513449144,-41.0779117914,1.026566877
surface_x_position,A1,P2,39,5.4178571429,-41.627199916,-41.9972868812,0.370086965185
surface_x_position,A1,P2,40,5.4285714286,-43.3771783439,-43.0165127191,-0.360665624872
surface_x_position,A1,P2,41,5.4392857143,-45.0206578384,-44.2591666606,-0.761491177841
surface_x_position,A1,P2,42,5.4500000000,-46.6646229735,-45.4931564555,-1.17146651801
surface_x_position,A1,P2,43,5.4607142857,-48.2229767818,-46.825101278,-1.3978755038
surface_x_position,A1,P2,44,5.4714285714,-49.3066221471,-47.705785893,-1.60083625408
surface_x_position,A1,P2,45,5.4821428571,-50.1553301159,-48.5652040042,-1.59012611169
surface_x_position,A1,P2,46,5.4928571429,-50.3682364381,-49.0365135581,-1.33172287999
surface_x_position,A1,P2,47,5.5035714286,-50.9003054301,-49.7058342651,-1.19447116502
surface_x_position,A1,P2,48,5.5142857143,-51.4265330836,-50.4828567339,-0.943676349719
surface_x_position,A1,P2,49,5.5250000000,-51.8218597719,-51.2221451611,-0.599714610721
surface_x_position,A1,P2,50,5.5357142857,-52.0466062539,-51.7257152559,-0.320890997988
surface_x_position,A1,P2,51,5.5464285714,-52.2877833763,-52.1688103909,-0.118972985417
surface_x_position,A1,P2,52,5.5571428571,-52.4729218545,-52.3898474338,-0.0830744207088
surface_x_position,A1,P2,53,5.5678571429,-52.7958056691,-52.8617274523,0.0659217832432
surface_x_position,A1,P2,54,5.5785714286,-52.9943719884,-53.1157808431,0.121408854665
surface_x_position,A1,P2,55,5.5892857143,-53.0703575319,-53.2405761443,0.170218612381
surface_x_position,A1,P2,56,5.6000000000,-52.9609580796,-52.9754608021,0.0145027224899
surface_x_position,A1,P2,57,5.6107142857,-52.6357279399,-52.341718802,-0.29400913783
surface_x_position,A1,P2,58,5.6214285714,-52.2593242818,-51.6100120012,-0.649312280609
surface_x_position,A1,P2,59,5.6321428571,-52.1652612871,-51.2174564933,-0.947804793766
surface_x_position,A1,P2,60,5.6428571429,-52.1586391935,-50.8992877449,-1.25935144861
surface_x_position,A1,P2,61,5.6535714286,-52.8870817402,-51.1466905822,-1.74039115796
surface_x_position,A1,P2,62,5.6642857143,-53.8072977432,-51.7406083646,-2.06668937858
surface_x_position,A1,P2,63,5.6750000000,-54.6922904252,-52.2679321779,-2.42435824729
surface_x_position,A1,P2,64,5.6857142857,-55.7950255077,-53.0194817742,-2.77554373353
surface_x_position,A1,P2,65,5.6964285714,-56.4865676007,-53.6719406153,-2.81462698531
surface_x_position,A1,P2,66,5.7071428571,-56.7397272509,-54.2212537195,-2.51847353146
surface_x_position,A1,P2,67,5.7178571429,-56.7962185567,-54.928461127,-1.86775742968
surface_x_position,A1,P2,68,5.7285714286,-56.581470315,-55.1663004046,-1.41516991035
surface_x_position,A1,P2,69,5.7392857143,-56.099865875,-55.0582340157,-1.04163185929
surface_x_position,A1,P2,70,5.7500000000,-55.1503106241,-54.5414173619,-0.608893262211
surface_x_position,A1,P2,71,5.7607142857,-54.1594641301,-53.6612388576,-0.498225272482
surface_x_position,A1,P2,72,5.7714285714,-53.2846889047,-53.077882552,-0.206806352735
surface_x_position,A1,P2,73,5.7821428571,-52.3050754941,-52.327975282,0.0228997878655
surface_x_position,A1,P2,74,5.7928571429,-51.3459855082,-51.6036406709,0.257655162667
surface_x_position,A1,P2,75,5.8035714286,-50.4953013502,-51.105264548,0.609963197821
surface_x_position,A1,P2,76,5.8142857143,-50.0024155496,-50.6370928028,0.634677253193
surface_x_position,A1,P2,77,5.8250000000,-49.6543903166,-49.963921011,0.309530694382
surface_x_position,A1,P2,78,5.8357142857,-49.7820869306,-49.7240181853,-0.0580687452766
surface_x_position,A1,P2,79,5.8464285714,-49.4524528663,-49.0900077004,-0.362445165914
surface_x_position,A1,P2,80,5.8571428571,-49.4561148852,-48.8287425758,-0.627372309427
surface_x_position,A1,P2,81,5.8678571429,-49.8517305852,-48.9439764255,-0.907754159697
surface_x_position,A1,P2,82,5.8785714286,-50.8822024532,-49.3532700738,-1.52893237942
surface_x_position,A1,P2,83,5.8892857143,-51.7841208524,-49.606150797,-2.17797005539
surface_x_position,A1,P2,84,5.9000000000,-52.9173512595,-50.0043502539,-2.9130010056
surface_x_position,A1,P2,85,5.9107142857,-53.9718717715,-50.4582099848,-3.51366178668
surface_x_position,A1,P2,86,5.9214285714,-54.7797792656,-51.079639402,-3.70013986361
surface_x_position,A1,P2,87,5.9321428571,-55.3011787929,-51.6739093807,-3.62726941225
surface_x_position,A1,P2,88,5.9428571429,-55.6898501268,-52.2806589914,-3.40919113541
surface_x_position,A1,P2,89,5.9535714286,-55.5742235535,-52.7632986588,-2.81092489471
surface_x_position,A1,P2,90,5.9642857143,-55.1621340689,-52.7690247669,-2.39310930203
surface_x_position,A1,P2,91,5.9750000000,-54.3915175998,-52.3641629314,-2.02735466843
surface_x_position,A1,P2,92,5.9857142857,-53.4496946617,-51.9258449724,-1.52384968929
surface_x_position,A1,P2,93,5.9964285714,-52.0542907941,-51.0197509801,-1.03453981397
surface_x_position,A1,P2,94,6.0071428571,-50.7449704786,-50.1595441477,-0.585426330875
surface_x_position,A1,P2,95,6.0178571429,-49.3978400581,-49.2916437331,-0.106196324976
surface_x_position,A1,P2,96,6.0285714286,-48.559487949,-48.5973723641,0.0378844151438
surface_x_position,A1,P2,97,6.0392857143,-47.865881172,-48.0658067759,0.199925603869
surface_x_position,A1,P2,98,6.0500000000,-47.6439366664,-47.9484134431,0.30447677669
surface_x_position,A1,P2,99,6.0607142857,-47.4073143795,-47.8651056935,0.457791314049
surface_x_position,A1,P2,100,6.0714285714,-47.4554548969,-48.0676669803,0.61221208348
surface_x_position,A1,P2,101,6.0821428571,-48.2680910117,-48.6545583696,0.386467357965
surface_x_position,A1,P2,102,6.0928571429,-49.5473097321,-49.462417883,-0.0848918490926
surface_x_position,A1,P2,103,6.1035714286,-50.6278759185,-50.2261335484,-0.401742370008
surface_x_position,A1,P2,104,6.1142857143,-51.4579834149,-50.8029630458,-0.655020369013
surface_x_position,A1,P2,105,6.1250000000,-51.9881039826,-51.1798771651,-0.808226817528
surface_x_position,A1,P2,106,6.1357142857,-52.3593253959,-51.7170129751,-0.642312420733
surface_x_position,A1,P2,107,6.1464285714,-52.2980365386,-51.7980326224,-0.500003916207
surface_x_position,A1,P2,108,6.1571428571,-52.0292818111,-51.7097236503,-0.319558160798
surface_x_position,A1,P2,109,6.1678571429,-51.976040515,-51.6865828173,-0.289457697723
surface_x_position,A1,P2,110,6.1785714286,-52.4094185952,-52.0420049843,-0.367413610939
surface_x_position,A1,P2,111,6.1892857143,-52.8344621055,-52.6240266255,-0.210435479994
surface_x_position,A1,P2,112,6.2000000000,-53.1560764924,-53.0547741792,-0.101302313212
surface_x_position,A1,P2,113,6.2107142857,-53.2132795048,-53.2599932302,0.0467137254264
surface_x_position,A1,P2,114,6.2214285714,-53.2353893934,-53.4657510927,0.230361699274
surface_x_position,A1,P2,115,6.2321428571,-53.8027756135,-53.8268207819,0.0240451683761
surface_x_position,A1,P2,116,6.2428571429,-54.1485889714,-54.2027444157,0.0541554442953
surface_x_position,A1,P2,117,6.2535714286,-54.2305954658,-54.4869932878,0.25639782207
surface_x_position,A1,P2,118,6.2642857143,-54.0596352419,-54.6380369981,0.578401756219
surface_x_position,A1,P2,119,6.2750000000,-53.8887726904,-54.7340727891,0.845300098736
surface_x_position,A1,P2,120,6.2857142857,-53.4964550142,-54.9334468564,1.43699184223
surface_x_position,A1,P2,121,6.2964285714,-52.8911990698,-54.6550679936,1.76386892377
surface_x_position,A1,P2,122,6.3071428571,-52.5870823955,-54.4640711515,1.87698875598
surface_x_position,A1,P2,123,6.3178571429,-52.9008682463,-54.4517783749,1.55091012865
surface_x_position,A1,P2,124,6.3285714286,-53.4219039531,-54.6870904819,1.2651865288
surface_x_position,A1,P2,125,6.3392857143,-53.6633763459,-54.8068484823,1.14347213638
surface_x_position,A1,P2,126,6.3500000000,-53.9021143902,-54.8590366069,0.956922216735
surface_x_position,A1,P2,127,6.3607142857,-53.7100611498,-54.7554997364,1.04543858658
surface_x_position,A1,P2,128,6.3714285714,-53.384361263,-54.6212715591,1.23691029613
surface_x_position,A1,P2,129,6.3821428571,-52.9783254397,-54.3828649101,1.4045394704
surface_x_position,A1,P2,130,6.3928571429,-53.0252811964,-54.4210664788,1.39578528243
surface_x_position,A1,P2,131,6.4035714286,-53.3944973772,-54.7158504316,1.32135305445
surface_x_position,A1,P2,132,6.4142857143,-53.7837789599,-54.8762436599,1.09246470001
surface_x_position,A1,P2,133,6.4250000000,-54.1819948637,-54.9937104723,0.811715608532
surface_x_position,A1,P2,134,6.4357142857,-54.6292292856,-55.3790908651,0.749861579508
surface_x_position,A1,P2,135,6.4464285714,-55.4014672174,-55.8034658536,0.401998636209
surface_x_position,A1,P2,136,6.4571428571,-56.0819240818,-56.041942079,-0.0399820028224
surface_x_position,A1,P2,137,6.4678571429,-56.4053361375,-55.9570517284,-0.448284409179
surface_x_position,A1,P2,138,6.4785714286,-56.5752909265,-55.9817681527,-0.59352277385
surface_x_position,A1,P2,139,6.4892857143,-56.6314965526,-55.9246950224,-0.706801530261
surface_x_position,A1,P2,140,6.5000000000,-56.8168276803,-56.1180822681,-0.698745412182
surface_x_position,A1,P2,141,6.5107142857,-56.4063376835,-55.8933160948,-0.513021588708
surface_x_position,A1,P2,142,6.5214285714,-55.6126827527,-55.3678960905,-0.244786662278
surface_x_position,A1,P2,143,6.5321428571,-54.4629593119,-54.5356886899,0.0727293779955
surface_x_position,A1,P2,144,6.5428571429,-53.9150957187,-54.0824222609,0.167326542163
surface_x_position,A1,P2,145,6.5535714286,-53.1826716115,-53.5079968575,0.325325245997
surface_x_position,A1,P2,146,6.5642857143,-52.2492674956,-52.7012710663,0.452003570694
surface_x_position,A1,P2,147,6.5750000000,-51.3912866619,-51.9968426678,0.605556005869
surface_x_position,A1,P2,148,6.5857142857,-50.9835642771,-51.4793465597,0.495782282641
surface_x_position,A1,P2,149,6.5964285714,-50.9100067396,-51.2189859051,0.308979165522
surface_x_position,A1,P2,150,6.6071428571,-50.6217630086,-50.8668912518,0.245128243191
surface_x_position,A1,P2,151,6.6178571429,-50.2508488374,-50.5330728413,0.282224003933
surface_x_position,A1,P2,152,6.6285714286,-50.1514733976,-50.508006077,0.356532679407
surface_x_position,A1,P2,153,6.6392857143,-50.2409341157,-50.518060886,0.277126770261
surface_x_position,A1,P2,154,6.6500000000,-50.4171581349,-50.6716509316,0.254492796716
surface_x_position,A1,P2,155,6.6607142857,-50.3464334539,-50.6652492915,0.318815837548
surface_x_position,A1,P2,156,6.6714285714,-50.1382036646,-50.6068284718,0.4686248072
surface_x_position,A1,P2,157,6.6821428571,-49.816439602,-50.4931670904,0.676727488432
surface_x_position,A1,P2,158,6.6928571429,-49.5792002813,-50.4003558187,0.82115553737
surface_x_position,A1,P2,159,6.7035714286,-49.2763461324,-50.1084483531,0.832102220751
surface_x_position,A1,P2,160,6.7142857143,-48.9029179688,-49.8688702034,0.965952234563
surface_x_position,A1,P2,161,6.7250000000,-48.5529706847,-49.5989133968,1.04594271209
surface_x_position,A1,P2,162,6.7357142857,-48.6107014308,-49.6091732347,0.998471803918
surface_x_position,A1,P2,163,6.7464285714,-48.8946950093,-49.8179872044,0.923292195115
surface_x_position,A1,P2,164,6.7571428571,-49.2631039795,-49.9910414599,0.727937480425
surface_x_position,A1,P2,165,6.7678571429,-49.5307795851,-50.046157442,0.515377856942
surface_x_position,A1,P2,166,6.7785714286,-49.5752901349,-49.9399030623,0.364612927445
surface_x_position,A1,P2,167,6.7892857143,-49.6130406889,-49.7323714714,0.119330782442
surface_x_position,A1,P2,168,6.8000000000,-49.5650230845,-49.5295784729,-0.0354446115982
surface_x_position,A1,P2,169,6.8107142857,-49.4364278981,-49.4885384019,0.0521105037778
surface_x_position,A1,P2,170,6.8214285714,-49.1917170793,-49.3580010841,0.166284004767
surface_x_position,A1,P2,171,6.8321428571,-48.7815112271,-49.1289836908,0.347472463678
surface_x_position,A1,P2,172,6.8428571429,-48.2700299188,-48.7802724659,0.510242547107
surface_x_position,A1,P2,173,6.8535714286,-47.9669832564,-48.6843659744,0.717382718014
surface_x_position,A1,P2,174,6.8642857143,-47.7283989704,-48.7195290242,0.991130053823
surface_x_position,A1,P2,175,6.8750000000,-47.4282691567,-48.6998973327,1.27162817594
surface_x_position,A1,P2,176,6.8857142857,-47.4881529853,-49.0719219871,1.58376900178
surface_x_position,A1,P2,177,6.8964285714,-47.5962856499,-49.3722962314,1.77601058148
surface_x_position,A1,P2,178,6.9071428571,-47.8216794279,-49.7745816858,1.95290225788
surface_x_position,A1,P2,179,6.9178571429,-48.0593184818,-50.3078359426,2.24851746083
surface_x_position,A1,P2,180,6.9285714286,-48.3853237392,-50.7339762401,2.34865250089
surface_x_position,A1,P2,181,6.9392857143,-48.6614897255,-51.0256642691,2.36417454368
surface_x_position,A1,P2,182,6.9500000000,-48.876025861,-51.4218583527,2.54583249173
surface_x_position,A1,P2,183,6.9607142857,-48.8674482097,-51.7867288376,2.91928062786
surface_x_position,A1,P2,184,6.9714285714,-49.0110811793,-52.2186041321,3.20752295287
surface_x_position,A1,P2,185,6.9821428571,-49.2300161087,-52.5376196381,3.30760352945
surface_x_position,A1,P2,186,6.9928571429,-49.4410025851,-52.637297851,3.19629526589
surface_x_position,A1,P2,187,7.0035714286,-49.8157328204,-52.8003902394,2.98465741895
surface_x_position,A1,P2,188,7.0142857143,-50.0206481766,-52.6378222401,2.61717406352
surface_x_position,A1,P2,189,7.0250000000,-50.0309194167,-52.258299993,2.22738057626
surface_x_position,A1,P2,190,7.0357142857,-50.0194842798,-51.9517503312,1.93226605138
surface_x_position,A1,P2,191,7.0464285714,-49.6270870758,-51.3463431543,1.7192560785
surface_x_position,A1,P2,192,7.0571428571,-49.1192903803,-50.7225933269,1.6033029466
surface_x_position,A1,P2,193,7.0678571429,-48.7092734833,-50.2533564744,1.54408299103
surface_x_position,A1,P2,194,7.0785714286,-48.3757699656,-49.8513858584,1.4756158928
surface_x_position,A1,P2,195,7.0892857143,-48.1343826272,-49.6696196384,1.53523701116
surface_x_position,A1,P2,196,7.1000000000,-47.8258422889,-49.6597769202,1.8339346313
surface_x_position,A1,P2,197,7.1107142857,-47.6257185906,-49.6258184326,2.000099842
surface_x_position,A1,P2,198,7.1214285714,-47.7231167471,-49.6933521711,1.97023542396
surface_x_position,A1,P2,199,7.1321428571,-47.9170580557,-49.6984926594,1.78143460366
surface_x_position,A1,P2,200,7.1428571429,-47.9771932295,-49.6598273068,1.68263407736
surface_x_position,A1,P2,201,7.1535714286,-48.1880526079,-49.6310072451,1.44295463721
surface_x_position,A1,P2,202,7.1642857143,-48.4671080923,-49.7064884221,1.23938032976
surface_x_position,A1,P2,203,7.1750000000,-48.7295784784,-49.7982515852,1.06867310683
surface_x_position,A1,P2,204,7.1857142857,-48.9016263939,-49.8115102791,0.90988388512
surface_x_position,A1,P2,205,7.1964285714,-48.7104236749,-49.4365150422,0.726091367259
surface_x_position,A1,P2,206,7.2071428571,-48.5081604273,-49.1660469949,0.657886567548
surface_x_position,A1,P2,207,7.2178571429,-48.21506473,-48.6970863001,0.482021570054
surface_x_position,A1,P2,208,7.2285714286,-47.8641986033,-48.2112738533,0.347075250048
surface_x_position,A1,P2,209,7.2392857143,-47.6768552193,-47.7798693419,0.103014122647
surface_x_position,A1,P2,210,7.2500000000,-47.3675344269,-47.2373274481,-0.130206978776
surface_x_position,A1,P2,211,7.2607142857,-47.389111391,-47.001488098,-0.387623292999
surface_x_position,A1,P2,212,7.2714285714,-47.4739721715,-47.000491741,-0.4734804305
surface_x_position,A1,P2,213,7.2821428571,-47.5538997521,-47.1814432014,-0.372456550705
surface_x_position,A1,P2,214,7.2928571429,-47.5499219209,-47.3752487946,-0.174673126342
surface_x_position,A1,P2,215,7.3035714286,-47.7846292065,-47.8185324415,0.0339032349073
surface_x_position,A1,P2,216,7.3142857143,-48.0822831495,-48.3927246404,0.310441490978
surface_x_position,A1,P2,217,7.3250000000,-48.3799427812,-49.0058508163,0.625908035123
surface_x_position,A1,P2,218,7.3357142857,-48.5851969168,-49.4203699118,0.835172994973
surface_x_position,A1,P2,219,7.3464285714,-48.6140535789,-49.698273371,1.08421979211
surface_x_position,A1,P2,220,7.3571428571,-48.5696093384,-49.8590080496,1.28939871121
surface_x_position,A1,P2,221,7.3678571429,-48.4041708769,-49.7263923596,1.32222148269
surface_x_position,A1,P2,222,7.3785714286,-48.2711394757,-49.6310819194,1.35994244375
surface_x_position,A1,P2,223,7.3892857143,-48.3357754192,-49.6916664864,1.35589106718
surface_x_position,A1,P2,224,7.4000000000,-48.5524904922,-50.0068502992,1.45435980696
surface_x_position,A1,P2,225,7.4107142857,-48.8524862596,-50.421136807,1.56865054737
surface_x_position,A1,P2,226,7.4214285714,-48.9829330972,-50.5888141405,1.60588104329
surface_x_position,A1,P2,227,7.4321428571,-49.0243971696,-50.6219751175,1.5975779479
surface_x_position,A1,P2,228,7.4428571429,-49.0552243789,-50.5551339852,1.49990960631
surface_x_position,A1,P2,229,7.4535714286,-49.1348353603,-50.5309749458,1.3961395855
surface_x_position,A1,P2,230,7.4642857143,-49.3452749044,-50.6322760111,1.28700110666
surface_x_position,A1,P2,231,7.4750000000,-49.6470370208,-50.8262288358,1.17919181505
surface_x_position,A1,P2,232,7.4857142857,-49.9925859503,-51.1492249036,1.15663895335
surface_x_position,A1,P2,233,7.4964285714,-50.199767098,-51.4367619753,1.23699487733
surface_x_position,A1,P2,234,7.5071428571,-50.214553085,-51.4597394295,1.24518634451
surface_x_position,A1,P2,235,7.5178571429,-49.9887225522,-51.3003093356,1.31158678346
surface_x_position,A1,P2,236,7.5285714286,-49.581088499,-51.0580693364,1.47698083741
surface_x_position,A1,P2,237,7.5392857143,-49.1173706551,-50.7108018437,1.59343118863
surface_x_position,A1,P2,238,7.5500000000,-48.4314298369,-50.1409090634,1.70947922654
surface_x_position,A1,P2,239,7.5607142857,-47.7007751767,-49.3755467142,1.67477153747
surface_x_position,A1,P2,240,7.5714285714,-46.9767391282,-48.573025974,1.59628684586
surface_x_position,A1,P2,241,7.5821428571,-46.6017183219,-48.0841055054,1.48238718344
surface_x_position,A1,P2,242,7.5928571429,-46.2812390856,-47.6360995068,1.35486042118
surface_x_position,A1,P2,243,7.6035714286,-46.1373848606,-47.4567021855,1.31931732484
surface_x_position,A1,P2,244,7.6142857143,-46.5196698163,-47.7219300627,1.20226024646
surface_x_position,A1,P2,245,7.6250000000,-46.9506878028,-48.0323386867,1.08165088388
surface_x_position,A1,P2,246,7.6357142857,-47.410592898,-48.4960732794,1.08548038141
surface_x_position,A1,P2,247,7.6464285714,-47.812380432,-48.7554144959,0.943034063939
surface_x_position,A1,P2,248,7.6571428571,-47.9952868516,-48.7999248823,0.804638030715
surface_x_position,A1,P2,249,7.6678571429,-47.9108636726,-48.5912137844,0.680350111718
surface_x_position,A1,P2,250,7.6785714286,-47.6301337888,-48.2957351953,0.665601406465
surface_x_position,A1,P2,251,7.6892857143,-47.3355969562,-48.1561000457,0.820503089482
surface_x_position,A1,P2,252,7.7000000000,-46.8807959282,-48.0896128082,1.20881687998
surface_x_position,A1,P2,253,7.7107142857,-46.6811648997,-48.3945020128,1.71333711304
surface_x_position,A1,P2,254,7.7214285714,-46.4252940256,-48.6327173129,2.20742328736
surface_x_position,A1,P2,255,7.7321428571,-46.30885476,-48.9419794798,2.63312471974
surface_x_position,A1,P2,256,7.7428571429,-46.1086385191,-49.0725561396,2.96391762057
surface_x_position,A1,P2,257,7.7535714286,-45.9382357335,-49.2398284049,3.30159267146
surface_x_position,A1,P2,258,7.7642857143,-45.9624993533,-49.2854227763,3.32292342301
surface_x_position,A1,P2,259,7.7750000000,-45.90647511,-49.1928855337,3.28641042374
surface_x_position,A1,P2,260,7.7857142857,-45.8956167217,-49.134788776,3.23917205434
surface_x_position,A1,P2,261,7.7964285714,-45.9806926102,-49.148300974,3.16760836387
surface_x_position,A1,P2,262,7.8071428571,-46.0525891195,-49.0461247743,2.99353565483
surface_x_position,A1,P2,263,7.8178571429,-46.4569123056,-49.1260292555,2.66911694983
surface_x_position,A1,P2,264,7.8285714286,-47.0452392443,-49.3107581803,2.265518936
surface_x_position,A1,P2,265,7.8392857143,-47.9154653543,-49.9645250998,2.04905974552
surface_x_position,A1,P2,266,7.8500000000,-48.6805892798,-50.5761036215,1.89551434166
surface_x_position,A1,P2,267,7.8607142857,-49.4460238776,-51.2637339102,1.81771003259
surface_x_position,A1,P2,268,7.8714285714,-49.9009475494,-51.6763503111,1.77540276166
surface_x_position,A1,P2,269,7.8821428571,-50.1855518127,-52.0158402725,1.83028845974
surface_x_position,A1,P2,270,7.8928571429,-50.4009980907,-52.2254678224,1.82446973166
surface_x_position,A1,P2,271,7.9035714286,-50.522007272,-52.3687343669,1.8467270949
surface_x_position,A1,P2,272,7.9142857143,-50.6745388464,-52.3006449044,1.626106058
surface_x_position,A1,P2,273,7.9250000000,-50.8529576934,-52.2372237014,1.384266008
surface_x_position,A1,P2,274,7.9357142857,-50.7952221745,-52.088901713,1.29367953854
surface_x_position,A1,P2,275,7.9464285714,-50.7794395215,-51.9660920618,1.18665254037
surface_x_position,A1,P2,276,7.9571428571,-50.8973901041,-51.7356534995,0.838263395405
surface_x_position,A1,P2,277,7.9678571429,-51.0730405885,-51.6589842453,0.58594365683
surface_x_position,A1,P2,278,7.9785714286,-51.1561109869,-51.4201968755,0.264085888567
surface_x_position,A1,P2,279,7.9892857143,-51.2524845765,-51.3288819947,0.0763974182425
surface_x_position,A1,P2,280,8.0000000000,-51.1850195407,-51.1940834865,0.00906394582469
surface_x_position,A1,P3,0,5.0000000000,-63.1021861387,-61.1796685553,-1.92251758341
surface_x_position,A1,P3,1,5.0107142857,-62.8110355598,-60.8822941582,-1.92874140154
surface_x_position,A1,P3,2,5.0214285714,-62.270438728,-60.3409170395,-1.92952168853
surface_x_position,A1,P3,3,5.0321428571,-61.9434177873,-59.9530211206,-1.99039666667
surface_x_position,A1,P3,4,5.0428571429,-61.9683408702,-60.0787007783,-1.8896400919
surface_x_position,A1,P3,5,5.0535714286,-61.7358405403,-60.315391534,-1.42044900629
surface_x_position,A1,P3,6,5.0642857143,-60.8750936262,-60.2286496359,-0.646443990279
surface_x_position,A1,P3,7,5.0750000000,-60.4901636695,-60.3843453486,-0.105818320979
surface_x_position,A1,P3,8,5.0857142857,-60.8268632626,-60.8893090014,0.0624457387753
surface_x_position,A1,P3,9,5.0964285714,-61.1954608335,-61.434411425,0.23895059149
surface_x_position,A1,P3,10,5.1071428571,-61.4183937568,-61.9686584188,0.550264662021
surface_x_position,A1,P3,11,5.1178571429,-61.7075404073,-62.5092559472,0.801715539843
surface_x_position,A1,P3,12,5.1285714286,-61.70956751,-62.8552662204,1.14569871041
surface_x_position,A1,P3,13,5.1392857143,-61.6287033221,-62.929237481,1.30053415897
surface_x_position,A1,P3,14,5.1500000000,-61.1035275226,-62.6220520316,1.51852450902
surface_x_position,A1,P3,15,5.1607142857,-60.1870732544,-61.9511845338,1.76411127939
surface_x_position,A1,P3,16,5.1714285714,-59.4695055926,-61.3295067721,1.86000117943
surface_x_position,A1,P3,17,5.1821428571,-58.7805809033,-60.7849735826,2.00439267931
surface_x_position,A1,P3,18,5.1928571429,-58.2398205999,-60.3539621493,2.11414154939
surface_x_position,A1,P3,19,5.2035714286,-57.3454291021,-59.7960435475,2.45061444534
surface_x_position,A1,P3,20,5.2142857143,-56.4311645112,-59.105994417,2.67482990577
surface_x_position,A1,P3,21,5.2250000000,-55.7536627912,-58.4692082482,2.71554545696
surface_x_position,A1,P3,22,5.2357142857,-55.1614544551,-57.8073237438,2.64586928875
surface_x_position,A1,P3,23,5.2464285714,-54.2715838926,-56.974717229,2.70313333634
surface_x_position,A1,P3,24,5.2571428571,-53.229022502,-55.9079406211,2.67891811907
surface_x_position,A1,P3,25,5.2678571429,-52.6066066049,-55.0056236829,2.39901707795
surface_x_position,A1,P3,26,5.2785714286,-52.062238152,-54.0456032115,1.98336505956
surface_x_position,A1,P3,27,5.2892857143,-51.4560111356,-52.8167072087,1.36069607307
surface_x_position,A1,P3,28,5.3000000000,-50.6470026414,-51.4028454996,0.755842858153
surface_x_position,A1,P3,29,5.3107142857,-49.730854783,-49.7975145705,0.0666597875789
surface_x_position,A1,P3,30,5.3214285714,-49.1079395875,-48.5154525384,-0.592487049098
surface_x_position,A1,P3,31,5.3321428571,-48.5131879201,-47.2597053763,-1.25348254384
surface_x_position,A1,P3,32,5.3428571429,-47.781812207,-46.0009144885,-1.78089771851
surface_x_position,A1,P3,33,5.3535714286,-47.1225118094,-44.9495769973,-2.17293481205
surface_x_position,A1,P3,34,5.3642857143,-46.3916780508,-44.0504935202,-2.3411845306
surface_x_position,A1,P3,35,5.3750000000,-45.7158964423,-43.5001144599,-2.21578198247
surface_x_position,A1,P3,36,5.3857142857,-45.5536817293,-43.5176031006,-2.0360786287
surface_x_position,A1,P3,37,5.3964285714,-45.7210465057,-44.149261746,-1.57178475969
surface_x_position,A1,P3,38,5.4071428571,-46.1878367927,-45.2339884213,-0.953848371374
surface_x_position,A1,P3,39,5.4178571429,-46.9882290511,-46.8884463767,-0.0997826743754
surface_x_position,A1,P3,40,5.4285714286,-47.6515561847,-48.6027685414,0.951212356672
surface_x_position,A1,P3,41,5.4392857143,-48.5516963643,-50.1253064982,1.57361013385
surface_x_position,A1,P3,42,5.4500000000,-49.4339909009,-51.7244943822,2.29050348135
surface_x_position,A1,P3,43,5.4607142857,-50.1861752192,-52.9192296715,2.73305445232
surface_x_position,A1,P3,44,5.4714285714,-50.8944237359,-53.6966907208,2.80226698494
surface_x_position,A1,P3,45,5.4821428571,-51.9051006196,-54.4042944249,2.49919380529
surface_x_position,A1,P3,46,5.4928571429,-52.6900932169,-54.7405114197,2.05041820284
surface_x_position,A1,P3,47,5.5035714286,-53.2766851858,-55.1496095368,1.872924351
surface_x_position,A1,P3,48,5.5142857143,-54.0283928541,-55.5337471177,1.50535426353
surface_x_position,A1,P3,49,5.5250000000,-54.8628030222,-56.0406108146,1.17780779232
surface_x_position,A1,P3,50,5.5357142857,-55.7460844741,-56.6729471566,0.926862682515
surface_x_position,A1,P3,51,5.5464285714,-56.7013488965,-57.5306782717,0.82932937524
surface_x_position,A1,P3,52,5.5571428571,-57.3122021994,-58.0870940225,0.77489182313
surface_x_position,A1,P3,53,5.5678571429,-58.0777777355,-59.0137407284,0.935962992839
surface_x_position,A1,P3,54,5.5785714286,-58.406489795,-59.5654669132,1.1589771182
surface_x_position,A1,P3,55,5.5892857143,-58.6265590454,-59.7824689879,1.15590994257
surface_x_position,A1,P3,56,5.6000000000,-58.5227685302,-59.8218369904,1.29906846016
surface_x_position,A1,P3,57,5.6107142857,-57.8320329657,-59.0860792019,1.25404623623
surface_x_position,A1,P3,58,5.6214285714,-57.1739629687,-58.2781764105,1.1042134418
surface_x_position,A1,P3,59,5.6321428571,-56.5636408513,-57.6433637761,1.0797229248
surface_x_position,A1,P3,60,5.6428571429,-55.6136123934,-56.8998179697,1.28620557622
surface_x_position,A1,P3,61,5.6535714286,-54.596922849,-56.4430559895,1.84613314042
surface_x_position,A1,P3,62,5.6642857143,-53.8872445902,-56.1231394029,2.23589481268
surface_x_position,A1,P3,63,5.6750000000,-53.1348293904,-55.971750724,2.83692133353
surface_x_position,A1,P3,64,5.6857142857,-52.4723647053,-56.0557114246,3.58334671933
surface_x_position,A1,P3,65,5.6964285714,-51.9647553172,-56.0592411953,4.09448587809
surface_x_position,A1,P3,66,5.7071428571,-52.2521087815,-56.2379269047,3.98581812312
surface_x_position,A1,P3,67,5.7178571429,-53.4645223925,-56.9705266134,3.50600422084
surface_x_position,A1,P3,68,5.7285714286,-54.688340785,-57.5620373253,2.87369654031
surface_x_position,A1,P3,69,5.7392857143,-56.4372191101,-58.335912666,1.89869355594
surface_x_position,A1,P3,70,5.7500000000,-58.39075986,-59.0723560219,0.681596161895
surface_x_position,A1,P3,71,5.7607142857,-60.2254097315,-59.8409874503,-0.384422281246
surface_x_position,A1,P3,72,5.7714285714,-62.7096439318,-60.9713786716,-1.73826526021
surface_x_position,A1,P3,73,5.7821428571,-64.3236971323,-61.4579269909,-2.86577014147
surface_x_position,A1,P3,74,5.7928571429,-65.3887881041,-61.6128608177,-3.77592728649
surface_x_position,A1,P3,75,5.8035714286,-65.7256932542,-61.2804314162,-4.44526183803
surface_x_position,A1,P3,76,5.8142857143,-65.2760548426,-60.8288576974,-4.44719714519
surface_x_position,A1,P3,77,5.8250000000,-63.9706084385,-60.1581220528,-3.81248638573
surface_x_position,A1,P3,78,5.8357142857,-62.1601263125,-59.4105960518,-2.74953026065
surface_x_position,A1,P3,79,5.8464285714,-60.2155642742,-58.3705673811,-1.84499689305
surface_x_position,A1,P3,80,5.8571428571,-58.8479773647,-57.7546922178,-1.0932851469
surface_x_position,A1,P3,81,5.8678571429,-57.5709598677,-57.429174377,-0.141785490695
surface_x_position,A1,P3,82,5.8785714286,-56.1513812137,-57.2545213288,1.10314011508
surface_x_position,A1,P3,83,5.8892857143,-54.7982214523,-57.1725705456,2.37434909328
surface_x_position,A1,P3,84,5.9000000000,-53.7787345813,-57.3275587081,3.54882412688
surface_x_position,A1,P3,85,5.9107142857,-53.6147796654,-57.9245054826,4.30972581712
surface_x_position,A1,P3,86,5.9214285714,-54.2611604069,-58.6339006137,4.37274020675
surface_x_position,A1,P3,87,5.9321428571,-54.9099642833,-59.0746904926,4.16472620924
surface_x_position,A1,P3,88,5.9428571429,-55.683242698,-59.4037107148,3.72046801681
surface_x_position,A1,P3,89,5.9535714286,-56.8842307368,-59.7539963208,2.86976558396
surface_x_position,A1,P3,90,5.9642857143,-57.8613564639,-59.9660062781,2.10464981418
surface_x_position,A1,P3,91,5.9750000000,-58.5641398554,-59.773071815,1.20893195957
surface_x_position,A1,P3,92,5.9857142857,-59.1032714216,-59.2895825226,0.186311100957
surface_x_position,A1,P3,93,5.9964285714,-59.2610952641,-58.5222708817,-0.738824382366
surface_x_position,A1,P3,94,6.0071428571,-59.1038241036,-57.6172430777,-1.48658102592
surface_x_position,A1,P3,95,6.0178571429,-58.7430422654,-56.7082282032,-2.03481406218
surface_x_position,A1,P3,96,6.0285714286,-57.9872585407,-55.8636409716,-2.12361756904
surface_x_position,A1,P3,97,6.0392857143,-57.3917758019,-55.2786447501,-2.11313105184
surface_x_position,A1,P3,98,6.0500000000,-57.0925505833,-55.0130599369,-2.07949064641
surface_x_position,A1,P3,99,6.0607142857,-56.9423938509,-55.0637268407,-1.87866701018
surface_x_position,A1,P3,100,6.0714285714,-57.4823040028,-55.6921765493,-1.79012745348
surface_x_position,A1,P3,101,6.0821428571,-57.9046661013,-56.3810138855,-1.52365221584
surface_x_position,A1,P3,102,6.0928571429,-58.0305421946,-57.1345913115,-0.895950883131
surface_x_position,A1,P3,103,6.1035714286,-57.9781068349,-57.848014838,-0.130091996908
surface_x_position,A1,P3,104,6.1142857143,-57.874361701,-58.4724081152,0.598046414219
surface_x_position,A1,P3,105,6.1250000000,-57.8819482017,-59.0563422581,1.17439405642
surface_x_position,A1,P3,106,6.1357142857,-58.6697788275,-60.1525794379,1.48280061047
surface_x_position,A1,P3,107,6.1464285714,-59.1351212654,-60.886153168,1.75103190259
surface_x_position,A1,P3,108,6.1571428571,-59.6946082191,-61.2589701176,1.5643618985
surface_x_position,A1,P3,109,6.1678571429,-60.313274875,-61.6455607375,1.33228586248
surface_x_position,A1,P3,110,6.1785714286,-60.714457967,-61.9598588791,1.24540091213
surface_x_position,A1,P3,111,6.1892857143,-61.0166287269,-62.1675896026,1.15096087562
surface_x_position,A1,P3,112,6.2000000000,-60.7889878247,-62.0305239388,1.24153611414
surface_x_position,A1,P3,113,6.2107142857,-60.4980452194,-61.8716901561,1.37364493674
surface_x_position,A1,P3,114,6.2214285714,-60.5597299014,-61.7262851412,1.16655523983
surface_x_position,A1,P3,115,6.2321428571,-60.1391062552,-61.280020207,1.14091395178
surface_x_position,A1,P3,116,6.2428571429,-59.8894364776,-61.0066632475,1.11722676987
surface_x_position,A1,P3,117,6.2535714286,-59.6572932299,-60.6812468957,1.02395366578
surface_x_position,A1,P3,118,6.2642857143,-59.9299582507,-60.6754655519,0.745507301215
surface_x_position,A1,P3,119,6.2750000000,-60.5514987405,-60.8909078166,0.339409076096
surface_x_position,A1,P3,120,6.2857142857,-61.8306371723,-61.5101647814,-0.320472390891
surface_x_position,A1,P3,121,6.2964285714,-62.3468524389,-61.5761951238,-0.770657315115
surface_x_position,A1,P3,122,6.3071428571,-63.0962181422,-61.6238642105,-1.47235393178
surface_x_position,A1,P3,123,6.3178571429,-63.1188106129,-61.4692240369,-1.64958657607
surface_x_position,A1,P3,124,6.3285714286,-62.6218988943,-61.1041734901,-1.51772540419
surface_x_position,A1,P3,125,6.3392857143,-61.7611830939,-60.665085228,-1.09609786589
surface_x_position,A1,P3,126,6.3500000000,-61.0578696858,-60.3349724336,-0.722897252193
surface_x_position,A1,P3,127,6.3607142857,-61.0983918458,-60.2935946547,-0.804797191163
surface_x_position,A1,P3,128,6.3714285714,-61.5586230819,-60.4515926112,-1.10703047069
surface_x_position,A1,P3,129,6.3821428571,-61.8495696675,-60.4720877479,-1.3774819196
surface_x_position,A1,P3,130,6.3928571429,-62.4260547752,-60.875741524,-1.5503132512
surface_x_position,A1,P3,131,6.4035714286,-62.8428167122,-61.2147073616,-1.62810935054
surface_x_position,A1,P3,132,6.4142857143,-62.5449709817,-61.2786052753,-1.26636570648
surface_x_position,A1,P3,133,6.4250000000,-62.0226399678,-61.2785906036,-0.744049364288
surface_x_position,A1,P3,134,6.4357142857,-61.7483888788,-61.5118954156,-0.236493463204
surface_x_position,A1,P3,135,6.4464285714,-61.2368509604,-61.7310947694,0.494243808989
surface_x_position,A1,P3,136,6.4571428571,-60.3816188481,-61.5761979621,1.19457911405
surface_x_position,A1,P3,137,6.4678571429,-59.1209266417,-61.0169282154,1.89600157371
surface_x_position,A1,P3,138,6.4785714286,-58.3136854329,-60.5955870812,2.28190164839
surface_x_position,A1,P3,139,6.4892857143,-57.5591282546,-60.1536419181,2.59451366347
surface_x_position,A1,P3,140,6.5000000000,-57.3834691707,-59.9871647121,2.60369554143
surface_x_position,A1,P3,141,6.5107142857,-57.5495567718,-59.7718952016,2.22233842983
surface_x_position,A1,P3,142,6.5214285714,-57.6602387853,-59.3864974175,1.72625863224
surface_x_position,A1,P3,143,6.5321428571,-57.4704635793,-58.6488741146,1.17841053535
surface_x_position,A1,P3,144,6.5428571429,-57.7171022934,-58.39411092,0.677008626595
surface_x_position,A1,P3,145,6.5535714286,-57.8133937714,-58.0584433006,0.245049529213
surface_x_position,A1,P3,146,6.5642857143,-57.5970860734,-57.5117224076,-0.0853636658384
surface_x_position,A1,P3,147,6.5750000000,-57.5284008434,-57.0643095612,-0.464091282123
surface_x_position,A1,P3,148,6.5857142857,-57.5044503659,-56.8515321757,-0.652918190129
surface_x_position,A1,P3,149,6.5964285714,-57.4503681076,-56.7983155912,-0.652052516408
surface_x_position,A1,P3,150,6.6071428571,-57.3472522753,-56.6433022392,-0.703950036192
surface_x_position,A1,P3,151,6.6178571429,-57.5715321146,-56.5954120483,-0.976120066299
surface_x_position,A1,P3,152,6.6285714286,-58.1097381103,-56.8583347829,-1.25140332738
surface_x_position,A1,P3,153,6.6392857143,-58.2513824089,-56.9869010772,-1.2644813317
surface_x_position,A1,P3,154,6.6500000000,-58.4138249974,-57.0767949526,-1.33703004482
surface_x_position,A1,P3,155,6.6607142857,-58.6766967873,-57.13145586,-1.54524092736
surface_x_position,A1,P3,156,6.6714285714,-58.7368161854,-56.9836183456,-1.7531978398
surface_x_position,A1,P3,157,6.6821428571,-58.7209032466,-56.7498219722,-1.97108127444
surface_x_position,A1,P3,158,6.6928571429,-58.8425125258,-56.686270462,-2.15624206376
surface_x_position,A1,P3,159,6.7035714286,-58.750251703,-56.6019782653,-2.14827343768
surface_x_position,A1,P3,160,6.7142857143,-58.4315781966,-56.2524006407,-2.17917755598
surface_x_position,A1,P3,161,6.7250000000,-58.115299842,-55.9320833511,-2.18321649092
surface_x_position,A1,P3,162,6.7357142857,-57.8582057042,-55.6723886713,-2.18581703291
surface_x_position,A1,P3,163,6.7464285714,-57.5193358949,-55.5358461012,-1.9834897937
surface_x_position,A1,P3,164,6.7571428571,-57.2057561212,-55.5596875507,-1.64606857047
surface_x_position,A1,P3,165,6.7678571429,-56.9013149328,-55.6988340177,-1.2024809151
surface_x_position,A1,P3,166,6.7785714286,-56.5707977275,-55.8384971055,-0.732300622069
surface_x_position,A1,P3,167,6.7892857143,-56.157420938,-55.9854317833,-0.171989154678
surface_x_position,A1,P3,168,6.8000000000,-56.1970596139,-56.3632965005,0.166236886633
surface_x_position,A1,P3,169,6.8107142857,-56.8246810113,-57.1481739651,0.323492953785
surface_x_position,A1,P3,170,6.8214285714,-57.4132624754,-57.8134571363,0.400194660964
surface_x_position,A1,P3,171,6.8321428571,-57.8280961228,-58.3155187884,0.487422665597
surface_x_position,A1,P3,172,6.8428571429,-57.9641585786,-58.7179166522,0.753758073605
surface_x_position,A1,P3,173,6.8535714286,-58.2978306359,-59.2445751849,0.946744549007
surface_x_position,A1,P3,174,6.8642857143,-58.6789258613,-59.703677033,1.02475117175
surface_x_position,A1,P3,175,6.8750000000,-58.7174002181,-59.7737921788,1.05639196076
surface_x_position,A1,P3,176,6.8857142857,-59.2645774137,-60.0306341286,0.766056714877
surface_x_position,A1,P3,177,6.8964285714,-59.600058827,-60.1809467962,0.580887969179
surface_x_position,A1,P3,178,6.9071428571,-59.8115973487,-60.2552729058,0.443675557043
surface_x_position,A1,P3,179,6.9178571429,-60.4722121274,-60.6156138995,0.143401772021
surface_x_position,A1,P3,180,6.9285714286,-60.9275230995,-60.7960967133,-0.131426386211
surface_x_position,A1,P3,181,6.9392857143,-61.5329798374,-61.0031046703,-0.529875167105
surface_x_position,A1,P3,182,6.9500000000,-62.6238509791,-61.4259650173,-1.19788596186
surface_x_position,A1,P3,183,6.9607142857,-63.8463551954,-61.9244014575,-1.92195373791
surface_x_position,A1,P3,184,6.9714285714,-64.6673074042,-62.3783077818,-2.28899962246
surface_x_position,A1,P3,185,6.9821428571,-64.8845263104,-62.6360103707,-2.24851593964
surface_x_position,A1,P3,186,6.9928571429,-64.482581064,-62.5839331775,-1.89864788645
surface_x_position,A1,P3,187,7.0035714286,-64.0951356765,-62.6599748765,-1.43516080004
surface_x_position,A1,P3,188,7.0142857143,-63.0853904749,-62.3755869613,-0.709803513632
surface_x_position,A1,P3,189,7.0250000000,-62.0429891842,-62.0921199484,0.0491307641443
surface_x_position,A1,P3,190,7.0357142857,-61.8066508668,-62.1426706983,0.336019831437
surface_x_position,A1,P3,191,7.0464285714,-61.2629135374,-61.7612371087,0.498323571255
surface_x_position,A1,P3,192,7.0571428571,-60.5663294121,-61.125503068,0.559173655935
surface_x_position,A1,P3,193,7.0678571429,-60.5338436206,-60.7705970347,0.236753414071
surface_x_position,A1,P3,194,7.0785714286,-60.5263688436,-60.3118053417,-0.214563501994
surface_x_position,A1,P3,195,7.0892857143,-60.9937948706,-60.1779015392,-0.815893331448
surface_x_position,A1,P3,196,7.1000000000,-61.7857102638,-60.2395555297,-1.5461547341
surface_x_position,A1,P3,197,7.1107142857,-62.0648737351,-60.2557708507,-1.80910288437
surface_x_position,A1,P3,198,7.1214285714,-61.9016042986,-60.3475709374,-1.55403336119
surface_x_position,A1,P3,199,7.1321428571,-61.5436332027,-60.2952343945,-1.24839880823
surface_x_position,A1,P3,200,7.1428571429,-61.1700020662,-60.0830101446,-1.08699192162
surface_x_position,A1,P3,201,7.1535714286,-60.3459436529,-59.6607430255,-0.685200627351
surface_x_position,A1,P3,202,7.1642857143,-59.7107047307,-59.246200388,-0.464504342785
surface_x_position,A1,P3,203,7.1750000000,-59.4924781619,-59.0758376931,-0.416640468794
surface_x_position,A1,P3,204,7.1857142857,-59.1130126515,-58.6772955134,-0.435717138188
surface_x_position,A1,P3,205,7.1964285714,-58.3844822201,-58.0669930228,-0.317489197293
surface_x_position,A1,P3,206,7.2071428571,-57.9542563581,-57.6827352876,-0.271521070461
surface_x_position,A1,P3,207,7.2178571429,-57.4417364771,-57.3603413678,-0.0813951092781
surface_x_position,A1,P3,208,7.2285714286,-56.9596950526,-57.2462672185,0.286572165973
surface_x_position,A1,P3,209,7.2392857143,-56.7568789276,-57.5731643738,0.816285446247
surface_x_position,A1,P3,210,7.2500000000,-56.0063062713,-57.4556484658,1.44934219445
surface_x_position,A1,P3,211,7.2607142857,-55.1472036968,-57.461533996,2.31433029919
surface_x_position,A1,P3,212,7.2714285714,-55.0904192608,-57.9676841284,2.87726486753
surface_x_position,A1,P3,213,7.2821428571,-55.5609899427,-58.423968079,2.86297813627
surface_x_position,A1,P3,214,7.2928571429,-56.2029717333,-58.8348215794,2.63184984612
surface_x_position,A1,P3,215,7.3035714286,-56.7619687039,-59.0554806939,2.29351198998
surface_x_position,A1,P3,216,7.3142857143,-57.4908853736,-59.2550951431,1.76420976951
surface_x_position,A1,P3,217,7.3250000000,-58.1571927231,-59.35782163,1.20062890694
surface_x_position,A1,P3,218,7.3357142857,-58.5390788121,-59.3356368483,0.796558036243
surface_x_position,A1,P3,219,7.3464285714,-58.7535222359,-59.1897781019,0.436255865947
surface_x_position,A1,P3,220,7.3571428571,-58.6488813674,-58.844401914,0.195520546571
surface_x_position,A1,P3,221,7.3678571429,-58.2619657437,-58.5867299473,0.32476420355
surface_x_position,A1,P3,222,7.3785714286,-57.8876631995,-58.5096040215,0.621940822019
surface_x_position,A1,P3,223,7.3892857143,-57.3493610115,-58.3760464493,1.02668543778
surface_x_position,A1,P3,224,7.4000000000,-56.7042129146,-57.9782149096,1.27400199496
surface_x_position,A1,P3,225,7.4107142857,-56.3260638686,-57.8830775466,1.55701367798
surface_x_position,A1,P3,226,7.4214285714,-56.1464326873,-57.848682419,1.70224973163
surface_x_position,A1,P3,227,7.4321428571,-55.9127024271,-57.67412759,1.76142516287
surface_x_position,A1,P3,228,7.4428571429,-55.8069604052,-57.6318333686,1.82487296341
surface_x_position,A1,P3,229,7.4535714286,-55.8263553647,-57.656988992,1.83063362728
surface_x_position,A1,P3,230,7.4642857143,-55.9888624841,-57.7559484477,1.7670859635
surface_x_position,A1,P3,231,7.4750000000,-56.5090856747,-58.0517796066,1.54269393193
surface_x_position,A1,P3,232,7.4857142857,-57.2088187804,-58.4171254004,1.20830662004
surface_x_position,A1,P3,233,7.4964285714,-57.5065526753,-58.3793751655,0.872822490134
surface_x_position,A1,P3,234,7.5071428571,-57.6252537866,-58.3325989935,0.707345206914
surface_x_position,A1,P3,235,7.5178571429,-57.6295209536,-58.3732364606,0.743715506986
surface_x_position,A1,P3,236,7.5285714286,-57.5393693226,-58.2804799208,0.741110598227
surface_x_position,A1,P3,237,7.5392857143,-57.1520040176,-57.8768373766,0.724833358965
surface_x_position,A1,P3,238,7.5500000000,-56.4952964272,-57.1764292175,0.681132790347
surface_x_position,A1,P3,239,7.5607142857,-55.4781384296,-56.3795112584,0.901372828839
surface_x_position,A1,P3,240,7.5714285714,-54.3225644679,-55.5029043932,1.18033992534
surface_x_position,A1,P3,241,7.5821428571,-53.5547921,-55.0342226115,1.47943051154
surface_x_position,A1,P3,242,7.5928571429,-52.839877051,-54.6793478221,1.83947077109
surface_x_position,A1,P3,243,7.6035714286,-52.3624817401,-54.5670433263,2.20456158618
surface_x_position,A1,P3,244,7.6142857143,-52.2023778643,-54.7189079085,2.51653004421
surface_x_position,A1,P3,245,7.6250000000,-52.2328841865,-54.9463202856,2.71343609916
surface_x_position,A1,P3,246,7.6357142857,-52.5157916344,-55.1294238844,2.61363225003
surface_x_position,A1,P3,247,7.6464285714,-52.462092608,-54.971246285,2.50915367698
surface_x_position,A1,P3,248,7.6571428571,-52.6857318318,-54.9659729606,2.28024112874
surface_x_position,A1,P3,249,7.6678571429,-52.8041215597,-55.0077641933,2.20364263363
surface_x_position,A1,P3,250,7.6785714286,-53.0922120203,-55.0909929148,1.99878089447
surface_x_position,A1,P3,251,7.6892857143,-53.5562446651,-55.0890836191,1.53283895404
surface_x_position,A1,P3,252,7.7000000000,-53.775911407,-54.902995662,1.12708425504
surface_x_position,A1,P3,253,7.7107142857,-54.1147735383,-54.7898810024,0.675107464089
surface_x_position,A1,P3,254,7.7214285714,-54.6766462063,-54.9101273921,0.233481185749
surface_x_position,A1,P3,255,7.7321428571,-55.4826720762,-55.3742826117,-0.108389464454
surface_x_position,A1,P3,256,7.7428571429,-55.7356770309,-55.7301713526,-0.00550567827886
surface_x_position,A1,P3,257,7.7535714286,-55.7086408604,-55.8618263884,0.153185527971
surface_x_position,A1,P3,258,7.7642857143,-55.4579019176,-55.9474341753,0.489532257685
surface_x_position,A1,P3,259,7.7750000000,-55.1450689782,-55.9248184606,0.779749482409
surface_x_position,A1,P3,260,7.7857142857,-55.2290697875,-55.9416643232,0.712594535786
surface_x_position,A1,P3,261,7.7964285714,-55.2020218281,-56.020381826,0.818359997955
surface_x_position,A1,P3,262,7.8071428571,-54.8971816856,-55.9036775964,1.00649591088
surface_x_position,A1,P3,263,7.8178571429,-54.8458858518,-56.1387512004,1.29286534865
surface_x_position,A1,P3,264,7.8285714286,-54.9038287859,-56.3717701121,1.46794132623
surface_x_position,A1,P3,265,7.8392857143,-55.7224662906,-56.7643855807,1.04191929011
surface_x_position,A1,P3,266,7.8500000000,-56.6706727664,-57.353378823,0.682706056674
surface_x_position,A1,P3,267,7.8607142857,-58.0546738597,-58.152937772,0.0982639122569
surface_x_position,A1,P3,268,7.8714285714,-59.4086167327,-58.9727615942,-0.435855138486
surface_x_position,A1,P3,269,7.8821428571,-60.8413149592,-59.9052062356,-0.936108723549
surface_x_position,A1,P3,270,7.8928571429,-61.962515866,-60.7156823223,-1.24683354368
surface_x_position,A1,P3,271,7.9035714286,-62.9624558821,-61.2846976819,-1.67775820023
surface_x_position,A1,P3,272,7.9142857143,-63.6074721085,-61.7428960168,-1.86457609179
surface_x_position,A1,P3,273,7.9250000000,-64.2710122835,-62.2182429053,-2.05276937826
surface_x_position,A1,P3,274,7.9357142857,-64.8479237821,-62.5907129529,-2.25721082926
surface_x_position,A1,P3,275,7.9464285714,-64.9184122854,-62.7594049461,-2.15900733926
surface_x_position,A1,P3,276,7.9571428571,-64.7135917221,-62.7215723381,-1.992019384
surface_x_position,A1,P3,277,7.9678571429,-64.7282609005,-62.7610844131,-1.96717648744
surface_x_position,A1,P3,278,7.9785714286,-64.4044058806,-62.6912551312,-1.71315074944
surface_x_position,A1,P3,279,7.9892857143,-64.2134035611,-62.6037888182,-1.6096147429
surface_x_position,A1,P3,280,8.0000000000,-63.9122869746,-62.588073283,-1.32421369152
surface_x_position,A2,P1,0,5.0000000000,-50.8989869133,-50.7498256923,-0.149161220959
surface_x_position,A2,P1,1,5.0107142857,-51.3389995155,-51.0708099314,-0.268189584128
surface_x_position,A2,P1,2,5.0214285714,-51.8491970938,-51.4383539848,-0.41084310901
surface_x_position,A2,P1,3,5.0321428571,-52.2630615063,-51.6584963245,-0.604565181806
surface_x_position,A2,P1,4,5.0428571429,-52.6203519123,-51.8186105532,-0.801741359044
surface_x_position,A2,P1,5,5.0535714286,-52.8412069366,-51.9178801339,-0.923326802641
surface_x_position,A2,P1,6,5.0642857143,-53.1880334362,-52.1670300152,-1.02100342099
surface_x_position,A2,P1,7,5.0750000000,-53.4604835778,-52.0935467145,-1.36693686337
surface_x_position,A2,P1,8,5.0857142857,-53.5593253536,-51.8895474818,-1.66977787178
surface_x_position,A2,P1,9,5.0964285714,-53.7898396628,-51.8973515852,-1.89248807767
surface_x_position,A2,P1,10,5.1071428571,-53.9380062295,-51.9706948802,-1.96731134931
surface_x_position,A2,P1,11,5.1178571429,-54.120444331,-52.0079247428,-2.11251958824
surface_x_position,A2,P1,12,5.1285714286,-54.0613853436,-51.9540799876,-2.10730535608
surface_x_position,A2,P1,13,5.1392857143,-53.9853570309,-51.8593025276,-2.1260545033
surface_x_position,A2,P1,14,5.1500000000,-53.7058995835,-51.5397018092,-2.16619777431
surface_x_position,A2,P1,15,5.1607142857,-53.4620185199,-51.118708777,-2.34330974289
surface_x_position,A2,P1,16,5.1714285714,-53.0030300609,-50.5744669568,-2.42856310412
surface_x_position,A2,P1,17,5.1821428571,-52.5987323449,-50.0064650709,-2.59226727401
surface_x_position,A2,P1,18,5.1928571429,-52.3719398532,-49.5732374026,-2.79870245063
surface_x_position,A2,P1,19,5.2035714286,-52.1211764822,-49.2692773548,-2.85189912737
surface_x_position,A2,P1,20,5.2142857143,-51.9922971359,-49.036640582,-2.95565655389
surface_x_position,A2,P1,21,5.2250000000,-51.6936111592,-48.617553555,-3.07605760418
surface_x_position,A2,P1,22,5.2357142857,-51.1858531917,-48.1499633723,-3.03588981944
surface_x_position,A2,P1,23,5.2464285714,-50.4988067727,-47.7060658802,-2.79274089256
surface_x_position,A2,P1,24,5.2571428571,-49.4885232618,-46.9929470375,-2.49557622428
surface_x_position,A2,P1,25,5.2678571429,-48.1610222642,-45.9805650641,-2.18045720015
surface_x_position,A2,P1,26,5.2785714286,-46.2621901242,-44.513127777,-1.74906234721
surface_x_position,A2,P1,27,5.2892857143,-44.1661152577,-42.8961625676,-1.26995269017
surface_x_position,A2,P1,28,5.3000000000,-41.877586263,-41.1007403791,-0.776845883867
surface_x_position,A2,P1,29,5.3107142857,-39.5735803183,-39.4076284215,-0.165951896781
surface_x_position,A2,P1,30,5.3214285714,-37.3840146992,-37.7904293359,0.406414636703
surface_x_position,A2,P1,31,5.3321428571,-35.8010073745,-36.686542278,0.885534903473
surface_x_position,A2,P1,32,5.3428571429,-34.8829242781,-36.2753748191,1.39245054097
surface_x_position,A2,P1,33,5.3535714286,-34.4867875936,-36.5966099913,2.10982239773
surface_x_position,A2,P1,34,5.3642857143,-34.6188155248,-37.5393357683,2.92052024358
surface_x_position,A2,P1,35,5.3750000000,-35.2054600356,-38.9379618669,3.73250183126
surface_x_position,A2,P1,36,5.3857142857,-36.2771179316,-40.6487156859,4.37159775437
surface_x_position,A2,P1,37,5.3964285714,-37.527793248,-42.3378276749,4.81003442686
surface_x_position,A2,P1,38,5.4071428571,-38.891428129,-43.90894269,5.01751456105
surface_x_position,A2,P1,39,5.4178571429,-40.3567917279,-45.368646318,5.01185459013
surface_x_position,A2,P1,40,5.4285714286,-41.6762472812,-46.4701025499,4.79385526868
surface_x_position,A2,P1,41,5.4392857143,-43.0523279768,-47.5010809186,4.44875294182
surface_x_position,A2,P1,42,5.4500000000,-44.0829040099,-48.2581206511,4.17521664121
surface_x_position,A2,P1,43,5.4607142857,-45.5958319048,-49.1858339591,3.59000205432
surface_x_position,A2,P1,44,5.4714285714,-46.8657211994,-49.5798294167,2.71410821726
surface_x_position,A2,P1,45,5.4821428571,-48.2343905165,-50.149477171,1.91508665446
surface_x_position,A2,P1,46,5.4928571429,-49.4353122735,-50.8194282396,1.38411596604
surface_x_position,A2,P1,47,5.5035714286,-50.4132317869,-51.6226052908,1.20937350383
surface_x_position,A2,P1,48,5.5142857143,-51.3317514801,-52.3990060903,1.06725461019
surface_x_position,A2,P1,49,5.5250000000,-51.8943569736,-53.1675426759,1.27318570232
surface_x_position,A2,P1,50,5.5357142857,-52.1372574899,-53.692880444,1.55562295411
surface_x_position,A2,P1,51,5.5464285714,-52.1451897701,-54.0602730978,1.91508332768
surface_x_position,A2,P1,52,5.5571428571,-52.383303688,-54.633189541,2.24988585304
surface_x_position,A2,P1,53,5.5678571429,-52.5106303522,-55.2196681431,2.7090377909
surface_x_position,A2,P1,54,5.5785714286,-52.3918704666,-55.480128735,3.08825826846
surface_x_position,A2,P1,55,5.5892857143,-52.5335487456,-55.7493266115,3.21577786589
surface_x_position,A2,P1,56,5.6000000000,-52.6990503386,-55.8384118757,3.13936153711
surface_x_position,A2,P1,57,5.6107142857,-53.4829468459,-56.0112321608,2.52828531487
surface_x_position,A2,P1,58,5.6214285714,-53.9519802164,-55.84709529,1.8951150736
surface_x_position,A2,P1,59,5.6321428571,-54.5344594435,-55.8898639172,1.35540447363
surface_x_position,A2,P1,60,5.6428571429,-54.9030285914,-55.9776834074,1.07465481596
surface_x_position,A2,P1,61,5.6535714286,-55.0123990313,-56.0873698063,1.07497077509
surface_x_position,A2,P1,62,5.6642857143,-54.8426866545,-55.9215837423,1.07889708786
surface_x_position,A2,P1,63,5.6750000000,-54.507235925,-55.9884862378,1.48125031277
surface_x_position,A2,P1,64,5.6857142857,-54.0110845221,-55.9898538495,1.97876932742
surface_x_position,A2,P1,65,5.6964285714,-53.5970120362,-56.1181542917,2.5211422555
surface_x_position,A2,P1,66,5.7071428571,-53.2993929098,-56.291787823,2.99239491317
surface_x_position,A2,P1,67,5.7178571429,-52.7404771708,-56.0824836615,3.34200649068
surface_x_position,A2,P1,68,5.7285714286,-52.4111351009,-55.6168587147,3.20572361385
surface_x_position,A2,P1,69,5.7392857143,-52.4856852444,-55.2195384765,2.73385323216
surface_x_position,A2,P1,70,5.7500000000,-52.7916602531,-54.9280093977,2.13634914457
surface_x_position,A2,P1,71,5.7607142857,-53.3859247061,-54.7480674227,1.36214271667
surface_x_position,A2,P1,72,5.7714285714,-54.0265560522,-54.5628607842,0.536304732009
surface_x_position,A2,P1,73,5.7821428571,-54.4417165272,-54.206020634,-0.235695893155
surface_x_position,A2,P1,74,5.7928571429,-54.6082866226,-53.9656798592,-0.642606763438
surface_x_position,A2,P1,75,5.8035714286,-54.3781614527,-53.6584578491,-0.719703603604
surface_x_position,A2,P1,76,5.8142857143,-54.1440206503,-53.4585425165,-0.68547813382
surface_x_position,A2,P1,77,5.8250000000,-54.0830263314,-53.5557153639,-0.527310967492
surface_x_position,A2,P1,78,5.8357142857,-53.7597759632,-53.5413129297,-0.218463033476
surface_x_position,A2,P1,79,5.8464285714,-53.5075553833,-53.5022441887,-0.00531119463312
surface_x_position,A2,P1,80,5.8571428571,-53.000868205,-53.1841731851,0.183304980134
surface_x_position,A2,P1,81,5.8678571429,-52.184667955,-52.6352726325,0.450604677491
surface_x_position,A2,P1,82,5.8785714286,-51.4182199188,-52.0362975561,0.618077637275
surface_x_position,A2,P1,83,5.8892857143,-50.6764469419,-51.5808805142,0.904433572292
surface_x_position,A2,P1,84,5.9000000000,-50.1315663716,-51.1792241996,1.04765782799
surface_x_position,A2,P1,85,5.9107142857,-49.7120923915,-50.781751997,1.06965960555
surface_x_position,A2,P1,86,5.9214285714,-49.0750855189,-50.1283420261,1.05325650716
surface_x_position,A2,P1,87,5.9321428571,-48.3499248816,-49.4321164281,1.08219154649
surface_x_position,A2,P1,88,5.9428571429,-47.6305930037,-48.7847919468,1.15419894312
surface_x_position,A2,P1,89,5.9535714286,-46.8502357797,-48.0818212696,1.23158548995
surface_x_position,A2,P1,90,5.9642857143,-46.3108386872,-47.5304318527,1.21959316552
surface_x_position,A2,P1,91,5.9750000000,-45.7562269084,-46.9604780496,1.20425114126
surface_x_position,A2,P1,92,5.9857142857,-45.2499170696,-46.5027325725,1.25281550286
surface_x_position,A2,P1,93,5.9964285714,-44.7911478331,-46.1424439709,1.35129613773
surface_x_position,A2,P1,94,6.0071428571,-44.2557796432,-45.9611953718,1.7054157286
surface_x_position,A2,P1,95,6.0178571429,-43.8051214609,-45.9259732998,2.12085183896
surface_x_position,A2,P1,96,6.0285714286,-43.6897208876,-46.0013605174,2.31163962974
surface_x_position,A2,P1,97,6.0392857143,-44.0914253748,-46.5665559989,2.47513062408
surface_x_position,A2,P1,98,6.0500000000,-44.7496557772,-47.1877143497,2.43805857249
surface_x_position,A2,P1,99,6.0607142857,-45.4361024593,-48.0074475986,2.57134513938
surface_x_position,A2,P1,100,6.0714285714,-46.2775550021,-48.8762301353,2.59867513326
surface_x_position,A2,P1,101,6.0821428571,-47.1782244687,-49.6897922822,2.51156781348
surface_x_position,A2,P1,102,6.0928571429,-48.0835841583,-50.3823208936,2.29873673532
surface_x_position,A2,P1,103,6.1035714286,-48.7016010074,-50.8210938658,2.11949285838
surface_x_position,A2,P1,104,6.1142857143,-49.1141773147,-51.1468151762,2.03263786144
surface_x_position,A2,P1,105,6.1250000000,-49.2759372661,-51.4144449123,2.13850764618
surface_x_position,A2,P1,106,6.1357142857,-49.2252325791,-51.3008649958,2.07563241671
surface_x_position,A2,P1,107,6.1464285714,-49.0856704883,-51.3397552871,2.25408479875
surface_x_position,A2,P1,108,6.1571428571,-49.1773381948,-51.5443026273,2.36696443247
surface_x_position,A2,P1,109,6.1678571429,-49.5384758563,-51.7532312687,2.2147554124
surface_x_position,A2,P1,110,6.1785714286,-49.9315106743,-51.9437115028,2.01220082843
surface_x_position,A2,P1,111,6.1892857143,-50.2465486315,-52.1771421705,1.93059353903
surface_x_position,A2,P1,112,6.2000000000,-50.3436775796,-52.1982383782,1.85456079865
surface_x_position,A2,P1,113,6.2107142857,-50.2831607913,-52.1514757368,1.8683149455
surface_x_position,A2,P1,114,6.2214285714,-50.2652251335,-52.0057306578,1.74050552427
surface_x_position,A2,P1,115,6.2321428571,-50.0938894175,-51.7292098521,1.63532043462
surface_x_position,A2,P1,116,6.2428571429,-49.9262194469,-51.2685930192,1.34237357237
surface_x_position,A2,P1,117,6.2535714286,-49.5803305627,-50.6895993317,1.10926876906
surface_x_position,A2,P1,118,6.2642857143,-49.197398157,-50.1483358383,0.9509376813
surface_x_position,A2,P1,119,6.2750000000,-49.008413103,-49.8584399535,0.850026850491
surface_x_position,A2,P1,120,6.2857142857,-48.7728949262,-49.3973943452,0.624499419067
surface_x_position,A2,P1,121,6.2964285714,-48.645032422,-49.3218602933,0.676827871298
surface_x_position,A2,P1,122,6.3071428571,-48.6490742483,-49.3556715731,0.706597324816
surface_x_position,A2,P1,123,6.3178571429,-48.7085136751,-49.5665768061,0.858063130944
surface_x_position,A2,P1,124,6.3285714286,-48.6976259604,-49.8155373816,1.11791142117
surface_x_position,A2,P1,125,6.3392857143,-48.6699009213,-50.2427716589,1.57287073762
surface_x_position,A2,P1,126,6.3500000000,-48.8469008496,-50.7296858727,1.88278502316
surface_x_position,A2,P1,127,6.3607142857,-49.0949658428,-51.0760798714,1.98111402865
surface_x_position,A2,P1,128,6.3714285714,-49.4181786115,-51.3582832211,1.94010460962
surface_x_position,A2,P1,129,6.3821428571,-49.7561169899,-51.589850947,1.83373395708
surface_x_position,A2,P1,130,6.3928571429,-50.0538135244,-51.3971067475,1.34329322308
surface_x_position,A2,P1,131,6.4035714286,-50.3384012905,-51.2995437324,0.961142441864
surface_x_position,A2,P1,132,6.4142857143,-50.6757808686,-51.288376485,0.61259561643
surface_x_position,A2,P1,133,6.4250000000,-51.0070770513,-51.3812873088,0.374210257476
surface_x_position,A2,P1,134,6.4357142857,-51.0516953545,-51.2162549662,0.164559611749
surface_x_position,A2,P1,135,6.4464285714,-51.0031060618,-51.0913617625,0.0882557006969
surface_x_position,A2,P1,136,6.4571428571,-50.7763156397,-50.9081391654,0.131823525702
surface_x_position,A2,P1,137,6.4678571429,-50.6206454107,-50.8490824316,0.228437020821
surface_x_position,A2,P1,138,6.4785714286,-50.4404007359,-50.7558768862,0.315476150313
surface_x_position,A2,P1,139,6.4892857143,-50.2020396074,-50.7860056001,0.583965992654
surface_x_position,A2,P1,140,6.5000000000,-49.9498050049,-50.669215299,0.719410294127
surface_x_position,A2,P1,141,6.5107142857,-49.8377346173,-50.6489423453,0.811207728054
surface_x_position,A2,P1,142,6.5214285714,-49.7243896354,-50.5838366253,0.859446989912
surface_x_position,A2,P1,143,6.5321428571,-49.7130914683,-50.5700130969,0.856921628675
surface_x_position,A2,P1,144,6.5428571429,-49.5702851084,-50.1925813684,0.622296260085
surface_x_position,A2,P1,145,6.5535714286,-49.4800898034,-49.9985628913,0.518473087869
surface_x_position,A2,P1,146,6.5642857143,-49.3823298854,-49.7170736457,0.334743760289
surface_x_position,A2,P1,147,6.5750000000,-49.219320333,-49.3328186544,0.113498321374
surface_x_position,A2,P1,148,6.5857142857,-49.0726831323,-48.8895461027,-0.183137029598
surface_x_position,A2,P1,149,6.5964285714,-48.9490769836,-48.5356524458,-0.413424537704
surface_x_position,A2,P1,150,6.6071428571,-48.7341649848,-48.1240481619,-0.610116822919
surface_x_position,A2,P1,151,6.6178571429,-48.595970002,-47.7525512703,-0.843418731734
surface_x_position,A2,P1,152,6.6285714286,-48.3168648983,-47.2717170014,-1.04514789688
surface_x_position,A2,P1,153,6.6392857143,-47.9625333687,-46.8809108736,-1.08162249504
surface_x_position,A2,P1,154,6.6500000000,-47.6595350193,-46.5415031402,-1.11803187916
surface_x_position,A2,P1,155,6.6607142857,-47.539073507,-46.4838639522,-1.05520955483
surface_x_position,A2,P1,156,6.6714285714,-47.4261464239,-46.4845102878,-0.941636136099
surface_x_position,A2,P1,157,6.6821428571,-47.3311161592,-46.4962625226,-0.834853636563
surface_x_position,A2,P1,158,6.6928571429,-46.9980149776,-46.2300172912,-0.76799768636
surface_x_position,A2,P1,159,6.7035714286,-46.784708362,-46.086707647,-0.698000715018
surface_x_position,A2,P1,160,6.7142857143,-46.6496140294,-45.9856033874,-0.66401064197
surface_x_position,A2,P1,161,6.7250000000,-46.7537221726,-46.0246802207,-0.729041951845
surface_x_position,A2,P1,162,6.7357142857,-46.9038226724,-46.1277229465,-0.776099725883
surface_x_position,A2,P1,163,6.7464285714,-47.2031430127,-46.462700764,-0.740442248666
surface_x_position,A2,P1,164,6.7571428571,-47.4836032587,-46.7846302523,-0.698973006384
surface_x_position,A2,P1,165,6.7678571429,-47.8426000629,-47.1696248327,-0.672975230173
surface_x_position,A2,P1,166,6.7785714286,-48.0818797373,-47.4689898887,-0.612889848592
surface_x_position,A2,P1,167,6.7892857143,-48.3852603671,-47.9500023855,-0.435257981601
surface_x_position,A2,P1,168,6.8000000000,-48.8456817651,-48.4777627285,-0.367919036552
surface_x_position,A2,P1,169,6.8107142857,-49.1815970481,-48.9629896585,-0.218607389572
surface_x_position,A2,P1,170,6.8214285714,-49.4194208806,-49.281931796,-0.137489084612
surface_x_position,A2,P1,171,6.8321428571,-49.5275222481,-49.5300531734,0.00253092534258
surface_x_position,A2,P1,172,6.8428571429,-49.529926913,-49.7420662706,0.212139357576
surface_x_position,A2,P1,173,6.8535714286,-49.5669163757,-49.9632615724,0.396345196655
surface_x_position,A2,P1,174,6.8642857143,-49.6078346545,-50.2089319316,0.601097277084
surface_x_position,A2,P1,175,6.8750000000,-49.7316026736,-50.4712239525,0.739621278931
surface_x_position,A2,P1,176,6.8857142857,-49.7505026678,-50.5698162975,0.819313629695
surface_x_position,A2,P1,177,6.8964285714,-49.9037154156,-50.7590235212,0.855308105543
surface_x_position,A2,P1,178,6.9071428571,-49.961831924,-50.8162588948,0.85442697074
surface_x_position,A2,P1,179,6.9178571429,-49.9541612506,-50.8337563425,0.879595091949
surface_x_position,A2,P1,180,6.9285714286,-49.8741357024,-50.6699782516,0.795842549174
surface_x_position,A2,P1,181,6.9392857143,-49.9739767313,-50.6664233339,0.692446602573
surface_x_position,A2,P1,182,6.9500000000,-50.0963681082,-50.595967848,0.499599739833
surface_x_position,A2,P1,183,6.9607142857,-49.8880671156,-50.325318913,0.43725179743
surface_x_position,A2,P1,184,6.9714285714,-49.6526814711,-49.963619078,0.310937606958
surface_x_position,A2,P1,185,6.9821428571,-49.5127320667,-49.7567513303,0.244019263601
surface_x_position,A2,P1,186,6.9928571429,-49.4323458243,-49.6019311071,0.169585282805
surface_x_position,A2,P1,187,7.0035714286,-49.3099096035,-49.4468508817,0.136941278194
surface_x_position,A2,P1,188,7.0142857143,-49.1542478176,-49.349411047,0.195163229389
surface_x_position,A2,P1,189,7.0250000000,-49.0824212682,-49.3960255827,0.313604314513
surface_x_position,A2,P1,190,7.0357142857,-49.1749516797,-49.4090629866,0.234111306966
surface_x_position,A2,P1,191,7.0464285714,-49.457314153,-49.5550142749,0.0977001218937
surface_x_position,A2,P1,192,7.0571428571,-49.744007228,-49.8886268607,0.144619632747
surface_x_position,A2,P1,193,7.0678571429,-49.975112647,-50.1416110954,0.1664984484
surface_x_position,A2,P1,194,7.0785714286,-50.1505296372,-50.2284480053,0.0779183681524
surface_x_position,A2,P1,195,7.0892857143,-50.3508756558,-50.3581648491,0.00728919335968
surface_x_position,A2,P1,196,7.1000000000,-50.4301126604,-50.5182060997,0.0880934392744
surface_x_position,A2,P1,197,7.1107142857,-50.1182923881,-50.4619572606,0.343664872489
surface_x_position,A2,P1,198,7.1214285714,-49.8965641482,-50.4649638845,0.568399736273
surface_x_position,A2,P1,199,7.1321428571,-50.0054050219,-50.4703964539,0.464991431959
surface_x_position,A2,P1,200,7.1428571429,-50.0393449468,-50.3957676117,0.356422664859
surface_x_position,A2,P1,201,7.1535714286,-49.7759188411,-50.132240306,0.356321464886
surface_x_position,A2,P1,202,7.1642857143,-49.4680519597,-49.8572784878,0.389226528116
surface_x_position,A2,P1,203,7.1750000000,-49.0962144963,-49.5240733225,0.427858826215
surface_x_position,A2,P1,204,7.1857142857,-48.7927214648,-49.1500294176,0.357307952852
surface_x_position,A2,P1,205,7.1964285714,-48.7754898534,-49.0609182516,0.285428398161
surface_x_position,A2,P1,206,7.2071428571,-48.7447985406,-49.0418386024,0.297040061761
surface_x_position,A2,P1,207,7.2178571429,-48.8304495811,-48.9393369566,0.108887375499
surface_x_position,A2,P1,208,7.2285714286,-48.8660937558,-48.8679498822,0.00185612632003
surface_x_position,A2,P1,209,7.2392857143,-49.0437181221,-48.7986668558,-0.245051266287
surface_x_position,A2,P1,210,7.2500000000,-49.1359204267,-48.8517671109,-0.284153315772
surface_x_position,A2,P1,211,7.2607142857,-49.0549740522,-48.9557594007,-0.0992146514796
surface_x_position,A2,P1,212,7.2714285714,-49.2642551258,-49.2289017981,-0.0353533277435
surface_x_position,A2,P1,213,7.2821428571,-49.6549123428,-49.4066621259,-0.248250216813
surface_x_position,A2,P1,214,7.2928571429,-49.978532145,-49.6234342205,-0.35509792451
surface_x_position,A2,P1,215,7.3035714286,-50.0465627599,-49.564379521,-0.482183238893
surface_x_position,A2,P1,216,7.3142857143,-50.1003354802,-49.4888785646,-0.611456915586
surface_x_position,A2,P1,217,7.3250000000,-49.8950968727,-49.2317907454,-0.663306127331
surface_x_position,A2,P1,218,7.3357142857,-49.7528444917,-49.1141893835,-0.638655108203
surface_x_position,A2,P1,219,7.3464285714,-49.5244195105,-48.981571752,-0.54284775844
surface_x_position,A2,P1,220,7.3571428571,-49.123479178,-48.7244673379,-0.399011840074
surface_x_position,A2,P1,221,7.3678571429,-48.8087938186,-48.5730193275,-0.235774491086
surface_x_position,A2,P1,222,7.3785714286,-48.2289281187,-48.3416344256,0.112706306915
surface_x_position,A2,P1,223,7.3892857143,-47.5752352073,-47.927321139,0.352085931707
surface_x_position,A2,P1,224,7.4000000000,-47.0534481694,-47.7274396776,0.673991508247
surface_x_position,A2,P1,225,7.4107142857,-46.6165445018,-47.6188941322,1.00234963046
surface_x_position,A2,P1,226,7.4214285714,-46.4975939618,-47.6091693548,1.11157539299
surface_x_position,A2,P1,227,7.4321428571,-46.443399775,-47.5917351035,1.14833532854
surface_x_position,A2,P1,228,7.4428571429,-46.5730544185,-47.6650527843,1.09199836576
surface_x_position,A2,P1,229,7.4535714286,-46.6629753148,-47.641867564,0.978892249237
surface_x_position,A2,P1,230,7.4642857143,-46.7424819015,-47.6601059778,0.917624076242
surface_x_position,A2,P1,231,7.4750000000,-46.7569099135,-47.6977301321,0.940820218587
surface_x_position,A2,P1,232,7.4857142857,-46.6850338966,-47.7627635136,1.07772961705
surface_x_position,A2,P1,233,7.4964285714,-46.2302702057,-47.5594319574,1.32916175162
surface_x_position,A2,P1,234,7.5071428571,-45.8998877458,-47.3638882227,1.46400047694
surface_x_position,A2,P1,235,7.5178571429,-45.5714160641,-47.1649722425,1.59355617838
surface_x_position,A2,P1,236,7.5285714286,-45.2062199176,-46.9182960394,1.71207612179
surface_x_position,A2,P1,237,7.5392857143,-45.0050818891,-46.6257732456,1.62069135656
surface_x_position,A2,P1,238,7.5500000000,-45.1248929545,-46.5826458867,1.45775293219
surface_x_position,A2,P1,239,7.5607142857,-45.2676875311,-46.491135839,1.22344830795
surface_x_position,A2,P1,240,7.5714285714,-45.517012288,-46.5185600708,1.00154778279
surface_x_position,A2,P1,241,7.5821428571,-45.6677127167,-46.4696641042,0.801951387522
surface_x_position,A2,P1,242,7.5928571429,-45.8300155851,-46.4596281794,0.629612594274
surface_x_position,A2,P1,243,7.6035714286,-45.9130150078,-46.5404423314,0.627427323601
surface_x_position,A2,P1,244,7.6142857143,-45.9153684929,-46.5327833326,0.617414839659
surface_x_position,A2,P1,245,7.6250000000,-45.7964078021,-46.4719284576,0.675520655492
surface_x_position,A2,P1,246,7.6357142857,-45.5394209956,-46.2300402759,0.690619280321
surface_x_position,A2,P1,247,7.6464285714,-45.0082053426,-45.8874611026,0.879255759961
surface_x_position,A2,P1,248,7.6571428571,-44.60074432,-45.5115622393,0.910817919331
surface_x_position,A2,P1,249,7.6678571429,-44.2463037992,-45.1777595759,0.93145577669
surface_x_position,A2,P1,250,7.6785714286,-44.0126757064,-45.0047919128,0.992116206385
surface_x_position,A2,P1,251,7.6892857143,-43.7534424844,-45.0414717279,1.28802924345
surface_x_position,A2,P1,252,7.7000000000,-43.6580366419,-45.478637172,1.82060053007
surface_x_position,A2,P1,253,7.7107142857,-43.7639595275,-46.1345963407,2.37063681319
surface_x_position,A2,P1,254,7.7214285714,-44.016908039,-46.7342042863,2.71729624732
surface_x_position,A2,P1,255,7.7321428571,-44.3494205817,-47.12539633,2.77597574826
surface_x_position,A2,P1,256,7.7428571429,-44.5679772278,-47.4747204102,2.90674318242
surface_x_position,A2,P1,257,7.7535714286,-44.7120083398,-47.7060558919,2.99404755203
surface_x_position,A2,P1,258,7.7642857143,-44.8377878531,-47.6953327001,2.85754484702
surface_x_position,A2,P1,259,7.7750000000,-44.8579763047,-47.6323945953,2.77441829057
surface_x_position,A2,P1,260,7.7857142857,-44.8085847757,-47.4939237732,2.68533899753
surface_x_position,A2,P1,261,7.7964285714,-44.5623010309,-47.6203722619,3.05807123107
surface_x_position,A2,P1,262,7.8071428571,-44.4552777188,-47.6867302435,3.23145252473
surface_x_position,A2,P1,263,7.8178571429,-44.3067074282,-47.8002767376,3.49356930933
surface_x_position,A2,P1,264,7.8285714286,-44.1786776108,-47.9127453969,3.73406778614
surface_x_position,A2,P1,265,7.8392857143,-44.077560737,-48.0113719904,3.93381125347
surface_x_position,A2,P1,266,7.8500000000,-44.0955587726,-48.1353566711,4.03979789846
surface_x_position,A2,P1,267,7.8607142857,-44.1501106863,-48.0506384804,3.9005277941
surface_x_position,A2,P1,268,7.8714285714,-44.1116730107,-47.6653232646,3.55365025394
surface_x_position,A2,P1,269,7.8821428571,-43.9516406805,-47.1864259357,3.23478525523
surface_x_position,A2,P1,270,7.8928571429,-43.6450636926,-46.6998122971,3.05474860448
surface_x_position,A2,P1,271,7.9035714286,-43.4056453348,-46.1409804887,2.73533515388
surface_x_position,A2,P1,272,7.9142857143,-43.3825058029,-45.5663195408,2.18381373786
surface_x_position,A2,P1,273,7.9250000000,-43.5283157194,-45.0476627926,1.5193470732
surface_x_position,A2,P1,274,7.9357142857,-43.7260357708,-44.7237903056,0.997754534884
surface_x_position,A2,P1,275,7.9464285714,-43.9912092751,-44.676336107,0.685126831876
surface_x_position,A2,P1,276,7.9571428571,-44.3491212242,-44.4045195172,0.055398292981
surface_x_position,A2,P1,277,7.9678571429,-44.5398441696,-44.0258769799,-0.513967189701
surface_x_position,A2,P1,278,7.9785714286,-44.6200986981,-43.6959554589,-0.924143239186
surface_x_position,A2,P1,279,7.9892857143,-44.5709947464,-43.3020723553,-1.2689223911
surface_x_position,A2,P1,280,8.0000000000,-44.368425413,-43.0488833565,-1.31954205648
surface_x_position,A2,P2,0,5.0000000000,-45.9731961824,-45.8918782365,-0.0813179459521
surface_x_position,A2,P2,1,5.0107142857,-45.9723292806,-46.0787055726,0.106376292013
surface_x_position,A2,P2,2,5.0214285714,-46.2257373608,-46.3618312445,0.136093883737
surface_x_position,A2,P2,3,5.0321428571,-46.3476404082,-46.5721643521,0.224523943839
surface_x_position,A2,P2,4,5.0428571429,-46.557691988,-46.8892342116,0.331542223602
surface_x_position,A2,P2,5,5.0535714286,-46.803247267,-47.4246622638,0.621414996801
surface_x_position,A2,P2,6,5.0642857143,-47.0205145865,-47.9161042061,0.895589619595
surface_x_position,A2,P2,7,5.0750000000,-47.2676661637,-48.2139972721,0.946331108372
surface_x_position,A2,P2,8,5.0857142857,-47.4864921086,-48.3977491072,0.911256998554
surface_x_position,A2,P2,9,5.0964285714,-47.5882308272,-48.6704874018,1.08225657454
surface_x_position,A2,P2,10,5.1071428571,-47.6777755761,-48.844128715,1.16635313887
surface_x_position,A2,P2,11,5.1178571429,-47.5377365279,-48.7080618636,1.1703253357
surface_x_position,A2,P2,12,5.1285714286,-47.5672326658,-48.5271621617,0.959929495921
surface_x_position,A2,P2,13,5.1392857143,-47.5464756862,-48.3107358059,0.764260119749
surface_x_position,A2,P2,14,5.1500000000,-47.5235489834,-47.9879361927,0.464387209268
surface_x_position,A2,P2,15,5.1607142857,-47.3421801198,-47.5754151496,0.233235029778
surface_x_position,A2,P2,16,5.1714285714,-47.2682384033,-47.1352186362,-0.133019767151
surface_x_position,A2,P2,17,5.1821428571,-46.9231107031,-46.6691239268,-0.253986776288
surface_x_position,A2,P2,18,5.1928571429,-46.6705261488,-46.3784810454,-0.29204510344
surface_x_position,A2,P2,19,5.2035714286,-46.520612604,-46.3302005602,-0.190412043786
surface_x_position,A2,P2,20,5.2142857143,-46.2483591811,-46.1599485565,-0.0884106246593
surface_x_position,A2,P2,21,5.2250000000,-46.1161546166,-46.0825210024,-0.033633614251
surface_x_position,A2,P2,22,5.2357142857,-45.9012439822,-46.005197811,0.103953828776
surface_x_position,A2,P2,23,5.2464285714,-45.5440419306,-45.8567559369,0.31271400632
surface_x_position,A2,P2,24,5.2571428571,-45.117969837,-45.4099371855,0.291967348494
surface_x_position,A2,P2,25,5.2678571429,-44.5573028928,-44.758233027,0.200930134164
surface_x_position,A2,P2,26,5.2785714286,-44.0818354654,-44.0360604729,-0.0457749925866
surface_x_position,A2,P2,27,5.2892857143,-43.4463226706,-43.2583012636,-0.188021406969
surface_x_position,A2,P2,28,5.3000000000,-42.7584038975,-42.3894834858,-0.368920411702
surface_x_position,A2,P2,29,5.3107142857,-42.2133310935,-41.5926839587,-0.620647134716
surface_x_position,A2,P2,30,5.3214285714,-41.8611039795,-40.8790525516,-0.982051427963
surface_x_position,A2,P2,31,5.3321428571,-41.7770730101,-40.520397608,-1.25667540214
surface_x_position,A2,P2,32,5.3428571429,-42.1611983889,-40.6281571697,-1.53304121918
surface_x_position,A2,P2,33,5.3535714286,-43.2878025757,-41.2559045043,-2.0318980714
surface_x_position,A2,P2,34,5.3642857143,-44.9423401969,-42.2961195821,-2.64622061476
surface_x_position,A2,P2,35,5.3750000000,-47.2854448523,-43.7041383881,-3.58130646421
surface_x_position,A2,P2,36,5.3857142857,-49.6330827872,-45.1009293527,-4.53215343454
surface_x_position,A2,P2,37,5.3964285714,-51.726416408,-46.4107960216,-5.31562038644
surface_x_position,A2,P2,38,5.4071428571,-53.3616776464,-47.447934038,-5.91374360834
surface_x_position,A2,P2,39,5.4178571429,-54.3966489337,-48.1465414993,-6.25010743442
surface_x_position,A2,P2,40,5.4285714286,-54.8014044034,-48.5462400406,-6.25516436277
surface_x_position,A2,P2,41,5.4392857143,-55.104373952,-48.9554380319,-6.14893592006
surface_x_position,A2,P2,42,5.4500000000,-55.2971539565,-49.1974932857,-6.0996606708
surface_x_position,A2,P2,43,5.4607142857,-55.4871248608,-49.6370282065,-5.8500966543
surface_x_position,A2,P2,44,5.4714285714,-54.9879730542,-49.6662732693,-5.32169978481
surface_x_position,A2,P2,45,5.4821428571,-54.5030082779,-49.8992173998,-4.60379087811
surface_x_position,A2,P2,46,5.4928571429,-54.154143824,-50.2042239205,-3.94991990347
surface_x_position,A2,P2,47,5.5035714286,-54.1302396056,-50.7024649707,-3.42777463485
surface_x_position,A2,P2,48,5.5142857143,-54.393227996,-51.2591753169,-3.13405267908
surface_x_position,A2,P2,49,5.5250000000,-54.7564085928,-51.7896109902,-2.96679760267
surface_x_position,A2,P2,50,5.5357142857,-54.5948998301,-51.9787376313,-2.61616219878
surface_x_position,A2,P2,51,5.5464285714,-54.2996361145,-52.0623801808,-2.23725593371
surface_x_position,A2,P2,52,5.5571428571,-54.3044892131,-52.3879579949,-1.91653121817
surface_x_position,A2,P2,53,5.5678571429,-54.7899436132,-52.8138912722,-1.97605234092
surface_x_position,A2,P2,54,5.5785714286,-55.1768180903,-53.156956565,-2.01986152533
surface_x_position,A2,P2,55,5.5892857143,-55.7559520285,-53.5613683933,-2.19458363516
surface_x_position,A2,P2,56,5.6000000000,-56.1066731908,-53.6670228593,-2.43965033153
surface_x_position,A2,P2,57,5.6107142857,-55.9172266821,-53.658946323,-2.25828035911
surface_x_position,A2,P2,58,5.6214285714,-55.3682324319,-53.3081541364,-2.06007829549
surface_x_position,A2,P2,59,5.6321428571,-55.1479042716,-53.2401953837,-1.90770888792
surface_x_position,A2,P2,60,5.6428571429,-55.1224763625,-53.3151762611,-1.80730010141
surface_x_position,A2,P2,61,5.6535714286,-55.4582331314,-53.6170448893,-1.84118824215
surface_x_position,A2,P2,62,5.6642857143,-55.7365267987,-53.7948471484,-1.94167965036
surface_x_position,A2,P2,63,5.6750000000,-56.0143389878,-54.139160404,-1.87517858375
surface_x_position,A2,P2,64,5.6857142857,-56.1816134578,-54.3493046219,-1.8323088359
surface_x_position,A2,P2,65,5.6964285714,-56.5821188074,-54.6104785461,-1.97164026138
surface_x_position,A2,P2,66,5.7071428571,-57.4755515737,-55.1009811641,-2.37457040959
surface_x_position,A2,P2,67,5.7178571429,-58.2124999585,-55.2471285718,-2.96537138666
surface_x_position,A2,P2,68,5.7285714286,-58.1251602372,-54.9904153582,-3.13474487906
surface_x_position,A2,P2,69,5.7392857143,-57.6047027894,-54.5543904816,-3.05031230779
surface_x_position,A2,P2,70,5.7500000000,-56.6478362883,-53.8643096586,-2.78352662963
surface_x_position,A2,P2,71,5.7607142857,-55.1447347505,-52.9484580606,-2.1962766899
surface_x_position,A2,P2,72,5.7714285714,-53.7262809957,-51.9630150351,-1.76326596063
surface_x_position,A2,P2,73,5.7821428571,-52.5341797072,-51.1591755412,-1.37500416606
surface_x_position,A2,P2,74,5.7928571429,-51.8388805104,-50.7793978388,-1.05948267162
surface_x_position,A2,P2,75,5.8035714286,-51.8324210658,-50.8751500672,-0.957270998564
surface_x_position,A2,P2,76,5.8142857143,-52.0387760528,-51.2994145243,-0.739361528451
surface_x_position,A2,P2,77,5.8250000000,-52.434084817,-51.9125833847,-0.52150143225
surface_x_position,A2,P2,78,5.8357142857,-52.9421916259,-52.5342624697,-0.407929156235
surface_x_position,A2,P2,79,5.8464285714,-53.3150463223,-53.128712429,-0.186333893296
surface_x_position,A2,P2,80,5.8571428571,-53.8538271084,-53.7144542104,-0.139372898007
surface_x_position,A2,P2,81,5.8678571429,-54.2919450102,-54.2144088936,-0.0775361165797
surface_x_position,A2,P2,82,5.8785714286,-54.4274639919,-54.6199225111,0.19245851918
surface_x_position,A2,P2,83,5.8892857143,-54.2928495557,-54.9066180154,0.613768459611
surface_x_position,A2,P2,84,5.9000000000,-53.801853527,-54.9458339773,1.14398045026
surface_x_position,A2,P2,85,5.9107142857,-53.065430844,-54.6987350784,1.63330423432
surface_x_position,A2,P2,86,5.9214285714,-52.210681876,-54.0616938628,1.85101198677
surface_x_position,A2,P2,87,5.9321428571,-51.485568241,-53.3818498097,1.89628156874
surface_x_position,A2,P2,88,5.9428571429,-50.7394097279,-52.6398506036,1.90044087567
surface_x_position,A2,P2,89,5.9535714286,-50.1600915642,-51.8416524303,1.6815608661
surface_x_position,A2,P2,90,5.9642857143,-49.6285722725,-50.9893693321,1.36079705958
surface_x_position,A2,P2,91,5.9750000000,-49.0779158453,-50.0146344043,0.936718558956
surface_x_position,A2,P2,92,5.9857142857,-48.8794387151,-49.2529453861,0.373506670973
surface_x_position,A2,P2,93,5.9964285714,-48.817127857,-48.5724561739,-0.244671683169
surface_x_position,A2,P2,94,6.0071428571,-49.2272851925,-48.1540943429,-1.07319084964
surface_x_position,A2,P2,95,6.0178571429,-49.7936593211,-47.9457506779,-1.84790864316
surface_x_position,A2,P2,96,6.0285714286,-50.338733084,-47.9072109143,-2.43152216972
surface_x_position,A2,P2,97,6.0392857143,-51.0350832999,-48.2197723847,-2.81531091521
surface_x_position,A2,P2,98,6.0500000000,-51.7949526894,-48.666368421,-3.12858426832
surface_x_position,A2,P2,99,6.0607142857,-52.7063545975,-49.2684301858,-3.43792441172
surface_x_position,A2,P2,100,6.0714285714,-53.2910273419,-49.6830626139,-3.60796472793
surface_x_position,A2,P2,101,6.0821428571,-53.5803639786,-50.1478365123,-3.43252746628
surface_x_position,A2,P2,102,6.0928571429,-53.6215934516,-50.5575317964,-3.06406165518
surface_x_position,A2,P2,103,6.1035714286,-53.5405485921,-50.9628251546,-2.57772343748
surface_x_position,A2,P2,104,6.1142857143,-53.318550851,-51.1855314481,-2.13301940288
surface_x_position,A2,P2,105,6.1250000000,-53.2147078315,-51.2970136041,-1.91769422746
surface_x_position,A2,P2,106,6.1357142857,-53.2992596346,-51.2960648299,-2.00319480472
surface_x_position,A2,P2,107,6.1464285714,-53.3946414007,-51.4054602982,-1.98918110248
surface_x_position,A2,P2,108,6.1571428571,-53.453174932,-51.4974335679,-1.95574136412
surface_x_position,A2,P2,109,6.1678571429,-53.3621977761,-51.7483410901,-1.61385668599
surface_x_position,A2,P2,110,6.1785714286,-53.6013912447,-52.2339082105,-1.36748303422
surface_x_position,A2,P2,111,6.1892857143,-54.0110174098,-52.7567644487,-1.25425296105
surface_x_position,A2,P2,112,6.2000000000,-54.2543243963,-53.0746120371,-1.17971235914
surface_x_position,A2,P2,113,6.2107142857,-54.5129074764,-53.2581832948,-1.25472418155
surface_x_position,A2,P2,114,6.2214285714,-54.5569021775,-53.1504561622,-1.40644601533
surface_x_position,A2,P2,115,6.2321428571,-54.460899419,-53.0894033181,-1.37149610093
surface_x_position,A2,P2,116,6.2428571429,-54.4354554693,-52.9347255798,-1.50072988959
surface_x_position,A2,P2,117,6.2535714286,-54.3107322534,-52.6485708782,-1.66216137521
surface_x_position,A2,P2,118,6.2642857143,-54.0751196417,-52.0532199015,-2.0218997402
surface_x_position,A2,P2,119,6.2750000000,-53.961141679,-51.564464891,-2.39667678801
surface_x_position,A2,P2,120,6.2857142857,-53.912510625,-51.1669511874,-2.74555943757
surface_x_position,A2,P2,121,6.2964285714,-53.6939518207,-50.9331202375,-2.76083158316
surface_x_position,A2,P2,122,6.3071428571,-53.2806149472,-50.6192024815,-2.66141246569
surface_x_position,A2,P2,123,6.3178571429,-52.8672552064,-50.6703134575,-2.19694174888
surface_x_position,A2,P2,124,6.3285714286,-52.7694688637,-50.9937833482,-1.77568551554
surface_x_position,A2,P2,125,6.3392857143,-52.8137287223,-51.5028415345,-1.31088718781
surface_x_position,A2,P2,126,6.3500000000,-52.7544139048,-52.077068699,-0.677345205763
surface_x_position,A2,P2,127,6.3607142857,-52.6502275469,-52.4934387371,-0.156788809757
surface_x_position,A2,P2,128,6.3714285714,-52.5723252814,-52.8571008166,0.284775535182
surface_x_position,A2,P2,129,6.3821428571,-52.5745842803,-53.2911228118,0.716538531509
surface_x_position,A2,P2,130,6.3928571429,-52.688919836,-53.5766306313,0.887710795362
surface_x_position,A2,P2,131,6.4035714286,-52.8816747119,-54.0440526457,1.16237793378
surface_x_position,A2,P2,132,6.4142857143,-53.1905674836,-54.4602169306,1.26964944699
surface_x_position,A2,P2,133,6.4250000000,-53.5845557764,-54.9438672068,1.3593114304
surface_x_position,A2,P2,134,6.4357142857,-54.060108591,-55.2594318898,1.19932329878
surface_x_position,A2,P2,135,6.4464285714,-54.3265313667,-55.3682170493,1.04168568258
surface_x_position,A2,P2,136,6.4571428571,-54.4711898316,-55.2457350163,0.77454518475
surface_x_position,A2,P2,137,6.4678571429,-54.6023867405,-55.1709940126,0.568607272037
surface_x_position,A2,P2,138,6.4785714286,-54.7913721121,-55.1113782391,0.320006127068
surface_x_position,A2,P2,139,6.4892857143,-54.9548102648,-55.1126347153,0.157824450529
surface_x_position,A2,P2,140,6.5000000000,-54.9662928961,-54.9549292884,-0.0113636077323
surface_x_position,A2,P2,141,6.5107142857,-54.7695534718,-54.6840465199,-0.085506951837
surface_x_position,A2,P2,142,6.5214285714,-54.554489992,-54.3694582733,-0.185031718634
surface_x_position,A2,P2,143,6.5321428571,-54.2023917713,-54.0668977506,-0.135494020665
surface_x_position,A2,P2,144,6.5428571429,-53.6573850509,-53.5944579695,-0.062927081396
surface_x_position,A2,P2,145,6.5535714286,-53.1040220426,-53.350360151,0.246338108377
surface_x_position,A2,P2,146,6.5642857143,-52.5811328481,-52.9767800032,0.395647155116
surface_x_position,A2,P2,147,6.5750000000,-52.0294270293,-52.6571219657,0.627694936438
surface_x_position,A2,P2,148,6.5857142857,-51.4098379356,-52.3143306358,0.904492700169
surface_x_position,A2,P2,149,6.5964285714,-50.8444104967,-52.0260548669,1.18164437017
surface_x_position,A2,P2,150,6.6071428571,-50.3747820311,-51.6917578692,1.31697583806
surface_x_position,A2,P2,151,6.6178571429,-49.9524052804,-51.416968486,1.46456320563
surface_x_position,A2,P2,152,6.6285714286,-49.649653699,-51.1080222744,1.45836857541
surface_x_position,A2,P2,153,6.6392857143,-49.4567657541,-50.8749728566,1.41820710255
surface_x_position,A2,P2,154,6.6500000000,-49.4206508424,-50.6130071895,1.19235634708
surface_x_position,A2,P2,155,6.6607142857,-49.3757795209,-50.488670265,1.11289074413
surface_x_position,A2,P2,156,6.6714285714,-49.2914703342,-50.3546865433,1.06321620908
surface_x_position,A2,P2,157,6.6821428571,-49.0660447182,-50.1321904977,1.0661457795
surface_x_position,A2,P2,158,6.6928571429,-48.8482191557,-49.7711955996,0.922976443872
surface_x_position,A2,P2,159,6.7035714286,-48.6743242371,-49.5202748665,0.845950629399
surface_x_position,A2,P2,160,6.7142857143,-48.4871639241,-49.3285031211,0.84133919699
surface_x_position,A2,P2,161,6.7250000000,-48.1842197402,-49.1862350753,1.0020153351
surface_x_position,A2,P2,162,6.7357142857,-47.946277696,-49.179811276,1.23353358005
surface_x_position,A2,P2,163,6.7464285714,-47.6452120957,-49.2061408599,1.56092876419
surface_x_position,A2,P2,164,6.7571428571,-47.3852793132,-49.1238576258,1.73857831261
surface_x_position,A2,P2,165,6.7678571429,-47.1540944279,-49.0586258427,1.90453141478
surface_x_position,A2,P2,166,6.7785714286,-47.0400368493,-48.8908273311,1.85079048188
surface_x_position,A2,P2,167,6.7892857143,-47.0368693579,-48.7635151577,1.72664579975
surface_x_position,A2,P2,168,6.8000000000,-47.0457726848,-48.5510931377,1.5053204529
surface_x_position,A2,P2,169,6.8107142857,-47.3064169237,-48.3666710402,1.0602541165
surface_x_position,A2,P2,170,6.8214285714,-47.5376837841,-48.0452487669,0.507564982824
surface_x_position,A2,P2,171,6.8321428571,-47.75829949,-47.6927928912,-0.065506598797
surface_x_position,A2,P2,172,6.8428571429,-48.0851848558,-47.4757707008,-0.609414155004
surface_x_position,A2,P2,173,6.8535714286,-48.3712588057,-47.4050262517,-0.96623255403
surface_x_position,A2,P2,174,6.8642857143,-48.5730717753,-47.4024550871,-1.17061668825
surface_x_position,A2,P2,175,6.8750000000,-48.7656667538,-47.5803633729,-1.18530338082
surface_x_position,A2,P2,176,6.8857142857,-48.8830086976,-47.8203206585,-1.06268803911
surface_x_position,A2,P2,177,6.8964285714,-48.8319606223,-47.99675629,-0.835204332297
surface_x_position,A2,P2,178,6.9071428571,-48.7635323906,-48.1850152481,-0.578517142456
surface_x_position,A2,P2,179,6.9178571429,-48.5782943257,-48.2749558346,-0.30333849108
surface_x_position,A2,P2,180,6.9285714286,-48.2274686141,-48.2008994797,-0.0265691343901
surface_x_position,A2,P2,181,6.9392857143,-47.8600031105,-48.1221416681,0.262138557605
surface_x_position,A2,P2,182,6.9500000000,-47.6545231955,-47.9924854273,0.337962231835
surface_x_position,A2,P2,183,6.9607142857,-47.9290934153,-47.850018736,-0.0790746792978
surface_x_position,A2,P2,184,6.9714285714,-48.2104999622,-47.7969348191,-0.413565143093
surface_x_position,A2,P2,185,6.9821428571,-48.5333529352,-47.8814758378,-0.651877097424
surface_x_position,A2,P2,186,6.9928571429,-48.8763507348,-48.0975286171,-0.778822117765
surface_x_position,A2,P2,187,7.0035714286,-49.1741720503,-48.3113792863,-0.862792763999
surface_x_position,A2,P2,188,7.0142857143,-49.446464571,-48.5798189743,-0.866645596704
surface_x_position,A2,P2,189,7.0250000000,-49.6538215358,-48.8460337512,-0.80778778462
surface_x_position,A2,P2,190,7.0357142857,-49.6096029483,-48.9449306178,-0.664672330492
surface_x_position,A2,P2,191,7.0464285714,-49.4279373368,-49.0814948907,-0.346442446075
surface_x_position,A2,P2,192,7.0571428571,-49.0504120073,-49.1719862388,0.121574231508
surface_x_position,A2,P2,193,7.0678571429,-48.5123904992,-48.9686335851,0.456243085918
surface_x_position,A2,P2,194,7.0785714286,-48.240202162,-48.7816179652,0.541415803199
surface_x_position,A2,P2,195,7.0892857143,-47.9417757957,-48.6065628444,0.664787048616
surface_x_position,A2,P2,196,7.1000000000,-47.9275586127,-48.502742515,0.575183902323
surface_x_position,A2,P2,197,7.1107142857,-48.1749602416,-48.4825297918,0.307569550201
surface_x_position,A2,P2,198,7.1214285714,-48.4483251075,-48.6774864727,0.229161365206
surface_x_position,A2,P2,199,7.1321428571,-48.4868899861,-48.8393976644,0.35250767824
surface_x_position,A2,P2,200,7.1428571429,-48.1569321135,-48.6644938551,0.507561741589
surface_x_position,A2,P2,201,7.1535714286,-47.8865390701,-48.3870772864,0.500538216295
surface_x_position,A2,P2,202,7.1642857143,-47.8168843164,-48.2604835477,0.443599231276
surface_x_position,A2,P2,203,7.1750000000,-47.7970245959,-48.0412145469,0.244189951049
surface_x_position,A2,P2,204,7.1857142857,-47.9615858096,-47.9964580547,0.0348722450994
surface_x_position,A2,P2,205,7.1964285714,-48.1168452291,-48.1179621702,0.00111694116161
surface_x_position,A2,P2,206,7.2071428571,-48.3003707893,-48.1286053646,-0.171765424728
surface_x_position,A2,P2,207,7.2178571429,-48.4675369916,-48.0788784173,-0.388658574244
surface_x_position,A2,P2,208,7.2285714286,-48.8738355213,-48.1844449429,-0.689390578353
surface_x_position,A2,P2,209,7.2392857143,-48.8159471518,-48.1238647953,-0.6920823565
surface_x_position,A2,P2,210,7.2500000000,-49.0155202954,-48.2575430112,-0.757977284231
surface_x_position,A2,P2,211,7.2607142857,-49.2712692861,-48.5377270052,-0.73354228086
surface_x_position,A2,P2,212,7.2714285714,-49.2259114333,-48.8652539892,-0.360657444103
surface_x_position,A2,P2,213,7.2821428571,-48.8198413199,-49.0243631664,0.204521846504
surface_x_position,A2,P2,214,7.2928571429,-48.2329390909,-48.8351854502,0.602246359308
surface_x_position,A2,P2,215,7.3035714286,-47.892408002,-48.6504399209,0.758031918861
surface_x_position,A2,P2,216,7.3142857143,-47.698634752,-48.4937320123,0.795097260291
surface_x_position,A2,P2,217,7.3250000000,-47.6358835263,-48.2805441489,0.644660622546
surface_x_position,A2,P2,218,7.3357142857,-47.7078119915,-48.2298337658,0.522021774316
surface_x_position,A2,P2,219,7.3464285714,-47.9848063843,-48.241828901,0.257022516708
surface_x_position,A2,P2,220,7.3571428571,-48.4258342169,-48.1960118862,-0.229822330762
surface_x_position,A2,P2,221,7.3678571429,-48.837517159,-48.1758850021,-0.661632156845
surface_x_position,A2,P2,222,7.3785714286,-49.317106088,-48.148340214,-1.168765874
surface_x_position,A2,P2,223,7.3892857143,-49.699473372,-48.0097439529,-1.68972941911
surface_x_position,A2,P2,224,7.4000000000,-50.1667712954,-48.243776379,-1.92299491635
surface_x_position,A2,P2,225,7.4107142857,-50.5269892392,-48.5786433448,-1.94834589445
surface_x_position,A2,P2,226,7.4214285714,-50.6034435841,-48.951070619,-1.6523729651
surface_x_position,A2,P2,227,7.4321428571,-50.5898210725,-49.1639384227,-1.42588264981
surface_x_position,A2,P2,228,7.4428571429,-50.4299911076,-49.1524364189,-1.27755468865
surface_x_position,A2,P2,229,7.4535714286,-50.1958645934,-49.0867150261,-1.10914956728
surface_x_position,A2,P2,230,7.4642857143,-49.9264018777,-49.0353612456,-0.89104063205
surface_x_position,A2,P2,231,7.4750000000,-49.655114875,-49.022070124,-0.633044751022
surface_x_position,A2,P2,232,7.4857142857,-49.5959881978,-49.0803520127,-0.515636185064
surface_x_position,A2,P2,233,7.4964285714,-49.8826258714,-49.0799350056,-0.802690865876
surface_x_position,A2,P2,234,7.5071428571,-50.0546694705,-48.9242366112,-1.13043285933
surface_x_position,A2,P2,235,7.5178571429,-50.1250969304,-48.6173814113,-1.50771551911
surface_x_position,A2,P2,236,7.5285714286,-50.2036937425,-48.2516112131,-1.95208252935
surface_x_position,A2,P2,237,7.5392857143,-50.1065804031,-47.8970036418,-2.20957676136
surface_x_position,A2,P2,238,7.5500000000,-49.966902402,-47.7864994804,-2.18040292155
surface_x_position,A2,P2,239,7.5607142857,-49.9274316685,-47.5979734812,-2.32945818727
surface_x_position,A2,P2,240,7.5714285714,-49.8515452584,-47.4473533076,-2.40419195078
surface_x_position,A2,P2,241,7.5821428571,-49.8708290999,-47.2788301246,-2.59199897536
surface_x_position,A2,P2,242,7.5928571429,-49.890159749,-47.1613622562,-2.72879749276
surface_x_position,A2,P2,243,7.6035714286,-50.1419474764,-47.2469981223,-2.89494935411
surface_x_position,A2,P2,244,7.6142857143,-50.457536074,-47.4840662858,-2.97346978813
surface_x_position,A2,P2,245,7.6250000000,-50.8637796958,-47.8088085368,-3.054971159
surface_x_position,A2,P2,246,7.6357142857,-51.2731714396,-48.0413491801,-3.23182225951
surface_x_position,A2,P2,247,7.6464285714,-51.4490873387,-48.1923281956,-3.25675914313
surface_x_position,A2,P2,248,7.6571428571,-51.5529420399,-48.2562557775,-3.29668626246
surface_x_position,A2,P2,249,7.6678571429,-51.3624253358,-48.103617141,-3.25880819484
surface_x_position,A2,P2,250,7.6785714286,-50.9886295804,-47.8568826873,-3.13174689318
surface_x_position,A2,P2,251,7.6892857143,-51.1455963264,-48.0114448451,-3.13415148135
surface_x_position,A2,P2,252,7.7000000000,-51.9275223712,-48.4960231718,-3.43149919938
surface_x_position,A2,P2,253,7.7107142857,-53.2684953238,-49.351138775,-3.91735654878
surface_x_position,A2,P2,254,7.7214285714,-54.5007516926,-50.0827552309,-4.4179964617
surface_x_position,A2,P2,255,7.7321428571,-55.3648092985,-50.4546420367,-4.91016726178
surface_x_position,A2,P2,256,7.7428571429,-56.1172051325,-50.6843197344,-5.43288539806
surface_x_position,A2,P2,257,7.7535714286,-56.6276432593,-50.7212438758,-5.90639938344
surface_x_position,A2,P2,258,7.7642857143,-56.5325460965,-50.473130029,-6.05941606752
surface_x_position,A2,P2,259,7.7750000000,-56.345356061,-50.1999356064,-6.14542045461
surface_x_position,A2,P2,260,7.7857142857,-55.9537319279,-49.926244592,-6.02748733593
surface_x_position,A2,P2,261,7.7964285714,-56.2901364941,-50.2402070683,-6.0499294258
surface_x_position,A2,P2,262,7.8071428571,-56.4634104311,-50.4161136268,-6.04729680434
surface_x_position,A2,P2,263,7.8178571429,-56.4773893614,-50.7549537163,-5.72243564512
surface_x_position,A2,P2,264,7.8285714286,-56.4373957267,-51.1835799023,-5.2538158244
surface_x_position,A2,P2,265,7.8392857143,-56.7248613603,-51.8949939631,-4.82986739726
surface_x_position,A2,P2,266,7.8500000000,-57.248366215,-52.6246719932,-4.62369422182
surface_x_position,A2,P2,267,7.8607142857,-57.9599713984,-53.3322597559,-4.62771164249
surface_x_position,A2,P2,268,7.8714285714,-58.2351653539,-53.5516989982,-4.68346635575
surface_x_position,A2,P2,269,7.8821428571,-58.1841828732,-53.4812009647,-4.70298190849
surface_x_position,A2,P2,270,7.8928571429,-57.8394268587,-53.2813227274,-4.5581041313
surface_x_position,A2,P2,271,7.9035714286,-56.9511476096,-52.7171759526,-4.23397165698
surface_x_position,A2,P2,272,7.9142857143,-55.6150278363,-51.8776504494,-3.73737738691
surface_x_position,A2,P2,273,7.9250000000,-54.3817522905,-51.0563700769,-3.32538221359
surface_x_position,A2,P2,274,7.9357142857,-53.3628815241,-50.3646281125,-2.99825341161
surface_x_position,A2,P2,275,7.9464285714,-52.8624218667,-50.0663237476,-2.79609811915
surface_x_position,A2,P2,276,7.9571428571,-51.7959274128,-49.3938191858,-2.40210822697
surface_x_position,A2,P2,277,7.9678571429,-50.8611289263,-48.8576998909,-2.00342903545
surface_x_position,A2,P2,278,7.9785714286,-49.8075295455,-48.2608261015,-1.54670344402
surface_x_position,A2,P2,279,7.9892857143,-48.8910111753,-47.6681533052,-1.22285787016
surface_x_position,A2,P2,280,8.0000000000,-48.5686850238,-47.3497794601,-1.21890556374
surface_x_position,A2,P3,0,5.0000000000,-56.6216187359,-56.8520979028,0.230479166911
surface_x_position,A2,P3,1,5.0107142857,-56.4506800564,-56.6124933485,0.161813292115
surface_x_position,A2,P3,2,5.0214285714,-56.0667903968,-56.341539622,0.274749225273
surface_x_position,A2,P3,3,5.0321428571,-55.7666872422,-56.1467284801,0.380041237967
surface_x_position,A2,P3,4,5.0428571429,-56.0988504974,-56.5690496328,0.470199135442
surface_x_position,A2,P3,5,5.0535714286,-56.8907547391,-57.1926665449,0.30191180584
surface_x_position,A2,P3,6,5.0642857143,-57.6202833613,-57.7456971627,0.125413801397
surface_x_position,A2,P3,7,5.0750000000,-57.7755800467,-58.1961858017,0.420605754993
surface_x_position,A2,P3,8,5.0857142857,-57.7459539248,-58.504474798,0.75852087323
surface_x_position,A2,P3,9,5.0964285714,-58.2024109582,-59.0126424614,0.810231503135
surface_x_position,A2,P3,10,5.1071428571,-58.8148137376,-59.615771948,0.800958210437
surface_x_position,A2,P3,11,5.1178571429,-59.241962622,-60.1841568746,0.942194252541
surface_x_position,A2,P3,12,5.1285714286,-59.4246719167,-60.5720477769,1.14737586016
surface_x_position,A2,P3,13,5.1392857143,-59.4324059895,-60.794200373,1.36179438355
surface_x_position,A2,P3,14,5.1500000000,-59.0324434559,-60.734254021,1.70181056504
surface_x_position,A2,P3,15,5.1607142857,-58.3935230085,-60.5035977216,2.11007471312
surface_x_position,A2,P3,16,5.1714285714,-57.5017097149,-60.0632925861,2.56158287127
surface_x_position,A2,P3,17,5.1821428571,-56.9080376105,-59.7542916608,2.8462540503
surface_x_position,A2,P3,18,5.1928571429,-56.691219634,-59.781967188,3.09074755407
surface_x_position,A2,P3,19,5.2035714286,-56.7976977653,-59.8400089365,3.04231117116
surface_x_position,A2,P3,20,5.2142857143,-56.6458378274,-59.689905006,3.04406717855
surface_x_position,A2,P3,21,5.2250000000,-56.1655288921,-59.2752201105,3.10969121843
surface_x_position,A2,P3,22,5.2357142857,-55.784054272,-58.7159902627,2.93193599066
surface_x_position,A2,P3,23,5.2464285714,-55.6762363769,-58.1562632631,2.48002688624
surface_x_position,A2,P3,24,5.2571428571,-54.897128858,-57.1007377337,2.20360887579
surface_x_position,A2,P3,25,5.2678571429,-53.9493672405,-55.9288943065,1.97952706599
surface_x_position,A2,P3,26,5.2785714286,-52.6921720816,-54.4870094213,1.79483733979
surface_x_position,A2,P3,27,5.2892857143,-51.3240466428,-52.78202074,1.45797409714
surface_x_position,A2,P3,28,5.3000000000,-49.7943735248,-50.9401398203,1.14576629557
surface_x_position,A2,P3,29,5.3107142857,-48.2432450689,-49.0298441003,0.786599031498
surface_x_position,A2,P3,30,5.3214285714,-46.8518843289,-47.4275211202,0.57563679126
surface_x_position,A2,P3,31,5.3321428571,-45.9539995726,-46.3251400713,0.371140498668
surface_x_position,A2,P3,32,5.3428571429,-45.6491954177,-45.7897860959,0.140590678214
surface_x_position,A2,P3,33,5.3535714286,-45.9148570701,-45.8369327437,-0.0779243263274
surface_x_position,A2,P3,34,5.3642857143,-46.6483468504,-46.3740472215,-0.274299628824
surface_x_position,A2,P3,35,5.3750000000,-47.5734528137,-47.4222574467,-0.151195367051
surface_x_position,A2,P3,36,5.3857142857,-48.5275249081,-48.6880805882,0.160555680172
surface_x_position,A2,P3,37,5.3964285714,-49.6983722692,-50.2039582288,0.505585959579
surface_x_position,A2,P3,38,5.4071428571,-50.7077816207,-51.6040106679,0.896229047285
surface_x_position,A2,P3,39,5.4178571429,-51.7994481505,-53.0377009948,1.23825284429
surface_x_position,A2,P3,40,5.4285714286,-52.6711867689,-54.1324958629,1.46130909409
surface_x_position,A2,P3,41,5.4392857143,-53.1213948913,-54.8215778695,1.70018297824
surface_x_position,A2,P3,42,5.4500000000,-53.5043871828,-55.4288312124,1.92444402959
surface_x_position,A2,P3,43,5.4607142857,-53.4710620001,-55.7311566001,2.26009459998
surface_x_position,A2,P3,44,5.4714285714,-53.0495865296,-55.6571780972,2.60759156755
surface_x_position,A2,P3,45,5.4821428571,-53.0496035969,-55.7383078205,2.68870422364
surface_x_position,A2,P3,46,5.4928571429,-53.3424178447,-55.9082217822,2.56580393743
surface_x_position,A2,P3,47,5.5035714286,-53.9278391115,-56.1462402425,2.21840113102
surface_x_position,A2,P3,48,5.5142857143,-54.2432676318,-56.3100657007,2.06679806889
surface_x_position,A2,P3,49,5.5250000000,-54.9144647432,-56.6080766436,1.69361190035
surface_x_position,A2,P3,50,5.5357142857,-55.8654302873,-56.925969532,1.06053924467
surface_x_position,A2,P3,51,5.5464285714,-57.1020754556,-57.4242480616,0.322172606031
surface_x_position,A2,P3,52,5.5571428571,-58.4185592185,-58.0852045837,-0.333354634872
surface_x_position,A2,P3,53,5.5678571429,-59.6988899982,-58.9659045482,-0.732985449976
surface_x_position,A2,P3,54,5.5785714286,-60.6750393782,-59.6066426351,-1.06839674313
surface_x_position,A2,P3,55,5.5892857143,-61.1244554677,-60.1032612369,-1.02119423073
surface_x_position,A2,P3,56,5.6000000000,-61.2131102532,-60.5133990476,-0.699711205581
surface_x_position,A2,P3,57,5.6107142857,-60.6733116786,-60.4033067229,-0.270004955756
surface_x_position,A2,P3,58,5.6214285714,-59.8113553238,-59.9763185457,0.164963221889
surface_x_position,A2,P3,59,5.6321428571,-59.1137982522,-59.6661026664,0.552304414288
surface_x_position,A2,P3,60,5.6428571429,-58.5830612004,-59.3157064858,0.732645285445
surface_x_position,A2,P3,61,5.6535714286,-58.1471928294,-58.9134102965,0.766217467061
surface_x_position,A2,P3,62,5.6642857143,-57.3145956242,-58.1773781867,0.862782562498
surface_x_position,A2,P3,63,5.6750000000,-57.4490506791,-57.8429789501,0.39392827098
surface_x_position,A2,P3,64,5.6857142857,-57.5319947638,-57.3855342723,-0.146460491522
surface_x_position,A2,P3,65,5.6964285714,-57.5472811202,-56.997779126,-0.549501994123
surface_x_position,A2,P3,66,5.7071428571,-57.7354788529,-57.1176543493,-0.617824503581
surface_x_position,A2,P3,67,5.7178571429,-57.6658291621,-57.2891940581,-0.37663510402
surface_x_position,A2,P3,68,5.7285714286,-57.4571310137,-57.3861522789,-0.0709787347939
surface_x_position,A2,P3,69,5.7392857143,-57.5156100562,-57.8320691319,0.316459075633
surface_x_position,A2,P3,70,5.7500000000,-57.7480708336,-58.3952483186,0.647177485064
surface_x_position,A2,P3,71,5.7607142857,-58.2940726801,-59.1282066533,0.834133973234
surface_x_position,A2,P3,72,5.7714285714,-58.6295499261,-59.8565111547,1.22696122862
surface_x_position,A2,P3,73,5.7821428571,-58.6784271908,-60.28912725,1.61070005921
surface_x_position,A2,P3,74,5.7928571429,-59.0865285505,-60.7886179856,1.70208943506
surface_x_position,A2,P3,75,5.8035714286,-59.3733423332,-61.0503169353,1.67697460217
surface_x_position,A2,P3,76,5.8142857143,-60.0663397567,-61.4911794189,1.42483966227
surface_x_position,A2,P3,77,5.8250000000,-61.0579720268,-62.1067844266,1.04881239974
surface_x_position,A2,P3,78,5.8357142857,-61.5944481465,-62.2208403362,0.626392189711
surface_x_position,A2,P3,79,5.8464285714,-62.2176270218,-62.4092721097,0.191645087929
surface_x_position,A2,P3,80,5.8571428571,-62.6843359345,-62.6404038524,-0.0439320821275
surface_x_position,A2,P3,81,5.8678571429,-63.0726754061,-62.6996068452,-0.373068560911
surface_x_position,A2,P3,82,5.8785714286,-63.3317099225,-62.521173766,-0.810536156455
surface_x_position,A2,P3,83,5.8892857143,-63.9912397958,-62.4730377639,-1.5182020319
surface_x_position,A2,P3,84,5.9000000000,-64.4606807097,-62.2690424315,-2.19163827825
surface_x_position,A2,P3,85,5.9107142857,-64.867994416,-62.1650305761,-2.70296383987
surface_x_position,A2,P3,86,5.9214285714,-64.5202235684,-61.6159550745,-2.90426849393
surface_x_position,A2,P3,87,5.9321428571,-63.7611040368,-60.7826309216,-2.97847311524
surface_x_position,A2,P3,88,5.9428571429,-62.8175421458,-59.762902327,-3.05463981879
surface_x_position,A2,P3,89,5.9535714286,-61.7454964483,-58.8323500923,-2.91314635605
surface_x_position,A2,P3,90,5.9642857143,-60.7667410684,-58.1863508433,-2.5803902251
surface_x_position,A2,P3,91,5.9750000000,-59.5645129881,-57.4235432879,-2.14096970022
surface_x_position,A2,P3,92,5.9857142857,-58.2430051101,-56.6166829363,-1.62632217384
surface_x_position,A2,P3,93,5.9964285714,-57.18160053,-56.0749760754,-1.10662445456
surface_x_position,A2,P3,94,6.0071428571,-56.2440181518,-55.6117932728,-0.632224878955
surface_x_position,A2,P3,95,6.0178571429,-55.6352783438,-55.362335148,-0.272943195802
surface_x_position,A2,P3,96,6.0285714286,-55.0535969818,-55.1734795218,0.119882539985
surface_x_position,A2,P3,97,6.0392857143,-55.0924300677,-55.4326103589,0.340180291126
surface_x_position,A2,P3,98,6.0500000000,-55.0404892189,-55.7310149148,0.690525695832
surface_x_position,A2,P3,99,6.0607142857,-55.6004720606,-56.467051333,0.866579272343
surface_x_position,A2,P3,100,6.0714285714,-56.2982825882,-57.3075721829,1.00928959467
surface_x_position,A2,P3,101,6.0821428571,-56.9533323754,-57.8742920282,0.920959652796
surface_x_position,A2,P3,102,6.0928571429,-57.4643803049,-58.2297052248,0.765324919862
surface_x_position,A2,P3,103,6.1035714286,-58.126475865,-58.5847064442,0.458230579102
surface_x_position,A2,P3,104,6.1142857143,-58.754594976,-58.8549765175,0.100381541439
surface_x_position,A2,P3,105,6.1250000000,-59.3942921158,-59.1734786971,-0.220813418726
surface_x_position,A2,P3,106,6.1357142857,-59.8040689047,-59.7316312927,-0.0724376119885
surface_x_position,A2,P3,107,6.1464285714,-60.7584845401,-60.4935808438,-0.26490369627
surface_x_position,A2,P3,108,6.1571428571,-61.4579031035,-61.0466800352,-0.411223068348
surface_x_position,A2,P3,109,6.1678571429,-62.3082177367,-61.7073190103,-0.600898726414
surface_x_position,A2,P3,110,6.1785714286,-62.7964798995,-62.1517621053,-0.644717794213
surface_x_position,A2,P3,111,6.1892857143,-62.9766680038,-62.3003274258,-0.676340577978
surface_x_position,A2,P3,112,6.2000000000,-62.7252102362,-62.0503617967,-0.674848439506
surface_x_position,A2,P3,113,6.2107142857,-62.4834709847,-61.8698802208,-0.61359076395
surface_x_position,A2,P3,114,6.2214285714,-61.7450497197,-61.4109902107,-0.334059508944
surface_x_position,A2,P3,115,6.2321428571,-60.8064270768,-60.5426027432,-0.26382433369
surface_x_position,A2,P3,116,6.2428571429,-59.5802880943,-59.7386444115,0.158356317214
surface_x_position,A2,P3,117,6.2535714286,-58.2899318799,-58.8428244861,0.552892606153
surface_x_position,A2,P3,118,6.2642857143,-57.0196863963,-58.0906484552,1.0709620589
surface_x_position,A2,P3,119,6.2750000000,-56.174649981,-57.7212999185,1.54664993752
surface_x_position,A2,P3,120,6.2857142857,-55.6226090939,-57.7436691124,2.1210600185
surface_x_position,A2,P3,121,6.2964285714,-55.7702436558,-57.8542473677,2.08400371186
surface_x_position,A2,P3,122,6.3071428571,-55.8241803996,-57.7789955405,1.95481514087
surface_x_position,A2,P3,123,6.3178571429,-56.3488805016,-57.6877591195,1.33887861793
surface_x_position,A2,P3,124,6.3285714286,-56.7530922619,-57.4108663563,0.657774094372
surface_x_position,A2,P3,125,6.3392857143,-57.62306183,-57.3610782802,-0.261983549809
surface_x_position,A2,P3,126,6.3500000000,-58.7584443431,-57.5530045258,-1.20543981739
surface_x_position,A2,P3,127,6.3607142857,-59.8558588743,-58.0315336554,-1.8243252189
surface_x_position,A2,P3,128,6.3714285714,-60.9123020135,-58.6874218687,-2.2248801448
surface_x_position,A2,P3,129,6.3821428571,-61.9306181381,-59.3803456496,-2.55027248859
surface_x_position,A2,P3,130,6.3928571429,-62.262309695,-60.0313056765,-2.23100401844
surface_x_position,A2,P3,131,6.4035714286,-62.6664299513,-60.5429095757,-2.12352037565
surface_x_position,A2,P3,132,6.4142857143,-62.7448236094,-60.862578546,-1.88224506342
surface_x_position,A2,P3,133,6.4250000000,-62.962269026,-61.2287473381,-1.73352168788
surface_x_position,A2,P3,134,6.4357142857,-62.7561193508,-61.3922364402,-1.36388291053
surface_x_position,A2,P3,135,6.4464285714,-62.4257873484,-61.2958459651,-1.12994138328
surface_x_position,A2,P3,136,6.4571428571,-61.6863596099,-60.7799908994,-0.906368710452
surface_x_position,A2,P3,137,6.4678571429,-61.0279147924,-60.2308704996,-0.797044292858
surface_x_position,A2,P3,138,6.4785714286,-60.3606794451,-59.7251971677,-0.635482277381
surface_x_position,A2,P3,139,6.4892857143,-60.0833720542,-59.341581611,-0.741790443183
surface_x_position,A2,P3,140,6.5000000000,-59.5320584188,-58.8240117324,-0.708046686395
surface_x_position,A2,P3,141,6.5107142857,-59.288326403,-58.5626256268,-0.725700776217
surface_x_position,A2,P3,142,6.5214285714,-59.0624748716,-58.3880596003,-0.674415271278
surface_x_position,A2,P3,143,6.5321428571,-58.9015107834,-58.1800831754,-0.72142760801
surface_x_position,A2,P3,144,6.5428571429,-58.4655158072,-57.9061466285,-0.559369178689
surface_x_position,A2,P3,145,6.5535714286,-58.6656177903,-57.9008065941,-0.764811196246
surface_x_position,A2,P3,146,6.5642857143,-58.5176222599,-57.7872313445,-0.730390915405
surface_x_position,A2,P3,147,6.5750000000,-58.465782117,-57.7245888592,-0.741193257812
surface_x_position,A2,P3,148,6.5857142857,-58.4078719224,-57.6865162518,-0.721355670571
surface_x_position,A2,P3,149,6.5964285714,-58.3736043854,-57.6053845529,-0.768219832461
surface_x_position,A2,P3,150,6.6071428571,-58.1750278717,-57.4681688565,-0.706859015144
surface_x_position,A2,P3,151,6.6178571429,-58.100452167,-57.4793076931,-0.6211444739
surface_x_position,A2,P3,152,6.6285714286,-57.8715716588,-57.4583509803,-0.41322067853
surface_x_position,A2,P3,153,6.6392857143,-57.6803976553,-57.3438130478,-0.33658460751
surface_x_position,A2,P3,154,6.6500000000,-57.0924756784,-57.0181512105,-0.0743244679215
surface_x_position,A2,P3,155,6.6607142857,-57.0125580228,-56.9548768335,-0.0576811892989
surface_x_position,A2,P3,156,6.6714285714,-56.8530564901,-56.7314764171,-0.121580072983
surface_x_position,A2,P3,157,6.6821428571,-56.6201375224,-56.3888453794,-0.231292142936
surface_x_position,A2,P3,158,6.6928571429,-56.2120890005,-56.057110243,-0.154978757512
surface_x_position,A2,P3,159,6.7035714286,-56.1617546932,-56.0138047788,-0.14794991438
surface_x_position,A2,P3,160,6.7142857143,-55.8893621133,-55.7120335583,-0.17732855502
surface_x_position,A2,P3,161,6.7250000000,-55.7923784129,-55.5194050296,-0.272973383258
surface_x_position,A2,P3,162,6.7357142857,-55.7004605668,-55.2430267126,-0.45743385417
surface_x_position,A2,P3,163,6.7464285714,-55.7444862722,-54.9239997567,-0.820486515521
surface_x_position,A2,P3,164,6.7571428571,-55.7321090229,-54.6925037166,-1.03960530623
surface_x_position,A2,P3,165,6.7678571429,-55.942858603,-54.7113024184,-1.2315561846
surface_x_position,A2,P3,166,6.7785714286,-56.0273220076,-54.7894213743,-1.23790063329
surface_x_position,A2,P3,167,6.7892857143,-56.3079632878,-55.0165754697,-1.29138781815
surface_x_position,A2,P3,168,6.8000000000,-56.5222125817,-55.3848111654,-1.13740141634
surface_x_position,A2,P3,169,6.8107142857,-56.8679533303,-56.0263066034,-0.841646726933
surface_x_position,A2,P3,170,6.8214285714,-56.8707807173,-56.5007048191,-0.370075898211
surface_x_position,A2,P3,171,6.8321428571,-56.8163523153,-56.8793279888,0.0629756734545
surface_x_position,A2,P3,172,6.8428571429,-57.0161400896,-57.413414887,0.397274797427
surface_x_position,A2,P3,173,6.8535714286,-57.3953481048,-57.9652354622,0.569887357375
surface_x_position,A2,P3,174,6.8642857143,-57.8170836847,-58.3866030959,0.569519411163
surface_x_position,A2,P3,175,6.8750000000,-58.2085761172,-58.6542582191,0.445682101888
surface_x_position,A2,P3,176,6.8857142857,-58.5356583906,-58.7790328,0.243374409417
surface_x_position,A2,P3,177,6.8964285714,-58.825510628,-58.8054068548,-0.0201037732462
surface_x_position,A2,P3,178,6.9071428571,-58.9416162964,-58.6657064681,-0.275909828284
surface_x_position,A2,P3,179,6.9178571429,-59.1589903923,-58.5827337915,-0.576256600868
surface_x_position,A2,P3,180,6.9285714286,-59.0322933677,-58.263019953,-0.769273414784
surface_x_position,A2,P3,181,6.9392857143,-59.0541672294,-58.0995820693,-0.954585160178
surface_x_position,A2,P3,182,6.9500000000,-58.8341540636,-57.9965920919,-0.837561971668
surface_x_position,A2,P3,183,6.9607142857,-58.345868474,-57.9876913559,-0.358177118132
surface_x_position,A2,P3,184,6.9714285714,-57.8540109326,-57.9566384688,0.102627536135
surface_x_position,A2,P3,185,6.9821428571,-57.5720087365,-57.9798665704,0.407857833822
surface_x_position,A2,P3,186,6.9928571429,-57.4349271086,-58.0441639436,0.60923683496
surface_x_position,A2,P3,187,7.0035714286,-57.4451124376,-58.1709639234,0.725851485804
surface_x_position,A2,P3,188,7.0142857143,-57.6461013282,-58.3175836955,0.671482367315
surface_x_position,A2,P3,189,7.0250000000,-58.1856702364,-58.6798537065,0.494183470107
surface_x_position,A2,P3,190,7.0357142857,-58.7052899614,-59.1358509849,0.430561023526
surface_x_position,A2,P3,191,7.0464285714,-59.2476465209,-59.4963888451,0.248742324182
surface_x_position,A2,P3,192,7.0571428571,-59.8410898441,-59.5748959798,-0.266193864255
surface_x_position,A2,P3,193,7.0678571429,-60.1086156798,-59.4858741455,-0.622741534319
surface_x_position,A2,P3,194,7.0785714286,-59.8613716198,-59.2420374485,-0.619334171351
surface_x_position,A2,P3,195,7.0892857143,-59.7869209871,-59.1148447452,-0.672076241976
surface_x_position,A2,P3,196,7.1000000000,-59.7457984661,-59.0825211245,-0.663277341598
surface_x_position,A2,P3,197,7.1107142857,-59.7637166327,-59.11248221,-0.65123442269
surface_x_position,A2,P3,198,7.1214285714,-60.1292663404,-59.331705239,-0.79756110148
surface_x_position,A2,P3,199,7.1321428571,-60.2536385097,-59.4361393995,-0.8174991102
surface_x_position,A2,P3,200,7.1428571429,-59.9516610993,-59.0876766929,-0.863984406448
surface_x_position,A2,P3,201,7.1535714286,-59.273672748,-58.4168130668,-0.856859681182
surface_x_position,A2,P3,202,7.1642857143,-58.6330212729,-57.8001955135,-0.832825759392
surface_x_position,A2,P3,203,7.1750000000,-57.9908494321,-57.3188006548,-0.672048777263
surface_x_position,A2,P3,204,7.1857142857,-57.254423487,-56.862243289,-0.392180197951
surface_x_position,A2,P3,205,7.1964285714,-57.0349854901,-56.7484401508,-0.286545339322
surface_x_position,A2,P3,206,7.2071428571,-56.7705682944,-56.6452936574,-0.125274637033
surface_x_position,A2,P3,207,7.2178571429,-56.4623622863,-56.7421334851,0.279771198745
surface_x_position,A2,P3,208,7.2285714286,-56.5319038561,-57.2194383081,0.687534452033
surface_x_position,A2,P3,209,7.2392857143,-56.9800262045,-57.9171598272,0.937133622788
surface_x_position,A2,P3,210,7.2500000000,-57.4337334288,-58.4758640288,1.0421306
surface_x_position,A2,P3,211,7.2607142857,-58.1650159708,-58.9977729032,0.832756932339
surface_x_position,A2,P3,212,7.2714285714,-59.4364356047,-59.8324463766,0.396010771846
surface_x_position,A2,P3,213,7.2821428571,-60.2231596736,-60.266888044,0.0437283703089
surface_x_position,A2,P3,214,7.2928571429,-60.5419066699,-60.2947582351,-0.247148434799
surface_x_position,A2,P3,215,7.3035714286,-60.1632368532,-59.8873881733,-0.275848679968
surface_x_position,A2,P3,216,7.3142857143,-59.5397428597,-59.356102515,-0.183640344705
surface_x_position,A2,P3,217,7.3250000000,-58.6138694578,-58.6325149626,0.0186455047851
surface_x_position,A2,P3,218,7.3357142857,-58.0284673684,-58.1451007023,0.116633333888
surface_x_position,A2,P3,219,7.3464285714,-57.4475083902,-57.7333336319,0.285825241732
surface_x_position,A2,P3,220,7.3571428571,-56.5525715797,-57.1814057506,0.628834170836
surface_x_position,A2,P3,221,7.3678571429,-56.1388159419,-57.0362225898,0.897406647931
surface_x_position,A2,P3,222,7.3785714286,-55.9708027491,-57.0268623161,1.05605956708
surface_x_position,A2,P3,223,7.3892857143,-55.3564804284,-56.6941239158,1.3376434874
surface_x_position,A2,P3,224,7.4000000000,-54.9661375814,-56.2151409895,1.24900340811
surface_x_position,A2,P3,225,7.4107142857,-55.0945878204,-56.0405840844,0.945996263992
surface_x_position,A2,P3,226,7.4214285714,-55.6701413253,-56.2109388974,0.540797572104
surface_x_position,A2,P3,227,7.4321428571,-55.9385435739,-56.2160908952,0.277547321272
surface_x_position,A2,P3,228,7.4428571429,-56.0435794795,-56.2291358023,0.185556322892
surface_x_position,A2,P3,229,7.4535714286,-56.0824717543,-56.2127290723,0.130257318046
surface_x_position,A2,P3,230,7.4642857143,-56.1856171264,-56.1590336822,-0.0265834441926
surface_x_position,A2,P3,231,7.4750000000,-56.5553963623,-56.2476208947,-0.307775467565
surface_x_position,A2,P3,232,7.4857142857,-56.9103459415,-56.3482525095,-0.562093431988
surface_x_position,A2,P3,233,7.4964285714,-56.5490190815,-56.0225481958,-0.526470885739
surface_x_position,A2,P3,234,7.5071428571,-56.1306637928,-55.7970961752,-0.333567617613
surface_x_position,A2,P3,235,7.5178571429,-55.7761491955,-55.6903085363,-0.0858406592739
surface_x_position,A2,P3,236,7.5285714286,-55.23401539,-55.4740217976,0.240006407557
surface_x_position,A2,P3,237,7.5392857143,-54.4741537699,-55.0630391747,0.588885404801
surface_x_position,A2,P3,238,7.5500000000,-54.0993696451,-54.8220196345,0.722649989364
surface_x_position,A2,P3,239,7.5607142857,-53.4959281461,-54.6019380254,1.10600987932
surface_x_position,A2,P3,240,7.5714285714,-52.9745875588,-54.3772317268,1.402644168
surface_x_position,A2,P3,241,7.5821428571,-52.4388996429,-54.2289472307,1.79004758784
surface_x_position,A2,P3,242,7.5928571429,-52.1054256731,-54.2046105716,2.09918489848
surface_x_position,A2,P3,243,7.6035714286,-52.0898172326,-54.3573392631,2.26752203051
surface_x_position,A2,P3,244,7.6142857143,-52.1249891831,-54.4810441316,2.35605494848
surface_x_position,A2,P3,245,7.6250000000,-52.3433396323,-54.7227901358,2.37945050351
surface_x_position,A2,P3,246,7.6357142857,-52.1334968059,-54.6746997851,2.54120297919
surface_x_position,A2,P3,247,7.6464285714,-52.0306566015,-54.4081599847,2.37750338317
surface_x_position,A2,P3,248,7.6571428571,-52.0364355126,-54.4223038557,2.38586834313
surface_x_position,A2,P3,249,7.6678571429,-52.1928151318,-54.5201675499,2.32735241815
surface_x_position,A2,P3,250,7.6785714286,-52.5125097199,-54.6521404067,2.1396306868
surface_x_position,A2,P3,251,7.6892857143,-53.0983061806,-54.9444284185,1.8461222379
surface_x_position,A2,P3,252,7.7000000000,-53.6985073564,-55.3094060257,1.61089866931
surface_x_position,A2,P3,253,7.7107142857,-54.199798029,-55.7465177646,1.5467197356
surface_x_position,A2,P3,254,7.7214285714,-54.6594650956,-56.36016531,1.70070021438
surface_x_position,A2,P3,255,7.7321428571,-54.7527536551,-56.8869451687,2.13419151351
surface_x_position,A2,P3,256,7.7428571429,-54.8157927318,-57.3419349474,2.52614221564
surface_x_position,A2,P3,257,7.7535714286,-54.4308900279,-57.3432418593,2.91235183141
surface_x_position,A2,P3,258,7.7642857143,-53.9332702075,-57.135141428,3.2018712205
surface_x_position,A2,P3,259,7.7750000000,-53.5608663692,-56.9318685332,3.37100216404
surface_x_position,A2,P3,260,7.7857142857,-53.3909718008,-56.7331201392,3.3421483384
surface_x_position,A2,P3,261,7.7964285714,-54.1204297256,-57.1122879203,2.99185819473
surface_x_position,A2,P3,262,7.8071428571,-54.4578221693,-57.2736664489,2.81584427961
surface_x_position,A2,P3,263,7.8178571429,-55.5388093254,-57.7676756612,2.22886633579
surface_x_position,A2,P3,264,7.8285714286,-56.7248437958,-58.2445918341,1.51974803826
surface_x_position,A2,P3,265,7.8392857143,-57.7987983002,-58.694854444,0.896056143792
surface_x_position,A2,P3,266,7.8500000000,-58.8180508713,-59.4019471947,0.583896323356
surface_x_position,A2,P3,267,7.8607142857,-59.4942797694,-60.2214636178,0.727183848385
surface_x_position,A2,P3,268,7.8714285714,-59.7182941795,-60.8481102813,1.12981610181
surface_x_position,A2,P3,269,7.8821428571,-59.9023702746,-61.3705669278,1.46819665326
surface_x_position,A2,P3,270,7.8928571429,-60.2681817004,-61.7715372273,1.50335552682
surface_x_position,A2,P3,271,7.9035714286,-60.1345027645,-61.6331392676,1.4986365031
surface_x_position,A2,P3,272,7.9142857143,-59.7663379126,-61.3199015617,1.55356364905
surface_x_position,A2,P3,273,7.9250000000,-59.2313541404,-61.0373892808,1.80603514039
surface_x_position,A2,P3,274,7.9357142857,-58.8659404756,-60.8664393524,2.00049887673
surface_x_position,A2,P3,275,7.9464285714,-58.7486653446,-60.8596366319,2.11097128728
surface_x_position,A2,P3,276,7.9571428571,-58.0330280904,-60.3797380244,2.34670993399
surface_x_position,A2,P3,277,7.9678571429,-57.4424038335,-59.9598000586,2.51739622515
surface_x_position,A2,P3,278,7.9785714286,-57.061037674,-59.5318843572,2.4708466832
surface_x_position,A2,P3,279,7.9892857143,-56.4512798674,-58.9430601286,2.49178026126
surface_x_position,A2,P3,280,8.0000000000,-56.2053216364,-58.7437692566,2.53844762022
surface_x_position,A3,P1,0,5.0000000000,-50.1765502923,-49.353979601,-0.822570691251
surface_x_position,A3,P1,1,5.0107142857,-50.398755275,-49.4711402278,-0.927615047184
surface_x_position,A3,P1,2,5.0214285714,-50.6973545508,-49.6881117573,-1.00924279347
surface_x_position,A3,P1,3,5.0321428571,-50.8269147281,-49.7119616541,-1.11495307401
surface_x_position,A3,P1,4,5.0428571429,-50.8414928443,-49.5795794034,-1.26191344083
surface_x_position,A3,P1,5,5.0535714286,-50.4233744356,-49.0549581451,-1.36841629052
surface_x_position,A3,P1,6,5.0642857143,-49.9533921535,-48.7636027767,-1.18978937674
surface_x_position,A3,P1,7,5.0750000000,-49.2644969694,-48.4353480939,-0.829148875473
surface_x_position,A3,P1,8,5.0857142857,-48.7906156037,-48.0979291579,-0.692686445855
surface_x_position,A3,P1,9,5.0964285714,-48.46159857,-47.8597735453,-0.601825024622
surface_x_position,A3,P1,10,5.1071428571,-48.2749373493,-47.8062214691,-0.468715880264
surface_x_position,A3,P1,11,5.1178571429,-48.2376046358,-48.0310121503,-0.206592485458
surface_x_position,A3,P1,12,5.1285714286,-48.2276924955,-48.4044059997,0.176713504229
surface_x_position,A3,P1,13,5.1392857143,-48.0832466641,-48.5683539215,0.485107257478
surface_x_position,A3,P1,14,5.1500000000,-47.7320791726,-48.5996316387,0.867552466087
surface_x_position,A3,P1,15,5.1607142857,-47.216327523,-48.5058369331,1.28950941014
surface_x_position,A3,P1,16,5.1714285714,-46.7040909458,-48.3518965538,1.64780560801
surface_x_position,A3,P1,17,5.1821428571,-46.1056135174,-48.0881202489,1.98250673152
surface_x_position,A3,P1,18,5.1928571429,-45.5492369317,-47.7808049091,2.23156797739
surface_x_position,A3,P1,19,5.2035714286,-44.8355262647,-47.2715771964,2.43605093177
surface_x_position,A3,P1,20,5.2142857143,-44.0630594004,-46.7662048262,2.70314542573
surface_x_position,A3,P1,21,5.2250000000,-43.1678962392,-46.0151664688,2.8472702296
surface_x_position,A3,P1,22,5.2357142857,-42.0883384572,-44.8954012443,2.8070627871
surface_x_position,A3,P1,23,5.2464285714,-41.0578648574,-43.7386696222,2.68080476479
surface_x_position,A3,P1,24,5.2571428571,-40.0856660632,-42.6673330621,2.58166699898
surface_x_position,A3,P1,25,5.2678571429,-39.0808272703,-41.4401493747,2.35932210436
surface_x_position,A3,P1,26,5.2785714286,-38.1320425341,-40.2050649683,2.07302243414
surface_x_position,A3,P1,27,5.2892857143,-37.5138369736,-39.1425108344,1.62867386082
surface_x_position,A3,P1,28,5.3000000000,-37.3834684579,-38.5768583506,1.19338989271
surface_x_position,A3,P1,29,5.3107142857,-37.9984089326,-38.5975564618,0.599147529196
surface_x_position,A3,P1,30,5.3214285714,-38.9818425532,-38.9807588921,-0.00108366102814
surface_x_position,A3,P1,31,5.3321428571,-40.5091974527,-39.8459131866,-0.663284266032
surface_x_position,A3,P1,32,5.3428571429,-42.3843182567,-41.0198246741,-1.36449358257
surface_x_position,A3,P1,33,5.3535714286,-44.6123930874,-42.3902110484,-2.22218203899
surface_x_position,A3,P1,34,5.3642857143,-46.8654471346,-43.7460151232,-3.11943201132
surface_x_position,A3,P1,35,5.3750000000,-49.0305905973,-45.1543176104,-3.87627298692
surface_x_position,A3,P1,36,5.3857142857,-50.8975310645,-46.4118430517,-4.48568801279
surface_x_position,A3,P1,37,5.3964285714,-52.0017204977,-47.1843474304,-4.81737306733
surface_x_position,A3,P1,38,5.4071428571,-52.7754032173,-47.8306071619,-4.94479605542
surface_x_position,A3,P1,39,5.4178571429,-53.1207032709,-48.3791529715,-4.74155029932
surface_x_position,A3,P1,40,5.4285714286,-53.2405978082,-49.0372892713,-4.20330853688
surface_x_position,A3,P1,41,5.4392857143,-53.3080222829,-49.6713882971,-3.63663398581
surface_x_position,A3,P1,42,5.4500000000,-53.5652589055,-50.5090792277,-3.05617967786
surface_x_position,A3,P1,43,5.4607142857,-53.8033911165,-51.5485680107,-2.2548231058
surface_x_position,A3,P1,44,5.4714285714,-53.9967457467,-52.4840682603,-1.5126774864
surface_x_position,A3,P1,45,5.4821428571,-54.2087889384,-53.2027699776,-1.00601896086
surface_x_position,A3,P1,46,5.4928571429,-54.2807165119,-53.6152958687,-0.665420643192
surface_x_position,A3,P1,47,5.5035714286,-54.4693990007,-53.9384786828,-0.530920317842
surface_x_position,A3,P1,48,5.5142857143,-54.4700931199,-53.9645164235,-0.505576696379
surface_x_position,A3,P1,49,5.5250000000,-54.4398893486,-53.7447968279,-0.695092520713
surface_x_position,A3,P1,50,5.5357142857,-54.1699664822,-53.2203152126,-0.94965126958
surface_x_position,A3,P1,51,5.5464285714,-53.603391316,-52.3986643782,-1.20472693785
surface_x_position,A3,P1,52,5.5571428571,-53.2855549093,-51.7274864587,-1.55806845062
surface_x_position,A3,P1,53,5.5678571429,-52.7326837495,-51.0255307347,-1.70715301482
surface_x_position,A3,P1,54,5.5785714286,-51.9341310873,-50.1262587917,-1.80787229559
surface_x_position,A3,P1,55,5.5892857143,-51.2265500296,-49.3369007186,-1.88964931094
surface_x_position,A3,P1,56,5.6000000000,-50.8632876946,-49.0374973401,-1.82579035446
surface_x_position,A3,P1,57,5.6107142857,-50.7055339378,-49.1372857214,-1.56824821646
surface_x_position,A3,P1,58,5.6214285714,-50.9496471745,-49.5094332621,-1.44021391241
surface_x_position,A3,P1,59,5.6321428571,-51.0530681592,-49.8295818166,-1.2234863426
surface_x_position,A3,P1,60,5.6428571429,-51.0940913481,-50.0462906597,-1.04780068835
surface_x_position,A3,P1,61,5.6535714286,-51.2426380561,-50.2734092635,-0.969228792622
surface_x_position,A3,P1,62,5.6642857143,-51.1168929456,-50.2072012919,-0.909691653755
surface_x_position,A3,P1,63,5.6750000000,-51.0053653761,-49.9366781495,-1.06868722654
surface_x_position,A3,P1,64,5.6857142857,-51.224154879,-50.0531885374,-1.17096634163
surface_x_position,A3,P1,65,5.6964285714,-51.5041363201,-50.2628529574,-1.24128336272
surface_x_position,A3,P1,66,5.7071428571,-51.920673231,-50.3956229095,-1.52505032152
surface_x_position,A3,P1,67,5.7178571429,-51.9788653668,-50.2751056673,-1.70375969951
surface_x_position,A3,P1,68,5.7285714286,-51.6687680886,-49.9215711047,-1.7471969839
surface_x_position,A3,P1,69,5.7392857143,-51.5132495338,-49.6364579983,-1.8767915355
surface_x_position,A3,P1,70,5.7500000000,-51.6659031954,-49.6022569505,-2.06364624489
surface_x_position,A3,P1,71,5.7607142857,-51.9566090167,-49.7118187463,-2.2447902704
surface_x_position,A3,P1,72,5.7714285714,-52.4219683814,-49.9405920365,-2.48137634495
surface_x_position,A3,P1,73,5.7821428571,-52.6484825829,-50.0413081224,-2.60717446045
surface_x_position,A3,P1,74,5.7928571429,-52.805195092,-49.9295297316,-2.87566536038
surface_x_position,A3,P1,75,5.8035714286,-52.6127921703,-49.4971971337,-3.1155950366
surface_x_position,A3,P1,76,5.8142857143,-52.0983909344,-48.9713491762,-3.12704175818
surface_x_position,A3,P1,77,5.8250000000,-51.7398682157,-48.7642234918,-2.97564472386
surface_x_position,A3,P1,78,5.8357142857,-51.4571717935,-48.8680358211,-2.58913597245
surface_x_position,A3,P1,79,5.8464285714,-50.8243164363,-48.622185572,-2.20213086433
surface_x_position,A3,P1,80,5.8571428571,-50.1106413067,-48.2066788702,-1.90396243646
surface_x_position,A3,P1,81,5.8678571429,-48.8695115863,-47.3693672584,-1.50014432788
surface_x_position,A3,P1,82,5.8785714286,-47.3867214489,-46.3428515473,-1.04386990161
surface_x_position,A3,P1,83,5.8892857143,-45.985641075,-45.2775865406,-0.708054534404
surface_x_position,A3,P1,84,5.9000000000,-44.7193917418,-44.3075570351,-0.411834706708
surface_x_position,A3,P1,85,5.9107142857,-43.75323609,-43.4796405149,-0.273595575112
surface_x_position,A3,P1,86,5.9214285714,-43.3018086386,-42.9211524746,-0.380656164017
surface_x_position,A3,P1,87,5.9321428571,-43.0480236926,-42.5032889431,-0.544734749504
surface_x_position,A3,P1,88,5.9428571429,-43.1618620756,-42.3189400139,-0.84292206172
surface_x_position,A3,P1,89,5.9535714286,-43.1850362739,-42.0122914732,-1.1727448007
surface_x_position,A3,P1,90,5.9642857143,-43.6352320636,-42.1271794103,-1.50805265336
surface_x_position,A3,P1,91,5.9750000000,-44.4485919024,-42.4259180523,-2.02267385012
surface_x_position,A3,P1,92,5.9857142857,-45.5106620341,-42.9203079429,-2.59035409119
surface_x_position,A3,P1,93,5.9964285714,-46.71108475,-43.586424416,-3.12466033407
surface_x_position,A3,P1,94,6.0071428571,-48.1318433382,-44.3544202528,-3.77742308539
surface_x_position,A3,P1,95,6.0178571429,-49.50147366,-45.2396114339,-4.26186222611
surface_x_position,A3,P1,96,6.0285714286,-50.7309330294,-46.3335602457,-4.39737278363
surface_x_position,A3,P1,97,6.0392857143,-52.0116947712,-47.6233586992,-4.38833607205
surface_x_position,A3,P1,98,6.0500000000,-53.0826616731,-48.8695892309,-4.21307244221
surface_x_position,A3,P1,99,6.0607142857,-54.1475675285,-50.155346693,-3.99222083551
surface_x_position,A3,P1,100,6.0714285714,-55.0720502417,-51.2954597384,-3.77659050325
surface_x_position,A3,P1,101,6.0821428571,-55.7911699504,-52.1424172791,-3.64875267136
surface_x_position,A3,P1,102,6.0928571429,-56.1361216065,-52.856542139,-3.27957946754
surface_x_position,A3,P1,103,6.1035714286,-55.8377943011,-53.1864670758,-2.6513272253
surface_x_position,A3,P1,104,6.1142857143,-55.4874165971,-53.3978047809,-2.08961181624
surface_x_position,A3,P1,105,6.1250000000,-55.2848760871,-53.5125356798,-1.77234040729
surface_x_position,A3,P1,106,6.1357142857,-54.8821110296,-53.6469668026,-1.23514422697
surface_x_position,A3,P1,107,6.1464285714,-54.4836765267,-53.4806197143,-1.00305681236
surface_x_position,A3,P1,108,6.1571428571,-54.4013201881,-53.2791594933,-1.12216069477
surface_x_position,A3,P1,109,6.1678571429,-54.3206441502,-53.1487169025,-1.17192724765
surface_x_position,A3,P1,110,6.1785714286,-54.1591778925,-53.0249643653,-1.13421352724
surface_x_position,A3,P1,111,6.1892857143,-54.0079788003,-53.0179106569,-0.990068143397
surface_x_position,A3,P1,112,6.2000000000,-53.6779405439,-52.9636135461,-0.714326997722
surface_x_position,A3,P1,113,6.2107142857,-53.3862867897,-52.9383305063,-0.447956283334
surface_x_position,A3,P1,114,6.2214285714,-53.1369532573,-52.7933646721,-0.343588585166
surface_x_position,A3,P1,115,6.2321428571,-53.0371706849,-52.5668093704,-0.47036131446
surface_x_position,A3,P1,116,6.2428571429,-52.5602263247,-52.3892349665,-0.170991358206
surface_x_position,A3,P1,117,6.2535714286,-51.9744942915,-52.1455770103,0.171082718794
surface_x_position,A3,P1,118,6.2642857143,-51.6341715376,-52.0071429137,0.372971376134
surface_x_position,A3,P1,119,6.2750000000,-51.6411934806,-51.9758758049,0.334682324342
surface_x_position,A3,P1,120,6.2857142857,-51.3173457629,-51.8093657951,0.49202003227
surface_x_position,A3,P1,121,6.2964285714,-51.2047911725,-51.5211749099,0.316383737358
surface_x_position,A3,P1,122,6.3071428571,-51.7230544098,-51.4210919092,-0.301962500614
surface_x_position,A3,P1,123,6.3178571429,-52.252072333,-51.2953327547,-0.956739578361
surface_x_position,A3,P1,124,6.3285714286,-52.5762741249,-51.2058238283,-1.37045029656
surface_x_position,A3,P1,125,6.3392857143,-52.7262971331,-51.2008006659,-1.52549646713
surface_x_position,A3,P1,126,6.3500000000,-52.8293314771,-51.1805714185,-1.64876005861
surface_x_position,A3,P1,127,6.3607142857,-52.9078267606,-51.1673541274,-1.74047263324
surface_x_position,A3,P1,128,6.3714285714,-52.7495677814,-50.9393429972,-1.81022478418
surface_x_position,A3,P1,129,6.3821428571,-52.5218525389,-50.7151761327,-1.80667640628
surface_x_position,A3,P1,130,6.3928571429,-52.0558186067,-50.5579974148,-1.49782119186
surface_x_position,A3,P1,131,6.4035714286,-51.5216243166,-50.2537255786,-1.26789873796
surface_x_position,A3,P1,132,6.4142857143,-51.0041452408,-50.2176486179,-0.7864966229
surface_x_position,A3,P1,133,6.4250000000,-50.5195529986,-50.2130089854,-0.306544013233
surface_x_position,A3,P1,134,6.4357142857,-49.8012283119,-50.1500368164,0.348808504555
surface_x_position,A3,P1,135,6.4464285714,-49.2195088201,-50.0274955646,0.807986744501
surface_x_position,A3,P1,136,6.4571428571,-48.9578565135,-49.980630099,1.02277358553
surface_x_position,A3,P1,137,6.4678571429,-48.5851951674,-49.8044753111,1.21928014371
surface_x_position,A3,P1,138,6.4785714286,-48.0618427093,-49.4347454336,1.37290272422
surface_x_position,A3,P1,139,6.4892857143,-47.6138955836,-48.9176417241,1.30374614055
surface_x_position,A3,P1,140,6.5000000000,-47.3437050791,-48.5292449142,1.18553983512
surface_x_position,A3,P1,141,6.5107142857,-47.3081171854,-48.2062262985,0.898109113069
surface_x_position,A3,P1,142,6.5214285714,-47.1620661184,-47.7840910984,0.622024980049
surface_x_position,A3,P1,143,6.5321428571,-47.1615187857,-47.5557370704,0.394218284669
surface_x_position,A3,P1,144,6.5428571429,-47.1324600632,-47.3544989719,0.222038908672
surface_x_position,A3,P1,145,6.5535714286,-47.0707652214,-47.1226669087,0.0519016873407
surface_x_position,A3,P1,146,6.5642857143,-47.1187268198,-47.1506229643,0.0318961445669
surface_x_position,A3,P1,147,6.5750000000,-47.0328864253,-47.0608528276,0.0279664023723
surface_x_position,A3,P1,148,6.5857142857,-46.9983446258,-47.0243457479,0.0260011221091
surface_x_position,A3,P1,149,6.5964285714,-46.8948025923,-46.9651537791,0.0703511868182
surface_x_position,A3,P1,150,6.6071428571,-46.7432343726,-46.8945294025,0.151295029917
surface_x_position,A3,P1,151,6.6178571429,-46.5828143158,-46.7323369851,0.149522669368
surface_x_position,A3,P1,152,6.6285714286,-46.4764322817,-46.6267095306,0.150277248915
surface_x_position,A3,P1,153,6.6392857143,-46.4806744897,-46.5749424233,0.094267933605
surface_x_position,A3,P1,154,6.6500000000,-46.801525276,-46.8370199071,0.0354946310516
surface_x_position,A3,P1,155,6.6607142857,-47.1621015693,-46.9908860343,-0.171215534976
surface_x_position,A3,P1,156,6.6714285714,-47.4098253174,-47.0668884208,-0.342936896504
surface_x_position,A3,P1,157,6.6821428571,-47.7766646879,-47.3171645384,-0.459500149442
surface_x_position,A3,P1,158,6.6928571429,-48.1529608063,-47.5858719663,-0.567088840028
surface_x_position,A3,P1,159,6.7035714286,-48.6919350666,-48.0737645647,-0.618170501912
surface_x_position,A3,P1,160,6.7142857143,-49.2137125784,-48.664497899,-0.549214679442
surface_x_position,A3,P1,161,6.7250000000,-49.6877897064,-49.2795578794,-0.408231826977
surface_x_position,A3,P1,162,6.7357142857,-50.1700875309,-49.7588420278,-0.411245503108
surface_x_position,A3,P1,163,6.7464285714,-50.577556624,-50.257801274,-0.319755349923
surface_x_position,A3,P1,164,6.7571428571,-50.9720303836,-50.7528722999,-0.219158083659
surface_x_position,A3,P1,165,6.7678571429,-51.4459511355,-51.4318233075,-0.0141278279846
surface_x_position,A3,P1,166,6.7785714286,-51.821094678,-52.0662968319,0.245202153968
surface_x_position,A3,P1,167,6.7892857143,-52.325456216,-52.7080558253,0.382599609365
surface_x_position,A3,P1,168,6.8000000000,-52.9650921715,-53.463803483,0.498711311587
surface_x_position,A3,P1,169,6.8107142857,-53.4478951984,-54.0421060455,0.594210847135
surface_x_position,A3,P1,170,6.8214285714,-53.8663144504,-54.5702822007,0.703967750343
surface_x_position,A3,P1,171,6.8321428571,-54.2275437424,-55.0599079464,0.832364203932
surface_x_position,A3,P1,172,6.8428571429,-54.3999044373,-55.4517657004,1.05186126314
surface_x_position,A3,P1,173,6.8535714286,-54.4270567283,-55.6948387987,1.26778207037
surface_x_position,A3,P1,174,6.8642857143,-54.4667441973,-55.8815281458,1.41478394849
surface_x_position,A3,P1,175,6.8750000000,-54.2291649537,-55.8175638114,1.58839885777
surface_x_position,A3,P1,176,6.8857142857,-53.7895563642,-55.3200684512,1.53051208696
surface_x_position,A3,P1,177,6.8964285714,-53.399623023,-54.9012134681,1.50159044511
surface_x_position,A3,P1,178,6.9071428571,-52.8171254913,-54.3592763354,1.54215084418
surface_x_position,A3,P1,179,6.9178571429,-52.4432675559,-53.9555916968,1.5123241409
surface_x_position,A3,P1,180,6.9285714286,-52.1561995632,-53.5775831287,1.4213835655
surface_x_position,A3,P1,181,6.9392857143,-52.1935156519,-53.3353684259,1.141852774
surface_x_position,A3,P1,182,6.9500000000,-52.3439273751,-53.1922741652,0.848346790037
surface_x_position,A3,P1,183,6.9607142857,-52.4122636495,-52.972338742,0.560075092518
surface_x_position,A3,P1,184,6.9714285714,-52.158929675,-52.7665153985,0.607585723457
surface_x_position,A3,P1,185,6.9821428571,-51.7685940492,-52.5836623754,0.815068326215
surface_x_position,A3,P1,186,6.9928571429,-51.3339275099,-52.4619896065,1.12806209664
surface_x_position,A3,P1,187,7.0035714286,-50.9536816853,-52.3662370261,1.41255534072
surface_x_position,A3,P1,188,7.0142857143,-50.6735479631,-52.3857552836,1.7122073205
surface_x_position,A3,P1,189,7.0250000000,-50.4487449327,-52.4116519586,1.96290702589
surface_x_position,A3,P1,190,7.0357142857,-50.1495149223,-52.1836894982,2.03417457585
surface_x_position,A3,P1,191,7.0464285714,-49.6855184333,-51.8053979612,2.11987952786
surface_x_position,A3,P1,192,7.0571428571,-49.5320609045,-51.5499178743,2.01785696979
surface_x_position,A3,P1,193,7.0678571429,-49.8569082718,-51.4712462285,1.6143379567
surface_x_position,A3,P1,194,7.0785714286,-50.2334126881,-51.4165467108,1.18313402266
surface_x_position,A3,P1,195,7.0892857143,-50.5198190495,-51.2318735359,0.712054486349
surface_x_position,A3,P1,196,7.1000000000,-50.8087030666,-51.0083895245,0.199686457931
surface_x_position,A3,P1,197,7.1107142857,-50.8986003657,-50.7459324508,-0.152667914855
surface_x_position,A3,P1,198,7.1214285714,-50.6435651272,-50.4913674537,-0.152197673502
surface_x_position,A3,P1,199,7.1321428571,-50.2581118665,-50.32615623,0.0680443634638
surface_x_position,A3,P1,200,7.1428571429,-50.2308395184,-50.4700590092,0.239219490886
surface_x_position,A3,P1,201,7.1535714286,-50.4333476495,-50.8347801945,0.401432544973
surface_x_position,A3,P1,202,7.1642857143,-50.6316854999,-51.0173349587,0.385649458853
surface_x_position,A3,P1,203,7.1750000000,-50.8836268464,-51.1078006582,0.224173811817
surface_x_position,A3,P1,204,7.1857142857,-50.7543745771,-50.8712333712,0.116858794081
surface_x_position,A3,P1,205,7.1964285714,-50.5604463799,-50.6836201518,0.123173771805
surface_x_position,A3,P1,206,7.2071428571,-50.6129111357,-50.7022365711,0.0893254353251
surface_x_position,A3,P1,207,7.2178571429,-50.5091079757,-50.800847061,0.291739085277
surface_x_position,A3,P1,208,7.2285714286,-50.0459792457,-50.6777705354,0.631791289701
surface_x_position,A3,P1,209,7.2392857143,-49.4230691066,-50.5874199418,1.16435083518
surface_x_position,A3,P1,210,7.2500000000,-48.8610052565,-50.4642937879,1.60328853144
surface_x_position,A3,P1,211,7.2607142857,-48.1670587561,-50.1929804138,2.02592165767
surface_x_position,A3,P1,212,7.2714285714,-47.3546044305,-49.7937421952,2.43913776478
surface_x_position,A3,P1,213,7.2821428571,-46.6742316492,-49.4130034515,2.73877180238
surface_x_position,A3,P1,214,7.2928571429,-46.7030444129,-49.5153190571,2.81227464429
surface_x_position,A3,P1,215,7.3035714286,-46.7223748609,-49.5319733247,2.80959846378
surface_x_position,A3,P1,216,7.3142857143,-46.7948657151,-49.4809738912,2.68610817607
surface_x_position,A3,P1,217,7.3250000000,-46.8770247733,-49.3668678427,2.48984306939
surface_x_position,A3,P1,218,7.3357142857,-46.9037363312,-49.1741224706,2.27038613942
surface_x_position,A3,P1,219,7.3464285714,-46.9092270716,-48.9725504881,2.06332341649
surface_x_position,A3,P1,220,7.3571428571,-47.0045190058,-48.8884501037,1.88393109786
surface_x_position,A3,P1,221,7.3678571429,-47.0674841316,-48.950244309,1.88276017732
surface_x_position,A3,P1,222,7.3785714286,-46.9123611681,-48.781538127,1.86917695885
surface_x_position,A3,P1,223,7.3892857143,-46.6467336761,-48.6772242494,2.03049057325
surface_x_position,A3,P1,224,7.4000000000,-46.2638470976,-48.3182173912,2.05437029367
surface_x_position,A3,P1,225,7.4107142857,-45.7694557626,-47.8927703575,2.12331459489
surface_x_position,A3,P1,226,7.4214285714,-45.2451084484,-47.4416638303,2.19655538193
surface_x_position,A3,P1,227,7.4321428571,-44.9495481093,-47.1602158915,2.21066778223
surface_x_position,A3,P1,228,7.4428571429,-44.9646287567,-47.1974129607,2.23278420395
surface_x_position,A3,P1,229,7.4535714286,-44.8793184251,-47.1271993887,2.24788096355
surface_x_position,A3,P1,230,7.4642857143,-44.9718890919,-47.1083520859,2.13646299393
surface_x_position,A3,P1,231,7.4750000000,-45.1611788658,-46.9422443942,1.78106552839
surface_x_position,A3,P1,232,7.4857142857,-45.4218806172,-46.7090965735,1.28721595634
surface_x_position,A3,P1,233,7.4964285714,-45.6750112707,-46.4556668865,0.78065561585
surface_x_position,A3,P1,234,7.5071428571,-45.8890099674,-46.3775410419,0.48853107448
surface_x_position,A3,P1,235,7.5178571429,-45.9454471426,-46.4071932547,0.461746112063
surface_x_position,A3,P1,236,7.5285714286,-45.7938666588,-46.2998819727,0.506015313844
surface_x_position,A3,P1,237,7.5392857143,-45.4851121005,-46.1826852915,0.697573191028
surface_x_position,A3,P1,238,7.5500000000,-45.1608963503,-46.093755435,0.9328590847
surface_x_position,A3,P1,239,7.5607142857,-44.9588651209,-46.3115611792,1.35269605836
surface_x_position,A3,P1,240,7.5714285714,-44.8164170745,-46.5914960629,1.77507898842
surface_x_position,A3,P1,241,7.5821428571,-44.749010424,-46.9088767314,2.15986630745
surface_x_position,A3,P1,242,7.5928571429,-44.6914993499,-47.2562179479,2.564718598
surface_x_position,A3,P1,243,7.6035714286,-44.6936402279,-47.5900918153,2.89645158742
surface_x_position,A3,P1,244,7.6142857143,-44.7790064903,-47.8803819413,3.10137545102
surface_x_position,A3,P1,245,7.6250000000,-44.9077531489,-48.0273194764,3.11956632755
surface_x_position,A3,P1,246,7.6357142857,-45.1135306677,-48.1220240188,3.00849335112
surface_x_position,A3,P1,247,7.6464285714,-45.4877842771,-48.0607162581,2.57293198096
surface_x_position,A3,P1,248,7.6571428571,-45.7704543893,-47.9445156295,2.17406124013
surface_x_position,A3,P1,249,7.6678571429,-45.9676364356,-47.9201734043,1.95253696866
surface_x_position,A3,P1,250,7.6785714286,-46.2778224328,-47.9500885274,1.67226609455
surface_x_position,A3,P1,251,7.6892857143,-46.7698119464,-47.8351247464,1.06531280007
surface_x_position,A3,P1,252,7.7000000000,-47.2970166904,-47.8123172954,0.515300604943
surface_x_position,A3,P1,253,7.7107142857,-47.7063787978,-47.7241865617,0.0178077639419
surface_x_position,A3,P1,254,7.7214285714,-47.8982619132,-47.621870139,-0.276391774219
surface_x_position,A3,P1,255,7.7321428571,-47.796613276,-47.545372783,-0.251240492982
surface_x_position,A3,P1,256,7.7428571429,-47.5534337001,-47.6051024599,0.0516687598672
surface_x_position,A3,P1,257,7.7535714286,-47.3707211895,-47.8314518369,0.460730647398
surface_x_position,A3,P1,258,7.7642857143,-47.0209654729,-47.9758763066,0.954910833678
surface_x_position,A3,P1,259,7.7750000000,-46.819021706,-48.1107633216,1.29174161558
surface_x_position,A3,P1,260,7.7857142857,-46.8124972464,-48.078924839,1.2664275926
surface_x_position,A3,P1,261,7.7964285714,-46.999965623,-47.9278627537,0.927897130751
surface_x_position,A3,P1,262,7.8071428571,-46.9676333778,-47.7362124188,0.768579040975
surface_x_position,A3,P1,263,7.8178571429,-47.036246571,-47.5046595602,0.468412989154
surface_x_position,A3,P1,264,7.8285714286,-47.3332730611,-47.3326655372,-0.000607523904456
surface_x_position,A3,P1,265,7.8392857143,-47.6759711172,-46.8331388994,-0.842832217841
surface_x_position,A3,P1,266,7.8500000000,-47.8041879499,-46.3426104498,-1.46157750013
surface_x_position,A3,P1,267,7.8607142857,-47.7875650561,-45.8030112069,-1.98455384926
surface_x_position,A3,P1,268,7.8714285714,-47.6668853552,-45.4527827244,-2.21410263077
surface_x_position,A3,P1,269,7.8821428571,-47.4490624236,-45.1084569046,-2.34060551903
surface_x_position,A3,P1,270,7.8928571429,-47.0482008715,-44.571088455,-2.47711241651
surface_x_position,A3,P1,271,7.9035714286,-46.6321923504,-44.0658260912,-2.5663662592
surface_x_position,A3,P1,272,7.9142857143,-46.1294681797,-43.7071844081,-2.42228377164
surface_x_position,A3,P1,273,7.9250000000,-45.8618032213,-43.6739527779,-2.18785044346
surface_x_position,A3,P1,274,7.9357142857,-45.684929979,-43.7236441534,-1.96128582561
surface_x_position,A3,P1,275,7.9464285714,-45.5402033143,-43.8827216835,-1.65748163076
surface_x_position,A3,P1,276,7.9571428571,-45.4882394643,-44.2790851827,-1.20915428158
surface_x_position,A3,P1,277,7.9678571429,-45.6155792027,-44.7483135618,-0.867265640905
surface_x_position,A3,P1,278,7.9785714286,-45.7154873957,-45.190565774,-0.524921621684
surface_x_position,A3,P1,279,7.9892857143,-45.8049264803,-45.5406315467,-0.264294933559
surface_x_position,A3,P1,280,8.0000000000,-45.6667799919,-45.6711723027,0.00439231078008
surface_x_position,A3,P2,0,5.0000000000,-45.3654998704,-44.4960321452,-0.86946772525
surface_x_position,A3,P2,1,5.0107142857,-45.3183489313,-44.4790358691,-0.839313062246
surface_x_position,A3,P2,2,5.0214285714,-45.2571186868,-44.611589017,-0.645529669793
surface_x_position,A3,P2,3,5.0321428571,-45.1210320363,-44.6256296816,-0.495402354693
surface_x_position,A3,P2,4,5.0428571429,-44.8077305774,-44.6502030618,-0.157527515626
surface_x_position,A3,P2,5,5.0535714286,-44.3118611848,-44.5617402749,0.249879090066
surface_x_position,A3,P2,6,5.0642857143,-43.8439177797,-44.5126769676,0.668759187861
surface_x_position,A3,P2,7,5.0750000000,-43.411862342,-44.5557986515,1.14393630949
surface_x_position,A3,P2,8,5.0857142857,-43.0924777253,-44.6061307832,1.51365305786
surface_x_position,A3,P2,9,5.0964285714,-42.9819022427,-44.632909362,1.65100711925
surface_x_position,A3,P2,10,5.1071428571,-42.8597165511,-44.6796553038,1.81993875272
surface_x_position,A3,P2,11,5.1178571429,-42.7806469933,-44.7311492711,1.95050227784
surface_x_position,A3,P2,12,5.1285714286,-42.8611271076,-44.9774881739,2.11636106634
surface_x_position,A3,P2,13,5.1392857143,-42.8425659148,-45.0197871998,2.17722128504
surface_x_position,A3,P2,14,5.1500000000,-42.6950834142,-45.0478660222,2.35278260797
surface_x_position,A3,P2,15,5.1607142857,-42.3778667234,-44.9625433057,2.58467658237
surface_x_position,A3,P2,16,5.1714285714,-42.1388697905,-44.9126482332,2.7737784427
surface_x_position,A3,P2,17,5.1821428571,-41.8826391067,-44.7507791048,2.86813999809
surface_x_position,A3,P2,18,5.1928571429,-41.6127274257,-44.5860485518,2.97332112607
surface_x_position,A3,P2,19,5.2035714286,-41.2756257171,-44.3325004018,3.05687468473
surface_x_position,A3,P2,20,5.2142857143,-40.8737611421,-43.8895128007,3.01575165859
surface_x_position,A3,P2,21,5.2250000000,-40.5021674703,-43.4801339161,2.97796644579
surface_x_position,A3,P2,22,5.2357142857,-39.9798931908,-42.7506356831,2.77074249231
surface_x_position,A3,P2,23,5.2464285714,-39.3870042211,-41.8893596789,2.50235545779
surface_x_position,A3,P2,24,5.2571428571,-38.7834632142,-41.0843232101,2.30085999588
surface_x_position,A3,P2,25,5.2678571429,-38.198595298,-40.2178173376,2.01922203958
surface_x_position,A3,P2,26,5.2785714286,-38.022817699,-39.7279976642,1.70517996522
surface_x_position,A3,P2,27,5.2892857143,-38.3146532211,-39.5046495305,1.18999630939
surface_x_position,A3,P2,28,5.3000000000,-39.1573821962,-39.8656014573,0.708219261012
surface_x_position,A3,P2,29,5.3107142857,-40.5285007092,-40.782611999,0.254111289881
surface_x_position,A3,P2,30,5.3214285714,-42.0851487046,-42.0693821078,-0.0157665968099
surface_x_position,A3,P2,31,5.3321428571,-43.8988262958,-43.6797685166,-0.219057779142
surface_x_position,A3,P2,32,5.3428571429,-45.6484204825,-45.3726070248,-0.275813457723
surface_x_position,A3,P2,33,5.3535714286,-47.0781826608,-47.0495055614,-0.028677099389
surface_x_position,A3,P2,34,5.3642857143,-47.9988510851,-48.502798937,0.503947851896
surface_x_position,A3,P2,35,5.3750000000,-48.4111984942,-49.9204941316,1.5092956374
surface_x_position,A3,P2,36,5.3857142857,-48.2538916542,-50.8640567185,2.61016506426
surface_x_position,A3,P2,37,5.3964285714,-47.5061415099,-51.2573157771,3.75117426722
surface_x_position,A3,P2,38,5.4071428571,-46.4824217786,-51.3695985099,4.88717673133
surface_x_position,A3,P2,39,5.4178571429,-45.2770276836,-51.1570481528,5.88002046923
surface_x_position,A3,P2,40,5.4285714286,-44.4975967744,-51.113426762,6.61582998764
surface_x_position,A3,P2,41,5.4392857143,-44.2153183125,-51.1257454104,6.91042709791
surface_x_position,A3,P2,42,5.4500000000,-44.1773246734,-51.4484518622,7.27112718881
surface_x_position,A3,P2,43,5.4607142857,-44.7517901001,-51.9997622582,7.2479721581
surface_x_position,A3,P2,44,5.4714285714,-45.6479760741,-52.570512113,6.92253603889
surface_x_position,A3,P2,45,5.4821428571,-46.7585932166,-52.9525102064,6.1939169898
surface_x_position,A3,P2,46,5.4928571429,-47.7184487662,-53.0000915497,5.28164278346
surface_x_position,A3,P2,47,5.5035714286,-48.396092563,-53.0183383628,4.62224579986
surface_x_position,A3,P2,48,5.5142857143,-48.7469566213,-52.8246856501,4.0777290288
surface_x_position,A3,P2,49,5.5250000000,-48.8003529288,-52.3668651422,3.56651221339
surface_x_position,A3,P2,50,5.5357142857,-48.5691192031,-51.5061723998,2.93705319677
surface_x_position,A3,P2,51,5.5464285714,-48.044542542,-50.4007714612,2.35622891913
surface_x_position,A3,P2,52,5.5571428571,-47.4826492737,-49.4822549126,1.99960563888
surface_x_position,A3,P2,53,5.5678571429,-46.7096233061,-48.6197538638,1.91013055768
surface_x_position,A3,P2,54,5.5785714286,-45.904633951,-47.8030866216,1.89845267067
surface_x_position,A3,P2,55,5.5892857143,-45.1245774777,-47.1489425005,2.02436502278
surface_x_position,A3,P2,56,5.6000000000,-44.4409607147,-46.8661083237,2.42514760904
surface_x_position,A3,P2,57,5.6107142857,-44.2327103866,-46.7849998836,2.55228949694
surface_x_position,A3,P2,58,5.6214285714,-44.2611015324,-46.9704921085,2.7093905761
surface_x_position,A3,P2,59,5.6321428571,-44.3243996014,-47.1799132831,2.85551368169
surface_x_position,A3,P2,60,5.6428571429,-44.3171319634,-47.3837835134,3.06665155001
surface_x_position,A3,P2,61,5.6535714286,-44.2215049463,-47.8030843464,3.5815794001
surface_x_position,A3,P2,62,5.6642857143,-44.072095669,-48.0804646979,4.00836902893
surface_x_position,A3,P2,63,5.6750000000,-43.7878154848,-48.0873523158,4.29953683104
surface_x_position,A3,P2,64,5.6857142857,-43.8047867403,-48.4126393097,4.60785256943
surface_x_position,A3,P2,65,5.6964285714,-43.968909965,-48.7551772117,4.78626724668
surface_x_position,A3,P2,66,5.7071428571,-44.3117723096,-49.2048162506,4.89304394105
surface_x_position,A3,P2,67,5.7178571429,-44.6066217613,-49.4397505776,4.83312881634
surface_x_position,A3,P2,68,5.7285714286,-44.7452129587,-49.2951277481,4.54991478941
surface_x_position,A3,P2,69,5.7392857143,-44.8793658362,-48.9713100033,4.09194416708
surface_x_position,A3,P2,70,5.7500000000,-45.1461373196,-48.5385572114,3.39241989185
surface_x_position,A3,P2,71,5.7607142857,-45.2177074217,-47.9122093841,2.69450196238
surface_x_position,A3,P2,72,5.7714285714,-45.370673974,-47.3407462873,1.97007231337
surface_x_position,A3,P2,73,5.7821428571,-45.6423586514,-46.9944630296,1.35210437819
surface_x_position,A3,P2,74,5.7928571429,-45.9414202023,-46.7432477112,0.80182750895
surface_x_position,A3,P2,75,5.8035714286,-46.3665815511,-46.7138893518,0.347307800743
surface_x_position,A3,P2,76,5.8142857143,-46.7075369088,-46.8122211841,0.104684275259
surface_x_position,A3,P2,77,5.8250000000,-46.9091207748,-47.1210915126,0.211970737868
surface_x_position,A3,P2,78,5.8357142857,-47.3949874595,-47.860985361,0.465997901512
surface_x_position,A3,P2,79,5.8464285714,-47.6998747532,-48.2486538124,0.54877905921
surface_x_position,A3,P2,80,5.8571428571,-47.9702146881,-48.7369598955,0.766745207434
surface_x_position,A3,P2,81,5.8678571429,-47.9632132432,-48.9485035195,0.985290276277
surface_x_position,A3,P2,82,5.8785714286,-47.590002642,-48.9264765022,1.33647386024
surface_x_position,A3,P2,83,5.8892857143,-47.039122446,-48.6033240417,1.56420159578
surface_x_position,A3,P2,84,5.9000000000,-46.3051462575,-48.0741668128,1.76902055533
surface_x_position,A3,P2,85,5.9107142857,-45.5162660439,-47.3966235963,1.88035755236
surface_x_position,A3,P2,86,5.9214285714,-45.0053764344,-46.8545043113,1.84912787684
surface_x_position,A3,P2,87,5.9321428571,-44.7220344812,-46.4530223247,1.73098784351
surface_x_position,A3,P2,88,5.9428571429,-44.6652484109,-46.1739986707,1.50875025974
surface_x_position,A3,P2,89,5.9535714286,-44.6427586053,-45.7721226339,1.12936402861
surface_x_position,A3,P2,90,5.9642857143,-44.5538046472,-45.5861168897,1.03231224244
surface_x_position,A3,P2,91,5.9750000000,-44.3894382974,-45.4800744069,1.09063610947
surface_x_position,A3,P2,92,5.9857142857,-44.5201777382,-45.6705207565,1.15034301831
surface_x_position,A3,P2,93,5.9964285714,-44.7372251218,-46.016436619,1.27921149714
surface_x_position,A3,P2,94,6.0071428571,-44.8887020434,-46.547319224,1.65861718052
surface_x_position,A3,P2,95,6.0178571429,-45.3052838438,-47.259388812,1.95410496813
surface_x_position,A3,P2,96,6.0285714286,-45.8457728881,-48.2394106427,2.39363775458
surface_x_position,A3,P2,97,6.0392857143,-46.6611897736,-49.276575085,2.61538531134
surface_x_position,A3,P2,98,6.0500000000,-47.5241358106,-50.3482433022,2.82410749163
surface_x_position,A3,P2,99,6.0607142857,-48.4361961824,-51.4163292801,2.98013309767
surface_x_position,A3,P2,100,6.0714285714,-49.1065395726,-52.102292217,2.99575264445
surface_x_position,A3,P2,101,6.0821428571,-49.5544014009,-52.6004615092,3.04606010831
surface_x_position,A3,P2,102,6.0928571429,-49.8827995375,-53.0317530418,3.14895350428
surface_x_position,A3,P2,103,6.1035714286,-50.3487325571,-53.3281983646,2.97946580749
surface_x_position,A3,P2,104,6.1142857143,-50.6484812809,-53.4365210528,2.7880397719
surface_x_position,A3,P2,105,6.1250000000,-50.6691833266,-53.3951043716,2.72592104498
surface_x_position,A3,P2,106,6.1357142857,-50.9966594113,-53.6421666367,2.64550722545
surface_x_position,A3,P2,107,6.1464285714,-51.0571397068,-53.5463247255,2.48918501868
surface_x_position,A3,P2,108,6.1571428571,-50.956990909,-53.2322904339,2.27529952492
surface_x_position,A3,P2,109,6.1678571429,-51.2405123402,-53.143826724,1.90331438371
surface_x_position,A3,P2,110,6.1785714286,-51.5802644279,-53.315161073,1.73489664516
surface_x_position,A3,P2,111,6.1892857143,-52.1328444941,-53.5975329352,1.46468844104
surface_x_position,A3,P2,112,6.2000000000,-52.5589725327,-53.8399872051,1.28101467236
surface_x_position,A3,P2,113,6.2107142857,-52.8370276082,-54.0450380643,1.20801045613
surface_x_position,A3,P2,114,6.2214285714,-52.7620058605,-53.9380901765,1.17608431605
surface_x_position,A3,P2,115,6.2321428571,-52.5795519039,-53.9270028364,1.34745093255
surface_x_position,A3,P2,116,6.2428571429,-52.6087930817,-54.055367527,1.44657444529
surface_x_position,A3,P2,117,6.2535714286,-52.6987850036,-54.1045485568,1.40576355314
surface_x_position,A3,P2,118,6.2642857143,-52.4685289928,-53.9120269768,1.44349798399
surface_x_position,A3,P2,119,6.2750000000,-52.1305240532,-53.6819007424,1.55137668928
surface_x_position,A3,P2,120,6.2857142857,-52.270355042,-53.5789226373,1.30856759534
surface_x_position,A3,P2,121,6.2964285714,-52.1354721947,-53.132434854,0.996962659386
surface_x_position,A3,P2,122,6.3071428571,-51.9001991079,-52.6846228176,0.784423709703
surface_x_position,A3,P2,123,6.3178571429,-51.7530377859,-52.3990694061,0.646031620223
surface_x_position,A3,P2,124,6.3285714286,-51.8735708082,-52.3840697949,0.51049898674
surface_x_position,A3,P2,125,6.3392857143,-52.2934554901,-52.4608705415,0.167415051434
surface_x_position,A3,P2,126,6.3500000000,-52.8075312557,-52.5279542448,-0.279577010971
surface_x_position,A3,P2,127,6.3607142857,-53.4733627699,-52.5847129931,-0.888649776823
surface_x_position,A3,P2,128,6.3714285714,-53.9598464241,-52.4381605927,-1.52168583132
surface_x_position,A3,P2,129,6.3821428571,-54.5375259994,-52.4164479975,-2.12107800191
surface_x_position,A3,P2,130,6.3928571429,-55.0210173764,-52.7375212987,-2.28349607779
surface_x_position,A3,P2,131,6.4035714286,-55.4819654802,-52.9982344919,-2.48373098823
surface_x_position,A3,P2,132,6.4142857143,-55.7516032105,-53.3894890635,-2.36211414701
surface_x_position,A3,P2,133,6.4250000000,-55.9466159223,-53.7755888834,-2.17102703893
surface_x_position,A3,P2,134,6.4357142857,-56.1423986182,-54.1932137399,-1.94918487829
surface_x_position,A3,P2,135,6.4464285714,-55.7480351702,-54.3043508514,-1.44368431879
surface_x_position,A3,P2,136,6.4571428571,-55.0527891319,-54.31822595,-0.734563181927
surface_x_position,A3,P2,137,6.4678571429,-54.2467097549,-54.1263868921,-0.120322862858
surface_x_position,A3,P2,138,6.4785714286,-53.5167301397,-53.7902467865,0.273516646781
surface_x_position,A3,P2,139,6.4892857143,-52.6952937596,-53.2442708393,0.548977079733
surface_x_position,A3,P2,140,6.5000000000,-52.1048498836,-52.8149589035,0.710109019914
surface_x_position,A3,P2,141,6.5107142857,-51.6428019326,-52.2413304731,0.598528540545
surface_x_position,A3,P2,142,6.5214285714,-51.1398943655,-51.5697127464,0.429818380912
surface_x_position,A3,P2,143,6.5321428571,-50.9898570814,-51.0526217241,0.0627646426694
surface_x_position,A3,P2,144,6.5428571429,-50.8607750337,-50.7563755729,-0.104399460767
surface_x_position,A3,P2,145,6.5535714286,-51.0461275228,-50.4744641684,-0.571663354374
surface_x_position,A3,P2,146,6.5642857143,-51.2579800477,-50.4103293219,-0.84765072581
surface_x_position,A3,P2,147,6.5750000000,-51.6184070813,-50.385156139,-1.23325094231
surface_x_position,A3,P2,148,6.5857142857,-51.8494052639,-50.4491302811,-1.40027498281
surface_x_position,A3,P2,149,6.5964285714,-51.9461797358,-50.4555562001,-1.49062353569
surface_x_position,A3,P2,150,6.6071428571,-52.0243431911,-50.4622391098,-1.56210408125
surface_x_position,A3,P2,151,6.6178571429,-52.1435414104,-50.3967542009,-1.74678720957
surface_x_position,A3,P2,152,6.6285714286,-52.2779160584,-50.4630148036,-1.81490125482
surface_x_position,A3,P2,153,6.6392857143,-52.2643382792,-50.5690044064,-1.69533387281
surface_x_position,A3,P2,154,6.6500000000,-52.3553731002,-50.9085239564,-1.4468491438
surface_x_position,A3,P2,155,6.6607142857,-52.4273989289,-50.9956923472,-1.43170658168
surface_x_position,A3,P2,156,6.6714285714,-52.4689056927,-50.9370646764,-1.53184101628
surface_x_position,A3,P2,157,6.6821428571,-52.6959657814,-50.9530925135,-1.74287326793
surface_x_position,A3,P2,158,6.6928571429,-52.8711822559,-51.1270502747,-1.74413198124
surface_x_position,A3,P2,159,6.7035714286,-53.1853846344,-51.5073317843,-1.67805285015
surface_x_position,A3,P2,160,6.7142857143,-53.8146890642,-52.0073976326,-1.80729143155
surface_x_position,A3,P2,161,6.7250000000,-54.4890707812,-52.441112734,-2.0479580472
surface_x_position,A3,P2,162,6.7357142857,-55.0429357412,-52.8109303573,-2.23200538397
surface_x_position,A3,P2,163,6.7464285714,-55.4854623293,-53.00124137,-2.4842209593
surface_x_position,A3,P2,164,6.7571428571,-55.5586154664,-53.0920996734,-2.46651579304
surface_x_position,A3,P2,165,6.7678571429,-55.7407335892,-53.3208243175,-2.41990927172
surface_x_position,A3,P2,166,6.7785714286,-55.7035376837,-53.4881342744,-2.21540340932
surface_x_position,A3,P2,167,6.7892857143,-55.3675451797,-53.5215685975,-1.8459765822
surface_x_position,A3,P2,168,6.8000000000,-55.0070097336,-53.5371338923,-1.4698758413
surface_x_position,A3,P2,169,6.8107142857,-54.5581520475,-53.4457874272,-1.11236462028
surface_x_position,A3,P2,170,6.8214285714,-54.0074481592,-53.3335991716,-0.673848987591
surface_x_position,A3,P2,171,6.8321428571,-53.504613529,-53.2226476641,-0.281965864881
surface_x_position,A3,P2,172,6.8428571429,-53.0862985227,-53.1854701306,0.0991716078966
surface_x_position,A3,P2,173,6.8535714286,-52.887753642,-53.136603478,0.248849836017
surface_x_position,A3,P2,174,6.8642857143,-52.8955646669,-53.0750513013,0.179486634424
surface_x_position,A3,P2,175,6.8750000000,-53.013028027,-52.9267032318,-0.0863247951181
surface_x_position,A3,P2,176,6.8857142857,-53.0916537749,-52.5705728122,-0.52108096267
surface_x_position,A3,P2,177,6.8964285714,-53.0797524861,-52.1389462369,-0.940806249182
surface_x_position,A3,P2,178,6.9071428571,-53.1024178042,-51.7280326888,-1.37438511542
surface_x_position,A3,P2,179,6.9178571429,-53.3419701587,-51.3967911889,-1.94517896975
surface_x_position,A3,P2,180,6.9285714286,-53.4305877234,-51.1085043569,-2.3220833665
surface_x_position,A3,P2,181,6.9392857143,-53.4173998615,-50.7910867602,-2.62631310128
surface_x_position,A3,P2,182,6.9500000000,-53.472586468,-50.5887917445,-2.88379472357
surface_x_position,A3,P2,183,6.9607142857,-53.3372445135,-50.4970385649,-2.84020594856
surface_x_position,A3,P2,184,6.9714285714,-53.3937889494,-50.5998311396,-2.79395780978
surface_x_position,A3,P2,185,6.9821428571,-53.3641133148,-50.7083868828,-2.65572643203
surface_x_position,A3,P2,186,6.9928571429,-53.3750602646,-50.9575871165,-2.41747314813
surface_x_position,A3,P2,187,7.0035714286,-53.3526300856,-51.2307654306,-2.12186465496
surface_x_position,A3,P2,188,7.0142857143,-53.3666916777,-51.6161632109,-1.75052846681
surface_x_position,A3,P2,189,7.0250000000,-53.2812529188,-51.8616601271,-1.41959279164
surface_x_position,A3,P2,190,7.0357142857,-52.9871508502,-51.7195571293,-1.26759372089
surface_x_position,A3,P2,191,7.0464285714,-52.7046922094,-51.331878577,-1.37281363242
surface_x_position,A3,P2,192,7.0571428571,-52.5581544304,-50.8332772523,-1.72487717811
surface_x_position,A3,P2,193,7.0678571429,-52.2985947951,-50.2982687182,-2.00032607695
surface_x_position,A3,P2,194,7.0785714286,-51.9867483666,-49.9697166706,-2.017031696
surface_x_position,A3,P2,195,7.0892857143,-51.6802955909,-49.4802715311,-2.20002405977
surface_x_position,A3,P2,196,7.1000000000,-51.4020444735,-48.9929259399,-2.40911853362
surface_x_position,A3,P2,197,7.1107142857,-51.0741743742,-48.766504982,-2.3076693922
surface_x_position,A3,P2,198,7.1214285714,-50.9032868311,-48.7038900419,-2.19939678917
surface_x_position,A3,P2,199,7.1321428571,-50.8290997223,-48.6951574404,-2.1339422819
surface_x_position,A3,P2,200,7.1428571429,-50.9289810717,-48.7387852527,-2.19019581895
surface_x_position,A3,P2,201,7.1535714286,-51.0331100285,-49.089617175,-1.94349285351
surface_x_position,A3,P2,202,7.1642857143,-51.1035195796,-49.4205400186,-1.68297956103
surface_x_position,A3,P2,203,7.1750000000,-50.9378049406,-49.6249418827,-1.31286305787
surface_x_position,A3,P2,204,7.1857142857,-50.6624181385,-49.7176620083,-0.94475613022
surface_x_position,A3,P2,205,7.1964285714,-50.4678723788,-49.7406640704,-0.727208308421
surface_x_position,A3,P2,206,7.2071428571,-50.2751244761,-49.7890033333,-0.48612114282
surface_x_position,A3,P2,207,7.2178571429,-50.0337515176,-49.9403885217,-0.0933629958103
surface_x_position,A3,P2,208,7.2285714286,-49.6519502678,-49.9942655961,0.342315328305
surface_x_position,A3,P2,209,7.2392857143,-49.3235496475,-49.9126178813,0.589068233853
surface_x_position,A3,P2,210,7.2500000000,-48.9818854252,-49.8700696882,0.888184263007
surface_x_position,A3,P2,211,7.2607142857,-48.6537824444,-49.7749480183,1.12116557386
surface_x_position,A3,P2,212,7.2714285714,-48.5959565118,-49.4300943864,0.834137874603
surface_x_position,A3,P2,213,7.2821428571,-48.8627697878,-49.030704492,0.167934704201
surface_x_position,A3,P2,214,7.2928571429,-49.1546435198,-48.7270702868,-0.427573232967
surface_x_position,A3,P2,215,7.3035714286,-49.4099688783,-48.6180337246,-0.791935153768
surface_x_position,A3,P2,216,7.3142857143,-49.5913660901,-48.4858273388,-1.10553875127
surface_x_position,A3,P2,217,7.3250000000,-49.6861899038,-48.4156212461,-1.27056865767
surface_x_position,A3,P2,218,7.3357142857,-49.6469616223,-48.289766853,-1.35719476929
surface_x_position,A3,P2,219,7.3464285714,-49.574049946,-48.2328076371,-1.34124230881
surface_x_position,A3,P2,220,7.3571428571,-49.4195710323,-48.3599946519,-1.05957638045
surface_x_position,A3,P2,221,7.3678571429,-49.2136993094,-48.5531099836,-0.660589325841
surface_x_position,A3,P2,222,7.3785714286,-48.7794204851,-48.5882439154,-0.191176569751
surface_x_position,A3,P2,223,7.3892857143,-48.4258087114,-48.7596470633,0.333838351933
surface_x_position,A3,P2,224,7.4000000000,-48.3659189832,-48.8345540926,0.468635109398
surface_x_position,A3,P2,225,7.4107142857,-48.4728242229,-48.85251957,0.379695347077
surface_x_position,A3,P2,226,7.4214285714,-48.7370731727,-48.7835650945,0.0464919218062
surface_x_position,A3,P2,227,7.4321428571,-48.9041145088,-48.7324192107,-0.171695298093
surface_x_position,A3,P2,228,7.4428571429,-48.907151513,-48.6847965953,-0.222354917656
surface_x_position,A3,P2,229,7.4535714286,-48.859036869,-48.5720468508,-0.286990018218
surface_x_position,A3,P2,230,7.4642857143,-48.8795678283,-48.4836073537,-0.395960474614
surface_x_position,A3,P2,231,7.4750000000,-48.8127314501,-48.2665843861,-0.546147064031
surface_x_position,A3,P2,232,7.4857142857,-48.6676878409,-48.0266850726,-0.641002768285
surface_x_position,A3,P2,233,7.4964285714,-48.4104739462,-47.9761699348,-0.434304011455
surface_x_position,A3,P2,234,7.5071428571,-48.0526429155,-47.9378894303,-0.114753485179
surface_x_position,A3,P2,235,7.5178571429,-47.6634736879,-47.8596024235,0.196128735649
surface_x_position,A3,P2,236,7.5285714286,-47.1580954545,-47.6331971464,0.47510169194
surface_x_position,A3,P2,237,7.5392857143,-46.8377701149,-47.4539156876,0.616145572738
surface_x_position,A3,P2,238,7.5500000000,-46.8266853338,-47.2976090288,0.470923695011
surface_x_position,A3,P2,239,7.5607142857,-46.7637121716,-47.4183988214,0.654686649802
surface_x_position,A3,P2,240,7.5714285714,-46.7123841948,-47.5202892998,0.807905104919
surface_x_position,A3,P2,241,7.5821428571,-46.6084309599,-47.7180427518,1.10961179192
surface_x_position,A3,P2,242,7.5928571429,-46.5840149532,-47.9579520248,1.37393707157
surface_x_position,A3,P2,243,7.6035714286,-46.7210155769,-48.2966476062,1.57563202927
surface_x_position,A3,P2,244,7.6142857143,-47.0604553529,-48.8316648946,1.77120954167
surface_x_position,A3,P2,245,7.6250000000,-47.3908792806,-49.3641995557,1.97332027511
surface_x_position,A3,P2,246,7.6357142857,-47.7869910449,-49.933332923,2.1463418781
surface_x_position,A3,P2,247,7.6464285714,-48.0518582719,-50.3655833511,2.31372507919
surface_x_position,A3,P2,248,7.6571428571,-48.1971609359,-50.6892091676,2.49204823174
surface_x_position,A3,P2,249,7.6678571429,-48.2675728862,-50.8460309693,2.57845808312
surface_x_position,A3,P2,250,7.6785714286,-48.3360338151,-50.8021793018,2.46614548672
surface_x_position,A3,P2,251,7.6892857143,-48.4914494718,-50.8050978636,2.31364839186
surface_x_position,A3,P2,252,7.7000000000,-48.6070209758,-50.8297032952,2.2226823194
surface_x_position,A3,P2,253,7.7107142857,-48.7367095603,-50.940728996,2.20401943575
surface_x_position,A3,P2,254,7.7214285714,-48.7598479092,-50.9704210836,2.21057317435
surface_x_position,A3,P2,255,7.7321428571,-48.5975759477,-50.8746184897,2.27704254204
surface_x_position,A3,P2,256,7.7428571429,-48.3457340066,-50.8147017841,2.46896777749
surface_x_position,A3,P2,257,7.7535714286,-48.2418331089,-50.8466398209,2.60480671199
surface_x_position,A3,P2,258,7.7642857143,-48.017180991,-50.7536736355,2.73649264451
surface_x_position,A3,P2,259,7.7750000000,-47.8192943018,-50.6783043327,2.85901003086
surface_x_position,A3,P2,260,7.7857142857,-47.7229303762,-50.5112456578,2.78831528159
surface_x_position,A3,P2,261,7.7964285714,-47.6653764982,-50.5476975601,2.88232106193
surface_x_position,A3,P2,262,7.8071428571,-47.4118346526,-50.4655958021,3.05376114951
surface_x_position,A3,P2,263,7.8178571429,-47.4060178436,-50.4593365389,3.05331869528
surface_x_position,A3,P2,264,7.8285714286,-47.6152031542,-50.6035000426,2.9882968884
surface_x_position,A3,P2,265,7.8392857143,-47.9359532203,-50.716760872,2.78080765174
surface_x_position,A3,P2,266,7.8500000000,-48.1037458917,-50.8319257718,2.72817988016
surface_x_position,A3,P2,267,7.8607142857,-48.2746308725,-51.0846324824,2.8100016099
surface_x_position,A3,P2,268,7.8714285714,-48.4310948638,-51.3391584579,2.90806359409
surface_x_position,A3,P2,269,7.8821428571,-48.5305384848,-51.4032319335,2.87269344874
surface_x_position,A3,P2,270,7.8928571429,-48.4189644856,-51.1525988852,2.73363439965
surface_x_position,A3,P2,271,7.9035714286,-48.254776993,-50.6420215551,2.38724456208
surface_x_position,A3,P2,272,7.9142857143,-47.9072439878,-50.0185153167,2.11127132891
surface_x_position,A3,P2,273,7.9250000000,-47.7415438566,-49.6826600622,1.94111620559
surface_x_position,A3,P2,274,7.9357142857,-47.6599080872,-49.3644819603,1.70457387307
surface_x_position,A3,P2,275,7.9464285714,-47.6632637453,-49.2727093241,1.60944557878
surface_x_position,A3,P2,276,7.9571428571,-47.7045400199,-49.2683848514,1.56384483156
surface_x_position,A3,P2,277,7.9678571429,-48.1626510942,-49.5801364728,1.41748537862
surface_x_position,A3,P2,278,7.9785714286,-48.4728188611,-49.7554364166,1.28261755545
surface_x_position,A3,P2,279,7.9892857143,-48.7602520447,-49.9067124966,1.14646045192
surface_x_position,A3,P2,280,8.0000000000,-48.7622267883,-49.9720684062,1.20984161791
surface_x_position,A3,P3,0,5.0000000000,-53.764213395,-55.4562518115,1.6920384165
surface_x_position,A3,P3,1,5.0107142857,-53.2458955355,-55.0128236449,1.76692810943
surface_x_position,A3,P3,2,5.0214285714,-52.9365249312,-54.5912973945,1.65477246326
surface_x_position,A3,P3,3,5.0321428571,-52.589838381,-54.2001938097,1.61035542871
surface_x_position,A3,P3,4,5.0428571429,-52.9105775266,-54.330018483,1.41944095646
surface_x_position,A3,P3,5,5.0535714286,-53.2112073556,-54.329744556,1.11853720045
surface_x_position,A3,P3,6,5.0642857143,-53.8212397354,-54.3422699243,0.521030188882
surface_x_position,A3,P3,7,5.0750000000,-54.8527746151,-54.5379871811,-0.314787434014
surface_x_position,A3,P3,8,5.0857142857,-55.533823086,-54.712856474,-0.820966612005
surface_x_position,A3,P3,9,5.0964285714,-56.0242465162,-54.9750644216,-1.04918209462
surface_x_position,A3,P3,10,5.1071428571,-56.8025214093,-55.4512985369,-1.35122287246
surface_x_position,A3,P3,11,5.1178571429,-57.9511540745,-56.2072442821,-1.74390979238
surface_x_position,A3,P3,12,5.1285714286,-59.3154483597,-57.0223737891,-2.29307457057
surface_x_position,A3,P3,13,5.1392857143,-60.1655803094,-57.5032517669,-2.66232854252
surface_x_position,A3,P3,14,5.1500000000,-61.0145189245,-57.7941838504,-3.22033507406
surface_x_position,A3,P3,15,5.1607142857,-61.7649118702,-57.8907258777,-3.87418599251
surface_x_position,A3,P3,16,5.1714285714,-62.2623062339,-57.8407221832,-4.4215840507
surface_x_position,A3,P3,17,5.1821428571,-62.6865935685,-57.8359468388,-4.85064672961
surface_x_position,A3,P3,18,5.1928571429,-63.1944237979,-57.9895346945,-5.20488910346
surface_x_position,A3,P3,19,5.2035714286,-63.3352343946,-57.8423087781,-5.49292561649
surface_x_position,A3,P3,20,5.2142857143,-63.1383663345,-57.4194692502,-5.71889708432
surface_x_position,A3,P3,21,5.2250000000,-62.4980696997,-56.6728330243,-5.82523667539
surface_x_position,A3,P3,22,5.2357142857,-61.0392334141,-55.4614281347,-5.57780527941
surface_x_position,A3,P3,23,5.2464285714,-59.3720272277,-54.1888670051,-5.18316022258
surface_x_position,A3,P3,24,5.2571428571,-57.6576507532,-52.7751237583,-4.88252699486
surface_x_position,A3,P3,25,5.2678571429,-55.767022761,-51.3884786171,-4.37854414394
surface_x_position,A3,P3,26,5.2785714286,-53.957149012,-50.1789466127,-3.77820239935
surface_x_position,A3,P3,27,5.2892857143,-51.8470391771,-49.0283690068,-2.81867017021
surface_x_position,A3,P3,28,5.3000000000,-50.3178669455,-48.4162577918,-1.90160915372
surface_x_position,A3,P3,29,5.3107142857,-49.0730309597,-48.2197721407,-0.853258819077
surface_x_position,A3,P3,30,5.3214285714,-48.6010004186,-48.6178506764,0.0168502578381
surface_x_position,A3,P3,31,5.3321428571,-48.6021689348,-49.4845109799,0.882342045174
surface_x_position,A3,P3,32,5.3428571429,-48.8939289106,-50.5342359509,1.64030704029
surface_x_position,A3,P3,33,5.3535714286,-49.3796746624,-51.6305338008,2.25085913837
surface_x_position,A3,P3,34,5.3642857143,-49.965242417,-52.5807265764,2.61548415943
surface_x_position,A3,P3,35,5.3750000000,-51.2716358406,-53.6386131901,2.36697734952
surface_x_position,A3,P3,36,5.3857142857,-52.5756850055,-54.451207954,1.87552294853
surface_x_position,A3,P3,37,5.3964285714,-53.9842791842,-55.0504779843,1.06619880011
surface_x_position,A3,P3,38,5.4071428571,-55.4680558157,-55.5256751398,0.0576193240886
surface_x_position,A3,P3,39,5.4178571429,-57.1866778182,-56.0482076483,-1.13847016991
surface_x_position,A3,P3,40,5.4285714286,-59.1122040351,-56.6996825844,-2.41252145076
surface_x_position,A3,P3,41,5.4392857143,-60.2656783601,-56.991885248,-3.2737931121
surface_x_position,A3,P3,42,5.4500000000,-61.8947372999,-57.679789789,-4.21494751095
surface_x_position,A3,P3,43,5.4607142857,-63.087039704,-58.0938906517,-4.99314905231
surface_x_position,A3,P3,44,5.4714285714,-63.9712754933,-58.5614169408,-5.40985855249
surface_x_position,A3,P3,45,5.4821428571,-63.979498656,-58.7916006271,-5.18789802894
surface_x_position,A3,P3,46,5.4928571429,-63.3203115516,-58.7040894113,-4.61622214027
surface_x_position,A3,P3,47,5.5035714286,-62.5534391166,-58.4621136345,-4.09132548202
surface_x_position,A3,P3,48,5.5142857143,-61.4477283663,-57.8755760339,-3.57215233242
surface_x_position,A3,P3,49,5.5250000000,-60.0567504883,-57.1853307956,-2.87141969268
surface_x_position,A3,P3,50,5.5357142857,-58.4408062277,-56.4534043005,-1.98740192719
surface_x_position,A3,P3,51,5.5464285714,-56.9141413232,-55.762639342,-1.15150198127
surface_x_position,A3,P3,52,5.5571428571,-55.6210386896,-55.1795015014,-0.441537188257
surface_x_position,A3,P3,53,5.5678571429,-54.9747446827,-54.7717671398,-0.202977542863
surface_x_position,A3,P3,54,5.5785714286,-54.3433530668,-54.2527726917,-0.0905803750744
surface_x_position,A3,P3,55,5.5892857143,-53.8255510559,-53.6908353441,-0.134715711843
surface_x_position,A3,P3,56,5.6000000000,-54.3118417666,-53.712484512,-0.599357254582
surface_x_position,A3,P3,57,5.6107142857,-54.5134015639,-53.5293602834,-0.984041280478
surface_x_position,A3,P3,58,5.6214285714,-54.9078331814,-53.6386565177,-1.26917666369
surface_x_position,A3,P3,59,5.6321428571,-55.237847905,-53.6058205659,-1.63202733909
surface_x_position,A3,P3,60,5.6428571429,-55.4031645998,-53.3843137382,-2.01885086167
surface_x_position,A3,P3,61,5.6535714286,-55.7118003611,-53.0994497536,-2.61235060748
surface_x_position,A3,P3,62,5.6642857143,-55.5616731114,-52.4629957363,-3.09867737518
surface_x_position,A3,P3,63,5.6750000000,-55.0220204664,-51.7911708619,-3.23084960451
surface_x_position,A3,P3,64,5.6857142857,-54.885755188,-51.4488689601,-3.43688622781
surface_x_position,A3,P3,65,5.6964285714,-54.6874616757,-51.1424777917,-3.54498388396
surface_x_position,A3,P3,66,5.7071428571,-54.5894830554,-51.2214894358,-3.36799361954
surface_x_position,A3,P3,67,5.7178571429,-54.6111851808,-51.4818160639,-3.12936911682
surface_x_position,A3,P3,68,5.7285714286,-54.4935824743,-51.6908646688,-2.80271780552
surface_x_position,A3,P3,69,5.7392857143,-54.4641412852,-52.2489886536,-2.21515263158
surface_x_position,A3,P3,70,5.7500000000,-54.3982695184,-53.0694958714,-1.32877364696
surface_x_position,A3,P3,71,5.7607142857,-54.5416696688,-54.0919579768,-0.449711691988
surface_x_position,A3,P3,72,5.7714285714,-54.7229383754,-55.234242407,0.511304031584
surface_x_position,A3,P3,73,5.7821428571,-54.8693446562,-56.1244147384,1.25507008225
surface_x_position,A3,P3,74,5.7928571429,-54.6786300066,-56.752467858,2.07383785143
surface_x_position,A3,P3,75,5.8035714286,-54.1207689841,-56.8890562199,2.76828723586
surface_x_position,A3,P3,76,5.8142857143,-53.9816285957,-57.0039860787,3.02235748292
surface_x_position,A3,P3,77,5.8250000000,-54.5516185685,-57.3152925545,2.76367398599
surface_x_position,A3,P3,78,5.8357142857,-55.4244251566,-57.5475632276,2.12313807094
surface_x_position,A3,P3,79,5.8464285714,-55.875861688,-57.5292134931,1.65335180512
surface_x_position,A3,P3,80,5.8571428571,-56.5256923085,-57.6629095375,1.13721722903
surface_x_position,A3,P3,81,5.8678571429,-56.9188474195,-57.4337014711,0.514854051606
surface_x_position,A3,P3,82,5.8785714286,-57.1203317158,-56.8277277572,-0.292603958624
surface_x_position,A3,P3,83,5.8892857143,-57.0258908516,-56.1697437903,-0.856147061376
surface_x_position,A3,P3,84,5.9000000000,-56.7545611156,-55.397375267,-1.35718584863
surface_x_position,A3,P3,85,5.9107142857,-56.4696810713,-54.862919094,-1.60676197725
surface_x_position,A3,P3,86,5.9214285714,-55.8772372358,-54.408765523,-1.46847171282
surface_x_position,A3,P3,87,5.9321428571,-55.0400565306,-53.8538034366,-1.18625309401
surface_x_position,A3,P3,88,5.9428571429,-53.9628785921,-53.2970503941,-0.665828198023
surface_x_position,A3,P3,89,5.9535714286,-52.7194395238,-52.7628202959,0.0433807720937
surface_x_position,A3,P3,90,5.9642857143,-52.3073579899,-52.7830984008,0.475740410921
surface_x_position,A3,P3,91,5.9750000000,-51.9569455499,-52.8889832905,0.932037740648
surface_x_position,A3,P3,92,5.9857142857,-51.5942472338,-53.0342583067,1.44001107288
surface_x_position,A3,P3,93,5.9964285714,-51.6735076836,-53.5189565205,1.84544883693
surface_x_position,A3,P3,94,6.0071428571,-51.886212249,-54.0050181539,2.11880590487
surface_x_position,A3,P3,95,6.0178571429,-52.3682160241,-54.6759732821,2.30775725798
surface_x_position,A3,P3,96,6.0285714286,-53.5019442211,-55.5056792501,2.00373502905
surface_x_position,A3,P3,97,6.0392857143,-54.7164622984,-56.4894130592,1.77295076071
surface_x_position,A3,P3,98,6.0500000000,-56.0239248454,-57.4128897959,1.38896495057
surface_x_position,A3,P3,99,6.0607142857,-57.6028626895,-58.6149504273,1.01208773784
surface_x_position,A3,P3,100,6.0714285714,-58.9459639272,-59.726801786,0.780837858802
surface_x_position,A3,P3,101,6.0821428571,-59.724224462,-60.3269170251,0.602692563045
surface_x_position,A3,P3,102,6.0928571429,-60.5733005069,-60.7039264702,0.130625963269
surface_x_position,A3,P3,103,6.1035714286,-61.2782182363,-60.9500796541,-0.328138582194
surface_x_position,A3,P3,104,6.1142857143,-61.8043940778,-61.1059661222,-0.698427955658
surface_x_position,A3,P3,105,6.1250000000,-62.2251501023,-61.2715694646,-0.953580637698
surface_x_position,A3,P3,106,6.1357142857,-63.488096098,-62.0777330996,-1.41036299848
surface_x_position,A3,P3,107,6.1464285714,-64.1205734775,-62.6344452711,-1.48612820632
surface_x_position,A3,P3,108,6.1571428571,-63.9346757313,-62.7815369012,-1.15313883015
surface_x_position,A3,P3,109,6.1678571429,-63.8341917802,-63.1028046441,-0.731387136066
surface_x_position,A3,P3,110,6.1785714286,-63.8336980857,-63.2330149678,-0.600683117913
surface_x_position,A3,P3,111,6.1892857143,-63.6157162099,-63.1410959122,-0.474620297647
surface_x_position,A3,P3,112,6.2000000000,-63.3824246393,-62.8157369647,-0.566687674634
surface_x_position,A3,P3,113,6.2107142857,-63.4167891631,-62.6567349903,-0.760054172794
surface_x_position,A3,P3,114,6.2214285714,-63.031119956,-62.1986242251,-0.832495730886
surface_x_position,A3,P3,115,6.2321428571,-62.2572918796,-61.3802022615,-0.877089618092
surface_x_position,A3,P3,116,6.2428571429,-62.1348694459,-60.8592863588,-1.27558308709
surface_x_position,A3,P3,117,6.2535714286,-61.8756484365,-60.2988021646,-1.57684627193
surface_x_position,A3,P3,118,6.2642857143,-61.7659248907,-59.9494555306,-1.81646936012
surface_x_position,A3,P3,119,6.2750000000,-61.7247947835,-59.8387357699,-1.88605901362
surface_x_position,A3,P3,120,6.2857142857,-61.9562281899,-60.1556405623,-1.80058762761
surface_x_position,A3,P3,121,6.2964285714,-61.366908381,-60.0535619842,-1.31334639674
surface_x_position,A3,P3,122,6.3071428571,-60.3268770856,-59.8444158766,-0.482461209089
surface_x_position,A3,P3,123,6.3178571429,-59.1058071099,-59.4165150681,0.310707958138
surface_x_position,A3,P3,124,6.3285714286,-57.9412014932,-58.8011528031,0.859951309816
surface_x_position,A3,P3,125,6.3392857143,-56.9610258715,-58.3191072872,1.3580814157
surface_x_position,A3,P3,126,6.3500000000,-56.0755530019,-58.0038900715,1.92833706959
surface_x_position,A3,P3,127,6.3607142857,-55.4936855014,-58.1228079114,2.62912241006
surface_x_position,A3,P3,128,6.3714285714,-54.9365710293,-58.2684816448,3.33191061549
surface_x_position,A3,P3,129,6.3821428571,-54.577916427,-58.5056708352,3.92775440819
surface_x_position,A3,P3,130,6.3928571429,-55.4108790742,-59.1921963438,3.78131726965
surface_x_position,A3,P3,131,6.4035714286,-55.7454616958,-59.497091422,3.75162972618
surface_x_position,A3,P3,132,6.4142857143,-56.643239909,-59.7918506789,3.14861076991
surface_x_position,A3,P3,133,6.4250000000,-57.5828979625,-60.0604690147,2.47757105217
surface_x_position,A3,P3,134,6.4357142857,-58.7256419167,-60.3260182904,1.60037637374
surface_x_position,A3,P3,135,6.4464285714,-59.5962821929,-60.2319797672,0.63569757429
surface_x_position,A3,P3,136,6.4571428571,-60.1406922367,-59.8524818331,-0.2882104036
surface_x_position,A3,P3,137,6.4678571429,-60.2852206599,-59.1862633791,-1.09895728085
surface_x_position,A3,P3,138,6.4785714286,-60.0504850861,-58.404065715,-1.646419371
surface_x_position,A3,P3,139,6.4892857143,-59.3259409554,-57.4732177351,-1.85272322028
surface_x_position,A3,P3,140,6.5000000000,-58.5796902026,-56.6840413476,-1.89564885504
surface_x_position,A3,P3,141,6.5107142857,-57.6165472336,-56.11990958,-1.49663765361
surface_x_position,A3,P3,142,6.5214285714,-56.6401574344,-55.5883140735,-1.05184336096
surface_x_position,A3,P3,143,6.5321428571,-55.6227900762,-55.1658071489,-0.456982927339
surface_x_position,A3,P3,144,6.5428571429,-55.1857036799,-55.068064232,-0.117639447906
surface_x_position,A3,P3,145,6.5535714286,-54.5051489445,-55.0249106115,0.519761667033
surface_x_position,A3,P3,146,6.5642857143,-54.4050260819,-55.2207806632,0.815754581243
surface_x_position,A3,P3,147,6.5750000000,-54.2473384925,-55.4526230325,1.20528453993
surface_x_position,A3,P3,148,6.5857142857,-54.4470420364,-55.8213158971,1.3742738607
surface_x_position,A3,P3,149,6.5964285714,-54.6146135373,-56.0348858862,1.42027234887
surface_x_position,A3,P3,150,6.6071428571,-54.8278410458,-56.2386500971,1.41080905134
surface_x_position,A3,P3,151,6.6178571429,-54.8618288677,-56.4590934079,1.5972645402
surface_x_position,A3,P3,152,6.6285714286,-55.1487195035,-56.8133435094,1.66462400591
surface_x_position,A3,P3,153,6.6392857143,-55.4367786583,-57.0378445975,1.60106593921
surface_x_position,A3,P3,154,6.6500000000,-55.9023134646,-57.3136679774,1.41135451274
surface_x_position,A3,P3,155,6.6607142857,-55.858976799,-57.4618989157,1.60292211665
surface_x_position,A3,P3,156,6.6714285714,-55.4390766374,-57.3138545502,1.87477791279
surface_x_position,A3,P3,157,6.6821428571,-55.0073739779,-57.2097473952,2.20237341737
surface_x_position,A3,P3,158,6.6928571429,-55.1017440967,-57.412964918,2.31122082127
surface_x_position,A3,P3,159,6.7035714286,-55.7046383444,-58.0008616965,2.29622335206
surface_x_position,A3,P3,160,6.7142857143,-56.0344219589,-58.3909280699,2.356506111
surface_x_position,A3,P3,161,6.7250000000,-56.3180928142,-58.7742826883,2.45618987417
surface_x_position,A3,P3,162,6.7357142857,-56.2308949068,-58.8741457939,2.64325088708
surface_x_position,A3,P3,163,6.7464285714,-55.9151239575,-58.7191002668,2.80397630922
surface_x_position,A3,P3,164,6.7571428571,-55.9750718875,-58.6607457642,2.6856738767
surface_x_position,A3,P3,165,6.7678571429,-56.5394637935,-58.9735008932,2.4340370997
surface_x_position,A3,P3,166,6.7785714286,-57.4165270622,-59.3867283176,1.97020125536
surface_x_position,A3,P3,167,6.7892857143,-58.3112519367,-59.7746289095,1.46337697283
surface_x_position,A3,P3,168,6.8000000000,-59.3996873902,-60.3708519199,0.971164529712
surface_x_position,A3,P3,169,6.8107142857,-60.5872692172,-61.1054229904,0.518153773148
surface_x_position,A3,P3,170,6.8214285714,-61.8191739866,-61.7890552238,-0.0301187627526
surface_x_position,A3,P3,171,6.8321428571,-62.9595811008,-62.4091827617,-0.550398339051
surface_x_position,A3,P3,172,6.8428571429,-64.2741471879,-63.1231143169,-1.15103287103
surface_x_position,A3,P3,173,6.8535714286,-65.2134445949,-63.6968126885,-1.51663190638
surface_x_position,A3,P3,174,6.8642857143,-65.653469893,-64.0591993101,-1.59427058292
surface_x_position,A3,P3,175,6.8750000000,-65.5026721407,-64.000598078,-1.50207406265
surface_x_position,A3,P3,176,6.8857142857,-64.538716078,-63.5292849537,-1.00943112429
surface_x_position,A3,P3,177,6.8964285714,-63.5083809976,-62.9475968017,-0.560784195933
surface_x_position,A3,P3,178,6.9071428571,-62.3764896375,-62.2087239088,-0.167765728759
surface_x_position,A3,P3,179,6.9178571429,-61.2717143169,-61.7045691458,0.432854828847
surface_x_position,A3,P3,180,6.9285714286,-60.2699250291,-61.1706248301,0.900699800995
surface_x_position,A3,P3,181,6.9392857143,-59.284066834,-60.7685271613,1.48446032728
surface_x_position,A3,P3,182,6.9500000000,-58.5574504755,-60.592898409,2.03544793353
surface_x_position,A3,P3,183,6.9607142857,-58.3545803288,-60.6347111849,2.28013085604
surface_x_position,A3,P3,184,6.9714285714,-58.5731627029,-60.7595347892,2.18637208632
surface_x_position,A3,P3,185,6.9821428571,-58.9661195096,-60.8067776154,1.84065810581
surface_x_position,A3,P3,186,6.9928571429,-59.6148113915,-60.904222443,1.28941105149
surface_x_position,A3,P3,187,7.0035714286,-60.3810407535,-61.0903500678,0.709309314233
surface_x_position,A3,P3,188,7.0142857143,-61.3156067858,-61.3539279321,0.0383211463169
surface_x_position,A3,P3,189,7.0250000000,-62.2387943167,-61.6954800825,-0.543314234252
surface_x_position,A3,P3,190,7.0357142857,-62.6770583514,-61.9104774964,-0.766580854963
surface_x_position,A3,P3,191,7.0464285714,-62.4938384268,-61.7467725314,-0.747065895436
surface_x_position,A3,P3,192,7.0571428571,-61.5291667851,-61.2361869934,-0.29297979168
surface_x_position,A3,P3,193,7.0678571429,-60.4295211583,-60.8155092785,0.385988120247
surface_x_position,A3,P3,194,7.0785714286,-59.5962384805,-60.4301361539,0.833897673346
surface_x_position,A3,P3,195,7.0892857143,-58.5005838585,-59.9885534319,1.48796957342
surface_x_position,A3,P3,196,7.1000000000,-57.3632724737,-59.5727045494,2.20943207569
surface_x_position,A3,P3,197,7.1107142857,-56.9361200931,-59.3964574002,2.46033730706
surface_x_position,A3,P3,198,7.1214285714,-57.0065143455,-59.3581088082,2.35159446267
surface_x_position,A3,P3,199,7.1321428571,-57.2260012571,-59.2918991756,2.06589791843
surface_x_position,A3,P3,200,7.1428571429,-57.2109917624,-59.1619680904,1.95097632807
surface_x_position,A3,P3,201,7.1535714286,-57.5772926469,-59.1193529554,1.54206030853
surface_x_position,A3,P3,202,7.1642857143,-57.6629218822,-58.9602519844,1.29733010218
surface_x_position,A3,P3,203,7.1750000000,-57.8138387445,-58.9025279906,1.08868924606
surface_x_position,A3,P3,204,7.1857142857,-57.7555499064,-58.5834472426,0.827897336139
surface_x_position,A3,P3,205,7.1964285714,-57.7671075144,-58.371142051,0.604034536615
surface_x_position,A3,P3,206,7.2071428571,-57.9088959186,-58.3056916261,0.396795707494
surface_x_position,A3,P3,207,7.2178571429,-58.8020196789,-58.6036435895,-0.198376089467
surface_x_position,A3,P3,208,7.2285714286,-60.0033655793,-59.0292589613,-0.974106618006
surface_x_position,A3,P3,209,7.2392857143,-61.4593319823,-59.7059129132,-1.75341906903
surface_x_position,A3,P3,210,7.2500000000,-62.5798635002,-60.0883907058,-2.49147279445
surface_x_position,A3,P3,211,7.2607142857,-63.3820811478,-60.2349939163,-3.14708723153
surface_x_position,A3,P3,212,7.2714285714,-63.6705624131,-60.3972867738,-3.27327563938
surface_x_position,A3,P3,213,7.2821428571,-63.1799358761,-60.2732293696,-2.90670650658
surface_x_position,A3,P3,214,7.2928571429,-62.571344483,-60.1866430717,-2.38470141132
surface_x_position,A3,P3,215,7.3035714286,-61.872645287,-59.854981977,-2.01766331002
surface_x_position,A3,P3,216,7.3142857143,-60.9287672663,-59.3481978415,-1.5805694248
surface_x_position,A3,P3,217,7.3250000000,-59.9868664716,-58.7675920599,-1.21927441172
surface_x_position,A3,P3,218,7.3357142857,-59.1182251596,-58.2050337895,-0.91319137013
surface_x_position,A3,P3,219,7.3464285714,-58.4463934757,-57.724312368,-0.722081107679
surface_x_position,A3,P3,220,7.3571428571,-58.1697432337,-57.3453885163,-0.824354717407
surface_x_position,A3,P3,221,7.3678571429,-58.6356184227,-57.4134475713,-1.22217085148
surface_x_position,A3,P3,222,7.3785714286,-59.1447664066,-57.4667660175,-1.6780003891
surface_x_position,A3,P3,223,7.3892857143,-59.8083559514,-57.4440270262,-2.36432892518
surface_x_position,A3,P3,224,7.4000000000,-59.3289241061,-56.8059187031,-2.52300540307
surface_x_position,A3,P3,225,7.4107142857,-58.8174702516,-56.3144603096,-2.50300994197
surface_x_position,A3,P3,226,7.4214285714,-58.2864806766,-56.0434333729,-2.24304730373
surface_x_position,A3,P3,227,7.4321428571,-57.8235441673,-55.7845716832,-2.03897248414
surface_x_position,A3,P3,228,7.4428571429,-57.7719252651,-55.7614959788,-2.0104292863
surface_x_position,A3,P3,229,7.4535714286,-57.6589518423,-55.698060897,-1.96089094533
surface_x_position,A3,P3,230,7.4642857143,-57.3477823096,-55.6072797903,-1.74050251931
surface_x_position,A3,P3,231,7.4750000000,-56.7270536212,-55.4921351568,-1.23491846436
surface_x_position,A3,P3,232,7.4857142857,-55.9407987575,-55.2945855694,-0.646213188054
surface_x_position,A3,P3,233,7.4964285714,-55.2651347293,-54.9187831249,-0.346351604395
surface_x_position,A3,P3,234,7.5071428571,-55.1845265837,-54.8107489944,-0.373777589301
surface_x_position,A3,P3,235,7.5178571429,-55.5904043962,-54.9325295485,-0.657874847712
surface_x_position,A3,P3,236,7.5285714286,-55.8367247367,-54.8556077309,-0.981117005784
surface_x_position,A3,P3,237,7.5392857143,-55.9336699843,-54.6199512205,-1.31371876377
surface_x_position,A3,P3,238,7.5500000000,-55.7369119625,-54.3331291828,-1.40378277971
surface_x_position,A3,P3,239,7.5607142857,-56.4297460738,-54.4223633656,-2.00738270816
surface_x_position,A3,P3,240,7.5714285714,-57.0331518123,-54.450167719,-2.58298409334
surface_x_position,A3,P3,241,7.5821428571,-57.9376379573,-54.6681598579,-3.26947809937
surface_x_position,A3,P3,242,7.5928571429,-58.9398560097,-55.0012003401,-3.93865566958
surface_x_position,A3,P3,243,7.6035714286,-59.8790723637,-55.406988747,-4.4720836167
surface_x_position,A3,P3,244,7.6142857143,-60.701227733,-55.8286427403,-4.87258499269
surface_x_position,A3,P3,245,7.6250000000,-61.3710677573,-56.2781811546,-5.09288660267
surface_x_position,A3,P3,246,7.6357142857,-61.7215187572,-56.566683528,-5.15483522921
surface_x_position,A3,P3,247,7.6464285714,-61.4680722003,-56.5814151402,-4.88665706015
surface_x_position,A3,P3,248,7.6571428571,-61.5213667177,-56.8552572459,-4.66610947187
surface_x_position,A3,P3,249,7.6678571429,-61.7935764301,-57.2625813783,-4.53099505178
surface_x_position,A3,P3,250,7.6785714286,-61.7358486026,-57.5974370213,-4.13841158126
surface_x_position,A3,P3,251,7.6892857143,-61.117042629,-57.738081437,-3.37896119194
surface_x_position,A3,P3,252,7.7000000000,-60.3810690734,-57.6430861491,-2.73798292434
surface_x_position,A3,P3,253,7.7107142857,-59.5579351853,-57.3361079856,-2.22182719969
surface_x_position,A3,P3,254,7.7214285714,-59.1820125628,-57.2478311627,-1.93418140013
surface_x_position,A3,P3,255,7.7321428571,-59.3327236707,-57.3069216217,-2.02580204906
surface_x_position,A3,P3,256,7.7428571429,-59.9929535345,-57.4723169971,-2.52063653736
surface_x_position,A3,P3,257,7.7535714286,-60.5341751637,-57.4686378043,-3.06553735939
surface_x_position,A3,P3,258,7.7642857143,-61.1070885127,-57.4156850345,-3.69140347819
surface_x_position,A3,P3,259,7.7750000000,-61.560988906,-57.4102372595,-4.15075164644
surface_x_position,A3,P3,260,7.7857142857,-61.3728640792,-57.318121205,-4.05474287419
surface_x_position,A3,P3,261,7.7964285714,-61.2299966048,-57.4197784121,-3.81021819268
surface_x_position,A3,P3,262,7.8071428571,-61.1454888148,-57.3231486243,-3.82234019049
surface_x_position,A3,P3,263,7.8178571429,-60.9937901683,-57.4720584838,-3.52173168444
surface_x_position,A3,P3,264,7.8285714286,-60.6522013389,-57.6645119744,-2.98768936449
surface_x_position,A3,P3,265,7.8392857143,-59.4545967868,-57.5166213529,-1.9379754339
surface_x_position,A3,P3,266,7.8500000000,-58.8758033534,-57.6092009734,-1.26660238003
surface_x_position,A3,P3,267,7.8607142857,-58.7992841049,-57.9738363442,-0.825447760642
surface_x_position,A3,P3,268,7.8714285714,-59.3295307044,-58.6355697411,-0.693960963322
surface_x_position,A3,P3,269,7.8821428571,-59.8246858264,-59.2925978967,-0.53208792971
surface_x_position,A3,P3,270,7.8928571429,-59.8993353683,-59.6428133851,-0.256521983139
surface_x_position,A3,P3,271,7.9035714286,-59.378863173,-59.5579848701,0.179121697121
surface_x_position,A3,P3,272,7.9142857143,-59.1497539863,-59.460766429,0.311012442732
surface_x_position,A3,P3,273,7.9250000000,-59.4169450282,-59.6636792661,0.246734237867
surface_x_position,A3,P3,274,7.9357142857,-59.6095812476,-59.8662932001,0.256711952533
surface_x_position,A3,P3,275,7.9464285714,-60.0179861564,-60.0660222084,0.0480360519811
surface_x_position,A3,P3,276,7.9571428571,-60.60899424,-60.25430369,-0.354690549983
surface_x_position,A3,P3,277,7.9678571429,-61.2324563783,-60.6822366405,-0.550219737713
surface_x_position,A3,P3,278,7.9785714286,-61.7841906061,-61.0264946723,-0.757695933767
surface_x_position,A3,P3,279,7.9892857143,-62.0637848384,-61.1816193201,-0.882165518359
surface_x_position,A3,P3,280,8.0000000000,-62.5802921314,-61.3660582027,-1.21423392869
encoding_state_x_position,0,P1,0,5.0000000000,-48.562318351,-51.0211341574,2.45881580643
encoding_state_x_position,0,P1,1,5.0107142857,-48.3967883401,-51.0108903039,2.61410196387
encoding_state_x_position,0,P1,2,5.0214285714,-48.4724445549,-51.2835362565,2.81109170152
encoding_state_x_position,0,P1,3,5.0321428571,-48.3909064645,-51.4675642656,3.07665780101
encoding_state_x_position,0,P1,4,5.0428571429,-48.2000531537,-51.4847938067,3.28474065291
encoding_state_x_position,0,P1,5,5.0535714286,-48.0020744747,-51.2818281395,3.27975366474
encoding_state_x_position,0,P1,6,5.0642857143,-47.94699593,-51.1969365729,3.24994064286
encoding_state_x_position,0,P1,7,5.0750000000,-47.9230760089,-50.9083642546,2.98528824577
encoding_state_x_position,0,P1,8,5.0857142857,-47.9821703198,-50.7105002687,2.72832994894
encoding_state_x_position,0,P1,9,5.0964285714,-48.198874773,-50.719691626,2.520816853
encoding_state_x_position,0,P1,10,5.1071428571,-48.3410415734,-50.6449480455,2.30390647217
encoding_state_x_position,0,P1,11,5.1178571429,-48.5030580072,-50.6912189566,2.18816094943
encoding_state_x_position,0,P1,12,5.1285714286,-48.6400376831,-50.753609398,2.11357171489
encoding_state_x_position,0,P1,13,5.1392857143,-48.5773835754,-50.6347085702,2.05732499479
encoding_state_x_position,0,P1,14,5.1500000000,-48.2602360669,-50.240494515,1.98025844811
encoding_state_x_position,0,P1,15,5.1607142857,-47.7175849318,-49.6852397277,1.96765479583
encoding_state_x_position,0,P1,16,5.1714285714,-47.2256614246,-49.2792002549,2.05353883037
encoding_state_x_position,0,P1,17,5.1821428571,-46.5977657813,-48.797765183,2.19999940167
encoding_state_x_position,0,P1,18,5.1928571429,-45.9842341517,-48.2260041353,2.24176998357
encoding_state_x_position,0,P1,19,5.2035714286,-45.452299853,-47.5731038306,2.12080397766
encoding_state_x_position,0,P1,20,5.2142857143,-44.8442252219,-46.917639668,2.07341444609
encoding_state_x_position,0,P1,21,5.2250000000,-44.1891928184,-46.1447060318,1.95551321339
encoding_state_x_position,0,P1,22,5.2357142857,-43.4620366437,-45.332365851,1.87032920733
encoding_state_x_position,0,P1,23,5.2464285714,-42.6317281321,-44.4903324727,1.85860434056
encoding_state_x_position,0,P1,24,5.2571428571,-41.748986166,-43.5377390227,1.78875285672
encoding_state_x_position,0,P1,25,5.2678571429,-40.7443457508,-42.4858556001,1.74150984931
encoding_state_x_position,0,P1,26,5.2785714286,-39.6252734842,-41.1757536981,1.55048021385
encoding_state_x_position,0,P1,27,5.2892857143,-38.4672283004,-39.8141115811,1.3468832807
encoding_state_x_position,0,P1,28,5.3000000000,-37.3610591396,-38.507946744,1.14688760443
encoding_state_x_position,0,P1,29,5.3107142857,-36.519952707,-37.4643239484,0.944371241409
encoding_state_x_position,0,P1,30,5.3214285714,-35.9150050296,-36.7442433696,0.829238340062
encoding_state_x_position,0,P1,31,5.3321428571,-35.6750405327,-36.4725486081,0.797508075408
encoding_state_x_position,0,P1,32,5.3428571429,-35.8443688719,-36.6308965511,0.786527679151
encoding_state_x_position,0,P1,33,5.3535714286,-36.4508712973,-37.2377958339,0.786924536537
encoding_state_x_position,0,P1,34,5.3642857143,-37.318879459,-38.1973835843,0.878504125292
encoding_state_x_position,0,P1,35,5.3750000000,-38.4875212034,-39.3847041383,0.897182934858
encoding_state_x_position,0,P1,36,5.3857142857,-39.845140161,-40.8249984444,0.979858283321
encoding_state_x_position,0,P1,37,5.3964285714,-41.1421332504,-42.164719836,1.02258658556
encoding_state_x_position,0,P1,38,5.4071428571,-42.4977944496,-43.5568654263,1.0590709767
encoding_state_x_position,0,P1,39,5.4178571429,-44.034718412,-44.9572488704,0.922530458383
encoding_state_x_position,0,P1,40,5.4285714286,-45.4764960452,-46.2848282838,0.808332238506
encoding_state_x_position,0,P1,41,5.4392857143,-46.983439133,-47.7373493664,0.753910233366
encoding_state_x_position,0,P1,42,5.4500000000,-48.4189805549,-49.0795570816,0.660576526658
encoding_state_x_position,0,P1,43,5.4607142857,-50.3127540135,-50.6737441169,0.360990103375
encoding_state_x_position,0,P1,44,5.4714285714,-51.5813491335,-51.8160750292,0.234725895657
encoding_state_x_position,0,P1,45,5.4821428571,-52.826379482,-52.8936199205,0.067240438478
encoding_state_x_position,0,P1,46,5.4928571429,-53.8324150249,-53.6719565805,-0.160458444399
encoding_state_x_position,0,P1,47,5.5035714286,-54.7168217959,-54.3685389105,-0.348282885304
encoding_state_x_position,0,P1,48,5.5142857143,-55.4552658196,-54.8824766506,-0.572789168987
encoding_state_x_position,0,P1,49,5.5250000000,-55.9977298986,-55.1757043843,-0.822025514269
encoding_state_x_position,0,P1,50,5.5357142857,-56.0598094545,-55.1618704564,-0.897938998094
encoding_state_x_position,0,P1,51,5.5464285714,-55.9198792692,-54.9005813694,-1.01929789977
encoding_state_x_position,0,P1,52,5.5571428571,-55.5280708421,-54.5250971348,-1.00297370727
encoding_state_x_position,0,P1,53,5.5678571429,-55.1823045563,-54.1907567312,-0.991547825124
encoding_state_x_position,0,P1,54,5.5785714286,-54.5707509423,-53.713206878,-0.857544064365
encoding_state_x_position,0,P1,55,5.5892857143,-54.0621990159,-53.4201826987,-0.642016317222
encoding_state_x_position,0,P1,56,5.6000000000,-53.6168338541,-53.1754999082,-0.441333945877
encoding_state_x_position,0,P1,57,5.6107142857,-53.3744339562,-53.1617800495,-0.212653906723
encoding_state_x_position,0,P1,58,5.6214285714,-52.7751906071,-53.0460597741,0.270869166959
encoding_state_x_position,0,P1,59,5.6321428571,-52.4817887708,-53.108002035,0.6262132642
encoding_state_x_position,0,P1,60,5.6428571429,-52.1568356423,-53.0474539451,0.89061830276
encoding_state_x_position,0,P1,61,5.6535714286,-52.0249341859,-53.1702216613,1.14528747546
encoding_state_x_position,0,P1,62,5.6642857143,-51.9007565069,-53.1652108554,1.26445434854
encoding_state_x_position,0,P1,63,5.6750000000,-51.7198735632,-53.1083643223,1.3884907591
encoding_state_x_position,0,P1,64,5.6857142857,-52.0035083558,-53.2877112089,1.28420285306
encoding_state_x_position,0,P1,65,5.6964285714,-52.5591269449,-53.5666505232,1.00752357827
encoding_state_x_position,0,P1,66,5.7071428571,-52.8959697546,-53.6586858172,0.762716062661
encoding_state_x_position,0,P1,67,5.7178571429,-53.3594764695,-53.7564955097,0.397019040164
encoding_state_x_position,0,P1,68,5.7285714286,-53.7404718071,-53.8741592436,0.133687436423
encoding_state_x_position,0,P1,69,5.7392857143,-54.0387110454,-53.9490909083,-0.0896201370785
encoding_state_x_position,0,P1,70,5.7500000000,-54.1452665005,-54.0552987469,-0.0899677535998
encoding_state_x_position,0,P1,71,5.7607142857,-54.0720334724,-54.1894120936,0.11737862119
encoding_state_x_position,0,P1,72,5.7714285714,-53.9106232424,-54.3499889859,0.439365743535
encoding_state_x_position,0,P1,73,5.7821428571,-53.3320395038,-54.1252981644,0.793258660659
encoding_state_x_position,0,P1,74,5.7928571429,-52.5096907221,-53.7423515514,1.23266082934
encoding_state_x_position,0,P1,75,5.8035714286,-51.4133246542,-53.0652407782,1.65191612407
encoding_state_x_position,0,P1,76,5.8142857143,-50.320363957,-52.2665352747,1.94617131769
encoding_state_x_position,0,P1,77,5.8250000000,-49.4721708224,-51.6630232581,2.19085243569
encoding_state_x_position,0,P1,78,5.8357142857,-49.1897987644,-51.3092430636,2.11944429914
encoding_state_x_position,0,P1,79,5.8464285714,-48.728834877,-50.7232534912,1.99441861419
encoding_state_x_position,0,P1,80,5.8571428571,-48.218492051,-49.99497908,1.77648702898
encoding_state_x_position,0,P1,81,5.8678571429,-47.7628504608,-49.2529681885,1.49011772774
encoding_state_x_position,0,P1,82,5.8785714286,-47.4341712875,-48.6543564219,1.2201851344
encoding_state_x_position,0,P1,83,5.8892857143,-47.0869446466,-47.9479036309,0.86095898429
encoding_state_x_position,0,P1,84,5.9000000000,-46.8598551426,-47.4853792094,0.625524066787
encoding_state_x_position,0,P1,85,5.9107142857,-46.7204327528,-47.1670387295,0.446605976717
encoding_state_x_position,0,P1,86,5.9214285714,-46.6031200827,-46.8880870378,0.284966955097
encoding_state_x_position,0,P1,87,5.9321428571,-46.4466029421,-46.7423853679,0.295782425756
encoding_state_x_position,0,P1,88,5.9428571429,-46.4219406489,-46.7507194629,0.328778814027
encoding_state_x_position,0,P1,89,5.9535714286,-46.3457995365,-46.6311258964,0.285326359898
encoding_state_x_position,0,P1,90,5.9642857143,-46.3446678269,-46.7312083388,0.386540511943
encoding_state_x_position,0,P1,91,5.9750000000,-46.1437000472,-46.7711111132,0.627411066053
encoding_state_x_position,0,P1,92,5.9857142857,-45.9693662305,-46.8073192828,0.837953052269
encoding_state_x_position,0,P1,93,5.9964285714,-45.7652414616,-46.733107692,0.967866230442
encoding_state_x_position,0,P1,94,6.0071428571,-45.8042571391,-46.7242741805,0.920017041396
encoding_state_x_position,0,P1,95,6.0178571429,-46.0013636784,-46.8120526824,0.810689003977
encoding_state_x_position,0,P1,96,6.0285714286,-46.3755353552,-46.9647355656,0.589200210432
encoding_state_x_position,0,P1,97,6.0392857143,-47.0674237153,-47.4554996638,0.38807594848
encoding_state_x_position,0,P1,98,6.0500000000,-47.9351010348,-48.0426198088,0.107518774036
encoding_state_x_position,0,P1,99,6.0607142857,-48.9222416123,-48.7053608081,-0.216880804132
encoding_state_x_position,0,P1,100,6.0714285714,-50.2540595836,-49.5991072612,-0.654952322333
encoding_state_x_position,0,P1,101,6.0821428571,-51.6062904126,-50.5620049439,-1.04428546868
encoding_state_x_position,0,P1,102,6.0928571429,-52.9990672135,-51.4220398007,-1.57702741281
encoding_state_x_position,0,P1,103,6.1035714286,-53.9345072948,-52.0045505684,-1.92995672641
encoding_state_x_position,0,P1,104,6.1142857143,-54.4451417547,-52.4538339532,-1.99130780149
encoding_state_x_position,0,P1,105,6.1250000000,-54.6347785961,-52.7770379325,-1.85774066364
encoding_state_x_position,0,P1,106,6.1357142857,-54.4260418095,-52.8669275859,-1.55911422364
encoding_state_x_position,0,P1,107,6.1464285714,-54.0652115417,-52.7265830707,-1.33862847096
encoding_state_x_position,0,P1,108,6.1571428571,-53.7714961038,-52.5999892422,-1.17150686154
encoding_state_x_position,0,P1,109,6.1678571429,-53.3610699031,-52.4666520253,-0.894417877784
encoding_state_x_position,0,P1,110,6.1785714286,-52.9928867787,-52.371595824,-0.621290954741
encoding_state_x_position,0,P1,111,6.1892857143,-52.8124514394,-52.4694013628,-0.343050076626
encoding_state_x_position,0,P1,112,6.2000000000,-52.5448128912,-52.3353717602,-0.209441131002
encoding_state_x_position,0,P1,113,6.2107142857,-52.2901601483,-52.1798407249,-0.110319423338
encoding_state_x_position,0,P1,114,6.2214285714,-52.3981151112,-52.1659584119,-0.232156699319
encoding_state_x_position,0,P1,115,6.2321428571,-52.561410278,-52.0861666028,-0.475243675202
encoding_state_x_position,0,P1,116,6.2428571429,-52.7797016019,-51.8992272433,-0.880474358535
encoding_state_x_position,0,P1,117,6.2535714286,-52.8014625169,-51.6323646169,-1.16909790001
encoding_state_x_position,0,P1,118,6.2642857143,-52.7948586551,-51.4690151096,-1.32584354552
encoding_state_x_position,0,P1,119,6.2750000000,-52.7898215532,-51.4969788074,-1.29284274583
encoding_state_x_position,0,P1,120,6.2857142857,-52.4284592694,-51.2211251006,-1.20733416881
encoding_state_x_position,0,P1,121,6.2964285714,-52.1215236711,-50.9298272037,-1.19169646738
encoding_state_x_position,0,P1,122,6.3071428571,-52.0492483271,-50.8863671187,-1.16288120846
encoding_state_x_position,0,P1,123,6.3178571429,-51.9674643772,-50.9216201371,-1.04584424016
encoding_state_x_position,0,P1,124,6.3285714286,-51.7984002544,-50.9523033938,-0.846096860568
encoding_state_x_position,0,P1,125,6.3392857143,-51.417516761,-50.9783936332,-0.439123127818
encoding_state_x_position,0,P1,126,6.3500000000,-50.9197313051,-50.9289426177,0.00921131262414
encoding_state_x_position,0,P1,127,6.3607142857,-50.3519836762,-50.8629608948,0.510977218609
encoding_state_x_position,0,P1,128,6.3714285714,-49.9393882456,-50.7823266595,0.842938413901
encoding_state_x_position,0,P1,129,6.3821428571,-49.6988891418,-50.6448849346,0.945995792793
encoding_state_x_position,0,P1,130,6.3928571429,-49.5411730897,-50.4069158994,0.865742809724
encoding_state_x_position,0,P1,131,6.4035714286,-49.3962130987,-50.1715084655,0.775295366785
encoding_state_x_position,0,P1,132,6.4142857143,-49.2182557071,-50.0358282204,0.817572513242
encoding_state_x_position,0,P1,133,6.4250000000,-49.1538402035,-49.9583050791,0.804464875581
encoding_state_x_position,0,P1,134,6.4357142857,-49.1039646877,-49.8079891489,0.704024461158
encoding_state_x_position,0,P1,135,6.4464285714,-49.1386295751,-49.7708671601,0.632237585049
encoding_state_x_position,0,P1,136,6.4571428571,-49.2352978668,-49.761519637,0.526221770172
encoding_state_x_position,0,P1,137,6.4678571429,-49.1690250499,-49.654226828,0.485201778179
encoding_state_x_position,0,P1,138,6.4785714286,-48.9104219737,-49.4411841219,0.530762148132
encoding_state_x_position,0,P1,139,6.4892857143,-48.5954388974,-49.248787441,0.653348543602
encoding_state_x_position,0,P1,140,6.5000000000,-48.2963074518,-49.1171298996,0.820822447802
encoding_state_x_position,0,P1,141,6.5107142857,-47.8977628541,-49.0189829151,1.12122006092
encoding_state_x_position,0,P1,142,6.5214285714,-47.4055922262,-48.8203108587,1.41471863242
encoding_state_x_position,0,P1,143,6.5321428571,-47.0452257326,-48.6311879038,1.5859621712
encoding_state_x_position,0,P1,144,6.5428571429,-46.6947542144,-48.3834229351,1.68866872065
encoding_state_x_position,0,P1,145,6.5535714286,-46.2074663976,-48.0658550954,1.85838869779
encoding_state_x_position,0,P1,146,6.5642857143,-45.7493995158,-47.7722687563,2.02286924047
encoding_state_x_position,0,P1,147,6.5750000000,-45.3720171103,-47.3841358946,2.01211878422
encoding_state_x_position,0,P1,148,6.5857142857,-45.1038395884,-47.1305079321,2.02666834373
encoding_state_x_position,0,P1,149,6.5964285714,-44.8487760586,-46.9007857802,2.05200972167
encoding_state_x_position,0,P1,150,6.6071428571,-44.6306115725,-46.6102599211,1.97964834856
encoding_state_x_position,0,P1,151,6.6178571429,-44.4445474308,-46.2598577857,1.81531035492
encoding_state_x_position,0,P1,152,6.6285714286,-44.354878276,-45.9726163845,1.61773810852
encoding_state_x_position,0,P1,153,6.6392857143,-44.3544731244,-45.815634738,1.46116161354
encoding_state_x_position,0,P1,154,6.6500000000,-44.4320632135,-45.8595581776,1.42749496403
encoding_state_x_position,0,P1,155,6.6607142857,-44.5119333847,-45.9436520426,1.43171865789
encoding_state_x_position,0,P1,156,6.6714285714,-44.6403754569,-46.0295931082,1.3892176513
encoding_state_x_position,0,P1,157,6.6821428571,-44.8287870104,-46.1523146925,1.32352768214
encoding_state_x_position,0,P1,158,6.6928571429,-45.0372028893,-46.2388563924,1.20165350308
encoding_state_x_position,0,P1,159,6.7035714286,-45.2358672853,-46.3605916,1.12472431466
encoding_state_x_position,0,P1,160,6.7142857143,-45.5371887746,-46.6184749599,1.08128618532
encoding_state_x_position,0,P1,161,6.7250000000,-45.8998300882,-46.9619830243,1.06215293608
encoding_state_x_position,0,P1,162,6.7357142857,-46.3041699181,-47.3626110947,1.05844117658
encoding_state_x_position,0,P1,163,6.7464285714,-46.7859875984,-47.8862581857,1.10027058726
encoding_state_x_position,0,P1,164,6.7571428571,-47.3334155864,-48.5168594997,1.18344391329
encoding_state_x_position,0,P1,165,6.7678571429,-48.0132931253,-49.2945717507,1.28127862545
encoding_state_x_position,0,P1,166,6.7785714286,-48.5170186458,-49.9461951814,1.42917653557
encoding_state_x_position,0,P1,167,6.7892857143,-49.1421292337,-50.6904342768,1.54830504316
encoding_state_x_position,0,P1,168,6.8000000000,-49.8615856826,-51.6045146176,1.74292893504
encoding_state_x_position,0,P1,169,6.8107142857,-50.4667363549,-52.3656493001,1.89891294519
encoding_state_x_position,0,P1,170,6.8214285714,-50.9731273146,-52.9892267361,2.0160994215
encoding_state_x_position,0,P1,171,6.8321428571,-51.2985485189,-53.4781758538,2.17962733494
encoding_state_x_position,0,P1,172,6.8428571429,-51.4866223032,-53.8178242215,2.33120191822
encoding_state_x_position,0,P1,173,6.8535714286,-51.6362426549,-54.0758189019,2.43957624692
encoding_state_x_position,0,P1,174,6.8642857143,-51.6398725342,-54.290383196,2.65051066175
encoding_state_x_position,0,P1,175,6.8750000000,-51.4830275905,-54.2142016738,2.73117408334
encoding_state_x_position,0,P1,176,6.8857142857,-51.2082261212,-53.984078787,2.77585266581
encoding_state_x_position,0,P1,177,6.8964285714,-50.9811107508,-53.8868466222,2.90573587135
encoding_state_x_position,0,P1,178,6.9071428571,-50.7442609194,-53.7204397215,2.9761788021
encoding_state_x_position,0,P1,179,6.9178571429,-50.7015786793,-53.715774118,3.01419543871
encoding_state_x_position,0,P1,180,6.9285714286,-50.5293585613,-53.5467016201,3.01734305883
encoding_state_x_position,0,P1,181,6.9392857143,-50.5956323128,-53.5790566741,2.98342436135
encoding_state_x_position,0,P1,182,6.9500000000,-50.632152019,-53.7255800866,3.09342806759
encoding_state_x_position,0,P1,183,6.9607142857,-50.5768906864,-53.7363494949,3.15945880846
encoding_state_x_position,0,P1,184,6.9714285714,-50.4737772237,-53.6768619874,3.2030847637
encoding_state_x_position,0,P1,185,6.9821428571,-50.3606649005,-53.6531292581,3.29246435758
encoding_state_x_position,0,P1,186,6.9928571429,-50.2232577902,-53.5020846917,3.27882690148
encoding_state_x_position,0,P1,187,7.0035714286,-50.0900761117,-53.289161921,3.19908580924
encoding_state_x_position,0,P1,188,7.0142857143,-49.812741302,-53.0468858942,3.23414459213
encoding_state_x_position,0,P1,189,7.0250000000,-49.5478986312,-52.7917117954,3.24381316418
encoding_state_x_position,0,P1,190,7.0357142857,-49.1156030235,-52.5421991344,3.42659611095
encoding_state_x_position,0,P1,191,7.0464285714,-48.5591742532,-52.1727344501,3.61356019699
encoding_state_x_position,0,P1,192,7.0571428571,-48.3277607329,-52.0079551372,3.68019440436
encoding_state_x_position,0,P1,193,7.0678571429,-48.3871298567,-52.1390892288,3.75195937211
encoding_state_x_position,0,P1,194,7.0785714286,-48.376658259,-52.2897191522,3.91306089324
encoding_state_x_position,0,P1,195,7.0892857143,-48.3738727914,-52.407042288,4.03316949654
encoding_state_x_position,0,P1,196,7.1000000000,-48.3559982635,-52.5855676812,4.22956941768
encoding_state_x_position,0,P1,197,7.1107142857,-48.2909841451,-52.5924501255,4.30146598035
encoding_state_x_position,0,P1,198,7.1214285714,-48.195924737,-52.4655323912,4.26960765422
encoding_state_x_position,0,P1,199,7.1321428571,-48.0323951198,-52.3078723033,4.27547718344
encoding_state_x_position,0,P1,200,7.1428571429,-48.0247834487,-52.2263247196,4.20154127091
encoding_state_x_position,0,P1,201,7.1535714286,-47.9590154848,-52.0507377593,4.09172227451
encoding_state_x_position,0,P1,202,7.1642857143,-47.7832880266,-51.9138122343,4.13052420764
encoding_state_x_position,0,P1,203,7.1750000000,-47.5342867568,-51.6819114591,4.14762470234
encoding_state_x_position,0,P1,204,7.1857142857,-47.0722623818,-51.2524068143,4.18014443252
encoding_state_x_position,0,P1,205,7.1964285714,-46.6818917758,-50.8705309246,4.18863914877
encoding_state_x_position,0,P1,206,7.2071428571,-46.6001494047,-50.7343200854,4.13417068072
encoding_state_x_position,0,P1,207,7.2178571429,-46.4790371494,-50.6169826673,4.13794551789
encoding_state_x_position,0,P1,208,7.2285714286,-46.2450236458,-50.4811976769,4.23617403107
encoding_state_x_position,0,P1,209,7.2392857143,-46.0305058704,-50.2178906846,4.18738481425
encoding_state_x_position,0,P1,210,7.2500000000,-45.8558194188,-49.9832919641,4.12747254528
encoding_state_x_position,0,P1,211,7.2607142857,-45.5933971909,-49.7592426062,4.16584541527
encoding_state_x_position,0,P1,212,7.2714285714,-45.3442683224,-49.6097645804,4.26549625802
encoding_state_x_position,0,P1,213,7.2821428571,-45.132929205,-49.4753965329,4.34246732781
encoding_state_x_position,0,P1,214,7.2928571429,-45.2595769713,-49.7017974649,4.44222049363
encoding_state_x_position,0,P1,215,7.3035714286,-45.2242286773,-49.6875098486,4.46328117129
encoding_state_x_position,0,P1,216,7.3142857143,-45.2150940115,-49.7561629328,4.54106892131
encoding_state_x_position,0,P1,217,7.3250000000,-45.19738351,-49.6942206543,4.49683714434
encoding_state_x_position,0,P1,218,7.3357142857,-45.1638417851,-49.5930532163,4.42921143121
encoding_state_x_position,0,P1,219,7.3464285714,-45.1131296559,-49.4931621818,4.38003252592
encoding_state_x_position,0,P1,220,7.3571428571,-45.083771455,-49.4293890978,4.34561764278
encoding_state_x_position,0,P1,221,7.3678571429,-45.1317171525,-49.4129140738,4.28119692129
encoding_state_x_position,0,P1,222,7.3785714286,-45.0899888282,-49.3045648537,4.2145760255
encoding_state_x_position,0,P1,223,7.3892857143,-44.9937875238,-49.0541457455,4.06035822165
encoding_state_x_position,0,P1,224,7.4000000000,-44.8264905966,-48.8118694201,3.9853788235
encoding_state_x_position,0,P1,225,7.4107142857,-44.5627098519,-48.5941274367,4.0314175848
encoding_state_x_position,0,P1,226,7.4214285714,-44.2640931327,-48.331516057,4.06742292436
encoding_state_x_position,0,P1,227,7.4321428571,-44.1098000744,-48.0980008322,3.98820075777
encoding_state_x_position,0,P1,228,7.4428571429,-44.1199195175,-48.1016087906,3.98168927309
encoding_state_x_position,0,P1,229,7.4535714286,-44.0395470642,-47.9412445775,3.90169751333
encoding_state_x_position,0,P1,230,7.4642857143,-44.1215314357,-47.8626576136,3.74112617799
encoding_state_x_position,0,P1,231,7.4750000000,-44.2638420882,-47.6938350759,3.42999298772
encoding_state_x_position,0,P1,232,7.4857142857,-44.4617727721,-47.6965155057,3.23474273363
encoding_state_x_position,0,P1,233,7.4964285714,-44.6025609104,-47.7066120616,3.10405115124
encoding_state_x_position,0,P1,234,7.5071428571,-44.6909032362,-47.7414739027,3.05057066644
encoding_state_x_position,0,P1,235,7.5178571429,-44.7556015201,-47.697878035,2.94227651489
encoding_state_x_position,0,P1,236,7.5285714286,-44.6261301177,-47.5519421554,2.92581203769
encoding_state_x_position,0,P1,237,7.5392857143,-44.3780567291,-47.2761366433,2.89807991418
encoding_state_x_position,0,P1,238,7.5500000000,-44.0769329619,-47.0628766037,2.98594364182
encoding_state_x_position,0,P1,239,7.5607142857,-43.7994831649,-46.8467604705,3.04727730568
encoding_state_x_position,0,P1,240,7.5714285714,-43.6333695328,-46.7879935356,3.1546240028
encoding_state_x_position,0,P1,241,7.5821428571,-43.6136154862,-46.7869810414,3.17336555514
encoding_state_x_position,0,P1,242,7.5928571429,-43.6725837136,-46.8017587401,3.12917502652
encoding_state_x_position,0,P1,243,7.6035714286,-43.8408033789,-46.8682312764,3.02742789752
encoding_state_x_position,0,P1,244,7.6142857143,-44.1375671538,-46.8744117566,2.73684460286
encoding_state_x_position,0,P1,245,7.6250000000,-44.4084420134,-46.8289366367,2.42049462332
encoding_state_x_position,0,P1,246,7.6357142857,-44.6426468972,-46.8509106251,2.2082637279
encoding_state_x_position,0,P1,247,7.6464285714,-44.7475206403,-46.7735881285,2.02606748825
encoding_state_x_position,0,P1,248,7.6571428571,-44.7208605205,-46.5252201566,1.80435963607
encoding_state_x_position,0,P1,249,7.6678571429,-44.6358866605,-46.3563960701,1.72050940966
encoding_state_x_position,0,P1,250,7.6785714286,-44.5725075089,-46.2927185049,1.72021099602
encoding_state_x_position,0,P1,251,7.6892857143,-44.5731230631,-46.2814242257,1.70830116259
encoding_state_x_position,0,P1,252,7.7000000000,-44.678000177,-46.497713942,1.81971376496
encoding_state_x_position,0,P1,253,7.7107142857,-44.8266415002,-46.7713563564,1.94471485612
encoding_state_x_position,0,P1,254,7.7214285714,-44.9903445973,-47.0909807699,2.10063617255
encoding_state_x_position,0,P1,255,7.7321428571,-45.1411708212,-47.3799663745,2.23879555328
encoding_state_x_position,0,P1,256,7.7428571429,-45.3325732512,-47.6479528055,2.31537955426
encoding_state_x_position,0,P1,257,7.7535714286,-45.5389470692,-47.9013517067,2.36240463749
encoding_state_x_position,0,P1,258,7.7642857143,-45.6688357122,-47.9684009587,2.29956524646
encoding_state_x_position,0,P1,259,7.7750000000,-45.8362713068,-48.0841308461,2.2478595393
encoding_state_x_position,0,P1,260,7.7857142857,-45.9682234064,-48.1405545577,2.17233115128
encoding_state_x_position,0,P1,261,7.7964285714,-46.1330424218,-48.2115130769,2.0784706551
encoding_state_x_position,0,P1,262,7.8071428571,-46.2517239998,-48.18669953,1.9349755302
encoding_state_x_position,0,P1,263,7.8178571429,-46.356199538,-48.1500254006,1.79382586261
encoding_state_x_position,0,P1,264,7.8285714286,-46.5007819464,-48.0201091669,1.51932722057
encoding_state_x_position,0,P1,265,7.8392857143,-46.5915986759,-47.8772282858,1.28562960998
encoding_state_x_position,0,P1,266,7.8500000000,-46.5794584119,-47.8181379867,1.23867957479
encoding_state_x_position,0,P1,267,7.8607142857,-46.4313147902,-47.5269404561,1.09562566588
encoding_state_x_position,0,P1,268,7.8714285714,-46.2252894049,-47.2059031479,0.980613743025
encoding_state_x_position,0,P1,269,7.8821428571,-45.9959843353,-46.7923945098,0.79641017456
encoding_state_x_position,0,P1,270,7.8928571429,-45.6702282393,-46.2608564067,0.590628167425
encoding_state_x_position,0,P1,271,7.9035714286,-45.3384875834,-45.7834855157,0.444997932272
encoding_state_x_position,0,P1,272,7.9142857143,-45.0984064152,-45.4862483088,0.387841893595
encoding_state_x_position,0,P1,273,7.9250000000,-45.0087759147,-45.390975151,0.382199236238
encoding_state_x_position,0,P1,274,7.9357142857,-45.0101799715,-45.4325282525,0.422348281015
encoding_state_x_position,0,P1,275,7.9464285714,-45.1070507301,-45.6404223761,0.533371645935
encoding_state_x_position,0,P1,276,7.9571428571,-45.1941309834,-45.7844579694,0.590326986008
encoding_state_x_position,0,P1,277,7.9678571429,-45.2289347305,-45.8861379536,0.657203223106
encoding_state_x_position,0,P1,278,7.9785714286,-45.2131923392,-46.0053583899,0.792166050649
encoding_state_x_position,0,P1,279,7.9892857143,-45.1594429662,-46.0773698005,0.917926834322
encoding_state_x_position,0,P1,280,8.0000000000,-45.0044959237,-46.0595365012,1.05504057751
encoding_state_x_position,0,P2,0,5.0000000000,-48.8542586554,-46.1631867015,-2.69107195389
encoding_state_x_position,0,P2,1,5.0107142857,-48.8412541531,-46.0187859452,-2.82246820793
encoding_state_x_position,0,P2,2,5.0214285714,-48.8604460064,-46.2070135162,-2.65343249025
encoding_state_x_position,0,P2,3,5.0321428571,-48.803289962,-46.3812322931,-2.42205766887
encoding_state_x_position,0,P2,4,5.0428571429,-48.6433966011,-46.555417465,-2.08797913609
encoding_state_x_position,0,P2,5,5.0535714286,-48.3320464131,-46.7886102693,-1.54343614383
encoding_state_x_position,0,P2,6,5.0642857143,-48.0185463783,-46.9460107637,-1.07253561453
encoding_state_x_position,0,P2,7,5.0750000000,-47.7649023176,-47.0288148123,-0.736087505333
encoding_state_x_position,0,P2,8,5.0857142857,-47.7166047719,-47.2187018941,-0.497902877851
encoding_state_x_position,0,P2,9,5.0964285714,-47.8643451087,-47.4928274426,-0.371517666035
encoding_state_x_position,0,P2,10,5.1071428571,-47.93011845,-47.5183818803,-0.411736569724
encoding_state_x_position,0,P2,11,5.1178571429,-47.9562419027,-47.3913560774,-0.564885825291
encoding_state_x_position,0,P2,12,5.1285714286,-48.093927481,-47.3266915722,-0.767235908792
encoding_state_x_position,0,P2,13,5.1392857143,-48.1420877392,-47.0861418485,-1.05594589068
encoding_state_x_position,0,P2,14,5.1500000000,-48.0814582274,-46.6887288985,-1.39272932898
encoding_state_x_position,0,P2,15,5.1607142857,-47.8350669644,-46.1419461002,-1.69312086419
encoding_state_x_position,0,P2,16,5.1714285714,-47.6556886,-45.8399519343,-1.81573666567
encoding_state_x_position,0,P2,17,5.1821428571,-47.4120361793,-45.4604240389,-1.95161214036
encoding_state_x_position,0,P2,18,5.1928571429,-47.1463992024,-45.031247778,-2.11515142438
encoding_state_x_position,0,P2,19,5.2035714286,-46.7816841766,-44.634027036,-2.14765714056
encoding_state_x_position,0,P2,20,5.2142857143,-46.3134090505,-44.0409476425,-2.27246140796
encoding_state_x_position,0,P2,21,5.2250000000,-45.9644348552,-43.6096734791,-2.35476137604
encoding_state_x_position,0,P2,22,5.2357142857,-45.4974679825,-43.1876002898,-2.3098676927
encoding_state_x_position,0,P2,23,5.2464285714,-44.9060046633,-42.6410225295,-2.2649821338
encoding_state_x_position,0,P2,24,5.2571428571,-44.143029155,-41.9547291707,-2.18829998427
encoding_state_x_position,0,P2,25,5.2678571429,-43.2615525702,-41.263523563,-1.99802900722
encoding_state_x_position,0,P2,26,5.2785714286,-42.4166748159,-40.698686394,-1.71798842192
encoding_state_x_position,0,P2,27,5.2892857143,-41.6665338197,-40.1762502771,-1.49028354263
encoding_state_x_position,0,P2,28,5.3000000000,-41.125375989,-39.7966898507,-1.32868613827
encoding_state_x_position,0,P2,29,5.3107142857,-40.8372652876,-39.6493794857,-1.18788580199
encoding_state_x_position,0,P2,30,5.3214285714,-40.8620696395,-39.8328665853,-1.02920305423
encoding_state_x_position,0,P2,31,5.3321428571,-41.3074227781,-40.3064039381,-1.00101884
encoding_state_x_position,0,P2,32,5.3428571429,-42.0575875295,-40.9836789018,-1.07390862774
encoding_state_x_position,0,P2,33,5.3535714286,-43.0902954438,-41.8970903469,-1.19320509692
encoding_state_x_position,0,P2,34,5.3642857143,-44.3120379784,-42.9541673981,-1.35787058031
encoding_state_x_position,0,P2,35,5.3750000000,-45.6448037033,-44.1508806595,-1.49392304384
encoding_state_x_position,0,P2,36,5.3857142857,-46.9040790162,-45.2772121111,-1.62686690509
encoding_state_x_position,0,P2,37,5.3964285714,-47.9208976406,-46.2376881827,-1.68320945796
encoding_state_x_position,0,P2,38,5.4071428571,-48.7523968797,-47.0958567743,-1.65654010541
encoding_state_x_position,0,P2,39,5.4178571429,-49.3170792197,-47.7351440517,-1.58193516799
encoding_state_x_position,0,P2,40,5.4285714286,-49.7466559563,-48.3609657744,-1.38569018189
encoding_state_x_position,0,P2,41,5.4392857143,-50.5369709027,-49.1917064797,-1.34526442306
encoding_state_x_position,0,P2,42,5.4500000000,-51.3330648247,-50.0189297162,-1.31413510856
encoding_state_x_position,0,P2,43,5.4607142857,-52.2951782594,-51.1249383643,-1.17023989511
encoding_state_x_position,0,P2,44,5.4714285714,-53.1395669189,-51.9025188818,-1.23704803706
encoding_state_x_position,0,P2,45,5.4821428571,-53.8011220829,-52.6433601493,-1.15776193366
encoding_state_x_position,0,P2,46,5.4928571429,-54.0221514685,-53.0567522614,-0.965399207023
encoding_state_x_position,0,P2,47,5.5035714286,-54.1971507358,-53.4483985905,-0.748752145313
encoding_state_x_position,0,P2,48,5.5142857143,-54.1374243311,-53.7426458772,-0.394778453954
encoding_state_x_position,0,P2,49,5.5250000000,-53.7727672431,-53.7977726986,0.0250054555044
encoding_state_x_position,0,P2,50,5.5357142857,-53.0540944435,-53.4477276437,0.393633200142
encoding_state_x_position,0,P2,51,5.5464285714,-52.0498915312,-52.9026884524,0.852796921174
encoding_state_x_position,0,P2,52,5.5571428571,-51.0644672671,-52.2798655887,1.2153983216
encoding_state_x_position,0,P2,53,5.5678571429,-50.3657269794,-51.7849798603,1.41925288085
encoding_state_x_position,0,P2,54,5.5785714286,-49.9014550414,-51.3900347079,1.48857966645
encoding_state_x_position,0,P2,55,5.5892857143,-49.9265412496,-51.2322244806,1.305683231
encoding_state_x_position,0,P2,56,5.6000000000,-49.9562250342,-51.0041108918,1.04788585758
encoding_state_x_position,0,P2,57,5.6107142857,-50.0782311897,-50.8094942117,0.731263021979
encoding_state_x_position,0,P2,58,5.6214285714,-50.3828818015,-50.5071186204,0.124236818893
encoding_state_x_position,0,P2,59,5.6321428571,-50.6371342129,-50.4583335015,-0.178800711495
encoding_state_x_position,0,P2,60,5.6428571429,-50.8041226993,-50.3849467988,-0.419175900494
encoding_state_x_position,0,P2,61,5.6535714286,-51.3484186494,-50.6998967442,-0.648521905192
encoding_state_x_position,0,P2,62,5.6642857143,-51.7702420902,-51.0384742615,-0.731767828762
encoding_state_x_position,0,P2,63,5.6750000000,-52.0549392861,-51.2590384886,-0.795900797424
encoding_state_x_position,0,P2,64,5.6857142857,-52.3388172743,-51.6471619812,-0.691655293009
encoding_state_x_position,0,P2,65,5.6964285714,-52.4860683065,-52.0589747775,-0.427093528936
encoding_state_x_position,0,P2,66,5.7071428571,-52.7402989095,-52.4678791584,-0.272419751051
encoding_state_x_position,0,P2,67,5.7178571429,-53.0705910805,-52.92114042,-0.149450660448
encoding_state_x_position,0,P2,68,5.7285714286,-53.037723888,-53.247715887,0.209991998974
encoding_state_x_position,0,P2,69,5.7392857143,-52.7892948734,-53.2839429134,0.494648040002
encoding_state_x_position,0,P2,70,5.7500000000,-52.327048378,-52.9915990078,0.664550629803
encoding_state_x_position,0,P2,71,5.7607142857,-51.6696971425,-52.3898027314,0.720105588855
encoding_state_x_position,0,P2,72,5.7714285714,-51.1712519454,-51.7501432368,0.578891291429
encoding_state_x_position,0,P2,73,5.7821428571,-50.6710451539,-51.0784530716,0.407407917701
encoding_state_x_position,0,P2,74,5.7928571429,-50.3950189409,-50.556069531,0.161050590145
encoding_state_x_position,0,P2,75,5.8035714286,-50.5071440644,-50.2819329963,-0.225211068037
encoding_state_x_position,0,P2,76,5.8142857143,-50.7004659181,-50.1074072826,-0.59305863559
encoding_state_x_position,0,P2,77,5.8250000000,-51.0133624762,-50.0198912789,-0.993471197305
encoding_state_x_position,0,P2,78,5.8357142857,-51.4578555578,-50.3021926035,-1.15566295423
encoding_state_x_position,0,P2,79,5.8464285714,-51.6411613765,-50.3497217315,-1.291439645
encoding_state_x_position,0,P2,80,5.8571428571,-51.8774645386,-50.5252601053,-1.35220443334
encoding_state_x_position,0,P2,81,5.8678571429,-52.1148597941,-50.8321044496,-1.28275534452
encoding_state_x_position,0,P2,82,5.8785714286,-52.2165235006,-51.2379813769,-0.978542123703
encoding_state_x_position,0,P2,83,5.8892857143,-52.116353064,-51.2736411321,-0.842711931949
encoding_state_x_position,0,P2,84,5.9000000000,-51.8686370635,-51.2519889871,-0.616648076476
encoding_state_x_position,0,P2,85,5.9107142857,-51.5634973271,-51.0840218109,-0.479475516191
encoding_state_x_position,0,P2,86,5.9214285714,-51.2671862656,-50.8214388745,-0.445747391092
encoding_state_x_position,0,P2,87,5.9321428571,-51.1414886896,-50.6921187495,-0.449369940107
encoding_state_x_position,0,P2,88,5.9428571429,-51.0247877239,-50.6057781197,-0.419009604229
encoding_state_x_position,0,P2,89,5.9535714286,-50.767496662,-50.390957057,-0.376539604918
encoding_state_x_position,0,P2,90,5.9642857143,-50.5956883511,-50.1901458182,-0.405542532885
encoding_state_x_position,0,P2,91,5.9750000000,-50.377509217,-49.8252674678,-0.552241749153
encoding_state_x_position,0,P2,92,5.9857142857,-50.1267119873,-49.5575320964,-0.569179890844
encoding_state_x_position,0,P2,93,5.9964285714,-49.7727097707,-49.163119895,-0.609589875659
encoding_state_x_position,0,P2,94,6.0071428571,-49.4647902307,-48.9171731516,-0.547617079079
encoding_state_x_position,0,P2,95,6.0178571429,-49.3620971376,-48.8318300605,-0.530267077115
encoding_state_x_position,0,P2,96,6.0285714286,-49.3394973566,-48.8705859625,-0.468911394092
encoding_state_x_position,0,P2,97,6.0392857143,-49.5313742465,-49.1087160496,-0.422658196886
encoding_state_x_position,0,P2,98,6.0500000000,-49.7770628239,-49.5212738801,-0.255788943779
encoding_state_x_position,0,P2,99,6.0607142857,-50.1134629642,-49.9663433953,-0.147119568913
encoding_state_x_position,0,P2,100,6.0714285714,-50.3513875742,-50.4059397398,0.0545521656001
encoding_state_x_position,0,P2,101,6.0821428571,-50.7322023063,-51.020049174,0.287846867688
encoding_state_x_position,0,P2,102,6.0928571429,-51.1111523489,-51.5972507034,0.486098354587
encoding_state_x_position,0,P2,103,6.1035714286,-51.5083421683,-52.1462818573,0.637939689007
encoding_state_x_position,0,P2,104,6.1142857143,-51.9154812787,-52.4925502252,0.577068946437
encoding_state_x_position,0,P2,105,6.1250000000,-52.3058619153,-52.6596066243,0.353744708976
encoding_state_x_position,0,P2,106,6.1357142857,-52.7202496299,-52.86212742,0.141877790116
encoding_state_x_position,0,P2,107,6.1464285714,-52.9224618603,-52.7922880819,-0.13017377846
encoding_state_x_position,0,P2,108,6.1571428571,-52.9599427116,-52.5531201829,-0.406822528738
encoding_state_x_position,0,P2,109,6.1678571429,-53.1852691252,-52.4617618468,-0.723507278431
encoding_state_x_position,0,P2,110,6.1785714286,-53.5285182978,-52.6617925317,-0.866725766062
encoding_state_x_position,0,P2,111,6.1892857143,-53.9056165959,-53.049023641,-0.856592954898
encoding_state_x_position,0,P2,112,6.2000000000,-53.9899428734,-53.2117454191,-0.778197454267
encoding_state_x_position,0,P2,113,6.2107142857,-53.9883361809,-53.286548283,-0.701787897903
encoding_state_x_position,0,P2,114,6.2214285714,-53.8055873167,-53.3106839164,-0.4949034003
encoding_state_x_position,0,P2,115,6.2321428571,-53.780299289,-53.4463600688,-0.333939220159
encoding_state_x_position,0,P2,116,6.2428571429,-53.6725390633,-53.5653598038,-0.10717925943
encoding_state_x_position,0,P2,117,6.2535714286,-53.3684015305,-53.5913361633,0.222934632897
encoding_state_x_position,0,P2,118,6.2642857143,-52.919706387,-53.3738991727,0.454192785713
encoding_state_x_position,0,P2,119,6.2750000000,-52.6995700141,-53.2030037449,0.503433730814
encoding_state_x_position,0,P2,120,6.2857142857,-52.4784756539,-52.9906819428,0.512206288903
encoding_state_x_position,0,P2,121,6.2964285714,-52.08806753,-52.5410871479,0.453019617854
encoding_state_x_position,0,P2,122,6.3071428571,-51.7935477291,-52.1498980271,0.356350297969
encoding_state_x_position,0,P2,123,6.3178571429,-51.8524306527,-52.0253567885,0.172926135791
encoding_state_x_position,0,P2,124,6.3285714286,-52.1346588272,-52.1305493604,-0.00410946682439
encoding_state_x_position,0,P2,125,6.3392857143,-52.4904532804,-52.2384635088,-0.251989771582
encoding_state_x_position,0,P2,126,6.3500000000,-52.9226761258,-52.276325444,-0.646350681806
encoding_state_x_position,0,P2,127,6.3607142857,-53.3768354058,-52.2803197605,-1.09651564537
encoding_state_x_position,0,P2,128,6.3714285714,-53.6076146695,-52.281144255,-1.32647041451
encoding_state_x_position,0,P2,129,6.3821428571,-53.8702403447,-52.3461567994,-1.52408354534
encoding_state_x_position,0,P2,130,6.3928571429,-53.9464844229,-52.5864397832,-1.36004463971
encoding_state_x_position,0,P2,131,6.4035714286,-54.0221637524,-52.9160173788,-1.10614637363
encoding_state_x_position,0,P2,132,6.4142857143,-54.0334309312,-53.2076686659,-0.825762265258
encoding_state_x_position,0,P2,133,6.4250000000,-54.2073687316,-53.5208849771,-0.686483754468
encoding_state_x_position,0,P2,134,6.4357142857,-54.3087561565,-53.8511660724,-0.457590084161
encoding_state_x_position,0,P2,135,6.4464285714,-54.2387058484,-54.0477224469,-0.190983401451
encoding_state_x_position,0,P2,136,6.4571428571,-54.034407782,-54.099115488,0.0647077059316
encoding_state_x_position,0,P2,137,6.4678571429,-53.8012534262,-53.976138409,0.174884982839
encoding_state_x_position,0,P2,138,6.4785714286,-53.5849853923,-53.7966854748,0.211700082484
encoding_state_x_position,0,P2,139,6.4892857143,-53.4076678981,-53.5754165562,0.167748658088
encoding_state_x_position,0,P2,140,6.5000000000,-53.3853819094,-53.402843889,0.0174619795517
encoding_state_x_position,0,P2,141,6.5107142857,-53.3387741558,-53.0540870897,-0.284687066073
encoding_state_x_position,0,P2,142,6.5214285714,-53.1350164946,-52.6059325067,-0.529083987907
encoding_state_x_position,0,P2,143,6.5321428571,-52.8976113742,-52.1280725575,-0.769538816715
encoding_state_x_position,0,P2,144,6.5428571429,-52.6161250027,-51.7852995361,-0.830825466636
encoding_state_x_position,0,P2,145,6.5535714286,-52.4403797057,-51.4176523551,-1.02272735066
encoding_state_x_position,0,P2,146,6.5642857143,-52.0981295145,-51.0319751138,-1.06615440072
encoding_state_x_position,0,P2,147,6.5750000000,-51.7559698889,-50.7084392059,-1.04753068297
encoding_state_x_position,0,P2,148,6.5857142857,-51.5104772716,-50.5552924653,-0.95518480626
encoding_state_x_position,0,P2,149,6.5964285714,-51.195512274,-50.3911882013,-0.804324072741
encoding_state_x_position,0,P2,150,6.6071428571,-50.7973651267,-50.1779696284,-0.619395498346
encoding_state_x_position,0,P2,151,6.6178571429,-50.4504465937,-49.9242750014,-0.526171592253
encoding_state_x_position,0,P2,152,6.6285714286,-50.1790894456,-49.8089216575,-0.370167788086
encoding_state_x_position,0,P2,153,6.6392857143,-50.1279291392,-49.809696721,-0.318232418264
encoding_state_x_position,0,P2,154,6.6500000000,-50.2551309559,-49.9310622268,-0.324068729007
encoding_state_x_position,0,P2,155,6.6607142857,-50.4754096579,-49.9484583554,-0.526951302424
encoding_state_x_position,0,P2,156,6.6714285714,-50.5439345104,-49.8997693638,-0.644165146632
encoding_state_x_position,0,P2,157,6.6821428571,-50.5105699131,-49.7882426675,-0.722327245555
encoding_state_x_position,0,P2,158,6.6928571429,-50.4987875844,-49.7800347008,-0.718752883575
encoding_state_x_position,0,P2,159,6.7035714286,-50.6960695919,-49.7941588195,-0.901910772447
encoding_state_x_position,0,P2,160,6.7142857143,-50.9073277427,-49.9613746935,-0.945953049138
encoding_state_x_position,0,P2,161,6.7250000000,-51.0669316254,-50.1235378789,-0.943393746547
encoding_state_x_position,0,P2,162,6.7357142857,-51.3035978822,-50.4146994242,-0.888898458043
encoding_state_x_position,0,P2,163,6.7464285714,-51.4690795696,-50.6296982816,-0.839381287983
encoding_state_x_position,0,P2,164,6.7571428571,-51.6211434893,-50.8560868731,-0.765056616163
encoding_state_x_position,0,P2,165,6.7678571429,-52.0016327087,-51.1835727608,-0.818059947952
encoding_state_x_position,0,P2,166,6.7785714286,-52.2560293615,-51.3680326239,-0.887996737609
encoding_state_x_position,0,P2,167,6.7892857143,-52.5541945618,-51.503947049,-1.05024751273
encoding_state_x_position,0,P2,168,6.8000000000,-52.8411971798,-51.6778450268,-1.16335215297
encoding_state_x_position,0,P2,169,6.8107142857,-53.2435373168,-51.7693306818,-1.47420663496
encoding_state_x_position,0,P2,170,6.8214285714,-53.4173870629,-51.752543707,-1.66484335588
encoding_state_x_position,0,P2,171,6.8321428571,-53.5072803577,-51.6409155716,-1.86636478618
encoding_state_x_position,0,P2,172,6.8428571429,-53.6659559409,-51.5515286517,-2.11442728922
encoding_state_x_position,0,P2,173,6.8535714286,-54.0073172683,-51.5175835812,-2.48973368712
encoding_state_x_position,0,P2,174,6.8642857143,-54.2449432775,-51.4839063515,-2.761036926
encoding_state_x_position,0,P2,175,6.8750000000,-54.2476744524,-51.3233410942,-2.92433335817
encoding_state_x_position,0,P2,176,6.8857142857,-54.1735445111,-51.234583148,-2.93896136311
encoding_state_x_position,0,P2,177,6.8964285714,-54.0899504286,-51.124579391,-2.96537103757
encoding_state_x_position,0,P2,178,6.9071428571,-53.9441911989,-51.0891960748,-2.85499512409
encoding_state_x_position,0,P2,179,6.9178571429,-53.9538894308,-51.1569736101,-2.79691582066
encoding_state_x_position,0,P2,180,6.9285714286,-53.7662220568,-51.0776228482,-2.68859920855
encoding_state_x_position,0,P2,181,6.9392857143,-53.4894546333,-51.0347750084,-2.4546796249
encoding_state_x_position,0,P2,182,6.9500000000,-53.4222138818,-51.1220976659,-2.30011621585
encoding_state_x_position,0,P2,183,6.9607142857,-53.5048679404,-51.2610493178,-2.24381862254
encoding_state_x_position,0,P2,184,6.9714285714,-53.681976998,-51.5101777285,-2.17179926954
encoding_state_x_position,0,P2,185,6.9821428571,-53.8554234385,-51.7778537655,-2.07756967305
encoding_state_x_position,0,P2,186,6.9928571429,-53.9796514188,-51.9976822016,-1.98196921718
encoding_state_x_position,0,P2,187,7.0035714286,-54.1614920354,-52.1536903255,-2.00780170984
encoding_state_x_position,0,P2,188,7.0142857143,-54.3792845076,-52.2772938215,-2.10199068611
encoding_state_x_position,0,P2,189,7.0250000000,-54.5323357878,-52.2417199639,-2.29061582391
encoding_state_x_position,0,P2,190,7.0357142857,-54.5310230619,-52.0780667655,-2.45295629631
encoding_state_x_position,0,P2,191,7.0464285714,-54.1250197607,-51.699215066,-2.4258046947
encoding_state_x_position,0,P2,192,7.0571428571,-53.54913116,-51.2913145153,-2.2578166447
encoding_state_x_position,0,P2,193,7.0678571429,-52.9734688403,-50.9661117185,-2.00735712176
encoding_state_x_position,0,P2,194,7.0785714286,-52.5840268723,-50.8428891121,-1.74113776021
encoding_state_x_position,0,P2,195,7.0892857143,-52.2226096658,-50.6554402832,-1.56716938264
encoding_state_x_position,0,P2,196,7.1000000000,-52.1715028078,-50.5701040966,-1.60139871126
encoding_state_x_position,0,P2,197,7.1107142857,-52.346161184,-50.6130226567,-1.73313852733
encoding_state_x_position,0,P2,198,7.1214285714,-52.7266228402,-50.6780549794,-2.04856786077
encoding_state_x_position,0,P2,199,7.1321428571,-52.972249118,-50.6768735138,-2.29537560428
encoding_state_x_position,0,P2,200,7.1428571429,-53.0915387345,-50.4950509631,-2.59648777134
encoding_state_x_position,0,P2,201,7.1535714286,-53.3835970703,-50.3055747397,-3.07802233059
encoding_state_x_position,0,P2,202,7.1642857143,-53.8517740957,-50.3170172941,-3.53475680156
encoding_state_x_position,0,P2,203,7.1750000000,-54.2178556383,-50.1990526836,-4.01880295472
encoding_state_x_position,0,P2,204,7.1857142857,-54.3546395039,-50.0988354514,-4.2558040525
encoding_state_x_position,0,P2,205,7.1964285714,-54.135081858,-49.9275748432,-4.20750701481
encoding_state_x_position,0,P2,206,7.2071428571,-53.9142399122,-49.8210868476,-4.09315306457
encoding_state_x_position,0,P2,207,7.2178571429,-53.5568613208,-49.7565241281,-3.8003371927
encoding_state_x_position,0,P2,208,7.2285714286,-53.2369452745,-49.7976927376,-3.43925253691
encoding_state_x_position,0,P2,209,7.2392857143,-52.7574176283,-49.5430886241,-3.21432900415
encoding_state_x_position,0,P2,210,7.2500000000,-52.6308522524,-49.3890678643,-3.24178438811
encoding_state_x_position,0,P2,211,7.2607142857,-52.6969637024,-49.3412102106,-3.3557534918
encoding_state_x_position,0,P2,212,7.2714285714,-52.6678245647,-49.2461167716,-3.42170779308
encoding_state_x_position,0,P2,213,7.2821428571,-52.4256569208,-49.0930975733,-3.33255934749
encoding_state_x_position,0,P2,214,7.2928571429,-52.1763648181,-48.9135486946,-3.26281612359
encoding_state_x_position,0,P2,215,7.3035714286,-52.0708785999,-48.7735702484,-3.29730835148
encoding_state_x_position,0,P2,216,7.3142857143,-52.0606576385,-48.7610163804,-3.29964125803
encoding_state_x_position,0,P2,217,7.3250000000,-52.0463767119,-48.7429740578,-3.3034026541
encoding_state_x_position,0,P2,218,7.3357142857,-52.0205664041,-48.7086975987,-3.31186880544
encoding_state_x_position,0,P2,219,7.3464285714,-52.2115742482,-48.7534193308,-3.45815491739
encoding_state_x_position,0,P2,220,7.3571428571,-52.5469317529,-48.900933646,-3.64599810694
encoding_state_x_position,0,P2,221,7.3678571429,-52.7996300765,-49.0157797484,-3.78385032816
encoding_state_x_position,0,P2,222,7.3785714286,-53.0361802171,-49.1112706421,-3.92490957497
encoding_state_x_position,0,P2,223,7.3892857143,-53.2898092568,-49.1365685594,-4.15324069743
encoding_state_x_position,0,P2,224,7.4000000000,-53.6626284742,-49.3282061214,-4.33442235275
encoding_state_x_position,0,P2,225,7.4107142857,-53.9401684457,-49.5538766492,-4.38629179653
encoding_state_x_position,0,P2,226,7.4214285714,-53.850086654,-49.6734173212,-4.17666933279
encoding_state_x_position,0,P2,227,7.4321428571,-53.5958149022,-49.6702041513,-3.92561075091
encoding_state_x_position,0,P2,228,7.4428571429,-53.2918488791,-49.5889924252,-3.70285645387
encoding_state_x_position,0,P2,229,7.4535714286,-52.8552188532,-49.3860920396,-3.46912681354
encoding_state_x_position,0,P2,230,7.4642857143,-52.3591334692,-49.2379128815,-3.12122058766
encoding_state_x_position,0,P2,231,7.4750000000,-51.8736674365,-49.0181750677,-2.85549236877
encoding_state_x_position,0,P2,232,7.4857142857,-51.813124594,-49.0141040048,-2.79902058917
encoding_state_x_position,0,P2,233,7.4964285714,-52.0577081544,-49.2271151098,-2.83059304455
encoding_state_x_position,0,P2,234,7.5071428571,-52.094451616,-49.3018222911,-2.7926293249
encoding_state_x_position,0,P2,235,7.5178571429,-51.9457152284,-49.1502872038,-2.7954280246
encoding_state_x_position,0,P2,236,7.5285714286,-51.6682448701,-48.8852573292,-2.78298754094
encoding_state_x_position,0,P2,237,7.5392857143,-51.265379116,-48.5473670394,-2.71801207659
encoding_state_x_position,0,P2,238,7.5500000000,-50.8674744296,-48.2667301975,-2.60074423208
encoding_state_x_position,0,P2,239,7.5607142857,-50.6235530716,-47.9535981127,-2.66995495895
encoding_state_x_position,0,P2,240,7.5714285714,-50.2825334173,-47.7167867724,-2.56574664483
encoding_state_x_position,0,P2,241,7.5821428571,-50.0925649004,-47.5961470618,-2.49641783867
encoding_state_x_position,0,P2,242,7.5928571429,-49.8693743679,-47.503492817,-2.3658815509
encoding_state_x_position,0,P2,243,7.6035714286,-49.7538245016,-47.5747870673,-2.17903743431
encoding_state_x_position,0,P2,244,7.6142857143,-49.7665290255,-47.8256947099,-1.94083431563
encoding_state_x_position,0,P2,245,7.6250000000,-49.9553757994,-48.165816716,-1.78955908343
encoding_state_x_position,0,P2,246,7.6357142857,-50.2477104362,-48.6622195292,-1.58549090695
encoding_state_x_position,0,P2,247,7.6464285714,-50.4809461158,-49.0784552215,-1.40249089432
encoding_state_x_position,0,P2,248,7.6571428571,-50.4931462462,-49.2699136947,-1.2232325515
encoding_state_x_position,0,P2,249,7.6678571429,-50.4574551023,-49.2822536352,-1.17520146713
encoding_state_x_position,0,P2,250,7.6785714286,-50.3410057642,-49.1448092794,-1.19619648484
encoding_state_x_position,0,P2,251,7.6892857143,-50.5902787202,-49.2513973429,-1.33888137734
encoding_state_x_position,0,P2,252,7.7000000000,-51.0138045909,-49.5150999419,-1.49870464904
encoding_state_x_position,0,P2,253,7.7107142857,-51.7544664431,-49.9878987907,-1.76656765245
encoding_state_x_position,0,P2,254,7.7214285714,-52.2447496419,-50.4395317144,-1.80521792745
encoding_state_x_position,0,P2,255,7.7321428571,-52.4279124986,-50.7092120812,-1.71870041749
encoding_state_x_position,0,P2,256,7.7428571429,-52.5244555981,-50.8575521297,-1.66690346844
encoding_state_x_position,0,P2,257,7.7535714286,-52.6076505354,-50.9165396907,-1.69111084477
encoding_state_x_position,0,P2,258,7.7642857143,-52.2994148334,-50.7461982876,-1.55321654581
encoding_state_x_position,0,P2,259,7.7750000000,-52.1646452977,-50.6516718572,-1.51297344051
encoding_state_x_position,0,P2,260,7.7857142857,-51.9913856656,-50.5728753765,-1.41851028915
encoding_state_x_position,0,P2,261,7.7964285714,-52.2932141279,-50.8313478833,-1.4618662446
encoding_state_x_position,0,P2,262,7.8071428571,-52.3836354565,-50.9160829133,-1.46755254321
encoding_state_x_position,0,P2,263,7.8178571429,-52.5656255535,-51.1047023793,-1.46092317417
encoding_state_x_position,0,P2,264,7.8285714286,-52.7306793646,-51.2909436723,-1.43973569227
encoding_state_x_position,0,P2,265,7.8392857143,-53.2386373938,-51.7608502585,-1.47778713534
encoding_state_x_position,0,P2,266,7.8500000000,-53.7731079352,-52.3074533088,-1.46565462646
encoding_state_x_position,0,P2,267,7.8607142857,-54.3044534132,-52.8085617316,-1.4958916816
encoding_state_x_position,0,P2,268,7.8714285714,-54.4718680428,-53.0922788815,-1.37958916133
encoding_state_x_position,0,P2,269,7.8821428571,-54.4226204938,-53.0871695388,-1.33545095502
encoding_state_x_position,0,P2,270,7.8928571429,-54.1918656794,-52.842366837,-1.34949884244
encoding_state_x_position,0,P2,271,7.9035714286,-53.6706128081,-52.3596809796,-1.31093182857
encoding_state_x_position,0,P2,272,7.9142857143,-52.8478600439,-51.7975792174,-1.05028082653
encoding_state_x_position,0,P2,273,7.9250000000,-52.2885739653,-51.3996824353,-0.888891529989
encoding_state_x_position,0,P2,274,7.9357142857,-51.7281004786,-51.0733660594,-0.654734419243
encoding_state_x_position,0,P2,275,7.9464285714,-51.3778063049,-51.0304100167,-0.347396288287
encoding_state_x_position,0,P2,276,7.9571428571,-50.8558209694,-50.773757638,-0.0820633313943
encoding_state_x_position,0,P2,277,7.9678571429,-50.6433333664,-50.7179608646,0.0746274981426
encoding_state_x_position,0,P2,278,7.9785714286,-50.4186752561,-50.5702290324,0.151553776357
encoding_state_x_position,0,P2,279,7.9892857143,-50.3373009604,-50.4434507504,0.106149790024
encoding_state_x_position,0,P2,280,8.0000000000,-50.3745733985,-50.3604326048,-0.0141407937157
encoding_state_x_position,0,P3,0,5.0000000000,-56.8911502204,-57.1234063679,0.232256147466
encoding_state_x_position,0,P3,1,5.0107142857,-56.344207477,-56.552573721,0.208366244065
encoding_state_x_position,0,P3,2,5.0214285714,-56.3443811049,-56.1867218937,-0.157659211277
encoding_state_x_position,0,P3,3,5.0321428571,-56.6103965534,-55.9557964212,-0.654600132147
encoding_state_x_position,0,P3,4,5.0428571429,-57.4319944031,-56.2352328863,-1.19676151682
encoding_state_x_position,0,P3,5,5.0535714286,-58.2929320713,-56.5566145504,-1.73631752091
encoding_state_x_position,0,P3,6,5.0642857143,-58.9530087487,-56.7756037204,-2.17740502833
encoding_state_x_position,0,P3,7,5.0750000000,-59.2602040823,-57.0110033419,-2.24920074044
encoding_state_x_position,0,P3,8,5.0857142857,-59.555854656,-57.3254275849,-2.23042707109
encoding_state_x_position,0,P3,9,5.0964285714,-59.9842816892,-57.8349825023,-2.14929918697
encoding_state_x_position,0,P3,10,5.1071428571,-60.1821950158,-58.2900251133,-1.89216990245
encoding_state_x_position,0,P3,11,5.1178571429,-60.4907262125,-58.8674510884,-1.62327512414
encoding_state_x_position,0,P3,12,5.1285714286,-60.7179129935,-59.3715771874,-1.3463358061
encoding_state_x_position,0,P3,13,5.1392857143,-60.5709855197,-59.5696064156,-1.00137910411
encoding_state_x_position,0,P3,14,5.1500000000,-60.0225758459,-59.4350467267,-0.587529119132
encoding_state_x_position,0,P3,15,5.1607142857,-59.3446626039,-59.0701286722,-0.274533931634
encoding_state_x_position,0,P3,16,5.1714285714,-59.005828049,-58.7680258843,-0.237802164706
encoding_state_x_position,0,P3,17,5.1821428571,-58.7939790342,-58.5455917729,-0.24838726131
encoding_state_x_position,0,P3,18,5.1928571429,-58.5613524799,-58.4347339207,-0.126618559187
encoding_state_x_position,0,P3,19,5.2035714286,-58.1169822494,-58.1438354123,0.0268531629022
encoding_state_x_position,0,P3,20,5.2142857143,-57.3718571302,-57.570904092,0.199046961873
encoding_state_x_position,0,P3,21,5.2250000000,-56.4031244246,-56.8023725873,0.399248162648
encoding_state_x_position,0,P3,22,5.2357142857,-55.4588542561,-55.8983927414,0.439538485373
encoding_state_x_position,0,P3,23,5.2464285714,-54.5341520624,-54.9405298557,0.406377793237
encoding_state_x_position,0,P3,24,5.2571428571,-53.2459825914,-53.6455297189,0.399547127552
encoding_state_x_position,0,P3,25,5.2678571429,-52.1776656846,-52.4341848425,0.256519157906
encoding_state_x_position,0,P3,26,5.2785714286,-50.9821271344,-51.1496353425,0.167508208073
encoding_state_x_position,0,P3,27,5.2892857143,-49.5565694915,-49.6999697535,0.143400261936
encoding_state_x_position,0,P3,28,5.3000000000,-48.1655476514,-48.3473461853,0.18179853385
encoding_state_x_position,0,P3,29,5.3107142857,-46.8430250667,-47.0865396273,0.243514560577
encoding_state_x_position,0,P3,30,5.3214285714,-46.1813704398,-46.3813351539,0.19996471417
encoding_state_x_position,0,P3,31,5.3321428571,-45.9076356368,-46.1111464014,0.203510764588
encoding_state_x_position,0,P3,32,5.3428571429,-45.8579268793,-46.1453078279,0.287380948588
encoding_state_x_position,0,P3,33,5.3535714286,-46.0718380259,-46.4781185863,0.406280560384
encoding_state_x_position,0,P3,34,5.3642857143,-46.5527285825,-47.0320950375,0.479366455018
encoding_state_x_position,0,P3,35,5.3750000000,-47.2722596091,-47.868999718,0.596740108986
encoding_state_x_position,0,P3,36,5.3857142857,-48.2173547249,-48.8643633467,0.647008621765
encoding_state_x_position,0,P3,37,5.3964285714,-49.3702275175,-50.0308503899,0.660622872396
encoding_state_x_position,0,P3,38,5.4071428571,-50.6544642755,-51.2519334042,0.59746912871
encoding_state_x_position,0,P3,39,5.4178571429,-51.9668988376,-52.6263035472,0.659404709607
encoding_state_x_position,0,P3,40,5.4285714286,-53.3698636534,-53.9472215968,0.577357943383
encoding_state_x_position,0,P3,41,5.4392857143,-54.4664921276,-55.0578463173,0.591354189693
encoding_state_x_position,0,P3,42,5.4500000000,-55.596709061,-56.2502676429,0.653558581904
encoding_state_x_position,0,P3,43,5.4607142857,-56.4098169661,-57.2190667578,0.809249791733
encoding_state_x_position,0,P3,44,5.4714285714,-56.8911015682,-57.8934237096,1.0023221414
encoding_state_x_position,0,P3,45,5.4821428571,-57.3919290748,-58.48245057,1.09052149518
encoding_state_x_position,0,P3,46,5.4928571429,-57.6348924716,-58.7607501231,1.12585765142
encoding_state_x_position,0,P3,47,5.5035714286,-57.7951388316,-58.8921738623,1.09703503062
encoding_state_x_position,0,P3,48,5.5142857143,-57.825968638,-58.793536261,0.967567622941
encoding_state_x_position,0,P3,49,5.5250000000,-57.8192182933,-58.616238352,0.797020058765
encoding_state_x_position,0,P3,50,5.5357142857,-57.8906537464,-58.3949595444,0.504305797952
encoding_state_x_position,0,P3,51,5.5464285714,-58.0980553546,-58.2645563332,0.166500978592
encoding_state_x_position,0,P3,52,5.5571428571,-58.1895367918,-57.9771121775,-0.212424614329
encoding_state_x_position,0,P3,53,5.5678571429,-58.364698192,-57.9369931363,-0.42770505573
encoding_state_x_position,0,P3,54,5.5785714286,-58.4707563801,-57.839720778,-0.631035602088
encoding_state_x_position,0,P3,55,5.5892857143,-58.437784238,-57.7741173242,-0.663666913777
encoding_state_x_position,0,P3,56,5.6000000000,-58.4570389918,-57.8504870801,-0.606551911701
encoding_state_x_position,0,P3,57,5.6107142857,-58.0724637268,-57.5538546116,-0.518609115256
encoding_state_x_position,0,P3,58,5.6214285714,-57.5703890155,-57.1752830297,-0.395105985852
encoding_state_x_position,0,P3,59,5.6321428571,-57.3316533369,-56.8842407842,-0.447412552706
encoding_state_x_position,0,P3,60,5.6428571429,-56.8569194258,-56.3854770235,-0.471442402266
encoding_state_x_position,0,P3,61,5.6535714286,-56.4930277217,-55.9962621515,-0.496765570265
encoding_state_x_position,0,P3,62,5.6642857143,-55.9536918196,-55.4210052998,-0.532686519782
encoding_state_x_position,0,P3,63,5.6750000000,-55.5554469964,-54.9628570347,-0.592589961672
encoding_state_x_position,0,P3,64,5.6857142857,-55.2759391917,-54.6833916317,-0.592547560055
encoding_state_x_position,0,P3,65,5.6964285714,-55.0267054068,-54.4462753575,-0.580430049334
encoding_state_x_position,0,P3,66,5.7071428571,-54.9748486552,-54.4845523436,-0.49029631161
encoding_state_x_position,0,P3,67,5.7178571429,-55.2107742861,-54.9632059063,-0.247568379716
encoding_state_x_position,0,P3,68,5.7285714286,-55.9871322431,-55.6434528077,-0.343679435397
encoding_state_x_position,0,P3,69,5.7392857143,-56.9666494666,-56.5616215636,-0.405027902924
encoding_state_x_position,0,P3,70,5.7500000000,-58.097120544,-57.5225376678,-0.574582876203
encoding_state_x_position,0,P3,71,5.7607142857,-59.4070355342,-58.5695513241,-0.837484210045
encoding_state_x_position,0,P3,72,5.7714285714,-60.6618963914,-59.6436393564,-1.01825703496
encoding_state_x_position,0,P3,73,5.7821428571,-61.4090713588,-60.2084047804,-1.20066657836
encoding_state_x_position,0,P3,74,5.7928571429,-61.9590010973,-60.5652896778,-1.39371141949
encoding_state_x_position,0,P3,75,5.8035714286,-61.8838049205,-60.4570998645,-1.42670505604
encoding_state_x_position,0,P3,76,5.8142857143,-61.6522848593,-60.2991721772,-1.3531126821
encoding_state_x_position,0,P3,77,5.8250000000,-61.4114735591,-60.2140923207,-1.19738123839
encoding_state_x_position,0,P3,78,5.8357142857,-60.952551815,-59.9887704701,-0.963781344913
encoding_state_x_position,0,P3,79,5.8464285714,-60.3332603814,-59.6302814122,-0.70297896919
encoding_state_x_position,0,P3,80,5.8571428571,-59.8754923429,-59.4512097472,-0.424282595638
encoding_state_x_position,0,P3,81,5.8678571429,-59.5246647844,-59.3173024011,-0.207362383217
encoding_state_x_position,0,P3,82,5.8785714286,-59.3808756426,-59.1392326319,-0.241643010694
encoding_state_x_position,0,P3,83,5.8892857143,-58.8583079329,-58.8400608806,-0.0182470523403
encoding_state_x_position,0,P3,84,5.9000000000,-58.5840734316,-58.5751974413,-0.00887599031075
encoding_state_x_position,0,P3,85,5.9107142857,-58.5174477691,-58.5503173086,0.0328695394747
encoding_state_x_position,0,P3,86,5.9214285714,-58.2149196502,-58.3757000862,0.160780435995
encoding_state_x_position,0,P3,87,5.9321428571,-57.939312347,-58.0928998614,0.15358751435
encoding_state_x_position,0,P3,88,5.9428571429,-57.6385990529,-57.7288298431,0.090230790202
encoding_state_x_position,0,P3,89,5.9535714286,-57.290441474,-57.3816547191,0.0912132450198
encoding_state_x_position,0,P3,90,5.9642857143,-57.3681253084,-57.3871273294,0.0190020209418
encoding_state_x_position,0,P3,91,5.9750000000,-57.3093456684,-57.2341763515,-0.0751693168999
encoding_state_x_position,0,P3,92,5.9857142857,-57.190042808,-56.9212696466,-0.268773161426
encoding_state_x_position,0,P3,93,5.9964285714,-57.0239161514,-56.6656397966,-0.358276354783
encoding_state_x_position,0,P3,94,6.0071428571,-56.7472720439,-56.3748720816,-0.372399962317
encoding_state_x_position,0,P3,95,6.0178571429,-56.5288364575,-56.2484145306,-0.280421926862
encoding_state_x_position,0,P3,96,6.0285714286,-56.2571433864,-56.13685457,-0.12028881634
encoding_state_x_position,0,P3,97,6.0392857143,-56.2869717754,-56.3215540238,0.0345822484059
encoding_state_x_position,0,P3,98,6.0500000000,-56.4376502041,-56.5859203739,0.148270169743
encoding_state_x_position,0,P3,99,6.0607142857,-56.8009641694,-57.1649645424,0.364000373045
encoding_state_x_position,0,P3,100,6.0714285714,-57.4300491521,-58.0304493088,0.600400156733
encoding_state_x_position,0,P3,101,6.0821428571,-57.9900660889,-58.7465046899,0.756438600994
encoding_state_x_position,0,P3,102,6.0928571429,-58.1784950737,-59.2694241319,1.09092905822
encoding_state_x_position,0,P3,103,6.1035714286,-58.4761461094,-59.7681631468,1.2920170374
encoding_state_x_position,0,P3,104,6.1142857143,-58.7477564395,-60.1619952945,1.41423885505
encoding_state_x_position,0,P3,105,6.1250000000,-59.0320757626,-60.5360717173,1.50399595467
encoding_state_x_position,0,P3,106,6.1357142857,-59.8804574493,-61.2976938828,1.41723643352
encoding_state_x_position,0,P3,107,6.1464285714,-60.4116063781,-61.8804086275,1.46880224942
encoding_state_x_position,0,P3,108,6.1571428571,-60.5240372598,-62.1023666501,1.57832939027
encoding_state_x_position,0,P3,109,6.1678571429,-60.8028146107,-62.4207397669,1.61792515621
encoding_state_x_position,0,P3,110,6.1785714286,-61.0916297057,-62.5796464265,1.4880167208
encoding_state_x_position,0,P3,111,6.1892857143,-61.3929435865,-62.5925866181,1.19964303152
encoding_state_x_position,0,P3,112,6.2000000000,-61.1998565934,-62.1874951787,0.987638585268
encoding_state_x_position,0,P3,113,6.2107142857,-61.0861378877,-61.8982452089,0.812107321241
encoding_state_x_position,0,P3,114,6.2214285714,-60.8441578653,-61.5712179649,0.727060099619
encoding_state_x_position,0,P3,115,6.2321428571,-60.0903765985,-60.8995594939,0.809182895361
encoding_state_x_position,0,P3,116,6.2428571429,-59.3816250176,-60.3692786356,0.987653617966
encoding_state_x_position,0,P3,117,6.2535714286,-58.8394265041,-59.7855897712,0.946163267109
encoding_state_x_position,0,P3,118,6.2642857143,-58.5396769667,-59.4113277265,0.871650759812
encoding_state_x_position,0,P3,119,6.2750000000,-58.5704297573,-59.3598387724,0.789409015015
encoding_state_x_position,0,P3,120,6.2857142857,-58.8722719878,-59.5673998677,0.695127879904
encoding_state_x_position,0,P3,121,6.2964285714,-58.7235374285,-59.462214278,0.738676849526
encoding_state_x_position,0,P3,122,6.3071428571,-58.5031601756,-59.3096910861,0.806530910494
encoding_state_x_position,0,P3,123,6.3178571429,-58.1698843461,-59.0428024505,0.872918104364
encoding_state_x_position,0,P3,124,6.3285714286,-57.6974260411,-58.5476323685,0.850206327392
encoding_state_x_position,0,P3,125,6.3392857143,-57.4055873551,-58.0967002545,0.6911128994
encoding_state_x_position,0,P3,126,6.3500000000,-57.1151219015,-57.7522612707,0.637139369182
encoding_state_x_position,0,P3,127,6.3607142857,-57.232876252,-57.8184146788,0.585538426759
encoding_state_x_position,0,P3,128,6.3714285714,-57.6279333065,-58.1114653071,0.483532000609
encoding_state_x_position,0,P3,129,6.3821428571,-57.8572918846,-58.4353796371,0.578087752542
encoding_state_x_position,0,P3,130,6.3928571429,-58.5468129984,-59.0411148284,0.494301829988
encoding_state_x_position,0,P3,131,6.4035714286,-59.084023302,-59.4148743088,0.330851006842
encoding_state_x_position,0,P3,132,6.4142857143,-59.6018405293,-59.6100302813,0.00818975201614
encoding_state_x_position,0,P3,133,6.4250000000,-59.9237462295,-59.8057651084,-0.117981121113
encoding_state_x_position,0,P3,134,6.4357142857,-60.2304049998,-59.9839706229,-0.246434376997
encoding_state_x_position,0,P3,135,6.4464285714,-60.4166055463,-59.9753513628,-0.441254183598
encoding_state_x_position,0,P3,136,6.4571428571,-60.2243008472,-59.6333713711,-0.590929476103
encoding_state_x_position,0,P3,137,6.4678571429,-59.6961016571,-59.036014896,-0.660086761019
encoding_state_x_position,0,P3,138,6.4785714286,-59.152966634,-58.4105044033,-0.742462230617
encoding_state_x_position,0,P3,139,6.4892857143,-58.6254606537,-57.804363452,-0.82109720169
encoding_state_x_position,0,P3,140,6.5000000000,-58.1102107604,-57.2719263331,-0.838284427354
encoding_state_x_position,0,P3,141,6.5107142857,-57.7691991914,-56.9326661966,-0.836532994846
encoding_state_x_position,0,P3,142,6.5214285714,-57.5101684782,-56.6245338337,-0.885634644516
encoding_state_x_position,0,P3,143,6.5321428571,-57.0576813368,-56.2412579823,-0.816423354485
encoding_state_x_position,0,P3,144,6.5428571429,-56.9548314492,-56.0969881952,-0.85784325401
encoding_state_x_position,0,P3,145,6.5535714286,-56.8037601453,-55.9680987982,-0.835661347132
encoding_state_x_position,0,P3,146,6.5642857143,-56.7991412949,-55.8424264551,-0.956714839756
encoding_state_x_position,0,P3,147,6.5750000000,-56.7404942006,-55.7759060994,-0.964588101256
encoding_state_x_position,0,P3,148,6.5857142857,-56.9989616188,-55.9274780813,-1.07148353747
encoding_state_x_position,0,P3,149,6.5964285714,-57.2182035362,-55.9705178873,-1.24768564893
encoding_state_x_position,0,P3,150,6.6071428571,-57.3146334659,-55.9543806157,-1.36025285021
encoding_state_x_position,0,P3,151,6.6178571429,-57.2757529711,-55.9866142085,-1.28913876267
encoding_state_x_position,0,P3,152,6.6285714286,-57.4068206838,-56.1592503634,-1.24757032044
encoding_state_x_position,0,P3,153,6.6392857143,-57.4214661074,-56.2785369121,-1.14292919527
encoding_state_x_position,0,P3,154,6.6500000000,-57.4396324829,-56.3362062478,-1.10342623502
encoding_state_x_position,0,P3,155,6.6607142857,-57.3194322794,-56.4146649239,-0.904767355467
encoding_state_x_position,0,P3,156,6.6714285714,-57.0216117422,-56.2765592375,-0.745052504667
encoding_state_x_position,0,P3,157,6.6821428571,-56.6460979859,-56.0448975493,-0.601200436583
encoding_state_x_position,0,P3,158,6.6928571429,-56.5488499637,-56.0659493442,-0.482900619509
encoding_state_x_position,0,P3,159,6.7035714286,-56.5105022739,-56.2876887317,-0.222813542209
encoding_state_x_position,0,P3,160,6.7142857143,-56.480238267,-56.3449051308,-0.135333136179
encoding_state_x_position,0,P3,161,6.7250000000,-56.5754670227,-56.4567078332,-0.118759189538
encoding_state_x_position,0,P3,162,6.7357142857,-56.6474575794,-56.4779148608,-0.169542718539
encoding_state_x_position,0,P3,163,6.7464285714,-56.6084464777,-56.3475571784,-0.260889299279
encoding_state_x_position,0,P3,164,6.7571428571,-56.8431202611,-56.424732964,-0.418387297131
encoding_state_x_position,0,P3,165,6.7678571429,-57.299468014,-56.8362493365,-0.463218677499
encoding_state_x_position,0,P3,166,6.7785714286,-57.807806465,-57.266626667,-0.541179797964
encoding_state_x_position,0,P3,167,6.7892857143,-58.2550648914,-57.757007361,-0.498057530431
encoding_state_x_position,0,P3,168,6.8000000000,-59.0911398366,-58.5115630545,-0.579576782077
encoding_state_x_position,0,P3,169,6.8107142857,-59.8536725552,-59.428966245,-0.424706310231
encoding_state_x_position,0,P3,170,6.8214285714,-60.5592558249,-60.2079997593,-0.351256065623
encoding_state_x_position,0,P3,171,6.8321428571,-61.1407132179,-60.8274506692,-0.313262548759
encoding_state_x_position,0,P3,172,6.8428571429,-61.705947467,-61.489172838,-0.216774629
encoding_state_x_position,0,P3,173,6.8535714286,-62.0276353515,-62.0777927917,0.0501574401976
encoding_state_x_position,0,P3,174,6.8642857143,-62.357528096,-62.4680543603,0.110526264248
encoding_state_x_position,0,P3,175,6.8750000000,-62.2040766656,-62.3972359404,0.193159274835
encoding_state_x_position,0,P3,176,6.8857142857,-62.0301865922,-62.1932952895,0.163108697296
encoding_state_x_position,0,P3,177,6.8964285714,-61.8735947896,-61.9332299558,0.0596351662264
encoding_state_x_position,0,P3,178,6.9071428571,-61.6910709728,-61.5698872948,-0.121183678009
encoding_state_x_position,0,P3,179,6.9178571429,-61.682031185,-61.464751567,-0.21727961805
encoding_state_x_position,0,P3,180,6.9285714286,-61.4684871717,-61.1397433214,-0.328743850278
encoding_state_x_position,0,P3,181,6.9392857143,-61.540960146,-61.0122154095,-0.528744736457
encoding_state_x_position,0,P3,182,6.9500000000,-61.9195161822,-61.1262043305,-0.793311851739
encoding_state_x_position,0,P3,183,6.9607142857,-62.3143621237,-61.3987219377,-0.915640185918
encoding_state_x_position,0,P3,184,6.9714285714,-62.7011668723,-61.6698813781,-1.03128549416
encoding_state_x_position,0,P3,185,6.9821428571,-63.0911391826,-61.8762444981,-1.21489468453
encoding_state_x_position,0,P3,186,6.9928571429,-63.2411752124,-61.9443175281,-1.2968576843
encoding_state_x_position,0,P3,187,7.0035714286,-63.2045590621,-62.0132749627,-1.1912840994
encoding_state_x_position,0,P3,188,7.0142857143,-63.1472124487,-62.0150585426,-1.13215390603
encoding_state_x_position,0,P3,189,7.0250000000,-63.0287372595,-62.0755399193,-0.953197340267
encoding_state_x_position,0,P3,190,7.0357142857,-63.2426269473,-62.2689871327,-0.973639814645
encoding_state_x_position,0,P3,191,7.0464285714,-63.3018645226,-62.1141090203,-1.18775550229
encoding_state_x_position,0,P3,192,7.0571428571,-63.116602016,-61.6942242564,-1.42237775967
encoding_state_x_position,0,P3,193,7.0678571429,-63.2279545292,-61.4833522789,-1.74460225035
encoding_state_x_position,0,P3,194,7.0785714286,-63.4752317284,-61.3033085953,-2.17192313303
encoding_state_x_position,0,P3,195,7.0892857143,-63.6297222979,-61.163722184,-2.4660001139
encoding_state_x_position,0,P3,196,7.1000000000,-63.7780534125,-61.1498827061,-2.62817070642
encoding_state_x_position,0,P3,197,7.1107142857,-63.8113025279,-61.2429750748,-2.56832745302
encoding_state_x_position,0,P3,198,7.1214285714,-63.5533135392,-61.3322737457,-2.22103979345
encoding_state_x_position,0,P3,199,7.1321428571,-63.253716828,-61.2736152489,-1.98010157916
encoding_state_x_position,0,P3,200,7.1428571429,-62.5232873004,-60.9182338008,-1.60505349957
encoding_state_x_position,0,P3,201,7.1535714286,-61.3490104641,-60.3353105201,-1.01369994391
encoding_state_x_position,0,P3,202,7.1642857143,-60.452496666,-59.85672926,-0.595767406079
encoding_state_x_position,0,P3,203,7.1750000000,-59.6054605391,-59.4766387915,-0.128821747625
encoding_state_x_position,0,P3,204,7.1857142857,-58.8889610657,-58.9646206857,0.075659619982
encoding_state_x_position,0,P3,205,7.1964285714,-58.5391849578,-58.5580528238,0.0188678660437
encoding_state_x_position,0,P3,206,7.2071428571,-58.3787927565,-58.3377751404,-0.0410176161504
encoding_state_x_position,0,P3,207,7.2178571429,-58.757387521,-58.4197791958,-0.337608325183
encoding_state_x_position,0,P3,208,7.2285714286,-59.629607597,-58.8326861028,-0.79692149416
encoding_state_x_position,0,P3,209,7.2392857143,-60.3094394661,-59.336383656,-0.973055810095
encoding_state_x_position,0,P3,210,7.2500000000,-60.4930770391,-59.6073888819,-0.885688157166
encoding_state_x_position,0,P3,211,7.2607142857,-60.6113480321,-59.8012561086,-0.810091923475
encoding_state_x_position,0,P3,212,7.2714285714,-61.0570976239,-60.213309159,-0.843788464939
encoding_state_x_position,0,P3,213,7.2821428571,-61.3455304312,-60.3356224509,-1.00990798032
encoding_state_x_position,0,P3,214,7.2928571429,-61.5525258495,-60.3731214794,-1.17940437004
encoding_state_x_position,0,P3,215,7.3035714286,-61.1764913207,-60.0105185008,-1.16597281981
encoding_state_x_position,0,P3,216,7.3142857143,-60.8648145464,-59.6233868831,-1.24142766328
encoding_state_x_position,0,P3,217,7.3250000000,-60.2883793618,-59.0949448715,-1.19343449024
encoding_state_x_position,0,P3,218,7.3357142857,-59.741307161,-58.6239645352,-1.11734262577
encoding_state_x_position,0,P3,219,7.3464285714,-59.1668016702,-58.2449240617,-0.921877608523
encoding_state_x_position,0,P3,220,7.3571428571,-58.5859470462,-57.8863275104,-0.699619535836
encoding_state_x_position,0,P3,221,7.3678571429,-58.3734639292,-57.8761173361,-0.497346593129
encoding_state_x_position,0,P3,222,7.3785714286,-58.2794591947,-57.9897927442,-0.289666450524
encoding_state_x_position,0,P3,223,7.3892857143,-57.7280660465,-57.8209485223,0.092882475774
encoding_state_x_position,0,P3,224,7.4000000000,-56.9505272026,-57.2995707319,0.349043529242
encoding_state_x_position,0,P3,225,7.4107142857,-56.6609431771,-57.0158173888,0.354874211727
encoding_state_x_position,0,P3,226,7.4214285714,-56.8240391912,-56.9332855996,0.109246408424
encoding_state_x_position,0,P3,227,7.4321428571,-56.7849466307,-56.7223566238,-0.0625900068631
encoding_state_x_position,0,P3,228,7.4428571429,-56.9445246279,-56.6656918087,-0.278832819215
encoding_state_x_position,0,P3,229,7.4535714286,-56.9446767856,-56.5121060858,-0.432570699788
encoding_state_x_position,0,P3,230,7.4642857143,-56.9814909084,-56.361585318,-0.619905590328
encoding_state_x_position,0,P3,231,7.4750000000,-56.8182264575,-56.2437258385,-0.574500618948
encoding_state_x_position,0,P3,232,7.4857142857,-56.7177266461,-56.2820045016,-0.43572214446
encoding_state_x_position,0,P3,233,7.4964285714,-56.4431864067,-56.1697283,-0.273458106691
encoding_state_x_position,0,P3,234,7.5071428571,-56.4326231967,-56.1746818551,-0.257941341538
encoding_state_x_position,0,P3,235,7.5178571429,-56.370062819,-56.2232143287,-0.146848490287
encoding_state_x_position,0,P3,236,7.5285714286,-56.2504924104,-56.1076679136,-0.142824496747
encoding_state_x_position,0,P3,237,7.5392857143,-55.8934704099,-55.7134025723,-0.180067837592
encoding_state_x_position,0,P3,238,7.5500000000,-55.6874497613,-55.3022503516,-0.385199409741
encoding_state_x_position,0,P3,239,7.5607142857,-55.3348850037,-54.9575626569,-0.37732234673
encoding_state_x_position,0,P3,240,7.5714285714,-55.2355425496,-54.6466651916,-0.588877357963
encoding_state_x_position,0,P3,241,7.5821428571,-55.2232118843,-54.5462641679,-0.676947716471
encoding_state_x_position,0,P3,242,7.5928571429,-55.3100346079,-54.5467411323,-0.763293475613
encoding_state_x_position,0,P3,243,7.6035714286,-55.5335186713,-54.6851282081,-0.848390463206
encoding_state_x_position,0,P3,244,7.6142857143,-55.6186828428,-54.8226725556,-0.796010287232
encoding_state_x_position,0,P3,245,7.6250000000,-55.7107338548,-55.0797983149,-0.630935539892
encoding_state_x_position,0,P3,246,7.6357142857,-55.9183429552,-55.2955701342,-0.622772820942
encoding_state_x_position,0,P3,247,7.6464285714,-55.9178636045,-55.2942870106,-0.623576593933
encoding_state_x_position,0,P3,248,7.6571428571,-56.0170888575,-55.435961773,-0.581127084569
encoding_state_x_position,0,P3,249,7.6678571429,-56.2441119866,-55.6988040441,-0.545307942525
encoding_state_x_position,0,P3,250,7.6785714286,-56.46408151,-55.9400669988,-0.524014511175
encoding_state_x_position,0,P3,251,7.6892857143,-56.5538007015,-56.1843809163,-0.369419785249
encoding_state_x_position,0,P3,252,7.7000000000,-56.6494919116,-56.3284827957,-0.321009115923
encoding_state_x_position,0,P3,253,7.7107142857,-56.5614249839,-56.3832777803,-0.178147203669
encoding_state_x_position,0,P3,254,7.7214285714,-57.0123600387,-56.7169417936,-0.295418245099
encoding_state_x_position,0,P3,255,7.7321428571,-57.6616103489,-57.1415152131,-0.52009513579
encoding_state_x_position,0,P3,256,7.7428571429,-58.1636434285,-57.5151673427,-0.648476085818
encoding_state_x_position,0,P3,257,7.7535714286,-58.2098314668,-57.5385376741,-0.671293792722
encoding_state_x_position,0,P3,258,7.7642857143,-58.1545583872,-57.4082096866,-0.746348700652
encoding_state_x_position,0,P3,259,7.7750000000,-58.1184908829,-57.3836047841,-0.734886098787
encoding_state_x_position,0,P3,260,7.7857142857,-58.1335717859,-57.3797509237,-0.753820862132
encoding_state_x_position,0,P3,261,7.7964285714,-58.3200331458,-57.7034287353,-0.616604410497
encoding_state_x_position,0,P3,262,7.8071428571,-58.2410587225,-57.7736357355,-0.467422986995
encoding_state_x_position,0,P3,263,7.8178571429,-58.4503270127,-58.1174243243,-0.332902688444
encoding_state_x_position,0,P3,264,7.8285714286,-58.4315471324,-58.3519556041,-0.0795915282977
encoding_state_x_position,0,P3,265,7.8392857143,-58.368553214,-58.5607107394,0.192157525367
encoding_state_x_position,0,P3,266,7.8500000000,-58.8577534586,-59.0847285103,0.226975051676
encoding_state_x_position,0,P3,267,7.8607142857,-59.2974995778,-59.6977655935,0.400266015714
encoding_state_x_position,0,P3,268,7.8714285714,-59.9897147463,-60.3886901646,0.398975418305
encoding_state_x_position,0,P3,269,7.8821428571,-60.4374947215,-60.9765355019,0.539040780457
encoding_state_x_position,0,P3,270,7.8928571429,-60.5737106619,-61.3325813369,0.758870675018
encoding_state_x_position,0,P3,271,7.9035714286,-60.4097103983,-61.2756442946,0.865933896295
encoding_state_x_position,0,P3,272,7.9142857143,-60.5773913968,-61.2398303297,0.662438932939
encoding_state_x_position,0,P3,273,7.9250000000,-60.8740093454,-61.3807016392,0.506692293752
encoding_state_x_position,0,P3,274,7.9357142857,-61.342791161,-61.5751772992,0.232386138228
encoding_state_x_position,0,P3,275,7.9464285714,-62.0096982586,-61.823722901,-0.185975357648
encoding_state_x_position,0,P3,276,7.9571428571,-62.2679401312,-61.7596764766,-0.508263654614
encoding_state_x_position,0,P3,277,7.9678571429,-62.5518917536,-61.8200610323,-0.731830721248
encoding_state_x_position,0,P3,278,7.9785714286,-62.7850071152,-61.8412872881,-0.943719827006
encoding_state_x_position,0,P3,279,7.9892857143,-62.7424341982,-61.7183575739,-1.02407662435
encoding_state_x_position,0,P3,280,8.0000000000,-62.7953221851,-61.7544224013,-1.04089978379
encoding_state_x_position,1,P1,0,5.0000000000,-54.6193259055,-52.8477338829,-1.77159202252
encoding_state_x_position,1,P1,1,5.0107142857,-54.8699693542,-53.0818698045,-1.78809954972
encoding_state_x_position,1,P1,2,5.0214285714,-55.0495284311,-53.2307406614,-1.81878776966
encoding_state_x_position,1,P1,3,5.0321428571,-55.1005555712,-53.2921737446,-1.80838182655
encoding_state_x_position,1,P1,4,5.0428571429,-55.0194458017,-53.1946190989,-1.82482670274
encoding_state_x_position,1,P1,5,5.0535714286,-54.680098647,-52.9011949681,-1.7789036789
encoding_state_x_position,1,P1,6,5.0642857143,-54.6365605841,-52.7716339288,-1.86492665537
encoding_state_x_position,1,P1,7,5.0750000000,-54.3820354178,-52.5946229106,-1.78741250721
encoding_state_x_position,1,P1,8,5.0857142857,-54.2854701629,-52.4778387516,-1.80763141133
encoding_state_x_position,1,P1,9,5.0964285714,-54.2798493419,-52.4932542237,-1.78659511813
encoding_state_x_position,1,P1,10,5.1071428571,-54.4179695951,-52.611152249,-1.80681734608
encoding_state_x_position,1,P1,11,5.1178571429,-54.7039472675,-52.8269819056,-1.87696536195
encoding_state_x_position,1,P1,12,5.1285714286,-54.8439232668,-52.9565092069,-1.88741405985
encoding_state_x_position,1,P1,13,5.1392857143,-54.828676315,-52.9364439336,-1.89223238141
encoding_state_x_position,1,P1,14,5.1500000000,-54.4952402844,-52.6667141641,-1.82852612039
encoding_state_x_position,1,P1,15,5.1607142857,-53.993722268,-52.2048516063,-1.78887066176
encoding_state_x_position,1,P1,16,5.1714285714,-53.3723929207,-51.6406644309,-1.73172848981
encoding_state_x_position,1,P1,17,5.1821428571,-52.6403796639,-51.0158247121,-1.62455495184
encoding_state_x_position,1,P1,18,5.1928571429,-51.8698306113,-50.3946022844,-1.47522832695
encoding_state_x_position,1,P1,19,5.2035714286,-51.1139742982,-49.790575287,-1.32339901119
encoding_state_x_position,1,P1,20,5.2142857143,-50.5871684912,-49.3518952597,-1.23527323149
encoding_state_x_position,1,P1,21,5.2250000000,-49.9159365701,-48.8056905813,-1.11024598883
encoding_state_x_position,1,P1,22,5.2357142857,-49.184926709,-48.1170030342,-1.06792367486
encoding_state_x_position,1,P1,23,5.2464285714,-48.5214578591,-47.4633261827,-1.05813167637
encoding_state_x_position,1,P1,24,5.2571428571,-47.7463492846,-46.7174241694,-1.02892511514
encoding_state_x_position,1,P1,25,5.2678571429,-46.7896881287,-45.7725959567,-1.017092172
encoding_state_x_position,1,P1,26,5.2785714286,-45.4509057749,-44.5405166145,-0.910389160375
encoding_state_x_position,1,P1,27,5.2892857143,-44.0232235578,-43.2264670581,-0.796756499696
encoding_state_x_position,1,P1,28,5.3000000000,-42.5660537369,-41.9475215072,-0.618532229756
encoding_state_x_position,1,P1,29,5.3107142857,-41.2988291694,-40.90395946,-0.394869709352
encoding_state_x_position,1,P1,30,5.3214285714,-40.2480808532,-40.0014598509,-0.246621002284
encoding_state_x_position,1,P1,31,5.3321428571,-39.4623913776,-39.3692717751,-0.0931196025161
encoding_state_x_position,1,P1,32,5.3428571429,-39.0020947817,-39.0137851912,0.011690409548
encoding_state_x_position,1,P1,33,5.3535714286,-39.0419407723,-39.061797528,0.0198567556215
encoding_state_x_position,1,P1,34,5.3642857143,-39.4909786002,-39.4103165821,-0.0806620181027
encoding_state_x_position,1,P1,35,5.3750000000,-40.278537682,-40.0944307368,-0.184106945199
encoding_state_x_position,1,P1,36,5.3857142857,-41.4750792418,-41.1327229751,-0.34235626665
encoding_state_x_position,1,P1,37,5.3964285714,-42.6414832941,-42.1274337586,-0.51404953555
encoding_state_x_position,1,P1,38,5.4071428571,-43.8596362029,-43.1985330819,-0.661103120979
encoding_state_x_position,1,P1,39,5.4178571429,-45.0428562747,-44.3591624442,-0.683693830474
encoding_state_x_position,1,P1,40,5.4285714286,-46.112592265,-45.4307157451,-0.681876519952
encoding_state_x_position,1,P1,41,5.4392857143,-47.1055051211,-46.475985092,-0.629520029048
encoding_state_x_position,1,P1,42,5.4500000000,-48.061689475,-47.5761747493,-0.485514725726
encoding_state_x_position,1,P1,43,5.4607142857,-49.0402875709,-48.761281769,-0.279005801975
encoding_state_x_position,1,P1,44,5.4714285714,-49.6403204525,-49.588957772,-0.0513626805644
encoding_state_x_position,1,P1,45,5.4821428571,-50.0709629636,-50.3400009297,0.269037966145
encoding_state_x_position,1,P1,46,5.4928571429,-50.3090424361,-50.8900434451,0.581001008995
encoding_state_x_position,1,P1,47,5.5035714286,-50.7571001399,-51.5857647773,0.828664637435
encoding_state_x_position,1,P1,48,5.5142857143,-51.1731121483,-52.2230602807,1.04994813235
encoding_state_x_position,1,P1,49,5.5250000000,-51.6953746126,-52.928388883,1.23301427037
encoding_state_x_position,1,P1,50,5.5357142857,-52.1676956355,-53.4274374571,1.25974182167
encoding_state_x_position,1,P1,51,5.5464285714,-52.3875822501,-53.6780627428,1.2904804927
encoding_state_x_position,1,P1,52,5.5571428571,-52.8380860809,-54.089878483,1.2517924021
encoding_state_x_position,1,P1,53,5.5678571429,-53.4159645755,-54.563719906,1.14775533045
encoding_state_x_position,1,P1,54,5.5785714286,-53.6492695183,-54.5831582625,0.933888744255
encoding_state_x_position,1,P1,55,5.5892857143,-53.8626581621,-54.5123333008,0.649675138744
encoding_state_x_position,1,P1,56,5.6000000000,-54.1723771916,-54.4522445567,0.279867365031
encoding_state_x_position,1,P1,57,5.6107142857,-54.460722758,-54.440205517,-0.0205172409963
encoding_state_x_position,1,P1,58,5.6214285714,-54.7597852335,-54.4114224273,-0.348362806134
encoding_state_x_position,1,P1,59,5.6321428571,-55.0902375845,-54.4420975782,-0.648140006288
encoding_state_x_position,1,P1,60,5.6428571429,-55.2152763861,-54.3818638976,-0.83341248844
encoding_state_x_position,1,P1,61,5.6535714286,-55.454668292,-54.4314269188,-1.02324137316
encoding_state_x_position,1,P1,62,5.6642857143,-55.4211029715,-54.2979247559,-1.12317821562
encoding_state_x_position,1,P1,63,5.6750000000,-55.4723993958,-54.2489935279,-1.22340586794
encoding_state_x_position,1,P1,64,5.6857142857,-55.4421063273,-54.3059098461,-1.13619648117
encoding_state_x_position,1,P1,65,5.6964285714,-55.3689906613,-54.4345950635,-0.934395597794
encoding_state_x_position,1,P1,66,5.7071428571,-55.26947026,-54.5199387632,-0.749531496853
encoding_state_x_position,1,P1,67,5.7178571429,-54.9263973689,-54.4035689838,-0.522828385062
encoding_state_x_position,1,P1,68,5.7285714286,-54.1439791825,-53.8285873503,-0.315391832161
encoding_state_x_position,1,P1,69,5.7392857143,-53.5083585977,-53.3211276763,-0.187230921309
encoding_state_x_position,1,P1,70,5.7500000000,-53.2687758414,-53.0133333725,-0.255442468873
encoding_state_x_position,1,P1,71,5.7607142857,-53.2331403042,-52.9178559207,-0.315284383566
encoding_state_x_position,1,P1,72,5.7714285714,-53.5773488185,-53.1065926914,-0.470756127165
encoding_state_x_position,1,P1,73,5.7821428571,-53.7131089825,-53.0405036615,-0.67260532103
encoding_state_x_position,1,P1,74,5.7928571429,-53.732491061,-52.8615596865,-0.870931374561
encoding_state_x_position,1,P1,75,5.8035714286,-53.5162750562,-52.4700347879,-1.04624026825
encoding_state_x_position,1,P1,76,5.8142857143,-53.1464784688,-52.0005434317,-1.14593503704
encoding_state_x_position,1,P1,77,5.8250000000,-52.9307431404,-51.6836225765,-1.24712056391
encoding_state_x_position,1,P1,78,5.8357142857,-52.6044812999,-51.4601054342,-1.14437586572
encoding_state_x_position,1,P1,79,5.8464285714,-52.0734532664,-50.9966953755,-1.07675789088
encoding_state_x_position,1,P1,80,5.8571428571,-51.2523632419,-50.3375457093,-0.914817532603
encoding_state_x_position,1,P1,81,5.8678571429,-50.2111124462,-49.4832886232,-0.727823823066
encoding_state_x_position,1,P1,82,5.8785714286,-49.0579898652,-48.5294070551,-0.52858281009
encoding_state_x_position,1,P1,83,5.8892857143,-48.0883673731,-47.7439016623,-0.344465710857
encoding_state_x_position,1,P1,84,5.9000000000,-47.4445793784,-47.1957701423,-0.248809236136
encoding_state_x_position,1,P1,85,5.9107142857,-47.0083689618,-46.8830108543,-0.12535810744
encoding_state_x_position,1,P1,86,5.9214285714,-46.7522626649,-46.7599780571,0.00771539226944
encoding_state_x_position,1,P1,87,5.9321428571,-46.5976558532,-46.5609044549,-0.0367513982874
encoding_state_x_position,1,P1,88,5.9428571429,-46.6239765014,-46.5352378122,-0.0887386891803
encoding_state_x_position,1,P1,89,5.9535714286,-46.4522837539,-46.4010116461,-0.0512721078388
encoding_state_x_position,1,P1,90,5.9642857143,-46.4452252099,-46.3040515373,-0.141173672668
encoding_state_x_position,1,P1,91,5.9750000000,-46.4337529542,-46.1329880688,-0.300764885461
encoding_state_x_position,1,P1,92,5.9857142857,-46.5147195642,-46.0816482191,-0.433071345039
encoding_state_x_position,1,P1,93,5.9964285714,-46.56358648,-45.995029342,-0.56855713793
encoding_state_x_position,1,P1,94,6.0071428571,-46.5578733556,-46.0162761424,-0.541597213284
encoding_state_x_position,1,P1,95,6.0178571429,-46.6089704294,-46.0933824639,-0.515587965509
encoding_state_x_position,1,P1,96,6.0285714286,-46.735349824,-46.2889349727,-0.446414851307
encoding_state_x_position,1,P1,97,6.0392857143,-47.1631446242,-46.8217136749,-0.341430949322
encoding_state_x_position,1,P1,98,6.0500000000,-47.6388311529,-47.4979643887,-0.140866764201
encoding_state_x_position,1,P1,99,6.0607142857,-48.315961084,-48.3136818572,-0.0022792268371
encoding_state_x_position,1,P1,100,6.0714285714,-49.0118409758,-49.1837037465,0.17186277073
encoding_state_x_position,1,P1,101,6.0821428571,-49.7456081051,-49.9970369748,0.251428869738
encoding_state_x_position,1,P1,102,6.0928571429,-50.3532821966,-50.8174791848,0.464196988173
encoding_state_x_position,1,P1,103,6.1035714286,-50.6038883572,-51.3115222199,0.707633862662
encoding_state_x_position,1,P1,104,6.1142857143,-50.913789105,-51.6865909206,0.772801815559
encoding_state_x_position,1,P1,105,6.1250000000,-51.2342729061,-52.061630158,0.827357251971
encoding_state_x_position,1,P1,106,6.1357142857,-51.4240462474,-52.2290605717,0.805014324324
encoding_state_x_position,1,P1,107,6.1464285714,-51.4865945718,-52.2132417925,0.726647220739
encoding_state_x_position,1,P1,108,6.1571428571,-51.547207569,-52.2761902779,0.728982708917
encoding_state_x_position,1,P1,109,6.1678571429,-51.7012509395,-52.356035832,0.654784892586
encoding_state_x_position,1,P1,110,6.1785714286,-51.8586097577,-52.4164975718,0.557887814103
encoding_state_x_position,1,P1,111,6.1892857143,-52.0317866437,-52.6369974497,0.605210806022
encoding_state_x_position,1,P1,112,6.2000000000,-52.0344814715,-52.7554967479,0.721015276463
encoding_state_x_position,1,P1,113,6.2107142857,-52.0541608706,-52.7907534827,0.736592612024
encoding_state_x_position,1,P1,114,6.2214285714,-51.9005454512,-52.7615576477,0.861012196509
encoding_state_x_position,1,P1,115,6.2321428571,-51.6877086001,-52.6395251904,0.95181659029
encoding_state_x_position,1,P1,116,6.2428571429,-51.287114708,-52.4555510271,1.16843631908
encoding_state_x_position,1,P1,117,6.2535714286,-50.8229611489,-52.19298647,1.37002532112
encoding_state_x_position,1,P1,118,6.2642857143,-50.7259992863,-52.1174240041,1.3914247178
encoding_state_x_position,1,P1,119,6.2750000000,-50.8930032883,-52.2246345575,1.33163126917
encoding_state_x_position,1,P1,120,6.2857142857,-50.9411416878,-52.1065263583,1.16538467041
encoding_state_x_position,1,P1,121,6.2964285714,-50.9635858402,-51.9716350971,1.00804925696
encoding_state_x_position,1,P1,122,6.3071428571,-51.1763863437,-52.0432510805,0.866864736871
encoding_state_x_position,1,P1,123,6.3178571429,-51.4980041397,-52.1122209895,0.614216849782
encoding_state_x_position,1,P1,124,6.3285714286,-51.7755344157,-52.1905658072,0.415031391549
encoding_state_x_position,1,P1,125,6.3392857143,-52.1246238522,-52.3707732888,0.246149436565
encoding_state_x_position,1,P1,126,6.3500000000,-52.5056013488,-52.5562539972,0.0506526484374
encoding_state_x_position,1,P1,127,6.3607142857,-52.8582962446,-52.6877652858,-0.170530958794
encoding_state_x_position,1,P1,128,6.3714285714,-52.9074234182,-52.6670215809,-0.240401837325
encoding_state_x_position,1,P1,129,6.3821428571,-52.7959716184,-52.4827454461,-0.313226172318
encoding_state_x_position,1,P1,130,6.3928571429,-52.4537462137,-52.2754138507,-0.178332363016
encoding_state_x_position,1,P1,131,6.4035714286,-52.1392802761,-52.0418833996,-0.09739687641
encoding_state_x_position,1,P1,132,6.4142857143,-51.9975752658,-51.9884541094,-0.00912115639312
encoding_state_x_position,1,P1,133,6.4250000000,-51.8693767181,-52.0069382617,0.137561543604
encoding_state_x_position,1,P1,134,6.4357142857,-51.625600842,-51.9711012852,0.345500443238
encoding_state_x_position,1,P1,135,6.4464285714,-51.3947877632,-51.9126984176,0.517910654333
encoding_state_x_position,1,P1,136,6.4571428571,-51.3299146796,-51.9270315071,0.597116827468
encoding_state_x_position,1,P1,137,6.4678571429,-51.1986230333,-51.7985432557,0.599920222373
encoding_state_x_position,1,P1,138,6.4785714286,-51.0957909309,-51.7128657656,0.617074834659
encoding_state_x_position,1,P1,139,6.4892857143,-50.9737898133,-51.5591705658,0.585380752517
encoding_state_x_position,1,P1,140,6.5000000000,-51.1367103502,-51.5437909049,0.407080554664
encoding_state_x_position,1,P1,141,6.5107142857,-51.3836715143,-51.4919047086,0.108233194235
encoding_state_x_position,1,P1,142,6.5214285714,-51.4318922903,-51.2373082846,-0.194584005738
encoding_state_x_position,1,P1,143,6.5321428571,-51.3913166078,-50.9607674931,-0.43054911475
encoding_state_x_position,1,P1,144,6.5428571429,-51.213235623,-50.6379248082,-0.575310814796
encoding_state_x_position,1,P1,145,6.5535714286,-50.9444769107,-50.23733917,-0.707137740628
encoding_state_x_position,1,P1,146,6.5642857143,-50.5326628308,-49.8929200402,-0.639742790546
encoding_state_x_position,1,P1,147,6.5750000000,-49.9245510452,-49.4408874255,-0.483663619754
encoding_state_x_position,1,P1,148,6.5857142857,-49.1769698757,-48.9154380679,-0.261531807748
encoding_state_x_position,1,P1,149,6.5964285714,-48.6742124374,-48.5836820782,-0.0905303592784
encoding_state_x_position,1,P1,150,6.6071428571,-48.1648395291,-48.2421485387,0.0773090096178
encoding_state_x_position,1,P1,151,6.6178571429,-47.6487581171,-47.8948629398,0.246104822775
encoding_state_x_position,1,P1,152,6.6285714286,-47.2782600072,-47.6861736292,0.40791362193
encoding_state_x_position,1,P1,153,6.6392857143,-46.9924961005,-47.4686169779,0.476120877432
encoding_state_x_position,1,P1,154,6.6500000000,-47.1547973979,-47.5053697779,0.350572379945
encoding_state_x_position,1,P1,155,6.6607142857,-47.3491658311,-47.5660602689,0.216894437774
encoding_state_x_position,1,P1,156,6.6714285714,-47.5383716816,-47.5949867763,0.0566150947341
encoding_state_x_position,1,P1,157,6.6821428571,-47.6991919367,-47.709940274,0.0107483373152
encoding_state_x_position,1,P1,158,6.6928571429,-47.6828706131,-47.6374792173,-0.0453913957546
encoding_state_x_position,1,P1,159,6.7035714286,-47.711699241,-47.656730281,-0.0549689599888
encoding_state_x_position,1,P1,160,6.7142857143,-47.7086548714,-47.7217870969,0.0131322255076
encoding_state_x_position,1,P1,161,6.7250000000,-47.7830725421,-47.8143600183,0.0312874761827
encoding_state_x_position,1,P1,162,6.7357142857,-47.8860945998,-47.9214093376,0.0353147378036
encoding_state_x_position,1,P1,163,6.7464285714,-48.2938847527,-48.28817558,-0.0057091727683
encoding_state_x_position,1,P1,164,6.7571428571,-48.6504313479,-48.5874598554,-0.0629714925775
encoding_state_x_position,1,P1,165,6.7678571429,-49.1034339884,-48.9443915064,-0.159042481931
encoding_state_x_position,1,P1,166,6.7785714286,-49.5149958082,-49.3013452309,-0.213650577205
encoding_state_x_position,1,P1,167,6.7892857143,-49.991977737,-49.686171324,-0.305806412988
encoding_state_x_position,1,P1,168,6.8000000000,-50.5961807438,-50.1552266536,-0.440954090175
encoding_state_x_position,1,P1,169,6.8107142857,-51.1638260335,-50.6597041371,-0.504121896371
encoding_state_x_position,1,P1,170,6.8214285714,-51.6120623222,-51.0370939828,-0.574968339485
encoding_state_x_position,1,P1,171,6.8321428571,-52.0646418045,-51.3940825235,-0.670559280977
encoding_state_x_position,1,P1,172,6.8428571429,-52.4060016417,-51.5927360001,-0.813265641602
encoding_state_x_position,1,P1,173,6.8535714286,-52.7917741787,-51.8480661651,-0.943708013541
encoding_state_x_position,1,P1,174,6.8642857143,-53.2884726943,-52.1563963952,-1.13207629917
encoding_state_x_position,1,P1,175,6.8750000000,-53.6721039269,-52.354617789,-1.31748613787
encoding_state_x_position,1,P1,176,6.8857142857,-53.7881453893,-52.3755682766,-1.41257711268
encoding_state_x_position,1,P1,177,6.8964285714,-53.8907061287,-52.412984583,-1.47772154565
encoding_state_x_position,1,P1,178,6.9071428571,-53.9011017292,-52.3917319866,-1.50936974262
encoding_state_x_position,1,P1,179,6.9178571429,-53.9813777781,-52.4605252185,-1.52085255959
encoding_state_x_position,1,P1,180,6.9285714286,-53.960383792,-52.4654583551,-1.49492543695
encoding_state_x_position,1,P1,181,6.9392857143,-53.9541221243,-52.4972949788,-1.45682714547
encoding_state_x_position,1,P1,182,6.9500000000,-53.8891967184,-52.507977933,-1.38121878544
encoding_state_x_position,1,P1,183,6.9607142857,-53.5998181252,-52.3319079203,-1.26791020485
encoding_state_x_position,1,P1,184,6.9714285714,-53.2876355236,-52.1024354013,-1.18520012226
encoding_state_x_position,1,P1,185,6.9821428571,-53.0966858686,-51.87621847,-1.22046739857
encoding_state_x_position,1,P1,186,6.9928571429,-52.8455159047,-51.604964445,-1.24055145974
encoding_state_x_position,1,P1,187,7.0035714286,-52.6457332035,-51.4206111193,-1.22512208425
encoding_state_x_position,1,P1,188,7.0142857143,-52.4270179543,-51.1685303909,-1.25848756341
encoding_state_x_position,1,P1,189,7.0250000000,-52.2988934427,-50.9953992134,-1.30349422932
encoding_state_x_position,1,P1,190,7.0357142857,-52.1281523588,-50.7500804528,-1.37807190602
encoding_state_x_position,1,P1,191,7.0464285714,-51.9723707762,-50.5033334387,-1.46903733756
encoding_state_x_position,1,P1,192,7.0571428571,-51.9638350525,-50.4559289785,-1.50790607403
encoding_state_x_position,1,P1,193,7.0678571429,-52.0262916972,-50.483813667,-1.54247803028
encoding_state_x_position,1,P1,194,7.0785714286,-51.989540679,-50.36133947,-1.62820120893
encoding_state_x_position,1,P1,195,7.0892857143,-52.0161239272,-50.3376613317,-1.67846259552
encoding_state_x_position,1,P1,196,7.1000000000,-52.021383421,-50.3149286128,-1.70645480815
encoding_state_x_position,1,P1,197,7.1107142857,-51.8577928103,-50.130455633,-1.72733717726
encoding_state_x_position,1,P1,198,7.1214285714,-51.7289390777,-50.0342011405,-1.69473793718
encoding_state_x_position,1,P1,199,7.1321428571,-51.7018836419,-49.9820687324,-1.71981490942
encoding_state_x_position,1,P1,200,7.1428571429,-51.8341840088,-50.1086542785,-1.72552973038
encoding_state_x_position,1,P1,201,7.1535714286,-51.9116429788,-50.2482550106,-1.66338796822
encoding_state_x_position,1,P1,202,7.1642857143,-51.954284886,-50.2372916058,-1.71699328015
encoding_state_x_position,1,P1,203,7.1750000000,-52.038783647,-50.2385523306,-1.80023131634
encoding_state_x_position,1,P1,204,7.1857142857,-51.7557173567,-49.9720441347,-1.78367322201
encoding_state_x_position,1,P1,205,7.1964285714,-51.5506711279,-49.7496046777,-1.80106645021
encoding_state_x_position,1,P1,206,7.2071428571,-51.4754056064,-49.671000729,-1.80440487734
encoding_state_x_position,1,P1,207,7.2178571429,-51.2765098041,-49.4746353651,-1.80187443906
encoding_state_x_position,1,P1,208,7.2285714286,-50.9217897607,-49.0921518501,-1.82963791063
encoding_state_x_position,1,P1,209,7.2392857143,-50.7612383882,-48.9269333035,-1.83430508476
encoding_state_x_position,1,P1,210,7.2500000000,-50.4947803549,-48.7037877687,-1.7909925862
encoding_state_x_position,1,P1,211,7.2607142857,-50.2608616088,-48.5085757143,-1.75228589449
encoding_state_x_position,1,P1,212,7.2714285714,-50.2332142411,-48.448784632,-1.78442960909
encoding_state_x_position,1,P1,213,7.2821428571,-50.3360476587,-48.4821462854,-1.85390137335
encoding_state_x_position,1,P1,214,7.2928571429,-50.7656106497,-48.8065027778,-1.95910787188
encoding_state_x_position,1,P1,215,7.3035714286,-51.0730018673,-49.0755602178,-1.99744164951
encoding_state_x_position,1,P1,216,7.3142857143,-51.4224858503,-49.31393793,-2.1085479203
encoding_state_x_position,1,P1,217,7.3250000000,-51.5535708234,-49.4391934642,-2.11437735925
encoding_state_x_position,1,P1,218,7.3357142857,-51.5667410885,-49.4937254837,-2.07301560481
encoding_state_x_position,1,P1,219,7.3464285714,-51.4833981383,-49.4285095983,-2.05488853999
encoding_state_x_position,1,P1,220,7.3571428571,-51.2622118338,-49.2496410455,-2.01257078833
encoding_state_x_position,1,P1,221,7.3678571429,-51.0471898694,-49.0861844938,-1.96100537566
encoding_state_x_position,1,P1,222,7.3785714286,-50.7190207858,-48.7891290146,-1.92989177127
encoding_state_x_position,1,P1,223,7.3892857143,-50.4227168896,-48.5518763418,-1.87084054784
encoding_state_x_position,1,P1,224,7.4000000000,-50.1259226047,-48.3347044941,-1.79121811058
encoding_state_x_position,1,P1,225,7.4107142857,-49.8604134897,-48.1066277125,-1.75378577712
encoding_state_x_position,1,P1,226,7.4214285714,-49.5958297673,-47.8704157321,-1.7254140352
encoding_state_x_position,1,P1,227,7.4321428571,-49.3666977721,-47.6929294327,-1.67376833946
encoding_state_x_position,1,P1,228,7.4428571429,-49.4234116174,-47.7613429314,-1.66206868605
encoding_state_x_position,1,P1,229,7.4535714286,-49.377966331,-47.8071426607,-1.57082367035
encoding_state_x_position,1,P1,230,7.4642857143,-49.4410066322,-47.9244749706,-1.5165316616
encoding_state_x_position,1,P1,231,7.4750000000,-49.4279700326,-48.0321046025,-1.39586543016
encoding_state_x_position,1,P1,232,7.4857142857,-49.4656466401,-48.1027026189,-1.3629440212
encoding_state_x_position,1,P1,233,7.4964285714,-49.3112969401,-47.9269579648,-1.38433897526
encoding_state_x_position,1,P1,234,7.5071428571,-49.2787505721,-47.8297702969,-1.44898027523
encoding_state_x_position,1,P1,235,7.5178571429,-49.3476641787,-47.8195525654,-1.5281116133
encoding_state_x_position,1,P1,236,7.5285714286,-49.3236597257,-47.7358963451,-1.58776338063
encoding_state_x_position,1,P1,237,7.5392857143,-49.2117282909,-47.5959949807,-1.6157333102
encoding_state_x_position,1,P1,238,7.5500000000,-49.1640802064,-47.4417549722,-1.7223252342
encoding_state_x_position,1,P1,239,7.5607142857,-49.147521676,-47.3183549768,-1.8291666992
encoding_state_x_position,1,P1,240,7.5714285714,-49.1396698964,-47.2372073494,-1.90246254708
encoding_state_x_position,1,P1,241,7.5821428571,-49.1240588473,-47.1778307409,-1.94622810643
encoding_state_x_position,1,P1,242,7.5928571429,-49.0532958245,-47.1996461012,-1.85364972325
encoding_state_x_position,1,P1,243,7.6035714286,-48.9789332265,-47.2539742762,-1.72495895027
encoding_state_x_position,1,P1,244,7.6142857143,-48.9119249241,-47.3703961275,-1.5415287966
encoding_state_x_position,1,P1,245,7.6250000000,-48.6708951545,-47.3451551114,-1.32574004316
encoding_state_x_position,1,P1,246,7.6357142857,-48.3703943823,-47.24164755,-1.12874683232
encoding_state_x_position,1,P1,247,7.6464285714,-47.9419724072,-46.9384132477,-1.00355915953
encoding_state_x_position,1,P1,248,7.6571428571,-47.4479772908,-46.6338950472,-0.81408224362
encoding_state_x_position,1,P1,249,7.6678571429,-46.9993531692,-46.3500990176,-0.649254151613
encoding_state_x_position,1,P1,250,7.6785714286,-46.7245606976,-46.2096239739,-0.51493672365
encoding_state_x_position,1,P1,251,7.6892857143,-46.5148473427,-46.010999008,-0.503848334704
encoding_state_x_position,1,P1,252,7.7000000000,-46.6021306684,-46.0015642828,-0.600566385529
encoding_state_x_position,1,P1,253,7.7107142857,-46.8584047269,-46.2208854144,-0.637519312567
encoding_state_x_position,1,P1,254,7.7214285714,-47.0907697489,-46.403297787,-0.687471961879
encoding_state_x_position,1,P1,255,7.7321428571,-47.3147689711,-46.599483063,-0.71528590809
encoding_state_x_position,1,P1,256,7.7428571429,-47.5371526615,-46.8703936354,-0.666759026142
encoding_state_x_position,1,P1,257,7.7535714286,-47.781205182,-47.1781695658,-0.603035616222
encoding_state_x_position,1,P1,258,7.7642857143,-47.8969635534,-47.3800779211,-0.516885632328
encoding_state_x_position,1,P1,259,7.7750000000,-47.9107180901,-47.4558623073,-0.454855782794
encoding_state_x_position,1,P1,260,7.7857142857,-47.8190415888,-47.4403236478,-0.378717941039
encoding_state_x_position,1,P1,261,7.7964285714,-47.7386386107,-47.3457991299,-0.392839480763
encoding_state_x_position,1,P1,262,7.8071428571,-47.5955089973,-47.2258091217,-0.36969987556
encoding_state_x_position,1,P1,263,7.8178571429,-47.4949142695,-47.140882817,-0.3540314525
encoding_state_x_position,1,P1,264,7.8285714286,-47.4154539203,-47.0554554481,-0.359998472223
encoding_state_x_position,1,P1,265,7.8392857143,-47.2919474543,-46.8830831574,-0.408864296894
encoding_state_x_position,1,P1,266,7.8500000000,-47.170286246,-46.67128891,-0.498997335949
encoding_state_x_position,1,P1,267,7.8607142857,-46.9305411535,-46.4135480255,-0.516993128055
encoding_state_x_position,1,P1,268,7.8714285714,-46.6060047054,-46.0741843907,-0.531820314649
encoding_state_x_position,1,P1,269,7.8821428571,-46.2579030105,-45.7626750645,-0.495227945986
encoding_state_x_position,1,P1,270,7.8928571429,-45.878405032,-45.4200538529,-0.458351179132
encoding_state_x_position,1,P1,271,7.9035714286,-45.5251064977,-45.1110721108,-0.414034386927
encoding_state_x_position,1,P1,272,7.9142857143,-45.2621242899,-44.8551149675,-0.40700932241
encoding_state_x_position,1,P1,273,7.9250000000,-45.151531519,-44.7250046049,-0.426526914132
encoding_state_x_position,1,P1,274,7.9357142857,-45.0952819829,-44.6945281763,-0.400753806624
encoding_state_x_position,1,P1,275,7.9464285714,-45.1412866907,-44.7244209665,-0.41686572429
encoding_state_x_position,1,P1,276,7.9571428571,-45.1981668969,-44.8425786452,-0.355588251692
encoding_state_x_position,1,P1,277,7.9678571429,-45.2345651031,-44.9854363656,-0.249128737493
encoding_state_x_position,1,P1,278,7.9785714286,-45.2631583201,-45.0594930798,-0.203665240265
encoding_state_x_position,1,P1,279,7.9892857143,-45.2901528531,-45.132912815,-0.15724003819
encoding_state_x_position,1,P1,280,8.0000000000,-45.2327820881,-45.0981725547,-0.13460953346
encoding_state_x_position,1,P2,0,5.0000000000,-47.4460890844,-47.9897864271,0.543697342701
encoding_state_x_position,1,P2,1,5.0107142857,-47.5667542697,-48.0897654457,0.523011176023
encoding_state_x_position,1,P2,2,5.0214285714,-47.7690759356,-48.1542179212,0.385141985514
encoding_state_x_position,1,P2,3,5.0321428571,-47.9289828885,-48.2058417722,0.276858883669
encoding_state_x_position,1,P2,4,5.0428571429,-48.1829252428,-48.2652427573,0.0823175144688
encoding_state_x_position,1,P2,5,5.0535714286,-48.5699355005,-48.407977098,-0.161958402522
encoding_state_x_position,1,P2,6,5.0642857143,-48.7778914755,-48.5207081196,-0.257183355867
encoding_state_x_position,1,P2,7,5.0750000000,-48.9946318139,-48.7150734682,-0.279558345675
encoding_state_x_position,1,P2,8,5.0857142857,-49.2477717982,-48.986040377,-0.26173142129
encoding_state_x_position,1,P2,9,5.0964285714,-49.4199421601,-49.2663900403,-0.153552119747
encoding_state_x_position,1,P2,10,5.1071428571,-49.501136526,-49.4845860837,-0.0165504423008
encoding_state_x_position,1,P2,11,5.1178571429,-49.3279662015,-49.5271190264,0.199152824887
encoding_state_x_position,1,P2,12,5.1285714286,-49.2071586943,-49.5295913811,0.322432686784
encoding_state_x_position,1,P2,13,5.1392857143,-48.9447402836,-49.3878772119,0.443136928368
encoding_state_x_position,1,P2,14,5.1500000000,-48.5751207091,-49.1149485475,0.539827838397
encoding_state_x_position,1,P2,15,5.1607142857,-48.0924526407,-48.6615579788,0.569105338147
encoding_state_x_position,1,P2,16,5.1714285714,-47.746699527,-48.2014161103,0.454716583335
encoding_state_x_position,1,P2,17,5.1821428571,-47.3004517023,-47.678483568,0.378031865725
encoding_state_x_position,1,P2,18,5.1928571429,-46.8750920855,-47.1998459271,0.324753841602
encoding_state_x_position,1,P2,19,5.2035714286,-46.5528523723,-46.8514984924,0.298646120081
encoding_state_x_position,1,P2,20,5.2142857143,-46.0930245521,-46.4752032342,0.382178682162
encoding_state_x_position,1,P2,21,5.2250000000,-45.808731207,-46.2706580287,0.461926821691
encoding_state_x_position,1,P2,22,5.2357142857,-45.4620322506,-45.9722374729,0.510205222268
encoding_state_x_position,1,P2,23,5.2464285714,-44.9258639211,-45.6140162395,0.688152318335
encoding_state_x_position,1,P2,24,5.2571428571,-44.296239385,-45.1344143174,0.838174932423
encoding_state_x_position,1,P2,25,5.2678571429,-43.5795737668,-44.5502639196,0.970690152742
encoding_state_x_position,1,P2,26,5.2785714286,-43.0892615663,-44.0634493104,0.974187744106
encoding_state_x_position,1,P2,27,5.2892857143,-42.6216980125,-43.5886057541,0.966907741613
encoding_state_x_position,1,P2,28,5.3000000000,-42.3637062606,-43.2362646138,0.872558353219
encoding_state_x_position,1,P2,29,5.3107142857,-42.3870510699,-43.0890149972,0.701963927392
encoding_state_x_position,1,P2,30,5.3214285714,-42.5894678895,-43.0900830665,0.500615177041
encoding_state_x_position,1,P2,31,5.3321428571,-42.8819307415,-43.2031271051,0.32119636353
encoding_state_x_position,1,P2,32,5.3428571429,-43.2180872907,-43.3665675419,0.148480251231
encoding_state_x_position,1,P2,33,5.3535714286,-43.6515739907,-43.7210920409,0.0695180502337
encoding_state_x_position,1,P2,34,5.3642857143,-44.0489760146,-44.1671003959,0.118124381276
encoding_state_x_position,1,P2,35,5.3750000000,-44.7309736392,-44.860607258,0.129633618781
encoding_state_x_position,1,P2,36,5.3857142857,-45.3871894584,-45.5849366419,0.197747183464
encoding_state_x_position,1,P2,37,5.3964285714,-45.9532910669,-46.2004021053,0.247111038391
encoding_state_x_position,1,P2,38,5.4071428571,-46.4196328163,-46.7375244299,0.317891613593
encoding_state_x_position,1,P2,39,5.4178571429,-46.7736080059,-47.1370576255,0.363449619601
encoding_state_x_position,1,P2,40,5.4285714286,-47.1922596772,-47.5068532358,0.314593558564
encoding_state_x_position,1,P2,41,5.4392857143,-47.596188491,-47.9303422053,0.334153714298
encoding_state_x_position,1,P2,42,5.4500000000,-48.1753348445,-48.5155473839,0.340212539368
encoding_state_x_position,1,P2,43,5.4607142857,-48.9599339462,-49.2124760164,0.252542070182
encoding_state_x_position,1,P2,44,5.4714285714,-49.513937868,-49.6754016246,0.161463756581
encoding_state_x_position,1,P2,45,5.4821428571,-50.0974911748,-50.0897411585,-0.00775001623939
encoding_state_x_position,1,P2,46,5.4928571429,-50.3957718609,-50.274839126,-0.120932734887
encoding_state_x_position,1,P2,47,5.5035714286,-50.7920803689,-50.6656244573,-0.126455911578
encoding_state_x_position,1,P2,48,5.5142857143,-51.2366867597,-51.0832295073,-0.153457252466
encoding_state_x_position,1,P2,49,5.5250000000,-51.7587361085,-51.5504571973,-0.208278911163
encoding_state_x_position,1,P2,50,5.5357142857,-51.8894198221,-51.7132946444,-0.176125177771
encoding_state_x_position,1,P2,51,5.5464285714,-51.897777228,-51.6801698258,-0.217607402248
encoding_state_x_position,1,P2,52,5.5571428571,-52.0485210517,-51.8446469369,-0.203874114825
encoding_state_x_position,1,P2,53,5.5678571429,-52.3767209278,-52.1579430351,-0.218777892718
encoding_state_x_position,1,P2,54,5.5785714286,-52.4400001342,-52.2599860925,-0.180014041768
encoding_state_x_position,1,P2,55,5.5892857143,-52.3422340244,-52.3243750826,-0.0178589417586
encoding_state_x_position,1,P2,56,5.6000000000,-52.0881667475,-52.2808555403,0.192688792779
encoding_state_x_position,1,P2,57,5.6107142857,-51.8826664127,-52.0879196792,0.205253266513
encoding_state_x_position,1,P2,58,5.6214285714,-51.6292343348,-51.8724812737,0.243246938852
encoding_state_x_position,1,P2,59,5.6321428571,-51.5676535253,-51.7924290447,0.224775519364
encoding_state_x_position,1,P2,60,5.6428571429,-51.4878669607,-51.7193567513,0.231489790613
encoding_state_x_position,1,P2,61,5.6535714286,-51.6416098174,-51.9611020018,0.319492184352
encoding_state_x_position,1,P2,62,5.6642857143,-51.7754183099,-52.171188162,0.395769852067
encoding_state_x_position,1,P2,63,5.6750000000,-51.8968061567,-52.3996676942,0.502861537417
encoding_state_x_position,1,P2,64,5.6857142857,-52.1502261267,-52.6653606185,0.515134491718
encoding_state_x_position,1,P2,65,5.6964285714,-52.5201799316,-52.9269193179,0.406739386235
encoding_state_x_position,1,P2,66,5.7071428571,-53.0255908045,-53.3291321044,0.303541299856
encoding_state_x_position,1,P2,67,5.7178571429,-53.3428817408,-53.5682138941,0.225332153355
encoding_state_x_position,1,P2,68,5.7285714286,-53.1627649999,-53.2021439938,0.0393789939282
encoding_state_x_position,1,P2,69,5.7392857143,-52.7539097022,-52.6559796814,-0.0979300208432
encoding_state_x_position,1,P2,70,5.7500000000,-52.1116460865,-51.9496336335,-0.162012453076
encoding_state_x_position,1,P2,71,5.7607142857,-51.4180608054,-51.1182465585,-0.299814246953
encoding_state_x_position,1,P2,72,5.7714285714,-50.7378118792,-50.5067469422,-0.231064937036
encoding_state_x_position,1,P2,73,5.7821428571,-50.1266317374,-49.9936585687,-0.132973168715
encoding_state_x_position,1,P2,74,5.7928571429,-49.6320517956,-49.675277666,0.0432258704468
encoding_state_x_position,1,P2,75,5.8035714286,-49.3973363911,-49.686727006,0.289390614889
encoding_state_x_position,1,P2,76,5.8142857143,-49.3303111422,-49.8414154396,0.511104297377
encoding_state_x_position,1,P2,77,5.8250000000,-49.3489262778,-50.0404905973,0.691564319552
encoding_state_x_position,1,P2,78,5.8357142857,-49.6580069444,-50.4530549741,0.795048029778
encoding_state_x_position,1,P2,79,5.8464285714,-49.7258135022,-50.6231636158,0.897350113667
encoding_state_x_position,1,P2,80,5.8571428571,-49.9695620982,-50.8678267346,0.898264636418
encoding_state_x_position,1,P2,81,5.8678571429,-50.2435083764,-51.0624248842,0.81891650785
encoding_state_x_position,1,P2,82,5.8785714286,-50.4927930876,-51.11303201,0.620238922488
encoding_state_x_position,1,P2,83,5.8892857143,-50.5592366878,-51.0696391634,0.510402475595
encoding_state_x_position,1,P2,84,5.9000000000,-50.6289862999,-50.96237992,0.333393620098
encoding_state_x_position,1,P2,85,5.9107142857,-50.5534843939,-50.7999939357,0.24650954175
encoding_state_x_position,1,P2,86,5.9214285714,-50.4153691876,-50.6933298938,0.277960706194
encoding_state_x_position,1,P2,87,5.9321428571,-50.231462942,-50.5106378365,0.279174894442
encoding_state_x_position,1,P2,88,5.9428571429,-50.13314193,-50.390296469,0.257154539012
encoding_state_x_position,1,P2,89,5.9535714286,-49.9637209564,-50.1608428067,0.197121850333
encoding_state_x_position,1,P2,90,5.9642857143,-49.5814183939,-49.7629890166,0.181570622737
encoding_state_x_position,1,P2,91,5.9750000000,-48.9879570481,-49.1871444234,0.199187375318
encoding_state_x_position,1,P2,92,5.9857142857,-48.6937895363,-48.8318610327,0.138071496401
encoding_state_x_position,1,P2,93,5.9964285714,-48.3258748227,-48.425041545,0.0991667222864
encoding_state_x_position,1,P2,94,6.0071428571,-48.2574929158,-48.2091751135,-0.0483178023014
encoding_state_x_position,1,P2,95,6.0178571429,-48.2815018674,-48.113159842,-0.168342025427
encoding_state_x_position,1,P2,96,6.0285714286,-48.4841180826,-48.1947853696,-0.289332713004
encoding_state_x_position,1,P2,97,6.0392857143,-48.8879783237,-48.4749300606,-0.413048263111
encoding_state_x_position,1,P2,98,6.0500000000,-49.5419460361,-48.97661846,-0.565327576151
encoding_state_x_position,1,P2,99,6.0607142857,-50.1228182997,-49.5746644443,-0.548153855406
encoding_state_x_position,1,P2,100,6.0714285714,-50.5820860766,-49.9905362252,-0.591549851459
encoding_state_x_position,1,P2,101,6.0821428571,-51.0570227789,-50.4550812049,-0.601941574018
encoding_state_x_position,1,P2,102,6.0928571429,-51.6421533921,-50.9926900876,-0.649463304495
encoding_state_x_position,1,P2,103,6.1035714286,-52.1596667976,-51.4532535088,-0.706413288834
encoding_state_x_position,1,P2,104,6.1142857143,-52.4039390254,-51.7253071925,-0.678631832916
encoding_state_x_position,1,P2,105,6.1250000000,-52.4416138126,-51.9441988498,-0.497414962777
encoding_state_x_position,1,P2,106,6.1357142857,-52.675006385,-52.2242604058,-0.450745979201
encoding_state_x_position,1,P2,107,6.1464285714,-52.6034306342,-52.2789468037,-0.324483830546
encoding_state_x_position,1,P2,108,6.1571428571,-52.5185141443,-52.2293212186,-0.289192925708
encoding_state_x_position,1,P2,109,6.1678571429,-52.5827009906,-52.3511456535,-0.231555337114
encoding_state_x_position,1,P2,110,6.1785714286,-53.0510427292,-52.7066942795,-0.344348449685
encoding_state_x_position,1,P2,111,6.1892857143,-53.6556812498,-53.2166197279,-0.43906152183
encoding_state_x_position,1,P2,112,6.2000000000,-54.1700270064,-53.6318704068,-0.538156599518
encoding_state_x_position,1,P2,113,6.2107142857,-54.4933069162,-53.8974610407,-0.595845875516
encoding_state_x_position,1,P2,114,6.2214285714,-54.5887724962,-53.9062831521,-0.682489344092
encoding_state_x_position,1,P2,115,6.2321428571,-54.7320864037,-53.9997186564,-0.732367747299
encoding_state_x_position,1,P2,116,6.2428571429,-54.9681701757,-54.1216835876,-0.846486588159
encoding_state_x_position,1,P2,117,6.2535714286,-55.1492882708,-54.1519580165,-0.997330254303
encoding_state_x_position,1,P2,118,6.2642857143,-54.9854406009,-54.0223080672,-0.963132533692
encoding_state_x_position,1,P2,119,6.2750000000,-54.7110854499,-53.930659495,-0.780425954929
encoding_state_x_position,1,P2,120,6.2857142857,-54.5615268156,-53.8760832004,-0.685443615169
encoding_state_x_position,1,P2,121,6.2964285714,-54.1785343595,-53.5828950413,-0.59563931818
encoding_state_x_position,1,P2,122,6.3071428571,-53.8200053799,-53.306781989,-0.51322339096
encoding_state_x_position,1,P2,123,6.3178571429,-53.680744551,-53.2159576409,-0.464786910102
encoding_state_x_position,1,P2,124,6.3285714286,-53.8493118752,-53.3688117738,-0.480500101431
encoding_state_x_position,1,P2,125,6.3392857143,-54.0407216392,-53.6308431644,-0.409878474863
encoding_state_x_position,1,P2,126,6.3500000000,-54.2248503593,-53.9036368235,-0.321213535791
encoding_state_x_position,1,P2,127,6.3607142857,-54.1455817633,-54.1051241515,-0.0404576117761
encoding_state_x_position,1,P2,128,6.3714285714,-54.0359249815,-54.1658391764,0.12991419493
encoding_state_x_position,1,P2,129,6.3821428571,-53.9825145884,-54.1840173109,0.201502722465
encoding_state_x_position,1,P2,130,6.3928571429,-54.2689504932,-54.4549377345,0.185987241279
encoding_state_x_position,1,P2,131,6.4035714286,-54.6280018447,-54.7863923129,0.158390468196
encoding_state_x_position,1,P2,132,6.4142857143,-55.1172851498,-55.160294555,0.0430094051506
encoding_state_x_position,1,P2,133,6.4250000000,-55.6237200452,-55.5695181597,-0.0542018855385
encoding_state_x_position,1,P2,134,6.4357142857,-56.2238524825,-56.0142782087,-0.209574273735
encoding_state_x_position,1,P2,135,6.4464285714,-56.5771205178,-56.1895537044,-0.387566813423
encoding_state_x_position,1,P2,136,6.4571428571,-56.8282106148,-56.2646273581,-0.563583256768
encoding_state_x_position,1,P2,137,6.4678571429,-56.9139637677,-56.1204548367,-0.793508930994
encoding_state_x_position,1,P2,138,6.4785714286,-57.0242770749,-56.0683671185,-0.95590995647
encoding_state_x_position,1,P2,139,6.4892857143,-56.9480185896,-55.885799681,-1.06221890858
encoding_state_x_position,1,P2,140,6.5000000000,-56.8693065269,-55.8295048943,-1.0398016326
encoding_state_x_position,1,P2,141,6.5107142857,-56.3380796367,-55.5270088832,-0.811070753466
encoding_state_x_position,1,P2,142,6.5214285714,-55.683587211,-55.0229299326,-0.660657278364
encoding_state_x_position,1,P2,143,6.5321428571,-55.0424053609,-54.4576521468,-0.584753214093
encoding_state_x_position,1,P2,144,6.5428571429,-54.5280129281,-54.0398014092,-0.488211518891
encoding_state_x_position,1,P2,145,6.5535714286,-53.9677296808,-53.5891364297,-0.378593251133
encoding_state_x_position,1,P2,146,6.5642857143,-53.5971485915,-53.1526263978,-0.44452219369
encoding_state_x_position,1,P2,147,6.5750000000,-53.2400034956,-52.7651907368,-0.474812758736
encoding_state_x_position,1,P2,148,6.5857142857,-52.9370705752,-52.3402226011,-0.596847974128
encoding_state_x_position,1,P2,149,6.5964285714,-52.8170709324,-52.0740844992,-0.742986433211
encoding_state_x_position,1,P2,150,6.6071428571,-52.6608715076,-51.809858246,-0.851013261532
encoding_state_x_position,1,P2,151,6.6178571429,-52.4616977026,-51.5592801556,-0.902417547078
encoding_state_x_position,1,P2,152,6.6285714286,-52.4008840424,-51.5224789022,-0.878405140253
encoding_state_x_position,1,P2,153,6.6392857143,-52.264343205,-51.4626789609,-0.801664244071
encoding_state_x_position,1,P2,154,6.6500000000,-52.2455784611,-51.5768738272,-0.668704633912
encoding_state_x_position,1,P2,155,6.6607142857,-52.0623572905,-51.5708665818,-0.491490708684
encoding_state_x_position,1,P2,156,6.6714285714,-51.7489972685,-51.4651630319,-0.283834236556
encoding_state_x_position,1,P2,157,6.6821428571,-51.5695071692,-51.3458682491,-0.223638920149
encoding_state_x_position,1,P2,158,6.6928571429,-51.3104155083,-51.1786575257,-0.131757982577
encoding_state_x_position,1,P2,159,6.7035714286,-51.0475996122,-51.0902975006,0.0426978883984
encoding_state_x_position,1,P2,160,6.7142857143,-50.9800543781,-51.0646868305,0.0846324524456
encoding_state_x_position,1,P2,161,6.7250000000,-50.8202223602,-50.9759148729,0.15569251272
encoding_state_x_position,1,P2,162,6.7357142857,-50.8424614815,-50.9734976671,0.131036185648
encoding_state_x_position,1,P2,163,6.7464285714,-50.8970397664,-51.0316156759,0.134575909466
encoding_state_x_position,1,P2,164,6.7571428571,-50.7328300557,-50.9266872288,0.193857173131
encoding_state_x_position,1,P2,165,6.7678571429,-50.5311039283,-50.8333925165,0.30228858821
encoding_state_x_position,1,P2,166,6.7785714286,-50.2798606899,-50.7231826734,0.443321983543
encoding_state_x_position,1,P2,167,6.7892857143,-49.9857079324,-50.4996840962,0.513976163785
encoding_state_x_position,1,P2,168,6.8000000000,-49.6654830714,-50.2285570629,0.563073991418
encoding_state_x_position,1,P2,169,6.8107142857,-49.3707027742,-50.0633855188,0.692682744523
encoding_state_x_position,1,P2,170,6.8214285714,-48.9684014543,-49.8004109536,0.832009499328
encoding_state_x_position,1,P2,171,6.8321428571,-48.6480324506,-49.5568222412,0.908789790599
encoding_state_x_position,1,P2,172,6.8428571429,-48.2755983565,-49.3264404303,1.05084207376
encoding_state_x_position,1,P2,173,6.8535714286,-48.017662836,-49.2898308444,1.2721680084
encoding_state_x_position,1,P2,174,6.8642857143,-47.9327867815,-49.3499195507,1.41713276915
encoding_state_x_position,1,P2,175,6.8750000000,-47.9030509203,-49.4637572095,1.56070628915
encoding_state_x_position,1,P2,176,6.8857142857,-48.0965257693,-49.6260726376,1.52954686827
encoding_state_x_position,1,P2,177,6.8964285714,-48.1479837975,-49.6507173518,1.50273355437
encoding_state_x_position,1,P2,178,6.9071428571,-48.330880174,-49.7604883399,1.42960816595
encoding_state_x_position,1,P2,179,6.9178571429,-48.5129352126,-49.9017247106,1.38878949799
encoding_state_x_position,1,P2,180,6.9285714286,-48.6839212553,-49.9963795832,1.31245832795
encoding_state_x_position,1,P2,181,6.9392857143,-48.808492481,-49.9530133131,1.14452083213
encoding_state_x_position,1,P2,182,6.9500000000,-48.9332695399,-49.9044955123,0.971225972404
encoding_state_x_position,1,P2,183,6.9607142857,-48.9751271642,-49.8566077432,0.881480579044
encoding_state_x_position,1,P2,184,6.9714285714,-49.1373135579,-49.9357511424,0.79843758456
encoding_state_x_position,1,P2,185,6.9821428571,-49.2735125653,-50.0009429774,0.727430412166
encoding_state_x_position,1,P2,186,6.9928571429,-49.4201274737,-50.1005619549,0.680434481229
encoding_state_x_position,1,P2,187,7.0035714286,-49.5793104544,-50.2851395239,0.705829069442
encoding_state_x_position,1,P2,188,7.0142857143,-49.6773091362,-50.3989383182,0.721629182027
encoding_state_x_position,1,P2,189,7.0250000000,-49.6490736472,-50.4454073819,0.796333734689
encoding_state_x_position,1,P2,190,7.0357142857,-49.4416758705,-50.2859480839,0.844272213462
encoding_state_x_position,1,P2,191,7.0464285714,-49.1533242983,-50.0298140545,0.87648975616
encoding_state_x_position,1,P2,192,7.0571428571,-48.9155402258,-49.7392883565,0.823748130692
encoding_state_x_position,1,P2,193,7.0678571429,-48.5972686217,-49.3108361567,0.713567535005
encoding_state_x_position,1,P2,194,7.0785714286,-48.3147188906,-48.9145094299,0.59979053934
encoding_state_x_position,1,P2,195,7.0892857143,-48.0510715385,-48.5860593269,0.534987788379
encoding_state_x_position,1,P2,196,7.1000000000,-47.7964248448,-48.2994650282,0.503040183355
encoding_state_x_position,1,P2,197,7.1107142857,-47.5659200002,-48.1510281642,0.585108164028
encoding_state_x_position,1,P2,198,7.1214285714,-47.5026384402,-48.2467237287,0.744085288484
encoding_state_x_position,1,P2,199,7.1321428571,-47.4444040529,-48.3510699429,0.906665890073
encoding_state_x_position,1,P2,200,7.1428571429,-47.2807133847,-48.3773805219,1.09666713728
encoding_state_x_position,1,P2,201,7.1535714286,-47.1425040106,-48.503091991,1.36058798047
encoding_state_x_position,1,P2,202,7.1642857143,-47.0348192364,-48.6404966657,1.60567742927
encoding_state_x_position,1,P2,203,7.1750000000,-46.8704132518,-48.7556935551,1.88528030323
encoding_state_x_position,1,P2,204,7.1857142857,-46.7874125826,-48.8184727718,2.03106018915
encoding_state_x_position,1,P2,205,7.1964285714,-46.7549770348,-48.8066485964,2.05167156153
encoding_state_x_position,1,P2,206,7.2071428571,-46.7780230645,-48.7577674913,1.97974442671
encoding_state_x_position,1,P2,207,7.2178571429,-46.7730539307,-48.6141768258,1.84112289512
encoding_state_x_position,1,P2,208,7.2285714286,-46.770015738,-48.4086469109,1.63863117283
encoding_state_x_position,1,P2,209,7.2392857143,-46.7154507346,-48.252131243,1.53668050836
encoding_state_x_position,1,P2,210,7.2500000000,-46.5578150985,-48.109563669,1.55174857049
encoding_state_x_position,1,P2,211,7.2607142857,-46.479732062,-48.0905433188,1.6108112568
encoding_state_x_position,1,P2,212,7.2714285714,-46.4752541165,-48.0851368232,1.60988270668
encoding_state_x_position,1,P2,213,7.2821428571,-46.533423985,-48.0998473258,1.56642334075
encoding_state_x_position,1,P2,214,7.2928571429,-46.4778948235,-48.0182540075,1.54035918398
encoding_state_x_position,1,P2,215,7.3035714286,-46.5907694435,-48.1616206176,1.57085117412
encoding_state_x_position,1,P2,216,7.3142857143,-46.7150301491,-48.3187913776,1.60376122853
encoding_state_x_position,1,P2,217,7.3250000000,-46.8548384366,-48.4879468676,1.63310843102
encoding_state_x_position,1,P2,218,7.3357142857,-46.9509315956,-48.6093698661,1.65843827047
encoding_state_x_position,1,P2,219,7.3464285714,-46.9771675624,-48.6887667473,1.71159918494
encoding_state_x_position,1,P2,220,7.3571428571,-46.9704219127,-48.7211855937,1.75076368101
encoding_state_x_position,1,P2,221,7.3678571429,-46.8753498048,-48.6890501684,1.81370036363
encoding_state_x_position,1,P2,222,7.3785714286,-46.7396260793,-48.595834803,1.85620872365
encoding_state_x_position,1,P2,223,7.3892857143,-46.6558291949,-48.6342991557,1.97846996074
encoding_state_x_position,1,P2,224,7.4000000000,-46.7426419121,-48.8510411955,2.10839928346
encoding_state_x_position,1,P2,225,7.4107142857,-46.9573079992,-49.0663769251,2.10906892591
encoding_state_x_position,1,P2,226,7.4214285714,-47.2263685862,-49.2123169962,1.98594840997
encoding_state_x_position,1,P2,227,7.4321428571,-47.4125530249,-49.2651327518,1.8525797269
encoding_state_x_position,1,P2,228,7.4428571429,-47.4641351076,-49.248726566,1.78459145837
encoding_state_x_position,1,P2,229,7.4535714286,-47.5669195043,-49.2519901228,1.68507061848
encoding_state_x_position,1,P2,230,7.4642857143,-47.7405984379,-49.2997302384,1.55913180051
encoding_state_x_position,1,P2,231,7.4750000000,-47.9293408251,-49.3564445943,1.42710376923
encoding_state_x_position,1,P2,232,7.4857142857,-48.0324152062,-49.420291118,1.38787591178
encoding_state_x_position,1,P2,233,7.4964285714,-48.0790275726,-49.447461013,1.3684334404
encoding_state_x_position,1,P2,234,7.5071428571,-48.0054070402,-49.3901186853,1.38471164511
encoding_state_x_position,1,P2,235,7.5178571429,-47.8401047936,-49.2719617342,1.43185694063
encoding_state_x_position,1,P2,236,7.5285714286,-47.6056760861,-49.0692115188,1.46353543269
encoding_state_x_position,1,P2,237,7.5392857143,-47.3965209095,-48.8672253768,1.47070446737
encoding_state_x_position,1,P2,238,7.5500000000,-47.1726642463,-48.645608566,1.47294431969
encoding_state_x_position,1,P2,239,7.5607142857,-46.8735800279,-48.425192619,1.55161259103
encoding_state_x_position,1,P2,240,7.5714285714,-46.5989844187,-48.1660005862,1.56701616749
encoding_state_x_position,1,P2,241,7.5821428571,-46.4489509723,-47.9869967613,1.53804578896
encoding_state_x_position,1,P2,242,7.5928571429,-46.371091782,-47.9013801781,1.53028839617
encoding_state_x_position,1,P2,243,7.6035714286,-46.5194824681,-47.9605300671,1.44104759902
encoding_state_x_position,1,P2,244,7.6142857143,-46.9976908316,-48.3216790807,1.32398824908
encoding_state_x_position,1,P2,245,7.6250000000,-47.4736108462,-48.6820351906,1.20842434445
encoding_state_x_position,1,P2,246,7.6357142857,-47.9546486725,-49.0529564542,1.09830778163
encoding_state_x_position,1,P2,247,7.6464285714,-48.2890676726,-49.2432803407,0.954212668071
encoding_state_x_position,1,P2,248,7.6571428571,-48.5109315045,-49.3785885853,0.867657080806
encoding_state_x_position,1,P2,249,7.6678571429,-48.4938205282,-49.2759565827,0.782136054503
encoding_state_x_position,1,P2,250,7.6785714286,-48.3239099328,-49.0617147484,0.737804815628
encoding_state_x_position,1,P2,251,7.6892857143,-48.1240510216,-48.9809721252,0.856921103628
encoding_state_x_position,1,P2,252,7.7000000000,-48.0179969882,-49.0189502827,1.00095329451
encoding_state_x_position,1,P2,253,7.7107142857,-48.3128981768,-49.4374278487,1.12452967182
encoding_state_x_position,1,P2,254,7.7214285714,-48.633186416,-49.7518487316,1.11866231558
encoding_state_x_position,1,P2,255,7.7321428571,-48.9843804394,-49.9287287697,0.944348330335
encoding_state_x_position,1,P2,256,7.7428571429,-49.2182386206,-50.0799929595,0.861754338932
encoding_state_x_position,1,P2,257,7.7535714286,-49.4427645001,-50.1933575498,0.750593049674
encoding_state_x_position,1,P2,258,7.7642857143,-49.6019843004,-50.15787525,0.555890949618
encoding_state_x_position,1,P2,259,7.7750000000,-49.5765711184,-50.0234033184,0.446832199963
encoding_state_x_position,1,P2,260,7.7857142857,-49.5553589317,-49.8726444665,0.317285534843
encoding_state_x_position,1,P2,261,7.7964285714,-49.7690283959,-49.9656339363,0.196605540397
encoding_state_x_position,1,P2,262,7.8071428571,-49.802843184,-49.955192505,0.15234932099
encoding_state_x_position,1,P2,263,7.8178571429,-49.9311367021,-50.0955597957,0.164423093672
encoding_state_x_position,1,P2,264,7.8285714286,-50.1553684693,-50.3262899535,0.170921484212
encoding_state_x_position,1,P2,265,7.8392857143,-50.4176349956,-50.7667051301,0.349070134471
encoding_state_x_position,1,P2,266,7.8500000000,-50.7623531169,-51.1606042321,0.398251115205
encoding_state_x_position,1,P2,267,7.8607142857,-51.3456540576,-51.695169301,0.349515243446
encoding_state_x_position,1,P2,268,7.8714285714,-51.7059433202,-51.9605601243,0.254616804073
encoding_state_x_position,1,P2,269,7.8821428571,-51.8818058762,-52.0574500935,0.175644217239
encoding_state_x_position,1,P2,270,7.8928571429,-51.7688040497,-52.0015642831,0.232760233433
encoding_state_x_position,1,P2,271,7.9035714286,-51.4642601667,-51.6872675747,0.22300740794
encoding_state_x_position,1,P2,272,7.9142857143,-51.0233862097,-51.166445876,0.143059666355
encoding_state_x_position,1,P2,273,7.9250000000,-50.5925972068,-50.7337118892,0.141114682426
encoding_state_x_position,1,P2,274,7.9357142857,-50.2464993494,-50.3353659832,0.0888666337797
encoding_state_x_position,1,P2,275,7.9464285714,-50.1248598879,-50.114408607,-0.0104512808157
encoding_state_x_position,1,P2,276,7.9571428571,-49.8396070705,-49.8318783139,-0.00772875661661
encoding_state_x_position,1,P2,277,7.9678571429,-49.7269519535,-49.8172592766,0.090307323036
encoding_state_x_position,1,P2,278,7.9785714286,-49.4777852142,-49.6243637224,0.146578508218
encoding_state_x_position,1,P2,279,7.9892857143,-49.2228320777,-49.4989937648,0.276161687152
encoding_state_x_position,1,P2,280,8.0000000000,-49.0375927428,-49.3990686583,0.361475915426
encoding_state_x_position,1,P3,0,5.0000000000,-57.7221114136,-58.9500060934,1.22789467982
encoding_state_x_position,1,P3,1,5.0107142857,-57.3584648479,-58.6235532216,1.2650883737
encoding_state_x_position,1,P3,2,5.0214285714,-56.7002805145,-58.1339262987,1.43364578415
encoding_state_x_position,1,P3,3,5.0321428571,-56.2488829574,-57.7804059003,1.53152294288
encoding_state_x_position,1,P3,4,5.0428571429,-56.2025489903,-57.9450581785,1.74250918827
encoding_state_x_position,1,P3,5,5.0535714286,-56.2351192977,-58.1759813791,1.94086208142
encoding_state_x_position,1,P3,6,5.0642857143,-56.2281910651,-58.3503010763,2.12211001124
encoding_state_x_position,1,P3,7,5.0750000000,-56.6302911449,-58.6972619978,2.06697085288
encoding_state_x_position,1,P3,8,5.0857142857,-57.0234032351,-59.0927660678,2.06936283262
encoding_state_x_position,1,P3,9,5.0964285714,-57.6683978621,-59.6085450999,1.94014723788
encoding_state_x_position,1,P3,10,5.1071428571,-58.4328615284,-60.2562293168,1.82336778838
encoding_state_x_position,1,P3,11,5.1178571429,-59.3254015003,-61.0032140374,1.67781253706
encoding_state_x_position,1,P3,12,5.1285714286,-60.0094956232,-61.5744769963,1.56498137307
encoding_state_x_position,1,P3,13,5.1392857143,-60.422246326,-61.871341779,1.44909545304
encoding_state_x_position,1,P3,14,5.1500000000,-60.5725680938,-61.8612663758,1.28869828199
encoding_state_x_position,1,P3,15,5.1607142857,-60.3699752272,-61.5897405508,1.21976532361
encoding_state_x_position,1,P3,16,5.1714285714,-59.8524781538,-61.1294900603,1.27701190648
encoding_state_x_position,1,P3,17,5.1821428571,-59.5171282159,-60.763651302,1.24652308612
encoding_state_x_position,1,P3,18,5.1928571429,-59.4528575844,-60.6033320698,1.15047448535
encoding_state_x_position,1,P3,19,5.2035714286,-59.3365539776,-60.3613068687,1.02475289111
encoding_state_x_position,1,P3,20,5.2142857143,-59.1520651344,-60.0051596838,0.853094549325
encoding_state_x_position,1,P3,21,5.2250000000,-58.8150379697,-59.4633571368,0.648319167136
encoding_state_x_position,1,P3,22,5.2357142857,-58.125311472,-58.6830299246,0.55771845259
encoding_state_x_position,1,P3,23,5.2464285714,-57.5435442076,-57.9135235657,0.369979358037
encoding_state_x_position,1,P3,24,5.2571428571,-56.6344646829,-56.8252148656,0.190750182714
encoding_state_x_position,1,P3,25,5.2678571429,-55.6745231798,-55.7209251991,0.0464020192568
encoding_state_x_position,1,P3,26,5.2785714286,-54.5781968426,-54.5143982589,-0.0637985837305
encoding_state_x_position,1,P3,27,5.2892857143,-53.2824764724,-53.1123252305,-0.170151241918
encoding_state_x_position,1,P3,28,5.3000000000,-52.0409470719,-51.7869209484,-0.254026123463
encoding_state_x_position,1,P3,29,5.3107142857,-50.8332693569,-50.5261751389,-0.30709421804
encoding_state_x_position,1,P3,30,5.3214285714,-49.8925458099,-49.6385516352,-0.253994174758
encoding_state_x_position,1,P3,31,5.3321428571,-49.2359463294,-49.0078695684,-0.228076761014
encoding_state_x_position,1,P3,32,5.3428571429,-48.6883671288,-48.528196468,-0.160170660779
encoding_state_x_position,1,P3,33,5.3535714286,-48.3914950862,-48.3021202803,-0.0893748058553
encoding_state_x_position,1,P3,34,5.3642857143,-48.2824903985,-48.2450280353,-0.0374623631738
encoding_state_x_position,1,P3,35,5.3750000000,-48.5242529902,-48.5787263166,0.0544733264185
encoding_state_x_position,1,P3,36,5.3857142857,-49.0274787943,-49.1720878774,0.144609083186
encoding_state_x_position,1,P3,37,5.3964285714,-49.7266258154,-49.9935643125,0.266938497159
encoding_state_x_position,1,P3,38,5.4071428571,-50.5503895524,-50.8936010598,0.343211507386
encoding_state_x_position,1,P3,39,5.4178571429,-51.7079729101,-52.0282171209,0.320244210873
encoding_state_x_position,1,P3,40,5.4285714286,-52.7258260967,-53.0931090581,0.367282961388
encoding_state_x_position,1,P3,41,5.4392857143,-53.5011157281,-53.7964820429,0.29536631475
encoding_state_x_position,1,P3,42,5.4500000000,-54.6015831243,-54.7468853106,0.145302186358
encoding_state_x_position,1,P3,43,5.4607142857,-55.2801406781,-55.3066044099,0.0264637317928
encoding_state_x_position,1,P3,44,5.4714285714,-55.7764075285,-55.6663064524,-0.110101076016
encoding_state_x_position,1,P3,45,5.4821428571,-56.1901195292,-55.9288315793,-0.261287949906
encoding_state_x_position,1,P3,46,5.4928571429,-56.4389052618,-55.9788369877,-0.460068274108
encoding_state_x_position,1,P3,47,5.5035714286,-56.8116084549,-56.109399729,-0.702208725858
encoding_state_x_position,1,P3,48,5.5142857143,-57.030610771,-56.1341198911,-0.896490879887
encoding_state_x_position,1,P3,49,5.5250000000,-57.3936582099,-56.3689228507,-1.02473535921
encoding_state_x_position,1,P3,50,5.5357142857,-57.744143189,-56.6605265451,-1.0836166439
encoding_state_x_position,1,P3,51,5.5464285714,-58.114910797,-57.0420377066,-1.07287309045
encoding_state_x_position,1,P3,52,5.5571428571,-58.5898118129,-57.5418935256,-1.04791828728
encoding_state_x_position,1,P3,53,5.5678571429,-59.2389337488,-58.3099563111,-0.928977437736
encoding_state_x_position,1,P3,54,5.5785714286,-59.4635468651,-58.7096721626,-0.753874702487
encoding_state_x_position,1,P3,55,5.5892857143,-59.4980841233,-58.8662679263,-0.631816196985
encoding_state_x_position,1,P3,56,5.6000000000,-59.5997878864,-59.1272317285,-0.47255615781
encoding_state_x_position,1,P3,57,5.6107142857,-59.0170161046,-58.832280079,-0.184736025517
encoding_state_x_position,1,P3,58,5.6214285714,-58.4355298156,-58.5406456829,0.105115867282
encoding_state_x_position,1,P3,59,5.6321428571,-57.7949718406,-58.2183363275,0.423364486924
encoding_state_x_position,1,P3,60,5.6428571429,-57.1179642782,-57.719886976,0.601922697827
encoding_state_x_position,1,P3,61,5.6535714286,-56.5537182202,-57.257467409,0.703749188806
encoding_state_x_position,1,P3,62,5.6642857143,-55.8263108368,-56.5537192003,0.727408363555
encoding_state_x_position,1,P3,63,5.6750000000,-55.3829419097,-56.1034862402,0.720544330524
encoding_state_x_position,1,P3,64,5.6857142857,-55.0805282794,-55.7015902689,0.62106198945
encoding_state_x_position,1,P3,65,5.6964285714,-54.7865636863,-55.3142198979,0.527656211559
encoding_state_x_position,1,P3,66,5.7071428571,-54.8998150926,-55.3458052896,0.445990196997
encoding_state_x_position,1,P3,67,5.7178571429,-55.3127831488,-55.6102793805,0.297496231707
encoding_state_x_position,1,P3,68,5.7285714286,-55.3218680762,-55.5978809145,0.276012838232
encoding_state_x_position,1,P3,69,5.7392857143,-55.6484973895,-55.9336583317,0.285160942152
encoding_state_x_position,1,P3,70,5.7500000000,-56.0631173715,-56.4805722934,0.417454921949
encoding_state_x_position,1,P3,71,5.7607142857,-56.6828965207,-57.2979951512,0.615098630519
encoding_state_x_position,1,P3,72,5.7714285714,-57.6984219976,-58.4002430618,0.701821064201
encoding_state_x_position,1,P3,73,5.7821428571,-58.3180317878,-59.1236102775,0.805578489745
encoding_state_x_position,1,P3,74,5.7928571429,-58.8567923087,-59.6844978129,0.827705504114
encoding_state_x_position,1,P3,75,5.8035714286,-59.1050442208,-59.8618938742,0.756849653362
encoding_state_x_position,1,P3,76,5.8142857143,-59.3983495945,-60.0331803342,0.634830739662
encoding_state_x_position,1,P3,77,5.8250000000,-59.6791353948,-60.2346916392,0.555556244355
encoding_state_x_position,1,P3,78,5.8357142857,-59.7903050047,-60.1396328407,0.349327835945
encoding_state_x_position,1,P3,79,5.8464285714,-59.7243155193,-59.9037232966,0.179407777216
encoding_state_x_position,1,P3,80,5.8571428571,-59.7772234804,-59.7937763766,0.0165528961853
encoding_state_x_position,1,P3,81,5.8678571429,-59.6387155206,-59.5476228358,-0.0910926847847
encoding_state_x_position,1,P3,82,5.8785714286,-59.1059393774,-59.014283265,-0.0916561123973
encoding_state_x_position,1,P3,83,5.8892857143,-58.8019956767,-58.636058912,-0.165936764738
encoding_state_x_position,1,P3,84,5.9000000000,-58.3701727581,-58.2855883742,-0.084584383962
encoding_state_x_position,1,P3,85,5.9107142857,-58.3874408677,-58.2662894334,-0.121151434309
encoding_state_x_position,1,P3,86,5.9214285714,-58.533267204,-58.2475911055,-0.285676098463
encoding_state_x_position,1,P3,87,5.9321428571,-58.1538424445,-57.9114189484,-0.242423496154
encoding_state_x_position,1,P3,88,5.9428571429,-57.6817640422,-57.5133481924,-0.168415849831
encoding_state_x_position,1,P3,89,5.9535714286,-57.2973902113,-57.1515404688,-0.145849742494
encoding_state_x_position,1,P3,90,5.9642857143,-57.0003674779,-56.9599705278,-0.0403969500685
encoding_state_x_position,1,P3,91,5.9750000000,-56.4944757969,-56.596053307,0.101577510143
encoding_state_x_position,1,P3,92,5.9857142857,-55.9005987343,-56.1955985829,0.294999848639
encoding_state_x_position,1,P3,93,5.9964285714,-55.4581710309,-55.9275614466,0.469390415644
encoding_state_x_position,1,P3,94,6.0071428571,-55.0769590278,-55.6668740434,0.589915015586
encoding_state_x_position,1,P3,95,6.0178571429,-54.8458143212,-55.5297443121,0.683929990936
encoding_state_x_position,1,P3,96,6.0285714286,-54.7253064128,-55.4610539771,0.735747564311
encoding_state_x_position,1,P3,97,6.0392857143,-54.9332888224,-55.6877680348,0.754479212434
encoding_state_x_position,1,P3,98,6.0500000000,-55.3350706134,-56.0412649537,0.706194340352
encoding_state_x_position,1,P3,99,6.0607142857,-56.2228525092,-56.7732855915,0.550433082243
encoding_state_x_position,1,P3,100,6.0714285714,-57.1953587134,-57.6150457941,0.419687080729
encoding_state_x_position,1,P3,101,6.0821428571,-57.8310240165,-58.1815367208,0.350512704281
encoding_state_x_position,1,P3,102,6.0928571429,-58.4795971997,-58.664863516,0.185266316323
encoding_state_x_position,1,P3,103,6.1035714286,-59.0763553721,-59.0751347983,-0.00122057382781
encoding_state_x_position,1,P3,104,6.1142857143,-59.4889222445,-59.3947522619,-0.0941699826422
encoding_state_x_position,1,P3,105,6.1250000000,-60.150606232,-59.8206639428,-0.329942289194
encoding_state_x_position,1,P3,106,6.1357142857,-61.0140952138,-60.6598268687,-0.354268345124
encoding_state_x_position,1,P3,107,6.1464285714,-61.7692307395,-61.3670673493,-0.402163390194
encoding_state_x_position,1,P3,108,6.1571428571,-62.218357469,-61.7785676858,-0.439789783209
encoding_state_x_position,1,P3,109,6.1678571429,-62.7333531291,-62.3101235737,-0.423229555472
encoding_state_x_position,1,P3,110,6.1785714286,-62.8380875388,-62.6245481743,-0.213539364417
encoding_state_x_position,1,P3,111,6.1892857143,-62.9263319892,-62.760182705,-0.166149284191
encoding_state_x_position,1,P3,112,6.2000000000,-62.7904788434,-62.6076201664,-0.182858676944
encoding_state_x_position,1,P3,113,6.2107142857,-62.6499047031,-62.5091579666,-0.140746736508
encoding_state_x_position,1,P3,114,6.2214285714,-62.3453400531,-62.1668172006,-0.178522852417
encoding_state_x_position,1,P3,115,6.2321428571,-61.6723669245,-61.4529180815,-0.219448842991
encoding_state_x_position,1,P3,116,6.2428571429,-61.2475521503,-60.9256024194,-0.321949730919
encoding_state_x_position,1,P3,117,6.2535714286,-60.7189066912,-60.3462116244,-0.372695066818
encoding_state_x_position,1,P3,118,6.2642857143,-60.4880288051,-60.059736621,-0.428292184109
encoding_state_x_position,1,P3,119,6.2750000000,-60.6386998367,-60.0874945225,-0.551205314242
encoding_state_x_position,1,P3,120,6.2857142857,-60.9327421807,-60.4528011254,-0.479941055242
encoding_state_x_position,1,P3,121,6.2964285714,-60.9164321102,-60.5040221715,-0.412409938784
encoding_state_x_position,1,P3,122,6.3071428571,-60.8202163938,-60.4665750479,-0.353641345911
encoding_state_x_position,1,P3,123,6.3178571429,-60.3828332425,-60.2334033029,-0.14942993968
encoding_state_x_position,1,P3,124,6.3285714286,-59.7204260721,-59.7858947819,0.0654687098822
encoding_state_x_position,1,P3,125,6.3392857143,-59.3253508717,-59.48907991,0.163729038299
encoding_state_x_position,1,P3,126,6.3500000000,-59.1090117629,-59.3795726502,0.270560887353
encoding_state_x_position,1,P3,127,6.3607142857,-59.4322304992,-59.6432190698,0.21098857057
encoding_state_x_position,1,P3,128,6.3714285714,-59.8856725861,-59.9961602285,0.110487642395
encoding_state_x_position,1,P3,129,6.3821428571,-60.1615166988,-60.2732401486,0.111723449853
encoding_state_x_position,1,P3,130,6.3928571429,-60.917267658,-60.9096127797,-0.00765487826296
encoding_state_x_position,1,P3,131,6.4035714286,-61.3462428348,-61.285249243,-0.0609935917858
encoding_state_x_position,1,P3,132,6.4142857143,-61.5965444191,-61.5626561704,-0.0338882487574
encoding_state_x_position,1,P3,133,6.4250000000,-61.937757949,-61.854398291,-0.0833596580655
encoding_state_x_position,1,P3,134,6.4357142857,-62.2830089287,-62.1470827592,-0.135926169503
encoding_state_x_position,1,P3,135,6.4464285714,-62.2475264611,-62.1171826202,-0.130343840911
encoding_state_x_position,1,P3,136,6.4571428571,-61.8324168119,-61.7988832412,-0.0335335706997
encoding_state_x_position,1,P3,137,6.4678571429,-60.986742615,-61.1803313237,0.193588708621
encoding_state_x_position,1,P3,138,6.4785714286,-60.3433509252,-60.682186047,0.338835121811
encoding_state_x_position,1,P3,139,6.4892857143,-59.6379084207,-60.1147465768,0.476838156058
encoding_state_x_position,1,P3,140,6.5000000000,-59.0658662604,-59.6985873383,0.632721077934
encoding_state_x_position,1,P3,141,6.5107142857,-58.7027504309,-59.4055879901,0.702837559231
encoding_state_x_position,1,P3,142,6.5214285714,-58.1862899755,-59.0415312596,0.855241284102
encoding_state_x_position,1,P3,143,6.5321428571,-57.5555352427,-58.5708375715,1.01530232884
encoding_state_x_position,1,P3,144,6.5428571429,-57.2879677346,-58.3514900683,1.06352233369
encoding_state_x_position,1,P3,145,6.5535714286,-57.0538518811,-58.1395828728,1.08573099176
encoding_state_x_position,1,P3,146,6.5642857143,-56.8788127548,-57.9630777391,1.08426498424
encoding_state_x_position,1,P3,147,6.5750000000,-56.8741812518,-57.8326576303,0.95847637849
encoding_state_x_position,1,P3,148,6.5857142857,-56.8540284352,-57.7124082171,0.858379781876
encoding_state_x_position,1,P3,149,6.5964285714,-56.8198973928,-57.6534141852,0.833516792489
encoding_state_x_position,1,P3,150,6.6071428571,-56.8125649814,-57.5862692334,0.773704251914
encoding_state_x_position,1,P3,151,6.6178571429,-56.9653066383,-57.6216193626,0.656312724303
encoding_state_x_position,1,P3,152,6.6285714286,-57.4023160897,-57.872807608,0.470491518323
encoding_state_x_position,1,P3,153,6.6392857143,-57.6059757854,-57.9315191521,0.325543366639
encoding_state_x_position,1,P3,154,6.6500000000,-57.6638855942,-57.9820178482,0.318132253967
encoding_state_x_position,1,P3,155,6.6607142857,-57.7624768794,-58.0370731503,0.27459627091
encoding_state_x_position,1,P3,156,6.6714285714,-57.6147337638,-57.8419529057,0.227219141822
encoding_state_x_position,1,P3,157,6.6821428571,-57.389632548,-57.6025231308,0.212890582834
encoding_state_x_position,1,P3,158,6.6928571429,-57.2874227907,-57.4645721691,0.177149378331
encoding_state_x_position,1,P3,159,6.7035714286,-57.5715563412,-57.5838274128,0.0122710715904
encoding_state_x_position,1,P3,160,6.7142857143,-57.5459819458,-57.4482172678,-0.0977646779532
encoding_state_x_position,1,P3,161,6.7250000000,-57.4960648161,-57.3090848272,-0.186979988902
encoding_state_x_position,1,P3,162,6.7357142857,-57.2030640272,-57.0367131037,-0.166350923452
encoding_state_x_position,1,P3,163,6.7464285714,-56.8783413094,-56.7494745727,-0.128866736697
encoding_state_x_position,1,P3,164,6.7571428571,-56.6262190002,-56.4953333196,-0.130885680553
encoding_state_x_position,1,P3,165,6.7678571429,-56.6293151984,-56.4860690922,-0.143246106279
encoding_state_x_position,1,P3,166,6.7785714286,-56.8514481229,-56.6217767166,-0.229671406338
encoding_state_x_position,1,P3,167,6.7892857143,-56.960914159,-56.7527444082,-0.208169750797
encoding_state_x_position,1,P3,168,6.8000000000,-57.1843949918,-57.0622750905,-0.122119901243
encoding_state_x_position,1,P3,169,6.8107142857,-57.9115819301,-57.723021082,-0.188560848153
encoding_state_x_position,1,P3,170,6.8214285714,-58.5129081657,-58.2558670059,-0.257041159843
encoding_state_x_position,1,P3,171,6.8321428571,-58.9815878485,-58.7433573389,-0.238230509622
encoding_state_x_position,1,P3,172,6.8428571429,-59.5016610487,-59.2640846165,-0.237576432163
encoding_state_x_position,1,P3,173,6.8535714286,-60.1785000498,-59.8500400549,-0.328459994862
encoding_state_x_position,1,P3,174,6.8642857143,-60.6191240294,-60.3340675595,-0.285056469975
encoding_state_x_position,1,P3,175,6.8750000000,-60.7808722069,-60.5376520556,-0.243220151281
encoding_state_x_position,1,P3,176,6.8857142857,-60.7017545347,-60.5847847791,-0.116969755593
encoding_state_x_position,1,P3,177,6.8964285714,-60.4843799253,-60.4593679166,-0.0250120087187
encoding_state_x_position,1,P3,178,6.9071428571,-60.1614179832,-60.2411795599,0.0797615766709
encoding_state_x_position,1,P3,179,6.9178571429,-60.0774396058,-60.2095026674,0.132063061598
encoding_state_x_position,1,P3,180,6.9285714286,-59.8760329475,-60.0585000565,0.182467108999
encoding_state_x_position,1,P3,181,6.9392857143,-59.6181474009,-59.9304537142,0.312306313337
encoding_state_x_position,1,P3,182,6.9500000000,-59.4986093638,-59.9086021768,0.40999281304
encoding_state_x_position,1,P3,183,6.9607142857,-59.6078507374,-59.9942803632,0.386429625804
encoding_state_x_position,1,P3,184,6.9714285714,-59.7086922544,-60.0954547921,0.386762537705
encoding_state_x_position,1,P3,185,6.9821428571,-59.6062967236,-60.09933371,0.493036986404
encoding_state_x_position,1,P3,186,6.9928571429,-59.4870803029,-60.0471972814,0.560116978515
encoding_state_x_position,1,P3,187,7.0035714286,-59.6254311462,-60.144724161,0.519293014806
encoding_state_x_position,1,P3,188,7.0142857143,-59.599844658,-60.1367030394,0.536858381381
encoding_state_x_position,1,P3,189,7.0250000000,-59.7720668427,-60.2792273373,0.507160494629
encoding_state_x_position,1,P3,190,7.0357142857,-59.9430687585,-60.4768684511,0.533799692553
encoding_state_x_position,1,P3,191,7.0464285714,-59.8521604275,-60.4447080089,0.592547581397
encoding_state_x_position,1,P3,192,7.0571428571,-59.4580401543,-60.1421980976,0.684157943335
encoding_state_x_position,1,P3,193,7.0678571429,-58.9991662217,-59.828076717,0.828910495276
encoding_state_x_position,1,P3,194,7.0785714286,-58.3465182436,-59.3749289132,1.02841066959
encoding_state_x_position,1,P3,195,7.0892857143,-57.9508664205,-59.0943412277,1.14347480714
encoding_state_x_position,1,P3,196,7.1000000000,-57.6758290129,-58.8792436377,1.20341462479
encoding_state_x_position,1,P3,197,7.1107142857,-57.6387515691,-58.7809805824,1.14222901323
encoding_state_x_position,1,P3,198,7.1214285714,-57.9502898463,-58.900942495,0.950652648698
encoding_state_x_position,1,P3,199,7.1321428571,-58.1346626587,-58.947811678,0.813149019349
encoding_state_x_position,1,P3,200,7.1428571429,-58.1717007666,-58.8005633597,0.628862593106
encoding_state_x_position,1,P3,201,7.1535714286,-58.2300277837,-58.5328277714,0.302799987744
encoding_state_x_position,1,P3,202,7.1642857143,-58.0688927807,-58.1802086315,0.111315850876
encoding_state_x_position,1,P3,203,7.1750000000,-58.1183286498,-58.033279663,-0.085048986884
encoding_state_x_position,1,P3,204,7.1857142857,-57.9316449732,-57.6842580061,-0.247386967141
encoding_state_x_position,1,P3,205,7.1964285714,-57.6877316883,-57.437126577,-0.250605111326
encoding_state_x_position,1,P3,206,7.2071428571,-57.4497953334,-57.274455784,-0.175339549371
encoding_state_x_position,1,P3,207,7.2178571429,-57.3166803496,-57.2774318935,-0.0392484560583
encoding_state_x_position,1,P3,208,7.2285714286,-57.2526335383,-57.4436402761,0.19100673779
encoding_state_x_position,1,P3,209,7.2392857143,-57.7478016985,-58.0454262749,0.297624576398
encoding_state_x_position,1,P3,210,7.2500000000,-58.0886406709,-58.3278846866,0.239244015702
encoding_state_x_position,1,P3,211,7.2607142857,-58.4091145791,-58.5505892167,0.141474637695
encoding_state_x_position,1,P3,212,7.2714285714,-58.8777823081,-59.0523292105,0.174546902418
encoding_state_x_position,1,P3,213,7.2821428571,-59.0548941708,-59.3423722034,0.287478032605
encoding_state_x_position,1,P3,214,7.2928571429,-59.0590781045,-59.4778267924,0.418748687902
encoding_state_x_position,1,P3,215,7.3035714286,-58.9719783946,-59.39856887,0.426590475386
encoding_state_x_position,1,P3,216,7.3142857143,-58.6763751886,-59.1811618803,0.50478669177
encoding_state_x_position,1,P3,217,7.3250000000,-58.3586487532,-58.8399176814,0.481268928232
encoding_state_x_position,1,P3,218,7.3357142857,-58.1100594682,-58.5246368026,0.414577334347
encoding_state_x_position,1,P3,219,7.3464285714,-57.8369821232,-58.1802714782,0.343289355051
encoding_state_x_position,1,P3,220,7.3571428571,-57.4447723508,-57.7065794581,0.261807107322
encoding_state_x_position,1,P3,221,7.3678571429,-57.402082744,-57.5493877561,0.147305012029
encoding_state_x_position,1,P3,222,7.3785714286,-57.4006738574,-57.4743569051,0.0736830476175
encoding_state_x_position,1,P3,223,7.3892857143,-57.4263085315,-57.3186791186,-0.107629412894
encoding_state_x_position,1,P3,224,7.4000000000,-57.1395869788,-56.8224058059,-0.317181172888
encoding_state_x_position,1,P3,225,7.4107142857,-56.8836008135,-56.5283176647,-0.355283148788
encoding_state_x_position,1,P3,226,7.4214285714,-56.7327196494,-56.4721852746,-0.26053437477
encoding_state_x_position,1,P3,227,7.4321428571,-56.4960966117,-56.3172852243,-0.178811387437
encoding_state_x_position,1,P3,228,7.4428571429,-56.4479487218,-56.3254259495,-0.122522772326
encoding_state_x_position,1,P3,229,7.4535714286,-56.4922511172,-56.378004169,-0.114246948133
encoding_state_x_position,1,P3,230,7.4642857143,-56.4660028139,-56.423402675,-0.0426001389173
encoding_state_x_position,1,P3,231,7.4750000000,-56.6132337042,-56.5819953651,-0.0312383390692
encoding_state_x_position,1,P3,232,7.4857142857,-56.7131235054,-56.6881916148,-0.024931890579
encoding_state_x_position,1,P3,233,7.4964285714,-56.3741686684,-56.3900742032,0.0159055348593
encoding_state_x_position,1,P3,234,7.5071428571,-56.1987096192,-56.2629782493,0.064268630125
encoding_state_x_position,1,P3,235,7.5178571429,-56.2486341865,-56.3448888592,0.0962546726776
encoding_state_x_position,1,P3,236,7.5285714286,-56.1673941553,-56.2916221033,0.124227947939
encoding_state_x_position,1,P3,237,7.5392857143,-55.8882320669,-56.0332609097,0.145028842832
encoding_state_x_position,1,P3,238,7.5500000000,-55.4317478056,-55.6811287201,0.249380914509
encoding_state_x_position,1,P3,239,7.5607142857,-55.151603055,-55.4291571632,0.277554108174
encoding_state_x_position,1,P3,240,7.5714285714,-54.7604326258,-55.0958790054,0.335446379585
encoding_state_x_position,1,P3,241,7.5821428571,-54.5289315499,-54.9371138674,0.408182317467
encoding_state_x_position,1,P3,242,7.5928571429,-54.6212671664,-54.9446284934,0.32336132708
encoding_state_x_position,1,P3,243,7.6035714286,-54.7869598567,-55.0708712079,0.283911351252
encoding_state_x_position,1,P3,244,7.6142857143,-55.1011163789,-55.3186569264,0.21754054752
encoding_state_x_position,1,P3,245,7.6250000000,-55.4787010908,-55.5960167896,0.117315698703
encoding_state_x_position,1,P3,246,7.6357142857,-55.6558680085,-55.6863070592,0.0304390506908
encoding_state_x_position,1,P3,247,7.6464285714,-55.4097656383,-55.4591121297,0.0493464914543
encoding_state_x_position,1,P3,248,7.6571428571,-55.5982115008,-55.5446366636,-0.0535748371862
encoding_state_x_position,1,P3,249,7.6678571429,-55.8253888945,-55.6925069916,-0.13288190289
encoding_state_x_position,1,P3,250,7.6785714286,-56.0798405598,-55.8569724679,-0.222868091978
encoding_state_x_position,1,P3,251,7.6892857143,-56.2670284675,-55.9139556986,-0.353072768924
encoding_state_x_position,1,P3,252,7.7000000000,-56.2327200455,-55.8323331365,-0.400386908983
encoding_state_x_position,1,P3,253,7.7107142857,-56.3198171975,-55.8328068383,-0.487010359254
encoding_state_x_position,1,P3,254,7.7214285714,-56.4604491644,-56.0292588107,-0.431190353701
encoding_state_x_position,1,P3,255,7.7321428571,-56.5900943239,-56.3610319017,-0.229062422244
encoding_state_x_position,1,P3,256,7.7428571429,-56.9326034853,-56.7376081725,-0.194995312789
encoding_state_x_position,1,P3,257,7.7535714286,-56.9629129667,-56.8153555332,-0.147557433451
encoding_state_x_position,1,P3,258,7.7642857143,-56.8588919663,-56.819886649,-0.0390053172897
encoding_state_x_position,1,P3,259,7.7750000000,-56.7473126624,-56.7553362452,0.00802358283112
encoding_state_x_position,1,P3,260,7.7857142857,-56.6180876076,-56.6795200138,0.0614324061957
encoding_state_x_position,1,P3,261,7.7964285714,-56.6414808479,-56.8377147883,0.196233940366
encoding_state_x_position,1,P3,262,7.8071428571,-56.5953947726,-56.8127453272,0.21735055457
encoding_state_x_position,1,P3,263,7.8178571429,-56.9186733819,-57.1082817407,0.189608358828
encoding_state_x_position,1,P3,264,7.8285714286,-57.1982248972,-57.3873018853,0.18907698801
encoding_state_x_position,1,P3,265,7.8392857143,-57.5067714486,-57.566565611,0.0597941624227
encoding_state_x_position,1,P3,266,7.8500000000,-57.8371332129,-57.9378794336,0.100746220744
encoding_state_x_position,1,P3,267,7.8607142857,-58.4168952782,-58.5843731628,0.167477884609
encoding_state_x_position,1,P3,268,7.8714285714,-58.9797678968,-59.2569714074,0.277203510576
encoding_state_x_position,1,P3,269,7.8821428571,-59.6272323279,-59.9468160566,0.319583728747
encoding_state_x_position,1,P3,270,7.8928571429,-60.2661878373,-60.491778783,0.225590945699
encoding_state_x_position,1,P3,271,7.9035714286,-60.4122039107,-60.6032308897,0.191026978987
encoding_state_x_position,1,P3,272,7.9142857143,-60.3447473323,-60.6086969884,0.263949656055
encoding_state_x_position,1,P3,273,7.9250000000,-60.4293188614,-60.7147310931,0.285412231706
encoding_state_x_position,1,P3,274,7.9357142857,-60.5252900501,-60.837177223,0.311887172844
encoding_state_x_position,1,P3,275,7.9464285714,-60.4804044863,-60.9077214914,0.427317005106
encoding_state_x_position,1,P3,276,7.9571428571,-60.4544801442,-60.8177971525,0.363317008308
encoding_state_x_position,1,P3,277,7.9678571429,-60.7605380299,-60.9193594443,0.158821414457
encoding_state_x_position,1,P3,278,7.9785714286,-60.8383352461,-60.8954219781,0.0570867320461
encoding_state_x_position,1,P3,279,7.9892857143,-60.8928222372,-60.7739005883,-0.118921648962
encoding_state_x_position,1,P3,280,8.0000000000,-61.0199248367,-60.7930584548,-0.226866381966
encoding_state_x_position,2,P1,0,5.0000000000,-51.9995573817,-51.3123335978,-0.687223783907
encoding_state_x_position,2,P1,1,5.0107142857,-52.615803206,-51.7898007919,-0.826002414146
encoding_state_x_position,2,P1,2,5.0214285714,-53.0422241583,-52.0499202265,-0.992303931858
encoding_state_x_position,2,P1,3,5.0321428571,-53.3437849078,-52.0755089333,-1.26827597447
encoding_state_x_position,2,P1,4,5.0428571429,-53.5069526999,-52.0470387498,-1.45991395018
encoding_state_x_position,2,P1,5,5.0535714286,-53.3312702802,-51.8304202944,-1.50084998584
encoding_state_x_position,2,P1,6,5.0642857143,-52.9970587662,-51.6120447787,-1.38501398749
encoding_state_x_position,2,P1,7,5.0750000000,-52.505489643,-51.3076139045,-1.19787573856
encoding_state_x_position,2,P1,8,5.0857142857,-51.9942178422,-51.0735193046,-0.920698537608
encoding_state_x_position,2,P1,9,5.0964285714,-51.5975215644,-50.8632998296,-0.734221734871
encoding_state_x_position,2,P1,10,5.1071428571,-51.3414865319,-50.8443974058,-0.49708912609
encoding_state_x_position,2,P1,11,5.1178571429,-51.1649554338,-50.8537598463,-0.311195587476
encoding_state_x_position,2,P1,12,5.1285714286,-51.1118234684,-50.8856658134,-0.226157655036
encoding_state_x_position,2,P1,13,5.1392857143,-51.0159361944,-50.850843581,-0.165092613374
encoding_state_x_position,2,P1,14,5.1500000000,-50.8113569165,-50.6596245888,-0.151732327725
encoding_state_x_position,2,P1,15,5.1607142857,-50.4795340996,-50.3007499655,-0.178784134069
encoding_state_x_position,2,P1,16,5.1714285714,-50.168990308,-49.8471799675,-0.321810340559
encoding_state_x_position,2,P1,17,5.1821428571,-49.8935868671,-49.3181424173,-0.575444449828
encoding_state_x_position,2,P1,18,5.1928571429,-49.6452099125,-48.8786682558,-0.766541656619
encoding_state_x_position,2,P1,19,5.2035714286,-49.1998923658,-48.4024873994,-0.797404966472
encoding_state_x_position,2,P1,20,5.2142857143,-48.824181688,-47.9860404734,-0.838141214602
encoding_state_x_position,2,P1,21,5.2250000000,-48.3391323279,-47.4938651033,-0.845267224563
encoding_state_x_position,2,P1,22,5.2357142857,-47.6396981173,-46.8372925848,-0.802405532474
encoding_state_x_position,2,P1,23,5.2464285714,-46.8160693571,-46.0155966929,-0.800472664191
encoding_state_x_position,2,P1,24,5.2571428571,-45.965094574,-45.2052668324,-0.759827741582
encoding_state_x_position,2,P1,25,5.2678571429,-44.9439749998,-44.2195573225,-0.724417677311
encoding_state_x_position,2,P1,26,5.2785714286,-43.7137350533,-43.0736439998,-0.640091053475
encoding_state_x_position,2,P1,27,5.2892857143,-42.4790705801,-41.9289437991,-0.550126781002
encoding_state_x_position,2,P1,28,5.3000000000,-41.3139319115,-40.7855765369,-0.528355374669
encoding_state_x_position,2,P1,29,5.3107142857,-40.3617018986,-39.8122003666,-0.549501532056
encoding_state_x_position,2,P1,30,5.3214285714,-39.4864630994,-38.9038457616,-0.582617337778
encoding_state_x_position,2,P1,31,5.3321428571,-39.0161311373,-38.3117426644,-0.704388472891
encoding_state_x_position,2,P1,32,5.3428571429,-38.9352390513,-38.1370209626,-0.798218088699
encoding_state_x_position,2,P1,33,5.3535714286,-39.203263215,-38.3964819228,-0.806781292159
encoding_state_x_position,2,P1,34,5.3642857143,-39.6912748994,-38.8934327922,-0.797842107189
encoding_state_x_position,2,P1,35,5.3750000000,-40.3420394719,-39.6289634823,-0.713075989659
encoding_state_x_position,2,P1,36,5.3857142857,-41.2185775331,-40.5810755165,-0.637502016671
encoding_state_x_position,2,P1,37,5.3964285714,-42.0216897528,-41.5131527028,-0.508537050011
encoding_state_x_position,2,P1,38,5.4071428571,-42.9210396429,-42.5230717872,-0.397967855725
encoding_state_x_position,2,P1,39,5.4178571429,-43.8896163028,-43.6507796749,-0.238836627909
encoding_state_x_position,2,P1,40,5.4285714286,-44.8586787393,-44.7322230207,-0.126455718553
encoding_state_x_position,2,P1,41,5.4392857143,-45.8883345089,-45.7639443046,-0.124390204318
encoding_state_x_position,2,P1,42,5.4500000000,-46.8403136697,-46.6652518688,-0.175061800932
encoding_state_x_position,2,P1,43,5.4607142857,-47.7552674159,-47.6732831145,-0.0819843013999
encoding_state_x_position,2,P1,44,5.4714285714,-48.4615701314,-48.2782069163,-0.183363215092
encoding_state_x_position,2,P1,45,5.4821428571,-49.2703684784,-48.9340900738,-0.336278404623
encoding_state_x_position,2,P1,46,5.4928571429,-49.9449845245,-49.5244419599,-0.420542564597
encoding_state_x_position,2,P1,47,5.5035714286,-50.713136623,-50.2327548709,-0.480381752131
encoding_state_x_position,2,P1,48,5.5142857143,-51.3578320532,-50.8806730898,-0.477158963366
encoding_state_x_position,2,P1,49,5.5250000000,-51.8193118394,-51.4083230833,-0.410988756105
encoding_state_x_position,2,P1,50,5.5357142857,-52.1255486353,-51.7637458117,-0.361802823576
encoding_state_x_position,2,P1,51,5.5464285714,-52.3181792647,-52.0469966717,-0.271182592932
encoding_state_x_position,2,P1,52,5.5571428571,-52.6295980567,-52.3807793619,-0.248818694833
encoding_state_x_position,2,P1,53,5.5678571429,-52.9144340692,-52.7582265639,-0.15620750533
encoding_state_x_position,2,P1,54,5.5785714286,-52.8253200793,-52.7489753994,-0.0763446798895
encoding_state_x_position,2,P1,55,5.5892857143,-52.5899045145,-52.582245693,-0.00765882152174
encoding_state_x_position,2,P1,56,5.6000000000,-52.2335479886,-52.3950145695,0.161466580846
encoding_state_x_position,2,P1,57,5.6107142857,-52.0073658078,-52.2405369555,0.233171147719
encoding_state_x_position,2,P1,58,5.6214285714,-51.9705058664,-52.0479995056,0.0774936391752
encoding_state_x_position,2,P1,59,5.6321428571,-52.0145444054,-52.0364711475,0.0219267420874
encoding_state_x_position,2,P1,60,5.6428571429,-52.21365693,-52.1564511157,-0.0572058143201
encoding_state_x_position,2,P1,61,5.6535714286,-52.4981920912,-52.376145989,-0.122046102298
encoding_state_x_position,2,P1,62,5.6642857143,-52.6742705143,-52.5329943814,-0.141276132922
encoding_state_x_position,2,P1,63,5.6750000000,-52.8501494398,-52.6850645487,-0.165084891154
encoding_state_x_position,2,P1,64,5.6857142857,-53.2574587056,-53.1094523337,-0.148006371896
encoding_state_x_position,2,P1,65,5.6964285714,-53.6325060038,-53.5593780234,-0.0731279804768
encoding_state_x_position,2,P1,66,5.7071428571,-53.9340310961,-53.9208465303,-0.0131845658079
encoding_state_x_position,2,P1,67,5.7178571429,-53.835531707,-53.9613410519,0.125809344898
encoding_state_x_position,2,P1,68,5.7285714286,-53.446722591,-53.6284269867,0.181704395737
encoding_state_x_position,2,P1,69,5.7392857143,-53.0323088424,-53.3091599008,0.276851058387
encoding_state_x_position,2,P1,70,5.7500000000,-52.7213411072,-53.0667513297,0.345410222473
encoding_state_x_position,2,P1,71,5.7607142857,-52.6155606122,-52.8134663746,0.197905762376
encoding_state_x_position,2,P1,72,5.7714285714,-52.6932090609,-52.7245994446,0.0313903836304
encoding_state_x_position,2,P1,73,5.7821428571,-52.577000645,-52.4563473054,-0.120653339629
encoding_state_x_position,2,P1,74,5.7928571429,-52.442950499,-52.0812210442,-0.361729454784
encoding_state_x_position,2,P1,75,5.8035714286,-52.1146276024,-51.5089517466,-0.605675855824
encoding_state_x_position,2,P1,76,5.8142857143,-51.7592700618,-50.9590337812,-0.800236280649
encoding_state_x_position,2,P1,77,5.8250000000,-51.5240778831,-50.5803460113,-0.943731871784
encoding_state_x_position,2,P1,78,5.8357142857,-51.3461373318,-50.3710688984,-0.975068433422
encoding_state_x_position,2,P1,79,5.8464285714,-50.7856810774,-49.8680203541,-0.917660723312
encoding_state_x_position,2,P1,80,5.8571428571,-50.218458313,-49.3567888166,-0.861669496379
encoding_state_x_position,2,P1,81,5.8678571429,-49.3955171484,-48.6332232437,-0.76229390467
encoding_state_x_position,2,P1,82,5.8785714286,-48.6566330695,-47.9650307452,-0.691602324307
encoding_state_x_position,2,P1,83,5.8892857143,-47.9635683309,-47.4470750575,-0.516493273433
encoding_state_x_position,2,P1,84,5.9000000000,-47.4200871899,-47.0433723593,-0.376714830651
encoding_state_x_position,2,P1,85,5.9107142857,-47.0738177008,-46.7525698316,-0.321247869276
encoding_state_x_position,2,P1,86,5.9214285714,-46.8403993184,-46.547716971,-0.292682347367
encoding_state_x_position,2,P1,87,5.9321428571,-46.615322575,-46.3562915475,-0.259031027469
encoding_state_x_position,2,P1,88,5.9428571429,-46.483415145,-46.2433750202,-0.240040124847
encoding_state_x_position,2,P1,89,5.9535714286,-46.2994969505,-46.0654426984,-0.234054252059
encoding_state_x_position,2,P1,90,5.9642857143,-46.1778055137,-45.9324386744,-0.245366839275
encoding_state_x_position,2,P1,91,5.9750000000,-46.1189496772,-45.7923034967,-0.326646180592
encoding_state_x_position,2,P1,92,5.9857142857,-46.1145868794,-45.7097051722,-0.40488170723
encoding_state_x_position,2,P1,93,5.9964285714,-45.9897792224,-45.5904701299,-0.399309092512
encoding_state_x_position,2,P1,94,6.0071428571,-45.9201303065,-45.5417104784,-0.378419828112
encoding_state_x_position,2,P1,95,6.0178571429,-45.8271169808,-45.5320159424,-0.295101038467
encoding_state_x_position,2,P1,96,6.0285714286,-45.9155575511,-45.772772192,-0.142785359124
encoding_state_x_position,2,P1,97,6.0392857143,-46.3719367487,-46.3252917495,-0.0466449991581
encoding_state_x_position,2,P1,98,6.0500000000,-46.9531307648,-46.9864787549,0.0333479901652
encoding_state_x_position,2,P1,99,6.0607142857,-47.5287147018,-47.7478747327,0.219160030969
encoding_state_x_position,2,P1,100,6.0714285714,-48.1666238161,-48.6497133677,0.483089551604
encoding_state_x_position,2,P1,101,6.0821428571,-48.6768251831,-49.469681782,0.792856598945
encoding_state_x_position,2,P1,102,6.0928571429,-49.1737206027,-50.2865510273,1.11283042464
encoding_state_x_position,2,P1,103,6.1035714286,-49.553567549,-50.7758904128,1.22232286375
encoding_state_x_position,2,P1,104,6.1142857143,-49.9499358712,-51.1684418571,1.21850598593
encoding_state_x_position,2,P1,105,6.1250000000,-50.3552375632,-51.3856209749,1.03038341167
encoding_state_x_position,2,P1,106,6.1357142857,-50.8195568825,-51.5736567818,0.754099899316
encoding_state_x_position,2,P1,107,6.1464285714,-51.0008964992,-51.6128777494,0.611981250218
encoding_state_x_position,2,P1,108,6.1571428571,-51.2613511574,-51.7038753101,0.442524152618
encoding_state_x_position,2,P1,109,6.1678571429,-51.5311003245,-51.7707333097,0.239632985198
encoding_state_x_position,2,P1,110,6.1785714286,-51.8689876082,-51.9323907488,0.0634031406387
encoding_state_x_position,2,P1,111,6.1892857143,-52.3952190916,-52.1330583622,-0.262160729396
encoding_state_x_position,2,P1,112,6.2000000000,-52.760958082,-52.2493839366,-0.511574145461
encoding_state_x_position,2,P1,113,6.2107142857,-52.8987708964,-52.2724977077,-0.626273188686
encoding_state_x_position,2,P1,114,6.2214285714,-52.8214603557,-52.1926048585,-0.628855497191
encoding_state_x_position,2,P1,115,6.2321428571,-52.5135276603,-52.0369547452,-0.476572915088
encoding_state_x_position,2,P1,116,6.2428571429,-52.1276235311,-51.8396615706,-0.287961960542
encoding_state_x_position,2,P1,117,6.2535714286,-51.7387744176,-51.5378469965,-0.200927421115
encoding_state_x_position,2,P1,118,6.2642857143,-51.3677737456,-51.3021925734,-0.065581172277
encoding_state_x_position,2,P1,119,6.2750000000,-51.1795387685,-51.1407502452,-0.0387885233424
encoding_state_x_position,2,P1,120,6.2857142857,-51.0010491974,-51.0429986958,0.0419494983965
encoding_state_x_position,2,P1,121,6.2964285714,-50.8017337414,-50.9853809518,0.183647210417
encoding_state_x_position,2,P1,122,6.3071428571,-50.7516690545,-51.0476855261,0.296016471592
encoding_state_x_position,2,P1,123,6.3178571429,-50.7444827673,-51.1761101577,0.431627390373
encoding_state_x_position,2,P1,124,6.3285714286,-50.9562710553,-51.3873365243,0.431065469019
encoding_state_x_position,2,P1,125,6.3392857143,-51.4482103183,-51.6411840096,0.192973691253
encoding_state_x_position,2,P1,126,6.3500000000,-51.996578418,-51.9367144569,-0.0598639610615
encoding_state_x_position,2,P1,127,6.3607142857,-52.3712949488,-52.0308486889,-0.340446259815
encoding_state_x_position,2,P1,128,6.3714285714,-52.5732685181,-51.9707319415,-0.602536576576
encoding_state_x_position,2,P1,129,6.3821428571,-52.4917593648,-51.8589897443,-0.632769620475
encoding_state_x_position,2,P1,130,6.3928571429,-52.2017274539,-51.5143170072,-0.687410446708
encoding_state_x_position,2,P1,131,6.4035714286,-51.9891174546,-51.3112189642,-0.677898490375
encoding_state_x_position,2,P1,132,6.4142857143,-51.9945973443,-51.1861459875,-0.808451356849
encoding_state_x_position,2,P1,133,6.4250000000,-52.0022099469,-51.0601835277,-0.942026419185
encoding_state_x_position,2,P1,134,6.4357142857,-51.9726401946,-50.9231152902,-1.0495249044
encoding_state_x_position,2,P1,135,6.4464285714,-52.1120505555,-50.9619023162,-1.15014823938
encoding_state_x_position,2,P1,136,6.4571428571,-52.027902946,-50.9045643483,-1.12333859764
encoding_state_x_position,2,P1,137,6.4678571429,-51.9210498069,-50.8359278063,-1.08512200055
encoding_state_x_position,2,P1,138,6.4785714286,-51.8106762149,-50.6628392321,-1.14783698279
encoding_state_x_position,2,P1,139,6.4892857143,-51.7324845206,-50.4937552245,-1.23872929612
encoding_state_x_position,2,P1,140,6.5000000000,-51.5978106899,-50.3699076874,-1.22790300247
encoding_state_x_position,2,P1,141,6.5107142857,-51.4319461955,-50.2024929403,-1.22945325515
encoding_state_x_position,2,P1,142,6.5214285714,-51.1127176496,-49.8925830229,-1.22013462669
encoding_state_x_position,2,P1,143,6.5321428571,-50.728011863,-49.5725988066,-1.15541305645
encoding_state_x_position,2,P1,144,6.5428571429,-50.3196361628,-49.206278257,-1.11335790585
encoding_state_x_position,2,P1,145,6.5535714286,-50.1254860896,-48.9742351324,-1.15125095716
encoding_state_x_position,2,P1,146,6.5642857143,-50.0271989722,-48.6440725222,-1.38312644993
encoding_state_x_position,2,P1,147,6.5750000000,-49.7696426829,-48.2411875184,-1.52845516447
encoding_state_x_position,2,P1,148,6.5857142857,-49.687644413,-47.9225078771,-1.76513653598
encoding_state_x_position,2,P1,149,6.5964285714,-49.706401213,-47.7449218506,-1.9614793624
encoding_state_x_position,2,P1,150,6.6071428571,-49.5223080073,-47.4653506491,-2.05695735817
encoding_state_x_position,2,P1,151,6.6178571429,-49.2602383332,-47.1988231555,-2.06141517769
encoding_state_x_position,2,P1,152,6.6285714286,-48.9369890528,-46.9113373223,-2.02565173045
encoding_state_x_position,2,P1,153,6.6392857143,-48.6328829751,-46.6956004841,-1.93728249097
encoding_state_x_position,2,P1,154,6.6500000000,-48.3918093181,-46.6137419741,-1.77806734398
encoding_state_x_position,2,P1,155,6.6607142857,-48.2740937493,-46.6254806536,-1.64861309567
encoding_state_x_position,2,P1,156,6.6714285714,-48.1093037863,-46.6634710403,-1.44583274603
encoding_state_x_position,2,P1,157,6.6821428571,-48.1426872294,-46.8084112099,-1.33427601945
encoding_state_x_position,2,P1,158,6.6928571429,-47.9549932654,-46.7987311581,-1.15626210733
encoding_state_x_position,2,P1,159,6.7035714286,-47.887786819,-46.8180314643,-1.06975535467
encoding_state_x_position,2,P1,160,6.7142857143,-47.9302281102,-46.8358096993,-1.09441841082
encoding_state_x_position,2,P1,161,6.7250000000,-48.0586940121,-46.9652535998,-1.09344041227
encoding_state_x_position,2,P1,162,6.7357142857,-48.2533853615,-47.1596294471,-1.09375591439
encoding_state_x_position,2,P1,163,6.7464285714,-48.7151767954,-47.6206153809,-1.09456141449
encoding_state_x_position,2,P1,164,6.7571428571,-49.2054697044,-48.0849972837,-1.12047242072
encoding_state_x_position,2,P1,165,6.7678571429,-49.6418774585,-48.519641315,-1.12223614352
encoding_state_x_position,2,P1,166,6.7785714286,-50.0213378864,-48.8058119281,-1.21552595837
encoding_state_x_position,2,P1,167,6.7892857143,-50.4428099393,-49.2003113092,-1.24249863018
encoding_state_x_position,2,P1,168,6.8000000000,-50.9400478488,-49.6380730039,-1.30197484487
encoding_state_x_position,2,P1,169,6.8107142857,-51.4593903359,-50.064599287,-1.39479104882
encoding_state_x_position,2,P1,170,6.8214285714,-51.861708473,-50.420577391,-1.44113108201
encoding_state_x_position,2,P1,171,6.8321428571,-52.1930147695,-50.6839467155,-1.50906805396
encoding_state_x_position,2,P1,172,6.8428571429,-52.3477760617,-50.8298397851,-1.51793627662
encoding_state_x_position,2,P1,173,6.8535714286,-52.4726848325,-50.9768165991,-1.49586823338
encoding_state_x_position,2,P1,174,6.8642857143,-52.6881207175,-51.1696863549,-1.51843436258
encoding_state_x_position,2,P1,175,6.8750000000,-52.7244141588,-51.3107262133,-1.41368794547
encoding_state_x_position,2,P1,176,6.8857142857,-52.7149308644,-51.3516553112,-1.36327555313
encoding_state_x_position,2,P1,177,6.8964285714,-52.9229835723,-51.4949692466,-1.42801432569
encoding_state_x_position,2,P1,178,6.9071428571,-52.9359979141,-51.4691888546,-1.46680905948
encoding_state_x_position,2,P1,179,6.9178571429,-52.9730280325,-51.4796851533,-1.49334287912
encoding_state_x_position,2,P1,180,6.9285714286,-52.960874039,-51.4384564171,-1.52241762188
encoding_state_x_position,2,P1,181,6.9392857143,-53.0219832576,-51.4953860417,-1.52659721588
encoding_state_x_position,2,P1,182,6.9500000000,-53.2922340492,-51.580024767,-1.71220928214
encoding_state_x_position,2,P1,183,6.9607142857,-53.3829778581,-51.4914292545,-1.89154860361
encoding_state_x_position,2,P1,184,6.9714285714,-53.3540101203,-51.3361254788,-2.01788464143
encoding_state_x_position,2,P1,185,6.9821428571,-53.2959580674,-51.2239611083,-2.07199695901
encoding_state_x_position,2,P1,186,6.9928571429,-53.1368473598,-51.0985719181,-2.03827544174
encoding_state_x_position,2,P1,187,7.0035714286,-53.0131404272,-51.0391767023,-1.97396372499
encoding_state_x_position,2,P1,188,7.0142857143,-52.9028213871,-50.9271643584,-1.97565702872
encoding_state_x_position,2,P1,189,7.0250000000,-52.7691772918,-50.828858357,-1.94031893486
encoding_state_x_position,2,P1,190,7.0357142857,-52.7648798026,-50.7163555976,-2.04852420494
encoding_state_x_position,2,P1,191,7.0464285714,-52.6487297451,-50.5042068857,-2.14452285943
encoding_state_x_position,2,P1,192,7.0571428571,-52.5861828984,-50.4138945681,-2.17228833034
encoding_state_x_position,2,P1,193,7.0678571429,-52.6257697546,-50.4162884128,-2.20948134183
encoding_state_x_position,2,P1,194,7.0785714286,-52.5770116767,-50.2921519924,-2.28485968431
encoding_state_x_position,2,P1,195,7.0892857143,-52.6212633096,-50.2665564085,-2.35470690102
encoding_state_x_position,2,P1,196,7.1000000000,-52.8244544445,-50.3013398349,-2.52311460953
encoding_state_x_position,2,P1,197,7.1107142857,-52.6643586574,-50.0902298543,-2.57412880309
encoding_state_x_position,2,P1,198,7.1214285714,-52.5122971064,-49.9374273894,-2.57486971704
encoding_state_x_position,2,P1,199,7.1321428571,-52.391765371,-49.836103097,-2.55566227402
encoding_state_x_position,2,P1,200,7.1428571429,-52.3979602267,-49.9219486862,-2.47601154052
encoding_state_x_position,2,P1,201,7.1535714286,-52.4725323016,-50.0441979953,-2.42833430629
encoding_state_x_position,2,P1,202,7.1642857143,-52.4403238962,-50.0267929687,-2.41353092749
encoding_state_x_position,2,P1,203,7.1750000000,-52.3399139377,-49.9925205517,-2.347393386
encoding_state_x_position,2,P1,204,7.1857142857,-52.1583646923,-49.7618934818,-2.39647121051
encoding_state_x_position,2,P1,205,7.1964285714,-51.8914466232,-49.5038739246,-2.38757269857
encoding_state_x_position,2,P1,206,7.2071428571,-51.7478003951,-49.4180345917,-2.32976580338
encoding_state_x_position,2,P1,207,7.2178571429,-51.5421819034,-49.2061108245,-2.33607107882
encoding_state_x_position,2,P1,208,7.2285714286,-51.2736858035,-48.8671496831,-2.40653612045
encoding_state_x_position,2,P1,209,7.2392857143,-51.0490139415,-48.695934212,-2.35307972949
encoding_state_x_position,2,P1,210,7.2500000000,-50.797012673,-48.4605327139,-2.33647995908
encoding_state_x_position,2,P1,211,7.2607142857,-50.7140015084,-48.3004419876,-2.41355952078
encoding_state_x_position,2,P1,212,7.2714285714,-50.8093009796,-48.3282343307,-2.48106664893
encoding_state_x_position,2,P1,213,7.2821428571,-50.9144308747,-48.4258649203,-2.48856595446
encoding_state_x_position,2,P1,214,7.2928571429,-51.2770632216,-48.7939505999,-2.48311262175
encoding_state_x_position,2,P1,215,7.3035714286,-51.5315943428,-49.065754821,-2.46583952178
encoding_state_x_position,2,P1,216,7.3142857143,-51.7201437868,-49.2876227858,-2.43252100101
encoding_state_x_position,2,P1,217,7.3250000000,-51.8048016675,-49.4223418824,-2.38245978508
encoding_state_x_position,2,P1,218,7.3357142857,-51.8624545098,-49.5062586835,-2.35619582639
encoding_state_x_position,2,P1,219,7.3464285714,-51.795610668,-49.4704666821,-2.32514398592
encoding_state_x_position,2,P1,220,7.3571428571,-51.6543976542,-49.3213507997,-2.33304685445
encoding_state_x_position,2,P1,221,7.3678571429,-51.4678832995,-49.1476917539,-2.32019154562
encoding_state_x_position,2,P1,222,7.3785714286,-51.1385390696,-48.8538548154,-2.28468425423
encoding_state_x_position,2,P1,223,7.3892857143,-50.7972846474,-48.6077669736,-2.18951767381
encoding_state_x_position,2,P1,224,7.4000000000,-50.5837574654,-48.3895967525,-2.19416071293
encoding_state_x_position,2,P1,225,7.4107142857,-50.5499287426,-48.272296935,-2.27763180768
encoding_state_x_position,2,P1,226,7.4214285714,-50.4378231616,-48.0958142725,-2.34200888916
encoding_state_x_position,2,P1,227,7.4321428571,-50.3252249469,-48.0107925286,-2.31443241831
encoding_state_x_position,2,P1,228,7.4428571429,-50.3868849606,-48.0672643736,-2.31962058704
encoding_state_x_position,2,P1,229,7.4535714286,-50.4376810411,-48.1068071981,-2.33087384298
encoding_state_x_position,2,P1,230,7.4642857143,-50.462940739,-48.2383462226,-2.22459451639
encoding_state_x_position,2,P1,231,7.4750000000,-50.4500512495,-48.4159236919,-2.03412755756
encoding_state_x_position,2,P1,232,7.4857142857,-50.3760770795,-48.5042783671,-1.87179871243
encoding_state_x_position,2,P1,233,7.4964285714,-50.0174999205,-48.2977877445,-1.71971217597
encoding_state_x_position,2,P1,234,7.5071428571,-49.6711664974,-48.0695761062,-1.60159039121
encoding_state_x_position,2,P1,235,7.5178571429,-49.3167999652,-47.9026350637,-1.41416490159
encoding_state_x_position,2,P1,236,7.5285714286,-48.9931423313,-47.6550936742,-1.33804865706
encoding_state_x_position,2,P1,237,7.5392857143,-48.6582449646,-47.3758983607,-1.28234660398
encoding_state_x_position,2,P1,238,7.5500000000,-48.372443623,-47.1088252154,-1.26361840763
encoding_state_x_position,2,P1,239,7.5607142857,-48.1244012494,-46.9062906429,-1.21811060648
encoding_state_x_position,2,P1,240,7.5714285714,-47.9812494416,-46.7290879859,-1.25216145572
encoding_state_x_position,2,P1,241,7.5821428571,-47.9158059871,-46.6886685384,-1.2271374487
encoding_state_x_position,2,P1,242,7.5928571429,-47.9243320191,-46.6488067158,-1.27552530327
encoding_state_x_position,2,P1,243,7.6035714286,-48.0609439359,-46.7584749887,-1.30246894725
encoding_state_x_position,2,P1,244,7.6142857143,-48.1343203056,-46.9390044994,-1.19531580626
encoding_state_x_position,2,P1,245,7.6250000000,-48.1153693735,-47.0206147934,-1.09475458016
encoding_state_x_position,2,P1,246,7.6357142857,-48.0237873905,-46.9442704949,-1.07951689557
encoding_state_x_position,2,P1,247,7.6464285714,-47.7092317162,-46.6867233875,-1.02250832873
encoding_state_x_position,2,P1,248,7.6571428571,-47.3424714017,-46.3521940093,-0.990277392452
encoding_state_x_position,2,P1,249,7.6678571429,-47.1280493698,-46.0567941118,-1.07125525804
encoding_state_x_position,2,P1,250,7.6785714286,-47.1014566546,-45.8961823822,-1.20527427237
encoding_state_x_position,2,P1,251,7.6892857143,-46.974752997,-45.7703001691,-1.20445282789
encoding_state_x_position,2,P1,252,7.7000000000,-47.0830504303,-45.8639030508,-1.21914737943
encoding_state_x_position,2,P1,253,7.7107142857,-47.3516962538,-46.0445007102,-1.30719554356
encoding_state_x_position,2,P1,254,7.7214285714,-47.5591264474,-46.1459622368,-1.41316421067
encoding_state_x_position,2,P1,255,7.7321428571,-47.8275630938,-46.3040534486,-1.52350964519
encoding_state_x_position,2,P1,256,7.7428571429,-48.0730537729,-46.4244332448,-1.64862052812
encoding_state_x_position,2,P1,257,7.7535714286,-48.4419958985,-46.6826268772,-1.75936902126
encoding_state_x_position,2,P1,258,7.7642857143,-48.6130351884,-46.8303555743,-1.78267961414
encoding_state_x_position,2,P1,259,7.7750000000,-48.6215130426,-46.8285092861,-1.7930037565
encoding_state_x_position,2,P1,260,7.7857142857,-48.4880515742,-46.694438364,-1.79361321024
encoding_state_x_position,2,P1,261,7.7964285714,-48.2050201509,-46.5193889765,-1.68563117433
encoding_state_x_position,2,P1,262,7.8071428571,-47.8924510562,-46.3271754015,-1.56527565464
encoding_state_x_position,2,P1,263,7.8178571429,-47.6251747669,-46.1853803568,-1.43979441011
encoding_state_x_position,2,P1,264,7.8285714286,-47.3690987424,-46.2097699941,-1.15932874835
encoding_state_x_position,2,P1,265,7.8392857143,-47.0418678868,-46.1651025737,-0.876765313084
encoding_state_x_position,2,P1,266,7.8500000000,-46.8150107624,-46.0753285236,-0.73968223884
encoding_state_x_position,2,P1,267,7.8607142857,-46.4739063782,-45.8952738403,-0.578632537829
encoding_state_x_position,2,P1,268,7.8714285714,-46.0767864562,-45.6279930278,-0.448793428377
encoding_state_x_position,2,P1,269,7.8821428571,-45.762060738,-45.4608785095,-0.301182228574
encoding_state_x_position,2,P1,270,7.8928571429,-45.366224873,-45.2339478847,-0.132276988292
encoding_state_x_position,2,P1,271,7.9035714286,-45.1357514018,-45.1047878564,-0.0309635453454
encoding_state_x_position,2,P1,272,7.9142857143,-44.9022872397,-44.9214546685,0.0191674288152
encoding_state_x_position,2,P1,273,7.9250000000,-44.7898245538,-44.8341522317,0.0443276778938
encoding_state_x_position,2,P1,274,7.9357142857,-44.7900364108,-44.7684419364,-0.0215944743912
encoding_state_x_position,2,P1,275,7.9464285714,-44.8868247908,-44.7703188692,-0.116505921645
encoding_state_x_position,2,P1,276,7.9571428571,-45.0376606505,-44.8029219162,-0.234738734317
encoding_state_x_position,2,P1,277,7.9678571429,-45.1378520424,-44.7297775568,-0.408074485612
encoding_state_x_position,2,P1,278,7.9785714286,-45.2654968064,-44.676995996,-0.588500810385
encoding_state_x_position,2,P1,279,7.9892857143,-45.3559091275,-44.5952223314,-0.760686796132
encoding_state_x_position,2,P1,280,8.0000000000,-45.3759650302,-44.4555339862,-0.920431044049
encoding_state_x_position,2,P2,0,5.0000000000,-44.3070115308,-46.4543861419,2.14737461119
encoding_state_x_position,2,P2,1,5.0107142857,-44.4982394012,-46.7976964331,2.29945703191
encoding_state_x_position,2,P2,2,5.0214285714,-44.7051069814,-46.9733974862,2.26829050473
encoding_state_x_position,2,P2,3,5.0321428571,-44.8439781757,-46.9891769609,2.1451987852
encoding_state_x_position,2,P2,4,5.0428571429,-45.1120007865,-47.1176624081,2.00566162163
encoding_state_x_position,2,P2,5,5.0535714286,-45.6318078779,-47.3372024242,1.70539454636
encoding_state_x_position,2,P2,6,5.0642857143,-46.0313999992,-47.3611189696,1.32971897039
encoding_state_x_position,2,P2,7,5.0750000000,-46.4124186111,-47.4280644621,1.01564585101
encoding_state_x_position,2,P2,8,5.0857142857,-46.8220866308,-47.5817209299,0.759634299141
encoding_state_x_position,2,P2,9,5.0964285714,-47.1113658604,-47.6364356462,0.525069785781
encoding_state_x_position,2,P2,10,5.1071428571,-47.2895442285,-47.7178312405,0.428287012025
encoding_state_x_position,2,P2,11,5.1178571429,-47.1881639667,-47.5538969671,0.365733000403
encoding_state_x_position,2,P2,12,5.1285714286,-47.0139447655,-47.4587479876,0.444803222008
encoding_state_x_position,2,P2,13,5.1392857143,-46.689467897,-47.3022768593,0.612808962312
encoding_state_x_position,2,P2,14,5.1500000000,-46.2549574816,-47.1078589722,0.852901490581
encoding_state_x_position,2,P2,15,5.1607142857,-45.633440812,-46.7574563381,1.12401552605
encoding_state_x_position,2,P2,16,5.1714285714,-45.0469115645,-46.4079316468,1.36102008233
encoding_state_x_position,2,P2,17,5.1821428571,-44.4072209986,-45.9808012732,1.57358027464
encoding_state_x_position,2,P2,18,5.1928571429,-43.8935143158,-45.6839118986,1.79039758278
encoding_state_x_position,2,P2,19,5.2035714286,-43.6143995843,-45.4634106047,1.84901102048
encoding_state_x_position,2,P2,20,5.2142857143,-43.219065722,-45.1093484478,1.8902827258
encoding_state_x_position,2,P2,21,5.2250000000,-43.0659979964,-44.9588325507,1.89283455435
encoding_state_x_position,2,P2,22,5.2357142857,-42.8928645531,-44.6925270236,1.79966247044
encoding_state_x_position,2,P2,23,5.2464285714,-42.5894569342,-44.1662867497,1.57682981546
encoding_state_x_position,2,P2,24,5.2571428571,-42.2721319285,-43.6222569804,1.35012505185
encoding_state_x_position,2,P2,25,5.2678571429,-41.9698864309,-42.9972252854,1.02733885447
encoding_state_x_position,2,P2,26,5.2785714286,-41.8527760179,-42.5965766957,0.743800677817
encoding_state_x_position,2,P2,27,5.2892857143,-41.7677066941,-42.2910824951,0.52337580102
encoding_state_x_position,2,P2,28,5.3000000000,-41.6181918585,-42.0743196435,0.456127785056
encoding_state_x_position,2,P2,29,5.3107142857,-41.5113340292,-41.9972559038,0.485921874593
encoding_state_x_position,2,P2,30,5.3214285714,-41.4638811001,-41.9924689773,0.528587877191
encoding_state_x_position,2,P2,31,5.3321428571,-41.4657755179,-42.1455979944,0.679822476466
encoding_state_x_position,2,P2,32,5.3428571429,-41.5643749368,-42.4898033133,0.925428376507
encoding_state_x_position,2,P2,33,5.3535714286,-41.9320893891,-43.0557764358,1.12368704669
encoding_state_x_position,2,P2,34,5.3642857143,-42.4104704069,-43.6502166059,1.23974619903
encoding_state_x_position,2,P2,35,5.3750000000,-43.0308505784,-44.3951400035,1.36428942506
encoding_state_x_position,2,P2,36,5.3857142857,-43.6041694616,-45.0332891832,1.42911972162
encoding_state_x_position,2,P2,37,5.3964285714,-44.1500226299,-45.5861210495,1.43609841957
encoding_state_x_position,2,P2,38,5.4071428571,-44.7234146433,-46.0620631352,1.33864849182
encoding_state_x_position,2,P2,39,5.4178571429,-45.2101893078,-46.4286748562,1.21848554839
encoding_state_x_position,2,P2,40,5.4285714286,-45.7372638881,-46.8083605114,1.07109662332
encoding_state_x_position,2,P2,41,5.4392857143,-46.2071907092,-47.2183014179,1.01111070876
encoding_state_x_position,2,P2,42,5.4500000000,-46.6307019342,-47.6046245034,0.973922569195
encoding_state_x_position,2,P2,43,5.4607142857,-47.2067795371,-48.124477362,0.917697824925
encoding_state_x_position,2,P2,44,5.4714285714,-47.2890664884,-48.3646507689,1.07558428048
encoding_state_x_position,2,P2,45,5.4821428571,-47.5183183527,-48.6838303026,1.16551194989
encoding_state_x_position,2,P2,46,5.4928571429,-47.8229056989,-48.9092376409,1.08633194191
encoding_state_x_position,2,P2,47,5.5035714286,-48.437406494,-49.3126145508,0.87520805689
encoding_state_x_position,2,P2,48,5.5142857143,-49.19260661,-49.7408423164,0.54823570642
encoding_state_x_position,2,P2,49,5.5250000000,-49.847117942,-50.0303913976,0.183273455658
encoding_state_x_position,2,P2,50,5.5357142857,-50.2671110213,-50.049602999,-0.217508022372
encoding_state_x_position,2,P2,51,5.5464285714,-50.6842932737,-50.0491037547,-0.635189518927
encoding_state_x_position,2,P2,52,5.5571428571,-51.1470720225,-50.1355478158,-1.01152420677
encoding_state_x_position,2,P2,53,5.5678571429,-51.5529246811,-50.352449693,-1.20047498814
encoding_state_x_position,2,P2,54,5.5785714286,-51.734368854,-50.4258032293,-1.30856562469
encoding_state_x_position,2,P2,55,5.5892857143,-51.6821117641,-50.3942874749,-1.28782428924
encoding_state_x_position,2,P2,56,5.6000000000,-51.4642002034,-50.2236255531,-1.24057465036
encoding_state_x_position,2,P2,57,5.6107142857,-50.8247674062,-49.8882511177,-0.936516288492
encoding_state_x_position,2,P2,58,5.6214285714,-49.8765421097,-49.509058352,-0.367483757744
encoding_state_x_position,2,P2,59,5.6321428571,-49.4327774218,-49.3868026139,-0.045974807869
encoding_state_x_position,2,P2,60,5.6428571429,-49.3062578595,-49.4939439694,0.187686109881
encoding_state_x_position,2,P2,61,5.6535714286,-49.576791351,-49.9058210719,0.329029720839
encoding_state_x_position,2,P2,62,5.6642857143,-50.0702598108,-50.4062577874,0.335997976695
encoding_state_x_position,2,P2,63,5.6750000000,-50.542699455,-50.835738715,0.293039260007
encoding_state_x_position,2,P2,64,5.6857142857,-51.2923823048,-51.4689031061,0.176520801292
encoding_state_x_position,2,P2,65,5.6964285714,-52.031348135,-52.0517022777,0.0203541427015
encoding_state_x_position,2,P2,66,5.7071428571,-52.7611614203,-52.7300398715,-0.0311215488046
encoding_state_x_position,2,P2,67,5.7178571429,-53.2018674552,-53.1259859623,-0.0758814929074
encoding_state_x_position,2,P2,68,5.7285714286,-53.251354623,-53.0019836301,-0.249370992902
encoding_state_x_position,2,P2,69,5.7392857143,-53.040729925,-52.6440119059,-0.396718019159
encoding_state_x_position,2,P2,70,5.7500000000,-52.5055897674,-52.0030515906,-0.502538176726
encoding_state_x_position,2,P2,71,5.7607142857,-51.4341483543,-51.0138570124,-0.420291341902
encoding_state_x_position,2,P2,72,5.7714285714,-50.4725800498,-50.1247536954,-0.347826354393
encoding_state_x_position,2,P2,73,5.7821428571,-49.6839369615,-49.4095022125,-0.274434748986
encoding_state_x_position,2,P2,74,5.7928571429,-49.0992154844,-48.8949390238,-0.204276460591
encoding_state_x_position,2,P2,75,5.8035714286,-48.7898235115,-48.7256439646,-0.0641795468526
encoding_state_x_position,2,P2,76,5.8142857143,-48.7179514508,-48.799905789,0.0819543382139
encoding_state_x_position,2,P2,77,5.8250000000,-48.6353071544,-48.9372140321,0.301906877753
encoding_state_x_position,2,P2,78,5.8357142857,-49.0034035139,-49.3640184383,0.360614924454
encoding_state_x_position,2,P2,79,5.8464285714,-49.1003990631,-49.4944885944,0.394089531338
encoding_state_x_position,2,P2,80,5.8571428571,-49.433130045,-49.8870698419,0.453939796927
encoding_state_x_position,2,P2,81,5.8678571429,-49.7485206681,-50.2123595048,0.463838836669
encoding_state_x_position,2,P2,82,5.8785714286,-50.1903524989,-50.5486557002,0.358303201215
encoding_state_x_position,2,P2,83,5.8892857143,-50.4405031023,-50.7728125586,0.332309456354
encoding_state_x_position,2,P2,84,5.9000000000,-50.5267276806,-50.809982137,0.283254456378
encoding_state_x_position,2,P2,85,5.9107142857,-50.4365869385,-50.6695529129,0.232965974441
encoding_state_x_position,2,P2,86,5.9214285714,-50.3132821228,-50.4810688077,0.167786684899
encoding_state_x_position,2,P2,87,5.9321428571,-50.1358298835,-50.3060249291,0.170195045665
encoding_state_x_position,2,P2,88,5.9428571429,-49.9365786117,-50.0984336769,0.161855065218
encoding_state_x_position,2,P2,89,5.9535714286,-49.6458561045,-49.8252738591,0.179417754585
encoding_state_x_position,2,P2,90,5.9642857143,-49.1674042437,-49.3913761538,0.223971910148
encoding_state_x_position,2,P2,91,5.9750000000,-48.4934054774,-48.8464598513,0.353054373835
encoding_state_x_position,2,P2,92,5.9857142857,-48.0288095914,-48.4599179858,0.431108394443
encoding_state_x_position,2,P2,93,5.9964285714,-47.5100591795,-48.0204823329,0.510423153373
encoding_state_x_position,2,P2,94,6.0071428571,-47.1386745681,-47.7346094495,0.59593488138
encoding_state_x_position,2,P2,95,6.0178571429,-46.8531842179,-47.5517933205,0.698609102542
encoding_state_x_position,2,P2,96,6.0285714286,-46.9203784818,-47.6786225889,0.758244107095
encoding_state_x_position,2,P2,97,6.0392857143,-47.1428016753,-47.9785081353,0.835706459998
encoding_state_x_position,2,P2,98,6.0500000000,-47.6440163063,-48.4651328263,0.821116519929
encoding_state_x_position,2,P2,99,6.0607142857,-48.3135838956,-49.0088573199,0.695273424319
encoding_state_x_position,2,P2,100,6.0714285714,-48.9195481604,-49.4565458463,0.536997685859
encoding_state_x_position,2,P2,101,6.0821428571,-49.6136313058,-49.9277260121,0.31409470633
encoding_state_x_position,2,P2,102,6.0928571429,-50.2983969802,-50.4617619301,0.163364949908
encoding_state_x_position,2,P2,103,6.1035714286,-50.8491481018,-50.9176217017,0.0684735998267
encoding_state_x_position,2,P2,104,6.1142857143,-51.1055952426,-51.2071581291,0.101562886479
encoding_state_x_position,2,P2,105,6.1250000000,-51.1245194129,-51.2681896667,0.143670253801
encoding_state_x_position,2,P2,106,6.1357142857,-51.2599884269,-51.5688566159,0.308868189084
encoding_state_x_position,2,P2,107,6.1464285714,-51.2239251516,-51.6785827606,0.454657609005
encoding_state_x_position,2,P2,108,6.1571428571,-50.9609907963,-51.6570062507,0.696015454446
encoding_state_x_position,2,P2,109,6.1678571429,-50.8107805156,-51.7658431311,0.955062615546
encoding_state_x_position,2,P2,110,6.1785714286,-51.0115132408,-52.2225874566,1.21107421575
encoding_state_x_position,2,P2,111,6.1892857143,-51.4170261637,-52.7126806404,1.29565447673
encoding_state_x_position,2,P2,112,6.2000000000,-51.8094035417,-53.1257575955,1.31635405378
encoding_state_x_position,2,P2,113,6.2107142857,-52.0815714923,-53.3792052657,1.29763377342
encoding_state_x_position,2,P2,114,6.2214285714,-52.1599376186,-53.3373303629,1.17739274439
encoding_state_x_position,2,P2,115,6.2321428571,-52.3308412437,-53.3971482112,1.06630696746
encoding_state_x_position,2,P2,116,6.2428571429,-52.5521282835,-53.5057941311,0.953665847589
encoding_state_x_position,2,P2,117,6.2535714286,-52.7224229215,-53.496818543,0.774395621406
encoding_state_x_position,2,P2,118,6.2642857143,-52.6981368885,-53.2070766365,0.50893974798
encoding_state_x_position,2,P2,119,6.2750000000,-52.5697829586,-52.8467751827,0.276992224115
encoding_state_x_position,2,P2,120,6.2857142857,-52.6393182117,-52.812555538,0.173237326266
encoding_state_x_position,2,P2,121,6.2964285714,-52.4540211957,-52.596640896,0.142619700326
encoding_state_x_position,2,P2,122,6.3071428571,-52.1543433416,-52.3112164345,0.156873092991
encoding_state_x_position,2,P2,123,6.3178571429,-51.9879860348,-52.2798468091,0.291860774311
encoding_state_x_position,2,P2,124,6.3285714286,-52.0809729226,-52.5655824908,0.484609568256
encoding_state_x_position,2,P2,125,6.3392857143,-52.2393856387,-52.9012538852,0.661868246445
encoding_state_x_position,2,P2,126,6.3500000000,-52.3165330656,-53.2840972832,0.967564217597
encoding_state_x_position,2,P2,127,6.3607142857,-52.3112342975,-53.4482075547,1.13697325714
encoding_state_x_position,2,P2,128,6.3714285714,-52.2729933174,-53.469549537,1.19655621958
encoding_state_x_position,2,P2,129,6.3821428571,-52.2376807863,-53.5602616091,1.32258082287
encoding_state_x_position,2,P2,130,6.3928571429,-52.5197834926,-53.6938408911,1.17405739843
encoding_state_x_position,2,P2,131,6.4035714286,-53.107971972,-54.0557278775,0.947755905431
encoding_state_x_position,2,P2,132,6.4142857143,-53.5752335729,-54.357986433,0.782752860108
encoding_state_x_position,2,P2,133,6.4250000000,-53.8820777857,-54.6227634257,0.740685640007
encoding_state_x_position,2,P2,134,6.4357142857,-54.2991278558,-54.9662922137,0.667164357897
encoding_state_x_position,2,P2,135,6.4464285714,-54.6602073881,-55.238757603,0.578550214874
encoding_state_x_position,2,P2,136,6.4571428571,-54.7432846485,-55.2421601993,0.498875550836
encoding_state_x_position,2,P2,137,6.4678571429,-54.5392154391,-55.1578393873,0.618623948155
encoding_state_x_position,2,P2,138,6.4785714286,-54.2741307111,-55.018340585,0.744209873985
encoding_state_x_position,2,P2,139,6.4892857143,-53.9259140892,-54.8203843397,0.894470250487
encoding_state_x_position,2,P2,140,6.5000000000,-53.6332820237,-54.6556216768,1.02233965305
encoding_state_x_position,2,P2,141,6.5107142857,-53.1418392954,-54.2375971149,1.09575781954
encoding_state_x_position,2,P2,142,6.5214285714,-52.4884634047,-53.6782046709,1.18974126627
encoding_state_x_position,2,P2,143,6.5321428571,-51.7151914295,-53.0694834603,1.35429203081
encoding_state_x_position,2,P2,144,6.5428571429,-51.2891178724,-52.608154858,1.31903698553
encoding_state_x_position,2,P2,145,6.5535714286,-50.9247117903,-52.3260323921,1.40132060179
encoding_state_x_position,2,P2,146,6.5642857143,-50.3931022854,-51.9037788798,1.51067659441
encoding_state_x_position,2,P2,147,6.5750000000,-50.043147388,-51.5654908297,1.5223434417
encoding_state_x_position,2,P2,148,6.5857142857,-49.7952596298,-51.3472924102,1.55203278039
encoding_state_x_position,2,P2,149,6.5964285714,-49.6880137657,-51.2353242717,1.54731050595
encoding_state_x_position,2,P2,150,6.6071428571,-49.5626515966,-51.0330603564,1.47040875988
encoding_state_x_position,2,P2,151,6.6178571429,-49.4346512319,-50.8632403712,1.42858913933
encoding_state_x_position,2,P2,152,6.6285714286,-49.499069667,-50.7476425953,1.24857292834
encoding_state_x_position,2,P2,153,6.6392857143,-49.5697658048,-50.6896624671,1.11989666234
encoding_state_x_position,2,P2,154,6.6500000000,-49.6924726605,-50.6852460234,0.992773362919
encoding_state_x_position,2,P2,155,6.6607142857,-49.6118449554,-50.6302869665,1.01844201111
encoding_state_x_position,2,P2,156,6.6714285714,-49.6056479126,-50.5336472958,0.927999383188
encoding_state_x_position,2,P2,157,6.6821428571,-49.4983730192,-50.444339185,0.945966165704
encoding_state_x_position,2,P2,158,6.6928571429,-49.4893986003,-50.3399094664,0.850510866152
encoding_state_x_position,2,P2,159,6.7035714286,-49.3923857998,-50.2515986839,0.859212884049
encoding_state_x_position,2,P2,160,6.7142857143,-49.3173888363,-50.178709433,0.861320596692
encoding_state_x_position,2,P2,161,6.7250000000,-49.3391072205,-50.1268084544,0.787701233828
encoding_state_x_position,2,P2,162,6.7357142857,-49.4538555042,-50.2117177766,0.757862272395
encoding_state_x_position,2,P2,163,6.7464285714,-49.6592500983,-50.3640554768,0.704805378518
encoding_state_x_position,2,P2,164,6.7571428571,-49.8530252141,-50.4242246572,0.571199443032
encoding_state_x_position,2,P2,165,6.7678571429,-49.8928709653,-50.408642325,0.515771359742
encoding_state_x_position,2,P2,166,6.7785714286,-49.7829746165,-50.2276493706,0.444674754066
encoding_state_x_position,2,P2,167,6.7892857143,-49.4775527324,-50.0138240814,0.536271348948
encoding_state_x_position,2,P2,168,6.8000000000,-49.1111252516,-49.7114034132,0.600278161548
encoding_state_x_position,2,P2,169,6.8107142857,-48.6867567783,-49.4682806687,0.781523890441
encoding_state_x_position,2,P2,170,6.8214285714,-48.3510605054,-49.1838943619,0.832833856547
encoding_state_x_position,2,P2,171,6.8321428571,-47.8891114377,-48.8466864333,0.957574995577
encoding_state_x_position,2,P2,172,6.8428571429,-47.4999589999,-48.5635442153,1.06358521546
encoding_state_x_position,2,P2,173,6.8535714286,-47.2010155997,-48.4185812785,1.21756567872
encoding_state_x_position,2,P2,174,6.8642857143,-47.0193053536,-48.3632095105,1.34390415685
encoding_state_x_position,2,P2,175,6.8750000000,-47.0562385647,-48.4198656338,1.36362706902
encoding_state_x_position,2,P2,176,6.8857142857,-47.1927451774,-48.6021596722,1.40941449484
encoding_state_x_position,2,P2,177,6.8964285714,-47.2700645322,-48.7327020154,1.4626374832
encoding_state_x_position,2,P2,178,6.9071428571,-47.4125582498,-48.837945208,1.42538695814
encoding_state_x_position,2,P2,179,6.9178571429,-47.5127583228,-48.9208846454,1.40812632267
encoding_state_x_position,2,P2,180,6.9285714286,-47.5932367647,-48.9693776453,1.3761408806
encoding_state_x_position,2,P2,181,6.9392857143,-47.6409455832,-48.951104376,1.31015879276
encoding_state_x_position,2,P2,182,6.9500000000,-47.6476521029,-48.9765423463,1.32889024345
encoding_state_x_position,2,P2,183,6.9607142857,-47.6537910339,-49.0161290774,1.36233804349
encoding_state_x_position,2,P2,184,6.9714285714,-47.7960795349,-49.1694412199,1.37336168498
encoding_state_x_position,2,P2,185,6.9821428571,-47.9985463549,-49.3486856158,1.35013926089
encoding_state_x_position,2,P2,186,6.9928571429,-48.2926346921,-49.594169428,1.30153473595
encoding_state_x_position,2,P2,187,7.0035714286,-48.6017324664,-49.9037051068,1.3019726404
encoding_state_x_position,2,P2,188,7.0142857143,-48.7772107816,-50.1575722857,1.38036150408
encoding_state_x_position,2,P2,189,7.0250000000,-48.7845844363,-50.2788665255,1.49428208922
encoding_state_x_position,2,P2,190,7.0357142857,-48.6435391459,-50.2522232288,1.60868408285
encoding_state_x_position,2,P2,191,7.0464285714,-48.481372563,-50.0306875015,1.54931493854
encoding_state_x_position,2,P2,192,7.0571428571,-48.2631854322,-49.6972539462,1.43406851401
encoding_state_x_position,2,P2,193,7.0678571429,-47.9495213157,-49.2433109025,1.29378958675
encoding_state_x_position,2,P2,194,7.0785714286,-47.7039747314,-48.8453219522,1.14134722087
encoding_state_x_position,2,P2,195,7.0892857143,-47.4827728095,-48.5149544038,1.03218159426
encoding_state_x_position,2,P2,196,7.1000000000,-47.1875177224,-48.2858762503,1.09835852791
encoding_state_x_position,2,P2,197,7.1107142857,-46.9627720222,-48.1108023855,1.1480303633
encoding_state_x_position,2,P2,198,7.1214285714,-46.8454674053,-48.1499499776,1.30448257228
encoding_state_x_position,2,P2,199,7.1321428571,-46.8163945933,-48.2051043075,1.38870971421
encoding_state_x_position,2,P2,200,7.1428571429,-46.6908542956,-48.1906749296,1.49982063406
encoding_state_x_position,2,P2,201,7.1535714286,-46.5816006256,-48.2990349758,1.71743435012
encoding_state_x_position,2,P2,202,7.1642857143,-46.5009186562,-48.4299980285,1.92907937229
encoding_state_x_position,2,P2,203,7.1750000000,-46.3761391247,-48.5096617762,2.13352265149
encoding_state_x_position,2,P2,204,7.1857142857,-46.3835782555,-48.6083221189,2.22474386336
encoding_state_x_position,2,P2,205,7.1964285714,-46.40508239,-48.5609178433,2.15583545328
encoding_state_x_position,2,P2,206,7.2071428571,-46.3913927161,-48.504801354,2.11340863786
encoding_state_x_position,2,P2,207,7.2178571429,-46.3864379877,-48.3456522853,1.95921429758
encoding_state_x_position,2,P2,208,7.2285714286,-46.3830233798,-48.1836447438,1.80062136408
encoding_state_x_position,2,P2,209,7.2392857143,-46.3434836557,-48.0211321515,1.67764849579
encoding_state_x_position,2,P2,210,7.2500000000,-46.1762727965,-47.8663086141,1.69003581762
encoding_state_x_position,2,P2,211,7.2607142857,-46.1374673571,-47.8824095921,1.744942235
encoding_state_x_position,2,P2,212,7.2714285714,-46.1527614355,-47.9645865219,1.81182508641
encoding_state_x_position,2,P2,213,7.2821428571,-46.2774299539,-48.0435659607,1.76613600674
encoding_state_x_position,2,P2,214,7.2928571429,-46.2832448899,-48.0057018295,1.72245693961
encoding_state_x_position,2,P2,215,7.3035714286,-46.4253580435,-48.1518152209,1.72645717736
encoding_state_x_position,2,P2,216,7.3142857143,-46.5965962039,-48.2924762334,1.6958800295
encoding_state_x_position,2,P2,217,7.3250000000,-46.8008010628,-48.4710952858,1.67029422308
encoding_state_x_position,2,P2,218,7.3357142857,-46.9684725309,-48.6219030658,1.65343053497
encoding_state_x_position,2,P2,219,7.3464285714,-46.9841680986,-48.730723831,1.74655573245
encoding_state_x_position,2,P2,220,7.3571428571,-46.897660922,-48.792895348,1.89523442593
encoding_state_x_position,2,P2,221,7.3678571429,-46.780407464,-48.7505574285,1.97014996452
encoding_state_x_position,2,P2,222,7.3785714286,-46.5918597524,-48.6605606038,2.06870085132
encoding_state_x_position,2,P2,223,7.3892857143,-46.5154190508,-48.6901897875,2.17477073669
encoding_state_x_position,2,P2,224,7.4000000000,-46.6799103846,-48.9059334539,2.22602306928
encoding_state_x_position,2,P2,225,7.4107142857,-46.9548232769,-49.2320461475,2.27722287062
encoding_state_x_position,2,P2,226,7.4214285714,-47.2469946138,-49.4377155366,2.19072092282
encoding_state_x_position,2,P2,227,7.4321428571,-47.5099648237,-49.5829958477,2.07303102401
encoding_state_x_position,2,P2,228,7.4428571429,-47.6363830127,-49.5546480082,1.9182649955
encoding_state_x_position,2,P2,229,7.4535714286,-47.7675984652,-49.5516546603,1.78405619506
encoding_state_x_position,2,P2,230,7.4642857143,-48.0515127034,-49.6136014905,1.56208878714
encoding_state_x_position,2,P2,231,7.4750000000,-48.3118750842,-49.7402636838,1.42838859954
encoding_state_x_position,2,P2,232,7.4857142857,-48.4107221888,-49.8218668662,1.41114467739
encoding_state_x_position,2,P2,233,7.4964285714,-48.3561311886,-49.8182907927,1.46215960414
encoding_state_x_position,2,P2,234,7.5071428571,-48.2220068148,-49.6299244946,1.4079176798
encoding_state_x_position,2,P2,235,7.5178571429,-47.9914731485,-49.3550442325,1.36357108398
encoding_state_x_position,2,P2,236,7.5285714286,-47.6689567397,-48.988408848,1.31945210826
encoding_state_x_position,2,P2,237,7.5392857143,-47.3998211476,-48.6471287568,1.24730760922
encoding_state_x_position,2,P2,238,7.5500000000,-47.1848788967,-48.3126788091,1.12779991239
encoding_state_x_position,2,P2,239,7.5607142857,-46.8947859171,-48.0131282851,1.11834236792
encoding_state_x_position,2,P2,240,7.5714285714,-46.6591507454,-47.6578812228,0.99873047734
encoding_state_x_position,2,P2,241,7.5821428571,-46.539462509,-47.4978345587,0.958372049701
encoding_state_x_position,2,P2,242,7.5928571429,-46.514947638,-47.3505407927,0.835593154736
encoding_state_x_position,2,P2,243,7.6035714286,-46.7270409443,-47.4650307795,0.737989835294
encoding_state_x_position,2,P2,244,7.6142857143,-47.273441386,-47.8902874526,0.616846066547
encoding_state_x_position,2,P2,245,7.6250000000,-47.7763601337,-48.3574948727,0.581134738974
encoding_state_x_position,2,P2,246,7.6357142857,-48.2683962738,-48.7555793991,0.487183125323
encoding_state_x_position,2,P2,247,7.6464285714,-48.5433122542,-48.9915904805,0.448278226247
encoding_state_x_position,2,P2,248,7.6571428571,-48.7413120767,-49.0968875474,0.355575470697
encoding_state_x_position,2,P2,249,7.6678571429,-48.5895862642,-48.9826516768,0.393065412629
encoding_state_x_position,2,P2,250,7.6785714286,-48.2898814875,-48.7482731567,0.458391669213
encoding_state_x_position,2,P2,251,7.6892857143,-48.2583130126,-48.7402732863,0.481960273715
encoding_state_x_position,2,P2,252,7.7000000000,-48.3835376962,-48.8812890507,0.497751354528
encoding_state_x_position,2,P2,253,7.7107142857,-48.6190051639,-49.2610431445,0.642037980632
encoding_state_x_position,2,P2,254,7.7214285714,-48.8079575695,-49.4945131813,0.68655561187
encoding_state_x_position,2,P2,255,7.7321428571,-48.8589470681,-49.6332991553,0.774352087159
encoding_state_x_position,2,P2,256,7.7428571429,-48.8288834395,-49.634032569,0.805149129511
encoding_state_x_position,2,P2,257,7.7535714286,-48.7572970661,-49.6978148612,0.940517795092
encoding_state_x_position,2,P2,258,7.7642857143,-48.610827307,-49.6081529032,0.997325596195
encoding_state_x_position,2,P2,259,7.7750000000,-48.3299090567,-49.3960502972,1.06614124055
encoding_state_x_position,2,P2,260,7.7857142857,-48.0255344284,-49.1267591827,1.1012247543
encoding_state_x_position,2,P2,261,7.7964285714,-47.8739630787,-49.1392237829,1.2652607042
encoding_state_x_position,2,P2,262,7.8071428571,-47.7413555626,-49.0565587849,1.31520322222
encoding_state_x_position,2,P2,263,7.8178571429,-47.8435572551,-49.1400573356,1.29650008049
encoding_state_x_position,2,P2,264,7.8285714286,-48.2117902914,-49.4806044994,1.26881420806
encoding_state_x_position,2,P2,265,7.8392857143,-48.9200075455,-50.0487245463,1.12871700087
encoding_state_x_position,2,P2,266,7.8500000000,-49.4972403344,-50.5646438457,1.06740351126
encoding_state_x_position,2,P2,267,7.8607142857,-50.0305186777,-51.1768951159,1.14637643815
encoding_state_x_position,2,P2,268,7.8714285714,-50.3893964041,-51.5143687614,1.12497235726
encoding_state_x_position,2,P2,269,7.8821428571,-50.5958468006,-51.7556535384,1.15980673778
encoding_state_x_position,2,P2,270,7.8928571429,-50.6987197059,-51.8154583149,1.11673860901
encoding_state_x_position,2,P2,271,7.9035714286,-50.5930588997,-51.6809833203,1.08792442063
encoding_state_x_position,2,P2,272,7.9142857143,-50.3255644169,-51.232785577,0.907221160179
encoding_state_x_position,2,P2,273,7.9250000000,-50.0950826685,-50.842859516,0.747776847564
encoding_state_x_position,2,P2,274,7.9357142857,-49.8434119578,-50.4092797433,0.565867785463
encoding_state_x_position,2,P2,275,7.9464285714,-49.8024589407,-50.1603065098,0.357847569103
encoding_state_x_position,2,P2,276,7.9571428571,-49.7024294968,-49.7922215848,0.089792088011
encoding_state_x_position,2,P2,277,7.9678571429,-49.726535289,-49.5616004678,-0.164934821179
encoding_state_x_position,2,P2,278,7.9785714286,-49.5399989232,-49.2418666386,-0.298132284575
encoding_state_x_position,2,P2,279,7.9892857143,-49.3436147584,-48.9613032813,-0.382311477175
encoding_state_x_position,2,P2,280,8.0000000000,-49.1037652115,-48.7564300898,-0.34733512171
encoding_state_x_position,2,P3,0,5.0000000000,-58.8747566356,-57.4146058083,-1.46015082728
encoding_state_x_position,2,P3,1,5.0107142857,-58.8049388267,-57.331484209,-1.47345461776
encoding_state_x_position,2,P3,2,5.0214285714,-58.2290924365,-56.9531058637,-1.27598657287
encoding_state_x_position,2,P3,3,5.0321428571,-57.4406638997,-56.563741089,-0.876922810732
encoding_state_x_position,2,P3,4,5.0428571429,-57.3432255008,-56.7974778294,-0.54574767145
encoding_state_x_position,2,P3,5,5.0535714286,-57.3097512659,-57.1052067054,-0.204544560513
encoding_state_x_position,2,P3,6,5.0642857143,-57.1354169091,-57.1907119262,0.0552950170942
encoding_state_x_position,2,P3,7,5.0750000000,-57.2280231041,-57.4102529917,0.182229887557
encoding_state_x_position,2,P3,8,5.0857142857,-57.5273823823,-57.6884466207,0.161064238467
encoding_state_x_position,2,P3,9,5.0964285714,-57.7694387567,-57.9785907058,0.20915194909
encoding_state_x_position,2,P3,10,5.1071428571,-58.4206723595,-58.4894744735,0.0688021140656
encoding_state_x_position,2,P3,11,5.1178571429,-59.084529391,-59.0299919781,-0.0545374129276
encoding_state_x_position,2,P3,12,5.1285714286,-59.7222791697,-59.5036336027,-0.218645566972
encoding_state_x_position,2,P3,13,5.1392857143,-60.2334577753,-59.7857414264,-0.447716348938
encoding_state_x_position,2,P3,14,5.1500000000,-60.5553459634,-59.8541768005,-0.701169162856
encoding_state_x_position,2,P3,15,5.1607142857,-60.630870302,-59.6856389101,-0.945231391977
encoding_state_x_position,2,P3,16,5.1714285714,-60.3752153386,-59.3360055968,-1.03920974177
encoding_state_x_position,2,P3,17,5.1821428571,-60.0641048321,-59.0659690073,-0.99813582481
encoding_state_x_position,2,P3,18,5.1928571429,-60.1112539674,-59.0873980412,-1.02385592616
encoding_state_x_position,2,P3,19,5.2035714286,-60.024825035,-58.973218981,-1.05160605401
encoding_state_x_position,2,P3,20,5.2142857143,-59.6914464086,-58.6393048974,-1.0521415112
encoding_state_x_position,2,P3,21,5.2250000000,-59.1990989886,-58.1515316589,-1.04756732978
encoding_state_x_position,2,P3,22,5.2357142857,-58.4005764132,-57.4033194752,-0.997256937963
encoding_state_x_position,2,P3,23,5.2464285714,-57.2421512272,-56.4657940759,-0.776357151274
encoding_state_x_position,2,P3,24,5.2571428571,-55.9033548388,-55.3130575286,-0.590297310267
encoding_state_x_position,2,P3,25,5.2678571429,-54.470807742,-54.1678865649,-0.302921177162
encoding_state_x_position,2,P3,26,5.2785714286,-53.1512352685,-53.0475256442,-0.103709624342
encoding_state_x_position,2,P3,27,5.2892857143,-51.7880509915,-51.8148019715,0.0267509799817
encoding_state_x_position,2,P3,28,5.3000000000,-50.5527483885,-50.6249759781,0.0722275896131
encoding_state_x_position,2,P3,29,5.3107142857,-49.370836388,-49.4344160454,0.0635796574631
encoding_state_x_position,2,P3,30,5.3214285714,-48.4869080854,-48.5409375459,0.0540294605876
encoding_state_x_position,2,P3,31,5.3321428571,-47.9257744613,-47.9503404577,0.0245659964259
encoding_state_x_position,2,P3,32,5.3428571429,-47.7786425272,-47.6514322394,-0.127210287808
encoding_state_x_position,2,P3,33,5.3535714286,-47.9537104298,-47.6368046752,-0.316905754529
encoding_state_x_position,2,P3,34,5.3642857143,-48.1700483372,-47.7281442454,-0.441904091844
encoding_state_x_position,2,P3,35,5.3750000000,-48.7644724974,-48.113259062,-0.651213435405
encoding_state_x_position,2,P3,36,5.3857142857,-49.4120581237,-48.6204404188,-0.791617704951
encoding_state_x_position,2,P3,37,5.3964285714,-50.3068446263,-49.3792832567,-0.927561369555
encoding_state_x_position,2,P3,38,5.4071428571,-51.1588204012,-50.2181397651,-0.940680636095
encoding_state_x_position,2,P3,39,5.4178571429,-52.2994832721,-51.3198343516,-0.97964892048
encoding_state_x_position,2,P3,40,5.4285714286,-53.3392572386,-52.3946163338,-0.944640904771
encoding_state_x_position,2,P3,41,5.4392857143,-53.9711617599,-53.0844412555,-0.886720504443
encoding_state_x_position,2,P3,42,5.4500000000,-54.6348231983,-53.8359624301,-0.798860768262
encoding_state_x_position,2,P3,43,5.4607142857,-55.054319279,-54.2186057555,-0.835713523525
encoding_state_x_position,2,P3,44,5.4714285714,-55.2477766621,-54.3555555967,-0.892221065383
encoding_state_x_position,2,P3,45,5.4821428571,-55.3521542686,-54.5229207233,-0.829233545271
encoding_state_x_position,2,P3,46,5.4928571429,-55.2790248798,-54.6132355025,-0.665789377313
encoding_state_x_position,2,P3,47,5.5035714286,-55.1512161273,-54.7563898226,-0.394826304759
encoding_state_x_position,2,P3,48,5.5142857143,-54.8628094433,-54.7917327002,-0.0710767430542
encoding_state_x_position,2,P3,49,5.5250000000,-54.6211417506,-54.848857051,0.227715300447
encoding_state_x_position,2,P3,50,5.5357142857,-54.4175240537,-54.9968348997,0.579310845948
encoding_state_x_position,2,P3,51,5.5464285714,-54.5045995237,-55.4109716355,0.906372111858
encoding_state_x_position,2,P3,52,5.5571428571,-54.5724515029,-55.8327944045,1.26034290161
encoding_state_x_position,2,P3,53,5.5678571429,-55.1477804755,-56.504462969,1.35668249347
encoding_state_x_position,2,P3,54,5.5785714286,-55.4905789949,-56.8754892994,1.38491030458
encoding_state_x_position,2,P3,55,5.5892857143,-55.6406972077,-56.9361803185,1.29548311076
encoding_state_x_position,2,P3,56,5.6000000000,-55.9908936719,-57.0700017414,1.07910806951
encoding_state_x_position,2,P3,57,5.6107142857,-55.9292663768,-56.6326115176,0.703345140773
encoding_state_x_position,2,P3,58,5.6214285714,-55.8872326427,-56.1772227612,0.289990118569
encoding_state_x_position,2,P3,59,5.6321428571,-55.7886618309,-55.8127098967,0.0240480657816
encoding_state_x_position,2,P3,60,5.6428571429,-55.6249544897,-55.4944741941,-0.130480295561
encoding_state_x_position,2,P3,61,5.6535714286,-55.4091700976,-55.2021864791,-0.206983618542
encoding_state_x_position,2,P3,62,5.6642857143,-54.9835106696,-54.7887888258,-0.194721843773
encoding_state_x_position,2,P3,63,5.6750000000,-54.6675116299,-54.539557261,-0.127954368853
encoding_state_x_position,2,P3,64,5.6857142857,-54.5336471859,-54.5051327565,-0.0285144293954
encoding_state_x_position,2,P3,65,5.6964285714,-54.3862290199,-54.4390028577,0.0527738377752
encoding_state_x_position,2,P3,66,5.7071428571,-54.7024069421,-54.7467130567,0.0443061146126
encoding_state_x_position,2,P3,67,5.7178571429,-55.2179793006,-55.1680514486,-0.0499278519907
encoding_state_x_position,2,P3,68,5.7285714286,-55.3300539537,-55.3977205508,0.0676665971645
encoding_state_x_position,2,P3,69,5.7392857143,-55.8018235954,-55.9216905562,0.119866960772
encoding_state_x_position,2,P3,70,5.7500000000,-56.3768622964,-56.5339902506,0.157127954254
encoding_state_x_position,2,P3,71,5.7607142857,-56.9712200256,-57.1936056051,0.222385579526
encoding_state_x_position,2,P3,72,5.7714285714,-57.7018138443,-58.018249815,0.316435970763
encoding_state_x_position,2,P3,73,5.7821428571,-58.1443658328,-58.5394539214,0.395088088615
encoding_state_x_position,2,P3,74,5.7928571429,-58.3381532552,-58.9041591706,0.566005915375
encoding_state_x_position,2,P3,75,5.8035714286,-58.2309554301,-58.9008108328,0.669855402676
encoding_state_x_position,2,P3,76,5.8142857143,-58.2733887412,-58.9916706836,0.718281942435
encoding_state_x_position,2,P3,77,5.8250000000,-58.4895900799,-59.131415074,0.641824994031
encoding_state_x_position,2,P3,78,5.8357142857,-58.4361427959,-59.0505963049,0.614453508968
encoding_state_x_position,2,P3,79,5.8464285714,-58.2514770832,-58.7750482752,0.523571191974
encoding_state_x_position,2,P3,80,5.8571428571,-58.4052897844,-58.8130194839,0.407729699453
encoding_state_x_position,2,P3,81,5.8678571429,-58.3991023883,-58.6975574563,0.298455068002
encoding_state_x_position,2,P3,82,5.8785714286,-58.116607832,-58.4499069551,0.333299123092
encoding_state_x_position,2,P3,83,5.8892857143,-58.1550484901,-58.3392323072,0.184183817079
encoding_state_x_position,2,P3,84,5.9000000000,-58.0397302169,-58.1331905911,0.0934603742728
encoding_state_x_position,2,P3,85,5.9107142857,-58.0475665158,-58.1358484107,0.0882818948346
encoding_state_x_position,2,P3,86,5.9214285714,-57.910434357,-58.0353300194,0.124895662468
encoding_state_x_position,2,P3,87,5.9321428571,-57.6179700592,-57.706806041,0.0888359818039
encoding_state_x_position,2,P3,88,5.9428571429,-57.1433003407,-57.2214854003,0.0781850596292
encoding_state_x_position,2,P3,89,5.9535714286,-56.7613350236,-56.8159715211,0.0546364974741
encoding_state_x_position,2,P3,90,5.9642857143,-56.5669627359,-56.588357665,0.0213949291267
encoding_state_x_position,2,P3,91,5.9750000000,-56.2817769281,-56.2553687349,-0.0264081932432
encoding_state_x_position,2,P3,92,5.9857142857,-55.8498822233,-55.823655536,-0.026226687213
encoding_state_x_position,2,P3,93,5.9964285714,-55.6341162953,-55.5230022345,-0.111114060861
encoding_state_x_position,2,P3,94,6.0071428571,-55.4098234327,-55.1923083794,-0.217515053268
encoding_state_x_position,2,P3,95,6.0178571429,-55.3718858547,-54.9683777906,-0.403508064074
encoding_state_x_position,2,P3,96,6.0285714286,-55.5603499444,-54.9448911964,-0.615458747971
encoding_state_x_position,2,P3,97,6.0392857143,-55.9804075703,-55.1913461095,-0.78906146084
encoding_state_x_position,2,P3,98,6.0500000000,-56.3842438301,-55.52977932,-0.854464510095
encoding_state_x_position,2,P3,99,6.0607142857,-57.1219119223,-56.2074784671,-0.914433455288
encoding_state_x_position,2,P3,100,6.0714285714,-58.1011426527,-57.0810554153,-1.02008723746
encoding_state_x_position,2,P3,101,6.0821428571,-58.7611328333,-57.654181528,-1.10695130528
encoding_state_x_position,2,P3,102,6.0928571429,-59.4101307331,-58.1339353586,-1.27619537455
encoding_state_x_position,2,P3,103,6.1035714286,-59.8302994548,-58.5395029912,-1.29079646358
encoding_state_x_position,2,P3,104,6.1142857143,-60.1966720708,-58.8766031984,-1.32006887241
encoding_state_x_position,2,P3,105,6.1250000000,-60.3187084251,-59.1446547597,-1.17405366547
encoding_state_x_position,2,P3,106,6.1357142857,-61.0673911672,-60.0044230788,-1.0629680884
encoding_state_x_position,2,P3,107,6.1464285714,-61.8333421654,-60.7667033062,-1.06663885922
encoding_state_x_position,2,P3,108,6.1571428571,-62.344792325,-61.206252718,-1.13853960706
encoding_state_x_position,2,P3,109,6.1678571429,-62.919516652,-61.7248210513,-1.19469560074
encoding_state_x_position,2,P3,110,6.1785714286,-63.4149187078,-62.1404413514,-1.27447735639
encoding_state_x_position,2,P3,111,6.1892857143,-63.2897373648,-62.2562436175,-1.03349374733
encoding_state_x_position,2,P3,112,6.2000000000,-62.9062872634,-62.1015073551,-0.804779908324
encoding_state_x_position,2,P3,113,6.2107142857,-62.6622627764,-61.9909021917,-0.671360584733
encoding_state_x_position,2,P3,114,6.2214285714,-62.1464016587,-61.5978644115,-0.548537247202
encoding_state_x_position,2,P3,115,6.2321428571,-61.4400816886,-60.8503476362,-0.589734052369
encoding_state_x_position,2,P3,116,6.2428571429,-60.9754168499,-60.3097129629,-0.665703887047
encoding_state_x_position,2,P3,117,6.2535714286,-60.2645403511,-59.6910721508,-0.573468200291
encoding_state_x_position,2,P3,118,6.2642857143,-59.6878637659,-59.2445051902,-0.443358575703
encoding_state_x_position,2,P3,119,6.2750000000,-59.2418139109,-59.0036102101,-0.238203700772
encoding_state_x_position,2,P3,120,6.2857142857,-59.6044602876,-59.389273463,-0.215186824663
encoding_state_x_position,2,P3,121,6.2964285714,-59.8440349369,-59.5177680262,-0.326266910743
encoding_state_x_position,2,P3,122,6.3071428571,-59.9238990581,-59.4710094935,-0.452889564583
encoding_state_x_position,2,P3,123,6.3178571429,-60.0207806358,-59.2972924711,-0.723488164684
encoding_state_x_position,2,P3,124,6.3285714286,-59.8983405363,-58.982665499,-0.915675037274
encoding_state_x_position,2,P3,125,6.3392857143,-59.6143325685,-58.7594906308,-0.854841937699
encoding_state_x_position,2,P3,126,6.3500000000,-59.6677333665,-58.7600331099,-0.907700256536
encoding_state_x_position,2,P3,127,6.3607142857,-59.7828294703,-58.986302473,-0.796526997329
encoding_state_x_position,2,P3,128,6.3714285714,-59.8938902321,-59.2998705891,-0.594019643004
encoding_state_x_position,2,P3,129,6.3821428571,-60.3392956493,-59.6494844469,-0.689811202395
encoding_state_x_position,2,P3,130,6.3928571429,-60.6351628879,-60.1485159362,-0.486646951725
encoding_state_x_position,2,P3,131,6.4035714286,-60.8244422226,-60.5545848075,-0.269857415056
encoding_state_x_position,2,P3,132,6.4142857143,-60.7346495517,-60.7603480484,0.0256984967413
encoding_state_x_position,2,P3,133,6.4250000000,-60.7063027778,-60.907643557,0.201340779178
encoding_state_x_position,2,P3,134,6.4357142857,-60.7167362177,-61.0990967642,0.3823605465
encoding_state_x_position,2,P3,135,6.4464285714,-60.5947884943,-61.1663865188,0.571598024509
encoding_state_x_position,2,P3,136,6.4571428571,-60.1519530356,-60.7764160824,0.624463046803
encoding_state_x_position,2,P3,137,6.4678571429,-59.7512178219,-60.2177158743,0.466498052397
encoding_state_x_position,2,P3,138,6.4785714286,-59.2285324048,-59.6321595136,0.403627108806
encoding_state_x_position,2,P3,139,6.4892857143,-58.7050721898,-59.0493312355,0.344259045632
encoding_state_x_position,2,P3,140,6.5000000000,-58.3191407714,-58.5247041208,0.205563349419
encoding_state_x_position,2,P3,141,6.5107142857,-57.9824807862,-58.1161762218,0.133695435615
encoding_state_x_position,2,P3,142,6.5214285714,-57.6664126376,-57.696805998,0.0303933604138
encoding_state_x_position,2,P3,143,6.5321428571,-57.3815478594,-57.182668885,-0.198878974357
encoding_state_x_position,2,P3,144,6.5428571429,-57.1255225967,-56.9198435171,-0.205679079677
encoding_state_x_position,2,P3,145,6.5535714286,-57.1265484798,-56.8764788352,-0.250069644629
encoding_state_x_position,2,P3,146,6.5642857143,-56.8417803655,-56.7142302211,-0.12755014448
encoding_state_x_position,2,P3,147,6.5750000000,-56.6268460004,-56.6329577232,0.00611172276608
encoding_state_x_position,2,P3,148,6.5857142857,-56.5063742706,-56.7194780262,0.213103755592
encoding_state_x_position,2,P3,149,6.5964285714,-56.4004851013,-56.8146539577,0.414168856443
encoding_state_x_position,2,P3,150,6.6071428571,-56.2229227455,-56.8094713438,0.586548598296
encoding_state_x_position,2,P3,151,6.6178571429,-56.2927535399,-56.9255795782,0.632826038363
encoding_state_x_position,2,P3,152,6.6285714286,-56.3208924991,-57.0979713012,0.777078802112
encoding_state_x_position,2,P3,153,6.6392857143,-56.3411168296,-57.1585026583,0.817385828636
encoding_state_x_position,2,P3,154,6.6500000000,-56.3050960633,-57.0903900444,0.785293981056
encoding_state_x_position,2,P3,155,6.6607142857,-56.4663224504,-57.096493535,0.630171084557
encoding_state_x_position,2,P3,156,6.6714285714,-56.3926038067,-56.9104371696,0.517833362844
encoding_state_x_position,2,P3,157,6.6821428571,-56.312684213,-56.7009940667,0.388309853749
encoding_state_x_position,2,P3,158,6.6928571429,-56.3200728686,-56.6258241098,0.305751241178
encoding_state_x_position,2,P3,159,6.7035714286,-56.5345861255,-56.7451285961,0.210542470619
encoding_state_x_position,2,P3,160,6.7142857143,-56.3291420561,-56.5622398702,0.233097814132
encoding_state_x_position,2,P3,161,6.7250000000,-56.1542392302,-56.4599784087,0.30573917844
encoding_state_x_position,2,P3,162,6.7357142857,-55.9390395713,-56.2749332132,0.33589364199
encoding_state_x_position,2,P3,163,6.7464285714,-55.6921583376,-56.0819143736,0.389756035976
encoding_state_x_position,2,P3,164,6.7571428571,-55.4435977703,-55.992870748,0.549272977684
encoding_state_x_position,2,P3,165,6.7678571429,-55.4548541169,-56.0613189007,0.606464783778
encoding_state_x_position,2,P3,166,6.7785714286,-55.3553922094,-56.1262434137,0.770851204302
encoding_state_x_position,2,P3,167,6.7892857143,-55.5606571121,-56.2668843933,0.706227281229
encoding_state_x_position,2,P3,168,6.8000000000,-55.8434247575,-56.5451214408,0.70169668332
encoding_state_x_position,2,P3,169,6.8107142857,-56.5146490735,-57.1279162319,0.613267158384
encoding_state_x_position,2,P3,170,6.8214285714,-57.0310531887,-57.6393504141,0.608297225466
encoding_state_x_position,2,P3,171,6.8321428571,-57.4817284725,-58.0332215309,0.551493058381
encoding_state_x_position,2,P3,172,6.8428571429,-58.0468373404,-58.5011884016,0.454351061162
encoding_state_x_position,2,P3,173,6.8535714286,-58.7004879343,-58.978790489,0.278302554664
encoding_state_x_position,2,P3,174,6.8642857143,-59.1728273135,-59.3473575192,0.174530205728
encoding_state_x_position,2,P3,175,6.8750000000,-59.4436996035,-59.4937604799,0.0500608764469
encoding_state_x_position,2,P3,176,6.8857142857,-59.6070107554,-59.5608718137,-0.0461389417029
encoding_state_x_position,2,P3,177,6.8964285714,-59.5759757377,-59.5413525802,-0.0346231575076
encoding_state_x_position,2,P3,178,6.9071428571,-59.2772143266,-59.3186364279,0.0414221013381
encoding_state_x_position,2,P3,179,6.9178571429,-59.1434460458,-59.2286626023,0.0852165564514
encoding_state_x_position,2,P3,180,6.9285714286,-58.8852213772,-59.0314981185,0.146276741279
encoding_state_x_position,2,P3,181,6.9392857143,-58.712106354,-58.9285447771,0.21643842312
encoding_state_x_position,2,P3,182,6.9500000000,-58.5973299722,-58.9806490109,0.383319038699
encoding_state_x_position,2,P3,183,6.9607142857,-58.6245911373,-59.1538016974,0.529210560114
encoding_state_x_position,2,P3,184,6.9714285714,-58.6846219131,-59.3291448696,0.644522956454
encoding_state_x_position,2,P3,185,6.9821428571,-58.7252186502,-59.4470763484,0.721857698127
encoding_state_x_position,2,P3,186,6.9928571429,-58.8040640487,-59.5408047545,0.736740705784
encoding_state_x_position,2,P3,187,7.0035714286,-59.0912986594,-59.763289744,0.671991084591
encoding_state_x_position,2,P3,188,7.0142857143,-59.3000414822,-59.8953370068,0.595295524644
encoding_state_x_position,2,P3,189,7.0250000000,-59.6666496352,-60.1126864808,0.446036845638
encoding_state_x_position,2,P3,190,7.0357142857,-60.0033034738,-60.4431435959,0.439840122092
encoding_state_x_position,2,P3,191,7.0464285714,-59.850373535,-60.4455814559,0.595207920894
encoding_state_x_position,2,P3,192,7.0571428571,-59.3619438709,-60.1001636872,0.738219816333
encoding_state_x_position,2,P3,193,7.0678571429,-58.8448597078,-59.7605514628,0.915691755078
encoding_state_x_position,2,P3,194,7.0785714286,-58.1622289721,-59.3057414355,1.14351246344
encoding_state_x_position,2,P3,195,7.0892857143,-57.7007109978,-59.0232363046,1.32252530676
encoding_state_x_position,2,P3,196,7.1000000000,-57.4408987782,-58.8656548598,1.42475608163
encoding_state_x_position,2,P3,197,7.1107142857,-57.3146563639,-58.7407548037,1.42609843979
encoding_state_x_position,2,P3,198,7.1214285714,-57.5337815991,-58.8041687438,1.27038714476
encoding_state_x_position,2,P3,199,7.1321428571,-57.6348934828,-58.8018460426,1.16695255981
encoding_state_x_position,2,P3,200,7.1428571429,-57.6376668609,-58.6138577674,0.976190906462
encoding_state_x_position,2,P3,201,7.1535714286,-57.6178708,-58.3287707562,0.710899956167
encoding_state_x_position,2,P3,202,7.1642857143,-57.4852584392,-57.9697099944,0.484451555203
encoding_state_x_position,2,P3,203,7.1750000000,-57.5733771496,-57.7872478841,0.213870734509
encoding_state_x_position,2,P3,204,7.1857142857,-57.302380006,-57.4741073532,0.171727347159
encoding_state_x_position,2,P3,205,7.1964285714,-56.9596585786,-57.1913958239,0.231737245282
encoding_state_x_position,2,P3,206,7.2071428571,-56.8051324812,-57.0214896467,0.216357165522
encoding_state_x_position,2,P3,207,7.2178571429,-56.6320505718,-57.008907353,0.376856781241
encoding_state_x_position,2,P3,208,7.2285714286,-56.6127233527,-57.218638109,0.60591475637
encoding_state_x_position,2,P3,209,7.2392857143,-57.1389959497,-57.8144271834,0.675431233697
encoding_state_x_position,2,P3,210,7.2500000000,-57.4381854903,-58.0846296318,0.646444141464
encoding_state_x_position,2,P3,211,7.2607142857,-57.6738382043,-58.3424554901,0.66861728578
encoding_state_x_position,2,P3,212,7.2714285714,-58.2625373467,-58.9317789092,0.669241562521
encoding_state_x_position,2,P3,213,7.2821428571,-58.5636608906,-59.2860908383,0.722429947715
encoding_state_x_position,2,P3,214,7.2928571429,-58.7046189323,-59.4652746144,0.760655682139
encoding_state_x_position,2,P3,215,7.3035714286,-58.6493811289,-59.3887634733,0.73938234442
encoding_state_x_position,2,P3,216,7.3142857143,-58.4182057646,-59.1548467361,0.736640971512
encoding_state_x_position,2,P3,217,7.3250000000,-58.1109005376,-58.8230660996,0.712165562007
encoding_state_x_position,2,P3,218,7.3357142857,-57.8344047109,-58.5371700023,0.702765291418
encoding_state_x_position,2,P3,219,7.3464285714,-57.6436403085,-58.2222285619,0.578588253472
encoding_state_x_position,2,P3,220,7.3571428571,-57.3404767838,-57.7782892124,0.437812428514
encoding_state_x_position,2,P3,221,7.3678571429,-57.2608534351,-57.6108950162,0.3500415811
encoding_state_x_position,2,P3,222,7.3785714286,-57.323099303,-57.5390827059,0.215983402906
encoding_state_x_position,2,P3,223,7.3892857143,-57.3598228133,-57.3745697504,0.0147469371197
encoding_state_x_position,2,P3,224,7.4000000000,-56.9091604207,-56.8772980643,-0.0318623563542
encoding_state_x_position,2,P3,225,7.4107142857,-56.6935779501,-56.6939868871,0.000408937061451
encoding_state_x_position,2,P3,226,7.4214285714,-56.5462958487,-56.697583815,0.151287966346
encoding_state_x_position,2,P3,227,7.4321428571,-56.3937469259,-56.6351483202,0.2414013943
encoding_state_x_position,2,P3,228,7.4428571429,-56.2299918001,-56.6313473917,0.401355591541
encoding_state_x_position,2,P3,229,7.4535714286,-56.1308510585,-56.6776687064,0.546817647921
encoding_state_x_position,2,P3,230,7.4642857143,-56.0747681978,-56.7372739271,0.662505729245
encoding_state_x_position,2,P3,231,7.4750000000,-56.3600754965,-56.9658144545,0.605738958018
encoding_state_x_position,2,P3,232,7.4857142857,-56.6291133279,-57.0897673629,0.460654035039
encoding_state_x_position,2,P3,233,7.4964285714,-56.5033514111,-56.7609039829,0.257552571831
encoding_state_x_position,2,P3,234,7.5071428571,-56.3091113472,-56.5027840587,0.193672711413
encoding_state_x_position,2,P3,235,7.5178571429,-56.3773775398,-56.4279713574,0.0505938176094
encoding_state_x_position,2,P3,236,7.5285714286,-56.1922228836,-56.2108194324,0.0185965488075
encoding_state_x_position,2,P3,237,7.5392857143,-55.7781252949,-55.8131642897,0.0350389947593
encoding_state_x_position,2,P3,238,7.5500000000,-55.212380468,-55.3481989632,0.135818495232
encoding_state_x_position,2,P3,239,7.5607142857,-54.9173245908,-55.0170928293,0.0997682385556
encoding_state_x_position,2,P3,240,7.5714285714,-54.3343286636,-54.5877596419,0.253430978378
encoding_state_x_position,2,P3,241,7.5821428571,-54.1791862659,-54.4479516649,0.268765399003
encoding_state_x_position,2,P3,242,7.5928571429,-53.9538569595,-54.393789108,0.439932148533
encoding_state_x_position,2,P3,243,7.6035714286,-54.0108928084,-54.5753719203,0.564479111953
encoding_state_x_position,2,P3,244,7.6142857143,-54.3087955586,-54.8872652983,0.578469739712
encoding_state_x_position,2,P3,245,7.6250000000,-54.7578566304,-55.2714764716,0.513619841189
encoding_state_x_position,2,P3,246,7.6357142857,-54.7965962338,-55.3889300041,0.592333770252
encoding_state_x_position,2,P3,247,7.6464285714,-54.6331921671,-55.2074222695,0.574230102479
encoding_state_x_position,2,P3,248,7.6571428571,-54.6282337039,-55.2629356257,0.634701921755
encoding_state_x_position,2,P3,249,7.6678571429,-54.7210122403,-55.3992020858,0.678189845415
encoding_state_x_position,2,P3,250,7.6785714286,-54.796648273,-55.5435308761,0.746882603153
encoding_state_x_position,2,P3,251,7.6892857143,-54.9507643056,-55.6732568597,0.722492554173
encoding_state_x_position,2,P3,252,7.7000000000,-54.9732758796,-55.6946719045,0.721396024906
encoding_state_x_position,2,P3,253,7.7107142857,-54.9912645712,-55.6564221341,0.665157562923
encoding_state_x_position,2,P3,254,7.7214285714,-55.0453146617,-55.7719232605,0.7266085988
encoding_state_x_position,2,P3,255,7.7321428571,-55.3164447292,-56.0656022873,0.749157558034
encoding_state_x_position,2,P3,256,7.7428571429,-55.4481763833,-56.2916477819,0.843471398607
encoding_state_x_position,2,P3,257,7.7535714286,-55.5009616185,-56.3198128447,0.818851226173
encoding_state_x_position,2,P3,258,7.7642857143,-55.4848102842,-56.2701643022,0.785354017942
encoding_state_x_position,2,P3,259,7.7750000000,-55.4011207081,-56.1279832241,0.726862515956
encoding_state_x_position,2,P3,260,7.7857142857,-55.2412462741,-55.93363473,0.692388455936
encoding_state_x_position,2,P3,261,7.7964285714,-55.5909341648,-56.0113046349,0.420370470132
encoding_state_x_position,2,P3,262,7.8071428571,-55.6640391746,-55.914111607,0.250072432425
encoding_state_x_position,2,P3,263,7.8178571429,-56.0094849509,-56.1527792805,0.143294329616
encoding_state_x_position,2,P3,264,7.8285714286,-56.6511018909,-56.5416164312,-0.109485459713
encoding_state_x_position,2,P3,265,7.8392857143,-57.1005367151,-56.8485850273,-0.251951687789
encoding_state_x_position,2,P3,266,7.8500000000,-57.6696403196,-57.3419190472,-0.32772127242
encoding_state_x_position,2,P3,267,7.8607142857,-58.633842878,-58.0660989777,-0.567743900323
encoding_state_x_position,2,P3,268,7.8714285714,-59.4869589734,-58.8107800445,-0.676178928881
encoding_state_x_position,2,P3,269,7.8821428571,-60.5036440108,-59.6450195016,-0.858624509204
encoding_state_x_position,2,P3,270,7.8928571429,-61.2901344355,-60.3056728148,-0.984461620717
encoding_state_x_position,2,P3,271,7.9035714286,-61.6539075106,-60.5969466354,-1.05696087528
encoding_state_x_position,2,P3,272,7.9142857143,-61.6014252784,-60.6750366894,-0.926388588994
encoding_state_x_position,2,P3,273,7.9250000000,-61.6159832454,-60.8238787199,-0.792104525458
encoding_state_x_position,2,P3,274,7.9357142857,-61.4553642942,-60.9110909831,-0.544273311072
encoding_state_x_position,2,P3,275,7.9464285714,-61.1949610416,-60.9536193941,-0.241341647458
encoding_state_x_position,2,P3,276,7.9571428571,-60.6331937771,-60.7781404234,0.144946646306
encoding_state_x_position,2,P3,277,7.9678571429,-60.0906913288,-60.6637006355,0.573009306791
encoding_state_x_position,2,P3,278,7.9785714286,-59.6262917994,-60.5129248943,0.88663309496
encoding_state_x_position,2,P3,279,7.9892857143,-59.0932118314,-60.2362101047,1.14299827331
encoding_state_x_position,2,P3,280,8.0000000000,-58.8826537205,-60.1504198863,1.26776616576
