budget,claim_type,source_seed,support_seed,fold,query_rows,prediction_sha256,state_at_registration,labels_opened
0,STRICT_SOURCE_ONLY_DG,42,,0,1050,1c68e9101f351d55d0a638e619a1576c790f33083589f821ccfb020c2e3bf5e1,PREDICTIONS_FROZEN,False
7,TARGET_ASSISTED_LABELLED_TARGET_CALIBRATION,42,104729,0,1050,07da4acf4a8714d248fce2abd8a49f730d7510fa4826d920164129af2619932a,PREDICTIONS_FROZEN,False
10,TARGET_ASSISTED_LABELLED_TARGET_CALIBRATION,42,104729,0,1050,20a5c7baa2678efa617a9f55201dfa2776fd35640769fd518b961c6fc4d1bc94,PREDICTIONS_FROZEN,False
20,TARGET_ASSISTED_LABELLED_TARGET_CALIBRATION,42,104729,0,1050,9b7b4c3ec3155b5c4043d864313eb9df28a11436f1ff420b31fa1390061b8cce,PREDICTIONS_FROZEN,False
21,TARGET_ASSISTED_LABELLED_TARGET_CALIBRATION,42,104729,0,1050,9b7b4c3ec3155b5c4043d864313eb9df28a11436f1ff420b31fa1390061b8cce,PREDICTIONS_FROZEN,False
35,TARGET_ASSISTED_LABELLED_TARGET_CALIBRATION,42,104729,0,1050,6f95fcfa171198e1d79f0a567a49589afc2456fa204779511ba208dd8ce19bfd,PREDICTIONS_FROZEN,False
50,TARGET_ASSISTED_LABELLED_TARGET_CALIBRATION,42,104729,0,1050,1e712828f596c66a13a608c9762042c45a9f75d7c5fe39e9611edacac94b5d65,PREDICTIONS_FROZEN,False
100,TARGET_ASSISTED_LABELLED_TARGET_CALIBRATION,42,104729,0,1050,28e401b2c43f95eda6709d472dc2c6fc4f8f039b5ed614ac8a7549b00fcc6df4,PREDICTIONS_FROZEN,False
200,TARGET_ASSISTED_LABELLED_TARGET_CALIBRATION,42,104729,0,1050,4c376fcfb56f5927583e2447e3e0924ee2a782c79ad242ac083098fab796c71b,PREDICTIONS_FROZEN,False
500,TARGET_ASSISTED_LABELLED_TARGET_CALIBRATION,42,104729,0,1050,2db7712ef4536e8ecf01a11db48b947111a5f44d4c0a610a70fdd010ac356741,PREDICTIONS_FROZEN,False
7,TARGET_ASSISTED_LABELLED_TARGET_CALIBRATION,42,130363,0,1050,40316fb618254f8cff738ce41d96f942cc9908fb215079c99e6b800bae0736a7,PREDICTIONS_FROZEN,False
10,TARGET_ASSISTED_LABELLED_TARGET_CALIBRATION,42,130363,0,1050,fc5f13d58401f984fb69a022fc605460cb7e45c5c0772bb08d5d3db8c17663b7,PREDICTIONS_FROZEN,False
20,TARGET_ASSISTED_LABELLED_TARGET_CALIBRATION,42,130363,0,1050,6ef47637e1a7a55ea405a2672e4e45efa7934ff4217ce895c9794faf38249290,PREDICTIONS_FROZEN,False
21,TARGET_ASSISTED_LABELLED_TARGET_CALIBRATION,42,130363,0,1050,4ae986216986b1a856b6d32f0e1f183c9dc8560848d542a16ec09bacf67e3ae8,PREDICTIONS_FROZEN,False
35,TARGET_ASSISTED_LABELLED_TARGET_CALIBRATION,42,130363,0,1050,cd55b7a58736f84a4c27df4e875b39ea2f47c868b71e665678e8a44f58f4cfc5,PREDICTIONS_FROZEN,False
50,TARGET_ASSISTED_LABELLED_TARGET_CALIBRATION,42,130363,0,1050,a3df955bb05aac86febbede613080a971dd2cabf7c5fbc88ee81a27c65339224,PREDICTIONS_FROZEN,False
100,TARGET_ASSISTED_LABELLED_TARGET_CALIBRATION,42,130363,0,1050,c5ad2e12b92e1e75b415a1b20eb72c52555932442e10b907b5fa9fd3d0cea47f,PREDICTIONS_FROZEN,False
200,TARGET_ASSISTED_LABELLED_TARGET_CALIBRATION,42,130363,0,1050,934becd5f53bcbb11baf6221d3fab4ef727f53fed7785d1b32d9848cee5a2f8e,PREDICTIONS_FROZEN,False
500,TARGET_ASSISTED_LABELLED_TARGET_CALIBRATION,42,130363,0,1050,e717113e7a1fcea78d4c60b180a676118a2c1f8517940f8422a78414e74a9b45,PREDICTIONS_FROZEN,False
7,TARGET_ASSISTED_LABELLED_TARGET_CALIBRATION,42,155921,0,1050,f610995bdbe8d56059f57571b20d76c79195b41d1e7bacc39c68acf905009091,PREDICTIONS_FROZEN,False
10,TARGET_ASSISTED_LABELLED_TARGET_CALIBRATION,42,155921,0,1050,c9a6e7726d2807fdcdbff34f5efcd157d30475e4444bd03caa1707899d1ef1d5,PREDICTIONS_FROZEN,False
20,TARGET_ASSISTED_LABELLED_TARGET_CALIBRATION,42,155921,0,1050,92c46f45a6a0daec0fe47e0e12c9638be342dd588e119e461930b5ec1f867558,PREDICTIONS_FROZEN,False
21,TARGET_ASSISTED_LABELLED_TARGET_CALIBRATION,42,155921,0,1050,44a238ca1db92c0614448e0ecd14bd3a2d338a5c286f9db6a22e8ee78ea6ecfb,PREDICTIONS_FROZEN,False
35,TARGET_ASSISTED_LABELLED_TARGET_CALIBRATION,42,155921,0,1050,4ea1405fb09a76d0713bc8e29911c40f07bd13ea5dd5e61ac52be631f60905b9,PREDICTIONS_FROZEN,False
50,TARGET_ASSISTED_LABELLED_TARGET_CALIBRATION,42,155921,0,1050,4f7db130359e3381296f38bbe837394894f1424ce5413e7ba4f8ceb6ff0c1138,PREDICTIONS_FROZEN,False
100,TARGET_ASSISTED_LABELLED_TARGET_CALIBRATION,42,155921,0,1050,6d68269b4b6e59c485a900690df2ba247171eed9b6740acb39da97c5e008024c,PREDICTIONS_FROZEN,False
200,TARGET_ASSISTED_LABELLED_TARGET_CALIBRATION,42,155921,0,1050,8e01411e2b41f5cc18be0d7f0ba23c2753c9be1a4c99436ca95385c665c8b2d8,PREDICTIONS_FROZEN,False
500,TARGET_ASSISTED_LABELLED_TARGET_CALIBRATION,42,155921,0,1050,5b080c4a3dfd5b9c58104bbb99db10303f6ba4e443d89124c17f49682e3260a6,PREDICTIONS_FROZEN,False
7,TARGET_ASSISTED_LABELLED_TARGET_CALIBRATION,42,181081,0,1050,ecab4f1d7a62ef4e651196230f8c9b28393c0414a328123df8d059b2eca38fc5,PREDICTIONS_FROZEN,False
10,TARGET_ASSISTED_LABELLED_TARGET_CALIBRATION,42,181081,0,1050,dd1f280648b029d4cf61a93667bc3828a8729cde73693f3431f3f77d7166272b,PREDICTIONS_FROZEN,False
20,TARGET_ASSISTED_LABELLED_TARGET_CALIBRATION,42,181081,0,1050,7d988c76e2d6430b5a38312ab1fc69a72254695a83f667653bee4466672f81ab,PREDICTIONS_FROZEN,False
21,TARGET_ASSISTED_LABELLED_TARGET_CALIBRATION,42,181081,0,1050,535ef5f47250fe109e097d94f9468cc14ffdc427c3db3d1b84969c55b6d9579e,PREDICTIONS_FROZEN,False
35,TARGET_ASSISTED_LABELLED_TARGET_CALIBRATION,42,181081,0,1050,e12d2ff7fded7e699a747e3b7299adae93ed43537e954374fb00a52cd8cb0cf6,PREDICTIONS_FROZEN,False
50,TARGET_ASSISTED_LABELLED_TARGET_CALIBRATION,42,181081,0,1050,efc4c7f3079b699ce11136ec413be3d729fff3f7d3d14afca7f6307e651c3c99,PREDICTIONS_FROZEN,False
100,TARGET_ASSISTED_LABELLED_TARGET_CALIBRATION,42,181081,0,1050,023b921b8cb5ae7337fab7aaa541a38892c73c433d7db856e00db7e7702af5e7,PREDICTIONS_FROZEN,False
200,TARGET_ASSISTED_LABELLED_TARGET_CALIBRATION,42,181081,0,1050,cdf5e50e7f50927226cb6b9789f930b09a3307746db7e06b2622cc5d13bd8836,PREDICTIONS_FROZEN,False
500,TARGET_ASSISTED_LABELLED_TARGET_CALIBRATION,42,181081,0,1050,9526acd9a13187adc637a789fbb73ed525b37fee37dfb5555eaf3f251a8c2893,PREDICTIONS_FROZEN,False
7,TARGET_ASSISTED_LABELLED_TARGET_CALIBRATION,42,205439,0,1050,a818d3312813ee5176905d6d40f87fac0ea283ae00f8c861cc111143ecc000ab,PREDICTIONS_FROZEN,False
10,TARGET_ASSISTED_LABELLED_TARGET_CALIBRATION,42,205439,0,1050,bdaaa90d08dc706d4719b76dbc71bca4554acc6a243a97ae9a40f729fc3a70f9,PREDICTIONS_FROZEN,False
20,TARGET_ASSISTED_LABELLED_TARGET_CALIBRATION,42,205439,0,1050,4ec4d59ce77a730fca57e61887dba233d02868ce255348845ee9f3b32359bab4,PREDICTIONS_FROZEN,False
21,TARGET_ASSISTED_LABELLED_TARGET_CALIBRATION,42,205439,0,1050,c5f1504ea7320c0010c59040996ea59075e7b56def2b5ad708df9b488ac46bee,PREDICTIONS_FROZEN,False
35,TARGET_ASSISTED_LABELLED_TARGET_CALIBRATION,42,205439,0,1050,797510670ccadc8b34f11e42b38accedec715086c9b9021fb6bb05c6699f9687,PREDICTIONS_FROZEN,False
50,TARGET_ASSISTED_LABELLED_TARGET_CALIBRATION,42,205439,0,1050,31d9c87d62283bf61e4497853ffb7f0d347a4233ee9ea83c14b54441ce2c3642,PREDICTIONS_FROZEN,False
100,TARGET_ASSISTED_LABELLED_TARGET_CALIBRATION,42,205439,0,1050,f5571e4d7495c2b055f0284f3cb79b25062ec041b429e3d1039f41335cce250f,PREDICTIONS_FROZEN,False
200,TARGET_ASSISTED_LABELLED_TARGET_CALIBRATION,42,205439,0,1050,1f70fc41b6a1b3b18ae46ca4ecb324eb008ab0a3ae99c311d34ff846111f4c2d,PREDICTIONS_FROZEN,False
500,TARGET_ASSISTED_LABELLED_TARGET_CALIBRATION,42,205439,0,1050,6bd6f132615fb768580bb2453977326b0993255c9e79d40b0562149dfbaec5cf,PREDICTIONS_FROZEN,False
7,TARGET_ASSISTED_LABELLED_TARGET_CALIBRATION,42,230003,0,1050,e18a43fd0cbd1799db7892e231258ba1f1b3eaa7dcc1dfb751a4285036203648,PREDICTIONS_FROZEN,False
10,TARGET_ASSISTED_LABELLED_TARGET_CALIBRATION,42,230003,0,1050,bef1754f00fa96c24ba30e5550008779f24dbab7400fb87f8781f5a132d644f2,PREDICTIONS_FROZEN,False
20,TARGET_ASSISTED_LABELLED_TARGET_CALIBRATION,42,230003,0,1050,7977b96aae82001760ec5e6dd5437c257509b68b1fd04ae2b34c1b56a10995c8,PREDICTIONS_FROZEN,False
21,TARGET_ASSISTED_LABELLED_TARGET_CALIBRATION,42,230003,0,1050,8dfc836884d1af66fc2d22283eb8988fefbaeed82af5cbd72382ef5d474a909f,PREDICTIONS_FROZEN,False
35,TARGET_ASSISTED_LABELLED_TARGET_CALIBRATION,42,230003,0,1050,8f1ea0d8e49e7eb3048ffb0268d72051da9ba32d7ffe9b8db7313f5c8b6cef88,PREDICTIONS_FROZEN,False
50,TARGET_ASSISTED_LABELLED_TARGET_CALIBRATION,42,230003,0,1050,3accad69267b7d940dd35a9c265e2b03e25858f82baefa2c0e170af86614e915,PREDICTIONS_FROZEN,False
100,TARGET_ASSISTED_LABELLED_TARGET_CALIBRATION,42,230003,0,1050,c352719a518ac618c560b06493197454b786580d1f2bdd6e95b670d89b3c2ca2,PREDICTIONS_FROZEN,False
200,TARGET_ASSISTED_LABELLED_TARGET_CALIBRATION,42,230003,0,1050,671c8c15b42419e38904c631a03878461fd4d83174083c305139e6d3682a9f8c,PREDICTIONS_FROZEN,False
500,TARGET_ASSISTED_LABELLED_TARGET_CALIBRATION,42,230003,0,1050,28b404f6d3633e7ff17b2469dbabbb0daeec55bd6973b0b18da850945151c941,PREDICTIONS_FROZEN,False
7,TARGET_ASSISTED_LABELLED_TARGET_CALIBRATION,42,254959,0,1050,f1cfbc925d0085a80e718bc794e96a2b77d1b8509fe2b12076a03f8dfec36e89,PREDICTIONS_FROZEN,False
10,TARGET_ASSISTED_LABELLED_TARGET_CALIBRATION,42,254959,0,1050,a08bf5c24a785badfc81f0a2094b4eb17a1a0b411be81256309a268656a7b4a1,PREDICTIONS_FROZEN,False
20,TARGET_ASSISTED_LABELLED_TARGET_CALIBRATION,42,254959,0,1050,3e5982ef2b1b470149cf0970256a7a455719e0826ad92ff4d857ae4b9f50b234,PREDICTIONS_FROZEN,False
21,TARGET_ASSISTED_LABELLED_TARGET_CALIBRATION,42,254959,0,1050,beb27cb4dff3c6c6f978fccd9fd115e69a7212f43b1c5b1ba939724b7e5bbcd2,PREDICTIONS_FROZEN,False
35,TARGET_ASSISTED_LABELLED_TARGET_CALIBRATION,42,254959,0,1050,4b448721a0876cbef5e98ca40e53804c51f1fcea0303ce489f3518ec04210642,PREDICTIONS_FROZEN,False
50,TARGET_ASSISTED_LABELLED_TARGET_CALIBRATION,42,254959,0,1050,daa5c82e36dd45913cecadbc788431ff701806f6e0fdc1dff0b4d33f79945e35,PREDICTIONS_FROZEN,False
100,TARGET_ASSISTED_LABELLED_TARGET_CALIBRATION,42,254959,0,1050,66438059d7cf67fd41677be808d9c0aaa8a84abe9098bb4bbedcd562736afd0b,PREDICTIONS_FROZEN,False
200,TARGET_ASSISTED_LABELLED_TARGET_CALIBRATION,42,254959,0,1050,d988e64f547f7833f786f4e15df756b1ec5708de105b4465a622566037937547,PREDICTIONS_FROZEN,False
500,TARGET_ASSISTED_LABELLED_TARGET_CALIBRATION,42,254959,0,1050,dee66fe2747410653b9f2ccc1644caaee50b9562b1f8e35a3203d5aa0e5459b9,PREDICTIONS_FROZEN,False
7,TARGET_ASSISTED_LABELLED_TARGET_CALIBRATION,42,280001,0,1050,a6e9cf07705167afcc8436671ec8a0c7d02095275b5e5887571899dc3873d5ff,PREDICTIONS_FROZEN,False
10,TARGET_ASSISTED_LABELLED_TARGET_CALIBRATION,42,280001,0,1050,f912130eaafa889d3ab88987107fe84f025523dcfd1799982a7d7d617504614e,PREDICTIONS_FROZEN,False
20,TARGET_ASSISTED_LABELLED_TARGET_CALIBRATION,42,280001,0,1050,9b45b05c833c6ba94eb6aa9861b0c89bd5a0741a3ebde92ece3f56e24a341b1a,PREDICTIONS_FROZEN,False
21,TARGET_ASSISTED_LABELLED_TARGET_CALIBRATION,42,280001,0,1050,509da24228d983f6f2698066f6d5628b1a3eb834336c9c06f3b46c10f17c67b0,PREDICTIONS_FROZEN,False
35,TARGET_ASSISTED_LABELLED_TARGET_CALIBRATION,42,280001,0,1050,4ccd3eee9a8b27071d8c9882aff1f1896d5496a0ea7f59651e57514f9d45c04d,PREDICTIONS_FROZEN,False
50,TARGET_ASSISTED_LABELLED_TARGET_CALIBRATION,42,280001,0,1050,b09ca23d234b8d1bbb3ee06ee8ba12547d2bb8dcf239232f88a983fabbbc35be,PREDICTIONS_FROZEN,False
100,TARGET_ASSISTED_LABELLED_TARGET_CALIBRATION,42,280001,0,1050,4f3e48bd4cf79e8f3f428c83d9c3488f181639e0413b14de84b4d1973c089c2b,PREDICTIONS_FROZEN,False
200,TARGET_ASSISTED_LABELLED_TARGET_CALIBRATION,42,280001,0,1050,ec9cb7ca1819c859d17328313c4819fa9f0ea70df1fce63b98745a9fbddea60e,PREDICTIONS_FROZEN,False
500,TARGET_ASSISTED_LABELLED_TARGET_CALIBRATION,42,280001,0,1050,ec0fe681de68f57ce669218df83956c7c3f7de50b18abd142598ed706474ea8f,PREDICTIONS_FROZEN,False
7,TARGET_ASSISTED_LABELLED_TARGET_CALIBRATION,42,305093,0,1050,2888445155ac74c23b4d1ed3c77230675a159ff3b6c948a1e2a4243aa7ee7b75,PREDICTIONS_FROZEN,False
10,TARGET_ASSISTED_LABELLED_TARGET_CALIBRATION,42,305093,0,1050,1ffaeb3a46e9e0868fbed7afdf102f7038bbb8fcfca9983d32da8a5d30db295d,PREDICTIONS_FROZEN,False
20,TARGET_ASSISTED_LABELLED_TARGET_CALIBRATION,42,305093,0,1050,f71e9ad1261cd62ac8da4d7c0d3f46163245e1558b81fa765b7e2b34cb97f977,PREDICTIONS_FROZEN,False
21,TARGET_ASSISTED_LABELLED_TARGET_CALIBRATION,42,305093,0,1050,f71e9ad1261cd62ac8da4d7c0d3f46163245e1558b81fa765b7e2b34cb97f977,PREDICTIONS_FROZEN,False
35,TARGET_ASSISTED_LABELLED_TARGET_CALIBRATION,42,305093,0,1050,1c3609f37adc9315ae0c192d32a2c0e65d02a9cc91d8198b69e085e3e7896e11,PREDICTIONS_FROZEN,False
50,TARGET_ASSISTED_LABELLED_TARGET_CALIBRATION,42,305093,0,1050,74783d54fa1f7904aef040e613c47738265f01f616b0ad843e4743148a597e89,PREDICTIONS_FROZEN,False
100,TARGET_ASSISTED_LABELLED_TARGET_CALIBRATION,42,305093,0,1050,1d8da40346e0d9cc1e174cec6c744925f51b008d9964313b5204314f0223fcb5,PREDICTIONS_FROZEN,False
200,TARGET_ASSISTED_LABELLED_TARGET_CALIBRATION,42,305093,0,1050,86ff4e03f0297032dd873be549f3b309c6ad73f35be05d1976d78b8c4a54261e,PREDICTIONS_FROZEN,False
500,TARGET_ASSISTED_LABELLED_TARGET_CALIBRATION,42,305093,0,1050,8d82ed38c31cf5e9d82547a0f84c00c451d9c20ec791f6df503ed47e09117bc5,PREDICTIONS_FROZEN,False
7,TARGET_ASSISTED_LABELLED_TARGET_CALIBRATION,42,330017,0,1050,2622bb75f2662c572bcefd48fe45c0f46a1d694852e2737637b6ce1d86764645,PREDICTIONS_FROZEN,False
10,TARGET_ASSISTED_LABELLED_TARGET_CALIBRATION,42,330017,0,1050,6e58deab21dfeb533058f19afa9307ae4e3ee108a8d74b1437c5080a825e7954,PREDICTIONS_FROZEN,False
20,TARGET_ASSISTED_LABELLED_TARGET_CALIBRATION,42,330017,0,1050,1509e56925ca0d006f078bb60de8457d817d98a069ad0a0ee27bd3ca4572fab6,PREDICTIONS_FROZEN,False
21,TARGET_ASSISTED_LABELLED_TARGET_CALIBRATION,42,330017,0,1050,b6a117456afe1a8b73d69b336a21af303b3353ba4d8350f3a6bca98ee08f2976,PREDICTIONS_FROZEN,False
35,TARGET_ASSISTED_LABELLED_TARGET_CALIBRATION,42,330017,0,1050,becf404726939a40028d219ef224251be4b288b22522258255f2d1e2d4725c1a,PREDICTIONS_FROZEN,False
50,TARGET_ASSISTED_LABELLED_TARGET_CALIBRATION,42,330017,0,1050,e4b03f790137651a73bb145646001c9cf02838e6f816a4257a6b56cea59d5344,PREDICTIONS_FROZEN,False
100,TARGET_ASSISTED_LABELLED_TARGET_CALIBRATION,42,330017,0,1050,f625b321cac621c935d98e1f15400e27f1da6403f8d9122d2d170ea899bddd02,PREDICTIONS_FROZEN,False
200,TARGET_ASSISTED_LABELLED_TARGET_CALIBRATION,42,330017,0,1050,0f3a2853abb308e93305deeaf23b04bf51fd6d6fe9fccffe297d7db51487e627,PREDICTIONS_FROZEN,False
500,TARGET_ASSISTED_LABELLED_TARGET_CALIBRATION,42,330017,0,1050,9526acd9a13187adc637a789fbb73ed525b37fee37dfb5555eaf3f251a8c2893,PREDICTIONS_FROZEN,False
7,TARGET_ASSISTED_LABELLED_TARGET_CALIBRATION,42,355031,0,1050,27b4b3a2fd679cdcd190ccb9c9e0a3aa53ce613cd50f772a935d0bfc70432f18,PREDICTIONS_FROZEN,False
10,TARGET_ASSISTED_LABELLED_TARGET_CALIBRATION,42,355031,0,1050,9e99770d9e4e2bddeb0e9eacaf293f29d6311542bedee8e5e86f6ad0f5f6e703,PREDICTIONS_FROZEN,False
20,TARGET_ASSISTED_LABELLED_TARGET_CALIBRATION,42,355031,0,1050,7766903ac3bdc18731112db662f7b695db372d2bb8eedf99cbaf19662c4ef93a,PREDICTIONS_FROZEN,False
21,TARGET_ASSISTED_LABELLED_TARGET_CALIBRATION,42,355031,0,1050,1b00d0b8a8175024a359730ee83e8bfce079c901fa37a32b00c0dcaac28ed3db,PREDICTIONS_FROZEN,False
35,TARGET_ASSISTED_LABELLED_TARGET_CALIBRATION,42,355031,0,1050,647e94b759212fabdb2931ab87c51e03b09c13320648a736168a57b12faf70e8,PREDICTIONS_FROZEN,False
50,TARGET_ASSISTED_LABELLED_TARGET_CALIBRATION,42,355031,0,1050,b9648cc1ac6c435510f2a8daa02c4e9b33da6bb0be90e97ad22aa178aab3ebdd,PREDICTIONS_FROZEN,False
100,TARGET_ASSISTED_LABELLED_TARGET_CALIBRATION,42,355031,0,1050,481952ab1132e010fe3254418c538bd02e7dcfe918e521829607175b578e9e7b,PREDICTIONS_FROZEN,False
200,TARGET_ASSISTED_LABELLED_TARGET_CALIBRATION,42,355031,0,1050,b1ab7e98f39f9d0f078eb7aef5b89225da95dbf018142fd8ededebc35795015d,PREDICTIONS_FROZEN,False
500,TARGET_ASSISTED_LABELLED_TARGET_CALIBRATION,42,355031,0,1050,cdf5e50e7f50927226cb6b9789f930b09a3307746db7e06b2622cc5d13bd8836,PREDICTIONS_FROZEN,False
7,TARGET_ASSISTED_LABELLED_TARGET_CALIBRATION,42,380041,0,1050,07da4acf4a8714d248fce2abd8a49f730d7510fa4826d920164129af2619932a,PREDICTIONS_FROZEN,False
10,TARGET_ASSISTED_LABELLED_TARGET_CALIBRATION,42,380041,0,1050,fb807ce16b7395009bbb45fbedf330094e5f58087b562e3d2f06457d5ca5af41,PREDICTIONS_FROZEN,False
20,TARGET_ASSISTED_LABELLED_TARGET_CALIBRATION,42,380041,0,1050,0f8907866833e795d214814926f79c4b88380ac39fa6f92c06b11a93b4efe1be,PREDICTIONS_FROZEN,False
21,TARGET_ASSISTED_LABELLED_TARGET_CALIBRATION,42,380041,0,1050,c9ab87d927b9b7989d75b12c5589069e0ce57190f41817819749e8ad4196333c,PREDICTIONS_FROZEN,False
35,TARGET_ASSISTED_LABELLED_TARGET_CALIBRATION,42,380041,0,1050,2d0bfaec9b08d4ea6afbe2b332da16a4741c50c38a20bc2550df58b271894797,PREDICTIONS_FROZEN,False
50,TARGET_ASSISTED_LABELLED_TARGET_CALIBRATION,42,380041,0,1050,0db71fcca7efdfb2826889e6c4a5127ed13e65a4b865279767fc1328529350ce,PREDICTIONS_FROZEN,False
100,TARGET_ASSISTED_LABELLED_TARGET_CALIBRATION,42,380041,0,1050,158ded5a3c8aa77fe0b5a21a221b4b974c1d685fdfdb66b8126be208e4b564d9,PREDICTIONS_FROZEN,False
200,TARGET_ASSISTED_LABELLED_TARGET_CALIBRATION,42,380041,0,1050,f6ffc8a585c28387cdd9dc13212f59018fde9e7b0a264da043b4d22cba9e608e,PREDICTIONS_FROZEN,False
500,TARGET_ASSISTED_LABELLED_TARGET_CALIBRATION,42,380041,0,1050,9fc3249aa1183b4ca90f8742c217d31262b0b911c4d20d3da2cce9da1df5bac5,PREDICTIONS_FROZEN,False
7,TARGET_ASSISTED_LABELLED_TARGET_CALIBRATION,42,405019,0,1050,4f3be7afad098a2c2bf02383a67b76eb7a1855bf740534c53231688a1a21e8de,PREDICTIONS_FROZEN,False
10,TARGET_ASSISTED_LABELLED_TARGET_CALIBRATION,42,405019,0,1050,a797fbd00aa2992546137bd24a2d01592cc8f507a13f73d6d5ffe74707b418d6,PREDICTIONS_FROZEN,False
20,TARGET_ASSISTED_LABELLED_TARGET_CALIBRATION,42,405019,0,1050,1a719e57b69e9f3c20ecbdb19f6835849c26b5c01b1117eb3d09821331eec3f3,PREDICTIONS_FROZEN,False
21,TARGET_ASSISTED_LABELLED_TARGET_CALIBRATION,42,405019,0,1050,d49b57039920e937add8137d215a58dd5b56b40e79fed188450099e09e8c55bf,PREDICTIONS_FROZEN,False
35,TARGET_ASSISTED_LABELLED_TARGET_CALIBRATION,42,405019,0,1050,7f3caa14060b0f64d5f51dbd6ffe92c8236de747304b04236b1fb2ab7ce5c493,PREDICTIONS_FROZEN,False
50,TARGET_ASSISTED_LABELLED_TARGET_CALIBRATION,42,405019,0,1050,3f963a387c5a15fc816fe23387dd11196d60dce553f776591b0cecf0ed96593f,PREDICTIONS_FROZEN,False
100,TARGET_ASSISTED_LABELLED_TARGET_CALIBRATION,42,405019,0,1050,46e8748115a2abac599df5b5d4bd8070f7b530d91f526c566ec7d3c2282960d6,PREDICTIONS_FROZEN,False
200,TARGET_ASSISTED_LABELLED_TARGET_CALIBRATION,42,405019,0,1050,89d59157bc2c871ff5fa3a29b534434ca024b7dec820623f30c4cfe3d3d13a63,PREDICTIONS_FROZEN,False
500,TARGET_ASSISTED_LABELLED_TARGET_CALIBRATION,42,405019,0,1050,e1f99fcdc8571017b7dc11ce0c34e3927627e3c236ba573fb00dda472ea071c7,PREDICTIONS_FROZEN,False
7,TARGET_ASSISTED_LABELLED_TARGET_CALIBRATION,42,430007,0,1050,34eab0f314007644edb98c489a88084b94fbe22e6e5fcfe3908c2c3310b41867,PREDICTIONS_FROZEN,False
10,TARGET_ASSISTED_LABELLED_TARGET_CALIBRATION,42,430007,0,1050,1d5f74d1e350653e43de6c45bf899974b125b2ef2c4eaea905e3868c7abf81c6,PREDICTIONS_FROZEN,False
20,TARGET_ASSISTED_LABELLED_TARGET_CALIBRATION,42,430007,0,1050,45cb81e03f9d2a5b833b3afbc796c7d31c11052c313f2a2a9a48581011bd427f,PREDICTIONS_FROZEN,False
21,TARGET_ASSISTED_LABELLED_TARGET_CALIBRATION,42,430007,0,1050,b54468f5df85008989541cd8e126a607b1719daeceb02d7b8d0d036cd015867f,PREDICTIONS_FROZEN,False
35,TARGET_ASSISTED_LABELLED_TARGET_CALIBRATION,42,430007,0,1050,76390c68e70652db545ef01c61b0e694a53968445c39f0981b40ab6643471017,PREDICTIONS_FROZEN,False
50,TARGET_ASSISTED_LABELLED_TARGET_CALIBRATION,42,430007,0,1050,e0bcb564de7b9e7a24a97c4cea4fb260f51cf7752ae2d4b51fbe2feb7cbba309,PREDICTIONS_FROZEN,False
100,TARGET_ASSISTED_LABELLED_TARGET_CALIBRATION,42,430007,0,1050,7ad6f68c507968e44b215d9be5c42f6564b3bbdff4ce1bed48a4f9cea0e2f5f1,PREDICTIONS_FROZEN,False
200,TARGET_ASSISTED_LABELLED_TARGET_CALIBRATION,42,430007,0,1050,0916513e9b1a1e70976898c37b821ad7830583fab6321b4991a2ed828b55adf0,PREDICTIONS_FROZEN,False
500,TARGET_ASSISTED_LABELLED_TARGET_CALIBRATION,42,430007,0,1050,934becd5f53bcbb11baf6221d3fab4ef727f53fed7785d1b32d9848cee5a2f8e,PREDICTIONS_FROZEN,False
7,TARGET_ASSISTED_LABELLED_TARGET_CALIBRATION,42,455003,0,1050,0af6fdf4cd28002527506bf99ea7aa3703534d53f1b4a89261fd34fc3a3b18bc,PREDICTIONS_FROZEN,False
10,TARGET_ASSISTED_LABELLED_TARGET_CALIBRATION,42,455003,0,1050,6b7b01d0cc347460d9c55835487b7430d48b9b8dda543a9678e48a52977d43d9,PREDICTIONS_FROZEN,False
20,TARGET_ASSISTED_LABELLED_TARGET_CALIBRATION,42,455003,0,1050,b2c15fef39f4e3919e6ca1b819a0a9705d3594b7e8c6f654acd295720a00d822,PREDICTIONS_FROZEN,False
21,TARGET_ASSISTED_LABELLED_TARGET_CALIBRATION,42,455003,0,1050,d49b57039920e937add8137d215a58dd5b56b40e79fed188450099e09e8c55bf,PREDICTIONS_FROZEN,False
35,TARGET_ASSISTED_LABELLED_TARGET_CALIBRATION,42,455003,0,1050,24f2a10e1c716c5e59527d6e75ccab2467f8b7412bca7bcdc1a0700aded72870,PREDICTIONS_FROZEN,False
50,TARGET_ASSISTED_LABELLED_TARGET_CALIBRATION,42,455003,0,1050,31a7525e447bfc82e9b31ebeac23b21d326e229bfc4c39dd2693efb92f1f7553,PREDICTIONS_FROZEN,False
100,TARGET_ASSISTED_LABELLED_TARGET_CALIBRATION,42,455003,0,1050,40058105c548aa4b07a748b38557ce0cfb31c13026e95825b520e17522783c47,PREDICTIONS_FROZEN,False
200,TARGET_ASSISTED_LABELLED_TARGET_CALIBRATION,42,455003,0,1050,086cdc5b2691b99961b83d7bef6917c60f5589ef01a19589b14b9c4c97818017,PREDICTIONS_FROZEN,False
500,TARGET_ASSISTED_LABELLED_TARGET_CALIBRATION,42,455003,0,1050,14e97a41fccdc50470c286cf9a011a8be2f7569175e8ae103cb9275badb8b2f2,PREDICTIONS_FROZEN,False
7,TARGET_ASSISTED_LABELLED_TARGET_CALIBRATION,42,480017,0,1050,36346adbb59eef9d1f947524d534c52deb8a031c1a1afa948d33bf80d3199be0,PREDICTIONS_FROZEN,False
10,TARGET_ASSISTED_LABELLED_TARGET_CALIBRATION,42,480017,0,1050,c918e536f1107b8e14bf45b4a781cffd0b24476eedb47f3fa830165d805e3afc,PREDICTIONS_FROZEN,False
20,TARGET_ASSISTED_LABELLED_TARGET_CALIBRATION,42,480017,0,1050,11c1f24ea447d820543754b2f856f4dde225f208b38dc49056817455a1bf28d5,PREDICTIONS_FROZEN,False
21,TARGET_ASSISTED_LABELLED_TARGET_CALIBRATION,42,480017,0,1050,8930efbf6f17af7a1d03720dd11193803444a681fcdbef38a675ebc51429b1da,PREDICTIONS_FROZEN,False
35,TARGET_ASSISTED_LABELLED_TARGET_CALIBRATION,42,480017,0,1050,eef5bf8a0f95e7a9fd2dd51ababb28fbaf48fa8ef96a8e3093a8e3b9bde67f80,PREDICTIONS_FROZEN,False
50,TARGET_ASSISTED_LABELLED_TARGET_CALIBRATION,42,480017,0,1050,c56bc44cd0cae990f60bcd933723fc4b39a5fa389586ee5970bc03ea479c19c8,PREDICTIONS_FROZEN,False
100,TARGET_ASSISTED_LABELLED_TARGET_CALIBRATION,42,480017,0,1050,096967be950376a29ce4c3bf98cae55ae8e258d9cf24310e7fcb390ee54ac351,PREDICTIONS_FROZEN,False
200,TARGET_ASSISTED_LABELLED_TARGET_CALIBRATION,42,480017,0,1050,e964036c64301de861d6b4d342ba3df9510715be047593d334a89333e1df89e7,PREDICTIONS_FROZEN,False
500,TARGET_ASSISTED_LABELLED_TARGET_CALIBRATION,42,480017,0,1050,172c43118402eca2e998724c6977ff78a5e0eda9a5620d876a7c018c6ec0e39c,PREDICTIONS_FROZEN,False
7,TARGET_ASSISTED_LABELLED_TARGET_CALIBRATION,42,505027,0,1050,ab72dfb25964d33f7d3ac64c2c7284a79fe022a19aaf9640cfb12dd5bdd0559f,PREDICTIONS_FROZEN,False
10,TARGET_ASSISTED_LABELLED_TARGET_CALIBRATION,42,505027,0,1050,b69d59feb5bfb8f0a748d2f190f8a248e91c9ad0da3d94907f1df69deb1b2a65,PREDICTIONS_FROZEN,False
20,TARGET_ASSISTED_LABELLED_TARGET_CALIBRATION,42,505027,0,1050,6dced64512bbdc3460f49d353dba95d8f0b919075e1215f221502b7fe72cb68f,PREDICTIONS_FROZEN,False
21,TARGET_ASSISTED_LABELLED_TARGET_CALIBRATION,42,505027,0,1050,47587d73fd10866ba2b2db1823526fc18fa299c2fbb46af4392c876dcbe95ad8,PREDICTIONS_FROZEN,False
35,TARGET_ASSISTED_LABELLED_TARGET_CALIBRATION,42,505027,0,1050,f5ad2c04f1fc78a38453b86c5289be2e41208f5bfb99edf98e53b82f21b3856a,PREDICTIONS_FROZEN,False
50,TARGET_ASSISTED_LABELLED_TARGET_CALIBRATION,42,505027,0,1050,383e29e38873ccda5dc9d59b3da4bf3f2b8de76c932522cac5429ce43a4fba22,PREDICTIONS_FROZEN,False
100,TARGET_ASSISTED_LABELLED_TARGET_CALIBRATION,42,505027,0,1050,1dcafb943cc3e218f28571c203bf989e6ed6e377e6aa26ff0ecf2e375c7accd9,PREDICTIONS_FROZEN,False
200,TARGET_ASSISTED_LABELLED_TARGET_CALIBRATION,42,505027,0,1050,67f303e18da368334c7bd232b801df275964f61db1ca5ab270b54aca1bc1a6c8,PREDICTIONS_FROZEN,False
500,TARGET_ASSISTED_LABELLED_TARGET_CALIBRATION,42,505027,0,1050,f98fc8041e8da7b0f235a9d03839380b89154871d12346f94b4892b5934731cd,PREDICTIONS_FROZEN,False
7,TARGET_ASSISTED_LABELLED_TARGET_CALIBRATION,42,530017,0,1050,ecab4f1d7a62ef4e651196230f8c9b28393c0414a328123df8d059b2eca38fc5,PREDICTIONS_FROZEN,False
10,TARGET_ASSISTED_LABELLED_TARGET_CALIBRATION,42,530017,0,1050,b98bfd9bc0fc31cdade9e59b6a37e54ca78864f3510e37a43b2723e49cb7aeb1,PREDICTIONS_FROZEN,False
20,TARGET_ASSISTED_LABELLED_TARGET_CALIBRATION,42,530017,0,1050,81eae2ef1ae23ec517f0144f53d5d4c41be1a20fe526a44a373e6681573032dc,PREDICTIONS_FROZEN,False
21,TARGET_ASSISTED_LABELLED_TARGET_CALIBRATION,42,530017,0,1050,7a41f0676ef8f379f7d8c89a3067ba340c099d0c28f5852b174ac1ba72f7a6fe,PREDICTIONS_FROZEN,False
35,TARGET_ASSISTED_LABELLED_TARGET_CALIBRATION,42,530017,0,1050,842323925212c604a561c37e4e6893c07f56edfa7e238ea09339a64b0e11842e,PREDICTIONS_FROZEN,False
50,TARGET_ASSISTED_LABELLED_TARGET_CALIBRATION,42,530017,0,1050,0cf9ee37d5126a372becc439be8a107db7fd692c9abd43b847541c4f0698c4c8,PREDICTIONS_FROZEN,False
100,TARGET_ASSISTED_LABELLED_TARGET_CALIBRATION,42,530017,0,1050,b34d784eece9ca06c3962473f3684e55e05f3d4c94d566f57eb56c8332f711f8,PREDICTIONS_FROZEN,False
200,TARGET_ASSISTED_LABELLED_TARGET_CALIBRATION,42,530017,0,1050,8c15e522c099e36dfefe4cec8c81260d9c44ddcb643196c927af0d6ce7799070,PREDICTIONS_FROZEN,False
500,TARGET_ASSISTED_LABELLED_TARGET_CALIBRATION,42,530017,0,1050,486ba0ad68198cd2f3514746743b7fcb09dab08dddbf014e4406f3ce914592da,PREDICTIONS_FROZEN,False
7,TARGET_ASSISTED_LABELLED_TARGET_CALIBRATION,42,555029,0,1050,730070e1396a9ca7cfdf23e58438d4e6b2a6c4d0f0ba3387d7b941f01986f3ed,PREDICTIONS_FROZEN,False
10,TARGET_ASSISTED_LABELLED_TARGET_CALIBRATION,42,555029,0,1050,33f4c1ac21127b58497bdca485a4950b4b2fa8b8a4d63179fa5808c2ac7390bc,PREDICTIONS_FROZEN,False
20,TARGET_ASSISTED_LABELLED_TARGET_CALIBRATION,42,555029,0,1050,b662f20210f4589b3226d71a0f4d43f9cc17075c0945c9319d1d6865e29decf5,PREDICTIONS_FROZEN,False
21,TARGET_ASSISTED_LABELLED_TARGET_CALIBRATION,42,555029,0,1050,8140b85af8b782bf4f34e927a6ceb29e1431ecb2d8467eccaadd5e02f6274fad,PREDICTIONS_FROZEN,False
35,TARGET_ASSISTED_LABELLED_TARGET_CALIBRATION,42,555029,0,1050,a95bb6360e7393e625a3d68e582db802ff26663735f58a3cf1e78b7d8c1551cc,PREDICTIONS_FROZEN,False
50,TARGET_ASSISTED_LABELLED_TARGET_CALIBRATION,42,555029,0,1050,56d0f330b237bb88dbe5a25303a560937fede68895c822bf09cef9e1ec5fdf3a,PREDICTIONS_FROZEN,False
100,TARGET_ASSISTED_LABELLED_TARGET_CALIBRATION,42,555029,0,1050,9b2b64ad20647d6a173b78a91394a0dc259ed66d8ae3389e7bee648098d13517,PREDICTIONS_FROZEN,False
200,TARGET_ASSISTED_LABELLED_TARGET_CALIBRATION,42,555029,0,1050,ef8a2205e56d07d17c141bae73d8d2c2a5a2888748d21552632f5e7db1770bb4,PREDICTIONS_FROZEN,False
500,TARGET_ASSISTED_LABELLED_TARGET_CALIBRATION,42,555029,0,1050,486ba0ad68198cd2f3514746743b7fcb09dab08dddbf014e4406f3ce914592da,PREDICTIONS_FROZEN,False
7,TARGET_ASSISTED_LABELLED_TARGET_CALIBRATION,42,580031,0,1050,42918c04df5e0cc4a9f6c32bb4be995fcb52945ecfe3ac33df0b205e3ae8d603,PREDICTIONS_FROZEN,False
10,TARGET_ASSISTED_LABELLED_TARGET_CALIBRATION,42,580031,0,1050,08f4c70af94208851a871f504803e77bf0df6eb5a0db04bb8021315a0b016bed,PREDICTIONS_FROZEN,False
20,TARGET_ASSISTED_LABELLED_TARGET_CALIBRATION,42,580031,0,1050,b8db59cc442759c4dfba43cfe152a47a3d0d91f703394b1a90e759a0baf5ea0a,PREDICTIONS_FROZEN,False
21,TARGET_ASSISTED_LABELLED_TARGET_CALIBRATION,42,580031,0,1050,0a603ae5bd43fca9f4fde2fc0beb185998eb2cd1cb0bd8e5e79db88b22dfc40a,PREDICTIONS_FROZEN,False
35,TARGET_ASSISTED_LABELLED_TARGET_CALIBRATION,42,580031,0,1050,8944a129cfd5ee73c96e07e78bc6bc64483e7ddfc6f5b150c70b23d537b042a6,PREDICTIONS_FROZEN,False
50,TARGET_ASSISTED_LABELLED_TARGET_CALIBRATION,42,580031,0,1050,d934eb76410154b5b566f62ac82d60064bb04cfedff0deae4bdc2f6a1508713b,PREDICTIONS_FROZEN,False
100,TARGET_ASSISTED_LABELLED_TARGET_CALIBRATION,42,580031,0,1050,07e28faf666dcdee845a92a66006cfa55f2bebcc95591e8a1232fc21a9f1e501,PREDICTIONS_FROZEN,False
200,TARGET_ASSISTED_LABELLED_TARGET_CALIBRATION,42,580031,0,1050,0916513e9b1a1e70976898c37b821ad7830583fab6321b4991a2ed828b55adf0,PREDICTIONS_FROZEN,False
500,TARGET_ASSISTED_LABELLED_TARGET_CALIBRATION,42,580031,0,1050,cdf5e50e7f50927226cb6b9789f930b09a3307746db7e06b2622cc5d13bd8836,PREDICTIONS_FROZEN,False
0,STRICT_SOURCE_ONLY_DG,42,,1,1050,352284f5328fa9357efcfdb8c9c9e0f4a2dc0b67e470a2ca7c93a1efd328cf9e,PREDICTIONS_FROZEN,False
7,TARGET_ASSISTED_LABELLED_TARGET_CALIBRATION,42,104729,1,1050,ec2dd92e739f7162aa01e3550bad6512ad19bff03c6b3cd464600ecc7f8a596f,PREDICTIONS_FROZEN,False
10,TARGET_ASSISTED_LABELLED_TARGET_CALIBRATION,42,104729,1,1050,99316dc2727db36abebe8652866d08ef0783875d2815ac6d1e5349d7fcabb4cd,PREDICTIONS_FROZEN,False
20,TARGET_ASSISTED_LABELLED_TARGET_CALIBRATION,42,104729,1,1050,32c67c6e6bb2d29664e8b2308ad9458ec92a25d56d12c4c3c71d64defc030fa2,PREDICTIONS_FROZEN,False
21,TARGET_ASSISTED_LABELLED_TARGET_CALIBRATION,42,104729,1,1050,b406eec04ff6046a50cbe993be8131b2a19961f6f5f973f75816bdf72e711696,PREDICTIONS_FROZEN,False
35,TARGET_ASSISTED_LABELLED_TARGET_CALIBRATION,42,104729,1,1050,969b7a4dc9f9bd35e5fc1565b0df40aa68ac27159026f043f9e214473174e3ae,PREDICTIONS_FROZEN,False
50,TARGET_ASSISTED_LABELLED_TARGET_CALIBRATION,42,104729,1,1050,f2e1ba207b313bd7d9d3137ba237be54adfc503565da1aba6144a9af6420179a,PREDICTIONS_FROZEN,False
100,TARGET_ASSISTED_LABELLED_TARGET_CALIBRATION,42,104729,1,1050,8ea726b2fdd47eb8d3e65d28c339f01d6a01763fdd454b43be3e6206408d30a0,PREDICTIONS_FROZEN,False
200,TARGET_ASSISTED_LABELLED_TARGET_CALIBRATION,42,104729,1,1050,5233c6efc5bb36ebb6f889a3765f2b09aaae46bbe2f85f9ebe1752b699133535,PREDICTIONS_FROZEN,False
500,TARGET_ASSISTED_LABELLED_TARGET_CALIBRATION,42,104729,1,1050,5233c6efc5bb36ebb6f889a3765f2b09aaae46bbe2f85f9ebe1752b699133535,PREDICTIONS_FROZEN,False
7,TARGET_ASSISTED_LABELLED_TARGET_CALIBRATION,42,130363,1,1050,8ec8ec8ae5cc505d68236f2fad441304f936fa9c0973a3736bc786afe50fec18,PREDICTIONS_FROZEN,False
10,TARGET_ASSISTED_LABELLED_TARGET_CALIBRATION,42,130363,1,1050,5770f6133f76de74ad16c8a5a86efd009160ece396e7055fb0fb79e4a0d42612,PREDICTIONS_FROZEN,False
20,TARGET_ASSISTED_LABELLED_TARGET_CALIBRATION,42,130363,1,1050,bd64e26794e95b114b547f27c53fef0be0ae33e7bbd1fda51078b544bd733369,PREDICTIONS_FROZEN,False
21,TARGET_ASSISTED_LABELLED_TARGET_CALIBRATION,42,130363,1,1050,973724eaa202f7b7ae1ca470a836b01e1b414228866e39f0eb1b7ae98af2ee40,PREDICTIONS_FROZEN,False
35,TARGET_ASSISTED_LABELLED_TARGET_CALIBRATION,42,130363,1,1050,1fea55e35bdaab35523900ddd945bd47b1c8ed83cb32ecb9fc44b08058dec2ba,PREDICTIONS_FROZEN,False
50,TARGET_ASSISTED_LABELLED_TARGET_CALIBRATION,42,130363,1,1050,f191a533e2b4bb7ba67766a25b011f9b0a9bf2b37f79f8abc3d15177384b1290,PREDICTIONS_FROZEN,False
100,TARGET_ASSISTED_LABELLED_TARGET_CALIBRATION,42,130363,1,1050,3917edc87519d4afa5b77f8729b0d1a5248d261484beedf40da26c587c86b69f,PREDICTIONS_FROZEN,False
200,TARGET_ASSISTED_LABELLED_TARGET_CALIBRATION,42,130363,1,1050,e6eaf3a20dbf91183c9d69b1d7026c653582cb8653d1cac3cfe5c12b08fe5bb8,PREDICTIONS_FROZEN,False
500,TARGET_ASSISTED_LABELLED_TARGET_CALIBRATION,42,130363,1,1050,6e682c0495645ed323391606b8247957b78d40582cec816912747626ae5d3ee1,PREDICTIONS_FROZEN,False
7,TARGET_ASSISTED_LABELLED_TARGET_CALIBRATION,42,155921,1,1050,157a2f6d68069b37a890035326656c46b9811f9fc43776f015c66a85a7e0f7aa,PREDICTIONS_FROZEN,False
10,TARGET_ASSISTED_LABELLED_TARGET_CALIBRATION,42,155921,1,1050,ebefcd658f10d340a49ed14388a0496977a432e0372848747d64e5cb2f84803e,PREDICTIONS_FROZEN,False
20,TARGET_ASSISTED_LABELLED_TARGET_CALIBRATION,42,155921,1,1050,e404d8bbb1d5879d52cbe117663f09f778db013d9eabefca7a7ef6e05181006f,PREDICTIONS_FROZEN,False
21,TARGET_ASSISTED_LABELLED_TARGET_CALIBRATION,42,155921,1,1050,ebe039c50edc9e83eb95a10f8eff7c79666c824d3bde3cd973cbfdc2e10f422a,PREDICTIONS_FROZEN,False
35,TARGET_ASSISTED_LABELLED_TARGET_CALIBRATION,42,155921,1,1050,d7a22a5b74c579300693043cfd3024bdbf87a49699373c8a4fab0c47bd17d440,PREDICTIONS_FROZEN,False
50,TARGET_ASSISTED_LABELLED_TARGET_CALIBRATION,42,155921,1,1050,d3f08ce7debcb09e41ed6c9319618771280b65e75926a3e5c375c69da9ed05b2,PREDICTIONS_FROZEN,False
100,TARGET_ASSISTED_LABELLED_TARGET_CALIBRATION,42,155921,1,1050,2e51ef1de0fef745b749b64ac2c611563c31f6ab5cfbcb4d1762ed208c9b1c0b,PREDICTIONS_FROZEN,False
200,TARGET_ASSISTED_LABELLED_TARGET_CALIBRATION,42,155921,1,1050,b0e5782af5d265e3ad14a70774fa244ca53c60b234b7f355a3b0e26b7855f104,PREDICTIONS_FROZEN,False
500,TARGET_ASSISTED_LABELLED_TARGET_CALIBRATION,42,155921,1,1050,b0e5782af5d265e3ad14a70774fa244ca53c60b234b7f355a3b0e26b7855f104,PREDICTIONS_FROZEN,False
7,TARGET_ASSISTED_LABELLED_TARGET_CALIBRATION,42,181081,1,1050,c4c20786976b6495fd69b389fc25d5c6f942fdf245b4b5a126c13629e13a62dd,PREDICTIONS_FROZEN,False
10,TARGET_ASSISTED_LABELLED_TARGET_CALIBRATION,42,181081,1,1050,e4ea425227c394fd8f938b23cadb818c0059811ed761c620cedf16308be1e0de,PREDICTIONS_FROZEN,False
20,TARGET_ASSISTED_LABELLED_TARGET_CALIBRATION,42,181081,1,1050,2b221511eba19db0d9ef2f817b82f878a949aa463ced9f32e6c9b9b463012d41,PREDICTIONS_FROZEN,False
21,TARGET_ASSISTED_LABELLED_TARGET_CALIBRATION,42,181081,1,1050,c90567a8348fa99d2ebefbe304a7385d8fbfaf054fd252b74287e89e82ab3688,PREDICTIONS_FROZEN,False
35,TARGET_ASSISTED_LABELLED_TARGET_CALIBRATION,42,181081,1,1050,97583486007840e16c61b62261751d386e7b66d5de2479250a476e620aaec9fb,PREDICTIONS_FROZEN,False
50,TARGET_ASSISTED_LABELLED_TARGET_CALIBRATION,42,181081,1,1050,a1f522e1af7f0257841703a4fc1ffff3267b247163c6b1b97ecb20692a9dfbe8,PREDICTIONS_FROZEN,False
100,TARGET_ASSISTED_LABELLED_TARGET_CALIBRATION,42,181081,1,1050,a165ad09d9d4cf446383c056833719719f9c052b5b32e26339f312b861119348,PREDICTIONS_FROZEN,False
200,TARGET_ASSISTED_LABELLED_TARGET_CALIBRATION,42,181081,1,1050,5f9c651b585fe9a8543d6da4fd2147c003f659c172f1dd33e965f3aed3b330ea,PREDICTIONS_FROZEN,False
500,TARGET_ASSISTED_LABELLED_TARGET_CALIBRATION,42,181081,1,1050,6245ded0f35fbec52320a5b331a2ebc1a4793cf3611490874f977eb6d7832b17,PREDICTIONS_FROZEN,False
7,TARGET_ASSISTED_LABELLED_TARGET_CALIBRATION,42,205439,1,1050,b5036c19d52449cc32ea8f9eea043e92a7c70e45245a4e06911c8625930bf8fa,PREDICTIONS_FROZEN,False
10,TARGET_ASSISTED_LABELLED_TARGET_CALIBRATION,42,205439,1,1050,bbafe1d7a6a66c221794d452546040cf2af80576ab8eccb267f5f395643b03f2,PREDICTIONS_FROZEN,False
20,TARGET_ASSISTED_LABELLED_TARGET_CALIBRATION,42,205439,1,1050,4152459a8497a4d527af552485da8663dff31f4e5785e2433fc8de53ed9e03f8,PREDICTIONS_FROZEN,False
21,TARGET_ASSISTED_LABELLED_TARGET_CALIBRATION,42,205439,1,1050,b23ad71e64ddf5b18376c54d9ad789fc7317457338e207776ce694d1e2748df1,PREDICTIONS_FROZEN,False
35,TARGET_ASSISTED_LABELLED_TARGET_CALIBRATION,42,205439,1,1050,b17ef29bfa43b4d40dd44478d73a99dd15ae09f468a89281699519ee0721d321,PREDICTIONS_FROZEN,False
50,TARGET_ASSISTED_LABELLED_TARGET_CALIBRATION,42,205439,1,1050,3b1cc31e065cd855acb367b8a36441b802274127571454c50896f9ef653aec8a,PREDICTIONS_FROZEN,False
100,TARGET_ASSISTED_LABELLED_TARGET_CALIBRATION,42,205439,1,1050,8c15a2a2ff35ee505cbef3b5b4337dc6078737ed561b80f4afe3b2684276f0b9,PREDICTIONS_FROZEN,False
200,TARGET_ASSISTED_LABELLED_TARGET_CALIBRATION,42,205439,1,1050,2a8599266dc475fda1986e881fe4fb200b06968a7db5f845fc5503577089a96b,PREDICTIONS_FROZEN,False
500,TARGET_ASSISTED_LABELLED_TARGET_CALIBRATION,42,205439,1,1050,dba045b4453347bf526f2c3ea5f627f89b22c0a977f1a8091b7e88635f30f574,PREDICTIONS_FROZEN,False
7,TARGET_ASSISTED_LABELLED_TARGET_CALIBRATION,42,230003,1,1050,bf384ad23c12d2fb6e63db441578861453cd0cbc1940f67ebd9b3b50877f8fd3,PREDICTIONS_FROZEN,False
10,TARGET_ASSISTED_LABELLED_TARGET_CALIBRATION,42,230003,1,1050,685d294b3851f86606107056167bea6fefa4a5dd6fe0a9e4b431de77779847d6,PREDICTIONS_FROZEN,False
20,TARGET_ASSISTED_LABELLED_TARGET_CALIBRATION,42,230003,1,1050,47a69c3b13b60477cdb28b824b0d416bcb356bedc62bbd117223724e368a4b0d,PREDICTIONS_FROZEN,False
21,TARGET_ASSISTED_LABELLED_TARGET_CALIBRATION,42,230003,1,1050,e6a4b80c33d15be873677566266ea728a5d08422f254a583bb8e1c5298b6db64,PREDICTIONS_FROZEN,False
35,TARGET_ASSISTED_LABELLED_TARGET_CALIBRATION,42,230003,1,1050,02ab4875d8a8e6f07a29f49fa65012babf1e048312a6a10636acf9f9018f318d,PREDICTIONS_FROZEN,False
50,TARGET_ASSISTED_LABELLED_TARGET_CALIBRATION,42,230003,1,1050,a207c4dad4e26174e78c671ab2c152614a0ab1f6ba7a5dc0e6cd7da412b6e762,PREDICTIONS_FROZEN,False
100,TARGET_ASSISTED_LABELLED_TARGET_CALIBRATION,42,230003,1,1050,26acd8d740b1c75168462bf690a4e360b47ae10b02334cb1cd6f2bcb35b32eed,PREDICTIONS_FROZEN,False
200,TARGET_ASSISTED_LABELLED_TARGET_CALIBRATION,42,230003,1,1050,010501178af997ad255526c4d5b1f21c0705eb917679dc821fd621109f22dfc6,PREDICTIONS_FROZEN,False
500,TARGET_ASSISTED_LABELLED_TARGET_CALIBRATION,42,230003,1,1050,c3d97b6d28d5fa60cf773d97148abbfa2f6c7bbec17e33821e79d3ecc3c570e3,PREDICTIONS_FROZEN,False
7,TARGET_ASSISTED_LABELLED_TARGET_CALIBRATION,42,254959,1,1050,be6e6420c16affed2837175cd317ddd23bb19b70441bd67ae6e579c04c85d143,PREDICTIONS_FROZEN,False
10,TARGET_ASSISTED_LABELLED_TARGET_CALIBRATION,42,254959,1,1050,08f455b751622584a8e424e313366ed065165c44ac6447aa825f1d5353d82e2f,PREDICTIONS_FROZEN,False
20,TARGET_ASSISTED_LABELLED_TARGET_CALIBRATION,42,254959,1,1050,9fe4bef469f756a0decd836828208d51927d013087a79beab40a9f7922446b19,PREDICTIONS_FROZEN,False
21,TARGET_ASSISTED_LABELLED_TARGET_CALIBRATION,42,254959,1,1050,e404d8bbb1d5879d52cbe117663f09f778db013d9eabefca7a7ef6e05181006f,PREDICTIONS_FROZEN,False
35,TARGET_ASSISTED_LABELLED_TARGET_CALIBRATION,42,254959,1,1050,97583486007840e16c61b62261751d386e7b66d5de2479250a476e620aaec9fb,PREDICTIONS_FROZEN,False
50,TARGET_ASSISTED_LABELLED_TARGET_CALIBRATION,42,254959,1,1050,b0871721080f26bc070e6ce301d41978041de0d42e5b59747916e2ec17b5b944,PREDICTIONS_FROZEN,False
100,TARGET_ASSISTED_LABELLED_TARGET_CALIBRATION,42,254959,1,1050,770f28eb9d03a24ea55a154c20faa19cb6872b742bf96d2892115d11adb6dd76,PREDICTIONS_FROZEN,False
200,TARGET_ASSISTED_LABELLED_TARGET_CALIBRATION,42,254959,1,1050,7624f363dbedbfba9353a8184214d793960307972332551b68e50c8180c5d5ff,PREDICTIONS_FROZEN,False
500,TARGET_ASSISTED_LABELLED_TARGET_CALIBRATION,42,254959,1,1050,f9b29db22a1d5880a6c6f993d47411094a49fdb146065b772d1e7579dccf2296,PREDICTIONS_FROZEN,False
7,TARGET_ASSISTED_LABELLED_TARGET_CALIBRATION,42,280001,1,1050,c2a692dc2c7d40f9400e977cf5aaca6c64064ab9db530f7bdcec23e1bc61c5f5,PREDICTIONS_FROZEN,False
10,TARGET_ASSISTED_LABELLED_TARGET_CALIBRATION,42,280001,1,1050,a8a7186e7bdb58e29fc44e7f64ae8ba1f2f41945cc73a4e1ec5e45971112c2c7,PREDICTIONS_FROZEN,False
20,TARGET_ASSISTED_LABELLED_TARGET_CALIBRATION,42,280001,1,1050,64dd9c38866218663753c009c7bb828ee06a7c76e62aec23610a7b0e5766a0c0,PREDICTIONS_FROZEN,False
21,TARGET_ASSISTED_LABELLED_TARGET_CALIBRATION,42,280001,1,1050,ada56200cc6fa59e1b22e3c28e4ff08f0385a497e46ba7dc4f3121d1eb51065a,PREDICTIONS_FROZEN,False
35,TARGET_ASSISTED_LABELLED_TARGET_CALIBRATION,42,280001,1,1050,95e849fecd2fd22566dde9cc33cc6dbef231cfeebe2446e2be50f1b5b3d6582e,PREDICTIONS_FROZEN,False
50,TARGET_ASSISTED_LABELLED_TARGET_CALIBRATION,42,280001,1,1050,42ac8aef49de6eb15bbf65c7c1fc6c252d5ebe48363c2543211f9fef6d7494e3,PREDICTIONS_FROZEN,False
100,TARGET_ASSISTED_LABELLED_TARGET_CALIBRATION,42,280001,1,1050,27b440973f1665bf19c06c2f48b355f0ae1f73c17711467268db8d8deed0463f,PREDICTIONS_FROZEN,False
200,TARGET_ASSISTED_LABELLED_TARGET_CALIBRATION,42,280001,1,1050,0e1b5c94a19589437233c685fa7507a98172835dea3f409f9774e98f7bd78baf,PREDICTIONS_FROZEN,False
500,TARGET_ASSISTED_LABELLED_TARGET_CALIBRATION,42,280001,1,1050,5b88c0e2633f83f9aa9d91170853829276d15616ddd0fa73c43a4c89e8d99d74,PREDICTIONS_FROZEN,False
7,TARGET_ASSISTED_LABELLED_TARGET_CALIBRATION,42,305093,1,1050,87a9bced39afa9a8eade22c5e0f50d61ddb21a6fcd88f6b67d82746e8a0995ea,PREDICTIONS_FROZEN,False
10,TARGET_ASSISTED_LABELLED_TARGET_CALIBRATION,42,305093,1,1050,37291833755ca01cebd94b9126ffb2cf733c87f7b82237f46dc42665ec959030,PREDICTIONS_FROZEN,False
20,TARGET_ASSISTED_LABELLED_TARGET_CALIBRATION,42,305093,1,1050,f023837752569d3a18420210f8bfc36bdbbdd1e0f21b4092ddfaf375ca3e9308,PREDICTIONS_FROZEN,False
21,TARGET_ASSISTED_LABELLED_TARGET_CALIBRATION,42,305093,1,1050,64a6655f7a672ef04fecfb348d10365760704cbe2aeae8908c8969044a89a963,PREDICTIONS_FROZEN,False
35,TARGET_ASSISTED_LABELLED_TARGET_CALIBRATION,42,305093,1,1050,61a61b71862c2aad75fed82cce257cd19438738a49494fc4095424ab94068da1,PREDICTIONS_FROZEN,False
50,TARGET_ASSISTED_LABELLED_TARGET_CALIBRATION,42,305093,1,1050,f2432d2b99605021a9832211bc2cba7256622da683f9b7456e2aef5625fada3c,PREDICTIONS_FROZEN,False
100,TARGET_ASSISTED_LABELLED_TARGET_CALIBRATION,42,305093,1,1050,ace9be51e0076c52ac14a69fc4b1e009f83a43d2c3d221dc1dfd422996fd32c7,PREDICTIONS_FROZEN,False
200,TARGET_ASSISTED_LABELLED_TARGET_CALIBRATION,42,305093,1,1050,7fdd8ccedd40f7979126e38c0d2ba08bde84bc5b8afd6defa3ba6c78624cdba4,PREDICTIONS_FROZEN,False
500,TARGET_ASSISTED_LABELLED_TARGET_CALIBRATION,42,305093,1,1050,2b3498548bcd05c9fb75e075385d27ed866f7caaf5e2562db7c9fc97efd43207,PREDICTIONS_FROZEN,False
7,TARGET_ASSISTED_LABELLED_TARGET_CALIBRATION,42,330017,1,1050,66124f54b7ae63ec404e448e78d33bb5e0c45e0d7cb348f52392f0b978a9aad5,PREDICTIONS_FROZEN,False
10,TARGET_ASSISTED_LABELLED_TARGET_CALIBRATION,42,330017,1,1050,7d8dada5919343a6567dc1f8991ef18f29fe7c2ff137ad3fed8584301b75f5da,PREDICTIONS_FROZEN,False
20,TARGET_ASSISTED_LABELLED_TARGET_CALIBRATION,42,330017,1,1050,1b07c61b85b6700278e2e57da025c4644a9ecb7c3915976c60af0abc5f485726,PREDICTIONS_FROZEN,False
21,TARGET_ASSISTED_LABELLED_TARGET_CALIBRATION,42,330017,1,1050,5e1736ceac0e22a707888e507051d37f6db21485147e4c4220a1d979fb40d3f8,PREDICTIONS_FROZEN,False
35,TARGET_ASSISTED_LABELLED_TARGET_CALIBRATION,42,330017,1,1050,f9a46bcd4b73e69e5bb403283efd3013eea5978884be965141940ddfa879fa71,PREDICTIONS_FROZEN,False
50,TARGET_ASSISTED_LABELLED_TARGET_CALIBRATION,42,330017,1,1050,af57e7e4472a48268e41a658c3f895e9e9ac1fd8aa41da65da94dafb8da5f912,PREDICTIONS_FROZEN,False
100,TARGET_ASSISTED_LABELLED_TARGET_CALIBRATION,42,330017,1,1050,ac09a7c545b7c8c94a549cb0ab34e9440b28cdd9b9193cdfc738d11d0958fcee,PREDICTIONS_FROZEN,False
200,TARGET_ASSISTED_LABELLED_TARGET_CALIBRATION,42,330017,1,1050,d7523afb9ebb85d0f7c98ac332b9b88a432d5f600f9d3c8dc4535f4738f194b8,PREDICTIONS_FROZEN,False
500,TARGET_ASSISTED_LABELLED_TARGET_CALIBRATION,42,330017,1,1050,89f50ce026778c4550c92ffad20c7b9d7549db09764ecfca42fc6dc9a98d3682,PREDICTIONS_FROZEN,False
7,TARGET_ASSISTED_LABELLED_TARGET_CALIBRATION,42,355031,1,1050,fbcca5f3a80acb81b88233a9865b27d2b1a88d2f508b50b7c604a1f519000376,PREDICTIONS_FROZEN,False
10,TARGET_ASSISTED_LABELLED_TARGET_CALIBRATION,42,355031,1,1050,ec4f43277c540347c58155c9f23a250f2b89507ca297800f6265181bfbbe2dab,PREDICTIONS_FROZEN,False
20,TARGET_ASSISTED_LABELLED_TARGET_CALIBRATION,42,355031,1,1050,e8f1458c58e5f2c0b84e8a51785cb15c179c3a3e49efd42a5bf7254dd0f9751b,PREDICTIONS_FROZEN,False
21,TARGET_ASSISTED_LABELLED_TARGET_CALIBRATION,42,355031,1,1050,221592a9dd8c9ac71c7f3fcd86199685a03e3549f393db3f095d54d7cccdd253,PREDICTIONS_FROZEN,False
35,TARGET_ASSISTED_LABELLED_TARGET_CALIBRATION,42,355031,1,1050,cf14d6d83719d225b78ed1b9899a2c6376c3ac515d01e3aa9803821642c4411a,PREDICTIONS_FROZEN,False
50,TARGET_ASSISTED_LABELLED_TARGET_CALIBRATION,42,355031,1,1050,ed566a6057b38dfd832fe9bbefe2f8d65a90f89267a2f206ea3ed1015521ceec,PREDICTIONS_FROZEN,False
100,TARGET_ASSISTED_LABELLED_TARGET_CALIBRATION,42,355031,1,1050,01d2a81faec1fb8096fc74708923ae568130907eb4ddb46235821c6c74f671e1,PREDICTIONS_FROZEN,False
200,TARGET_ASSISTED_LABELLED_TARGET_CALIBRATION,42,355031,1,1050,9f88e177a40b1311e9d88791f8743e32233b93888a549454ee82cd3639fe67ab,PREDICTIONS_FROZEN,False
500,TARGET_ASSISTED_LABELLED_TARGET_CALIBRATION,42,355031,1,1050,1754b236a44dfa494f9a2e9dfaa540769a44f03d7a8ff8b837855e0a239f0d88,PREDICTIONS_FROZEN,False
7,TARGET_ASSISTED_LABELLED_TARGET_CALIBRATION,42,380041,1,1050,6d7fe835cb1e97a33e82629c7aa7de12e0afcc73096e6830fe8d6f4bb99e11b2,PREDICTIONS_FROZEN,False
10,TARGET_ASSISTED_LABELLED_TARGET_CALIBRATION,42,380041,1,1050,82b9756b2bf897cac22d6a18d66c74a06629f7c34ace408f324868c9ca99790d,PREDICTIONS_FROZEN,False
20,TARGET_ASSISTED_LABELLED_TARGET_CALIBRATION,42,380041,1,1050,ccf79864207286dd96cf057fd4c891268657c501f5ebc0e3f6200f6c824bdee0,PREDICTIONS_FROZEN,False
21,TARGET_ASSISTED_LABELLED_TARGET_CALIBRATION,42,380041,1,1050,489fd444a04e907f445611063c3193811e2488eaf917ea2e9083ac8fbcc89968,PREDICTIONS_FROZEN,False
35,TARGET_ASSISTED_LABELLED_TARGET_CALIBRATION,42,380041,1,1050,8b33242d4c3c1124d18d8601d050f0dfe4e700b6c65735082ed0c83fe9b596fd,PREDICTIONS_FROZEN,False
50,TARGET_ASSISTED_LABELLED_TARGET_CALIBRATION,42,380041,1,1050,cf589fcb195be065b40c52611491662f25483637fdccdf5f0bbe290c81c8ac0f,PREDICTIONS_FROZEN,False
100,TARGET_ASSISTED_LABELLED_TARGET_CALIBRATION,42,380041,1,1050,67376215f948309d2dd284d5aae644e22570d6258191d137967c620db6f62119,PREDICTIONS_FROZEN,False
200,TARGET_ASSISTED_LABELLED_TARGET_CALIBRATION,42,380041,1,1050,e23e5f378ba0d645adc480145dcc13f2c2b811e506086e53df094b059271367b,PREDICTIONS_FROZEN,False
500,TARGET_ASSISTED_LABELLED_TARGET_CALIBRATION,42,380041,1,1050,9a8e069aebe7e387c32513cee93f2a5b9bde73a1689aa1f6073dd23a41b907ef,PREDICTIONS_FROZEN,False
7,TARGET_ASSISTED_LABELLED_TARGET_CALIBRATION,42,405019,1,1050,26de28c4771c033fdc387ae8930c86db6770499e0813c8069379000df600f603,PREDICTIONS_FROZEN,False
10,TARGET_ASSISTED_LABELLED_TARGET_CALIBRATION,42,405019,1,1050,70a7fc58251a2d9d9c86bdbb540be7d0e46a1a87e43b026d707b310eb4364350,PREDICTIONS_FROZEN,False
20,TARGET_ASSISTED_LABELLED_TARGET_CALIBRATION,42,405019,1,1050,a0144955beab33375917730b406e730ea01f2dd7f7bdedfd394894dd685da281,PREDICTIONS_FROZEN,False
21,TARGET_ASSISTED_LABELLED_TARGET_CALIBRATION,42,405019,1,1050,9c4dc6f15304223ab5c1a3cbf8c73d79859816038513457e1a9ecb3ef233afac,PREDICTIONS_FROZEN,False
35,TARGET_ASSISTED_LABELLED_TARGET_CALIBRATION,42,405019,1,1050,0f2f0f3582985fac05c2d1ca1e8beb1bb24ee2ff00d07cffe3e4f47e29b96153,PREDICTIONS_FROZEN,False
50,TARGET_ASSISTED_LABELLED_TARGET_CALIBRATION,42,405019,1,1050,de3e7699367a0b1f3be18db31bca08dc4e9304bb3f34a956305c297b3c64aee1,PREDICTIONS_FROZEN,False
100,TARGET_ASSISTED_LABELLED_TARGET_CALIBRATION,42,405019,1,1050,8425ca224d006fd9bae98393763b8402eec16a64410080ca24b943024a0da15d,PREDICTIONS_FROZEN,False
200,TARGET_ASSISTED_LABELLED_TARGET_CALIBRATION,42,405019,1,1050,8ea726b2fdd47eb8d3e65d28c339f01d6a01763fdd454b43be3e6206408d30a0,PREDICTIONS_FROZEN,False
500,TARGET_ASSISTED_LABELLED_TARGET_CALIBRATION,42,405019,1,1050,6e682c0495645ed323391606b8247957b78d40582cec816912747626ae5d3ee1,PREDICTIONS_FROZEN,False
7,TARGET_ASSISTED_LABELLED_TARGET_CALIBRATION,42,430007,1,1050,f828a710cdd1ca51f76f14abe4364b784fbc83e460a3f53cde9f8998fbe5ffe5,PREDICTIONS_FROZEN,False
10,TARGET_ASSISTED_LABELLED_TARGET_CALIBRATION,42,430007,1,1050,a2da8c9b9c3512a5634cdd802c845b3a7142e6d954df6e8d8aab36c9b5afa838,PREDICTIONS_FROZEN,False
20,TARGET_ASSISTED_LABELLED_TARGET_CALIBRATION,42,430007,1,1050,de828a5a83fc39e7f4348bc0b706ce05a2ecca6012a1468ef76f0ace95c4dae1,PREDICTIONS_FROZEN,False
21,TARGET_ASSISTED_LABELLED_TARGET_CALIBRATION,42,430007,1,1050,f5b44b9c4755b35b27c2fbf17412795ed00d48424f79cabbb389b9bf4b84d497,PREDICTIONS_FROZEN,False
35,TARGET_ASSISTED_LABELLED_TARGET_CALIBRATION,42,430007,1,1050,900b1e0aea9c1c61b2ba8a986473c9c08ab3a4921a7315185396655390387bf1,PREDICTIONS_FROZEN,False
50,TARGET_ASSISTED_LABELLED_TARGET_CALIBRATION,42,430007,1,1050,9a30b60db4d06f89413683a87dcfc4dafa393df98faeb8ecfaacb0f42042e1c1,PREDICTIONS_FROZEN,False
100,TARGET_ASSISTED_LABELLED_TARGET_CALIBRATION,42,430007,1,1050,e74ddcd80686bec9bdfa98936e354d898467edc6994a97cec3a8fdd7462ca19a,PREDICTIONS_FROZEN,False
200,TARGET_ASSISTED_LABELLED_TARGET_CALIBRATION,42,430007,1,1050,dbfe7e073f9af5e9e4ca6d5831367155856aec6701d457bd2f8b9727b9289d30,PREDICTIONS_FROZEN,False
500,TARGET_ASSISTED_LABELLED_TARGET_CALIBRATION,42,430007,1,1050,7ba8d5a261dd1888422d8957e0a6ab205995adbd635f87a176c57ccd095d0657,PREDICTIONS_FROZEN,False
7,TARGET_ASSISTED_LABELLED_TARGET_CALIBRATION,42,455003,1,1050,26de28c4771c033fdc387ae8930c86db6770499e0813c8069379000df600f603,PREDICTIONS_FROZEN,False
10,TARGET_ASSISTED_LABELLED_TARGET_CALIBRATION,42,455003,1,1050,b2628e583d9af8f11791639fbae4dfec079339baf822f3f30e961c57a40bf2bc,PREDICTIONS_FROZEN,False
20,TARGET_ASSISTED_LABELLED_TARGET_CALIBRATION,42,455003,1,1050,b05114224203bc252cebbd9d8c01bb5d15ef6d937412d2cd929b1d2c63972313,PREDICTIONS_FROZEN,False
21,TARGET_ASSISTED_LABELLED_TARGET_CALIBRATION,42,455003,1,1050,664a41f573b6bcf8b38123c288a6d321e4ec15a0d6acbd78711ef56e64da1c76,PREDICTIONS_FROZEN,False
35,TARGET_ASSISTED_LABELLED_TARGET_CALIBRATION,42,455003,1,1050,467d45c55044ab26fc4fea628efdd2c027b970ee88b8566d364d1e9cf5271ab9,PREDICTIONS_FROZEN,False
50,TARGET_ASSISTED_LABELLED_TARGET_CALIBRATION,42,455003,1,1050,0e968cd89e588bcde2ced985379a5ce44adfaf3a841c8fbba369f24f8da6b58f,PREDICTIONS_FROZEN,False
100,TARGET_ASSISTED_LABELLED_TARGET_CALIBRATION,42,455003,1,1050,a3210660605ddb483b10901671db0b8bd1e32367d1708d98f0e7f0bd440de756,PREDICTIONS_FROZEN,False
200,TARGET_ASSISTED_LABELLED_TARGET_CALIBRATION,42,455003,1,1050,902a541f77114d4fe5792f481024cda994fa601a913e610afb5ac8025eadb137,PREDICTIONS_FROZEN,False
500,TARGET_ASSISTED_LABELLED_TARGET_CALIBRATION,42,455003,1,1050,74758261e7b6a769deb8a82e48bf805d9997c8a7ef1f4aa3dc5c5cd0165516b2,PREDICTIONS_FROZEN,False
7,TARGET_ASSISTED_LABELLED_TARGET_CALIBRATION,42,480017,1,1050,b5036c19d52449cc32ea8f9eea043e92a7c70e45245a4e06911c8625930bf8fa,PREDICTIONS_FROZEN,False
10,TARGET_ASSISTED_LABELLED_TARGET_CALIBRATION,42,480017,1,1050,d95493aaac24cccf16842acf46246d880704bd4a9d783ba786fcc56d3bac3952,PREDICTIONS_FROZEN,False
20,TARGET_ASSISTED_LABELLED_TARGET_CALIBRATION,42,480017,1,1050,2c6511a1f783372d924704f9a4a519f8f1c534e5bd6f2053b29caee686aa30f6,PREDICTIONS_FROZEN,False
21,TARGET_ASSISTED_LABELLED_TARGET_CALIBRATION,42,480017,1,1050,109ab8958c853525a8c02bb8b1e35322d7130bbef18b4262998775a732c68872,PREDICTIONS_FROZEN,False
35,TARGET_ASSISTED_LABELLED_TARGET_CALIBRATION,42,480017,1,1050,ad04975b9e9ae697ac7f1a9c3bc50b9c64a0cb659e6f9b7548aea44235ac9ecc,PREDICTIONS_FROZEN,False
50,TARGET_ASSISTED_LABELLED_TARGET_CALIBRATION,42,480017,1,1050,26920fa83efbd43e1a9d52fefabd5227af1739ae5edc81087592bf4315b01067,PREDICTIONS_FROZEN,False
100,TARGET_ASSISTED_LABELLED_TARGET_CALIBRATION,42,480017,1,1050,efadacfb558b6f8ce3cdbb3219a559901c683752a4b8554575a01c3d157a8f36,PREDICTIONS_FROZEN,False
200,TARGET_ASSISTED_LABELLED_TARGET_CALIBRATION,42,480017,1,1050,5c8e098d77eacc72bad11fe6d0145c7ef25a5c6587baf580c91b75fb4d19bbb9,PREDICTIONS_FROZEN,False
500,TARGET_ASSISTED_LABELLED_TARGET_CALIBRATION,42,480017,1,1050,7f98893158a5836fb9bbd06aa2b3eb073f7592fcb557a4dd4491e0522cd39e75,PREDICTIONS_FROZEN,False
7,TARGET_ASSISTED_LABELLED_TARGET_CALIBRATION,42,505027,1,1050,2051f186990b684f20fb67871b4d34803dfe56e9e5061edc178ba6459c603c40,PREDICTIONS_FROZEN,False
10,TARGET_ASSISTED_LABELLED_TARGET_CALIBRATION,42,505027,1,1050,cd5e37784a2c0c3a80b60348c803c23bdf16abfcddfdc5d9243bf7224ae0c3cf,PREDICTIONS_FROZEN,False
20,TARGET_ASSISTED_LABELLED_TARGET_CALIBRATION,42,505027,1,1050,cc586dc66fde9a5469763d03672fb34c29e8e2087eb196a3a6b51161d1b3099d,PREDICTIONS_FROZEN,False
21,TARGET_ASSISTED_LABELLED_TARGET_CALIBRATION,42,505027,1,1050,0fde4b6364e66b05cc312cacdfe8d04393a004edd06a0be97fa904546c039004,PREDICTIONS_FROZEN,False
35,TARGET_ASSISTED_LABELLED_TARGET_CALIBRATION,42,505027,1,1050,cf14d6d83719d225b78ed1b9899a2c6376c3ac515d01e3aa9803821642c4411a,PREDICTIONS_FROZEN,False
50,TARGET_ASSISTED_LABELLED_TARGET_CALIBRATION,42,505027,1,1050,8dad3af5f661b5f0add6b822b1b99d569685ec30263aa41f40241cd1f26e7381,PREDICTIONS_FROZEN,False
100,TARGET_ASSISTED_LABELLED_TARGET_CALIBRATION,42,505027,1,1050,b0e5782af5d265e3ad14a70774fa244ca53c60b234b7f355a3b0e26b7855f104,PREDICTIONS_FROZEN,False
200,TARGET_ASSISTED_LABELLED_TARGET_CALIBRATION,42,505027,1,1050,ae577f3b7d8383f2e018c5a9052024725b4c0392b72ed2f983444bc9d20a47da,PREDICTIONS_FROZEN,False
500,TARGET_ASSISTED_LABELLED_TARGET_CALIBRATION,42,505027,1,1050,fcd5ee4cf87a5103db350f8e2c9dcd382ba4f5a9a8975e5a01f284d9d91533d6,PREDICTIONS_FROZEN,False
7,TARGET_ASSISTED_LABELLED_TARGET_CALIBRATION,42,530017,1,1050,c2a692dc2c7d40f9400e977cf5aaca6c64064ab9db530f7bdcec23e1bc61c5f5,PREDICTIONS_FROZEN,False
10,TARGET_ASSISTED_LABELLED_TARGET_CALIBRATION,42,530017,1,1050,ec33bec933d9061d0c1d3c413d014aea1091c4951efe886b16a06744ffe452cb,PREDICTIONS_FROZEN,False
20,TARGET_ASSISTED_LABELLED_TARGET_CALIBRATION,42,530017,1,1050,0a01e4f6e023bdf3a4265d160810f6c3800eb898f82d121954a962350d1715e1,PREDICTIONS_FROZEN,False
21,TARGET_ASSISTED_LABELLED_TARGET_CALIBRATION,42,530017,1,1050,664a41f573b6bcf8b38123c288a6d321e4ec15a0d6acbd78711ef56e64da1c76,PREDICTIONS_FROZEN,False
35,TARGET_ASSISTED_LABELLED_TARGET_CALIBRATION,42,530017,1,1050,6bda6117e715c87f2b5d0cacb1223efc440bccc0256d6c384e32edbc3baeb27a,PREDICTIONS_FROZEN,False
50,TARGET_ASSISTED_LABELLED_TARGET_CALIBRATION,42,530017,1,1050,14a7fc0a28b2c2035dd58676cd6b10e4f19ddcb9f77b58f3129f10e373ffa610,PREDICTIONS_FROZEN,False
100,TARGET_ASSISTED_LABELLED_TARGET_CALIBRATION,42,530017,1,1050,421ef2ad2481650fadf41d610deb05f4540b53a8b1f1b5ef98e2832617b3bbe1,PREDICTIONS_FROZEN,False
200,TARGET_ASSISTED_LABELLED_TARGET_CALIBRATION,42,530017,1,1050,bd4002d9d03151f7c4223bb0607eb2637e31fb893d378f44499c6701a44f2365,PREDICTIONS_FROZEN,False
500,TARGET_ASSISTED_LABELLED_TARGET_CALIBRATION,42,530017,1,1050,0c68efffe796de680a9b0efefaa420f6113d74cb948fcb82291a1834a8876a24,PREDICTIONS_FROZEN,False
7,TARGET_ASSISTED_LABELLED_TARGET_CALIBRATION,42,555029,1,1050,9b692aae7d6555133c88867793f437ea689bd3f98da9181668146ff0db935786,PREDICTIONS_FROZEN,False
10,TARGET_ASSISTED_LABELLED_TARGET_CALIBRATION,42,555029,1,1050,be7c6a95d3ce2446103b47affda2e6d5795c12388a81551801a3f3a621e6ad8a,PREDICTIONS_FROZEN,False
20,TARGET_ASSISTED_LABELLED_TARGET_CALIBRATION,42,555029,1,1050,f8421a8081ccf346f02efcb53883e9d5e3df842e9833b0dba548a8e643dfa872,PREDICTIONS_FROZEN,False
21,TARGET_ASSISTED_LABELLED_TARGET_CALIBRATION,42,555029,1,1050,cca18a6dd374ca014da348878c06457b1dba00b31b8219ad3a4ef32ae260a912,PREDICTIONS_FROZEN,False
35,TARGET_ASSISTED_LABELLED_TARGET_CALIBRATION,42,555029,1,1050,c404ea76b3f8a76bf23b3cbcbd7a5c15b0fa1676c997b3cd642d407b97980759,PREDICTIONS_FROZEN,False
50,TARGET_ASSISTED_LABELLED_TARGET_CALIBRATION,42,555029,1,1050,2d84290e1520ff4cf261d28ba962ca13cd86adf2b8e8872111eed8333bd2ebef,PREDICTIONS_FROZEN,False
100,TARGET_ASSISTED_LABELLED_TARGET_CALIBRATION,42,555029,1,1050,2b621938d46eb525c06a653e322e063b930e568c675dfb26e46cc326a1dc528f,PREDICTIONS_FROZEN,False
200,TARGET_ASSISTED_LABELLED_TARGET_CALIBRATION,42,555029,1,1050,c02b00d1bf977326b0727a84a8537ad661ac02acc2b3c22a80a6b705f683472d,PREDICTIONS_FROZEN,False
500,TARGET_ASSISTED_LABELLED_TARGET_CALIBRATION,42,555029,1,1050,5b88c0e2633f83f9aa9d91170853829276d15616ddd0fa73c43a4c89e8d99d74,PREDICTIONS_FROZEN,False
7,TARGET_ASSISTED_LABELLED_TARGET_CALIBRATION,42,580031,1,1050,c934c326e912bb562dd289b37cedd7ae875871091e65d22811f9e83b0166515f,PREDICTIONS_FROZEN,False
10,TARGET_ASSISTED_LABELLED_TARGET_CALIBRATION,42,580031,1,1050,a93b403fa7f47c1a992607b9f857a47b5c729a1bbcf0813346010537e54c381f,PREDICTIONS_FROZEN,False
20,TARGET_ASSISTED_LABELLED_TARGET_CALIBRATION,42,580031,1,1050,5c37c7037fb98103328248f369828d0363aeb96bb7ca7cf82f4d044619a35601,PREDICTIONS_FROZEN,False
21,TARGET_ASSISTED_LABELLED_TARGET_CALIBRATION,42,580031,1,1050,14676cd767db971c30ca7ff27d9cc604e793955a23fe9ec28190276ef05432f0,PREDICTIONS_FROZEN,False
35,TARGET_ASSISTED_LABELLED_TARGET_CALIBRATION,42,580031,1,1050,ecc946b421025a06cb0c10ff9ae526c30b423027769070143d1ca1cc5e94a134,PREDICTIONS_FROZEN,False
50,TARGET_ASSISTED_LABELLED_TARGET_CALIBRATION,42,580031,1,1050,e846119e1b4c4d61ef8f3689413c5799718aad5774d4ed3afc542fc76cd9ecc4,PREDICTIONS_FROZEN,False
100,TARGET_ASSISTED_LABELLED_TARGET_CALIBRATION,42,580031,1,1050,5a8863f794052d10fe5fc23870b9c94653b1ee7ccf13742cc004d98c082724ee,PREDICTIONS_FROZEN,False
200,TARGET_ASSISTED_LABELLED_TARGET_CALIBRATION,42,580031,1,1050,9b8eb19159640cfebd442350c459d4d3e9eaa3c40c4fd372c17d3c7e76146be7,PREDICTIONS_FROZEN,False
500,TARGET_ASSISTED_LABELLED_TARGET_CALIBRATION,42,580031,1,1050,4a6fc478cb7e0783d4ef36b0c0ad4122b5a0f3afd73abcb663cabdefc752fcec,PREDICTIONS_FROZEN,False
0,STRICT_SOURCE_ONLY_DG,42,,2,1050,c5efcdda5d7d736b2b17ff59a7b979e2e861026f02fe289529b67c0f216f2be3,PREDICTIONS_FROZEN,False
7,TARGET_ASSISTED_LABELLED_TARGET_CALIBRATION,42,104729,2,1050,5c1c3eb21789465f9717c412b8a2a6749795d721df7f3481ea6eab1e4e05aec9,PREDICTIONS_FROZEN,False
10,TARGET_ASSISTED_LABELLED_TARGET_CALIBRATION,42,104729,2,1050,c5ba06f032c0d69bbfe26ef74c9d5c157e89a8062877babf642a5cb80f25893e,PREDICTIONS_FROZEN,False
20,TARGET_ASSISTED_LABELLED_TARGET_CALIBRATION,42,104729,2,1050,ec6869605b51d5ddee77d756e47386f8badd803cef603a5d6d7f4d3729007eda,PREDICTIONS_FROZEN,False
21,TARGET_ASSISTED_LABELLED_TARGET_CALIBRATION,42,104729,2,1050,ec6869605b51d5ddee77d756e47386f8badd803cef603a5d6d7f4d3729007eda,PREDICTIONS_FROZEN,False
35,TARGET_ASSISTED_LABELLED_TARGET_CALIBRATION,42,104729,2,1050,e243ff5c1bcd95a5d1975b4efa43f85ff2a5b988a324b72e469df6f9d792f953,PREDICTIONS_FROZEN,False
50,TARGET_ASSISTED_LABELLED_TARGET_CALIBRATION,42,104729,2,1050,fc06068cbf8fed4c39a833fe56868809ea9d8bdc7f9e139ed75201e380e8cc84,PREDICTIONS_FROZEN,False
100,TARGET_ASSISTED_LABELLED_TARGET_CALIBRATION,42,104729,2,1050,89fada0a65556eca64b3cdfcf32d6466828e702d8fb884b6d9351ac748db6b6f,PREDICTIONS_FROZEN,False
200,TARGET_ASSISTED_LABELLED_TARGET_CALIBRATION,42,104729,2,1050,d58829c3c7ac74a38f90d248b99261109ca282b87ed8a8ee9fe06cf73b9419a8,PREDICTIONS_FROZEN,False
500,TARGET_ASSISTED_LABELLED_TARGET_CALIBRATION,42,104729,2,1050,2f2120e88d3104746fee4ec1bf40cb9d21ba5d159230c3f60f93ec67c6d82ff8,PREDICTIONS_FROZEN,False
7,TARGET_ASSISTED_LABELLED_TARGET_CALIBRATION,42,130363,2,1050,63c3ea3a0fa668c86590992e143bc3eb07b707571726c22151d46b6b6a8c3b44,PREDICTIONS_FROZEN,False
10,TARGET_ASSISTED_LABELLED_TARGET_CALIBRATION,42,130363,2,1050,fce578cfe5ce209088f42e2d56912e00de9731600956774c8d6e7b105b523bbd,PREDICTIONS_FROZEN,False
20,TARGET_ASSISTED_LABELLED_TARGET_CALIBRATION,42,130363,2,1050,b53acfa85fb642b187ed1835d06881da75ff704b276fb63a6d44689d8f912b74,PREDICTIONS_FROZEN,False
21,TARGET_ASSISTED_LABELLED_TARGET_CALIBRATION,42,130363,2,1050,a82650cdc2409e4be0dba65d3857ddaf8decfb09da5a75a0bebdaf38e6746ab1,PREDICTIONS_FROZEN,False
35,TARGET_ASSISTED_LABELLED_TARGET_CALIBRATION,42,130363,2,1050,c85ca35b8e4a33643ef7d099a9f1b6d87caa542aea9eb0907aae52acb45f829b,PREDICTIONS_FROZEN,False
50,TARGET_ASSISTED_LABELLED_TARGET_CALIBRATION,42,130363,2,1050,e256b9e325926238bc5faf71993a7b9fac273f267a7aff44bc250d09dca5bb5c,PREDICTIONS_FROZEN,False
100,TARGET_ASSISTED_LABELLED_TARGET_CALIBRATION,42,130363,2,1050,296c78ce8174ea433cb2dd84532614c74e5abecf57146671caefd90d85a319a6,PREDICTIONS_FROZEN,False
200,TARGET_ASSISTED_LABELLED_TARGET_CALIBRATION,42,130363,2,1050,da2d9deb6be66133d8550ce646eae4d0e2718675bafb94e20971db7e3bb10af9,PREDICTIONS_FROZEN,False
500,TARGET_ASSISTED_LABELLED_TARGET_CALIBRATION,42,130363,2,1050,da2d9deb6be66133d8550ce646eae4d0e2718675bafb94e20971db7e3bb10af9,PREDICTIONS_FROZEN,False
7,TARGET_ASSISTED_LABELLED_TARGET_CALIBRATION,42,155921,2,1050,157cd92b651aa75b7cc771cbc54edebd8b02368ceb20e2ade18a2f07c3a28fa6,PREDICTIONS_FROZEN,False
10,TARGET_ASSISTED_LABELLED_TARGET_CALIBRATION,42,155921,2,1050,56bf7dc2395091cad2d12121638191127841df50ae5f78fd172318ceecaaf6dd,PREDICTIONS_FROZEN,False
20,TARGET_ASSISTED_LABELLED_TARGET_CALIBRATION,42,155921,2,1050,9bd69bca066d53aaed8733bc6b08387da814380ec743b357304530bc22d91889,PREDICTIONS_FROZEN,False
21,TARGET_ASSISTED_LABELLED_TARGET_CALIBRATION,42,155921,2,1050,3d656e6ddd438784cb2e423764d792bcc08f5dbdec40e9fa73b6949ca614de84,PREDICTIONS_FROZEN,False
35,TARGET_ASSISTED_LABELLED_TARGET_CALIBRATION,42,155921,2,1050,3761f157977be64049086ca1df2a264e82491a55c9fe1d172f438d8ebf3fd326,PREDICTIONS_FROZEN,False
50,TARGET_ASSISTED_LABELLED_TARGET_CALIBRATION,42,155921,2,1050,4c2a2d1e579264a5c2b8bf450e666e4d846986a2845fc650f94abd49a1f2c842,PREDICTIONS_FROZEN,False
100,TARGET_ASSISTED_LABELLED_TARGET_CALIBRATION,42,155921,2,1050,33279c4d4ba7497dac9750e25ad47f78e61e48073b928c27c5e35b33982863b6,PREDICTIONS_FROZEN,False
200,TARGET_ASSISTED_LABELLED_TARGET_CALIBRATION,42,155921,2,1050,3217b326c2fdaf43b20d2c3bd01a362f2162a40d54705792114128d040b1be1f,PREDICTIONS_FROZEN,False
500,TARGET_ASSISTED_LABELLED_TARGET_CALIBRATION,42,155921,2,1050,da2d9deb6be66133d8550ce646eae4d0e2718675bafb94e20971db7e3bb10af9,PREDICTIONS_FROZEN,False
7,TARGET_ASSISTED_LABELLED_TARGET_CALIBRATION,42,181081,2,1050,8254496f01d2f4a5b47f82e0c94048c4613766fc7124e0dc8e947e003d4629ce,PREDICTIONS_FROZEN,False
10,TARGET_ASSISTED_LABELLED_TARGET_CALIBRATION,42,181081,2,1050,3c8ebc55de607f4ef3ce01029f51373594f2d9a002557727c48161b848b4d925,PREDICTIONS_FROZEN,False
20,TARGET_ASSISTED_LABELLED_TARGET_CALIBRATION,42,181081,2,1050,41c7cfd5b2b6b71d1ca3884afe571f5348ce8994fc071358017bdb45c8a9df9b,PREDICTIONS_FROZEN,False
21,TARGET_ASSISTED_LABELLED_TARGET_CALIBRATION,42,181081,2,1050,f76590cfab904db61dcf1c2dbc179ac550c61edbef6ad4cf33b93bdaff2992b4,PREDICTIONS_FROZEN,False
35,TARGET_ASSISTED_LABELLED_TARGET_CALIBRATION,42,181081,2,1050,2b45f72143ea82171a72f6b9ab1bbbaf3c09fd1e401802f733b5ac688fea9abf,PREDICTIONS_FROZEN,False
50,TARGET_ASSISTED_LABELLED_TARGET_CALIBRATION,42,181081,2,1050,79bb48ad1eda9a7956ecc695a528b6ca33408ebc7c66705041203e4c7b90be04,PREDICTIONS_FROZEN,False
100,TARGET_ASSISTED_LABELLED_TARGET_CALIBRATION,42,181081,2,1050,2b1b36a8ecbd6ca264b9daba1ea2b0e97fcf23e88486927e82586c9e2c7663b6,PREDICTIONS_FROZEN,False
200,TARGET_ASSISTED_LABELLED_TARGET_CALIBRATION,42,181081,2,1050,da2d9deb6be66133d8550ce646eae4d0e2718675bafb94e20971db7e3bb10af9,PREDICTIONS_FROZEN,False
500,TARGET_ASSISTED_LABELLED_TARGET_CALIBRATION,42,181081,2,1050,da2d9deb6be66133d8550ce646eae4d0e2718675bafb94e20971db7e3bb10af9,PREDICTIONS_FROZEN,False
7,TARGET_ASSISTED_LABELLED_TARGET_CALIBRATION,42,205439,2,1050,7000306b4e75acd9d3ca034b75c1a9a458dc589c9f11dbc03e83d3a117dac27c,PREDICTIONS_FROZEN,False
10,TARGET_ASSISTED_LABELLED_TARGET_CALIBRATION,42,205439,2,1050,dd88d49c4e396088219d3cc88252d037228e343d22fe58dd7a2dcf7c4af97961,PREDICTIONS_FROZEN,False
20,TARGET_ASSISTED_LABELLED_TARGET_CALIBRATION,42,205439,2,1050,fb1d7457292f26b1e2f8096aa69b8d89abcc80f1b65d6a6dc7d752594f11e483,PREDICTIONS_FROZEN,False
21,TARGET_ASSISTED_LABELLED_TARGET_CALIBRATION,42,205439,2,1050,a10c0f8db66a1f243935ed489391561837cc75b2f37ac55ba26ac60886b61ff9,PREDICTIONS_FROZEN,False
35,TARGET_ASSISTED_LABELLED_TARGET_CALIBRATION,42,205439,2,1050,51aa24ddcb76b7191359a8ddb4808c898eaeb4ffbf9f47e14574112f4ecaedb6,PREDICTIONS_FROZEN,False
50,TARGET_ASSISTED_LABELLED_TARGET_CALIBRATION,42,205439,2,1050,ac49ec34a468900b1e400ac3eff986bb628b4546594348ef6d4dec575b406fd7,PREDICTIONS_FROZEN,False
100,TARGET_ASSISTED_LABELLED_TARGET_CALIBRATION,42,205439,2,1050,b668c9c453651fb91780ccff0d23ddc8cb1614ce1bd658b4bd0d30ce7c598d98,PREDICTIONS_FROZEN,False
200,TARGET_ASSISTED_LABELLED_TARGET_CALIBRATION,42,205439,2,1050,f005ae5e44796374597cd495a82b549cc7ac8957e2e543a1421f83692ca45551,PREDICTIONS_FROZEN,False
500,TARGET_ASSISTED_LABELLED_TARGET_CALIBRATION,42,205439,2,1050,2f2120e88d3104746fee4ec1bf40cb9d21ba5d159230c3f60f93ec67c6d82ff8,PREDICTIONS_FROZEN,False
7,TARGET_ASSISTED_LABELLED_TARGET_CALIBRATION,42,230003,2,1050,46d53d7079805fc0517ec6ec340617dc21d45fcd3813cdea5e37a1cc9ce81f64,PREDICTIONS_FROZEN,False
10,TARGET_ASSISTED_LABELLED_TARGET_CALIBRATION,42,230003,2,1050,ff3524f6df437293bb79216f6e5c40707a4e1617f6b6e705249f028992bd5018,PREDICTIONS_FROZEN,False
20,TARGET_ASSISTED_LABELLED_TARGET_CALIBRATION,42,230003,2,1050,0ced9b80341c559595b9eaf554ea31543867991cc9451379f37b8f57ddf11ec0,PREDICTIONS_FROZEN,False
21,TARGET_ASSISTED_LABELLED_TARGET_CALIBRATION,42,230003,2,1050,70070571106efa42cd8106a93b7133bfd7c7b248d332490a5cc1c2547b7a083a,PREDICTIONS_FROZEN,False
35,TARGET_ASSISTED_LABELLED_TARGET_CALIBRATION,42,230003,2,1050,4c44ef2a15e2f8c0a8e28d3fb23a038897513dbebabd5c19f7ab794955352d80,PREDICTIONS_FROZEN,False
50,TARGET_ASSISTED_LABELLED_TARGET_CALIBRATION,42,230003,2,1050,958e4d4f107353311e967544f98c33f0e52a434bc6d2a7b340da12f03cdce809,PREDICTIONS_FROZEN,False
100,TARGET_ASSISTED_LABELLED_TARGET_CALIBRATION,42,230003,2,1050,c614f61137565d8d93ecd02cd86d5de3a865ecc0bda3868365db9e69c846be36,PREDICTIONS_FROZEN,False
200,TARGET_ASSISTED_LABELLED_TARGET_CALIBRATION,42,230003,2,1050,e85c9f8b3a4bb40f4e5aff668e729b97fddd399f0e25f0eb38e5e4f169e327a2,PREDICTIONS_FROZEN,False
500,TARGET_ASSISTED_LABELLED_TARGET_CALIBRATION,42,230003,2,1050,b72e0028383b27245a1845ce7b3dc0c2f9e753c5fb502b8f6fba569e1c05f7a6,PREDICTIONS_FROZEN,False
7,TARGET_ASSISTED_LABELLED_TARGET_CALIBRATION,42,254959,2,1050,87feaecba7dfe5b3136d6d466918eb064a8786b8fed22f91cea911a19c27af4b,PREDICTIONS_FROZEN,False
10,TARGET_ASSISTED_LABELLED_TARGET_CALIBRATION,42,254959,2,1050,3078babff031a33177d5f34573f573f2f5608f10196a3214c4a57b14ebd68a0d,PREDICTIONS_FROZEN,False
20,TARGET_ASSISTED_LABELLED_TARGET_CALIBRATION,42,254959,2,1050,95caafb0d53ce28d718ac0ad6daec5146339110e3148c144e3562a8c2beba120,PREDICTIONS_FROZEN,False
21,TARGET_ASSISTED_LABELLED_TARGET_CALIBRATION,42,254959,2,1050,eb4b15032c63d5bc74a0efdbca785d3c21990fda5e13d3b222168863d078f4b8,PREDICTIONS_FROZEN,False
35,TARGET_ASSISTED_LABELLED_TARGET_CALIBRATION,42,254959,2,1050,12513de03b7fef8a3658880fe1501b5bb26f4ece8b5ad702d8a093b57d49662b,PREDICTIONS_FROZEN,False
50,TARGET_ASSISTED_LABELLED_TARGET_CALIBRATION,42,254959,2,1050,f1c53bd2a751615e4e700a02730add17f174c6e5d02093f1bc3df1d812448539,PREDICTIONS_FROZEN,False
100,TARGET_ASSISTED_LABELLED_TARGET_CALIBRATION,42,254959,2,1050,f19b0b65cef6135210e51405068ab996bacd7b3e55783b622dd5e6b03ed06dfa,PREDICTIONS_FROZEN,False
200,TARGET_ASSISTED_LABELLED_TARGET_CALIBRATION,42,254959,2,1050,9a33e0d9035607aadc219e55ba8768078e3c0da9e4b67cb19b9f2152ef3349a2,PREDICTIONS_FROZEN,False
500,TARGET_ASSISTED_LABELLED_TARGET_CALIBRATION,42,254959,2,1050,67391cb7dd633296ef85e186e4aa4e9b5fc75690db24470eef0d8feae212d2a8,PREDICTIONS_FROZEN,False
7,TARGET_ASSISTED_LABELLED_TARGET_CALIBRATION,42,280001,2,1050,8254496f01d2f4a5b47f82e0c94048c4613766fc7124e0dc8e947e003d4629ce,PREDICTIONS_FROZEN,False
10,TARGET_ASSISTED_LABELLED_TARGET_CALIBRATION,42,280001,2,1050,9e9df250427615c13ed5fbabaa635011ef0adaff47b4d09576d5bc4f2fc5a2cf,PREDICTIONS_FROZEN,False
20,TARGET_ASSISTED_LABELLED_TARGET_CALIBRATION,42,280001,2,1050,a2715624cd7cbe2292bddb159ff18687778d70fa45fa0ff66e4f228042d9ac1e,PREDICTIONS_FROZEN,False
21,TARGET_ASSISTED_LABELLED_TARGET_CALIBRATION,42,280001,2,1050,78bea987ef2ac65233028108c63e26e500d5b4d93863dcd9a7a778586466e90c,PREDICTIONS_FROZEN,False
35,TARGET_ASSISTED_LABELLED_TARGET_CALIBRATION,42,280001,2,1050,a38866eaaaec0eca6a534cfe6dc5dfa1639bf3eacec41befd784a7392a3afbad,PREDICTIONS_FROZEN,False
50,TARGET_ASSISTED_LABELLED_TARGET_CALIBRATION,42,280001,2,1050,39927965b85c0e9f993abb74c8ba0574719082e4fb4b4cef5a116783f3734647,PREDICTIONS_FROZEN,False
100,TARGET_ASSISTED_LABELLED_TARGET_CALIBRATION,42,280001,2,1050,13e928dd4d5f31221e2911bfb5235b78ddf2fffda9ddc63e12acd7da773bfc6b,PREDICTIONS_FROZEN,False
200,TARGET_ASSISTED_LABELLED_TARGET_CALIBRATION,42,280001,2,1050,800591a7c01922d1b28a3a29b96443431493de5b9b0fadb60ff1c077a297da47,PREDICTIONS_FROZEN,False
500,TARGET_ASSISTED_LABELLED_TARGET_CALIBRATION,42,280001,2,1050,da2d9deb6be66133d8550ce646eae4d0e2718675bafb94e20971db7e3bb10af9,PREDICTIONS_FROZEN,False
7,TARGET_ASSISTED_LABELLED_TARGET_CALIBRATION,42,305093,2,1050,63c3ea3a0fa668c86590992e143bc3eb07b707571726c22151d46b6b6a8c3b44,PREDICTIONS_FROZEN,False
10,TARGET_ASSISTED_LABELLED_TARGET_CALIBRATION,42,305093,2,1050,e7bea4df94ab9874a95ea4898ccf1589350904fcc0075f6e995f9a2bb5011203,PREDICTIONS_FROZEN,False
20,TARGET_ASSISTED_LABELLED_TARGET_CALIBRATION,42,305093,2,1050,044e4663578f6f83c40c7c95f11e5ca14656b447a8440f9a3a42b7d271d2f94d,PREDICTIONS_FROZEN,False
21,TARGET_ASSISTED_LABELLED_TARGET_CALIBRATION,42,305093,2,1050,044e4663578f6f83c40c7c95f11e5ca14656b447a8440f9a3a42b7d271d2f94d,PREDICTIONS_FROZEN,False
35,TARGET_ASSISTED_LABELLED_TARGET_CALIBRATION,42,305093,2,1050,12513de03b7fef8a3658880fe1501b5bb26f4ece8b5ad702d8a093b57d49662b,PREDICTIONS_FROZEN,False
50,TARGET_ASSISTED_LABELLED_TARGET_CALIBRATION,42,305093,2,1050,d2e0b0c3e78a9a38001d4d17586d829a43e8815883b21d2d1755a806c54bf8b8,PREDICTIONS_FROZEN,False
100,TARGET_ASSISTED_LABELLED_TARGET_CALIBRATION,42,305093,2,1050,37b45500c797ced61c394daf5b0a3d12c56b2b43d9cd3e5da985be3b433d5acc,PREDICTIONS_FROZEN,False
200,TARGET_ASSISTED_LABELLED_TARGET_CALIBRATION,42,305093,2,1050,ab5bdac65aa66ce576340bae35ba3e5824448f7b70cd917766d9f871fe44e326,PREDICTIONS_FROZEN,False
500,TARGET_ASSISTED_LABELLED_TARGET_CALIBRATION,42,305093,2,1050,2f2120e88d3104746fee4ec1bf40cb9d21ba5d159230c3f60f93ec67c6d82ff8,PREDICTIONS_FROZEN,False
7,TARGET_ASSISTED_LABELLED_TARGET_CALIBRATION,42,330017,2,1050,87feaecba7dfe5b3136d6d466918eb064a8786b8fed22f91cea911a19c27af4b,PREDICTIONS_FROZEN,False
10,TARGET_ASSISTED_LABELLED_TARGET_CALIBRATION,42,330017,2,1050,a731e0743dd10d5628cbe7e03f6c38225be8d448f6ea9a084ec6087b16adc3bd,PREDICTIONS_FROZEN,False
20,TARGET_ASSISTED_LABELLED_TARGET_CALIBRATION,42,330017,2,1050,11a74ef644df52b71f9e7bbfe3f2a38cb708322849a2a6d475a6ad2b86f31d15,PREDICTIONS_FROZEN,False
21,TARGET_ASSISTED_LABELLED_TARGET_CALIBRATION,42,330017,2,1050,5d97d303eeb29c845035589b2bd19e22e4f7ac3f38f957fae9688402819d8cd2,PREDICTIONS_FROZEN,False
35,TARGET_ASSISTED_LABELLED_TARGET_CALIBRATION,42,330017,2,1050,b29ee83fbcbd4541a03540c17591b96172a18331e8cbb70384f93eec2cf6d44f,PREDICTIONS_FROZEN,False
50,TARGET_ASSISTED_LABELLED_TARGET_CALIBRATION,42,330017,2,1050,204f33651427f44c801a36b45b1af7ac60af2487f7901e8f3cc8e58e660d5634,PREDICTIONS_FROZEN,False
100,TARGET_ASSISTED_LABELLED_TARGET_CALIBRATION,42,330017,2,1050,8ad12b956929723a14afb6dfbd60c8c2ababa7839f66ac6d7fbf51ec1ef18c74,PREDICTIONS_FROZEN,False
200,TARGET_ASSISTED_LABELLED_TARGET_CALIBRATION,42,330017,2,1050,87b4640f739e48e024b978d1f81194b14f37578cf610dae6d693487ccb1cf8c0,PREDICTIONS_FROZEN,False
500,TARGET_ASSISTED_LABELLED_TARGET_CALIBRATION,42,330017,2,1050,da2d9deb6be66133d8550ce646eae4d0e2718675bafb94e20971db7e3bb10af9,PREDICTIONS_FROZEN,False
7,TARGET_ASSISTED_LABELLED_TARGET_CALIBRATION,42,355031,2,1050,87feaecba7dfe5b3136d6d466918eb064a8786b8fed22f91cea911a19c27af4b,PREDICTIONS_FROZEN,False
10,TARGET_ASSISTED_LABELLED_TARGET_CALIBRATION,42,355031,2,1050,984ff13a382793fbb24a4299cb307fdc142dbfbb5c86b15a2a4e215f3d699f7c,PREDICTIONS_FROZEN,False
20,TARGET_ASSISTED_LABELLED_TARGET_CALIBRATION,42,355031,2,1050,1abca4082038c1f0637d9f83831572072feafb7471a3f397210400630cd73434,PREDICTIONS_FROZEN,False
21,TARGET_ASSISTED_LABELLED_TARGET_CALIBRATION,42,355031,2,1050,c7844ae73a6f6268c251ad523f364151212c08e2eaa7d3950f8e801a5def5083,PREDICTIONS_FROZEN,False
35,TARGET_ASSISTED_LABELLED_TARGET_CALIBRATION,42,355031,2,1050,814f644482234f889654e43f40020ff86465ee3763b5ef8c936742a47598b039,PREDICTIONS_FROZEN,False
50,TARGET_ASSISTED_LABELLED_TARGET_CALIBRATION,42,355031,2,1050,5b2ed8d0417fb40e6ffccb4ca96fd782c461e1649dfb2fa709e3480697288ef9,PREDICTIONS_FROZEN,False
100,TARGET_ASSISTED_LABELLED_TARGET_CALIBRATION,42,355031,2,1050,67d6dd7bb9c82607225a44ce48452a7a18ec0d4cd7ca1d6f908c52d351ba93ee,PREDICTIONS_FROZEN,False
200,TARGET_ASSISTED_LABELLED_TARGET_CALIBRATION,42,355031,2,1050,bada9c3744726fd256814c824687b7b83566ee415c237255be7580d5bb21f62e,PREDICTIONS_FROZEN,False
500,TARGET_ASSISTED_LABELLED_TARGET_CALIBRATION,42,355031,2,1050,2f2120e88d3104746fee4ec1bf40cb9d21ba5d159230c3f60f93ec67c6d82ff8,PREDICTIONS_FROZEN,False
7,TARGET_ASSISTED_LABELLED_TARGET_CALIBRATION,42,380041,2,1050,784c7e063cf4903fb8914f7b662bf2ae34df4168c90d794a1b6c045df221df17,PREDICTIONS_FROZEN,False
10,TARGET_ASSISTED_LABELLED_TARGET_CALIBRATION,42,380041,2,1050,25e92076fc0445b3a9d57f9b9cb1b53fb32eba80a6113558229c7ca6d21d3d73,PREDICTIONS_FROZEN,False
20,TARGET_ASSISTED_LABELLED_TARGET_CALIBRATION,42,380041,2,1050,fa59ca20ebacfd7db97fd4f13683979b0d02da9ce1619575715401b1b879d1ab,PREDICTIONS_FROZEN,False
21,TARGET_ASSISTED_LABELLED_TARGET_CALIBRATION,42,380041,2,1050,f76590cfab904db61dcf1c2dbc179ac550c61edbef6ad4cf33b93bdaff2992b4,PREDICTIONS_FROZEN,False
35,TARGET_ASSISTED_LABELLED_TARGET_CALIBRATION,42,380041,2,1050,664f9bfc9f1e68a267483da425384cfdaf7daaab3c1d5223d4e20da9bf149de2,PREDICTIONS_FROZEN,False
50,TARGET_ASSISTED_LABELLED_TARGET_CALIBRATION,42,380041,2,1050,d877a723a4cb64f74d6f1409129d4e33019c610bab3a4274dd65930e4d82d7bd,PREDICTIONS_FROZEN,False
100,TARGET_ASSISTED_LABELLED_TARGET_CALIBRATION,42,380041,2,1050,5a4a53c55fac63cda3de4330eb65b9eaaf5fc93513f3f67137f2abe095cbb956,PREDICTIONS_FROZEN,False
200,TARGET_ASSISTED_LABELLED_TARGET_CALIBRATION,42,380041,2,1050,55dfc6ca0c1ee5ea15682f329d78955af721e6ec3640bc2a664f2615ff24924e,PREDICTIONS_FROZEN,False
500,TARGET_ASSISTED_LABELLED_TARGET_CALIBRATION,42,380041,2,1050,55dfc6ca0c1ee5ea15682f329d78955af721e6ec3640bc2a664f2615ff24924e,PREDICTIONS_FROZEN,False
7,TARGET_ASSISTED_LABELLED_TARGET_CALIBRATION,42,405019,2,1050,7000306b4e75acd9d3ca034b75c1a9a458dc589c9f11dbc03e83d3a117dac27c,PREDICTIONS_FROZEN,False
10,TARGET_ASSISTED_LABELLED_TARGET_CALIBRATION,42,405019,2,1050,d00246f067c84e12d383de57d6bb64fa49888ac0c66b5f1cb7adfc3431007792,PREDICTIONS_FROZEN,False
20,TARGET_ASSISTED_LABELLED_TARGET_CALIBRATION,42,405019,2,1050,54a7ed4b2d2800149396f98d7d2295fbf0d94f0437f047d188985f701e0af9aa,PREDICTIONS_FROZEN,False
21,TARGET_ASSISTED_LABELLED_TARGET_CALIBRATION,42,405019,2,1050,66f000c8038ca426f22cd47ae02d445b48bfa4c32017cef7aa34a604f4afcb65,PREDICTIONS_FROZEN,False
35,TARGET_ASSISTED_LABELLED_TARGET_CALIBRATION,42,405019,2,1050,4daf8ae3755957d318f61ddc5e808e3f9b9b04d7b064a3e41f4f110fe2bde9e5,PREDICTIONS_FROZEN,False
50,TARGET_ASSISTED_LABELLED_TARGET_CALIBRATION,42,405019,2,1050,f4506fa8ea62b1ace9a0b3f5f18cad8f7a58b8f83dcdaaa206e3869c2ca5b8d3,PREDICTIONS_FROZEN,False
100,TARGET_ASSISTED_LABELLED_TARGET_CALIBRATION,42,405019,2,1050,a33b3d0cf653dfffe573cc94f53832234c1b578abddd8f09c3124b4dc776ef77,PREDICTIONS_FROZEN,False
200,TARGET_ASSISTED_LABELLED_TARGET_CALIBRATION,42,405019,2,1050,87b4640f739e48e024b978d1f81194b14f37578cf610dae6d693487ccb1cf8c0,PREDICTIONS_FROZEN,False
500,TARGET_ASSISTED_LABELLED_TARGET_CALIBRATION,42,405019,2,1050,2f2120e88d3104746fee4ec1bf40cb9d21ba5d159230c3f60f93ec67c6d82ff8,PREDICTIONS_FROZEN,False
7,TARGET_ASSISTED_LABELLED_TARGET_CALIBRATION,42,430007,2,1050,b448a5bca49d4dc5af7b76ee479d84cdb1138aa0544a56252810a9aead82f16b,PREDICTIONS_FROZEN,False
10,TARGET_ASSISTED_LABELLED_TARGET_CALIBRATION,42,430007,2,1050,6bda5de6f7cd8542ca2b7a68132a3e1d6d48d84ef5bc7ce362ba675c55859d5e,PREDICTIONS_FROZEN,False
20,TARGET_ASSISTED_LABELLED_TARGET_CALIBRATION,42,430007,2,1050,1d9b106d46cfb0f17c2d3000ba1c91ae0ad8e878aa72c33e7b71e12c3dec08ee,PREDICTIONS_FROZEN,False
21,TARGET_ASSISTED_LABELLED_TARGET_CALIBRATION,42,430007,2,1050,699136f012a555d552d5f38c223e8f71d753eb1af7a2adb4f81c21b8ea57eeef,PREDICTIONS_FROZEN,False
35,TARGET_ASSISTED_LABELLED_TARGET_CALIBRATION,42,430007,2,1050,57aab2bce4fe58bac4f745d3d53dcac0b1cf2d9aeded441dffdc04df212353cc,PREDICTIONS_FROZEN,False
50,TARGET_ASSISTED_LABELLED_TARGET_CALIBRATION,42,430007,2,1050,91a557bed5c2d783494c9fb87512f5069ecefdee285cb92b7fae3de3c275563e,PREDICTIONS_FROZEN,False
100,TARGET_ASSISTED_LABELLED_TARGET_CALIBRATION,42,430007,2,1050,7689ea0fc3ce3c84f943608cb1a18cd0c93bdcbe0155c45d7b5c6802d36fd7e0,PREDICTIONS_FROZEN,False
200,TARGET_ASSISTED_LABELLED_TARGET_CALIBRATION,42,430007,2,1050,a85ca4d99a9d5fc12ff12dfa30e4d980ef781a689bace97ca8c9364d8012c586,PREDICTIONS_FROZEN,False
500,TARGET_ASSISTED_LABELLED_TARGET_CALIBRATION,42,430007,2,1050,718a224c2972d53406fab31e9ef6d701c27603950314eaf31c37d0fed226554c,PREDICTIONS_FROZEN,False
7,TARGET_ASSISTED_LABELLED_TARGET_CALIBRATION,42,455003,2,1050,b113daf2304f652230154d6b4113154301d29543f2873a04d844e7c570b4f57c,PREDICTIONS_FROZEN,False
10,TARGET_ASSISTED_LABELLED_TARGET_CALIBRATION,42,455003,2,1050,1a98cea96291c2752a178149c7618611e802b7156c06f76f5cdb99ce09dc2bca,PREDICTIONS_FROZEN,False
20,TARGET_ASSISTED_LABELLED_TARGET_CALIBRATION,42,455003,2,1050,64e4524c9136fd7fb7e944788d5f4780d55542601e9f2f26af7ffd195d579c13,PREDICTIONS_FROZEN,False
21,TARGET_ASSISTED_LABELLED_TARGET_CALIBRATION,42,455003,2,1050,7404cdfec8af13d5831d8d16a9b2a2510fc336ac2ddd951a2f0b97c21467fe8a,PREDICTIONS_FROZEN,False
35,TARGET_ASSISTED_LABELLED_TARGET_CALIBRATION,42,455003,2,1050,a78b441a983798bb53044994d677c0be245ba892a2c4f8af9fec6e5f7c73ca8e,PREDICTIONS_FROZEN,False
50,TARGET_ASSISTED_LABELLED_TARGET_CALIBRATION,42,455003,2,1050,13fe534ad631b7cb882edc096d43f2e90afca51ac5e6f71bfb321ffdffe4b2ba,PREDICTIONS_FROZEN,False
100,TARGET_ASSISTED_LABELLED_TARGET_CALIBRATION,42,455003,2,1050,ee41f3afe79524797af18c598ddc902bb4d7b12ad28b590394397d4a6c50660e,PREDICTIONS_FROZEN,False
200,TARGET_ASSISTED_LABELLED_TARGET_CALIBRATION,42,455003,2,1050,cd6ac33780adebb829a90f3db819a9fd82774d8dd30b0902808c7d252e66e1ee,PREDICTIONS_FROZEN,False
500,TARGET_ASSISTED_LABELLED_TARGET_CALIBRATION,42,455003,2,1050,da2d9deb6be66133d8550ce646eae4d0e2718675bafb94e20971db7e3bb10af9,PREDICTIONS_FROZEN,False
7,TARGET_ASSISTED_LABELLED_TARGET_CALIBRATION,42,480017,2,1050,5c8dbba4a3755756214d2adb5afb497ef61a0e5154e6e9e5ba17a07a9dfb11ee,PREDICTIONS_FROZEN,False
10,TARGET_ASSISTED_LABELLED_TARGET_CALIBRATION,42,480017,2,1050,ee9c2cf173e97235fc0e1a6d6773fe3a62e0394464ee55aa9b069696ceeea23d,PREDICTIONS_FROZEN,False
20,TARGET_ASSISTED_LABELLED_TARGET_CALIBRATION,42,480017,2,1050,f48e2db2f91d984bcbe944cb5d02060f117af076d97545743f6df08d7d4b1f07,PREDICTIONS_FROZEN,False
21,TARGET_ASSISTED_LABELLED_TARGET_CALIBRATION,42,480017,2,1050,d0597ddfaeaca84b1f4c565c5d87b57f48b71ca328a8b7e60a14c78b2a4a8801,PREDICTIONS_FROZEN,False
35,TARGET_ASSISTED_LABELLED_TARGET_CALIBRATION,42,480017,2,1050,10d46456478a445a475e760d4e22e15cb3829065ed0a9562eb27abb91c4dcb33,PREDICTIONS_FROZEN,False
50,TARGET_ASSISTED_LABELLED_TARGET_CALIBRATION,42,480017,2,1050,3705d4ca7b147e18433904173af8cc093738937f582fdcbff1073c381245842c,PREDICTIONS_FROZEN,False
100,TARGET_ASSISTED_LABELLED_TARGET_CALIBRATION,42,480017,2,1050,0a7a8df3519d9b718f3bb56e3e9c846f75d5510824bfab4eee306017107c86b1,PREDICTIONS_FROZEN,False
200,TARGET_ASSISTED_LABELLED_TARGET_CALIBRATION,42,480017,2,1050,27e1fba39d7aaedf7108b473b3995f6e7df0e2a9ba8e0881c1ed6e220f207d3d,PREDICTIONS_FROZEN,False
500,TARGET_ASSISTED_LABELLED_TARGET_CALIBRATION,42,480017,2,1050,da2d9deb6be66133d8550ce646eae4d0e2718675bafb94e20971db7e3bb10af9,PREDICTIONS_FROZEN,False
7,TARGET_ASSISTED_LABELLED_TARGET_CALIBRATION,42,505027,2,1050,5c8dbba4a3755756214d2adb5afb497ef61a0e5154e6e9e5ba17a07a9dfb11ee,PREDICTIONS_FROZEN,False
10,TARGET_ASSISTED_LABELLED_TARGET_CALIBRATION,42,505027,2,1050,84dc2b6db1ecbace78f3c0fe3bf8513dedef41a5350f3b382eb5b9f7b795bcef,PREDICTIONS_FROZEN,False
20,TARGET_ASSISTED_LABELLED_TARGET_CALIBRATION,42,505027,2,1050,cde91fcca472262eca208938b40d524b420853e2b3f0ba61a8dbf099dd0cb816,PREDICTIONS_FROZEN,False
21,TARGET_ASSISTED_LABELLED_TARGET_CALIBRATION,42,505027,2,1050,1758820e7cd770c34b36ec35eee9da8e8f3765705264553081710123732ebaac,PREDICTIONS_FROZEN,False
35,TARGET_ASSISTED_LABELLED_TARGET_CALIBRATION,42,505027,2,1050,53bef20ecf0115135b857ed304bc500594d74577719607bb4490dc8b97be7f82,PREDICTIONS_FROZEN,False
50,TARGET_ASSISTED_LABELLED_TARGET_CALIBRATION,42,505027,2,1050,ccc3ac7fb74260192325b77dd5986d72322f90309c29a248b047051459ed6869,PREDICTIONS_FROZEN,False
100,TARGET_ASSISTED_LABELLED_TARGET_CALIBRATION,42,505027,2,1050,22d9ba2bebdfba7221be706f2ff116050f75fdccbca9ee6734b913398112f196,PREDICTIONS_FROZEN,False
200,TARGET_ASSISTED_LABELLED_TARGET_CALIBRATION,42,505027,2,1050,4eea527ced283a1bb9f43b9d5a2d8cc2bfbf2ef88cf37d81c6e40485dc1a614a,PREDICTIONS_FROZEN,False
500,TARGET_ASSISTED_LABELLED_TARGET_CALIBRATION,42,505027,2,1050,da2d9deb6be66133d8550ce646eae4d0e2718675bafb94e20971db7e3bb10af9,PREDICTIONS_FROZEN,False
7,TARGET_ASSISTED_LABELLED_TARGET_CALIBRATION,42,530017,2,1050,b448a5bca49d4dc5af7b76ee479d84cdb1138aa0544a56252810a9aead82f16b,PREDICTIONS_FROZEN,False
10,TARGET_ASSISTED_LABELLED_TARGET_CALIBRATION,42,530017,2,1050,bb7c5cadf5b435f2684e15240481ddbddc186d549cf89bd2795eca44b3492c6a,PREDICTIONS_FROZEN,False
20,TARGET_ASSISTED_LABELLED_TARGET_CALIBRATION,42,530017,2,1050,ea31f5594c025f4727d7d7140e9e4b979f8914757b65f440d16ef79da1fb6d09,PREDICTIONS_FROZEN,False
21,TARGET_ASSISTED_LABELLED_TARGET_CALIBRATION,42,530017,2,1050,3b101521d0505c52f151ba4f4e05e61b9fc63b1d2deaba1bedf375d057303745,PREDICTIONS_FROZEN,False
35,TARGET_ASSISTED_LABELLED_TARGET_CALIBRATION,42,530017,2,1050,1189efb460a1ba5d8e62d342f950a94a50067f2e454f98eef8693a7f32746a69,PREDICTIONS_FROZEN,False
50,TARGET_ASSISTED_LABELLED_TARGET_CALIBRATION,42,530017,2,1050,235670cebe67e148e049f05085747ed8554506a192a66e56d084b1689ce9145a,PREDICTIONS_FROZEN,False
100,TARGET_ASSISTED_LABELLED_TARGET_CALIBRATION,42,530017,2,1050,b7703a961040952fcf1ba0d9ee8c324e30e153b2e131e3d4c06efb6d83b9545e,PREDICTIONS_FROZEN,False
200,TARGET_ASSISTED_LABELLED_TARGET_CALIBRATION,42,530017,2,1050,0d72a73fe5ffcd5f998a83542918e897d4fedea5379a8cc1b5de35735abaa3e3,PREDICTIONS_FROZEN,False
500,TARGET_ASSISTED_LABELLED_TARGET_CALIBRATION,42,530017,2,1050,67391cb7dd633296ef85e186e4aa4e9b5fc75690db24470eef0d8feae212d2a8,PREDICTIONS_FROZEN,False
7,TARGET_ASSISTED_LABELLED_TARGET_CALIBRATION,42,555029,2,1050,5c8dbba4a3755756214d2adb5afb497ef61a0e5154e6e9e5ba17a07a9dfb11ee,PREDICTIONS_FROZEN,False
10,TARGET_ASSISTED_LABELLED_TARGET_CALIBRATION,42,555029,2,1050,d2e2bfd5cf8211c0e87fbb5f3d9698fac31a9d3c6db9b9c202cdabca85a03188,PREDICTIONS_FROZEN,False
20,TARGET_ASSISTED_LABELLED_TARGET_CALIBRATION,42,555029,2,1050,0fb85dc1a2b3a5888df77952913266dd23eef99c8d4deea72279c5bd3745df0c,PREDICTIONS_FROZEN,False
21,TARGET_ASSISTED_LABELLED_TARGET_CALIBRATION,42,555029,2,1050,085350f01beca7bdaa00c079a5fd1a5a9dff17dc03c700d6a56717f993222e5d,PREDICTIONS_FROZEN,False
35,TARGET_ASSISTED_LABELLED_TARGET_CALIBRATION,42,555029,2,1050,bcd77bcd75082d3f729f86a054f41252af8e901339460b5b17a071133852f88b,PREDICTIONS_FROZEN,False
50,TARGET_ASSISTED_LABELLED_TARGET_CALIBRATION,42,555029,2,1050,0a2bc8019ea4c5ce67f778e819ac1aab5f66e6c48574c7943850860127c72b57,PREDICTIONS_FROZEN,False
100,TARGET_ASSISTED_LABELLED_TARGET_CALIBRATION,42,555029,2,1050,a89de32d13e2cdf774874a62f7ba110643d93c1e3604226104f0745beebbaade,PREDICTIONS_FROZEN,False
200,TARGET_ASSISTED_LABELLED_TARGET_CALIBRATION,42,555029,2,1050,c915c0f8f92a3d249288b2408ec49b251a5b2f211514c8836fe923194790db7b,PREDICTIONS_FROZEN,False
500,TARGET_ASSISTED_LABELLED_TARGET_CALIBRATION,42,555029,2,1050,da2d9deb6be66133d8550ce646eae4d0e2718675bafb94e20971db7e3bb10af9,PREDICTIONS_FROZEN,False
7,TARGET_ASSISTED_LABELLED_TARGET_CALIBRATION,42,580031,2,1050,4968aa58d23335c7a575427242ec717d28008845e23051018ed12c3c2bc15140,PREDICTIONS_FROZEN,False
10,TARGET_ASSISTED_LABELLED_TARGET_CALIBRATION,42,580031,2,1050,b9562bcef6089fa87d029281856ba74dc98a6ee11771a11ad95dddfe430753f7,PREDICTIONS_FROZEN,False
20,TARGET_ASSISTED_LABELLED_TARGET_CALIBRATION,42,580031,2,1050,84d72893486443ef2bf59f05e4263f4da3799c2f17965c867e290a4636c24d57,PREDICTIONS_FROZEN,False
21,TARGET_ASSISTED_LABELLED_TARGET_CALIBRATION,42,580031,2,1050,60ba63f2a2320ef3db8e9edb239eeaf76aa95f1e073d84fd5667b6bdb8929026,PREDICTIONS_FROZEN,False
35,TARGET_ASSISTED_LABELLED_TARGET_CALIBRATION,42,580031,2,1050,e5702e1c63a1a345606d050446aadb1956d3cb99fac57b68adbeb5dd7e5d08ed,PREDICTIONS_FROZEN,False
50,TARGET_ASSISTED_LABELLED_TARGET_CALIBRATION,42,580031,2,1050,b8818f37b48a47399847804aef36525cd8c0a4eedc11cfce72c1c7fdac433b6c,PREDICTIONS_FROZEN,False
100,TARGET_ASSISTED_LABELLED_TARGET_CALIBRATION,42,580031,2,1050,da03c07d36fa281bd4b08fd3af6d40cb4d955237d7ee9b162c58827821c87390,PREDICTIONS_FROZEN,False
200,TARGET_ASSISTED_LABELLED_TARGET_CALIBRATION,42,580031,2,1050,f005ae5e44796374597cd495a82b549cc7ac8957e2e543a1421f83692ca45551,PREDICTIONS_FROZEN,False
500,TARGET_ASSISTED_LABELLED_TARGET_CALIBRATION,42,580031,2,1050,da2d9deb6be66133d8550ce646eae4d0e2718675bafb94e20971db7e3bb10af9,PREDICTIONS_FROZEN,False
0,STRICT_SOURCE_ONLY_DG,43,,0,1050,25f55844988d2b8158c960482661993e13fded44822c08ea536011df3c5aea56,PREDICTIONS_FROZEN,False
7,TARGET_ASSISTED_LABELLED_TARGET_CALIBRATION,43,104729,0,1050,afaeae8591a697b3c8e01122a2def21940fc8219c015fb3e139de02f18c8db6f,PREDICTIONS_FROZEN,False
10,TARGET_ASSISTED_LABELLED_TARGET_CALIBRATION,43,104729,0,1050,b7c66e9fab589a0328f941e21d9a5ba8a015f766558c9b79977b429247debb6f,PREDICTIONS_FROZEN,False
20,TARGET_ASSISTED_LABELLED_TARGET_CALIBRATION,43,104729,0,1050,09611a98a8b800ab3386953054c449896efa733f81e65d6bdd52eb9fc2b8559e,PREDICTIONS_FROZEN,False
21,TARGET_ASSISTED_LABELLED_TARGET_CALIBRATION,43,104729,0,1050,05710168c095e26f9a9e3a6330aef62efa0f25775c0be2dd53bd38951a3515e9,PREDICTIONS_FROZEN,False
35,TARGET_ASSISTED_LABELLED_TARGET_CALIBRATION,43,104729,0,1050,fe19a6771b6f4794bdd8d24f9b21cf0601227977b462d14b6d359dd6969c661e,PREDICTIONS_FROZEN,False
50,TARGET_ASSISTED_LABELLED_TARGET_CALIBRATION,43,104729,0,1050,b13c7eb1746aa9c19240d613e479766e50be8f9b56466b9711f5980e6777485f,PREDICTIONS_FROZEN,False
100,TARGET_ASSISTED_LABELLED_TARGET_CALIBRATION,43,104729,0,1050,f63031b0cb8ffa49d2c326831b83145fcc5b61591774da380a4acb3245222845,PREDICTIONS_FROZEN,False
200,TARGET_ASSISTED_LABELLED_TARGET_CALIBRATION,43,104729,0,1050,e8a3893aea2a16f35cd79290aaefe72b891f9b59cf43f33454d4078aeb03287a,PREDICTIONS_FROZEN,False
500,TARGET_ASSISTED_LABELLED_TARGET_CALIBRATION,43,104729,0,1050,96001d4b82a04c9f3a3dbf29dbe4c1f8ddef93e7beaa944b1633ed569802df6c,PREDICTIONS_FROZEN,False
7,TARGET_ASSISTED_LABELLED_TARGET_CALIBRATION,43,130363,0,1050,afaeae8591a697b3c8e01122a2def21940fc8219c015fb3e139de02f18c8db6f,PREDICTIONS_FROZEN,False
10,TARGET_ASSISTED_LABELLED_TARGET_CALIBRATION,43,130363,0,1050,ae6b523a9d94729e0c4fed48e0ba6b3cba6507c69a3d69e5cb3a1590d2087d6a,PREDICTIONS_FROZEN,False
20,TARGET_ASSISTED_LABELLED_TARGET_CALIBRATION,43,130363,0,1050,099394c690eea2bf17d0269f488236435a8c59016a4f54a6bfd7e53cf1a5b9fc,PREDICTIONS_FROZEN,False
21,TARGET_ASSISTED_LABELLED_TARGET_CALIBRATION,43,130363,0,1050,aff3e4006f1a79aaa6bc9216bfbccc5357e32230d509d495067868f2768c30b2,PREDICTIONS_FROZEN,False
35,TARGET_ASSISTED_LABELLED_TARGET_CALIBRATION,43,130363,0,1050,cf24a9f3b1772a7520d724c7611d9099a9c577e52f4bcae1d4f7e27ceaa0251b,PREDICTIONS_FROZEN,False
50,TARGET_ASSISTED_LABELLED_TARGET_CALIBRATION,43,130363,0,1050,3f613335b740172b84bd5c01c425fd31346dbb3cb136f1858c63cbd276a7357d,PREDICTIONS_FROZEN,False
100,TARGET_ASSISTED_LABELLED_TARGET_CALIBRATION,43,130363,0,1050,63b40146ae741bfb0fdec13308bdccf6523217ff45c538a91eb3a8e2a3336a56,PREDICTIONS_FROZEN,False
200,TARGET_ASSISTED_LABELLED_TARGET_CALIBRATION,43,130363,0,1050,829ad7030b52b8ffed3d5127f11057100571971f4c0d63318fc13776770f2ada,PREDICTIONS_FROZEN,False
500,TARGET_ASSISTED_LABELLED_TARGET_CALIBRATION,43,130363,0,1050,8d3e1bdfbfe6f44e0b7a9aca44e804b885560ce65c70b1df6bc5e328a1e6aa25,PREDICTIONS_FROZEN,False
7,TARGET_ASSISTED_LABELLED_TARGET_CALIBRATION,43,155921,0,1050,81299f0f4403dbb36f051d7e9a940b6b9337614b848519bcaa6065a44de95e25,PREDICTIONS_FROZEN,False
10,TARGET_ASSISTED_LABELLED_TARGET_CALIBRATION,43,155921,0,1050,1638f23e864932a1e935bf923b3789ca5d4fd7e09d9fc046f87217cbe8a8614a,PREDICTIONS_FROZEN,False
20,TARGET_ASSISTED_LABELLED_TARGET_CALIBRATION,43,155921,0,1050,416ef6e06939579e70a7df41c1cbe40e2dc809aa25fb6057e08ef231282c9c57,PREDICTIONS_FROZEN,False
21,TARGET_ASSISTED_LABELLED_TARGET_CALIBRATION,43,155921,0,1050,3ecc18cdd20e84535c76cef6b44f3ce9e5eeb8367277db4b65115d3371226680,PREDICTIONS_FROZEN,False
35,TARGET_ASSISTED_LABELLED_TARGET_CALIBRATION,43,155921,0,1050,25d4c7a40992b315b96838057dc4327b626cd7d6b91d9aaa2d40239bf04ec9a5,PREDICTIONS_FROZEN,False
50,TARGET_ASSISTED_LABELLED_TARGET_CALIBRATION,43,155921,0,1050,3aa568df952809ccbe9beeeaecda1b1601905c5715b0ec363306f2a48b2c4241,PREDICTIONS_FROZEN,False
100,TARGET_ASSISTED_LABELLED_TARGET_CALIBRATION,43,155921,0,1050,55d4d9f8e62eb775b56f795e14a4ee0276c67b32590b72302c6be3b2a2498c14,PREDICTIONS_FROZEN,False
200,TARGET_ASSISTED_LABELLED_TARGET_CALIBRATION,43,155921,0,1050,c2d5653f0e48422736bf9168b17b53423fac619f5f62e82c47c521095961bbb9,PREDICTIONS_FROZEN,False
500,TARGET_ASSISTED_LABELLED_TARGET_CALIBRATION,43,155921,0,1050,2fbaf510d67e08417ca515f7ffb0de424e2e0925c93fb07555a3a2d07e023a43,PREDICTIONS_FROZEN,False
7,TARGET_ASSISTED_LABELLED_TARGET_CALIBRATION,43,181081,0,1050,d521a85e804019af3ebb26980a541ea5a7a017e7087734038101b395d7ad6017,PREDICTIONS_FROZEN,False
10,TARGET_ASSISTED_LABELLED_TARGET_CALIBRATION,43,181081,0,1050,a281cad4eab92fbadb5cce3e1280210dc94390c0790a0e03fab942355349ceb7,PREDICTIONS_FROZEN,False
20,TARGET_ASSISTED_LABELLED_TARGET_CALIBRATION,43,181081,0,1050,daa77d5e9ef980097a278a0e498e87b07dc79ec0c1ff01248c06fd76eca0d16d,PREDICTIONS_FROZEN,False
21,TARGET_ASSISTED_LABELLED_TARGET_CALIBRATION,43,181081,0,1050,d218bc84c2efe0e0895628ef089fa49a6c5841bdad37182436c8f1746432f36f,PREDICTIONS_FROZEN,False
35,TARGET_ASSISTED_LABELLED_TARGET_CALIBRATION,43,181081,0,1050,704dbc16d72189782c528f7d86057838d182f9efae1bfe1488852e3cdf7274e3,PREDICTIONS_FROZEN,False
50,TARGET_ASSISTED_LABELLED_TARGET_CALIBRATION,43,181081,0,1050,a27b3a8e65002cc25425435b1ddff406b5ca88a5befd95b50bda3b5dda2e4ced,PREDICTIONS_FROZEN,False
100,TARGET_ASSISTED_LABELLED_TARGET_CALIBRATION,43,181081,0,1050,3ab99241675679fff035c17a10e8e2126a29e8eb73cbb18778eed717d0f23c05,PREDICTIONS_FROZEN,False
200,TARGET_ASSISTED_LABELLED_TARGET_CALIBRATION,43,181081,0,1050,bd193d0f27d022b1aa6676d9ddd86d50a83729e1196055ba2e082665f54781ea,PREDICTIONS_FROZEN,False
500,TARGET_ASSISTED_LABELLED_TARGET_CALIBRATION,43,181081,0,1050,27af4d44e9346b3ac9970bbb98d34b582b556079390ab9b4cf800c0d2fd63a37,PREDICTIONS_FROZEN,False
7,TARGET_ASSISTED_LABELLED_TARGET_CALIBRATION,43,205439,0,1050,715f47662486884629d32acced75c43a32658e54775be0a555f29e237a60ae5a,PREDICTIONS_FROZEN,False
10,TARGET_ASSISTED_LABELLED_TARGET_CALIBRATION,43,205439,0,1050,dfadb0db443d30c8ef811a66e41d7ed66b7b5ea21239a2791a1ea970bc6f2d45,PREDICTIONS_FROZEN,False
20,TARGET_ASSISTED_LABELLED_TARGET_CALIBRATION,43,205439,0,1050,f89c15df9deb70abc1965e9703124a41546c370811b93a9a6db1b7fa709700ad,PREDICTIONS_FROZEN,False
21,TARGET_ASSISTED_LABELLED_TARGET_CALIBRATION,43,205439,0,1050,584a384ef9047e575757e78d0eb57a3512c90b7afa6fab02c9196ba7ec44e221,PREDICTIONS_FROZEN,False
35,TARGET_ASSISTED_LABELLED_TARGET_CALIBRATION,43,205439,0,1050,a5b96179abd62df1bf16de176027cd16ede7a354b81032c6e06f30bdda406ec5,PREDICTIONS_FROZEN,False
50,TARGET_ASSISTED_LABELLED_TARGET_CALIBRATION,43,205439,0,1050,a530a3de3c866c69d29ab8bec347b60729c58fe4bdc19d353bf50515e1d375fd,PREDICTIONS_FROZEN,False
100,TARGET_ASSISTED_LABELLED_TARGET_CALIBRATION,43,205439,0,1050,1712452efa7895159de01031b9e2ac82053c624e05795673d85fcdb8bb420ec2,PREDICTIONS_FROZEN,False
200,TARGET_ASSISTED_LABELLED_TARGET_CALIBRATION,43,205439,0,1050,f8ea9511bb3715622551845dcec6bcfd80b9e9e2a31751c5aaf7dbd37df64469,PREDICTIONS_FROZEN,False
500,TARGET_ASSISTED_LABELLED_TARGET_CALIBRATION,43,205439,0,1050,556ed7cd02a690a3db8285f0e6ef8d2b77e2bb6d5c0fac11d3bf50c520797a54,PREDICTIONS_FROZEN,False
7,TARGET_ASSISTED_LABELLED_TARGET_CALIBRATION,43,230003,0,1050,e0fb88d91f146e9612f996b20025158e9915b95cee117d3fea429bf18db441a6,PREDICTIONS_FROZEN,False
10,TARGET_ASSISTED_LABELLED_TARGET_CALIBRATION,43,230003,0,1050,e45085c91abf4a75477e5b6a698f33aac3a5fef33c8e8f32535a8486496eef78,PREDICTIONS_FROZEN,False
20,TARGET_ASSISTED_LABELLED_TARGET_CALIBRATION,43,230003,0,1050,271b171484f704379101e346cbefff1ac02b25d9ffbec7128a54c375017aeb23,PREDICTIONS_FROZEN,False
21,TARGET_ASSISTED_LABELLED_TARGET_CALIBRATION,43,230003,0,1050,bf6e3707490c304e6dc1d01a158db9d852ac4623b70a4cd75ade9fb481bd81ac,PREDICTIONS_FROZEN,False
35,TARGET_ASSISTED_LABELLED_TARGET_CALIBRATION,43,230003,0,1050,ba6082f6efaeebc3ab9e06611cf6b64ec71808c0d7f7625939ad5f70a8def25e,PREDICTIONS_FROZEN,False
50,TARGET_ASSISTED_LABELLED_TARGET_CALIBRATION,43,230003,0,1050,45f85428ce741b4d5d69434fc500e927cb97744ca19baffa90cbc700eabffe80,PREDICTIONS_FROZEN,False
100,TARGET_ASSISTED_LABELLED_TARGET_CALIBRATION,43,230003,0,1050,0cea78e0be25be666940ae9ffe9b488abd1c827a9c7cd9aaace2f5b289afe5d7,PREDICTIONS_FROZEN,False
200,TARGET_ASSISTED_LABELLED_TARGET_CALIBRATION,43,230003,0,1050,0d64fc800a9e2b2fb28465bd92250e67e44fbeab5659350c703e89f5f756e86b,PREDICTIONS_FROZEN,False
500,TARGET_ASSISTED_LABELLED_TARGET_CALIBRATION,43,230003,0,1050,2069a9228a462118fe9e7ec93f2d270bd20fa3590db5fa7917b2aa655c31a806,PREDICTIONS_FROZEN,False
7,TARGET_ASSISTED_LABELLED_TARGET_CALIBRATION,43,254959,0,1050,926aabef64a0b14d8faeb3d6dcc2b42b72a74885703bffa882ca0883cf993e33,PREDICTIONS_FROZEN,False
10,TARGET_ASSISTED_LABELLED_TARGET_CALIBRATION,43,254959,0,1050,a4800063d7f5e7e5f26623122b764b49b056abd6fc63732d3b20ae58d2c874c1,PREDICTIONS_FROZEN,False
20,TARGET_ASSISTED_LABELLED_TARGET_CALIBRATION,43,254959,0,1050,ba4e9acbab319a37757f46d827353b3dd630ef6ff34cdb2f7fc27ee1ff508a70,PREDICTIONS_FROZEN,False
21,TARGET_ASSISTED_LABELLED_TARGET_CALIBRATION,43,254959,0,1050,6661b03fed84d05c753b5104a7bdb357c6b079dd724ce026f40d380383510ce8,PREDICTIONS_FROZEN,False
35,TARGET_ASSISTED_LABELLED_TARGET_CALIBRATION,43,254959,0,1050,40f48b1187e3c23604def7034c594f427183216cebd4b793a05b586dc5ccd3ff,PREDICTIONS_FROZEN,False
50,TARGET_ASSISTED_LABELLED_TARGET_CALIBRATION,43,254959,0,1050,b382ec77d83c34e45f6b46315e0922d8f6f3df92939ad2962183fcf1892b8d40,PREDICTIONS_FROZEN,False
100,TARGET_ASSISTED_LABELLED_TARGET_CALIBRATION,43,254959,0,1050,b90dcaa0a7023d1bc2e06f6e774a14df97f93d52fdf9b4ebafca8ff3030fc78b,PREDICTIONS_FROZEN,False
200,TARGET_ASSISTED_LABELLED_TARGET_CALIBRATION,43,254959,0,1050,8da7c4e8e40521048402188cf2f40f5633728eb77b5169f3cf6c8a20d653c71a,PREDICTIONS_FROZEN,False
500,TARGET_ASSISTED_LABELLED_TARGET_CALIBRATION,43,254959,0,1050,72c593021abe04c721ee6e423a1ed59247b7f0153db5b2d4b046547c4438783e,PREDICTIONS_FROZEN,False
7,TARGET_ASSISTED_LABELLED_TARGET_CALIBRATION,43,280001,0,1050,f8e2788958f18e9f9ff03e6c9b307bec29ff15e169bff7481bacf330708c82bb,PREDICTIONS_FROZEN,False
10,TARGET_ASSISTED_LABELLED_TARGET_CALIBRATION,43,280001,0,1050,19d2d184b8d71430fd43507b13f3f139e2aae689953eab917467009c9abd64ae,PREDICTIONS_FROZEN,False
20,TARGET_ASSISTED_LABELLED_TARGET_CALIBRATION,43,280001,0,1050,2b7c5c2c312bc8edb862b9c837ddb7649151266b888383bb7852aba0a75babd7,PREDICTIONS_FROZEN,False
21,TARGET_ASSISTED_LABELLED_TARGET_CALIBRATION,43,280001,0,1050,7e0bc743bfcfeb13bd74113e481281a3fdf68825a16200e180f0d1f394726e2b,PREDICTIONS_FROZEN,False
35,TARGET_ASSISTED_LABELLED_TARGET_CALIBRATION,43,280001,0,1050,3f4efb5bce7cbc25f4e71d8f101c0c969ccf6a55e6c239718f6b134fcf989aa0,PREDICTIONS_FROZEN,False
50,TARGET_ASSISTED_LABELLED_TARGET_CALIBRATION,43,280001,0,1050,ec79032d96cc46ff254e1ee392948d2f5ca88bb321bc2d61a566224fcc3f4d9a,PREDICTIONS_FROZEN,False
100,TARGET_ASSISTED_LABELLED_TARGET_CALIBRATION,43,280001,0,1050,2a9064ac2df30ee2e6a3608ac20df26fc024077638228b5507f596a5a4fb9c9f,PREDICTIONS_FROZEN,False
200,TARGET_ASSISTED_LABELLED_TARGET_CALIBRATION,43,280001,0,1050,479cd16535d0406a84afe987ee733038abd0e567397f3b3ea0658ca911f8f09c,PREDICTIONS_FROZEN,False
500,TARGET_ASSISTED_LABELLED_TARGET_CALIBRATION,43,280001,0,1050,0d64fc800a9e2b2fb28465bd92250e67e44fbeab5659350c703e89f5f756e86b,PREDICTIONS_FROZEN,False
7,TARGET_ASSISTED_LABELLED_TARGET_CALIBRATION,43,305093,0,1050,7bf174874db5e1aa1e8ef19cef6828152a084f33770d3ebaab9b43495041a9c7,PREDICTIONS_FROZEN,False
10,TARGET_ASSISTED_LABELLED_TARGET_CALIBRATION,43,305093,0,1050,04515a839de75ad45c819da01b0dff6a360789b8e6e9e82687751a103ace538f,PREDICTIONS_FROZEN,False
20,TARGET_ASSISTED_LABELLED_TARGET_CALIBRATION,43,305093,0,1050,66cc4c2ae0acec1a8172ab40b8d7fb50d2518b5f05909cd41720b82dda698202,PREDICTIONS_FROZEN,False
21,TARGET_ASSISTED_LABELLED_TARGET_CALIBRATION,43,305093,0,1050,e3d55737865b5ae17f507d4ee642688caafee6c2ffb075eb0abce480e83fbe1a,PREDICTIONS_FROZEN,False
35,TARGET_ASSISTED_LABELLED_TARGET_CALIBRATION,43,305093,0,1050,7e0f22c45497dc2415c463b0e28b27a84a0baad1e96d0b1ffbd1e4466be829d0,PREDICTIONS_FROZEN,False
50,TARGET_ASSISTED_LABELLED_TARGET_CALIBRATION,43,305093,0,1050,e74fbc4f52cd89b6c01a3140b51e664a611fea51798b125c6dd2acdfa526e279,PREDICTIONS_FROZEN,False
100,TARGET_ASSISTED_LABELLED_TARGET_CALIBRATION,43,305093,0,1050,9f27d841e8834705b3ff568af822ae588b05c0924e3a7024db96ccd0c5b11d53,PREDICTIONS_FROZEN,False
200,TARGET_ASSISTED_LABELLED_TARGET_CALIBRATION,43,305093,0,1050,8a39768c8d54c8420fd1e2818dd63bb4eaf12d543abab6ebc93d74150d460de4,PREDICTIONS_FROZEN,False
500,TARGET_ASSISTED_LABELLED_TARGET_CALIBRATION,43,305093,0,1050,505f9cf4e60cfc02d327a6289d9ad21695dd3e51330b9e0348dfb8ef534d8548,PREDICTIONS_FROZEN,False
7,TARGET_ASSISTED_LABELLED_TARGET_CALIBRATION,43,330017,0,1050,715f47662486884629d32acced75c43a32658e54775be0a555f29e237a60ae5a,PREDICTIONS_FROZEN,False
10,TARGET_ASSISTED_LABELLED_TARGET_CALIBRATION,43,330017,0,1050,dac7b39f47f728233cf077b82f85ff2b0dfcde1818570db10c601d532d4a0535,PREDICTIONS_FROZEN,False
20,TARGET_ASSISTED_LABELLED_TARGET_CALIBRATION,43,330017,0,1050,53794fd7526ac559a2db4d83697db6a23b23cba42309b788ac054f103b65b08b,PREDICTIONS_FROZEN,False
21,TARGET_ASSISTED_LABELLED_TARGET_CALIBRATION,43,330017,0,1050,7b096f2f96fcea8ebcfe9e83ff579b9ce97d1429a9f5b434977da95219bc3c3e,PREDICTIONS_FROZEN,False
35,TARGET_ASSISTED_LABELLED_TARGET_CALIBRATION,43,330017,0,1050,f59657c5e06f1e54fca726d3d02533f25b48d8a453b5b886f811f8cf760ca5f7,PREDICTIONS_FROZEN,False
50,TARGET_ASSISTED_LABELLED_TARGET_CALIBRATION,43,330017,0,1050,fa9384457d8598dec40e5aa4c354b886b3b8470e33cf35c67a2d088bac386608,PREDICTIONS_FROZEN,False
100,TARGET_ASSISTED_LABELLED_TARGET_CALIBRATION,43,330017,0,1050,c03e40639c61bbcada723824d583212802507dcf5592003985babaa55279139f,PREDICTIONS_FROZEN,False
200,TARGET_ASSISTED_LABELLED_TARGET_CALIBRATION,43,330017,0,1050,1d60d96f3fa8f227de527d34cd1abd304ebcf06dfe4aa396b8b8485db57ec5b0,PREDICTIONS_FROZEN,False
500,TARGET_ASSISTED_LABELLED_TARGET_CALIBRATION,43,330017,0,1050,a2b2ca95fe0691072c2efbb52b5d0a868ee6ca78f7e62baf82314a9ef539c8c3,PREDICTIONS_FROZEN,False
7,TARGET_ASSISTED_LABELLED_TARGET_CALIBRATION,43,355031,0,1050,715f47662486884629d32acced75c43a32658e54775be0a555f29e237a60ae5a,PREDICTIONS_FROZEN,False
10,TARGET_ASSISTED_LABELLED_TARGET_CALIBRATION,43,355031,0,1050,849268810725e3b33d0d3a49a2b7d944061d6945ee600c297f5a91a3f7de3f55,PREDICTIONS_FROZEN,False
20,TARGET_ASSISTED_LABELLED_TARGET_CALIBRATION,43,355031,0,1050,77b1ba53c835acff17e295d8ba8e6db9c11fbcea00ae10a75b91da1e861c7255,PREDICTIONS_FROZEN,False
21,TARGET_ASSISTED_LABELLED_TARGET_CALIBRATION,43,355031,0,1050,c242a6c7f8ecffc82e92389f4a1210eb7e27a1f13b79eb7a032f930052cdf288,PREDICTIONS_FROZEN,False
35,TARGET_ASSISTED_LABELLED_TARGET_CALIBRATION,43,355031,0,1050,edeb17b0de28ea43145b0233ab06b032ff5a274ab7c85b00fe639e6e6ad55b1b,PREDICTIONS_FROZEN,False
50,TARGET_ASSISTED_LABELLED_TARGET_CALIBRATION,43,355031,0,1050,3ba28720a72317ab5ccd6c7177bd88a8596f60de37517443ed32b75b2d7fca5a,PREDICTIONS_FROZEN,False
100,TARGET_ASSISTED_LABELLED_TARGET_CALIBRATION,43,355031,0,1050,1f83195e7ad17824d1a19122474ceded253b8841f6e73065f5718fd9c5c05adf,PREDICTIONS_FROZEN,False
200,TARGET_ASSISTED_LABELLED_TARGET_CALIBRATION,43,355031,0,1050,7b7b94e9ffa31e0c13752225ccdc0d85ed9d072348578a7129a36b5aa8f70ba8,PREDICTIONS_FROZEN,False
500,TARGET_ASSISTED_LABELLED_TARGET_CALIBRATION,43,355031,0,1050,64616a88f50c004b19e8b31484b15b147fe609fae54ea84207cc94f9c7210639,PREDICTIONS_FROZEN,False
7,TARGET_ASSISTED_LABELLED_TARGET_CALIBRATION,43,380041,0,1050,afaeae8591a697b3c8e01122a2def21940fc8219c015fb3e139de02f18c8db6f,PREDICTIONS_FROZEN,False
10,TARGET_ASSISTED_LABELLED_TARGET_CALIBRATION,43,380041,0,1050,21a24a3b77e514a73f50e1442a8aec66f93046bed8e9856d061a9aca97489d2d,PREDICTIONS_FROZEN,False
20,TARGET_ASSISTED_LABELLED_TARGET_CALIBRATION,43,380041,0,1050,cc7c3c28e8c8474f8ea424899e6c2e1eba8cca1e1fd647f4fafa29feca2ede02,PREDICTIONS_FROZEN,False
21,TARGET_ASSISTED_LABELLED_TARGET_CALIBRATION,43,380041,0,1050,3bd29a9a8363d8735d8fbc94b4328753ddec2f85293c46db1dd55124edaac307,PREDICTIONS_FROZEN,False
35,TARGET_ASSISTED_LABELLED_TARGET_CALIBRATION,43,380041,0,1050,7541446676349670db2d89c82f5db5766470a3ecd7c6ca773e6123075a1d5619,PREDICTIONS_FROZEN,False
50,TARGET_ASSISTED_LABELLED_TARGET_CALIBRATION,43,380041,0,1050,83d27d941d2adc7187c4de3da6405400d53d01eaf434893f781becc7dc436363,PREDICTIONS_FROZEN,False
100,TARGET_ASSISTED_LABELLED_TARGET_CALIBRATION,43,380041,0,1050,d512167418c4802ca2e67bd873efbea1289b2982bf4b22fad360f34c58541ec6,PREDICTIONS_FROZEN,False
200,TARGET_ASSISTED_LABELLED_TARGET_CALIBRATION,43,380041,0,1050,c319c6bc8f0dc7af7ca2bc17a6e35762709db34c02f53c286274c55c2088afb6,PREDICTIONS_FROZEN,False
500,TARGET_ASSISTED_LABELLED_TARGET_CALIBRATION,43,380041,0,1050,b2a0a87b782a8ba15dd79b53aeb419871cfebcf5aa9845189ace81eb15f4a98e,PREDICTIONS_FROZEN,False
7,TARGET_ASSISTED_LABELLED_TARGET_CALIBRATION,43,405019,0,1050,92aecc5353277086a595d56ea8ba4d36410d8b2d5643a80d42934e31bdc80dec,PREDICTIONS_FROZEN,False
10,TARGET_ASSISTED_LABELLED_TARGET_CALIBRATION,43,405019,0,1050,ec9f4979ccbc8cb57713ebe87988d7c9c196d37a7bdfb45dd81a88d2ec45bbed,PREDICTIONS_FROZEN,False
20,TARGET_ASSISTED_LABELLED_TARGET_CALIBRATION,43,405019,0,1050,e7dc3131d0d9a148c8b95589e0878c7b4878e4e9bf9080c55fcd5cd46557a8f7,PREDICTIONS_FROZEN,False
21,TARGET_ASSISTED_LABELLED_TARGET_CALIBRATION,43,405019,0,1050,bf066751fdeccd9506a0998db815fc0f8f302bdd37a21910a5623e0c59943049,PREDICTIONS_FROZEN,False
35,TARGET_ASSISTED_LABELLED_TARGET_CALIBRATION,43,405019,0,1050,eeb59227dc4f4252af4a7188df70e6b23f9763cb05748ddcd4bbf4e8f3375eca,PREDICTIONS_FROZEN,False
50,TARGET_ASSISTED_LABELLED_TARGET_CALIBRATION,43,405019,0,1050,778cebe569958ce54ba688c9f334c18a194b7063dba338ed286977c112278dbd,PREDICTIONS_FROZEN,False
100,TARGET_ASSISTED_LABELLED_TARGET_CALIBRATION,43,405019,0,1050,3496896b0a13537a9ee30b96e0071b29aebeab111027f275462f5b4fbb85035d,PREDICTIONS_FROZEN,False
200,TARGET_ASSISTED_LABELLED_TARGET_CALIBRATION,43,405019,0,1050,de5484b952d5efa38c19ab0bd4062e91f04ed16b4b986047e32202a3dc4ce91d,PREDICTIONS_FROZEN,False
500,TARGET_ASSISTED_LABELLED_TARGET_CALIBRATION,43,405019,0,1050,c5bf61c4e8a40c29f78ca4e209f6280b84d0b7d95a7759247cb8d353f5701402,PREDICTIONS_FROZEN,False
7,TARGET_ASSISTED_LABELLED_TARGET_CALIBRATION,43,430007,0,1050,8975cfa6ad8329d7904da272531fc6846862868b96244bd10f61a9de9773c091,PREDICTIONS_FROZEN,False
10,TARGET_ASSISTED_LABELLED_TARGET_CALIBRATION,43,430007,0,1050,764bbedcb46a2d8cd93b2420a284014d0009d7be1376e0b7d6a428d0a6d8a2fd,PREDICTIONS_FROZEN,False
20,TARGET_ASSISTED_LABELLED_TARGET_CALIBRATION,43,430007,0,1050,12cbf3f339b168e21dab158bcf2f6dd54b4f4e7ac17ccfa778ac1360f2bd8efa,PREDICTIONS_FROZEN,False
21,TARGET_ASSISTED_LABELLED_TARGET_CALIBRATION,43,430007,0,1050,b476cf99bc923cfcbfa20c6c450022a09d3cc9911518a4da8cb3c5ceb5783217,PREDICTIONS_FROZEN,False
35,TARGET_ASSISTED_LABELLED_TARGET_CALIBRATION,43,430007,0,1050,07ed2f24656c8fd21d63f0c2357aa7694affa604c9042fff4e2b43877805bc9b,PREDICTIONS_FROZEN,False
50,TARGET_ASSISTED_LABELLED_TARGET_CALIBRATION,43,430007,0,1050,62aa21be56e00119d050ceb15d3421d5182af561fba44d2752a28c31ff108544,PREDICTIONS_FROZEN,False
100,TARGET_ASSISTED_LABELLED_TARGET_CALIBRATION,43,430007,0,1050,a330a1c7add3363b0dd2a7235661752387236256987adc55964b78a7b51d74da,PREDICTIONS_FROZEN,False
200,TARGET_ASSISTED_LABELLED_TARGET_CALIBRATION,43,430007,0,1050,2f850d2efdf9c2de6cb800468e1733a078c6a2705575b3b54645660975d652cc,PREDICTIONS_FROZEN,False
500,TARGET_ASSISTED_LABELLED_TARGET_CALIBRATION,43,430007,0,1050,da3ad9cf94a2482252435239dcef6b8a3e8bdfaccae62cf562ecc058f27e918e,PREDICTIONS_FROZEN,False
7,TARGET_ASSISTED_LABELLED_TARGET_CALIBRATION,43,455003,0,1050,485c5be8d115714a2e47fd4c2a6a352ebb7f5e61f25bd381e4ea910049bb4470,PREDICTIONS_FROZEN,False
10,TARGET_ASSISTED_LABELLED_TARGET_CALIBRATION,43,455003,0,1050,ff4e12ce4247a660faa9a006df2430799ca3935355246637eddf95e46cde7d0c,PREDICTIONS_FROZEN,False
20,TARGET_ASSISTED_LABELLED_TARGET_CALIBRATION,43,455003,0,1050,62e2badeed53c0b71b070e6a976a24f717b12f1913e6dccc003d759ee1c98125,PREDICTIONS_FROZEN,False
21,TARGET_ASSISTED_LABELLED_TARGET_CALIBRATION,43,455003,0,1050,360cc6432aa4d762f33c2dec8d674b71c7a90536e3ebf99958baebbc886e9454,PREDICTIONS_FROZEN,False
35,TARGET_ASSISTED_LABELLED_TARGET_CALIBRATION,43,455003,0,1050,cf24a9f3b1772a7520d724c7611d9099a9c577e52f4bcae1d4f7e27ceaa0251b,PREDICTIONS_FROZEN,False
50,TARGET_ASSISTED_LABELLED_TARGET_CALIBRATION,43,455003,0,1050,7e8d6266b0f54a8dbc8b52357a6a7ada5c891c474f44ee2919b345c71efccde2,PREDICTIONS_FROZEN,False
100,TARGET_ASSISTED_LABELLED_TARGET_CALIBRATION,43,455003,0,1050,e5d8871503e216d64d4f062da20bfb0b1ffe76a396de1b2fb77d2b9001dbcbb6,PREDICTIONS_FROZEN,False
200,TARGET_ASSISTED_LABELLED_TARGET_CALIBRATION,43,455003,0,1050,fb673558946299695946e2aa307cc8983fe6487f283575e751f9e9308d9ee608,PREDICTIONS_FROZEN,False
500,TARGET_ASSISTED_LABELLED_TARGET_CALIBRATION,43,455003,0,1050,64616a88f50c004b19e8b31484b15b147fe609fae54ea84207cc94f9c7210639,PREDICTIONS_FROZEN,False
7,TARGET_ASSISTED_LABELLED_TARGET_CALIBRATION,43,480017,0,1050,4a53c18223bed5353af2689d603169431954496cdbb59132ab1b9e7133e04c01,PREDICTIONS_FROZEN,False
10,TARGET_ASSISTED_LABELLED_TARGET_CALIBRATION,43,480017,0,1050,8feaec34fd89d841a3e712d62e89cb23a41698e8ff5cd17c8c2c59fe4df49498,PREDICTIONS_FROZEN,False
20,TARGET_ASSISTED_LABELLED_TARGET_CALIBRATION,43,480017,0,1050,712102a81952aedf67606f0f929c9ae32db86272e309cdad4dc7b7ec34bc05fd,PREDICTIONS_FROZEN,False
21,TARGET_ASSISTED_LABELLED_TARGET_CALIBRATION,43,480017,0,1050,7603ce30c47e43796bd7a18c167691e1bb6f88e1380370bb6afa1069609268cf,PREDICTIONS_FROZEN,False
35,TARGET_ASSISTED_LABELLED_TARGET_CALIBRATION,43,480017,0,1050,3fa88b68236beaf36e69232fe668491514929b3493d005eeed971f59c27d7b53,PREDICTIONS_FROZEN,False
50,TARGET_ASSISTED_LABELLED_TARGET_CALIBRATION,43,480017,0,1050,08baafbd6ecea169bf2aaaf129ea198cb02ff6a556ebe5c3cb707ecbcada6ee6,PREDICTIONS_FROZEN,False
100,TARGET_ASSISTED_LABELLED_TARGET_CALIBRATION,43,480017,0,1050,9b1d5f61acbf05fa718a13efc18f791d90a32bdc4885e3724221af3accb5ad3c,PREDICTIONS_FROZEN,False
200,TARGET_ASSISTED_LABELLED_TARGET_CALIBRATION,43,480017,0,1050,c016398625517a7014a69fc80c6a09bf645544b236a48ffbe74e465f6edc4f89,PREDICTIONS_FROZEN,False
500,TARGET_ASSISTED_LABELLED_TARGET_CALIBRATION,43,480017,0,1050,0c279b658ab30176f158208c8ba3eb31f69e07729c1ebca079d048cdc8aa3a62,PREDICTIONS_FROZEN,False
7,TARGET_ASSISTED_LABELLED_TARGET_CALIBRATION,43,505027,0,1050,e8b63bdf912063a241d04982b5fd56275da404e672eed19d96cce3c9b6621e98,PREDICTIONS_FROZEN,False
10,TARGET_ASSISTED_LABELLED_TARGET_CALIBRATION,43,505027,0,1050,655f753b5bca4f33d075f68b75720bd7715923c7d286c788ed045ab9ea052558,PREDICTIONS_FROZEN,False
20,TARGET_ASSISTED_LABELLED_TARGET_CALIBRATION,43,505027,0,1050,02b51f4be7efdc9bd2509c67a1af54025934b2a8b682327621c73e9922ced4d3,PREDICTIONS_FROZEN,False
21,TARGET_ASSISTED_LABELLED_TARGET_CALIBRATION,43,505027,0,1050,7ea777226ea882ebecc252a9c777bfdfedaf45626f15cd236b7f9c8994ac96ab,PREDICTIONS_FROZEN,False
35,TARGET_ASSISTED_LABELLED_TARGET_CALIBRATION,43,505027,0,1050,ca3940cb27a4aef64e75ba721bb75030e7af7b863dae83c7a8eba7fc134519c9,PREDICTIONS_FROZEN,False
50,TARGET_ASSISTED_LABELLED_TARGET_CALIBRATION,43,505027,0,1050,39f647d1cc77cb3e6a14af861031c4de81ba96d3c5db5f0ae856d210ee1d3f18,PREDICTIONS_FROZEN,False
100,TARGET_ASSISTED_LABELLED_TARGET_CALIBRATION,43,505027,0,1050,da503aa394753d4691817ea69c596bfa8827a7399445176248f7a58fc60c927f,PREDICTIONS_FROZEN,False
200,TARGET_ASSISTED_LABELLED_TARGET_CALIBRATION,43,505027,0,1050,4211022128d3dba27cdb50ff3aad4fa8c769104fe1249e15ffa2690844bd930a,PREDICTIONS_FROZEN,False
500,TARGET_ASSISTED_LABELLED_TARGET_CALIBRATION,43,505027,0,1050,339d3b99aa6b77eb3fe18b24b2963abb473d0a35e1417c49f74865803d2b3ceb,PREDICTIONS_FROZEN,False
7,TARGET_ASSISTED_LABELLED_TARGET_CALIBRATION,43,530017,0,1050,d521a85e804019af3ebb26980a541ea5a7a017e7087734038101b395d7ad6017,PREDICTIONS_FROZEN,False
10,TARGET_ASSISTED_LABELLED_TARGET_CALIBRATION,43,530017,0,1050,3764d3cfcc49e55a0a8e29e69dd7cb37069cee570229642102880d51edf1cfa7,PREDICTIONS_FROZEN,False
20,TARGET_ASSISTED_LABELLED_TARGET_CALIBRATION,43,530017,0,1050,2b19451419e04ca6d7a09eded0f799505c53f196a03c2f9f5b06afca7680c473,PREDICTIONS_FROZEN,False
21,TARGET_ASSISTED_LABELLED_TARGET_CALIBRATION,43,530017,0,1050,83608f0fab648dc06e0a0eb896635e1ab36dd3c1f305e142bbc32e402e8caee3,PREDICTIONS_FROZEN,False
35,TARGET_ASSISTED_LABELLED_TARGET_CALIBRATION,43,530017,0,1050,69b99215a5f5263ad423be7760ea9310f6d3bcbfc90566b7fefa5449af340a24,PREDICTIONS_FROZEN,False
50,TARGET_ASSISTED_LABELLED_TARGET_CALIBRATION,43,530017,0,1050,cd8cd52a0c1c29d29324ac5492f490952b558dab44f656123b720a8e339b2e54,PREDICTIONS_FROZEN,False
100,TARGET_ASSISTED_LABELLED_TARGET_CALIBRATION,43,530017,0,1050,a3ac69e1aa489d9a63651b631209e1ee0ca2498e6f017435f48e85c6cd73da25,PREDICTIONS_FROZEN,False
200,TARGET_ASSISTED_LABELLED_TARGET_CALIBRATION,43,530017,0,1050,94dd1a80c2970bd3129629fc2d9b0d2967921ed824079c9b7148a98934469199,PREDICTIONS_FROZEN,False
500,TARGET_ASSISTED_LABELLED_TARGET_CALIBRATION,43,530017,0,1050,17fbdd76c6fed26500651e554551ea23c336dd243b19f67a00a4abbce2405bcb,PREDICTIONS_FROZEN,False
7,TARGET_ASSISTED_LABELLED_TARGET_CALIBRATION,43,555029,0,1050,67c7e0c128abcc7c710111bda7ec1f564d90b96e05e40d79eaecbce188b9cede,PREDICTIONS_FROZEN,False
10,TARGET_ASSISTED_LABELLED_TARGET_CALIBRATION,43,555029,0,1050,cf7fd00162bf64683e686a1209c71911f79f11b067d0fefbffb8f00473ca7bce,PREDICTIONS_FROZEN,False
20,TARGET_ASSISTED_LABELLED_TARGET_CALIBRATION,43,555029,0,1050,57ede808e4b27c790ff76457630803a07a9c869ae5985cb9fd8e0a75d1812039,PREDICTIONS_FROZEN,False
21,TARGET_ASSISTED_LABELLED_TARGET_CALIBRATION,43,555029,0,1050,db1ce5b47fb6c65928a0bd391b2a7c7e360bb8728e7da349539231faae704e31,PREDICTIONS_FROZEN,False
35,TARGET_ASSISTED_LABELLED_TARGET_CALIBRATION,43,555029,0,1050,372a37d8beeb31c5ff833d0524fda45ad2658056249321dd948d9c98172d478d,PREDICTIONS_FROZEN,False
50,TARGET_ASSISTED_LABELLED_TARGET_CALIBRATION,43,555029,0,1050,ca4df3be466fd490a792146c5e008ef1de1e8fb8838102cece0b2726444b52f3,PREDICTIONS_FROZEN,False
100,TARGET_ASSISTED_LABELLED_TARGET_CALIBRATION,43,555029,0,1050,e89e3464debd157c99a96c895024ec5d7e264bac2e9f6955ed80338bb1a491a8,PREDICTIONS_FROZEN,False
200,TARGET_ASSISTED_LABELLED_TARGET_CALIBRATION,43,555029,0,1050,399d8c2d132254672e7bb301d00863162014ea372ee7a2d22e6f2b99c061e2ac,PREDICTIONS_FROZEN,False
500,TARGET_ASSISTED_LABELLED_TARGET_CALIBRATION,43,555029,0,1050,d9fb438ffcbaac9b4f971711256487f8951e096f416d3cd46d4a2ca3d3f94618,PREDICTIONS_FROZEN,False
7,TARGET_ASSISTED_LABELLED_TARGET_CALIBRATION,43,580031,0,1050,afaeae8591a697b3c8e01122a2def21940fc8219c015fb3e139de02f18c8db6f,PREDICTIONS_FROZEN,False
10,TARGET_ASSISTED_LABELLED_TARGET_CALIBRATION,43,580031,0,1050,b565c0c2114588fd062a5aaa0518a9ee2996de727e75aebae22588326acf970b,PREDICTIONS_FROZEN,False
20,TARGET_ASSISTED_LABELLED_TARGET_CALIBRATION,43,580031,0,1050,e4f56bf261132f62470093e167099c0734a91f74acf01d1d2246659519ce6f51,PREDICTIONS_FROZEN,False
21,TARGET_ASSISTED_LABELLED_TARGET_CALIBRATION,43,580031,0,1050,e4f56bf261132f62470093e167099c0734a91f74acf01d1d2246659519ce6f51,PREDICTIONS_FROZEN,False
35,TARGET_ASSISTED_LABELLED_TARGET_CALIBRATION,43,580031,0,1050,514f35409baf2baf889ee2a1a88214def6467713639fb950a8d2ab8ca9e7a265,PREDICTIONS_FROZEN,False
50,TARGET_ASSISTED_LABELLED_TARGET_CALIBRATION,43,580031,0,1050,ebc9da0be0891521bc6e2f876052dbdef8ec3c10d6e50b9e92fc28ab5d32e868,PREDICTIONS_FROZEN,False
100,TARGET_ASSISTED_LABELLED_TARGET_CALIBRATION,43,580031,0,1050,b9c447c2ff6103a91d0029ede3acf5bfc1a90f2da5b953c6f731d2fb69d6d745,PREDICTIONS_FROZEN,False
200,TARGET_ASSISTED_LABELLED_TARGET_CALIBRATION,43,580031,0,1050,85e0234f8508471a9691fe4615d57010ee62cf6a969ec394488a8a5e015c5022,PREDICTIONS_FROZEN,False
500,TARGET_ASSISTED_LABELLED_TARGET_CALIBRATION,43,580031,0,1050,2069a9228a462118fe9e7ec93f2d270bd20fa3590db5fa7917b2aa655c31a806,PREDICTIONS_FROZEN,False
0,STRICT_SOURCE_ONLY_DG,43,,1,1050,b057f31d8b50e93b922962824de115fb7491f16f87c6a1726fc3720ef9da428a,PREDICTIONS_FROZEN,False
7,TARGET_ASSISTED_LABELLED_TARGET_CALIBRATION,43,104729,1,1050,ef277f73598015eee6a20f904c4a946a115cd3d908acd110644c53b6f20b12c8,PREDICTIONS_FROZEN,False
10,TARGET_ASSISTED_LABELLED_TARGET_CALIBRATION,43,104729,1,1050,32d6a4f92c52903edc02193dcca1a172cd9aadad7958b15cd700337dbb228585,PREDICTIONS_FROZEN,False
20,TARGET_ASSISTED_LABELLED_TARGET_CALIBRATION,43,104729,1,1050,224fa8a00897c2e1b7ae6f2a6724ace91046669a3ced66f653756b2694745ee3,PREDICTIONS_FROZEN,False
21,TARGET_ASSISTED_LABELLED_TARGET_CALIBRATION,43,104729,1,1050,f922e8693fdd91004df9a72a4cd404617bc5037f2ad2a1e7d24ff533bc0598d2,PREDICTIONS_FROZEN,False
35,TARGET_ASSISTED_LABELLED_TARGET_CALIBRATION,43,104729,1,1050,7d4084a14edb0cff31202c1f53f3d5cb94fea3f7d85a29ba48df489e1535af17,PREDICTIONS_FROZEN,False
50,TARGET_ASSISTED_LABELLED_TARGET_CALIBRATION,43,104729,1,1050,c466fb5532c55b45ba6fa54285f1a114f1b1270ebf9ff6570a8f7661abf2a7d7,PREDICTIONS_FROZEN,False
100,TARGET_ASSISTED_LABELLED_TARGET_CALIBRATION,43,104729,1,1050,07a419f4074cc3915ac865b0b86e159c45b79fb717b7debccb889cfd02b5f7cd,PREDICTIONS_FROZEN,False
200,TARGET_ASSISTED_LABELLED_TARGET_CALIBRATION,43,104729,1,1050,d1cec589b4e9b2a81ca817f7e1770cdaa7127febbbec99b99bbb32904ccbab2e,PREDICTIONS_FROZEN,False
500,TARGET_ASSISTED_LABELLED_TARGET_CALIBRATION,43,104729,1,1050,d3f1bf1c12387c1b0426eb76f21d8478c6b44323ecaaacd904ca24f9dfba0c03,PREDICTIONS_FROZEN,False
7,TARGET_ASSISTED_LABELLED_TARGET_CALIBRATION,43,130363,1,1050,fa7c62e28520b9f04a3d36aa610b8cd1a9dbb58a479620dc80ab362bb44ce584,PREDICTIONS_FROZEN,False
10,TARGET_ASSISTED_LABELLED_TARGET_CALIBRATION,43,130363,1,1050,0c4e8fa821511863f9917842a30f7701a490e543abc729d6e100ec6cf11d7259,PREDICTIONS_FROZEN,False
20,TARGET_ASSISTED_LABELLED_TARGET_CALIBRATION,43,130363,1,1050,15015abbb85501eab99688de815949e0f282df04f6991d50452d6872f0cece61,PREDICTIONS_FROZEN,False
21,TARGET_ASSISTED_LABELLED_TARGET_CALIBRATION,43,130363,1,1050,d6e7632c58d22347beaccec6f8a8a5448d74e984879f3dd664ef3f77a565870e,PREDICTIONS_FROZEN,False
35,TARGET_ASSISTED_LABELLED_TARGET_CALIBRATION,43,130363,1,1050,d580adefc8369bc22649c9145ddf9c735e098f374dbcf552bd652ba0198f4734,PREDICTIONS_FROZEN,False
50,TARGET_ASSISTED_LABELLED_TARGET_CALIBRATION,43,130363,1,1050,d0ce5d6e18621f4884ad4788246106e499c6c030ef1eb90a9cb0ed6cfa91246a,PREDICTIONS_FROZEN,False
100,TARGET_ASSISTED_LABELLED_TARGET_CALIBRATION,43,130363,1,1050,19bd3337d351b0315859718337f917ee470b2e463b698f23cb35a20a558ebf34,PREDICTIONS_FROZEN,False
200,TARGET_ASSISTED_LABELLED_TARGET_CALIBRATION,43,130363,1,1050,f3576fcfc8cc1dff6488a514e10733c684155d60d052b1a031c615009ab0b2cf,PREDICTIONS_FROZEN,False
500,TARGET_ASSISTED_LABELLED_TARGET_CALIBRATION,43,130363,1,1050,8ea375a6b96805bf6e6c6e67fa0898b7cafb5818f90e8d2da6b8213c0ee01d26,PREDICTIONS_FROZEN,False
7,TARGET_ASSISTED_LABELLED_TARGET_CALIBRATION,43,155921,1,1050,8825f79eec302e523b7f3785257892c5ef97a7492fabf91d770fd6d371d42fc9,PREDICTIONS_FROZEN,False
10,TARGET_ASSISTED_LABELLED_TARGET_CALIBRATION,43,155921,1,1050,45e0b31c1a98f5295222009c7919b4b2d95f9b2ccd23ef6f9e8c5f8e3bb43170,PREDICTIONS_FROZEN,False
20,TARGET_ASSISTED_LABELLED_TARGET_CALIBRATION,43,155921,1,1050,97725e359caa703b37ea94f72a2fc027f504a1f01b4d14359653d7c3fa2257db,PREDICTIONS_FROZEN,False
21,TARGET_ASSISTED_LABELLED_TARGET_CALIBRATION,43,155921,1,1050,cf0f5613d01f4eb69c82c2f6a33436ad23bbc9d6be546dc2a275e56114150be7,PREDICTIONS_FROZEN,False
35,TARGET_ASSISTED_LABELLED_TARGET_CALIBRATION,43,155921,1,1050,9a756ed30e33fc2fdd761117b7e9eb9010984cd6a21d5736fd4723320a63f81c,PREDICTIONS_FROZEN,False
50,TARGET_ASSISTED_LABELLED_TARGET_CALIBRATION,43,155921,1,1050,b83992fde268249e70ed9c293cd81b26658a1f939dbc3135047385982337c350,PREDICTIONS_FROZEN,False
100,TARGET_ASSISTED_LABELLED_TARGET_CALIBRATION,43,155921,1,1050,b8f40be76a72024af0f602a20f30357f949805b01687d49ed3ca8435ff537707,PREDICTIONS_FROZEN,False
200,TARGET_ASSISTED_LABELLED_TARGET_CALIBRATION,43,155921,1,1050,74c05112c71c44e46e812d497d2d25d5e4070fc29435c366c341af98f737673e,PREDICTIONS_FROZEN,False
500,TARGET_ASSISTED_LABELLED_TARGET_CALIBRATION,43,155921,1,1050,cac0e3ffde97da319bdd70245f64b0de0e3b9ea29df216205b3f2bcc802eccab,PREDICTIONS_FROZEN,False
7,TARGET_ASSISTED_LABELLED_TARGET_CALIBRATION,43,181081,1,1050,a6e35b06633a383484398286cdbaa55b0a2d1f8458c0febaa35a977fc1b91c06,PREDICTIONS_FROZEN,False
10,TARGET_ASSISTED_LABELLED_TARGET_CALIBRATION,43,181081,1,1050,4bd2e415e80c5c18fced75dd2e3f0e2adf3eb7e67b87dd102f6856c9b0a7e7a5,PREDICTIONS_FROZEN,False
20,TARGET_ASSISTED_LABELLED_TARGET_CALIBRATION,43,181081,1,1050,4a1cb5b1417e95fa45d84c63e05f676925336ee22e80bad420b083b849a3eb0e,PREDICTIONS_FROZEN,False
21,TARGET_ASSISTED_LABELLED_TARGET_CALIBRATION,43,181081,1,1050,9108568a2f5139cc47fd69980f144b0dea5aba27af8ef385345a51c0ba090c75,PREDICTIONS_FROZEN,False
35,TARGET_ASSISTED_LABELLED_TARGET_CALIBRATION,43,181081,1,1050,f16e716ac2d8fa32bdf624141935481ae140ee5cb9e4d3cc43b2ef18335f10ff,PREDICTIONS_FROZEN,False
50,TARGET_ASSISTED_LABELLED_TARGET_CALIBRATION,43,181081,1,1050,3d812e935b055e2a179d834f5d121442ff822fa4722b276150577179e8e7f440,PREDICTIONS_FROZEN,False
100,TARGET_ASSISTED_LABELLED_TARGET_CALIBRATION,43,181081,1,1050,09126f15d18d561913e69007209c36ddc6454def8db7b5d1725a5c7fa5fd1933,PREDICTIONS_FROZEN,False
200,TARGET_ASSISTED_LABELLED_TARGET_CALIBRATION,43,181081,1,1050,cf4751d22fb7c6e847d5816baca25a4778dac55af11bb82565e25a9b70b6d340,PREDICTIONS_FROZEN,False
500,TARGET_ASSISTED_LABELLED_TARGET_CALIBRATION,43,181081,1,1050,e3c11def87675c2ba814f10a2cac5ae1f843b14fa13236e183adc5a5fc912f21,PREDICTIONS_FROZEN,False
7,TARGET_ASSISTED_LABELLED_TARGET_CALIBRATION,43,205439,1,1050,48301c46a26c96093ce81c94f8e0c3c17a34e5d5a91e66608891b48f1e6084d2,PREDICTIONS_FROZEN,False
10,TARGET_ASSISTED_LABELLED_TARGET_CALIBRATION,43,205439,1,1050,0b7e9441d2c3ec16242857ffec587f4f700eddc7dcd85ffba83d36928e484293,PREDICTIONS_FROZEN,False
20,TARGET_ASSISTED_LABELLED_TARGET_CALIBRATION,43,205439,1,1050,3cf532fb6eea68ff144bce65e3793e5655c0591172bb582e11845f022f92f6cc,PREDICTIONS_FROZEN,False
21,TARGET_ASSISTED_LABELLED_TARGET_CALIBRATION,43,205439,1,1050,a2dab0508a1e260e2a83d7b97efcafc2bad864277cab8a2cf70750a2c40ed065,PREDICTIONS_FROZEN,False
35,TARGET_ASSISTED_LABELLED_TARGET_CALIBRATION,43,205439,1,1050,9e2fddd2cfc5bb26f5182b3ab23cb9ed04d30ad717f01f1b37c5540e08f5f984,PREDICTIONS_FROZEN,False
50,TARGET_ASSISTED_LABELLED_TARGET_CALIBRATION,43,205439,1,1050,12b8480cca62f26c7ab9372ec8a723ccbf415480fd2f6247083a0ff51e122949,PREDICTIONS_FROZEN,False
100,TARGET_ASSISTED_LABELLED_TARGET_CALIBRATION,43,205439,1,1050,6580dbead4b28a9cb11f21aab71de3cab5badba9e64f10643c858bf66b131b70,PREDICTIONS_FROZEN,False
200,TARGET_ASSISTED_LABELLED_TARGET_CALIBRATION,43,205439,1,1050,396478998f3439389cce563bdef434c960d6e998ba1d2fd7bb1332fb0cedb2e5,PREDICTIONS_FROZEN,False
500,TARGET_ASSISTED_LABELLED_TARGET_CALIBRATION,43,205439,1,1050,f1310d596cf352af261f723d86b61e1685a3b58b5bd9b4795c9a2675824fef3b,PREDICTIONS_FROZEN,False
7,TARGET_ASSISTED_LABELLED_TARGET_CALIBRATION,43,230003,1,1050,fc18864f7cb868a031eba6435cd731e80d26eff3f449b760c36c323af069e1bb,PREDICTIONS_FROZEN,False
10,TARGET_ASSISTED_LABELLED_TARGET_CALIBRATION,43,230003,1,1050,e736bd892e877198c9f6f6462b72a7754cd24e2ca5d7e4ae9ca4ce84df9f9428,PREDICTIONS_FROZEN,False
20,TARGET_ASSISTED_LABELLED_TARGET_CALIBRATION,43,230003,1,1050,717bfa2eb693dd4a0f7298552f6b666bd9025cdd51bfeeaefada84e33351b705,PREDICTIONS_FROZEN,False
21,TARGET_ASSISTED_LABELLED_TARGET_CALIBRATION,43,230003,1,1050,4c5a109957774c6bcb027cde3bfcbef9b1e71fbd842af8b594ba6ef8328fcf8c,PREDICTIONS_FROZEN,False
35,TARGET_ASSISTED_LABELLED_TARGET_CALIBRATION,43,230003,1,1050,528d873bbbee5ac7bf66323189d4b79be79faffbf78b5ba81bb2772a69d84aba,PREDICTIONS_FROZEN,False
50,TARGET_ASSISTED_LABELLED_TARGET_CALIBRATION,43,230003,1,1050,1ed478a56a0712793963a856fa1d01ac431397560ba0b323c4f39c5d5ac64954,PREDICTIONS_FROZEN,False
100,TARGET_ASSISTED_LABELLED_TARGET_CALIBRATION,43,230003,1,1050,68532d0833ec3a7ebf12e03028b2677232f6829b32aac1eff0cf9760b505f115,PREDICTIONS_FROZEN,False
200,TARGET_ASSISTED_LABELLED_TARGET_CALIBRATION,43,230003,1,1050,49d342822a0781a0facff5be3413cbf41fe8207295564986fd93ed892c8bd552,PREDICTIONS_FROZEN,False
500,TARGET_ASSISTED_LABELLED_TARGET_CALIBRATION,43,230003,1,1050,eb4f8efaabaadee043aacc4cff36f2e5ff7fb7dc7f1706dda4723b61259be72a,PREDICTIONS_FROZEN,False
7,TARGET_ASSISTED_LABELLED_TARGET_CALIBRATION,43,254959,1,1050,c7c2f6ab7426434589b996142f849c34042cb76250c3d0734865fcabfb7c638e,PREDICTIONS_FROZEN,False
10,TARGET_ASSISTED_LABELLED_TARGET_CALIBRATION,43,254959,1,1050,e8d8d7e78d364b6b0382032555f62c6b8e2da02139bf1a7024d7d95d58c66170,PREDICTIONS_FROZEN,False
20,TARGET_ASSISTED_LABELLED_TARGET_CALIBRATION,43,254959,1,1050,9cf53b03b5e36e167d9858a279017c80d3f843735ea0c35b08f4f2ae93aae157,PREDICTIONS_FROZEN,False
21,TARGET_ASSISTED_LABELLED_TARGET_CALIBRATION,43,254959,1,1050,0cc9fcaf463a5e09b6bfdfe1e55e18e59ffde4a4a21f4cfac28311196556caa7,PREDICTIONS_FROZEN,False
35,TARGET_ASSISTED_LABELLED_TARGET_CALIBRATION,43,254959,1,1050,1b3c73fa12db41324610675728da72881596dfd30c3fe99ef4fae4dee8d937a9,PREDICTIONS_FROZEN,False
50,TARGET_ASSISTED_LABELLED_TARGET_CALIBRATION,43,254959,1,1050,418d5f1e514ee07e2e8c64f5f6eb537be1b515c3b476b189930f197a705b636b,PREDICTIONS_FROZEN,False
100,TARGET_ASSISTED_LABELLED_TARGET_CALIBRATION,43,254959,1,1050,9a962642398dd5ff1cf4a8f81d53fb7635bf2515627192cffea3cd851fb3fa98,PREDICTIONS_FROZEN,False
200,TARGET_ASSISTED_LABELLED_TARGET_CALIBRATION,43,254959,1,1050,55e32d4808fe1e7568ceeab2f88b7af1293b2feb62f1d312d426d773d8611686,PREDICTIONS_FROZEN,False
500,TARGET_ASSISTED_LABELLED_TARGET_CALIBRATION,43,254959,1,1050,295373fb858011b9452ae4e26833fda6311e66e6b63a38f6ab75bcfe2990b7ed,PREDICTIONS_FROZEN,False
7,TARGET_ASSISTED_LABELLED_TARGET_CALIBRATION,43,280001,1,1050,7309fe800fb4b4616944d213cc04c5d01af3b00dd6bf3ecfbdb342b3fb7bc4a5,PREDICTIONS_FROZEN,False
10,TARGET_ASSISTED_LABELLED_TARGET_CALIBRATION,43,280001,1,1050,e2adaf4176e34dcb27992be79ff5a6165c9de09c06d94da4e9ba497aab4f80c3,PREDICTIONS_FROZEN,False
20,TARGET_ASSISTED_LABELLED_TARGET_CALIBRATION,43,280001,1,1050,b1dc8e2b067bc11694c5abe558731806bf8aa6d11337561eadf210881a700ba1,PREDICTIONS_FROZEN,False
21,TARGET_ASSISTED_LABELLED_TARGET_CALIBRATION,43,280001,1,1050,5e48597b997b3be48cb6596c5e5adbe3467df8c56be840e6826d69cbe132c109,PREDICTIONS_FROZEN,False
35,TARGET_ASSISTED_LABELLED_TARGET_CALIBRATION,43,280001,1,1050,221de9afad3f2d1e70d6f29775789b31ccdafca3885fb6f42199f5639a013b85,PREDICTIONS_FROZEN,False
50,TARGET_ASSISTED_LABELLED_TARGET_CALIBRATION,43,280001,1,1050,663ed3ec71f0367923cf5ef34ffb6f03cfd56bc0ebc04e276cfc031fe2b6edc5,PREDICTIONS_FROZEN,False
100,TARGET_ASSISTED_LABELLED_TARGET_CALIBRATION,43,280001,1,1050,b33e8cd400e9ac944db18136b2c3f933961cc54c35ae6f956a079563c7eb9c88,PREDICTIONS_FROZEN,False
200,TARGET_ASSISTED_LABELLED_TARGET_CALIBRATION,43,280001,1,1050,c174fb5149a2e549cfcc566bce4e68f1abeb3543a267da9eca0c0e82c990a8af,PREDICTIONS_FROZEN,False
500,TARGET_ASSISTED_LABELLED_TARGET_CALIBRATION,43,280001,1,1050,6bb99e91f5d47e70e6b2fa630be50b57f862cf986327ad9b9fa4c8080f4faa1d,PREDICTIONS_FROZEN,False
7,TARGET_ASSISTED_LABELLED_TARGET_CALIBRATION,43,305093,1,1050,fa7c62e28520b9f04a3d36aa610b8cd1a9dbb58a479620dc80ab362bb44ce584,PREDICTIONS_FROZEN,False
10,TARGET_ASSISTED_LABELLED_TARGET_CALIBRATION,43,305093,1,1050,8bf9ac772282c71003f753f66f7c871207e88ef18e26c38241bb716cb42518c0,PREDICTIONS_FROZEN,False
20,TARGET_ASSISTED_LABELLED_TARGET_CALIBRATION,43,305093,1,1050,d13ce54ad32c454647c35babc220c9064adfd6af51c06fc830a1de30bda36363,PREDICTIONS_FROZEN,False
21,TARGET_ASSISTED_LABELLED_TARGET_CALIBRATION,43,305093,1,1050,356a569befca933229e5de793eb0195ae7c6d655b5a01b665dbf6d65520abf31,PREDICTIONS_FROZEN,False
35,TARGET_ASSISTED_LABELLED_TARGET_CALIBRATION,43,305093,1,1050,b324b1831dcddcd0d676695e25889f026934dd78313a17f53b2c1b74be186e95,PREDICTIONS_FROZEN,False
50,TARGET_ASSISTED_LABELLED_TARGET_CALIBRATION,43,305093,1,1050,35af89c4906bfd972cb90c148ba090e14bf72115b479a043dc648e0add27bbe6,PREDICTIONS_FROZEN,False
100,TARGET_ASSISTED_LABELLED_TARGET_CALIBRATION,43,305093,1,1050,511cd7e43b4b861c9d2695f292cd4e6edf8b46e1f7a7cbacdb16473dae2581ee,PREDICTIONS_FROZEN,False
200,TARGET_ASSISTED_LABELLED_TARGET_CALIBRATION,43,305093,1,1050,8b7096cc2c4c4b5d4cd836a4c5f4ec10d8f883dc48871418590a8f68f34dc7bd,PREDICTIONS_FROZEN,False
500,TARGET_ASSISTED_LABELLED_TARGET_CALIBRATION,43,305093,1,1050,c7d361eea798809ece873392173185c12beb6f1eb70e3dc8205ca42bc3687ed9,PREDICTIONS_FROZEN,False
7,TARGET_ASSISTED_LABELLED_TARGET_CALIBRATION,43,330017,1,1050,cee9564499d214743702dabccdc3bc914a2873da252b5e159fa0891a62afd1bb,PREDICTIONS_FROZEN,False
10,TARGET_ASSISTED_LABELLED_TARGET_CALIBRATION,43,330017,1,1050,296eff6e9444900d79bff7726b3f79fee35021a5b3fafc918db58cffe80d4811,PREDICTIONS_FROZEN,False
20,TARGET_ASSISTED_LABELLED_TARGET_CALIBRATION,43,330017,1,1050,acbfe0cc63b8821c678a27c6d263e0e5f5955b6bf3420c22fbc6e38401854d70,PREDICTIONS_FROZEN,False
21,TARGET_ASSISTED_LABELLED_TARGET_CALIBRATION,43,330017,1,1050,29cc75f4e7627b98ddc188f27cb05a9c6b0a04ac782d47c5f4691b9ab341c671,PREDICTIONS_FROZEN,False
35,TARGET_ASSISTED_LABELLED_TARGET_CALIBRATION,43,330017,1,1050,72636b87bbd161849d873b4d8caa7f236a6210def51e2f6c21601c83e33f32da,PREDICTIONS_FROZEN,False
50,TARGET_ASSISTED_LABELLED_TARGET_CALIBRATION,43,330017,1,1050,0278528abb771f46a5be497726b539382993ac14a257479dac17321b49a27ec7,PREDICTIONS_FROZEN,False
100,TARGET_ASSISTED_LABELLED_TARGET_CALIBRATION,43,330017,1,1050,f2f5a23d2d8236ef9a3f90d38d01d90d70756ab3701325450183d9d4ebf04db0,PREDICTIONS_FROZEN,False
200,TARGET_ASSISTED_LABELLED_TARGET_CALIBRATION,43,330017,1,1050,ece4ae1cd6ff52a3c200eeca333335db4b9fe3575c1d176c1d5d524a47bee289,PREDICTIONS_FROZEN,False
500,TARGET_ASSISTED_LABELLED_TARGET_CALIBRATION,43,330017,1,1050,cf9d0fde7f84adcbf2d34a2b2a7348c760c0dbb2384f0a94607440472c9dc965,PREDICTIONS_FROZEN,False
7,TARGET_ASSISTED_LABELLED_TARGET_CALIBRATION,43,355031,1,1050,a7d278775202294f00227d1ead8bb21551a593534ebfadd728fed91a8c5e3931,PREDICTIONS_FROZEN,False
10,TARGET_ASSISTED_LABELLED_TARGET_CALIBRATION,43,355031,1,1050,6ac298f8730873b0b0d5215595070ca24f5d37efb96a78f55f12d8d974bc3d39,PREDICTIONS_FROZEN,False
20,TARGET_ASSISTED_LABELLED_TARGET_CALIBRATION,43,355031,1,1050,147b92b442ae9a019bad021c2b82c4b94817a9c216db6f793c3d359f1b2fdf30,PREDICTIONS_FROZEN,False
21,TARGET_ASSISTED_LABELLED_TARGET_CALIBRATION,43,355031,1,1050,90d4de85b8981b8017d0b1ef57005ddd434df4f9690d495b12f4572573a4ccf9,PREDICTIONS_FROZEN,False
35,TARGET_ASSISTED_LABELLED_TARGET_CALIBRATION,43,355031,1,1050,2eedd825727db516d4dc9fa2cf43b90fdbe0449fbe7c1fed30845f0db73cde74,PREDICTIONS_FROZEN,False
50,TARGET_ASSISTED_LABELLED_TARGET_CALIBRATION,43,355031,1,1050,7e0e84f63814eb8dc20b673b102e7e21d21ca6203f9732b423824c907572d0ba,PREDICTIONS_FROZEN,False
100,TARGET_ASSISTED_LABELLED_TARGET_CALIBRATION,43,355031,1,1050,f97ba4c2040388a1df4f34606c72ff3ff0e03f940f044782502422aaee23719d,PREDICTIONS_FROZEN,False
200,TARGET_ASSISTED_LABELLED_TARGET_CALIBRATION,43,355031,1,1050,b9fd4d311d23271adebf401a46fdb35642499272488b87c17c79626fa5896923,PREDICTIONS_FROZEN,False
500,TARGET_ASSISTED_LABELLED_TARGET_CALIBRATION,43,355031,1,1050,2777059956fb9dabd952810350d215c8935e0e0a74bb4f0377747b8884082aa0,PREDICTIONS_FROZEN,False
7,TARGET_ASSISTED_LABELLED_TARGET_CALIBRATION,43,380041,1,1050,94a88c4d2d6b3bcfbc367d61510989697b66fd512e6e79371fb781985cefcacb,PREDICTIONS_FROZEN,False
10,TARGET_ASSISTED_LABELLED_TARGET_CALIBRATION,43,380041,1,1050,cfcb3f8c0c7ab5439c568fe3f7db584f0be4eba10dc321dfc2840b1576445de4,PREDICTIONS_FROZEN,False
20,TARGET_ASSISTED_LABELLED_TARGET_CALIBRATION,43,380041,1,1050,47f931ca10346704eb76052ebf18480175979c531cb8d9ff3dbcb922d16fb0e2,PREDICTIONS_FROZEN,False
21,TARGET_ASSISTED_LABELLED_TARGET_CALIBRATION,43,380041,1,1050,443748b4928eda345dd4b61e0bd7e15c52bb3af4987a3dca1106cf6b64af6428,PREDICTIONS_FROZEN,False
35,TARGET_ASSISTED_LABELLED_TARGET_CALIBRATION,43,380041,1,1050,cf2c9b2c4f568b521937070a8b2dd4517499ffc5a40da74d6ec2d07020d790dd,PREDICTIONS_FROZEN,False
50,TARGET_ASSISTED_LABELLED_TARGET_CALIBRATION,43,380041,1,1050,62970756a21cc080d1412eac3d0c76c7790e0aaed9294578470550f4a32a15be,PREDICTIONS_FROZEN,False
100,TARGET_ASSISTED_LABELLED_TARGET_CALIBRATION,43,380041,1,1050,a8316162d3536bc524419d16787e604b56210de4bbb3b6a83ac1b9022aace1c3,PREDICTIONS_FROZEN,False
200,TARGET_ASSISTED_LABELLED_TARGET_CALIBRATION,43,380041,1,1050,5a38d12042a4b3462afade0efe524d69f7c9c08b4e6c58c1d9111ae3b493086d,PREDICTIONS_FROZEN,False
500,TARGET_ASSISTED_LABELLED_TARGET_CALIBRATION,43,380041,1,1050,cb8b4b0b8c084a19e7b5114076056288e78ec52f3849857d8a1d6227dd94458c,PREDICTIONS_FROZEN,False
7,TARGET_ASSISTED_LABELLED_TARGET_CALIBRATION,43,405019,1,1050,f1fa958b0dd6f14e453e630133c135bc91aaa1ea5ad6caeb378082d82165ec0c,PREDICTIONS_FROZEN,False
10,TARGET_ASSISTED_LABELLED_TARGET_CALIBRATION,43,405019,1,1050,ce17df58c90370f75e53ce751b7514b82430017c7e267dc8ed3f633c457a339b,PREDICTIONS_FROZEN,False
20,TARGET_ASSISTED_LABELLED_TARGET_CALIBRATION,43,405019,1,1050,850a43dfec4e95085173716fed74b7e0633ad54f18d9f40dd140c1e642227b7a,PREDICTIONS_FROZEN,False
21,TARGET_ASSISTED_LABELLED_TARGET_CALIBRATION,43,405019,1,1050,426ce1c7fa33face285023fff3f1d24ca696d60b97ec5cfb63ded9025484c537,PREDICTIONS_FROZEN,False
35,TARGET_ASSISTED_LABELLED_TARGET_CALIBRATION,43,405019,1,1050,7443af015a9efe5699bd27c939995d17c4fa51e0ff439a87c4f7292ac63afd64,PREDICTIONS_FROZEN,False
50,TARGET_ASSISTED_LABELLED_TARGET_CALIBRATION,43,405019,1,1050,9e986352290f22d5dec465664dcfdcb2e55251cb4c97ab6de680e722ceef1fbe,PREDICTIONS_FROZEN,False
100,TARGET_ASSISTED_LABELLED_TARGET_CALIBRATION,43,405019,1,1050,ae27ff5ce59aa03986e41711e00742743a07c8ad6eb5eaa5dc6adab1d5e609e1,PREDICTIONS_FROZEN,False
200,TARGET_ASSISTED_LABELLED_TARGET_CALIBRATION,43,405019,1,1050,bc340453c5a166723a72c347c217d8408fe079e5abff8b3d03ff378e4be7475d,PREDICTIONS_FROZEN,False
500,TARGET_ASSISTED_LABELLED_TARGET_CALIBRATION,43,405019,1,1050,3ff3d1043eab5b9be81e234a559ac352abf7e558ae8510af38965e7712f0b6c6,PREDICTIONS_FROZEN,False
7,TARGET_ASSISTED_LABELLED_TARGET_CALIBRATION,43,430007,1,1050,72fc7e94d8892f08a67105471259283126570f02666e95bced92c9d4a0be8399,PREDICTIONS_FROZEN,False
10,TARGET_ASSISTED_LABELLED_TARGET_CALIBRATION,43,430007,1,1050,36f110410409638b46c990c19efd9ad2066ea87532bb74cd7a635670b7569016,PREDICTIONS_FROZEN,False
20,TARGET_ASSISTED_LABELLED_TARGET_CALIBRATION,43,430007,1,1050,6ccf9940e73634e14ebb1b7166a3f69d45633c3906845e65a088959c759ecc94,PREDICTIONS_FROZEN,False
21,TARGET_ASSISTED_LABELLED_TARGET_CALIBRATION,43,430007,1,1050,7adb4b8069525c2d104f1d501c72ed1040608abacc07dca5fb66f3bee07f72d6,PREDICTIONS_FROZEN,False
35,TARGET_ASSISTED_LABELLED_TARGET_CALIBRATION,43,430007,1,1050,fd6a9102b30f64743970225c649786b6f610651d43c0ab77efd4cdef860ff9db,PREDICTIONS_FROZEN,False
50,TARGET_ASSISTED_LABELLED_TARGET_CALIBRATION,43,430007,1,1050,0acd5cb114359beacf6bde5084584d61af4d6dca24cf4ece0dca5f7705f5abf6,PREDICTIONS_FROZEN,False
100,TARGET_ASSISTED_LABELLED_TARGET_CALIBRATION,43,430007,1,1050,73dbff430243d65115ab3c917ed6e94f8f53189ab723d47f8190dfaf536319a9,PREDICTIONS_FROZEN,False
200,TARGET_ASSISTED_LABELLED_TARGET_CALIBRATION,43,430007,1,1050,ef75ec750dc18b6e493062047913174a51f1a7687b081d1dfe34eee376722582,PREDICTIONS_FROZEN,False
500,TARGET_ASSISTED_LABELLED_TARGET_CALIBRATION,43,430007,1,1050,2e82600724bd23f314039723316201837218a38b99c53e7c24732ccab1ac79ad,PREDICTIONS_FROZEN,False
7,TARGET_ASSISTED_LABELLED_TARGET_CALIBRATION,43,455003,1,1050,e5b29ca493ac90cdc7e04db4c589ee89b7dd3cd3ee52a95c5944c59071d45b48,PREDICTIONS_FROZEN,False
10,TARGET_ASSISTED_LABELLED_TARGET_CALIBRATION,43,455003,1,1050,d491697d7721c28574992766bcf402dbd098f165dcd477f94b127f41c9bf15a6,PREDICTIONS_FROZEN,False
20,TARGET_ASSISTED_LABELLED_TARGET_CALIBRATION,43,455003,1,1050,72a47517eec0aa55c28ea24660aadc93c16970b5302cfdb6681bff8dce1c6796,PREDICTIONS_FROZEN,False
21,TARGET_ASSISTED_LABELLED_TARGET_CALIBRATION,43,455003,1,1050,765b6444f2f0381dab795a9b84addbe0d27de10f982c5355ff381911107f66e7,PREDICTIONS_FROZEN,False
35,TARGET_ASSISTED_LABELLED_TARGET_CALIBRATION,43,455003,1,1050,90d049ec7d50bb4d7dd14c27be9b4f0229f6f0fbe57ee80781e36e85d110ceb7,PREDICTIONS_FROZEN,False
50,TARGET_ASSISTED_LABELLED_TARGET_CALIBRATION,43,455003,1,1050,7f7c6b41f76b6c79be5d3adb8fa2e3b602ef2519d3f0b44e9f4f883a6071a5c3,PREDICTIONS_FROZEN,False
100,TARGET_ASSISTED_LABELLED_TARGET_CALIBRATION,43,455003,1,1050,30b1612e2e5f2099a5ddb4ad71987b4520bd5420803e11fbbf52454d0b68e9e2,PREDICTIONS_FROZEN,False
200,TARGET_ASSISTED_LABELLED_TARGET_CALIBRATION,43,455003,1,1050,871c8bbfc9e19e3428d7ee5063db17483bfe29ae8d6c32e6bbc8ae576c751209,PREDICTIONS_FROZEN,False
500,TARGET_ASSISTED_LABELLED_TARGET_CALIBRATION,43,455003,1,1050,02f98253613e8bb50d4ab3bb0ae0a6855ab5f6f6bbda2bbf9a71f5a7dea966dc,PREDICTIONS_FROZEN,False
7,TARGET_ASSISTED_LABELLED_TARGET_CALIBRATION,43,480017,1,1050,3c1af937d753a346616c9924e2219adfb50e67e283fb03759945ab772c5a3b50,PREDICTIONS_FROZEN,False
10,TARGET_ASSISTED_LABELLED_TARGET_CALIBRATION,43,480017,1,1050,7c2d8f1b8da9a6fe575cf88c54f4e1e4c45af7d8a524ead985c271131c3fd926,PREDICTIONS_FROZEN,False
20,TARGET_ASSISTED_LABELLED_TARGET_CALIBRATION,43,480017,1,1050,e38b197147ff8683843ebc38ac5849af777cd1b594d9a0e90810b27d120dcaaf,PREDICTIONS_FROZEN,False
21,TARGET_ASSISTED_LABELLED_TARGET_CALIBRATION,43,480017,1,1050,e38b197147ff8683843ebc38ac5849af777cd1b594d9a0e90810b27d120dcaaf,PREDICTIONS_FROZEN,False
35,TARGET_ASSISTED_LABELLED_TARGET_CALIBRATION,43,480017,1,1050,dc492a6658405413b8a3ecf9280d677063099f7809b0f615b0cb3532261f519a,PREDICTIONS_FROZEN,False
50,TARGET_ASSISTED_LABELLED_TARGET_CALIBRATION,43,480017,1,1050,a174e6bb3622b152eef003db4279af87ef5cb492b08a562241720617b08a9aa2,PREDICTIONS_FROZEN,False
100,TARGET_ASSISTED_LABELLED_TARGET_CALIBRATION,43,480017,1,1050,5ae3d5ddcbc136e39eea6348c53278ab96878fb1298cbe82e9529068a3464469,PREDICTIONS_FROZEN,False
200,TARGET_ASSISTED_LABELLED_TARGET_CALIBRATION,43,480017,1,1050,f1844043b1aaa760ba02b46c1fb1703553827cda1430767ff491b712614e26d8,PREDICTIONS_FROZEN,False
500,TARGET_ASSISTED_LABELLED_TARGET_CALIBRATION,43,480017,1,1050,75801b60c1a1689a60ccb83d5f5743ab19e86d9d16c2cda5bfc9e9ceb185e5ae,PREDICTIONS_FROZEN,False
7,TARGET_ASSISTED_LABELLED_TARGET_CALIBRATION,43,505027,1,1050,72445d4bace8f8df70f1f4d9524c249af8422a93d4ea2a2c7f52499c4474e37d,PREDICTIONS_FROZEN,False
10,TARGET_ASSISTED_LABELLED_TARGET_CALIBRATION,43,505027,1,1050,86b7e2beda83ded461336a4ca958bc708fa69c05785e1e9882fb4717652b7025,PREDICTIONS_FROZEN,False
20,TARGET_ASSISTED_LABELLED_TARGET_CALIBRATION,43,505027,1,1050,9938a342692f5feab04df391c11986cc83d75735a7a12ea5f8e09b938dbafc6d,PREDICTIONS_FROZEN,False
21,TARGET_ASSISTED_LABELLED_TARGET_CALIBRATION,43,505027,1,1050,e9c59a60fe60b5a9c3982be633ee833e8ea5fbf74e9c4e1b6ed699a35f3a0791,PREDICTIONS_FROZEN,False
35,TARGET_ASSISTED_LABELLED_TARGET_CALIBRATION,43,505027,1,1050,90d049ec7d50bb4d7dd14c27be9b4f0229f6f0fbe57ee80781e36e85d110ceb7,PREDICTIONS_FROZEN,False
50,TARGET_ASSISTED_LABELLED_TARGET_CALIBRATION,43,505027,1,1050,5297c69a1fef7c268b52f15aa9849834d4f550223dd7cfe8e4db98d37373516e,PREDICTIONS_FROZEN,False
100,TARGET_ASSISTED_LABELLED_TARGET_CALIBRATION,43,505027,1,1050,9d040fde98f5230163170db8ff538c6cf7b15cf6154f21f6afe881fb24ae7f66,PREDICTIONS_FROZEN,False
200,TARGET_ASSISTED_LABELLED_TARGET_CALIBRATION,43,505027,1,1050,d06b14f848b29fefb9d7168acfcc48775982f6c1525f4a84e970a98834bd3743,PREDICTIONS_FROZEN,False
500,TARGET_ASSISTED_LABELLED_TARGET_CALIBRATION,43,505027,1,1050,4f0c9a06e66c455a868cc5f5fd46536f61bddb1e3a0237a5c8a6292b90bd1272,PREDICTIONS_FROZEN,False
7,TARGET_ASSISTED_LABELLED_TARGET_CALIBRATION,43,530017,1,1050,7309fe800fb4b4616944d213cc04c5d01af3b00dd6bf3ecfbdb342b3fb7bc4a5,PREDICTIONS_FROZEN,False
10,TARGET_ASSISTED_LABELLED_TARGET_CALIBRATION,43,530017,1,1050,e48c3f7d3790a1c5c85dc00d3563e1a18025fa68a5f60ed9e837b17427c97e9b,PREDICTIONS_FROZEN,False
20,TARGET_ASSISTED_LABELLED_TARGET_CALIBRATION,43,530017,1,1050,246d80f7f33c9df99b6cb9b748875d89832cc4ccc32cccf2dd7e008ab5eb0249,PREDICTIONS_FROZEN,False
21,TARGET_ASSISTED_LABELLED_TARGET_CALIBRATION,43,530017,1,1050,765b6444f2f0381dab795a9b84addbe0d27de10f982c5355ff381911107f66e7,PREDICTIONS_FROZEN,False
35,TARGET_ASSISTED_LABELLED_TARGET_CALIBRATION,43,530017,1,1050,42e02427786a48c13952d39a7ae9f6f0ac5a4b31ff526ef78f4e340bb6661c5b,PREDICTIONS_FROZEN,False
50,TARGET_ASSISTED_LABELLED_TARGET_CALIBRATION,43,530017,1,1050,6ccb3de04ece23ccb9d4a0ac097c8f40423cebb3e7170b937020905e679a809f,PREDICTIONS_FROZEN,False
100,TARGET_ASSISTED_LABELLED_TARGET_CALIBRATION,43,530017,1,1050,1148c4e4ce7811739bca0e0c0c8704bbea182aba2a48a87f1329e07cf96c9019,PREDICTIONS_FROZEN,False
200,TARGET_ASSISTED_LABELLED_TARGET_CALIBRATION,43,530017,1,1050,b2649d73b5c60bf32bb5947c151fcfc3275ed4e6b962ac66b5db2ae27296c6aa,PREDICTIONS_FROZEN,False
500,TARGET_ASSISTED_LABELLED_TARGET_CALIBRATION,43,530017,1,1050,c5458be38cfb966384185bd0ab824a6f0ea77df210897066e502f863eb6fd642,PREDICTIONS_FROZEN,False
7,TARGET_ASSISTED_LABELLED_TARGET_CALIBRATION,43,555029,1,1050,94a88c4d2d6b3bcfbc367d61510989697b66fd512e6e79371fb781985cefcacb,PREDICTIONS_FROZEN,False
10,TARGET_ASSISTED_LABELLED_TARGET_CALIBRATION,43,555029,1,1050,d1b3c746b5ff19bf05361bd026c175c0e1fa676db4d6d6f290e50d9d4e20e609,PREDICTIONS_FROZEN,False
20,TARGET_ASSISTED_LABELLED_TARGET_CALIBRATION,43,555029,1,1050,d011d440694205681b1227c81ea8b17b70c39056f58497d6dc4bdb7046220a35,PREDICTIONS_FROZEN,False
21,TARGET_ASSISTED_LABELLED_TARGET_CALIBRATION,43,555029,1,1050,90d4de85b8981b8017d0b1ef57005ddd434df4f9690d495b12f4572573a4ccf9,PREDICTIONS_FROZEN,False
35,TARGET_ASSISTED_LABELLED_TARGET_CALIBRATION,43,555029,1,1050,3f73a0e9fbe195aabad11dc7f4f1fe04893aa9b7a6a6fed6ad8109ac7dabbb77,PREDICTIONS_FROZEN,False
50,TARGET_ASSISTED_LABELLED_TARGET_CALIBRATION,43,555029,1,1050,9546efc978871f64af9f3c83e76e47e7909ca0e72110ead96dcac92d6db42d13,PREDICTIONS_FROZEN,False
100,TARGET_ASSISTED_LABELLED_TARGET_CALIBRATION,43,555029,1,1050,bf1354072e1efbc7540239761b723c6ef15dc77430bc5a7a1772cb93a534f86d,PREDICTIONS_FROZEN,False
200,TARGET_ASSISTED_LABELLED_TARGET_CALIBRATION,43,555029,1,1050,fa6e6839cb26991f40070e38c66c327373fdad490417f7573b55d08501106f6f,PREDICTIONS_FROZEN,False
500,TARGET_ASSISTED_LABELLED_TARGET_CALIBRATION,43,555029,1,1050,afcc7c3e230258588203afb9bb06ad7543e19dbc56f6849bd6a8804e01cb4f49,PREDICTIONS_FROZEN,False
7,TARGET_ASSISTED_LABELLED_TARGET_CALIBRATION,43,580031,1,1050,89aa1868607c603356302ba6aabc822af409da1e0f28c5a37862264a726ae5a7,PREDICTIONS_FROZEN,False
10,TARGET_ASSISTED_LABELLED_TARGET_CALIBRATION,43,580031,1,1050,51132e076e1190b3a3c508d1a604fb5772b1d612a6283b274fce88830162b967,PREDICTIONS_FROZEN,False
20,TARGET_ASSISTED_LABELLED_TARGET_CALIBRATION,43,580031,1,1050,8ff4a94b235f63df734ea773ace88978dfbcff2a6a68f9cf33634a38b6952980,PREDICTIONS_FROZEN,False
21,TARGET_ASSISTED_LABELLED_TARGET_CALIBRATION,43,580031,1,1050,9c481fb5286a4fd6e89b72f7a71737617824726c8b93f8ae3ec3a6444657c448,PREDICTIONS_FROZEN,False
35,TARGET_ASSISTED_LABELLED_TARGET_CALIBRATION,43,580031,1,1050,5280230f95432278bd5f6b45d75b5cfacdfeeb9798fc2ce2107ef298a387f7e9,PREDICTIONS_FROZEN,False
50,TARGET_ASSISTED_LABELLED_TARGET_CALIBRATION,43,580031,1,1050,487f764f3dd1e156c3dba2a64c2f0452ad8fc17e47b0ff2b4628a4b3179ac1f1,PREDICTIONS_FROZEN,False
100,TARGET_ASSISTED_LABELLED_TARGET_CALIBRATION,43,580031,1,1050,97b3196e71dd1a63d9de46751495ee268a2177488340da527b82343ffb21957f,PREDICTIONS_FROZEN,False
200,TARGET_ASSISTED_LABELLED_TARGET_CALIBRATION,43,580031,1,1050,3ea6ce0ea74880bd04098a2e4b70b4ad636f76d52c762fea1ad6f0d37cbf3c65,PREDICTIONS_FROZEN,False
500,TARGET_ASSISTED_LABELLED_TARGET_CALIBRATION,43,580031,1,1050,5ff0c2ce55c3165c6bae1cb659ff0064e9677f1522aebd28dedb29c2e6a5564d,PREDICTIONS_FROZEN,False
0,STRICT_SOURCE_ONLY_DG,43,,2,1050,e437a34fc80b44525012b326bcc82692c92a5762dd7eb53bb503f2ba6afd5588,PREDICTIONS_FROZEN,False
7,TARGET_ASSISTED_LABELLED_TARGET_CALIBRATION,43,104729,2,1050,833dc75bed8db4b94579f944bf67c03258b144121edc1a6e1bcf05a9f0518282,PREDICTIONS_FROZEN,False
10,TARGET_ASSISTED_LABELLED_TARGET_CALIBRATION,43,104729,2,1050,4091f5fa2fe4b0798a8bb6a8a879beb664bde2f44fd015cd800fa50747deb059,PREDICTIONS_FROZEN,False
20,TARGET_ASSISTED_LABELLED_TARGET_CALIBRATION,43,104729,2,1050,5331543e90e6f86f4917234f31c9d6828eabba4110a68637e20e28a762264e35,PREDICTIONS_FROZEN,False
21,TARGET_ASSISTED_LABELLED_TARGET_CALIBRATION,43,104729,2,1050,07c1c1c5ba735066d120067040da6651ce48c06bc65345c08a45de2f4364146e,PREDICTIONS_FROZEN,False
35,TARGET_ASSISTED_LABELLED_TARGET_CALIBRATION,43,104729,2,1050,b83c1c8d1d1f1b1e3c0391d6e838f11d7b613fdfb87bdccf2668bf5777e5e722,PREDICTIONS_FROZEN,False
50,TARGET_ASSISTED_LABELLED_TARGET_CALIBRATION,43,104729,2,1050,fc4fa7180bdf311bef7bdcf4863c8f27ad228c80431cbb36d7f0fc3cd63b0a9e,PREDICTIONS_FROZEN,False
100,TARGET_ASSISTED_LABELLED_TARGET_CALIBRATION,43,104729,2,1050,5e61c093be8080e1d60565e0294e30e74625e77b6bf3f4d3e87cc6ac48e1c9e9,PREDICTIONS_FROZEN,False
200,TARGET_ASSISTED_LABELLED_TARGET_CALIBRATION,43,104729,2,1050,f72b4f5efe994a223b695cbbc98244d02ca853277bd3177e3657edc467355c9c,PREDICTIONS_FROZEN,False
500,TARGET_ASSISTED_LABELLED_TARGET_CALIBRATION,43,104729,2,1050,20b5b1aa0a2ee4ebd7e0ad96a4a600d8977a2a264efed775ba864522f46a1f0e,PREDICTIONS_FROZEN,False
7,TARGET_ASSISTED_LABELLED_TARGET_CALIBRATION,43,130363,2,1050,632ec0d6c0ad8275ab8841dddc9606171a95b7411fec308862a5381af49f40a4,PREDICTIONS_FROZEN,False
10,TARGET_ASSISTED_LABELLED_TARGET_CALIBRATION,43,130363,2,1050,56aa8335433a4bb7cbce1c95d7b35ecfe0552461ef4e4830338692e5b32f2b1c,PREDICTIONS_FROZEN,False
20,TARGET_ASSISTED_LABELLED_TARGET_CALIBRATION,43,130363,2,1050,efa038eaf0b71b7284a9b51a399bf7ff724f2ce21af2868d1cd6334eb554638e,PREDICTIONS_FROZEN,False
21,TARGET_ASSISTED_LABELLED_TARGET_CALIBRATION,43,130363,2,1050,4735233e65a65bb62d90c70dc0030ed846aaab2895e661ec4d81c2e21097b23e,PREDICTIONS_FROZEN,False
35,TARGET_ASSISTED_LABELLED_TARGET_CALIBRATION,43,130363,2,1050,c2a0f4eef2330d40c2d6aa47ebc35337de9370d6a0c3db7edeb9e566a0cb80fa,PREDICTIONS_FROZEN,False
50,TARGET_ASSISTED_LABELLED_TARGET_CALIBRATION,43,130363,2,1050,3ea78f5800b0d33b8015fd8b7493127fd87e986a9689d5173a22952815f8e7d0,PREDICTIONS_FROZEN,False
100,TARGET_ASSISTED_LABELLED_TARGET_CALIBRATION,43,130363,2,1050,2276e834b869f9b525d4e8a35bcc6b1a150f80eec9b5acfcf3c03bbfc963fb44,PREDICTIONS_FROZEN,False
200,TARGET_ASSISTED_LABELLED_TARGET_CALIBRATION,43,130363,2,1050,cab8b23e099c7d8df8ca0c00e58896d8cac0c3070857a3e1f21883df79c2a6ef,PREDICTIONS_FROZEN,False
500,TARGET_ASSISTED_LABELLED_TARGET_CALIBRATION,43,130363,2,1050,f84a5b58312e743a9016f70c54f7de6b50e1e3382a8684f2a592895ef48adcd5,PREDICTIONS_FROZEN,False
7,TARGET_ASSISTED_LABELLED_TARGET_CALIBRATION,43,155921,2,1050,8ed47640bbf90e2038386c579eabc04161104191b4b02f9f85f4087c8f878ac3,PREDICTIONS_FROZEN,False
10,TARGET_ASSISTED_LABELLED_TARGET_CALIBRATION,43,155921,2,1050,0b724910f0743cf4635a264c5addf001a8c0819e7d8c9f243b597f2334cbc52a,PREDICTIONS_FROZEN,False
20,TARGET_ASSISTED_LABELLED_TARGET_CALIBRATION,43,155921,2,1050,07400cbda11995dd16c7ec9aa76faa9a58200b8dd209cb5fe2e4ef8bfb0d08b8,PREDICTIONS_FROZEN,False
21,TARGET_ASSISTED_LABELLED_TARGET_CALIBRATION,43,155921,2,1050,eb7d7fea701fa34cbc9e306ddb593bfc5cd9110858269943e58733b3e127c0f1,PREDICTIONS_FROZEN,False
35,TARGET_ASSISTED_LABELLED_TARGET_CALIBRATION,43,155921,2,1050,60bc2bc3e7968f47132ba0c2083e1c6557882ea9f36f6d00ee5ec64b8ffb79c0,PREDICTIONS_FROZEN,False
50,TARGET_ASSISTED_LABELLED_TARGET_CALIBRATION,43,155921,2,1050,dae342fdc5be35ab3e5ef98fa375413933b44e8794800aaadaeb07da49750e81,PREDICTIONS_FROZEN,False
100,TARGET_ASSISTED_LABELLED_TARGET_CALIBRATION,43,155921,2,1050,f958d0e0b7dc71834b74402e6bda353ebe830e868e29ecb039fded78d0a7887c,PREDICTIONS_FROZEN,False
200,TARGET_ASSISTED_LABELLED_TARGET_CALIBRATION,43,155921,2,1050,e1642993d0a25d7752657122f6a2affb59cd2a4f2611e48b643252fbd1d644c6,PREDICTIONS_FROZEN,False
500,TARGET_ASSISTED_LABELLED_TARGET_CALIBRATION,43,155921,2,1050,74da3d67775292d599203e1031e6191b2e3a1d37734f67061ea1d828915818e7,PREDICTIONS_FROZEN,False
7,TARGET_ASSISTED_LABELLED_TARGET_CALIBRATION,43,181081,2,1050,6273bf6dc6a8f4ca36ffbb0d740ed4c4bdae3cad814bacdd7069b574f0ef2a7f,PREDICTIONS_FROZEN,False
10,TARGET_ASSISTED_LABELLED_TARGET_CALIBRATION,43,181081,2,1050,9a8b825b0c16fe5ea0d203324eee26e2d13649c2d6a12752cbfbd41b6bce8c79,PREDICTIONS_FROZEN,False
20,TARGET_ASSISTED_LABELLED_TARGET_CALIBRATION,43,181081,2,1050,b881cb9611355419045f15383f4c695fb39df57119f2f7c05436e7d6ef08498d,PREDICTIONS_FROZEN,False
21,TARGET_ASSISTED_LABELLED_TARGET_CALIBRATION,43,181081,2,1050,ba93ce4bad6a56b53bc9e26f1b6f6f3eca62ecc056bc76458eda9346a9af9b23,PREDICTIONS_FROZEN,False
35,TARGET_ASSISTED_LABELLED_TARGET_CALIBRATION,43,181081,2,1050,691659987f4e745f66012e64c3d6ece6ad29d0c2085817f5ebc741babb5681fa,PREDICTIONS_FROZEN,False
50,TARGET_ASSISTED_LABELLED_TARGET_CALIBRATION,43,181081,2,1050,9605723e7f11593fc95c7f00219cd1a4a0e73c87e0678f16adf8dc6345008169,PREDICTIONS_FROZEN,False
100,TARGET_ASSISTED_LABELLED_TARGET_CALIBRATION,43,181081,2,1050,e6480c9ce9d418a743dcce06d55d2be5163dcdba4f1af9b39a52833e875da9ae,PREDICTIONS_FROZEN,False
200,TARGET_ASSISTED_LABELLED_TARGET_CALIBRATION,43,181081,2,1050,269791cde068f7f15aa07e565b7ece3864cc1d810046c55c46a8824d25427d87,PREDICTIONS_FROZEN,False
500,TARGET_ASSISTED_LABELLED_TARGET_CALIBRATION,43,181081,2,1050,028145cc1461a79a0de1bee9e8390a8b2a46c0838ba794bf29da01ca67925c40,PREDICTIONS_FROZEN,False
7,TARGET_ASSISTED_LABELLED_TARGET_CALIBRATION,43,205439,2,1050,63b254574a6c5f3262a7597f691ffdb5240cbebed6c3d17d75cf25597f75ba95,PREDICTIONS_FROZEN,False
10,TARGET_ASSISTED_LABELLED_TARGET_CALIBRATION,43,205439,2,1050,89feae0299cad25b2026e3ff5e3caa9ae0f2c2bfa5ae89d80b7d585d49090075,PREDICTIONS_FROZEN,False
20,TARGET_ASSISTED_LABELLED_TARGET_CALIBRATION,43,205439,2,1050,1f53b1031dae8410fb7a1368e44c5da9ce943f122d7059d85877a506c27c6168,PREDICTIONS_FROZEN,False
21,TARGET_ASSISTED_LABELLED_TARGET_CALIBRATION,43,205439,2,1050,062c5d2f53a6b513645529387b71ed9a76c46bc9577a10e4ed50dc7ea15bbcd1,PREDICTIONS_FROZEN,False
35,TARGET_ASSISTED_LABELLED_TARGET_CALIBRATION,43,205439,2,1050,29df66cbe21bd42216212de5616f25304118a931649781d892e81c62625f8f79,PREDICTIONS_FROZEN,False
50,TARGET_ASSISTED_LABELLED_TARGET_CALIBRATION,43,205439,2,1050,d238299947f10e0f32d56235add1aa4ce234d9c550bf5cb0a7901732d8e4dee4,PREDICTIONS_FROZEN,False
100,TARGET_ASSISTED_LABELLED_TARGET_CALIBRATION,43,205439,2,1050,868723b029950861cd6788d46c0942870f223111614fc831af33a243e8093138,PREDICTIONS_FROZEN,False
200,TARGET_ASSISTED_LABELLED_TARGET_CALIBRATION,43,205439,2,1050,11f530aa225ecc1b3bf92f926494fed5c3aa96ffeb7c999c00ed5e23695cfd2b,PREDICTIONS_FROZEN,False
500,TARGET_ASSISTED_LABELLED_TARGET_CALIBRATION,43,205439,2,1050,8357efb43d81c36a7c280fbedd40f0dcf5bc7114c9d423784dc2a0fa8e5f5151,PREDICTIONS_FROZEN,False
7,TARGET_ASSISTED_LABELLED_TARGET_CALIBRATION,43,230003,2,1050,9e79f55e4826ff34dbde54cde6631b91d7c564b48f5c635fbd46d9b81da56fa2,PREDICTIONS_FROZEN,False
10,TARGET_ASSISTED_LABELLED_TARGET_CALIBRATION,43,230003,2,1050,a6b39527f4ab4a33ceab4e3fd13f77c9b56f9c9c1efcf71ea545890627771c19,PREDICTIONS_FROZEN,False
20,TARGET_ASSISTED_LABELLED_TARGET_CALIBRATION,43,230003,2,1050,a38d2d3ef6cb9271b5c568f206f9fa4c5405327187b810e8b0316d17ba895307,PREDICTIONS_FROZEN,False
21,TARGET_ASSISTED_LABELLED_TARGET_CALIBRATION,43,230003,2,1050,38637d776b9c47b5d38fe74e9e23622064a5bdba1029cbf1d9491c2997ad19ba,PREDICTIONS_FROZEN,False
35,TARGET_ASSISTED_LABELLED_TARGET_CALIBRATION,43,230003,2,1050,2985d1fac4f63a333d2e811befd568868db59b277981453cb574bcb5eaf0a712,PREDICTIONS_FROZEN,False
50,TARGET_ASSISTED_LABELLED_TARGET_CALIBRATION,43,230003,2,1050,9bdb29d753f7967ab73d9bf066a3aae8a22e0bd5a9c6691bb124c5829bd8919a,PREDICTIONS_FROZEN,False
100,TARGET_ASSISTED_LABELLED_TARGET_CALIBRATION,43,230003,2,1050,6fdf8dd668c6323dd5c32a2b1e018996357fb63cee0d8179e8d23ebd95cef1d1,PREDICTIONS_FROZEN,False
200,TARGET_ASSISTED_LABELLED_TARGET_CALIBRATION,43,230003,2,1050,e69816a80220aca7f83423fd9266c6fa430f5bc191969d8bb602e43ea574154a,PREDICTIONS_FROZEN,False
500,TARGET_ASSISTED_LABELLED_TARGET_CALIBRATION,43,230003,2,1050,e87bb86a9f4772d89e694593d00b37bdaf2191d736ae364c58b462a0c5abe898,PREDICTIONS_FROZEN,False
7,TARGET_ASSISTED_LABELLED_TARGET_CALIBRATION,43,254959,2,1050,189b6aea5fff9d486c38964eb940a973010e40d7f730c65fd79da3efcf7c72ac,PREDICTIONS_FROZEN,False
10,TARGET_ASSISTED_LABELLED_TARGET_CALIBRATION,43,254959,2,1050,7fec12e86ee2e0ee8895ead658682b49f43cef1e9476280b77bb56e102645596,PREDICTIONS_FROZEN,False
20,TARGET_ASSISTED_LABELLED_TARGET_CALIBRATION,43,254959,2,1050,3b18a7c7874eba94166c4d27cb583a641156845c20797f20b68751b7c34adf2d,PREDICTIONS_FROZEN,False
21,TARGET_ASSISTED_LABELLED_TARGET_CALIBRATION,43,254959,2,1050,82a7020de68e12eb7c2a1a417959c7612198c183a017b5f92289204ee9b87e54,PREDICTIONS_FROZEN,False
35,TARGET_ASSISTED_LABELLED_TARGET_CALIBRATION,43,254959,2,1050,f263f33e8d69adc36ee05c4dd69e932ed98fd8f326f5b69d69aa98cbbd3544c9,PREDICTIONS_FROZEN,False
50,TARGET_ASSISTED_LABELLED_TARGET_CALIBRATION,43,254959,2,1050,b95e5f2d2b6bfe5e35d40641d27646da7a22d2f8a03d2b3936a334bc7d2a07c0,PREDICTIONS_FROZEN,False
100,TARGET_ASSISTED_LABELLED_TARGET_CALIBRATION,43,254959,2,1050,017cda03d95f89944f4e4fab0c39171a49a5ea768ea22b4cf263da43198c186e,PREDICTIONS_FROZEN,False
200,TARGET_ASSISTED_LABELLED_TARGET_CALIBRATION,43,254959,2,1050,39b61474e28e01db1d7627807762298d63f512d5380e8bf79541f4519bd58816,PREDICTIONS_FROZEN,False
500,TARGET_ASSISTED_LABELLED_TARGET_CALIBRATION,43,254959,2,1050,fc651dda2d7a3a33988e5c6cb98587b96da614f580910367e286972b754927fc,PREDICTIONS_FROZEN,False
7,TARGET_ASSISTED_LABELLED_TARGET_CALIBRATION,43,280001,2,1050,5a852109679474dcf0afc2ead95df778cc051e2d61aab3cce609db5f84b0fa3f,PREDICTIONS_FROZEN,False
10,TARGET_ASSISTED_LABELLED_TARGET_CALIBRATION,43,280001,2,1050,82dfaa40edafc0c412327b837a4d7f12e83b1d3cfb7e04329e50972d70730255,PREDICTIONS_FROZEN,False
20,TARGET_ASSISTED_LABELLED_TARGET_CALIBRATION,43,280001,2,1050,22034a3d65f8562d055049f0d9dc480d21b14b32ff7252fc0f93132da5c6a894,PREDICTIONS_FROZEN,False
21,TARGET_ASSISTED_LABELLED_TARGET_CALIBRATION,43,280001,2,1050,f62ff30d1be16b0fd425a91959ef9996399ea285378d64a0cf8d404393c9b906,PREDICTIONS_FROZEN,False
35,TARGET_ASSISTED_LABELLED_TARGET_CALIBRATION,43,280001,2,1050,b8a44cf59471a06a2b529aed0e655660bf860bbe49d0ba060918a8db6ed53caf,PREDICTIONS_FROZEN,False
50,TARGET_ASSISTED_LABELLED_TARGET_CALIBRATION,43,280001,2,1050,d1d3855ba5f82d3b7c883ddffdbe095b3a7f1bcd1d7b35d5a9cbbbe63572cb07,PREDICTIONS_FROZEN,False
100,TARGET_ASSISTED_LABELLED_TARGET_CALIBRATION,43,280001,2,1050,4dc888fa5202d9a694d1d73af974499c252a1006f24cc6f97d01c9dae6dd3ff1,PREDICTIONS_FROZEN,False
200,TARGET_ASSISTED_LABELLED_TARGET_CALIBRATION,43,280001,2,1050,e66f7196f6a040c7a0cdd9a7775e1ff4bab49b287d603f62be3c9a3510bc91c8,PREDICTIONS_FROZEN,False
500,TARGET_ASSISTED_LABELLED_TARGET_CALIBRATION,43,280001,2,1050,f9d7ff30694358d2028bc13d0cbaa741983eca4ae9c3e03b4e3ccf78cb333679,PREDICTIONS_FROZEN,False
7,TARGET_ASSISTED_LABELLED_TARGET_CALIBRATION,43,305093,2,1050,2668456c27ac3cb4d01a7cdab085d9fd527b83d301d723455155ea768d587e35,PREDICTIONS_FROZEN,False
10,TARGET_ASSISTED_LABELLED_TARGET_CALIBRATION,43,305093,2,1050,07e4669136fbf19e5acd253a857f015ab848bbec8c6ff343fa69956fdab133fd,PREDICTIONS_FROZEN,False
20,TARGET_ASSISTED_LABELLED_TARGET_CALIBRATION,43,305093,2,1050,06d76d19ef4a66e3d3207467badf9f12e440d1aedb3844aa8ae01a5af85fd0f3,PREDICTIONS_FROZEN,False
21,TARGET_ASSISTED_LABELLED_TARGET_CALIBRATION,43,305093,2,1050,0df8bae6cd4ffbba21b1600e312934d7a4d054a4519f11ecc0e0287272471006,PREDICTIONS_FROZEN,False
35,TARGET_ASSISTED_LABELLED_TARGET_CALIBRATION,43,305093,2,1050,9be6296d85e2d1707a76bdac67851e5762a1af9e4b5801271bfeabb6ae0b1892,PREDICTIONS_FROZEN,False
50,TARGET_ASSISTED_LABELLED_TARGET_CALIBRATION,43,305093,2,1050,38b212751aca3f2a37ea230cf20e754cca7735daf7b607936291e4907511262c,PREDICTIONS_FROZEN,False
100,TARGET_ASSISTED_LABELLED_TARGET_CALIBRATION,43,305093,2,1050,839580e397ef5825e69a56710b806b94819950546f18226c2efa3484b040146b,PREDICTIONS_FROZEN,False
200,TARGET_ASSISTED_LABELLED_TARGET_CALIBRATION,43,305093,2,1050,54816551635f2eaa6791430afdc378a85ffe0ea1c52483f810a1b44dca2824bb,PREDICTIONS_FROZEN,False
500,TARGET_ASSISTED_LABELLED_TARGET_CALIBRATION,43,305093,2,1050,4f611e8fedef2e23417797c1baddee4f4c81ee0251387e66955dffaf037d0d69,PREDICTIONS_FROZEN,False
7,TARGET_ASSISTED_LABELLED_TARGET_CALIBRATION,43,330017,2,1050,5d7d2e3ee826f13163a5814f5c8638b9a80406c063a5616805ea5ed70a563c04,PREDICTIONS_FROZEN,False
10,TARGET_ASSISTED_LABELLED_TARGET_CALIBRATION,43,330017,2,1050,97af3a46114796ca8534c19382c3f27e1cb1975f77462d341419e18345ddae58,PREDICTIONS_FROZEN,False
20,TARGET_ASSISTED_LABELLED_TARGET_CALIBRATION,43,330017,2,1050,b7089bc8b50dcf9d64a10231abb8dc89ac4586da424eb5ef0042d92a344ed043,PREDICTIONS_FROZEN,False
21,TARGET_ASSISTED_LABELLED_TARGET_CALIBRATION,43,330017,2,1050,ec6fd054355719e7e7af632c805af0b15e395fc267d4df514f22e172b601904f,PREDICTIONS_FROZEN,False
35,TARGET_ASSISTED_LABELLED_TARGET_CALIBRATION,43,330017,2,1050,ee18d5427185b1694b9de16b4f0695b313e40350aa94eb5b4e579f49b9c3d16d,PREDICTIONS_FROZEN,False
50,TARGET_ASSISTED_LABELLED_TARGET_CALIBRATION,43,330017,2,1050,b975ce722b9a7007e779905867c57e7454bec16281f4e8bcfed5850f59ccca5c,PREDICTIONS_FROZEN,False
100,TARGET_ASSISTED_LABELLED_TARGET_CALIBRATION,43,330017,2,1050,0c13d8658e758dec4d5b73d18bca1a14f97a645fe5c9010894f9138002a14689,PREDICTIONS_FROZEN,False
200,TARGET_ASSISTED_LABELLED_TARGET_CALIBRATION,43,330017,2,1050,72961b8e930034ae96ecaeb20480b48a5f19de204266da4d89e2741288fd8428,PREDICTIONS_FROZEN,False
500,TARGET_ASSISTED_LABELLED_TARGET_CALIBRATION,43,330017,2,1050,885c1f34b94ef55d78bcc9219f1ab2cc7696e657c7d6769452596a3b54266319,PREDICTIONS_FROZEN,False
7,TARGET_ASSISTED_LABELLED_TARGET_CALIBRATION,43,355031,2,1050,9befd1a9cdb4031a0a947069e08cefb5f33a7fb6cc6ef1f729665d5b5310fd15,PREDICTIONS_FROZEN,False
10,TARGET_ASSISTED_LABELLED_TARGET_CALIBRATION,43,355031,2,1050,eff427de80164aa59a91a4fee131600d21a0489c08fbcf7f50f52e611ec4182d,PREDICTIONS_FROZEN,False
20,TARGET_ASSISTED_LABELLED_TARGET_CALIBRATION,43,355031,2,1050,77f9e72d7cb681ba46585e1eb5c02238e74b6e8e20df0e4c03311b58240baae1,PREDICTIONS_FROZEN,False
21,TARGET_ASSISTED_LABELLED_TARGET_CALIBRATION,43,355031,2,1050,57db80eb1ae3e3c973933ef93f55bedd17a693b1c5b6306ec7f11c97cf4f3620,PREDICTIONS_FROZEN,False
35,TARGET_ASSISTED_LABELLED_TARGET_CALIBRATION,43,355031,2,1050,98d5d84710208cacee7cce5c5e383e8ad90f96da57be81c26197b4826bf3509d,PREDICTIONS_FROZEN,False
50,TARGET_ASSISTED_LABELLED_TARGET_CALIBRATION,43,355031,2,1050,fda86496f113b387cddb12587ea2adedaba404b4a096e5570d3a93d4c5dafc0f,PREDICTIONS_FROZEN,False
100,TARGET_ASSISTED_LABELLED_TARGET_CALIBRATION,43,355031,2,1050,792ed32e494418912ae4dcfae93da97a8840d25e62d9d0cc9eb0785464925f26,PREDICTIONS_FROZEN,False
200,TARGET_ASSISTED_LABELLED_TARGET_CALIBRATION,43,355031,2,1050,7a10d1ec28eaf0100f2f4d6386645385457e5edc0bc9ccaac44a0bdeed184ab0,PREDICTIONS_FROZEN,False
500,TARGET_ASSISTED_LABELLED_TARGET_CALIBRATION,43,355031,2,1050,8c8777a766cf4c24b6df7f0305af3336288298b98901af66e3359d835cdf29af,PREDICTIONS_FROZEN,False
7,TARGET_ASSISTED_LABELLED_TARGET_CALIBRATION,43,380041,2,1050,189b6aea5fff9d486c38964eb940a973010e40d7f730c65fd79da3efcf7c72ac,PREDICTIONS_FROZEN,False
10,TARGET_ASSISTED_LABELLED_TARGET_CALIBRATION,43,380041,2,1050,858011bddf249f57a0aeed6401d858a6fcdfbbf9f3a95dbb78fd822df6c6b153,PREDICTIONS_FROZEN,False
20,TARGET_ASSISTED_LABELLED_TARGET_CALIBRATION,43,380041,2,1050,0828f5a74c27f5ea41fe994bcde7e8854e6ea5fb0b9c39950c25deb71fee021e,PREDICTIONS_FROZEN,False
21,TARGET_ASSISTED_LABELLED_TARGET_CALIBRATION,43,380041,2,1050,209ccf41e2c8e385fef1bd006b204212d5db2138666c35d502a22ae7bc633b69,PREDICTIONS_FROZEN,False
35,TARGET_ASSISTED_LABELLED_TARGET_CALIBRATION,43,380041,2,1050,73d23ec54f9f709b31b648f7de1aeb360b3c5a86c6c40c5e5a93e82f97572fe0,PREDICTIONS_FROZEN,False
50,TARGET_ASSISTED_LABELLED_TARGET_CALIBRATION,43,380041,2,1050,043c20a691a1c1b25e1b8d6e9486a4b77529828ff908a0a293d67608e0b4771f,PREDICTIONS_FROZEN,False
100,TARGET_ASSISTED_LABELLED_TARGET_CALIBRATION,43,380041,2,1050,c3fa45381d16c939fa871a0ebd3730feb843d3000efc68e155a5a1bbf944a501,PREDICTIONS_FROZEN,False
200,TARGET_ASSISTED_LABELLED_TARGET_CALIBRATION,43,380041,2,1050,f6015d03e80e1de4dd58ad2d7bc4775936bb914f11ed52f6ce8f61b4e64c4758,PREDICTIONS_FROZEN,False
500,TARGET_ASSISTED_LABELLED_TARGET_CALIBRATION,43,380041,2,1050,660f514e77c1df47312a87a79458a812c31999004413366d4deade47db1de796,PREDICTIONS_FROZEN,False
7,TARGET_ASSISTED_LABELLED_TARGET_CALIBRATION,43,405019,2,1050,b485dda2d33d4e9831043e073d8e815c84b5c4504f9b828b704c491d7975582a,PREDICTIONS_FROZEN,False
10,TARGET_ASSISTED_LABELLED_TARGET_CALIBRATION,43,405019,2,1050,44e2fbf74e85915479dfd969526078f1f2f84b0bc347d7426ea091ee2a436f7b,PREDICTIONS_FROZEN,False
20,TARGET_ASSISTED_LABELLED_TARGET_CALIBRATION,43,405019,2,1050,1366ba271f4dabe699d3bd8540806aa8b0980f3ff98850e5b9904be77cc3f754,PREDICTIONS_FROZEN,False
21,TARGET_ASSISTED_LABELLED_TARGET_CALIBRATION,43,405019,2,1050,48c53071a25cc73b988ed6b0544833f9a4b3bb4368f02510a4c096515ad7382f,PREDICTIONS_FROZEN,False
35,TARGET_ASSISTED_LABELLED_TARGET_CALIBRATION,43,405019,2,1050,039978ba673555066f85e67b5cf05a63a11a46d32a276488c67a0f0be81c3ff3,PREDICTIONS_FROZEN,False
50,TARGET_ASSISTED_LABELLED_TARGET_CALIBRATION,43,405019,2,1050,51be141c46d2447fd616370e68bd8e095511b79bdb4f8e37b8963da424e889bf,PREDICTIONS_FROZEN,False
100,TARGET_ASSISTED_LABELLED_TARGET_CALIBRATION,43,405019,2,1050,cea7d8835a7d3ac353a13c9efbcd55160920d843fcf8a3f10e9a8eebf5c3b50c,PREDICTIONS_FROZEN,False
200,TARGET_ASSISTED_LABELLED_TARGET_CALIBRATION,43,405019,2,1050,c4bb6d37776750761678fa635eade14ac185eff64d4e7e324446ba15c9ce0116,PREDICTIONS_FROZEN,False
500,TARGET_ASSISTED_LABELLED_TARGET_CALIBRATION,43,405019,2,1050,f4081f31d27297a0adbfec8a10992f39c4f7be5e552e38bfdf32f069b1c39a25,PREDICTIONS_FROZEN,False
7,TARGET_ASSISTED_LABELLED_TARGET_CALIBRATION,43,430007,2,1050,a58b36a3ed094896593c097f84f57e8b96d5b5f3eaf79cfeb9ae73e4f75b1897,PREDICTIONS_FROZEN,False
10,TARGET_ASSISTED_LABELLED_TARGET_CALIBRATION,43,430007,2,1050,42201aa36dab6316021a5c8ae393dbad5e1892e2afc0948065a1378573c841a5,PREDICTIONS_FROZEN,False
20,TARGET_ASSISTED_LABELLED_TARGET_CALIBRATION,43,430007,2,1050,edb57e128619044f9972e7cf38dcc1032d8d62ec2c6934a80a046c88e2e0f71c,PREDICTIONS_FROZEN,False
21,TARGET_ASSISTED_LABELLED_TARGET_CALIBRATION,43,430007,2,1050,4f96ef29988e08dc350dd6b59103e09d82924ef40e17bd62b71b044523984a23,PREDICTIONS_FROZEN,False
35,TARGET_ASSISTED_LABELLED_TARGET_CALIBRATION,43,430007,2,1050,5253a468bf54e11edadf4f200d3d107bf48afa5ee1271935be4b19aa83329baf,PREDICTIONS_FROZEN,False
50,TARGET_ASSISTED_LABELLED_TARGET_CALIBRATION,43,430007,2,1050,f5099bc952a43e6d70982f7e4835fe01b2e08166d641bc03a9eec9592bb4b9ac,PREDICTIONS_FROZEN,False
100,TARGET_ASSISTED_LABELLED_TARGET_CALIBRATION,43,430007,2,1050,7d07b6e61a9ddf595e6bb85da942f3539c50c38e08f54eeef51be5ebd0564711,PREDICTIONS_FROZEN,False
200,TARGET_ASSISTED_LABELLED_TARGET_CALIBRATION,43,430007,2,1050,0b94fff5827d69220cdb129d94bbe1355d56a8cd31f3e922ec8442b7b58a384c,PREDICTIONS_FROZEN,False
500,TARGET_ASSISTED_LABELLED_TARGET_CALIBRATION,43,430007,2,1050,cb802d06dbfa6dc83075d2ab900fccab3a1810bcb0e590aed0736a32c6b532e3,PREDICTIONS_FROZEN,False
7,TARGET_ASSISTED_LABELLED_TARGET_CALIBRATION,43,455003,2,1050,94ff4f246e207869c2f2f435ae231844ff8f1fcae3aac070589826190faf6a61,PREDICTIONS_FROZEN,False
10,TARGET_ASSISTED_LABELLED_TARGET_CALIBRATION,43,455003,2,1050,8fcd57d632d1eabb84bedb6d63dd135d455c69ed935035cb03656cb636233a14,PREDICTIONS_FROZEN,False
20,TARGET_ASSISTED_LABELLED_TARGET_CALIBRATION,43,455003,2,1050,cdb5f2255ea762c8ea08358419bf4a88618033fe4a3a75df42576a96d71e62a2,PREDICTIONS_FROZEN,False
21,TARGET_ASSISTED_LABELLED_TARGET_CALIBRATION,43,455003,2,1050,44a6428c5b747c8c784d090775af4146666b9cb1e03dc9f52b8de7d0aadbb080,PREDICTIONS_FROZEN,False
35,TARGET_ASSISTED_LABELLED_TARGET_CALIBRATION,43,455003,2,1050,41c72c3a825ab5ae396d8aed0d7362b43b709ecdf546f0b213089f5282614ae4,PREDICTIONS_FROZEN,False
50,TARGET_ASSISTED_LABELLED_TARGET_CALIBRATION,43,455003,2,1050,371e719b6925585b86c03a519a5d4048babfd568f40bff5c3b4a3a8af3e2ebd2,PREDICTIONS_FROZEN,False
100,TARGET_ASSISTED_LABELLED_TARGET_CALIBRATION,43,455003,2,1050,79c587ad1a4edab2cb6ab89439d69c442b62e040ba87209df6f973e6b2f5010a,PREDICTIONS_FROZEN,False
200,TARGET_ASSISTED_LABELLED_TARGET_CALIBRATION,43,455003,2,1050,5d4adbe331b2824b762e89e792f86fe720b4e2f80526f52238085074112d87fd,PREDICTIONS_FROZEN,False
500,TARGET_ASSISTED_LABELLED_TARGET_CALIBRATION,43,455003,2,1050,abc2b9821bcf780a0ec8862031d3c2dff1cc6071afa97442c98a84e78c0802b2,PREDICTIONS_FROZEN,False
7,TARGET_ASSISTED_LABELLED_TARGET_CALIBRATION,43,480017,2,1050,36bdd1998bc74abbc9f00b99f720f364c01fcbf7d8f9de5c5a555ae61898af31,PREDICTIONS_FROZEN,False
10,TARGET_ASSISTED_LABELLED_TARGET_CALIBRATION,43,480017,2,1050,4499f3d97be6c37c0ed935c932e3cce68c9f5e92ebab841f158df407e8b4f529,PREDICTIONS_FROZEN,False
20,TARGET_ASSISTED_LABELLED_TARGET_CALIBRATION,43,480017,2,1050,8929aabd1522363363187eb72856dd5cb278bcffd6bb073f4f91ca133b2f40a5,PREDICTIONS_FROZEN,False
21,TARGET_ASSISTED_LABELLED_TARGET_CALIBRATION,43,480017,2,1050,43b0a140f686405503ab1cebb6750c1ca855c49d526d573a8a4bbbb87b835377,PREDICTIONS_FROZEN,False
35,TARGET_ASSISTED_LABELLED_TARGET_CALIBRATION,43,480017,2,1050,632f013dd83873cbfe2ac3a96c6c8ebd830303c9d043978f6770c3ed0feb01f6,PREDICTIONS_FROZEN,False
50,TARGET_ASSISTED_LABELLED_TARGET_CALIBRATION,43,480017,2,1050,cc2935cb547b2eb3886e5bc4eb26a19626b504f95f60ad296de92d056d270ac4,PREDICTIONS_FROZEN,False
100,TARGET_ASSISTED_LABELLED_TARGET_CALIBRATION,43,480017,2,1050,91c757d0bbff48b42fb168d69858e6f3008e3b246f4d5daf9ec9714e1127097d,PREDICTIONS_FROZEN,False
200,TARGET_ASSISTED_LABELLED_TARGET_CALIBRATION,43,480017,2,1050,c50aadcbe4c14d2be38597c83898598d7c1a7e841ccf4ec9812bd26f022952d4,PREDICTIONS_FROZEN,False
500,TARGET_ASSISTED_LABELLED_TARGET_CALIBRATION,43,480017,2,1050,3f7337ae1781eb6f29a1ebbfb104700601d46b007deec873b2493a13937626ff,PREDICTIONS_FROZEN,False
7,TARGET_ASSISTED_LABELLED_TARGET_CALIBRATION,43,505027,2,1050,94ff4f246e207869c2f2f435ae231844ff8f1fcae3aac070589826190faf6a61,PREDICTIONS_FROZEN,False
10,TARGET_ASSISTED_LABELLED_TARGET_CALIBRATION,43,505027,2,1050,025d6a18a73d54f633eefbcd1c5a61460a29402f0b3fe4ee357951c60b171a7b,PREDICTIONS_FROZEN,False
20,TARGET_ASSISTED_LABELLED_TARGET_CALIBRATION,43,505027,2,1050,0a8bad527f925d1c5a3a81fc3bf35645c352e2c827d4be9a0364b909b6cca754,PREDICTIONS_FROZEN,False
21,TARGET_ASSISTED_LABELLED_TARGET_CALIBRATION,43,505027,2,1050,6982709f930d471cc54ef3e21f23594962b404a373aeaff4d5be6a45d3ef6177,PREDICTIONS_FROZEN,False
35,TARGET_ASSISTED_LABELLED_TARGET_CALIBRATION,43,505027,2,1050,ad6e74bfefbacb23b16fe3b315cb17639562745ea2f975c25f5fad20d12db92e,PREDICTIONS_FROZEN,False
50,TARGET_ASSISTED_LABELLED_TARGET_CALIBRATION,43,505027,2,1050,948b7d78891a5ca316dc01aa777f78a3d8a92ee0f57b52a2e9c75cd64902260c,PREDICTIONS_FROZEN,False
100,TARGET_ASSISTED_LABELLED_TARGET_CALIBRATION,43,505027,2,1050,3db69d5905bd8cd5c643bf2edc22231529c041b3e74ab749fbeb115f4cc29c39,PREDICTIONS_FROZEN,False
200,TARGET_ASSISTED_LABELLED_TARGET_CALIBRATION,43,505027,2,1050,796ebb42ea826cf7b8632ea1d40055ca13f7889abec0ec321de7518cd170e969,PREDICTIONS_FROZEN,False
500,TARGET_ASSISTED_LABELLED_TARGET_CALIBRATION,43,505027,2,1050,23e429f93fcf5dca7afe99a5a93b8d12b79ca509c07ae3fe4df1037c9a079857,PREDICTIONS_FROZEN,False
7,TARGET_ASSISTED_LABELLED_TARGET_CALIBRATION,43,530017,2,1050,a58b36a3ed094896593c097f84f57e8b96d5b5f3eaf79cfeb9ae73e4f75b1897,PREDICTIONS_FROZEN,False
10,TARGET_ASSISTED_LABELLED_TARGET_CALIBRATION,43,530017,2,1050,84a4219a1b144dc8d4c379e3611484e87fb54155df1ce353893a623bd93ab6f0,PREDICTIONS_FROZEN,False
20,TARGET_ASSISTED_LABELLED_TARGET_CALIBRATION,43,530017,2,1050,0724272d8b704192ff91d742a8b9b528e19a8ed075efc923a7b1c6be9ab8b35a,PREDICTIONS_FROZEN,False
21,TARGET_ASSISTED_LABELLED_TARGET_CALIBRATION,43,530017,2,1050,f46ae95a5eb0f24ecb3a1ef4ccb65f80c1f9a28e94d86eb0ea6c4eb5afc2a3db,PREDICTIONS_FROZEN,False
35,TARGET_ASSISTED_LABELLED_TARGET_CALIBRATION,43,530017,2,1050,34cafa3c1124c9bbcd5a31c68882992a61d1278ee20faafd9fb4ee703c1dd1bb,PREDICTIONS_FROZEN,False
50,TARGET_ASSISTED_LABELLED_TARGET_CALIBRATION,43,530017,2,1050,6123c6c53563c1cc7bcc55502368c81e9a6fe50bef6f4b901de4b0685aaf5ddb,PREDICTIONS_FROZEN,False
100,TARGET_ASSISTED_LABELLED_TARGET_CALIBRATION,43,530017,2,1050,0d3a45fa5818f388f1e61f98961a0bfc130221ba3a7e11a49e7a0fbd4ed44232,PREDICTIONS_FROZEN,False
200,TARGET_ASSISTED_LABELLED_TARGET_CALIBRATION,43,530017,2,1050,f72b4f5efe994a223b695cbbc98244d02ca853277bd3177e3657edc467355c9c,PREDICTIONS_FROZEN,False
500,TARGET_ASSISTED_LABELLED_TARGET_CALIBRATION,43,530017,2,1050,6d732d50886e9cbd02278835080f5e1be5c682bddd6000f75b2ed989c1da4c6e,PREDICTIONS_FROZEN,False
7,TARGET_ASSISTED_LABELLED_TARGET_CALIBRATION,43,555029,2,1050,61dde30b492ff5b65322128d641ae9e804d10709d1f542ca3dbe1eb469fc14ea,PREDICTIONS_FROZEN,False
10,TARGET_ASSISTED_LABELLED_TARGET_CALIBRATION,43,555029,2,1050,ad5ca7d8513110e385c50b8ee34eb7244754c4e2349dff803834d37b33a5505d,PREDICTIONS_FROZEN,False
20,TARGET_ASSISTED_LABELLED_TARGET_CALIBRATION,43,555029,2,1050,45da9d1fec6b83ce8ad13da5033757128a86d9937ec371342093819b885c54a8,PREDICTIONS_FROZEN,False
21,TARGET_ASSISTED_LABELLED_TARGET_CALIBRATION,43,555029,2,1050,e1ab4e04be283aed960959137e941d6d0ff786c9e041c45abb426adf4e710236,PREDICTIONS_FROZEN,False
35,TARGET_ASSISTED_LABELLED_TARGET_CALIBRATION,43,555029,2,1050,e4cfa7caa6257950eeedd169cd6532d3d936227420ec5696e69360c3b20c5d04,PREDICTIONS_FROZEN,False
50,TARGET_ASSISTED_LABELLED_TARGET_CALIBRATION,43,555029,2,1050,8178e9b7c9750b665b34f2764f54f7e2c43debe92a979ff14f2e5f40f588e2bd,PREDICTIONS_FROZEN,False
100,TARGET_ASSISTED_LABELLED_TARGET_CALIBRATION,43,555029,2,1050,d002cb63371f37dc3a5d511d11398fffe23955d514bfda378428b69b442e45f9,PREDICTIONS_FROZEN,False
200,TARGET_ASSISTED_LABELLED_TARGET_CALIBRATION,43,555029,2,1050,a254ef5c1e0b660de0e6ac3dac7ff6e79f49d51bac55b84fe68bf3cf1d7ad617,PREDICTIONS_FROZEN,False
500,TARGET_ASSISTED_LABELLED_TARGET_CALIBRATION,43,555029,2,1050,23e429f93fcf5dca7afe99a5a93b8d12b79ca509c07ae3fe4df1037c9a079857,PREDICTIONS_FROZEN,False
7,TARGET_ASSISTED_LABELLED_TARGET_CALIBRATION,43,580031,2,1050,e9911f138a50936752c63de80c0cdbab7fedf090daedb8e8035a814d71faa5e0,PREDICTIONS_FROZEN,False
10,TARGET_ASSISTED_LABELLED_TARGET_CALIBRATION,43,580031,2,1050,81bb255034d76a78c34398f3e6f354774639b84b338cabf42a28292b12da8d40,PREDICTIONS_FROZEN,False
20,TARGET_ASSISTED_LABELLED_TARGET_CALIBRATION,43,580031,2,1050,65934fbae1408c24b036a29a893161d0ee1ed210136fa9cb1f0c9e7024e74bfa,PREDICTIONS_FROZEN,False
21,TARGET_ASSISTED_LABELLED_TARGET_CALIBRATION,43,580031,2,1050,dd6f661c27c6fbfa4b8a3b5a0b3b6ad29cbf46496cb42a07786f5b88d981df56,PREDICTIONS_FROZEN,False
35,TARGET_ASSISTED_LABELLED_TARGET_CALIBRATION,43,580031,2,1050,af0da64630e8b36fdd4b0f6a03f79dec63de4eb9bc065b788dffb8c985a2e5de,PREDICTIONS_FROZEN,False
50,TARGET_ASSISTED_LABELLED_TARGET_CALIBRATION,43,580031,2,1050,0c762413e2657198e5b3c0f43e28f5b38ff3efabb85802ec328de97eaf96b084,PREDICTIONS_FROZEN,False
100,TARGET_ASSISTED_LABELLED_TARGET_CALIBRATION,43,580031,2,1050,8cffca0b6f09087a6321aef9f6334f3b1529744bd2f99f377d88c4878afc03c0,PREDICTIONS_FROZEN,False
200,TARGET_ASSISTED_LABELLED_TARGET_CALIBRATION,43,580031,2,1050,e3770e4ea117bbbfdf304bcb8f8c16145eb90d8ad86164e4b2f175a0a89f50c4,PREDICTIONS_FROZEN,False
500,TARGET_ASSISTED_LABELLED_TARGET_CALIBRATION,43,580031,2,1050,61667801a6174cc4d0e971b60440750c175c7ccbc02fea8ab1e53c55a659c8e5,PREDICTIONS_FROZEN,False
0,STRICT_SOURCE_ONLY_DG,44,,0,1050,97d2c042064ab1c343ab1397e2765402d12acd4ef49cc8a77755818afab09288,PREDICTIONS_FROZEN,False
7,TARGET_ASSISTED_LABELLED_TARGET_CALIBRATION,44,104729,0,1050,68a90690ed502036afb8297b764b230eef94f41b0b99da50466e0f75335aa04c,PREDICTIONS_FROZEN,False
10,TARGET_ASSISTED_LABELLED_TARGET_CALIBRATION,44,104729,0,1050,62b4f6162685cdd44bd63026462bcaae100588b3e2fa01582165236257756fc6,PREDICTIONS_FROZEN,False
20,TARGET_ASSISTED_LABELLED_TARGET_CALIBRATION,44,104729,0,1050,59e500709fe125cc42825451a584e68e582b6ff67443dd4a1c9acfac64fffbd0,PREDICTIONS_FROZEN,False
21,TARGET_ASSISTED_LABELLED_TARGET_CALIBRATION,44,104729,0,1050,c7b35bfefd92b7dac8d01fbfc3bd830645c783a3f50853ac22b30548b30ef8bf,PREDICTIONS_FROZEN,False
35,TARGET_ASSISTED_LABELLED_TARGET_CALIBRATION,44,104729,0,1050,6f4a2b31b3e1c679ff9ebdbb29b726e113e6cf046128ff6273bd2e3930a31dea,PREDICTIONS_FROZEN,False
50,TARGET_ASSISTED_LABELLED_TARGET_CALIBRATION,44,104729,0,1050,abcd8db1ef4e9e2315afcabbf636ae6d29ce2e1b1287031bee39288b21dd361b,PREDICTIONS_FROZEN,False
100,TARGET_ASSISTED_LABELLED_TARGET_CALIBRATION,44,104729,0,1050,d52fe09dc5bf67e16d595a0a22c168121bcd8cf4e83d0376fd7f012fdcc0690f,PREDICTIONS_FROZEN,False
200,TARGET_ASSISTED_LABELLED_TARGET_CALIBRATION,44,104729,0,1050,9d01c330ca9c505815a8d657611ef3633a7e79ec67e6d4fc2aef7e5655d88eb0,PREDICTIONS_FROZEN,False
500,TARGET_ASSISTED_LABELLED_TARGET_CALIBRATION,44,104729,0,1050,5bf746cf14f326e8bae5fed78364edbd721d563721cccce88a1dba372eef877c,PREDICTIONS_FROZEN,False
7,TARGET_ASSISTED_LABELLED_TARGET_CALIBRATION,44,130363,0,1050,4abf545abe9cd54aa44c57a0bcae9b1532b60b338241731c803b418a80ff3c51,PREDICTIONS_FROZEN,False
10,TARGET_ASSISTED_LABELLED_TARGET_CALIBRATION,44,130363,0,1050,12e57b018af71cd1e02dcf65b40928b36dd020e3e06f0de45763b19a9b29dfeb,PREDICTIONS_FROZEN,False
20,TARGET_ASSISTED_LABELLED_TARGET_CALIBRATION,44,130363,0,1050,ca1a348471fddb75bad25311b3347d308a4a79022ed95396681f21536457f451,PREDICTIONS_FROZEN,False
21,TARGET_ASSISTED_LABELLED_TARGET_CALIBRATION,44,130363,0,1050,7b48f6f486d67ed1dabcf2126c70c8cf355e36c0f7fd731b9339325926ef5501,PREDICTIONS_FROZEN,False
35,TARGET_ASSISTED_LABELLED_TARGET_CALIBRATION,44,130363,0,1050,6a4fad731a6179899300cc97e951d453369b9851279a562ca3168d2d03d3cb25,PREDICTIONS_FROZEN,False
50,TARGET_ASSISTED_LABELLED_TARGET_CALIBRATION,44,130363,0,1050,90bd33d35b74059149745686c2ca59e533137b845bf0355de9685ed62e943607,PREDICTIONS_FROZEN,False
100,TARGET_ASSISTED_LABELLED_TARGET_CALIBRATION,44,130363,0,1050,534f354457a953e51ee9ed956773d27fcb0589e2c854de7bb1b3213e16290310,PREDICTIONS_FROZEN,False
200,TARGET_ASSISTED_LABELLED_TARGET_CALIBRATION,44,130363,0,1050,4e9ee97cf7d8e7fe48166ddea1ffc289217ef9fcdddfdf1c099927175d1f10f5,PREDICTIONS_FROZEN,False
500,TARGET_ASSISTED_LABELLED_TARGET_CALIBRATION,44,130363,0,1050,dcc4960c2281268466125e4b0adbe14980fdb642bff783dc15e9796ba3931534,PREDICTIONS_FROZEN,False
7,TARGET_ASSISTED_LABELLED_TARGET_CALIBRATION,44,155921,0,1050,3008c42b1c8466bfdb0f370a22b536418c3ae186a9546a43b8822521a45446aa,PREDICTIONS_FROZEN,False
10,TARGET_ASSISTED_LABELLED_TARGET_CALIBRATION,44,155921,0,1050,2884338369aa6188c835d7403c7954083c25414106bebd74f216460b552cc4bf,PREDICTIONS_FROZEN,False
20,TARGET_ASSISTED_LABELLED_TARGET_CALIBRATION,44,155921,0,1050,233ea4f86312cd67c53da0ab952784b184987fb6f7eee9dff6833bfc29fb2d7d,PREDICTIONS_FROZEN,False
21,TARGET_ASSISTED_LABELLED_TARGET_CALIBRATION,44,155921,0,1050,51f01e7766df54da37a2530bb6b87801947d790367b9496ae4d81b5d7522ff8f,PREDICTIONS_FROZEN,False
35,TARGET_ASSISTED_LABELLED_TARGET_CALIBRATION,44,155921,0,1050,9004ba5011404999bb704c9c664b3a771105250076748d3a0bf699374705db08,PREDICTIONS_FROZEN,False
50,TARGET_ASSISTED_LABELLED_TARGET_CALIBRATION,44,155921,0,1050,b7e18271d1c51b744e00a660784e42890f6ff68a97e68302d6273fe781ec0d51,PREDICTIONS_FROZEN,False
100,TARGET_ASSISTED_LABELLED_TARGET_CALIBRATION,44,155921,0,1050,42cbc28d16f60ab8518b74cbc75409e0f1803850f32071b1d6ac665b59df7fcb,PREDICTIONS_FROZEN,False
200,TARGET_ASSISTED_LABELLED_TARGET_CALIBRATION,44,155921,0,1050,04a6426be7989ea0b14e9a1d5bbf3d237492e1f2e2d62900c4c0ec1783a44e8e,PREDICTIONS_FROZEN,False
500,TARGET_ASSISTED_LABELLED_TARGET_CALIBRATION,44,155921,0,1050,cdfaf2e8a4bb8fe98067cdd2ee7d60797d3b3889f81539ea6fe88da969e628be,PREDICTIONS_FROZEN,False
7,TARGET_ASSISTED_LABELLED_TARGET_CALIBRATION,44,181081,0,1050,e7d7a9b5588472527004a92fac8ffc69d16cd8765ec9bfb583a3928cda54cf33,PREDICTIONS_FROZEN,False
10,TARGET_ASSISTED_LABELLED_TARGET_CALIBRATION,44,181081,0,1050,0696e525a911af8e59e3238e832ec2a232f60aa0817e01f66fffb25c530124d5,PREDICTIONS_FROZEN,False
20,TARGET_ASSISTED_LABELLED_TARGET_CALIBRATION,44,181081,0,1050,4a874a7979df0066609db10256e63f33dd3f328a46487f4d9164ceb707e35fad,PREDICTIONS_FROZEN,False
21,TARGET_ASSISTED_LABELLED_TARGET_CALIBRATION,44,181081,0,1050,522e0e52f897bcc65b3ab3586504783d6c2267c238f50ede943489cbf909ef99,PREDICTIONS_FROZEN,False
35,TARGET_ASSISTED_LABELLED_TARGET_CALIBRATION,44,181081,0,1050,3bc1a94d4abd615eff5bc85c82a3e9ad6cb06b187d998cb3b1e2def5fe12a3d7,PREDICTIONS_FROZEN,False
50,TARGET_ASSISTED_LABELLED_TARGET_CALIBRATION,44,181081,0,1050,50ac38e91d55dadfbc8f341c1a1fd390168ee7b4618d3d71dfc77422fbce3666,PREDICTIONS_FROZEN,False
100,TARGET_ASSISTED_LABELLED_TARGET_CALIBRATION,44,181081,0,1050,f4b6ad9ea607744c7ce1f21c9570e065d922a60ecddb6b35e176bd0bd4265092,PREDICTIONS_FROZEN,False
200,TARGET_ASSISTED_LABELLED_TARGET_CALIBRATION,44,181081,0,1050,10251e2a3c9cd0bdc019d820b1cee275502dc3377b82144404cc5ab6828a4c15,PREDICTIONS_FROZEN,False
500,TARGET_ASSISTED_LABELLED_TARGET_CALIBRATION,44,181081,0,1050,7f1e80071e6803ede93d4042ec341d35d981f6754607871ab612dbc2a8508e50,PREDICTIONS_FROZEN,False
7,TARGET_ASSISTED_LABELLED_TARGET_CALIBRATION,44,205439,0,1050,42311e6770ba0f983c22e8fc589574a37ffbdfc4685a73ae15acdbfccbd2d075,PREDICTIONS_FROZEN,False
10,TARGET_ASSISTED_LABELLED_TARGET_CALIBRATION,44,205439,0,1050,523fcfbdee49662f3ca91ae88d00ac222cc27c5596b424fee8b03898e7ccb246,PREDICTIONS_FROZEN,False
20,TARGET_ASSISTED_LABELLED_TARGET_CALIBRATION,44,205439,0,1050,6706bac50b1995d8cbf0857bfd94dc8531880fad461ad08e8cd2a9696e0e7e7f,PREDICTIONS_FROZEN,False
21,TARGET_ASSISTED_LABELLED_TARGET_CALIBRATION,44,205439,0,1050,fc99a437d5ad3ee2dac2b1109657e21d86d62671dfac3d00edf465f7b96518dc,PREDICTIONS_FROZEN,False
35,TARGET_ASSISTED_LABELLED_TARGET_CALIBRATION,44,205439,0,1050,2b9a728b1f78c3d262c3ba2fed57e7671bd00117f104fe9a4ec19b0cd2cb9296,PREDICTIONS_FROZEN,False
50,TARGET_ASSISTED_LABELLED_TARGET_CALIBRATION,44,205439,0,1050,b4ef19f58180c3b18e12f45a4d20626ce341e825f830441b3bc9d03fbf208595,PREDICTIONS_FROZEN,False
100,TARGET_ASSISTED_LABELLED_TARGET_CALIBRATION,44,205439,0,1050,1a50ce88f19465fb5953bd8289dbf9985263ad8b2dc135587fa79d5950fafca8,PREDICTIONS_FROZEN,False
200,TARGET_ASSISTED_LABELLED_TARGET_CALIBRATION,44,205439,0,1050,c4651c44052ccfbb7e99563b2959764156495a02934b0024939e4eff296316b6,PREDICTIONS_FROZEN,False
500,TARGET_ASSISTED_LABELLED_TARGET_CALIBRATION,44,205439,0,1050,828fcba42e95180d972cfe39b293e356417ac4dda4f402ebc66a04a48de49c60,PREDICTIONS_FROZEN,False
7,TARGET_ASSISTED_LABELLED_TARGET_CALIBRATION,44,230003,0,1050,41dc74301ac8c42e4506ef0c21fde19295d67e2e549615a0d76ec98a41f8a2f0,PREDICTIONS_FROZEN,False
10,TARGET_ASSISTED_LABELLED_TARGET_CALIBRATION,44,230003,0,1050,95790ef29ee1fbaa9f6c390a627463704a9556b404d2f54597cb681c7a8452b6,PREDICTIONS_FROZEN,False
20,TARGET_ASSISTED_LABELLED_TARGET_CALIBRATION,44,230003,0,1050,8086f9f27d013740fb032f793d257d981f20ec0c588d483a5c34349f3a59683b,PREDICTIONS_FROZEN,False
21,TARGET_ASSISTED_LABELLED_TARGET_CALIBRATION,44,230003,0,1050,08094aa9206874b6dec0ca6a1e239e07b880cda4930e49f6ea7823050da1ac5f,PREDICTIONS_FROZEN,False
35,TARGET_ASSISTED_LABELLED_TARGET_CALIBRATION,44,230003,0,1050,1e3f448649cba15829695e9e475d66520e989c00b7a4aebbc43d6c1e5e43561e,PREDICTIONS_FROZEN,False
50,TARGET_ASSISTED_LABELLED_TARGET_CALIBRATION,44,230003,0,1050,95b822227c8dcf586bcac6e861f3a356217bfc8cf1e5c166643cd68f85a8a68d,PREDICTIONS_FROZEN,False
100,TARGET_ASSISTED_LABELLED_TARGET_CALIBRATION,44,230003,0,1050,8589dc54614b3cf2d8c778bb93cd6641fa1eef87ae2bd52158525ad3377f5198,PREDICTIONS_FROZEN,False
200,TARGET_ASSISTED_LABELLED_TARGET_CALIBRATION,44,230003,0,1050,6ab5f18aacc0cdd9a985c2c9c9b47ab48f84dafdc78fed89bde79c1efd0c9ca3,PREDICTIONS_FROZEN,False
500,TARGET_ASSISTED_LABELLED_TARGET_CALIBRATION,44,230003,0,1050,001dfd53b16e33645f27f30dc27981f135b21f3d3887e825171701ed331b3ccb,PREDICTIONS_FROZEN,False
7,TARGET_ASSISTED_LABELLED_TARGET_CALIBRATION,44,254959,0,1050,c7f6ecdcd0ecd50b5eea8067175ffcca7bc9f4d6cd07d63c9b4f6c1eb8ba5dc8,PREDICTIONS_FROZEN,False
10,TARGET_ASSISTED_LABELLED_TARGET_CALIBRATION,44,254959,0,1050,0e69359afb490b63fd61e02c426e9e676f2d93608bc7f78a143b830224438008,PREDICTIONS_FROZEN,False
20,TARGET_ASSISTED_LABELLED_TARGET_CALIBRATION,44,254959,0,1050,19bac1d2c9c4958416f05f33657c3728450e4bb528aa2e3ec8dc33c3a193134a,PREDICTIONS_FROZEN,False
21,TARGET_ASSISTED_LABELLED_TARGET_CALIBRATION,44,254959,0,1050,4ff940155568453b41e02025afceaf557fe4269020078555481a88b6ee7797cb,PREDICTIONS_FROZEN,False
35,TARGET_ASSISTED_LABELLED_TARGET_CALIBRATION,44,254959,0,1050,f1bc9a40422177a0e7d0a490b4a91f1ce5b1b74b72a5721b51ff0e8e8420888e,PREDICTIONS_FROZEN,False
50,TARGET_ASSISTED_LABELLED_TARGET_CALIBRATION,44,254959,0,1050,345142b59e4d416a5af0fd4a0645d9058593df520ac6cfc336b2d68a5e02530b,PREDICTIONS_FROZEN,False
100,TARGET_ASSISTED_LABELLED_TARGET_CALIBRATION,44,254959,0,1050,1d168fa583a326909b62e81642c9a02250ac24f52cd0f5d8657675d407afeb66,PREDICTIONS_FROZEN,False
200,TARGET_ASSISTED_LABELLED_TARGET_CALIBRATION,44,254959,0,1050,3605f5bb2c5a2abd31565e118685b4a5135997c5aeee43c6f7b6e5653fee60f2,PREDICTIONS_FROZEN,False
500,TARGET_ASSISTED_LABELLED_TARGET_CALIBRATION,44,254959,0,1050,fbdd5f6058550c00b4ada8b07f8107ff07d04d0d57e1fccfbab5ab53be795510,PREDICTIONS_FROZEN,False
7,TARGET_ASSISTED_LABELLED_TARGET_CALIBRATION,44,280001,0,1050,617c73ff517b1c7b55a432df347d0e0bd7024b9819cfb442c4a114f9939b2c36,PREDICTIONS_FROZEN,False
10,TARGET_ASSISTED_LABELLED_TARGET_CALIBRATION,44,280001,0,1050,a55d8a58dbbf680ef4d27f71179d3c3ec6f02dd839a4f4eb9b07dce7687b0d75,PREDICTIONS_FROZEN,False
20,TARGET_ASSISTED_LABELLED_TARGET_CALIBRATION,44,280001,0,1050,06b78e95cc28eca1a516b1177217abbeb5e814d9f936be25d57d07d4aafc0a05,PREDICTIONS_FROZEN,False
21,TARGET_ASSISTED_LABELLED_TARGET_CALIBRATION,44,280001,0,1050,6c55605b0d50403416bcdc568ee258fd020ae899a3ce85abeeade39b8573492c,PREDICTIONS_FROZEN,False
35,TARGET_ASSISTED_LABELLED_TARGET_CALIBRATION,44,280001,0,1050,46c1c7f3c71c78309dae77fc9b9b1a5c4dcc90348930f612b251dc9eb06fdccf,PREDICTIONS_FROZEN,False
50,TARGET_ASSISTED_LABELLED_TARGET_CALIBRATION,44,280001,0,1050,320ba51c30427d33f3cb5c82393c264cfc9796765379520fafafae53bb9e803b,PREDICTIONS_FROZEN,False
100,TARGET_ASSISTED_LABELLED_TARGET_CALIBRATION,44,280001,0,1050,b1e8fece0d3cbf42977a110f4f9bfbd49f2d0fc7e4f760c15d84f37c7e63daf4,PREDICTIONS_FROZEN,False
200,TARGET_ASSISTED_LABELLED_TARGET_CALIBRATION,44,280001,0,1050,4ac9e05b079362ad7f973b6403012fd065ebcd38650b1391ef71dcc9b99de817,PREDICTIONS_FROZEN,False
500,TARGET_ASSISTED_LABELLED_TARGET_CALIBRATION,44,280001,0,1050,6ab5f18aacc0cdd9a985c2c9c9b47ab48f84dafdc78fed89bde79c1efd0c9ca3,PREDICTIONS_FROZEN,False
7,TARGET_ASSISTED_LABELLED_TARGET_CALIBRATION,44,305093,0,1050,322f791b29d4a928d41c6cbbd9a1d266bd07134e44e59878e0d87108f97d2829,PREDICTIONS_FROZEN,False
10,TARGET_ASSISTED_LABELLED_TARGET_CALIBRATION,44,305093,0,1050,f5566cfffdc461c940bfbdeb096f0abf450d5b567f82d36f49775e3573129656,PREDICTIONS_FROZEN,False
20,TARGET_ASSISTED_LABELLED_TARGET_CALIBRATION,44,305093,0,1050,3cea93646f68747cee69a63907d242020f36a586c5b3d2eae8109de55e504d3f,PREDICTIONS_FROZEN,False
21,TARGET_ASSISTED_LABELLED_TARGET_CALIBRATION,44,305093,0,1050,3cea93646f68747cee69a63907d242020f36a586c5b3d2eae8109de55e504d3f,PREDICTIONS_FROZEN,False
35,TARGET_ASSISTED_LABELLED_TARGET_CALIBRATION,44,305093,0,1050,98d0e7fbb2b52321f0081dba2a2a32069896e45ae96d712c32bedccf39a986f9,PREDICTIONS_FROZEN,False
50,TARGET_ASSISTED_LABELLED_TARGET_CALIBRATION,44,305093,0,1050,86915ca1b62953ead43a3a7587ad2e20566e1557097884124cde3aebcf4cdfcf,PREDICTIONS_FROZEN,False
100,TARGET_ASSISTED_LABELLED_TARGET_CALIBRATION,44,305093,0,1050,dfaa9a54079d55323e8b50946391841325bca8efaa3c99ab0088437e4bde9740,PREDICTIONS_FROZEN,False
200,TARGET_ASSISTED_LABELLED_TARGET_CALIBRATION,44,305093,0,1050,c66bbf928897b2fb7e74c5f964c0323d9422477717d38d8c93020b24a863bed4,PREDICTIONS_FROZEN,False
500,TARGET_ASSISTED_LABELLED_TARGET_CALIBRATION,44,305093,0,1050,693f102fa3c73201d50510e4234a1eef76a8bb632949b03a86e0ada68882a731,PREDICTIONS_FROZEN,False
7,TARGET_ASSISTED_LABELLED_TARGET_CALIBRATION,44,330017,0,1050,42311e6770ba0f983c22e8fc589574a37ffbdfc4685a73ae15acdbfccbd2d075,PREDICTIONS_FROZEN,False
10,TARGET_ASSISTED_LABELLED_TARGET_CALIBRATION,44,330017,0,1050,51fb332cf70648e663b32d7f9028436ec0e530151956d39d8721c95d4854da0f,PREDICTIONS_FROZEN,False
20,TARGET_ASSISTED_LABELLED_TARGET_CALIBRATION,44,330017,0,1050,d4744d8ce36f880a6582885750b3ecee4e302be29136031558c2de763dc92011,PREDICTIONS_FROZEN,False
21,TARGET_ASSISTED_LABELLED_TARGET_CALIBRATION,44,330017,0,1050,d4d6e11226e7df089ba800d28984371b675aa95ecbd8a32f64fac16aa4e7497b,PREDICTIONS_FROZEN,False
35,TARGET_ASSISTED_LABELLED_TARGET_CALIBRATION,44,330017,0,1050,3b28fc1c40e34c2e1fbd9ce152e25132d363c2a1caa827dcf8961baf337da6d5,PREDICTIONS_FROZEN,False
50,TARGET_ASSISTED_LABELLED_TARGET_CALIBRATION,44,330017,0,1050,e40e35acb0f2e620acaeef03fe7b5805b1e53157622c53a056982ec238802f61,PREDICTIONS_FROZEN,False
100,TARGET_ASSISTED_LABELLED_TARGET_CALIBRATION,44,330017,0,1050,be6ff931377f836dbb7eab090fa5bbff572f3f28a98a1c299b5f6f4f04da6bdd,PREDICTIONS_FROZEN,False
200,TARGET_ASSISTED_LABELLED_TARGET_CALIBRATION,44,330017,0,1050,623f3b8e045df7bd1ccb58aad1f36bb230f3390c365f2be949abf3b979b9f88a,PREDICTIONS_FROZEN,False
500,TARGET_ASSISTED_LABELLED_TARGET_CALIBRATION,44,330017,0,1050,67deca09dedc42674d221d6e1c521615548214db71617efc23b711b961608520,PREDICTIONS_FROZEN,False
7,TARGET_ASSISTED_LABELLED_TARGET_CALIBRATION,44,355031,0,1050,f067f7c7cf63a00741041fd03cc7501c5b87b4d84f3837872a872b61ddb32d88,PREDICTIONS_FROZEN,False
10,TARGET_ASSISTED_LABELLED_TARGET_CALIBRATION,44,355031,0,1050,7ebdb2b08637f211c926847c3dfc6dc2a780cf6f5dd928c361506b7a19761917,PREDICTIONS_FROZEN,False
20,TARGET_ASSISTED_LABELLED_TARGET_CALIBRATION,44,355031,0,1050,a42a9c7093d93e79729940c8a880e372888d3e03b6b71d6869dc59657fbc6fa5,PREDICTIONS_FROZEN,False
21,TARGET_ASSISTED_LABELLED_TARGET_CALIBRATION,44,355031,0,1050,815c9aa4753a1ea3d0a1a99ac0f310d74c1df8d745a8a95fa0e142f65565dd42,PREDICTIONS_FROZEN,False
35,TARGET_ASSISTED_LABELLED_TARGET_CALIBRATION,44,355031,0,1050,532d04e835e4a59c52e443d8275dbba75589e74b7007efb61a50d99b07f35f9f,PREDICTIONS_FROZEN,False
50,TARGET_ASSISTED_LABELLED_TARGET_CALIBRATION,44,355031,0,1050,c3f27095f0df6ac0c5753a4ec05fe03416a6109526dec5e27ecab19df4b8aab5,PREDICTIONS_FROZEN,False
100,TARGET_ASSISTED_LABELLED_TARGET_CALIBRATION,44,355031,0,1050,fb07770be3b4f2315ea9a77954c32eb8cc1f4b262edd2ceed3806d8d6e20f812,PREDICTIONS_FROZEN,False
200,TARGET_ASSISTED_LABELLED_TARGET_CALIBRATION,44,355031,0,1050,ba6533d62480f2c8c5a348aa797d624c297e393948fef1d4c4595fd2f67b134b,PREDICTIONS_FROZEN,False
500,TARGET_ASSISTED_LABELLED_TARGET_CALIBRATION,44,355031,0,1050,ec459d2a3ec13c5450952d513d2c71f70c5680d7711cc0ab53ad4f83d24a3d7d,PREDICTIONS_FROZEN,False
7,TARGET_ASSISTED_LABELLED_TARGET_CALIBRATION,44,380041,0,1050,1af1933105674fbd6e870761b754b873756929ec05b2ba31e98b9999f915addc,PREDICTIONS_FROZEN,False
10,TARGET_ASSISTED_LABELLED_TARGET_CALIBRATION,44,380041,0,1050,8ef3ffc36451a722da1269382245537cdbf3bb471c7f240572f108fe01fd9d9b,PREDICTIONS_FROZEN,False
20,TARGET_ASSISTED_LABELLED_TARGET_CALIBRATION,44,380041,0,1050,5d86b14231c6e9966a0194286418140f92ec9d8f65434410f1151229a6486d07,PREDICTIONS_FROZEN,False
21,TARGET_ASSISTED_LABELLED_TARGET_CALIBRATION,44,380041,0,1050,a430d87d6df61fe02b2cb7bc795eaea48523b63ca9dce35f1dd403d20b36e2c9,PREDICTIONS_FROZEN,False
35,TARGET_ASSISTED_LABELLED_TARGET_CALIBRATION,44,380041,0,1050,6238c84b29d5b4a64cac831177a4f7ef9c0987400e0a61f5a72e1728bbe086b6,PREDICTIONS_FROZEN,False
50,TARGET_ASSISTED_LABELLED_TARGET_CALIBRATION,44,380041,0,1050,71af7df9b972f4f400678aae15c3e6cc00dd2638bc69333780029fad97f15e20,PREDICTIONS_FROZEN,False
100,TARGET_ASSISTED_LABELLED_TARGET_CALIBRATION,44,380041,0,1050,89273d6f5d1ebc2ec11e3a1592c7d06d10235dfe69fe9b81ac1cf9be6eed0d27,PREDICTIONS_FROZEN,False
200,TARGET_ASSISTED_LABELLED_TARGET_CALIBRATION,44,380041,0,1050,e84a16945691c46399eb4fb39e3fd995cdbbdd4b63a41e30d5bb816176dcbf78,PREDICTIONS_FROZEN,False
500,TARGET_ASSISTED_LABELLED_TARGET_CALIBRATION,44,380041,0,1050,96c8a3af1a12d60ef01793ce642954225c2cf4614447e60c4bc0fd31631edf44,PREDICTIONS_FROZEN,False
7,TARGET_ASSISTED_LABELLED_TARGET_CALIBRATION,44,405019,0,1050,388adf008cee92552f88d42ca0ffe98d35d76c644db280271f9c36799a870131,PREDICTIONS_FROZEN,False
10,TARGET_ASSISTED_LABELLED_TARGET_CALIBRATION,44,405019,0,1050,63781b9c447fc3fa710ff066f5b7f75aa5b4fea0fb3c2579031e21d2ab79bf41,PREDICTIONS_FROZEN,False
20,TARGET_ASSISTED_LABELLED_TARGET_CALIBRATION,44,405019,0,1050,1a3c48eed61f67df0710ae9f739dc4651bb59b37232d717a67f04af1a3a578a2,PREDICTIONS_FROZEN,False
21,TARGET_ASSISTED_LABELLED_TARGET_CALIBRATION,44,405019,0,1050,03ddac541c4ac0c37f73d4381c2078be65fe0eff58a5c93e2a7bccf7f3859e09,PREDICTIONS_FROZEN,False
35,TARGET_ASSISTED_LABELLED_TARGET_CALIBRATION,44,405019,0,1050,4b55c604f53a99744311eb264f07afa83c68aac07e1c1cad11c2073282555152,PREDICTIONS_FROZEN,False
50,TARGET_ASSISTED_LABELLED_TARGET_CALIBRATION,44,405019,0,1050,97324b2798458ad6c1c2638457140bd699b85cbb8c81ba5c0cc2953c4b31c4f8,PREDICTIONS_FROZEN,False
100,TARGET_ASSISTED_LABELLED_TARGET_CALIBRATION,44,405019,0,1050,4efcc8c8405149254d1ae2af61e6faea44b60c25193e2c977dc64f9d35ff1d35,PREDICTIONS_FROZEN,False
200,TARGET_ASSISTED_LABELLED_TARGET_CALIBRATION,44,405019,0,1050,33e7101f8cdf824e734d2661a858e1494c4d1868ac4760dacb199a09948d5c51,PREDICTIONS_FROZEN,False
500,TARGET_ASSISTED_LABELLED_TARGET_CALIBRATION,44,405019,0,1050,a0a9c38e2bcf092343409b4eb74550e5e057a14c6483d532931b3f1c59a174bc,PREDICTIONS_FROZEN,False
7,TARGET_ASSISTED_LABELLED_TARGET_CALIBRATION,44,430007,0,1050,1af1933105674fbd6e870761b754b873756929ec05b2ba31e98b9999f915addc,PREDICTIONS_FROZEN,False
10,TARGET_ASSISTED_LABELLED_TARGET_CALIBRATION,44,430007,0,1050,8a7dc936e7da49b51852d976c65ec8a6dbe99fca9ad1b29d7490a36fe2baa799,PREDICTIONS_FROZEN,False
20,TARGET_ASSISTED_LABELLED_TARGET_CALIBRATION,44,430007,0,1050,0699d92258fbc8fe24892c1b8c35c794d76e0e14d4b52831ed7bf6f638777d95,PREDICTIONS_FROZEN,False
21,TARGET_ASSISTED_LABELLED_TARGET_CALIBRATION,44,430007,0,1050,21b431b883bed6d9cc658b9f5b852628dc1eb4b1872c00496369051c551b4727,PREDICTIONS_FROZEN,False
35,TARGET_ASSISTED_LABELLED_TARGET_CALIBRATION,44,430007,0,1050,37060f8da286f489b1e01a6e8ba31ddb948e350f97c76d3071d18b1fbfade69b,PREDICTIONS_FROZEN,False
50,TARGET_ASSISTED_LABELLED_TARGET_CALIBRATION,44,430007,0,1050,d05566cbeff9d1b185854140c1d172bbcb4ecd333d6acbe9db269c5c6cf4d6af,PREDICTIONS_FROZEN,False
100,TARGET_ASSISTED_LABELLED_TARGET_CALIBRATION,44,430007,0,1050,9a4c7746f52107b4d0b2cc3922ea201254196a30f3e56dcd64b91976b8043d87,PREDICTIONS_FROZEN,False
200,TARGET_ASSISTED_LABELLED_TARGET_CALIBRATION,44,430007,0,1050,336931b6eb444b46ef1580cdf44986706b880e420dd8218044841a87b918fd4e,PREDICTIONS_FROZEN,False
500,TARGET_ASSISTED_LABELLED_TARGET_CALIBRATION,44,430007,0,1050,336931b6eb444b46ef1580cdf44986706b880e420dd8218044841a87b918fd4e,PREDICTIONS_FROZEN,False
7,TARGET_ASSISTED_LABELLED_TARGET_CALIBRATION,44,455003,0,1050,42311e6770ba0f983c22e8fc589574a37ffbdfc4685a73ae15acdbfccbd2d075,PREDICTIONS_FROZEN,False
10,TARGET_ASSISTED_LABELLED_TARGET_CALIBRATION,44,455003,0,1050,58451e60a39ccfbc9d112cf878931323aa1b16e1a2122a67a51b876d064eb21e,PREDICTIONS_FROZEN,False
20,TARGET_ASSISTED_LABELLED_TARGET_CALIBRATION,44,455003,0,1050,9ed2b46679b3a0836333365748e43e757de3dd6ce5aec42a119cd9d8318fafae,PREDICTIONS_FROZEN,False
21,TARGET_ASSISTED_LABELLED_TARGET_CALIBRATION,44,455003,0,1050,babcf349c48336a22f00bccae0504ed513842f684eb58f9135305818f78b00df,PREDICTIONS_FROZEN,False
35,TARGET_ASSISTED_LABELLED_TARGET_CALIBRATION,44,455003,0,1050,485484c4213d8fccbafdf90c91f9a942e6bae9242add4cd15a10d72f8aaa6abe,PREDICTIONS_FROZEN,False
50,TARGET_ASSISTED_LABELLED_TARGET_CALIBRATION,44,455003,0,1050,1dbfd4137473d97946d492b39794f994ed4d0b733d516d312742e8f7d7363649,PREDICTIONS_FROZEN,False
100,TARGET_ASSISTED_LABELLED_TARGET_CALIBRATION,44,455003,0,1050,b9ead8588c7652a1388d6055beb80cb15c4e5413bdb1673f18ceeedd2e4e92c0,PREDICTIONS_FROZEN,False
200,TARGET_ASSISTED_LABELLED_TARGET_CALIBRATION,44,455003,0,1050,2046389a4e83b71c3df91bd8febc6e75452a42791c3971ba93426cbf8b605440,PREDICTIONS_FROZEN,False
500,TARGET_ASSISTED_LABELLED_TARGET_CALIBRATION,44,455003,0,1050,13fc7149dc22892a43e6148ffb65bbf794031a947e4b0a5503afc44766a8c313,PREDICTIONS_FROZEN,False
7,TARGET_ASSISTED_LABELLED_TARGET_CALIBRATION,44,480017,0,1050,07a8eb8496818e14f4222878df5646c2a1fc9138bb07959a5bf31a15d5fafb22,PREDICTIONS_FROZEN,False
10,TARGET_ASSISTED_LABELLED_TARGET_CALIBRATION,44,480017,0,1050,d68bd3c4077f09173777f161f75a9d8274ead886c875cc341e18b964bcbb6994,PREDICTIONS_FROZEN,False
20,TARGET_ASSISTED_LABELLED_TARGET_CALIBRATION,44,480017,0,1050,af377b7e37464c771bc91f22fabd0ff7f625201afa98688ad8762ab2460b9ad7,PREDICTIONS_FROZEN,False
21,TARGET_ASSISTED_LABELLED_TARGET_CALIBRATION,44,480017,0,1050,0a6cb6fdc1ea8e7134bf8601e926ee0c1824fb20d4f7bf1996415b097edfc01f,PREDICTIONS_FROZEN,False
35,TARGET_ASSISTED_LABELLED_TARGET_CALIBRATION,44,480017,0,1050,bbd88625defbe8b00a17467d302f9a147d515c748393c8d8281bb9379ccdecd2,PREDICTIONS_FROZEN,False
50,TARGET_ASSISTED_LABELLED_TARGET_CALIBRATION,44,480017,0,1050,7a85df35b8bf971a04a8c4708ac512fc49e274b08f166a370f0aac3063806eb8,PREDICTIONS_FROZEN,False
100,TARGET_ASSISTED_LABELLED_TARGET_CALIBRATION,44,480017,0,1050,df74daee9af696529cb3d3264043ddaa4faa2cde42bc3abe15b10ba78290341f,PREDICTIONS_FROZEN,False
200,TARGET_ASSISTED_LABELLED_TARGET_CALIBRATION,44,480017,0,1050,ee312ae7099cbf840bce22fb0027219cc34cf68a8d5407ca35b777e325886353,PREDICTIONS_FROZEN,False
500,TARGET_ASSISTED_LABELLED_TARGET_CALIBRATION,44,480017,0,1050,785739d11548ef3ea2dea4db58fcd83692ffe918052aee061be086fbe134e0d9,PREDICTIONS_FROZEN,False
7,TARGET_ASSISTED_LABELLED_TARGET_CALIBRATION,44,505027,0,1050,b25d404be96d82b63d44e5aac0240b65e9a2167748baf63a08e0bea6b6e4c52c,PREDICTIONS_FROZEN,False
10,TARGET_ASSISTED_LABELLED_TARGET_CALIBRATION,44,505027,0,1050,d2095e43815b3fc297c08ea67ba3bc7c613ac635a10764869e71c79f3fc7e50c,PREDICTIONS_FROZEN,False
20,TARGET_ASSISTED_LABELLED_TARGET_CALIBRATION,44,505027,0,1050,a8163e6b513fdc67313dc0c6e5bf4ccaf1085ce193ef53abbc53579961f4ca47,PREDICTIONS_FROZEN,False
21,TARGET_ASSISTED_LABELLED_TARGET_CALIBRATION,44,505027,0,1050,aee96ff8d5a0f59aa3aea3706188d5684bc8a4395bb42acc0c43209323ae02f4,PREDICTIONS_FROZEN,False
35,TARGET_ASSISTED_LABELLED_TARGET_CALIBRATION,44,505027,0,1050,4a35130588c119cb22674427e63f89c62c9f53e63fc31bafcad136e5154aff2a,PREDICTIONS_FROZEN,False
50,TARGET_ASSISTED_LABELLED_TARGET_CALIBRATION,44,505027,0,1050,b2fe29e775a8917a0b40874e7841f7cd14161963b5acfe9fd1e0bbd5d01bc731,PREDICTIONS_FROZEN,False
100,TARGET_ASSISTED_LABELLED_TARGET_CALIBRATION,44,505027,0,1050,ff60c614fbdc56f8dea31c0a09f78ba356c19d669b4a2aa6ef513a95d902212c,PREDICTIONS_FROZEN,False
200,TARGET_ASSISTED_LABELLED_TARGET_CALIBRATION,44,505027,0,1050,b7b5aa2ab9e154bb7b06370635d66ceecef7ac39166962776fc1b462c4aef01d,PREDICTIONS_FROZEN,False
500,TARGET_ASSISTED_LABELLED_TARGET_CALIBRATION,44,505027,0,1050,8bdbede99ca947e3b74cb9128ff1005f5c50a64963e46359b8285dad52f118b2,PREDICTIONS_FROZEN,False
7,TARGET_ASSISTED_LABELLED_TARGET_CALIBRATION,44,530017,0,1050,e7d7a9b5588472527004a92fac8ffc69d16cd8765ec9bfb583a3928cda54cf33,PREDICTIONS_FROZEN,False
10,TARGET_ASSISTED_LABELLED_TARGET_CALIBRATION,44,530017,0,1050,7e05b9ddb535abb594f1c2461656f14e0927204eb2367e763a951426f7fb252e,PREDICTIONS_FROZEN,False
20,TARGET_ASSISTED_LABELLED_TARGET_CALIBRATION,44,530017,0,1050,44c87b0577dc2413a39d4d2371ede2308c3c5718fa66f7f1d0bed2ff9d3177f1,PREDICTIONS_FROZEN,False
21,TARGET_ASSISTED_LABELLED_TARGET_CALIBRATION,44,530017,0,1050,fc605c15064f315f3930651fa26f78313cd5647b539237670b6c24ed3bc37eb1,PREDICTIONS_FROZEN,False
35,TARGET_ASSISTED_LABELLED_TARGET_CALIBRATION,44,530017,0,1050,ed9b10574b64998878bc9dd339c3cb704a3f61575e3891c784e5e9d8949f92ac,PREDICTIONS_FROZEN,False
50,TARGET_ASSISTED_LABELLED_TARGET_CALIBRATION,44,530017,0,1050,2efeaa23510c0f034a4796ac2d6754c7abfad7b5b0e8c3312274d0863b0d62e1,PREDICTIONS_FROZEN,False
100,TARGET_ASSISTED_LABELLED_TARGET_CALIBRATION,44,530017,0,1050,04ea2cc1121f3d5ddc1f7a3cf8bb5ead1328e7554648461a3137046067ed7fc8,PREDICTIONS_FROZEN,False
200,TARGET_ASSISTED_LABELLED_TARGET_CALIBRATION,44,530017,0,1050,26ac4addac79bdb67bc637c0e680e447ce47348c85ea6dd11d95d5da5591c822,PREDICTIONS_FROZEN,False
500,TARGET_ASSISTED_LABELLED_TARGET_CALIBRATION,44,530017,0,1050,12a71b3a80e2574f0ae6a944acc496736ba39023f7a7f6d130c8c5710a96e93e,PREDICTIONS_FROZEN,False
7,TARGET_ASSISTED_LABELLED_TARGET_CALIBRATION,44,555029,0,1050,2f78940f4e180aeb929b3dffa600ed3ad3455eeb013d44cfc485c9089e6b03aa,PREDICTIONS_FROZEN,False
10,TARGET_ASSISTED_LABELLED_TARGET_CALIBRATION,44,555029,0,1050,130d3ac419d5c58f9396b9049e9194719787fdfb05af2efa28d835f078154b91,PREDICTIONS_FROZEN,False
20,TARGET_ASSISTED_LABELLED_TARGET_CALIBRATION,44,555029,0,1050,0f930e8719dc6c54534a2b5a023f41e970362b4ba2a908e1866cde60c88e0513,PREDICTIONS_FROZEN,False
21,TARGET_ASSISTED_LABELLED_TARGET_CALIBRATION,44,555029,0,1050,a4ee4b25c2fcd3798d9d012cbecf31ea587af3c3e768f5e0d2fb384ccee814e0,PREDICTIONS_FROZEN,False
35,TARGET_ASSISTED_LABELLED_TARGET_CALIBRATION,44,555029,0,1050,700a3412e7042ebd6ba88fbcc87eedd804bc1ddcdfb46a696f56c977a1e55674,PREDICTIONS_FROZEN,False
50,TARGET_ASSISTED_LABELLED_TARGET_CALIBRATION,44,555029,0,1050,403deeb7ee1a64dc5129b9cba96595082244aa80f3aaf97f088ac06cfd303343,PREDICTIONS_FROZEN,False
100,TARGET_ASSISTED_LABELLED_TARGET_CALIBRATION,44,555029,0,1050,c0644d0b7506fc87aab0aa92073f0a4c8f2b04bbe80c41e465075f4d2f2c6cc5,PREDICTIONS_FROZEN,False
200,TARGET_ASSISTED_LABELLED_TARGET_CALIBRATION,44,555029,0,1050,219ea5a8a4393938658ed2f7654e7a5e217511a55f6a831390cb8b969f8addca,PREDICTIONS_FROZEN,False
500,TARGET_ASSISTED_LABELLED_TARGET_CALIBRATION,44,555029,0,1050,41f4462fce3504c551c0f819d5dac322e14612dbd46f0fcd412a2b5d1528d2a0,PREDICTIONS_FROZEN,False
7,TARGET_ASSISTED_LABELLED_TARGET_CALIBRATION,44,580031,0,1050,1af1933105674fbd6e870761b754b873756929ec05b2ba31e98b9999f915addc,PREDICTIONS_FROZEN,False
10,TARGET_ASSISTED_LABELLED_TARGET_CALIBRATION,44,580031,0,1050,4a7d43694266fc7db1b86a468096c621cc77b9aeae5ac50de3bd53788d0ab301,PREDICTIONS_FROZEN,False
20,TARGET_ASSISTED_LABELLED_TARGET_CALIBRATION,44,580031,0,1050,3f69530f88ec5b7eadb6075060d5fff7f55bb80e627207992756b50f27ae8742,PREDICTIONS_FROZEN,False
21,TARGET_ASSISTED_LABELLED_TARGET_CALIBRATION,44,580031,0,1050,49428a1dc984dc2ef4da3ba6314a01c5da41463bba95848e3b06969a59560980,PREDICTIONS_FROZEN,False
35,TARGET_ASSISTED_LABELLED_TARGET_CALIBRATION,44,580031,0,1050,b060368011decbfd63959a08e0cda3e69850ed10ae06250f2c73fdc50b661ab7,PREDICTIONS_FROZEN,False
50,TARGET_ASSISTED_LABELLED_TARGET_CALIBRATION,44,580031,0,1050,c0ccfa1d649f85fcd9bef3ebf964ac62863c32e4bcf9c595760e9f8584d8f9d6,PREDICTIONS_FROZEN,False
100,TARGET_ASSISTED_LABELLED_TARGET_CALIBRATION,44,580031,0,1050,3ea96d1abf6d671d24a4bd88b064a6bc9d0cdce44683dfccb1d2ee98f0161637,PREDICTIONS_FROZEN,False
200,TARGET_ASSISTED_LABELLED_TARGET_CALIBRATION,44,580031,0,1050,940fd6da815eef36b22c33268b1bd0bb6c8747626fb98762e8a0b52f94a09ff2,PREDICTIONS_FROZEN,False
500,TARGET_ASSISTED_LABELLED_TARGET_CALIBRATION,44,580031,0,1050,001dfd53b16e33645f27f30dc27981f135b21f3d3887e825171701ed331b3ccb,PREDICTIONS_FROZEN,False
0,STRICT_SOURCE_ONLY_DG,44,,1,1050,ca8f28ba9a6faadef1613d2d3210b388a7377ff66c954ab55246d551e29819c2,PREDICTIONS_FROZEN,False
7,TARGET_ASSISTED_LABELLED_TARGET_CALIBRATION,44,104729,1,1050,91ac620b307e8b4b57dc52ecbf1e6b4b47865ee03f28983ece1bab18184ea89d,PREDICTIONS_FROZEN,False
10,TARGET_ASSISTED_LABELLED_TARGET_CALIBRATION,44,104729,1,1050,32446f5580af28006006d4d9a1f6edfbbd1d58b7411c496ed61f0b1ab29400d4,PREDICTIONS_FROZEN,False
20,TARGET_ASSISTED_LABELLED_TARGET_CALIBRATION,44,104729,1,1050,8098b195cd20370c6dfe712691ae4f9bb2967b070bb63bddb1cb580d2a6dd6e5,PREDICTIONS_FROZEN,False
21,TARGET_ASSISTED_LABELLED_TARGET_CALIBRATION,44,104729,1,1050,b26183673d5a6b0b6f509a0a3d23de75f6269dd629a3a846208d6a5044c05271,PREDICTIONS_FROZEN,False
35,TARGET_ASSISTED_LABELLED_TARGET_CALIBRATION,44,104729,1,1050,f80fade36d0ef65eecb088f397d549fa103bd67091bcfe510a4ad5a6636deb5e,PREDICTIONS_FROZEN,False
50,TARGET_ASSISTED_LABELLED_TARGET_CALIBRATION,44,104729,1,1050,06cec39c890f44aba4fd70a746917ec0103e0e9300283c0da450fed183d3dc51,PREDICTIONS_FROZEN,False
100,TARGET_ASSISTED_LABELLED_TARGET_CALIBRATION,44,104729,1,1050,c12dda45bcb46022787e5cffb38c66f15401f9349e3e4905ce640c2703491c18,PREDICTIONS_FROZEN,False
200,TARGET_ASSISTED_LABELLED_TARGET_CALIBRATION,44,104729,1,1050,414b4672bf67cbc983d282ca4c6e11ddf67e30196dd43e780f3e62bbbd67630e,PREDICTIONS_FROZEN,False
500,TARGET_ASSISTED_LABELLED_TARGET_CALIBRATION,44,104729,1,1050,c3b00ccea8f9270e63e8461b2ee989248e461fe4af3658aeadd24559acef315a,PREDICTIONS_FROZEN,False
7,TARGET_ASSISTED_LABELLED_TARGET_CALIBRATION,44,130363,1,1050,daa6d85a66e14736d58b2a485f41532cd918abe7ea9b26307b371d6a08e48f90,PREDICTIONS_FROZEN,False
10,TARGET_ASSISTED_LABELLED_TARGET_CALIBRATION,44,130363,1,1050,c4c834d1f6ae77a5235a0f6d88312a212cb433b33ee884a8d75a613110ebec92,PREDICTIONS_FROZEN,False
20,TARGET_ASSISTED_LABELLED_TARGET_CALIBRATION,44,130363,1,1050,13ba9d015a3b0ab6964c5d6fe72d701945c045187986d258ee087c2129368da4,PREDICTIONS_FROZEN,False
21,TARGET_ASSISTED_LABELLED_TARGET_CALIBRATION,44,130363,1,1050,ebd8a69ce3d81f5f43884a439d81c64f0e56fb36b81355425ca15a442989dbe4,PREDICTIONS_FROZEN,False
35,TARGET_ASSISTED_LABELLED_TARGET_CALIBRATION,44,130363,1,1050,11f681a344fc243360cb1be47d5b93f3fa353237d0012923168f0688272b1eb5,PREDICTIONS_FROZEN,False
50,TARGET_ASSISTED_LABELLED_TARGET_CALIBRATION,44,130363,1,1050,ccb1ee48df4cd75445cb74cf2f1fa3596ad14d775c7b4e572111a5d58aefa1e4,PREDICTIONS_FROZEN,False
100,TARGET_ASSISTED_LABELLED_TARGET_CALIBRATION,44,130363,1,1050,d15adbb6b6e38b7b46310a09a23d01aea19b2570f8c66ecf96db8ababa461497,PREDICTIONS_FROZEN,False
200,TARGET_ASSISTED_LABELLED_TARGET_CALIBRATION,44,130363,1,1050,de69c6c05899237b038390fed7431af462d26944f0b5a50e23519187b97785b6,PREDICTIONS_FROZEN,False
500,TARGET_ASSISTED_LABELLED_TARGET_CALIBRATION,44,130363,1,1050,7172ebec1a7ebf5ba6c4c7491ab82124479093117ea365e595ed18db58b943ba,PREDICTIONS_FROZEN,False
7,TARGET_ASSISTED_LABELLED_TARGET_CALIBRATION,44,155921,1,1050,a0f42158da38b5d7abc01b827a0f1325deb79002a3571c1a3dd8f17b9cc70e82,PREDICTIONS_FROZEN,False
10,TARGET_ASSISTED_LABELLED_TARGET_CALIBRATION,44,155921,1,1050,11da50f048d4b9dccfcb60e36840af11b4f53047b4c7b0969674f012c8eb96c7,PREDICTIONS_FROZEN,False
20,TARGET_ASSISTED_LABELLED_TARGET_CALIBRATION,44,155921,1,1050,ae7761d96f4077e81c935b73a577677a8ea422445068db2f987d3d5a36a31b18,PREDICTIONS_FROZEN,False
21,TARGET_ASSISTED_LABELLED_TARGET_CALIBRATION,44,155921,1,1050,9a891aee64f3ec7e2e3a2485441f15c5ab667489715258788276e79f94a38552,PREDICTIONS_FROZEN,False
35,TARGET_ASSISTED_LABELLED_TARGET_CALIBRATION,44,155921,1,1050,cf7f34a83c74119d09ea1c621e13395130b7b38802f67d4df7073948a9b81162,PREDICTIONS_FROZEN,False
50,TARGET_ASSISTED_LABELLED_TARGET_CALIBRATION,44,155921,1,1050,effd9e572ff4cddb18453d0a878fde8ce5fadea238e88688410b8757959bd1bd,PREDICTIONS_FROZEN,False
100,TARGET_ASSISTED_LABELLED_TARGET_CALIBRATION,44,155921,1,1050,7ebaa757c45cdc10b8c904a8e1750b4966132730741ec137540686040e0d6c36,PREDICTIONS_FROZEN,False
200,TARGET_ASSISTED_LABELLED_TARGET_CALIBRATION,44,155921,1,1050,04f109871fbba1c99e44542eeb37af0ef3b864cebf1f83345ad1f4f83412235c,PREDICTIONS_FROZEN,False
500,TARGET_ASSISTED_LABELLED_TARGET_CALIBRATION,44,155921,1,1050,8a9b6a1aa2b24768a7a8a5a39306d8ff9ddd24430313a42402656d9f8bda6401,PREDICTIONS_FROZEN,False
7,TARGET_ASSISTED_LABELLED_TARGET_CALIBRATION,44,181081,1,1050,260d6f2708963a5733675a244b9cd5b0e75f1016a04de518abe96af5e3b008ea,PREDICTIONS_FROZEN,False
10,TARGET_ASSISTED_LABELLED_TARGET_CALIBRATION,44,181081,1,1050,f00cd62bfbcba3275f94fe82babe3e48b57c0cdc7280ba6d51f473d6e908230c,PREDICTIONS_FROZEN,False
20,TARGET_ASSISTED_LABELLED_TARGET_CALIBRATION,44,181081,1,1050,82cc0d207f80403411860110877d704a35b5e91159f45a1b67afdb13e45fa1dd,PREDICTIONS_FROZEN,False
21,TARGET_ASSISTED_LABELLED_TARGET_CALIBRATION,44,181081,1,1050,d391b3359ea94e3ed7e4e082d9673054cc03896242cce9f679c72bf6b7ce2df4,PREDICTIONS_FROZEN,False
35,TARGET_ASSISTED_LABELLED_TARGET_CALIBRATION,44,181081,1,1050,03e1f9f3122daed35611a386438f50778c9b68f1bdc63709675a68b26d32b161,PREDICTIONS_FROZEN,False
50,TARGET_ASSISTED_LABELLED_TARGET_CALIBRATION,44,181081,1,1050,a4ff4e80779f32f3f0d2540a2c96b12e340f2580c0ebcf19c763a9e596efe076,PREDICTIONS_FROZEN,False
100,TARGET_ASSISTED_LABELLED_TARGET_CALIBRATION,44,181081,1,1050,50a97f2bb9b03fd24eeefb4fecb1a4d1da635639ed76046df8f54555fdde3e43,PREDICTIONS_FROZEN,False
200,TARGET_ASSISTED_LABELLED_TARGET_CALIBRATION,44,181081,1,1050,5d7afc4c88615350fbdb79469a82f82c0f164940334777f823b5b7d719d98b01,PREDICTIONS_FROZEN,False
500,TARGET_ASSISTED_LABELLED_TARGET_CALIBRATION,44,181081,1,1050,03a802bbdebd8f4b7a2561acde8b2cb66a138f787691f87c3acf1966a13239c3,PREDICTIONS_FROZEN,False
7,TARGET_ASSISTED_LABELLED_TARGET_CALIBRATION,44,205439,1,1050,da9eb859518566eec1f6b56e1b1b8ea7b8eaab8dbe6bd2f6c767044692fd8ff1,PREDICTIONS_FROZEN,False
10,TARGET_ASSISTED_LABELLED_TARGET_CALIBRATION,44,205439,1,1050,98308c2094216a1b5b505096f35d9d5513c0ff50022f7ea1d577c591fae3213a,PREDICTIONS_FROZEN,False
20,TARGET_ASSISTED_LABELLED_TARGET_CALIBRATION,44,205439,1,1050,4c5f907010a6f8e19a6cc13ca1d884f01eddcc831386a75862e52238f4c84e08,PREDICTIONS_FROZEN,False
21,TARGET_ASSISTED_LABELLED_TARGET_CALIBRATION,44,205439,1,1050,593c181067491427d598ca94b4fe50f5280836002c52c4911b319415c7e2f9af,PREDICTIONS_FROZEN,False
35,TARGET_ASSISTED_LABELLED_TARGET_CALIBRATION,44,205439,1,1050,dca8c208741b15971f32233abf3b707df14d9d02a065ffe0b260537a524eebe7,PREDICTIONS_FROZEN,False
50,TARGET_ASSISTED_LABELLED_TARGET_CALIBRATION,44,205439,1,1050,1adb3ace13ac4e0b5c64a58e15546e416801d21122dc4c225ac8b766594fc390,PREDICTIONS_FROZEN,False
100,TARGET_ASSISTED_LABELLED_TARGET_CALIBRATION,44,205439,1,1050,fa31f2ee52234a540ddb1f03a6277341f1cbe58105da547fd697366eb6faf0cd,PREDICTIONS_FROZEN,False
200,TARGET_ASSISTED_LABELLED_TARGET_CALIBRATION,44,205439,1,1050,507d1f385d4bffaac786512e140504cf5e114aebcfbe0be75e5fa142000c37d5,PREDICTIONS_FROZEN,False
500,TARGET_ASSISTED_LABELLED_TARGET_CALIBRATION,44,205439,1,1050,d5ed2da4a218669cedf2545f9acc8a21c13c262e84656fdebf4bb9a021859029,PREDICTIONS_FROZEN,False
7,TARGET_ASSISTED_LABELLED_TARGET_CALIBRATION,44,230003,1,1050,6c397a9716a9761890d487ff11048b899d10ea1ad56d1c8ef8cb9ef0301f009e,PREDICTIONS_FROZEN,False
10,TARGET_ASSISTED_LABELLED_TARGET_CALIBRATION,44,230003,1,1050,3881929ea3ed77a662c815910c8a1a35f3689a425d9dfdeb7dc287a906fb0d6b,PREDICTIONS_FROZEN,False
20,TARGET_ASSISTED_LABELLED_TARGET_CALIBRATION,44,230003,1,1050,b69d2fbb80c983be5d73d8023cbee02e5b8a8728359b145977e83cef6f29221d,PREDICTIONS_FROZEN,False
21,TARGET_ASSISTED_LABELLED_TARGET_CALIBRATION,44,230003,1,1050,e60583748c8bc578de0430dd26e078584cddb31f4569bd7a0beca45c3780ce76,PREDICTIONS_FROZEN,False
35,TARGET_ASSISTED_LABELLED_TARGET_CALIBRATION,44,230003,1,1050,7ba6c9aa9a25b8b2b692bea85d4d2c7632dad4bdf6316ab0ebe3572085634843,PREDICTIONS_FROZEN,False
50,TARGET_ASSISTED_LABELLED_TARGET_CALIBRATION,44,230003,1,1050,d7ef47b6eaf8116b5ad04fe30797cc07eab89ae6a6ab183138d0ef0d7e0ecf62,PREDICTIONS_FROZEN,False
100,TARGET_ASSISTED_LABELLED_TARGET_CALIBRATION,44,230003,1,1050,e320a06263c8cc55a54c4d588f48726091ebdc30b4fa9f80b9f259ac794f6192,PREDICTIONS_FROZEN,False
200,TARGET_ASSISTED_LABELLED_TARGET_CALIBRATION,44,230003,1,1050,6a60614767b80e0b64692b355db45b21d71b21a69053335a4cac8bfeda055ae6,PREDICTIONS_FROZEN,False
500,TARGET_ASSISTED_LABELLED_TARGET_CALIBRATION,44,230003,1,1050,93ab1a3f2956461a3d2adeb054298d78b911534690d91efaa939a2a01c6a72d4,PREDICTIONS_FROZEN,False
7,TARGET_ASSISTED_LABELLED_TARGET_CALIBRATION,44,254959,1,1050,3ca93e4584cbeaeb0bc5f28056f4be3a350755e731c83c8bbcb2bd89ec19029c,PREDICTIONS_FROZEN,False
10,TARGET_ASSISTED_LABELLED_TARGET_CALIBRATION,44,254959,1,1050,bfa43ab996e5ba860b5fe0e5a76e575e854bbb05bd89f172a8a64185f3b2713e,PREDICTIONS_FROZEN,False
20,TARGET_ASSISTED_LABELLED_TARGET_CALIBRATION,44,254959,1,1050,92e480570fe58ffe952f85c8196fab0c7bd18ac81f433ad0370b35fab4aad1e2,PREDICTIONS_FROZEN,False
21,TARGET_ASSISTED_LABELLED_TARGET_CALIBRATION,44,254959,1,1050,7b3e0383631b3a4871b522db86ebcca79bdc07318113e03f5b3db07f935bd12e,PREDICTIONS_FROZEN,False
35,TARGET_ASSISTED_LABELLED_TARGET_CALIBRATION,44,254959,1,1050,ef743cc7a11b6099f667c0f39406a7d15788007a3442d1dc731dc4e6deafba4b,PREDICTIONS_FROZEN,False
50,TARGET_ASSISTED_LABELLED_TARGET_CALIBRATION,44,254959,1,1050,af54b6dfc51e79977d0a78c6412632cdbc67b4cd78ca7d6b779d967c6452a707,PREDICTIONS_FROZEN,False
100,TARGET_ASSISTED_LABELLED_TARGET_CALIBRATION,44,254959,1,1050,fde47aa65bc05abf22a28f585d8a9954a5f3907d5e06dbdcf904826ee9c6dd3f,PREDICTIONS_FROZEN,False
200,TARGET_ASSISTED_LABELLED_TARGET_CALIBRATION,44,254959,1,1050,96aa5f648ca79442e6576bd2842e7960fd01bdc1714670a1ff1b5baae7da9b74,PREDICTIONS_FROZEN,False
500,TARGET_ASSISTED_LABELLED_TARGET_CALIBRATION,44,254959,1,1050,986b8454815e90e45779bfccb14a4fe6d9123c20502088660fbf2eb5c853a2b4,PREDICTIONS_FROZEN,False
7,TARGET_ASSISTED_LABELLED_TARGET_CALIBRATION,44,280001,1,1050,78bbd3c64dd2c650b723cbb0cbc8fb0ccdc70291e7bdc5ad20dd4802bff5f71d,PREDICTIONS_FROZEN,False
10,TARGET_ASSISTED_LABELLED_TARGET_CALIBRATION,44,280001,1,1050,2ed1e20730328588ff8b6acfd4db3607bf340b3b7d242d05e7dd130c2149add4,PREDICTIONS_FROZEN,False
20,TARGET_ASSISTED_LABELLED_TARGET_CALIBRATION,44,280001,1,1050,be0326b63483868fa6c996336118e2611a2f007ac8079206ad58aa25d7dcebde,PREDICTIONS_FROZEN,False
21,TARGET_ASSISTED_LABELLED_TARGET_CALIBRATION,44,280001,1,1050,642045bdb5d41d125e494992d12b87eb898dd202235acbf2032eedac520ad7cf,PREDICTIONS_FROZEN,False
35,TARGET_ASSISTED_LABELLED_TARGET_CALIBRATION,44,280001,1,1050,261199594f007dc6bb4ed7b3f52da2bb4d3b47471690b931a02b7e204d80278f,PREDICTIONS_FROZEN,False
50,TARGET_ASSISTED_LABELLED_TARGET_CALIBRATION,44,280001,1,1050,742308d22b38b986a45dafbdb16d44d8e483a5d567059258e15034abe3f0f812,PREDICTIONS_FROZEN,False
100,TARGET_ASSISTED_LABELLED_TARGET_CALIBRATION,44,280001,1,1050,eb9a93864d346ba891b8983da0d864e78ed2344f3c9e4c9b2800d14e8afdf3ef,PREDICTIONS_FROZEN,False
200,TARGET_ASSISTED_LABELLED_TARGET_CALIBRATION,44,280001,1,1050,ee96777c7c9229a336bf386db45eac85c637e32539f7ef085faf3726e0482072,PREDICTIONS_FROZEN,False
500,TARGET_ASSISTED_LABELLED_TARGET_CALIBRATION,44,280001,1,1050,b9fd374e4048f582226241c608615c27beec21b6aeb695ccbc5d37173a450f53,PREDICTIONS_FROZEN,False
7,TARGET_ASSISTED_LABELLED_TARGET_CALIBRATION,44,305093,1,1050,6530deaa0e7e7c1273239d3e3bcc2760457fa452adfeb2b7ee10fa22015bf735,PREDICTIONS_FROZEN,False
10,TARGET_ASSISTED_LABELLED_TARGET_CALIBRATION,44,305093,1,1050,5af01dcb9614186a869ccc03e95d029c4dd5a45decc62f28882e4b05146141b0,PREDICTIONS_FROZEN,False
20,TARGET_ASSISTED_LABELLED_TARGET_CALIBRATION,44,305093,1,1050,aba90ba53e56373bac04c80500868b514d9b7185b7b1784a720bd47fa7cd98a6,PREDICTIONS_FROZEN,False
21,TARGET_ASSISTED_LABELLED_TARGET_CALIBRATION,44,305093,1,1050,7171131121b1b6e8bdd7a79cdac0e7b993192ecd884324c3bb133ea4848df626,PREDICTIONS_FROZEN,False
35,TARGET_ASSISTED_LABELLED_TARGET_CALIBRATION,44,305093,1,1050,03013e862dc464a3195f36b4ed7aca82dc7c5d5a932155cc5990e2d6019478c1,PREDICTIONS_FROZEN,False
50,TARGET_ASSISTED_LABELLED_TARGET_CALIBRATION,44,305093,1,1050,9ebb6fcfa2c50fb9c8ac4283c2dd6ce24213798feb6eafd449c29c59243d4daa,PREDICTIONS_FROZEN,False
100,TARGET_ASSISTED_LABELLED_TARGET_CALIBRATION,44,305093,1,1050,4ab933b46d191435ca2023deb120c65480cef055232d865ebcc2256434593642,PREDICTIONS_FROZEN,False
200,TARGET_ASSISTED_LABELLED_TARGET_CALIBRATION,44,305093,1,1050,dd2b7329daf784336596da1a0d43575d546aa906843a9ea7ed2418ca4f61daf8,PREDICTIONS_FROZEN,False
500,TARGET_ASSISTED_LABELLED_TARGET_CALIBRATION,44,305093,1,1050,03a802bbdebd8f4b7a2561acde8b2cb66a138f787691f87c3acf1966a13239c3,PREDICTIONS_FROZEN,False
7,TARGET_ASSISTED_LABELLED_TARGET_CALIBRATION,44,330017,1,1050,91ac620b307e8b4b57dc52ecbf1e6b4b47865ee03f28983ece1bab18184ea89d,PREDICTIONS_FROZEN,False
10,TARGET_ASSISTED_LABELLED_TARGET_CALIBRATION,44,330017,1,1050,1bb4ee55cb6e9a018d30cf9f3b471b2bbb6e103c36e5a2afe34095bec139d673,PREDICTIONS_FROZEN,False
20,TARGET_ASSISTED_LABELLED_TARGET_CALIBRATION,44,330017,1,1050,05ce98d2c97934b1147d84e652ed070ce1d9813c7a7a365dbf9847094edfd032,PREDICTIONS_FROZEN,False
21,TARGET_ASSISTED_LABELLED_TARGET_CALIBRATION,44,330017,1,1050,57f3b02abfe9122622b1e21486e8ca33da4f66aea00d3388f6127a7fd3f2d68e,PREDICTIONS_FROZEN,False
35,TARGET_ASSISTED_LABELLED_TARGET_CALIBRATION,44,330017,1,1050,bfab607ebb0fe8ee7a93a905f1ca0683d726da92e6923c23c47640f897ba4626,PREDICTIONS_FROZEN,False
50,TARGET_ASSISTED_LABELLED_TARGET_CALIBRATION,44,330017,1,1050,3f0a52f9c33e7b2aac3c2fc23488646b5d344d6652ccf108f6c29a1adfde3d8b,PREDICTIONS_FROZEN,False
100,TARGET_ASSISTED_LABELLED_TARGET_CALIBRATION,44,330017,1,1050,2341459629699fef83f88e2eb6f6598dfefb85d3ae4bc39e8b59d6fa6f200d06,PREDICTIONS_FROZEN,False
200,TARGET_ASSISTED_LABELLED_TARGET_CALIBRATION,44,330017,1,1050,9987e6072dd6941bbc9524d6f7ea09a14b71e91ad1b2c115fc7488b135a8b5b9,PREDICTIONS_FROZEN,False
500,TARGET_ASSISTED_LABELLED_TARGET_CALIBRATION,44,330017,1,1050,fdfffec6e204e14be2549f8571e779c96d6dc76675827df84caacdc1077ad151,PREDICTIONS_FROZEN,False
7,TARGET_ASSISTED_LABELLED_TARGET_CALIBRATION,44,355031,1,1050,14aead517f6c69d6b5ad46566f42d1dc28021153f018fcb1fd5d3f5f7067875d,PREDICTIONS_FROZEN,False
10,TARGET_ASSISTED_LABELLED_TARGET_CALIBRATION,44,355031,1,1050,cffd5d27931991c7e06b7da6442f50b2de86a620f0a6d2f3500eeece08a9d59b,PREDICTIONS_FROZEN,False
20,TARGET_ASSISTED_LABELLED_TARGET_CALIBRATION,44,355031,1,1050,0e76f49d61c833deb3f8e2daf204149a9070ddc4395e6b3018ca8af987fae798,PREDICTIONS_FROZEN,False
21,TARGET_ASSISTED_LABELLED_TARGET_CALIBRATION,44,355031,1,1050,9c61521af54bcf1b387ec770087aabe6f7aa66ba6964074f53e2a56232fa83a0,PREDICTIONS_FROZEN,False
35,TARGET_ASSISTED_LABELLED_TARGET_CALIBRATION,44,355031,1,1050,597ad9f942143b2b38cd612396fd877e8a59fda79621192d01bfc47e1bca1b47,PREDICTIONS_FROZEN,False
50,TARGET_ASSISTED_LABELLED_TARGET_CALIBRATION,44,355031,1,1050,9b564117fcc2a56a6bda71d7233f0a8d9d652d9ee931bd0c53416fc4c6400841,PREDICTIONS_FROZEN,False
100,TARGET_ASSISTED_LABELLED_TARGET_CALIBRATION,44,355031,1,1050,3a95637aa2ca6a721e498757dc01ff6776a5df108794593ff390be26a0eaa776,PREDICTIONS_FROZEN,False
200,TARGET_ASSISTED_LABELLED_TARGET_CALIBRATION,44,355031,1,1050,cd64919555ae54aa9a0d659832f67714da9a3fa2b6cbbabc4b8e8845aedbb162,PREDICTIONS_FROZEN,False
500,TARGET_ASSISTED_LABELLED_TARGET_CALIBRATION,44,355031,1,1050,25cc71c231108956ac56e6105f86ab5f09ff3a9f5f8666ffa056e86a65360c7c,PREDICTIONS_FROZEN,False
7,TARGET_ASSISTED_LABELLED_TARGET_CALIBRATION,44,380041,1,1050,da550d1c52332d3bdef0e554e10819296db531a3529c16cc0be68bfa0f291eef,PREDICTIONS_FROZEN,False
10,TARGET_ASSISTED_LABELLED_TARGET_CALIBRATION,44,380041,1,1050,877c1823bc5ea571d0835e0b348ec48383a6df0768983dec6048de6c9735475d,PREDICTIONS_FROZEN,False
20,TARGET_ASSISTED_LABELLED_TARGET_CALIBRATION,44,380041,1,1050,e90702bb21639d262b45156dc487f4e8ab199f2fb5d6f7e6518586c10f31cedd,PREDICTIONS_FROZEN,False
21,TARGET_ASSISTED_LABELLED_TARGET_CALIBRATION,44,380041,1,1050,4a3a5d83d882302069e3226a4fe7d2b51cd61eec0b14c226ca1bbc713da4a922,PREDICTIONS_FROZEN,False
35,TARGET_ASSISTED_LABELLED_TARGET_CALIBRATION,44,380041,1,1050,dc934fa620b2f7245e3f612c9217a575283a408e7ce7ab780f816164aca25aa1,PREDICTIONS_FROZEN,False
50,TARGET_ASSISTED_LABELLED_TARGET_CALIBRATION,44,380041,1,1050,919d3b8f22481a542646cfa178ef8ce5534b853d1bba793917350619fdeb61a1,PREDICTIONS_FROZEN,False
100,TARGET_ASSISTED_LABELLED_TARGET_CALIBRATION,44,380041,1,1050,72269e3a4151d063639aab7848f0dcf9dffaeacb0be8246183b50875871a641b,PREDICTIONS_FROZEN,False
200,TARGET_ASSISTED_LABELLED_TARGET_CALIBRATION,44,380041,1,1050,07785f0f7cce5a02b51e4c7a4cd3c0b4671ec0503dab818395c21c4ebfe09ace,PREDICTIONS_FROZEN,False
500,TARGET_ASSISTED_LABELLED_TARGET_CALIBRATION,44,380041,1,1050,aade3ed051f3ae40ee0bc68a7c99253417831f92eb615a76c360749eae73163d,PREDICTIONS_FROZEN,False
7,TARGET_ASSISTED_LABELLED_TARGET_CALIBRATION,44,405019,1,1050,6c397a9716a9761890d487ff11048b899d10ea1ad56d1c8ef8cb9ef0301f009e,PREDICTIONS_FROZEN,False
10,TARGET_ASSISTED_LABELLED_TARGET_CALIBRATION,44,405019,1,1050,2aee6af866f5ccffdbbeea30e3c85248d99a25fc33353ee4cdf7ed8b9475e982,PREDICTIONS_FROZEN,False
20,TARGET_ASSISTED_LABELLED_TARGET_CALIBRATION,44,405019,1,1050,a62239a047e9734e2bf2036a19de5491a5c036e309df3b471a1a112a94c97f5e,PREDICTIONS_FROZEN,False
21,TARGET_ASSISTED_LABELLED_TARGET_CALIBRATION,44,405019,1,1050,621578801636bc1115de85129e5ce042b74b0e7d39182646bfbf5f6640ecb95f,PREDICTIONS_FROZEN,False
35,TARGET_ASSISTED_LABELLED_TARGET_CALIBRATION,44,405019,1,1050,1c7035e9ac7517d4c97fd69f3af19a1045e0ffcc84b0fe9d6a99dd877830fe6f,PREDICTIONS_FROZEN,False
50,TARGET_ASSISTED_LABELLED_TARGET_CALIBRATION,44,405019,1,1050,c375494d4b9f270c4408e230ba2523d0ab63a4c409874bfccd20bb599ec2d3f3,PREDICTIONS_FROZEN,False
100,TARGET_ASSISTED_LABELLED_TARGET_CALIBRATION,44,405019,1,1050,7f08d3374cd7fec5ba774b5ee4a40a98337505606a00b90e298934e941f8b5e7,PREDICTIONS_FROZEN,False
200,TARGET_ASSISTED_LABELLED_TARGET_CALIBRATION,44,405019,1,1050,72b71c16b9f7e8dbde2da0e4d51c7ddaa981c0c490a3d2632c8e1e6d38a9abe4,PREDICTIONS_FROZEN,False
500,TARGET_ASSISTED_LABELLED_TARGET_CALIBRATION,44,405019,1,1050,d4020e31cb2cdc15b19000952e225a3c7916e70e62bea8eeabc321f1555a42c7,PREDICTIONS_FROZEN,False
7,TARGET_ASSISTED_LABELLED_TARGET_CALIBRATION,44,430007,1,1050,0031dda22b2333d2f639facfcaffee7ba7ab53245e7fdd731e0810569e34e583,PREDICTIONS_FROZEN,False
10,TARGET_ASSISTED_LABELLED_TARGET_CALIBRATION,44,430007,1,1050,17fe403f3cee36b8e0ebcca2c60ba8e15b2b9ea28f86c9dc6896171eb9b18894,PREDICTIONS_FROZEN,False
20,TARGET_ASSISTED_LABELLED_TARGET_CALIBRATION,44,430007,1,1050,d2dfb8dd988fbeb98eb85ec2663028d1cbb990174ba352a09808f92315f1225e,PREDICTIONS_FROZEN,False
21,TARGET_ASSISTED_LABELLED_TARGET_CALIBRATION,44,430007,1,1050,0136b761d86ac8bde718a76ae1558cf9b2228a5bb4ed9431b66d1ca83969840e,PREDICTIONS_FROZEN,False
35,TARGET_ASSISTED_LABELLED_TARGET_CALIBRATION,44,430007,1,1050,e4a5051ab715eef0fb2ab5119e9257dd13cb4728078dc3957dbe137c661f5435,PREDICTIONS_FROZEN,False
50,TARGET_ASSISTED_LABELLED_TARGET_CALIBRATION,44,430007,1,1050,a17421e63e609b002bbc155a017120c35b4f302d37096ec53638f9c40c753afa,PREDICTIONS_FROZEN,False
100,TARGET_ASSISTED_LABELLED_TARGET_CALIBRATION,44,430007,1,1050,2e3953ade009d0f724956f6317d9d2a11d24e26279019645637066001db1a1a6,PREDICTIONS_FROZEN,False
200,TARGET_ASSISTED_LABELLED_TARGET_CALIBRATION,44,430007,1,1050,7e9ec1c7e3ad4ea7e37e00c3a077258a54dbdcf8e5467e8ae40c703ce415bfae,PREDICTIONS_FROZEN,False
500,TARGET_ASSISTED_LABELLED_TARGET_CALIBRATION,44,430007,1,1050,e7362f03f3ad76ad0e7e71a087196aa1feff24d26aed161c0824794f0937b326,PREDICTIONS_FROZEN,False
7,TARGET_ASSISTED_LABELLED_TARGET_CALIBRATION,44,455003,1,1050,6c397a9716a9761890d487ff11048b899d10ea1ad56d1c8ef8cb9ef0301f009e,PREDICTIONS_FROZEN,False
10,TARGET_ASSISTED_LABELLED_TARGET_CALIBRATION,44,455003,1,1050,22e709f7faa95de9175f229e39fc0714b561ad7dabfa5d39101f44c9ecc47195,PREDICTIONS_FROZEN,False
20,TARGET_ASSISTED_LABELLED_TARGET_CALIBRATION,44,455003,1,1050,d06ae686b63ce97725ff92ae06c4b2eb10f1e2c6250328410370f3f078f49db2,PREDICTIONS_FROZEN,False
21,TARGET_ASSISTED_LABELLED_TARGET_CALIBRATION,44,455003,1,1050,b01e191b688e61a92b6d6567084623fbf3ba9f81ab4dd74788487fe3bb046591,PREDICTIONS_FROZEN,False
35,TARGET_ASSISTED_LABELLED_TARGET_CALIBRATION,44,455003,1,1050,7df0405bbc3cb9404cc8fc0a67d04eaf5c4ffdbbc6b19202643a73b7129ebf06,PREDICTIONS_FROZEN,False
50,TARGET_ASSISTED_LABELLED_TARGET_CALIBRATION,44,455003,1,1050,e3e53cea3b81d8a920c176a1bc4a2766b36e8574aeb0323bde9baebef4152d53,PREDICTIONS_FROZEN,False
100,TARGET_ASSISTED_LABELLED_TARGET_CALIBRATION,44,455003,1,1050,863618bc96d5190efcf66f80eb7c2bec753c6bb9383b684c296661a0052211d2,PREDICTIONS_FROZEN,False
200,TARGET_ASSISTED_LABELLED_TARGET_CALIBRATION,44,455003,1,1050,68df28216edf66f3b76043f3a1ed1601114a8f740b4ecaaabeb898e6e08ed596,PREDICTIONS_FROZEN,False
500,TARGET_ASSISTED_LABELLED_TARGET_CALIBRATION,44,455003,1,1050,e3a1f15c55b2eb93b73f2b7221bd35c16c8b252b0e568a653f3b1d8ea00a2afd,PREDICTIONS_FROZEN,False
7,TARGET_ASSISTED_LABELLED_TARGET_CALIBRATION,44,480017,1,1050,4afaff9e71d39b40a6d9ec8a1ce1d52a20ecee921d85c70a9fb191d7f0a557b1,PREDICTIONS_FROZEN,False
10,TARGET_ASSISTED_LABELLED_TARGET_CALIBRATION,44,480017,1,1050,fd971e3fc3e8116bb2d2e9ab1484c150b02482afb6a30c8272b542603eaf4967,PREDICTIONS_FROZEN,False
20,TARGET_ASSISTED_LABELLED_TARGET_CALIBRATION,44,480017,1,1050,82769de5ee170afc9d4029281124c1ac16f7de9a177327fbb944f10f82b51639,PREDICTIONS_FROZEN,False
21,TARGET_ASSISTED_LABELLED_TARGET_CALIBRATION,44,480017,1,1050,82769de5ee170afc9d4029281124c1ac16f7de9a177327fbb944f10f82b51639,PREDICTIONS_FROZEN,False
35,TARGET_ASSISTED_LABELLED_TARGET_CALIBRATION,44,480017,1,1050,0ff4272826626b7f1fd9c2c77b0de80d4f4a63e6c6493bd1c92c6df9bca8d0f2,PREDICTIONS_FROZEN,False
50,TARGET_ASSISTED_LABELLED_TARGET_CALIBRATION,44,480017,1,1050,2b7117a056b2021acddde3d0e3874f2b682f6eb03d7b876d1e713c574ddaafdd,PREDICTIONS_FROZEN,False
100,TARGET_ASSISTED_LABELLED_TARGET_CALIBRATION,44,480017,1,1050,6202847bcebdf6cefdfcc8d730f0fc4e5bc1ac674a3c6ddda82afe66d9c2c37c,PREDICTIONS_FROZEN,False
200,TARGET_ASSISTED_LABELLED_TARGET_CALIBRATION,44,480017,1,1050,23d710eb19b3cd0dc9719b3b3c6a53bd6f911532132e41aeea637afa8c9297de,PREDICTIONS_FROZEN,False
500,TARGET_ASSISTED_LABELLED_TARGET_CALIBRATION,44,480017,1,1050,d5f7931d0679daab0140fa1a5dbb907767ddae4f3e21c624b711a05cd65b5e31,PREDICTIONS_FROZEN,False
7,TARGET_ASSISTED_LABELLED_TARGET_CALIBRATION,44,505027,1,1050,18636518e1e65321407be622b93271ef87862c87a80d4c67a8f0cf1c9d894135,PREDICTIONS_FROZEN,False
10,TARGET_ASSISTED_LABELLED_TARGET_CALIBRATION,44,505027,1,1050,7364eb49f8ecf66f4929bc4d87cf16e5d7a2b5eddd5cd93eed8713eb1088a67d,PREDICTIONS_FROZEN,False
20,TARGET_ASSISTED_LABELLED_TARGET_CALIBRATION,44,505027,1,1050,0de5bdb7a6114e9b9b9dba18e1878f8b49bad30a2189d2bbaa5409c39bd0b61c,PREDICTIONS_FROZEN,False
21,TARGET_ASSISTED_LABELLED_TARGET_CALIBRATION,44,505027,1,1050,657a914584de47279ff09a57b9c24df367f4048b829523fc05b2d7a11949c17c,PREDICTIONS_FROZEN,False
35,TARGET_ASSISTED_LABELLED_TARGET_CALIBRATION,44,505027,1,1050,7df0405bbc3cb9404cc8fc0a67d04eaf5c4ffdbbc6b19202643a73b7129ebf06,PREDICTIONS_FROZEN,False
50,TARGET_ASSISTED_LABELLED_TARGET_CALIBRATION,44,505027,1,1050,852c3b4e831e4c0f672f58ad87776fa81673d4303e5d4d40e9650ae94b0d042a,PREDICTIONS_FROZEN,False
100,TARGET_ASSISTED_LABELLED_TARGET_CALIBRATION,44,505027,1,1050,5b3dd5801c4515b88ccff069489176aa3c69f63fdc06aa49e218d5ca6fd85c3c,PREDICTIONS_FROZEN,False
200,TARGET_ASSISTED_LABELLED_TARGET_CALIBRATION,44,505027,1,1050,2c3608179de6933b6a03f10eaefb83a14b9039677d1c3ac7baf92723592774fe,PREDICTIONS_FROZEN,False
500,TARGET_ASSISTED_LABELLED_TARGET_CALIBRATION,44,505027,1,1050,69cb97e8fc82d038cd4c7a36c9c2635b9b077200b628b26f40ea72fe157194e6,PREDICTIONS_FROZEN,False
7,TARGET_ASSISTED_LABELLED_TARGET_CALIBRATION,44,530017,1,1050,78bbd3c64dd2c650b723cbb0cbc8fb0ccdc70291e7bdc5ad20dd4802bff5f71d,PREDICTIONS_FROZEN,False
10,TARGET_ASSISTED_LABELLED_TARGET_CALIBRATION,44,530017,1,1050,a22345d5331ce32f439ab75f250d2330ada2ed38b4b240a9daee1ed152e11810,PREDICTIONS_FROZEN,False
20,TARGET_ASSISTED_LABELLED_TARGET_CALIBRATION,44,530017,1,1050,1e71a38343445d72750e6365b09bb1669c4621733574cb1755ac362a2d0023cc,PREDICTIONS_FROZEN,False
21,TARGET_ASSISTED_LABELLED_TARGET_CALIBRATION,44,530017,1,1050,03f59c9d209024376f29d40d899c394faf1e59f18aca7cd3f7eca227822c1a65,PREDICTIONS_FROZEN,False
35,TARGET_ASSISTED_LABELLED_TARGET_CALIBRATION,44,530017,1,1050,1032cfc8a9aeffafecb58a0b0919561f179ea58d6854115b5e6ed5e653c81c53,PREDICTIONS_FROZEN,False
50,TARGET_ASSISTED_LABELLED_TARGET_CALIBRATION,44,530017,1,1050,b53b86303cbc3b5aada29ceee5bc3e998b1c0e24b299c93bbcb8bec54db17153,PREDICTIONS_FROZEN,False
100,TARGET_ASSISTED_LABELLED_TARGET_CALIBRATION,44,530017,1,1050,05573819ed8618bc3d7bb0cdf7e1389ee3f85db8d24fea473c0feee98e32e846,PREDICTIONS_FROZEN,False
200,TARGET_ASSISTED_LABELLED_TARGET_CALIBRATION,44,530017,1,1050,64562b81230ab24e89f24fe9f116ec6c5dcbc0a3cc5ca198ae6fe16cfb151413,PREDICTIONS_FROZEN,False
500,TARGET_ASSISTED_LABELLED_TARGET_CALIBRATION,44,530017,1,1050,2c8c57ce1e70dcbc78ebbf9496e7e41466de4057abeb0ff6cb247457a6f837d6,PREDICTIONS_FROZEN,False
7,TARGET_ASSISTED_LABELLED_TARGET_CALIBRATION,44,555029,1,1050,16d20f33ea735ca7c64509f896ca703decdb9e3682778c90c52e7bad9f76447c,PREDICTIONS_FROZEN,False
10,TARGET_ASSISTED_LABELLED_TARGET_CALIBRATION,44,555029,1,1050,8dc25633a99f9c551495ebbda709317255e6c94399c8dc112605a655bd87e6a2,PREDICTIONS_FROZEN,False
20,TARGET_ASSISTED_LABELLED_TARGET_CALIBRATION,44,555029,1,1050,379c7ecb78341a6395fc27735df079adcc49ebd2165976f7f8dcc9d38df872f3,PREDICTIONS_FROZEN,False
21,TARGET_ASSISTED_LABELLED_TARGET_CALIBRATION,44,555029,1,1050,9c61521af54bcf1b387ec770087aabe6f7aa66ba6964074f53e2a56232fa83a0,PREDICTIONS_FROZEN,False
35,TARGET_ASSISTED_LABELLED_TARGET_CALIBRATION,44,555029,1,1050,037c6548239ec1cb540bbe7cf7f00fb397ac98853668e3247e50016916ca7053,PREDICTIONS_FROZEN,False
50,TARGET_ASSISTED_LABELLED_TARGET_CALIBRATION,44,555029,1,1050,97b1b6a3690114343d0bfd0163ab9d779fb413ef486af02b64d448f59048485a,PREDICTIONS_FROZEN,False
100,TARGET_ASSISTED_LABELLED_TARGET_CALIBRATION,44,555029,1,1050,b678154281f0eb0d284d9d0626180cbd4ec5234c020885c5c6bf8447bf7da8f7,PREDICTIONS_FROZEN,False
200,TARGET_ASSISTED_LABELLED_TARGET_CALIBRATION,44,555029,1,1050,4d7b248b735a2c720c296d77d71e8035d48527356d364e259133d107841f4ac7,PREDICTIONS_FROZEN,False
500,TARGET_ASSISTED_LABELLED_TARGET_CALIBRATION,44,555029,1,1050,be02bc36789ac7196f8d2b592174434b3917c42cfae3948bf8983cf2c90491c4,PREDICTIONS_FROZEN,False
7,TARGET_ASSISTED_LABELLED_TARGET_CALIBRATION,44,580031,1,1050,91ac620b307e8b4b57dc52ecbf1e6b4b47865ee03f28983ece1bab18184ea89d,PREDICTIONS_FROZEN,False
10,TARGET_ASSISTED_LABELLED_TARGET_CALIBRATION,44,580031,1,1050,de25d868a9c15d8320ef173de53b4b4c0c7373ef77908504b26ab369be6f83a0,PREDICTIONS_FROZEN,False
20,TARGET_ASSISTED_LABELLED_TARGET_CALIBRATION,44,580031,1,1050,6f8feb6e8900e0f4dcf1e355a01ddee18f8917b548d82fa402c15f5dc8bb1498,PREDICTIONS_FROZEN,False
21,TARGET_ASSISTED_LABELLED_TARGET_CALIBRATION,44,580031,1,1050,fcc79ec0859b5135e1fe328fd401b50c913ccadb242ed1743d3028b3c9745d9a,PREDICTIONS_FROZEN,False
35,TARGET_ASSISTED_LABELLED_TARGET_CALIBRATION,44,580031,1,1050,f58eb6f455d353cecaf482830fa10b96a9aff8478a58c6e824d5ed7eb632a818,PREDICTIONS_FROZEN,False
50,TARGET_ASSISTED_LABELLED_TARGET_CALIBRATION,44,580031,1,1050,7ee8398abdafc8703fded5aa0fe3d95ae12aa4c7bce22aabde15ce845e7c71da,PREDICTIONS_FROZEN,False
100,TARGET_ASSISTED_LABELLED_TARGET_CALIBRATION,44,580031,1,1050,8cae044c5baaa12a833aa11ced1d6a2139bce440b56c6cbb825c306a3ac83424,PREDICTIONS_FROZEN,False
200,TARGET_ASSISTED_LABELLED_TARGET_CALIBRATION,44,580031,1,1050,4d7b248b735a2c720c296d77d71e8035d48527356d364e259133d107841f4ac7,PREDICTIONS_FROZEN,False
500,TARGET_ASSISTED_LABELLED_TARGET_CALIBRATION,44,580031,1,1050,be02bc36789ac7196f8d2b592174434b3917c42cfae3948bf8983cf2c90491c4,PREDICTIONS_FROZEN,False
0,STRICT_SOURCE_ONLY_DG,44,,2,1050,d1ac99022853d91139880110cc8ec180bc47ca49adc8d95824ee2d9e65605a19,PREDICTIONS_FROZEN,False
7,TARGET_ASSISTED_LABELLED_TARGET_CALIBRATION,44,104729,2,1050,86640d412c50bb2689be0355e81840d75ff7197789ec064208f00d6ba3f9a405,PREDICTIONS_FROZEN,False
10,TARGET_ASSISTED_LABELLED_TARGET_CALIBRATION,44,104729,2,1050,61c464c4ff4de4b528f4463c866823ae0193e0ba39808b5c7008ee76c244611f,PREDICTIONS_FROZEN,False
20,TARGET_ASSISTED_LABELLED_TARGET_CALIBRATION,44,104729,2,1050,8959884c45435a2c5914427181263496f61308f0bd802876931e9436033529bc,PREDICTIONS_FROZEN,False
21,TARGET_ASSISTED_LABELLED_TARGET_CALIBRATION,44,104729,2,1050,8959884c45435a2c5914427181263496f61308f0bd802876931e9436033529bc,PREDICTIONS_FROZEN,False
35,TARGET_ASSISTED_LABELLED_TARGET_CALIBRATION,44,104729,2,1050,a152e8794d2d3a9820fc7424d2db6ee9fee283b7e51849a5a9af4e38b63d693e,PREDICTIONS_FROZEN,False
50,TARGET_ASSISTED_LABELLED_TARGET_CALIBRATION,44,104729,2,1050,119914ac4db7e536f2eee59b346d470065bd8505ba69427619a66197fa97f8ab,PREDICTIONS_FROZEN,False
100,TARGET_ASSISTED_LABELLED_TARGET_CALIBRATION,44,104729,2,1050,e44fbf90c6749b37b23950eb55d1a3d203603ec33c660ca26fce1d679ae15b50,PREDICTIONS_FROZEN,False
200,TARGET_ASSISTED_LABELLED_TARGET_CALIBRATION,44,104729,2,1050,41422cdfda9cd86c63d7850876f5d1a6aa17ce941ec2efced8e9d28821dacdfa,PREDICTIONS_FROZEN,False
500,TARGET_ASSISTED_LABELLED_TARGET_CALIBRATION,44,104729,2,1050,f0c4f6edc1565f6a1b4673617e1403f5b6ea239d73a6993fd0ed5cb6714a6a38,PREDICTIONS_FROZEN,False
7,TARGET_ASSISTED_LABELLED_TARGET_CALIBRATION,44,130363,2,1050,9491c6fecce7eb20e197d0c5c82895a22619a7dcae3d0e3d96ead0b686b7c2f1,PREDICTIONS_FROZEN,False
10,TARGET_ASSISTED_LABELLED_TARGET_CALIBRATION,44,130363,2,1050,1e4108e2b717a121ab520fb2d4bbf29c20852d1e7ff04e776200f3433391ee2d,PREDICTIONS_FROZEN,False
20,TARGET_ASSISTED_LABELLED_TARGET_CALIBRATION,44,130363,2,1050,92355304e3e0481c78c9d975ee167cd08d0369f3ab9f51f23f8e0cbdf206ab5c,PREDICTIONS_FROZEN,False
21,TARGET_ASSISTED_LABELLED_TARGET_CALIBRATION,44,130363,2,1050,ce7e4c00e182172e6c3aa4ea6189f802d3e44c1f8e1e3641673d53b2e6dae6ea,PREDICTIONS_FROZEN,False
35,TARGET_ASSISTED_LABELLED_TARGET_CALIBRATION,44,130363,2,1050,108ed058d08b92f325e0fb4a777d9b336f44a581ae7108f0ce542c389fa44d78,PREDICTIONS_FROZEN,False
50,TARGET_ASSISTED_LABELLED_TARGET_CALIBRATION,44,130363,2,1050,d5038463eb0c175fa1e73d9b0221d916714f9863f42705483aa3e110d73d1785,PREDICTIONS_FROZEN,False
100,TARGET_ASSISTED_LABELLED_TARGET_CALIBRATION,44,130363,2,1050,293fc6838f40269272a62b3fcd80c9c7833b8db8524fbce6c85ab48d9bfc290d,PREDICTIONS_FROZEN,False
200,TARGET_ASSISTED_LABELLED_TARGET_CALIBRATION,44,130363,2,1050,b64349a9cac7cf5c948638d54ad65a245027d83cfa96c5d57c94bec85e862e77,PREDICTIONS_FROZEN,False
500,TARGET_ASSISTED_LABELLED_TARGET_CALIBRATION,44,130363,2,1050,9683e1769ec069632f2b66c9d249e2645e4bb253b7c6b66dca61083397ffb1c0,PREDICTIONS_FROZEN,False
7,TARGET_ASSISTED_LABELLED_TARGET_CALIBRATION,44,155921,2,1050,8991a3efa73844ae6a9371a9d83d710f79378ec3adace0bdea69e1e608111a80,PREDICTIONS_FROZEN,False
10,TARGET_ASSISTED_LABELLED_TARGET_CALIBRATION,44,155921,2,1050,6f6516092b6aefc4bfc7023f033366cb05f87cc35cd42a680d7f61d35f4cf016,PREDICTIONS_FROZEN,False
20,TARGET_ASSISTED_LABELLED_TARGET_CALIBRATION,44,155921,2,1050,586dc5823e8f9a961a26f4e56ec2ab6fc6994638410e21e2d795d1a9696719f7,PREDICTIONS_FROZEN,False
21,TARGET_ASSISTED_LABELLED_TARGET_CALIBRATION,44,155921,2,1050,0d5374b6293d587b7aecff3996c84825afc409015073ef35cc6c966612dddfca,PREDICTIONS_FROZEN,False
35,TARGET_ASSISTED_LABELLED_TARGET_CALIBRATION,44,155921,2,1050,28153cf5dd7c1a4e558c10f13faa59119c90f0cdfee31521be0c0b20390aae68,PREDICTIONS_FROZEN,False
50,TARGET_ASSISTED_LABELLED_TARGET_CALIBRATION,44,155921,2,1050,4c283de5cbf8660f18ca78eb7c36ca8e64c200b830de9c7cec14a3e7488dfdfa,PREDICTIONS_FROZEN,False
100,TARGET_ASSISTED_LABELLED_TARGET_CALIBRATION,44,155921,2,1050,67bc0aab7d2647087c9306bcfe3fc04a6e57930c3b84ddf2dec31010571a4e37,PREDICTIONS_FROZEN,False
200,TARGET_ASSISTED_LABELLED_TARGET_CALIBRATION,44,155921,2,1050,5e9cd187f19568702d1f8e8a52ee92cf38a622303264c3274f66f345bdf59109,PREDICTIONS_FROZEN,False
500,TARGET_ASSISTED_LABELLED_TARGET_CALIBRATION,44,155921,2,1050,f3443a8057fb256a023f64eaef6edca03abf80fd96ba2f0508d8e307159e71aa,PREDICTIONS_FROZEN,False
7,TARGET_ASSISTED_LABELLED_TARGET_CALIBRATION,44,181081,2,1050,a03b6aec18d6e0494ed2de845ce3bf7a80d54ee0453b23103af0d6cc9b69ad2b,PREDICTIONS_FROZEN,False
10,TARGET_ASSISTED_LABELLED_TARGET_CALIBRATION,44,181081,2,1050,61eedc8ea276507a569e14d572c64f768b784018f690b13f59c321b33f06c992,PREDICTIONS_FROZEN,False
20,TARGET_ASSISTED_LABELLED_TARGET_CALIBRATION,44,181081,2,1050,0dfce432f49302df62607e006ee50f51b84e5a33895b8bfd1138cfd08cd79acd,PREDICTIONS_FROZEN,False
21,TARGET_ASSISTED_LABELLED_TARGET_CALIBRATION,44,181081,2,1050,0dfce432f49302df62607e006ee50f51b84e5a33895b8bfd1138cfd08cd79acd,PREDICTIONS_FROZEN,False
35,TARGET_ASSISTED_LABELLED_TARGET_CALIBRATION,44,181081,2,1050,0791d22f57547bfbd48e0dadddfc94a198c63dfea31cdb1ed25983f9611f368b,PREDICTIONS_FROZEN,False
50,TARGET_ASSISTED_LABELLED_TARGET_CALIBRATION,44,181081,2,1050,8bd89c2f7f0550fe7105fb7b5d6bbda016f93ba51d2850c24dabefd656fa2409,PREDICTIONS_FROZEN,False
100,TARGET_ASSISTED_LABELLED_TARGET_CALIBRATION,44,181081,2,1050,634132354cdff82e04c0bacaaebebd866df99aeee5f1f0cd44a3cb71fd783ded,PREDICTIONS_FROZEN,False
200,TARGET_ASSISTED_LABELLED_TARGET_CALIBRATION,44,181081,2,1050,a58a64e452721483570bc55f46e783b6eb072cd31f159895ceb0094c273cca4a,PREDICTIONS_FROZEN,False
500,TARGET_ASSISTED_LABELLED_TARGET_CALIBRATION,44,181081,2,1050,0e0e9b728c548f123e33fb9c5931b2fe2daaa92f4df50e459e26356df212f455,PREDICTIONS_FROZEN,False
7,TARGET_ASSISTED_LABELLED_TARGET_CALIBRATION,44,205439,2,1050,3f1d448d461cc2ed469711078e8dcefc2f5ff92c29c877938ead00e99fa8619d,PREDICTIONS_FROZEN,False
10,TARGET_ASSISTED_LABELLED_TARGET_CALIBRATION,44,205439,2,1050,2e56247458058d308cca617bcbef17b35539a3bab795cf00eb7893f0d37ac1bf,PREDICTIONS_FROZEN,False
20,TARGET_ASSISTED_LABELLED_TARGET_CALIBRATION,44,205439,2,1050,afb47ab1d00ff947cb5b6de061fe0803a2a7e965b1bfc9a9093b473b57324c5e,PREDICTIONS_FROZEN,False
21,TARGET_ASSISTED_LABELLED_TARGET_CALIBRATION,44,205439,2,1050,da1a0b347b9410e0116e14931cbceb37c57ec62fe80a63f1062f19a249c6b01d,PREDICTIONS_FROZEN,False
35,TARGET_ASSISTED_LABELLED_TARGET_CALIBRATION,44,205439,2,1050,6c59ea1f481ab646d09b1ea3a0c318dd3d63a4decb1c47daf61e98b56905276c,PREDICTIONS_FROZEN,False
50,TARGET_ASSISTED_LABELLED_TARGET_CALIBRATION,44,205439,2,1050,151cb64549360c4722b27923dcbfafd4d283e1df0e2a2356a4b2f999972696ce,PREDICTIONS_FROZEN,False
100,TARGET_ASSISTED_LABELLED_TARGET_CALIBRATION,44,205439,2,1050,4614b31343faf09da790ffd3bc18b94b8de299b9da9711e3a01e8d485c758126,PREDICTIONS_FROZEN,False
200,TARGET_ASSISTED_LABELLED_TARGET_CALIBRATION,44,205439,2,1050,d83cde72050be8560ed7dc27aa72fb7b5d7d69492842948c63aada76ade388f5,PREDICTIONS_FROZEN,False
500,TARGET_ASSISTED_LABELLED_TARGET_CALIBRATION,44,205439,2,1050,05c0a1352a18c8f67c8f3aadbf4ab0aa6813a135b242f379f5ee5b36723b317e,PREDICTIONS_FROZEN,False
7,TARGET_ASSISTED_LABELLED_TARGET_CALIBRATION,44,230003,2,1050,a03b6aec18d6e0494ed2de845ce3bf7a80d54ee0453b23103af0d6cc9b69ad2b,PREDICTIONS_FROZEN,False
10,TARGET_ASSISTED_LABELLED_TARGET_CALIBRATION,44,230003,2,1050,d889f9e7196683b723de9202177ae7f34b23de3659d7b9d4f44c65985669e17d,PREDICTIONS_FROZEN,False
20,TARGET_ASSISTED_LABELLED_TARGET_CALIBRATION,44,230003,2,1050,6ecb3d6f37454f8bac67c4553c282e58537af9c4fd28f03e4e1fd874bfa9345f,PREDICTIONS_FROZEN,False
21,TARGET_ASSISTED_LABELLED_TARGET_CALIBRATION,44,230003,2,1050,36c5fd474b3adb678df307ac48fa8a289f465554633d9cb4f980986fce125a51,PREDICTIONS_FROZEN,False
35,TARGET_ASSISTED_LABELLED_TARGET_CALIBRATION,44,230003,2,1050,593f38f27fa5b3589adc947bb6ae9e5425012266b5133de5819af63d052c904d,PREDICTIONS_FROZEN,False
50,TARGET_ASSISTED_LABELLED_TARGET_CALIBRATION,44,230003,2,1050,e22100f520a0ad0a43a47bc549069cd6e12ea2c707a52b65634a2ea7aef9e8ac,PREDICTIONS_FROZEN,False
100,TARGET_ASSISTED_LABELLED_TARGET_CALIBRATION,44,230003,2,1050,a38450ee7a6c8dcb91e8fa3b886bc347953782d15b899f90b2d6848a7b6102b8,PREDICTIONS_FROZEN,False
200,TARGET_ASSISTED_LABELLED_TARGET_CALIBRATION,44,230003,2,1050,36adc2eee97487051ad58a5cdaf1d5903d757143b55172183c74dc3ba59bcda7,PREDICTIONS_FROZEN,False
500,TARGET_ASSISTED_LABELLED_TARGET_CALIBRATION,44,230003,2,1050,bad179061b8d5d08ef5bea0b13a58fb6495e6a0f9630d8686a8d498acdc30505,PREDICTIONS_FROZEN,False
7,TARGET_ASSISTED_LABELLED_TARGET_CALIBRATION,44,254959,2,1050,3df6de51546d6b2125298975d4d7915ee5dbe58a71f7f75a4b557d590e93e780,PREDICTIONS_FROZEN,False
10,TARGET_ASSISTED_LABELLED_TARGET_CALIBRATION,44,254959,2,1050,f3e346e2be70465ffe9b9528749e26b0c594f85cb4ea415e672680662ae7f58e,PREDICTIONS_FROZEN,False
20,TARGET_ASSISTED_LABELLED_TARGET_CALIBRATION,44,254959,2,1050,d680c51d32e77199a61c9f9f733e4baf9094e1fd63e1ce559f23aa888cb7d667,PREDICTIONS_FROZEN,False
21,TARGET_ASSISTED_LABELLED_TARGET_CALIBRATION,44,254959,2,1050,478c3008788437506c23696f61aeed0835357a2bcc8d70170760e82115e3b77e,PREDICTIONS_FROZEN,False
35,TARGET_ASSISTED_LABELLED_TARGET_CALIBRATION,44,254959,2,1050,93c7bf9c6703ce763109bd26150f7115e065a8723b825f0e9a697be98ee1f902,PREDICTIONS_FROZEN,False
50,TARGET_ASSISTED_LABELLED_TARGET_CALIBRATION,44,254959,2,1050,ca7c130c746f4d07a824062106fec9943e78ae08e27983309b22a139c4c4170c,PREDICTIONS_FROZEN,False
100,TARGET_ASSISTED_LABELLED_TARGET_CALIBRATION,44,254959,2,1050,20e951e841319b06540db52fc76059e72ad50eb774c8da2015b8897b45118a0f,PREDICTIONS_FROZEN,False
200,TARGET_ASSISTED_LABELLED_TARGET_CALIBRATION,44,254959,2,1050,9ff3038a68b3cce62496eb6e8864591642ddca2e998f9c0a4e89168445648ee2,PREDICTIONS_FROZEN,False
500,TARGET_ASSISTED_LABELLED_TARGET_CALIBRATION,44,254959,2,1050,4a5091fbc6d483bfd54162f4380af949a81c56580b256a1b7235e994363d6d49,PREDICTIONS_FROZEN,False
7,TARGET_ASSISTED_LABELLED_TARGET_CALIBRATION,44,280001,2,1050,a03b6aec18d6e0494ed2de845ce3bf7a80d54ee0453b23103af0d6cc9b69ad2b,PREDICTIONS_FROZEN,False
10,TARGET_ASSISTED_LABELLED_TARGET_CALIBRATION,44,280001,2,1050,c6247480f2b4ae56d8d2cc0fbd5932bd970abf0ebd8bb11d0b8cd0f5c499129c,PREDICTIONS_FROZEN,False
20,TARGET_ASSISTED_LABELLED_TARGET_CALIBRATION,44,280001,2,1050,afa2d0a05a17ada6b87862daf6d8a3f7ce44d794e8dc2a84d6201a6377aeabb7,PREDICTIONS_FROZEN,False
21,TARGET_ASSISTED_LABELLED_TARGET_CALIBRATION,44,280001,2,1050,61621fd95da4a24f4b3c59aa1a9960b3d4eed04e58609afd7e75f5b8c64481f6,PREDICTIONS_FROZEN,False
35,TARGET_ASSISTED_LABELLED_TARGET_CALIBRATION,44,280001,2,1050,28da1dcdd3013b27afb9e5a6bc1a171c64346804900db20d554bf9492fc88e32,PREDICTIONS_FROZEN,False
50,TARGET_ASSISTED_LABELLED_TARGET_CALIBRATION,44,280001,2,1050,fb61cc2aed39a5e7dff79a005a1953eda72bff6a0fc3787b3906cbd9daaa4668,PREDICTIONS_FROZEN,False
100,TARGET_ASSISTED_LABELLED_TARGET_CALIBRATION,44,280001,2,1050,83fc0f62f6ebd775292c111d4073e3871815ac8ac0aa7c9c896cbf5ba5e66cf3,PREDICTIONS_FROZEN,False
200,TARGET_ASSISTED_LABELLED_TARGET_CALIBRATION,44,280001,2,1050,417dd0b05733fc7e8a36f088ad704346f83f02df7ec4ebe09771e507bc1b4154,PREDICTIONS_FROZEN,False
500,TARGET_ASSISTED_LABELLED_TARGET_CALIBRATION,44,280001,2,1050,2c8b381cf1b2209fbea2c76c6ab3d483c07c19d67d745d12e24c10ecc89121d1,PREDICTIONS_FROZEN,False
7,TARGET_ASSISTED_LABELLED_TARGET_CALIBRATION,44,305093,2,1050,693a367a5cea4b828f633a8d07d457e97beb277f1a9b0484993439ccfe7304b7,PREDICTIONS_FROZEN,False
10,TARGET_ASSISTED_LABELLED_TARGET_CALIBRATION,44,305093,2,1050,dd4ddeaa8c1d53c6d7fb1d3421eda7e87db6798919f25b1ada07215cdf2d4e85,PREDICTIONS_FROZEN,False
20,TARGET_ASSISTED_LABELLED_TARGET_CALIBRATION,44,305093,2,1050,17c382b1e52acbdb3414ecd32a0131c7b70153454711007b6c80bd39b77b282c,PREDICTIONS_FROZEN,False
21,TARGET_ASSISTED_LABELLED_TARGET_CALIBRATION,44,305093,2,1050,4bd19759d5fa2ea57835afb41858f20ed3b425f28a1a3e42a116dd68234131e1,PREDICTIONS_FROZEN,False
35,TARGET_ASSISTED_LABELLED_TARGET_CALIBRATION,44,305093,2,1050,9a31ab628f9527a32a7084338701057588652624530bc2aaea7737bed833838d,PREDICTIONS_FROZEN,False
50,TARGET_ASSISTED_LABELLED_TARGET_CALIBRATION,44,305093,2,1050,e33e436a7470a8a22e7e08f7599250c7b3fae524c93e6a959b028b0ec9043df8,PREDICTIONS_FROZEN,False
100,TARGET_ASSISTED_LABELLED_TARGET_CALIBRATION,44,305093,2,1050,4c3809c5bf22b98c526ad64b4ec669ef59e5e6f3b96b2ef2ab3ff99ad54e86ef,PREDICTIONS_FROZEN,False
200,TARGET_ASSISTED_LABELLED_TARGET_CALIBRATION,44,305093,2,1050,0471887f44bea8450d9d51285807b95ed8e7a6c3c09599748af6751199c4e249,PREDICTIONS_FROZEN,False
500,TARGET_ASSISTED_LABELLED_TARGET_CALIBRATION,44,305093,2,1050,a6c96757c8d45f1b789eb85e4d6236b516b10436372ced828e857dfaeb5efa3f,PREDICTIONS_FROZEN,False
7,TARGET_ASSISTED_LABELLED_TARGET_CALIBRATION,44,330017,2,1050,6bfeec43f79bbc71c7af79db8939adc1267376b2f9cc00482116a04da5f01335,PREDICTIONS_FROZEN,False
10,TARGET_ASSISTED_LABELLED_TARGET_CALIBRATION,44,330017,2,1050,3f4e2bc9443c4fc68dae7383a664112dd1056c1858581f660d283ce64bb9e0aa,PREDICTIONS_FROZEN,False
20,TARGET_ASSISTED_LABELLED_TARGET_CALIBRATION,44,330017,2,1050,e5ebc0accfba4a445059b0f706133ec2cc513cbde4892a9c8ee8f6574162e097,PREDICTIONS_FROZEN,False
21,TARGET_ASSISTED_LABELLED_TARGET_CALIBRATION,44,330017,2,1050,d4b6e4883ef1746f9cdc74368cc103205683af62d8d660a138430c94bdc2fb13,PREDICTIONS_FROZEN,False
35,TARGET_ASSISTED_LABELLED_TARGET_CALIBRATION,44,330017,2,1050,73f738e526eb04507feb7e3e73662dea231e0a10081434693452ccb52f95b7a8,PREDICTIONS_FROZEN,False
50,TARGET_ASSISTED_LABELLED_TARGET_CALIBRATION,44,330017,2,1050,604d4e454340e36177d5c1f61f6a14fb06c9ca5709bd044e88850de15a69ba4d,PREDICTIONS_FROZEN,False
100,TARGET_ASSISTED_LABELLED_TARGET_CALIBRATION,44,330017,2,1050,76154e21f9c1801dbbccd2f06363ae18308b0cff130e313a444a964d9527b9d1,PREDICTIONS_FROZEN,False
200,TARGET_ASSISTED_LABELLED_TARGET_CALIBRATION,44,330017,2,1050,f3294d1cef760ba206d0aaf6c8ce285285fa9e8f6f419da96d02895d1b157306,PREDICTIONS_FROZEN,False
500,TARGET_ASSISTED_LABELLED_TARGET_CALIBRATION,44,330017,2,1050,4f49ec7c8b4eaae71736262b6d922242831ae6bab7805ef07086d1796921efe6,PREDICTIONS_FROZEN,False
7,TARGET_ASSISTED_LABELLED_TARGET_CALIBRATION,44,355031,2,1050,c74cc452b4eac1186f325d9c34e8dce682d3324726057ce468adc0e34474f95a,PREDICTIONS_FROZEN,False
10,TARGET_ASSISTED_LABELLED_TARGET_CALIBRATION,44,355031,2,1050,136a523696668d64f01b1791333c6a2d6f8328d5c51660fc90833113999624a2,PREDICTIONS_FROZEN,False
20,TARGET_ASSISTED_LABELLED_TARGET_CALIBRATION,44,355031,2,1050,66a43471176c5bf81541ca613d15c7bcd9fbc896065db414dd415dcb916da1f1,PREDICTIONS_FROZEN,False
21,TARGET_ASSISTED_LABELLED_TARGET_CALIBRATION,44,355031,2,1050,2c48ca2e1c54a8d4cc54d0d58767ef32e6a41d321d5d4825f7a0b445a8224b26,PREDICTIONS_FROZEN,False
35,TARGET_ASSISTED_LABELLED_TARGET_CALIBRATION,44,355031,2,1050,f5d8a26284be3aa4acc1aa82243695aa4fa79cc3f1cede57c9c2624476eba9f5,PREDICTIONS_FROZEN,False
50,TARGET_ASSISTED_LABELLED_TARGET_CALIBRATION,44,355031,2,1050,ec895753613fe3a394fc7eb9e0e89cbd4548cc2c52b3fe0f5819ae506ee50360,PREDICTIONS_FROZEN,False
100,TARGET_ASSISTED_LABELLED_TARGET_CALIBRATION,44,355031,2,1050,d94c6ab91d29c7213d7b6edd71da666c7e6e22632b5d60b960b898cf33a86077,PREDICTIONS_FROZEN,False
200,TARGET_ASSISTED_LABELLED_TARGET_CALIBRATION,44,355031,2,1050,d146e56998d677abd0becf01aa2e481025266d3b3299942fcc254ca71d2a52a9,PREDICTIONS_FROZEN,False
500,TARGET_ASSISTED_LABELLED_TARGET_CALIBRATION,44,355031,2,1050,9b92d265a87f33fba5bda2a96b319f75df39f522ce13eadf8bd4341fcdabc8e6,PREDICTIONS_FROZEN,False
7,TARGET_ASSISTED_LABELLED_TARGET_CALIBRATION,44,380041,2,1050,3f1aacf5d9aaf9f7b9fff0a559a489a219d79ed7bfab187afe26ee69b31d2b9e,PREDICTIONS_FROZEN,False
10,TARGET_ASSISTED_LABELLED_TARGET_CALIBRATION,44,380041,2,1050,a65796c919b8fefa2f143fc5d50435312bb04194dccc1671feceb721ccf30ffd,PREDICTIONS_FROZEN,False
20,TARGET_ASSISTED_LABELLED_TARGET_CALIBRATION,44,380041,2,1050,33a963097c47aaae8c9405fe3f34d58040c80eb6405cc6ec4c31cf6213d95164,PREDICTIONS_FROZEN,False
21,TARGET_ASSISTED_LABELLED_TARGET_CALIBRATION,44,380041,2,1050,8ac350eb6a7e918346f6394f48e5601f86e31a82fd68306e07e59b72fb406b7d,PREDICTIONS_FROZEN,False
35,TARGET_ASSISTED_LABELLED_TARGET_CALIBRATION,44,380041,2,1050,c7ca881138d3bd2e08a7e9300524126cea7cf38fca42b8f7bdd94da3161b94ad,PREDICTIONS_FROZEN,False
50,TARGET_ASSISTED_LABELLED_TARGET_CALIBRATION,44,380041,2,1050,c351392c1d148e7d3c740adc6b10a28f5fcd7959f7cd206151654911cc492776,PREDICTIONS_FROZEN,False
100,TARGET_ASSISTED_LABELLED_TARGET_CALIBRATION,44,380041,2,1050,d7893dc2600268fdc520dcc9697f7a9f0d6c968291405403a23dfd208aa0608b,PREDICTIONS_FROZEN,False
200,TARGET_ASSISTED_LABELLED_TARGET_CALIBRATION,44,380041,2,1050,65dce27bb8cae6ec66b389b1d8713065963b32e720bab4f0e7a250064f010c20,PREDICTIONS_FROZEN,False
500,TARGET_ASSISTED_LABELLED_TARGET_CALIBRATION,44,380041,2,1050,8348c257bbba364e40bdb1a5537f752ab5561d0e04e3c8feedce4bdacd2fc85f,PREDICTIONS_FROZEN,False
7,TARGET_ASSISTED_LABELLED_TARGET_CALIBRATION,44,405019,2,1050,2c3b6e73114e6491d3c3f85d49b1eea93d3fe402f09ee5cb0bcbe19c35f31769,PREDICTIONS_FROZEN,False
10,TARGET_ASSISTED_LABELLED_TARGET_CALIBRATION,44,405019,2,1050,00b569fa52b2724cebd01d74366153b06ded15c9332ff9733bd9d1b5a3574d6d,PREDICTIONS_FROZEN,False
20,TARGET_ASSISTED_LABELLED_TARGET_CALIBRATION,44,405019,2,1050,d90086012785d726044eb18d71147edad94951c0b6fe2cac313b297313bc58aa,PREDICTIONS_FROZEN,False
21,TARGET_ASSISTED_LABELLED_TARGET_CALIBRATION,44,405019,2,1050,941fdaa31c3aa5c99747d8058403da046987e72f73415a4d17cf60b16b487c90,PREDICTIONS_FROZEN,False
35,TARGET_ASSISTED_LABELLED_TARGET_CALIBRATION,44,405019,2,1050,4fc3c44a4701348f2e9facc3c68e60aaaaf35f7751b931d8c8f4e4c2d97532c1,PREDICTIONS_FROZEN,False
50,TARGET_ASSISTED_LABELLED_TARGET_CALIBRATION,44,405019,2,1050,648f12ed738588ed231be7b96d812d6b9fae42f3d9ff871076f35117c298d9b0,PREDICTIONS_FROZEN,False
100,TARGET_ASSISTED_LABELLED_TARGET_CALIBRATION,44,405019,2,1050,0047d8ff76db0cb26c1320258a6c4c9ddd92ef9b572418547e039df2f5bdb2f3,PREDICTIONS_FROZEN,False
200,TARGET_ASSISTED_LABELLED_TARGET_CALIBRATION,44,405019,2,1050,3557a680196337364a25e517f499a25d7c33db5d6493dde5725a94a3cb4b7d9b,PREDICTIONS_FROZEN,False
500,TARGET_ASSISTED_LABELLED_TARGET_CALIBRATION,44,405019,2,1050,5b28547192460d97ec77d01635ca83ca2193f0d0da2aa4545fcddd937d2bd29e,PREDICTIONS_FROZEN,False
7,TARGET_ASSISTED_LABELLED_TARGET_CALIBRATION,44,430007,2,1050,02453b1842d7a09f2e69e46a846a8f46440f360fac49c68e24cece16844f302f,PREDICTIONS_FROZEN,False
10,TARGET_ASSISTED_LABELLED_TARGET_CALIBRATION,44,430007,2,1050,c5f35a25cc4bb3ea32ebef77f6dbd492784d801790c8dcfc1193633569322a99,PREDICTIONS_FROZEN,False
20,TARGET_ASSISTED_LABELLED_TARGET_CALIBRATION,44,430007,2,1050,7d6ccceeefa63eee33f89c345168c0e90f82f34af2f62366a25855d44ab1da01,PREDICTIONS_FROZEN,False
21,TARGET_ASSISTED_LABELLED_TARGET_CALIBRATION,44,430007,2,1050,5e73c945e0e4aa54cda042e18e7228c0ffcaf1eff809049d70e895ac9fb0dfc3,PREDICTIONS_FROZEN,False
35,TARGET_ASSISTED_LABELLED_TARGET_CALIBRATION,44,430007,2,1050,dedd044b87319044b31719e19bf2e1ca0322c49fccb6a88c98a0603e425caa1e,PREDICTIONS_FROZEN,False
50,TARGET_ASSISTED_LABELLED_TARGET_CALIBRATION,44,430007,2,1050,09f05a9e661e4fb42046adaf2754f634aca6c7406b4fcbee5f7d94bc550a254f,PREDICTIONS_FROZEN,False
100,TARGET_ASSISTED_LABELLED_TARGET_CALIBRATION,44,430007,2,1050,837f9e304780e22b4dd6686ee35c3f176233d5168383dd8af75bc2394c52cabb,PREDICTIONS_FROZEN,False
200,TARGET_ASSISTED_LABELLED_TARGET_CALIBRATION,44,430007,2,1050,b65d48c0eccf52d9c208f40a3fe2ade3ba0f8339b6b04b5376ca9f0330957311,PREDICTIONS_FROZEN,False
500,TARGET_ASSISTED_LABELLED_TARGET_CALIBRATION,44,430007,2,1050,a32925d4c39dd168371dfd6bbf88fce96abc5a34ad92b1e46dfaf18ae8cfb01a,PREDICTIONS_FROZEN,False
7,TARGET_ASSISTED_LABELLED_TARGET_CALIBRATION,44,455003,2,1050,24ff3cd05673072a14cb024701e104d5059e8472a14dd4a39850ad98c1594048,PREDICTIONS_FROZEN,False
10,TARGET_ASSISTED_LABELLED_TARGET_CALIBRATION,44,455003,2,1050,74421abd90cf73ee5694771815b1b380bedaa8f0163370bf2ee1c4169802f530,PREDICTIONS_FROZEN,False
20,TARGET_ASSISTED_LABELLED_TARGET_CALIBRATION,44,455003,2,1050,4750eee22aee3c7ad199b8b20535c69e85d2a8d05097136084bd5ce526f094f0,PREDICTIONS_FROZEN,False
21,TARGET_ASSISTED_LABELLED_TARGET_CALIBRATION,44,455003,2,1050,4750eee22aee3c7ad199b8b20535c69e85d2a8d05097136084bd5ce526f094f0,PREDICTIONS_FROZEN,False
35,TARGET_ASSISTED_LABELLED_TARGET_CALIBRATION,44,455003,2,1050,804831ca8a74b27848dfc21834ba948593dbdc8a3df21af075c7e8aae10bae8b,PREDICTIONS_FROZEN,False
50,TARGET_ASSISTED_LABELLED_TARGET_CALIBRATION,44,455003,2,1050,f6e7e0b75f1047e6c4b73491489db8fb2df95387139ec466ae160f50784ade4f,PREDICTIONS_FROZEN,False
100,TARGET_ASSISTED_LABELLED_TARGET_CALIBRATION,44,455003,2,1050,f8ccfbda4e4a38355244d296c161fcfd9422e6adfee8336880791930f5052304,PREDICTIONS_FROZEN,False
200,TARGET_ASSISTED_LABELLED_TARGET_CALIBRATION,44,455003,2,1050,4f856dccee614ad4a8c934496d552a22bac8e47397ade92dd28180be05684423,PREDICTIONS_FROZEN,False
500,TARGET_ASSISTED_LABELLED_TARGET_CALIBRATION,44,455003,2,1050,2d50ea1a4bd85af66fad223d538516965e434a76e94bb2d51e9d3b872569b307,PREDICTIONS_FROZEN,False
7,TARGET_ASSISTED_LABELLED_TARGET_CALIBRATION,44,480017,2,1050,24ff3cd05673072a14cb024701e104d5059e8472a14dd4a39850ad98c1594048,PREDICTIONS_FROZEN,False
10,TARGET_ASSISTED_LABELLED_TARGET_CALIBRATION,44,480017,2,1050,674430ed7f59bc0f459864970e0b9b5df8810339cadfa65b18986e52f02294ba,PREDICTIONS_FROZEN,False
20,TARGET_ASSISTED_LABELLED_TARGET_CALIBRATION,44,480017,2,1050,05996cf2edc30cba41898c5812a435f058f1246fc3167432ea7667daf891019b,PREDICTIONS_FROZEN,False
21,TARGET_ASSISTED_LABELLED_TARGET_CALIBRATION,44,480017,2,1050,7252b2f215ab22387add64434e8f2294bd37cdf316fcbf949be221cf4fbf65ee,PREDICTIONS_FROZEN,False
35,TARGET_ASSISTED_LABELLED_TARGET_CALIBRATION,44,480017,2,1050,65203f9c14ab9a26e7bc4da19ad65139a2457655b7d4d068776a48d4a9c675c4,PREDICTIONS_FROZEN,False
50,TARGET_ASSISTED_LABELLED_TARGET_CALIBRATION,44,480017,2,1050,3d6b6012b21ef58e4b592ae6953f07ce6b39feab0293bd03dac59aba77267016,PREDICTIONS_FROZEN,False
100,TARGET_ASSISTED_LABELLED_TARGET_CALIBRATION,44,480017,2,1050,32b41917d0a3a962a0c034373dc22b474a3ac7071684ab2b113250e0f2903a17,PREDICTIONS_FROZEN,False
200,TARGET_ASSISTED_LABELLED_TARGET_CALIBRATION,44,480017,2,1050,8541f67adae1426d20efd9e622795c8616b88f28e55351ee9f1523e1abb7ee47,PREDICTIONS_FROZEN,False
500,TARGET_ASSISTED_LABELLED_TARGET_CALIBRATION,44,480017,2,1050,6b8219dd7083296f2f1290e1a5023a9a80ee658bc76e18fe491fd44342c257d7,PREDICTIONS_FROZEN,False
7,TARGET_ASSISTED_LABELLED_TARGET_CALIBRATION,44,505027,2,1050,24ff3cd05673072a14cb024701e104d5059e8472a14dd4a39850ad98c1594048,PREDICTIONS_FROZEN,False
10,TARGET_ASSISTED_LABELLED_TARGET_CALIBRATION,44,505027,2,1050,a3987b302672800017747787b3ebbd8c58f5d7a1d9ece95bf6d2f8fa84394c46,PREDICTIONS_FROZEN,False
20,TARGET_ASSISTED_LABELLED_TARGET_CALIBRATION,44,505027,2,1050,64f5748091901010bea309286665884a28adf0cf4c2f2f10d9cda07e54b45af3,PREDICTIONS_FROZEN,False
21,TARGET_ASSISTED_LABELLED_TARGET_CALIBRATION,44,505027,2,1050,ddea2e03d8617d9026ff4319ab47fa7c8a5247ac95c948f9293e030f2631f9fc,PREDICTIONS_FROZEN,False
35,TARGET_ASSISTED_LABELLED_TARGET_CALIBRATION,44,505027,2,1050,afb304d5d86787f2adeadc59d37fc389e3e750fd71286f86c10a8dacd93a6782,PREDICTIONS_FROZEN,False
50,TARGET_ASSISTED_LABELLED_TARGET_CALIBRATION,44,505027,2,1050,9e6b98ceec9ff4fa678310e4a00df0cfbc7690333256018495dfd4d7f5fb1cf1,PREDICTIONS_FROZEN,False
100,TARGET_ASSISTED_LABELLED_TARGET_CALIBRATION,44,505027,2,1050,01ae95ae76c8b9bd2bdbb8ae4496ee811277476faba080d2e7fea9cc6e92e3bd,PREDICTIONS_FROZEN,False
200,TARGET_ASSISTED_LABELLED_TARGET_CALIBRATION,44,505027,2,1050,85ef1f10cd11027334c5a5cb235475fa33b68c10d469fe063b88d9813fa4b5dc,PREDICTIONS_FROZEN,False
500,TARGET_ASSISTED_LABELLED_TARGET_CALIBRATION,44,505027,2,1050,b56d3c1fc3c01452914dd743a0e77c0b5e8b1375222fc0ac28b2429d7ba33215,PREDICTIONS_FROZEN,False
7,TARGET_ASSISTED_LABELLED_TARGET_CALIBRATION,44,530017,2,1050,548e1d1c97029457b5119f06695c928a0b89a55d392e7e21dd0fee62e4e1596d,PREDICTIONS_FROZEN,False
10,TARGET_ASSISTED_LABELLED_TARGET_CALIBRATION,44,530017,2,1050,beceb26572838cd72fe6d55e90af4f10ce19c54903e8709b14f2bc6f58e88ca7,PREDICTIONS_FROZEN,False
20,TARGET_ASSISTED_LABELLED_TARGET_CALIBRATION,44,530017,2,1050,507fabd241e81bccae37664f078481918fd1dca5dcb24cb9b502848291b3ca7a,PREDICTIONS_FROZEN,False
21,TARGET_ASSISTED_LABELLED_TARGET_CALIBRATION,44,530017,2,1050,75cb36a79282ea19b36812494a173882820c90379dbd1fef3aa6581fc6584353,PREDICTIONS_FROZEN,False
35,TARGET_ASSISTED_LABELLED_TARGET_CALIBRATION,44,530017,2,1050,76c71e726041c656c79d73d74ac17f043b3ca1948329b38bf60cb154e35e9e5d,PREDICTIONS_FROZEN,False
50,TARGET_ASSISTED_LABELLED_TARGET_CALIBRATION,44,530017,2,1050,3f5f765d60a1276c77cd2d9851bdd22de6e40c660410b1f5f37025c8d4fedcc7,PREDICTIONS_FROZEN,False
100,TARGET_ASSISTED_LABELLED_TARGET_CALIBRATION,44,530017,2,1050,f95fa6b548cddc9f2925b0df9e3d9eca1e1c4346e617c8ba7d9d9b460a5e0aea,PREDICTIONS_FROZEN,False
200,TARGET_ASSISTED_LABELLED_TARGET_CALIBRATION,44,530017,2,1050,0583e5bc93ceda85ddd231145bfa0b7e2353fd34c81a88583a417d61394b920a,PREDICTIONS_FROZEN,False
500,TARGET_ASSISTED_LABELLED_TARGET_CALIBRATION,44,530017,2,1050,79fca846fd8d123a0a1304061c1e08ecfee900ea77d629e3f4cee5599e91b4c4,PREDICTIONS_FROZEN,False
7,TARGET_ASSISTED_LABELLED_TARGET_CALIBRATION,44,555029,2,1050,560265206233f8d95379ef5a53c7021aca59b1dc45762e8b947e97bdb49acc7f,PREDICTIONS_FROZEN,False
10,TARGET_ASSISTED_LABELLED_TARGET_CALIBRATION,44,555029,2,1050,8f27019049a855579a9903c419dd2d78712e26edf7d3ba26bac23e82feaa62a0,PREDICTIONS_FROZEN,False
20,TARGET_ASSISTED_LABELLED_TARGET_CALIBRATION,44,555029,2,1050,f18b8b4803e4c4cf27a3285ad7fe9d6dcd6702408ed6cd5cc3f54d28d30dc073,PREDICTIONS_FROZEN,False
21,TARGET_ASSISTED_LABELLED_TARGET_CALIBRATION,44,555029,2,1050,4bd19759d5fa2ea57835afb41858f20ed3b425f28a1a3e42a116dd68234131e1,PREDICTIONS_FROZEN,False
35,TARGET_ASSISTED_LABELLED_TARGET_CALIBRATION,44,555029,2,1050,1406241104a420667a8a1b21f42161aaf0079d96e2fbeddae53e53128a741f88,PREDICTIONS_FROZEN,False
50,TARGET_ASSISTED_LABELLED_TARGET_CALIBRATION,44,555029,2,1050,eab976e4e9cdcad0c2ed69ebe878bd1ebe7361d3c422781d5ce15879c89d730a,PREDICTIONS_FROZEN,False
100,TARGET_ASSISTED_LABELLED_TARGET_CALIBRATION,44,555029,2,1050,64525ccface26d50b1a216eed7afe9844cb0539f7ec6c3c13ca8a11633aace33,PREDICTIONS_FROZEN,False
200,TARGET_ASSISTED_LABELLED_TARGET_CALIBRATION,44,555029,2,1050,cae35254a98a621edd7fe44f7f4f8a8ba72d19e9476141d952b708b4cf31727e,PREDICTIONS_FROZEN,False
500,TARGET_ASSISTED_LABELLED_TARGET_CALIBRATION,44,555029,2,1050,a2c10811c5a54e8340e2adb4d511a8a1f6eab0a7a2eeab2b988c741cfcb77a1e,PREDICTIONS_FROZEN,False
7,TARGET_ASSISTED_LABELLED_TARGET_CALIBRATION,44,580031,2,1050,5a33f0661729fb2e9ea7855c7f848ad398caaecd11a957ec4ec330ee422f933b,PREDICTIONS_FROZEN,False
10,TARGET_ASSISTED_LABELLED_TARGET_CALIBRATION,44,580031,2,1050,8460a4b3770111258d1b14df69376e9d6af5eac945ea30144d9e8fde5ae8a076,PREDICTIONS_FROZEN,False
20,TARGET_ASSISTED_LABELLED_TARGET_CALIBRATION,44,580031,2,1050,fb0d620b095f1c99f38835ec5ded10aeb4c0d08765a2e9b30cc4d895f77e9a18,PREDICTIONS_FROZEN,False
21,TARGET_ASSISTED_LABELLED_TARGET_CALIBRATION,44,580031,2,1050,ac356d59aa7766530ec6fa0f921fadef4cb974f683af01c1196908b005fe4850,PREDICTIONS_FROZEN,False
35,TARGET_ASSISTED_LABELLED_TARGET_CALIBRATION,44,580031,2,1050,49b1fc8e470fe9247d74b8d3d037813b6200c018c911ba2e9de43cb9cf62e369,PREDICTIONS_FROZEN,False
50,TARGET_ASSISTED_LABELLED_TARGET_CALIBRATION,44,580031,2,1050,c568621fabc022be8b6ba1106ec4dffc3ff7d64ab6b8ea98a5a2d4013b17a156,PREDICTIONS_FROZEN,False
100,TARGET_ASSISTED_LABELLED_TARGET_CALIBRATION,44,580031,2,1050,cc27259833eec14eb635cf131da504d7de7b26987ff6c0b494125ab1d4369422,PREDICTIONS_FROZEN,False
200,TARGET_ASSISTED_LABELLED_TARGET_CALIBRATION,44,580031,2,1050,91e607caf71be4ebb2915c8eae9347118ef10600d55f941f1165458460783b62,PREDICTIONS_FROZEN,False
500,TARGET_ASSISTED_LABELLED_TARGET_CALIBRATION,44,580031,2,1050,470db20fd9d9493a1dd9e29bf751127e4f7401193111e954780d83d817999316,PREDICTIONS_FROZEN,False
0,STRICT_SOURCE_ONLY_DG,45,,0,1050,50819e23da403e4834d5fb92a7c7262f887fbd29d0d8747674a27960e4ab6de7,PREDICTIONS_FROZEN,False
7,TARGET_ASSISTED_LABELLED_TARGET_CALIBRATION,45,104729,0,1050,11e245e84a502db24268cec5bacdac7426bcdf246d0d8e20636b11823691c380,PREDICTIONS_FROZEN,False
10,TARGET_ASSISTED_LABELLED_TARGET_CALIBRATION,45,104729,0,1050,74d833ab024a4dcfc16471872821f25a2507593fcdb8f40e350b2ed8ae0b5b1e,PREDICTIONS_FROZEN,False
20,TARGET_ASSISTED_LABELLED_TARGET_CALIBRATION,45,104729,0,1050,1c901cd655ef5c1b1695f7b104284160fc45fa5eebca7f73051191e872959e60,PREDICTIONS_FROZEN,False
21,TARGET_ASSISTED_LABELLED_TARGET_CALIBRATION,45,104729,0,1050,e87ebf63ae628562109521cbf0d1b75d94b7c2b6e05505394270266bcb578db2,PREDICTIONS_FROZEN,False
35,TARGET_ASSISTED_LABELLED_TARGET_CALIBRATION,45,104729,0,1050,37aa21bf76960cebb34ed43ebe4c94e46bc369f5ab5e8433e4fa4ecdee433619,PREDICTIONS_FROZEN,False
50,TARGET_ASSISTED_LABELLED_TARGET_CALIBRATION,45,104729,0,1050,5d614bc44158bf07bd5f432dd1702580d802cfd81750f5f30c3c2d4c235f0051,PREDICTIONS_FROZEN,False
100,TARGET_ASSISTED_LABELLED_TARGET_CALIBRATION,45,104729,0,1050,f868629835a8fd7a050aa661538648007dfba928b1f6b1e255f922104d0df353,PREDICTIONS_FROZEN,False
200,TARGET_ASSISTED_LABELLED_TARGET_CALIBRATION,45,104729,0,1050,4dc07edb357e6042011a65814f535b9deccff7047d52bb38c324e1b42a42a9fe,PREDICTIONS_FROZEN,False
500,TARGET_ASSISTED_LABELLED_TARGET_CALIBRATION,45,104729,0,1050,f487d23503fd574786ca1a1cc5d70af93a1aee0f37570950a14597dccecba21d,PREDICTIONS_FROZEN,False
7,TARGET_ASSISTED_LABELLED_TARGET_CALIBRATION,45,130363,0,1050,fa58fb2ee8201165a35c0962fc36b18ad8ecbdd1260de062935d57ce2e223c58,PREDICTIONS_FROZEN,False
10,TARGET_ASSISTED_LABELLED_TARGET_CALIBRATION,45,130363,0,1050,448488b0151830c9637e73f976f8dba6a5b283ef8ed3db21bd8b9bede9c3091c,PREDICTIONS_FROZEN,False
20,TARGET_ASSISTED_LABELLED_TARGET_CALIBRATION,45,130363,0,1050,ad156362277bdfc8f96a469de84849b6045220f0a4263ca2bca7a51497dbf51c,PREDICTIONS_FROZEN,False
21,TARGET_ASSISTED_LABELLED_TARGET_CALIBRATION,45,130363,0,1050,bdb86f1fa150bc2a7cfe546c9b8a6d1fece35c98d587b4de435301fefd8017ac,PREDICTIONS_FROZEN,False
35,TARGET_ASSISTED_LABELLED_TARGET_CALIBRATION,45,130363,0,1050,76e09fdbf2748169b11f12565d4c98b2ecccfdcc25c6e29adfea6b2557cf3336,PREDICTIONS_FROZEN,False
50,TARGET_ASSISTED_LABELLED_TARGET_CALIBRATION,45,130363,0,1050,7e7f17edaf2368606103f68806e5f3fbf667139f2f01659bc22cf666e748770b,PREDICTIONS_FROZEN,False
100,TARGET_ASSISTED_LABELLED_TARGET_CALIBRATION,45,130363,0,1050,b9d0c31a8bd696903352049d593adab0b32f372642a45d46545c762d3f3c8ff9,PREDICTIONS_FROZEN,False
200,TARGET_ASSISTED_LABELLED_TARGET_CALIBRATION,45,130363,0,1050,34ee05da0c17193d80b205e6208335c9572d3a90c0737acaf6bec0a8fad0bf52,PREDICTIONS_FROZEN,False
500,TARGET_ASSISTED_LABELLED_TARGET_CALIBRATION,45,130363,0,1050,505d983aab8418871ab5f5d16bb84006b2d199aef5ffa57f6737647e291fedfe,PREDICTIONS_FROZEN,False
7,TARGET_ASSISTED_LABELLED_TARGET_CALIBRATION,45,155921,0,1050,7b7154ff6e903193d6b316ed8e00808efd6facfcb0a63829e4ae643c9937681e,PREDICTIONS_FROZEN,False
10,TARGET_ASSISTED_LABELLED_TARGET_CALIBRATION,45,155921,0,1050,6fd55be0a3eefe6f83e5930b5eae12e82679e938df11c16826a97cfbf59ee6fb,PREDICTIONS_FROZEN,False
20,TARGET_ASSISTED_LABELLED_TARGET_CALIBRATION,45,155921,0,1050,e6b4ad4a0a192bdba86343c9eba7b6dd51a31b0e7ee03e504554e8d0046b91df,PREDICTIONS_FROZEN,False
21,TARGET_ASSISTED_LABELLED_TARGET_CALIBRATION,45,155921,0,1050,10fe85e86e2b01b8d7adccca89348cc693d4ee5c2490b190084806d7b748e265,PREDICTIONS_FROZEN,False
35,TARGET_ASSISTED_LABELLED_TARGET_CALIBRATION,45,155921,0,1050,361f031267cb32db53f351434cda1f3d67514fc8c3bfb65bb6bdc8b26beb387b,PREDICTIONS_FROZEN,False
50,TARGET_ASSISTED_LABELLED_TARGET_CALIBRATION,45,155921,0,1050,68e5acf9125bbb8110b3c629dc44b2c9bf3e2ff5cf8fd49e065fb380d2d0f409,PREDICTIONS_FROZEN,False
100,TARGET_ASSISTED_LABELLED_TARGET_CALIBRATION,45,155921,0,1050,75e69c11a25410a8fdaf0dcbd29d6ceded0a238f4ed71575e5ceb0207ccc25c2,PREDICTIONS_FROZEN,False
200,TARGET_ASSISTED_LABELLED_TARGET_CALIBRATION,45,155921,0,1050,fdcd046a5e114decf6faeff085adff6f92ddad5434cc5b076a4ed790d9985663,PREDICTIONS_FROZEN,False
500,TARGET_ASSISTED_LABELLED_TARGET_CALIBRATION,45,155921,0,1050,a0dba6efab40778cb227913003453b784d31a822642a48006f5d2878052f6d07,PREDICTIONS_FROZEN,False
7,TARGET_ASSISTED_LABELLED_TARGET_CALIBRATION,45,181081,0,1050,0595a3d60710f15af501c0d20f4ee8b51e8a562d90eba86d7cc57faa211c2256,PREDICTIONS_FROZEN,False
10,TARGET_ASSISTED_LABELLED_TARGET_CALIBRATION,45,181081,0,1050,8f72ba7cf5fed014b275c44f7623ce5d44646d05d3eb69f3e4750c8d24d8489f,PREDICTIONS_FROZEN,False
20,TARGET_ASSISTED_LABELLED_TARGET_CALIBRATION,45,181081,0,1050,9b110193f740e5ee3a5e42d7dfd7937ca01a496f1cee5d7f6a47fb654e036811,PREDICTIONS_FROZEN,False
21,TARGET_ASSISTED_LABELLED_TARGET_CALIBRATION,45,181081,0,1050,0126f516c89cbe5da2c2de3ccd3167d9fdeaf8c40ca1ed4a2a6e5570400af2fe,PREDICTIONS_FROZEN,False
35,TARGET_ASSISTED_LABELLED_TARGET_CALIBRATION,45,181081,0,1050,c3af73084e61b472ec73d7e7119fd6f572fb48f0b21c04d40c3a850810110ba9,PREDICTIONS_FROZEN,False
50,TARGET_ASSISTED_LABELLED_TARGET_CALIBRATION,45,181081,0,1050,69c88ee6f58b21115477210f39ce53114c58fd65785ba7090ab9c1e596c28b30,PREDICTIONS_FROZEN,False
100,TARGET_ASSISTED_LABELLED_TARGET_CALIBRATION,45,181081,0,1050,2a495d5adf8d537dc87d0dc76f420452efe105561f966f67b21c6e3b449e82e4,PREDICTIONS_FROZEN,False
200,TARGET_ASSISTED_LABELLED_TARGET_CALIBRATION,45,181081,0,1050,1f41eb42ba644d8a7f621fdb0d4c29bb6c709ddfae0e8c797a30e84456c52013,PREDICTIONS_FROZEN,False
500,TARGET_ASSISTED_LABELLED_TARGET_CALIBRATION,45,181081,0,1050,a0dba6efab40778cb227913003453b784d31a822642a48006f5d2878052f6d07,PREDICTIONS_FROZEN,False
7,TARGET_ASSISTED_LABELLED_TARGET_CALIBRATION,45,205439,0,1050,2b639b853aef45e37596d3f087344937494526c6de9cf5c3419f5f5329dd5184,PREDICTIONS_FROZEN,False
10,TARGET_ASSISTED_LABELLED_TARGET_CALIBRATION,45,205439,0,1050,388d353ba9936fa0c3d62384d05ee630cf67789866e8d44455b3fdcc2c526cf0,PREDICTIONS_FROZEN,False
20,TARGET_ASSISTED_LABELLED_TARGET_CALIBRATION,45,205439,0,1050,628746bf4e8dcc6b0e67087e4bf2115607c1caea12ee637de92da51e16656eab,PREDICTIONS_FROZEN,False
21,TARGET_ASSISTED_LABELLED_TARGET_CALIBRATION,45,205439,0,1050,f09285e7e638fae8c37a7d9970d904eb51fae583d79c85f603d04bc7f1fca75a,PREDICTIONS_FROZEN,False
35,TARGET_ASSISTED_LABELLED_TARGET_CALIBRATION,45,205439,0,1050,a518ebbd73ce2aaa0f4575cb2d6b4f732753626d800b131b12dfdcffc175d7b4,PREDICTIONS_FROZEN,False
50,TARGET_ASSISTED_LABELLED_TARGET_CALIBRATION,45,205439,0,1050,6ffc1a0afb47ebc83d462b7ac5aa52bb3bfdca6bb61373ec66cf350c69203381,PREDICTIONS_FROZEN,False
100,TARGET_ASSISTED_LABELLED_TARGET_CALIBRATION,45,205439,0,1050,8f01231669f6501a08c37648356268c79fe1768862f3cdeb373b1ae6abf4ef78,PREDICTIONS_FROZEN,False
200,TARGET_ASSISTED_LABELLED_TARGET_CALIBRATION,45,205439,0,1050,2839332d517d62326c5641cde2a5c262b8de85cc51707c9435226dfa5daeee73,PREDICTIONS_FROZEN,False
500,TARGET_ASSISTED_LABELLED_TARGET_CALIBRATION,45,205439,0,1050,4186a57c34bf41dce55884140908f8ef9d9f3fb56534567d13f6d5263330107c,PREDICTIONS_FROZEN,False
7,TARGET_ASSISTED_LABELLED_TARGET_CALIBRATION,45,230003,0,1050,7f067bac2d83734c2732f1c3af19eec3114f369c9685e770243371aa75f3feea,PREDICTIONS_FROZEN,False
10,TARGET_ASSISTED_LABELLED_TARGET_CALIBRATION,45,230003,0,1050,e994702adb34704b5b550c6d19b11506ee516d79d4ce1783ae3b2a942d098ccf,PREDICTIONS_FROZEN,False
20,TARGET_ASSISTED_LABELLED_TARGET_CALIBRATION,45,230003,0,1050,ee01c1d2b5d941c1803fedcd45a6ee25d81aa18847de583446a54abd2b21555e,PREDICTIONS_FROZEN,False
21,TARGET_ASSISTED_LABELLED_TARGET_CALIBRATION,45,230003,0,1050,7131b3ea76d0cb3afea89be72d4f31237c82702799956e534f2ad4aeecbf813b,PREDICTIONS_FROZEN,False
35,TARGET_ASSISTED_LABELLED_TARGET_CALIBRATION,45,230003,0,1050,1addb3e442320152c922a90c4ad1c3859b942220749e327a0eae23b952347dc1,PREDICTIONS_FROZEN,False
50,TARGET_ASSISTED_LABELLED_TARGET_CALIBRATION,45,230003,0,1050,f44dad66f8cb5a8a5ad450864acf1f1c0b312e6c453fdce01240118f333f2692,PREDICTIONS_FROZEN,False
100,TARGET_ASSISTED_LABELLED_TARGET_CALIBRATION,45,230003,0,1050,402843fdde06874081ea540a97fbbf836077d72cae133b41daa9fc69a54d34b4,PREDICTIONS_FROZEN,False
200,TARGET_ASSISTED_LABELLED_TARGET_CALIBRATION,45,230003,0,1050,a303ab3d32d755e10e664ba02f89e9d42e7a3a4e7514bd67131407dc37d17a71,PREDICTIONS_FROZEN,False
500,TARGET_ASSISTED_LABELLED_TARGET_CALIBRATION,45,230003,0,1050,ad41be8c8b84304442fa741079b4e11563f744cfd809d0936b0ffa54a1d2c031,PREDICTIONS_FROZEN,False
7,TARGET_ASSISTED_LABELLED_TARGET_CALIBRATION,45,254959,0,1050,056dac0587dfea6e26b5aeb201297bca8880df868248b73a032388dc67a184d8,PREDICTIONS_FROZEN,False
10,TARGET_ASSISTED_LABELLED_TARGET_CALIBRATION,45,254959,0,1050,8a4d29f50b29d95a0abfd650b6bbabc218ae4620ca9c799979f419b9826e6953,PREDICTIONS_FROZEN,False
20,TARGET_ASSISTED_LABELLED_TARGET_CALIBRATION,45,254959,0,1050,e1ba0d70b946561938884b4f0dcb9c78386c9173ddb452b93c75b12aa5a66e33,PREDICTIONS_FROZEN,False
21,TARGET_ASSISTED_LABELLED_TARGET_CALIBRATION,45,254959,0,1050,7b935f90b89646e0b514b91b9b8c490ee5821eead7a75c7ad2e6a8254034ec3c,PREDICTIONS_FROZEN,False
35,TARGET_ASSISTED_LABELLED_TARGET_CALIBRATION,45,254959,0,1050,b5cbb9c7e276f2f9c971cabb6d8662f44966b00b33c6c4e959284c88ac191fa5,PREDICTIONS_FROZEN,False
50,TARGET_ASSISTED_LABELLED_TARGET_CALIBRATION,45,254959,0,1050,c20ed29241b05e7bbe919f27c250f6b8767f6185ccb367c9c2acf896aa51b582,PREDICTIONS_FROZEN,False
100,TARGET_ASSISTED_LABELLED_TARGET_CALIBRATION,45,254959,0,1050,725578311050e3241f169ed960874145ef08fd89d7455e6df0dbcc72899ef6a5,PREDICTIONS_FROZEN,False
200,TARGET_ASSISTED_LABELLED_TARGET_CALIBRATION,45,254959,0,1050,33549c9686b698a486647b392bfe3cfc25caf8491181ab5bbe83e1e9583f98d5,PREDICTIONS_FROZEN,False
500,TARGET_ASSISTED_LABELLED_TARGET_CALIBRATION,45,254959,0,1050,7b31394a4b572ba7b31733fb514aa727b7232d5a5496d304e382e159b7b5f906,PREDICTIONS_FROZEN,False
7,TARGET_ASSISTED_LABELLED_TARGET_CALIBRATION,45,280001,0,1050,05756d51de81c9bf97c36e65bee83ec58ecab5eaface5b10a02cacfdba7d4074,PREDICTIONS_FROZEN,False
10,TARGET_ASSISTED_LABELLED_TARGET_CALIBRATION,45,280001,0,1050,8058ff77e3238527ac33a6a8f0ea189761e937bbd7765ea49bbefc2c4d1eccb8,PREDICTIONS_FROZEN,False
20,TARGET_ASSISTED_LABELLED_TARGET_CALIBRATION,45,280001,0,1050,0dbf1ddba39abb5fe17efcede2a2e633ba0e98c027cbc59595300eb0f17e0f8b,PREDICTIONS_FROZEN,False
21,TARGET_ASSISTED_LABELLED_TARGET_CALIBRATION,45,280001,0,1050,2f4b7515dcbcfda305277cb191e4ce91a2f040c53623618482743701d9e6f30a,PREDICTIONS_FROZEN,False
35,TARGET_ASSISTED_LABELLED_TARGET_CALIBRATION,45,280001,0,1050,2b02c4f9dcf83d85a3fe889e4e97c5f55734ef4cbb73d08083821a26706a79f9,PREDICTIONS_FROZEN,False
50,TARGET_ASSISTED_LABELLED_TARGET_CALIBRATION,45,280001,0,1050,14d6d9fbc5067b8d4612bb12ffd02814460706d935b250161407de4e714dd783,PREDICTIONS_FROZEN,False
100,TARGET_ASSISTED_LABELLED_TARGET_CALIBRATION,45,280001,0,1050,2ecbe579600a7028b7a8c8601c4714dea63d9f7ae66530cab697caa95c23bec9,PREDICTIONS_FROZEN,False
200,TARGET_ASSISTED_LABELLED_TARGET_CALIBRATION,45,280001,0,1050,0cc8dc6907eaeb13ee6e4313ce17fe5b71531779814568963626e9472482b4b9,PREDICTIONS_FROZEN,False
500,TARGET_ASSISTED_LABELLED_TARGET_CALIBRATION,45,280001,0,1050,206ecd5209c7cfdc03ee690cce9a5bb810abc7539ee8163e1435013fa9a6db17,PREDICTIONS_FROZEN,False
7,TARGET_ASSISTED_LABELLED_TARGET_CALIBRATION,45,305093,0,1050,6cda1076973aa6a9ba97e1d3e99afd59e1f8a990bf7ada34866033fa98bec5a9,PREDICTIONS_FROZEN,False
10,TARGET_ASSISTED_LABELLED_TARGET_CALIBRATION,45,305093,0,1050,f76bddfe8bc48e423dea539ab82dd1933f6d6408f4292f2e4b8d8e41d7110e63,PREDICTIONS_FROZEN,False
20,TARGET_ASSISTED_LABELLED_TARGET_CALIBRATION,45,305093,0,1050,6dfef079572f6f0cfb6b52b70b4f270b4b9f9b6d30149d2a00cfaa358f79e43f,PREDICTIONS_FROZEN,False
21,TARGET_ASSISTED_LABELLED_TARGET_CALIBRATION,45,305093,0,1050,6dfef079572f6f0cfb6b52b70b4f270b4b9f9b6d30149d2a00cfaa358f79e43f,PREDICTIONS_FROZEN,False
35,TARGET_ASSISTED_LABELLED_TARGET_CALIBRATION,45,305093,0,1050,d53280d31eb4d44f19a8fc77810c26f8f4c3ae2a6e992811e3435a50f2813f3d,PREDICTIONS_FROZEN,False
50,TARGET_ASSISTED_LABELLED_TARGET_CALIBRATION,45,305093,0,1050,3be33a9deb1a9dbbecba66e4e530a8bffa09b9c62efb9054f9ab5148b10777da,PREDICTIONS_FROZEN,False
100,TARGET_ASSISTED_LABELLED_TARGET_CALIBRATION,45,305093,0,1050,5db9c6b01e01cd0533ab137e2337a9133aadd6138c32533ec71cfe3ddceec98f,PREDICTIONS_FROZEN,False
200,TARGET_ASSISTED_LABELLED_TARGET_CALIBRATION,45,305093,0,1050,bd66d8c87507baca7334cbc5aff7470df7f0de358b9d08c44ac9ddf34d33e915,PREDICTIONS_FROZEN,False
500,TARGET_ASSISTED_LABELLED_TARGET_CALIBRATION,45,305093,0,1050,79bf4c69e9b25f79321d3b727f6fbd59440cf2b327087faa2e3d1226883904a0,PREDICTIONS_FROZEN,False
7,TARGET_ASSISTED_LABELLED_TARGET_CALIBRATION,45,330017,0,1050,2b639b853aef45e37596d3f087344937494526c6de9cf5c3419f5f5329dd5184,PREDICTIONS_FROZEN,False
10,TARGET_ASSISTED_LABELLED_TARGET_CALIBRATION,45,330017,0,1050,5b3e33dfc9450eb20cb8b82ce576898bad661aa80c77f1a47e935bfe8f9473c9,PREDICTIONS_FROZEN,False
20,TARGET_ASSISTED_LABELLED_TARGET_CALIBRATION,45,330017,0,1050,a6648d1099aab7cafe5a876192b8beaff9e91701e738df28a0b1ffc737ace1be,PREDICTIONS_FROZEN,False
21,TARGET_ASSISTED_LABELLED_TARGET_CALIBRATION,45,330017,0,1050,957c8301fbff5b71a9f2a0b91c3ac0fb238a584a4fba4d40cf45a41c1c158cdc,PREDICTIONS_FROZEN,False
35,TARGET_ASSISTED_LABELLED_TARGET_CALIBRATION,45,330017,0,1050,5fb6a8f14b6849990c8db71b6203b21a9ce7b349fb65fc383c1c14bfd382ddcd,PREDICTIONS_FROZEN,False
50,TARGET_ASSISTED_LABELLED_TARGET_CALIBRATION,45,330017,0,1050,eaa51d5b8568f45924ae169ccbb6c7d527662d6386739018e987c7b31eeef515,PREDICTIONS_FROZEN,False
100,TARGET_ASSISTED_LABELLED_TARGET_CALIBRATION,45,330017,0,1050,aad918cb2595f5b9bc79e9eb202dd3541d1cd6d671e80959dde8a1f4e61c5349,PREDICTIONS_FROZEN,False
200,TARGET_ASSISTED_LABELLED_TARGET_CALIBRATION,45,330017,0,1050,568f98867a4d92808e2659718f0310e1044f0fcad129291f9d362ec7842e4664,PREDICTIONS_FROZEN,False
500,TARGET_ASSISTED_LABELLED_TARGET_CALIBRATION,45,330017,0,1050,33549c9686b698a486647b392bfe3cfc25caf8491181ab5bbe83e1e9583f98d5,PREDICTIONS_FROZEN,False
7,TARGET_ASSISTED_LABELLED_TARGET_CALIBRATION,45,355031,0,1050,456c70933b757ef846c5f508bd65b2dad86c5ac01237f03794c639e9df8f161f,PREDICTIONS_FROZEN,False
10,TARGET_ASSISTED_LABELLED_TARGET_CALIBRATION,45,355031,0,1050,dbbbbaa0555a514d8cd7147a74f9e7f1bf9c53abd74367b3a4c8cdef0d0f61b7,PREDICTIONS_FROZEN,False
20,TARGET_ASSISTED_LABELLED_TARGET_CALIBRATION,45,355031,0,1050,2bcd75c6bd7ae22a2c9e894822ce93ca7572aa036d26d31d1c3bb636b880d3e7,PREDICTIONS_FROZEN,False
21,TARGET_ASSISTED_LABELLED_TARGET_CALIBRATION,45,355031,0,1050,9f7ce8fc5d69e0c4f0b2f99aa93ffbff53781551aca0985da883ba48f4cbf2ff,PREDICTIONS_FROZEN,False
35,TARGET_ASSISTED_LABELLED_TARGET_CALIBRATION,45,355031,0,1050,16f7644d28f5adc51de4e52dc6e483c4c7a34a08222b414dd3180babbd326b80,PREDICTIONS_FROZEN,False
50,TARGET_ASSISTED_LABELLED_TARGET_CALIBRATION,45,355031,0,1050,866139426785b66d7013e49311d8dd89055076feb7a9e324cf6dcfe9d476ef83,PREDICTIONS_FROZEN,False
100,TARGET_ASSISTED_LABELLED_TARGET_CALIBRATION,45,355031,0,1050,3554deb098b2a7f16a5600e7fc2b508c0754c76cfa939dc4e496fac4d59d2e5d,PREDICTIONS_FROZEN,False
200,TARGET_ASSISTED_LABELLED_TARGET_CALIBRATION,45,355031,0,1050,1076847bfc599b6caa54f6d25c14454fae29895f77477b30d883f69c4312ba10,PREDICTIONS_FROZEN,False
500,TARGET_ASSISTED_LABELLED_TARGET_CALIBRATION,45,355031,0,1050,cda25e2852909161b519b39271edc54ff69d0e8e94f15d5d8dd8ebb5f17661d9,PREDICTIONS_FROZEN,False
7,TARGET_ASSISTED_LABELLED_TARGET_CALIBRATION,45,380041,0,1050,fd602abde4498a0b281e6d02cad2e864b6828acf6a87e2d6f2cd440d971c1bcd,PREDICTIONS_FROZEN,False
10,TARGET_ASSISTED_LABELLED_TARGET_CALIBRATION,45,380041,0,1050,33ebdc5f09a27ed8c2d01f998d24964fee0afb69085f5a950ede8779ea966524,PREDICTIONS_FROZEN,False
20,TARGET_ASSISTED_LABELLED_TARGET_CALIBRATION,45,380041,0,1050,49da0f9b35a83b5919bc126aaca5b1a9cd7f26c77f4e5a96a03710da923b93ab,PREDICTIONS_FROZEN,False
21,TARGET_ASSISTED_LABELLED_TARGET_CALIBRATION,45,380041,0,1050,496692017cef2ff1dd0731e55693c658f394ba721fb758a7f9568a948b4b73fa,PREDICTIONS_FROZEN,False
35,TARGET_ASSISTED_LABELLED_TARGET_CALIBRATION,45,380041,0,1050,b20c102fc1a895c81e2c8718ddd4d6624ca28a232a75d6d1115b86a043a7259a,PREDICTIONS_FROZEN,False
50,TARGET_ASSISTED_LABELLED_TARGET_CALIBRATION,45,380041,0,1050,6a480b27737880293346ba6d48fa309b5df295f9b9be70e9223c0628a2941370,PREDICTIONS_FROZEN,False
100,TARGET_ASSISTED_LABELLED_TARGET_CALIBRATION,45,380041,0,1050,9139692b830161a6a08c8b0cf7c1618374bae4d97e2b3e28fbc36c2f3c894a0b,PREDICTIONS_FROZEN,False
200,TARGET_ASSISTED_LABELLED_TARGET_CALIBRATION,45,380041,0,1050,75d11e52bc056e97030c3b34ff2d3f3ee0d65b84caf8f471554c95aafe20a825,PREDICTIONS_FROZEN,False
500,TARGET_ASSISTED_LABELLED_TARGET_CALIBRATION,45,380041,0,1050,20f74c7bd4a298a2f8862eb4fc51876a39e507c66ed0ade9a2008fc9741c3fdd,PREDICTIONS_FROZEN,False
7,TARGET_ASSISTED_LABELLED_TARGET_CALIBRATION,45,405019,0,1050,df8bbdf567f4a56ea7bc1ca3571fbc55a82d27dbd3007ee76cc849e6b3b65fad,PREDICTIONS_FROZEN,False
10,TARGET_ASSISTED_LABELLED_TARGET_CALIBRATION,45,405019,0,1050,897f86a81c9e7c2f80ddf65fed6b165fcfe6dd40fd6d0c4073b531d6998678fa,PREDICTIONS_FROZEN,False
20,TARGET_ASSISTED_LABELLED_TARGET_CALIBRATION,45,405019,0,1050,080cf4ef39e3ff1b3b99b949a835f977c4e6443783ec7d747b7cd131759051b6,PREDICTIONS_FROZEN,False
21,TARGET_ASSISTED_LABELLED_TARGET_CALIBRATION,45,405019,0,1050,f3f3bc9b406baa35df37214aa0140a497101fb5c98cfeaede9a58dcf00779090,PREDICTIONS_FROZEN,False
35,TARGET_ASSISTED_LABELLED_TARGET_CALIBRATION,45,405019,0,1050,3d651386a28abce5e98082653889826ed0ee502ea3eb1330ae24e58dc982a54c,PREDICTIONS_FROZEN,False
50,TARGET_ASSISTED_LABELLED_TARGET_CALIBRATION,45,405019,0,1050,4f2b22817b7928d92fc2d67fb35df94628bb120a94c4c477276f7844cbfdbb84,PREDICTIONS_FROZEN,False
100,TARGET_ASSISTED_LABELLED_TARGET_CALIBRATION,45,405019,0,1050,d5804e7771f81769702fbbc35aa1479e659e6c7c2f1a06f0fe09dee57b4b50a3,PREDICTIONS_FROZEN,False
200,TARGET_ASSISTED_LABELLED_TARGET_CALIBRATION,45,405019,0,1050,634cf5312306c50edf16ad718387210c3d5bb1b69de191efe3746eed1b08206e,PREDICTIONS_FROZEN,False
500,TARGET_ASSISTED_LABELLED_TARGET_CALIBRATION,45,405019,0,1050,ee4470497210c673150a01ee4cedf8fa015ed0e6699fa5534ec4c71f1083cb93,PREDICTIONS_FROZEN,False
7,TARGET_ASSISTED_LABELLED_TARGET_CALIBRATION,45,430007,0,1050,fab096398bd2bcad87469fe39d702e8bea98ecd02ca3cf04e50bd7f2ea60d709,PREDICTIONS_FROZEN,False
10,TARGET_ASSISTED_LABELLED_TARGET_CALIBRATION,45,430007,0,1050,e896dc6ee2d377b99606a6798a51dd49225e077efbbadc7e22d14b71669b215c,PREDICTIONS_FROZEN,False
20,TARGET_ASSISTED_LABELLED_TARGET_CALIBRATION,45,430007,0,1050,f7b51b2cfecb72cf86c24bd4537738921dbc776c24bdb4b31c5cfe4b02663564,PREDICTIONS_FROZEN,False
21,TARGET_ASSISTED_LABELLED_TARGET_CALIBRATION,45,430007,0,1050,9d048d31fa070fbb9d8a81abdb6e6f3e19b9c3b5acfd9a8be08d2868dc52a509,PREDICTIONS_FROZEN,False
35,TARGET_ASSISTED_LABELLED_TARGET_CALIBRATION,45,430007,0,1050,d493dc68f14da6d00616cf98b66f4eeace5845af533296c0e0df2eca4936bdc7,PREDICTIONS_FROZEN,False
50,TARGET_ASSISTED_LABELLED_TARGET_CALIBRATION,45,430007,0,1050,9ec18433429779877c84b021b83993f478a90c7cc5fa585253edb270a79cc488,PREDICTIONS_FROZEN,False
100,TARGET_ASSISTED_LABELLED_TARGET_CALIBRATION,45,430007,0,1050,cd4939bda44e4cccb76df7d1be023b94211626e05c224261cff7783a2394ab89,PREDICTIONS_FROZEN,False
200,TARGET_ASSISTED_LABELLED_TARGET_CALIBRATION,45,430007,0,1050,e9b75410f323b3b6b3537448ba1d98c40c16f10bc3fd1f9441506e91153368fd,PREDICTIONS_FROZEN,False
500,TARGET_ASSISTED_LABELLED_TARGET_CALIBRATION,45,430007,0,1050,f3c6375d82613912f09cdb6b78e90893827a9cd65652fb807c0d059c7246330b,PREDICTIONS_FROZEN,False
7,TARGET_ASSISTED_LABELLED_TARGET_CALIBRATION,45,455003,0,1050,2b639b853aef45e37596d3f087344937494526c6de9cf5c3419f5f5329dd5184,PREDICTIONS_FROZEN,False
10,TARGET_ASSISTED_LABELLED_TARGET_CALIBRATION,45,455003,0,1050,906fac0a1b1bca8d282de742326d86eac72b62800a76df17b28f52471f8f5e7d,PREDICTIONS_FROZEN,False
20,TARGET_ASSISTED_LABELLED_TARGET_CALIBRATION,45,455003,0,1050,ad1b195b1707f33d6670c5e87ee007007cf8e90aac4eed6208f4e2be3d915239,PREDICTIONS_FROZEN,False
21,TARGET_ASSISTED_LABELLED_TARGET_CALIBRATION,45,455003,0,1050,eedb5f794dadae45e3f15074314152dd638ff1137e89216d1c15235d3c6ad565,PREDICTIONS_FROZEN,False
35,TARGET_ASSISTED_LABELLED_TARGET_CALIBRATION,45,455003,0,1050,32850478e1e92789f7d15d21c63110568bc6f73cf9f1a9d4e6b1931b702bcb83,PREDICTIONS_FROZEN,False
50,TARGET_ASSISTED_LABELLED_TARGET_CALIBRATION,45,455003,0,1050,d52c80d3004eeb6b63c8988ea1af2a5420b3544922045ab5bfcfc7ee3699c792,PREDICTIONS_FROZEN,False
100,TARGET_ASSISTED_LABELLED_TARGET_CALIBRATION,45,455003,0,1050,28194ac8d7144675e510cbbafed422ffb884f3629961f6e4af4d1b5013f46065,PREDICTIONS_FROZEN,False
200,TARGET_ASSISTED_LABELLED_TARGET_CALIBRATION,45,455003,0,1050,a1f223144ac4683d36f8d34e9dfb76c809e70cd12eea816167ba0508227481df,PREDICTIONS_FROZEN,False
500,TARGET_ASSISTED_LABELLED_TARGET_CALIBRATION,45,455003,0,1050,2190866191fe85856bffd21979ad8f4f85351f29513128276110b7f668b87cab,PREDICTIONS_FROZEN,False
7,TARGET_ASSISTED_LABELLED_TARGET_CALIBRATION,45,480017,0,1050,056dac0587dfea6e26b5aeb201297bca8880df868248b73a032388dc67a184d8,PREDICTIONS_FROZEN,False
10,TARGET_ASSISTED_LABELLED_TARGET_CALIBRATION,45,480017,0,1050,0de0c4eb8292adc680accd4b99f6f67327c040b3e5cf272482701afd7181154f,PREDICTIONS_FROZEN,False
20,TARGET_ASSISTED_LABELLED_TARGET_CALIBRATION,45,480017,0,1050,7621218e21a022ba00dd2b1036353a43653a5e1e0294d99d2c06a65ac122bf94,PREDICTIONS_FROZEN,False
21,TARGET_ASSISTED_LABELLED_TARGET_CALIBRATION,45,480017,0,1050,f104ade1747037a53cbdf67b31f01c221292ea91016476bc0f20a1e653484801,PREDICTIONS_FROZEN,False
35,TARGET_ASSISTED_LABELLED_TARGET_CALIBRATION,45,480017,0,1050,346fa77881823ad396509b19b78af0f55bb8a504821391409fb94f35fa88e8f1,PREDICTIONS_FROZEN,False
50,TARGET_ASSISTED_LABELLED_TARGET_CALIBRATION,45,480017,0,1050,4bc46c75ffd405f58494ce5d930b8c875827b8b0ac42f69b3885de0300f4f98b,PREDICTIONS_FROZEN,False
100,TARGET_ASSISTED_LABELLED_TARGET_CALIBRATION,45,480017,0,1050,f7eafe958d1e319ef3fd6f25d86d8f9bb89a07834709074fffc49e6afcea52b4,PREDICTIONS_FROZEN,False
200,TARGET_ASSISTED_LABELLED_TARGET_CALIBRATION,45,480017,0,1050,d32a8a1c3dd557f4fa00ce9d422b993f8a39a09ee2eda490294e8521f0d666a9,PREDICTIONS_FROZEN,False
500,TARGET_ASSISTED_LABELLED_TARGET_CALIBRATION,45,480017,0,1050,635cceda984b9f72fb5f32f24369cca7595cc3cecd18d9c90013ecdec724d213,PREDICTIONS_FROZEN,False
7,TARGET_ASSISTED_LABELLED_TARGET_CALIBRATION,45,505027,0,1050,a4cc7a93340ab6bebd6bdfe5ecbab7254c3f5ee20801130161281ffb3b5f05d7,PREDICTIONS_FROZEN,False
10,TARGET_ASSISTED_LABELLED_TARGET_CALIBRATION,45,505027,0,1050,0d86af1a384c4425136b500c2ea8bb7e9de33633bace79edd215d88a33fcc7b5,PREDICTIONS_FROZEN,False
20,TARGET_ASSISTED_LABELLED_TARGET_CALIBRATION,45,505027,0,1050,e711e35ef8d56a89f5fe4cc1467a3e2a86a57512f9cd4ce3b539faae09815b65,PREDICTIONS_FROZEN,False
21,TARGET_ASSISTED_LABELLED_TARGET_CALIBRATION,45,505027,0,1050,1c89678ac355d1c4f0759746935fb821ab554aa436a27d97ca0d7d642a910035,PREDICTIONS_FROZEN,False
35,TARGET_ASSISTED_LABELLED_TARGET_CALIBRATION,45,505027,0,1050,da50523fdb9893c3264edd0cbc01a54e86db902e96961085ddd96296ba259b04,PREDICTIONS_FROZEN,False
50,TARGET_ASSISTED_LABELLED_TARGET_CALIBRATION,45,505027,0,1050,3427647711f190e19f7d6d7fea3a163aaf5720ba77f08184b3fe0fa197969876,PREDICTIONS_FROZEN,False
100,TARGET_ASSISTED_LABELLED_TARGET_CALIBRATION,45,505027,0,1050,9cbb2542807f54ae6428c848811137577b13f0e70cd6e6e151cf4437478bd7aa,PREDICTIONS_FROZEN,False
200,TARGET_ASSISTED_LABELLED_TARGET_CALIBRATION,45,505027,0,1050,3f0f9aa81631f55e85b3e46b96964185f7eea10890cc96d0f3c0ed471bcf0531,PREDICTIONS_FROZEN,False
500,TARGET_ASSISTED_LABELLED_TARGET_CALIBRATION,45,505027,0,1050,d51db15adadf566d4156302c26449e38939106f6efa89e242210e3b87f23d77c,PREDICTIONS_FROZEN,False
7,TARGET_ASSISTED_LABELLED_TARGET_CALIBRATION,45,530017,0,1050,0595a3d60710f15af501c0d20f4ee8b51e8a562d90eba86d7cc57faa211c2256,PREDICTIONS_FROZEN,False
10,TARGET_ASSISTED_LABELLED_TARGET_CALIBRATION,45,530017,0,1050,f1df626364d9cf2695f4486d998713fd4664dac1f3cd55558060673f47e76307,PREDICTIONS_FROZEN,False
20,TARGET_ASSISTED_LABELLED_TARGET_CALIBRATION,45,530017,0,1050,ad7cb9f3f5e1f3509c2b04400372f10028c98b91e9c1e9ef7b442b79334dcace,PREDICTIONS_FROZEN,False
21,TARGET_ASSISTED_LABELLED_TARGET_CALIBRATION,45,530017,0,1050,ce7463f72a20cfa2542eeaeb8919defba80476bd5a15c26a2ab6cb11e7e5206d,PREDICTIONS_FROZEN,False
35,TARGET_ASSISTED_LABELLED_TARGET_CALIBRATION,45,530017,0,1050,0934f6a370644f6b9d55431fa48f0cea098c4a6a0ac8e0ebd4b37852efa2b8a5,PREDICTIONS_FROZEN,False
50,TARGET_ASSISTED_LABELLED_TARGET_CALIBRATION,45,530017,0,1050,289720d633c2dfa45f8f574ba63089635922fa61bc3f282d99fad8b0ba8a6489,PREDICTIONS_FROZEN,False
100,TARGET_ASSISTED_LABELLED_TARGET_CALIBRATION,45,530017,0,1050,a95fc23c89b5894b15829273dd29fff8cb57db30e97f179becbbe1966ddc5852,PREDICTIONS_FROZEN,False
200,TARGET_ASSISTED_LABELLED_TARGET_CALIBRATION,45,530017,0,1050,cc70bc99dca9dbef47ee7bd264e622e7af5f8aa9c3d024c6b3b0caf00a050ef2,PREDICTIONS_FROZEN,False
500,TARGET_ASSISTED_LABELLED_TARGET_CALIBRATION,45,530017,0,1050,ba5193d8153c880f7653abf150af579158b87fadac7686bd628384c113cbf069,PREDICTIONS_FROZEN,False
7,TARGET_ASSISTED_LABELLED_TARGET_CALIBRATION,45,555029,0,1050,fe4fb50e6cb25161ed8197a8e3e84eb00490d3220b1b018b176fe125896d1e16,PREDICTIONS_FROZEN,False
10,TARGET_ASSISTED_LABELLED_TARGET_CALIBRATION,45,555029,0,1050,4fe9cc3ca3927d3d4627e99df2f056fbb6461ce5d151e5d04622d91d29967f3c,PREDICTIONS_FROZEN,False
20,TARGET_ASSISTED_LABELLED_TARGET_CALIBRATION,45,555029,0,1050,b3291f2185e04e6c3e227a9889721d7c0837aed4f33319f17c2d32c541d38b3c,PREDICTIONS_FROZEN,False
21,TARGET_ASSISTED_LABELLED_TARGET_CALIBRATION,45,555029,0,1050,8ea8849e213775cacb6fcbe8862712a76c66beb51c534d7f280ed2d74facc42f,PREDICTIONS_FROZEN,False
35,TARGET_ASSISTED_LABELLED_TARGET_CALIBRATION,45,555029,0,1050,fdc049bdfbd1790745e581cc3cb021284745dcf85d9af24fe5b2b2be5367bf6d,PREDICTIONS_FROZEN,False
50,TARGET_ASSISTED_LABELLED_TARGET_CALIBRATION,45,555029,0,1050,b67718a9dd06424b319dfa5ff1436a344582eb5bba00b264a01ab78eb270b55b,PREDICTIONS_FROZEN,False
100,TARGET_ASSISTED_LABELLED_TARGET_CALIBRATION,45,555029,0,1050,9bcf07c3a52bea290ca968299da2029effd19c95d875006c3311708b0148e5a8,PREDICTIONS_FROZEN,False
200,TARGET_ASSISTED_LABELLED_TARGET_CALIBRATION,45,555029,0,1050,0be7359bfca712d425eccfaaceda5696970fc60641a87e1b2de92e2a0167c3f8,PREDICTIONS_FROZEN,False
500,TARGET_ASSISTED_LABELLED_TARGET_CALIBRATION,45,555029,0,1050,a0dba6efab40778cb227913003453b784d31a822642a48006f5d2878052f6d07,PREDICTIONS_FROZEN,False
7,TARGET_ASSISTED_LABELLED_TARGET_CALIBRATION,45,580031,0,1050,e29dc993ef50027d3b8a9ffa5ea0b2da6b2861a7bfcf4eca2487699558801410,PREDICTIONS_FROZEN,False
10,TARGET_ASSISTED_LABELLED_TARGET_CALIBRATION,45,580031,0,1050,6526ed84c0a47d650febb59b275a85ad1354bd8855c66e529fd75ee2e20679a2,PREDICTIONS_FROZEN,False
20,TARGET_ASSISTED_LABELLED_TARGET_CALIBRATION,45,580031,0,1050,e383c479758a7ac5b5101a9e1cea3a0205b8d85110b97890eb607cb50a90864c,PREDICTIONS_FROZEN,False
21,TARGET_ASSISTED_LABELLED_TARGET_CALIBRATION,45,580031,0,1050,91b12ede8d88b05b69906df0bdbe2d692e8811191b81bdf6023465c0c5026d02,PREDICTIONS_FROZEN,False
35,TARGET_ASSISTED_LABELLED_TARGET_CALIBRATION,45,580031,0,1050,f3d798558d23a50296ce59ce8fe1dc0178b04e8eccba1788defd0baabc8f0e4a,PREDICTIONS_FROZEN,False
50,TARGET_ASSISTED_LABELLED_TARGET_CALIBRATION,45,580031,0,1050,f9814b35d420e18b27bb4ccac906b04e9193d152bc941dd35a14105e88b13bac,PREDICTIONS_FROZEN,False
100,TARGET_ASSISTED_LABELLED_TARGET_CALIBRATION,45,580031,0,1050,e024361e42e969b53c75e00ef328fefd3ca68e1e70a725951a3611de2b079b4b,PREDICTIONS_FROZEN,False
200,TARGET_ASSISTED_LABELLED_TARGET_CALIBRATION,45,580031,0,1050,fff5d9bf1b970d20b71817e585d3973cfae3c345d127a445ba972353c5c132ff,PREDICTIONS_FROZEN,False
500,TARGET_ASSISTED_LABELLED_TARGET_CALIBRATION,45,580031,0,1050,635cceda984b9f72fb5f32f24369cca7595cc3cecd18d9c90013ecdec724d213,PREDICTIONS_FROZEN,False
0,STRICT_SOURCE_ONLY_DG,45,,1,1050,d6df1606d943fe2741382580c944c7ebbe1ccb54ecc0e1527fdc441c3ff1ceb4,PREDICTIONS_FROZEN,False
7,TARGET_ASSISTED_LABELLED_TARGET_CALIBRATION,45,104729,1,1050,7dc7aee78f3ecad64fd21bafa8cc571feb4a0502d3c0a0825adb930c2a16aed4,PREDICTIONS_FROZEN,False
10,TARGET_ASSISTED_LABELLED_TARGET_CALIBRATION,45,104729,1,1050,4d15293b8bac96d435f780e2ca58f642f52305a393cf20fdefa367f494999b43,PREDICTIONS_FROZEN,False
20,TARGET_ASSISTED_LABELLED_TARGET_CALIBRATION,45,104729,1,1050,8ad803c4f5d3ac6671641ba8ad5ed3e61da0894fc7b7ba9ee214aa42ce0bb567,PREDICTIONS_FROZEN,False
21,TARGET_ASSISTED_LABELLED_TARGET_CALIBRATION,45,104729,1,1050,4cea65060b11baae1635b88c25a5ec4fc11131c90f8cf54f158a61c58e16c3f5,PREDICTIONS_FROZEN,False
35,TARGET_ASSISTED_LABELLED_TARGET_CALIBRATION,45,104729,1,1050,3c93db3e2b9e659546b6af66d50d637cfc1ef27f74f3aaee9c9df0b868513269,PREDICTIONS_FROZEN,False
50,TARGET_ASSISTED_LABELLED_TARGET_CALIBRATION,45,104729,1,1050,6499af74d6a4968092ef8bec1d6624e687e197b27162b9fed09ff3dcc964ea35,PREDICTIONS_FROZEN,False
100,TARGET_ASSISTED_LABELLED_TARGET_CALIBRATION,45,104729,1,1050,c64fbad557c345a117f6f9eb4ecb2d3800001e5821055b1db54c1a15969e5689,PREDICTIONS_FROZEN,False
200,TARGET_ASSISTED_LABELLED_TARGET_CALIBRATION,45,104729,1,1050,c6828915970f95892c775304727cd7406e8285f65c7c1cd7c511fb649d8a9717,PREDICTIONS_FROZEN,False
500,TARGET_ASSISTED_LABELLED_TARGET_CALIBRATION,45,104729,1,1050,78cf1b62bb0b234a94c0842a937d6a6177c5a70ca05e549002db50785f98ccf6,PREDICTIONS_FROZEN,False
7,TARGET_ASSISTED_LABELLED_TARGET_CALIBRATION,45,130363,1,1050,323361dba19e9703f1f5654e15b0de10f8794115d3d393827e24fc9f6e90eb31,PREDICTIONS_FROZEN,False
10,TARGET_ASSISTED_LABELLED_TARGET_CALIBRATION,45,130363,1,1050,a17ab5d7fa2a74518a5f72fd0384adb3e490ee2b1b8640a1df854f5e47486cf8,PREDICTIONS_FROZEN,False
20,TARGET_ASSISTED_LABELLED_TARGET_CALIBRATION,45,130363,1,1050,ae691d5180dd20c09cc24f16a53662d5056538ec54d05931c747182e481d89ad,PREDICTIONS_FROZEN,False
21,TARGET_ASSISTED_LABELLED_TARGET_CALIBRATION,45,130363,1,1050,1b17b72f7f591706cd77a84e753ac02b41f16bfc307375230facd34efd724880,PREDICTIONS_FROZEN,False
35,TARGET_ASSISTED_LABELLED_TARGET_CALIBRATION,45,130363,1,1050,9c7174ef555ecc4ec4d309cf4f4b879c86d007a67ba2a90064f7222c2d857712,PREDICTIONS_FROZEN,False
50,TARGET_ASSISTED_LABELLED_TARGET_CALIBRATION,45,130363,1,1050,61259d9b8744331a745dde9a735ffc14f3e82b990f347ddea9fe1732a002ee25,PREDICTIONS_FROZEN,False
100,TARGET_ASSISTED_LABELLED_TARGET_CALIBRATION,45,130363,1,1050,de6077dbf4d5b1262860d62dbd72385ad926a7c8e2bd40dfd2e7d99da23e96c0,PREDICTIONS_FROZEN,False
200,TARGET_ASSISTED_LABELLED_TARGET_CALIBRATION,45,130363,1,1050,c00052ec58e384e8d51d40c5b8ff3ccb20aa1f5d6f797d035179d8f9d6f9a739,PREDICTIONS_FROZEN,False
500,TARGET_ASSISTED_LABELLED_TARGET_CALIBRATION,45,130363,1,1050,26a410ff7d11645e97144d1f01f00ae15a6118afdb2741760f8c57f69d0a60bc,PREDICTIONS_FROZEN,False
7,TARGET_ASSISTED_LABELLED_TARGET_CALIBRATION,45,155921,1,1050,fb4a53865ca5d49d7e0f81274053d2000437fecd8eb5345b5ea09a3ef172768e,PREDICTIONS_FROZEN,False
10,TARGET_ASSISTED_LABELLED_TARGET_CALIBRATION,45,155921,1,1050,7e02f5234a6f322a240b0edf5e545e9c7587cedbae369658be78142b72af8b51,PREDICTIONS_FROZEN,False
20,TARGET_ASSISTED_LABELLED_TARGET_CALIBRATION,45,155921,1,1050,7114cc0bed3292c10767d7465177c79a8eacb08d0a118292abd9fbfe57905e49,PREDICTIONS_FROZEN,False
21,TARGET_ASSISTED_LABELLED_TARGET_CALIBRATION,45,155921,1,1050,35097c82b9a33bea689430988b242935f71ed26c88be37126b9748ddc9814db8,PREDICTIONS_FROZEN,False
35,TARGET_ASSISTED_LABELLED_TARGET_CALIBRATION,45,155921,1,1050,35ef3aa8dac65b5f54aafa9fc2dd58b80bf11fbff03dac4acc1b5673834f8bbe,PREDICTIONS_FROZEN,False
50,TARGET_ASSISTED_LABELLED_TARGET_CALIBRATION,45,155921,1,1050,78e04ced96fccb84b9c9e63734e2f371f1d5d760f9865e46f60340808705c91b,PREDICTIONS_FROZEN,False
100,TARGET_ASSISTED_LABELLED_TARGET_CALIBRATION,45,155921,1,1050,b3590dbd11763f3b3fd24e0765ad7915479a1679900fce8267a1e3263be993ac,PREDICTIONS_FROZEN,False
200,TARGET_ASSISTED_LABELLED_TARGET_CALIBRATION,45,155921,1,1050,b1ff64e59947a892952ff136e7554efabd7bd095211bde51f0f99598c286b3ad,PREDICTIONS_FROZEN,False
500,TARGET_ASSISTED_LABELLED_TARGET_CALIBRATION,45,155921,1,1050,588f06fda12cffba2d7c12bfa60447ac3ad69968db814919a14c90854a79d6c3,PREDICTIONS_FROZEN,False
7,TARGET_ASSISTED_LABELLED_TARGET_CALIBRATION,45,181081,1,1050,8f1bd7c1e6d0ee5ba85bfabf6935bd8528897b70168bc166a14f863f9d15ed7d,PREDICTIONS_FROZEN,False
10,TARGET_ASSISTED_LABELLED_TARGET_CALIBRATION,45,181081,1,1050,ffdd1b5f46f9a806da54d2a94376f529160356bd131673ed06f4a5f725f35b6b,PREDICTIONS_FROZEN,False
20,TARGET_ASSISTED_LABELLED_TARGET_CALIBRATION,45,181081,1,1050,10df4e558db0edd0edcfcc1a2129047408052ab79c7740de639bfee9e5a9ba24,PREDICTIONS_FROZEN,False
21,TARGET_ASSISTED_LABELLED_TARGET_CALIBRATION,45,181081,1,1050,2cf1ff1e059cb3cd9ec3723f8d9a3be831a6ec52967d1e320ea5fc9a300f2536,PREDICTIONS_FROZEN,False
35,TARGET_ASSISTED_LABELLED_TARGET_CALIBRATION,45,181081,1,1050,4692ddf03443700fcac2a1ae970cc14c95349ecc736ed9241abfd627a2dbd054,PREDICTIONS_FROZEN,False
50,TARGET_ASSISTED_LABELLED_TARGET_CALIBRATION,45,181081,1,1050,e84e28cbdc23c6ceb03263965f6db83fcd684b8a705e34d8994f43e5e7d6c563,PREDICTIONS_FROZEN,False
100,TARGET_ASSISTED_LABELLED_TARGET_CALIBRATION,45,181081,1,1050,37bb6d604c5971fa5240802b14c7ea68b1202fd864edeb6e573857977a99a83d,PREDICTIONS_FROZEN,False
200,TARGET_ASSISTED_LABELLED_TARGET_CALIBRATION,45,181081,1,1050,abe02ee8a31acda35f2912eef2a1ea264fc2265c23d37e0dc98e6fe18050f531,PREDICTIONS_FROZEN,False
500,TARGET_ASSISTED_LABELLED_TARGET_CALIBRATION,45,181081,1,1050,6357eab0d7dfcd8d2f09eb8299099c1bb457934cba6eb6609a7e299db0c3156c,PREDICTIONS_FROZEN,False
7,TARGET_ASSISTED_LABELLED_TARGET_CALIBRATION,45,205439,1,1050,a2be09dc5f56a6ea98ec3c51c038fffed0a9f9f44d41b9be14e7dc62ff29c39f,PREDICTIONS_FROZEN,False
10,TARGET_ASSISTED_LABELLED_TARGET_CALIBRATION,45,205439,1,1050,e54b9933ab21ab4580f54251a8d7a502c07345be49c7100eb2a45df55fd7ae8a,PREDICTIONS_FROZEN,False
20,TARGET_ASSISTED_LABELLED_TARGET_CALIBRATION,45,205439,1,1050,be9f4dfce8025544bc1d1456de8fed5c451cc72773b6b058d2da46be2f0ae087,PREDICTIONS_FROZEN,False
21,TARGET_ASSISTED_LABELLED_TARGET_CALIBRATION,45,205439,1,1050,be9f4dfce8025544bc1d1456de8fed5c451cc72773b6b058d2da46be2f0ae087,PREDICTIONS_FROZEN,False
35,TARGET_ASSISTED_LABELLED_TARGET_CALIBRATION,45,205439,1,1050,dc9c2d31d56d93e36d8a54103723dbb8df73dc532172937a053c9033d16545c4,PREDICTIONS_FROZEN,False
50,TARGET_ASSISTED_LABELLED_TARGET_CALIBRATION,45,205439,1,1050,e0d356e9b14e375d46599f2da14faa3ada9c54b981cb31b95b50953cc329450b,PREDICTIONS_FROZEN,False
100,TARGET_ASSISTED_LABELLED_TARGET_CALIBRATION,45,205439,1,1050,0e321f97cccbe308ae282b036418419eac9359bc90e657ffeddb940e3530a31e,PREDICTIONS_FROZEN,False
200,TARGET_ASSISTED_LABELLED_TARGET_CALIBRATION,45,205439,1,1050,2ec06a166c669ec0744b85de3376efc24cb917a4f70b6a3326b5a8402397c0f1,PREDICTIONS_FROZEN,False
500,TARGET_ASSISTED_LABELLED_TARGET_CALIBRATION,45,205439,1,1050,6ae76f605368a2b0cd82d442a478d5bef5b07c17bb905bce8e1e5ac41b438e25,PREDICTIONS_FROZEN,False
7,TARGET_ASSISTED_LABELLED_TARGET_CALIBRATION,45,230003,1,1050,968c444cb24b6050b1de03f352edfd9559fea5846305d504123035e2a93ab181,PREDICTIONS_FROZEN,False
10,TARGET_ASSISTED_LABELLED_TARGET_CALIBRATION,45,230003,1,1050,31d7749d295da72b0a3995d3adaa05288dd94ae2a004de30296cea0d72a1ea5b,PREDICTIONS_FROZEN,False
20,TARGET_ASSISTED_LABELLED_TARGET_CALIBRATION,45,230003,1,1050,ca8b5dbd6fa9ed934c167eba68460bd79e5922c45745ce9f2ad01d798f47ada5,PREDICTIONS_FROZEN,False
21,TARGET_ASSISTED_LABELLED_TARGET_CALIBRATION,45,230003,1,1050,3643e971f321c8453c14f462a7c7832b8cb5eb6696ebb3d7b4582a93035415da,PREDICTIONS_FROZEN,False
35,TARGET_ASSISTED_LABELLED_TARGET_CALIBRATION,45,230003,1,1050,56a4e3f8df4e02e38339fc5a18f3a486ca2d0d4f1b6bb383595ea2459e5652bd,PREDICTIONS_FROZEN,False
50,TARGET_ASSISTED_LABELLED_TARGET_CALIBRATION,45,230003,1,1050,2de60f41cf0edaeebb2f0671fac63b76acd64d9e863b2025c064308e5fc25cd7,PREDICTIONS_FROZEN,False
100,TARGET_ASSISTED_LABELLED_TARGET_CALIBRATION,45,230003,1,1050,df379e069cb998597283b2e84f6d7a1b477bfe962792060a662de27e31c4ec82,PREDICTIONS_FROZEN,False
200,TARGET_ASSISTED_LABELLED_TARGET_CALIBRATION,45,230003,1,1050,b75e6a6c4ea5d39098596d7b842a51664c75ce3ede6a2d920f85dfeb57ea67ad,PREDICTIONS_FROZEN,False
500,TARGET_ASSISTED_LABELLED_TARGET_CALIBRATION,45,230003,1,1050,ef8d97c0132e1671f7bc8f4419141266dac3ec8c0fc6ce75e56ad396ac466014,PREDICTIONS_FROZEN,False
7,TARGET_ASSISTED_LABELLED_TARGET_CALIBRATION,45,254959,1,1050,f9db1a18a1dc9bb232f6c6aba04db1097e401f544d1869bfe6772f79100dde2d,PREDICTIONS_FROZEN,False
10,TARGET_ASSISTED_LABELLED_TARGET_CALIBRATION,45,254959,1,1050,66790cf7c732813788e93bfd826d441f150c2655a05b18111d809f6f5cdbb807,PREDICTIONS_FROZEN,False
20,TARGET_ASSISTED_LABELLED_TARGET_CALIBRATION,45,254959,1,1050,8888d35384c5663398bb4a6cd63e74ef7cbc64b5e6dabcdbad1461948aa64ef7,PREDICTIONS_FROZEN,False
21,TARGET_ASSISTED_LABELLED_TARGET_CALIBRATION,45,254959,1,1050,d530004ee18ef7e198870de9b37e7d68211e02a9afc3b53ccac87aa04e06a89f,PREDICTIONS_FROZEN,False
35,TARGET_ASSISTED_LABELLED_TARGET_CALIBRATION,45,254959,1,1050,435cde580d4e75d07964328176057464224ba1d33532fd68bf632f87b8773ec7,PREDICTIONS_FROZEN,False
50,TARGET_ASSISTED_LABELLED_TARGET_CALIBRATION,45,254959,1,1050,327d8e2528a590a3c4a61d8535df8c73779a3e06a27e69868fb0267a2d1e4f77,PREDICTIONS_FROZEN,False
100,TARGET_ASSISTED_LABELLED_TARGET_CALIBRATION,45,254959,1,1050,906e9220a197b722745ab814163e85ea71555be4802c6fcb17059d5955358527,PREDICTIONS_FROZEN,False
200,TARGET_ASSISTED_LABELLED_TARGET_CALIBRATION,45,254959,1,1050,2a1890d894faf6927c816bddec00cfd8e323a0118fcdba3c1680c9b7047c3dd0,PREDICTIONS_FROZEN,False
500,TARGET_ASSISTED_LABELLED_TARGET_CALIBRATION,45,254959,1,1050,c00052ec58e384e8d51d40c5b8ff3ccb20aa1f5d6f797d035179d8f9d6f9a739,PREDICTIONS_FROZEN,False
7,TARGET_ASSISTED_LABELLED_TARGET_CALIBRATION,45,280001,1,1050,90ed8ba713dbe7a7c392ede0a090979f96cc76e5b7ec9546d816a7ba368a287d,PREDICTIONS_FROZEN,False
10,TARGET_ASSISTED_LABELLED_TARGET_CALIBRATION,45,280001,1,1050,38d16043c828a6d3fd367f519b08cd69118b960533b8ae7e85d61f5cf5828886,PREDICTIONS_FROZEN,False
20,TARGET_ASSISTED_LABELLED_TARGET_CALIBRATION,45,280001,1,1050,2e9324f5c86c949049ba48c7174138da6cc0c54c64e73f56dea58d70c6c2c9d0,PREDICTIONS_FROZEN,False
21,TARGET_ASSISTED_LABELLED_TARGET_CALIBRATION,45,280001,1,1050,c215389686227b68862116ed4dad72bc16a05cb187bfa58761030637402b0dad,PREDICTIONS_FROZEN,False
35,TARGET_ASSISTED_LABELLED_TARGET_CALIBRATION,45,280001,1,1050,2fdee6f2af7b2e160c55eb0570212e0e0a483b273979b40f316b96f3bc2ae77b,PREDICTIONS_FROZEN,False
50,TARGET_ASSISTED_LABELLED_TARGET_CALIBRATION,45,280001,1,1050,35a02a2d2e5701a5b4fc6b6b7ba49f101ea7554616878a59d1edd7ec811057b5,PREDICTIONS_FROZEN,False
100,TARGET_ASSISTED_LABELLED_TARGET_CALIBRATION,45,280001,1,1050,95d594650321b9bd079852fd3317c8dbea37410aee36bed607135d61887a3132,PREDICTIONS_FROZEN,False
200,TARGET_ASSISTED_LABELLED_TARGET_CALIBRATION,45,280001,1,1050,50eaf30ab82e9b0b4cc28c40d822727f24dfa8e7dc44f1577450e445fc3d23db,PREDICTIONS_FROZEN,False
500,TARGET_ASSISTED_LABELLED_TARGET_CALIBRATION,45,280001,1,1050,109b43b91b6cbe4d2c87522743f93c250b68ee028008ebc823cf7e34d9741074,PREDICTIONS_FROZEN,False
7,TARGET_ASSISTED_LABELLED_TARGET_CALIBRATION,45,305093,1,1050,827c810c4c3946ebf416151467581ea83499972dd8121d7243fac21194baeb98,PREDICTIONS_FROZEN,False
10,TARGET_ASSISTED_LABELLED_TARGET_CALIBRATION,45,305093,1,1050,ad12c643c0932caab7ffb151ea4b4ffc86d9f6fedfb37a9d513bb9237cd5fca4,PREDICTIONS_FROZEN,False
20,TARGET_ASSISTED_LABELLED_TARGET_CALIBRATION,45,305093,1,1050,f6e83bba119c926ce9b072a6144ae8fcd16571772c4830fb1b4e2cb73c930fb9,PREDICTIONS_FROZEN,False
21,TARGET_ASSISTED_LABELLED_TARGET_CALIBRATION,45,305093,1,1050,dadb791e4c35b984572329356ef7c45b44598fd2e4d90588d254409dea688ca0,PREDICTIONS_FROZEN,False
35,TARGET_ASSISTED_LABELLED_TARGET_CALIBRATION,45,305093,1,1050,63bc705e645fb4081d5f35a69312df244db03ac4d6b98ceb9ab8fafd3f8d0b67,PREDICTIONS_FROZEN,False
50,TARGET_ASSISTED_LABELLED_TARGET_CALIBRATION,45,305093,1,1050,b7a2fd18480371b9f713804f1a902f2f077151ac64b76d8946b47a536f9d7110,PREDICTIONS_FROZEN,False
100,TARGET_ASSISTED_LABELLED_TARGET_CALIBRATION,45,305093,1,1050,7a325c5f04deb6bc58b32d45fc5548fceb9a46bd26d2c22a11532f656d359de9,PREDICTIONS_FROZEN,False
200,TARGET_ASSISTED_LABELLED_TARGET_CALIBRATION,45,305093,1,1050,09b8cfab2ba1207bebe09413f6fda0547e983b28439471fc9da6a8188e1dbb71,PREDICTIONS_FROZEN,False
500,TARGET_ASSISTED_LABELLED_TARGET_CALIBRATION,45,305093,1,1050,c7957771b90c9fbe6f9f66f6938610402fbf64309b2d65f2a521da6d3f65bd8c,PREDICTIONS_FROZEN,False
7,TARGET_ASSISTED_LABELLED_TARGET_CALIBRATION,45,330017,1,1050,97b7c45eac284e5126c21329ae24c91b2bf4c55e54338e016fe2f464e300a17d,PREDICTIONS_FROZEN,False
10,TARGET_ASSISTED_LABELLED_TARGET_CALIBRATION,45,330017,1,1050,ba4b7d7eff6c531527e91d182fe4052dd0b393c5c70e375ca013244143300b4d,PREDICTIONS_FROZEN,False
20,TARGET_ASSISTED_LABELLED_TARGET_CALIBRATION,45,330017,1,1050,7379b228a32f151c8f256e8e6210298291b44e2c84968e47c0d15b46e4aac0ca,PREDICTIONS_FROZEN,False
21,TARGET_ASSISTED_LABELLED_TARGET_CALIBRATION,45,330017,1,1050,704f03613510adb791d9e654880313986f3c33beffb586bf3920e20fafac26c8,PREDICTIONS_FROZEN,False
35,TARGET_ASSISTED_LABELLED_TARGET_CALIBRATION,45,330017,1,1050,6773dd7457b0e61e350ae1c39f679eabd34195634f3a1baf3f0af78354be2189,PREDICTIONS_FROZEN,False
50,TARGET_ASSISTED_LABELLED_TARGET_CALIBRATION,45,330017,1,1050,070a54ae4d68951d1cdffb845da866d5a3a67382c93cac4da412d660d4158e5b,PREDICTIONS_FROZEN,False
100,TARGET_ASSISTED_LABELLED_TARGET_CALIBRATION,45,330017,1,1050,2d208c83afbe0200747ec1da76867e9307b4ee39b383e4434c925fe253b47e73,PREDICTIONS_FROZEN,False
200,TARGET_ASSISTED_LABELLED_TARGET_CALIBRATION,45,330017,1,1050,0f5d9142c2b22a78ba5c9d92490c190692a2e9a8161b00bc888820d3499c91d7,PREDICTIONS_FROZEN,False
500,TARGET_ASSISTED_LABELLED_TARGET_CALIBRATION,45,330017,1,1050,93c36c8b2b49f2473ea0cc926d1013ef1a14ff22e2f1d387ede47c8627e862c1,PREDICTIONS_FROZEN,False
7,TARGET_ASSISTED_LABELLED_TARGET_CALIBRATION,45,355031,1,1050,8f1bd7c1e6d0ee5ba85bfabf6935bd8528897b70168bc166a14f863f9d15ed7d,PREDICTIONS_FROZEN,False
10,TARGET_ASSISTED_LABELLED_TARGET_CALIBRATION,45,355031,1,1050,5369acf8568223026fd304bbc6ccaf4b582eef89c716b7465f6f13d56828da79,PREDICTIONS_FROZEN,False
20,TARGET_ASSISTED_LABELLED_TARGET_CALIBRATION,45,355031,1,1050,f1941a32286971b44141220f02e5baa9938cd0aad30e2fef1efe9f5ea465aa3f,PREDICTIONS_FROZEN,False
21,TARGET_ASSISTED_LABELLED_TARGET_CALIBRATION,45,355031,1,1050,018febb0858e3e50214140be8ff454770a7df31e79b368cd09f63eb3ed583afb,PREDICTIONS_FROZEN,False
35,TARGET_ASSISTED_LABELLED_TARGET_CALIBRATION,45,355031,1,1050,0ed4675273c2d2e9fadf69127544c134d59a4946cf1bd072238c9d0ca62b268e,PREDICTIONS_FROZEN,False
50,TARGET_ASSISTED_LABELLED_TARGET_CALIBRATION,45,355031,1,1050,9c2f6872f65da53c5a4ecec4ecfa342e5fe1e0ffd28a481562b9aadb8acf6513,PREDICTIONS_FROZEN,False
100,TARGET_ASSISTED_LABELLED_TARGET_CALIBRATION,45,355031,1,1050,11c228f0830a3a6b7ceffec6dd7d55a7f8b7799de85164de2c6a4df8409d53f9,PREDICTIONS_FROZEN,False
200,TARGET_ASSISTED_LABELLED_TARGET_CALIBRATION,45,355031,1,1050,27e59fe6fcdc697b6322d0ba2453dae3ef39843be0124e22a0fa3c179b026235,PREDICTIONS_FROZEN,False
500,TARGET_ASSISTED_LABELLED_TARGET_CALIBRATION,45,355031,1,1050,df10c63626cf80c40eb12dbb10f7c77fed431344529e72af38b48065724829e4,PREDICTIONS_FROZEN,False
7,TARGET_ASSISTED_LABELLED_TARGET_CALIBRATION,45,380041,1,1050,7227ee9ebd74c86522d2ce5a3822ade540668bf842ce32017862f75f72ff6262,PREDICTIONS_FROZEN,False
10,TARGET_ASSISTED_LABELLED_TARGET_CALIBRATION,45,380041,1,1050,470962f95c16d9394c3c91a52ad0dcee64148c9af4a0c65ec103dec50dd5b2cb,PREDICTIONS_FROZEN,False
20,TARGET_ASSISTED_LABELLED_TARGET_CALIBRATION,45,380041,1,1050,7847aefd58e06254647fe1078c0df58a21908a6d244e712710d85b4c83b3cb66,PREDICTIONS_FROZEN,False
21,TARGET_ASSISTED_LABELLED_TARGET_CALIBRATION,45,380041,1,1050,84e4ba82f8b3bb844792350951fc8bcbff5564c8527b03169dc7e687e974927b,PREDICTIONS_FROZEN,False
35,TARGET_ASSISTED_LABELLED_TARGET_CALIBRATION,45,380041,1,1050,f87fab67728067a2e784d17b37a99165df77f1535cc10230bc14aa5d278b2e2a,PREDICTIONS_FROZEN,False
50,TARGET_ASSISTED_LABELLED_TARGET_CALIBRATION,45,380041,1,1050,2e2fb1184929b01fa17f0c8f9106fc9f462b54a60309001ae19883b16cd9172a,PREDICTIONS_FROZEN,False
100,TARGET_ASSISTED_LABELLED_TARGET_CALIBRATION,45,380041,1,1050,dd9467fe807595d849a6e2dbafd6226bf6edbde096551574fb12def9d6666d41,PREDICTIONS_FROZEN,False
200,TARGET_ASSISTED_LABELLED_TARGET_CALIBRATION,45,380041,1,1050,bd4f586d44d72be65a10ebca0dbd189117a75a28ae2082444599a79f4b7627bb,PREDICTIONS_FROZEN,False
500,TARGET_ASSISTED_LABELLED_TARGET_CALIBRATION,45,380041,1,1050,6357eab0d7dfcd8d2f09eb8299099c1bb457934cba6eb6609a7e299db0c3156c,PREDICTIONS_FROZEN,False
7,TARGET_ASSISTED_LABELLED_TARGET_CALIBRATION,45,405019,1,1050,576f454bdfd340c3457a4be729cae10ce20390f41e0ea62f71a0b3b7ad366ff2,PREDICTIONS_FROZEN,False
10,TARGET_ASSISTED_LABELLED_TARGET_CALIBRATION,45,405019,1,1050,1f6a3e9d3d1f19b57dc255b69bc525fb2dbe9cdfed4ecdc43461f09bd1bd10dd,PREDICTIONS_FROZEN,False
20,TARGET_ASSISTED_LABELLED_TARGET_CALIBRATION,45,405019,1,1050,dfe0f9a2f3c3845ec67619f5f7646e474e41575006401b92fc182b00cc88f472,PREDICTIONS_FROZEN,False
21,TARGET_ASSISTED_LABELLED_TARGET_CALIBRATION,45,405019,1,1050,c7c489a3c817432d26d40d1e16250344304481a38898d4a9c5819afe57df5311,PREDICTIONS_FROZEN,False
35,TARGET_ASSISTED_LABELLED_TARGET_CALIBRATION,45,405019,1,1050,d6a7ab45be72cfe9e3238cb01ea24079a492ffd5efed9b664b735da8a45a4f9f,PREDICTIONS_FROZEN,False
50,TARGET_ASSISTED_LABELLED_TARGET_CALIBRATION,45,405019,1,1050,3215617024d02f23943b051306a24c13492de074d24545b9ae287cc81f21b18a,PREDICTIONS_FROZEN,False
100,TARGET_ASSISTED_LABELLED_TARGET_CALIBRATION,45,405019,1,1050,6f6d14be1cc103a4a75990d3dfeb145e6fe37a3bb0046c4030161164bfbeadd8,PREDICTIONS_FROZEN,False
200,TARGET_ASSISTED_LABELLED_TARGET_CALIBRATION,45,405019,1,1050,dea517cd2d27c0b30cf6bdc428b3c8924bbf6dccb9446a61ae527079ed9878f7,PREDICTIONS_FROZEN,False
500,TARGET_ASSISTED_LABELLED_TARGET_CALIBRATION,45,405019,1,1050,6357eab0d7dfcd8d2f09eb8299099c1bb457934cba6eb6609a7e299db0c3156c,PREDICTIONS_FROZEN,False
7,TARGET_ASSISTED_LABELLED_TARGET_CALIBRATION,45,430007,1,1050,8f1bd7c1e6d0ee5ba85bfabf6935bd8528897b70168bc166a14f863f9d15ed7d,PREDICTIONS_FROZEN,False
10,TARGET_ASSISTED_LABELLED_TARGET_CALIBRATION,45,430007,1,1050,8e315078d4f36bf2a9b51612150fee919b3298ec8052733c4bf882acb3c83916,PREDICTIONS_FROZEN,False
20,TARGET_ASSISTED_LABELLED_TARGET_CALIBRATION,45,430007,1,1050,b569b7d92e63b6e26664ec6d607b092fade32a2ee95d572456ada65f058d0177,PREDICTIONS_FROZEN,False
21,TARGET_ASSISTED_LABELLED_TARGET_CALIBRATION,45,430007,1,1050,df44c75765bd29ea378c36061de41387bcb1ae452a8e50cbb5a6e727e3116115,PREDICTIONS_FROZEN,False
35,TARGET_ASSISTED_LABELLED_TARGET_CALIBRATION,45,430007,1,1050,92849d8e11c9d1157d254bff8d30ed91f02455ffbac65997d48576ba48c7eed1,PREDICTIONS_FROZEN,False
50,TARGET_ASSISTED_LABELLED_TARGET_CALIBRATION,45,430007,1,1050,839f633e203c5896729a561e1b2c482846e5c672a2b186665a606fd160211bd2,PREDICTIONS_FROZEN,False
100,TARGET_ASSISTED_LABELLED_TARGET_CALIBRATION,45,430007,1,1050,29251ef2b253fb3bb2dc6d46f8d3f4dc1d80674a3184234570fbe3f201725e24,PREDICTIONS_FROZEN,False
200,TARGET_ASSISTED_LABELLED_TARGET_CALIBRATION,45,430007,1,1050,9ad48e39e7a3d29d3dde5f0f107aa9d4107c851aac16fcc67a9100e45057a3f1,PREDICTIONS_FROZEN,False
500,TARGET_ASSISTED_LABELLED_TARGET_CALIBRATION,45,430007,1,1050,707839d21ef97c16ded8574499fe8cfc3a65d3f6af94cc23b78a384c8475c50d,PREDICTIONS_FROZEN,False
7,TARGET_ASSISTED_LABELLED_TARGET_CALIBRATION,45,455003,1,1050,9dea65ef23174b771aef9b2b1bbbef8f330e3d49dd655b3ff7fa6cee2f023be6,PREDICTIONS_FROZEN,False
10,TARGET_ASSISTED_LABELLED_TARGET_CALIBRATION,45,455003,1,1050,3130273d9afd1cb44cfa33e3b5b73623380d4070e32042b7a493af509677af17,PREDICTIONS_FROZEN,False
20,TARGET_ASSISTED_LABELLED_TARGET_CALIBRATION,45,455003,1,1050,1b4dc0e0e4908c384c58ea15ea55608357b41b97e8abbc5eee6efe3d4b7717e6,PREDICTIONS_FROZEN,False
21,TARGET_ASSISTED_LABELLED_TARGET_CALIBRATION,45,455003,1,1050,59a5596e9497aa77841bea2ce99bb71922de26ce6274c8e1e67974fb118f9095,PREDICTIONS_FROZEN,False
35,TARGET_ASSISTED_LABELLED_TARGET_CALIBRATION,45,455003,1,1050,66adbd7278f5bee5b286fa00550e5b9b17c62003024883fca63081c9c1f339aa,PREDICTIONS_FROZEN,False
50,TARGET_ASSISTED_LABELLED_TARGET_CALIBRATION,45,455003,1,1050,fba59aa7e7109f1eee2a05f1913eca4c956328e67b77728a765a3461a8da8185,PREDICTIONS_FROZEN,False
100,TARGET_ASSISTED_LABELLED_TARGET_CALIBRATION,45,455003,1,1050,50eaf30ab82e9b0b4cc28c40d822727f24dfa8e7dc44f1577450e445fc3d23db,PREDICTIONS_FROZEN,False
200,TARGET_ASSISTED_LABELLED_TARGET_CALIBRATION,45,455003,1,1050,3df2168abcd8039fbacbe786dc8c9bae785d205b6c662df1c2b3bbe3cff82898,PREDICTIONS_FROZEN,False
500,TARGET_ASSISTED_LABELLED_TARGET_CALIBRATION,45,455003,1,1050,c6828915970f95892c775304727cd7406e8285f65c7c1cd7c511fb649d8a9717,PREDICTIONS_FROZEN,False
7,TARGET_ASSISTED_LABELLED_TARGET_CALIBRATION,45,480017,1,1050,97b7c45eac284e5126c21329ae24c91b2bf4c55e54338e016fe2f464e300a17d,PREDICTIONS_FROZEN,False
10,TARGET_ASSISTED_LABELLED_TARGET_CALIBRATION,45,480017,1,1050,d0288e4f4ca48ee38931f9bab1dd8b3500602e5a753967b58118643a47322f67,PREDICTIONS_FROZEN,False
20,TARGET_ASSISTED_LABELLED_TARGET_CALIBRATION,45,480017,1,1050,9ab1f3d78ef1a0bebec2d30a4a524035f0995ac0e88852eb7e19cc0ffc04b31e,PREDICTIONS_FROZEN,False
21,TARGET_ASSISTED_LABELLED_TARGET_CALIBRATION,45,480017,1,1050,1a0ef6b61212b2f4872a053fc17eb8252f49746134ef45a0712ccacf2b1fea79,PREDICTIONS_FROZEN,False
35,TARGET_ASSISTED_LABELLED_TARGET_CALIBRATION,45,480017,1,1050,c8b00897d56750d2638f32b928ec889066721d99102d840a758783209d5b6f74,PREDICTIONS_FROZEN,False
50,TARGET_ASSISTED_LABELLED_TARGET_CALIBRATION,45,480017,1,1050,faa700540be317f6dc8f3383176339e670f6f492a3bc2942f9f9126449b1286c,PREDICTIONS_FROZEN,False
100,TARGET_ASSISTED_LABELLED_TARGET_CALIBRATION,45,480017,1,1050,781d052c2e6fbd3948e693195e99d94dca31b258e594c1f0441a8121434deded,PREDICTIONS_FROZEN,False
200,TARGET_ASSISTED_LABELLED_TARGET_CALIBRATION,45,480017,1,1050,429e420f0175994754bb73dc4b56682c057cec311b71a748739f47a9b2ab9f48,PREDICTIONS_FROZEN,False
500,TARGET_ASSISTED_LABELLED_TARGET_CALIBRATION,45,480017,1,1050,df10c63626cf80c40eb12dbb10f7c77fed431344529e72af38b48065724829e4,PREDICTIONS_FROZEN,False
7,TARGET_ASSISTED_LABELLED_TARGET_CALIBRATION,45,505027,1,1050,7a15d917c5d5962a04b147775e7f90b4bdeaf17b2f12399ab52c58def09e2126,PREDICTIONS_FROZEN,False
10,TARGET_ASSISTED_LABELLED_TARGET_CALIBRATION,45,505027,1,1050,13f1197c739eb1317c0fa82066e3b1009c4b5f7d603b74ecb406a27cbe14490e,PREDICTIONS_FROZEN,False
20,TARGET_ASSISTED_LABELLED_TARGET_CALIBRATION,45,505027,1,1050,1d2c77f97302b7997c2dee3626660fe36c929aab003a281b2778a8b0c6c5563d,PREDICTIONS_FROZEN,False
21,TARGET_ASSISTED_LABELLED_TARGET_CALIBRATION,45,505027,1,1050,cec67209c1f1461fc5095cc19de112265689188f345dbbd8e2a89a546efa624f,PREDICTIONS_FROZEN,False
35,TARGET_ASSISTED_LABELLED_TARGET_CALIBRATION,45,505027,1,1050,66adbd7278f5bee5b286fa00550e5b9b17c62003024883fca63081c9c1f339aa,PREDICTIONS_FROZEN,False
50,TARGET_ASSISTED_LABELLED_TARGET_CALIBRATION,45,505027,1,1050,2276cb8a4a94ef0378742d1a6ba4cd685e80a62f8ebc965e29aa5a3e860fe179,PREDICTIONS_FROZEN,False
100,TARGET_ASSISTED_LABELLED_TARGET_CALIBRATION,45,505027,1,1050,bf2faa4ffc964c7edda5c23266123d6c72eef5f88837074758f51c01f453432a,PREDICTIONS_FROZEN,False
200,TARGET_ASSISTED_LABELLED_TARGET_CALIBRATION,45,505027,1,1050,92220ee196753f5e3833236b15c527891630ba4bd7fc7020618816a893891b48,PREDICTIONS_FROZEN,False
500,TARGET_ASSISTED_LABELLED_TARGET_CALIBRATION,45,505027,1,1050,81d55d6d64840237451bf14c34005d52257c06f3926268a2276de1c652266fb7,PREDICTIONS_FROZEN,False
7,TARGET_ASSISTED_LABELLED_TARGET_CALIBRATION,45,530017,1,1050,31774fa8ddd20f3fdb253bfd5c21a359fef88ebff5d3b463dd7388c3a6570d9c,PREDICTIONS_FROZEN,False
10,TARGET_ASSISTED_LABELLED_TARGET_CALIBRATION,45,530017,1,1050,ce87a909de17801f145c18a24534c15faf116d561e640c317fb8faa2a202853e,PREDICTIONS_FROZEN,False
20,TARGET_ASSISTED_LABELLED_TARGET_CALIBRATION,45,530017,1,1050,e0f196c6659b88bdf8a6f2d7956cc95d0388794c95ba111c6738731c3c86185a,PREDICTIONS_FROZEN,False
21,TARGET_ASSISTED_LABELLED_TARGET_CALIBRATION,45,530017,1,1050,17c34c08666ec77d7a1d719d613cb37d2643ebcd81bc8cc325f19ade8b734a64,PREDICTIONS_FROZEN,False
35,TARGET_ASSISTED_LABELLED_TARGET_CALIBRATION,45,530017,1,1050,f9c739d7d580e1d65d2eff3d8bb0c0ef6d1a0a208b97ead8699b340d9d59e11c,PREDICTIONS_FROZEN,False
50,TARGET_ASSISTED_LABELLED_TARGET_CALIBRATION,45,530017,1,1050,329c44f21db5e4eba7327cf98314c562e2d92da05f42c97b44ceea89fe620be3,PREDICTIONS_FROZEN,False
100,TARGET_ASSISTED_LABELLED_TARGET_CALIBRATION,45,530017,1,1050,9c45669afbd49411788a27f4b8661d7328bf10c76085fbaa8a5f5964a9018e50,PREDICTIONS_FROZEN,False
200,TARGET_ASSISTED_LABELLED_TARGET_CALIBRATION,45,530017,1,1050,ef8d97c0132e1671f7bc8f4419141266dac3ec8c0fc6ce75e56ad396ac466014,PREDICTIONS_FROZEN,False
500,TARGET_ASSISTED_LABELLED_TARGET_CALIBRATION,45,530017,1,1050,6a934fd26ab8b68112b61330fffb4c56e23bc0a21ca40bade440311e845715fb,PREDICTIONS_FROZEN,False
7,TARGET_ASSISTED_LABELLED_TARGET_CALIBRATION,45,555029,1,1050,7227ee9ebd74c86522d2ce5a3822ade540668bf842ce32017862f75f72ff6262,PREDICTIONS_FROZEN,False
10,TARGET_ASSISTED_LABELLED_TARGET_CALIBRATION,45,555029,1,1050,522fdae534eb098db721f7c544a850cbd950783ffb01c7af33618cfb4c8799b5,PREDICTIONS_FROZEN,False
20,TARGET_ASSISTED_LABELLED_TARGET_CALIBRATION,45,555029,1,1050,f3fd5338d6d7d1e62416b6b6a59f36433701c28752bac52de0e3b68dded0582a,PREDICTIONS_FROZEN,False
21,TARGET_ASSISTED_LABELLED_TARGET_CALIBRATION,45,555029,1,1050,b0c553e558e91967b48496c9ecd68af00eacaa621b9046613e50f7b804eeb623,PREDICTIONS_FROZEN,False
35,TARGET_ASSISTED_LABELLED_TARGET_CALIBRATION,45,555029,1,1050,7ea44a3eb8f090f82d498699f8d3f687652972b3e2360e5bc28762b5c352afb6,PREDICTIONS_FROZEN,False
50,TARGET_ASSISTED_LABELLED_TARGET_CALIBRATION,45,555029,1,1050,0a94a74dfb171d284e2ea39249c7b16f9383c7807668899f954f013a1e168c9a,PREDICTIONS_FROZEN,False
100,TARGET_ASSISTED_LABELLED_TARGET_CALIBRATION,45,555029,1,1050,a60fafa62efdc5a33c74d252924ae704b4cd9df740d3391b194520f8715e7c15,PREDICTIONS_FROZEN,False
200,TARGET_ASSISTED_LABELLED_TARGET_CALIBRATION,45,555029,1,1050,9d461f0b9fbb5d46f2f7c1126e4c915a5137c768a6de2abf09f0e24b70da0c12,PREDICTIONS_FROZEN,False
500,TARGET_ASSISTED_LABELLED_TARGET_CALIBRATION,45,555029,1,1050,6357eab0d7dfcd8d2f09eb8299099c1bb457934cba6eb6609a7e299db0c3156c,PREDICTIONS_FROZEN,False
7,TARGET_ASSISTED_LABELLED_TARGET_CALIBRATION,45,580031,1,1050,207ac4984e8c8937ff387e9bb25db228b2ea0878a96c07731850b64c0fb2a461,PREDICTIONS_FROZEN,False
10,TARGET_ASSISTED_LABELLED_TARGET_CALIBRATION,45,580031,1,1050,53181d095dbfd27d620d882266fbc643bc0d0cd75ff2c50d879e3bf6d72eba71,PREDICTIONS_FROZEN,False
20,TARGET_ASSISTED_LABELLED_TARGET_CALIBRATION,45,580031,1,1050,928df9c3acc6bd1db5d0fbcf09da5ccad963533aa0ce9094e52fcd94db74686f,PREDICTIONS_FROZEN,False
21,TARGET_ASSISTED_LABELLED_TARGET_CALIBRATION,45,580031,1,1050,ed11718dcc855fcf6609cf4117bfe9978e864e8b5f9f77b104c6ea17edd526fb,PREDICTIONS_FROZEN,False
35,TARGET_ASSISTED_LABELLED_TARGET_CALIBRATION,45,580031,1,1050,3dfddbb12d72a3f5e49437a841e531221c1f1f9385f8df3cc8364fb7a26ec3b4,PREDICTIONS_FROZEN,False
50,TARGET_ASSISTED_LABELLED_TARGET_CALIBRATION,45,580031,1,1050,eb7218057a0c67b60e78cee74562c59aacef4b423cb6ece3e9216afb6c039318,PREDICTIONS_FROZEN,False
100,TARGET_ASSISTED_LABELLED_TARGET_CALIBRATION,45,580031,1,1050,80b7dea78095df2bd6d6eacfb0a0fc20f804d63e0e93a395a825d898f6773313,PREDICTIONS_FROZEN,False
200,TARGET_ASSISTED_LABELLED_TARGET_CALIBRATION,45,580031,1,1050,085cea8dffeb62e08594b91f748fd770a1cc607d1f98dad36e0b0860a25e0f02,PREDICTIONS_FROZEN,False
500,TARGET_ASSISTED_LABELLED_TARGET_CALIBRATION,45,580031,1,1050,bed3a6db1fd4d90b703ea87de490541e94748a61a96b8dd9f9dd742f8219b90c,PREDICTIONS_FROZEN,False
0,STRICT_SOURCE_ONLY_DG,45,,2,1050,74566da2ab72bd3d6ed7cabf30d29fe9534b4605c049f0bb7a2fe90f8eb2390b,PREDICTIONS_FROZEN,False
7,TARGET_ASSISTED_LABELLED_TARGET_CALIBRATION,45,104729,2,1050,ea0223cb9e83300b928b441ef8a2ba7e906d394da5e35d7c535d1c15e8dccdfb,PREDICTIONS_FROZEN,False
10,TARGET_ASSISTED_LABELLED_TARGET_CALIBRATION,45,104729,2,1050,f9ebf98c5e863d58fde7c96ca5248087e9b220255ff4859cdc5d6ace163c6b32,PREDICTIONS_FROZEN,False
20,TARGET_ASSISTED_LABELLED_TARGET_CALIBRATION,45,104729,2,1050,2365753e5ab06ce5ebc85686778c065b80df9be8d186158bc0b5ee5059714c10,PREDICTIONS_FROZEN,False
21,TARGET_ASSISTED_LABELLED_TARGET_CALIBRATION,45,104729,2,1050,8ac99925281aaafdd0be896153c642426c5c2094f2478869bfa3d61fa6ec04bd,PREDICTIONS_FROZEN,False
35,TARGET_ASSISTED_LABELLED_TARGET_CALIBRATION,45,104729,2,1050,ea311e22998dacb3bd3f34e9d8dacff82a79ddc01a4c7fa754c7cd23f50f670e,PREDICTIONS_FROZEN,False
50,TARGET_ASSISTED_LABELLED_TARGET_CALIBRATION,45,104729,2,1050,aeaa9c67cf7a15820703ee61c04c3b2798c5fad631f4a3e8f3a94ec1c11b7be1,PREDICTIONS_FROZEN,False
100,TARGET_ASSISTED_LABELLED_TARGET_CALIBRATION,45,104729,2,1050,b634c75879da8b8b563f4615f5ced48a8e3438192fb6bd0c2349d80e8922d3f2,PREDICTIONS_FROZEN,False
200,TARGET_ASSISTED_LABELLED_TARGET_CALIBRATION,45,104729,2,1050,6deabcbc355c850674e31684afdb25527de5bab80d39df63790ea53537f7b12a,PREDICTIONS_FROZEN,False
500,TARGET_ASSISTED_LABELLED_TARGET_CALIBRATION,45,104729,2,1050,e34af23b8396cdb12f5b610b13ec744169c402bc0e57e65f169f1baa28d1a851,PREDICTIONS_FROZEN,False
7,TARGET_ASSISTED_LABELLED_TARGET_CALIBRATION,45,130363,2,1050,ea0223cb9e83300b928b441ef8a2ba7e906d394da5e35d7c535d1c15e8dccdfb,PREDICTIONS_FROZEN,False
10,TARGET_ASSISTED_LABELLED_TARGET_CALIBRATION,45,130363,2,1050,74e9a12962ee8a89b173e01a60d981780427bca6272dbd43838d834f728656a0,PREDICTIONS_FROZEN,False
20,TARGET_ASSISTED_LABELLED_TARGET_CALIBRATION,45,130363,2,1050,6a33ed3f15bf1fe57cca596932b2add0b4e7c69bde87bda8284c6c18f011042c,PREDICTIONS_FROZEN,False
21,TARGET_ASSISTED_LABELLED_TARGET_CALIBRATION,45,130363,2,1050,8d9421da835e477bdcbf34816bc589504173c72adf83668ff3f5e9f8100486aa,PREDICTIONS_FROZEN,False
35,TARGET_ASSISTED_LABELLED_TARGET_CALIBRATION,45,130363,2,1050,53f71ae62d747e96c829b4563c26a5f5d785a386e0278f95d0aa5a4947b59e01,PREDICTIONS_FROZEN,False
50,TARGET_ASSISTED_LABELLED_TARGET_CALIBRATION,45,130363,2,1050,2efa38464e1fc69656086e5419c388ebb4386f9b52167b0735408952e1afb425,PREDICTIONS_FROZEN,False
100,TARGET_ASSISTED_LABELLED_TARGET_CALIBRATION,45,130363,2,1050,731836eca0beac51c0f878c152a8205cd416efc8e7748be7d8785e35daa9afbf,PREDICTIONS_FROZEN,False
200,TARGET_ASSISTED_LABELLED_TARGET_CALIBRATION,45,130363,2,1050,42ad67b1ea6dc4192beefba3d264238bd59c74133c0caa1b51acd4edfc2265a9,PREDICTIONS_FROZEN,False
500,TARGET_ASSISTED_LABELLED_TARGET_CALIBRATION,45,130363,2,1050,e1b0eb1099cfc1c2c7da224c6e1bc0dc7907d43e4d4a13a714ecf0ffba664f1d,PREDICTIONS_FROZEN,False
7,TARGET_ASSISTED_LABELLED_TARGET_CALIBRATION,45,155921,2,1050,2fdddac6a6401fd7dc3cb2c0d5f25cfb5c6d1237457bf18a144d5b8f9f2106b2,PREDICTIONS_FROZEN,False
10,TARGET_ASSISTED_LABELLED_TARGET_CALIBRATION,45,155921,2,1050,424ee9d56b816cfe42d92d1274318de02b060f7c7829bc8d8afdda5c6ce5a5c6,PREDICTIONS_FROZEN,False
20,TARGET_ASSISTED_LABELLED_TARGET_CALIBRATION,45,155921,2,1050,9741cf1acd7075edb31281aa8fc2131aa4605992bce296b62e71a9210b6f764d,PREDICTIONS_FROZEN,False
21,TARGET_ASSISTED_LABELLED_TARGET_CALIBRATION,45,155921,2,1050,15c43f9d97fa5738a5d7f3defabb7bbda86661c694882907df6284a2c26bb3a6,PREDICTIONS_FROZEN,False
35,TARGET_ASSISTED_LABELLED_TARGET_CALIBRATION,45,155921,2,1050,67bd0e21a28c8e43377baf7e837778357e450fca1262d4eea8c545b6220a731e,PREDICTIONS_FROZEN,False
50,TARGET_ASSISTED_LABELLED_TARGET_CALIBRATION,45,155921,2,1050,48a716b413b59939a8328752fe85e30363af5ee828f5fbf61d9aa599f804f7cb,PREDICTIONS_FROZEN,False
100,TARGET_ASSISTED_LABELLED_TARGET_CALIBRATION,45,155921,2,1050,9531b7e1f5e5746acfcb952b5a17848e4fa204f1ccf7a9dd07dd40777c7ffa85,PREDICTIONS_FROZEN,False
200,TARGET_ASSISTED_LABELLED_TARGET_CALIBRATION,45,155921,2,1050,13144b843749a0f4c3480ff8c8d97b40d81cd6b92ca07f7a66a056e4ec2bcd5f,PREDICTIONS_FROZEN,False
500,TARGET_ASSISTED_LABELLED_TARGET_CALIBRATION,45,155921,2,1050,ac0ba5a6b4ecd1fe82bf1d37283d0f0efa64b48a12fdd24c3f6e783dea16d6aa,PREDICTIONS_FROZEN,False
7,TARGET_ASSISTED_LABELLED_TARGET_CALIBRATION,45,181081,2,1050,d306e2fc8fb592d0ee34be9bd092ca1ffe9310e84135524aa1307fadcd63ba7a,PREDICTIONS_FROZEN,False
10,TARGET_ASSISTED_LABELLED_TARGET_CALIBRATION,45,181081,2,1050,da6159cb0f741ac320d382fe20525f789bea4707439a018036644b03a0cb28bd,PREDICTIONS_FROZEN,False
20,TARGET_ASSISTED_LABELLED_TARGET_CALIBRATION,45,181081,2,1050,a9bdc65b8e92621207e3da7f9e7c88fd4efbe97724327daa7008324b5efe73ee,PREDICTIONS_FROZEN,False
21,TARGET_ASSISTED_LABELLED_TARGET_CALIBRATION,45,181081,2,1050,c5a234d188c5fecb0324d47e43ec452ff75caaf655bb4dcd8c6e5aa74a567e86,PREDICTIONS_FROZEN,False
35,TARGET_ASSISTED_LABELLED_TARGET_CALIBRATION,45,181081,2,1050,160f23b12826d5ddc9514d6e23f02a4d938a472946c47f745d60da45a8e7c243,PREDICTIONS_FROZEN,False
50,TARGET_ASSISTED_LABELLED_TARGET_CALIBRATION,45,181081,2,1050,057b56e35305863b625aa8c0116d5cf6d41dc5a9fca54407e0271b084372d3ff,PREDICTIONS_FROZEN,False
100,TARGET_ASSISTED_LABELLED_TARGET_CALIBRATION,45,181081,2,1050,f5cdd73e5a1f0b32ceae1f91555afbfdde12a3f0b335c11f743c42e891107dea,PREDICTIONS_FROZEN,False
200,TARGET_ASSISTED_LABELLED_TARGET_CALIBRATION,45,181081,2,1050,a31e2e8fbedadb4ce554c0c2351be37929f72bb102a42b71bc4a881216db55dc,PREDICTIONS_FROZEN,False
500,TARGET_ASSISTED_LABELLED_TARGET_CALIBRATION,45,181081,2,1050,dcad31d12944308ce645a97b367414856b1cbb80e778d6f6a25efdf209ac387e,PREDICTIONS_FROZEN,False
7,TARGET_ASSISTED_LABELLED_TARGET_CALIBRATION,45,205439,2,1050,876e3f1cf49ad9d7e25038c09cc9570f25be57b1c29d7a8c8e7076d3b90869e3,PREDICTIONS_FROZEN,False
10,TARGET_ASSISTED_LABELLED_TARGET_CALIBRATION,45,205439,2,1050,4338c1ac4ed313caaa08da5d373e5b79d6e78e8895132dff1d629624c28ef060,PREDICTIONS_FROZEN,False
20,TARGET_ASSISTED_LABELLED_TARGET_CALIBRATION,45,205439,2,1050,07a9a9cad8686316ece46bd625b757e66152591033c7b41a287039f8a4af50d9,PREDICTIONS_FROZEN,False
21,TARGET_ASSISTED_LABELLED_TARGET_CALIBRATION,45,205439,2,1050,7928fc4d8ba53bf6cc521299c877f8ca977cf9234a0804302588f8a936704ee1,PREDICTIONS_FROZEN,False
35,TARGET_ASSISTED_LABELLED_TARGET_CALIBRATION,45,205439,2,1050,7536eb25515f2b5a65bb5f6581e0c7261d22a9fce295b504f6ab7e49bccec277,PREDICTIONS_FROZEN,False
50,TARGET_ASSISTED_LABELLED_TARGET_CALIBRATION,45,205439,2,1050,94f300eb58b72a4fbe6f405666d64776cb0569fd8e034847ae7e6d176ce7450c,PREDICTIONS_FROZEN,False
100,TARGET_ASSISTED_LABELLED_TARGET_CALIBRATION,45,205439,2,1050,1b97deac886eb396c8963e0f60bacdce442b83f70de3d1d7b88fbb4ab633ff26,PREDICTIONS_FROZEN,False
200,TARGET_ASSISTED_LABELLED_TARGET_CALIBRATION,45,205439,2,1050,a7b11cbdcc260d3c6d75d435575de9b2d8ae136c480adb79f8f80ea9baa20b4e,PREDICTIONS_FROZEN,False
500,TARGET_ASSISTED_LABELLED_TARGET_CALIBRATION,45,205439,2,1050,b387c2cd77ae0e6c49d6783d836cc379eb690af1ebda0e9baa820e303724fcf0,PREDICTIONS_FROZEN,False
7,TARGET_ASSISTED_LABELLED_TARGET_CALIBRATION,45,230003,2,1050,428e26835076a8045d4e249a377ca9d6322d34e71c3b221e61a1141ab1b91456,PREDICTIONS_FROZEN,False
10,TARGET_ASSISTED_LABELLED_TARGET_CALIBRATION,45,230003,2,1050,c98499d556ac5c34ac917d1957b1e4848e4af2dc8c133c6280986914e4412b85,PREDICTIONS_FROZEN,False
20,TARGET_ASSISTED_LABELLED_TARGET_CALIBRATION,45,230003,2,1050,5764abf192f01e32bfb1cecc5e8d004ae0a6f71b87cbb4c6519f10e64a10ebbe,PREDICTIONS_FROZEN,False
21,TARGET_ASSISTED_LABELLED_TARGET_CALIBRATION,45,230003,2,1050,57735ae4d5c9ce2a05d5ffbc2ebecd9b4ac9b312a01883a62c8b322f9e82e0d3,PREDICTIONS_FROZEN,False
35,TARGET_ASSISTED_LABELLED_TARGET_CALIBRATION,45,230003,2,1050,905305376b940480bd3fc32a143f0b1d1f3294bbe629444759bcf9791cc6f402,PREDICTIONS_FROZEN,False
50,TARGET_ASSISTED_LABELLED_TARGET_CALIBRATION,45,230003,2,1050,9f5026585169ebe46740aa2dbb6728b43ded4e5f8f33084820c11a400b54ba6b,PREDICTIONS_FROZEN,False
100,TARGET_ASSISTED_LABELLED_TARGET_CALIBRATION,45,230003,2,1050,09ca616c1537c9ef710598aa9f231cb9af27a8bca70d16061fd21bab9648f280,PREDICTIONS_FROZEN,False
200,TARGET_ASSISTED_LABELLED_TARGET_CALIBRATION,45,230003,2,1050,9a4e10f6fc9cc312fb119b83f5335994bf0873b8c9372850520ec4674a485ec3,PREDICTIONS_FROZEN,False
500,TARGET_ASSISTED_LABELLED_TARGET_CALIBRATION,45,230003,2,1050,18dd0d7e09921c76e37bedf51deb08c54e4af1c86e8eb6382f7d9f10fbb9bc69,PREDICTIONS_FROZEN,False
7,TARGET_ASSISTED_LABELLED_TARGET_CALIBRATION,45,254959,2,1050,9bb701fe3a9b0e285e22c3d8558209a32d0fd2893aa6e9af5f280bd68851ab77,PREDICTIONS_FROZEN,False
10,TARGET_ASSISTED_LABELLED_TARGET_CALIBRATION,45,254959,2,1050,5eb6294b694953ccc467f2a6d21771f7a2ea868c0781e89d5f68de1078faa73b,PREDICTIONS_FROZEN,False
20,TARGET_ASSISTED_LABELLED_TARGET_CALIBRATION,45,254959,2,1050,b852d39d1c399ce4f6f2ab81547eab83cbfe20277432a14935af83f41546f65f,PREDICTIONS_FROZEN,False
21,TARGET_ASSISTED_LABELLED_TARGET_CALIBRATION,45,254959,2,1050,7928fc4d8ba53bf6cc521299c877f8ca977cf9234a0804302588f8a936704ee1,PREDICTIONS_FROZEN,False
35,TARGET_ASSISTED_LABELLED_TARGET_CALIBRATION,45,254959,2,1050,747b55c0cbc0d154babcc587a65f0b65d88098baac2b83278dc11be4faac553f,PREDICTIONS_FROZEN,False
50,TARGET_ASSISTED_LABELLED_TARGET_CALIBRATION,45,254959,2,1050,b43c31d9309236cafe023250844bc6b5ab36a653db0fdac46a63031f6d337067,PREDICTIONS_FROZEN,False
100,TARGET_ASSISTED_LABELLED_TARGET_CALIBRATION,45,254959,2,1050,4749e1460fe8eae108adcd4aa207a81336ac113e2a40bf8f50f408cc6fe83f45,PREDICTIONS_FROZEN,False
200,TARGET_ASSISTED_LABELLED_TARGET_CALIBRATION,45,254959,2,1050,18cbb3903ab537d5cbb947387a3eb339bd42f479f538c355df303332d408f299,PREDICTIONS_FROZEN,False
500,TARGET_ASSISTED_LABELLED_TARGET_CALIBRATION,45,254959,2,1050,2c971ca2c6bac5f32d43b75280887b3dafea05828aede6595ea72ed362cf605b,PREDICTIONS_FROZEN,False
7,TARGET_ASSISTED_LABELLED_TARGET_CALIBRATION,45,280001,2,1050,e8cde58a6cc853ad716281854a098d7581b6571ca4623072020d469b2301c689,PREDICTIONS_FROZEN,False
10,TARGET_ASSISTED_LABELLED_TARGET_CALIBRATION,45,280001,2,1050,33438f06c54265d0f372690465d17efec49ebc8726806c615b969a06129cb6e9,PREDICTIONS_FROZEN,False
20,TARGET_ASSISTED_LABELLED_TARGET_CALIBRATION,45,280001,2,1050,c0486d744425de1d845bcd27a19a3990a17a6f2bcf99f1e6a89e911905cf9793,PREDICTIONS_FROZEN,False
21,TARGET_ASSISTED_LABELLED_TARGET_CALIBRATION,45,280001,2,1050,a2e08aa5deb703502cb0a715ca54aeb22abf1df03524c8514924d32879acf339,PREDICTIONS_FROZEN,False
35,TARGET_ASSISTED_LABELLED_TARGET_CALIBRATION,45,280001,2,1050,48dee69a90768029f16b4725544a820e13a2fa2f6d47d250154909def1018d1e,PREDICTIONS_FROZEN,False
50,TARGET_ASSISTED_LABELLED_TARGET_CALIBRATION,45,280001,2,1050,bbf895fe1f07ec45c3b6dc1391961f62d8333f0235bf7539a8a5d18242455f67,PREDICTIONS_FROZEN,False
100,TARGET_ASSISTED_LABELLED_TARGET_CALIBRATION,45,280001,2,1050,35369439ae2ec941d2d9827dcc603414e9d4bd53c6e03cc88e0883178270215b,PREDICTIONS_FROZEN,False
200,TARGET_ASSISTED_LABELLED_TARGET_CALIBRATION,45,280001,2,1050,50735efd5525dd4d0797f3a35e8c6729c756986fc424343a6f0d014a274495f7,PREDICTIONS_FROZEN,False
500,TARGET_ASSISTED_LABELLED_TARGET_CALIBRATION,45,280001,2,1050,2b62b74fef979e2d08aa04e152443ee0cd8eaa0a79f6d496370f1c539057c491,PREDICTIONS_FROZEN,False
7,TARGET_ASSISTED_LABELLED_TARGET_CALIBRATION,45,305093,2,1050,ea0223cb9e83300b928b441ef8a2ba7e906d394da5e35d7c535d1c15e8dccdfb,PREDICTIONS_FROZEN,False
10,TARGET_ASSISTED_LABELLED_TARGET_CALIBRATION,45,305093,2,1050,8bef658f120c1247cb8bf05a20f4a9d2e16f4b094edb8f01c88bef11d97e512a,PREDICTIONS_FROZEN,False
20,TARGET_ASSISTED_LABELLED_TARGET_CALIBRATION,45,305093,2,1050,4b3b5428edb6ff1feed35122c172a36022fab8af3c7783d36fc0ea05833a4911,PREDICTIONS_FROZEN,False
21,TARGET_ASSISTED_LABELLED_TARGET_CALIBRATION,45,305093,2,1050,289a121646f56e1460b565a9c4577da001a2c5eccc9cae2c003c9ec278e45748,PREDICTIONS_FROZEN,False
35,TARGET_ASSISTED_LABELLED_TARGET_CALIBRATION,45,305093,2,1050,b78099468615180bf7fed70836ea05d3da27eb15cc585397e83cfded1f353158,PREDICTIONS_FROZEN,False
50,TARGET_ASSISTED_LABELLED_TARGET_CALIBRATION,45,305093,2,1050,b8687bf0678ca219727f8d758565f84fef4b8b64138faaea6e171c6f83853414,PREDICTIONS_FROZEN,False
100,TARGET_ASSISTED_LABELLED_TARGET_CALIBRATION,45,305093,2,1050,143831791f464eda85b5ecf28b9030e5b62d03c7f80eb99de34e3c40df2ca72c,PREDICTIONS_FROZEN,False
200,TARGET_ASSISTED_LABELLED_TARGET_CALIBRATION,45,305093,2,1050,6b0d66553ada6434507d6bebb68a841888de4b8941fa6d3f4aa7d2d0032a1705,PREDICTIONS_FROZEN,False
500,TARGET_ASSISTED_LABELLED_TARGET_CALIBRATION,45,305093,2,1050,dcad31d12944308ce645a97b367414856b1cbb80e778d6f6a25efdf209ac387e,PREDICTIONS_FROZEN,False
7,TARGET_ASSISTED_LABELLED_TARGET_CALIBRATION,45,330017,2,1050,8c7dba95ce0f59044b0bc78fd43099bf0eb5b7f9bd2ed13b62824fe9d24bee0b,PREDICTIONS_FROZEN,False
10,TARGET_ASSISTED_LABELLED_TARGET_CALIBRATION,45,330017,2,1050,289a71e473f2dbc968023180cd9688e6f0b30d6ee83f63867a4d1ae2e3f3a940,PREDICTIONS_FROZEN,False
20,TARGET_ASSISTED_LABELLED_TARGET_CALIBRATION,45,330017,2,1050,878e6cc944cb30dedd94a8064900291e91a3095dcb4591fe4423b2e198096942,PREDICTIONS_FROZEN,False
21,TARGET_ASSISTED_LABELLED_TARGET_CALIBRATION,45,330017,2,1050,878e6cc944cb30dedd94a8064900291e91a3095dcb4591fe4423b2e198096942,PREDICTIONS_FROZEN,False
35,TARGET_ASSISTED_LABELLED_TARGET_CALIBRATION,45,330017,2,1050,aa6fd29d6f9bbecde7823eff6115738500a34b37d60290a5765862bca0733896,PREDICTIONS_FROZEN,False
50,TARGET_ASSISTED_LABELLED_TARGET_CALIBRATION,45,330017,2,1050,c38ba2ad837c5f4852345b3e9b8cc2279cafa4d3a1cd3eaaa297c34562e6c67a,PREDICTIONS_FROZEN,False
100,TARGET_ASSISTED_LABELLED_TARGET_CALIBRATION,45,330017,2,1050,db14ffe3bc6dbd2d8b312598bd767e7c85dd390b62b65b7d38151a73a584f729,PREDICTIONS_FROZEN,False
200,TARGET_ASSISTED_LABELLED_TARGET_CALIBRATION,45,330017,2,1050,fea3effff28fd6d1114c2177ad9f092aa5c74585949ad661f15b4f276073aaec,PREDICTIONS_FROZEN,False
500,TARGET_ASSISTED_LABELLED_TARGET_CALIBRATION,45,330017,2,1050,e3dab49a4d5e1311073c05e4bc440c0a213701b304d2e1802e78ace17dac0cc8,PREDICTIONS_FROZEN,False
7,TARGET_ASSISTED_LABELLED_TARGET_CALIBRATION,45,355031,2,1050,431580cd057907fc47ad5079200e259873d79bce772b5978a23d4b3a56e7d297,PREDICTIONS_FROZEN,False
10,TARGET_ASSISTED_LABELLED_TARGET_CALIBRATION,45,355031,2,1050,eaed272f7997629df737e3acf80d97c9e3f078c4e664dea6f03df1d67132ebcb,PREDICTIONS_FROZEN,False
20,TARGET_ASSISTED_LABELLED_TARGET_CALIBRATION,45,355031,2,1050,b2d53b5429eeecfa471a04e7f365a1881f7cbaa8304d4f3f3b8c9f6801ad153d,PREDICTIONS_FROZEN,False
21,TARGET_ASSISTED_LABELLED_TARGET_CALIBRATION,45,355031,2,1050,a18c5d5cb16167203dd57173ff214bbf3e502e4fbb26f0c3d75c4e290809492b,PREDICTIONS_FROZEN,False
35,TARGET_ASSISTED_LABELLED_TARGET_CALIBRATION,45,355031,2,1050,8d2f40760b9156af8f34d2832e0b67cc7ec3513d9b17e1208b21df15cf7ad162,PREDICTIONS_FROZEN,False
50,TARGET_ASSISTED_LABELLED_TARGET_CALIBRATION,45,355031,2,1050,7582dd73381a6339bbdfbf35f54da2a07cc883e3ca7c342259df025a5b84a153,PREDICTIONS_FROZEN,False
100,TARGET_ASSISTED_LABELLED_TARGET_CALIBRATION,45,355031,2,1050,a81ae390e55eeae4f2c362fc42871109bdc557eeca247cc7aeeee11d965b756f,PREDICTIONS_FROZEN,False
200,TARGET_ASSISTED_LABELLED_TARGET_CALIBRATION,45,355031,2,1050,c475e68e6e86da89ca0bb706a0bd7906ee225a09e51678a9f78cbe826a49d079,PREDICTIONS_FROZEN,False
500,TARGET_ASSISTED_LABELLED_TARGET_CALIBRATION,45,355031,2,1050,6b1bf09a3971cc751f8c19c19de69aac2411735f6893c00a57a607e58810c550,PREDICTIONS_FROZEN,False
7,TARGET_ASSISTED_LABELLED_TARGET_CALIBRATION,45,380041,2,1050,36d81fab1b0b2b80283c0db0b42bd7a9c2b409677692d476b1a269ef1c898b2c,PREDICTIONS_FROZEN,False
10,TARGET_ASSISTED_LABELLED_TARGET_CALIBRATION,45,380041,2,1050,125345da00b284ff02eb9e54153f2f7fe4252b3713d0f6e60dc564f55cb4e6c8,PREDICTIONS_FROZEN,False
20,TARGET_ASSISTED_LABELLED_TARGET_CALIBRATION,45,380041,2,1050,cec183505e144dc9a705dbed66b18c45c0eb6785a98139917649f18d7311e263,PREDICTIONS_FROZEN,False
21,TARGET_ASSISTED_LABELLED_TARGET_CALIBRATION,45,380041,2,1050,c5a234d188c5fecb0324d47e43ec452ff75caaf655bb4dcd8c6e5aa74a567e86,PREDICTIONS_FROZEN,False
35,TARGET_ASSISTED_LABELLED_TARGET_CALIBRATION,45,380041,2,1050,de98079f3feec1ce8faa10537d162f99f3bd827988d3ec8fed95e98c92ba3a15,PREDICTIONS_FROZEN,False
50,TARGET_ASSISTED_LABELLED_TARGET_CALIBRATION,45,380041,2,1050,c38ba2ad837c5f4852345b3e9b8cc2279cafa4d3a1cd3eaaa297c34562e6c67a,PREDICTIONS_FROZEN,False
100,TARGET_ASSISTED_LABELLED_TARGET_CALIBRATION,45,380041,2,1050,badfb155022ad94049910b35413785f9337a483864a26e38d4586c0e5bf50c8a,PREDICTIONS_FROZEN,False
200,TARGET_ASSISTED_LABELLED_TARGET_CALIBRATION,45,380041,2,1050,840876cfba030fb08e6ce3efd61ffc5d40b54906d1f352c5f76c577e857073f4,PREDICTIONS_FROZEN,False
500,TARGET_ASSISTED_LABELLED_TARGET_CALIBRATION,45,380041,2,1050,5d2a96ff3ecc5348f43959b8dbd3b0e2d11bd00f82fd26a7fcd9f5d751b9cd8f,PREDICTIONS_FROZEN,False
7,TARGET_ASSISTED_LABELLED_TARGET_CALIBRATION,45,405019,2,1050,876e3f1cf49ad9d7e25038c09cc9570f25be57b1c29d7a8c8e7076d3b90869e3,PREDICTIONS_FROZEN,False
10,TARGET_ASSISTED_LABELLED_TARGET_CALIBRATION,45,405019,2,1050,10fbd210f9fa49ce3a0c915186321a135b9ab213fa441bbe67788213ddc61c5a,PREDICTIONS_FROZEN,False
20,TARGET_ASSISTED_LABELLED_TARGET_CALIBRATION,45,405019,2,1050,898bfa0ae74a1e4a692a40537b02f9eb5bec751cc1153e4e0be26fae24daf821,PREDICTIONS_FROZEN,False
21,TARGET_ASSISTED_LABELLED_TARGET_CALIBRATION,45,405019,2,1050,ffcda1b1fdfb5cca152ae3ce40315c21a7e6009443f658511ee1c44c6efc75d2,PREDICTIONS_FROZEN,False
35,TARGET_ASSISTED_LABELLED_TARGET_CALIBRATION,45,405019,2,1050,e30d3aff7943557107a3eed3ea6745b92cc1a21f2cfe063914f5971b3d1b76c4,PREDICTIONS_FROZEN,False
50,TARGET_ASSISTED_LABELLED_TARGET_CALIBRATION,45,405019,2,1050,db9fffb335f82db804f065504a111bf3abf9127c18a278bef86321be317de0dd,PREDICTIONS_FROZEN,False
100,TARGET_ASSISTED_LABELLED_TARGET_CALIBRATION,45,405019,2,1050,b598c4226b04db44d9f99cfa8941098123fc66670b1fbbdcab0da8dfb7bc0350,PREDICTIONS_FROZEN,False
200,TARGET_ASSISTED_LABELLED_TARGET_CALIBRATION,45,405019,2,1050,387430e0074d1824f9af1363b1c7f0a7c7aee84b32ee302bf90b891d4c0a1de6,PREDICTIONS_FROZEN,False
500,TARGET_ASSISTED_LABELLED_TARGET_CALIBRATION,45,405019,2,1050,dcad31d12944308ce645a97b367414856b1cbb80e778d6f6a25efdf209ac387e,PREDICTIONS_FROZEN,False
7,TARGET_ASSISTED_LABELLED_TARGET_CALIBRATION,45,430007,2,1050,6fa1c15d3638c9c31079fbd1566c4dae0bc914974e1ce0e59b352a984dc24751,PREDICTIONS_FROZEN,False
10,TARGET_ASSISTED_LABELLED_TARGET_CALIBRATION,45,430007,2,1050,a6a03663c676157c97e4893c497d6a55a9958c30673a2e036106d942173f391f,PREDICTIONS_FROZEN,False
20,TARGET_ASSISTED_LABELLED_TARGET_CALIBRATION,45,430007,2,1050,a30de1d7c6b3d5279c1aa7dc33a495c2dbc158f8b659d4e65141a8581ceb5dea,PREDICTIONS_FROZEN,False
21,TARGET_ASSISTED_LABELLED_TARGET_CALIBRATION,45,430007,2,1050,84217e5ddfbbf15c69dd412cfb213296977d777885782ee126f8c7f25cd92d84,PREDICTIONS_FROZEN,False
35,TARGET_ASSISTED_LABELLED_TARGET_CALIBRATION,45,430007,2,1050,747b55c0cbc0d154babcc587a65f0b65d88098baac2b83278dc11be4faac553f,PREDICTIONS_FROZEN,False
50,TARGET_ASSISTED_LABELLED_TARGET_CALIBRATION,45,430007,2,1050,b56c156229709f61680c24a540a582d23dd54864ebee35bbb626937524edf4af,PREDICTIONS_FROZEN,False
100,TARGET_ASSISTED_LABELLED_TARGET_CALIBRATION,45,430007,2,1050,ee9b314a0a5e28c2fc7361cdbb6d4b46b6e624c6989bb5875457e76460e9165f,PREDICTIONS_FROZEN,False
200,TARGET_ASSISTED_LABELLED_TARGET_CALIBRATION,45,430007,2,1050,f6e4a406b287dce0dd3d9bb33e3520f6d0a3012de6352c46694be721cb67aaf5,PREDICTIONS_FROZEN,False
500,TARGET_ASSISTED_LABELLED_TARGET_CALIBRATION,45,430007,2,1050,22d13b173de82c8e29977cefa2220c5174f324c7b9420f8d2cbf3335c59dd48d,PREDICTIONS_FROZEN,False
7,TARGET_ASSISTED_LABELLED_TARGET_CALIBRATION,45,455003,2,1050,abb2c458a0de968ba66c2317e45135797a5508aefc72750cee60a3a3cc60ddc7,PREDICTIONS_FROZEN,False
10,TARGET_ASSISTED_LABELLED_TARGET_CALIBRATION,45,455003,2,1050,2955906f5080dd0791556d3d376756f652768c4ebafa71ce046d539738f9583f,PREDICTIONS_FROZEN,False
20,TARGET_ASSISTED_LABELLED_TARGET_CALIBRATION,45,455003,2,1050,5145b6346ae38b895c31e5e37b2512f15af1fecfd4e9a1e1c9c335da50722081,PREDICTIONS_FROZEN,False
21,TARGET_ASSISTED_LABELLED_TARGET_CALIBRATION,45,455003,2,1050,bcbf6ad47ddeea11801290e7b59b5530ecd70e90c048ae934c230776d7f79f52,PREDICTIONS_FROZEN,False
35,TARGET_ASSISTED_LABELLED_TARGET_CALIBRATION,45,455003,2,1050,6764c3e40fe6114c39e03c8b64aefc02e10cbaa328c281e3a8e548d140a6c6a3,PREDICTIONS_FROZEN,False
50,TARGET_ASSISTED_LABELLED_TARGET_CALIBRATION,45,455003,2,1050,282cfedc8a4609700abdafec516c78c371c821a05a9267152467ec26142ba4c7,PREDICTIONS_FROZEN,False
100,TARGET_ASSISTED_LABELLED_TARGET_CALIBRATION,45,455003,2,1050,41b2ab09147962727763bf3cc62ea27c17fdf464f6df663de7d7d87f8c340b0a,PREDICTIONS_FROZEN,False
200,TARGET_ASSISTED_LABELLED_TARGET_CALIBRATION,45,455003,2,1050,7c897eaa0cc9f5784c8a34e5db2817c9a3981c785bae373672bf12c39ee6eb61,PREDICTIONS_FROZEN,False
500,TARGET_ASSISTED_LABELLED_TARGET_CALIBRATION,45,455003,2,1050,ea4bc9d9b6b92304d3bf9c5363de5f76b54b1212e6d2c9a27913c09b8dba5f67,PREDICTIONS_FROZEN,False
7,TARGET_ASSISTED_LABELLED_TARGET_CALIBRATION,45,480017,2,1050,037bb62be13a972cc143cb3f1d0cd3365eeab9e80a9822e56e3199767554c472,PREDICTIONS_FROZEN,False
10,TARGET_ASSISTED_LABELLED_TARGET_CALIBRATION,45,480017,2,1050,68d2bd36ed8abf65afd5cd6d14032012855d2465f51f9062ac404e3197ac471a,PREDICTIONS_FROZEN,False
20,TARGET_ASSISTED_LABELLED_TARGET_CALIBRATION,45,480017,2,1050,c49da4125426c4e73cc2948751f8a736a49f8e5fd1a7919750156ba749ea8f10,PREDICTIONS_FROZEN,False
21,TARGET_ASSISTED_LABELLED_TARGET_CALIBRATION,45,480017,2,1050,3b488f0e80abcbec4b6b8ebf623cefa7e1e7eeebfc939f01168ac0c78bfe7e27,PREDICTIONS_FROZEN,False
35,TARGET_ASSISTED_LABELLED_TARGET_CALIBRATION,45,480017,2,1050,bd2b80f12c46e5b504d18d7cf89327dea4ee5260d8887fcf233783f32ed871a4,PREDICTIONS_FROZEN,False
50,TARGET_ASSISTED_LABELLED_TARGET_CALIBRATION,45,480017,2,1050,ca8a488e52f7e9a9213ab768a0290db4ff5c0ecd4b7cdb5473275b31aacd7363,PREDICTIONS_FROZEN,False
100,TARGET_ASSISTED_LABELLED_TARGET_CALIBRATION,45,480017,2,1050,3ebe9faa37168d65a59114d01dc2daacb4ba1580038445911532ea4f3c80058b,PREDICTIONS_FROZEN,False
200,TARGET_ASSISTED_LABELLED_TARGET_CALIBRATION,45,480017,2,1050,431314162022939e25fd975e457adcb76c298d2f7c541b6a4ddb8924bb4a5213,PREDICTIONS_FROZEN,False
500,TARGET_ASSISTED_LABELLED_TARGET_CALIBRATION,45,480017,2,1050,fd9185d57c1485a998f18ef898c74ae5418b873a78dc426d4223c69167d27b09,PREDICTIONS_FROZEN,False
7,TARGET_ASSISTED_LABELLED_TARGET_CALIBRATION,45,505027,2,1050,037bb62be13a972cc143cb3f1d0cd3365eeab9e80a9822e56e3199767554c472,PREDICTIONS_FROZEN,False
10,TARGET_ASSISTED_LABELLED_TARGET_CALIBRATION,45,505027,2,1050,d0fb621bfc585785097a5b08baba6eed02650a199fa497155ca9f4039fefe7ee,PREDICTIONS_FROZEN,False
20,TARGET_ASSISTED_LABELLED_TARGET_CALIBRATION,45,505027,2,1050,5026714e79fc04909a0b5712724ccd1024ebb081da29d839a3da6871b6a2df19,PREDICTIONS_FROZEN,False
21,TARGET_ASSISTED_LABELLED_TARGET_CALIBRATION,45,505027,2,1050,aedf625e381fdca1fc08421682efdada633c489ef8cbfa643eeedc1f771190ba,PREDICTIONS_FROZEN,False
35,TARGET_ASSISTED_LABELLED_TARGET_CALIBRATION,45,505027,2,1050,3d353543a3fac76250481c3ee507794ae1d5ffb9aa9d9b302f9f36d9ed9a3915,PREDICTIONS_FROZEN,False
50,TARGET_ASSISTED_LABELLED_TARGET_CALIBRATION,45,505027,2,1050,3751b9f0ae977ea9c8577ca970af868e039f00da598966abe17a2789d2265949,PREDICTIONS_FROZEN,False
100,TARGET_ASSISTED_LABELLED_TARGET_CALIBRATION,45,505027,2,1050,c2875df9b816123776820552642f612ba89ff498ac0c98f5e71663cf676eca4c,PREDICTIONS_FROZEN,False
200,TARGET_ASSISTED_LABELLED_TARGET_CALIBRATION,45,505027,2,1050,11b5e219dcecde64c76b37b91ffe5718569a886ff8350684ac92cd27c8182ee1,PREDICTIONS_FROZEN,False
500,TARGET_ASSISTED_LABELLED_TARGET_CALIBRATION,45,505027,2,1050,60ff67f6144c797be1e6d8800d13a0746ac91681791758d21f793def5867e853,PREDICTIONS_FROZEN,False
7,TARGET_ASSISTED_LABELLED_TARGET_CALIBRATION,45,530017,2,1050,4bdee2796d1257a9f56a4d0f4b4775db4846e1c5c58feb1920ecbb44957e2862,PREDICTIONS_FROZEN,False
10,TARGET_ASSISTED_LABELLED_TARGET_CALIBRATION,45,530017,2,1050,33a4d511982cfd79411b0412ebc3de1b3833357e4289f95d120b935b31be4d36,PREDICTIONS_FROZEN,False
20,TARGET_ASSISTED_LABELLED_TARGET_CALIBRATION,45,530017,2,1050,b936f3183ba3653624bef583d2e9a7d3673a215958e98bf5ba3ec0ce713eb3ed,PREDICTIONS_FROZEN,False
21,TARGET_ASSISTED_LABELLED_TARGET_CALIBRATION,45,530017,2,1050,7a86b98cd9625988c956688101e8d5e0b929d9a53800dd2cd2c6cec1a142bf5b,PREDICTIONS_FROZEN,False
35,TARGET_ASSISTED_LABELLED_TARGET_CALIBRATION,45,530017,2,1050,9e23649d7bb2e1cd96644ce77aba1feabe41405cd121fcd1ce7e8a118e74c2a3,PREDICTIONS_FROZEN,False
50,TARGET_ASSISTED_LABELLED_TARGET_CALIBRATION,45,530017,2,1050,ac0fb8f2e0295ace35966d1447fa06bc682d891919a7db9cef882a10a824d3dc,PREDICTIONS_FROZEN,False
100,TARGET_ASSISTED_LABELLED_TARGET_CALIBRATION,45,530017,2,1050,4247ab7c230d6463c074b5a6b5170d0a66e804eff63e7371d736ca4924ef70ff,PREDICTIONS_FROZEN,False
200,TARGET_ASSISTED_LABELLED_TARGET_CALIBRATION,45,530017,2,1050,6735dec932034c70ae19f9f36fec4d7afdc272306ab5f1d9f3e2cabf65dbf987,PREDICTIONS_FROZEN,False
500,TARGET_ASSISTED_LABELLED_TARGET_CALIBRATION,45,530017,2,1050,60ff67f6144c797be1e6d8800d13a0746ac91681791758d21f793def5867e853,PREDICTIONS_FROZEN,False
7,TARGET_ASSISTED_LABELLED_TARGET_CALIBRATION,45,555029,2,1050,bc37831421afb01da1c42971ec222fc57dc7ca27d0bc66015bf27fd5e739e4c6,PREDICTIONS_FROZEN,False
10,TARGET_ASSISTED_LABELLED_TARGET_CALIBRATION,45,555029,2,1050,98b847773ec093f2c865cbb9b4035b43a68f14f7b9ab0fbbe3f3870b74dfebbc,PREDICTIONS_FROZEN,False
20,TARGET_ASSISTED_LABELLED_TARGET_CALIBRATION,45,555029,2,1050,c62f6c1cff034b9e0a3b8a652cce62597714b864c75449c4c478b67758f0949f,PREDICTIONS_FROZEN,False
21,TARGET_ASSISTED_LABELLED_TARGET_CALIBRATION,45,555029,2,1050,ec6075fffb20efc1294b52878ea134bcba2cdde98296677a4cc8f2c90b46db87,PREDICTIONS_FROZEN,False
35,TARGET_ASSISTED_LABELLED_TARGET_CALIBRATION,45,555029,2,1050,4388da7e7dbc5d284388714bbb5d45f0318449efbf1639883a50d90c47c12ede,PREDICTIONS_FROZEN,False
50,TARGET_ASSISTED_LABELLED_TARGET_CALIBRATION,45,555029,2,1050,6f1efc0486f6eea8350ce36793474809cf4a539d9261a53960b0d1976fbeb5ce,PREDICTIONS_FROZEN,False
100,TARGET_ASSISTED_LABELLED_TARGET_CALIBRATION,45,555029,2,1050,0c512fed5bd7c3a31a87475212751b089ac53cc8c49474c3f3ebb2165757deb9,PREDICTIONS_FROZEN,False
200,TARGET_ASSISTED_LABELLED_TARGET_CALIBRATION,45,555029,2,1050,2a891dbde88fda1256c7951a5a779f11b2791aa16fdbf223e008932523b81375,PREDICTIONS_FROZEN,False
500,TARGET_ASSISTED_LABELLED_TARGET_CALIBRATION,45,555029,2,1050,949e9623f630c0b8a8782fae11d51fb01086639de7cbc4b747c18d9e5db1dbd0,PREDICTIONS_FROZEN,False
7,TARGET_ASSISTED_LABELLED_TARGET_CALIBRATION,45,580031,2,1050,ea0223cb9e83300b928b441ef8a2ba7e906d394da5e35d7c535d1c15e8dccdfb,PREDICTIONS_FROZEN,False
10,TARGET_ASSISTED_LABELLED_TARGET_CALIBRATION,45,580031,2,1050,223aaa394c1b662b892771594b5c4ed790f1b85db013f3f7e078da72ea472020,PREDICTIONS_FROZEN,False
20,TARGET_ASSISTED_LABELLED_TARGET_CALIBRATION,45,580031,2,1050,808a6526f695ce08cc7f6fd48650ffc23a2bf6969e118d6b49524028d29ded91,PREDICTIONS_FROZEN,False
21,TARGET_ASSISTED_LABELLED_TARGET_CALIBRATION,45,580031,2,1050,808a6526f695ce08cc7f6fd48650ffc23a2bf6969e118d6b49524028d29ded91,PREDICTIONS_FROZEN,False
35,TARGET_ASSISTED_LABELLED_TARGET_CALIBRATION,45,580031,2,1050,333ac111bdbcf26f5e1fa43f2682a7e8261f4036422afe2cc2babf5ad1695176,PREDICTIONS_FROZEN,False
50,TARGET_ASSISTED_LABELLED_TARGET_CALIBRATION,45,580031,2,1050,16c8f0e4da4e1bfbac2eade69f2c8c2fd9e8b0ff47c0374052121584b0422b69,PREDICTIONS_FROZEN,False
100,TARGET_ASSISTED_LABELLED_TARGET_CALIBRATION,45,580031,2,1050,46670048c373dae269f1dc93d30b22847133f8866d660a975e632dcfe92c7377,PREDICTIONS_FROZEN,False
200,TARGET_ASSISTED_LABELLED_TARGET_CALIBRATION,45,580031,2,1050,05ee236dd7b374cf3bfc62379ecf323fb3f4e1418f04103796d10a8982f8d8a5,PREDICTIONS_FROZEN,False
500,TARGET_ASSISTED_LABELLED_TARGET_CALIBRATION,45,580031,2,1050,188efad2c29110f3a3ecb9fb3881b9bcd37477ccf1d438740dba70f22dd356d8,PREDICTIONS_FROZEN,False
0,STRICT_SOURCE_ONLY_DG,46,,0,1050,5475631072721f1d71c7ee4cd433e0fdca0fbcaf67b56d7f6201651d885e431e,PREDICTIONS_FROZEN,False
7,TARGET_ASSISTED_LABELLED_TARGET_CALIBRATION,46,104729,0,1050,54a53f466ab065bfc08b34d7947074a3c56e0fd51deaa778dd5c3aeaf399edd9,PREDICTIONS_FROZEN,False
10,TARGET_ASSISTED_LABELLED_TARGET_CALIBRATION,46,104729,0,1050,a2845a8b5fe61ad9a0756f00c66bd58c73acd0bc2a5a28a53e7c531306ecd658,PREDICTIONS_FROZEN,False
20,TARGET_ASSISTED_LABELLED_TARGET_CALIBRATION,46,104729,0,1050,240c7d2becd07725cadbae59fa71eecaf2afe8f67e15c1510134f2423ac9b596,PREDICTIONS_FROZEN,False
21,TARGET_ASSISTED_LABELLED_TARGET_CALIBRATION,46,104729,0,1050,96de0938cfebf6c5fc1f1b1dcc5461c0285ab98ba4f221f55ba3a7d50cd62281,PREDICTIONS_FROZEN,False
35,TARGET_ASSISTED_LABELLED_TARGET_CALIBRATION,46,104729,0,1050,acbd77cf715d4bbce61baf4515ecb23860ff8f44cc5ad1a1caecdc6148c1d5b6,PREDICTIONS_FROZEN,False
50,TARGET_ASSISTED_LABELLED_TARGET_CALIBRATION,46,104729,0,1050,2fe62a8272941671fdfed1edf4dbd7d1b0f549f76383a44291f31e99343379a4,PREDICTIONS_FROZEN,False
100,TARGET_ASSISTED_LABELLED_TARGET_CALIBRATION,46,104729,0,1050,2f556f53dee80e8ddfc513d12a9b4b368d53e5705a41774f3e99207f6e9c8ed5,PREDICTIONS_FROZEN,False
200,TARGET_ASSISTED_LABELLED_TARGET_CALIBRATION,46,104729,0,1050,0649f4e563596438efaef3b0794d19b15f63cc3a9f7e54ea962944c75d157da2,PREDICTIONS_FROZEN,False
500,TARGET_ASSISTED_LABELLED_TARGET_CALIBRATION,46,104729,0,1050,4ffc4c60112af6272fa3e7b497d4252a841bf8463e29f1b1ca58fe63a09c4ecb,PREDICTIONS_FROZEN,False
7,TARGET_ASSISTED_LABELLED_TARGET_CALIBRATION,46,130363,0,1050,54a53f466ab065bfc08b34d7947074a3c56e0fd51deaa778dd5c3aeaf399edd9,PREDICTIONS_FROZEN,False
10,TARGET_ASSISTED_LABELLED_TARGET_CALIBRATION,46,130363,0,1050,ab71fa5257a9aed0875b9a95b9d9d9df34498e5019ca3de0d728095a566ebe4d,PREDICTIONS_FROZEN,False
20,TARGET_ASSISTED_LABELLED_TARGET_CALIBRATION,46,130363,0,1050,249f56de8872662be994bf735b2399edc1f3b960456bb68892f0dda1c11ae1e3,PREDICTIONS_FROZEN,False
21,TARGET_ASSISTED_LABELLED_TARGET_CALIBRATION,46,130363,0,1050,e335fcd3ff32413136e384eea232a2c85e0059932a54067e96d9e7e7610d3b80,PREDICTIONS_FROZEN,False
35,TARGET_ASSISTED_LABELLED_TARGET_CALIBRATION,46,130363,0,1050,ee8471f60ee2537f617fcaec3af3fe752efed6a4e502b339cb14a4396e8827d9,PREDICTIONS_FROZEN,False
50,TARGET_ASSISTED_LABELLED_TARGET_CALIBRATION,46,130363,0,1050,e6e4801a06fc3f119549f80106a9770ceae1c7e66bf82cb09f4a7939cf358095,PREDICTIONS_FROZEN,False
100,TARGET_ASSISTED_LABELLED_TARGET_CALIBRATION,46,130363,0,1050,781e0bf9947658637db1059bdad9677fc24d8a44173e81e4c2d6c59bf5fb9cdb,PREDICTIONS_FROZEN,False
200,TARGET_ASSISTED_LABELLED_TARGET_CALIBRATION,46,130363,0,1050,cfbe9588dc08819ceba237aeb0f2ed72ad86e858cc36aaf86ac8d164b8f2cf6c,PREDICTIONS_FROZEN,False
500,TARGET_ASSISTED_LABELLED_TARGET_CALIBRATION,46,130363,0,1050,04e971cb8aade81a839c2f8788ad99f1bfb2ca076a519aa1c776655d188d3343,PREDICTIONS_FROZEN,False
7,TARGET_ASSISTED_LABELLED_TARGET_CALIBRATION,46,155921,0,1050,b3650d7946fbdbeb2d4fe4025fdad41003e1d503306540faa0d01720ccc9ac81,PREDICTIONS_FROZEN,False
10,TARGET_ASSISTED_LABELLED_TARGET_CALIBRATION,46,155921,0,1050,dc328bc1af90b7ffe00398deeb24441acd8e8d80500fff5a9678e012f3999513,PREDICTIONS_FROZEN,False
20,TARGET_ASSISTED_LABELLED_TARGET_CALIBRATION,46,155921,0,1050,86950afe378a82eccd0aab29c97346bcdfacca6e5902bd6db1c33110cdd83b2d,PREDICTIONS_FROZEN,False
21,TARGET_ASSISTED_LABELLED_TARGET_CALIBRATION,46,155921,0,1050,86950afe378a82eccd0aab29c97346bcdfacca6e5902bd6db1c33110cdd83b2d,PREDICTIONS_FROZEN,False
35,TARGET_ASSISTED_LABELLED_TARGET_CALIBRATION,46,155921,0,1050,e6f0c7ec6c8a8a819ceeb13db1a1ee4ac97b5e0e2c7b47fafb89e44cab37976f,PREDICTIONS_FROZEN,False
50,TARGET_ASSISTED_LABELLED_TARGET_CALIBRATION,46,155921,0,1050,110bb6dbc4abeea8db4c76b6986e9d90abe28758e44878d82d2957378b2ff8a3,PREDICTIONS_FROZEN,False
100,TARGET_ASSISTED_LABELLED_TARGET_CALIBRATION,46,155921,0,1050,80566600ef0bd8c856cb248c0c75e4c9c9ae968b85c0a0cb25b0688ec1d9faf5,PREDICTIONS_FROZEN,False
200,TARGET_ASSISTED_LABELLED_TARGET_CALIBRATION,46,155921,0,1050,782e5dec8a3fa3e8f3d2dddde6d73b268b8dade2108d3bac6ff1bf3191f63cc9,PREDICTIONS_FROZEN,False
500,TARGET_ASSISTED_LABELLED_TARGET_CALIBRATION,46,155921,0,1050,5a2f23908363808fcebcd415cf20d787988856e6eda63db5522906ce9e8367ea,PREDICTIONS_FROZEN,False
7,TARGET_ASSISTED_LABELLED_TARGET_CALIBRATION,46,181081,0,1050,8967611628648e9e244efd477f21692f3bfdee87887abc3d991d96118710c2ce,PREDICTIONS_FROZEN,False
10,TARGET_ASSISTED_LABELLED_TARGET_CALIBRATION,46,181081,0,1050,486fc309b5fc7e720b372ec6313de19dff3c04fc62435a7855754dda6c0fb834,PREDICTIONS_FROZEN,False
20,TARGET_ASSISTED_LABELLED_TARGET_CALIBRATION,46,181081,0,1050,21b911b479d6e033872a8380e8a9f28e8d6ed99321512d7cfea5b104d354fefa,PREDICTIONS_FROZEN,False
21,TARGET_ASSISTED_LABELLED_TARGET_CALIBRATION,46,181081,0,1050,21b911b479d6e033872a8380e8a9f28e8d6ed99321512d7cfea5b104d354fefa,PREDICTIONS_FROZEN,False
35,TARGET_ASSISTED_LABELLED_TARGET_CALIBRATION,46,181081,0,1050,6cae47a80c55a2005e267206ec2fe913dae7ed8180071bf720325ed1838ddb57,PREDICTIONS_FROZEN,False
50,TARGET_ASSISTED_LABELLED_TARGET_CALIBRATION,46,181081,0,1050,44cb1e4648fe21b9b3469c7b542e1e554c56bb49d2359fc383b2b3b2b43fd32e,PREDICTIONS_FROZEN,False
100,TARGET_ASSISTED_LABELLED_TARGET_CALIBRATION,46,181081,0,1050,4ad1dba3151ae59a6aa659ff3802d9ef36f8b7f49758e793b2f1c178d2bef026,PREDICTIONS_FROZEN,False
200,TARGET_ASSISTED_LABELLED_TARGET_CALIBRATION,46,181081,0,1050,cc3c22ec5b05556cd9370261d016e5eadb2378ec4fc10825651a2aea10afef32,PREDICTIONS_FROZEN,False
500,TARGET_ASSISTED_LABELLED_TARGET_CALIBRATION,46,181081,0,1050,782e5dec8a3fa3e8f3d2dddde6d73b268b8dade2108d3bac6ff1bf3191f63cc9,PREDICTIONS_FROZEN,False
7,TARGET_ASSISTED_LABELLED_TARGET_CALIBRATION,46,205439,0,1050,602fff0a27776c73a8b1e12d2b3d71a5812b601bd47410c766db4e0127ec49f4,PREDICTIONS_FROZEN,False
10,TARGET_ASSISTED_LABELLED_TARGET_CALIBRATION,46,205439,0,1050,e6208f175e886b0b10ebbec5b1366f68387fe1ec3868f9b04ff6adc6dbeb6785,PREDICTIONS_FROZEN,False
20,TARGET_ASSISTED_LABELLED_TARGET_CALIBRATION,46,205439,0,1050,46f415d7f8a5cab9d72133041e3d9b7a29a0c17a4441b60b4086768c547679a6,PREDICTIONS_FROZEN,False
21,TARGET_ASSISTED_LABELLED_TARGET_CALIBRATION,46,205439,0,1050,615a1f07c1d776430376ce9de2a6efc7f31af63490bc36730862487f1bdf8e05,PREDICTIONS_FROZEN,False
35,TARGET_ASSISTED_LABELLED_TARGET_CALIBRATION,46,205439,0,1050,5c45ea0ffcbb281abbc37bf26f0759e7b13d243d10950fcb6af3986ea6607bfc,PREDICTIONS_FROZEN,False
50,TARGET_ASSISTED_LABELLED_TARGET_CALIBRATION,46,205439,0,1050,6b6bda877db8ada0bd84cc5352c47c946ef7f05902db901847c4fd33431bf183,PREDICTIONS_FROZEN,False
100,TARGET_ASSISTED_LABELLED_TARGET_CALIBRATION,46,205439,0,1050,43835be924eab1f7c799c1850268afa025575cc102a7fa22bcbced1bce59bf6b,PREDICTIONS_FROZEN,False
200,TARGET_ASSISTED_LABELLED_TARGET_CALIBRATION,46,205439,0,1050,560d45d447a473b449aa18d92d168c1f09984db50602f1d2880b3a4bfb9f1cc6,PREDICTIONS_FROZEN,False
500,TARGET_ASSISTED_LABELLED_TARGET_CALIBRATION,46,205439,0,1050,cc3c22ec5b05556cd9370261d016e5eadb2378ec4fc10825651a2aea10afef32,PREDICTIONS_FROZEN,False
7,TARGET_ASSISTED_LABELLED_TARGET_CALIBRATION,46,230003,0,1050,0484c8e91d3cf65af950bca38281e681dc539b54e4b17e6d0ea9724eb512dd91,PREDICTIONS_FROZEN,False
10,TARGET_ASSISTED_LABELLED_TARGET_CALIBRATION,46,230003,0,1050,75f0f2bf6648d2dfa06bfeecfe4f4e063c62b3e69f40a13e713344db4afd2bab,PREDICTIONS_FROZEN,False
20,TARGET_ASSISTED_LABELLED_TARGET_CALIBRATION,46,230003,0,1050,a3ea9e6ee25221799a15648bfcc0280c67b8a9454a25c707f65b10be68b1cb4c,PREDICTIONS_FROZEN,False
21,TARGET_ASSISTED_LABELLED_TARGET_CALIBRATION,46,230003,0,1050,064f31be3704b16b7c0bfe87424f5de88fecbc20318717fe43cd8ec8eab75886,PREDICTIONS_FROZEN,False
35,TARGET_ASSISTED_LABELLED_TARGET_CALIBRATION,46,230003,0,1050,607523990261a14611580e4c75cdcfcbf79ff2615852302cebb9cbc60fc4f63c,PREDICTIONS_FROZEN,False
50,TARGET_ASSISTED_LABELLED_TARGET_CALIBRATION,46,230003,0,1050,8dc9c1bef50f8cc4386fa16baec305dc561e2e9a4a23117e7db188c5bd79206f,PREDICTIONS_FROZEN,False
100,TARGET_ASSISTED_LABELLED_TARGET_CALIBRATION,46,230003,0,1050,3c8b51ab25f1580a3b4021fdee23f6b6535bd180d04e62876534c27f2a6d2861,PREDICTIONS_FROZEN,False
200,TARGET_ASSISTED_LABELLED_TARGET_CALIBRATION,46,230003,0,1050,316dc8ebd770725718a4bdd29cdc67c42c04172142bfcfe10e8e72ed4e80a0ad,PREDICTIONS_FROZEN,False
500,TARGET_ASSISTED_LABELLED_TARGET_CALIBRATION,46,230003,0,1050,931cb5c1743dcf232e1a2f27d20ae2d55746fa76a433a4e807c23b4f1814a928,PREDICTIONS_FROZEN,False
7,TARGET_ASSISTED_LABELLED_TARGET_CALIBRATION,46,254959,0,1050,6aec5577177caa3cc567b0f86dc524ac3ade8197434c1e729eb10d6589af3995,PREDICTIONS_FROZEN,False
10,TARGET_ASSISTED_LABELLED_TARGET_CALIBRATION,46,254959,0,1050,cd0a09b81364ae63481a5838adb12e2e9063d859906ac65dc6bb735b1da06ea2,PREDICTIONS_FROZEN,False
20,TARGET_ASSISTED_LABELLED_TARGET_CALIBRATION,46,254959,0,1050,1bde5204a9ea10011ef43350790e1d90afebe16d52f5f1be113c5852a6ad43a6,PREDICTIONS_FROZEN,False
21,TARGET_ASSISTED_LABELLED_TARGET_CALIBRATION,46,254959,0,1050,1bde5204a9ea10011ef43350790e1d90afebe16d52f5f1be113c5852a6ad43a6,PREDICTIONS_FROZEN,False
35,TARGET_ASSISTED_LABELLED_TARGET_CALIBRATION,46,254959,0,1050,55d7235bfcacdb86aef768ec1591369ee17c1af6a9edafa051eb1f4858b73aad,PREDICTIONS_FROZEN,False
50,TARGET_ASSISTED_LABELLED_TARGET_CALIBRATION,46,254959,0,1050,6fbf53121cd66e8b6e4a34ac29cc47d2bb399ad9156cc67705e7580273d9edac,PREDICTIONS_FROZEN,False
100,TARGET_ASSISTED_LABELLED_TARGET_CALIBRATION,46,254959,0,1050,73cf5dd66b1c6aebba8e86cee70a9ff704ad3d9ef3832e2be31a0f46e2dd7448,PREDICTIONS_FROZEN,False
200,TARGET_ASSISTED_LABELLED_TARGET_CALIBRATION,46,254959,0,1050,537be3f899b4cd0711ec0a351f0c6b250601a60fae1f7c29326ca02051818968,PREDICTIONS_FROZEN,False
500,TARGET_ASSISTED_LABELLED_TARGET_CALIBRATION,46,254959,0,1050,cc3c22ec5b05556cd9370261d016e5eadb2378ec4fc10825651a2aea10afef32,PREDICTIONS_FROZEN,False
7,TARGET_ASSISTED_LABELLED_TARGET_CALIBRATION,46,280001,0,1050,f7f6548182fa311b30e74153dc9f49611b207bebec8be897d764bcab67578c5f,PREDICTIONS_FROZEN,False
10,TARGET_ASSISTED_LABELLED_TARGET_CALIBRATION,46,280001,0,1050,6f2fc1ad23b72954a5031e6ba12025c05f84510c10bdf9c2df9029ad21960206,PREDICTIONS_FROZEN,False
20,TARGET_ASSISTED_LABELLED_TARGET_CALIBRATION,46,280001,0,1050,feda42e5cd0ac88b7d00b51c7f9c3668fb2604c1f9fc8c220f94b7d712c79bde,PREDICTIONS_FROZEN,False
21,TARGET_ASSISTED_LABELLED_TARGET_CALIBRATION,46,280001,0,1050,fa053364ea477cb09c4640e0232b811189a9a0d8383d7a4cc2961e6fffafca0d,PREDICTIONS_FROZEN,False
35,TARGET_ASSISTED_LABELLED_TARGET_CALIBRATION,46,280001,0,1050,954abc9bac2be808ac9417c52f867c12388d86149c0420a119dc4cf6962ee693,PREDICTIONS_FROZEN,False
50,TARGET_ASSISTED_LABELLED_TARGET_CALIBRATION,46,280001,0,1050,73dda8b24bc469af88983907848068c82acd4d92f9c0d34b5b7ddfabfc605176,PREDICTIONS_FROZEN,False
100,TARGET_ASSISTED_LABELLED_TARGET_CALIBRATION,46,280001,0,1050,279e4827ddec21e650283428f96cf462c182fa132a9ed7d3a4420747a00af24f,PREDICTIONS_FROZEN,False
200,TARGET_ASSISTED_LABELLED_TARGET_CALIBRATION,46,280001,0,1050,782e5dec8a3fa3e8f3d2dddde6d73b268b8dade2108d3bac6ff1bf3191f63cc9,PREDICTIONS_FROZEN,False
500,TARGET_ASSISTED_LABELLED_TARGET_CALIBRATION,46,280001,0,1050,7b3f91c83317836a48025ae2ad2fa02af71556d743379f7c1b1b253f43637eaa,PREDICTIONS_FROZEN,False
7,TARGET_ASSISTED_LABELLED_TARGET_CALIBRATION,46,305093,0,1050,cac98b2980ea31ea7630d47cd8abe2a1fc5462fa208841f5e69d443ed5c35d8f,PREDICTIONS_FROZEN,False
10,TARGET_ASSISTED_LABELLED_TARGET_CALIBRATION,46,305093,0,1050,850d9753566748e7d5766a0ae6c258b3535dabb16c24bad72e0119d21f56499b,PREDICTIONS_FROZEN,False
20,TARGET_ASSISTED_LABELLED_TARGET_CALIBRATION,46,305093,0,1050,361e2e665219c864bcfdc4432a44ca3aa65e9a4436bd646f40b539f1d1ea264f,PREDICTIONS_FROZEN,False
21,TARGET_ASSISTED_LABELLED_TARGET_CALIBRATION,46,305093,0,1050,361e2e665219c864bcfdc4432a44ca3aa65e9a4436bd646f40b539f1d1ea264f,PREDICTIONS_FROZEN,False
35,TARGET_ASSISTED_LABELLED_TARGET_CALIBRATION,46,305093,0,1050,ae55c2bcf4937b3839523d6879f6ca53a3d68148a2b6dff62c24ad3ebefa665c,PREDICTIONS_FROZEN,False
50,TARGET_ASSISTED_LABELLED_TARGET_CALIBRATION,46,305093,0,1050,fd51ba810a1b0146d8c23bf9241f8b66986aa67627898703c148236d0433d517,PREDICTIONS_FROZEN,False
100,TARGET_ASSISTED_LABELLED_TARGET_CALIBRATION,46,305093,0,1050,da99c2a055947114f5dc05fe22e1ce4d5335ed7bbdbcda3263e0ebbd6d45321c,PREDICTIONS_FROZEN,False
200,TARGET_ASSISTED_LABELLED_TARGET_CALIBRATION,46,305093,0,1050,86747670fb9b011ad5c90f488721c49e21d4da1f6eb3acb5822a245b9063997f,PREDICTIONS_FROZEN,False
500,TARGET_ASSISTED_LABELLED_TARGET_CALIBRATION,46,305093,0,1050,6f855c34afd584c7048298b7362fdcf7c262b17d973dc669bb5626c1feba3f1e,PREDICTIONS_FROZEN,False
7,TARGET_ASSISTED_LABELLED_TARGET_CALIBRATION,46,330017,0,1050,602fff0a27776c73a8b1e12d2b3d71a5812b601bd47410c766db4e0127ec49f4,PREDICTIONS_FROZEN,False
10,TARGET_ASSISTED_LABELLED_TARGET_CALIBRATION,46,330017,0,1050,eeb2028c44be95706fa477e7b4fdfb873959615e9459801c92b498f244d7347c,PREDICTIONS_FROZEN,False
20,TARGET_ASSISTED_LABELLED_TARGET_CALIBRATION,46,330017,0,1050,1e7e8f8810c2de396dc12ca66cb83642fd17faf65d8a664acb5ccb55ef178d26,PREDICTIONS_FROZEN,False
21,TARGET_ASSISTED_LABELLED_TARGET_CALIBRATION,46,330017,0,1050,597665a9300ee0c31b48ff673be2d4c685ec163a1ad640c439fa45feed33fdce,PREDICTIONS_FROZEN,False
35,TARGET_ASSISTED_LABELLED_TARGET_CALIBRATION,46,330017,0,1050,d1c0a00ede7cd66738b8939ee2b5f28d0d2dbfb5c840ff571d68a35b4c086dd0,PREDICTIONS_FROZEN,False
50,TARGET_ASSISTED_LABELLED_TARGET_CALIBRATION,46,330017,0,1050,cec2a3dbe301e5a2de6d6c678fe068a9da263ad00847ff151ba4c814cc14b522,PREDICTIONS_FROZEN,False
100,TARGET_ASSISTED_LABELLED_TARGET_CALIBRATION,46,330017,0,1050,0898d5e14e1b22fa2a8490184ec5d9ff9491e2e16ad5ae09c7b385659d701a42,PREDICTIONS_FROZEN,False
200,TARGET_ASSISTED_LABELLED_TARGET_CALIBRATION,46,330017,0,1050,7b3f91c83317836a48025ae2ad2fa02af71556d743379f7c1b1b253f43637eaa,PREDICTIONS_FROZEN,False
500,TARGET_ASSISTED_LABELLED_TARGET_CALIBRATION,46,330017,0,1050,7b3f91c83317836a48025ae2ad2fa02af71556d743379f7c1b1b253f43637eaa,PREDICTIONS_FROZEN,False
7,TARGET_ASSISTED_LABELLED_TARGET_CALIBRATION,46,355031,0,1050,751682a433cb7797f6dcb5fe8cc6f580bfce5c44feef633043bcc1c55e22c905,PREDICTIONS_FROZEN,False
10,TARGET_ASSISTED_LABELLED_TARGET_CALIBRATION,46,355031,0,1050,30c6b6d6663b52f076d7b595e757ddb97ee56e866e0adcc9b6389ccbb3d18f84,PREDICTIONS_FROZEN,False
20,TARGET_ASSISTED_LABELLED_TARGET_CALIBRATION,46,355031,0,1050,322f2da63476149c21207c2c8dceebda9d69900b28f60975f3f21693f6981774,PREDICTIONS_FROZEN,False
21,TARGET_ASSISTED_LABELLED_TARGET_CALIBRATION,46,355031,0,1050,2da2aba623cc6b1b9c2661fb51efdf182a56bf1aeba2e5471026eb880ef729ef,PREDICTIONS_FROZEN,False
35,TARGET_ASSISTED_LABELLED_TARGET_CALIBRATION,46,355031,0,1050,78673f22605e5ff02fd5f2fc73aaaccf104e6381b114b6cf0335d71c935f9e7e,PREDICTIONS_FROZEN,False
50,TARGET_ASSISTED_LABELLED_TARGET_CALIBRATION,46,355031,0,1050,d4085e5bf97b90cb2ed291af82285f81448040ef76abe23c0c3c4e1e752beeaa,PREDICTIONS_FROZEN,False
100,TARGET_ASSISTED_LABELLED_TARGET_CALIBRATION,46,355031,0,1050,1b427dc2d361fac02c2bb81b0cc9895b94c1abd8597d9feffe8ff375b605a3d4,PREDICTIONS_FROZEN,False
200,TARGET_ASSISTED_LABELLED_TARGET_CALIBRATION,46,355031,0,1050,6311c5a2ca64e0d669de976e4ec4a7e05b938d030ae2adfd57df938e5874f705,PREDICTIONS_FROZEN,False
500,TARGET_ASSISTED_LABELLED_TARGET_CALIBRATION,46,355031,0,1050,cc3c22ec5b05556cd9370261d016e5eadb2378ec4fc10825651a2aea10afef32,PREDICTIONS_FROZEN,False
7,TARGET_ASSISTED_LABELLED_TARGET_CALIBRATION,46,380041,0,1050,54a53f466ab065bfc08b34d7947074a3c56e0fd51deaa778dd5c3aeaf399edd9,PREDICTIONS_FROZEN,False
10,TARGET_ASSISTED_LABELLED_TARGET_CALIBRATION,46,380041,0,1050,beb21f1e945e7c9c91dd2034dc012a451a02980e852287778cce0875ccc3bda6,PREDICTIONS_FROZEN,False
20,TARGET_ASSISTED_LABELLED_TARGET_CALIBRATION,46,380041,0,1050,8b4b7cd8ea878da213b6ac957fbd4280b6911fd2f507c677bed0282c5b6ab202,PREDICTIONS_FROZEN,False
21,TARGET_ASSISTED_LABELLED_TARGET_CALIBRATION,46,380041,0,1050,69dce7f167235a525973df43f94f9882ae63be206ef15ec23a2a6e518c34a407,PREDICTIONS_FROZEN,False
35,TARGET_ASSISTED_LABELLED_TARGET_CALIBRATION,46,380041,0,1050,144811f8919229c88f80992959994ec50d428a8ec18d99f0e0b9df5e3d2bf82b,PREDICTIONS_FROZEN,False
50,TARGET_ASSISTED_LABELLED_TARGET_CALIBRATION,46,380041,0,1050,bbe7249c34cbba86f84817161e41a368bbd66f30829dad56946fd2ae7403d186,PREDICTIONS_FROZEN,False
100,TARGET_ASSISTED_LABELLED_TARGET_CALIBRATION,46,380041,0,1050,6d45a48b1a0f12b37bcc17480546a651045e38a7cca11c94e081682c3fabe1d8,PREDICTIONS_FROZEN,False
200,TARGET_ASSISTED_LABELLED_TARGET_CALIBRATION,46,380041,0,1050,d5664ff9e21b684f06b6228fa47085bc78eba3797604cc2c58230eb2458a88f2,PREDICTIONS_FROZEN,False
500,TARGET_ASSISTED_LABELLED_TARGET_CALIBRATION,46,380041,0,1050,d9dcc916821cf48c0fe6ccf4ed8f4b9ecef6c20a2d41268a38e7432bbfc00b0a,PREDICTIONS_FROZEN,False
7,TARGET_ASSISTED_LABELLED_TARGET_CALIBRATION,46,405019,0,1050,405d1a1ab631ad32ff4b341112a231bd574d2ecc80c8c573d32ea04226934cca,PREDICTIONS_FROZEN,False
10,TARGET_ASSISTED_LABELLED_TARGET_CALIBRATION,46,405019,0,1050,af4431506be26a5cfe7657d94298517867189e5db3f4e072b5b8ac3d4cf418c6,PREDICTIONS_FROZEN,False
20,TARGET_ASSISTED_LABELLED_TARGET_CALIBRATION,46,405019,0,1050,d461abec0a470f7465a7e6d87b5e7c98c9395df4f22ab8a100a68df659ad400d,PREDICTIONS_FROZEN,False
21,TARGET_ASSISTED_LABELLED_TARGET_CALIBRATION,46,405019,0,1050,cefce4a5b98704c52875fd34556ffa868ba4a1fd171ac7140cbe1e3bdc816bfc,PREDICTIONS_FROZEN,False
35,TARGET_ASSISTED_LABELLED_TARGET_CALIBRATION,46,405019,0,1050,daa0b9c1df3e9454f58ead4d7ad5b893ae28b3b2f1cadd5d3883b8ec4cb9d0f7,PREDICTIONS_FROZEN,False
50,TARGET_ASSISTED_LABELLED_TARGET_CALIBRATION,46,405019,0,1050,b442df330a188b7563c5eddb35547efa9e596b12d43932900b92cf70e42c8662,PREDICTIONS_FROZEN,False
100,TARGET_ASSISTED_LABELLED_TARGET_CALIBRATION,46,405019,0,1050,6738403b610851284cb97ecb16c70153a1289f98d10a79014e496b67909fa0fd,PREDICTIONS_FROZEN,False
200,TARGET_ASSISTED_LABELLED_TARGET_CALIBRATION,46,405019,0,1050,cc3c22ec5b05556cd9370261d016e5eadb2378ec4fc10825651a2aea10afef32,PREDICTIONS_FROZEN,False
500,TARGET_ASSISTED_LABELLED_TARGET_CALIBRATION,46,405019,0,1050,cc3c22ec5b05556cd9370261d016e5eadb2378ec4fc10825651a2aea10afef32,PREDICTIONS_FROZEN,False
7,TARGET_ASSISTED_LABELLED_TARGET_CALIBRATION,46,430007,0,1050,54a53f466ab065bfc08b34d7947074a3c56e0fd51deaa778dd5c3aeaf399edd9,PREDICTIONS_FROZEN,False
10,TARGET_ASSISTED_LABELLED_TARGET_CALIBRATION,46,430007,0,1050,2ec237ccb4be388132994d23463a0f0fdfbf7e2dfb0dcad12e7e70c1af17a303,PREDICTIONS_FROZEN,False
20,TARGET_ASSISTED_LABELLED_TARGET_CALIBRATION,46,430007,0,1050,6f03b6f966881c5737349dd238ba33694869e3cc65cf219eee5b286be0d22969,PREDICTIONS_FROZEN,False
21,TARGET_ASSISTED_LABELLED_TARGET_CALIBRATION,46,430007,0,1050,3432da42c79d0c589208b74093337e813d838884a0c3fe8590b2474ade3459fd,PREDICTIONS_FROZEN,False
35,TARGET_ASSISTED_LABELLED_TARGET_CALIBRATION,46,430007,0,1050,6cae47a80c55a2005e267206ec2fe913dae7ed8180071bf720325ed1838ddb57,PREDICTIONS_FROZEN,False
50,TARGET_ASSISTED_LABELLED_TARGET_CALIBRATION,46,430007,0,1050,7932cef93c1d80015daf12e07d454d3e02d6a4cd261c18bc58b0c339ce06281e,PREDICTIONS_FROZEN,False
100,TARGET_ASSISTED_LABELLED_TARGET_CALIBRATION,46,430007,0,1050,012dd0769dcd9879f6339ed380dbda54c3fa4de5588ca89b89c699538e1aca64,PREDICTIONS_FROZEN,False
200,TARGET_ASSISTED_LABELLED_TARGET_CALIBRATION,46,430007,0,1050,b30283379974433b2ef483e806cc0d6be6ac0feacad9e3800dae6da289322169,PREDICTIONS_FROZEN,False
500,TARGET_ASSISTED_LABELLED_TARGET_CALIBRATION,46,430007,0,1050,cc3c22ec5b05556cd9370261d016e5eadb2378ec4fc10825651a2aea10afef32,PREDICTIONS_FROZEN,False
7,TARGET_ASSISTED_LABELLED_TARGET_CALIBRATION,46,455003,0,1050,602fff0a27776c73a8b1e12d2b3d71a5812b601bd47410c766db4e0127ec49f4,PREDICTIONS_FROZEN,False
10,TARGET_ASSISTED_LABELLED_TARGET_CALIBRATION,46,455003,0,1050,d7be6021fa45bf5d32495b1adcf118977d12e799081cf4597bd92e9a7e8c109d,PREDICTIONS_FROZEN,False
20,TARGET_ASSISTED_LABELLED_TARGET_CALIBRATION,46,455003,0,1050,e9cf617e5a5a711002c4accb5bbeefee9352b42c97aee3f1892ebf50d8918606,PREDICTIONS_FROZEN,False
21,TARGET_ASSISTED_LABELLED_TARGET_CALIBRATION,46,455003,0,1050,d9d770fb2e845e80dcb656c00a0a4249f02cca80a62afa55de059d1c9fe3923d,PREDICTIONS_FROZEN,False
35,TARGET_ASSISTED_LABELLED_TARGET_CALIBRATION,46,455003,0,1050,1dcfeb09507e1fee2604351898883331157269e906f095e5e982db3721b321b7,PREDICTIONS_FROZEN,False
50,TARGET_ASSISTED_LABELLED_TARGET_CALIBRATION,46,455003,0,1050,b0702e4553bc8cb94c5cfed55670f76e3898ce1c3ed34961e791cbbe4617bca1,PREDICTIONS_FROZEN,False
100,TARGET_ASSISTED_LABELLED_TARGET_CALIBRATION,46,455003,0,1050,2ddb65b411f815460b5bd55b3bf0a372409687d408cb59a19d5a3ae0dd3fd478,PREDICTIONS_FROZEN,False
200,TARGET_ASSISTED_LABELLED_TARGET_CALIBRATION,46,455003,0,1050,32127289ceeb6115b5142b1344b864173faa359d93e662f5761c97f4b8491168,PREDICTIONS_FROZEN,False
500,TARGET_ASSISTED_LABELLED_TARGET_CALIBRATION,46,455003,0,1050,cc3c22ec5b05556cd9370261d016e5eadb2378ec4fc10825651a2aea10afef32,PREDICTIONS_FROZEN,False
7,TARGET_ASSISTED_LABELLED_TARGET_CALIBRATION,46,480017,0,1050,29f44a191094867b8f2000888fc8a7b6ceabe05b9f1bf13b2da70c8ca0ebf5bc,PREDICTIONS_FROZEN,False
10,TARGET_ASSISTED_LABELLED_TARGET_CALIBRATION,46,480017,0,1050,86736704243eec10770dbed219b185fbb3cf27e4a9e163801a8f5e94c0c09955,PREDICTIONS_FROZEN,False
20,TARGET_ASSISTED_LABELLED_TARGET_CALIBRATION,46,480017,0,1050,a00ae6fdfdb1b87c87cc265f372c316d27b5da75329046b236c2d0a8280c1b39,PREDICTIONS_FROZEN,False
21,TARGET_ASSISTED_LABELLED_TARGET_CALIBRATION,46,480017,0,1050,c91b23060b81786ab9d8e375d06effecbfb7705ff3d39939bb62a1017c3bc155,PREDICTIONS_FROZEN,False
35,TARGET_ASSISTED_LABELLED_TARGET_CALIBRATION,46,480017,0,1050,5ff9c78d215109ad6edfd60d1e553b2159288ea268eea0e96675d94ff3eb113b,PREDICTIONS_FROZEN,False
50,TARGET_ASSISTED_LABELLED_TARGET_CALIBRATION,46,480017,0,1050,a3f62254d9ac9fcffd9efeccf79c41379dd0f53d0d299e11fe3b2244b6710634,PREDICTIONS_FROZEN,False
100,TARGET_ASSISTED_LABELLED_TARGET_CALIBRATION,46,480017,0,1050,c3db4436d6f893813947dba7d65c028a2e07dc2385696d004b5dcd7fa52252d9,PREDICTIONS_FROZEN,False
200,TARGET_ASSISTED_LABELLED_TARGET_CALIBRATION,46,480017,0,1050,9728fc026a878c99f3fab75a4a4a8021736fcd37f3c08c89ac33382eab00aca7,PREDICTIONS_FROZEN,False
500,TARGET_ASSISTED_LABELLED_TARGET_CALIBRATION,46,480017,0,1050,cc3c22ec5b05556cd9370261d016e5eadb2378ec4fc10825651a2aea10afef32,PREDICTIONS_FROZEN,False
7,TARGET_ASSISTED_LABELLED_TARGET_CALIBRATION,46,505027,0,1050,a52af1a24d9c4cbc0acea11de751b6db78d81097453c7c02bd9619d958a2f51d,PREDICTIONS_FROZEN,False
10,TARGET_ASSISTED_LABELLED_TARGET_CALIBRATION,46,505027,0,1050,f0ddb9a40ffbdf05cd6edf8314cc56555ff49253501b2fb605c48509d4846099,PREDICTIONS_FROZEN,False
20,TARGET_ASSISTED_LABELLED_TARGET_CALIBRATION,46,505027,0,1050,1876c7efb6b86d3d799ffc4756ab12f9e1c318a67bf18e09b05ef57d367d728b,PREDICTIONS_FROZEN,False
21,TARGET_ASSISTED_LABELLED_TARGET_CALIBRATION,46,505027,0,1050,c87fb2f4fd50d8c349b3660af8263e05d97f48d9eceb5d6ea365d42fa987208a,PREDICTIONS_FROZEN,False
35,TARGET_ASSISTED_LABELLED_TARGET_CALIBRATION,46,505027,0,1050,383613d897275c82f4152747b30e8c46daff7fc63c10a245f63094103a03e039,PREDICTIONS_FROZEN,False
50,TARGET_ASSISTED_LABELLED_TARGET_CALIBRATION,46,505027,0,1050,858e5d235450bae40b01c97ed741a2964b95d2856e5674a233829c13147fc817,PREDICTIONS_FROZEN,False
100,TARGET_ASSISTED_LABELLED_TARGET_CALIBRATION,46,505027,0,1050,beb1c8e1a0054cd4dc554fb18a5f2f0d70c5d480b277012cdf2c4c65dd9448dc,PREDICTIONS_FROZEN,False
200,TARGET_ASSISTED_LABELLED_TARGET_CALIBRATION,46,505027,0,1050,c9202980ab2fab82c39df69eff68267678d379d8494e31d9da4937e08b8e2f80,PREDICTIONS_FROZEN,False
500,TARGET_ASSISTED_LABELLED_TARGET_CALIBRATION,46,505027,0,1050,693f6b86e8f8bd782b3476e24c0ec23af154d9048d1e4eb172455ce2acb13604,PREDICTIONS_FROZEN,False
7,TARGET_ASSISTED_LABELLED_TARGET_CALIBRATION,46,530017,0,1050,804c88b044bc61e4e2317c89eace9e721261382a672407a32339c3bfcc6f6376,PREDICTIONS_FROZEN,False
10,TARGET_ASSISTED_LABELLED_TARGET_CALIBRATION,46,530017,0,1050,0933feb01e376ede7d8228062976e89563f5863cd808cc0764277a27849b707a,PREDICTIONS_FROZEN,False
20,TARGET_ASSISTED_LABELLED_TARGET_CALIBRATION,46,530017,0,1050,de11b11334eb6f1f1971817c444cfac0458778c8ec2f424ac539484220c07512,PREDICTIONS_FROZEN,False
21,TARGET_ASSISTED_LABELLED_TARGET_CALIBRATION,46,530017,0,1050,f71dbee7e9c3f3d01535652691274d358b6e9d48ec894b8c7f5778d393f3d13e,PREDICTIONS_FROZEN,False
35,TARGET_ASSISTED_LABELLED_TARGET_CALIBRATION,46,530017,0,1050,d2effd504e848a87c5d7d309338d60da60911a418562ccbb77bf09b94944fca9,PREDICTIONS_FROZEN,False
50,TARGET_ASSISTED_LABELLED_TARGET_CALIBRATION,46,530017,0,1050,b1e6f24d4bbd8594acce6b2570d3e1931328fb616cab49f53724929675e7410b,PREDICTIONS_FROZEN,False
100,TARGET_ASSISTED_LABELLED_TARGET_CALIBRATION,46,530017,0,1050,43e16697f15b9d0844629c4c8f93c2f7427cf728c300c98cd762615c68c8e5d6,PREDICTIONS_FROZEN,False
200,TARGET_ASSISTED_LABELLED_TARGET_CALIBRATION,46,530017,0,1050,f06d0dae2f4dce434681d5666c1993b37e892d28fda86ebc14e98244d93b54bd,PREDICTIONS_FROZEN,False
500,TARGET_ASSISTED_LABELLED_TARGET_CALIBRATION,46,530017,0,1050,782e5dec8a3fa3e8f3d2dddde6d73b268b8dade2108d3bac6ff1bf3191f63cc9,PREDICTIONS_FROZEN,False
7,TARGET_ASSISTED_LABELLED_TARGET_CALIBRATION,46,555029,0,1050,513929f6e86d5283429da89618bd14bd8a144cd9d69b2a524c02ed5b9bccb58d,PREDICTIONS_FROZEN,False
10,TARGET_ASSISTED_LABELLED_TARGET_CALIBRATION,46,555029,0,1050,8c1ed8af5e722a415e7ac7e3353a98252f3d0dd7d27a2915cfb95dc152574f56,PREDICTIONS_FROZEN,False
20,TARGET_ASSISTED_LABELLED_TARGET_CALIBRATION,46,555029,0,1050,c5653b8aa2f1ec0699be8e82fa85def3352d92e57b51656d746161baf0e0acb1,PREDICTIONS_FROZEN,False
21,TARGET_ASSISTED_LABELLED_TARGET_CALIBRATION,46,555029,0,1050,c5653b8aa2f1ec0699be8e82fa85def3352d92e57b51656d746161baf0e0acb1,PREDICTIONS_FROZEN,False
35,TARGET_ASSISTED_LABELLED_TARGET_CALIBRATION,46,555029,0,1050,ba6d396295bdf79835fa8e8e41837dfed7063f393824c4593c466e1ccf654ce7,PREDICTIONS_FROZEN,False
50,TARGET_ASSISTED_LABELLED_TARGET_CALIBRATION,46,555029,0,1050,e3c60b63c2f4dafb9dcf97845c444fbc4902952ee6ad4c79b86f37e655eb4952,PREDICTIONS_FROZEN,False
100,TARGET_ASSISTED_LABELLED_TARGET_CALIBRATION,46,555029,0,1050,b7dd57ad4c7ec8e5ab0b2ff4b2755d598fa15fd04aebf9fa40990c088e6388a0,PREDICTIONS_FROZEN,False
200,TARGET_ASSISTED_LABELLED_TARGET_CALIBRATION,46,555029,0,1050,81f6d2032dce79fc69bc728df09b02f7cedca89fe904295b0c951b6892ba2c61,PREDICTIONS_FROZEN,False
500,TARGET_ASSISTED_LABELLED_TARGET_CALIBRATION,46,555029,0,1050,a2c740e400e8527336585f10e9b90d1eda10ef0b3a18348d7fd8b65052ebc24f,PREDICTIONS_FROZEN,False
7,TARGET_ASSISTED_LABELLED_TARGET_CALIBRATION,46,580031,0,1050,54a53f466ab065bfc08b34d7947074a3c56e0fd51deaa778dd5c3aeaf399edd9,PREDICTIONS_FROZEN,False
10,TARGET_ASSISTED_LABELLED_TARGET_CALIBRATION,46,580031,0,1050,2a1547fd837e6c5281b7dc5a87abaf35bbd78438e9e0de4cce08cd0fc821b1e5,PREDICTIONS_FROZEN,False
20,TARGET_ASSISTED_LABELLED_TARGET_CALIBRATION,46,580031,0,1050,a6d51ea6bb803478393f627dfaddd8d78267e79a2f17e1a16ce6a02b7681a26b,PREDICTIONS_FROZEN,False
21,TARGET_ASSISTED_LABELLED_TARGET_CALIBRATION,46,580031,0,1050,908055b96890069f58270bd593b302f278793c866133dff68a770671a74b376d,PREDICTIONS_FROZEN,False
35,TARGET_ASSISTED_LABELLED_TARGET_CALIBRATION,46,580031,0,1050,d4d5d4f7d99819b6c6a94847b41427547afa98f39c182255d52c48e8e7835991,PREDICTIONS_FROZEN,False
50,TARGET_ASSISTED_LABELLED_TARGET_CALIBRATION,46,580031,0,1050,7cb0fa3fa525512098ef7ce39ce52256409f2be3545eb695ec405a021beb7016,PREDICTIONS_FROZEN,False
100,TARGET_ASSISTED_LABELLED_TARGET_CALIBRATION,46,580031,0,1050,491a477b40d13b93780f37a58bacc2a5780f20da5a6f3b0f5e5adec99d5f3c5c,PREDICTIONS_FROZEN,False
200,TARGET_ASSISTED_LABELLED_TARGET_CALIBRATION,46,580031,0,1050,34cf35ec1ce7a0aaf4ae0f20f4970c955c160a6545787b4b634315c6dbdba2e6,PREDICTIONS_FROZEN,False
500,TARGET_ASSISTED_LABELLED_TARGET_CALIBRATION,46,580031,0,1050,931cb5c1743dcf232e1a2f27d20ae2d55746fa76a433a4e807c23b4f1814a928,PREDICTIONS_FROZEN,False
0,STRICT_SOURCE_ONLY_DG,46,,1,1050,5c47c3f9ce9a748a02fbc45a6be9cbbf5e1cc3d59e59b3ccb3d0a58ec5b42523,PREDICTIONS_FROZEN,False
7,TARGET_ASSISTED_LABELLED_TARGET_CALIBRATION,46,104729,1,1050,502d5c720640a241f8a7a3833916f15acd7c908a9bbb7e86623655a68f112aeb,PREDICTIONS_FROZEN,False
10,TARGET_ASSISTED_LABELLED_TARGET_CALIBRATION,46,104729,1,1050,1a29ad783aa3a71e7c1119a4db34f07873f1fb6199603b6420a1748e0c3e61ee,PREDICTIONS_FROZEN,False
20,TARGET_ASSISTED_LABELLED_TARGET_CALIBRATION,46,104729,1,1050,3497d75822024344359a7d0d70fc6d6ebc908c8bf9d69ca8054272b53b425bc9,PREDICTIONS_FROZEN,False
21,TARGET_ASSISTED_LABELLED_TARGET_CALIBRATION,46,104729,1,1050,08dbf15ec084de814533015ec728d360575ce79ed3881800ebb7e6be307d07fb,PREDICTIONS_FROZEN,False
35,TARGET_ASSISTED_LABELLED_TARGET_CALIBRATION,46,104729,1,1050,22e0c781ded4bdd30a30ee7b7f08bb0d33de5d89882cb0e90018c177545ac8e4,PREDICTIONS_FROZEN,False
50,TARGET_ASSISTED_LABELLED_TARGET_CALIBRATION,46,104729,1,1050,ee83568df1c2d68e58840afeabe055aa594747757b0e4fcfac286bda181dc485,PREDICTIONS_FROZEN,False
100,TARGET_ASSISTED_LABELLED_TARGET_CALIBRATION,46,104729,1,1050,bccec4bf5dd7ff98608a3860ba4c729557e2c2edf69731b32003c1cc070c78d2,PREDICTIONS_FROZEN,False
200,TARGET_ASSISTED_LABELLED_TARGET_CALIBRATION,46,104729,1,1050,874fd5e80194e2fc137fefeeae83a2a30d5df94cdd45be364fbba24da36fc721,PREDICTIONS_FROZEN,False
500,TARGET_ASSISTED_LABELLED_TARGET_CALIBRATION,46,104729,1,1050,84841594c1f7fa94e58dd081d1d97a52f0fc4bf477d79fca27f99af5f34be1a0,PREDICTIONS_FROZEN,False
7,TARGET_ASSISTED_LABELLED_TARGET_CALIBRATION,46,130363,1,1050,da05f7d292bb87978bb034c023feb3660eb85a1fb22408ee17ee6fb6b7af30d1,PREDICTIONS_FROZEN,False
10,TARGET_ASSISTED_LABELLED_TARGET_CALIBRATION,46,130363,1,1050,969abd1e0f4ea0776dab7ca625f9f7d329b7d40698bfcc620419b4f8719c3bb2,PREDICTIONS_FROZEN,False
20,TARGET_ASSISTED_LABELLED_TARGET_CALIBRATION,46,130363,1,1050,c2e0d31d9c39a227b8bbacf72900b9546fd3994f71782d4068bb13417e489e33,PREDICTIONS_FROZEN,False
21,TARGET_ASSISTED_LABELLED_TARGET_CALIBRATION,46,130363,1,1050,8a086084e6ee02bd09e8b7c556c6e8c73abec6e028ec909ca4b7963a4bcf469f,PREDICTIONS_FROZEN,False
35,TARGET_ASSISTED_LABELLED_TARGET_CALIBRATION,46,130363,1,1050,eadd14b28e023dd33c735c9a76031465fb4c36d517ad7c1f232c2248698a6b23,PREDICTIONS_FROZEN,False
50,TARGET_ASSISTED_LABELLED_TARGET_CALIBRATION,46,130363,1,1050,f2c9117807d2e5da411fdb13c0a78ca26660184d067b53d055ddb7998f030f4e,PREDICTIONS_FROZEN,False
100,TARGET_ASSISTED_LABELLED_TARGET_CALIBRATION,46,130363,1,1050,d09ad66c510b3cb5fabd40672c83a71ae1fe93d2c2b5b58eaaa77fbbecc7cfbb,PREDICTIONS_FROZEN,False
200,TARGET_ASSISTED_LABELLED_TARGET_CALIBRATION,46,130363,1,1050,233996d18c0934cc59ba19c27776bc833f896a990c444c87ee5b72aa18d332d6,PREDICTIONS_FROZEN,False
500,TARGET_ASSISTED_LABELLED_TARGET_CALIBRATION,46,130363,1,1050,9cda9d6ecf5c7ec9d2701051a47274afdf495cb556fe3d57e70c8d0e6a9956be,PREDICTIONS_FROZEN,False
7,TARGET_ASSISTED_LABELLED_TARGET_CALIBRATION,46,155921,1,1050,ff2401818db93c5d44b01085d49f6809b01e801f18477ac69eaf1989fcd70c3f,PREDICTIONS_FROZEN,False
10,TARGET_ASSISTED_LABELLED_TARGET_CALIBRATION,46,155921,1,1050,592ad11fd1ef1d1056f523b9852b0eec6b3b911c15733e7915142eff60f5f831,PREDICTIONS_FROZEN,False
20,TARGET_ASSISTED_LABELLED_TARGET_CALIBRATION,46,155921,1,1050,d19381ba870264f430f5470d16bab5c4c43a5d124eeaf40790e4bb6ca55a9484,PREDICTIONS_FROZEN,False
21,TARGET_ASSISTED_LABELLED_TARGET_CALIBRATION,46,155921,1,1050,37a4b8028ab6b337b776e4db14b509031f7bd3e8f2875f86d21d0d67de5f4cca,PREDICTIONS_FROZEN,False
35,TARGET_ASSISTED_LABELLED_TARGET_CALIBRATION,46,155921,1,1050,cea1325e5655364e9f359dde8062b14ffbe22025acc83b6d2e6d2b1311478cb3,PREDICTIONS_FROZEN,False
50,TARGET_ASSISTED_LABELLED_TARGET_CALIBRATION,46,155921,1,1050,90604ecf3e9350a1d25dbd0bcfbc8b6f1d150aa08a90da984028961841986ca1,PREDICTIONS_FROZEN,False
100,TARGET_ASSISTED_LABELLED_TARGET_CALIBRATION,46,155921,1,1050,ba1af04246f2a333d3f74385bfa7392ae739d45f1fa40d5b2cee039c12e3645b,PREDICTIONS_FROZEN,False
200,TARGET_ASSISTED_LABELLED_TARGET_CALIBRATION,46,155921,1,1050,b92ade4cc3480c88f2d168d16e86d686746e92f2f5d41351e3cab807cf514213,PREDICTIONS_FROZEN,False
500,TARGET_ASSISTED_LABELLED_TARGET_CALIBRATION,46,155921,1,1050,7181ae153cebe7a82a1a3862c174cfdee664ca51de9cbd3a9f055dd3d8e2893c,PREDICTIONS_FROZEN,False
7,TARGET_ASSISTED_LABELLED_TARGET_CALIBRATION,46,181081,1,1050,2ced1718d144d5c923864fd0ffd933accf107ad6e0df405d7291565c774f2181,PREDICTIONS_FROZEN,False
10,TARGET_ASSISTED_LABELLED_TARGET_CALIBRATION,46,181081,1,1050,e1c9084f794376b0bc9f54fd5450cc83e3b53d9012b857d989891a0c945cf0d7,PREDICTIONS_FROZEN,False
20,TARGET_ASSISTED_LABELLED_TARGET_CALIBRATION,46,181081,1,1050,1481d73d4d44fee3779ac4dbffdf04229b169489e8842f50fd6e101fda6553e0,PREDICTIONS_FROZEN,False
21,TARGET_ASSISTED_LABELLED_TARGET_CALIBRATION,46,181081,1,1050,67b96025c4db3ee48a2035cc867069a7eff8d866ddaa9b2e75ea93d9950bc871,PREDICTIONS_FROZEN,False
35,TARGET_ASSISTED_LABELLED_TARGET_CALIBRATION,46,181081,1,1050,d4226b7190a144e9c63dfa844f73879c2b51fc4b57f404c076fb5d0dcc64c00f,PREDICTIONS_FROZEN,False
50,TARGET_ASSISTED_LABELLED_TARGET_CALIBRATION,46,181081,1,1050,92ba44c8fb48424e3ac4a960d657ecaf7fabfec7a3472db724d1a148de81a2c9,PREDICTIONS_FROZEN,False
100,TARGET_ASSISTED_LABELLED_TARGET_CALIBRATION,46,181081,1,1050,ad5ff58cf616a3a1c69eb5acfaa85c160abf4c3f40b61c83912361555be85917,PREDICTIONS_FROZEN,False
200,TARGET_ASSISTED_LABELLED_TARGET_CALIBRATION,46,181081,1,1050,f6407512d9202a954bf696e15b2857dc142edc21ebe3ad0a8b4a93a3c37bf6d3,PREDICTIONS_FROZEN,False
500,TARGET_ASSISTED_LABELLED_TARGET_CALIBRATION,46,181081,1,1050,d909a91465040530e733df9db2e3a88ef62b3d1c94d38166b8057c70ac7580c2,PREDICTIONS_FROZEN,False
7,TARGET_ASSISTED_LABELLED_TARGET_CALIBRATION,46,205439,1,1050,f3193dbf6b647311e3759626a86a0547b3fc57c78a7f35fd5b26a49049451952,PREDICTIONS_FROZEN,False
10,TARGET_ASSISTED_LABELLED_TARGET_CALIBRATION,46,205439,1,1050,1c4e81f66a576def9157db19048546332d83c7972dcb41638a2f74ce7fffdb9d,PREDICTIONS_FROZEN,False
20,TARGET_ASSISTED_LABELLED_TARGET_CALIBRATION,46,205439,1,1050,c60e41685ed427b3b3bd52bf5ee1845efa1321554af22b3dd290270d9dcb7ebe,PREDICTIONS_FROZEN,False
21,TARGET_ASSISTED_LABELLED_TARGET_CALIBRATION,46,205439,1,1050,3a5daf0bd282e0f47dcbc8be382ae898da5c343e0708747186c819385f53ba6a,PREDICTIONS_FROZEN,False
35,TARGET_ASSISTED_LABELLED_TARGET_CALIBRATION,46,205439,1,1050,ef03535e768e09ee9c44b0a0de2fa812e72ac8f2e7fbe7f9299919127b312e89,PREDICTIONS_FROZEN,False
50,TARGET_ASSISTED_LABELLED_TARGET_CALIBRATION,46,205439,1,1050,a19b0afead5efe3cac63522837c5b4d42f09efada538c8f878de0638dc3fb435,PREDICTIONS_FROZEN,False
100,TARGET_ASSISTED_LABELLED_TARGET_CALIBRATION,46,205439,1,1050,31a68a42b000674419eac13eed450781cb0d40a48cc3664891bd7f080c61a8a6,PREDICTIONS_FROZEN,False
200,TARGET_ASSISTED_LABELLED_TARGET_CALIBRATION,46,205439,1,1050,2baa1190892628b7aa3b1c3eef184f9194b3af681dd54278b33d0f5c73215657,PREDICTIONS_FROZEN,False
500,TARGET_ASSISTED_LABELLED_TARGET_CALIBRATION,46,205439,1,1050,897b22e5f290b7a407f97778aee0363b3f854f9c4c2669d6942efad79088cdbc,PREDICTIONS_FROZEN,False
7,TARGET_ASSISTED_LABELLED_TARGET_CALIBRATION,46,230003,1,1050,400ac4cfb9271c572fd78d6f3db80d3aa03625203e81232f6528c0cb3fb43aee,PREDICTIONS_FROZEN,False
10,TARGET_ASSISTED_LABELLED_TARGET_CALIBRATION,46,230003,1,1050,0828133ee893f4be68adfbce1fe99e33c73d5d7cc858bfc0101cb393f5f22977,PREDICTIONS_FROZEN,False
20,TARGET_ASSISTED_LABELLED_TARGET_CALIBRATION,46,230003,1,1050,95adbb8d86cddba1dad59bca0fba02718d18767aee35c9fcfb5ad9a50dd6aa8c,PREDICTIONS_FROZEN,False
21,TARGET_ASSISTED_LABELLED_TARGET_CALIBRATION,46,230003,1,1050,0c4e83296f4b22778c755adfe226740c730642346752877fd859eebaa38a2a74,PREDICTIONS_FROZEN,False
35,TARGET_ASSISTED_LABELLED_TARGET_CALIBRATION,46,230003,1,1050,58d2cb1cf71a56add913007bfeec426f8571005b58d0d51d7e8ccaff1963faca,PREDICTIONS_FROZEN,False
50,TARGET_ASSISTED_LABELLED_TARGET_CALIBRATION,46,230003,1,1050,c9bb528f643792abeba347e8c78609eb1ce9980843127c209c07230c66760af4,PREDICTIONS_FROZEN,False
100,TARGET_ASSISTED_LABELLED_TARGET_CALIBRATION,46,230003,1,1050,e8f959293d4f9e9aef0ce52010ec48ce9f047f58a9c44f91c3e1303ef993a90b,PREDICTIONS_FROZEN,False
200,TARGET_ASSISTED_LABELLED_TARGET_CALIBRATION,46,230003,1,1050,e888253fe11e2fc365f1984cbe4bd3ef7bc0ddcd2b69c6c4ff25f71ceae5bb6b,PREDICTIONS_FROZEN,False
500,TARGET_ASSISTED_LABELLED_TARGET_CALIBRATION,46,230003,1,1050,5f7d03088307acfc2e4ee1072b75962cf5580361effdf0b86e5f1cc0a2bde889,PREDICTIONS_FROZEN,False
7,TARGET_ASSISTED_LABELLED_TARGET_CALIBRATION,46,254959,1,1050,4dc1c3078cb253002b328c455dcd70a4198ec599a0ebc2f7430b1c275ca43cba,PREDICTIONS_FROZEN,False
10,TARGET_ASSISTED_LABELLED_TARGET_CALIBRATION,46,254959,1,1050,115abce336dbf13a9b48abb7dc7b2a79218da001b3510767423dff42ffd609df,PREDICTIONS_FROZEN,False
20,TARGET_ASSISTED_LABELLED_TARGET_CALIBRATION,46,254959,1,1050,a55c7940dc730ecf81370864037671092ac3d3bf61a24568c930bb182df82603,PREDICTIONS_FROZEN,False
21,TARGET_ASSISTED_LABELLED_TARGET_CALIBRATION,46,254959,1,1050,f007427437b7ece7680f07d828440048d5cd6113c2e4ff9cfcfb5b186c9b2705,PREDICTIONS_FROZEN,False
35,TARGET_ASSISTED_LABELLED_TARGET_CALIBRATION,46,254959,1,1050,9dbf4e2322454f8bbcd5b9e31dd34bc3b2887c94efc4c6081023d26add6ff204,PREDICTIONS_FROZEN,False
50,TARGET_ASSISTED_LABELLED_TARGET_CALIBRATION,46,254959,1,1050,74584a8b916d8a39c23644c761c50b7ba6adf6381f1f7aa75e4da54709f954f9,PREDICTIONS_FROZEN,False
100,TARGET_ASSISTED_LABELLED_TARGET_CALIBRATION,46,254959,1,1050,9bc45b12cc190eca018446e2ece05d1156d9a0bfcae7d29be3ebdbad1bb1ea5a,PREDICTIONS_FROZEN,False
200,TARGET_ASSISTED_LABELLED_TARGET_CALIBRATION,46,254959,1,1050,c577f40f207478550560243f27c1d90bbdfe6b1ca001557e3ffc14ce3f19f341,PREDICTIONS_FROZEN,False
500,TARGET_ASSISTED_LABELLED_TARGET_CALIBRATION,46,254959,1,1050,cd534fb5fc3f197ee813d60f2fb456e4d7dc651cb892bd7ed5a9974fda5460c3,PREDICTIONS_FROZEN,False
7,TARGET_ASSISTED_LABELLED_TARGET_CALIBRATION,46,280001,1,1050,c84c1d2e3c778cc9536511612990a621d9bcb9ff2c7bf89fb8b67f096d70f982,PREDICTIONS_FROZEN,False
10,TARGET_ASSISTED_LABELLED_TARGET_CALIBRATION,46,280001,1,1050,8c079f31f275bf2d4b773c4f25d41859da3974a52fe5df4fda53dbb050b5ad7b,PREDICTIONS_FROZEN,False
20,TARGET_ASSISTED_LABELLED_TARGET_CALIBRATION,46,280001,1,1050,c533e03343fe99ce2b28b5a1548b37ab3be0035982a2a293251577389a4af22d,PREDICTIONS_FROZEN,False
21,TARGET_ASSISTED_LABELLED_TARGET_CALIBRATION,46,280001,1,1050,a9502bf2f82f0745ada1357b7094b9bc6735618dbe4267d27b41d39e17a06607,PREDICTIONS_FROZEN,False
35,TARGET_ASSISTED_LABELLED_TARGET_CALIBRATION,46,280001,1,1050,24e389dfc16e3a54851f715a4a865e2b15bcc87aabb48b39f3b132245e6e3198,PREDICTIONS_FROZEN,False
50,TARGET_ASSISTED_LABELLED_TARGET_CALIBRATION,46,280001,1,1050,5f5a930bb634b7b9af448ec422dfd8c010dfca7238e25424a41ec68a3cef9fbb,PREDICTIONS_FROZEN,False
100,TARGET_ASSISTED_LABELLED_TARGET_CALIBRATION,46,280001,1,1050,5ab9bc39a9fe5064a73cf177bbd1ada7a7dced2a3d82343d54c15e103e1e9805,PREDICTIONS_FROZEN,False
200,TARGET_ASSISTED_LABELLED_TARGET_CALIBRATION,46,280001,1,1050,11173aff4512c73331269262102f4bc78e6840f9c60ad7523be5eac8bbb1b23d,PREDICTIONS_FROZEN,False
500,TARGET_ASSISTED_LABELLED_TARGET_CALIBRATION,46,280001,1,1050,0d52822a77735f4fef8c8e637bdacc7b54719bf63f9e92daa06056b77ce74bc7,PREDICTIONS_FROZEN,False
7,TARGET_ASSISTED_LABELLED_TARGET_CALIBRATION,46,305093,1,1050,1de8f82796d477d7f3a755e665d42963cfe5c720a1114a1b674d768354196dcf,PREDICTIONS_FROZEN,False
10,TARGET_ASSISTED_LABELLED_TARGET_CALIBRATION,46,305093,1,1050,9e9d3bfca2261c17cd1af17c2bea40a4a294d3ae28f1099dc63fe39535c8a3c5,PREDICTIONS_FROZEN,False
20,TARGET_ASSISTED_LABELLED_TARGET_CALIBRATION,46,305093,1,1050,88a78ce95f5c6913e2162eddc022d4bfd89ba1d95a337ea649e83477506aa616,PREDICTIONS_FROZEN,False
21,TARGET_ASSISTED_LABELLED_TARGET_CALIBRATION,46,305093,1,1050,f68ac73a51311c8ad09f75ba4c18e847eb853c762d1e977b8ea25a91910292c1,PREDICTIONS_FROZEN,False
35,TARGET_ASSISTED_LABELLED_TARGET_CALIBRATION,46,305093,1,1050,e9f05277cfd98bce3759476566d23bf8ef1bb4b7b9072810d8ff1bb1229d5a07,PREDICTIONS_FROZEN,False
50,TARGET_ASSISTED_LABELLED_TARGET_CALIBRATION,46,305093,1,1050,1806fbab93e40cb9d5349318d72a44077ff35d17f09ab051284a2eff6efb7393,PREDICTIONS_FROZEN,False
100,TARGET_ASSISTED_LABELLED_TARGET_CALIBRATION,46,305093,1,1050,16a29e7d5652a69b2997c2c83942231fb7c4931ab01ab84835b08578be30070a,PREDICTIONS_FROZEN,False
200,TARGET_ASSISTED_LABELLED_TARGET_CALIBRATION,46,305093,1,1050,0a799947fa47065786ec507f74d774bd39214448993612cce9e289ce68eefe25,PREDICTIONS_FROZEN,False
500,TARGET_ASSISTED_LABELLED_TARGET_CALIBRATION,46,305093,1,1050,ad91975262ca8f05317deb4019656fe6a3de9dcb8b14184434378dcbac4b2fb7,PREDICTIONS_FROZEN,False
7,TARGET_ASSISTED_LABELLED_TARGET_CALIBRATION,46,330017,1,1050,d308d6ea4bc75c53134edffa4c8ac5d4269f7b6e2713ab4e4adaa1bc60f8f2cb,PREDICTIONS_FROZEN,False
10,TARGET_ASSISTED_LABELLED_TARGET_CALIBRATION,46,330017,1,1050,6f6d34b4da640f0d5bde8dd267d4137cfb737a37d809fe015b4b7e748066b676,PREDICTIONS_FROZEN,False
20,TARGET_ASSISTED_LABELLED_TARGET_CALIBRATION,46,330017,1,1050,7911b66d329d077f60f06c497da331905e63505c8a682db0574961549359eed5,PREDICTIONS_FROZEN,False
21,TARGET_ASSISTED_LABELLED_TARGET_CALIBRATION,46,330017,1,1050,f5c577776339c75636355ae09d2228a5078adbb2ee30623ee8afd2eb331a3b7f,PREDICTIONS_FROZEN,False
35,TARGET_ASSISTED_LABELLED_TARGET_CALIBRATION,46,330017,1,1050,746c9b405f8dead826fa09c5ec13be9d27b8240cd8baaa4abc656e13a34f66aa,PREDICTIONS_FROZEN,False
50,TARGET_ASSISTED_LABELLED_TARGET_CALIBRATION,46,330017,1,1050,1315bae605267d92eb690277899490b108fc2ffc5ac9a6ff7e70f8f37b73f1c9,PREDICTIONS_FROZEN,False
100,TARGET_ASSISTED_LABELLED_TARGET_CALIBRATION,46,330017,1,1050,eeaa71a8bd7acd5504d9529d8cff3b18f150fbf62dc8761254bce2af121d48d0,PREDICTIONS_FROZEN,False
200,TARGET_ASSISTED_LABELLED_TARGET_CALIBRATION,46,330017,1,1050,cce66555ea7a89a7e86b2e6297b6e6acf94e2ae3c3b50eb811d7d36ed0c56066,PREDICTIONS_FROZEN,False
500,TARGET_ASSISTED_LABELLED_TARGET_CALIBRATION,46,330017,1,1050,70e19ccf83c2c5a368719deeab5af40d0e8451fc8b8b5236b6c976c8f652303c,PREDICTIONS_FROZEN,False
7,TARGET_ASSISTED_LABELLED_TARGET_CALIBRATION,46,355031,1,1050,a8684a32d36fa1567dabd62d92cb7b8f262886345105246b95fa6b9a3071a2d1,PREDICTIONS_FROZEN,False
10,TARGET_ASSISTED_LABELLED_TARGET_CALIBRATION,46,355031,1,1050,334ef3f45c83de378a7c2dca67bc2a36d46c27a4974411df1a226b95343bc587,PREDICTIONS_FROZEN,False
20,TARGET_ASSISTED_LABELLED_TARGET_CALIBRATION,46,355031,1,1050,5b6ae9900f0106d629811be524757caa2362cfcf30b3f6db3a8a105c7f58095a,PREDICTIONS_FROZEN,False
21,TARGET_ASSISTED_LABELLED_TARGET_CALIBRATION,46,355031,1,1050,bcf2bf77aa6e93d98c277a5b4f603033c3b75f2c414fd7b978396454b9e7b518,PREDICTIONS_FROZEN,False
35,TARGET_ASSISTED_LABELLED_TARGET_CALIBRATION,46,355031,1,1050,ea8777ac6a2b122121251a2210dd07c35c13b5bcb87ebe2ae60e242df74258d7,PREDICTIONS_FROZEN,False
50,TARGET_ASSISTED_LABELLED_TARGET_CALIBRATION,46,355031,1,1050,b07dffd593f371d80becc76bc43d7be5220b0ebc43757c8c47f0612f964c6e78,PREDICTIONS_FROZEN,False
100,TARGET_ASSISTED_LABELLED_TARGET_CALIBRATION,46,355031,1,1050,698a9d23fd48e1cb7a26d317fd09de2b7512f3ee48b3a4e23d29cea9427c5cc3,PREDICTIONS_FROZEN,False
200,TARGET_ASSISTED_LABELLED_TARGET_CALIBRATION,46,355031,1,1050,16f58de5345ac9dfdc86a0d0a3e255d57482476ac4467645a76eecb22be7a859,PREDICTIONS_FROZEN,False
500,TARGET_ASSISTED_LABELLED_TARGET_CALIBRATION,46,355031,1,1050,1765f580cbf1c5b627fe946d0933a03be71def5ea7d633320020f138d434c3c5,PREDICTIONS_FROZEN,False
7,TARGET_ASSISTED_LABELLED_TARGET_CALIBRATION,46,380041,1,1050,9e6316a30896a42762753221b1cf9b1976fe0053079835596aefda6b04a7fcdd,PREDICTIONS_FROZEN,False
10,TARGET_ASSISTED_LABELLED_TARGET_CALIBRATION,46,380041,1,1050,ec9cec1b67880d42afecc69db62fe2ae0fe131a15ec638d94b2c3cf23d0c5ca4,PREDICTIONS_FROZEN,False
20,TARGET_ASSISTED_LABELLED_TARGET_CALIBRATION,46,380041,1,1050,638b1d3ec2013df7e536224ffa91913fdbceb88fc0e53ffb7ecf41ce8d60d3a5,PREDICTIONS_FROZEN,False
21,TARGET_ASSISTED_LABELLED_TARGET_CALIBRATION,46,380041,1,1050,c134e43319ea84a1a0f2dda955c753cf898cdacf02194e458d99e2048b3eca23,PREDICTIONS_FROZEN,False
35,TARGET_ASSISTED_LABELLED_TARGET_CALIBRATION,46,380041,1,1050,380be8092c2a399135be4a7e8836a19ca8dab5eb11d2744c94bd3aeb817c67c2,PREDICTIONS_FROZEN,False
50,TARGET_ASSISTED_LABELLED_TARGET_CALIBRATION,46,380041,1,1050,f19a35a69446cd2fae9fe7a1f949f11eb9f234c03e557ce6f0e1b7bc3999e536,PREDICTIONS_FROZEN,False
100,TARGET_ASSISTED_LABELLED_TARGET_CALIBRATION,46,380041,1,1050,301ad0bb9b4304b9ea9ac70790baf92ce8b0b7e84850645a2dfaac3849236e3c,PREDICTIONS_FROZEN,False
200,TARGET_ASSISTED_LABELLED_TARGET_CALIBRATION,46,380041,1,1050,a3abcde823b8523b20307121bf2b3e3eade6e891987e10dd782f9e5385c86361,PREDICTIONS_FROZEN,False
500,TARGET_ASSISTED_LABELLED_TARGET_CALIBRATION,46,380041,1,1050,5718ca643e59152bd0c34b39b880563a84fabfd9543572f24d6c5dca70e48e1f,PREDICTIONS_FROZEN,False
7,TARGET_ASSISTED_LABELLED_TARGET_CALIBRATION,46,405019,1,1050,1dc6c8b789ec7121cb8fa2ce1474cde82c653c640728427b55dc0a549385490e,PREDICTIONS_FROZEN,False
10,TARGET_ASSISTED_LABELLED_TARGET_CALIBRATION,46,405019,1,1050,36ea9216d4c4f8403bdcdca9f64265899c91da3f940beb36a951df3c9941aaa4,PREDICTIONS_FROZEN,False
20,TARGET_ASSISTED_LABELLED_TARGET_CALIBRATION,46,405019,1,1050,82b7b8a59d97f5fbc95448221c57e6b24e39f837b76b8a99753529d7543a6974,PREDICTIONS_FROZEN,False
21,TARGET_ASSISTED_LABELLED_TARGET_CALIBRATION,46,405019,1,1050,37e98e5ca915cc12302b9aad46e102d6cdeb55796836e510b3ba820f2bb6aad0,PREDICTIONS_FROZEN,False
35,TARGET_ASSISTED_LABELLED_TARGET_CALIBRATION,46,405019,1,1050,d87e6d95cea59b4a052998cdfff7d68f74d0c2b92f9bbccc229a652b94c6a35b,PREDICTIONS_FROZEN,False
50,TARGET_ASSISTED_LABELLED_TARGET_CALIBRATION,46,405019,1,1050,e78c281f294342f2208db832d1c8485322e9ca25b61e2ffe9b71767c09e0aaea,PREDICTIONS_FROZEN,False
100,TARGET_ASSISTED_LABELLED_TARGET_CALIBRATION,46,405019,1,1050,3360010006d581e92ea0344227180b6710b10ebfdbf386c45988dfebf49f73ac,PREDICTIONS_FROZEN,False
200,TARGET_ASSISTED_LABELLED_TARGET_CALIBRATION,46,405019,1,1050,d10fdf7f6dcfbddd3ca0d1fba82be7824ccaa1ce3a96d0fdec7393e5fe80a1b4,PREDICTIONS_FROZEN,False
500,TARGET_ASSISTED_LABELLED_TARGET_CALIBRATION,46,405019,1,1050,ad91975262ca8f05317deb4019656fe6a3de9dcb8b14184434378dcbac4b2fb7,PREDICTIONS_FROZEN,False
7,TARGET_ASSISTED_LABELLED_TARGET_CALIBRATION,46,430007,1,1050,459a0040890abcd4f1bb42e7f4f7d89a342a262ed9f0d16f55adfaf767a375e3,PREDICTIONS_FROZEN,False
10,TARGET_ASSISTED_LABELLED_TARGET_CALIBRATION,46,430007,1,1050,8e19693da3326f694094a50aac1c91ab17a451357435e48e1e554cd4ce5d5b2a,PREDICTIONS_FROZEN,False
20,TARGET_ASSISTED_LABELLED_TARGET_CALIBRATION,46,430007,1,1050,1f594f3f5b69dec487f0d2d597cbf28378454ed96ebfb50b45492f110f662fbd,PREDICTIONS_FROZEN,False
21,TARGET_ASSISTED_LABELLED_TARGET_CALIBRATION,46,430007,1,1050,32562cb6df639c2ade85c6f3847017a2b1b296e9dc3cb8382bdd47c8f62d44a2,PREDICTIONS_FROZEN,False
35,TARGET_ASSISTED_LABELLED_TARGET_CALIBRATION,46,430007,1,1050,713c671c5eca69fd8d99c477bb0f94d8bb92cab4466053a222a17fd8a9d5e920,PREDICTIONS_FROZEN,False
50,TARGET_ASSISTED_LABELLED_TARGET_CALIBRATION,46,430007,1,1050,60e2157346785bf66621f3828b24a84198ab76f073e74e6a29b5afef9fe2283d,PREDICTIONS_FROZEN,False
100,TARGET_ASSISTED_LABELLED_TARGET_CALIBRATION,46,430007,1,1050,379b2b44af31bbce47a957db3a1c312c3f02c1266f8824355ceba278ee21b339,PREDICTIONS_FROZEN,False
200,TARGET_ASSISTED_LABELLED_TARGET_CALIBRATION,46,430007,1,1050,f4d13224d77c135579e0270c66b699bf83ce2f38327a36e14d9788561e7f60a4,PREDICTIONS_FROZEN,False
500,TARGET_ASSISTED_LABELLED_TARGET_CALIBRATION,46,430007,1,1050,d8dcbb02eae57619c3368b184963dee8f372f55d028b809455688e2ecda3e0a9,PREDICTIONS_FROZEN,False
7,TARGET_ASSISTED_LABELLED_TARGET_CALIBRATION,46,455003,1,1050,c0a4107d77572345a3d09f409fd82c835c997a6404ddbf8b89ad888b1d406eb0,PREDICTIONS_FROZEN,False
10,TARGET_ASSISTED_LABELLED_TARGET_CALIBRATION,46,455003,1,1050,ce8ab711f6c8e60c4411ffb0b22f0b94846a48eeb6b16a485ace39c420f8733c,PREDICTIONS_FROZEN,False
20,TARGET_ASSISTED_LABELLED_TARGET_CALIBRATION,46,455003,1,1050,70579377ed7f274f6bb31cab4e675c529adc89afe6c59990fe994fa9dab66650,PREDICTIONS_FROZEN,False
21,TARGET_ASSISTED_LABELLED_TARGET_CALIBRATION,46,455003,1,1050,10c13366f6d7d39a27301e6f2e166ca6775c7583c383bbb37dc2af49a14f143e,PREDICTIONS_FROZEN,False
35,TARGET_ASSISTED_LABELLED_TARGET_CALIBRATION,46,455003,1,1050,af85a6c0f907739f27afcdc63ae485ffab66ff26cc3e9ef31221794102969706,PREDICTIONS_FROZEN,False
50,TARGET_ASSISTED_LABELLED_TARGET_CALIBRATION,46,455003,1,1050,548342125d365306b44e27466acb91d0da49050f1ebf53e9a15ec3583d3a6e6d,PREDICTIONS_FROZEN,False
100,TARGET_ASSISTED_LABELLED_TARGET_CALIBRATION,46,455003,1,1050,f816ffda79b0ad4d18e4b16585a5bfc3abb56110b66f9d08981c2cebf49d2e3e,PREDICTIONS_FROZEN,False
200,TARGET_ASSISTED_LABELLED_TARGET_CALIBRATION,46,455003,1,1050,70f2d6c3d28ccbc8dbe82705c47629c240b628b1ad512dbd7b32fdff2a3d06a6,PREDICTIONS_FROZEN,False
500,TARGET_ASSISTED_LABELLED_TARGET_CALIBRATION,46,455003,1,1050,84841594c1f7fa94e58dd081d1d97a52f0fc4bf477d79fca27f99af5f34be1a0,PREDICTIONS_FROZEN,False
7,TARGET_ASSISTED_LABELLED_TARGET_CALIBRATION,46,480017,1,1050,d308d6ea4bc75c53134edffa4c8ac5d4269f7b6e2713ab4e4adaa1bc60f8f2cb,PREDICTIONS_FROZEN,False
10,TARGET_ASSISTED_LABELLED_TARGET_CALIBRATION,46,480017,1,1050,3d827e9318df5ed0e42f253adc5b960d7c0eabaf05cd85808bf7e4d9957e67ab,PREDICTIONS_FROZEN,False
20,TARGET_ASSISTED_LABELLED_TARGET_CALIBRATION,46,480017,1,1050,a09cbe5a5e3d3058080f586238c2a3a404dc3f3629fd61aae83526709afb1192,PREDICTIONS_FROZEN,False
21,TARGET_ASSISTED_LABELLED_TARGET_CALIBRATION,46,480017,1,1050,583ca5335b987100060ea76717cdc348795a27095f55104c279e1aab7557b1ac,PREDICTIONS_FROZEN,False
35,TARGET_ASSISTED_LABELLED_TARGET_CALIBRATION,46,480017,1,1050,380be8092c2a399135be4a7e8836a19ca8dab5eb11d2744c94bd3aeb817c67c2,PREDICTIONS_FROZEN,False
50,TARGET_ASSISTED_LABELLED_TARGET_CALIBRATION,46,480017,1,1050,a0a991929fe8a32f6e53608783b30730b5bb8b6e095e7bb7a31e29642585467f,PREDICTIONS_FROZEN,False
100,TARGET_ASSISTED_LABELLED_TARGET_CALIBRATION,46,480017,1,1050,04d23a6ca223037282fd9595cb0321ba3a9c85f0320cbef2461f156ab98e8398,PREDICTIONS_FROZEN,False
200,TARGET_ASSISTED_LABELLED_TARGET_CALIBRATION,46,480017,1,1050,68ed9ccfb5fa87c2fd8b9489bac199db098402808130b5ce7151e7024081247d,PREDICTIONS_FROZEN,False
500,TARGET_ASSISTED_LABELLED_TARGET_CALIBRATION,46,480017,1,1050,0144df5a4b8a92b830c93712bc621f5388785625a1f717d19496ff1e51d9a957,PREDICTIONS_FROZEN,False
7,TARGET_ASSISTED_LABELLED_TARGET_CALIBRATION,46,505027,1,1050,3a94cf3a8aca456e1fa972faef80b9a7ff4255a7ef699a4cee0fc620ccca669d,PREDICTIONS_FROZEN,False
10,TARGET_ASSISTED_LABELLED_TARGET_CALIBRATION,46,505027,1,1050,5eb2e22a2295a065060ae964a6ebb06f688cfe021100f81b959e54cdc0377621,PREDICTIONS_FROZEN,False
20,TARGET_ASSISTED_LABELLED_TARGET_CALIBRATION,46,505027,1,1050,fe3e0d96d67005a517b3fa915d94e5747b43bed3861b046f58a380918720618c,PREDICTIONS_FROZEN,False
21,TARGET_ASSISTED_LABELLED_TARGET_CALIBRATION,46,505027,1,1050,7fde820cbbcc1edb8b3a5f1476b09db9e8509ab4cc66d5b51aa2ae0f70040510,PREDICTIONS_FROZEN,False
35,TARGET_ASSISTED_LABELLED_TARGET_CALIBRATION,46,505027,1,1050,ea8777ac6a2b122121251a2210dd07c35c13b5bcb87ebe2ae60e242df74258d7,PREDICTIONS_FROZEN,False
50,TARGET_ASSISTED_LABELLED_TARGET_CALIBRATION,46,505027,1,1050,7600576c91976d57f98f2072038752c66f2f464100c5708b673960281605cf0a,PREDICTIONS_FROZEN,False
100,TARGET_ASSISTED_LABELLED_TARGET_CALIBRATION,46,505027,1,1050,8e98a8d882645f416bdf47733a37eb91643a05ae31e3487ac18a30210deb9c77,PREDICTIONS_FROZEN,False
200,TARGET_ASSISTED_LABELLED_TARGET_CALIBRATION,46,505027,1,1050,c43425a0174a37310268295a1126fe87a6e27133069654992616e97043961ed5,PREDICTIONS_FROZEN,False
500,TARGET_ASSISTED_LABELLED_TARGET_CALIBRATION,46,505027,1,1050,d7d5f2cd05fa2a34a58b266cdc13a85cd96755725dcee4cbcca738f49b1851be,PREDICTIONS_FROZEN,False
7,TARGET_ASSISTED_LABELLED_TARGET_CALIBRATION,46,530017,1,1050,c84c1d2e3c778cc9536511612990a621d9bcb9ff2c7bf89fb8b67f096d70f982,PREDICTIONS_FROZEN,False
10,TARGET_ASSISTED_LABELLED_TARGET_CALIBRATION,46,530017,1,1050,145cb2d7ecef44422d20c158c68935c796400a8798e2266858a14d074a005fd4,PREDICTIONS_FROZEN,False
20,TARGET_ASSISTED_LABELLED_TARGET_CALIBRATION,46,530017,1,1050,722c876bfc1fb5bfcddf246384afc4f50adb58ef4062998ad6b281a04e001e05,PREDICTIONS_FROZEN,False
21,TARGET_ASSISTED_LABELLED_TARGET_CALIBRATION,46,530017,1,1050,e0d7af6a753efde86a87ff4abf63e633ef19e628b37023dea03c8b752669b7bf,PREDICTIONS_FROZEN,False
35,TARGET_ASSISTED_LABELLED_TARGET_CALIBRATION,46,530017,1,1050,30f0c19cd3a535569eb8abb080d372db3a1a41cb1afb745ba0915fdf31d740b6,PREDICTIONS_FROZEN,False
50,TARGET_ASSISTED_LABELLED_TARGET_CALIBRATION,46,530017,1,1050,7d04c390c463b5e813a9d93eb7bb84ae67618d94281b4da6208a54011c6a4bf0,PREDICTIONS_FROZEN,False
100,TARGET_ASSISTED_LABELLED_TARGET_CALIBRATION,46,530017,1,1050,0baab190024114ad97201a11f58fb82311351d4cb0cdf570dee3ed7c0ec7b377,PREDICTIONS_FROZEN,False
200,TARGET_ASSISTED_LABELLED_TARGET_CALIBRATION,46,530017,1,1050,c2ad1f9e458c445de2a53994e0fa6a7e20bb13f74e104349601314782ee55ec7,PREDICTIONS_FROZEN,False
500,TARGET_ASSISTED_LABELLED_TARGET_CALIBRATION,46,530017,1,1050,28bfbea62196c31c50ae679fb7bd6a79ee5e867df394deec55a27ae78846a1bc,PREDICTIONS_FROZEN,False
7,TARGET_ASSISTED_LABELLED_TARGET_CALIBRATION,46,555029,1,1050,9e6316a30896a42762753221b1cf9b1976fe0053079835596aefda6b04a7fcdd,PREDICTIONS_FROZEN,False
10,TARGET_ASSISTED_LABELLED_TARGET_CALIBRATION,46,555029,1,1050,f70f9429dd607564fc10697eefe6c3471dbbaeaee2acf6ef2db38d3c662d20ac,PREDICTIONS_FROZEN,False
20,TARGET_ASSISTED_LABELLED_TARGET_CALIBRATION,46,555029,1,1050,4ef22ac3de3bcc04e0df1c2723943707ce31a36eaf29bd11d2732807d65408cd,PREDICTIONS_FROZEN,False
21,TARGET_ASSISTED_LABELLED_TARGET_CALIBRATION,46,555029,1,1050,bcf2bf77aa6e93d98c277a5b4f603033c3b75f2c414fd7b978396454b9e7b518,PREDICTIONS_FROZEN,False
35,TARGET_ASSISTED_LABELLED_TARGET_CALIBRATION,46,555029,1,1050,0201286adcff7ae18f7b351edd14a070e5df1c1b486e347731076c8ecbf5712b,PREDICTIONS_FROZEN,False
50,TARGET_ASSISTED_LABELLED_TARGET_CALIBRATION,46,555029,1,1050,0f262cbdfa9aafba9261ebea7f1f7934c7f8a214d6a911ee3378a73d4782866d,PREDICTIONS_FROZEN,False
100,TARGET_ASSISTED_LABELLED_TARGET_CALIBRATION,46,555029,1,1050,cf1a4cd5ed9d92da645f00d0d2cb7981edfd92692facf44b21f34fcf044e955b,PREDICTIONS_FROZEN,False
200,TARGET_ASSISTED_LABELLED_TARGET_CALIBRATION,46,555029,1,1050,c2ad1f9e458c445de2a53994e0fa6a7e20bb13f74e104349601314782ee55ec7,PREDICTIONS_FROZEN,False
500,TARGET_ASSISTED_LABELLED_TARGET_CALIBRATION,46,555029,1,1050,9cda9d6ecf5c7ec9d2701051a47274afdf495cb556fe3d57e70c8d0e6a9956be,PREDICTIONS_FROZEN,False
7,TARGET_ASSISTED_LABELLED_TARGET_CALIBRATION,46,580031,1,1050,502d5c720640a241f8a7a3833916f15acd7c908a9bbb7e86623655a68f112aeb,PREDICTIONS_FROZEN,False
10,TARGET_ASSISTED_LABELLED_TARGET_CALIBRATION,46,580031,1,1050,7db15f75ecb2d042c8d2defc5f2f413f43ae4259ec762667f8f7554177e7620b,PREDICTIONS_FROZEN,False
20,TARGET_ASSISTED_LABELLED_TARGET_CALIBRATION,46,580031,1,1050,11589a485aa17551a435243c0d613fd63ad3697cd6996cf7ce2ee84f16202534,PREDICTIONS_FROZEN,False
21,TARGET_ASSISTED_LABELLED_TARGET_CALIBRATION,46,580031,1,1050,62a9d122ecface4e0944ce9bafcbac0e3053b01931a160ee2f3211ceefa8be60,PREDICTIONS_FROZEN,False
35,TARGET_ASSISTED_LABELLED_TARGET_CALIBRATION,46,580031,1,1050,0063cb943c144b97eaf97121aab77c1298b8e3f312adeb930b3ee32fe8d7dba1,PREDICTIONS_FROZEN,False
50,TARGET_ASSISTED_LABELLED_TARGET_CALIBRATION,46,580031,1,1050,715c744810de60c37d42ae9bde445239862be23288efa0da3f955993959d7770,PREDICTIONS_FROZEN,False
100,TARGET_ASSISTED_LABELLED_TARGET_CALIBRATION,46,580031,1,1050,ea52d0565c452b07a3685e5a52a17ccf7a153f9bd4120e8d343a93c2e5417208,PREDICTIONS_FROZEN,False
200,TARGET_ASSISTED_LABELLED_TARGET_CALIBRATION,46,580031,1,1050,a42078983c26289858935321d393465f0a0e9759811d29dba1f61d868d0b4b12,PREDICTIONS_FROZEN,False
500,TARGET_ASSISTED_LABELLED_TARGET_CALIBRATION,46,580031,1,1050,1765f580cbf1c5b627fe946d0933a03be71def5ea7d633320020f138d434c3c5,PREDICTIONS_FROZEN,False
0,STRICT_SOURCE_ONLY_DG,46,,2,1050,edb6e68e1fbd2dcb221c6eb0197e401b08c1062558ee99444b5ffd908baa2122,PREDICTIONS_FROZEN,False
7,TARGET_ASSISTED_LABELLED_TARGET_CALIBRATION,46,104729,2,1050,71bafb7a812492afb503d69ad5a84db0e1aa308eeca24368e4fd73ce978bfa4b,PREDICTIONS_FROZEN,False
10,TARGET_ASSISTED_LABELLED_TARGET_CALIBRATION,46,104729,2,1050,5bbc4d131f53a6f02100c64a28757be47e733a9da0beddb6e7dce3d3322f2279,PREDICTIONS_FROZEN,False
20,TARGET_ASSISTED_LABELLED_TARGET_CALIBRATION,46,104729,2,1050,82bd2bd89cce9236de463a24355882d472c18e4f67cc330c59eb23efe325ccaa,PREDICTIONS_FROZEN,False
21,TARGET_ASSISTED_LABELLED_TARGET_CALIBRATION,46,104729,2,1050,82bd2bd89cce9236de463a24355882d472c18e4f67cc330c59eb23efe325ccaa,PREDICTIONS_FROZEN,False
35,TARGET_ASSISTED_LABELLED_TARGET_CALIBRATION,46,104729,2,1050,0c2541f27a3bced43685c32c03ffc46e20c6ef7e025ad551b97e2820274e3906,PREDICTIONS_FROZEN,False
50,TARGET_ASSISTED_LABELLED_TARGET_CALIBRATION,46,104729,2,1050,afd5c28f8c7f02b7b5b2d0c943da230ebe12ae472dbb918d5061a61db00fac40,PREDICTIONS_FROZEN,False
100,TARGET_ASSISTED_LABELLED_TARGET_CALIBRATION,46,104729,2,1050,afc298781f0323ab78c4550910d05985d33d28e8413998493900b0aa34f14239,PREDICTIONS_FROZEN,False
200,TARGET_ASSISTED_LABELLED_TARGET_CALIBRATION,46,104729,2,1050,20f906419597c785f57960c7e1c686aeeb5bfe3276d7656450c101e0b831587e,PREDICTIONS_FROZEN,False
500,TARGET_ASSISTED_LABELLED_TARGET_CALIBRATION,46,104729,2,1050,382985ec7c08c36a582e32ec19302bbfd989204b160d8cc5f33b40f1ec85aafb,PREDICTIONS_FROZEN,False
7,TARGET_ASSISTED_LABELLED_TARGET_CALIBRATION,46,130363,2,1050,93beab6ca4f4cba674341530f430a1f53ea37de301ece2af695187a3cad49a7f,PREDICTIONS_FROZEN,False
10,TARGET_ASSISTED_LABELLED_TARGET_CALIBRATION,46,130363,2,1050,772dd0ec97a6fb6fa9563241afb28b1d604f8e71726f2f69eff48b69221d3406,PREDICTIONS_FROZEN,False
20,TARGET_ASSISTED_LABELLED_TARGET_CALIBRATION,46,130363,2,1050,ca39b9f247e610fc8effb7674019ae90cb86235280e5caf9ec26150f77db5a68,PREDICTIONS_FROZEN,False
21,TARGET_ASSISTED_LABELLED_TARGET_CALIBRATION,46,130363,2,1050,ae871881838e4cf7557eb7b1a678b626750132babef8d11272ef21307ab79c28,PREDICTIONS_FROZEN,False
35,TARGET_ASSISTED_LABELLED_TARGET_CALIBRATION,46,130363,2,1050,b083116703eeb375fca96bf08f308bc7d58cc2e42db2c3bc97531f0cb9f0a229,PREDICTIONS_FROZEN,False
50,TARGET_ASSISTED_LABELLED_TARGET_CALIBRATION,46,130363,2,1050,f4a0e93561c8d6af765dc7f846471948be3af2ae8a650e71c42dc1696adf248e,PREDICTIONS_FROZEN,False
100,TARGET_ASSISTED_LABELLED_TARGET_CALIBRATION,46,130363,2,1050,df1067827bdd0dd5ebbfff2931cd22e95fa04e9e3da1408df46fe25ce1afe51a,PREDICTIONS_FROZEN,False
200,TARGET_ASSISTED_LABELLED_TARGET_CALIBRATION,46,130363,2,1050,720966d30f859d6df75d3b1aa20b39e5b018caaa4c32b632de452099364c22b6,PREDICTIONS_FROZEN,False
500,TARGET_ASSISTED_LABELLED_TARGET_CALIBRATION,46,130363,2,1050,8a2c4481e3d308a6dd080daee72393a082b33a26f4cd416eddaf90d1d7760bbb,PREDICTIONS_FROZEN,False
7,TARGET_ASSISTED_LABELLED_TARGET_CALIBRATION,46,155921,2,1050,3cf38dcb4e73e0f661d5207fe3c34b211646bd0af4a44d2b951722392e7b247c,PREDICTIONS_FROZEN,False
10,TARGET_ASSISTED_LABELLED_TARGET_CALIBRATION,46,155921,2,1050,06d2c981f48a3e71e8be0a3a2209b729d2a84a66b12c5359e8b65c156da77a7c,PREDICTIONS_FROZEN,False
20,TARGET_ASSISTED_LABELLED_TARGET_CALIBRATION,46,155921,2,1050,3f663fdfde82df731d93377478d4c17f0219c86d9d1596e2bc7a43e3e946ec74,PREDICTIONS_FROZEN,False
21,TARGET_ASSISTED_LABELLED_TARGET_CALIBRATION,46,155921,2,1050,ae250accce0ccfd38b442c2b09e90c4cff104869aa3b3a7e0f1f8456cd4c0005,PREDICTIONS_FROZEN,False
35,TARGET_ASSISTED_LABELLED_TARGET_CALIBRATION,46,155921,2,1050,e9625c67d5842eccb9a6a2a2d88dfd3b9db75ff7b52987a4acfc7822b297ef68,PREDICTIONS_FROZEN,False
50,TARGET_ASSISTED_LABELLED_TARGET_CALIBRATION,46,155921,2,1050,9ae5bef74b15c02af578fc21595a72bb05322b0cbec41ab043ae97540a1fdc66,PREDICTIONS_FROZEN,False
100,TARGET_ASSISTED_LABELLED_TARGET_CALIBRATION,46,155921,2,1050,d4054301562961147c3a73535ae954cd74adab31f667733deee7630b0334c63c,PREDICTIONS_FROZEN,False
200,TARGET_ASSISTED_LABELLED_TARGET_CALIBRATION,46,155921,2,1050,c8f51ecd34a65efc8afd3c3810453b5b878615bd9cee5adc0f6dc0f24d564b56,PREDICTIONS_FROZEN,False
500,TARGET_ASSISTED_LABELLED_TARGET_CALIBRATION,46,155921,2,1050,382985ec7c08c36a582e32ec19302bbfd989204b160d8cc5f33b40f1ec85aafb,PREDICTIONS_FROZEN,False
7,TARGET_ASSISTED_LABELLED_TARGET_CALIBRATION,46,181081,2,1050,6689b21a565eaf16c93e3bda166abf666a68273aba60d8b600a0a50f6fde99e9,PREDICTIONS_FROZEN,False
10,TARGET_ASSISTED_LABELLED_TARGET_CALIBRATION,46,181081,2,1050,48b62b6501fbe454e797ceb72f3bf0d303516bd11531b4c75148b6026da5f2e0,PREDICTIONS_FROZEN,False
20,TARGET_ASSISTED_LABELLED_TARGET_CALIBRATION,46,181081,2,1050,b6f3ffadf4cf4b72f4c2ae641344f3be38299da1e8602c60a5a78ddcb7a92f41,PREDICTIONS_FROZEN,False
21,TARGET_ASSISTED_LABELLED_TARGET_CALIBRATION,46,181081,2,1050,b6f3ffadf4cf4b72f4c2ae641344f3be38299da1e8602c60a5a78ddcb7a92f41,PREDICTIONS_FROZEN,False
35,TARGET_ASSISTED_LABELLED_TARGET_CALIBRATION,46,181081,2,1050,a2e09952100b7b88c0070761bdc91e388c1f75c8cefe2c0c153236c098454777,PREDICTIONS_FROZEN,False
50,TARGET_ASSISTED_LABELLED_TARGET_CALIBRATION,46,181081,2,1050,579f9f06e9e2a9dc4bc29da449f4079a4826b55c94a8bf3d5b592f15d00a8c92,PREDICTIONS_FROZEN,False
100,TARGET_ASSISTED_LABELLED_TARGET_CALIBRATION,46,181081,2,1050,cbc3c8aba57fe88d08efc965e5d5561431fb34190502325aea6fc0706e21db2c,PREDICTIONS_FROZEN,False
200,TARGET_ASSISTED_LABELLED_TARGET_CALIBRATION,46,181081,2,1050,70abf3bb0bd2f829c8ce67cecaa3071c7c113cd77ef3b86f9218006e7982acdc,PREDICTIONS_FROZEN,False
500,TARGET_ASSISTED_LABELLED_TARGET_CALIBRATION,46,181081,2,1050,b6392cf9c315d8da4bd5a44b62f22d74745ede93b846ec299037c2f4029b3cc9,PREDICTIONS_FROZEN,False
7,TARGET_ASSISTED_LABELLED_TARGET_CALIBRATION,46,205439,2,1050,f23a70db8a12fefb4653338e83ff7939a3cde77ce7326d3ca1a25e94ca1758bf,PREDICTIONS_FROZEN,False
10,TARGET_ASSISTED_LABELLED_TARGET_CALIBRATION,46,205439,2,1050,d2a70406101d94ab3060fee6951a43694c91124ca69eca6a465c4fa1911e11ef,PREDICTIONS_FROZEN,False
20,TARGET_ASSISTED_LABELLED_TARGET_CALIBRATION,46,205439,2,1050,d102469561f021dc87e6e208bea229203fefd0b79ec3acedff8a04a95c9e1e2b,PREDICTIONS_FROZEN,False
21,TARGET_ASSISTED_LABELLED_TARGET_CALIBRATION,46,205439,2,1050,dcffc1916750033b0ffb9d78e9546e27cd5a67e3a16f79ab1fc6a436982bb25b,PREDICTIONS_FROZEN,False
35,TARGET_ASSISTED_LABELLED_TARGET_CALIBRATION,46,205439,2,1050,f9da8f2ad8172a5f73354f18934b60ef7f65fa46fdf486850648b1ed2a80f798,PREDICTIONS_FROZEN,False
50,TARGET_ASSISTED_LABELLED_TARGET_CALIBRATION,46,205439,2,1050,49a5162b4975e55a64f097ee641d80461cc88511ec69f4111bc34d7a82c6b649,PREDICTIONS_FROZEN,False
100,TARGET_ASSISTED_LABELLED_TARGET_CALIBRATION,46,205439,2,1050,2fcaf24c81efc11e52eb6a9cd8a7cf193a68b8e7dfa2de1e8f0920cfd103c5c3,PREDICTIONS_FROZEN,False
200,TARGET_ASSISTED_LABELLED_TARGET_CALIBRATION,46,205439,2,1050,3b65aad1fb3a4897fda26b7811bdc858d9c582045b4f989d52d1d51486a33745,PREDICTIONS_FROZEN,False
500,TARGET_ASSISTED_LABELLED_TARGET_CALIBRATION,46,205439,2,1050,3d1cf5b3f13a7c8d9a4fb02265674795b3057260dfe048f654294a9eb240c260,PREDICTIONS_FROZEN,False
7,TARGET_ASSISTED_LABELLED_TARGET_CALIBRATION,46,230003,2,1050,9d09882024650c39ef89d4a275966b2c92cbd4d742377d7ab8ab8a581e74d06d,PREDICTIONS_FROZEN,False
10,TARGET_ASSISTED_LABELLED_TARGET_CALIBRATION,46,230003,2,1050,82621d227ec38fc4065a91687c3c9e41df387c9a349a6aad3de6bb753c0b3ea2,PREDICTIONS_FROZEN,False
20,TARGET_ASSISTED_LABELLED_TARGET_CALIBRATION,46,230003,2,1050,ce4b482e0a674499facabb6c62ef0acba6613c4ca9ac2c0040b5ea1733517d7e,PREDICTIONS_FROZEN,False
21,TARGET_ASSISTED_LABELLED_TARGET_CALIBRATION,46,230003,2,1050,077d31d9118105113565e854849778da96f54f7a29b110d36963b429bef8f615,PREDICTIONS_FROZEN,False
35,TARGET_ASSISTED_LABELLED_TARGET_CALIBRATION,46,230003,2,1050,6b61aed93dab991c5d6c5446d48cd964d2253c93b5aaa543ccf01be96568eceb,PREDICTIONS_FROZEN,False
50,TARGET_ASSISTED_LABELLED_TARGET_CALIBRATION,46,230003,2,1050,448b6766569c53dc6513461a013537b418c23bd4fae41346d08966e333a34f06,PREDICTIONS_FROZEN,False
100,TARGET_ASSISTED_LABELLED_TARGET_CALIBRATION,46,230003,2,1050,5e74846b31a5d54c31ed331b908bd52a7dd7e0b16a253d854d4f35bd71dce8a0,PREDICTIONS_FROZEN,False
200,TARGET_ASSISTED_LABELLED_TARGET_CALIBRATION,46,230003,2,1050,ad1e2e8a836f7016020234c37e73d0d98b19dd5c11eb4e000f0568654368412b,PREDICTIONS_FROZEN,False
500,TARGET_ASSISTED_LABELLED_TARGET_CALIBRATION,46,230003,2,1050,84519b5fe7e1172f71245055e0a0129c10737c8d107c751f90a3a566b27b4f67,PREDICTIONS_FROZEN,False
7,TARGET_ASSISTED_LABELLED_TARGET_CALIBRATION,46,254959,2,1050,0b2ff5c396b70210f1d456a21713b2a2966e491fc70be2a5fbe97232b0c67d44,PREDICTIONS_FROZEN,False
10,TARGET_ASSISTED_LABELLED_TARGET_CALIBRATION,46,254959,2,1050,f8a523e868c52ea812c46a4aa4227a520442b1891872e63aebad5d179a0278ef,PREDICTIONS_FROZEN,False
20,TARGET_ASSISTED_LABELLED_TARGET_CALIBRATION,46,254959,2,1050,3b8c5bf1c1b7f2efa71347445120658a56d73df343db8ceb5b094e1a620a1643,PREDICTIONS_FROZEN,False
21,TARGET_ASSISTED_LABELLED_TARGET_CALIBRATION,46,254959,2,1050,6c0d3a440a87d41c65583ecc9c64d1b4c67e3a736d322762322c6d6384bbe662,PREDICTIONS_FROZEN,False
35,TARGET_ASSISTED_LABELLED_TARGET_CALIBRATION,46,254959,2,1050,59cd025ee00f7f98b6cb7a44c23b0df73aff4b13d05000b1c2535bc9240883f0,PREDICTIONS_FROZEN,False
50,TARGET_ASSISTED_LABELLED_TARGET_CALIBRATION,46,254959,2,1050,c5aa1328dbae1ff1c46ac6e6e61568548ccbdb25c6fe89d9666ec91c9fbfa75f,PREDICTIONS_FROZEN,False
100,TARGET_ASSISTED_LABELLED_TARGET_CALIBRATION,46,254959,2,1050,56fd4c0136f316d0fad28ee6661e789d1bc06e2b7c0653eba08aceb641388601,PREDICTIONS_FROZEN,False
200,TARGET_ASSISTED_LABELLED_TARGET_CALIBRATION,46,254959,2,1050,3bbd25757192d7473a4ef5ec038b49f84f8a4120c5c9bb0c7e4f26cfdc3ae52b,PREDICTIONS_FROZEN,False
500,TARGET_ASSISTED_LABELLED_TARGET_CALIBRATION,46,254959,2,1050,382985ec7c08c36a582e32ec19302bbfd989204b160d8cc5f33b40f1ec85aafb,PREDICTIONS_FROZEN,False
7,TARGET_ASSISTED_LABELLED_TARGET_CALIBRATION,46,280001,2,1050,384f980556bf0de068e188453356edd9ab8c17a3078f1c51a2de09efa890ae51,PREDICTIONS_FROZEN,False
10,TARGET_ASSISTED_LABELLED_TARGET_CALIBRATION,46,280001,2,1050,ba6180e1ef7905bf13a59464e6c0479f071fd44cafccd7a1ab9a553622661f63,PREDICTIONS_FROZEN,False
20,TARGET_ASSISTED_LABELLED_TARGET_CALIBRATION,46,280001,2,1050,13822e81e7c6c8a915477d12c3bec58270619086883fffa9b68d2339811bc822,PREDICTIONS_FROZEN,False
21,TARGET_ASSISTED_LABELLED_TARGET_CALIBRATION,46,280001,2,1050,a64859ea5962887904e40fd506aa8ebde7908fbd7e6c8368df1d25f2b69fcc3a,PREDICTIONS_FROZEN,False
35,TARGET_ASSISTED_LABELLED_TARGET_CALIBRATION,46,280001,2,1050,1d905faf0d6ea366e85ff63645f0b286c6684b1742d72aed11dece354e84f57d,PREDICTIONS_FROZEN,False
50,TARGET_ASSISTED_LABELLED_TARGET_CALIBRATION,46,280001,2,1050,7976d607dcb3c88a617078f2c7651384352c230bd3ca0f6d47e7bcb9f66debde,PREDICTIONS_FROZEN,False
100,TARGET_ASSISTED_LABELLED_TARGET_CALIBRATION,46,280001,2,1050,11c6e9e3adbe79d0cf99dcc1a9fbd2defe2fbba88f55f295023b8c95fc4aed60,PREDICTIONS_FROZEN,False
200,TARGET_ASSISTED_LABELLED_TARGET_CALIBRATION,46,280001,2,1050,92bcb584c13be00d28d25dad2d49e18acf1db3532fea489a1129fc3ae734e9bf,PREDICTIONS_FROZEN,False
500,TARGET_ASSISTED_LABELLED_TARGET_CALIBRATION,46,280001,2,1050,f2b0cd950037bfbdbb11e89523e8ca0d74b030b5e07286293ec8a90cb07ae5dd,PREDICTIONS_FROZEN,False
7,TARGET_ASSISTED_LABELLED_TARGET_CALIBRATION,46,305093,2,1050,3be0a37f623cf9931e5561dabea8cfe728fad0c04193829ef52848a7c034b5f2,PREDICTIONS_FROZEN,False
10,TARGET_ASSISTED_LABELLED_TARGET_CALIBRATION,46,305093,2,1050,8a81f9af9f459e9fca5fd0f602d75756a01b571c082070fc67d8eb7b5f88cc7b,PREDICTIONS_FROZEN,False
20,TARGET_ASSISTED_LABELLED_TARGET_CALIBRATION,46,305093,2,1050,1eba629bd41e51a84f7128bed991b78f7641fa9e043722675c45e96ae5c447f7,PREDICTIONS_FROZEN,False
21,TARGET_ASSISTED_LABELLED_TARGET_CALIBRATION,46,305093,2,1050,294babb2bc0467e803d07760650b0ce30850fadf0929919c3e67e31810552701,PREDICTIONS_FROZEN,False
35,TARGET_ASSISTED_LABELLED_TARGET_CALIBRATION,46,305093,2,1050,59cd025ee00f7f98b6cb7a44c23b0df73aff4b13d05000b1c2535bc9240883f0,PREDICTIONS_FROZEN,False
50,TARGET_ASSISTED_LABELLED_TARGET_CALIBRATION,46,305093,2,1050,c50abea7b0a167ac6a44ebcb4f8bf1ed575b40e855edf45591033025c6f7c832,PREDICTIONS_FROZEN,False
100,TARGET_ASSISTED_LABELLED_TARGET_CALIBRATION,46,305093,2,1050,6b273b2a5ffae2aacbd0f9d31a828cdb5f9ace6cb4071cefe1108b9afda484b5,PREDICTIONS_FROZEN,False
200,TARGET_ASSISTED_LABELLED_TARGET_CALIBRATION,46,305093,2,1050,a7504021f2bfca97feff19dd3d343a5d922091cb0c8a7d48ab80d05120313341,PREDICTIONS_FROZEN,False
500,TARGET_ASSISTED_LABELLED_TARGET_CALIBRATION,46,305093,2,1050,20f906419597c785f57960c7e1c686aeeb5bfe3276d7656450c101e0b831587e,PREDICTIONS_FROZEN,False
7,TARGET_ASSISTED_LABELLED_TARGET_CALIBRATION,46,330017,2,1050,7499cd7249198bd0f370ea56e9a5a2e41e4ceb8b929310fb9cc4d88d03d0a3ed,PREDICTIONS_FROZEN,False
10,TARGET_ASSISTED_LABELLED_TARGET_CALIBRATION,46,330017,2,1050,1c7e80a0b6c06999c10af2f1de93d7d5ef876d54f796557f80102e0f37affede,PREDICTIONS_FROZEN,False
20,TARGET_ASSISTED_LABELLED_TARGET_CALIBRATION,46,330017,2,1050,a35d5aa8063f55efef918c93c518afbd18eb1af24ecde4f1267044aa10824c5f,PREDICTIONS_FROZEN,False
21,TARGET_ASSISTED_LABELLED_TARGET_CALIBRATION,46,330017,2,1050,8ef95f677494344b21be02be9121beeb213ee626301b4e9524a8d28bb5305fb0,PREDICTIONS_FROZEN,False
35,TARGET_ASSISTED_LABELLED_TARGET_CALIBRATION,46,330017,2,1050,96183c744ddf8dedb1512588e835e0b4034199c91efc0608c70b573f7f0f1e14,PREDICTIONS_FROZEN,False
50,TARGET_ASSISTED_LABELLED_TARGET_CALIBRATION,46,330017,2,1050,09f0318cc42e42b6117d3861afd61bbda1f104d2aa16fdbb9daacb3316978b27,PREDICTIONS_FROZEN,False
100,TARGET_ASSISTED_LABELLED_TARGET_CALIBRATION,46,330017,2,1050,30db6f54f4e2afc8066a79c5605d413c71ce42147e2df3ffa55c48d0e25f73a1,PREDICTIONS_FROZEN,False
200,TARGET_ASSISTED_LABELLED_TARGET_CALIBRATION,46,330017,2,1050,26fbc56aa1cd3081e1e6df4f7906512c2a8ef6ca7e76f6d16a94d4211df1429e,PREDICTIONS_FROZEN,False
500,TARGET_ASSISTED_LABELLED_TARGET_CALIBRATION,46,330017,2,1050,1d8aa7f6ecb1634e0cb38dff08456a68490270d02fc6774789f7df8613f9126c,PREDICTIONS_FROZEN,False
7,TARGET_ASSISTED_LABELLED_TARGET_CALIBRATION,46,355031,2,1050,a7dd4529fa0d5a3d66922f67b42aa12237fe4c0391ad6be34523c886573235fc,PREDICTIONS_FROZEN,False
10,TARGET_ASSISTED_LABELLED_TARGET_CALIBRATION,46,355031,2,1050,2feb6fa91d8d92c3b2504aa3c1e201de12bcd06664e86ec9dff55ca11155b47b,PREDICTIONS_FROZEN,False
20,TARGET_ASSISTED_LABELLED_TARGET_CALIBRATION,46,355031,2,1050,73fffa7ad4b67cf2c5dd857d1386243cbfa5eddfe273b3e4d2a97e9e192416f7,PREDICTIONS_FROZEN,False
21,TARGET_ASSISTED_LABELLED_TARGET_CALIBRATION,46,355031,2,1050,49db7a0645a88074f9882d7317f29383faa41af6a1e5983d95a22aa22386d3da,PREDICTIONS_FROZEN,False
35,TARGET_ASSISTED_LABELLED_TARGET_CALIBRATION,46,355031,2,1050,0d3d3cd6a39b07fb8fbbec2476867ddc3779790cf26e9de167ae5f20a26b1665,PREDICTIONS_FROZEN,False
50,TARGET_ASSISTED_LABELLED_TARGET_CALIBRATION,46,355031,2,1050,2c8522d7ea6484828d2b4b01ab1d782cf2372559ad2bb34fe16ad2bb3cbf6d97,PREDICTIONS_FROZEN,False
100,TARGET_ASSISTED_LABELLED_TARGET_CALIBRATION,46,355031,2,1050,c185adfa9b11fbc628e58a03321d63187a75b9fd25d6df7d06d1a5518088d302,PREDICTIONS_FROZEN,False
200,TARGET_ASSISTED_LABELLED_TARGET_CALIBRATION,46,355031,2,1050,bd41c8937ed0c9a0fd9c9bf2f8c82f65bc0c0fbf91b6290f39ee1e7410296f61,PREDICTIONS_FROZEN,False
500,TARGET_ASSISTED_LABELLED_TARGET_CALIBRATION,46,355031,2,1050,c9071f9d90b7bb774c69e0cb8fce5f00b8619c9cb0420599b4694964dc8ca773,PREDICTIONS_FROZEN,False
7,TARGET_ASSISTED_LABELLED_TARGET_CALIBRATION,46,380041,2,1050,807be28f46a7ac977c49df5cf8c0a8aa86c258089c1869d395c23a911952fc99,PREDICTIONS_FROZEN,False
10,TARGET_ASSISTED_LABELLED_TARGET_CALIBRATION,46,380041,2,1050,7c3904caf057b2938a66f0ad6684d0991b2060df0bf02899ba83bd189ab0b749,PREDICTIONS_FROZEN,False
20,TARGET_ASSISTED_LABELLED_TARGET_CALIBRATION,46,380041,2,1050,ab57e081148be3f209afcfdfcb4fef5807deab0daba0e4781bc4ad3b1f898287,PREDICTIONS_FROZEN,False
21,TARGET_ASSISTED_LABELLED_TARGET_CALIBRATION,46,380041,2,1050,cb6fcfa1a3c5664524b55301d11d45909c8d9e075ceb0deacc000a5ae32d67af,PREDICTIONS_FROZEN,False
35,TARGET_ASSISTED_LABELLED_TARGET_CALIBRATION,46,380041,2,1050,9c89a5e3e8df650d61bc0b78bb1e670787904aa66f10367c4257114bbcc53821,PREDICTIONS_FROZEN,False
50,TARGET_ASSISTED_LABELLED_TARGET_CALIBRATION,46,380041,2,1050,3c06e363314125de6d1165bca818854830a3a632c06388f848df5c5ceb74a2d5,PREDICTIONS_FROZEN,False
100,TARGET_ASSISTED_LABELLED_TARGET_CALIBRATION,46,380041,2,1050,ddd797952a518b9b02855bed67a2da52a9f644040f564103d7f129ee8a959fc0,PREDICTIONS_FROZEN,False
200,TARGET_ASSISTED_LABELLED_TARGET_CALIBRATION,46,380041,2,1050,11fc28dfb29de96e406c5946b741465da2e62e53f363dbf514495fd24f61618a,PREDICTIONS_FROZEN,False
500,TARGET_ASSISTED_LABELLED_TARGET_CALIBRATION,46,380041,2,1050,4315504b13531d7af632e4d345c8bdfe2168d34093300165f5d8bc5dab736ecb,PREDICTIONS_FROZEN,False
7,TARGET_ASSISTED_LABELLED_TARGET_CALIBRATION,46,405019,2,1050,72e0ab44c5786c4189c320666fcbdcf903bff4defc6f02807a0fa4e1dce16c42,PREDICTIONS_FROZEN,False
10,TARGET_ASSISTED_LABELLED_TARGET_CALIBRATION,46,405019,2,1050,b0ba8d7ecbf7f1edaebea3cbafe6a62c7c01a24ccc2fdee00b805c71575d0da8,PREDICTIONS_FROZEN,False
20,TARGET_ASSISTED_LABELLED_TARGET_CALIBRATION,46,405019,2,1050,92355da23d77477dca1bd65a04280563edb39c7fa13e687f069e259bccc22be4,PREDICTIONS_FROZEN,False
21,TARGET_ASSISTED_LABELLED_TARGET_CALIBRATION,46,405019,2,1050,6884f5a280d41012310b72a837c4836eab465d246de582784cf93db01cd5a3e0,PREDICTIONS_FROZEN,False
35,TARGET_ASSISTED_LABELLED_TARGET_CALIBRATION,46,405019,2,1050,287012610452ebd1ff6774653c290b0d0be4cca7181ef35583080585413b2b9a,PREDICTIONS_FROZEN,False
50,TARGET_ASSISTED_LABELLED_TARGET_CALIBRATION,46,405019,2,1050,3195c0528be1507f5e8594e7211b8c0c30fba572b9d757a16b8528163f4094b8,PREDICTIONS_FROZEN,False
100,TARGET_ASSISTED_LABELLED_TARGET_CALIBRATION,46,405019,2,1050,dae97f99724a557eeb2ddfb3bad22af6a2b8031df591c8921f66161cf1da05b4,PREDICTIONS_FROZEN,False
200,TARGET_ASSISTED_LABELLED_TARGET_CALIBRATION,46,405019,2,1050,402d7692d8cc2eb43c414aff98ae51e9e2f3b70ddfabb4dde1d6c87582503b72,PREDICTIONS_FROZEN,False
500,TARGET_ASSISTED_LABELLED_TARGET_CALIBRATION,46,405019,2,1050,f2b0cd950037bfbdbb11e89523e8ca0d74b030b5e07286293ec8a90cb07ae5dd,PREDICTIONS_FROZEN,False
7,TARGET_ASSISTED_LABELLED_TARGET_CALIBRATION,46,430007,2,1050,84b697c7c7c05548d4aa3d35e3e4654ece1031bd5ebf3c5305437806daa77c26,PREDICTIONS_FROZEN,False
10,TARGET_ASSISTED_LABELLED_TARGET_CALIBRATION,46,430007,2,1050,14e330b84bf5e3fe83bafa0b816be4aec6c23a356d9d9b265983a6716ef015bc,PREDICTIONS_FROZEN,False
20,TARGET_ASSISTED_LABELLED_TARGET_CALIBRATION,46,430007,2,1050,0b3ed2a740026d668335d72a793b26d3d7550d694e544cf8feeb276b568fa8f6,PREDICTIONS_FROZEN,False
21,TARGET_ASSISTED_LABELLED_TARGET_CALIBRATION,46,430007,2,1050,c1e3246ee1646cc1fa853e9e08a670995189f4a72ae2618bef1d0e756d373428,PREDICTIONS_FROZEN,False
35,TARGET_ASSISTED_LABELLED_TARGET_CALIBRATION,46,430007,2,1050,0c2541f27a3bced43685c32c03ffc46e20c6ef7e025ad551b97e2820274e3906,PREDICTIONS_FROZEN,False
50,TARGET_ASSISTED_LABELLED_TARGET_CALIBRATION,46,430007,2,1050,d2be2edfd31b0c5ac8b6e0aeeedca3432bb00691f4471fa2309106a15543a98f,PREDICTIONS_FROZEN,False
100,TARGET_ASSISTED_LABELLED_TARGET_CALIBRATION,46,430007,2,1050,ac90af251e37cf2b33f9ef9a9134f8806598abdda5a4a7a2a47f74e7c9ad0331,PREDICTIONS_FROZEN,False
200,TARGET_ASSISTED_LABELLED_TARGET_CALIBRATION,46,430007,2,1050,1660bb49da7fed7276889e7dcf9c6836048bf43758735f1663d31f3aca26f08a,PREDICTIONS_FROZEN,False
500,TARGET_ASSISTED_LABELLED_TARGET_CALIBRATION,46,430007,2,1050,20f906419597c785f57960c7e1c686aeeb5bfe3276d7656450c101e0b831587e,PREDICTIONS_FROZEN,False
7,TARGET_ASSISTED_LABELLED_TARGET_CALIBRATION,46,455003,2,1050,a3cab8b12a0ba65d7632253d2b87eb38747dc3e5b0595bb8411bac0ce07e7bb1,PREDICTIONS_FROZEN,False
10,TARGET_ASSISTED_LABELLED_TARGET_CALIBRATION,46,455003,2,1050,088b50baa241f1e5337ed6bff0bc8daeaf75d845e9b9fbe7da85466931d8ef43,PREDICTIONS_FROZEN,False
20,TARGET_ASSISTED_LABELLED_TARGET_CALIBRATION,46,455003,2,1050,819e6bcd0af37898924b48c2314e8c4551992cdd9496e270664e11856e5923c6,PREDICTIONS_FROZEN,False
21,TARGET_ASSISTED_LABELLED_TARGET_CALIBRATION,46,455003,2,1050,58b13c69228643a0c990da665b4c4c899342836553673c3e64b2e3ee0653129d,PREDICTIONS_FROZEN,False
35,TARGET_ASSISTED_LABELLED_TARGET_CALIBRATION,46,455003,2,1050,cbe6f5426465f4eaee3b92d0e4495a387aece3c8f07937b36ac5433d8fe558cb,PREDICTIONS_FROZEN,False
50,TARGET_ASSISTED_LABELLED_TARGET_CALIBRATION,46,455003,2,1050,b483369a27c7f18564804b40943cd50523a1c75859edcb0e6729914d9ab94de6,PREDICTIONS_FROZEN,False
100,TARGET_ASSISTED_LABELLED_TARGET_CALIBRATION,46,455003,2,1050,fd1df93791ed8edfa116da9688d3d9312624cb622753beebcc5c471e1ccafeeb,PREDICTIONS_FROZEN,False
200,TARGET_ASSISTED_LABELLED_TARGET_CALIBRATION,46,455003,2,1050,cd2adb4ddb60e7938841d8e4eaa9dd8ca48432baecd5d562b8505fa8c5efc43d,PREDICTIONS_FROZEN,False
500,TARGET_ASSISTED_LABELLED_TARGET_CALIBRATION,46,455003,2,1050,6d888f5d511ebc2878639b205951d67b319c49b13215759bbab13395c6cc63c6,PREDICTIONS_FROZEN,False
7,TARGET_ASSISTED_LABELLED_TARGET_CALIBRATION,46,480017,2,1050,3d33f474850ef92eabca97b2a03499835287c07e7c8cd14c6e76ac280569289e,PREDICTIONS_FROZEN,False
10,TARGET_ASSISTED_LABELLED_TARGET_CALIBRATION,46,480017,2,1050,fe1e0e1a84460499fb2b160c3dfa96ebec806bfa191172fba9c40585c8584797,PREDICTIONS_FROZEN,False
20,TARGET_ASSISTED_LABELLED_TARGET_CALIBRATION,46,480017,2,1050,14ce212152dee06d1b3800ac62cdab32f90f09997e8d21d5d746f2e022ac9561,PREDICTIONS_FROZEN,False
21,TARGET_ASSISTED_LABELLED_TARGET_CALIBRATION,46,480017,2,1050,39fe280528ed6f784b48cfb02bb810ca314415f9a97cb17e3177d3f991450592,PREDICTIONS_FROZEN,False
35,TARGET_ASSISTED_LABELLED_TARGET_CALIBRATION,46,480017,2,1050,f575425aa63afa9afac1023075be43ea2c70cc046f4181916d489e4be83aef02,PREDICTIONS_FROZEN,False
50,TARGET_ASSISTED_LABELLED_TARGET_CALIBRATION,46,480017,2,1050,dd9a3eeebb9d90e516ab8a17e2d39e032ddc2e8b2121d0ae6b61c6f7b7c324b0,PREDICTIONS_FROZEN,False
100,TARGET_ASSISTED_LABELLED_TARGET_CALIBRATION,46,480017,2,1050,5a09a29c329c34d02b723bab10966fa2916db06fc14aae1ac9166b4cc03af2f1,PREDICTIONS_FROZEN,False
200,TARGET_ASSISTED_LABELLED_TARGET_CALIBRATION,46,480017,2,1050,55543c6c1c29d64569f4b28a3e01c02e63193b3d85ea451a99af92e7db6451bb,PREDICTIONS_FROZEN,False
500,TARGET_ASSISTED_LABELLED_TARGET_CALIBRATION,46,480017,2,1050,c9071f9d90b7bb774c69e0cb8fce5f00b8619c9cb0420599b4694964dc8ca773,PREDICTIONS_FROZEN,False
7,TARGET_ASSISTED_LABELLED_TARGET_CALIBRATION,46,505027,2,1050,5a7271e2e1d17191f15fe75fdb2a14b310a45539304c2418b34efa1c02a61ee0,PREDICTIONS_FROZEN,False
10,TARGET_ASSISTED_LABELLED_TARGET_CALIBRATION,46,505027,2,1050,091d8eb2696f0e958c95910eb812f2dcd04b057e60d2ab1652f2880a62cef1cc,PREDICTIONS_FROZEN,False
20,TARGET_ASSISTED_LABELLED_TARGET_CALIBRATION,46,505027,2,1050,bcf0efafbb4c701840130dcf25d3c27d586fc1881351b5136d06c3689f29fd6c,PREDICTIONS_FROZEN,False
21,TARGET_ASSISTED_LABELLED_TARGET_CALIBRATION,46,505027,2,1050,b6f3ffadf4cf4b72f4c2ae641344f3be38299da1e8602c60a5a78ddcb7a92f41,PREDICTIONS_FROZEN,False
35,TARGET_ASSISTED_LABELLED_TARGET_CALIBRATION,46,505027,2,1050,4ea0beb05fcca7c6bc6547eba58c7d8cabe621c8d14b4d269b7a4e5db8e9c845,PREDICTIONS_FROZEN,False
50,TARGET_ASSISTED_LABELLED_TARGET_CALIBRATION,46,505027,2,1050,a49d00d040d4b9c9b5dff5a741a884e583e5fc17f80d5b1564bb107a29f49d4d,PREDICTIONS_FROZEN,False
100,TARGET_ASSISTED_LABELLED_TARGET_CALIBRATION,46,505027,2,1050,3c89a8921b8dead9d01d5fdfb5ca215a8b9ce5a7b4ac5146be7cff41981175f5,PREDICTIONS_FROZEN,False
200,TARGET_ASSISTED_LABELLED_TARGET_CALIBRATION,46,505027,2,1050,e089132c1a698c7c9bbb4f12897c76d1633ba4bba8536d27100f47f57ff42188,PREDICTIONS_FROZEN,False
500,TARGET_ASSISTED_LABELLED_TARGET_CALIBRATION,46,505027,2,1050,20f906419597c785f57960c7e1c686aeeb5bfe3276d7656450c101e0b831587e,PREDICTIONS_FROZEN,False
7,TARGET_ASSISTED_LABELLED_TARGET_CALIBRATION,46,530017,2,1050,84b697c7c7c05548d4aa3d35e3e4654ece1031bd5ebf3c5305437806daa77c26,PREDICTIONS_FROZEN,False
10,TARGET_ASSISTED_LABELLED_TARGET_CALIBRATION,46,530017,2,1050,5c324a846f3be7f3be27bee6349945217e8ebb26365fb5c5516c08d7e7c3e6ca,PREDICTIONS_FROZEN,False
20,TARGET_ASSISTED_LABELLED_TARGET_CALIBRATION,46,530017,2,1050,11ef959adc6d75a28fa80934971428241b2b1631076da884131d1276ec5829b0,PREDICTIONS_FROZEN,False
21,TARGET_ASSISTED_LABELLED_TARGET_CALIBRATION,46,530017,2,1050,fd1206fef4d8897b84b07214dbbc29bc23ff4a5b66160fe7978ef18ff16c23c0,PREDICTIONS_FROZEN,False
35,TARGET_ASSISTED_LABELLED_TARGET_CALIBRATION,46,530017,2,1050,a62ed6f365284f8cc10c65d697e01d4038ff1e4289194c21a45b04c073b16163,PREDICTIONS_FROZEN,False
50,TARGET_ASSISTED_LABELLED_TARGET_CALIBRATION,46,530017,2,1050,d2137f2f31bb31b689f597c83a2ac85783a6a60df2e0ff6faf453dd34e968494,PREDICTIONS_FROZEN,False
100,TARGET_ASSISTED_LABELLED_TARGET_CALIBRATION,46,530017,2,1050,5f88f28a6530b309bfb9d8e9996ed18af15adb57057140e54154172a54f49304,PREDICTIONS_FROZEN,False
200,TARGET_ASSISTED_LABELLED_TARGET_CALIBRATION,46,530017,2,1050,20f906419597c785f57960c7e1c686aeeb5bfe3276d7656450c101e0b831587e,PREDICTIONS_FROZEN,False
500,TARGET_ASSISTED_LABELLED_TARGET_CALIBRATION,46,530017,2,1050,20f906419597c785f57960c7e1c686aeeb5bfe3276d7656450c101e0b831587e,PREDICTIONS_FROZEN,False
7,TARGET_ASSISTED_LABELLED_TARGET_CALIBRATION,46,555029,2,1050,3ce0b47893c8fe2c81f9aad495aca18c6d1e55efbc545517707b99e282918f40,PREDICTIONS_FROZEN,False
10,TARGET_ASSISTED_LABELLED_TARGET_CALIBRATION,46,555029,2,1050,0d55d21765cd892094e426dfbec61d0efb1da38b7c762714acbc699a14c85d7c,PREDICTIONS_FROZEN,False
20,TARGET_ASSISTED_LABELLED_TARGET_CALIBRATION,46,555029,2,1050,a15fb917bb0318817df8a0d39df39a45c0177dfa930f0aa3d1edb24b879c6b23,PREDICTIONS_FROZEN,False
21,TARGET_ASSISTED_LABELLED_TARGET_CALIBRATION,46,555029,2,1050,43cc41f533a4b368f54c11412bfb17b2c57cb8d3fd41686d9356a4efda52d8aa,PREDICTIONS_FROZEN,False
35,TARGET_ASSISTED_LABELLED_TARGET_CALIBRATION,46,555029,2,1050,45d7cd6e0416f61167067ec6b1e6653f5d86dc6a490245fb6eb4020e06241875,PREDICTIONS_FROZEN,False
50,TARGET_ASSISTED_LABELLED_TARGET_CALIBRATION,46,555029,2,1050,47ac6c8416d67a9f6694a04036fc9bb6db063f634c955bf15518507432db3531,PREDICTIONS_FROZEN,False
100,TARGET_ASSISTED_LABELLED_TARGET_CALIBRATION,46,555029,2,1050,78c69d1e47aa87e0fa6ab1cd5f725b44bdf78eb40e196045a4d3c7171c6fe384,PREDICTIONS_FROZEN,False
200,TARGET_ASSISTED_LABELLED_TARGET_CALIBRATION,46,555029,2,1050,382985ec7c08c36a582e32ec19302bbfd989204b160d8cc5f33b40f1ec85aafb,PREDICTIONS_FROZEN,False
500,TARGET_ASSISTED_LABELLED_TARGET_CALIBRATION,46,555029,2,1050,20f906419597c785f57960c7e1c686aeeb5bfe3276d7656450c101e0b831587e,PREDICTIONS_FROZEN,False
7,TARGET_ASSISTED_LABELLED_TARGET_CALIBRATION,46,580031,2,1050,9819bd5f8ebae3ba0bb5a6e827c3fbefd37d1d40018bf2fc2a351a28c7c8d541,PREDICTIONS_FROZEN,False
10,TARGET_ASSISTED_LABELLED_TARGET_CALIBRATION,46,580031,2,1050,2086b4df6872a9a9d936d6b677052264421e913d9702e15a15e42b7381c6516a,PREDICTIONS_FROZEN,False
20,TARGET_ASSISTED_LABELLED_TARGET_CALIBRATION,46,580031,2,1050,cf3b3c08a52c51c041550acde200a7d4b13a9a563cdda2378edc0a16cba56f6d,PREDICTIONS_FROZEN,False
21,TARGET_ASSISTED_LABELLED_TARGET_CALIBRATION,46,580031,2,1050,e57e3633c7f7f7c3fb9b2e839b234fa9a06f1bdb7f2848d8c442e7e256caad00,PREDICTIONS_FROZEN,False
35,TARGET_ASSISTED_LABELLED_TARGET_CALIBRATION,46,580031,2,1050,ebd6ad6e2e313c67f1382cb13448b4a55cd50d1ae1fba081759e4a8cca479157,PREDICTIONS_FROZEN,False
50,TARGET_ASSISTED_LABELLED_TARGET_CALIBRATION,46,580031,2,1050,3e84709b1c5d998a1ac18019ac82b6c3a19a6a5a8fe79aaaf29baeb146ca92fc,PREDICTIONS_FROZEN,False
100,TARGET_ASSISTED_LABELLED_TARGET_CALIBRATION,46,580031,2,1050,2d07e6744bcc3d65713d8191c790566cd7e451225579e5e4b540b286c9f018e5,PREDICTIONS_FROZEN,False
200,TARGET_ASSISTED_LABELLED_TARGET_CALIBRATION,46,580031,2,1050,86cc2ce265dacd1f1245b969ed159b31697a675ca279a8fa91395486625ba3c6,PREDICTIONS_FROZEN,False
500,TARGET_ASSISTED_LABELLED_TARGET_CALIBRATION,46,580031,2,1050,f854d62dd728aed688bb3563fe48fd0464c66aa4b6498280e7e795742b749f27,PREDICTIONS_FROZEN,False
