budget,budget_label,claim_type,method,source_seed,support_seed,query_rows,query_condition_blocks,accuracy,macro_f1,balanced_accuracy,worst_class_f1,block_majority_accuracy,block_majority_macro_f1,prediction_sha256
0,0 labels (strict source-only DG),STRICT_SOURCE_ONLY_DG,FS0_FROZEN_SOURCE_HEAD,42,,3150,63,0.1726984126984127,0.12305412236755582,0.17269841269841266,0.0,0.1746031746031746,0.12412349555206696,1a09163e96887fb810f2a0231757c88c16745838560b6d055389ec8f344035fe
0,0 labels (strict source-only DG),STRICT_SOURCE_ONLY_DG,FS0_FROZEN_SOURCE_HEAD,43,,3150,63,0.11936507936507937,0.09655707116594889,0.11936507936507937,0.0,0.12698412698412698,0.10762570762570764,fadb12c4bbaa97ff43fc1e3e8d232428f563e6fa3bd3138de0626121afa164db
0,0 labels (strict source-only DG),STRICT_SOURCE_ONLY_DG,FS0_FROZEN_SOURCE_HEAD,44,,3150,63,0.1292063492063492,0.10079515335097167,0.1292063492063492,0.0,0.12698412698412698,0.09766218081435472,6c84d5025143f44a94a29df99ec51bc015f73a55019f7dcf36a617c1cde82cc3
0,0 labels (strict source-only DG),STRICT_SOURCE_ONLY_DG,FS0_FROZEN_SOURCE_HEAD,45,,3150,63,0.20412698412698413,0.1445645243313212,0.20412698412698416,0.0,0.20634920634920634,0.14337614644520014,5fda7c3742694b7157efb7361e632f815da619635b5b352f5f798242ea225774
0,0 labels (strict source-only DG),STRICT_SOURCE_ONLY_DG,FS0_FROZEN_SOURCE_HEAD,46,,3150,63,0.15777777777777777,0.096183546957079,0.15777777777777777,0.0,0.15873015873015872,0.09582417582417582,effeb82b8a1358020f7dccccb715074bc75690f228588253e84cd29106ba4cc5
7,1-shot (7 labels),TARGET_ASSISTED_LABELLED_TARGET_CALIBRATION,TARGET_ONLY_COSINE_PROTOTYPE,42,104729,3150,63,0.14412698412698413,0.1471396036244596,0.14412698412698413,0.0,0.14285714285714285,0.14703727644904116,7a5156ab514e30414a515b96d3de586015b133de8539c339f16202e7d36d53b0
7,1-shot (7 labels),TARGET_ASSISTED_LABELLED_TARGET_CALIBRATION,TARGET_ONLY_COSINE_PROTOTYPE,42,130363,3150,63,0.15555555555555556,0.14993668440504956,0.15555555555555559,0.0,0.15873015873015872,0.1522108843537415,b26d511d7c12f01aa4ff62f98c3a70b4df8c95c5947e3bcd05e9dc62ef856144
7,1-shot (7 labels),TARGET_ASSISTED_LABELLED_TARGET_CALIBRATION,TARGET_ONLY_COSINE_PROTOTYPE,42,155921,3150,63,0.1307936507936508,0.10067354301581306,0.1307936507936508,0.0,0.12698412698412698,0.09735330232224641,374e7659f3a9319a963e6322e210d38483daa02bdaba794f3a4c4f7b03888b6a
7,1-shot (7 labels),TARGET_ASSISTED_LABELLED_TARGET_CALIBRATION,TARGET_ONLY_COSINE_PROTOTYPE,42,181081,3150,63,0.20285714285714285,0.18438606430992452,0.20285714285714285,0.0,0.20634920634920634,0.18715705476789218,e3ea65d46cbd5e8697b338bcd844a34b7ccdfd97db9fcda8e51b281cdce2819b
7,1-shot (7 labels),TARGET_ASSISTED_LABELLED_TARGET_CALIBRATION,TARGET_ONLY_COSINE_PROTOTYPE,42,205439,3150,63,0.12285714285714286,0.11650715817405974,0.12285714285714286,0.0,0.12698412698412698,0.11977247039166546,05be5ffe766cfea5ae67cadc6b8559bd877ae607ceaca88f56ef01a930b777a0
7,1-shot (7 labels),TARGET_ASSISTED_LABELLED_TARGET_CALIBRATION,TARGET_ONLY_COSINE_PROTOTYPE,42,230003,3150,63,0.2057142857142857,0.2017235817582234,0.2057142857142857,0.0,0.20634920634920634,0.20289055973266495,644495eeecbb890cc22668e3cc4d866ce3d5d0fdf2979e9baf0f51f12712d7b1
7,1-shot (7 labels),TARGET_ASSISTED_LABELLED_TARGET_CALIBRATION,TARGET_ONLY_COSINE_PROTOTYPE,42,254959,3150,63,0.14253968253968255,0.1374231794022987,0.14253968253968252,0.0091324200913242,0.14285714285714285,0.1372522922212363,6f16722ef0fa7767a2ae88bcffc907866bda69cda79f87bf31ebc8095549cfb2
7,1-shot (7 labels),TARGET_ASSISTED_LABELLED_TARGET_CALIBRATION,TARGET_ONLY_COSINE_PROTOTYPE,42,280001,3150,63,0.14253968253968255,0.11247317228993403,0.14253968253968255,0.0,0.14285714285714285,0.1118767361754139,557d601e59a99be735004fc66ccf4c167ee6f88f8211b118c98f63eeff9a608a
7,1-shot (7 labels),TARGET_ASSISTED_LABELLED_TARGET_CALIBRATION,TARGET_ONLY_COSINE_PROTOTYPE,42,305093,3150,63,0.17142857142857143,0.1659274798965603,0.17142857142857146,0.078125,0.1746031746031746,0.16891144749583953,0fc6091347bf2c5669086e1d39d066c665037f90a2b5b20f90d74af2db838124
7,1-shot (7 labels),TARGET_ASSISTED_LABELLED_TARGET_CALIBRATION,TARGET_ONLY_COSINE_PROTOTYPE,42,330017,3150,63,0.12634920634920635,0.12075583715766154,0.12634920634920635,0.013201320132013201,0.12698412698412698,0.12053944384771453,b5bd2f9891f59230a5f8ed817be8099ce48fb75abeb767e25d7379d15cb70bf3
7,1-shot (7 labels),TARGET_ASSISTED_LABELLED_TARGET_CALIBRATION,TARGET_ONLY_COSINE_PROTOTYPE,42,355031,3150,63,0.20634920634920634,0.19329662513234672,0.20634920634920634,0.014388489208633094,0.20634920634920634,0.19176798102917747,efb0a5c19b9884767049af402904f8787acbbd7d4ca4f8995fc9d911e54641e7
7,1-shot (7 labels),TARGET_ASSISTED_LABELLED_TARGET_CALIBRATION,TARGET_ONLY_COSINE_PROTOTYPE,42,380041,3150,63,0.13936507936507936,0.12733766616605127,0.13936507936507936,0.0,0.12698412698412698,0.11667906028808284,a87ac55df8efb3dade660adf0f6e3a035d24289eda0776fb68cc043f1185a33b
7,1-shot (7 labels),TARGET_ASSISTED_LABELLED_TARGET_CALIBRATION,TARGET_ONLY_COSINE_PROTOTYPE,42,405019,3150,63,0.09428571428571429,0.07321366728615117,0.09428571428571428,0.0,0.09523809523809523,0.07373050230193087,19a6982de1dcd3305ee57390b18439acd08a37211272a083e7e3dd2fa064b1c2
7,1-shot (7 labels),TARGET_ASSISTED_LABELLED_TARGET_CALIBRATION,TARGET_ONLY_COSINE_PROTOTYPE,42,430007,3150,63,0.17492063492063492,0.1570707269594789,0.17492063492063492,0.0,0.1746031746031746,0.15765821480107192,d506e9afcb6a3832021102895c38f1fcfa83f69599b6ce0811fdd50bd5e1565e
7,1-shot (7 labels),TARGET_ASSISTED_LABELLED_TARGET_CALIBRATION,TARGET_ONLY_COSINE_PROTOTYPE,42,455003,3150,63,0.09650793650793651,0.09249921459531403,0.0965079365079365,0.0,0.09523809523809523,0.090562540805796,4aa8bfaa85ea56eeb6e53fa30b5608d9f9c914c49f305b05a8ba4ba8a1825446
7,1-shot (7 labels),TARGET_ASSISTED_LABELLED_TARGET_CALIBRATION,TARGET_ONLY_COSINE_PROTOTYPE,42,480017,3150,63,0.12603174603174602,0.10456315921045796,0.12603174603174602,0.0,0.12698412698412698,0.10506026972192385,677ce4cfa40273ebcda27f335e8a1ccea8939e2c8d0b6bc7421f6a22bb41ef35
7,1-shot (7 labels),TARGET_ASSISTED_LABELLED_TARGET_CALIBRATION,TARGET_ONLY_COSINE_PROTOTYPE,42,505027,3150,63,0.1180952380952381,0.10735371275205836,0.1180952380952381,0.0026845637583892616,0.12698412698412698,0.11331015164686564,f40d0f812fe04b58c4a338ebd7b6ce41de81360e44a0a7fe2ddaf13ff47446f1
7,1-shot (7 labels),TARGET_ASSISTED_LABELLED_TARGET_CALIBRATION,TARGET_ONLY_COSINE_PROTOTYPE,42,530017,3150,63,0.06253968253968253,0.051737315771341975,0.06253968253968253,0.0,0.06349206349206349,0.05293912436769579,031b631949e13968bbb116c4b6d37298af3b775db14b51d5d4a04abd03f51f7f
7,1-shot (7 labels),TARGET_ASSISTED_LABELLED_TARGET_CALIBRATION,TARGET_ONLY_COSINE_PROTOTYPE,42,555029,3150,63,0.1034920634920635,0.08806064923974637,0.1034920634920635,0.0,0.09523809523809523,0.07967836257309942,5ed6d1b02cf2db79d9ccf0273f6264836492f3e2f726dd04d91f240eef4c86fa
7,1-shot (7 labels),TARGET_ASSISTED_LABELLED_TARGET_CALIBRATION,TARGET_ONLY_COSINE_PROTOTYPE,42,580031,3150,63,0.14412698412698413,0.14726107429279375,0.14412698412698413,0.0,0.14285714285714285,0.14703727644904116,d3b950ff38232229d0d0e4a5540312971e426ab80c3071460f30e537b8449474
7,1-shot (7 labels),TARGET_ASSISTED_LABELLED_TARGET_CALIBRATION,TARGET_ONLY_COSINE_PROTOTYPE,43,104729,3150,63,0.15841269841269842,0.1458939065074312,0.15841269841269842,0.0,0.15873015873015872,0.14571341357055642,d8c44ca2336c6b3eaaf98456cfba5961b188c436464847eb8b47838c9891a6b7
7,1-shot (7 labels),TARGET_ASSISTED_LABELLED_TARGET_CALIBRATION,TARGET_ONLY_COSINE_PROTOTYPE,43,130363,3150,63,0.15587301587301589,0.1189372275825833,0.15587301587301589,0.0,0.15873015873015872,0.11989600437876301,e9e0032f4c0fddc4c7888e33008be563b14dad067a6edf46f83fc58e9fbbe8ca
7,1-shot (7 labels),TARGET_ASSISTED_LABELLED_TARGET_CALIBRATION,TARGET_ONLY_COSINE_PROTOTYPE,43,155921,3150,63,0.12984126984126984,0.12931442083876998,0.12984126984126984,0.0,0.12698412698412698,0.12838190195986862,70369bb72f544fbe22920161fcaba45006478cfad04d418620ec7b8f989921e8
7,1-shot (7 labels),TARGET_ASSISTED_LABELLED_TARGET_CALIBRATION,TARGET_ONLY_COSINE_PROTOTYPE,43,181081,3150,63,0.13015873015873017,0.12431634477171714,0.13015873015873017,0.0,0.12698412698412698,0.12003468053888222,79bee617a2b698f94e82c49cfed7bf7b448c7b5f3f05ed7c8c4add59ce0a31ae
7,1-shot (7 labels),TARGET_ASSISTED_LABELLED_TARGET_CALIBRATION,TARGET_ONLY_COSINE_PROTOTYPE,43,205439,3150,63,0.1419047619047619,0.13095870326377357,0.1419047619047619,0.0,0.14285714285714285,0.13136690776442328,6bef291b786b61ca708e65f985442617fc2bb4cd9bb7465d86c06546fc644833
7,1-shot (7 labels),TARGET_ASSISTED_LABELLED_TARGET_CALIBRATION,TARGET_ONLY_COSINE_PROTOTYPE,43,230003,3150,63,0.1438095238095238,0.1340924310250914,0.1438095238095238,0.0,0.14285714285714285,0.1321760888263351,ea608bc6edc5ae582ba2f7395539ca3cc325ce7adaec201f80813d82be5949eb
7,1-shot (7 labels),TARGET_ASSISTED_LABELLED_TARGET_CALIBRATION,TARGET_ONLY_COSINE_PROTOTYPE,43,254959,3150,63,0.09619047619047619,0.09167911413898208,0.09619047619047619,0.0,0.09523809523809523,0.09123188405797102,f6fa8eb957d3064fc9f5279a123298f312be97532c3d6fd64bcc377a44aa4c06
7,1-shot (7 labels),TARGET_ASSISTED_LABELLED_TARGET_CALIBRATION,TARGET_ONLY_COSINE_PROTOTYPE,43,280001,3150,63,0.12571428571428572,0.11948104195445765,0.12571428571428572,0.0,0.12698412698412698,0.1201814058956916,15b9663b5818b14118100d8cee84caa96d581e1b0ef9830884fdcd87c53bf0c8
7,1-shot (7 labels),TARGET_ASSISTED_LABELLED_TARGET_CALIBRATION,TARGET_ONLY_COSINE_PROTOTYPE,43,305093,3150,63,0.14888888888888888,0.1315586632963382,0.14888888888888888,0.003552397868561279,0.15873015873015872,0.14117092991042574,aedae3ec444e61729064025b37281ab104a2af2178feafbf390830146687e335
7,1-shot (7 labels),TARGET_ASSISTED_LABELLED_TARGET_CALIBRATION,TARGET_ONLY_COSINE_PROTOTYPE,43,330017,3150,63,0.14857142857142858,0.1362138380942523,0.14857142857142858,0.0,0.14285714285714285,0.1322450719418202,963e79f2856da0a293adbad1db0ae95faf6bb554bae8aa3a60a576ec1301d957
7,1-shot (7 labels),TARGET_ASSISTED_LABELLED_TARGET_CALIBRATION,TARGET_ONLY_COSINE_PROTOTYPE,43,355031,3150,63,0.1796825396825397,0.18032424257110705,0.1796825396825397,0.06996381182147166,0.19047619047619047,0.19101290865996745,635ca19955d393f430ef0df205b8cbc0faab951b2912bf86d88273c3f55fb2e6
7,1-shot (7 labels),TARGET_ASSISTED_LABELLED_TARGET_CALIBRATION,TARGET_ONLY_COSINE_PROTOTYPE,43,380041,3150,63,0.12857142857142856,0.12476820702013487,0.1285714285714286,0.0,0.12698412698412698,0.12321244287188561,6ad406402d97d277071a07bc468c84433c86b199c3788c2562af90571e29363a
7,1-shot (7 labels),TARGET_ASSISTED_LABELLED_TARGET_CALIBRATION,TARGET_ONLY_COSINE_PROTOTYPE,43,405019,3150,63,0.1111111111111111,0.09137546003086452,0.11111111111111109,0.0,0.1111111111111111,0.09121830550401978,85c27adf62b2cd8b67ff959a32ea6809321ec4062e4e4d68ec14d1672c43ad4c
7,1-shot (7 labels),TARGET_ASSISTED_LABELLED_TARGET_CALIBRATION,TARGET_ONLY_COSINE_PROTOTYPE,43,430007,3150,63,0.1819047619047619,0.15766031949017342,0.18190476190476193,0.01410105757931845,0.19047619047619047,0.16444270015698587,3dd7642c60e371e52351c2e9871d1b5e87a0db549d092be122a70f148eb25b4b
7,1-shot (7 labels),TARGET_ASSISTED_LABELLED_TARGET_CALIBRATION,TARGET_ONLY_COSINE_PROTOTYPE,43,455003,3150,63,0.1746031746031746,0.16527211791583943,0.1746031746031746,0.0,0.1746031746031746,0.16613756613756614,e3c5dbca331f30c32039fa0d30bb26992345b754493a62fc2957e1b9b97b5e74
7,1-shot (7 labels),TARGET_ASSISTED_LABELLED_TARGET_CALIBRATION,TARGET_ONLY_COSINE_PROTOTYPE,43,480017,3150,63,0.1219047619047619,0.10704213990911526,0.12190476190476192,0.0,0.12698412698412698,0.11070222139198929,c4cb7f67b1f011f11e48bcd384e4143cedb3f52685c2b180e7857320c2a0ad26
7,1-shot (7 labels),TARGET_ASSISTED_LABELLED_TARGET_CALIBRATION,TARGET_ONLY_COSINE_PROTOTYPE,43,505027,3150,63,0.11142857142857143,0.11342248348111963,0.11142857142857143,0.0026109660574412533,0.1111111111111111,0.1131219154328398,9ed66544fbc96d48ad0b7bcf027eb6523028652d292a5f40f43fab5ac176ab83
7,1-shot (7 labels),TARGET_ASSISTED_LABELLED_TARGET_CALIBRATION,TARGET_ONLY_COSINE_PROTOTYPE,43,530017,3150,63,0.12476190476190477,0.12100545964927613,0.12476190476190475,0.0,0.12698412698412698,0.1261376129399128,cfafa690c301e733d276652d05b452309b8d608573b4501bfb53cb8a2e5ebe6c
7,1-shot (7 labels),TARGET_ASSISTED_LABELLED_TARGET_CALIBRATION,TARGET_ONLY_COSINE_PROTOTYPE,43,555029,3150,63,0.09714285714285714,0.09545389650893603,0.09714285714285713,0.0,0.09523809523809523,0.0940848498056736,53aca9a23fe5e88f22568f3917203edc032cc6da29e371179e3370e180b45a83
7,1-shot (7 labels),TARGET_ASSISTED_LABELLED_TARGET_CALIBRATION,TARGET_ONLY_COSINE_PROTOTYPE,43,580031,3150,63,0.1580952380952381,0.14698822763498054,0.15809523809523807,0.0,0.15873015873015872,0.14742527313955886,88b542195c26a2b9c852349ff3b43ae35a818cf22591e0dbd4ae4abbbf228fb5
7,1-shot (7 labels),TARGET_ASSISTED_LABELLED_TARGET_CALIBRATION,TARGET_ONLY_COSINE_PROTOTYPE,44,104729,3150,63,0.18603174603174602,0.1799003153003637,0.18603174603174602,0.007722007722007722,0.19047619047619047,0.18459899749373432,18f64988a8f75fb10bc6cb6de6b4aaedd9f9075c26aaad665b198a21d2a397a2
7,1-shot (7 labels),TARGET_ASSISTED_LABELLED_TARGET_CALIBRATION,TARGET_ONLY_COSINE_PROTOTYPE,44,130363,3150,63,0.2126984126984127,0.19332237294943644,0.2126984126984127,0.022653721682847898,0.2222222222222222,0.2019083422842821,a14e299860190b7434d2690ea3250083a4d656daed4a6abbd693264a52b6acec
7,1-shot (7 labels),TARGET_ASSISTED_LABELLED_TARGET_CALIBRATION,TARGET_ONLY_COSINE_PROTOTYPE,44,155921,3150,63,0.1307936507936508,0.10649173644150196,0.1307936507936508,0.0,0.12698412698412698,0.10229476405946994,374506582db3157bfd8ecd6ca2cbc2ff4f3afa7dc1d2e5e0e96875f0b0f5ce96
7,1-shot (7 labels),TARGET_ASSISTED_LABELLED_TARGET_CALIBRATION,TARGET_ONLY_COSINE_PROTOTYPE,44,181081,3150,63,0.1895238095238095,0.178876583027778,0.1895238095238095,0.0,0.19047619047619047,0.17925315425315422,c8307ff7234481067101108ec67503a80c2f808f069f66430f95270738efcce2
7,1-shot (7 labels),TARGET_ASSISTED_LABELLED_TARGET_CALIBRATION,TARGET_ONLY_COSINE_PROTOTYPE,44,205439,3150,63,0.10984126984126984,0.1090276741595987,0.10984126984126984,0.0,0.1111111111111111,0.11105424625990747,6c39b0119ba629812d59c90ccb40c40eb9ed207b1d0ab48db7ffd2748f82068f
7,1-shot (7 labels),TARGET_ASSISTED_LABELLED_TARGET_CALIBRATION,TARGET_ONLY_COSINE_PROTOTYPE,44,230003,3150,63,0.16412698412698412,0.15590363245444644,0.16412698412698412,0.0,0.15873015873015872,0.15073742047426258,b6ce864e076c28166548958ec7caba2db8723a9b69e6b791e069428d898b0c69
7,1-shot (7 labels),TARGET_ASSISTED_LABELLED_TARGET_CALIBRATION,TARGET_ONLY_COSINE_PROTOTYPE,44,254959,3150,63,0.1346031746031746,0.12868402980658478,0.13460317460317459,0.0,0.14285714285714285,0.13380736910148675,752f72755b0dcfbababa07aa5fc202b993827528bd31206f697873e4292a6f4a
7,1-shot (7 labels),TARGET_ASSISTED_LABELLED_TARGET_CALIBRATION,TARGET_ONLY_COSINE_PROTOTYPE,44,280001,3150,63,0.1419047619047619,0.12640520590877627,0.14190476190476192,0.0,0.14285714285714285,0.12706718843143663,57a8608f638859ce2ffdf954588a4685b3931506a878785fe4ddd2d86d2c2e26
7,1-shot (7 labels),TARGET_ASSISTED_LABELLED_TARGET_CALIBRATION,TARGET_ONLY_COSINE_PROTOTYPE,44,305093,3150,63,0.18158730158730158,0.18088176681502185,0.18158730158730158,0.12133468149646107,0.19047619047619047,0.18879755950963384,65e6c3996c625b59ef99b9df851d3be8ea532be95cacff88e877e2a82297f9fc
7,1-shot (7 labels),TARGET_ASSISTED_LABELLED_TARGET_CALIBRATION,TARGET_ONLY_COSINE_PROTOTYPE,44,330017,3150,63,0.09333333333333334,0.0799653325914761,0.09333333333333334,0.0,0.09523809523809523,0.08377465402637027,5c08c72d9eb918043776124b947f49af8f65b9f261ec15c8bbd81cd2057892be
7,1-shot (7 labels),TARGET_ASSISTED_LABELLED_TARGET_CALIBRATION,TARGET_ONLY_COSINE_PROTOTYPE,44,355031,3150,63,0.14317460317460318,0.1342908282938517,0.1431746031746032,0.0033333333333333335,0.14285714285714285,0.13177641072377913,545bdcd2ec954d2242314dd2e9f7d1965e1c6915cf8b6a3f8f871a7ac2a187ff
7,1-shot (7 labels),TARGET_ASSISTED_LABELLED_TARGET_CALIBRATION,TARGET_ONLY_COSINE_PROTOTYPE,44,380041,3150,63,0.133015873015873,0.13414168601110302,0.13301587301587303,0.0062959076600209865,0.14285714285714285,0.14300035803795202,56d36a8e42066a7ac63199c15dd378ca76ee1ccf9cc9c7924edc9dfbc0ab76dd
7,1-shot (7 labels),TARGET_ASSISTED_LABELLED_TARGET_CALIBRATION,TARGET_ONLY_COSINE_PROTOTYPE,44,405019,3150,63,0.16158730158730158,0.13840656154659248,0.16158730158730158,0.0,0.15873015873015872,0.13504401760704282,9cef6a6aa4942856e87f2527f6cf66492168147597cc86fbcc1a8251e2a90df0
7,1-shot (7 labels),TARGET_ASSISTED_LABELLED_TARGET_CALIBRATION,TARGET_ONLY_COSINE_PROTOTYPE,44,430007,3150,63,0.2073015873015873,0.18458789181385277,0.2073015873015873,0.0,0.20634920634920634,0.18515151515151515,5ed1f6abb39a595954728621d8c69ccb597bc35059209c320bb266955bcf9ce5
7,1-shot (7 labels),TARGET_ASSISTED_LABELLED_TARGET_CALIBRATION,TARGET_ONLY_COSINE_PROTOTYPE,44,455003,3150,63,0.12,0.1097776753623098,0.12,0.0,0.1111111111111111,0.09847454133168419,84f86f5e3b4e5dff526e1e683d2a4f40150a979d0d30fbf97b46e72e0aa5c939
7,1-shot (7 labels),TARGET_ASSISTED_LABELLED_TARGET_CALIBRATION,TARGET_ONLY_COSINE_PROTOTYPE,44,480017,3150,63,0.11333333333333333,0.094272591130384,0.11333333333333331,0.0,0.1111111111111111,0.0921475039122098,ff80bea3a5240dc6005da03bf54b8ea1b0591251a7add6c583fe590206d5c457
7,1-shot (7 labels),TARGET_ASSISTED_LABELLED_TARGET_CALIBRATION,TARGET_ONLY_COSINE_PROTOTYPE,44,505027,3150,63,0.10920634920634921,0.10876531858181404,0.10920634920634921,0.0,0.1111111111111111,0.1135810967743741,2492ece13f185b8d571ec206e6ee4f624d355a176405b7ca9433d604fe4302c8
7,1-shot (7 labels),TARGET_ASSISTED_LABELLED_TARGET_CALIBRATION,TARGET_ONLY_COSINE_PROTOTYPE,44,530017,3150,63,0.17365079365079364,0.14177203671971247,0.17365079365079364,0.0,0.1746031746031746,0.143015873015873,cf9ab3c1958c74e7afc35a7805645f7cf0665d0d4ef369664ca243420a3b6edc
7,1-shot (7 labels),TARGET_ASSISTED_LABELLED_TARGET_CALIBRATION,TARGET_ONLY_COSINE_PROTOTYPE,44,555029,3150,63,0.06603174603174604,0.058144337978690515,0.06603174603174604,0.0,0.06349206349206349,0.055645161290322584,6327f2c4c5d7ed1261d10a5af7dacf57c080749fb255e1f9f5e7a5ceaf8685fe
7,1-shot (7 labels),TARGET_ASSISTED_LABELLED_TARGET_CALIBRATION,TARGET_ONLY_COSINE_PROTOTYPE,44,580031,3150,63,0.18793650793650793,0.1811853068393329,0.18793650793650793,0.007633587786259542,0.19047619047619047,0.1839267285861713,3a34bae9c9473202bf204a0d92c99dae5b4b78e11ee9e14d7b3023ea59aa2da1
7,1-shot (7 labels),TARGET_ASSISTED_LABELLED_TARGET_CALIBRATION,TARGET_ONLY_COSINE_PROTOTYPE,45,104729,3150,63,0.15968253968253968,0.14550062603694142,0.15968253968253968,0.0,0.15873015873015872,0.1438796497620027,88f641f0ce1375d85e7f5084dd75cd9c6b38e7db36ea9234dbac3f15b08bfc6f
7,1-shot (7 labels),TARGET_ASSISTED_LABELLED_TARGET_CALIBRATION,TARGET_ONLY_COSINE_PROTOTYPE,45,130363,3150,63,0.17174603174603176,0.15357572782812576,0.17174603174603176,0.0,0.1746031746031746,0.15702280912364946,acd659f5db86f804c1d9ba793e8432d9d32ed7fbc7cc64b6cde6f2d7d8741aad
7,1-shot (7 labels),TARGET_ASSISTED_LABELLED_TARGET_CALIBRATION,TARGET_ONLY_COSINE_PROTOTYPE,45,155921,3150,63,0.15523809523809523,0.1567700965668288,0.15523809523809523,0.08394543546694648,0.15873015873015872,0.16047705795604955,5f63ea16dd699d1294e957c0f004afd24a902dfd0d5aa272a43506f229cbda0a
7,1-shot (7 labels),TARGET_ASSISTED_LABELLED_TARGET_CALIBRATION,TARGET_ONLY_COSINE_PROTOTYPE,45,181081,3150,63,0.11428571428571428,0.11391529301602708,0.1142857142857143,0.0,0.1111111111111111,0.11204481792717087,5ea10860c9e5978ad7cbb7aa412860f2e38d326b9dc8ae80f2765b1950ef814b
7,1-shot (7 labels),TARGET_ASSISTED_LABELLED_TARGET_CALIBRATION,TARGET_ONLY_COSINE_PROTOTYPE,45,205439,3150,63,0.11428571428571428,0.12166486421994763,0.1142857142857143,0.0019065776930409914,0.1111111111111111,0.11781076066790352,37d8e02c5a177be510542a9dcdb9f6a74575d70f84e3b7ed931f73094b7ccec2
7,1-shot (7 labels),TARGET_ASSISTED_LABELLED_TARGET_CALIBRATION,TARGET_ONLY_COSINE_PROTOTYPE,45,230003,3150,63,0.11206349206349206,0.08658581020602434,0.11206349206349207,0.0,0.1111111111111111,0.08571428571428572,99318e66f7be69a708171cbb7e91c1860f42be4f8692ed3d7513196759ae7dcc
7,1-shot (7 labels),TARGET_ASSISTED_LABELLED_TARGET_CALIBRATION,TARGET_ONLY_COSINE_PROTOTYPE,45,254959,3150,63,0.14285714285714285,0.1306297589423057,0.14285714285714285,0.00243605359317905,0.14285714285714285,0.13170373044322622,bca93a2cf54a88ea0333bd14a0ae9a19f8f20df2713a52ab58605ca1adc84994
7,1-shot (7 labels),TARGET_ASSISTED_LABELLED_TARGET_CALIBRATION,TARGET_ONLY_COSINE_PROTOTYPE,45,280001,3150,63,0.09492063492063492,0.08049443155989,0.09492063492063492,0.0,0.09523809523809523,0.08114409400123687,dd7ed6cd59773fae5433842c917db22a1369105178a0cf51b941b9e1fe9ab678
7,1-shot (7 labels),TARGET_ASSISTED_LABELLED_TARGET_CALIBRATION,TARGET_ONLY_COSINE_PROTOTYPE,45,305093,3150,63,0.1457142857142857,0.12074193056497516,0.1457142857142857,0.0,0.14285714285714285,0.12003023431594861,437afaf47c6811fe003cd3f6d8e546aef32df16532c5277a4b01b175f23e24c2
7,1-shot (7 labels),TARGET_ASSISTED_LABELLED_TARGET_CALIBRATION,TARGET_ONLY_COSINE_PROTOTYPE,45,330017,3150,63,0.13365079365079366,0.12122253499651005,0.13365079365079366,0.0,0.12698412698412698,0.11461434815472082,76e22e26c912bf52c5f5e1611d5746be8061fc7a2c073aa795a2ee6739175fad
7,1-shot (7 labels),TARGET_ASSISTED_LABELLED_TARGET_CALIBRATION,TARGET_ONLY_COSINE_PROTOTYPE,45,355031,3150,63,0.1653968253968254,0.15569734874518812,0.1653968253968254,0.0,0.15873015873015872,0.14802326727792564,45ff025b15703456905e3095f53bbd92ff1f84403c5fe356607f4841f9f14356
7,1-shot (7 labels),TARGET_ASSISTED_LABELLED_TARGET_CALIBRATION,TARGET_ONLY_COSINE_PROTOTYPE,45,380041,3150,63,0.15428571428571428,0.13563352493529776,0.1542857142857143,0.0,0.15873015873015872,0.1394779650990831,a2a9bcd9bfee4ef2b8c15e448d64129a083a96b5653239e97723c7ebe2dbb1b0
7,1-shot (7 labels),TARGET_ASSISTED_LABELLED_TARGET_CALIBRATION,TARGET_ONLY_COSINE_PROTOTYPE,45,405019,3150,63,0.14317460317460318,0.128045413303067,0.14317460317460315,0.0,0.14285714285714285,0.1282051282051282,b7820478fad09d93c69289fba84594ad9fa9433337655c1e188d578d0182df6a
7,1-shot (7 labels),TARGET_ASSISTED_LABELLED_TARGET_CALIBRATION,TARGET_ONLY_COSINE_PROTOTYPE,45,430007,3150,63,0.14126984126984127,0.13592204192354898,0.14126984126984127,0.0,0.14285714285714285,0.13972652606192978,aba7d03be7a5118c9f5b8b6b32545630d3f01738228451aa5c274f1f6ec6c695
7,1-shot (7 labels),TARGET_ASSISTED_LABELLED_TARGET_CALIBRATION,TARGET_ONLY_COSINE_PROTOTYPE,45,455003,3150,63,0.15777777777777777,0.14103194559519555,0.15777777777777777,0.0,0.15873015873015872,0.14290562378797672,f9c3548b3a1b4f172dddf219b6413bd4aab2eaea906cf1836b4bf252445c2599
7,1-shot (7 labels),TARGET_ASSISTED_LABELLED_TARGET_CALIBRATION,TARGET_ONLY_COSINE_PROTOTYPE,45,480017,3150,63,0.10126984126984127,0.07243719761279913,0.10126984126984127,0.0,0.09523809523809523,0.06732348111658457,d6f204f7e1c892ae31383d956717979f35b65eaac7822a2b39044a3cd7572aa3
7,1-shot (7 labels),TARGET_ASSISTED_LABELLED_TARGET_CALIBRATION,TARGET_ONLY_COSINE_PROTOTYPE,45,505027,3150,63,0.1415873015873016,0.11071119325850688,0.1415873015873016,0.0030959752321981426,0.14285714285714285,0.11284162787922185,044aba1bc38f34b407e356c4484aad58aaf58408e0e8cf7e7b0a6332004d2840
7,1-shot (7 labels),TARGET_ASSISTED_LABELLED_TARGET_CALIBRATION,TARGET_ONLY_COSINE_PROTOTYPE,45,530017,3150,63,0.15428571428571428,0.14072601317902309,0.1542857142857143,0.0,0.15873015873015872,0.1465413533834586,f0101f4970562a1aa75dff93e4252fb38bb30d23f2e260c81b7b20caa0b892dc
7,1-shot (7 labels),TARGET_ASSISTED_LABELLED_TARGET_CALIBRATION,TARGET_ONLY_COSINE_PROTOTYPE,45,555029,3150,63,0.09301587301587301,0.08321251604597715,0.093015873015873,0.0,0.09523809523809523,0.08674627745835176,8a930e2b74b3dd6a884e8dc92bae2d74cde14e99607d0a23a81b9eb854615424
7,1-shot (7 labels),TARGET_ASSISTED_LABELLED_TARGET_CALIBRATION,TARGET_ONLY_COSINE_PROTOTYPE,45,580031,3150,63,0.16158730158730158,0.14777572321982782,0.16158730158730158,0.0,0.15873015873015872,0.1438796497620027,3286cad42647d75f14c9826319d48e3dd743d5b55eba4870ec2fdb97f88e5d69
7,1-shot (7 labels),TARGET_ASSISTED_LABELLED_TARGET_CALIBRATION,TARGET_ONLY_COSINE_PROTOTYPE,46,104729,3150,63,0.1111111111111111,0.07304803276157316,0.11111111111111112,0.0,0.1111111111111111,0.07160581354129743,e5f3161ba98cd3decb704d889e29a532268bd4f824b366adeff32ec09aa683e0
7,1-shot (7 labels),TARGET_ASSISTED_LABELLED_TARGET_CALIBRATION,TARGET_ONLY_COSINE_PROTOTYPE,46,130363,3150,63,0.1295238095238095,0.08531454491965429,0.12952380952380954,0.0,0.12698412698412698,0.0836682499086591,408f09632b49654df54febea1f00225bb7314b144a262a5aa7ffe6823571a624
7,1-shot (7 labels),TARGET_ASSISTED_LABELLED_TARGET_CALIBRATION,TARGET_ONLY_COSINE_PROTOTYPE,46,155921,3150,63,0.11079365079365079,0.09639960365138005,0.11079365079365079,0.0,0.1111111111111111,0.09585120761591351,ce9d2453428b910c6bb80d57a116f2f7180b1ddd6ed53f57e0c0a9a4ec4b1b6e
7,1-shot (7 labels),TARGET_ASSISTED_LABELLED_TARGET_CALIBRATION,TARGET_ONLY_COSINE_PROTOTYPE,46,181081,3150,63,0.17777777777777778,0.17487033286510975,0.17777777777777778,0.014218009478672985,0.1746031746031746,0.17243758747518148,d00f1e3868fbbafad2d7452d644f22279247cacd0331b49d81e2dbd859ccdf24
7,1-shot (7 labels),TARGET_ASSISTED_LABELLED_TARGET_CALIBRATION,TARGET_ONLY_COSINE_PROTOTYPE,46,205439,3150,63,0.1365079365079365,0.1213510431002341,0.1365079365079365,0.0,0.14285714285714285,0.12695709862892526,5df1d3ec56d837d1210f7621bb38dec8dbeba8d8ff173f0fc01ded6c0c8a39f9
7,1-shot (7 labels),TARGET_ASSISTED_LABELLED_TARGET_CALIBRATION,TARGET_ONLY_COSINE_PROTOTYPE,46,230003,3150,63,0.15492063492063493,0.13621765233110722,0.15492063492063493,0.0,0.14285714285714285,0.1232460810411121,7c6455ae27e4b1a80a9bc6a766d7e9d4794dbcaa89ffbd740d99d5ffbe859f5f
7,1-shot (7 labels),TARGET_ASSISTED_LABELLED_TARGET_CALIBRATION,TARGET_ONLY_COSINE_PROTOTYPE,46,254959,3150,63,0.15714285714285714,0.1362436115267623,0.15714285714285717,0.0,0.15873015873015872,0.13838432190017677,8912499e473bd21e49b649794c71465c209aec736cb9766a78deee4847f12cd7
7,1-shot (7 labels),TARGET_ASSISTED_LABELLED_TARGET_CALIBRATION,TARGET_ONLY_COSINE_PROTOTYPE,46,280001,3150,63,0.19238095238095237,0.18292635476634245,0.19238095238095237,0.029459901800327332,0.19047619047619047,0.18033178183554122,47ca3b98b9bbc32f12ce5ef96066cdd99472f3d8c6381db3fcae7d53b76f1e5f
7,1-shot (7 labels),TARGET_ASSISTED_LABELLED_TARGET_CALIBRATION,TARGET_ONLY_COSINE_PROTOTYPE,46,305093,3150,63,0.16095238095238096,0.12077311901243999,0.16095238095238096,0.0,0.15873015873015872,0.11948051948051949,171622399c2acc2744ab638382709aaf96d56857730a7e4f9c23361f296436c7
7,1-shot (7 labels),TARGET_ASSISTED_LABELLED_TARGET_CALIBRATION,TARGET_ONLY_COSINE_PROTOTYPE,46,330017,3150,63,0.14507936507936509,0.11556370007368695,0.14507936507936509,0.0,0.14285714285714285,0.1139286483824299,ae545b44eec89acb8bfaedb5048d9db7a9f41c523c871ff95e17aeeb18f0de8d
7,1-shot (7 labels),TARGET_ASSISTED_LABELLED_TARGET_CALIBRATION,TARGET_ONLY_COSINE_PROTOTYPE,46,355031,3150,63,0.16158730158730158,0.15232725352939247,0.16158730158730158,0.0,0.15873015873015872,0.1504936583883952,23adcea743147d698458f0c4bb98ed06c88d01339e1670437a0189ef6d7ded14
7,1-shot (7 labels),TARGET_ASSISTED_LABELLED_TARGET_CALIBRATION,TARGET_ONLY_COSINE_PROTOTYPE,46,380041,3150,63,0.12666666666666668,0.11104083224936799,0.12666666666666668,0.0,0.12698412698412698,0.11119447779111645,d23f12e1bdd2b84a461df6f83fdb2bf246c4798fad111237e6e6e2b45d4b9755
7,1-shot (7 labels),TARGET_ASSISTED_LABELLED_TARGET_CALIBRATION,TARGET_ONLY_COSINE_PROTOTYPE,46,405019,3150,63,0.1711111111111111,0.13722851017277268,0.17111111111111113,0.0,0.1746031746031746,0.13937982210428032,d8f1dd7bc74ddfe883a17f3ba4313604da22f86275261b232e033350b7e363f5
7,1-shot (7 labels),TARGET_ASSISTED_LABELLED_TARGET_CALIBRATION,TARGET_ONLY_COSINE_PROTOTYPE,46,430007,3150,63,0.11238095238095239,0.09298441366465444,0.11238095238095237,0.0,0.1111111111111111,0.09086176980913822,9570199989935b41f6c474085f3fbee952237aae1a885845b743fc0aa297ffc7
7,1-shot (7 labels),TARGET_ASSISTED_LABELLED_TARGET_CALIBRATION,TARGET_ONLY_COSINE_PROTOTYPE,46,455003,3150,63,0.1415873015873016,0.13771532097388642,0.14158730158730157,0.0030721966205837174,0.14285714285714285,0.1394630010661778,54e55c26570016e0697a487ad417943580f0d447407f7b5371315509ea24b4ff
7,1-shot (7 labels),TARGET_ASSISTED_LABELLED_TARGET_CALIBRATION,TARGET_ONLY_COSINE_PROTOTYPE,46,480017,3150,63,0.11301587301587301,0.08667896782761944,0.11301587301587301,0.0,0.1111111111111111,0.08493318275926971,b6e419ef08f3a7b1615954def49b2530cb934e66edacfaeaecce6b8291344835
7,1-shot (7 labels),TARGET_ASSISTED_LABELLED_TARGET_CALIBRATION,TARGET_ONLY_COSINE_PROTOTYPE,46,505027,3150,63,0.12857142857142856,0.10505671988944797,0.1285714285714286,0.0,0.12698412698412698,0.10281500853583234,cf2ba2569588404e50a90b7944b6f53060367ed7a8b095394b71deef42f81ad7
7,1-shot (7 labels),TARGET_ASSISTED_LABELLED_TARGET_CALIBRATION,TARGET_ONLY_COSINE_PROTOTYPE,46,530017,3150,63,0.12603174603174602,0.12034940288898317,0.12603174603174602,0.0033003300330033004,0.12698412698412698,0.12088437877911562,98b562aa66e01e74b5a97e0c70dfb9fcc928be14e2f186faa86ab6ec84324e49
7,1-shot (7 labels),TARGET_ASSISTED_LABELLED_TARGET_CALIBRATION,TARGET_ONLY_COSINE_PROTOTYPE,46,555029,3150,63,0.10031746031746032,0.09984066159282094,0.10031746031746029,0.0,0.09523809523809523,0.09433621933621934,89d8f769e5e4e20b3353f7ef18b5e76771d43e59d6d8a4e983c63488b77829dd
7,1-shot (7 labels),TARGET_ASSISTED_LABELLED_TARGET_CALIBRATION,TARGET_ONLY_COSINE_PROTOTYPE,46,580031,3150,63,0.1111111111111111,0.07218747263743304,0.11111111111111112,0.0,0.1111111111111111,0.07074175824175824,6539fdd66ac6346df4e467aedea0bbec338f86ccd94bf939725fffb709b31dc4
10,10 labels,TARGET_ASSISTED_LABELLED_TARGET_CALIBRATION,TARGET_ONLY_COSINE_PROTOTYPE,42,104729,3150,63,0.1711111111111111,0.16036181579911965,0.17111111111111107,0.0,0.1746031746031746,0.16250447547440028,2428b73a90bf0171f34280ecf8e26cb93970a4a7aae7597e3841027098e26f76
10,10 labels,TARGET_ASSISTED_LABELLED_TARGET_CALIBRATION,TARGET_ONLY_COSINE_PROTOTYPE,42,130363,3150,63,0.08952380952380952,0.06750890221620494,0.08952380952380953,0.0,0.09523809523809523,0.07266752854988148,3ff0b3956572e7c2bef002367cc8a544be3fe968f373a46391a104cf6a67f17f
10,10 labels,TARGET_ASSISTED_LABELLED_TARGET_CALIBRATION,TARGET_ONLY_COSINE_PROTOTYPE,42,155921,3150,63,0.10920634920634921,0.09893235660912526,0.10920634920634921,0.0,0.1111111111111111,0.1025281691624018,f961f94856af7231f95b05b48f7415cbf4107ee0f776babdb2ddcef7b9f43bf5
10,10 labels,TARGET_ASSISTED_LABELLED_TARGET_CALIBRATION,TARGET_ONLY_COSINE_PROTOTYPE,42,181081,3150,63,0.17333333333333334,0.1409836219393758,0.17333333333333334,0.0,0.1746031746031746,0.141307634164777,0fb1f5818e401f25bd9665d23a1b55ff65415afe6a855ed394a1dc2218771154
10,10 labels,TARGET_ASSISTED_LABELLED_TARGET_CALIBRATION,TARGET_ONLY_COSINE_PROTOTYPE,42,205439,3150,63,0.16063492063492063,0.15519662353820268,0.16063492063492063,0.0,0.15873015873015872,0.15429356218829904,ab2dd173733e6f2ad64a71856df1c18df1b9a79477925dd4a81c732602330e9b
10,10 labels,TARGET_ASSISTED_LABELLED_TARGET_CALIBRATION,TARGET_ONLY_COSINE_PROTOTYPE,42,230003,3150,63,0.18825396825396826,0.18978716244157195,0.18825396825396826,0.0986784140969163,0.19047619047619047,0.1918683900992614,fe6efe9d46765b0b3f7efe63575f219e11b1d804a8729af1143c91f6af0e6e03
10,10 labels,TARGET_ASSISTED_LABELLED_TARGET_CALIBRATION,TARGET_ONLY_COSINE_PROTOTYPE,42,254959,3150,63,0.10984126984126984,0.09489077583123073,0.10984126984126984,0.0,0.1111111111111111,0.09259619637328616,31b029a79efbb82bcbd54e960fa016d5e4e109a401786f300757fd21e4aef65c
10,10 labels,TARGET_ASSISTED_LABELLED_TARGET_CALIBRATION,TARGET_ONLY_COSINE_PROTOTYPE,42,280001,3150,63,0.19142857142857142,0.15871345380649124,0.19142857142857142,0.0,0.19047619047619047,0.15809130669811783,00a5e347f82b9fe365f9f13add39940bd27a205c612afce7e0947c3fd337b33d
10,10 labels,TARGET_ASSISTED_LABELLED_TARGET_CALIBRATION,TARGET_ONLY_COSINE_PROTOTYPE,42,305093,3150,63,0.11936507936507937,0.10949504499850014,0.11936507936507937,0.0,0.12698412698412698,0.11671142141066952,8ae50f334d20ae964ee88d8e11d6e748c456b6700e126b503d2566c338582a9f
10,10 labels,TARGET_ASSISTED_LABELLED_TARGET_CALIBRATION,TARGET_ONLY_COSINE_PROTOTYPE,42,330017,3150,63,0.08476190476190476,0.0775449582330636,0.08476190476190475,0.0,0.07936507936507936,0.07293947882183176,0f7e1ebd180172a7619b89aca5bfe6c045ba1029918d6470b08ccb1240a90028
10,10 labels,TARGET_ASSISTED_LABELLED_TARGET_CALIBRATION,TARGET_ONLY_COSINE_PROTOTYPE,42,355031,3150,63,0.15873015873015872,0.14776903768799535,0.15873015873015875,0.0,0.15873015873015872,0.147656691134952,cda6c70ef9becf6f6e3cbcc14744a35f3c85ceaf97afc5fef8ba87d1bd7ae525
10,10 labels,TARGET_ASSISTED_LABELLED_TARGET_CALIBRATION,TARGET_ONLY_COSINE_PROTOTYPE,42,380041,3150,63,0.08825396825396825,0.08223223069721085,0.08825396825396827,0.0,0.07936507936507936,0.07456140350877193,a5848d1f5020ba94436e24437e00842982b51cdaaeeec15ef89909ae8eb08cc2
10,10 labels,TARGET_ASSISTED_LABELLED_TARGET_CALIBRATION,TARGET_ONLY_COSINE_PROTOTYPE,42,405019,3150,63,0.08095238095238096,0.07582464987759642,0.08095238095238096,0.0,0.07936507936507936,0.07411964785914364,f6e6a3ae6174a12d69a0dfe530d484fde456da612bb2a5d35e77e9e0a6b8615e
10,10 labels,TARGET_ASSISTED_LABELLED_TARGET_CALIBRATION,TARGET_ONLY_COSINE_PROTOTYPE,42,430007,3150,63,0.18761904761904763,0.1644803989212287,0.1876190476190476,0.0,0.19047619047619047,0.16466786714685874,61417eae22bc9609ccb2ba6e240c64cece3a1859a7a214166a8d2e90b68d6ad0
10,10 labels,TARGET_ASSISTED_LABELLED_TARGET_CALIBRATION,TARGET_ONLY_COSINE_PROTOTYPE,42,455003,3150,63,0.10825396825396826,0.10865234987234587,0.10825396825396826,0.007992007992007992,0.1111111111111111,0.11088326877800563,be4621c73ae3d26ab202e46583157fbcb8b96c45a958fec7be411f12636d558a
10,10 labels,TARGET_ASSISTED_LABELLED_TARGET_CALIBRATION,TARGET_ONLY_COSINE_PROTOTYPE,42,480017,3150,63,0.09555555555555556,0.08770344647609028,0.09555555555555555,0.0,0.09523809523809523,0.08751179897796439,ad3d5750c30e003ebedcfa47b1750c6cfe8fe80582a12d5df434b72ceec4037d
10,10 labels,TARGET_ASSISTED_LABELLED_TARGET_CALIBRATION,TARGET_ONLY_COSINE_PROTOTYPE,42,505027,3150,63,0.07777777777777778,0.06804516096473816,0.07777777777777779,0.0,0.07936507936507936,0.068009768009768,42f8d41041f639630c54cd9c192731ec6ec5937a6494e7c0a63debf6044cae82
10,10 labels,TARGET_ASSISTED_LABELLED_TARGET_CALIBRATION,TARGET_ONLY_COSINE_PROTOTYPE,42,530017,3150,63,0.12793650793650793,0.10699257821041479,0.12793650793650793,0.0,0.12698412698412698,0.10589891128865339,90bcad3af1956a92c47003c2a9fbef5146e879dfcbfb77412d21a9af921ff6ba
10,10 labels,TARGET_ASSISTED_LABELLED_TARGET_CALIBRATION,TARGET_ONLY_COSINE_PROTOTYPE,42,555029,3150,63,0.14126984126984127,0.11712417055210098,0.14126984126984127,0.0,0.14285714285714285,0.11864070283967476,aca698e9690db5586ed8f8944b8ad18ef86a4c8893b09cbe37e2a9faf35521a3
10,10 labels,TARGET_ASSISTED_LABELLED_TARGET_CALIBRATION,TARGET_ONLY_COSINE_PROTOTYPE,42,580031,3150,63,0.11428571428571428,0.10690844559043848,0.1142857142857143,0.0,0.1111111111111111,0.1041532402434658,21807e4f45b8aa07c123781352072dd39eed01bc857112e04f834bfdba78d8c8
10,10 labels,TARGET_ASSISTED_LABELLED_TARGET_CALIBRATION,TARGET_ONLY_COSINE_PROTOTYPE,43,104729,3150,63,0.17333333333333334,0.14852804469157718,0.17333333333333334,0.0,0.1746031746031746,0.14750929611610727,86103054c1540516df0b84bcb101b83384ec849f311bd769a30f1c58ac7964e9
10,10 labels,TARGET_ASSISTED_LABELLED_TARGET_CALIBRATION,TARGET_ONLY_COSINE_PROTOTYPE,43,130363,3150,63,0.1726984126984127,0.17396596296102432,0.1726984126984127,0.09558160504959423,0.1746031746031746,0.17578686977183217,128b4b17741a9c0934153cdb12afad2cb31ac76a5dd4654f2cfc5be1a2039ce3
10,10 labels,TARGET_ASSISTED_LABELLED_TARGET_CALIBRATION,TARGET_ONLY_COSINE_PROTOTYPE,43,155921,3150,63,0.1380952380952381,0.12050659015262268,0.13809523809523808,0.0,0.14285714285714285,0.12530229483097588,a21f3ead192c5c503c8f4119e2d16f7d12a0038422a63688f2680d1245dbfaa3
10,10 labels,TARGET_ASSISTED_LABELLED_TARGET_CALIBRATION,TARGET_ONLY_COSINE_PROTOTYPE,43,181081,3150,63,0.17587301587301588,0.1630059137255053,0.17587301587301588,0.0,0.1746031746031746,0.16140947607113018,f6e59424f9316b051ca75de7e1fb50b5db1dcd0be70790999d0304235c04790f
10,10 labels,TARGET_ASSISTED_LABELLED_TARGET_CALIBRATION,TARGET_ONLY_COSINE_PROTOTYPE,43,205439,3150,63,0.19968253968253968,0.18330946205653142,0.19968253968253968,0.01702127659574468,0.20634920634920634,0.18611111111111112,453bcc2de7b5307bbc30a085af1012be1182700c1140cc3c77c4ed8cd83e2e64
10,10 labels,TARGET_ASSISTED_LABELLED_TARGET_CALIBRATION,TARGET_ONLY_COSINE_PROTOTYPE,43,230003,3150,63,0.11301587301587301,0.1181487292861381,0.11301587301587301,0.0,0.1111111111111111,0.11730571016285303,8f2de8927f6a09dd37a82d7e303d9efa557a492b8643042addd28b7251b7adea
10,10 labels,TARGET_ASSISTED_LABELLED_TARGET_CALIBRATION,TARGET_ONLY_COSINE_PROTOTYPE,43,254959,3150,63,0.11365079365079366,0.10200313360026829,0.11365079365079364,0.0,0.1111111111111111,0.09900244682853378,7d7515ab5d98b47140e556367a0adcc7877dee01342cdb86e293c0c886003a63
10,10 labels,TARGET_ASSISTED_LABELLED_TARGET_CALIBRATION,TARGET_ONLY_COSINE_PROTOTYPE,43,280001,3150,63,0.15523809523809523,0.15496679277946238,0.15523809523809523,0.0,0.15873015873015872,0.15877030237932493,870878f2f710f25debab0786bceb49d3a8b698b35f7094efe8fe8486f88ea524
10,10 labels,TARGET_ASSISTED_LABELLED_TARGET_CALIBRATION,TARGET_ONLY_COSINE_PROTOTYPE,43,305093,3150,63,0.1361904761904762,0.1216523036938917,0.1361904761904762,0.0,0.14285714285714285,0.1265482546947078,158deda4acc0d17c454945fd3327703f3b6f8c744bd5197b8a26571f49e80e3b
10,10 labels,TARGET_ASSISTED_LABELLED_TARGET_CALIBRATION,TARGET_ONLY_COSINE_PROTOTYPE,43,330017,3150,63,0.13746031746031745,0.11911420217503366,0.13746031746031745,0.0,0.14285714285714285,0.12404404241413644,fe653493e1c8302a937d9c4eeada419ac7ca8db3ab99399f80a2a97f765d4e52
10,10 labels,TARGET_ASSISTED_LABELLED_TARGET_CALIBRATION,TARGET_ONLY_COSINE_PROTOTYPE,43,355031,3150,63,0.14285714285714285,0.12474477808833465,0.14285714285714285,0.0,0.14285714285714285,0.12355130249867094,52ff9f17c697bee3e718b2962c9652dc60b7e8bc6d780055a5b96e881f4c88e1
10,10 labels,TARGET_ASSISTED_LABELLED_TARGET_CALIBRATION,TARGET_ONLY_COSINE_PROTOTYPE,43,380041,3150,63,0.14412698412698413,0.13774723762116528,0.1441269841269841,0.013559322033898305,0.14285714285714285,0.13641286817757406,329d33e70df0437382ae416ed22c45bd2447efa7c811ed4faa3af1a32d66aef6
10,10 labels,TARGET_ASSISTED_LABELLED_TARGET_CALIBRATION,TARGET_ONLY_COSINE_PROTOTYPE,43,405019,3150,63,0.1568253968253968,0.1441475278020524,0.1568253968253968,0.0,0.15873015873015872,0.14449830392756763,61c661910b20941fdde6a9623e3b1f491281ef8af8cf13cb61765c8021ffc342
10,10 labels,TARGET_ASSISTED_LABELLED_TARGET_CALIBRATION,TARGET_ONLY_COSINE_PROTOTYPE,43,430007,3150,63,0.1568253968253968,0.14285698867035077,0.15682539682539684,0.0,0.15873015873015872,0.14413123108775286,210ea2102730842b0a828fad83375e412e6caf303b87ff8f2ea85c5840b7a89e
10,10 labels,TARGET_ASSISTED_LABELLED_TARGET_CALIBRATION,TARGET_ONLY_COSINE_PROTOTYPE,43,455003,3150,63,0.14444444444444443,0.13882859622059596,0.1444444444444444,0.011477761836441894,0.14285714285714285,0.13794008831602816,550f933e5d801406b5b46fd18c1e8af4781dd98c9fffb3f329aedcdf0fc45abf
10,10 labels,TARGET_ASSISTED_LABELLED_TARGET_CALIBRATION,TARGET_ONLY_COSINE_PROTOTYPE,43,480017,3150,63,0.14063492063492064,0.13075398971756297,0.14063492063492064,0.0,0.14285714285714285,0.13339881407108298,a7dc85116e2ec05b317cdd005f68055215691fec7597770b00ca066ed0fe3790
10,10 labels,TARGET_ASSISTED_LABELLED_TARGET_CALIBRATION,TARGET_ONLY_COSINE_PROTOTYPE,43,505027,3150,63,0.10095238095238095,0.09495750633412225,0.10095238095238095,0.0,0.09523809523809523,0.0902810885119598,869ef0995b36460a21643ac4a0e70c61695a9bbd14171ce07e273c7142ef0072
10,10 labels,TARGET_ASSISTED_LABELLED_TARGET_CALIBRATION,TARGET_ONLY_COSINE_PROTOTYPE,43,530017,3150,63,0.10634920634920635,0.09636159671833519,0.10634920634920635,0.0,0.1111111111111111,0.09994676131322093,02448f41d8d26f89cdcc55e16d73fed24bc6d62d540e164517da40088bd763fe
10,10 labels,TARGET_ASSISTED_LABELLED_TARGET_CALIBRATION,TARGET_ONLY_COSINE_PROTOTYPE,43,555029,3150,63,0.10825396825396826,0.10139854841032832,0.10825396825396826,0.0,0.1111111111111111,0.10405743324997983,f8df37dc26a3e86fef2d0280cf61132fe3f227309500971fe53e29e48ff011cc
10,10 labels,TARGET_ASSISTED_LABELLED_TARGET_CALIBRATION,TARGET_ONLY_COSINE_PROTOTYPE,43,580031,3150,63,0.13936507936507936,0.11618921624714525,0.1393650793650794,0.0,0.14285714285714285,0.11886134052283122,9ce1617205f1a20efb19b5daab2a6683768b74ffaae5f698073562a40ebe1097
10,10 labels,TARGET_ASSISTED_LABELLED_TARGET_CALIBRATION,TARGET_ONLY_COSINE_PROTOTYPE,44,104729,3150,63,0.1946031746031746,0.17408540342582746,0.1946031746031746,0.008982035928143712,0.20634920634920634,0.18437627576283042,648bb76165d467de6dffc816458507ee898070bcd7240ce06d8580b27b753cf6
10,10 labels,TARGET_ASSISTED_LABELLED_TARGET_CALIBRATION,TARGET_ONLY_COSINE_PROTOTYPE,44,130363,3150,63,0.15841269841269842,0.16883380765998718,0.1584126984126984,0.0,0.15873015873015872,0.16952713952713955,b82f1b6b513b2cce22604cd26a0eed7e87e5cb488ffad4fa0115da28621a80fc
10,10 labels,TARGET_ASSISTED_LABELLED_TARGET_CALIBRATION,TARGET_ONLY_COSINE_PROTOTYPE,44,155921,3150,63,0.17396825396825397,0.15400912740932518,0.17396825396825397,0.0,0.1746031746031746,0.15419501133786848,655dbb496ab0d62fab55c40d1de55f9bf13ef394e03de7151b02f600c7c16308
10,10 labels,TARGET_ASSISTED_LABELLED_TARGET_CALIBRATION,TARGET_ONLY_COSINE_PROTOTYPE,44,181081,3150,63,0.12793650793650793,0.12700263741295853,0.12793650793650793,0.0,0.12698412698412698,0.12678789464503748,84bdd9f025d78e70d0a78aa06eacc372d68cfa0e0fe7b1f5332a57ca4863afda
10,10 labels,TARGET_ASSISTED_LABELLED_TARGET_CALIBRATION,TARGET_ONLY_COSINE_PROTOTYPE,44,205439,3150,63,0.16063492063492063,0.14961916710359777,0.16063492063492066,0.0018018018018018018,0.15873015873015872,0.1472231472231472,5b960fbc6bb40480c58f51f45dca0d43ae09a68242cf24a4cd5ca0040ef2c30b
10,10 labels,TARGET_ASSISTED_LABELLED_TARGET_CALIBRATION,TARGET_ONLY_COSINE_PROTOTYPE,44,230003,3150,63,0.1403174603174603,0.12821840448175556,0.1403174603174603,0.0,0.14285714285714285,0.1306293841762949,de541e644ff511580f58d8b4cbefa076555604d964574f2c5f6ee00da594bba0
10,10 labels,TARGET_ASSISTED_LABELLED_TARGET_CALIBRATION,TARGET_ONLY_COSINE_PROTOTYPE,44,254959,3150,63,0.1403174603174603,0.12047408868211303,0.1403174603174603,0.0,0.14285714285714285,0.12014647756335736,79d4dbb3acebf69a830a1396c08a82b3a70f0b4d92383150083c90334e76d769
10,10 labels,TARGET_ASSISTED_LABELLED_TARGET_CALIBRATION,TARGET_ONLY_COSINE_PROTOTYPE,44,280001,3150,63,0.12634920634920635,0.08952013616243715,0.12634920634920635,0.0,0.12698412698412698,0.09147869674185463,4ec9407fe6681e5a23d19dc03ae9794dd65c36c8ffa2c016b855ac615d61eef5
10,10 labels,TARGET_ASSISTED_LABELLED_TARGET_CALIBRATION,TARGET_ONLY_COSINE_PROTOTYPE,44,305093,3150,63,0.10666666666666667,0.08497187494626766,0.10666666666666666,0.0,0.1111111111111111,0.08928916494133886,04ef58267944db6bea0c3390fefcfb91ba7f539f8a1b1fd8c520a2e5ff480b47
10,10 labels,TARGET_ASSISTED_LABELLED_TARGET_CALIBRATION,TARGET_ONLY_COSINE_PROTOTYPE,44,330017,3150,63,0.14063492063492064,0.13178491815199816,0.1406349206349206,0.0,0.14285714285714285,0.13505355522162243,1d71a8f3ad7ca51cabf38775b7e21d0389304510be12cf6e5a7cdbca3560fc7d
10,10 labels,TARGET_ASSISTED_LABELLED_TARGET_CALIBRATION,TARGET_ONLY_COSINE_PROTOTYPE,44,355031,3150,63,0.12698412698412698,0.10999726278171729,0.12698412698412698,0.0,0.12698412698412698,0.11019214703425229,22d65c2ac9a2cc355a0056d078f0c0ce2c1969524da3e9c71082592cf35abfbf
10,10 labels,TARGET_ASSISTED_LABELLED_TARGET_CALIBRATION,TARGET_ONLY_COSINE_PROTOTYPE,44,380041,3150,63,0.13111111111111112,0.13007307940899943,0.13111111111111112,0.042682926829268296,0.12698412698412698,0.12584555353241772,43a417999efd2addc2ae70b74883f7edcf9e93766f47a216a60e39da4aee5751
10,10 labels,TARGET_ASSISTED_LABELLED_TARGET_CALIBRATION,TARGET_ONLY_COSINE_PROTOTYPE,44,405019,3150,63,0.11428571428571428,0.10814416424594213,0.1142857142857143,0.0196078431372549,0.1111111111111111,0.10500358037952022,dc4aac36b4f4ef332820e70b0fac0ba50da66a56ac241b69a6d5c9f256af5392
10,10 labels,TARGET_ASSISTED_LABELLED_TARGET_CALIBRATION,TARGET_ONLY_COSINE_PROTOTYPE,44,430007,3150,63,0.14634920634920634,0.15726754914668684,0.14634920634920637,0.0,0.14285714285714285,0.15987744973920087,7674f0a8ba275171b39ee2b8fac6df7250b8999f5445506972ba547d172129a3
10,10 labels,TARGET_ASSISTED_LABELLED_TARGET_CALIBRATION,TARGET_ONLY_COSINE_PROTOTYPE,44,455003,3150,63,0.11428571428571428,0.09959830932351714,0.1142857142857143,0.0,0.1111111111111111,0.09408045977011494,67be5cb8eed43a9fc49aa69dcdfb595a49151ca46dc37230e7189bccd08735fc
10,10 labels,TARGET_ASSISTED_LABELLED_TARGET_CALIBRATION,TARGET_ONLY_COSINE_PROTOTYPE,44,480017,3150,63,0.1634920634920635,0.1526848890255831,0.1634920634920635,0.0,0.15873015873015872,0.14845095933110083,e21ef6d231184fc52b30b840e1f79ecbd2c7e1da2d133cb35a03d447be9cd69e
10,10 labels,TARGET_ASSISTED_LABELLED_TARGET_CALIBRATION,TARGET_ONLY_COSINE_PROTOTYPE,44,505027,3150,63,0.19142857142857142,0.19534021601478033,0.19142857142857145,0.0965391621129326,0.19047619047619047,0.19412736386420595,f96f233c6922d1372c2bf3a13733f0305ffcc3da969c70ab8563d568cb95ffc7
10,10 labels,TARGET_ASSISTED_LABELLED_TARGET_CALIBRATION,TARGET_ONLY_COSINE_PROTOTYPE,44,530017,3150,63,0.15936507936507938,0.1353630938032176,0.15936507936507938,0.0,0.15873015873015872,0.13345895934131227,a12e665560b5d15ef0c30f2cb20f4fb96c11f248b0e1d00e256cd7923b0bdd96
10,10 labels,TARGET_ASSISTED_LABELLED_TARGET_CALIBRATION,TARGET_ONLY_COSINE_PROTOTYPE,44,555029,3150,63,0.1873015873015873,0.16729854094306282,0.18730158730158727,0.0,0.19047619047619047,0.1707875457875458,69f0184317df22a2681e1150ef06c04634d2b21f4c93a41b0259a44785237b22
10,10 labels,TARGET_ASSISTED_LABELLED_TARGET_CALIBRATION,TARGET_ONLY_COSINE_PROTOTYPE,44,580031,3150,63,0.15555555555555556,0.1559814915392654,0.15555555555555559,0.0,0.1746031746031746,0.17705660513542285,13de15150608d8d05970e586effc6675322ee51b44ccddc96b0ac2138f07fc5d
10,10 labels,TARGET_ASSISTED_LABELLED_TARGET_CALIBRATION,TARGET_ONLY_COSINE_PROTOTYPE,45,104729,3150,63,0.2253968253968254,0.20361093141923817,0.2253968253968254,0.021686746987951807,0.2222222222222222,0.19908950202154438,a3670e12fbbb243be0b2ece7adc81b5d6ce00295d59c5c79371c5b8d2f1fcf15
10,10 labels,TARGET_ASSISTED_LABELLED_TARGET_CALIBRATION,TARGET_ONLY_COSINE_PROTOTYPE,45,130363,3150,63,0.21333333333333335,0.21469348841365285,0.21333333333333335,0.0,0.2222222222222222,0.22459650526877417,863213e7d51d3ab369902b55abec8db5ad1cb83445f7776b2d9ecc0e2f09a633
10,10 labels,TARGET_ASSISTED_LABELLED_TARGET_CALIBRATION,TARGET_ONLY_COSINE_PROTOTYPE,45,155921,3150,63,0.14,0.12605402474216845,0.13999999999999999,0.0,0.14285714285714285,0.12857640663921072,9f18432b65713f0c7b5f9115a14ced0e546b02af5f1fd5edb80e404fb48a4ee0
10,10 labels,TARGET_ASSISTED_LABELLED_TARGET_CALIBRATION,TARGET_ONLY_COSINE_PROTOTYPE,45,181081,3150,63,0.11015873015873016,0.10720115995961595,0.11015873015873015,0.0,0.1111111111111111,0.10930192178966289,23b1613c3b2dcbd722d1036c2a9a4999889bd44806a2f5193eb48cdaf01e1ca3
10,10 labels,TARGET_ASSISTED_LABELLED_TARGET_CALIBRATION,TARGET_ONLY_COSINE_PROTOTYPE,45,205439,3150,63,0.20634920634920634,0.20154903334781366,0.20634920634920634,0.08263198163733741,0.20634920634920634,0.20211455211455212,5bd7fe875a0b14d2a319f71bef6788d43abb6c82340ee24dba65fd9a5d3bf4ea
10,10 labels,TARGET_ASSISTED_LABELLED_TARGET_CALIBRATION,TARGET_ONLY_COSINE_PROTOTYPE,45,230003,3150,63,0.13746031746031745,0.15039280605927366,0.13746031746031748,0.0,0.14285714285714285,0.15761112525818408,44bf3269a42fa3b241962a181bae9cba94790a1f4d335ed623324a2ed8539019
10,10 labels,TARGET_ASSISTED_LABELLED_TARGET_CALIBRATION,TARGET_ONLY_COSINE_PROTOTYPE,45,254959,3150,63,0.1707936507936508,0.16438967500946206,0.17079365079365075,0.031446540880503145,0.1746031746031746,0.1650052328623757,dcdb2f90b2fc98bf11d2b22ebd85ad4eb5d015b21ef6879781bb8874c038f8d2
10,10 labels,TARGET_ASSISTED_LABELLED_TARGET_CALIBRATION,TARGET_ONLY_COSINE_PROTOTYPE,45,280001,3150,63,0.1415873015873016,0.12361788777830864,0.14158730158730157,0.0,0.14285714285714285,0.12569207108680794,6c53d93f307209c3dab460930b1af6e20416e42f66ffce0c37c043e836864d83
10,10 labels,TARGET_ASSISTED_LABELLED_TARGET_CALIBRATION,TARGET_ONLY_COSINE_PROTOTYPE,45,305093,3150,63,0.1384126984126984,0.10681124687766223,0.1384126984126984,0.0,0.14285714285714285,0.10952380952380951,04bbbc014a27e975dbbf25e8b2f2755ece621237b47bff56485289fa739ca456
10,10 labels,TARGET_ASSISTED_LABELLED_TARGET_CALIBRATION,TARGET_ONLY_COSINE_PROTOTYPE,45,330017,3150,63,0.12634920634920635,0.12160198633872242,0.12634920634920635,0.0,0.12698412698412698,0.1221158287876554,57a86ee004c8e47095f932328614f6a27a1cdd8c6f98b4f93a858cae1579a563
10,10 labels,TARGET_ASSISTED_LABELLED_TARGET_CALIBRATION,TARGET_ONLY_COSINE_PROTOTYPE,45,355031,3150,63,0.14095238095238094,0.1347250917409248,0.14095238095238097,0.0,0.14285714285714285,0.13849945775411612,457be311a792c6edf6bc9681a998087060b624241a27a206d5b32f96b6122859
10,10 labels,TARGET_ASSISTED_LABELLED_TARGET_CALIBRATION,TARGET_ONLY_COSINE_PROTOTYPE,45,380041,3150,63,0.12412698412698413,0.11139685581991686,0.12412698412698411,0.0,0.12698412698412698,0.11277728482697427,4fb6400cea9a22da97db2d08b70a2413320614f705655f01a914e01c91210d0e
10,10 labels,TARGET_ASSISTED_LABELLED_TARGET_CALIBRATION,TARGET_ONLY_COSINE_PROTOTYPE,45,405019,3150,63,0.11079365079365079,0.11097838077776494,0.11079365079365079,0.0,0.1111111111111111,0.11141674060928718,fcb227e41993c6f75b32dcd094a192f0f9a925f3d2439719eaf3cc2c3cb9b84e
10,10 labels,TARGET_ASSISTED_LABELLED_TARGET_CALIBRATION,TARGET_ONLY_COSINE_PROTOTYPE,45,430007,3150,63,0.17396825396825397,0.15398811261781967,0.17396825396825397,0.0,0.1746031746031746,0.1552987861811391,b96c027c4cde25146546d253ceb49be135186baa0691bf5c535527d0e1249f0b
10,10 labels,TARGET_ASSISTED_LABELLED_TARGET_CALIBRATION,TARGET_ONLY_COSINE_PROTOTYPE,45,455003,3150,63,0.11492063492063492,0.10742571426996264,0.11492063492063494,0.0,0.1111111111111111,0.1022768081591611,5353c891069b049931aa727ce2fe7ec90c8586074c163faf63c553c2fa1cca0c
10,10 labels,TARGET_ASSISTED_LABELLED_TARGET_CALIBRATION,TARGET_ONLY_COSINE_PROTOTYPE,45,480017,3150,63,0.09555555555555556,0.08718724743285557,0.09555555555555557,0.0,0.09523809523809523,0.08731954320189615,4ff811dbff88e82e74849a9ab91539f7789253fb890a44b27d2d150bb18ca6f2
10,10 labels,TARGET_ASSISTED_LABELLED_TARGET_CALIBRATION,TARGET_ONLY_COSINE_PROTOTYPE,45,505027,3150,63,0.13333333333333333,0.12774328110976968,0.13333333333333333,0.007944389275074478,0.12698412698412698,0.12127329192546585,0df23b0530ba78a8e41ba7f7bf80b7564289010cccab5e53939a8f400d8ec215
10,10 labels,TARGET_ASSISTED_LABELLED_TARGET_CALIBRATION,TARGET_ONLY_COSINE_PROTOTYPE,45,530017,3150,63,0.10920634920634921,0.08825400175123572,0.10920634920634921,0.0,0.1111111111111111,0.0908076573957919,8d9f2e575f8d7beb24127d3d5d46282d7341c866526d4bc830e5f78405702575
10,10 labels,TARGET_ASSISTED_LABELLED_TARGET_CALIBRATION,TARGET_ONLY_COSINE_PROTOTYPE,45,555029,3150,63,0.21714285714285714,0.20767267254487617,0.21714285714285714,0.14209115281501342,0.2222222222222222,0.21184156973630658,e83c82320696fbb366afec34db77177fb2de2b672d796e7b5d13a4a778589096
10,10 labels,TARGET_ASSISTED_LABELLED_TARGET_CALIBRATION,TARGET_ONLY_COSINE_PROTOTYPE,45,580031,3150,63,0.14253968253968255,0.1288459728947438,0.14253968253968255,0.0,0.14285714285714285,0.12948120662406376,dc915feb89673db208a2962180a5684b7b944fe65d98a7e994e053bf2b148e5e
10,10 labels,TARGET_ASSISTED_LABELLED_TARGET_CALIBRATION,TARGET_ONLY_COSINE_PROTOTYPE,46,104729,3150,63,0.21746031746031746,0.18578314553280872,0.21746031746031744,0.0,0.2222222222222222,0.19009486080793378,f4c1bf0e51080672640b02a42d4e5f83345d197b255fde306124ddfd8c29f95c
10,10 labels,TARGET_ASSISTED_LABELLED_TARGET_CALIBRATION,TARGET_ONLY_COSINE_PROTOTYPE,46,130363,3150,63,0.11015873015873016,0.09465070289336028,0.11015873015873015,0.0,0.1111111111111111,0.09478892567127861,f6835b366b64ce7cf02ffe3553bb40c2d87b06d9c102bbf3948bb395096cc1ba
10,10 labels,TARGET_ASSISTED_LABELLED_TARGET_CALIBRATION,TARGET_ONLY_COSINE_PROTOTYPE,46,155921,3150,63,0.15492063492063493,0.12176318859949573,0.1549206349206349,0.0,0.15873015873015872,0.1244490536686544,212613a48760549520bca082a292f392e0c84f20846adcebc49af24c78eb7d9a
10,10 labels,TARGET_ASSISTED_LABELLED_TARGET_CALIBRATION,TARGET_ONLY_COSINE_PROTOTYPE,46,181081,3150,63,0.21873015873015872,0.18990768732038946,0.21873015873015872,0.0,0.2222222222222222,0.19067438941388523,afdabce448b4641a4f5742d7d6e6b3fd63f149440ad7c2f5a8ca305f59c7114f
10,10 labels,TARGET_ASSISTED_LABELLED_TARGET_CALIBRATION,TARGET_ONLY_COSINE_PROTOTYPE,46,205439,3150,63,0.17238095238095238,0.15869827220741156,0.17238095238095236,0.0,0.1746031746031746,0.16208659065801925,b1c7088e6dbe73c66a2bd2918c32155913629f96f22112b7b692f7c0b0807e5d
10,10 labels,TARGET_ASSISTED_LABELLED_TARGET_CALIBRATION,TARGET_ONLY_COSINE_PROTOTYPE,46,230003,3150,63,0.20761904761904762,0.20363561923506648,0.20761904761904762,0.021119324181626188,0.20634920634920634,0.2021186034916012,48c269709cd3827c4dbc74aeb614e4ac582f79ffdde94f3feaa4baca0d0be2e1
10,10 labels,TARGET_ASSISTED_LABELLED_TARGET_CALIBRATION,TARGET_ONLY_COSINE_PROTOTYPE,46,254959,3150,63,0.1273015873015873,0.11741584861290262,0.1273015873015873,0.0,0.12698412698412698,0.11619047619047618,549473abdaeb5c9fb65e4b14fc31367219d025fdc661e763e683f892d9935eb7
10,10 labels,TARGET_ASSISTED_LABELLED_TARGET_CALIBRATION,TARGET_ONLY_COSINE_PROTOTYPE,46,280001,3150,63,0.13015873015873017,0.1206515450275458,0.13015873015873017,0.0,0.12698412698412698,0.11701086270051787,a0d364caf9499d3f321bcb604b6ad487d65156b18320e183ba3b7a65518d40e8
10,10 labels,TARGET_ASSISTED_LABELLED_TARGET_CALIBRATION,TARGET_ONLY_COSINE_PROTOTYPE,46,305093,3150,63,0.08888888888888889,0.07268937942117357,0.08888888888888889,0.0,0.09523809523809523,0.07772108843537415,93363094913ec9f2fdcb7779b6a2c3ef859b2323e57552121f16acd8941665ca
10,10 labels,TARGET_ASSISTED_LABELLED_TARGET_CALIBRATION,TARGET_ONLY_COSINE_PROTOTYPE,46,330017,3150,63,0.13936507936507936,0.12689058789993413,0.13936507936507936,0.0,0.14285714285714285,0.12942577030812324,7512c79c9f3df93d4d4a6f6974c244144534e3b17bc847a8b8cbc8bb0d493bab
10,10 labels,TARGET_ASSISTED_LABELLED_TARGET_CALIBRATION,TARGET_ONLY_COSINE_PROTOTYPE,46,355031,3150,63,0.14222222222222222,0.12654390479358302,0.14222222222222222,0.0,0.14285714285714285,0.12669285105346487,b5a43f3ed0eae85215edd432f76c2678c48538a9faefba00e4de09e41649a08f
10,10 labels,TARGET_ASSISTED_LABELLED_TARGET_CALIBRATION,TARGET_ONLY_COSINE_PROTOTYPE,46,380041,3150,63,0.09523809523809523,0.08694348354141909,0.09523809523809525,0.0,0.09523809523809523,0.08676453037355292,59988f0c12e7675f5b59746ab92976fa467c513629ab82e9bc0d558b91e782d0
10,10 labels,TARGET_ASSISTED_LABELLED_TARGET_CALIBRATION,TARGET_ONLY_COSINE_PROTOTYPE,46,405019,3150,63,0.2123809523809524,0.19551346737386158,0.21238095238095236,0.0,0.2222222222222222,0.20280299410734193,09e967534c664afba5d5f1da7f3456966d66b52e9d191d743558175008b83d83
10,10 labels,TARGET_ASSISTED_LABELLED_TARGET_CALIBRATION,TARGET_ONLY_COSINE_PROTOTYPE,46,430007,3150,63,0.146984126984127,0.12760985947999143,0.146984126984127,0.0,0.14285714285714285,0.12553102212544937,d1d7a81eb51b333f1b63d36b95fd245cdea52083369ae384036cb33ae23c05ed
10,10 labels,TARGET_ASSISTED_LABELLED_TARGET_CALIBRATION,TARGET_ONLY_COSINE_PROTOTYPE,46,455003,3150,63,0.1288888888888889,0.11847307605183921,0.12888888888888886,0.0,0.12698412698412698,0.11563419418110492,b4fff204d314b1ea55a0ae88d5ba9c519a802df453379a3cf1bb25d5bed84ac2
10,10 labels,TARGET_ASSISTED_LABELLED_TARGET_CALIBRATION,TARGET_ONLY_COSINE_PROTOTYPE,46,480017,3150,63,0.09650793650793651,0.08407647127877584,0.09650793650793651,0.0,0.09523809523809523,0.08096716947648626,756c06eed07867cbebddccae90a06f5d5a932695add61b34dbd4f583ea6465d7
10,10 labels,TARGET_ASSISTED_LABELLED_TARGET_CALIBRATION,TARGET_ONLY_COSINE_PROTOTYPE,46,505027,3150,63,0.1288888888888889,0.12276016238588652,0.1288888888888889,0.0,0.12698412698412698,0.12041847041847042,dc2929b0d817c786c0201e55ab8d1574a482d87b7fcc186115935e759e2dde11
10,10 labels,TARGET_ASSISTED_LABELLED_TARGET_CALIBRATION,TARGET_ONLY_COSINE_PROTOTYPE,46,530017,3150,63,0.13111111111111112,0.12530158430785282,0.13111111111111112,0.0,0.12698412698412698,0.12160894660894662,bfc6aff158b746465aae4668d655add5cc57848b4c0360472ea428576c5723b9
10,10 labels,TARGET_ASSISTED_LABELLED_TARGET_CALIBRATION,TARGET_ONLY_COSINE_PROTOTYPE,46,555029,3150,63,0.12793650793650793,0.10631597436107276,0.12793650793650796,0.0,0.12698412698412698,0.10561865399517337,2c812e970edf27ba4b4d9dc333ebca39c133f265caae6e9bef08fa42c73efd44
10,10 labels,TARGET_ASSISTED_LABELLED_TARGET_CALIBRATION,TARGET_ONLY_COSINE_PROTOTYPE,46,580031,3150,63,0.11142857142857143,0.10363085181960963,0.11142857142857142,0.0,0.1111111111111111,0.10281385281385282,4422b0141bad5405d18ce8a7836ec03964db91687bd89a9639ac4e89ce346af8
20,20 labels,TARGET_ASSISTED_LABELLED_TARGET_CALIBRATION,TARGET_ONLY_COSINE_PROTOTYPE,42,104729,3150,63,0.10603174603174603,0.10622491775235081,0.10603174603174605,0.0,0.1111111111111111,0.11007326007326006,dd61722e1ae885f3f68ef6e439e2f0d17d3468de989bc30c828f264a187d29d0
20,20 labels,TARGET_ASSISTED_LABELLED_TARGET_CALIBRATION,TARGET_ONLY_COSINE_PROTOTYPE,42,130363,3150,63,0.12349206349206349,0.11133883217096992,0.12349206349206347,0.0,0.12698412698412698,0.1136880244088482,dddf60a2e935eeca474695a33bfa2cc96967249060178a7777856f12b283cdd0
20,20 labels,TARGET_ASSISTED_LABELLED_TARGET_CALIBRATION,TARGET_ONLY_COSINE_PROTOTYPE,42,155921,3150,63,0.12444444444444444,0.1091812377898925,0.12444444444444445,0.0,0.12698412698412698,0.11038961038961038,90da0f12551821b52ed139d2bf5a305ff704cb7ea8b536c979a310c7e68fc5b6
20,20 labels,TARGET_ASSISTED_LABELLED_TARGET_CALIBRATION,TARGET_ONLY_COSINE_PROTOTYPE,42,181081,3150,63,0.18984126984126984,0.16783477661759916,0.18984126984126984,0.0,0.19047619047619047,0.1673767752715121,039f7d76ccbc281931d934789ebf57b40ffcf84065ee06d802d79b103cb5e397
20,20 labels,TARGET_ASSISTED_LABELLED_TARGET_CALIBRATION,TARGET_ONLY_COSINE_PROTOTYPE,42,205439,3150,63,0.09238095238095238,0.09377054310894237,0.09238095238095238,0.0,0.07936507936507936,0.08134722420436706,1bf460420f466ed1f10aa5e4c976a33d852a1e455d4fe6ec9e6d61034ece0ed8
20,20 labels,TARGET_ASSISTED_LABELLED_TARGET_CALIBRATION,TARGET_ONLY_COSINE_PROTOTYPE,42,230003,3150,63,0.09365079365079365,0.09476204889287142,0.09365079365079365,0.0,0.09523809523809523,0.09636837191016757,fc6eca5f6a402ffdbfa1c5a33e905d5e30dfb6e6f02b78e5ded3fbc80c00277b
20,20 labels,TARGET_ASSISTED_LABELLED_TARGET_CALIBRATION,TARGET_ONLY_COSINE_PROTOTYPE,42,254959,3150,63,0.04984126984126984,0.03713923606710975,0.04984126984126984,0.0,0.047619047619047616,0.03428571428571429,f2796fd0e970e88b28dcc92a79c564724afc2adb82b265d2745f7ad705f76059
20,20 labels,TARGET_ASSISTED_LABELLED_TARGET_CALIBRATION,TARGET_ONLY_COSINE_PROTOTYPE,42,280001,3150,63,0.10952380952380952,0.09495883502293857,0.10952380952380954,0.0,0.1111111111111111,0.09457061457061458,97c3148428fa36b0a124e63aeae204cfe25317882da448a6fba5a601624e0cfe
20,20 labels,TARGET_ASSISTED_LABELLED_TARGET_CALIBRATION,TARGET_ONLY_COSINE_PROTOTYPE,42,305093,3150,63,0.1365079365079365,0.12971315688454543,0.1365079365079365,0.0,0.14285714285714285,0.1355889724310777,7f36179ad49afcaa39284e90eb1da3b8f0a02963c3a66e10f80ce02e39a66f5e
20,20 labels,TARGET_ASSISTED_LABELLED_TARGET_CALIBRATION,TARGET_ONLY_COSINE_PROTOTYPE,42,330017,3150,63,0.10285714285714286,0.09926465557353256,0.10285714285714286,0.0,0.09523809523809523,0.0920946156240274,40175e09c5d8803bfdc65da13e2c59f7e8967860d0050964b37caea41e899906
20,20 labels,TARGET_ASSISTED_LABELLED_TARGET_CALIBRATION,TARGET_ONLY_COSINE_PROTOTYPE,42,355031,3150,63,0.15079365079365079,0.15067687149510553,0.15079365079365079,0.053553038105046344,0.15873015873015872,0.15841494284420654,33521e4e0cb38727bb9a9d50c9156e356f646378788bdd34c37fea7b3ea6559c
20,20 labels,TARGET_ASSISTED_LABELLED_TARGET_CALIBRATION,TARGET_ONLY_COSINE_PROTOTYPE,42,380041,3150,63,0.12063492063492064,0.10307458863134304,0.12063492063492064,0.0,0.1111111111111111,0.0932984635501798,0714c2d60c0c83af5e09a3fb563213ca57956b3f570d80933908f8693ec3a1e0
20,20 labels,TARGET_ASSISTED_LABELLED_TARGET_CALIBRATION,TARGET_ONLY_COSINE_PROTOTYPE,42,405019,3150,63,0.0653968253968254,0.06475864280406887,0.0653968253968254,0.0,0.06349206349206349,0.062255205112347965,9dd3892ad6749f0c51793e77848ded7fc8b7477a635f51092fba44785624b175
20,20 labels,TARGET_ASSISTED_LABELLED_TARGET_CALIBRATION,TARGET_ONLY_COSINE_PROTOTYPE,42,430007,3150,63,0.1853968253968254,0.1613028707262461,0.1853968253968254,0.0,0.19047619047619047,0.16301840574286391,6a1c376b750beb634d8cfece0fd9f89f4eb7c1d76672905322c0d00c81a73401
20,20 labels,TARGET_ASSISTED_LABELLED_TARGET_CALIBRATION,TARGET_ONLY_COSINE_PROTOTYPE,42,455003,3150,63,0.0653968253968254,0.06385519493210996,0.06539682539682538,0.0,0.06349206349206349,0.06174948240165631,33dbab6e9a5ac7a05d8ac3f490c6117c3a85cc32aed6a5a2d7be3b650f31bb25
20,20 labels,TARGET_ASSISTED_LABELLED_TARGET_CALIBRATION,TARGET_ONLY_COSINE_PROTOTYPE,42,480017,3150,63,0.09555555555555556,0.09595195004938636,0.09555555555555555,0.0,0.09523809523809523,0.09539394006939646,64faefeac94d02cab6b17187ea16e27ac8616f6136bba77ba74b2f6812848d98
20,20 labels,TARGET_ASSISTED_LABELLED_TARGET_CALIBRATION,TARGET_ONLY_COSINE_PROTOTYPE,42,505027,3150,63,0.12285714285714286,0.10786320492892412,0.12285714285714286,0.0,0.12698412698412698,0.1115686274509804,32b06ef337be91e2ff518ed001d57154d1a8c48c75d6bf0fde37d9a866eb981c
20,20 labels,TARGET_ASSISTED_LABELLED_TARGET_CALIBRATION,TARGET_ONLY_COSINE_PROTOTYPE,42,530017,3150,63,0.1307936507936508,0.12625942716970864,0.1307936507936508,0.0,0.12698412698412698,0.12316849816849818,c9a1dd6ca1b3c574d717c62659453259d89a4f87f25d5a7e5654b087cd8e89d9
20,20 labels,TARGET_ASSISTED_LABELLED_TARGET_CALIBRATION,TARGET_ONLY_COSINE_PROTOTYPE,42,555029,3150,63,0.1419047619047619,0.1433652142851606,0.1419047619047619,0.0,0.14285714285714285,0.14399021146920307,7bda1f2d45694b2437bdcc3d78bba99c78988cafdde754234fe1a5128afd5114
20,20 labels,TARGET_ASSISTED_LABELLED_TARGET_CALIBRATION,TARGET_ONLY_COSINE_PROTOTYPE,42,580031,3150,63,0.14476190476190476,0.13592639766071635,0.14476190476190479,0.0,0.14285714285714285,0.12999164578111946,8185f21077960402255eb9732e1956d3d30a478cf31aba69bf291d6bfb70ed6a
20,20 labels,TARGET_ASSISTED_LABELLED_TARGET_CALIBRATION,TARGET_ONLY_COSINE_PROTOTYPE,43,104729,3150,63,0.14317460317460318,0.11549825350585367,0.14317460317460315,0.0,0.14285714285714285,0.11400013725998567,b89796363e139e62044191d9dbaa46acec835258b726fd591c02b5df3a00e093
20,20 labels,TARGET_ASSISTED_LABELLED_TARGET_CALIBRATION,TARGET_ONLY_COSINE_PROTOTYPE,43,130363,3150,63,0.16634920634920636,0.15314227577818393,0.16634920634920633,0.0,0.1746031746031746,0.1596361032451258,182b8e20dded13aee0d886ac6bdb04c46f8687e9e4a9ca10cb8483f03fe4eb0c
20,20 labels,TARGET_ASSISTED_LABELLED_TARGET_CALIBRATION,TARGET_ONLY_COSINE_PROTOTYPE,43,155921,3150,63,0.07968253968253969,0.07331806193775611,0.07968253968253967,0.0,0.07936507936507936,0.07291280148423006,b21cbcc164c79d14d291f16ad2e50204aa36c561dad764d878e3b4a3d97a4d8b
20,20 labels,TARGET_ASSISTED_LABELLED_TARGET_CALIBRATION,TARGET_ONLY_COSINE_PROTOTYPE,43,181081,3150,63,0.20444444444444446,0.18059570750523649,0.20444444444444443,0.0,0.20634920634920634,0.18296703296703296,944e7a7ff690da49b42eab002b85c5f2b105e77e2fa77db90a96632521437590
20,20 labels,TARGET_ASSISTED_LABELLED_TARGET_CALIBRATION,TARGET_ONLY_COSINE_PROTOTYPE,43,205439,3150,63,0.14063492063492064,0.13105359174958528,0.14063492063492064,0.0,0.14285714285714285,0.13317249976913842,f05d5a62af1a1087075ce23456a5562c7e3c06abdd30ac5d8c7f22fe283821f9
20,20 labels,TARGET_ASSISTED_LABELLED_TARGET_CALIBRATION,TARGET_ONLY_COSINE_PROTOTYPE,43,230003,3150,63,0.13555555555555557,0.1325019051419418,0.13555555555555557,0.0,0.14285714285714285,0.1386621315192744,3c7920b3f634b5662fe843d985dee50b21eb4e7fb2e7bae5ccc0746e316dbbd3
20,20 labels,TARGET_ASSISTED_LABELLED_TARGET_CALIBRATION,TARGET_ONLY_COSINE_PROTOTYPE,43,254959,3150,63,0.13523809523809524,0.12500527323480412,0.1352380952380952,0.0,0.14285714285714285,0.13075546007876834,c569e53ebeac02f0c46556f979aee8691a539b88718d3569731beb8e60cbe334
20,20 labels,TARGET_ASSISTED_LABELLED_TARGET_CALIBRATION,TARGET_ONLY_COSINE_PROTOTYPE,43,280001,3150,63,0.14507936507936509,0.12804614028020372,0.14507936507936509,0.0,0.14285714285714285,0.12654480403908322,5a62bc7e9ccaf8cb545f2cf9413b75135b70e1c8063a6ceacc14571bdeecfd9a
20,20 labels,TARGET_ASSISTED_LABELLED_TARGET_CALIBRATION,TARGET_ONLY_COSINE_PROTOTYPE,43,305093,3150,63,0.19587301587301587,0.1952825701220706,0.1958730158730159,0.0,0.20634920634920634,0.20504366506327928,95f4b390f11b93163dc6a04495987563ddf730b1f2fa7ff343562c5f5141b958
20,20 labels,TARGET_ASSISTED_LABELLED_TARGET_CALIBRATION,TARGET_ONLY_COSINE_PROTOTYPE,43,330017,3150,63,0.18158730158730158,0.17021991943477324,0.1815873015873016,0.0,0.19047619047619047,0.17860091404983044,b373e7a5f3102903622549416815bd88f9af14d029453cf3d131b2b3e12b7597
20,20 labels,TARGET_ASSISTED_LABELLED_TARGET_CALIBRATION,TARGET_ONLY_COSINE_PROTOTYPE,43,355031,3150,63,0.16253968253968254,0.1730758052005501,0.16253968253968254,0.021739130434782608,0.15873015873015872,0.1704488493962178,14df06e23d65c58c838f37adda24b8f6a62e29265b4d4961136d4d3d582bc5bc
20,20 labels,TARGET_ASSISTED_LABELLED_TARGET_CALIBRATION,TARGET_ONLY_COSINE_PROTOTYPE,43,380041,3150,63,0.1653968253968254,0.1517445374467188,0.1653968253968254,0.0,0.15873015873015872,0.14603514243919605,c7ea7ec16fafbed7734044c1cf0575f26b96d5e42a894f3de66ef74c19a681b4
20,20 labels,TARGET_ASSISTED_LABELLED_TARGET_CALIBRATION,TARGET_ONLY_COSINE_PROTOTYPE,43,405019,3150,63,0.11904761904761904,0.10558005194472231,0.11904761904761904,0.0,0.12698412698412698,0.11198079231692679,bc961a861673179c4e2baa5a8413bdbc573afc7a46689cfdf879ef051aab3771
20,20 labels,TARGET_ASSISTED_LABELLED_TARGET_CALIBRATION,TARGET_ONLY_COSINE_PROTOTYPE,43,430007,3150,63,0.11841269841269841,0.11729338102557077,0.11841269841269843,0.0,0.1111111111111111,0.10962064251537937,2c704e69e6c26044358e81368061d97d8929425817cfcdd7d517c7e10d8454d3
20,20 labels,TARGET_ASSISTED_LABELLED_TARGET_CALIBRATION,TARGET_ONLY_COSINE_PROTOTYPE,43,455003,3150,63,0.11238095238095239,0.10720090536901486,0.11238095238095237,0.0,0.1111111111111111,0.10646440394339554,7c4dd27158f04aece983d63e0ac4ed1086273d86e9e3d0a2488a34dbe330c2e4
20,20 labels,TARGET_ASSISTED_LABELLED_TARGET_CALIBRATION,TARGET_ONLY_COSINE_PROTOTYPE,43,480017,3150,63,0.17555555555555555,0.174377630362168,0.17555555555555555,0.0,0.1746031746031746,0.17330629221385524,e8c1ab6047546daf1b6545a6cb0e7e7f4b2853e1886a27b24cf9dfab50844aba
20,20 labels,TARGET_ASSISTED_LABELLED_TARGET_CALIBRATION,TARGET_ONLY_COSINE_PROTOTYPE,43,505027,3150,63,0.1526984126984127,0.14632938004286147,0.15269841269841272,0.0,0.15873015873015872,0.15181704260651627,5b230cf5733beae573530ab56de048cac44baa38fb91e8bfdb67e521bbb9b3c4
20,20 labels,TARGET_ASSISTED_LABELLED_TARGET_CALIBRATION,TARGET_ONLY_COSINE_PROTOTYPE,43,530017,3150,63,0.1819047619047619,0.16059982160799338,0.18190476190476187,0.0,0.19047619047619047,0.16742127056772363,cbc93d5a4ad355afb166b9104ec5836145bc01a05f026c1d9f13a624d0c678c8
20,20 labels,TARGET_ASSISTED_LABELLED_TARGET_CALIBRATION,TARGET_ONLY_COSINE_PROTOTYPE,43,555029,3150,63,0.1853968253968254,0.17129622285188395,0.1853968253968254,0.0,0.19047619047619047,0.1766298098186643,297224673add134db93372c16a9575e0a6b3f311e53bf8fdd4d9950fe8566ed5
20,20 labels,TARGET_ASSISTED_LABELLED_TARGET_CALIBRATION,TARGET_ONLY_COSINE_PROTOTYPE,43,580031,3150,63,0.1711111111111111,0.16762334795752828,0.17111111111111107,0.08997429305912596,0.1746031746031746,0.16953133725579544,cc6d3e8424a0546a848cd06f70f60bde527025d1d93a6ecb5e455803e4193cd7
20,20 labels,TARGET_ASSISTED_LABELLED_TARGET_CALIBRATION,TARGET_ONLY_COSINE_PROTOTYPE,44,104729,3150,63,0.2073015873015873,0.19261018023162652,0.20730158730158732,0.0,0.20634920634920634,0.18978824951731355,35480c28895796dc6593b205c33d20eb8b09a6860ebe3ac607a8ac4f8959c008
20,20 labels,TARGET_ASSISTED_LABELLED_TARGET_CALIBRATION,TARGET_ONLY_COSINE_PROTOTYPE,44,130363,3150,63,0.1415873015873016,0.1366557700835055,0.14158730158730157,0.0,0.14285714285714285,0.13751289989680082,f2e764d09c301d681d9742b410ee44b919da7a57d8a6159fcb0970d8e072cd62
20,20 labels,TARGET_ASSISTED_LABELLED_TARGET_CALIBRATION,TARGET_ONLY_COSINE_PROTOTYPE,44,155921,3150,63,0.11079365079365079,0.11431414374217874,0.11079365079365079,0.0,0.1111111111111111,0.11485260770975057,176e509c0d095993b7a4fe587e2f36a573290be02e69f4c184c0452e4bf1e18e
20,20 labels,TARGET_ASSISTED_LABELLED_TARGET_CALIBRATION,TARGET_ONLY_COSINE_PROTOTYPE,44,181081,3150,63,0.21746031746031746,0.19188761616908503,0.21746031746031744,0.0032733224222585926,0.2222222222222222,0.19315803244374674,b1a129738281e50b5665d1677dbcc8e0773978c4d82dc36c937c5868c29d4134
20,20 labels,TARGET_ASSISTED_LABELLED_TARGET_CALIBRATION,TARGET_ONLY_COSINE_PROTOTYPE,44,205439,3150,63,0.11365079365079366,0.10590647373936764,0.11365079365079366,0.0,0.1111111111111111,0.1020408163265306,bf66b2dceb7743d8ae2e71be8257239b1d2a3a4e3fdc67dc08f4d35f85ebfeae
20,20 labels,TARGET_ASSISTED_LABELLED_TARGET_CALIBRATION,TARGET_ONLY_COSINE_PROTOTYPE,44,230003,3150,63,0.1292063492063492,0.13303602574159576,0.12920634920634919,0.0,0.12698412698412698,0.13069725497854642,a9c1e1cafbaa32e30822633e914e48f0a5a4d7786056f635fd5f3368cc4d7403
20,20 labels,TARGET_ASSISTED_LABELLED_TARGET_CALIBRATION,TARGET_ONLY_COSINE_PROTOTYPE,44,254959,3150,63,0.13746031746031745,0.11245275344351018,0.13746031746031748,0.0,0.14285714285714285,0.11456582633053221,25d0f91e25abc3ad3debb6dca58bc9783e7f91fde0db401882de902c6121fce5
20,20 labels,TARGET_ASSISTED_LABELLED_TARGET_CALIBRATION,TARGET_ONLY_COSINE_PROTOTYPE,44,280001,3150,63,0.15396825396825398,0.13506237299306956,0.15396825396825395,0.0,0.15873015873015872,0.13858238947753015,b9b2880a962eed9f8f61f6ac770fb8b754adcf318ada2d937dcb45c55eb7506a
20,20 labels,TARGET_ASSISTED_LABELLED_TARGET_CALIBRATION,TARGET_ONLY_COSINE_PROTOTYPE,44,305093,3150,63,0.18031746031746032,0.18179502076014378,0.18031746031746035,0.0,0.19047619047619047,0.19205682272909166,c2c21d42cff59f7d7288b420db8ce82b8109da12e8aa5e9c1a8eeebf82be04cd
20,20 labels,TARGET_ASSISTED_LABELLED_TARGET_CALIBRATION,TARGET_ONLY_COSINE_PROTOTYPE,44,330017,3150,63,0.1580952380952381,0.15016438920837588,0.15809523809523807,0.0,0.15873015873015872,0.15014005602240896,c97de9a26c769e4dc805a28df4dad68c8ed8e9a4d842193fcb6c20863fd91964
20,20 labels,TARGET_ASSISTED_LABELLED_TARGET_CALIBRATION,TARGET_ONLY_COSINE_PROTOTYPE,44,355031,3150,63,0.19936507936507936,0.19718691298644736,0.19936507936507936,0.0,0.20634920634920634,0.20474214094486004,04fcf5b41f1cee27b21997e95df7db61aeb15c789d8c5742b04f66592028f358
20,20 labels,TARGET_ASSISTED_LABELLED_TARGET_CALIBRATION,TARGET_ONLY_COSINE_PROTOTYPE,44,380041,3150,63,0.1457142857142857,0.13333055228277987,0.1457142857142857,0.0,0.14285714285714285,0.12805356746804294,91035d135dc3595057b53d8a18903a34168131b1ad902f72ac1a9d6648d40a4c
20,20 labels,TARGET_ASSISTED_LABELLED_TARGET_CALIBRATION,TARGET_ONLY_COSINE_PROTOTYPE,44,405019,3150,63,0.14063492063492064,0.13726373205673068,0.14063492063492064,0.041935483870967745,0.14285714285714285,0.13671353708947692,92b545c846bd580b5cc4d0c3ab3e9774d206401bd1cd94420e1987e8177a2564
20,20 labels,TARGET_ASSISTED_LABELLED_TARGET_CALIBRATION,TARGET_ONLY_COSINE_PROTOTYPE,44,430007,3150,63,0.1746031746031746,0.16636346176741532,0.1746031746031746,0.0,0.1746031746031746,0.16524084381227236,476938a3eaba0bcddeaf3cf812bd8cdb1a2daf965e1abbb41ead1d5e15373e8a
20,20 labels,TARGET_ASSISTED_LABELLED_TARGET_CALIBRATION,TARGET_ONLY_COSINE_PROTOTYPE,44,455003,3150,63,0.09523809523809523,0.09734454958426372,0.09523809523809523,0.0,0.09523809523809523,0.09689865689865688,82ae026f339c5917d6b3d624a43406a94adec151f57acd562ebb592aedeef16a
20,20 labels,TARGET_ASSISTED_LABELLED_TARGET_CALIBRATION,TARGET_ONLY_COSINE_PROTOTYPE,44,480017,3150,63,0.24603174603174602,0.23621702312447895,0.24603174603174602,0.014519056261343012,0.23809523809523808,0.2261904761904762,fd5213f0f853b54cb2ab366b0439e3dd55b10f7d33a2fc26f3f745a964d54c3b
20,20 labels,TARGET_ASSISTED_LABELLED_TARGET_CALIBRATION,TARGET_ONLY_COSINE_PROTOTYPE,44,505027,3150,63,0.12571428571428572,0.10949244950450783,0.1257142857142857,0.0,0.12698412698412698,0.11000716075904046,619665ff4ca8803538c55251b9c2113e0d0c938120409070bdab85dbeef744ed
20,20 labels,TARGET_ASSISTED_LABELLED_TARGET_CALIBRATION,TARGET_ONLY_COSINE_PROTOTYPE,44,530017,3150,63,0.13968253968253969,0.12663546263045822,0.13968253968253966,0.0,0.14285714285714285,0.12817758682420335,36c8f75de06f6fa3bad2bcadae1fa9a660e0b5a2bf4e06e38db115381ba24227
20,20 labels,TARGET_ASSISTED_LABELLED_TARGET_CALIBRATION,TARGET_ONLY_COSINE_PROTOTYPE,44,555029,3150,63,0.15301587301587302,0.1509791689103637,0.15301587301587302,0.0,0.15873015873015872,0.15699911543564796,e97595604f1c964062f9443e9571f703e71a0a4e5d66c5d0b02af680213e793f
20,20 labels,TARGET_ASSISTED_LABELLED_TARGET_CALIBRATION,TARGET_ONLY_COSINE_PROTOTYPE,44,580031,3150,63,0.21587301587301588,0.1911576548349855,0.21587301587301586,0.01073345259391771,0.2222222222222222,0.19106098579782788,192b667fa8103299534a183270269bc25a4fc00fd1ca60de7967be9f8243b2d9
20,20 labels,TARGET_ASSISTED_LABELLED_TARGET_CALIBRATION,TARGET_ONLY_COSINE_PROTOTYPE,45,104729,3150,63,0.15587301587301589,0.14623683976907922,0.15587301587301589,0.0,0.15873015873015872,0.14849563013611242,aeb4237e44be3dd67682945844618109c4fbdca7ff7410e2e6b1825ca9cd4b19
20,20 labels,TARGET_ASSISTED_LABELLED_TARGET_CALIBRATION,TARGET_ONLY_COSINE_PROTOTYPE,45,130363,3150,63,0.11047619047619048,0.1035620383420034,0.11047619047619048,0.0,0.1111111111111111,0.10490511994271391,e6e2ccdd52614d3b87eb8ff5237c6ea102b27402e2cc00ef7439ab6a7fdff681
20,20 labels,TARGET_ASSISTED_LABELLED_TARGET_CALIBRATION,TARGET_ONLY_COSINE_PROTOTYPE,45,155921,3150,63,0.1384126984126984,0.1392308675154116,0.1384126984126984,0.002369668246445498,0.14285714285714285,0.14429743189141683,feb4f956f7473e04987139848429b6eb7c4654c5458ddeabde693b15c7c7fe5e
20,20 labels,TARGET_ASSISTED_LABELLED_TARGET_CALIBRATION,TARGET_ONLY_COSINE_PROTOTYPE,45,181081,3150,63,0.18476190476190477,0.17513221928512365,0.18476190476190477,0.004324324324324324,0.19047619047619047,0.17755465822692715,5758cc279752a7cee40d2321d75256741aae67241897d445f9a5ce8e6249e585
20,20 labels,TARGET_ASSISTED_LABELLED_TARGET_CALIBRATION,TARGET_ONLY_COSINE_PROTOTYPE,45,205439,3150,63,0.15206349206349207,0.1480840308678836,0.15206349206349204,0.014201183431952662,0.15873015873015872,0.1550531340005024,507580a2a3f72623058c8d96604bb4e63bafbb451dcf74c22d0c4b2633321691
20,20 labels,TARGET_ASSISTED_LABELLED_TARGET_CALIBRATION,TARGET_ONLY_COSINE_PROTOTYPE,45,230003,3150,63,0.20507936507936508,0.19611283082077827,0.20507936507936506,0.019672131147540985,0.20634920634920634,0.19632297527034367,4536b02de5afb33c20106245f36fd0543819199689549496ba70814e6fdbd369
20,20 labels,TARGET_ASSISTED_LABELLED_TARGET_CALIBRATION,TARGET_ONLY_COSINE_PROTOTYPE,45,254959,3150,63,0.14412698412698413,0.1411014344912759,0.14412698412698413,0.0026845637583892616,0.14285714285714285,0.14047619047619048,611e103881cba23bc51c32f5c2776fa90037c76f6971a5047fdd2927d4d1a451
20,20 labels,TARGET_ASSISTED_LABELLED_TARGET_CALIBRATION,TARGET_ONLY_COSINE_PROTOTYPE,45,280001,3150,63,0.17206349206349206,0.16396526279004162,0.17206349206349206,0.0,0.1746031746031746,0.16670682258917555,47275f909f6e79d502d7bf6382c516a12bd95445d08e3e747fda2e1454ab1397
20,20 labels,TARGET_ASSISTED_LABELLED_TARGET_CALIBRATION,TARGET_ONLY_COSINE_PROTOTYPE,45,305093,3150,63,0.1384126984126984,0.12808836085841968,0.1384126984126984,0.0,0.14285714285714285,0.132641126626089,b5b25d0026536c43cfb3e61d2038072ce609aa1ac4cdf32b57e503b11e456bdd
20,20 labels,TARGET_ASSISTED_LABELLED_TARGET_CALIBRATION,TARGET_ONLY_COSINE_PROTOTYPE,45,330017,3150,63,0.09777777777777778,0.09169898716109402,0.09777777777777777,0.0,0.09523809523809523,0.09114452798663324,a354ed6afc8dfc5455db0a3ddb20be4c9c329eb839b50dc7a3178ea4fc3cda6c
20,20 labels,TARGET_ASSISTED_LABELLED_TARGET_CALIBRATION,TARGET_ONLY_COSINE_PROTOTYPE,45,355031,3150,63,0.18412698412698414,0.17706405872342307,0.1841269841269841,0.006674082313681869,0.19047619047619047,0.1839398372779239,9e50a4235d54a0d64c719a681f2c7fb637211278966213ced58b3530cfaf0038
20,20 labels,TARGET_ASSISTED_LABELLED_TARGET_CALIBRATION,TARGET_ONLY_COSINE_PROTOTYPE,45,380041,3150,63,0.1292063492063492,0.12032996023785066,0.12920634920634919,0.0,0.12698412698412698,0.11731359210350807,db46b10cb82c2fc9b8bb42e6df395063914455be7ea8fb044e072952288b09b8
20,20 labels,TARGET_ASSISTED_LABELLED_TARGET_CALIBRATION,TARGET_ONLY_COSINE_PROTOTYPE,45,405019,3150,63,0.11555555555555555,0.11461380211094412,0.11555555555555555,0.0,0.1111111111111111,0.11067657421473547,1f17e3a2ad19968e716f37a099c56a32148a38d497747f54a1ce0b2a2071c18b
20,20 labels,TARGET_ASSISTED_LABELLED_TARGET_CALIBRATION,TARGET_ONLY_COSINE_PROTOTYPE,45,430007,3150,63,0.16952380952380952,0.16541396698352803,0.1695238095238095,0.0,0.1746031746031746,0.17204881952781112,1bae88d2e314db9b19a7c329a2031fda63ddb9e856dc79c23164e78f79d2cbed
20,20 labels,TARGET_ASSISTED_LABELLED_TARGET_CALIBRATION,TARGET_ONLY_COSINE_PROTOTYPE,45,455003,3150,63,0.09301587301587301,0.09139931757595605,0.093015873015873,0.0,0.09523809523809523,0.0936655363899946,6c9d15643728dbe5efcb905558031e699f72c4ac9ffae56d7a7f17b85d12e956
20,20 labels,TARGET_ASSISTED_LABELLED_TARGET_CALIBRATION,TARGET_ONLY_COSINE_PROTOTYPE,45,480017,3150,63,0.13111111111111112,0.12120874732745171,0.1311111111111111,0.0,0.12698412698412698,0.11636667426141109,0652bfc41a1b362225f8a57421e292e7f38efb359a45c6e74a0b24995d3ed051
20,20 labels,TARGET_ASSISTED_LABELLED_TARGET_CALIBRATION,TARGET_ONLY_COSINE_PROTOTYPE,45,505027,3150,63,0.24761904761904763,0.23470623720407247,0.24761904761904763,0.10857763300760044,0.25396825396825395,0.2417210808515156,0a1831b135c458a4e4d47294ceb857f5ad91929b7dc6b7c229d24e8ec18d6311
20,20 labels,TARGET_ASSISTED_LABELLED_TARGET_CALIBRATION,TARGET_ONLY_COSINE_PROTOTYPE,45,530017,3150,63,0.13015873015873017,0.12116538880990048,0.13015873015873017,0.0,0.12698412698412698,0.11673032849503438,97c8eba73b00a1e2ba3e2e015713903061c4d6f066f9bbda54eaf3fedd5b29cc
20,20 labels,TARGET_ASSISTED_LABELLED_TARGET_CALIBRATION,TARGET_ONLY_COSINE_PROTOTYPE,45,555029,3150,63,0.10603174603174603,0.09542355592283268,0.10603174603174602,0.0,0.1111111111111111,0.10157578821002085,5ff9d5f3542163979199062d178f6fdc95dd05b7291a28e7b7550cbca51fa9cc
20,20 labels,TARGET_ASSISTED_LABELLED_TARGET_CALIBRATION,TARGET_ONLY_COSINE_PROTOTYPE,45,580031,3150,63,0.2307936507936508,0.20139281658330363,0.23079365079365077,0.0,0.23809523809523808,0.2072551508641734,1642eb57454c0556622fe4de431c81d025af00a562704ed423b4057e3175e9e1
20,20 labels,TARGET_ASSISTED_LABELLED_TARGET_CALIBRATION,TARGET_ONLY_COSINE_PROTOTYPE,46,104729,3150,63,0.17238095238095238,0.16456306031172735,0.17238095238095236,0.0,0.1746031746031746,0.16609111884318153,e5a967c91bd687f1896b19cde7a9cf7488c3433ae422f03eb7c1362cc2edec6b
20,20 labels,TARGET_ASSISTED_LABELLED_TARGET_CALIBRATION,TARGET_ONLY_COSINE_PROTOTYPE,46,130363,3150,63,0.17333333333333334,0.1581330194056119,0.17333333333333334,0.0,0.1746031746031746,0.159916656721168,03cb9de541d294c046a5685fe8fae0052888d3c22f14e306a33c773b9ef2f2b2
20,20 labels,TARGET_ASSISTED_LABELLED_TARGET_CALIBRATION,TARGET_ONLY_COSINE_PROTOTYPE,46,155921,3150,63,0.0853968253968254,0.07112965830316505,0.08539682539682539,0.0,0.07936507936507936,0.06627680311890838,5f1d2e31a2fec7b3a0b03783b16824dfd51c84a5573f21bc4a0e10bdd8364a74
20,20 labels,TARGET_ASSISTED_LABELLED_TARGET_CALIBRATION,TARGET_ONLY_COSINE_PROTOTYPE,46,181081,3150,63,0.20444444444444446,0.20309929579009017,0.20444444444444443,0.12817412333736397,0.20634920634920634,0.20550492924442507,e85f090712060953ffda63a10a9f07c12b8065aeedd46a321ada64fe09b7e023
20,20 labels,TARGET_ASSISTED_LABELLED_TARGET_CALIBRATION,TARGET_ONLY_COSINE_PROTOTYPE,46,205439,3150,63,0.15587301587301589,0.14430346998990398,0.15587301587301589,0.0,0.15873015873015872,0.14730874806062774,b1df0193644809614cb3bf6cdd8f4b32f7fae588ff7dd23e10e2d95f5ae10065
20,20 labels,TARGET_ASSISTED_LABELLED_TARGET_CALIBRATION,TARGET_ONLY_COSINE_PROTOTYPE,46,230003,3150,63,0.08952380952380952,0.07087819133833224,0.08952380952380953,0.0,0.09523809523809523,0.07065287653522948,660344caa74415204092fa6f1465120fd59e8e44514d0d2c1d50688e6d964533
20,20 labels,TARGET_ASSISTED_LABELLED_TARGET_CALIBRATION,TARGET_ONLY_COSINE_PROTOTYPE,46,254959,3150,63,0.12634920634920635,0.1106172329456963,0.12634920634920635,0.0,0.12698412698412698,0.11121735407449693,0026b5fe9e69cffd53a39149b84d05178409ef3fe779e80f080ef23c5b4cb727
20,20 labels,TARGET_ASSISTED_LABELLED_TARGET_CALIBRATION,TARGET_ONLY_COSINE_PROTOTYPE,46,280001,3150,63,0.1907936507936508,0.19029094656812276,0.1907936507936508,0.01486988847583643,0.19047619047619047,0.18928571428571428,610312ee20b00002eff5bb53961d8d72f2f7424ccafeadbb997e8337dce137d6
20,20 labels,TARGET_ASSISTED_LABELLED_TARGET_CALIBRATION,TARGET_ONLY_COSINE_PROTOTYPE,46,305093,3150,63,0.10698412698412699,0.09347565892916365,0.10698412698412697,0.0,0.1111111111111111,0.09740259740259741,9012e1c2005900ce81d0c1ed2a96df848dc14af62570a8b42d2e9f6a64100df3
20,20 labels,TARGET_ASSISTED_LABELLED_TARGET_CALIBRATION,TARGET_ONLY_COSINE_PROTOTYPE,46,330017,3150,63,0.11047619047619048,0.10317292327171233,0.11047619047619046,0.0,0.1111111111111111,0.10419988097333635,e43f79a4f3975bebcc7635730727c8b6ee87df326187cea1b28cacb128194a63
20,20 labels,TARGET_ASSISTED_LABELLED_TARGET_CALIBRATION,TARGET_ONLY_COSINE_PROTOTYPE,46,355031,3150,63,0.19111111111111112,0.18013709503448302,0.1911111111111111,0.0,0.19047619047619047,0.17959080449321396,9b9f4ea6d40f1d88a8b9309dfcfb42f2407fb1abcc68a1956bc4ff44448e0917
20,20 labels,TARGET_ASSISTED_LABELLED_TARGET_CALIBRATION,TARGET_ONLY_COSINE_PROTOTYPE,46,380041,3150,63,0.16253968253968254,0.13445300173902872,0.16253968253968254,0.0,0.15873015873015872,0.13053613053613053,c84063bf861819b8373f42e26bc24eb03fdc39809cd9ea6cd6448e1f28f13a8d
20,20 labels,TARGET_ASSISTED_LABELLED_TARGET_CALIBRATION,TARGET_ONLY_COSINE_PROTOTYPE,46,405019,3150,63,0.14317460317460318,0.13832962433436743,0.1431746031746032,0.0,0.14285714285714285,0.13908266655944673,67291686769e9f929fda5735f06cd5b42d7c59098414f6cbf29f3a191df6c430
20,20 labels,TARGET_ASSISTED_LABELLED_TARGET_CALIBRATION,TARGET_ONLY_COSINE_PROTOTYPE,46,430007,3150,63,0.14476190476190476,0.15721832196213617,0.14476190476190473,0.001990049751243781,0.14285714285714285,0.15556731053625464,02651b3c67b2af69692eab2fdc52f47df86b22627c265e456f29b42cdbc9c32e
20,20 labels,TARGET_ASSISTED_LABELLED_TARGET_CALIBRATION,TARGET_ONLY_COSINE_PROTOTYPE,46,455003,3150,63,0.09682539682539683,0.09915864760765417,0.09682539682539681,0.0,0.09523809523809523,0.09970650467544877,42b05a8d3db58a12dc6a93d805e2e6dfada6a4ea29b684b149f48c29f0fe5eb5
20,20 labels,TARGET_ASSISTED_LABELLED_TARGET_CALIBRATION,TARGET_ONLY_COSINE_PROTOTYPE,46,480017,3150,63,0.14285714285714285,0.1349834237961635,0.14285714285714285,0.007722007722007722,0.14285714285714285,0.13296992481203007,f1233404c0ce990c62e74fbce1882752adca6beada998c15fe46e1b597aff92d
20,20 labels,TARGET_ASSISTED_LABELLED_TARGET_CALIBRATION,TARGET_ONLY_COSINE_PROTOTYPE,46,505027,3150,63,0.13238095238095238,0.11618981574952811,0.13238095238095238,0.0,0.12698412698412698,0.10848595848595848,175878a2bacff9af1d98d994b7da106832336afbdd9c856136a3bd5ac3cafe08
20,20 labels,TARGET_ASSISTED_LABELLED_TARGET_CALIBRATION,TARGET_ONLY_COSINE_PROTOTYPE,46,530017,3150,63,0.11142857142857143,0.09756921878945189,0.11142857142857143,0.0,0.1111111111111111,0.09721235286452677,3eccbad4b26d16c5d305bcb5b37ac269d8cbbbd07691889c744c066ec9302ff4
20,20 labels,TARGET_ASSISTED_LABELLED_TARGET_CALIBRATION,TARGET_ONLY_COSINE_PROTOTYPE,46,555029,3150,63,0.14285714285714285,0.1371543120038762,0.14285714285714285,0.0,0.14285714285714285,0.13657941437444543,7cd7d9ebe767d3c6fa171b32430660dd0a8757870126d055d89167cb1c02dfd7
20,20 labels,TARGET_ASSISTED_LABELLED_TARGET_CALIBRATION,TARGET_ONLY_COSINE_PROTOTYPE,46,580031,3150,63,0.12761904761904763,0.09835284886022298,0.12761904761904763,0.0,0.12698412698412698,0.09680672268907563,771cb7c6c556b926a969cfb52b98735ac88dbfd8c49ae42c258ee2248935a70e
21,3-shot (21 labels),TARGET_ASSISTED_LABELLED_TARGET_CALIBRATION,TARGET_ONLY_COSINE_PROTOTYPE,42,104729,3150,63,0.10603174603174603,0.10652771594070207,0.10603174603174605,0.0,0.1111111111111111,0.11095238095238094,2bb7e83e14ffe029454bdce7391031ed3f1b46f3925634bff0dbe848fdd7aefb
21,3-shot (21 labels),TARGET_ASSISTED_LABELLED_TARGET_CALIBRATION,TARGET_ONLY_COSINE_PROTOTYPE,42,130363,3150,63,0.10952380952380952,0.1018056251755958,0.10952380952380951,0.0,0.1111111111111111,0.10119562976705833,662fa7df1a482da9ec1f953ea913b9b049d9f2c3b235df8790cf8a50b008b646
21,3-shot (21 labels),TARGET_ASSISTED_LABELLED_TARGET_CALIBRATION,TARGET_ONLY_COSINE_PROTOTYPE,42,155921,3150,63,0.11238095238095239,0.09971716787315373,0.11238095238095237,0.0,0.1111111111111111,0.09834170406252785,f6b5fae19e2ac3345be76f0f7f943abb508fde53c9d16db5b625ee8ffb1f1362
21,3-shot (21 labels),TARGET_ASSISTED_LABELLED_TARGET_CALIBRATION,TARGET_ONLY_COSINE_PROTOTYPE,42,181081,3150,63,0.16285714285714287,0.15315896899889253,0.16285714285714287,0.0,0.15873015873015872,0.14938285659091224,a75b975d1dcac97ed3bf98f2ebeb64b0fc0c75154cb94da8deba85494ac5b4d3
21,3-shot (21 labels),TARGET_ASSISTED_LABELLED_TARGET_CALIBRATION,TARGET_ONLY_COSINE_PROTOTYPE,42,205439,3150,63,0.08698412698412698,0.08661706629798104,0.08698412698412697,0.0,0.07936507936507936,0.08007202881152461,69a97b555521b4c0709448c1aeb9864a29e169c2121a9e9c3def45611c362f21
21,3-shot (21 labels),TARGET_ASSISTED_LABELLED_TARGET_CALIBRATION,TARGET_ONLY_COSINE_PROTOTYPE,42,230003,3150,63,0.11238095238095239,0.10650980024480274,0.11238095238095237,0.0,0.1111111111111111,0.10440667495068202,6fbba92bfda5ff7f766c3a99c435a74784a50c9594568f2ce4a4ad8c3d258b0a
21,3-shot (21 labels),TARGET_ASSISTED_LABELLED_TARGET_CALIBRATION,TARGET_ONLY_COSINE_PROTOTYPE,42,254959,3150,63,0.06476190476190476,0.051740943269161975,0.06476190476190476,0.0,0.06349206349206349,0.04917184265010351,936989fa0c585f63f39593112e70d53d8eef71c974a747ada933f1b9e6920001
21,3-shot (21 labels),TARGET_ASSISTED_LABELLED_TARGET_CALIBRATION,TARGET_ONLY_COSINE_PROTOTYPE,42,280001,3150,63,0.11079365079365079,0.09420002647740604,0.11079365079365079,0.0,0.1111111111111111,0.09239093090024766,2012db7f73d39ef4b4148a6e94a27fe9e4138c8c2601168dac5bbe188d5d56ea
21,3-shot (21 labels),TARGET_ASSISTED_LABELLED_TARGET_CALIBRATION,TARGET_ONLY_COSINE_PROTOTYPE,42,305093,3150,63,0.15301587301587302,0.13896775160479052,0.15301587301587302,0.0,0.15873015873015872,0.1438095238095238,bce52d2a0a36f30a4d5692f0338a7509342ca926a874447dbae32776253f3278
21,3-shot (21 labels),TARGET_ASSISTED_LABELLED_TARGET_CALIBRATION,TARGET_ONLY_COSINE_PROTOTYPE,42,330017,3150,63,0.0892063492063492,0.08558265227057427,0.08920634920634919,0.0,0.07936507936507936,0.0767784846732215,410555d864b147566c99f6740e550bb8aa394a17d5f992442eadef5061cff494
21,3-shot (21 labels),TARGET_ASSISTED_LABELLED_TARGET_CALIBRATION,TARGET_ONLY_COSINE_PROTOTYPE,42,355031,3150,63,0.17396825396825397,0.17825162551266005,0.17396825396825397,0.09153713298791019,0.1746031746031746,0.1788457238522619,299cf29a4f0cccb954d6a71bc2d84f5c05e1e3dede64f4400ae64c5a5e399cf7
21,3-shot (21 labels),TARGET_ASSISTED_LABELLED_TARGET_CALIBRATION,TARGET_ONLY_COSINE_PROTOTYPE,42,380041,3150,63,0.1111111111111111,0.09594067646757345,0.11111111111111112,0.0,0.1111111111111111,0.0940012368583797,47d609ec27e16c986811aecf59fc3c3eb1927ee488bbcb05fb18f4d287fb07ce
21,3-shot (21 labels),TARGET_ASSISTED_LABELLED_TARGET_CALIBRATION,TARGET_ONLY_COSINE_PROTOTYPE,42,405019,3150,63,0.05047619047619047,0.04512537432007781,0.05047619047619047,0.0,0.047619047619047616,0.04071773636991028,179324a5362975ab25304fcfd948d0737fa36a0587fe124520eef90faba14e62
21,3-shot (21 labels),TARGET_ASSISTED_LABELLED_TARGET_CALIBRATION,TARGET_ONLY_COSINE_PROTOTYPE,42,430007,3150,63,0.1853968253968254,0.1669092750585896,0.1853968253968254,0.0,0.19047619047619047,0.169802222948676,70c0418d6b588ff434810e1d808959d1d4cfd8bd1cd1023e04a859e29584b7d3
21,3-shot (21 labels),TARGET_ASSISTED_LABELLED_TARGET_CALIBRATION,TARGET_ONLY_COSINE_PROTOTYPE,42,455003,3150,63,0.08031746031746032,0.07853869471718952,0.08031746031746032,0.0,0.07936507936507936,0.07721088435374149,6ce89c489557ab6cf54586a0f5d9e9a2d42f1e0c9f00ea2b390d7c0d7130f652
21,3-shot (21 labels),TARGET_ASSISTED_LABELLED_TARGET_CALIBRATION,TARGET_ONLY_COSINE_PROTOTYPE,42,480017,3150,63,0.11015873015873016,0.10966980081209309,0.11015873015873015,0.0,0.1111111111111111,0.11061669583837072,935974af69775b2e41ae26112ce03fd9b39584410c39c4bf758d243414b25aac
21,3-shot (21 labels),TARGET_ASSISTED_LABELLED_TARGET_CALIBRATION,TARGET_ONLY_COSINE_PROTOTYPE,42,505027,3150,63,0.1219047619047619,0.10788646129603666,0.12190476190476189,0.0,0.12698412698412698,0.11306479113384484,163228f9d48e4a8b1b3e6a98f781dd4278cff4d471ee2fb9a4660b1b07356102
21,3-shot (21 labels),TARGET_ASSISTED_LABELLED_TARGET_CALIBRATION,TARGET_ONLY_COSINE_PROTOTYPE,42,530017,3150,63,0.12793650793650793,0.11520936561660895,0.12793650793650796,0.0,0.12698412698412698,0.11398482469911042,f95cb2a4798b7c9ba13adf4c0da1bf4a129b9eea12df058665bc2c8b0e2d3dc6
21,3-shot (21 labels),TARGET_ASSISTED_LABELLED_TARGET_CALIBRATION,TARGET_ONLY_COSINE_PROTOTYPE,42,555029,3150,63,0.15777777777777777,0.1574879949369636,0.15777777777777777,0.0,0.15873015873015872,0.1581372549019608,a5b15990dfd8c5607a5a908cfcb865a272f0057a01304018f313f725a53afa8f
21,3-shot (21 labels),TARGET_ASSISTED_LABELLED_TARGET_CALIBRATION,TARGET_ONLY_COSINE_PROTOTYPE,42,580031,3150,63,0.15968253968253968,0.15545377474485558,0.15968253968253968,0.0,0.15873015873015872,0.15154540076900327,502d88a64f9ec6828456ca336fba130762931b3071db4351c012ad7e6e73196a
21,3-shot (21 labels),TARGET_ASSISTED_LABELLED_TARGET_CALIBRATION,TARGET_ONLY_COSINE_PROTOTYPE,43,104729,3150,63,0.15841269841269842,0.14190860284372478,0.15841269841269842,0.0,0.15873015873015872,0.14000360378069357,c8a2e6fa0eb03722aa96be39112298e5ff252cb7ec2c70204d9d8b15c08e6f49
21,3-shot (21 labels),TARGET_ASSISTED_LABELLED_TARGET_CALIBRATION,TARGET_ONLY_COSINE_PROTOTYPE,43,130363,3150,63,0.13555555555555557,0.11747228484982232,0.13555555555555557,0.0,0.14285714285714285,0.12236652236652236,18befdae384dc5ab77e620860eeb40f448e30d39f71040bd80b4b68139d5fae5
21,3-shot (21 labels),TARGET_ASSISTED_LABELLED_TARGET_CALIBRATION,TARGET_ONLY_COSINE_PROTOTYPE,43,155921,3150,63,0.07746031746031747,0.07123049631089674,0.07746031746031745,0.0,0.07936507936507936,0.0725353757063466,009b1ad1a8e923feefcda705fb9d5a5f77b8ac0f99d2e7a3f23c6cb31af54b07
21,3-shot (21 labels),TARGET_ASSISTED_LABELLED_TARGET_CALIBRATION,TARGET_ONLY_COSINE_PROTOTYPE,43,181081,3150,63,0.1568253968253968,0.13211922858307965,0.1568253968253968,0.0,0.14285714285714285,0.11719905353445727,d9f9baedb6fc22512f1d3546c7c78881b763f8a8f29a1b27f8fe49dfe663b5ee
21,3-shot (21 labels),TARGET_ASSISTED_LABELLED_TARGET_CALIBRATION,TARGET_ONLY_COSINE_PROTOTYPE,43,205439,3150,63,0.12476190476190477,0.12346984358236976,0.12476190476190475,0.0,0.12698412698412698,0.12551943854464861,dc6432b2a431fe9b70cc09c79191d12c88a0eb83413f76628097fefad29f6848
21,3-shot (21 labels),TARGET_ASSISTED_LABELLED_TARGET_CALIBRATION,TARGET_ONLY_COSINE_PROTOTYPE,43,230003,3150,63,0.13555555555555557,0.13332727041321252,0.13555555555555557,0.0,0.14285714285714285,0.13959899749373433,dbe316fbf00a23f01ca15765ae6387b3d3b8c930a75d7e651827ce1428dbf37d
21,3-shot (21 labels),TARGET_ASSISTED_LABELLED_TARGET_CALIBRATION,TARGET_ONLY_COSINE_PROTOTYPE,43,254959,3150,63,0.11968253968253968,0.10774798784429995,0.11968253968253968,0.0,0.12698412698412698,0.11315864662720647,27ff8a0ec4e8f7db401879970403025e7eb843d932d0d572e30c88db43a4c61f
21,3-shot (21 labels),TARGET_ASSISTED_LABELLED_TARGET_CALIBRATION,TARGET_ONLY_COSINE_PROTOTYPE,43,280001,3150,63,0.1434920634920635,0.11833503823692393,0.1434920634920635,0.0,0.14285714285714285,0.11824683253254682,ba506682eccfb36b2acae14c433fdc21ba563bac64ecae10f95280647acb7a3f
21,3-shot (21 labels),TARGET_ASSISTED_LABELLED_TARGET_CALIBRATION,TARGET_ONLY_COSINE_PROTOTYPE,43,305093,3150,63,0.17904761904761904,0.1867814221655149,0.17904761904761904,0.0,0.19047619047619047,0.1985706563327085,c6e6fffcdf651b37e9b4e74861be9c415c8307e7af392743ac22ac1b64682ad8
21,3-shot (21 labels),TARGET_ASSISTED_LABELLED_TARGET_CALIBRATION,TARGET_ONLY_COSINE_PROTOTYPE,43,330017,3150,63,0.18222222222222223,0.17682823239196116,0.18222222222222223,0.0,0.19047619047619047,0.18491670352351466,6185edb1bc5aed50ad352bbaaa562635074b10f70394860772d3d5528671fdd5
21,3-shot (21 labels),TARGET_ASSISTED_LABELLED_TARGET_CALIBRATION,TARGET_ONLY_COSINE_PROTOTYPE,43,355031,3150,63,0.1619047619047619,0.15319556225468323,0.1619047619047619,0.013458950201884253,0.15873015873015872,0.14818594104308389,0151bb030eafc3caf0f8d3817e0ff12bc0c412997173a69b08c07544d1363f2f
21,3-shot (21 labels),TARGET_ASSISTED_LABELLED_TARGET_CALIBRATION,TARGET_ONLY_COSINE_PROTOTYPE,43,380041,3150,63,0.10888888888888888,0.10064568636640193,0.1088888888888889,0.0,0.1111111111111111,0.10225563909774436,953addc135e335cab814e26523a5c070620fc86ad1c829cae893a7472cb018d9
21,3-shot (21 labels),TARGET_ASSISTED_LABELLED_TARGET_CALIBRATION,TARGET_ONLY_COSINE_PROTOTYPE,43,405019,3150,63,0.1349206349206349,0.11916413180254921,0.1349206349206349,0.0,0.14285714285714285,0.12558623449379752,e7d83c93a67744b282b3e5777576322dde3e913d8955ee200d2c9bc07a3608c5
21,3-shot (21 labels),TARGET_ASSISTED_LABELLED_TARGET_CALIBRATION,TARGET_ONLY_COSINE_PROTOTYPE,43,430007,3150,63,0.1180952380952381,0.11835848353828962,0.1180952380952381,0.0,0.1111111111111111,0.11111111111111109,2eb3f35c20af664fc3ac8b873c6a9631395b20bccaf12c4b3d338e744c98b9b2
21,3-shot (21 labels),TARGET_ASSISTED_LABELLED_TARGET_CALIBRATION,TARGET_ONLY_COSINE_PROTOTYPE,43,455003,3150,63,0.1419047619047619,0.13124106954827253,0.1419047619047619,0.0,0.14285714285714285,0.13296227581941866,1133ff767ca85cfc214c2149ece4d82e8a88fa72ac65a4de6cfbdb966577481b
21,3-shot (21 labels),TARGET_ASSISTED_LABELLED_TARGET_CALIBRATION,TARGET_ONLY_COSINE_PROTOTYPE,43,480017,3150,63,0.1765079365079365,0.1743259306497217,0.17650793650793653,0.0,0.1746031746031746,0.17251264142020448,cfe9c2eec8c5b17bb6732964da1c297a115f814f77720af9ffd38406f77a2ba6
21,3-shot (21 labels),TARGET_ASSISTED_LABELLED_TARGET_CALIBRATION,TARGET_ONLY_COSINE_PROTOTYPE,43,505027,3150,63,0.17174603174603176,0.15743958506510466,0.17174603174603176,0.0,0.1746031746031746,0.15967000835421888,fd2d1d402d82a3a29a4ed94fa1193b85736830f497603da1e26430163b8f5683
21,3-shot (21 labels),TARGET_ASSISTED_LABELLED_TARGET_CALIBRATION,TARGET_ONLY_COSINE_PROTOTYPE,43,530017,3150,63,0.1819047619047619,0.16119433784615117,0.18190476190476187,0.0,0.19047619047619047,0.16742424242424242,13babf223da5858cae8f3ca8b264c25fa4b6f9b177e30e0f1c32d007e81da31e
21,3-shot (21 labels),TARGET_ASSISTED_LABELLED_TARGET_CALIBRATION,TARGET_ONLY_COSINE_PROTOTYPE,43,555029,3150,63,0.18571428571428572,0.17485384011288851,0.18571428571428572,0.0,0.19047619047619047,0.18016806722689077,6150e3c63f80b716576904bc0a146faf76d27e28955e787061afb4a2cf54e622
21,3-shot (21 labels),TARGET_ASSISTED_LABELLED_TARGET_CALIBRATION,TARGET_ONLY_COSINE_PROTOTYPE,43,580031,3150,63,0.21714285714285714,0.21468045969917146,0.21714285714285714,0.1152614727854856,0.2222222222222222,0.21756429844665134,9246d62cf67486089069575a99ba67b316992773c6c190039f0f589648d8aaa5
21,3-shot (21 labels),TARGET_ASSISTED_LABELLED_TARGET_CALIBRATION,TARGET_ONLY_COSINE_PROTOTYPE,44,104729,3150,63,0.2219047619047619,0.20563951835713695,0.2219047619047619,0.0,0.2222222222222222,0.20336990595611285,54813c8bae2d5100bb007cd922d88935b382e62825f0515d0deffd66e07061d3
21,3-shot (21 labels),TARGET_ASSISTED_LABELLED_TARGET_CALIBRATION,TARGET_ONLY_COSINE_PROTOTYPE,44,130363,3150,63,0.13714285714285715,0.13128284653050848,0.13714285714285715,0.0,0.14285714285714285,0.1338185034779462,61423dc13ebe4693829e62a649258903f8afa245931f4acbe2bfa867d41c70ae
21,3-shot (21 labels),TARGET_ASSISTED_LABELLED_TARGET_CALIBRATION,TARGET_ONLY_COSINE_PROTOTYPE,44,155921,3150,63,0.14095238095238094,0.13161323391326724,0.14095238095238094,0.0,0.14285714285714285,0.13235094037615047,7a72d729b6d25bae6f3a8bf7451876f726bcef8b0e18f1bf8b67ed9931de2dac
21,3-shot (21 labels),TARGET_ASSISTED_LABELLED_TARGET_CALIBRATION,TARGET_ONLY_COSINE_PROTOTYPE,44,181081,3150,63,0.18603174603174602,0.1709275116392009,0.18603174603174602,0.0032733224222585926,0.19047619047619047,0.1723403408186017,97022077f858839b9b1407eb5b6050e0113654a15b632b73ae506ecd02f16d4f
21,3-shot (21 labels),TARGET_ASSISTED_LABELLED_TARGET_CALIBRATION,TARGET_ONLY_COSINE_PROTOTYPE,44,205439,3150,63,0.12317460317460317,0.1195463261427657,0.12317460317460317,0.0,0.12698412698412698,0.12244897959183672,e9673d7a5bde17444e0cd01b7ae263be3f304c440108ee48780413cd4bdbb246
21,3-shot (21 labels),TARGET_ASSISTED_LABELLED_TARGET_CALIBRATION,TARGET_ONLY_COSINE_PROTOTYPE,44,230003,3150,63,0.12698412698412698,0.12730763186440072,0.12698412698412698,0.0,0.12698412698412698,0.12694750946630645,5505369b98077983829a1aaed020c1bb2e6a05f5fe2d65b3af0a0bc7f5041601
21,3-shot (21 labels),TARGET_ASSISTED_LABELLED_TARGET_CALIBRATION,TARGET_ONLY_COSINE_PROTOTYPE,44,254959,3150,63,0.13682539682539682,0.11883566117692934,0.13682539682539682,0.0,0.14285714285714285,0.12178345022219414,8eab039fa11e31ab8a35d09203c49a440a11d124551ce56b064936167fb3d702
21,3-shot (21 labels),TARGET_ASSISTED_LABELLED_TARGET_CALIBRATION,TARGET_ONLY_COSINE_PROTOTYPE,44,280001,3150,63,0.16698412698412698,0.14229204920073316,0.16698412698412698,0.0,0.1746031746031746,0.147218887555022,66779c26ecec970645e6b4303cc168fa7952a08ceaae5a0b70966b473045aba9
21,3-shot (21 labels),TARGET_ASSISTED_LABELLED_TARGET_CALIBRATION,TARGET_ONLY_COSINE_PROTOTYPE,44,305093,3150,63,0.1634920634920635,0.1637777219638428,0.1634920634920635,0.0,0.1746031746031746,0.17275541795665636,63cf25523a8059d4789da0b5b4503b17e37cb8d9134f413a77e0693a6d77cc62
21,3-shot (21 labels),TARGET_ASSISTED_LABELLED_TARGET_CALIBRATION,TARGET_ONLY_COSINE_PROTOTYPE,44,330017,3150,63,0.1742857142857143,0.1674671093917214,0.17428571428571432,0.0,0.1746031746031746,0.1674812030075188,f607908a5d508c02ccaa8d56d00825d7475a195feab539772b28a4637b49f8f1
21,3-shot (21 labels),TARGET_ASSISTED_LABELLED_TARGET_CALIBRATION,TARGET_ONLY_COSINE_PROTOTYPE,44,355031,3150,63,0.1907936507936508,0.18972222754602605,0.19079365079365077,0.0,0.19047619047619047,0.19096850861556744,1b5db3af5d48451eceaca76300b202e26e4646f8e87e69c6ab8105445de63303
21,3-shot (21 labels),TARGET_ASSISTED_LABELLED_TARGET_CALIBRATION,TARGET_ONLY_COSINE_PROTOTYPE,44,380041,3150,63,0.13206349206349208,0.1268193843571608,0.13206349206349205,0.0,0.12698412698412698,0.1200663997656479,994a092d59d8dff3183f02edaf9b3ad6772b6b1590dbf451b0d82b943fa143ec
21,3-shot (21 labels),TARGET_ASSISTED_LABELLED_TARGET_CALIBRATION,TARGET_ONLY_COSINE_PROTOTYPE,44,405019,3150,63,0.12476190476190477,0.1241223466339183,0.12476190476190475,0.041935483870967745,0.12698412698412698,0.12360283826449239,64b547b7f15657474d86fbc1b041648e203a15f4d2c8aceed7a2a82c02ebf4a3
21,3-shot (21 labels),TARGET_ASSISTED_LABELLED_TARGET_CALIBRATION,TARGET_ONLY_COSINE_PROTOTYPE,44,430007,3150,63,0.12634920634920635,0.12986513257719365,0.12634920634920635,0.0,0.12698412698412698,0.12891156462585032,f3a94fce5ce115197992ef55439dc7bac479fb184578e7794bf9e64eef90d37c
21,3-shot (21 labels),TARGET_ASSISTED_LABELLED_TARGET_CALIBRATION,TARGET_ONLY_COSINE_PROTOTYPE,44,455003,3150,63,0.09523809523809523,0.0971269974320516,0.09523809523809523,0.0,0.09523809523809523,0.09689865689865688,e9dbe083a2a8afea16dd320f5db2d541c17a07a145ef64bd7bd00692eec20af4
21,3-shot (21 labels),TARGET_ASSISTED_LABELLED_TARGET_CALIBRATION,TARGET_ONLY_COSINE_PROTOTYPE,44,480017,3150,63,0.23682539682539683,0.22896400644710033,0.23682539682539683,0.01090909090909091,0.2222222222222222,0.21321070234113712,e0c9de5eb8a322ab3026980109259148995b472a1daf0fba357b21dab6197415
21,3-shot (21 labels),TARGET_ASSISTED_LABELLED_TARGET_CALIBRATION,TARGET_ONLY_COSINE_PROTOTYPE,44,505027,3150,63,0.14444444444444443,0.1285810334016466,0.14444444444444443,0.0,0.14285714285714285,0.12658724733912702,655362759926e1701a0a915214240d74cf22daff3ba3381ccf0145ee75dd7d9e
21,3-shot (21 labels),TARGET_ASSISTED_LABELLED_TARGET_CALIBRATION,TARGET_ONLY_COSINE_PROTOTYPE,44,530017,3150,63,0.15555555555555556,0.14068488773629492,0.15555555555555553,0.0,0.15873015873015872,0.14251059275384795,f0d556e0e02ab9fe0023c1f29197fab0f2b1dbcc5daf1ca61c620c9bd20d00fb
21,3-shot (21 labels),TARGET_ASSISTED_LABELLED_TARGET_CALIBRATION,TARGET_ONLY_COSINE_PROTOTYPE,44,555029,3150,63,0.1219047619047619,0.12072808889548349,0.12190476190476189,0.0,0.12698412698412698,0.12642881714089144,b75f4de1ccf230159220a211f8212ee6d125641242a23488ebec96bdd8e2d429
21,3-shot (21 labels),TARGET_ASSISTED_LABELLED_TARGET_CALIBRATION,TARGET_ONLY_COSINE_PROTOTYPE,44,580031,3150,63,0.23174603174603176,0.20499233565020591,0.23174603174603176,0.01073345259391771,0.23809523809523808,0.2043083900226757,b55382f84060577bdd08b0040f16ec5a4fe4747e8bf1ff458005c0c035a58c0b
21,3-shot (21 labels),TARGET_ASSISTED_LABELLED_TARGET_CALIBRATION,TARGET_ONLY_COSINE_PROTOTYPE,45,104729,3150,63,0.1457142857142857,0.13221343525317056,0.1457142857142857,0.0,0.14285714285714285,0.12826336068024047,822e5a925751e3699af19b6603dacf0275efd9b07750ae563f4b3aa747d67741
21,3-shot (21 labels),TARGET_ASSISTED_LABELLED_TARGET_CALIBRATION,TARGET_ONLY_COSINE_PROTOTYPE,45,130363,3150,63,0.1580952380952381,0.14180805107844163,0.15809523809523807,0.002107481559536354,0.15873015873015872,0.14151411136536993,6bc36f39664692fd907b066aa18ab38150d4b1ff6d103f23db2d7f1b66b753f5
21,3-shot (21 labels),TARGET_ASSISTED_LABELLED_TARGET_CALIBRATION,TARGET_ONLY_COSINE_PROTOTYPE,45,155921,3150,63,0.13904761904761906,0.1408474496367889,0.13904761904761903,0.002372479240806643,0.14285714285714285,0.14558005020189893,4fde4589659901f47eee0a44ea7c1cbeb0cc96ae655c5e827d0e2de98dd76505
21,3-shot (21 labels),TARGET_ASSISTED_LABELLED_TARGET_CALIBRATION,TARGET_ONLY_COSINE_PROTOTYPE,45,181081,3150,63,0.1546031746031746,0.14825322440595026,0.1546031746031746,0.004324324324324324,0.15873015873015872,0.15056296202691602,56a5106eb5ee309724c03998924cb74ba5d0fb2f5e17dcdcf3cdd0f465d9744e
21,3-shot (21 labels),TARGET_ASSISTED_LABELLED_TARGET_CALIBRATION,TARGET_ONLY_COSINE_PROTOTYPE,45,205439,3150,63,0.1676190476190476,0.16457665549519573,0.1676190476190476,0.06458557588805167,0.1746031746031746,0.17185985668957807,c30035351247a35f23702514ab0319c392a9a3d6ee3a3ffc600401422c176b0c
21,3-shot (21 labels),TARGET_ASSISTED_LABELLED_TARGET_CALIBRATION,TARGET_ONLY_COSINE_PROTOTYPE,45,230003,3150,63,0.17365079365079364,0.15585606607930128,0.17365079365079364,0.0,0.1746031746031746,0.1569645267013688,fc4e0816d512b02fff1ec5fa4bc97244f735e6dc244996863ed2a589608ba62e
21,3-shot (21 labels),TARGET_ASSISTED_LABELLED_TARGET_CALIBRATION,TARGET_ONLY_COSINE_PROTOTYPE,45,254959,3150,63,0.17333333333333334,0.1654434880425232,0.17333333333333334,0.0,0.1746031746031746,0.16743093998733097,b3cce88d1c8dff4920864f5db1abf45a7398fa25a470428416a8d4f47c935bb3
21,3-shot (21 labels),TARGET_ASSISTED_LABELLED_TARGET_CALIBRATION,TARGET_ONLY_COSINE_PROTOTYPE,45,280001,3150,63,0.16,0.15784653275905008,0.15999999999999998,0.0,0.15873015873015872,0.15680272108843538,afc20c538718f5d07f97ffc2c9e202791cc687e0fdea303e58cf35b5ac6c2651
21,3-shot (21 labels),TARGET_ASSISTED_LABELLED_TARGET_CALIBRATION,TARGET_ONLY_COSINE_PROTOTYPE,45,305093,3150,63,0.12285714285714286,0.11081058342165574,0.12285714285714285,0.0,0.12698412698412698,0.11549110872419142,72e81dad9037164894f6733afb6cc314f82c1e429b2a0c826d8fa7377f551b5f
21,3-shot (21 labels),TARGET_ASSISTED_LABELLED_TARGET_CALIBRATION,TARGET_ONLY_COSINE_PROTOTYPE,45,330017,3150,63,0.09777777777777778,0.08868936270870324,0.09777777777777777,0.0,0.09523809523809523,0.08658008658008656,906ddb73580490ea065dc977d252018f1479789545cdbe5510bbf354265c54c0
21,3-shot (21 labels),TARGET_ASSISTED_LABELLED_TARGET_CALIBRATION,TARGET_ONLY_COSINE_PROTOTYPE,45,355031,3150,63,0.21492063492063493,0.21276969157629694,0.21492063492063493,0.006322444678609062,0.2222222222222222,0.22011804721888753,51399c41ffbbe3ec8fa2a36833b392d6405c80d481fe33dd1ee92464624464ac
21,3-shot (21 labels),TARGET_ASSISTED_LABELLED_TARGET_CALIBRATION,TARGET_ONLY_COSINE_PROTOTYPE,45,380041,3150,63,0.10031746031746032,0.09222822784991506,0.10031746031746033,0.0,0.09523809523809523,0.08759018759018758,5500ec47f62baab42095af36e9c1a002acb94b5c13dcb894fcac3ff2edc39f96
21,3-shot (21 labels),TARGET_ASSISTED_LABELLED_TARGET_CALIBRATION,TARGET_ONLY_COSINE_PROTOTYPE,45,405019,3150,63,0.1457142857142857,0.14453485954249493,0.1457142857142857,0.0,0.14285714285714285,0.14218426501035197,ce841879e21e0f3fcaf583842c721ae889f406716b9869ee0800cfdd0cb401dc
21,3-shot (21 labels),TARGET_ASSISTED_LABELLED_TARGET_CALIBRATION,TARGET_ONLY_COSINE_PROTOTYPE,45,430007,3150,63,0.15206349206349207,0.1514714272336217,0.15206349206349207,0.0,0.15873015873015872,0.15892672858617132,902c82fb97a5323e523952c9843fef1d8c6366c819d2f50244c3b2bec0246ca6
21,3-shot (21 labels),TARGET_ASSISTED_LABELLED_TARGET_CALIBRATION,TARGET_ONLY_COSINE_PROTOTYPE,45,455003,3150,63,0.09301587301587301,0.08349775252575722,0.093015873015873,0.0,0.09523809523809523,0.08519941157240929,ec4e96fa5f8b4fd1b91c8e25680ae577b9af68bbcf7915ae5a48444f42144298
21,3-shot (21 labels),TARGET_ASSISTED_LABELLED_TARGET_CALIBRATION,TARGET_ONLY_COSINE_PROTOTYPE,45,480017,3150,63,0.11619047619047619,0.10695503285582637,0.11619047619047619,0.0,0.1111111111111111,0.10080395794681508,87c4e774dc5fce65bc2f2230a3661599a9cec81be069df69f8bbefb35440cbf7
21,3-shot (21 labels),TARGET_ASSISTED_LABELLED_TARGET_CALIBRATION,TARGET_ONLY_COSINE_PROTOTYPE,45,505027,3150,63,0.18412698412698414,0.16769784410297509,0.18412698412698414,0.0,0.19047619047619047,0.17533476807523993,a5e40fd3d259c4ccf849c84b41656e5196fb8ddb22e3945fb92be4c5235a87ad
21,3-shot (21 labels),TARGET_ASSISTED_LABELLED_TARGET_CALIBRATION,TARGET_ONLY_COSINE_PROTOTYPE,45,530017,3150,63,0.1126984126984127,0.10299883473200981,0.11269841269841271,0.0,0.1111111111111111,0.1009121830550402,52610b9a62b623d2ba21207ec0abaa86969e11ef264a91e9136f094104937385
21,3-shot (21 labels),TARGET_ASSISTED_LABELLED_TARGET_CALIBRATION,TARGET_ONLY_COSINE_PROTOTYPE,45,555029,3150,63,0.12222222222222222,0.11426267714180771,0.12222222222222222,0.002472187886279357,0.12698412698412698,0.11987152755839178,451a1d912127081162317298f3dc3e9afaa45d025cd35dee5830a3985d33a86d
21,3-shot (21 labels),TARGET_ASSISTED_LABELLED_TARGET_CALIBRATION,TARGET_ONLY_COSINE_PROTOTYPE,45,580031,3150,63,0.20285714285714285,0.18321278879451303,0.20285714285714285,0.0,0.20634920634920634,0.18620096259847813,6257185aab2f9b927e31114c59c5634d7fd136cbd1837e342086aad4c552cc79
21,3-shot (21 labels),TARGET_ASSISTED_LABELLED_TARGET_CALIBRATION,TARGET_ONLY_COSINE_PROTOTYPE,46,104729,3150,63,0.1892063492063492,0.18226587398363156,0.1892063492063492,0.0,0.19047619047619047,0.183197723533858,07f70fac1b7de8827a42fdd3d20062a761d50987bb2f3ef2666da354a95e0440
21,3-shot (21 labels),TARGET_ASSISTED_LABELLED_TARGET_CALIBRATION,TARGET_ONLY_COSINE_PROTOTYPE,46,130363,3150,63,0.18126984126984128,0.16442208489009105,0.18126984126984125,0.0,0.19047619047619047,0.17632971317181845,6f3181f3dcf9f6f1c2c7c209eb7b1a80b1e821260768eb05bf686bde99eec543
21,3-shot (21 labels),TARGET_ASSISTED_LABELLED_TARGET_CALIBRATION,TARGET_ONLY_COSINE_PROTOTYPE,46,155921,3150,63,0.08031746031746032,0.06317766856509101,0.08031746031746032,0.0,0.07936507936507936,0.06283068783068782,1a280a33678e4a415bde5a336294c0f317ef510688fcdd2f14caa22864951187
21,3-shot (21 labels),TARGET_ASSISTED_LABELLED_TARGET_CALIBRATION,TARGET_ONLY_COSINE_PROTOTYPE,46,181081,3150,63,0.18888888888888888,0.1870967685706388,0.18888888888888888,0.12817412333736397,0.19047619047619047,0.18950307395685548,af11405dc35d0e638741deac0a37b2062cd0ee0009f00dc172a95437a04b5461
21,3-shot (21 labels),TARGET_ASSISTED_LABELLED_TARGET_CALIBRATION,TARGET_ONLY_COSINE_PROTOTYPE,46,205439,3150,63,0.14,0.13116044597290427,0.13999999999999999,0.0,0.14285714285714285,0.13369137128535624,3ea768c7c20a23a85b93df8060a9f53ef723faa1665a2de85412fbbb1ebe3855
21,3-shot (21 labels),TARGET_ASSISTED_LABELLED_TARGET_CALIBRATION,TARGET_ONLY_COSINE_PROTOTYPE,46,230003,3150,63,0.10539682539682539,0.08407541406389162,0.10539682539682538,0.0,0.1111111111111111,0.08405070647633577,7e16a77c09497f5b0f3ec4f216fdd287daaf6d7fa77e27e39930a8cccb827159
21,3-shot (21 labels),TARGET_ASSISTED_LABELLED_TARGET_CALIBRATION,TARGET_ONLY_COSINE_PROTOTYPE,46,254959,3150,63,0.12634920634920635,0.11212044243831842,0.12634920634920635,0.0,0.12698412698412698,0.11286237571951858,15469a53601f88e36b6c6d390f13ec352d278cb27eb205444b97e6e910df964d
21,3-shot (21 labels),TARGET_ASSISTED_LABELLED_TARGET_CALIBRATION,TARGET_ONLY_COSINE_PROTOTYPE,46,280001,3150,63,0.17396825396825397,0.1701175753008962,0.17396825396825397,0.015915119363395226,0.1746031746031746,0.16951352740826423,0729a4b9fe3ba702cdfba3eb723e46a3999911d703d1c9e2bd6f4051de43901a
21,3-shot (21 labels),TARGET_ASSISTED_LABELLED_TARGET_CALIBRATION,TARGET_ONLY_COSINE_PROTOTYPE,46,305093,3150,63,0.12063492063492064,0.10131338019514825,0.12063492063492064,0.0,0.12698412698412698,0.10668536420416119,dad2cf7328f44c102d86480402a22353f235411cd0ab8cd276eba54948e571d4
21,3-shot (21 labels),TARGET_ASSISTED_LABELLED_TARGET_CALIBRATION,TARGET_ONLY_COSINE_PROTOTYPE,46,330017,3150,63,0.11047619047619048,0.1009542885943105,0.11047619047619046,0.0,0.1111111111111111,0.10215383178443001,8f8e3f517b42290f847812f49449ed25cb315051ef6017e4c930aaaf3a877c2b
21,3-shot (21 labels),TARGET_ASSISTED_LABELLED_TARGET_CALIBRATION,TARGET_ONLY_COSINE_PROTOTYPE,46,355031,3150,63,0.22285714285714286,0.2026010204228575,0.22285714285714284,0.0,0.2222222222222222,0.2011559696342305,6d870c992a364cf8242718c80b8142ba2744d2d030a339499d918ce479a7883e
21,3-shot (21 labels),TARGET_ASSISTED_LABELLED_TARGET_CALIBRATION,TARGET_ONLY_COSINE_PROTOTYPE,46,380041,3150,63,0.12571428571428572,0.10580176403832675,0.12571428571428572,0.0,0.1111111111111111,0.09274376417233558,d154a7a4cae422d1dd1b955b9d7815674d5d2cd418e50b1e8cdd04bd5eb96777
21,3-shot (21 labels),TARGET_ASSISTED_LABELLED_TARGET_CALIBRATION,TARGET_ONLY_COSINE_PROTOTYPE,46,405019,3150,63,0.15968253968253968,0.1507525908740324,0.15968253968253968,0.0,0.15873015873015872,0.150722104943496,8ded964f037f1b8e630ec9cb4048de638fb3e56bbbe084a213e30ae145224f84
21,3-shot (21 labels),TARGET_ASSISTED_LABELLED_TARGET_CALIBRATION,TARGET_ONLY_COSINE_PROTOTYPE,46,430007,3150,63,0.12666666666666668,0.1340438049294022,0.12666666666666668,0.0018099547511312218,0.12698412698412698,0.1347723704866562,025e72766f193999ce18ae18edba48a3b66ee2db9419ba77b418b16661788635
21,3-shot (21 labels),TARGET_ASSISTED_LABELLED_TARGET_CALIBRATION,TARGET_ONLY_COSINE_PROTOTYPE,46,455003,3150,63,0.11142857142857143,0.10383363107022846,0.11142857142857143,0.0,0.1111111111111111,0.10521147589470571,31960d91b658222801b02426f5b60d84f47969d3f4f80ed46c80ee8881fd8237
21,3-shot (21 labels),TARGET_ASSISTED_LABELLED_TARGET_CALIBRATION,TARGET_ONLY_COSINE_PROTOTYPE,46,480017,3150,63,0.12825396825396826,0.11750516133246605,0.12825396825396823,0.007741935483870968,0.12698412698412698,0.1137218045112782,8326391c56f403be125c0941c839f4af63484984ce5b0e36c89914ef957427c2
21,3-shot (21 labels),TARGET_ASSISTED_LABELLED_TARGET_CALIBRATION,TARGET_ONLY_COSINE_PROTOTYPE,46,505027,3150,63,0.11396825396825397,0.07975012154601235,0.11396825396825397,0.0,0.1111111111111111,0.07656629085200514,f8de0a97d28cb2645b32b036f4263fdcc7a704ff02720dcef2a18f8fa08ce453
21,3-shot (21 labels),TARGET_ASSISTED_LABELLED_TARGET_CALIBRATION,TARGET_ONLY_COSINE_PROTOTYPE,46,530017,3150,63,0.14285714285714285,0.12652377148212665,0.14285714285714285,0.0,0.14285714285714285,0.12731268731268733,c3e17e527cb209cb45798e74cd1a3a6d6e702c44de7b41c9f878e0cf8d165d67
21,3-shot (21 labels),TARGET_ASSISTED_LABELLED_TARGET_CALIBRATION,TARGET_ONLY_COSINE_PROTOTYPE,46,555029,3150,63,0.12761904761904763,0.11338805751346895,0.1276190476190476,0.0,0.12698412698412698,0.112708719851577,6ec5d568d30dee08e640ce2c1dbb967bf9e8d617102b8b34279b1612f4f0e860
21,3-shot (21 labels),TARGET_ASSISTED_LABELLED_TARGET_CALIBRATION,TARGET_ONLY_COSINE_PROTOTYPE,46,580031,3150,63,0.1742857142857143,0.15128465584273312,0.17428571428571432,0.0,0.1746031746031746,0.15164188752424046,ee3f972c4e5ac665e8993ab962f022e3264508130a9f7da845ce4787255c4dd5
35,5-shot (35 labels),TARGET_ASSISTED_LABELLED_TARGET_CALIBRATION,TARGET_ONLY_COSINE_PROTOTYPE,42,104729,3150,63,0.1253968253968254,0.10639449911279518,0.1253968253968254,0.0,0.12698412698412698,0.10629251700680273,f865bf2f20f83c6315b27df46456d918ed41cdc6a7d0fc821b1b785b996f9e88
35,5-shot (35 labels),TARGET_ASSISTED_LABELLED_TARGET_CALIBRATION,TARGET_ONLY_COSINE_PROTOTYPE,42,130363,3150,63,0.10984126984126984,0.08642927601782249,0.10984126984126984,0.0,0.1111111111111111,0.0844969566774078,fdc5fc955a493defe03f051f7ee98b5e0cc3dd4faee465db9ab2e727858569be
35,5-shot (35 labels),TARGET_ASSISTED_LABELLED_TARGET_CALIBRATION,TARGET_ONLY_COSINE_PROTOTYPE,42,155921,3150,63,0.08158730158730158,0.07541345616207037,0.08158730158730158,0.0,0.07936507936507936,0.0728559366330264,dce37f5dadb5603e583ee7981679c2c34cf7c9887dc822de54ed7eb858399a07
35,5-shot (35 labels),TARGET_ASSISTED_LABELLED_TARGET_CALIBRATION,TARGET_ONLY_COSINE_PROTOTYPE,42,181081,3150,63,0.09523809523809523,0.09306214225652987,0.09523809523809523,0.0,0.09523809523809523,0.09275934935377661,eb03b4dd869bd733b6b64a7fc49d318dd6a92337bc741abfe0dd855cdce5883a
35,5-shot (35 labels),TARGET_ASSISTED_LABELLED_TARGET_CALIBRATION,TARGET_ONLY_COSINE_PROTOTYPE,42,205439,3150,63,0.11015873015873016,0.10021678897280233,0.11015873015873015,0.0,0.1111111111111111,0.10119047619047618,74703459f6f169d2980e08698baded85aba3572b0328d43338b9314246957ca3
35,5-shot (35 labels),TARGET_ASSISTED_LABELLED_TARGET_CALIBRATION,TARGET_ONLY_COSINE_PROTOTYPE,42,230003,3150,63,0.1415873015873016,0.12465865809610718,0.1415873015873016,0.0,0.14285714285714285,0.12372200342125153,be824ec347b2bfd844eceae40cd90d11b3b90df2d639d37514539e282e0b2726
35,5-shot (35 labels),TARGET_ASSISTED_LABELLED_TARGET_CALIBRATION,TARGET_ONLY_COSINE_PROTOTYPE,42,254959,3150,63,0.09587301587301587,0.09142852267299893,0.09587301587301587,0.0,0.09523809523809523,0.08944133208839092,b54e9c1f0ae5ec02338e554618fbab72a345f3d4f4c8c08129a6110c7c8936da
35,5-shot (35 labels),TARGET_ASSISTED_LABELLED_TARGET_CALIBRATION,TARGET_ONLY_COSINE_PROTOTYPE,42,280001,3150,63,0.09301587301587301,0.08397964539698795,0.09301587301587301,0.0,0.09523809523809523,0.08551378446115288,5f43f1b5473047e82148c360c4ac48c16f579346900895f85e9dac31af7805d6
35,5-shot (35 labels),TARGET_ASSISTED_LABELLED_TARGET_CALIBRATION,TARGET_ONLY_COSINE_PROTOTYPE,42,305093,3150,63,0.12634920634920635,0.11993868752220571,0.12634920634920635,0.0,0.12698412698412698,0.12063492063492062,73b5c9185b557e62fee482c262306425a8201615226654baecdfd7a612e1ea50
35,5-shot (35 labels),TARGET_ASSISTED_LABELLED_TARGET_CALIBRATION,TARGET_ONLY_COSINE_PROTOTYPE,42,330017,3150,63,0.10666666666666667,0.09968033102193585,0.10666666666666666,0.0,0.09523809523809523,0.09041075595392421,178059b4dcb674be82edb7c554a41163dec538315ee42cc82fe03cb876acdef3
35,5-shot (35 labels),TARGET_ASSISTED_LABELLED_TARGET_CALIBRATION,TARGET_ONLY_COSINE_PROTOTYPE,42,355031,3150,63,0.14317460317460318,0.14094704371043548,0.14317460317460315,0.0,0.14285714285714285,0.14105436224833182,5bb485ac4c4bd2aaadd6a722a6c4cba82e13700160cd3b709e557c813c5a3862
35,5-shot (35 labels),TARGET_ASSISTED_LABELLED_TARGET_CALIBRATION,TARGET_ONLY_COSINE_PROTOTYPE,42,380041,3150,63,0.0838095238095238,0.07814400326776526,0.0838095238095238,0.0,0.07936507936507936,0.07327731092436975,9dd63da6612cd42b7269f8b4a3a7d9ee76a5b0b4fbde6f823d283c9e1e7c631e
35,5-shot (35 labels),TARGET_ASSISTED_LABELLED_TARGET_CALIBRATION,TARGET_ONLY_COSINE_PROTOTYPE,42,405019,3150,63,0.09492063492063492,0.08193623524077853,0.09492063492063492,0.0,0.09523809523809523,0.08134722420436706,7bd02071ba1e837fa099a5f589a16436c360819c9399e67115361274432e7ba2
35,5-shot (35 labels),TARGET_ASSISTED_LABELLED_TARGET_CALIBRATION,TARGET_ONLY_COSINE_PROTOTYPE,42,430007,3150,63,0.09396825396825396,0.0877593225107356,0.09396825396825396,0.0,0.09523809523809523,0.08827120591826475,022ec322a52cc7c5da1feae50867324314e8e13f1757b1e1dd6d8f9a365d8d06
35,5-shot (35 labels),TARGET_ASSISTED_LABELLED_TARGET_CALIBRATION,TARGET_ONLY_COSINE_PROTOTYPE,42,455003,3150,63,0.08126984126984127,0.0767522844994012,0.08126984126984127,0.0,0.07936507936507936,0.07460723419802703,4fde6b2fb61045fca0e5401b7009ff15823018de65529a92f9bc762ded37493c
35,5-shot (35 labels),TARGET_ASSISTED_LABELLED_TARGET_CALIBRATION,TARGET_ONLY_COSINE_PROTOTYPE,42,480017,3150,63,0.09492063492063492,0.09376161525150042,0.09492063492063492,0.0,0.09523809523809523,0.09263220439691026,ec6b1a27358428610802e1fa0f05a67fa0fbd6929a7814600e6d2bfd1096fa9a
35,5-shot (35 labels),TARGET_ASSISTED_LABELLED_TARGET_CALIBRATION,TARGET_ONLY_COSINE_PROTOTYPE,42,505027,3150,63,0.1126984126984127,0.11750326749631212,0.1126984126984127,0.0,0.1111111111111111,0.11629318394024277,9772b32e9d6db9208edf62b2d288a8e9e319247457ad4ab7106c2be464e8e122
35,5-shot (35 labels),TARGET_ASSISTED_LABELLED_TARGET_CALIBRATION,TARGET_ONLY_COSINE_PROTOTYPE,42,530017,3150,63,0.14317460317460318,0.12643335651168353,0.1431746031746032,0.0,0.14285714285714285,0.12534207622442917,20f598142ea6c49650465fa531b163a7553b8fb363e2b3a45c75d53b66282aca
35,5-shot (35 labels),TARGET_ASSISTED_LABELLED_TARGET_CALIBRATION,TARGET_ONLY_COSINE_PROTOTYPE,42,555029,3150,63,0.11365079365079366,0.09716657559004716,0.11365079365079366,0.0,0.1111111111111111,0.09385281385281385,55011a2f22e308a109eec6432434576a8b187a41d3f9bcaf9b9e804ea1bfde57
35,5-shot (35 labels),TARGET_ASSISTED_LABELLED_TARGET_CALIBRATION,TARGET_ONLY_COSINE_PROTOTYPE,42,580031,3150,63,0.19015873015873017,0.16728290100761495,0.19015873015873017,0.0,0.19047619047619047,0.16761913942365073,83966362083f320ad6ce55ff905afeb3e57a3c6e15292b84a70b4b00292476e5
35,5-shot (35 labels),TARGET_ASSISTED_LABELLED_TARGET_CALIBRATION,TARGET_ONLY_COSINE_PROTOTYPE,43,104729,3150,63,0.14063492063492064,0.13119457077219202,0.14063492063492064,0.0,0.12698412698412698,0.11878751500600239,7c9a4cfae633238eab967772d9d906819a01691d48bf7fc864aa73e96adf5cd3
35,5-shot (35 labels),TARGET_ASSISTED_LABELLED_TARGET_CALIBRATION,TARGET_ONLY_COSINE_PROTOTYPE,43,130363,3150,63,0.17777777777777778,0.16401745302174997,0.17777777777777776,0.0,0.1746031746031746,0.1618914418914419,96c6951c38063921bfd7a307c2bb0cac96a2b1b580345a76e863f33bdbd00c28
35,5-shot (35 labels),TARGET_ASSISTED_LABELLED_TARGET_CALIBRATION,TARGET_ONLY_COSINE_PROTOTYPE,43,155921,3150,63,0.14539682539682539,0.13519745900952418,0.1453968253968254,0.0,0.14285714285714285,0.13325693913929207,05727c01e4b6b1c1c4dc97e795dbd1dd4e808375fc3a35899eedc03db89093d6
35,5-shot (35 labels),TARGET_ASSISTED_LABELLED_TARGET_CALIBRATION,TARGET_ONLY_COSINE_PROTOTYPE,43,181081,3150,63,0.12825396825396826,0.1293794702466302,0.12825396825396826,0.0,0.12698412698412698,0.12848788638262323,8156adde29630475e6519cdd77e6f305a4d4c9ead97091106d24e5a761b49b6b
35,5-shot (35 labels),TARGET_ASSISTED_LABELLED_TARGET_CALIBRATION,TARGET_ONLY_COSINE_PROTOTYPE,43,205439,3150,63,0.10793650793650794,0.08768562529118053,0.10793650793650793,0.0,0.1111111111111111,0.09034536891679748,eeba701fc28478778b980240189b76289a1ed42159898bd1a2842f5193b03d9a
35,5-shot (35 labels),TARGET_ASSISTED_LABELLED_TARGET_CALIBRATION,TARGET_ONLY_COSINE_PROTOTYPE,43,230003,3150,63,0.16412698412698412,0.1479713479324391,0.16412698412698412,0.0,0.15873015873015872,0.14307992202729045,96e4f8c8bd26c4b7c5c2a038e4368de0200267a540f2b3cc20dd890b8bde1e3b
35,5-shot (35 labels),TARGET_ASSISTED_LABELLED_TARGET_CALIBRATION,TARGET_ONLY_COSINE_PROTOTYPE,43,254959,3150,63,0.1288888888888889,0.13048997155932054,0.1288888888888889,0.0,0.12698412698412698,0.12999164578111946,dcbfbfbd311b03e29f93925b36833325cb81efee371469ada4e7836f0175d147
35,5-shot (35 labels),TARGET_ASSISTED_LABELLED_TARGET_CALIBRATION,TARGET_ONLY_COSINE_PROTOTYPE,43,280001,3150,63,0.21968253968253967,0.20663471548243612,0.2196825396825397,0.0,0.2222222222222222,0.20881642512077292,da13dc1577a70fab76a6a91fb38b6a9cecaf753f9d1976295dbce7454d8e8097
35,5-shot (35 labels),TARGET_ASSISTED_LABELLED_TARGET_CALIBRATION,TARGET_ONLY_COSINE_PROTOTYPE,43,305093,3150,63,0.16031746031746033,0.15946861676010118,0.16031746031746033,0.0,0.15873015873015872,0.15865901016276956,a890ec60f9d0eed0c890d87c0ff84760ce32c35977115708347565418e8ee06f
35,5-shot (35 labels),TARGET_ASSISTED_LABELLED_TARGET_CALIBRATION,TARGET_ONLY_COSINE_PROTOTYPE,43,330017,3150,63,0.09079365079365079,0.09080020103204868,0.09079365079365079,0.0,0.09523809523809523,0.0967032967032967,850f901f5f313b305659a755b34185ee16b22c11f93ffdfac2daa1d1c8c68e0f
35,5-shot (35 labels),TARGET_ASSISTED_LABELLED_TARGET_CALIBRATION,TARGET_ONLY_COSINE_PROTOTYPE,43,355031,3150,63,0.09333333333333334,0.08148876759709398,0.09333333333333335,0.0,0.09523809523809523,0.08233510795622598,6bb155ee97de161c02987a03dccc549eff8f946d3b32f36ec313b95b2a88883e
35,5-shot (35 labels),TARGET_ASSISTED_LABELLED_TARGET_CALIBRATION,TARGET_ONLY_COSINE_PROTOTYPE,43,380041,3150,63,0.14984126984126983,0.14248090576602906,0.14984126984126986,0.0,0.15873015873015872,0.1511971860269074,ec8f25b34e27b36dd69ca455ee08f72bc292954a686abc464562848b0ccb52f8
35,5-shot (35 labels),TARGET_ASSISTED_LABELLED_TARGET_CALIBRATION,TARGET_ONLY_COSINE_PROTOTYPE,43,405019,3150,63,0.1273015873015873,0.12269790866186349,0.1273015873015873,0.0,0.12698412698412698,0.12164339419978518,09ee1dfe601bb76a980190ce0a5ac15c83a49ee68887228f4a79f9a243815ae0
35,5-shot (35 labels),TARGET_ASSISTED_LABELLED_TARGET_CALIBRATION,TARGET_ONLY_COSINE_PROTOTYPE,43,430007,3150,63,0.12412698412698413,0.12666012768275917,0.12412698412698411,0.0,0.12698412698412698,0.12832940193621306,fac9e7f73d30e3e49047914de1f846b08a80c44d9a47464a76a325e19efae8af
35,5-shot (35 labels),TARGET_ASSISTED_LABELLED_TARGET_CALIBRATION,TARGET_ONLY_COSINE_PROTOTYPE,43,455003,3150,63,0.1568253968253968,0.14970613821281026,0.15682539682539684,0.0,0.15873015873015872,0.1511218645230145,27bf77b960427daac94715c29960ba2faf816238c2810b7273a4edcf7e2d8a76
35,5-shot (35 labels),TARGET_ASSISTED_LABELLED_TARGET_CALIBRATION,TARGET_ONLY_COSINE_PROTOTYPE,43,480017,3150,63,0.09650793650793651,0.08138219635403711,0.09650793650793651,0.0,0.09523809523809523,0.07916789904367542,fe1b450e774045eea168aa9ccaf758ad088e076bc92c574789256e027b89e780
35,5-shot (35 labels),TARGET_ASSISTED_LABELLED_TARGET_CALIBRATION,TARGET_ONLY_COSINE_PROTOTYPE,43,505027,3150,63,0.14222222222222222,0.13707386144320863,0.14222222222222222,0.0,0.14285714285714285,0.13771726081737043,bec7e5c793d57e5691d1d0c2b08ba7516522dd34dad431ae1120272f7d15f034
35,5-shot (35 labels),TARGET_ASSISTED_LABELLED_TARGET_CALIBRATION,TARGET_ONLY_COSINE_PROTOTYPE,43,530017,3150,63,0.12158730158730159,0.11406809647602943,0.12158730158730158,0.0,0.12698412698412698,0.11854937363081124,84a3d7e08fb5214700c5adfbabebcf255229bf3a440468033681568cd262646f
35,5-shot (35 labels),TARGET_ASSISTED_LABELLED_TARGET_CALIBRATION,TARGET_ONLY_COSINE_PROTOTYPE,43,555029,3150,63,0.12349206349206349,0.09651006095020777,0.1234920634920635,0.0,0.12698412698412698,0.09764691829909222,6cba9c8924284cd5507ee4ba6b7447c43112da771b7ba38e8779544f42250620
35,5-shot (35 labels),TARGET_ASSISTED_LABELLED_TARGET_CALIBRATION,TARGET_ONLY_COSINE_PROTOTYPE,43,580031,3150,63,0.12285714285714286,0.12124033888603343,0.12285714285714286,0.0,0.12698412698412698,0.12467532467532468,add9d1ad099b478d409df9ba7b14ae4d788d4b52abd983e77547358229e2e3e1
35,5-shot (35 labels),TARGET_ASSISTED_LABELLED_TARGET_CALIBRATION,TARGET_ONLY_COSINE_PROTOTYPE,44,104729,3150,63,0.15555555555555556,0.14747581312873922,0.15555555555555559,0.0,0.15873015873015872,0.14894957983193277,20ca9b41f27e4cec6e3dfb0004442c53e8d8d5bfdbacca2ccd7113e0b7ccb2e5
35,5-shot (35 labels),TARGET_ASSISTED_LABELLED_TARGET_CALIBRATION,TARGET_ONLY_COSINE_PROTOTYPE,44,130363,3150,63,0.15333333333333332,0.149107999718444,0.15333333333333332,0.0,0.15873015873015872,0.15250961628670606,fc16268734d819ce23b13a6a8c3f5b76337ac5aa4f83e285b38b0bb489832590
35,5-shot (35 labels),TARGET_ASSISTED_LABELLED_TARGET_CALIBRATION,TARGET_ONLY_COSINE_PROTOTYPE,44,155921,3150,63,0.07587301587301587,0.07582785848873622,0.07587301587301587,0.0,0.07936507936507936,0.0822954822954823,03c67918b0f3752731b909b4a6dbdd87ac7905a83e1c07bc840485e2c85a8b95
35,5-shot (35 labels),TARGET_ASSISTED_LABELLED_TARGET_CALIBRATION,TARGET_ONLY_COSINE_PROTOTYPE,44,181081,3150,63,0.16476190476190475,0.15974791086967327,0.16476190476190475,0.02112676056338028,0.15873015873015872,0.1523014697869995,6be5951e3441596a893fc534a6967f49de0f42cb5f9dad0cc43437fa73f1bf02
35,5-shot (35 labels),TARGET_ASSISTED_LABELLED_TARGET_CALIBRATION,TARGET_ONLY_COSINE_PROTOTYPE,44,205439,3150,63,0.13174603174603175,0.13439024378758052,0.13174603174603175,0.0,0.14285714285714285,0.14475123382686408,433d5525c2326c733e9a253e23cc66aff63f7e666d257802878fa75080dc88a1
35,5-shot (35 labels),TARGET_ASSISTED_LABELLED_TARGET_CALIBRATION,TARGET_ONLY_COSINE_PROTOTYPE,44,230003,3150,63,0.14253968253968255,0.12750686749354292,0.14253968253968255,0.0,0.14285714285714285,0.12639553429027114,cb5632fe4d11c364ff18269f475eb0c3866c009f0e0959a0b0f9e72252174685
35,5-shot (35 labels),TARGET_ASSISTED_LABELLED_TARGET_CALIBRATION,TARGET_ONLY_COSINE_PROTOTYPE,44,254959,3150,63,0.12031746031746032,0.11293297511187575,0.12031746031746031,0.0,0.12698412698412698,0.11860902255639097,5b5e00d2a48f66df76000f128043f1253a79bcd64216ab7857ef0e69aa44c7ac
35,5-shot (35 labels),TARGET_ASSISTED_LABELLED_TARGET_CALIBRATION,TARGET_ONLY_COSINE_PROTOTYPE,44,280001,3150,63,0.16793650793650794,0.1546962988621199,0.1679365079365079,0.0,0.1746031746031746,0.1617001873213053,2f4fb4ec6be49ad88a96af2460a727251281e56f1945a6aca857f24f8421a9be
35,5-shot (35 labels),TARGET_ASSISTED_LABELLED_TARGET_CALIBRATION,TARGET_ONLY_COSINE_PROTOTYPE,44,305093,3150,63,0.15523809523809523,0.1558893942891033,0.15523809523809523,0.006369426751592357,0.15873015873015872,0.15834212472867934,9f682bf0e21c9e52a47816496ea3f1b0860da9b40031a52f77e5f8da315ee335
35,5-shot (35 labels),TARGET_ASSISTED_LABELLED_TARGET_CALIBRATION,TARGET_ONLY_COSINE_PROTOTYPE,44,330017,3150,63,0.07650793650793651,0.06961444698354134,0.07650793650793651,0.0,0.07936507936507936,0.0718101733447002,ab5e6c53008e8b8aa34449663982644a205385e36a7dbbc0e479ad98f0076615
35,5-shot (35 labels),TARGET_ASSISTED_LABELLED_TARGET_CALIBRATION,TARGET_ONLY_COSINE_PROTOTYPE,44,355031,3150,63,0.1511111111111111,0.1486052476959591,0.1511111111111111,0.0,0.15873015873015872,0.1541733120680489,2bfd24dbf9450735f4f10dc6d0e2f683f5e733526e717372ce8d6438246fd353
35,5-shot (35 labels),TARGET_ASSISTED_LABELLED_TARGET_CALIBRATION,TARGET_ONLY_COSINE_PROTOTYPE,44,380041,3150,63,0.12063492063492064,0.11496328048152475,0.12063492063492062,0.0,0.12698412698412698,0.1207070707070707,4fe5fe8b1c70c549e930b49c1b6de6e9aa6f2a82908262bb966466c42ad1ff32
35,5-shot (35 labels),TARGET_ASSISTED_LABELLED_TARGET_CALIBRATION,TARGET_ONLY_COSINE_PROTOTYPE,44,405019,3150,63,0.12603174603174602,0.11555127163581479,0.12603174603174602,0.0,0.12698412698412698,0.11460469355206196,b83dde7ea1951b39507803d6b467b6b4fe4eed95b426912bc54075ea206db880
35,5-shot (35 labels),TARGET_ASSISTED_LABELLED_TARGET_CALIBRATION,TARGET_ONLY_COSINE_PROTOTYPE,44,430007,3150,63,0.1253968253968254,0.1213488656580582,0.1253968253968254,0.0,0.12698412698412698,0.12222222222222223,e674830f9fbee9d57af73070707987b24f65b50fce90bb369adec82706f2f87c
35,5-shot (35 labels),TARGET_ASSISTED_LABELLED_TARGET_CALIBRATION,TARGET_ONLY_COSINE_PROTOTYPE,44,455003,3150,63,0.16793650793650794,0.16907525566217463,0.1679365079365079,0.016877637130801686,0.1746031746031746,0.17665651336785695,49d0e8b163e63c77696f25617c5c8db9ff2e70510d888fcf12d80607f6f5f779
35,5-shot (35 labels),TARGET_ASSISTED_LABELLED_TARGET_CALIBRATION,TARGET_ONLY_COSINE_PROTOTYPE,44,480017,3150,63,0.16158730158730158,0.15573689531902285,0.16158730158730156,0.0,0.15873015873015872,0.1524343070561558,dd040b1745cd97158a0a1810db0381e9d356708e0dcadb8adc677569ad6a993f
35,5-shot (35 labels),TARGET_ASSISTED_LABELLED_TARGET_CALIBRATION,TARGET_ONLY_COSINE_PROTOTYPE,44,505027,3150,63,0.19936507936507936,0.2096719066726384,0.19936507936507938,0.0196078431372549,0.20634920634920634,0.21632653061224488,d6a5c874a22a04d5551ba22441c348b1b1a76ab39c71f328fdf9876f3ddd5c5e
35,5-shot (35 labels),TARGET_ASSISTED_LABELLED_TARGET_CALIBRATION,TARGET_ONLY_COSINE_PROTOTYPE,44,530017,3150,63,0.12412698412698413,0.12557881753355563,0.12412698412698411,0.0,0.12698412698412698,0.12810503536038603,3a39f203200fff386b4f07a02702906f6caf4a6b3f0474d2a4902cb2d85b50d1
35,5-shot (35 labels),TARGET_ASSISTED_LABELLED_TARGET_CALIBRATION,TARGET_ONLY_COSINE_PROTOTYPE,44,555029,3150,63,0.15428571428571428,0.15096474983688668,0.1542857142857143,0.0,0.15873015873015872,0.15417756846328276,7fa654cac691147c7b9cdb118e5bb56a6544eb87dde5a6f20fcb24307efd9efc
35,5-shot (35 labels),TARGET_ASSISTED_LABELLED_TARGET_CALIBRATION,TARGET_ONLY_COSINE_PROTOTYPE,44,580031,3150,63,0.13206349206349208,0.12480820252638827,0.13206349206349205,0.0,0.12698412698412698,0.12003783969728242,e79e662475ce382ecf1ab3f79fe30ff7a3b8bad6d738620e7feff8c4de66da79
35,5-shot (35 labels),TARGET_ASSISTED_LABELLED_TARGET_CALIBRATION,TARGET_ONLY_COSINE_PROTOTYPE,45,104729,3150,63,0.1273015873015873,0.11208575722006302,0.1273015873015873,0.0,0.12698412698412698,0.11179386115447495,588790c6e9900c3a0f6d3c5e3a87ccaf12c16647b89f56e5bdb37f27631243bf
35,5-shot (35 labels),TARGET_ASSISTED_LABELLED_TARGET_CALIBRATION,TARGET_ONLY_COSINE_PROTOTYPE,45,130363,3150,63,0.15873015873015872,0.13065029897554484,0.15873015873015875,0.0,0.15873015873015872,0.1284411200377587,502229f08f7d8763c53d04060b27d3b8eaa6d49891b1caba2667438e74675cc9
35,5-shot (35 labels),TARGET_ASSISTED_LABELLED_TARGET_CALIBRATION,TARGET_ONLY_COSINE_PROTOTYPE,45,155921,3150,63,0.12603174603174602,0.1260753138873245,0.12603174603174602,0.0023391812865497076,0.12698412698412698,0.12678053677611395,b78c0e3f91e87c556b1311c9ff77b59fb5989a6721f092ac6410c4ff7c311cc5
35,5-shot (35 labels),TARGET_ASSISTED_LABELLED_TARGET_CALIBRATION,TARGET_ONLY_COSINE_PROTOTYPE,45,181081,3150,63,0.18253968253968253,0.17456542525393245,0.18253968253968253,0.0,0.19047619047619047,0.18335292011541457,322e11a1a6165b39f9a97c313623b5b0bb096f76b7bf00b290d1fea71f2742a1
35,5-shot (35 labels),TARGET_ASSISTED_LABELLED_TARGET_CALIBRATION,TARGET_ONLY_COSINE_PROTOTYPE,45,205439,3150,63,0.11301587301587301,0.09889107270706309,0.11301587301587303,0.0,0.1111111111111111,0.09504091491669131,5784bc5c38f43b10d68e7b404bb8b992a3b6a6cda90720e72734b1a33982c595
35,5-shot (35 labels),TARGET_ASSISTED_LABELLED_TARGET_CALIBRATION,TARGET_ONLY_COSINE_PROTOTYPE,45,230003,3150,63,0.1380952380952381,0.11192339270562593,0.13809523809523808,0.0,0.14285714285714285,0.11517897307370992,7b36efc321f8edb89e723bc60d9518b1414f5e239ae0449d2d13f37f3664e5ff
35,5-shot (35 labels),TARGET_ASSISTED_LABELLED_TARGET_CALIBRATION,TARGET_ONLY_COSINE_PROTOTYPE,45,254959,3150,63,0.15714285714285714,0.13181365945091242,0.1571428571428571,0.0,0.15873015873015872,0.13341746172544397,c93f866ec67997f0dd797f7a80e60b94b669052bf976505f4f09b80ea7a1449c
35,5-shot (35 labels),TARGET_ASSISTED_LABELLED_TARGET_CALIBRATION,TARGET_ONLY_COSINE_PROTOTYPE,45,280001,3150,63,0.14952380952380953,0.13481772047577342,0.14952380952380953,0.0,0.14285714285714285,0.12789811576804636,efc52e23f4816ca28d593cf714a3482d92601f2547515124bf25cf50b10372ef
35,5-shot (35 labels),TARGET_ASSISTED_LABELLED_TARGET_CALIBRATION,TARGET_ONLY_COSINE_PROTOTYPE,45,305093,3150,63,0.14095238095238094,0.12368616081885699,0.14095238095238094,0.0,0.14285714285714285,0.12552051123479696,b5e9ec9cf0aaa082295d8ef25d1f66066ee30e132983583049c7db376ad7780e
35,5-shot (35 labels),TARGET_ASSISTED_LABELLED_TARGET_CALIBRATION,TARGET_ONLY_COSINE_PROTOTYPE,45,330017,3150,63,0.10761904761904761,0.0947953636941538,0.10761904761904763,0.0,0.1111111111111111,0.09662489557226397,0c6c07cb9031e144bcb54d6f7b0e43edb00d389267bb63804acae53c764ea50e
35,5-shot (35 labels),TARGET_ASSISTED_LABELLED_TARGET_CALIBRATION,TARGET_ONLY_COSINE_PROTOTYPE,45,355031,3150,63,0.18063492063492065,0.1760585436471794,0.18063492063492062,0.0,0.19047619047619047,0.1847653554175293,6d9ebf7df1418e0bb975c7b21ec300ce7937f8f84873664399ec2ebf58f4d160
35,5-shot (35 labels),TARGET_ASSISTED_LABELLED_TARGET_CALIBRATION,TARGET_ONLY_COSINE_PROTOTYPE,45,380041,3150,63,0.14952380952380953,0.12532190069498853,0.14952380952380953,0.0,0.14285714285714285,0.11734263194217429,4ef611670b884358b1f815cdd631840270f7325f8f75c1a386f82d28f88d3de3
35,5-shot (35 labels),TARGET_ASSISTED_LABELLED_TARGET_CALIBRATION,TARGET_ONLY_COSINE_PROTOTYPE,45,405019,3150,63,0.10063492063492063,0.09024485731191886,0.10063492063492062,0.0,0.09523809523809523,0.08619447779111644,65d60058563553993c667770534e81dff70279300b400f3ab67aaddf74681a20
35,5-shot (35 labels),TARGET_ASSISTED_LABELLED_TARGET_CALIBRATION,TARGET_ONLY_COSINE_PROTOTYPE,45,430007,3150,63,0.15206349206349207,0.13679555318453748,0.15206349206349207,0.0,0.15873015873015872,0.1448637934706046,f2ad1acdf5b44123017ebc740a427e8d79fb64b569e8daace572b5f7a49d2805
35,5-shot (35 labels),TARGET_ASSISTED_LABELLED_TARGET_CALIBRATION,TARGET_ONLY_COSINE_PROTOTYPE,45,455003,3150,63,0.1511111111111111,0.14391387159957578,0.1511111111111111,0.0,0.15873015873015872,0.15275328632250348,c8d2332b2294a16a4abde47439fc601e140bf828f98ad4cb8fdaf177cd1bdc2e
35,5-shot (35 labels),TARGET_ASSISTED_LABELLED_TARGET_CALIBRATION,TARGET_ONLY_COSINE_PROTOTYPE,45,480017,3150,63,0.1365079365079365,0.11763575724947599,0.13650793650793652,0.0,0.12698412698412698,0.10972345459923101,0414ba14e4d40d0565cf2aafce7ce03b35a724c186afaa0c5a96a7fcc6342e7d
35,5-shot (35 labels),TARGET_ASSISTED_LABELLED_TARGET_CALIBRATION,TARGET_ONLY_COSINE_PROTOTYPE,45,505027,3150,63,0.19428571428571428,0.19801762235830206,0.19428571428571426,0.0,0.20634920634920634,0.21082706766917297,be73c415a5cd380a08130f1ff21f64333422d60379f5c769b239f8aa267926a8
35,5-shot (35 labels),TARGET_ASSISTED_LABELLED_TARGET_CALIBRATION,TARGET_ONLY_COSINE_PROTOTYPE,45,530017,3150,63,0.09936507936507936,0.09166544387559195,0.09936507936507935,0.0,0.09523809523809523,0.08766233766233766,7803394883a59962f06e963fdd31c02969b69328c17ccb17ef86a9f881601a93
35,5-shot (35 labels),TARGET_ASSISTED_LABELLED_TARGET_CALIBRATION,TARGET_ONLY_COSINE_PROTOTYPE,45,555029,3150,63,0.13238095238095238,0.11444909591309661,0.13238095238095235,0.0,0.12698412698412698,0.1073817486860965,f275fac71800d09ed4226e11d725ba0b40c94579d56bf9b8362c49d96b6b9965
35,5-shot (35 labels),TARGET_ASSISTED_LABELLED_TARGET_CALIBRATION,TARGET_ONLY_COSINE_PROTOTYPE,45,580031,3150,63,0.13365079365079366,0.1143484084141823,0.13365079365079363,0.0,0.14285714285714285,0.12458461645527776,3f5a6ea9ec92cf3292406d3da5fe9427b5a457c6a585bb0e0d27d47860ea2741
35,5-shot (35 labels),TARGET_ASSISTED_LABELLED_TARGET_CALIBRATION,TARGET_ONLY_COSINE_PROTOTYPE,46,104729,3150,63,0.12444444444444444,0.1032896354502719,0.12444444444444444,0.0,0.12698412698412698,0.10557509717173583,30f8322d9f7c7e834d64565183bdba81d73f4072dc690871f39b2e8cefdd1622
35,5-shot (35 labels),TARGET_ASSISTED_LABELLED_TARGET_CALIBRATION,TARGET_ONLY_COSINE_PROTOTYPE,46,130363,3150,63,0.1523809523809524,0.13221247357834073,0.15238095238095242,0.0,0.14285714285714285,0.12130698433219442,7e8343c5cbdd9a2eb65f6ddef05b931e066170abcfc6bf55b11bd90d3b527d90
35,5-shot (35 labels),TARGET_ASSISTED_LABELLED_TARGET_CALIBRATION,TARGET_ONLY_COSINE_PROTOTYPE,46,155921,3150,63,0.11015873015873016,0.10882020399330088,0.11015873015873016,0.0,0.1111111111111111,0.10866213151927437,e28d18c124c53464503c1a8460947dddfd944a9fbcaef0cfdcda077a3a7f7fa6
35,5-shot (35 labels),TARGET_ASSISTED_LABELLED_TARGET_CALIBRATION,TARGET_ONLY_COSINE_PROTOTYPE,46,181081,3150,63,0.1111111111111111,0.0806086796896348,0.11111111111111112,0.0,0.1111111111111111,0.08143257302921168,cd748ffdcf39f656e98a233244c6b7ad3ef4d6ba68891401fbbf74e22533777f
35,5-shot (35 labels),TARGET_ASSISTED_LABELLED_TARGET_CALIBRATION,TARGET_ONLY_COSINE_PROTOTYPE,46,205439,3150,63,0.11777777777777777,0.10857107015999055,0.11777777777777777,0.0,0.1111111111111111,0.10491477562684992,b4ae289fc42ac36cfd9bdb94960f613259cc4eb40baeb54c5b37b9eefb9071eb
35,5-shot (35 labels),TARGET_ASSISTED_LABELLED_TARGET_CALIBRATION,TARGET_ONLY_COSINE_PROTOTYPE,46,230003,3150,63,0.1622222222222222,0.13907527724388632,0.16222222222222224,0.0,0.15873015873015872,0.13511720477664751,a8d5629b52ea68719eb97dd95004e4de70d731cddbec9f1808e0a7ea62e045d5
35,5-shot (35 labels),TARGET_ASSISTED_LABELLED_TARGET_CALIBRATION,TARGET_ONLY_COSINE_PROTOTYPE,46,254959,3150,63,0.09365079365079365,0.06152935259131536,0.09365079365079365,0.0,0.09523809523809523,0.06252368321333839,ad3397657e9f62c49994ef39072555476c72f15d081b40b104ded513a87e5157
35,5-shot (35 labels),TARGET_ASSISTED_LABELLED_TARGET_CALIBRATION,TARGET_ONLY_COSINE_PROTOTYPE,46,280001,3150,63,0.15396825396825398,0.12763757219175775,0.15396825396825395,0.0,0.14285714285714285,0.11848850651371659,2e1db126f4a8df32ddb55ec3a74b6b4bed1afa1f8451cb18507040df2acaa6b1
35,5-shot (35 labels),TARGET_ASSISTED_LABELLED_TARGET_CALIBRATION,TARGET_ONLY_COSINE_PROTOTYPE,46,305093,3150,63,0.10666666666666667,0.08026448257088781,0.10666666666666666,0.0,0.1111111111111111,0.08324003582624272,a8f7ab58ad3377b9f49910a87c85c0bd37304ffbd81ed17a33ca25aa761be2a0
35,5-shot (35 labels),TARGET_ASSISTED_LABELLED_TARGET_CALIBRATION,TARGET_ONLY_COSINE_PROTOTYPE,46,330017,3150,63,0.12476190476190477,0.11703830512989977,0.12476190476190475,0.0,0.12698412698412698,0.11936805025040319,e73fc49bf4c6a7ae6e7f9a8c56ffd4f70264dbd4660e06874e5cb5db6fd797b9
35,5-shot (35 labels),TARGET_ASSISTED_LABELLED_TARGET_CALIBRATION,TARGET_ONLY_COSINE_PROTOTYPE,46,355031,3150,63,0.17174603174603176,0.15614372346834834,0.17174603174603176,0.0,0.1746031746031746,0.1586767148330904,e4af92455eeeb1b03fb763e37450783f49847dc7d8fde732e5df76359584a366
35,5-shot (35 labels),TARGET_ASSISTED_LABELLED_TARGET_CALIBRATION,TARGET_ONLY_COSINE_PROTOTYPE,46,380041,3150,63,0.1349206349206349,0.11457710731947071,0.13492063492063494,0.0,0.12698412698412698,0.10579710144927536,b91beb4ed2810460b2ce0768777e7c5a21686e8e424d1c0ea4e86c1285707d26
35,5-shot (35 labels),TARGET_ASSISTED_LABELLED_TARGET_CALIBRATION,TARGET_ONLY_COSINE_PROTOTYPE,46,405019,3150,63,0.1253968253968254,0.10311079463961646,0.1253968253968254,0.0,0.12698412698412698,0.10374149659863945,243c55cba0e52f90fb7970e56234954737ea6dd18fdc00fe847499c215b48225
35,5-shot (35 labels),TARGET_ASSISTED_LABELLED_TARGET_CALIBRATION,TARGET_ONLY_COSINE_PROTOTYPE,46,430007,3150,63,0.09587301587301587,0.06566866068903468,0.09587301587301589,0.0,0.09523809523809523,0.06357927786499215,25ed8d84187ef29760dee080aae928c185aed21db3d7dc778cf46c9f2633ebf4
35,5-shot (35 labels),TARGET_ASSISTED_LABELLED_TARGET_CALIBRATION,TARGET_ONLY_COSINE_PROTOTYPE,46,455003,3150,63,0.0892063492063492,0.07449872533915383,0.0892063492063492,0.0,0.07936507936507936,0.06550802139037433,1788071ee51c31191d572cf02e5fcace5f77259e48b8b632fbf83e7b260e1c2f
35,5-shot (35 labels),TARGET_ASSISTED_LABELLED_TARGET_CALIBRATION,TARGET_ONLY_COSINE_PROTOTYPE,46,480017,3150,63,0.11968253968253968,0.09931490651076404,0.1196825396825397,0.0,0.12698412698412698,0.10866910866910869,b0c6399e12827b53208b02c557c9525c8db675b0ac01c1b56b755e786541e0af
35,5-shot (35 labels),TARGET_ASSISTED_LABELLED_TARGET_CALIBRATION,TARGET_ONLY_COSINE_PROTOTYPE,46,505027,3150,63,0.14095238095238094,0.12436821330132986,0.14095238095238097,0.0,0.14285714285714285,0.12663616171106123,a615d79837f845b322f1c1e467792df005c9d58a36fc50c327ccd96ffd075dbf
35,5-shot (35 labels),TARGET_ASSISTED_LABELLED_TARGET_CALIBRATION,TARGET_ONLY_COSINE_PROTOTYPE,46,530017,3150,63,0.14285714285714285,0.11428982115582888,0.14285714285714285,0.0,0.14285714285714285,0.11409203232485139,75052583a27baa5224fa8b8de744ecc22dcfb7ca765db4531035bf7046ede44a
35,5-shot (35 labels),TARGET_ASSISTED_LABELLED_TARGET_CALIBRATION,TARGET_ONLY_COSINE_PROTOTYPE,46,555029,3150,63,0.11777777777777777,0.09546437492634026,0.11777777777777779,0.0,0.1111111111111111,0.08633271490414349,d6ea87bc07228bee5256f87b06b9fdb8e9532c5ba53aa7e0631379cde738c307
35,5-shot (35 labels),TARGET_ASSISTED_LABELLED_TARGET_CALIBRATION,TARGET_ONLY_COSINE_PROTOTYPE,46,580031,3150,63,0.1111111111111111,0.08186290046638944,0.11111111111111112,0.0,0.1111111111111111,0.08214691712228658,e66688c9655db84eed16a33f4040d5d977064386e39d0fcf7f37985454d065f7
50,50 labels,TARGET_ASSISTED_LABELLED_TARGET_CALIBRATION,TARGET_ONLY_COSINE_PROTOTYPE,42,104729,3150,63,0.09682539682539683,0.08451452212616775,0.09682539682539683,0.0,0.09523809523809523,0.0821283979178716,3aca0530405b09123c2d08d02a479342851476021c4d8b6f71b73fcac86e8c7d
50,50 labels,TARGET_ASSISTED_LABELLED_TARGET_CALIBRATION,TARGET_ONLY_COSINE_PROTOTYPE,42,130363,3150,63,0.10793650793650794,0.09698558671980671,0.10793650793650793,0.0,0.1111111111111111,0.09899749373433583,fa82892559f9e3a2c0e3c1f53cd0a63a9429c8ac61b52c7a9f985fcd167baf04
50,50 labels,TARGET_ASSISTED_LABELLED_TARGET_CALIBRATION,TARGET_ONLY_COSINE_PROTOTYPE,42,155921,3150,63,0.1253968253968254,0.11642661789889007,0.1253968253968254,0.0,0.12698412698412698,0.11753559723484534,2382cc5c864a73a96adaf7917c4a588aa970eb8fbd30ed45541990c955629037
50,50 labels,TARGET_ASSISTED_LABELLED_TARGET_CALIBRATION,TARGET_ONLY_COSINE_PROTOTYPE,42,181081,3150,63,0.15301587301587302,0.13962674383490706,0.15301587301587302,0.0,0.15873015873015872,0.14426497871876023,fbf1b50976b2913c340c4355bb04ba6994d230ce2c659806c1e50a5735a3307e
50,50 labels,TARGET_ASSISTED_LABELLED_TARGET_CALIBRATION,TARGET_ONLY_COSINE_PROTOTYPE,42,205439,3150,63,0.09619047619047619,0.09620836318642532,0.09619047619047619,0.0,0.09523809523809523,0.09468599033816424,6556057cb1dd625a74d7bd23b058128febe05eea5e6208ad9ab0be829224b101
50,50 labels,TARGET_ASSISTED_LABELLED_TARGET_CALIBRATION,TARGET_ONLY_COSINE_PROTOTYPE,42,230003,3150,63,0.14476190476190476,0.12848625846398906,0.14476190476190479,0.0,0.14285714285714285,0.12472510327201403,0c9b84061c2c91c4f063ddd4b3917b4df1169acdf560dcf82a9c8d0a086edba3
50,50 labels,TARGET_ASSISTED_LABELLED_TARGET_CALIBRATION,TARGET_ONLY_COSINE_PROTOTYPE,42,254959,3150,63,0.08317460317460318,0.08043738370008227,0.08317460317460316,0.0,0.07936507936507936,0.07606516290726817,349f5b5d894c83d34b8cbf51055b1d2b1fab1ed69563b01446ba208bd32fdecf
50,50 labels,TARGET_ASSISTED_LABELLED_TARGET_CALIBRATION,TARGET_ONLY_COSINE_PROTOTYPE,42,280001,3150,63,0.11365079365079366,0.11270851935106356,0.11365079365079366,0.0,0.1111111111111111,0.11000716075904046,44358e962b8be299520fb9ec2b6fcff9532a19f0b2db451dc0f9d9f48bccf636
50,50 labels,TARGET_ASSISTED_LABELLED_TARGET_CALIBRATION,TARGET_ONLY_COSINE_PROTOTYPE,42,305093,3150,63,0.11238095238095239,0.1015718621326964,0.11238095238095237,0.0,0.1111111111111111,0.09899749373433583,3eb441bbe096dfd81118d3911caf46dde019517eb20a2362a52fa8feadcbf266
50,50 labels,TARGET_ASSISTED_LABELLED_TARGET_CALIBRATION,TARGET_ONLY_COSINE_PROTOTYPE,42,330017,3150,63,0.07142857142857142,0.07071240465314885,0.07142857142857142,0.0,0.06349206349206349,0.06296992481203008,ee5a8b439be658fc7eb4e090d3550506ea5cd071c82400248dd7990e5bd56dc2
50,50 labels,TARGET_ASSISTED_LABELLED_TARGET_CALIBRATION,TARGET_ONLY_COSINE_PROTOTYPE,42,355031,3150,63,0.11714285714285715,0.11563408748389419,0.11714285714285715,0.0,0.12698412698412698,0.12528860028860028,4b9d52702de269c9f52c4a0a3208bfab536f278edc1fb9baf2c431460fa99cb5
50,50 labels,TARGET_ASSISTED_LABELLED_TARGET_CALIBRATION,TARGET_ONLY_COSINE_PROTOTYPE,42,380041,3150,63,0.09619047619047619,0.09144565894725741,0.09619047619047619,0.0,0.09523809523809523,0.09151667046403889,31929a63aae592d76194741eccc75100724b8fc4923bf9e858c54399e3356fad
50,50 labels,TARGET_ASSISTED_LABELLED_TARGET_CALIBRATION,TARGET_ONLY_COSINE_PROTOTYPE,42,405019,3150,63,0.08761904761904762,0.08152122092189883,0.08761904761904761,0.0,0.09523809523809523,0.0891156462585034,7173949c3004fbcccbbee6f1e59cae67c3ee9ae3632ab7a586426d9cfc68e40d
50,50 labels,TARGET_ASSISTED_LABELLED_TARGET_CALIBRATION,TARGET_ONLY_COSINE_PROTOTYPE,42,430007,3150,63,0.09587301587301587,0.0854371842146092,0.09587301587301587,0.0,0.09523809523809523,0.08357142857142856,d077d26d8f09faee4cce42d55f2f2850f7fbbcb8e4e8c6e9d1f2a7a0f0843a60
50,50 labels,TARGET_ASSISTED_LABELLED_TARGET_CALIBRATION,TARGET_ONLY_COSINE_PROTOTYPE,42,455003,3150,63,0.09365079365079365,0.0868475862354396,0.09365079365079365,0.0,0.09523809523809523,0.08701754385964912,c8fe9c8cd6ee5b6a6c76b9351033e85e7b2f4fa9cbe5257baf006f2724bc021d
50,50 labels,TARGET_ASSISTED_LABELLED_TARGET_CALIBRATION,TARGET_ONLY_COSINE_PROTOTYPE,42,480017,3150,63,0.12634920634920635,0.1165213077560142,0.12634920634920635,0.0,0.12698412698412698,0.11554421768707482,ddbdaed6a0919bc7c6e0d45395d0ca92738ad389891ac6406b8d9bda3ca68709
50,50 labels,TARGET_ASSISTED_LABELLED_TARGET_CALIBRATION,TARGET_ONLY_COSINE_PROTOTYPE,42,505027,3150,63,0.11904761904761904,0.11204994927435734,0.11904761904761904,0.0,0.1111111111111111,0.10138680033416876,b552c553032712b8eab59f0f0d990907fb0a7f9dbec2102d32304a6d6a0294d1
50,50 labels,TARGET_ASSISTED_LABELLED_TARGET_CALIBRATION,TARGET_ONLY_COSINE_PROTOTYPE,42,530017,3150,63,0.10952380952380952,0.10170601383126059,0.10952380952380951,0.0,0.1111111111111111,0.10291638186375028,0a745fc14fd9c14044fd1d66ee17c42fb74e45e952d498c92a47d20efa6fc22c
50,50 labels,TARGET_ASSISTED_LABELLED_TARGET_CALIBRATION,TARGET_ONLY_COSINE_PROTOTYPE,42,555029,3150,63,0.11460317460317461,0.09460142436407026,0.1146031746031746,0.0,0.1111111111111111,0.09040372670807453,334d69aca5b000c6eecc372b3c653a48e60d2c0b46d293f33d5f2faec5db63fe
50,50 labels,TARGET_ASSISTED_LABELLED_TARGET_CALIBRATION,TARGET_ONLY_COSINE_PROTOTYPE,42,580031,3150,63,0.14,0.13318064148675193,0.13999999999999999,0.0,0.14285714285714285,0.13505050505050506,4f3434e83eaf77499bc5bb6f393ed53f42047ce456f7e94f73df365ce5adbde8
50,50 labels,TARGET_ASSISTED_LABELLED_TARGET_CALIBRATION,TARGET_ONLY_COSINE_PROTOTYPE,43,104729,3150,63,0.18412698412698414,0.17090289815155124,0.1841269841269841,0.0070921985815602835,0.19047619047619047,0.17633369137128535,575e1dfd8f38100c6eb28bb6ee807e895226ba7d0cfea5b652bf7426b31d1208
50,50 labels,TARGET_ASSISTED_LABELLED_TARGET_CALIBRATION,TARGET_ONLY_COSINE_PROTOTYPE,43,130363,3150,63,0.2126984126984127,0.19257621638243685,0.2126984126984127,0.0,0.2222222222222222,0.1999725142582285,71b6205107a0ea066a333c1c41425d372d6160d74debd3cdbd8a2b1876df8ed2
50,50 labels,TARGET_ASSISTED_LABELLED_TARGET_CALIBRATION,TARGET_ONLY_COSINE_PROTOTYPE,43,155921,3150,63,0.13523809523809524,0.13150326701265533,0.13523809523809524,0.0,0.12698412698412698,0.1220258438303551,a681f1808b5c4f32606554d35bc19f779cf734c43f677484394246d68030250b
50,50 labels,TARGET_ASSISTED_LABELLED_TARGET_CALIBRATION,TARGET_ONLY_COSINE_PROTOTYPE,43,181081,3150,63,0.13777777777777778,0.12931543379713856,0.13777777777777778,0.0,0.14285714285714285,0.13337868480725623,0c82cb47c560a35172a5e3d12c1b40fcf0fcbf4cd600c76b46f2a29a35b3c023
50,50 labels,TARGET_ASSISTED_LABELLED_TARGET_CALIBRATION,TARGET_ONLY_COSINE_PROTOTYPE,43,205439,3150,63,0.11904761904761904,0.10972000066505919,0.11904761904761905,0.0,0.12698412698412698,0.11487994407249065,fb702e9db9c07ec6d694de5c864cf79a3ef6e1011da4a5a5d6131c216007e744
50,50 labels,TARGET_ASSISTED_LABELLED_TARGET_CALIBRATION,TARGET_ONLY_COSINE_PROTOTYPE,43,230003,3150,63,0.1796825396825397,0.1690411568000655,0.17968253968253967,0.0,0.19047619047619047,0.17831016464556834,a8a016bb653cb5c0f9a8d634265ab0d9e29bc3947a4401f7f1e320216d44d8bb
50,50 labels,TARGET_ASSISTED_LABELLED_TARGET_CALIBRATION,TARGET_ONLY_COSINE_PROTOTYPE,43,254959,3150,63,0.1111111111111111,0.09916995025253983,0.11111111111111109,0.0,0.1111111111111111,0.09978536869293173,2c878b240f232fa899c434065470e033823f33a4f8ebf3ecf1acabd62487c8d0
50,50 labels,TARGET_ASSISTED_LABELLED_TARGET_CALIBRATION,TARGET_ONLY_COSINE_PROTOTYPE,43,280001,3150,63,0.18412698412698414,0.16123855861395878,0.18412698412698414,0.0,0.19047619047619047,0.16682151121318092,f5a01b1d076880be75a54a1c06c44e5e03edddb2944c28c5d6ac171e602dff18
50,50 labels,TARGET_ASSISTED_LABELLED_TARGET_CALIBRATION,TARGET_ONLY_COSINE_PROTOTYPE,43,305093,3150,63,0.15428571428571428,0.14148880845400771,0.1542857142857143,0.0,0.15873015873015872,0.144310968534571,5bcf9d02fe6515e25b30f94fb8deea5c303720615bbb0a6e6a25b7af035d55a9
50,50 labels,TARGET_ASSISTED_LABELLED_TARGET_CALIBRATION,TARGET_ONLY_COSINE_PROTOTYPE,43,330017,3150,63,0.12634920634920635,0.1193230557277161,0.12634920634920635,0.0,0.12698412698412698,0.11879109538552261,559cb805182552d21e50aca9bc9f0befe7952be2dfd4d70229c3057a26c1d070
50,50 labels,TARGET_ASSISTED_LABELLED_TARGET_CALIBRATION,TARGET_ONLY_COSINE_PROTOTYPE,43,355031,3150,63,0.16857142857142857,0.1594933732589072,0.1685714285714286,0.0855106888361045,0.1746031746031746,0.16512784601019895,6f5b2975fafa11dc41890359037273dc00a82e609dfd3905e6c500679376bba5
50,50 labels,TARGET_ASSISTED_LABELLED_TARGET_CALIBRATION,TARGET_ONLY_COSINE_PROTOTYPE,43,380041,3150,63,0.13238095238095238,0.12384138591206774,0.13238095238095238,0.0,0.14285714285714285,0.13148926237161532,ba16442c9bfa5fe329f55d21b92afc72605b4b17ab029bab1ab12b0a779ee7b2
50,50 labels,TARGET_ASSISTED_LABELLED_TARGET_CALIBRATION,TARGET_ONLY_COSINE_PROTOTYPE,43,405019,3150,63,0.16317460317460317,0.15035910548263873,0.16317460317460317,0.016689847009735744,0.1746031746031746,0.1586830789347952,bba3f478312cb746145e6ed180511896bd812c42c347dcef2bb8be1c64b0d3e9
50,50 labels,TARGET_ASSISTED_LABELLED_TARGET_CALIBRATION,TARGET_ONLY_COSINE_PROTOTYPE,43,430007,3150,63,0.17523809523809525,0.16598127613605132,0.17523809523809522,0.0,0.1746031746031746,0.16541950113378684,6aa849280c22dea0fc8eae2172074d678ebac763e744449bb7ae51d495471ff0
50,50 labels,TARGET_ASSISTED_LABELLED_TARGET_CALIBRATION,TARGET_ONLY_COSINE_PROTOTYPE,43,455003,3150,63,0.13365079365079366,0.12288078783966229,0.13365079365079366,0.0,0.14285714285714285,0.13410449199922883,d95ce10b440d228f5174119647b67d8937442acb3cff74a74277a3193e98b1d0
50,50 labels,TARGET_ASSISTED_LABELLED_TARGET_CALIBRATION,TARGET_ONLY_COSINE_PROTOTYPE,43,480017,3150,63,0.10603174603174603,0.09936486441441916,0.10603174603174603,0.0,0.1111111111111111,0.10276679841897232,6d77e3f051341122271d57df59061340dc418d798db686d3479832257cf08fe6
50,50 labels,TARGET_ASSISTED_LABELLED_TARGET_CALIBRATION,TARGET_ONLY_COSINE_PROTOTYPE,43,505027,3150,63,0.08634920634920636,0.07832088059437682,0.08634920634920633,0.0,0.07936507936507936,0.07242281527995813,41ac3f43aa0cf8c226e33c7080a9df50bc14e55d68f3cff85947ddc26cb12b24
50,50 labels,TARGET_ASSISTED_LABELLED_TARGET_CALIBRATION,TARGET_ONLY_COSINE_PROTOTYPE,43,530017,3150,63,0.1346031746031746,0.12627205922860368,0.13460317460317459,0.0,0.14285714285714285,0.13471177944862153,ee17820ed4d80bf8a55998062e50696344a72919e502c4d8ae27888c47f83946
50,50 labels,TARGET_ASSISTED_LABELLED_TARGET_CALIBRATION,TARGET_ONLY_COSINE_PROTOTYPE,43,555029,3150,63,0.09777777777777778,0.0920566990607473,0.09777777777777778,0.0,0.09523809523809523,0.09097505668934239,dfe7efad3b20b5fce1c48be2b190b9acde544c731034cc9dfc4602a3ac76b8e3
50,50 labels,TARGET_ASSISTED_LABELLED_TARGET_CALIBRATION,TARGET_ONLY_COSINE_PROTOTYPE,43,580031,3150,63,0.17809523809523808,0.1730672454276556,0.1780952380952381,0.0,0.19047619047619047,0.1858619811560988,52d7f2f5eaa2a0a0d879aa6580e0c220d6184db82578004f47af944962d38e47
50,50 labels,TARGET_ASSISTED_LABELLED_TARGET_CALIBRATION,TARGET_ONLY_COSINE_PROTOTYPE,44,104729,3150,63,0.15079365079365079,0.1419483248200355,0.15079365079365079,0.0,0.15873015873015872,0.14916693950307394,9884e76ba5bb13356bdeb13fcbe1e281f9a7abf29077627192a861e0e9018b19
50,50 labels,TARGET_ASSISTED_LABELLED_TARGET_CALIBRATION,TARGET_ONLY_COSINE_PROTOTYPE,44,130363,3150,63,0.15079365079365079,0.15224261460301752,0.15079365079365079,0.0,0.15873015873015872,0.16148851148851148,d997e5b615fa55e2320d9866012fd80e03f7db17bcc7e7279676279e7020379d
50,50 labels,TARGET_ASSISTED_LABELLED_TARGET_CALIBRATION,TARGET_ONLY_COSINE_PROTOTYPE,44,155921,3150,63,0.1253968253968254,0.12215049812138114,0.12539682539682537,0.0,0.12698412698412698,0.1222938298126268,cced3a99de9d382c3fed6e8b49a33c733b8e11c1424118311b2632f135d045b7
50,50 labels,TARGET_ASSISTED_LABELLED_TARGET_CALIBRATION,TARGET_ONLY_COSINE_PROTOTYPE,44,181081,3150,63,0.17047619047619048,0.16987679432313668,0.17047619047619048,0.0,0.1746031746031746,0.17451963241436924,6980d8526b6d53df30b9180e1fd34fb98c27df3e61686ad39143e829057a1b7d
50,50 labels,TARGET_ASSISTED_LABELLED_TARGET_CALIBRATION,TARGET_ONLY_COSINE_PROTOTYPE,44,205439,3150,63,0.10095238095238095,0.09342088272734173,0.10095238095238097,0.0,0.09523809523809523,0.08880534670008355,2048d616418b65a0f92f51556bb04a4b0f2d603139576fe2a13dcef7194dfcd9
50,50 labels,TARGET_ASSISTED_LABELLED_TARGET_CALIBRATION,TARGET_ONLY_COSINE_PROTOTYPE,44,230003,3150,63,0.16444444444444445,0.17526615192276346,0.16444444444444442,0.0,0.1746031746031746,0.18573356468093308,a0ec4bebdb2a7a9266b4bb62fc31a29c0b8e1258b968439633ebd34e137b1463
50,50 labels,TARGET_ASSISTED_LABELLED_TARGET_CALIBRATION,TARGET_ONLY_COSINE_PROTOTYPE,44,254959,3150,63,0.10476190476190476,0.10687558564800477,0.10476190476190475,0.0,0.1111111111111111,0.11224489795918367,d6dfd9761ab2765048e5f9f39fcadf5ebcadbd8e890b7da76c741def50e72f09
50,50 labels,TARGET_ASSISTED_LABELLED_TARGET_CALIBRATION,TARGET_ONLY_COSINE_PROTOTYPE,44,280001,3150,63,0.14634920634920634,0.13949017325231608,0.1463492063492063,0.0,0.14285714285714285,0.13374149659863943,144c7d1c4c04301d86e1e6c733713f734188633d781c9208ec7211280528f540
50,50 labels,TARGET_ASSISTED_LABELLED_TARGET_CALIBRATION,TARGET_ONLY_COSINE_PROTOTYPE,44,305093,3150,63,0.14507936507936509,0.13867909204014453,0.14507936507936509,0.0,0.15873015873015872,0.151801864910724,a7494ac664f0131ff4db51c36bdcd809a50e1e1a2a03f9b072431606fd658c1e
50,50 labels,TARGET_ASSISTED_LABELLED_TARGET_CALIBRATION,TARGET_ONLY_COSINE_PROTOTYPE,44,330017,3150,63,0.08253968253968254,0.0826884475720842,0.08253968253968254,0.0,0.07936507936507936,0.07980665950590762,82188d7beb41af8eb6cfb2777698678ec4d89e0463acda3efc0fbaed80cf07d8
50,50 labels,TARGET_ASSISTED_LABELLED_TARGET_CALIBRATION,TARGET_ONLY_COSINE_PROTOTYPE,44,355031,3150,63,0.1438095238095238,0.13993820207110322,0.1438095238095238,0.0,0.15873015873015872,0.1549468910371166,4bcd1e70a73714a3174554e3b76f034d5a84cf9b789daf9b97272fa8626a3b9a
50,50 labels,TARGET_ASSISTED_LABELLED_TARGET_CALIBRATION,TARGET_ONLY_COSINE_PROTOTYPE,44,380041,3150,63,0.11174603174603175,0.10766746630039244,0.11174603174603173,0.0,0.1111111111111111,0.10583276372750057,78ddfc1ca16015f25505353446948af9f0db910d25f71b832fb2df16ad0033a5
50,50 labels,TARGET_ASSISTED_LABELLED_TARGET_CALIBRATION,TARGET_ONLY_COSINE_PROTOTYPE,44,405019,3150,63,0.14317460317460318,0.14500723525373818,0.14317460317460315,0.0,0.14285714285714285,0.14443432875542558,33efa9849b172094eab9554480111c98eb0c8c50a57a39eda0e5a1ddafd83ee4
50,50 labels,TARGET_ASSISTED_LABELLED_TARGET_CALIBRATION,TARGET_ONLY_COSINE_PROTOTYPE,44,430007,3150,63,0.08666666666666667,0.08407013541409691,0.08666666666666667,0.0,0.09523809523809523,0.09462890051125346,5d52a4b52dfb66efdb5ed0b012180908be0f4fea504a77d05464b4c3d0dc0012
50,50 labels,TARGET_ASSISTED_LABELLED_TARGET_CALIBRATION,TARGET_ONLY_COSINE_PROTOTYPE,44,455003,3150,63,0.14984126984126983,0.14077470842188658,0.14984126984126986,0.0,0.15873015873015872,0.15086545795927947,9b676e63abdd5c1dc5028bf022c617d0d753ceaff4098bbb8184d1c9016b0031
50,50 labels,TARGET_ASSISTED_LABELLED_TARGET_CALIBRATION,TARGET_ONLY_COSINE_PROTOTYPE,44,480017,3150,63,0.14603174603174604,0.13257889540035278,0.146031746031746,0.0,0.14285714285714285,0.12863097183953673,b52a3209cdecc39a72ec35a74b1d9414f6fe88915343c5422964c8eacef651c7
50,50 labels,TARGET_ASSISTED_LABELLED_TARGET_CALIBRATION,TARGET_ONLY_COSINE_PROTOTYPE,44,505027,3150,63,0.18761904761904763,0.18650184644759346,0.18761904761904763,0.0,0.20634920634920634,0.20451572237286525,00962ce31cba71e6ef06e4c9dfc35c645f55b393fc17e63fcfbe8af586ff69c9
50,50 labels,TARGET_ASSISTED_LABELLED_TARGET_CALIBRATION,TARGET_ONLY_COSINE_PROTOTYPE,44,530017,3150,63,0.11555555555555555,0.11802225739256157,0.11555555555555555,0.0,0.1111111111111111,0.11086691086691088,43d212dcdb44b63e1e43210e23b7b4cfd4f2d913e1b7fb10c5003bf1c658e368
50,50 labels,TARGET_ASSISTED_LABELLED_TARGET_CALIBRATION,TARGET_ONLY_COSINE_PROTOTYPE,44,555029,3150,63,0.11428571428571428,0.10863100457278815,0.1142857142857143,0.0,0.1111111111111111,0.10522028913660164,54cc32de008b8f6069529206deb4a79102654d433ef046a422443a32da7cef28
50,50 labels,TARGET_ASSISTED_LABELLED_TARGET_CALIBRATION,TARGET_ONLY_COSINE_PROTOTYPE,44,580031,3150,63,0.13365079365079366,0.12201384158272142,0.13365079365079363,0.0,0.14285714285714285,0.13201203558346417,a53b8be4edfb93dd3f325560160ba8d264492e532c47fcb336ba6a68fb528c0b
50,50 labels,TARGET_ASSISTED_LABELLED_TARGET_CALIBRATION,TARGET_ONLY_COSINE_PROTOTYPE,45,104729,3150,63,0.15301587301587302,0.13158610175315352,0.15301587301587302,0.0,0.15873015873015872,0.1354978354978355,081eaa8df3db604d841ca69eb286c85791383debb157309c61d48e32c7364f53
50,50 labels,TARGET_ASSISTED_LABELLED_TARGET_CALIBRATION,TARGET_ONLY_COSINE_PROTOTYPE,45,130363,3150,63,0.15714285714285714,0.14074539842298966,0.1571428571428571,0.0,0.15873015873015872,0.142002002936949,0ea4a77df0e8a50a385364fed08217ab1bb3a64a5d54e4d21004234342a94558
50,50 labels,TARGET_ASSISTED_LABELLED_TARGET_CALIBRATION,TARGET_ONLY_COSINE_PROTOTYPE,45,155921,3150,63,0.12126984126984126,0.10772217403966601,0.12126984126984128,0.0,0.12698412698412698,0.11219336219336218,086bf60583417cbfdfabbf5d490d2af8fdf487f53bd127c182ee42cbe9a4879e
50,50 labels,TARGET_ASSISTED_LABELLED_TARGET_CALIBRATION,TARGET_ONLY_COSINE_PROTOTYPE,45,181081,3150,63,0.1492063492063492,0.14642246483047325,0.1492063492063492,0.0,0.15873015873015872,0.15508034154650696,a46031f88a461fadc056636cba2369d3497e0ca6edb367aec503d32788196733
50,50 labels,TARGET_ASSISTED_LABELLED_TARGET_CALIBRATION,TARGET_ONLY_COSINE_PROTOTYPE,45,205439,3150,63,0.08984126984126985,0.08064560560779378,0.08984126984126985,0.0,0.09523809523809523,0.08385093167701863,9bc2f0e8c5066536f33abfec0bbbb21af9b237543066308b15655f3c03092530
50,50 labels,TARGET_ASSISTED_LABELLED_TARGET_CALIBRATION,TARGET_ONLY_COSINE_PROTOTYPE,45,230003,3150,63,0.1380952380952381,0.11729593694701748,0.1380952380952381,0.0,0.14285714285714285,0.12040998217468804,a8b2dbb3d45ec63c5171dc0c5b33f7e405d06392de5dec17850f79a5c7b2a547
50,50 labels,TARGET_ASSISTED_LABELLED_TARGET_CALIBRATION,TARGET_ONLY_COSINE_PROTOTYPE,45,254959,3150,63,0.12380952380952381,0.11360975112104818,0.12380952380952381,0.0,0.12698412698412698,0.11678004535147392,220288445c4275e52206a1c89f6476b114947c299f5d1f604127c01d45720081
50,50 labels,TARGET_ASSISTED_LABELLED_TARGET_CALIBRATION,TARGET_ONLY_COSINE_PROTOTYPE,45,280001,3150,63,0.11396825396825397,0.10058135942606564,0.11396825396825395,0.0,0.1111111111111111,0.09728691476590635,4c28e276cd38d067d30a7b7af5d189e4b310adc722742ae3d38c78d44c0a7c16
50,50 labels,TARGET_ASSISTED_LABELLED_TARGET_CALIBRATION,TARGET_ONLY_COSINE_PROTOTYPE,45,305093,3150,63,0.13777777777777778,0.12473618359267827,0.1377777777777778,0.0,0.14285714285714285,0.1303113553113553,72e554b478c2be6ee378cbe205707fe54aa8f4cad10d803db813fddb77ecc7a6
50,50 labels,TARGET_ASSISTED_LABELLED_TARGET_CALIBRATION,TARGET_ONLY_COSINE_PROTOTYPE,45,330017,3150,63,0.11238095238095239,0.10517276816977664,0.11238095238095237,0.0,0.1111111111111111,0.1046783625730994,10c95e216ba7968a14fe761e1c92a38f0b6f351a253972a029802a62fff7680a
50,50 labels,TARGET_ASSISTED_LABELLED_TARGET_CALIBRATION,TARGET_ONLY_COSINE_PROTOTYPE,45,355031,3150,63,0.14857142857142858,0.1350256787405633,0.14857142857142855,0.0,0.15873015873015872,0.14388785817357247,eac957d6a1d7e40ae84017efdebe2fe51a82d18137a91b5d672eeb6b93af3103
50,50 labels,TARGET_ASSISTED_LABELLED_TARGET_CALIBRATION,TARGET_ONLY_COSINE_PROTOTYPE,45,380041,3150,63,0.14253968253968255,0.12115731026889696,0.14253968253968252,0.0,0.14285714285714285,0.12121629735036654,b11e2e438377c57113bb5a213556a2a8b209b4469e9749ca78df0aaa41702672
50,50 labels,TARGET_ASSISTED_LABELLED_TARGET_CALIBRATION,TARGET_ONLY_COSINE_PROTOTYPE,45,405019,3150,63,0.13873015873015873,0.13231360258479583,0.13873015873015873,0.0,0.12698412698412698,0.11903885588096115,2e63fce0bbf66274b77107983942f64237bcca1bfa667fa048d2d3147d5794a5
50,50 labels,TARGET_ASSISTED_LABELLED_TARGET_CALIBRATION,TARGET_ONLY_COSINE_PROTOTYPE,45,430007,3150,63,0.15333333333333332,0.1403006096438344,0.15333333333333332,0.0,0.15873015873015872,0.14755902360944376,e69caec1affa38c4c851274d37ac1f3a9bd2ad0d4b1dc0014c39e97ff8d77eff
50,50 labels,TARGET_ASSISTED_LABELLED_TARGET_CALIBRATION,TARGET_ONLY_COSINE_PROTOTYPE,45,455003,3150,63,0.14063492063492064,0.13054217036347524,0.14063492063492064,0.0,0.14285714285714285,0.13154885142462783,544bd1b37707f73fab8faae776121899249c5084682565e93cba4f2561aae2e1
50,50 labels,TARGET_ASSISTED_LABELLED_TARGET_CALIBRATION,TARGET_ONLY_COSINE_PROTOTYPE,45,480017,3150,63,0.15142857142857144,0.1331224490373963,0.15142857142857144,0.0,0.15873015873015872,0.13895672685550192,1fe89d39b65d4258d168413a9d0398aa5267584712f7a8c6e2692fac5b8647cc
50,50 labels,TARGET_ASSISTED_LABELLED_TARGET_CALIBRATION,TARGET_ONLY_COSINE_PROTOTYPE,45,505027,3150,63,0.15301587301587302,0.1476656115871764,0.15301587301587302,0.0,0.15873015873015872,0.15547914818101155,99a2451e28babfd96d4b571851d8f3b282e806f872764aa32003523bbebf838b
50,50 labels,TARGET_ASSISTED_LABELLED_TARGET_CALIBRATION,TARGET_ONLY_COSINE_PROTOTYPE,45,530017,3150,63,0.09111111111111111,0.0837593401033085,0.09111111111111111,0.0,0.09523809523809523,0.08883219954648526,270fbaa737848803b519dddd5cc4f3b08c521bd16100790f9549ffa83aa6aa8d
50,50 labels,TARGET_ASSISTED_LABELLED_TARGET_CALIBRATION,TARGET_ONLY_COSINE_PROTOTYPE,45,555029,3150,63,0.1295238095238095,0.11116799422897314,0.12952380952380954,0.0,0.12698412698412698,0.10717205499814196,10ed810f302712ab088556bc6509c59980ef4832f816a5d33a9902ee641ddb2f
50,50 labels,TARGET_ASSISTED_LABELLED_TARGET_CALIBRATION,TARGET_ONLY_COSINE_PROTOTYPE,45,580031,3150,63,0.1253968253968254,0.10480587524932264,0.1253968253968254,0.0,0.12698412698412698,0.10824183220198835,01c75a850893c9419eab005783b81235a1e02b94492762b3a3c7ffbb21ef293e
50,50 labels,TARGET_ASSISTED_LABELLED_TARGET_CALIBRATION,TARGET_ONLY_COSINE_PROTOTYPE,46,104729,3150,63,0.1253968253968254,0.07884411928308853,0.1253968253968254,0.0,0.12698412698412698,0.07955377955377954,0663afa1eb5f7df3a7c6ce0018c18fc434c6ad810f9cbe1b39be5115c38402b6
50,50 labels,TARGET_ASSISTED_LABELLED_TARGET_CALIBRATION,TARGET_ONLY_COSINE_PROTOTYPE,46,130363,3150,63,0.10380952380952381,0.06733499251319283,0.10380952380952381,0.0,0.09523809523809523,0.05654761904761905,38b844c6cdf27e31e994c92baec407b233c9ed69cbe74fe4948160966cdac934
50,50 labels,TARGET_ASSISTED_LABELLED_TARGET_CALIBRATION,TARGET_ONLY_COSINE_PROTOTYPE,46,155921,3150,63,0.11079365079365079,0.08806538505087998,0.1107936507936508,0.0,0.1111111111111111,0.08830455259026689,fdcb499b81933f8920642fd55b8a8428d8aa467cb4090235fc20ade556c87db3
50,50 labels,TARGET_ASSISTED_LABELLED_TARGET_CALIBRATION,TARGET_ONLY_COSINE_PROTOTYPE,46,181081,3150,63,0.09492063492063492,0.08081222918443472,0.09492063492063493,0.0,0.09523809523809523,0.08164188752424047,338aeabdef3c1c340374d95c7a8c0f99cfd14ffb6f6b714d4821d229e09e5000
50,50 labels,TARGET_ASSISTED_LABELLED_TARGET_CALIBRATION,TARGET_ONLY_COSINE_PROTOTYPE,46,205439,3150,63,0.09492063492063492,0.09481550439314437,0.09492063492063493,0.0,0.09523809523809523,0.09295815295815295,58c34c99c8d0b5ac7432588ce15db187bc182632f00cf7e91158fdbacc7bd822
50,50 labels,TARGET_ASSISTED_LABELLED_TARGET_CALIBRATION,TARGET_ONLY_COSINE_PROTOTYPE,46,230003,3150,63,0.14095238095238094,0.11723130201743225,0.14095238095238097,0.0,0.14285714285714285,0.11843185277720382,60949592c2c4049f5ef53ba1303fb687955df5b4da4280a23b15c09d2f54b9bc
50,50 labels,TARGET_ASSISTED_LABELLED_TARGET_CALIBRATION,TARGET_ONLY_COSINE_PROTOTYPE,46,254959,3150,63,0.0946031746031746,0.0614207287767946,0.0946031746031746,0.0,0.09523809523809523,0.061224489795918366,de8531f442c01ebc71908dd22c6bfaf07584377009e65dc8280c2b1b9680d46c
50,50 labels,TARGET_ASSISTED_LABELLED_TARGET_CALIBRATION,TARGET_ONLY_COSINE_PROTOTYPE,46,280001,3150,63,0.11174603174603175,0.0924200461747946,0.11174603174603175,0.0,0.1111111111111111,0.09244509397962083,8021785dbc2c176af2c6efd29bceea64527e5c3384bc4735434c30802834ea3a
50,50 labels,TARGET_ASSISTED_LABELLED_TARGET_CALIBRATION,TARGET_ONLY_COSINE_PROTOTYPE,46,305093,3150,63,0.14222222222222222,0.11127804198911852,0.14222222222222222,0.0,0.14285714285714285,0.11207857832959486,e71e3cc25ddc9d25a9025540148cde7bd656b65e2e2ae3590c59b7f7410b789e
50,50 labels,TARGET_ASSISTED_LABELLED_TARGET_CALIBRATION,TARGET_ONLY_COSINE_PROTOTYPE,46,330017,3150,63,0.10380952380952381,0.10600563583665387,0.10380952380952381,0.0,0.1111111111111111,0.11274281274281274,161847c31bc9bdb2e370b49795445110b9e91557d36af6e92d11dc43b6fad6f0
50,50 labels,TARGET_ASSISTED_LABELLED_TARGET_CALIBRATION,TARGET_ONLY_COSINE_PROTOTYPE,46,355031,3150,63,0.09111111111111111,0.07809890827540844,0.09111111111111111,0.0,0.09523809523809523,0.08196660482374767,bd7320e722caab3593f90d732f7b9288f34ae3985a39b0fa4fe557ded97a1ffb
50,50 labels,TARGET_ASSISTED_LABELLED_TARGET_CALIBRATION,TARGET_ONLY_COSINE_PROTOTYPE,46,380041,3150,63,0.09492063492063492,0.05763687770218867,0.09492063492063492,0.0,0.09523809523809523,0.05751152073732719,6ebcfaeaa3232284bf1c7931a80ebece6669ecb0cdbef2013d3bbcd86ebd1de2
50,50 labels,TARGET_ASSISTED_LABELLED_TARGET_CALIBRATION,TARGET_ONLY_COSINE_PROTOTYPE,46,405019,3150,63,0.08825396825396825,0.0746008729487359,0.08825396825396825,0.0,0.09523809523809523,0.07912087912087913,bf9aba765e7877eacaf6012846b5dd4064ff4d2b18adced927a7009d13501400
50,50 labels,TARGET_ASSISTED_LABELLED_TARGET_CALIBRATION,TARGET_ONLY_COSINE_PROTOTYPE,46,430007,3150,63,0.1126984126984127,0.09248250914210532,0.11269841269841271,0.0,0.1111111111111111,0.09083850931677019,cf9585bfee47260fdac736e2e150724ce490e0cdeaeb83fa00f21002c8b344e6
50,50 labels,TARGET_ASSISTED_LABELLED_TARGET_CALIBRATION,TARGET_ONLY_COSINE_PROTOTYPE,46,455003,3150,63,0.15428571428571428,0.13124698398218387,0.1542857142857143,0.0,0.15873015873015872,0.13451811346548187,637515ba21d563e195f92f51cddfa2dc0eebca87ebb1f105050a65bbc74b7da7
50,50 labels,TARGET_ASSISTED_LABELLED_TARGET_CALIBRATION,TARGET_ONLY_COSINE_PROTOTYPE,46,480017,3150,63,0.0946031746031746,0.07591966782840268,0.0946031746031746,0.0,0.09523809523809523,0.0753441960338512,5874d4f912481fd1b7345dfee5d7b5de249a7a8b8d085e2cfae9a4de68121fdc
50,50 labels,TARGET_ASSISTED_LABELLED_TARGET_CALIBRATION,TARGET_ONLY_COSINE_PROTOTYPE,46,505027,3150,63,0.14095238095238094,0.10089248969335232,0.14095238095238097,0.0,0.14285714285714285,0.10093776641091219,94beb04d338d755663d5472bb5bacead1f00c2c4de2be11aa74260e46727b4a4
50,50 labels,TARGET_ASSISTED_LABELLED_TARGET_CALIBRATION,TARGET_ONLY_COSINE_PROTOTYPE,46,530017,3150,63,0.049523809523809526,0.03474483960200694,0.049523809523809526,0.0,0.047619047619047616,0.032830523513753325,1baf694e90411342eba75648b09c82913136a947a7eec03080f21ff209ee8180
50,50 labels,TARGET_ASSISTED_LABELLED_TARGET_CALIBRATION,TARGET_ONLY_COSINE_PROTOTYPE,46,555029,3150,63,0.10984126984126984,0.06750906664006977,0.10984126984126984,0.0,0.1111111111111111,0.0681347637869377,d0dbb621a929bd18d7439b430b89a072435f54e92cd0637c38ea9b67b2a4a5a6
50,50 labels,TARGET_ASSISTED_LABELLED_TARGET_CALIBRATION,TARGET_ONLY_COSINE_PROTOTYPE,46,580031,3150,63,0.12285714285714286,0.07870380137944621,0.12285714285714286,0.0,0.12698412698412698,0.08058608058608059,189625811a04a7612e504ddd02d25c344ea1ebdea905f4470220f3909ce542c8
100,100 labels,TARGET_ASSISTED_LABELLED_TARGET_CALIBRATION,TARGET_ONLY_COSINE_PROTOTYPE,42,104729,3150,63,0.09587301587301587,0.08320001096795956,0.09587301587301587,0.0,0.09523809523809523,0.08070818070818071,6faa1b2641fd0201a3cd1ee74c77b84f8c4e0b1e1c2fb580da38a4f0fe95adb0
100,100 labels,TARGET_ASSISTED_LABELLED_TARGET_CALIBRATION,TARGET_ONLY_COSINE_PROTOTYPE,42,130363,3150,63,0.09682539682539683,0.08683982518734738,0.09682539682539683,0.0,0.09523809523809523,0.08499509643674404,a34b758df098ff8d70994e520b2634d0eddfbe18e73cf55211c33fad879d9f7a
100,100 labels,TARGET_ASSISTED_LABELLED_TARGET_CALIBRATION,TARGET_ONLY_COSINE_PROTOTYPE,42,155921,3150,63,0.10063492063492063,0.08322154790301783,0.10063492063492063,0.0,0.09523809523809523,0.07685881370091896,ebc7acd3bc9af96acfc2124e6f4bbf8df72ab896bd1f1eec2c217d2f97ae78d6
100,100 labels,TARGET_ASSISTED_LABELLED_TARGET_CALIBRATION,TARGET_ONLY_COSINE_PROTOTYPE,42,181081,3150,63,0.12634920634920635,0.12000432911572383,0.12634920634920635,0.0,0.12698412698412698,0.1185766614338043,bfe591ba8b8a8cdf12029d2f1357bd2d639933f33b0ed6266cecdcfe412ea063
100,100 labels,TARGET_ASSISTED_LABELLED_TARGET_CALIBRATION,TARGET_ONLY_COSINE_PROTOTYPE,42,205439,3150,63,0.11142857142857143,0.09943971952772608,0.11142857142857143,0.0,0.1111111111111111,0.09720093571025247,d3f5141fb13795c2cfc07939a4b20ae2df5b79408849578e622ca272debe9fa1
100,100 labels,TARGET_ASSISTED_LABELLED_TARGET_CALIBRATION,TARGET_ONLY_COSINE_PROTOTYPE,42,230003,3150,63,0.09682539682539683,0.08850152693424941,0.09682539682539683,0.0,0.09523809523809523,0.08637194008037997,d041d6f4b302c849eefd92b5e4f81cdeb96bfd6ae70a8199c527fe239c2911d6
100,100 labels,TARGET_ASSISTED_LABELLED_TARGET_CALIBRATION,TARGET_ONLY_COSINE_PROTOTYPE,42,254959,3150,63,0.08317460317460318,0.07960480789050124,0.08317460317460316,0.0,0.07936507936507936,0.07539228506047728,2ed434a87fd17c533c51b4c2c5d760bc19ee0a75bb64614eb9956c05b322b06f
100,100 labels,TARGET_ASSISTED_LABELLED_TARGET_CALIBRATION,TARGET_ONLY_COSINE_PROTOTYPE,42,280001,3150,63,0.07873015873015873,0.07099364137807308,0.07873015873015873,0.0,0.07936507936507936,0.07197994987468671,a5899f5d5dc721443d506df36a682dd97186679a1806a16357651583141e2ef4
100,100 labels,TARGET_ASSISTED_LABELLED_TARGET_CALIBRATION,TARGET_ONLY_COSINE_PROTOTYPE,42,305093,3150,63,0.11238095238095239,0.09653357393339311,0.11238095238095237,0.0,0.1111111111111111,0.09361471861471861,adbf0ca8690f8d65b0937d2326456e9479ecb4c74d8ac02e68dd017d2b0e1c1e
100,100 labels,TARGET_ASSISTED_LABELLED_TARGET_CALIBRATION,TARGET_ONLY_COSINE_PROTOTYPE,42,330017,3150,63,0.09492063492063492,0.09165446354685407,0.09492063492063492,0.0,0.09523809523809523,0.09251700680272108,273267c74d2d9239a3780acb96af68010ddce53de25859030d3124ee1fbd6445
100,100 labels,TARGET_ASSISTED_LABELLED_TARGET_CALIBRATION,TARGET_ONLY_COSINE_PROTOTYPE,42,355031,3150,63,0.09714285714285714,0.08980671891835836,0.09714285714285713,0.0,0.09523809523809523,0.08589174800354925,97ae5792c408b1aafc86021cbf20e710d13234e8f6e2c73746b9ea7db8312eb8
100,100 labels,TARGET_ASSISTED_LABELLED_TARGET_CALIBRATION,TARGET_ONLY_COSINE_PROTOTYPE,42,380041,3150,63,0.09301587301587301,0.08527982565605684,0.09301587301587301,0.0,0.09523809523809523,0.08725229222123632,e878a7723b6e4a00a86dcfa10e3a3f5c66a72dade894c9ce6d065132a6dcd427
100,100 labels,TARGET_ASSISTED_LABELLED_TARGET_CALIBRATION,TARGET_ONLY_COSINE_PROTOTYPE,42,405019,3150,63,0.0673015873015873,0.06706845983421615,0.06730158730158729,0.0,0.06349206349206349,0.06238811313999283,b27d8b3032bc8c4c47a7982e81b18523c2ea0c73254352e1fa89b2e407f7968e
100,100 labels,TARGET_ASSISTED_LABELLED_TARGET_CALIBRATION,TARGET_ONLY_COSINE_PROTOTYPE,42,430007,3150,63,0.09206349206349207,0.08673649458621781,0.09206349206349206,0.0,0.09523809523809523,0.08848012889366272,5d338a0d10603925d1d77d08c56ab71b132da19ae669fc24d6e20fd8e53336f1
100,100 labels,TARGET_ASSISTED_LABELLED_TARGET_CALIBRATION,TARGET_ONLY_COSINE_PROTOTYPE,42,455003,3150,63,0.08,0.06916310852946964,0.08,0.0,0.07936507936507936,0.0670908039329092,22f47a314d8f4051dbcaf8a6bc60627c9f3ddcc5e2e4a4cf4923fa8217c5a744
100,100 labels,TARGET_ASSISTED_LABELLED_TARGET_CALIBRATION,TARGET_ONLY_COSINE_PROTOTYPE,42,480017,3150,63,0.12349206349206349,0.10878492510660413,0.1234920634920635,0.0,0.12698412698412698,0.1108923569427771,7eddb4fdc67f372e6f5529d5fa9ded35e0a498c6028f5a5c467aa5a5d7a48178
100,100 labels,TARGET_ASSISTED_LABELLED_TARGET_CALIBRATION,TARGET_ONLY_COSINE_PROTOTYPE,42,505027,3150,63,0.1126984126984127,0.09917047326828328,0.1126984126984127,0.0,0.1111111111111111,0.09653255241490535,bd810667ad7f5dd7bfa8e938c2ccf581870feaface16023f0499a6b66220ed14
100,100 labels,TARGET_ASSISTED_LABELLED_TARGET_CALIBRATION,TARGET_ONLY_COSINE_PROTOTYPE,42,530017,3150,63,0.1273015873015873,0.11188392586814418,0.1273015873015873,0.0,0.12698412698412698,0.10984278879015721,1fd497301ba19ed5f378bda4ce2183e50c3c88a7d84c6b8a97d6ad9625a7550a
100,100 labels,TARGET_ASSISTED_LABELLED_TARGET_CALIBRATION,TARGET_ONLY_COSINE_PROTOTYPE,42,555029,3150,63,0.12761904761904763,0.10974344446885255,0.1276190476190476,0.0,0.12698412698412698,0.1072108843537415,54e68b0eac7160057581cbd96fd2b728674ea88a11ff9f017b78b2ea4dc42d01
100,100 labels,TARGET_ASSISTED_LABELLED_TARGET_CALIBRATION,TARGET_ONLY_COSINE_PROTOTYPE,42,580031,3150,63,0.12412698412698413,0.11340707137316154,0.12412698412698411,0.0,0.12698412698412698,0.11558897243107769,0ad6e43267dd716fdf765ac0f7d3a9c5d9f931716896df48e579442112c200c3
100,100 labels,TARGET_ASSISTED_LABELLED_TARGET_CALIBRATION,TARGET_ONLY_COSINE_PROTOTYPE,43,104729,3150,63,0.18285714285714286,0.18352668387944332,0.18285714285714283,0.0,0.19047619047619047,0.19010989010989013,c325eaf2bee4b306f35679b86da0d20c0e712b21a71942081598be192f9641c5
100,100 labels,TARGET_ASSISTED_LABELLED_TARGET_CALIBRATION,TARGET_ONLY_COSINE_PROTOTYPE,43,130363,3150,63,0.13873015873015873,0.1262538471911984,0.13873015873015873,0.0,0.14285714285714285,0.1289992920245021,99b8e9d3949424328b744fc3082cfd9a14f770a17db8fff4687194e25588350e
100,100 labels,TARGET_ASSISTED_LABELLED_TARGET_CALIBRATION,TARGET_ONLY_COSINE_PROTOTYPE,43,155921,3150,63,0.10634920634920635,0.09482861549304325,0.10634920634920635,0.0,0.1111111111111111,0.09679089026915114,13b63c33e38fb34a437bc50240cd111dbe982baaf8510e9614ecd47001517fd7
100,100 labels,TARGET_ASSISTED_LABELLED_TARGET_CALIBRATION,TARGET_ONLY_COSINE_PROTOTYPE,43,181081,3150,63,0.1380952380952381,0.12978602712044182,0.13809523809523808,0.0,0.14285714285714285,0.13258337523043404,1e9d2de40b39f3fc2ad7d7b567ec66fa66caca6fe88ebf7506fab81cb9d84d36
100,100 labels,TARGET_ASSISTED_LABELLED_TARGET_CALIBRATION,TARGET_ONLY_COSINE_PROTOTYPE,43,205439,3150,63,0.16825396825396827,0.16285623319996748,0.16825396825396827,0.0,0.1746031746031746,0.16733361876219016,c712c0b81fbbd722fce6cbcbb46618736c0d3bc0192e2d50766c9b74083ae62f
100,100 labels,TARGET_ASSISTED_LABELLED_TARGET_CALIBRATION,TARGET_ONLY_COSINE_PROTOTYPE,43,230003,3150,63,0.1419047619047619,0.13738659858039218,0.1419047619047619,0.0,0.14285714285714285,0.13839727523938053,b5df75140a5831f7ac90b1d27d1236d06f0e1bce1b7a523fc05eb31fedf428b3
100,100 labels,TARGET_ASSISTED_LABELLED_TARGET_CALIBRATION,TARGET_ONLY_COSINE_PROTOTYPE,43,254959,3150,63,0.1307936507936508,0.1113375151862221,0.1307936507936508,0.0,0.14285714285714285,0.11956709956709956,be54f8b1efa55fd9fdb14afffe1a6fae3a901c096b4934edbaba2f4575898487
100,100 labels,TARGET_ASSISTED_LABELLED_TARGET_CALIBRATION,TARGET_ONLY_COSINE_PROTOTYPE,43,280001,3150,63,0.13333333333333333,0.1123773343678173,0.13333333333333333,0.0,0.14285714285714285,0.12023889154323937,26bae1f18ae9f4646c4b8ba47b07ae68257f1368705ee42d2ab9c9a695a489fa
100,100 labels,TARGET_ASSISTED_LABELLED_TARGET_CALIBRATION,TARGET_ONLY_COSINE_PROTOTYPE,43,305093,3150,63,0.17333333333333334,0.16577877637455218,0.17333333333333334,0.022031823745410038,0.1746031746031746,0.1652537938252224,8c4478b4347e00f957fc822272f84a7f929b5a4835bf970f13678d3c2eadb9c8
100,100 labels,TARGET_ASSISTED_LABELLED_TARGET_CALIBRATION,TARGET_ONLY_COSINE_PROTOTYPE,43,330017,3150,63,0.13047619047619047,0.11852830364686952,0.13047619047619047,0.0,0.14285714285714285,0.1264312956303803,3455c63d98d113924aa0138dd9a0af13a1588c204508ff72e6cc70f3e3213838
100,100 labels,TARGET_ASSISTED_LABELLED_TARGET_CALIBRATION,TARGET_ONLY_COSINE_PROTOTYPE,43,355031,3150,63,0.12158730158730159,0.11896545739006655,0.12158730158730159,0.0,0.12698412698412698,0.12222222222222222,3bbf0cde834d58623175a9fd661e383da96fe5b1b85bed5f42f717d5079dd4d2
100,100 labels,TARGET_ASSISTED_LABELLED_TARGET_CALIBRATION,TARGET_ONLY_COSINE_PROTOTYPE,43,380041,3150,63,0.1946031746031746,0.1834853182317502,0.19460317460317458,0.009259259259259259,0.20634920634920634,0.1947000944366481,cc164a3de114c0b59f5bb31716af3cd75fa593e8828c1282080e810b6bd4af45
100,100 labels,TARGET_ASSISTED_LABELLED_TARGET_CALIBRATION,TARGET_ONLY_COSINE_PROTOTYPE,43,405019,3150,63,0.10158730158730159,0.09314901621656882,0.10158730158730157,0.0,0.1111111111111111,0.1000834879406308,78da967a59ae10a61c938b23d2cb873af547979703e67b0f1f4bd5d971cc5b62
100,100 labels,TARGET_ASSISTED_LABELLED_TARGET_CALIBRATION,TARGET_ONLY_COSINE_PROTOTYPE,43,430007,3150,63,0.18349206349206348,0.16205046067895218,0.1834920634920635,0.0,0.19047619047619047,0.1659863945578231,e42c16a5b0045c47b8c4ef1106c9417ce18bd6934b9c7d9433b8cdfbc43f057f
100,100 labels,TARGET_ASSISTED_LABELLED_TARGET_CALIBRATION,TARGET_ONLY_COSINE_PROTOTYPE,43,455003,3150,63,0.12222222222222222,0.11609263701841425,0.12222222222222222,0.0,0.12698412698412698,0.1187110633727175,bffff6ee45760d023fa3f983bec5a5dd9262f69c4ed4eb15bf68c5b8eeda67c9
100,100 labels,TARGET_ASSISTED_LABELLED_TARGET_CALIBRATION,TARGET_ONLY_COSINE_PROTOTYPE,43,480017,3150,63,0.10444444444444445,0.09856350667373705,0.10444444444444444,0.0,0.1111111111111111,0.10431921020156316,b445e532162fa566cb781c3cc5dc20f5e7cdf993435d2c6e87a61133cdc335b6
100,100 labels,TARGET_ASSISTED_LABELLED_TARGET_CALIBRATION,TARGET_ONLY_COSINE_PROTOTYPE,43,505027,3150,63,0.1346031746031746,0.12819372355397113,0.1346031746031746,0.0,0.14285714285714285,0.1351343956385973,ed7636f056335b7f5efb6b7661262b56ee4863cc0a7e8bb0b9e7e8c99a9dda5d
100,100 labels,TARGET_ASSISTED_LABELLED_TARGET_CALIBRATION,TARGET_ONLY_COSINE_PROTOTYPE,43,530017,3150,63,0.1419047619047619,0.1277143983934332,0.1419047619047619,0.0,0.14285714285714285,0.12925983790645443,2cf4563ba1a092c43c39955cfe5334030891f61e57c17eb3192508863f674b31
100,100 labels,TARGET_ASSISTED_LABELLED_TARGET_CALIBRATION,TARGET_ONLY_COSINE_PROTOTYPE,43,555029,3150,63,0.11365079365079366,0.10651262962871612,0.11365079365079367,0.0,0.1111111111111111,0.10360195360195361,8ab4c908288d61584a487b3cce882f059ee981a3adb77eeec0d11448302c914f
100,100 labels,TARGET_ASSISTED_LABELLED_TARGET_CALIBRATION,TARGET_ONLY_COSINE_PROTOTYPE,43,580031,3150,63,0.1546031746031746,0.14306757084905647,0.1546031746031746,0.0,0.15873015873015872,0.14605442176870748,e4b7523675c69695f6c38df94671a3fd013fdc7a11334313a3253fdf3c37acfe
100,100 labels,TARGET_ASSISTED_LABELLED_TARGET_CALIBRATION,TARGET_ONLY_COSINE_PROTOTYPE,44,104729,3150,63,0.13206349206349208,0.13190397519287075,0.13206349206349205,0.0,0.12698412698412698,0.12626262626262624,a4055fd1957aa8eda311544c97b3beac6a2b0ef61ebb280c8c403040eafd33cc
100,100 labels,TARGET_ASSISTED_LABELLED_TARGET_CALIBRATION,TARGET_ONLY_COSINE_PROTOTYPE,44,130363,3150,63,0.12349206349206349,0.1283963148741201,0.12349206349206347,0.0,0.12698412698412698,0.1311937849022248,db40ce1afe86f538dc86c9e00455c9613b2e478bc85034bc182355c794869a11
100,100 labels,TARGET_ASSISTED_LABELLED_TARGET_CALIBRATION,TARGET_ONLY_COSINE_PROTOTYPE,44,155921,3150,63,0.15714285714285714,0.14994204418928486,0.15714285714285717,0.0,0.15873015873015872,0.15054945054945054,57da9d287dd4d44ce3c2d668b538966f32d220dfff90d538914597576ee6d216
100,100 labels,TARGET_ASSISTED_LABELLED_TARGET_CALIBRATION,TARGET_ONLY_COSINE_PROTOTYPE,44,181081,3150,63,0.13904761904761906,0.1291528752615614,0.13904761904761903,0.0024691358024691358,0.14285714285714285,0.13483417082247917,9b01d05ad6e9493c39fb364b14b393ae1015cbee2b3b47812d7091f6d1ad66a8
100,100 labels,TARGET_ASSISTED_LABELLED_TARGET_CALIBRATION,TARGET_ONLY_COSINE_PROTOTYPE,44,205439,3150,63,0.1346031746031746,0.12792869389050904,0.1346031746031746,0.0,0.14285714285714285,0.13647186147186147,fa4d225891da967c088d2279b6d23057caa11af1eabe83da1dbe5b5891d6c2fc
100,100 labels,TARGET_ASSISTED_LABELLED_TARGET_CALIBRATION,TARGET_ONLY_COSINE_PROTOTYPE,44,230003,3150,63,0.16666666666666666,0.16471847402232748,0.16666666666666666,0.0,0.1746031746031746,0.1738362011471255,04b6138585b5b9aa8d8479246ce1f2d8bbb7a9415ad583e443205f233eae5f0f
100,100 labels,TARGET_ASSISTED_LABELLED_TARGET_CALIBRATION,TARGET_ONLY_COSINE_PROTOTYPE,44,254959,3150,63,0.10412698412698412,0.09594470768167482,0.10412698412698411,0.0,0.1111111111111111,0.10050080638315932,52371c9f574e4f3a841083bae98920c5f34026ccf8935596687f11cce708cc34
100,100 labels,TARGET_ASSISTED_LABELLED_TARGET_CALIBRATION,TARGET_ONLY_COSINE_PROTOTYPE,44,280001,3150,63,0.1492063492063492,0.15058815223351305,0.1492063492063492,0.0,0.15873015873015872,0.16113342362116473,c84c4ba95e4fb05a60cb5453412a4c1bca1a4a526a59aeaf85d8f436ba2ff06c
100,100 labels,TARGET_ASSISTED_LABELLED_TARGET_CALIBRATION,TARGET_ONLY_COSINE_PROTOTYPE,44,305093,3150,63,0.15396825396825398,0.14019982658472058,0.15396825396825395,0.0,0.15873015873015872,0.14529831071184457,f30592bddc00af0564a93d933e8872b60af8ce9f4532f24402f7194aa4f98b2e
100,100 labels,TARGET_ASSISTED_LABELLED_TARGET_CALIBRATION,TARGET_ONLY_COSINE_PROTOTYPE,44,330017,3150,63,0.08,0.08152908795700166,0.08,0.0,0.07936507936507936,0.08061206938915917,8c55de8225f263d72327836b41e28a577f9c46341df6d290801a38b10f814348
100,100 labels,TARGET_ASSISTED_LABELLED_TARGET_CALIBRATION,TARGET_ONLY_COSINE_PROTOTYPE,44,355031,3150,63,0.18,0.17351384153553334,0.17999999999999997,0.0,0.19047619047619047,0.18163546120202465,c2cb5f1341bb28f25b6723d50616da0f7fe1f7934f9d85ea98bce19ff773fbd7
100,100 labels,TARGET_ASSISTED_LABELLED_TARGET_CALIBRATION,TARGET_ONLY_COSINE_PROTOTYPE,44,380041,3150,63,0.1273015873015873,0.12548574040621013,0.1273015873015873,0.0,0.12698412698412698,0.12489014744653841,6f54a04a2f39f625ce50379456d0ea1dad16d5ee19697fa5ba60f425d25baede
100,100 labels,TARGET_ASSISTED_LABELLED_TARGET_CALIBRATION,TARGET_ONLY_COSINE_PROTOTYPE,44,405019,3150,63,0.11015873015873016,0.09940773839827637,0.11015873015873015,0.0,0.1111111111111111,0.09946294307196564,7cba91fb472bf1a273587fed0722c242da31f7e300cc809c9647c2a22083d14c
100,100 labels,TARGET_ASSISTED_LABELLED_TARGET_CALIBRATION,TARGET_ONLY_COSINE_PROTOTYPE,44,430007,3150,63,0.11841269841269841,0.12210288074614274,0.11841269841269841,0.0,0.12698412698412698,0.13239141810570382,c0c39cc460670194f5764d48e221242d19acadf726e114a6e259a88412b98fd4
100,100 labels,TARGET_ASSISTED_LABELLED_TARGET_CALIBRATION,TARGET_ONLY_COSINE_PROTOTYPE,44,455003,3150,63,0.12666666666666668,0.12378379504678676,0.12666666666666668,0.0,0.12698412698412698,0.12369398747107725,883caefc470118fe99c3942b31556d2e18374b6a50d7d191143f3b432e26317f
100,100 labels,TARGET_ASSISTED_LABELLED_TARGET_CALIBRATION,TARGET_ONLY_COSINE_PROTOTYPE,44,480017,3150,63,0.1726984126984127,0.1607475533174459,0.1726984126984127,0.0,0.1746031746031746,0.16023365868086364,c83c317279a7c15625809ac2d5cd30dbf59e9eb73f86020a2a6ea4372a37efe7
100,100 labels,TARGET_ASSISTED_LABELLED_TARGET_CALIBRATION,TARGET_ONLY_COSINE_PROTOTYPE,44,505027,3150,63,0.1403174603174603,0.12986846977160765,0.1403174603174603,0.0,0.14285714285714285,0.1310961386149356,52edf2bbfc027c55eb95f58c35a045e57c73ff94dd370af6f292c333d2584d59
100,100 labels,TARGET_ASSISTED_LABELLED_TARGET_CALIBRATION,TARGET_ONLY_COSINE_PROTOTYPE,44,530017,3150,63,0.0946031746031746,0.09515878260099865,0.0946031746031746,0.0,0.09523809523809523,0.09491035280508964,dfd217775be6df0390dd87e342571c30c3ae34b38c13c121723c903717718108
100,100 labels,TARGET_ASSISTED_LABELLED_TARGET_CALIBRATION,TARGET_ONLY_COSINE_PROTOTYPE,44,555029,3150,63,0.12126984126984126,0.12005651464317967,0.12126984126984128,0.0,0.12698412698412698,0.12645744796774544,18800046cd4bec70716b505d92233592802313a48a761fca0b06a29481e77737
100,100 labels,TARGET_ASSISTED_LABELLED_TARGET_CALIBRATION,TARGET_ONLY_COSINE_PROTOTYPE,44,580031,3150,63,0.15174603174603174,0.14166747126011767,0.15174603174603174,0.0,0.15873015873015872,0.1499536885692492,9e8808d13aa497b672e0a59898f5bde11a0772e2240d1549194b34cb21444312
100,100 labels,TARGET_ASSISTED_LABELLED_TARGET_CALIBRATION,TARGET_ONLY_COSINE_PROTOTYPE,45,104729,3150,63,0.11015873015873016,0.09467733855978322,0.11015873015873015,0.0,0.1111111111111111,0.09488576513748138,eb28ab09fd3320375858d0ee5ebfc739790d6935d97ec96b374c3089b92a88bd
100,100 labels,TARGET_ASSISTED_LABELLED_TARGET_CALIBRATION,TARGET_ONLY_COSINE_PROTOTYPE,45,130363,3150,63,0.13746031746031745,0.1286964229153891,0.13746031746031748,0.0,0.14285714285714285,0.13316841888270461,eb4310e7d412f9c2434a8e5c813dd53a998ccc1cce00328d0fe3d20469db8007
100,100 labels,TARGET_ASSISTED_LABELLED_TARGET_CALIBRATION,TARGET_ONLY_COSINE_PROTOTYPE,45,155921,3150,63,0.11142857142857143,0.09920349188580706,0.11142857142857142,0.0,0.1111111111111111,0.0982653098684866,3402cabe2ec2491e148bb1da47226a4e4399da3672b5242ce4d3adf4af0502e1
100,100 labels,TARGET_ASSISTED_LABELLED_TARGET_CALIBRATION,TARGET_ONLY_COSINE_PROTOTYPE,45,181081,3150,63,0.1253968253968254,0.11722194798251688,0.1253968253968254,0.0,0.12698412698412698,0.11875477463712758,a4807975e5900baece01c16b5843e5aae50583926a29627d0d522056b949686e
100,100 labels,TARGET_ASSISTED_LABELLED_TARGET_CALIBRATION,TARGET_ONLY_COSINE_PROTOTYPE,45,205439,3150,63,0.12317460317460317,0.11312475464061232,0.12317460317460317,0.0,0.12698412698412698,0.11647210718418148,571bffb071bbe49ee49a07c38fdb60b460518e514f7eef1a9928227e82fec469
100,100 labels,TARGET_ASSISTED_LABELLED_TARGET_CALIBRATION,TARGET_ONLY_COSINE_PROTOTYPE,45,230003,3150,63,0.1273015873015873,0.1112711955785163,0.12730158730158728,0.0,0.12698412698412698,0.10992802918268756,9fdd04f9095dd3920697dd63f120a6d8f5443b999c825a18e9353745ecd329c2
100,100 labels,TARGET_ASSISTED_LABELLED_TARGET_CALIBRATION,TARGET_ONLY_COSINE_PROTOTYPE,45,254959,3150,63,0.14285714285714285,0.12253611374444336,0.14285714285714285,0.0,0.14285714285714285,0.12112554112554112,0ba1ac0269f1194ff01a0ee3575ed81024706263f65795285964625b8e9ae842
100,100 labels,TARGET_ASSISTED_LABELLED_TARGET_CALIBRATION,TARGET_ONLY_COSINE_PROTOTYPE,45,280001,3150,63,0.11079365079365079,0.10053973112510164,0.11079365079365079,0.0,0.1111111111111111,0.09982949701619778,50d156705c4911fcacf0abcfa60777e080c2fe8bceeca2ca8bcedbfd620d86de
100,100 labels,TARGET_ASSISTED_LABELLED_TARGET_CALIBRATION,TARGET_ONLY_COSINE_PROTOTYPE,45,305093,3150,63,0.12380952380952381,0.10920051711461821,0.1238095238095238,0.0,0.12698412698412698,0.11213675213675213,174a2cb2e23665cf0e02c18f5e02f3ffea37046c1c06ebe224bede9c972a3375
100,100 labels,TARGET_ASSISTED_LABELLED_TARGET_CALIBRATION,TARGET_ONLY_COSINE_PROTOTYPE,45,330017,3150,63,0.13174603174603175,0.10517456504866804,0.13174603174603175,0.0,0.12698412698412698,0.09992360580595874,fe476f1b835454b06b116872e2bffb6c0bd79ab523917b7ed706ddf7c1c38bb7
100,100 labels,TARGET_ASSISTED_LABELLED_TARGET_CALIBRATION,TARGET_ONLY_COSINE_PROTOTYPE,45,355031,3150,63,0.12063492063492064,0.10456682887901203,0.12063492063492064,0.0,0.12698412698412698,0.10863739435168006,79be975ad1f5b005280da396784bd13c3c19efbfee4c03f19aaffa3085864809
100,100 labels,TARGET_ASSISTED_LABELLED_TARGET_CALIBRATION,TARGET_ONLY_COSINE_PROTOTYPE,45,380041,3150,63,0.10952380952380952,0.09013219568913769,0.10952380952380954,0.0,0.1111111111111111,0.09091060985797829,9bed50819c40515ac1fcd4412eda3fe0e22b8cb8917e1788fcd6fe2672edd1b2
100,100 labels,TARGET_ASSISTED_LABELLED_TARGET_CALIBRATION,TARGET_ONLY_COSINE_PROTOTYPE,45,405019,3150,63,0.1253968253968254,0.1071910766018298,0.1253968253968254,0.0,0.12698412698412698,0.10748299319727891,5abc6b0df23a57d21e7367196eb734e776258116896c8f671647f41616104633
100,100 labels,TARGET_ASSISTED_LABELLED_TARGET_CALIBRATION,TARGET_ONLY_COSINE_PROTOTYPE,45,430007,3150,63,0.1568253968253968,0.14815410496905987,0.1568253968253968,0.0,0.15873015873015872,0.15098045597824455,52623be360ab7384593633443693682357409c2cf061fe07e3470473578f473d
100,100 labels,TARGET_ASSISTED_LABELLED_TARGET_CALIBRATION,TARGET_ONLY_COSINE_PROTOTYPE,45,455003,3150,63,0.10984126984126984,0.09734439352406452,0.10984126984126984,0.0,0.1111111111111111,0.0982332326870142,addcf778a77899d8b2e317522bc6c56c64011142ff251da24d0739dc201cc93f
100,100 labels,TARGET_ASSISTED_LABELLED_TARGET_CALIBRATION,TARGET_ONLY_COSINE_PROTOTYPE,45,480017,3150,63,0.12507936507936507,0.1068520539179849,0.1250793650793651,0.0,0.12698412698412698,0.10830447330447332,958879e216d1d1d033f575295110d16458d111e51c2f25107ae4e2ea9c8c479a
100,100 labels,TARGET_ASSISTED_LABELLED_TARGET_CALIBRATION,TARGET_ONLY_COSINE_PROTOTYPE,45,505027,3150,63,0.14476190476190476,0.12483881581696121,0.14476190476190473,0.0,0.14285714285714285,0.12296657793552203,0713f2ccde97a47ca904b603f2d24f0d07909b7f33ad1669620cfd7805ce189e
100,100 labels,TARGET_ASSISTED_LABELLED_TARGET_CALIBRATION,TARGET_ONLY_COSINE_PROTOTYPE,45,530017,3150,63,0.09396825396825396,0.08946793797973959,0.09396825396825396,0.0,0.09523809523809523,0.0907252603558586,46743f48a50cd85809fabfe33d42a41d4064fe0f4c989cd9424b64bcd3495841
100,100 labels,TARGET_ASSISTED_LABELLED_TARGET_CALIBRATION,TARGET_ONLY_COSINE_PROTOTYPE,45,555029,3150,63,0.09238095238095238,0.08267973513992552,0.09238095238095237,0.0,0.09523809523809523,0.08585434173669468,1be6f03a99c329db583bc193a4e22ef167818f0e5c40c0e221b62fb3bde68e69
100,100 labels,TARGET_ASSISTED_LABELLED_TARGET_CALIBRATION,TARGET_ONLY_COSINE_PROTOTYPE,45,580031,3150,63,0.1438095238095238,0.12484686681245281,0.1438095238095238,0.0,0.14285714285714285,0.12274734455185583,f1f188b3e33d24d4f9fd73dde690f14e62621f3eba8474de53b54a86d0eecfbb
100,100 labels,TARGET_ASSISTED_LABELLED_TARGET_CALIBRATION,TARGET_ONLY_COSINE_PROTOTYPE,46,104729,3150,63,0.12761904761904763,0.08944312519661803,0.1276190476190476,0.0,0.12698412698412698,0.08866046418567428,7955912976897b7d4d57cda1a2a46ee50972cd9a97aa011c0c779c2a930160c0
100,100 labels,TARGET_ASSISTED_LABELLED_TARGET_CALIBRATION,TARGET_ONLY_COSINE_PROTOTYPE,46,130363,3150,63,0.12761904761904763,0.09230482227127104,0.1276190476190476,0.0,0.12698412698412698,0.09246513854808784,d22cfeb4a808114327ae8ab771e63d69e59d978e31a77498f7639aad15c34e62
100,100 labels,TARGET_ASSISTED_LABELLED_TARGET_CALIBRATION,TARGET_ONLY_COSINE_PROTOTYPE,46,155921,3150,63,0.0946031746031746,0.07529225068593529,0.09460317460317459,0.0,0.09523809523809523,0.07620540379161068,d246a0ee4a8a13ce847a15f6c9f80c4c3f3f26f3ea56e658f44938dcef7d3573
100,100 labels,TARGET_ASSISTED_LABELLED_TARGET_CALIBRATION,TARGET_ONLY_COSINE_PROTOTYPE,46,181081,3150,63,0.12666666666666668,0.09681702550009892,0.12666666666666668,0.0,0.12698412698412698,0.09703304398682551,c9b1ff93bea4a7f6ce7df9aadcaa12178b44219c90920930ab2fc4e2ad7a6858
100,100 labels,TARGET_ASSISTED_LABELLED_TARGET_CALIBRATION,TARGET_ONLY_COSINE_PROTOTYPE,46,205439,3150,63,0.1523809523809524,0.136904476024407,0.15238095238095237,0.0,0.14285714285714285,0.1253954378954379,9ef29067060c430242dd2d3313686d762e1ea2634b0919a220f98cbe96a9d14b
100,100 labels,TARGET_ASSISTED_LABELLED_TARGET_CALIBRATION,TARGET_ONLY_COSINE_PROTOTYPE,46,230003,3150,63,0.14317460317460318,0.10975053594523657,0.1431746031746032,0.0,0.14285714285714285,0.10884353741496598,9213b5dba940f046cf63c7d129276daee7d332f86d4910ff477881e3a27ff791
100,100 labels,TARGET_ASSISTED_LABELLED_TARGET_CALIBRATION,TARGET_ONLY_COSINE_PROTOTYPE,46,254959,3150,63,0.09555555555555556,0.06144384300486972,0.09555555555555555,0.0,0.09523809523809523,0.060952380952380945,40808dd65fb988d3412fea86c29671daa574352c81ab88e6448676dea35e9a14
100,100 labels,TARGET_ASSISTED_LABELLED_TARGET_CALIBRATION,TARGET_ONLY_COSINE_PROTOTYPE,46,280001,3150,63,0.1273015873015873,0.08924238093621249,0.1273015873015873,0.0,0.12698412698412698,0.0885351966873706,bd1ff8ac3420ddfee331600b0b10ad47cdc3d9cc4d5f74b3603c132b3490d680
100,100 labels,TARGET_ASSISTED_LABELLED_TARGET_CALIBRATION,TARGET_ONLY_COSINE_PROTOTYPE,46,305093,3150,63,0.11047619047619048,0.07935255348328293,0.11047619047619049,0.0,0.1111111111111111,0.08035714285714286,5c8f85781bdfce114449e0dc1f734b70599299b221582b0ab1468b7be0030864
100,100 labels,TARGET_ASSISTED_LABELLED_TARGET_CALIBRATION,TARGET_ONLY_COSINE_PROTOTYPE,46,330017,3150,63,0.06380952380952382,0.05654132239454646,0.0638095238095238,0.0,0.06349206349206349,0.05720470006184292,56942383274231b5cead078b2e44a1aeb7732c491bdcab6737e858e57188df30
100,100 labels,TARGET_ASSISTED_LABELLED_TARGET_CALIBRATION,TARGET_ONLY_COSINE_PROTOTYPE,46,355031,3150,63,0.1034920634920635,0.08573432865818893,0.1034920634920635,0.0,0.1111111111111111,0.0932688865019692,9cc23a8cbdb1604f91d81fb0352cfe4863d38ab97b7fd25324fd557e2bbfbbf7
100,100 labels,TARGET_ASSISTED_LABELLED_TARGET_CALIBRATION,TARGET_ONLY_COSINE_PROTOTYPE,46,380041,3150,63,0.1580952380952381,0.12946748968374258,0.15809523809523812,0.0,0.15873015873015872,0.13053221288515407,ae5e34cd3b32f4753f2a4ad10f28e7ff2a6599768d6c42a963e04d396a421ffb
100,100 labels,TARGET_ASSISTED_LABELLED_TARGET_CALIBRATION,TARGET_ONLY_COSINE_PROTOTYPE,46,405019,3150,63,0.12444444444444444,0.10802078997292189,0.12444444444444445,0.0,0.12698412698412698,0.10987873410233658,ecf6556f284e770a962dda19f41d62699f0c9a256d27f4f1e11e3516ff435d64
100,100 labels,TARGET_ASSISTED_LABELLED_TARGET_CALIBRATION,TARGET_ONLY_COSINE_PROTOTYPE,46,430007,3150,63,0.10063492063492063,0.06513904876747213,0.10063492063492063,0.0,0.09523809523809523,0.060952380952380945,c2917025716ae72d430ab40acf0d6e09a46222943d74c771022c1c79b17970a2
100,100 labels,TARGET_ASSISTED_LABELLED_TARGET_CALIBRATION,TARGET_ONLY_COSINE_PROTOTYPE,46,455003,3150,63,0.0946031746031746,0.07141722596783066,0.0946031746031746,0.0,0.09523809523809523,0.07312925170068027,08d81c08f63235072be92922d9bf754b22e9d74fab4fed8519b78d1c35607b99
100,100 labels,TARGET_ASSISTED_LABELLED_TARGET_CALIBRATION,TARGET_ONLY_COSINE_PROTOTYPE,46,480017,3150,63,0.12063492063492064,0.09807808131494826,0.12063492063492065,0.0,0.12698412698412698,0.10210968754747556,21aa4fe6db770cfa1934b6a1ac6cecbf5d3c7e093f63e536bff244b62ef75bcf
100,100 labels,TARGET_ASSISTED_LABELLED_TARGET_CALIBRATION,TARGET_ONLY_COSINE_PROTOTYPE,46,505027,3150,63,0.1273015873015873,0.08671162495047513,0.1273015873015873,0.0,0.12698412698412698,0.08597285067873305,067ae77565c95b4f910c71cdbd0f3a7268f92f122e6c5aaf69f9f8db2a6bf8a7
100,100 labels,TARGET_ASSISTED_LABELLED_TARGET_CALIBRATION,TARGET_ONLY_COSINE_PROTOTYPE,46,530017,3150,63,0.11015873015873016,0.08266417830106043,0.11015873015873015,0.0,0.1111111111111111,0.08333333333333333,c006a0d067b29ef4d93c2ae2e9065567e4aab3d81adaaeb648fe145d6a024d12
100,100 labels,TARGET_ASSISTED_LABELLED_TARGET_CALIBRATION,TARGET_ONLY_COSINE_PROTOTYPE,46,555029,3150,63,0.11079365079365079,0.07850227076307657,0.1107936507936508,0.0,0.1111111111111111,0.0795219273480143,ca156306331b4dc52d61fa38b9b28eae422a4edc6a59201620044682b7ebeb0c
100,100 labels,TARGET_ASSISTED_LABELLED_TARGET_CALIBRATION,TARGET_ONLY_COSINE_PROTOTYPE,46,580031,3150,63,0.11746031746031746,0.07075249154227502,0.11746031746031746,0.0,0.1111111111111111,0.06487394957983193,4d1d8d6662d7cbb84d3ea79507218da3c23902ed70a25eda2b5a863cfd19d411
200,200 labels,TARGET_ASSISTED_LABELLED_TARGET_CALIBRATION,TARGET_ONLY_COSINE_PROTOTYPE,42,104729,3150,63,0.11238095238095239,0.10207420766558742,0.11238095238095237,0.0,0.1111111111111111,0.09999999999999999,7fd726417a9ce2cdb269be24c93b75accf1d5cc8b48ccce1271f0c770743cf11
200,200 labels,TARGET_ASSISTED_LABELLED_TARGET_CALIBRATION,TARGET_ONLY_COSINE_PROTOTYPE,42,130363,3150,63,0.12031746031746032,0.10796905946768479,0.12031746031746031,0.0,0.12698412698412698,0.11456582633053222,74a7c43ac58ae2cc40892fb97ab0d9338f082830fe71f1c13ce53bb6bfc80bfa
200,200 labels,TARGET_ASSISTED_LABELLED_TARGET_CALIBRATION,TARGET_ONLY_COSINE_PROTOTYPE,42,155921,3150,63,0.11238095238095239,0.10121817922989278,0.11238095238095237,0.0,0.1111111111111111,0.09904761904761905,5facf6b4d6e8e4938e1af21f34893b2d2accd3572d718b68f6356e4efaf9f0b7
200,200 labels,TARGET_ASSISTED_LABELLED_TARGET_CALIBRATION,TARGET_ONLY_COSINE_PROTOTYPE,42,181081,3150,63,0.12825396825396826,0.12465083293750855,0.12825396825396826,0.0,0.12698412698412698,0.12222520587182241,a52e4ab3b15d80a97e125c35c27d82e8fd65b0653a53028d0729a9fb1c0ee0c3
200,200 labels,TARGET_ASSISTED_LABELLED_TARGET_CALIBRATION,TARGET_ONLY_COSINE_PROTOTYPE,42,205439,3150,63,0.11142857142857143,0.09981483969658715,0.11142857142857143,0.0,0.1111111111111111,0.09863945578231292,547c5d8c36382095bab0e043f80017170081c98250f08aebc22098cb1110cc64
200,200 labels,TARGET_ASSISTED_LABELLED_TARGET_CALIBRATION,TARGET_ONLY_COSINE_PROTOTYPE,42,230003,3150,63,0.11936507936507937,0.10850621778036142,0.11936507936507937,0.0,0.12698412698412698,0.11632653061224489,60a76c1225458ab03f9874cfead2f02ae13dd7db3aab5b55b20c23c783bc2869
200,200 labels,TARGET_ASSISTED_LABELLED_TARGET_CALIBRATION,TARGET_ONLY_COSINE_PROTOTYPE,42,254959,3150,63,0.10952380952380952,0.10041353415554334,0.10952380952380951,0.0,0.1111111111111111,0.10181704260651628,8ada0f59232b679a6dba0fd85ab424a9e99a7a486b282ddf9d40f8c1b4dde611
200,200 labels,TARGET_ASSISTED_LABELLED_TARGET_CALIBRATION,TARGET_ONLY_COSINE_PROTOTYPE,42,280001,3150,63,0.09365079365079365,0.08638403779143082,0.09365079365079365,0.0,0.09523809523809523,0.0874989671982153,9877577c3d39b4864968449e09f32742b5ff81ceeb18eba92026f32aa3d8e532
200,200 labels,TARGET_ASSISTED_LABELLED_TARGET_CALIBRATION,TARGET_ONLY_COSINE_PROTOTYPE,42,305093,3150,63,0.11238095238095239,0.09862169055915844,0.11238095238095237,0.0,0.1111111111111111,0.0963265306122449,3d9dcadcb30683c7e0f61b010f688edbf98d12045224cb8794b415fda4abcea5
200,200 labels,TARGET_ASSISTED_LABELLED_TARGET_CALIBRATION,TARGET_ONLY_COSINE_PROTOTYPE,42,330017,3150,63,0.11238095238095239,0.09873728862688091,0.11238095238095237,0.0,0.1111111111111111,0.09775910364145658,2ab283f48ecd0bd4942d2529ff782ddc9f299644689c281d4d2763016971c04c
200,200 labels,TARGET_ASSISTED_LABELLED_TARGET_CALIBRATION,TARGET_ONLY_COSINE_PROTOTYPE,42,355031,3150,63,0.1273015873015873,0.12402238758581066,0.1273015873015873,0.0,0.12698412698412698,0.12333856619570906,f9733b54c2f4f185555ac977618d356c3958b7a68000d2a5a76c7dc16c62b8be
200,200 labels,TARGET_ASSISTED_LABELLED_TARGET_CALIBRATION,TARGET_ONLY_COSINE_PROTOTYPE,42,380041,3150,63,0.11047619047619048,0.09765483546626484,0.11047619047619048,0.0,0.1111111111111111,0.09785714285714286,1a5c199a2ddce6a3483c1eede12ade6bc7aec8bbbfc0d7b90caf232d9c76faf8
200,200 labels,TARGET_ASSISTED_LABELLED_TARGET_CALIBRATION,TARGET_ONLY_COSINE_PROTOTYPE,42,405019,3150,63,0.11142857142857143,0.1015351577518977,0.11142857142857143,0.0,0.1111111111111111,0.10040816326530612,01f21e94e7e4e1d12f372bf35816975e960632f77712afe045eb37b815be4fe9
200,200 labels,TARGET_ASSISTED_LABELLED_TARGET_CALIBRATION,TARGET_ONLY_COSINE_PROTOTYPE,42,430007,3150,63,0.11238095238095239,0.10097053118887112,0.11238095238095237,0.0,0.1111111111111111,0.0988095238095238,e07000b907d30e43a7e561b3ac9a66ee4fc2c9f9a039fd2a2437586b4886cc63
200,200 labels,TARGET_ASSISTED_LABELLED_TARGET_CALIBRATION,TARGET_ONLY_COSINE_PROTOTYPE,42,455003,3150,63,0.11142857142857143,0.10035999265083785,0.11142857142857143,0.0,0.1111111111111111,0.09904761904761905,89a52896ccf3b8176655c86b86a705306ad3724ba5992185c2ab9df0eec9e50b
200,200 labels,TARGET_ASSISTED_LABELLED_TARGET_CALIBRATION,TARGET_ONLY_COSINE_PROTOTYPE,42,480017,3150,63,0.09492063492063492,0.08742468912698893,0.09492063492063492,0.0,0.09523809523809523,0.08742236024844721,525621e9eaaa3702fafd5370459246a2b9569ea5497507b88e1c98cd7979a306
200,200 labels,TARGET_ASSISTED_LABELLED_TARGET_CALIBRATION,TARGET_ONLY_COSINE_PROTOTYPE,42,505027,3150,63,0.10063492063492063,0.09215575885127754,0.10063492063492063,0.0,0.09523809523809523,0.0880952380952381,81086c82247b371f64112f8ad9cf3db39d3e7112183a92253531f767b6811d99
200,200 labels,TARGET_ASSISTED_LABELLED_TARGET_CALIBRATION,TARGET_ONLY_COSINE_PROTOTYPE,42,530017,3150,63,0.11142857142857143,0.10080108099219975,0.11142857142857143,0.0,0.1111111111111111,0.09904761904761905,9d5cb72878445120d4837e95afa90e9a070887743f4656f02262c65cd0253f31
200,200 labels,TARGET_ASSISTED_LABELLED_TARGET_CALIBRATION,TARGET_ONLY_COSINE_PROTOTYPE,42,555029,3150,63,0.1273015873015873,0.12231353229308597,0.1273015873015873,0.0,0.12698412698412698,0.12081632653061225,d69d3279fa634ff96424e2fc0465e47003562a95b4d2e6133e3d9e53c1dc96e2
200,200 labels,TARGET_ASSISTED_LABELLED_TARGET_CALIBRATION,TARGET_ONLY_COSINE_PROTOTYPE,42,580031,3150,63,0.11238095238095239,0.10268670208309853,0.11238095238095237,0.0,0.1111111111111111,0.10086466165413534,dedf50fa0123f6f812a52450178401d3c974171d05371424f38d13d719eab33e
200,200 labels,TARGET_ASSISTED_LABELLED_TARGET_CALIBRATION,TARGET_ONLY_COSINE_PROTOTYPE,43,104729,3150,63,0.11555555555555555,0.10311545088651217,0.11555555555555555,0.0,0.12698412698412698,0.11352985638699924,af1474a64c4147f452b55f853aca43b9cc496ce15bb1a4f1059d8a7bf7028ceb
200,200 labels,TARGET_ASSISTED_LABELLED_TARGET_CALIBRATION,TARGET_ONLY_COSINE_PROTOTYPE,43,130363,3150,63,0.15015873015873016,0.13844632596808232,0.15015873015873016,0.0,0.15873015873015872,0.143609443777511,96eb8ea615e4623c9d95b4b4c12ab024c38c3da23355a76ec7c72ff011bb319b
200,200 labels,TARGET_ASSISTED_LABELLED_TARGET_CALIBRATION,TARGET_ONLY_COSINE_PROTOTYPE,43,155921,3150,63,0.11936507936507937,0.11965960662213895,0.11936507936507937,0.0,0.12698412698412698,0.12637254901960784,bc7781c280cdf5ce1d47325edc251a64a22a55601b0c3364892ef14078b5bc28
200,200 labels,TARGET_ASSISTED_LABELLED_TARGET_CALIBRATION,TARGET_ONLY_COSINE_PROTOTYPE,43,181081,3150,63,0.12126984126984126,0.11382265866071588,0.12126984126984126,0.0,0.12698412698412698,0.11885138670852956,a18b1f52b36e9be632d98cd757b099db415ebad285b674f03a9e0c5b4a061383
200,200 labels,TARGET_ASSISTED_LABELLED_TARGET_CALIBRATION,TARGET_ONLY_COSINE_PROTOTYPE,43,205439,3150,63,0.12158730158730159,0.10527924888763882,0.12158730158730159,0.0,0.12698412698412698,0.10871481459716754,8ef8cb4176a5fddeb1e173abf7437cc364d6ee3f8b4a07fa8825d05b92dfeaae
200,200 labels,TARGET_ASSISTED_LABELLED_TARGET_CALIBRATION,TARGET_ONLY_COSINE_PROTOTYPE,43,230003,3150,63,0.14952380952380953,0.13297392584437615,0.14952380952380953,0.0,0.15873015873015872,0.13960695389266817,66b87fe9adaf662401966c4c89e1085fa3f4bbfa5969a55fa52ed672f6e167da
200,200 labels,TARGET_ASSISTED_LABELLED_TARGET_CALIBRATION,TARGET_ONLY_COSINE_PROTOTYPE,43,254959,3150,63,0.10634920634920635,0.09667038149669469,0.10634920634920635,0.0,0.1111111111111111,0.09976190476190475,c7db0b8eda1f8d1ee493738d559d88cdbd76c0422752dc65f32a8cb280f4bb82
200,200 labels,TARGET_ASSISTED_LABELLED_TARGET_CALIBRATION,TARGET_ONLY_COSINE_PROTOTYPE,43,280001,3150,63,0.15206349206349207,0.12033123334411577,0.15206349206349207,0.0,0.15873015873015872,0.12285415733691596,1430c7dbf46d5024a1e90b460fff5eaed75490e080ee624c3a2d3414ac7a50d1
200,200 labels,TARGET_ASSISTED_LABELLED_TARGET_CALIBRATION,TARGET_ONLY_COSINE_PROTOTYPE,43,305093,3150,63,0.12603174603174602,0.12042701886049278,0.12603174603174602,0.0,0.12698412698412698,0.11740080647643672,8434425c660c7a6ac21eda5ccbd6d5302acc8b7f94da33f945028f172dfee9d9
200,200 labels,TARGET_ASSISTED_LABELLED_TARGET_CALIBRATION,TARGET_ONLY_COSINE_PROTOTYPE,43,330017,3150,63,0.11396825396825397,0.10800931427622376,0.11396825396825395,0.0,0.1111111111111111,0.10215470803706099,796447085efaf5272904bb3fc656511dd495bad6e1c97fbf1b1956eea97bad66
200,200 labels,TARGET_ASSISTED_LABELLED_TARGET_CALIBRATION,TARGET_ONLY_COSINE_PROTOTYPE,43,355031,3150,63,0.08952380952380952,0.07353752813582826,0.08952380952380953,0.0,0.09523809523809523,0.07791150648293506,94e4a85763ebf44612b84f24112f4a7f1bd3cc021dabfd35108d77091353d652
200,200 labels,TARGET_ASSISTED_LABELLED_TARGET_CALIBRATION,TARGET_ONLY_COSINE_PROTOTYPE,43,380041,3150,63,0.09079365079365079,0.08115604863270065,0.09079365079365079,0.0,0.09523809523809523,0.08333333333333334,b29119889ba13d05ae966362bab7cf9ebd8c8cfa3c12b647eb05ed2a241e27af
200,200 labels,TARGET_ASSISTED_LABELLED_TARGET_CALIBRATION,TARGET_ONLY_COSINE_PROTOTYPE,43,405019,3150,63,0.11746031746031746,0.09868493001437993,0.11746031746031747,0.0,0.12698412698412698,0.10445134575569358,a2bdcfc08bf9f28c610bb587203168896e1c9c5d0c0fd0bd938c8519de32dab4
200,200 labels,TARGET_ASSISTED_LABELLED_TARGET_CALIBRATION,TARGET_ONLY_COSINE_PROTOTYPE,43,430007,3150,63,0.12,0.12298929051071729,0.12000000000000001,0.0,0.12698412698412698,0.12857142857142856,0cf40a4aebccc31f51c54aa266d1ea82d3a4e428a4695889f7949ff6de51b87e
200,200 labels,TARGET_ASSISTED_LABELLED_TARGET_CALIBRATION,TARGET_ONLY_COSINE_PROTOTYPE,43,455003,3150,63,0.14984126984126983,0.13885312469409777,0.14984126984126986,0.0,0.15873015873015872,0.1470899470899471,2353482df9f2a2abb07125be6f4a08b699b0e4fb55792907b2e982df74b9f6ca
200,200 labels,TARGET_ASSISTED_LABELLED_TARGET_CALIBRATION,TARGET_ONLY_COSINE_PROTOTYPE,43,480017,3150,63,0.10539682539682539,0.08850988605872279,0.10539682539682539,0.0,0.1111111111111111,0.09287749287749289,b0f5f965d108d67ad775f22cc826dd0ec996904846108346b5bca45864ad1e67
200,200 labels,TARGET_ASSISTED_LABELLED_TARGET_CALIBRATION,TARGET_ONLY_COSINE_PROTOTYPE,43,505027,3150,63,0.13142857142857142,0.12248115995205834,0.13142857142857142,0.0,0.12698412698412698,0.11440940012368583,4ee2ac439db591c4bc22955075c47ed58fa07b5ad7fadd91946d52fea9379625
200,200 labels,TARGET_ASSISTED_LABELLED_TARGET_CALIBRATION,TARGET_ONLY_COSINE_PROTOTYPE,43,530017,3150,63,0.12507936507936507,0.1069642121574398,0.12507936507936507,0.0,0.12698412698412698,0.1055933484504913,954ef9951fb787572ccbd9a2d9af36496c7c092ef85cb3684554d05a4aa20984
200,200 labels,TARGET_ASSISTED_LABELLED_TARGET_CALIBRATION,TARGET_ONLY_COSINE_PROTOTYPE,43,555029,3150,63,0.13777777777777778,0.1188176422067466,0.13777777777777778,0.0,0.14285714285714285,0.12144892144892146,7277727ef647f4a6ac3bd32908b600d121fa8579ed905d92e82d7bbb99b3ae36
200,200 labels,TARGET_ASSISTED_LABELLED_TARGET_CALIBRATION,TARGET_ONLY_COSINE_PROTOTYPE,43,580031,3150,63,0.12666666666666668,0.12629925953547586,0.12666666666666665,0.0,0.12698412698412698,0.12640256102440975,0002ba49a68b700f399adf6707794481196f860543473ba89336fab90f118c81
200,200 labels,TARGET_ASSISTED_LABELLED_TARGET_CALIBRATION,TARGET_ONLY_COSINE_PROTOTYPE,44,104729,3150,63,0.1657142857142857,0.16153718822731264,0.16571428571428573,0.0,0.1746031746031746,0.17303367875450254,4b242019cc6b4ce679a76f2e0e8a2ec0272aec4e111c9623973fafccadc98232
200,200 labels,TARGET_ASSISTED_LABELLED_TARGET_CALIBRATION,TARGET_ONLY_COSINE_PROTOTYPE,44,130363,3150,63,0.1326984126984127,0.13772038053539987,0.1326984126984127,0.0,0.12698412698412698,0.13146983735219028,7e200ffc48d96767a9508d9c6cccd463f3989d689829d756dd5426559f98f593
200,200 labels,TARGET_ASSISTED_LABELLED_TARGET_CALIBRATION,TARGET_ONLY_COSINE_PROTOTYPE,44,155921,3150,63,0.1219047619047619,0.11466595118778652,0.12190476190476192,0.0,0.1111111111111111,0.10193096377306902,fbfc6e6e23554ddb01bbff7b7bb15e0f73cecec29ccf24438e8b07fe9ab3e5c7
200,200 labels,TARGET_ASSISTED_LABELLED_TARGET_CALIBRATION,TARGET_ONLY_COSINE_PROTOTYPE,44,181081,3150,63,0.13206349206349208,0.1336224913257459,0.13206349206349205,0.0,0.14285714285714285,0.1464091464091464,9e44dbd773f4e12bfaece7461364d82943140e61a4791f6280f2ef26dc3869dc
200,200 labels,TARGET_ASSISTED_LABELLED_TARGET_CALIBRATION,TARGET_ONLY_COSINE_PROTOTYPE,44,205439,3150,63,0.1346031746031746,0.13409121732788773,0.13460317460317459,0.0,0.14285714285714285,0.14263038548752832,15b93edda5976f0c38df5782f2554f63b7e9c135e6692609d6c9788936b9bbf4
200,200 labels,TARGET_ASSISTED_LABELLED_TARGET_CALIBRATION,TARGET_ONLY_COSINE_PROTOTYPE,44,230003,3150,63,0.1365079365079365,0.1351389582046332,0.1365079365079365,0.0,0.14285714285714285,0.1434079986509654,06fc91f052bfa654d8aecf527330d5dbc5661d57f16c574bddc498dedead5fd8
200,200 labels,TARGET_ASSISTED_LABELLED_TARGET_CALIBRATION,TARGET_ONLY_COSINE_PROTOTYPE,44,254959,3150,63,0.09936507936507936,0.09100800078725187,0.09936507936507936,0.0,0.09523809523809523,0.08407382091592618,0c01347670c8362aae32a310b3748ab721caa6e6327031b6c285fb2ed99e79f7
200,200 labels,TARGET_ASSISTED_LABELLED_TARGET_CALIBRATION,TARGET_ONLY_COSINE_PROTOTYPE,44,280001,3150,63,0.15396825396825398,0.14961559656004766,0.15396825396825395,0.0,0.15873015873015872,0.1531900639043496,3d700f9deb6adcbb3a77c672d648e41d04c41fa84772c6066907280d18838307
200,200 labels,TARGET_ASSISTED_LABELLED_TARGET_CALIBRATION,TARGET_ONLY_COSINE_PROTOTYPE,44,305093,3150,63,0.1126984126984127,0.11370525327443984,0.1126984126984127,0.0,0.1111111111111111,0.11071569095865771,d165126ea35b982d8d951ad64780d70a77382c21bb87e966f4919da3dff72182
200,200 labels,TARGET_ASSISTED_LABELLED_TARGET_CALIBRATION,TARGET_ONLY_COSINE_PROTOTYPE,44,330017,3150,63,0.11015873015873016,0.10207724574806017,0.11015873015873015,0.0,0.1111111111111111,0.10180212435851534,348b71974cb1289b336c89323b07366994c4e84f84db55a68c4027c0e1c15776
200,200 labels,TARGET_ASSISTED_LABELLED_TARGET_CALIBRATION,TARGET_ONLY_COSINE_PROTOTYPE,44,355031,3150,63,0.12603174603174602,0.12199415041902187,0.12603174603174602,0.0,0.12698412698412698,0.12222222222222222,572298715a9d04ad3edcd9db22fc36c755bd905f2f9c2a50d128462c1f4a8770
200,200 labels,TARGET_ASSISTED_LABELLED_TARGET_CALIBRATION,TARGET_ONLY_COSINE_PROTOTYPE,44,380041,3150,63,0.12603174603174602,0.12351471166162546,0.12603174603174602,0.0,0.12698412698412698,0.12325791560643395,2f859f4800d26ebff6926cfb19d0fc00ccf405fe33a6ddf209698854592e3f64
200,200 labels,TARGET_ASSISTED_LABELLED_TARGET_CALIBRATION,TARGET_ONLY_COSINE_PROTOTYPE,44,405019,3150,63,0.13873015873015873,0.132248739260761,0.13873015873015873,0.0,0.14285714285714285,0.13737373737373737,7af96cac7d1050037b7c28f2b46e7fb869c546969967a6fe2310c54ea43b3a74
200,200 labels,TARGET_ASSISTED_LABELLED_TARGET_CALIBRATION,TARGET_ONLY_COSINE_PROTOTYPE,44,430007,3150,63,0.10920634920634921,0.11107753299893315,0.1092063492063492,0.0,0.1111111111111111,0.11255818116720372,6af0a136b5422592308e3dc882ec8e0d55e43080b0cb807b4fbb9e9db14b1da9
200,200 labels,TARGET_ASSISTED_LABELLED_TARGET_CALIBRATION,TARGET_ONLY_COSINE_PROTOTYPE,44,455003,3150,63,0.12634920634920635,0.12148096568061685,0.12634920634920635,0.0,0.12698412698412698,0.12175126460840746,4ae6c396874bfb9a2818144bf7176a0cd5144958b318ede8ea7c2349c6c5e193
200,200 labels,TARGET_ASSISTED_LABELLED_TARGET_CALIBRATION,TARGET_ONLY_COSINE_PROTOTYPE,44,480017,3150,63,0.1415873015873016,0.1399888417691826,0.14158730158730157,0.0,0.14285714285714285,0.14037773003938417,f70e3f926a7eb966dfee1ad8bf0afe69b5e4023f52d397e43a0e6ef9d02c2294
200,200 labels,TARGET_ASSISTED_LABELLED_TARGET_CALIBRATION,TARGET_ONLY_COSINE_PROTOTYPE,44,505027,3150,63,0.13238095238095238,0.13586149826008503,0.13238095238095238,0.0,0.14285714285714285,0.1470288520266406,5669914c468fec73e78ba09bd62203e1c4c8ac80cff654209845ac96979a15df
200,200 labels,TARGET_ASSISTED_LABELLED_TARGET_CALIBRATION,TARGET_ONLY_COSINE_PROTOTYPE,44,530017,3150,63,0.12603174603174602,0.12542443154430669,0.12603174603174602,0.0,0.12698412698412698,0.1264470700560926,2ed9a9505d54fe743414ceae5b712de663a9c6192b0c355f670a000ffc0f1ea4
200,200 labels,TARGET_ASSISTED_LABELLED_TARGET_CALIBRATION,TARGET_ONLY_COSINE_PROTOTYPE,44,555029,3150,63,0.1419047619047619,0.142306321551094,0.1419047619047619,0.0,0.14285714285714285,0.14235599772972615,76a8bb1e40b8ba0de74bf5448292ad25e7765691e63a4e7958b0582abe4adb2d
200,200 labels,TARGET_ASSISTED_LABELLED_TARGET_CALIBRATION,TARGET_ONLY_COSINE_PROTOTYPE,44,580031,3150,63,0.11047619047619048,0.10918546903174832,0.11047619047619048,0.0,0.1111111111111111,0.10871876661350345,a463c8cd64d06c5277c6f3d63634a777796cfc4b186243932df40875697ea328
200,200 labels,TARGET_ASSISTED_LABELLED_TARGET_CALIBRATION,TARGET_ONLY_COSINE_PROTOTYPE,45,104729,3150,63,0.12761904761904763,0.11055292514317037,0.1276190476190476,0.0,0.12698412698412698,0.10932662920240561,8cdd4385cc591c3c7ecd2e26a42ebfa64d2327f3b39deed7e75feceb55ead697
200,200 labels,TARGET_ASSISTED_LABELLED_TARGET_CALIBRATION,TARGET_ONLY_COSINE_PROTOTYPE,45,130363,3150,63,0.15746031746031747,0.14542161893956937,0.15746031746031747,0.0,0.15873015873015872,0.14674755069491913,d278f56151e74ac61de28f98cc2782728b842270f3d55696f358def1a31424db
200,200 labels,TARGET_ASSISTED_LABELLED_TARGET_CALIBRATION,TARGET_ONLY_COSINE_PROTOTYPE,45,155921,3150,63,0.12507936507936507,0.11848028699518816,0.12507936507936507,0.0,0.12698412698412698,0.12068827531012405,06d70e75e6bd7ff953812ed18ca38f8d19a8eccbd1356ecad3a7b90d58f05600
200,200 labels,TARGET_ASSISTED_LABELLED_TARGET_CALIBRATION,TARGET_ONLY_COSINE_PROTOTYPE,45,181081,3150,63,0.14126984126984127,0.12116912239841744,0.14126984126984127,0.0,0.14285714285714285,0.12283810549391382,dfc7263a74413a6258ced2397024798bd12b224ea05423271eb904f265f9d3e1
200,200 labels,TARGET_ASSISTED_LABELLED_TARGET_CALIBRATION,TARGET_ONLY_COSINE_PROTOTYPE,45,205439,3150,63,0.1438095238095238,0.12554332694942294,0.1438095238095238,0.0,0.15873015873015872,0.13946274161838648,bd21ca3f3366b2a5819ce26cd0a49561263811c6d329969a8dabb468446a10ed
200,200 labels,TARGET_ASSISTED_LABELLED_TARGET_CALIBRATION,TARGET_ONLY_COSINE_PROTOTYPE,45,230003,3150,63,0.14126984126984127,0.12961129236822327,0.14126984126984127,0.0,0.14285714285714285,0.13116313511050354,41ff607f6ae07e5d3bb5796e0bf1a9121f6f644707686315df143833f9b1624c
200,200 labels,TARGET_ASSISTED_LABELLED_TARGET_CALIBRATION,TARGET_ONLY_COSINE_PROTOTYPE,45,254959,3150,63,0.12507936507936507,0.1140266896720514,0.12507936507936507,0.0,0.12698412698412698,0.11572871572871572,9b2f39e5e2c4847563fda1b539346467ceb992b850e8da91043d63b068ff9d22
200,200 labels,TARGET_ASSISTED_LABELLED_TARGET_CALIBRATION,TARGET_ONLY_COSINE_PROTOTYPE,45,280001,3150,63,0.13936507936507936,0.12019513102003425,0.13936507936507936,0.0,0.14285714285714285,0.12333629103815438,38147d0e4e338ec91ad74075d78914a6490a18a1b600315d70aa589608f60286
200,200 labels,TARGET_ASSISTED_LABELLED_TARGET_CALIBRATION,TARGET_ONLY_COSINE_PROTOTYPE,45,305093,3150,63,0.12507936507936507,0.11195458752411723,0.12507936507936507,0.0,0.12698412698412698,0.11363211951447247,ddf56bd2259000e599a43dd0d25e0c076c4fa68d851504a856b2dcaa9922f3bf
200,200 labels,TARGET_ASSISTED_LABELLED_TARGET_CALIBRATION,TARGET_ONLY_COSINE_PROTOTYPE,45,330017,3150,63,0.12634920634920635,0.10645903338257127,0.12634920634920635,0.0,0.12698412698412698,0.106859410430839,6ef7972670b1b607074289cf3d630f70584248ae3f6b38830d79f72a00a24431
200,200 labels,TARGET_ASSISTED_LABELLED_TARGET_CALIBRATION,TARGET_ONLY_COSINE_PROTOTYPE,45,355031,3150,63,0.12761904761904763,0.11109024891527867,0.1276190476190476,0.0,0.12698412698412698,0.10862465782374249,1c2bbc0c207125825977ed7667316f87ae297cb840f71fa7cd4ed773515243e2
200,200 labels,TARGET_ASSISTED_LABELLED_TARGET_CALIBRATION,TARGET_ONLY_COSINE_PROTOTYPE,45,380041,3150,63,0.10984126984126984,0.09367840986095295,0.10984126984126984,0.0,0.1111111111111111,0.09481931112365895,d0412b69b588b01bb8521aeebdcd0ac4319963798b2a7be8f0bd830eb523d129
200,200 labels,TARGET_ASSISTED_LABELLED_TARGET_CALIBRATION,TARGET_ONLY_COSINE_PROTOTYPE,45,405019,3150,63,0.12571428571428572,0.10831509497678986,0.12571428571428572,0.0,0.12698412698412698,0.10904318249038746,2bf0df465d11abb7627cf7ac7c4a4f7d446dcb1b60106a2d24cf48d76781d65b
200,200 labels,TARGET_ASSISTED_LABELLED_TARGET_CALIBRATION,TARGET_ONLY_COSINE_PROTOTYPE,45,430007,3150,63,0.12761904761904763,0.11256440115713758,0.1276190476190476,0.0,0.12698412698412698,0.11096681096681096,c92884881d35ce9943cf7ee0e3f725d1351586ae10deae288620d4e7bd76ac7d
200,200 labels,TARGET_ASSISTED_LABELLED_TARGET_CALIBRATION,TARGET_ONLY_COSINE_PROTOTYPE,45,455003,3150,63,0.12761904761904763,0.11261382786852857,0.1276190476190476,0.0,0.12698412698412698,0.11101221571771347,2b8fedd7ca0da44b7eac3e61a19c64b91ee593a435e26ffa206a20e5396e5e75
200,200 labels,TARGET_ASSISTED_LABELLED_TARGET_CALIBRATION,TARGET_ONLY_COSINE_PROTOTYPE,45,480017,3150,63,0.12571428571428572,0.10738826685998035,0.1257142857142857,0.0,0.12698412698412698,0.10824183220198834,cf6cac0045d5c18b431d96381001870fb8917bfdec94226e228913933bd28702
200,200 labels,TARGET_ASSISTED_LABELLED_TARGET_CALIBRATION,TARGET_ONLY_COSINE_PROTOTYPE,45,505027,3150,63,0.12444444444444444,0.11411687433358761,0.12444444444444444,0.0,0.12698412698412698,0.11643566517516098,cf4b9665b6e5c754b6fa8cdcc6464f1e6b11b0a1d066d6b4e084345ab96dcaa1
200,200 labels,TARGET_ASSISTED_LABELLED_TARGET_CALIBRATION,TARGET_ONLY_COSINE_PROTOTYPE,45,530017,3150,63,0.12761904761904763,0.1085958416453292,0.1276190476190476,0.0,0.12698412698412698,0.10743145743145743,0a67475579cb054af9dd02eaa7a39e0f369d51fe836c040906d4a1a3771a40dc
200,200 labels,TARGET_ASSISTED_LABELLED_TARGET_CALIBRATION,TARGET_ONLY_COSINE_PROTOTYPE,45,555029,3150,63,0.10984126984126984,0.09570977430120821,0.10984126984126984,0.0,0.1111111111111111,0.09738009620324102,f5ade0ec3dcd75e755cc51fe49316c2bb801f4a7daaec6d22c851c298e3ce435
200,200 labels,TARGET_ASSISTED_LABELLED_TARGET_CALIBRATION,TARGET_ONLY_COSINE_PROTOTYPE,45,580031,3150,63,0.1384126984126984,0.12096368749216779,0.1384126984126984,0.0,0.14285714285714285,0.12304770393005689,db0a15fa0a184d1facb413549f0c7a86464261f90c48e870adc7c7dccd9765e5
200,200 labels,TARGET_ASSISTED_LABELLED_TARGET_CALIBRATION,TARGET_ONLY_COSINE_PROTOTYPE,46,104729,3150,63,0.11142857142857143,0.06902180323011158,0.11142857142857143,0.0,0.1111111111111111,0.0681347637869377,3278bf938d6458c9ec0b892d5d8a079d115c6a9f901ba616e47819a9cdfeed4d
200,200 labels,TARGET_ASSISTED_LABELLED_TARGET_CALIBRATION,TARGET_ONLY_COSINE_PROTOTYPE,46,130363,3150,63,0.12634920634920635,0.09053470297030057,0.12634920634920635,0.0,0.12698412698412698,0.09102504638218924,1193332676dfecf962cdb99ce2f4041ff954761260540f2d7880cf6064852db1
200,200 labels,TARGET_ASSISTED_LABELLED_TARGET_CALIBRATION,TARGET_ONLY_COSINE_PROTOTYPE,46,155921,3150,63,0.11047619047619048,0.0784159601536006,0.11047619047619049,0.0,0.1111111111111111,0.07904323936932633,dd7b4d483d4bcc6af05dcbc246cc11d93170efb1de7e72c2c6e361a94ad54058
200,200 labels,TARGET_ASSISTED_LABELLED_TARGET_CALIBRATION,TARGET_ONLY_COSINE_PROTOTYPE,46,181081,3150,63,0.11238095238095239,0.07571794864114444,0.11238095238095237,0.0,0.1111111111111111,0.06948757763975155,3436120cda0f0c15271bd89ec8bcec32f8edcb4519d4d0e53cfe514df4e71777
200,200 labels,TARGET_ASSISTED_LABELLED_TARGET_CALIBRATION,TARGET_ONLY_COSINE_PROTOTYPE,46,205439,3150,63,0.09587301587301587,0.061083726831734415,0.09587301587301587,0.0,0.09523809523809523,0.05952380952380952,3e331a7829785205978da9be496e634fa952eca6afc0e241a3eb94c2a33453ec
200,200 labels,TARGET_ASSISTED_LABELLED_TARGET_CALIBRATION,TARGET_ONLY_COSINE_PROTOTYPE,46,230003,3150,63,0.14222222222222222,0.11161547029894346,0.14222222222222222,0.0,0.14285714285714285,0.11220851977154499,312c3f640752b94af90998ba0efa88570eb2fcfe3740fb9fb8f192b1a73cf9dd
200,200 labels,TARGET_ASSISTED_LABELLED_TARGET_CALIBRATION,TARGET_ONLY_COSINE_PROTOTYPE,46,254959,3150,63,0.09555555555555556,0.061060988118907665,0.09555555555555555,0.0,0.09523809523809523,0.06067588325652841,c5ac60f2fdc7942966f63726551e412afcca09a5a398c420e6c700e4bb0e5397
200,200 labels,TARGET_ASSISTED_LABELLED_TARGET_CALIBRATION,TARGET_ONLY_COSINE_PROTOTYPE,46,280001,3150,63,0.12666666666666668,0.09809269638112773,0.12666666666666668,0.0,0.12698412698412698,0.09808346415489273,c623a473f2701eda58d039fa555c3a2966e7a77784c54b0e2572e7cb000a11a9
200,200 labels,TARGET_ASSISTED_LABELLED_TARGET_CALIBRATION,TARGET_ONLY_COSINE_PROTOTYPE,46,305093,3150,63,0.09746031746031746,0.06094568237141771,0.09746031746031746,0.0,0.09523809523809523,0.05952380952380952,96924ad1956086042bef1bf457152390593ebea1a78b591cca7395196baa3fec
200,200 labels,TARGET_ASSISTED_LABELLED_TARGET_CALIBRATION,TARGET_ONLY_COSINE_PROTOTYPE,46,330017,3150,63,0.14222222222222222,0.12008540605262714,0.14222222222222222,0.0,0.14285714285714285,0.12063353313353313,3081a49acee7b5ac5bf539c0b4771ef8ed406b17ef5b7966402ae4ab42611414
200,200 labels,TARGET_ASSISTED_LABELLED_TARGET_CALIBRATION,TARGET_ONLY_COSINE_PROTOTYPE,46,355031,3150,63,0.09619047619047619,0.07235255251600237,0.09619047619047619,0.0,0.09523809523809523,0.07183139441203958,d4c7cf17c462dbff63574fa152145e87d9bcef65dfccec34eb4d764133edf9cd
200,200 labels,TARGET_ASSISTED_LABELLED_TARGET_CALIBRATION,TARGET_ONLY_COSINE_PROTOTYPE,46,380041,3150,63,0.12666666666666668,0.08863514054402064,0.12666666666666668,0.0,0.12698412698412698,0.0885351966873706,c35784b6d5853113f0758b8313227b32f2a4f22749916af7fa5430dece5ec477
200,200 labels,TARGET_ASSISTED_LABELLED_TARGET_CALIBRATION,TARGET_ONLY_COSINE_PROTOTYPE,46,405019,3150,63,0.09555555555555556,0.06102386874233464,0.09555555555555555,0.0,0.09523809523809523,0.06055900621118012,45640eadca7b40c4ff4c80f8cd5b9cd64f72f36e40d2c370cb1cb6f888d8d3bd
200,200 labels,TARGET_ASSISTED_LABELLED_TARGET_CALIBRATION,TARGET_ONLY_COSINE_PROTOTYPE,46,430007,3150,63,0.10793650793650794,0.07065711180497485,0.10793650793650793,0.0,0.1111111111111111,0.07238095238095237,925401af93b939b57cfc8c779210d8926151f510c378698478e2c55840bea73e
200,200 labels,TARGET_ASSISTED_LABELLED_TARGET_CALIBRATION,TARGET_ONLY_COSINE_PROTOTYPE,46,455003,3150,63,0.12634920634920635,0.10372905526146647,0.12634920634920635,0.0,0.12698412698412698,0.10489357033135835,9dfef4fa1353ccbc83fb25f30437bde99262c3b31b919d29fa35c0af13d8389f
200,200 labels,TARGET_ASSISTED_LABELLED_TARGET_CALIBRATION,TARGET_ONLY_COSINE_PROTOTYPE,46,480017,3150,63,0.11142857142857143,0.07175009721198201,0.11142857142857143,0.0,0.1111111111111111,0.0711520737327189,f9540d4fad3e7929cdd74e5006e08689ab3696a8a0e656c4e20dbc3c97c06707
200,200 labels,TARGET_ASSISTED_LABELLED_TARGET_CALIBRATION,TARGET_ONLY_COSINE_PROTOTYPE,46,505027,3150,63,0.14222222222222222,0.108702803320412,0.14222222222222222,0.0,0.14285714285714285,0.10947802197802199,ce56da6e92d816b5df2192148cb7afab852cfb8ee41e57d6ee41f93fba35562f
200,200 labels,TARGET_ASSISTED_LABELLED_TARGET_CALIBRATION,TARGET_ONLY_COSINE_PROTOTYPE,46,530017,3150,63,0.11047619047619048,0.07819459903273465,0.11047619047619049,0.0,0.1111111111111111,0.07881334351922586,6cb50c49ddfe240c8d501729804faa56f7d0158155975cd43ee26f5fa133262e
200,200 labels,TARGET_ASSISTED_LABELLED_TARGET_CALIBRATION,TARGET_ONLY_COSINE_PROTOTYPE,46,555029,3150,63,0.11047619047619048,0.07793097706667872,0.11047619047619049,0.0,0.1111111111111111,0.07881334351922586,c12c8b9c5fbb77ef44f7181e5c174203eabe5948f083269c5eeddb5eefd75d97
200,200 labels,TARGET_ASSISTED_LABELLED_TARGET_CALIBRATION,TARGET_ONLY_COSINE_PROTOTYPE,46,580031,3150,63,0.14317460317460318,0.10018711022916452,0.1431746031746032,0.0,0.14285714285714285,0.10076530612244897,d4c3a616c8d623c9b6f40580617d8aa5a8589ff9cb83b560e9333de00e72a696
500,500 labels,TARGET_ASSISTED_LABELLED_TARGET_CALIBRATION,TARGET_ONLY_COSINE_PROTOTYPE,42,104729,3150,63,0.11238095238095239,0.10184452577548739,0.11238095238095237,0.0,0.1111111111111111,0.09999999999999999,aabc252671bf3d7b9cee2bcbfe502897f1386d5dbca43517e19ac173dd14d7f7
500,500 labels,TARGET_ASSISTED_LABELLED_TARGET_CALIBRATION,TARGET_ONLY_COSINE_PROTOTYPE,42,130363,3150,63,0.11238095238095239,0.10099498066353986,0.11238095238095237,0.0,0.1111111111111111,0.09904761904761905,17d2d95ff8422fc03ab0af929d9b35d234fdeccc858a42155bb35cc2174a4159
500,500 labels,TARGET_ASSISTED_LABELLED_TARGET_CALIBRATION,TARGET_ONLY_COSINE_PROTOTYPE,42,155921,3150,63,0.11238095238095239,0.10106850804898479,0.11238095238095237,0.0,0.1111111111111111,0.09904761904761905,6cd0e75f7a07a6a40938ccd1907314f277aaa6c8b99d1b65a11bf3d778407956
500,500 labels,TARGET_ASSISTED_LABELLED_TARGET_CALIBRATION,TARGET_ONLY_COSINE_PROTOTYPE,42,181081,3150,63,0.11238095238095239,0.1018961496774391,0.11238095238095237,0.0,0.1111111111111111,0.09904761904761905,f43a4768a682ff5200892a2c53271be67091d90edead7f38ec53934a0c57754e
500,500 labels,TARGET_ASSISTED_LABELLED_TARGET_CALIBRATION,TARGET_ONLY_COSINE_PROTOTYPE,42,205439,3150,63,0.11238095238095239,0.10064545074898969,0.11238095238095237,0.0,0.1111111111111111,0.0988095238095238,f79c0825ea9f1c0d1ff57b84c47af1ac13d5666e197110fddbebe290c546640c
500,500 labels,TARGET_ASSISTED_LABELLED_TARGET_CALIBRATION,TARGET_ONLY_COSINE_PROTOTYPE,42,230003,3150,63,0.11238095238095239,0.10192650774657024,0.11238095238095237,0.0,0.1111111111111111,0.09999999999999999,2685a98537db5c8237b6ecc2128f4cc0e084722963c76f5e18872096a928637f
500,500 labels,TARGET_ASSISTED_LABELLED_TARGET_CALIBRATION,TARGET_ONLY_COSINE_PROTOTYPE,42,254959,3150,63,0.11238095238095239,0.10097488326347206,0.11238095238095237,0.0,0.1111111111111111,0.0988095238095238,bdd3185791150679769c9cdf8eb79cd12befe0bb25f57bfeb1b133f4e4dc8fe1
500,500 labels,TARGET_ASSISTED_LABELLED_TARGET_CALIBRATION,TARGET_ONLY_COSINE_PROTOTYPE,42,280001,3150,63,0.11238095238095239,0.10105501905147696,0.11238095238095237,0.0,0.1111111111111111,0.09904761904761905,843351d8dc84b744913f2316f89b5f701201a2044806c93012fac1bd2b50e1b6
500,500 labels,TARGET_ASSISTED_LABELLED_TARGET_CALIBRATION,TARGET_ONLY_COSINE_PROTOTYPE,42,305093,3150,63,0.11238095238095239,0.1009871259872678,0.11238095238095237,0.0,0.1111111111111111,0.09904761904761905,0e59bc853eddc25c3a85f95af2b67c8b64bd0a1da7fa618c0d47c442c95ebb70
500,500 labels,TARGET_ASSISTED_LABELLED_TARGET_CALIBRATION,TARGET_ONLY_COSINE_PROTOTYPE,42,330017,3150,63,0.11238095238095239,0.10113671831068537,0.11238095238095237,0.0,0.1111111111111111,0.09999999999999999,51b51e8c98ce452dbfd80198d9050c082c49b3b63afa5381ede7638ce1f70b51
500,500 labels,TARGET_ASSISTED_LABELLED_TARGET_CALIBRATION,TARGET_ONLY_COSINE_PROTOTYPE,42,355031,3150,63,0.11238095238095239,0.1009089886537368,0.11238095238095237,0.0,0.1111111111111111,0.09999999999999999,59035371cb61ac51bf1dafd7f17d8204393e7935e18afde9f91e1aa5c70fd9f9
500,500 labels,TARGET_ASSISTED_LABELLED_TARGET_CALIBRATION,TARGET_ONLY_COSINE_PROTOTYPE,42,380041,3150,63,0.1111111111111111,0.09990138168217569,0.11111111111111109,0.0,0.1111111111111111,0.09904761904761905,b5513b152478062e6f1a4bcc19a185d18082c80401ff48c33f1d1aae865b65ea
500,500 labels,TARGET_ASSISTED_LABELLED_TARGET_CALIBRATION,TARGET_ONLY_COSINE_PROTOTYPE,42,405019,3150,63,0.11142857142857143,0.10004259911198554,0.11142857142857143,0.0,0.1111111111111111,0.09904761904761905,786abf5e01aa23d81461d51fdb8f13aa0485f0c8e4759c3d734d64b1bba9e289
500,500 labels,TARGET_ASSISTED_LABELLED_TARGET_CALIBRATION,TARGET_ONLY_COSINE_PROTOTYPE,42,430007,3150,63,0.11238095238095239,0.10080039654417004,0.11238095238095237,0.0,0.1111111111111111,0.0988095238095238,bb2a41bf72b0d3da69c6b55a0263efbfd40323c567d6c188d8404a76ac2d1877
500,500 labels,TARGET_ASSISTED_LABELLED_TARGET_CALIBRATION,TARGET_ONLY_COSINE_PROTOTYPE,42,455003,3150,63,0.11238095238095239,0.10198273989276053,0.11238095238095237,0.0,0.1111111111111111,0.09999999999999999,86069ebda5b5d36134ca436beea5b8de46be343eb0a2d6275dbffc3a97c6be70
500,500 labels,TARGET_ASSISTED_LABELLED_TARGET_CALIBRATION,TARGET_ONLY_COSINE_PROTOTYPE,42,480017,3150,63,0.11238095238095239,0.10018461033710867,0.11238095238095237,0.0,0.1111111111111111,0.09785714285714286,18961929728be8d26de3b28bee1ea69f760f50e517e248118d9fd31bd9872241
500,500 labels,TARGET_ASSISTED_LABELLED_TARGET_CALIBRATION,TARGET_ONLY_COSINE_PROTOTYPE,42,505027,3150,63,0.11238095238095239,0.10208438142507258,0.11238095238095237,0.0,0.1111111111111111,0.09999999999999999,8efcef4635f0a73a2b7db281d9ffaea62a646419ab5ee92bf267c4b3ff84277e
500,500 labels,TARGET_ASSISTED_LABELLED_TARGET_CALIBRATION,TARGET_ONLY_COSINE_PROTOTYPE,42,530017,3150,63,0.11238095238095239,0.10194715987616838,0.11238095238095237,0.0,0.1111111111111111,0.09999999999999999,2f4d4970f9a0cc6c073db100d79f5fac46da0152170f437d70c8cc471ccd0e79
500,500 labels,TARGET_ASSISTED_LABELLED_TARGET_CALIBRATION,TARGET_ONLY_COSINE_PROTOTYPE,42,555029,3150,63,0.11238095238095239,0.10094207064630845,0.11238095238095237,0.0,0.1111111111111111,0.09904761904761905,386dd96e23d9672a667a0b9faa119f057d73f461c91501f7e350aa19f861a34d
500,500 labels,TARGET_ASSISTED_LABELLED_TARGET_CALIBRATION,TARGET_ONLY_COSINE_PROTOTYPE,42,580031,3150,63,0.11238095238095239,0.10216334792271783,0.11238095238095237,0.0,0.1111111111111111,0.09904761904761905,b165157a3586f8a917c7a75d38f4ff0fd9d50bd0299f19dd91c43432ced8bd4e
500,500 labels,TARGET_ASSISTED_LABELLED_TARGET_CALIBRATION,TARGET_ONLY_COSINE_PROTOTYPE,43,104729,3150,63,0.11936507936507937,0.10863284735870958,0.11936507936507935,0.0,0.12698412698412698,0.11509971509971509,e76b38a8f01157c2c855ad41f68508ecb19c1e0d0a045e3057cb143358513d93
500,500 labels,TARGET_ASSISTED_LABELLED_TARGET_CALIBRATION,TARGET_ONLY_COSINE_PROTOTYPE,43,130363,3150,63,0.11936507936507937,0.10501875797011141,0.11936507936507935,0.0,0.12698412698412698,0.11073463573463574,45069f6588f40b1c9373af077fce6982e9924961bfaf1bf3e49fc900074a90f4
500,500 labels,TARGET_ASSISTED_LABELLED_TARGET_CALIBRATION,TARGET_ONLY_COSINE_PROTOTYPE,43,155921,3150,63,0.12666666666666668,0.11499612076558509,0.12666666666666668,0.0,0.12698412698412698,0.11125034809245335,8cef4317e128ccac03a97a7d7cf0586c49fa15ca3c1aa6840bbcbf99bfa8a7e6
500,500 labels,TARGET_ASSISTED_LABELLED_TARGET_CALIBRATION,TARGET_ONLY_COSINE_PROTOTYPE,43,181081,3150,63,0.1219047619047619,0.11065184201354351,0.12190476190476192,0.0,0.12698412698412698,0.11440940012368583,437d9262a92477e45c8292167794bc349990cfc0758f41717213c9bc793a5215
500,500 labels,TARGET_ASSISTED_LABELLED_TARGET_CALIBRATION,TARGET_ONLY_COSINE_PROTOTYPE,43,205439,3150,63,0.10476190476190476,0.0948413404382413,0.10476190476190475,0.0,0.1111111111111111,0.1000751879699248,d258935bb2c01d0914697d4c1369bf4d5bad09887a052584a9cdd3bea9f1b73f
500,500 labels,TARGET_ASSISTED_LABELLED_TARGET_CALIBRATION,TARGET_ONLY_COSINE_PROTOTYPE,43,230003,3150,63,0.13111111111111112,0.11873672047490198,0.13111111111111112,0.0,0.14285714285714285,0.12804232804232804,1e8c29062d1d3b40e79d6f0e5546c0db832b476159839c131c7db216a83058c5
500,500 labels,TARGET_ASSISTED_LABELLED_TARGET_CALIBRATION,TARGET_ONLY_COSINE_PROTOTYPE,43,254959,3150,63,0.11936507936507937,0.10659619913277678,0.11936507936507935,0.0,0.12698412698412698,0.11212647002120686,a1bb475a675042237a9f3e4073c420183c4e7bb8598310a9edf67c7e0bf0f6c0
500,500 labels,TARGET_ASSISTED_LABELLED_TARGET_CALIBRATION,TARGET_ONLY_COSINE_PROTOTYPE,43,280001,3150,63,0.13777777777777778,0.12151872644124793,0.13777777777777778,0.0,0.14285714285714285,0.12328042328042328,74b2b40c185bd7ed88b460c72b8c325593bb517527390aa612ce5bb711dca1c6
500,500 labels,TARGET_ASSISTED_LABELLED_TARGET_CALIBRATION,TARGET_ONLY_COSINE_PROTOTYPE,43,305093,3150,63,0.12476190476190477,0.11480628960836348,0.12476190476190475,0.0,0.12698412698412698,0.11375661375661375,c8f17d164110be71aabe9ddaa0a577ac50ea39101fd869193404521ef93745f5
500,500 labels,TARGET_ASSISTED_LABELLED_TARGET_CALIBRATION,TARGET_ONLY_COSINE_PROTOTYPE,43,330017,3150,63,0.13682539682539682,0.12132812761635971,0.13682539682539682,0.0,0.14285714285714285,0.12481103552532123,e4ffc23d9e238f888234bf0099be51ccb508ad4d59af95189885eccf59314365
500,500 labels,TARGET_ASSISTED_LABELLED_TARGET_CALIBRATION,TARGET_ONLY_COSINE_PROTOTYPE,43,355031,3150,63,0.10444444444444445,0.09576506214172012,0.10444444444444444,0.0,0.1111111111111111,0.10130752705940675,a3cf61be693cde3b3a495ffb43626170239c6ea3086102a66635c488dfdcea8f
500,500 labels,TARGET_ASSISTED_LABELLED_TARGET_CALIBRATION,TARGET_ONLY_COSINE_PROTOTYPE,43,380041,3150,63,0.11015873015873016,0.09499038289931601,0.11015873015873015,0.0,0.1111111111111111,0.09287749287749289,f635690758392d05b1c6454b6554bd5223dedd5a76957d8a9af0ba568042cbe4
500,500 labels,TARGET_ASSISTED_LABELLED_TARGET_CALIBRATION,TARGET_ONLY_COSINE_PROTOTYPE,43,405019,3150,63,0.133015873015873,0.12067503282707241,0.133015873015873,0.0,0.14285714285714285,0.12846646530857056,80ec8e54021ce3d6ab8881bc4cefe92615687df4d882b2dcdce3d16caca03a38
500,500 labels,TARGET_ASSISTED_LABELLED_TARGET_CALIBRATION,TARGET_ONLY_COSINE_PROTOTYPE,43,430007,3150,63,0.08888888888888889,0.08560275126571947,0.08888888888888889,0.0,0.09523809523809523,0.09119763694951666,58145328edd555b4328d502192ee2a8f54b86d74e3ecf9dd1067b0d782de646f
500,500 labels,TARGET_ASSISTED_LABELLED_TARGET_CALIBRATION,TARGET_ONLY_COSINE_PROTOTYPE,43,455003,3150,63,0.11904761904761904,0.10569769371918049,0.11904761904761905,0.0,0.12698412698412698,0.11192511192511193,9f28aca9209b524ccac86f87eeb38ab457d5254ada909521101f4e1814217619
500,500 labels,TARGET_ASSISTED_LABELLED_TARGET_CALIBRATION,TARGET_ONLY_COSINE_PROTOTYPE,43,480017,3150,63,0.10539682539682539,0.08809541753437906,0.10539682539682539,0.0,0.1111111111111111,0.09281139356327325,bb978dcb3f427efdb5ddf5e4b845d5749254888cff55b5ad642e41d14999b40e
500,500 labels,TARGET_ASSISTED_LABELLED_TARGET_CALIBRATION,TARGET_ONLY_COSINE_PROTOTYPE,43,505027,3150,63,0.12380952380952381,0.11194448340754641,0.12380952380952381,0.0,0.12698412698412698,0.11341485025695551,c4c6841a50b6dd639ce11ac25b0fdb57458aaf873d6312c5b2057cf51d4de88f
500,500 labels,TARGET_ASSISTED_LABELLED_TARGET_CALIBRATION,TARGET_ONLY_COSINE_PROTOTYPE,43,530017,3150,63,0.10634920634920635,0.09722870079869739,0.10634920634920635,0.0,0.1111111111111111,0.10137362637362637,a8f55e5b2734a345927e00d9585744f1ead10ba018e04165ed6e1f52913f0098
500,500 labels,TARGET_ASSISTED_LABELLED_TARGET_CALIBRATION,TARGET_ONLY_COSINE_PROTOTYPE,43,555029,3150,63,0.1219047619047619,0.10991485719307852,0.12190476190476192,0.0,0.12698412698412698,0.11341485025695551,e63175118659995c9e144ce885d2bbf09c838e73cfd8d4f4221fcfd2437ea94d
500,500 labels,TARGET_ASSISTED_LABELLED_TARGET_CALIBRATION,TARGET_ONLY_COSINE_PROTOTYPE,43,580031,3150,63,0.11015873015873016,0.09721347486705098,0.11015873015873015,0.0,0.1111111111111111,0.09605209605209605,4cb727edaec6136462b194ee807e3c331afa81903865f59a9fb5c3bf3a84702f
500,500 labels,TARGET_ASSISTED_LABELLED_TARGET_CALIBRATION,TARGET_ONLY_COSINE_PROTOTYPE,44,104729,3150,63,0.1346031746031746,0.133223357980277,0.1346031746031746,0.0,0.12698412698412698,0.12390898575109101,9d1aa9da2419ce1628716266caed811f36bde26e12ace13f5011b455be8508bf
500,500 labels,TARGET_ASSISTED_LABELLED_TARGET_CALIBRATION,TARGET_ONLY_COSINE_PROTOTYPE,44,130363,3150,63,0.1273015873015873,0.12456882136952843,0.1273015873015873,0.0,0.12698412698412698,0.12292093871041239,68e8c9bda4bd85d2d68c134fcab60679a5ce4190995fccc97c4aa5ff1f13f41e
500,500 labels,TARGET_ASSISTED_LABELLED_TARGET_CALIBRATION,TARGET_ONLY_COSINE_PROTOTYPE,44,155921,3150,63,0.11777777777777777,0.11978029418482732,0.11777777777777777,0.0,0.12698412698412698,0.1307095859525527,398b0c8a8b219bc5ac841b8fc1fe793ff2d0100bef3a4109c026860e35dbc62d
500,500 labels,TARGET_ASSISTED_LABELLED_TARGET_CALIBRATION,TARGET_ONLY_COSINE_PROTOTYPE,44,181081,3150,63,0.1349206349206349,0.13872930723042112,0.1349206349206349,0.0,0.14285714285714285,0.1477313069216421,66555d50cfed5fa7722ab278d3d1da13b0d22d3361024829fc576b7a6d118023
500,500 labels,TARGET_ASSISTED_LABELLED_TARGET_CALIBRATION,TARGET_ONLY_COSINE_PROTOTYPE,44,205439,3150,63,0.11079365079365079,0.11062227750136919,0.11079365079365079,0.0,0.1111111111111111,0.11006186795660479,a66bd59e1d4a8073b68bfc181a7b691e9d63ad1b4b40b566048ab211f5b542f9
500,500 labels,TARGET_ASSISTED_LABELLED_TARGET_CALIBRATION,TARGET_ONLY_COSINE_PROTOTYPE,44,230003,3150,63,0.1288888888888889,0.13344761275021874,0.1288888888888889,0.0,0.14285714285714285,0.14978870336013195,2900205202e9671ed7775a0b0e48f3e2ebe954c601117e419442e78686467ca0
500,500 labels,TARGET_ASSISTED_LABELLED_TARGET_CALIBRATION,TARGET_ONLY_COSINE_PROTOTYPE,44,254959,3150,63,0.10634920634920635,0.10570331737172198,0.10634920634920635,0.0,0.1111111111111111,0.11067977915804002,695916943e48d62fcaf226998415bffada3d1f0d5873e0409feed0f1ca1c2965
500,500 labels,TARGET_ASSISTED_LABELLED_TARGET_CALIBRATION,TARGET_ONLY_COSINE_PROTOTYPE,44,280001,3150,63,0.1326984126984127,0.13087853848946326,0.1326984126984127,0.0,0.12698412698412698,0.1230880230880231,1c898e26d63439771c93df01886f0730633a07606c620052dea9bef67c773e16
500,500 labels,TARGET_ASSISTED_LABELLED_TARGET_CALIBRATION,TARGET_ONLY_COSINE_PROTOTYPE,44,305093,3150,63,0.14888888888888888,0.1555868402698287,0.14888888888888888,0.0,0.15873015873015872,0.16543834925274456,574f06c39c66c62118766cd8d324d4f03268d1f96b014679b97a213bd55dbf06
500,500 labels,TARGET_ASSISTED_LABELLED_TARGET_CALIBRATION,TARGET_ONLY_COSINE_PROTOTYPE,44,330017,3150,63,0.11333333333333333,0.11372824162179082,0.11333333333333333,0.0,0.12698412698412698,0.13155599621765035,499f559c81138abc09c67f67e72ad48bbcb0d70e41d58c46b72ddcef25423d9c
500,500 labels,TARGET_ASSISTED_LABELLED_TARGET_CALIBRATION,TARGET_ONLY_COSINE_PROTOTYPE,44,355031,3150,63,0.11904761904761904,0.12315693132899157,0.11904761904761905,0.0,0.12698412698412698,0.1324384299174215,7261e1e07c8c7c7c1d422190ba3e67102b81f1ca70b6dead868c51dd2e9b7ce0
500,500 labels,TARGET_ASSISTED_LABELLED_TARGET_CALIBRATION,TARGET_ONLY_COSINE_PROTOTYPE,44,380041,3150,63,0.12984126984126984,0.13089710243005445,0.12984126984126984,0.0,0.12698412698412698,0.12665945165945164,2de74474569300e048fc0fe5454213f80f1e8242c33129232fe0fb710a585cf4
500,500 labels,TARGET_ASSISTED_LABELLED_TARGET_CALIBRATION,TARGET_ONLY_COSINE_PROTOTYPE,44,405019,3150,63,0.11714285714285715,0.11887691942702863,0.11714285714285713,0.0,0.1111111111111111,0.11132331720567014,470231f06acf1560343cb452a2bad8f0a4c94b805e9cc4162b42754abbe75827
500,500 labels,TARGET_ASSISTED_LABELLED_TARGET_CALIBRATION,TARGET_ONLY_COSINE_PROTOTYPE,44,430007,3150,63,0.10984126984126984,0.1091309013159635,0.10984126984126984,0.0,0.1111111111111111,0.1096524734295632,eaa918db90c0ee1fc4b23219350879ea1894c9297fa4338c773e3031740048cd
500,500 labels,TARGET_ASSISTED_LABELLED_TARGET_CALIBRATION,TARGET_ONLY_COSINE_PROTOTYPE,44,455003,3150,63,0.13523809523809524,0.1368474117805678,0.13523809523809524,0.0,0.14285714285714285,0.1464091464091464,6733056a7b279cc5dfc3770804ebadfa18db7d0b6256fe92537908e8e64a0e9d
500,500 labels,TARGET_ASSISTED_LABELLED_TARGET_CALIBRATION,TARGET_ONLY_COSINE_PROTOTYPE,44,480017,3150,63,0.11047619047619048,0.11005197415364178,0.11047619047619048,0.0,0.1111111111111111,0.10973863229502326,c0beb3919f37391331002cedda33622a32b85079193a56f07b5e25272aa05bb2
500,500 labels,TARGET_ASSISTED_LABELLED_TARGET_CALIBRATION,TARGET_ONLY_COSINE_PROTOTYPE,44,505027,3150,63,0.11047619047619048,0.11179494254959008,0.11047619047619048,0.0,0.1111111111111111,0.1115077609991365,49f84073cc96a5006173fdd6366982e3f73bb6e95feb4777e6cc8c8f8172f7fd
500,500 labels,TARGET_ASSISTED_LABELLED_TARGET_CALIBRATION,TARGET_ONLY_COSINE_PROTOTYPE,44,530017,3150,63,0.12825396825396826,0.1329242049621978,0.12825396825396826,0.0,0.12698412698412698,0.13146983735219028,891c5184ff04bb79ed4bdc46fd00c5a08211895e24704c660c84c928a4803045
500,500 labels,TARGET_ASSISTED_LABELLED_TARGET_CALIBRATION,TARGET_ONLY_COSINE_PROTOTYPE,44,555029,3150,63,0.11047619047619048,0.10799828330711457,0.11047619047619048,0.0,0.1111111111111111,0.10782097159806138,93b8eaa04051208eb543d0fa8c0c497d353eb56c23ac97f4333ecdd1d73eb9e8
500,500 labels,TARGET_ASSISTED_LABELLED_TARGET_CALIBRATION,TARGET_ONLY_COSINE_PROTOTYPE,44,580031,3150,63,0.11047619047619048,0.1109521719735408,0.11047619047619048,0.0,0.1111111111111111,0.11070289359763043,d98261370521f82150c47e8f3ff11d8424ecef98ec6584cab788975ffa091a06
500,500 labels,TARGET_ASSISTED_LABELLED_TARGET_CALIBRATION,TARGET_ONLY_COSINE_PROTOTYPE,45,104729,3150,63,0.11682539682539683,0.10320124100835104,0.11682539682539683,0.0,0.1111111111111111,0.09438732014544948,d595b86997999f1bde9ade02ab60888b98f86cf5a003d07f839daa35b27c0343
500,500 labels,TARGET_ASSISTED_LABELLED_TARGET_CALIBRATION,TARGET_ONLY_COSINE_PROTOTYPE,45,130363,3150,63,0.1403174603174603,0.12858834285412185,0.1403174603174603,0.0,0.14285714285714285,0.13112796952911945,6d735f89b88468fdf46d967afb85c5f51fa3f761cd12f92adecffa420bd552f8
500,500 labels,TARGET_ASSISTED_LABELLED_TARGET_CALIBRATION,TARGET_ONLY_COSINE_PROTOTYPE,45,155921,3150,63,0.1253968253968254,0.11446596503322445,0.1253968253968254,0.0,0.12698412698412698,0.11687742082478925,8f70042282636a011db712ff3b346b1b125e0283736f8a56fd0212edbe887977
500,500 labels,TARGET_ASSISTED_LABELLED_TARGET_CALIBRATION,TARGET_ONLY_COSINE_PROTOTYPE,45,181081,3150,63,0.11174603174603175,0.09778796771202514,0.11174603174603175,0.0,0.1111111111111111,0.09676166701338326,48db6b1155d593eaa543e15aed3c1ed46450bf17dc7a26634c32f5159db17fad
500,500 labels,TARGET_ASSISTED_LABELLED_TARGET_CALIBRATION,TARGET_ONLY_COSINE_PROTOTYPE,45,205439,3150,63,0.11142857142857143,0.09762409092273361,0.11142857142857142,0.0,0.1111111111111111,0.09640661271096053,5040f949a99740e11f43ac66b9cf663aa1cc885f66fa55adbe1376daa1c2ef05
500,500 labels,TARGET_ASSISTED_LABELLED_TARGET_CALIBRATION,TARGET_ONLY_COSINE_PROTOTYPE,45,230003,3150,63,0.11587301587301588,0.10070367655001886,0.11587301587301588,0.0,0.1111111111111111,0.09618962001276483,7e33fb6f26a2792093259fefafd9af6240554b8f26f04a24bb2933946ff5b171
500,500 labels,TARGET_ASSISTED_LABELLED_TARGET_CALIBRATION,TARGET_ONLY_COSINE_PROTOTYPE,45,254959,3150,63,0.13968253968253969,0.12882308967973696,0.13968253968253969,0.0,0.14285714285714285,0.13197078567922557,428501f93a47968df35592e5a006b079783d9f3966144057a8682c5863a341cc
500,500 labels,TARGET_ASSISTED_LABELLED_TARGET_CALIBRATION,TARGET_ONLY_COSINE_PROTOTYPE,45,280001,3150,63,0.13777777777777778,0.11879380202771903,0.13777777777777778,0.0,0.14285714285714285,0.12152685635657774,3defb1c73ee9d84fcb795c55aea73ad4ea4b2e0a258bfb7b3ada90c995a7a12c
500,500 labels,TARGET_ASSISTED_LABELLED_TARGET_CALIBRATION,TARGET_ONLY_COSINE_PROTOTYPE,45,305093,3150,63,0.12698412698412698,0.11381031294819224,0.12698412698412698,0.0,0.12698412698412698,0.1134701047744526,aeab04c556ffc4dd310f714bc656adf73624f6b2b5d45d7adddb33afbfa18f58
500,500 labels,TARGET_ASSISTED_LABELLED_TARGET_CALIBRATION,TARGET_ONLY_COSINE_PROTOTYPE,45,330017,3150,63,0.11365079365079366,0.09702861614647326,0.11365079365079366,0.0,0.1111111111111111,0.0953561925428933,a7b63fa5d4ed29ccbab1321a4a0d8c431db2aea004d39f795c00f99e4e0f6f5d
500,500 labels,TARGET_ASSISTED_LABELLED_TARGET_CALIBRATION,TARGET_ONLY_COSINE_PROTOTYPE,45,355031,3150,63,0.10984126984126984,0.0935936638820135,0.10984126984126984,0.0,0.1111111111111111,0.09442248572683355,1d565bbfbb0c57f00d2cf4f6e8482c22ff50083e951f65b8e096728c00e4b6f0
500,500 labels,TARGET_ASSISTED_LABELLED_TARGET_CALIBRATION,TARGET_ONLY_COSINE_PROTOTYPE,45,380041,3150,63,0.13333333333333333,0.11738978634623985,0.13333333333333333,0.0,0.12698412698412698,0.11240792551678461,a6b25155000204636058b6c7c458832a07b249ceb5fb9dc6a8b7880016c945d4
500,500 labels,TARGET_ASSISTED_LABELLED_TARGET_CALIBRATION,TARGET_ONLY_COSINE_PROTOTYPE,45,405019,3150,63,0.11174603174603175,0.09733321823189278,0.11174603174603175,0.0,0.1111111111111111,0.09618962001276483,d45fe0c824c2ee3f2ef78a6805cb4ed1c7642282f0c30c6d11cde9f007d5e770
500,500 labels,TARGET_ASSISTED_LABELLED_TARGET_CALIBRATION,TARGET_ONLY_COSINE_PROTOTYPE,45,430007,3150,63,0.11174603174603175,0.09818848581138997,0.11174603174603175,0.0,0.1111111111111111,0.09702504190081829,94c7624418740babc61859dc2d6b97fc4e8c39e66d4db9364c22be343fb58823
500,500 labels,TARGET_ASSISTED_LABELLED_TARGET_CALIBRATION,TARGET_ONLY_COSINE_PROTOTYPE,45,455003,3150,63,0.12666666666666668,0.11162800556522588,0.12666666666666668,0.0,0.12698412698412698,0.11101221571771348,ad7c41d1c46c980d7dffb2f1ef5a0a5d99c3c9f77eb8a38ce057616f8728f55f
500,500 labels,TARGET_ASSISTED_LABELLED_TARGET_CALIBRATION,TARGET_ONLY_COSINE_PROTOTYPE,45,480017,3150,63,0.10984126984126984,0.09349789493135008,0.10984126984126984,0.0,0.1111111111111111,0.09420549302863786,0a794be04382ca5c5948c2ea1e7227c9073bff392254df1e8a7b5d4c6e273dd4
500,500 labels,TARGET_ASSISTED_LABELLED_TARGET_CALIBRATION,TARGET_ONLY_COSINE_PROTOTYPE,45,505027,3150,63,0.11142857142857143,0.09647439070601496,0.11142857142857142,0.0,0.1111111111111111,0.09504091491669131,174f58aa544d73f3fef481171be4098d22ffbb83f2bedce103285ac865150e9e
500,500 labels,TARGET_ASSISTED_LABELLED_TARGET_CALIBRATION,TARGET_ONLY_COSINE_PROTOTYPE,45,530017,3150,63,0.10952380952380952,0.09405373954559335,0.10952380952380954,0.0,0.1111111111111111,0.0953561925428933,cc714468e7499c343889c3d0fce4000fdc7b383614ee442e06d882e62be826aa
500,500 labels,TARGET_ASSISTED_LABELLED_TARGET_CALIBRATION,TARGET_ONLY_COSINE_PROTOTYPE,45,555029,3150,63,0.11333333333333333,0.09976492151616424,0.11333333333333333,0.0,0.1111111111111111,0.09812221123107033,7003a884f8c1dd9a258da25a33183654c301fe8965dde48aa3e3b41532e40a65
500,500 labels,TARGET_ASSISTED_LABELLED_TARGET_CALIBRATION,TARGET_ONLY_COSINE_PROTOTYPE,45,580031,3150,63,0.12761904761904763,0.10834159959957325,0.1276190476190476,0.0,0.12698412698412698,0.106859410430839,7e00c04d8cbf064437dd522259c380adc2faa05a776cd1b37e6f534e8d33e3f2
500,500 labels,TARGET_ASSISTED_LABELLED_TARGET_CALIBRATION,TARGET_ONLY_COSINE_PROTOTYPE,46,104729,3150,63,0.11428571428571428,0.07225890232757723,0.1142857142857143,0.0,0.1111111111111111,0.0670995670995671,dfd87198d34106e5abdff5ef06bcb2a4a3e3e676913e39eb23019b8efe09b352
500,500 labels,TARGET_ASSISTED_LABELLED_TARGET_CALIBRATION,TARGET_ONLY_COSINE_PROTOTYPE,46,130363,3150,63,0.13238095238095238,0.0986693033717327,0.13238095238095238,0.0,0.12698412698412698,0.0896358543417367,b67b78f783cc44f9824f13175c1ed6f4eabe8629f1015cd27806fcd165f5cded
500,500 labels,TARGET_ASSISTED_LABELLED_TARGET_CALIBRATION,TARGET_ONLY_COSINE_PROTOTYPE,46,155921,3150,63,0.11047619047619048,0.06697844482515398,0.11047619047619049,0.0,0.1111111111111111,0.0670995670995671,9e2e511fcd548e4101f7274e64fd04e0ca54674d3dafb9181580f3e3d5e13285
500,500 labels,TARGET_ASSISTED_LABELLED_TARGET_CALIBRATION,TARGET_ONLY_COSINE_PROTOTYPE,46,181081,3150,63,0.1253968253968254,0.09808415753116141,0.12539682539682542,0.0,0.12698412698412698,0.10048701298701299,852d11acc9e6cbd40b925f4dd209c8b890ec6d7a250e20526495318cd7625df0
500,500 labels,TARGET_ASSISTED_LABELLED_TARGET_CALIBRATION,TARGET_ONLY_COSINE_PROTOTYPE,46,205439,3150,63,0.11047619047619048,0.06719558936033604,0.11047619047619048,0.0,0.1111111111111111,0.0670995670995671,884140de15a4f0c6353eb8a451ffd046467966ae5301954a4767acad7485abb4
500,500 labels,TARGET_ASSISTED_LABELLED_TARGET_CALIBRATION,TARGET_ONLY_COSINE_PROTOTYPE,46,230003,3150,63,0.1273015873015873,0.0781513759281944,0.1273015873015873,0.0,0.12698412698412698,0.07757575757575756,2eec4ebf75c6f4d5eb0a0b120f53671cab0516d9d88119c73f7ff1e4c7023d63
500,500 labels,TARGET_ASSISTED_LABELLED_TARGET_CALIBRATION,TARGET_ONLY_COSINE_PROTOTYPE,46,254959,3150,63,0.11142857142857143,0.06763896049831344,0.11142857142857143,0.0,0.1111111111111111,0.0670995670995671,703bbac348fe6858389176520500f2ab14bf8597e5c2da3cee25cc6c9a6e0c45
500,500 labels,TARGET_ASSISTED_LABELLED_TARGET_CALIBRATION,TARGET_ONLY_COSINE_PROTOTYPE,46,280001,3150,63,0.11142857142857143,0.08038546612360177,0.11142857142857143,0.0,0.1111111111111111,0.08008658008658008,1f755e3c1f40f5a81caf1cfc325a7e49dd1cd6ac4d4901556ab6e384bd316ebb
500,500 labels,TARGET_ASSISTED_LABELLED_TARGET_CALIBRATION,TARGET_ONLY_COSINE_PROTOTYPE,46,305093,3150,63,0.11047619047619048,0.07864432744411667,0.11047619047619049,0.0,0.1111111111111111,0.0795219273480143,d1b83b4a276f21545be70bfea3c7e93ee1c5cbde72315b1a937342da56d78a5e
500,500 labels,TARGET_ASSISTED_LABELLED_TARGET_CALIBRATION,TARGET_ONLY_COSINE_PROTOTYPE,46,330017,3150,63,0.11047619047619048,0.07924315743613576,0.11047619047619049,0.0,0.1111111111111111,0.08008658008658008,46adf6aad9a943ad672224e412c5d109ef174c3308c54511f431aa8cc138c77d
500,500 labels,TARGET_ASSISTED_LABELLED_TARGET_CALIBRATION,TARGET_ONLY_COSINE_PROTOTYPE,46,355031,3150,63,0.11142857142857143,0.06763896049831344,0.11142857142857143,0.0,0.1111111111111111,0.0670995670995671,1173ca7500d06bb10b129e2866b33d70b847834f950fa872bd246d17ce488836
500,500 labels,TARGET_ASSISTED_LABELLED_TARGET_CALIBRATION,TARGET_ONLY_COSINE_PROTOTYPE,46,380041,3150,63,0.11238095238095239,0.06886234599940773,0.11238095238095239,0.0,0.1111111111111111,0.0670995670995671,cbc2a725b88a490c1f5964aaa144be247f26a908178c000be7fde29e4c9cce6e
500,500 labels,TARGET_ASSISTED_LABELLED_TARGET_CALIBRATION,TARGET_ONLY_COSINE_PROTOTYPE,46,405019,3150,63,0.11238095238095239,0.06899546948675842,0.11238095238095239,0.0,0.1111111111111111,0.0670995670995671,e6bb8e2be5f77c128b1d255bccaf861c1b090d716ee3711f16a308083e9123ce
500,500 labels,TARGET_ASSISTED_LABELLED_TARGET_CALIBRATION,TARGET_ONLY_COSINE_PROTOTYPE,46,430007,3150,63,0.11142857142857143,0.06796296215882194,0.11142857142857143,0.0,0.1111111111111111,0.0670995670995671,0ad16be35f6d79695c40189db7d1786249713af46dd99f260540f1aa84caf5e6
500,500 labels,TARGET_ASSISTED_LABELLED_TARGET_CALIBRATION,TARGET_ONLY_COSINE_PROTOTYPE,46,455003,3150,63,0.1273015873015873,0.08762270244465785,0.1273015873015873,0.0,0.12698412698412698,0.08718238283455675,64429520f09274e8b6ffe5f4272d282b9e0249d6f372b384358a5fb7fd794604
500,500 labels,TARGET_ASSISTED_LABELLED_TARGET_CALIBRATION,TARGET_ONLY_COSINE_PROTOTYPE,46,480017,3150,63,0.11142857142857143,0.06845802622492522,0.11142857142857143,0.0,0.1111111111111111,0.06845238095238095,d63ce82074e11e208da1467308fd5360e01a2ffadcc9a1d3473fa9c74fc32abd
500,500 labels,TARGET_ASSISTED_LABELLED_TARGET_CALIBRATION,TARGET_ONLY_COSINE_PROTOTYPE,46,505027,3150,63,0.11841269841269841,0.08452440586806911,0.11841269841269841,0.0,0.12698412698412698,0.09090909090909091,4a95940fb311fa9fada878a1baa0590f2e548063ca2541ded927b9d37fdb52d4
500,500 labels,TARGET_ASSISTED_LABELLED_TARGET_CALIBRATION,TARGET_ONLY_COSINE_PROTOTYPE,46,530017,3150,63,0.11047619047619048,0.07899511521751378,0.11047619047619049,0.0,0.1111111111111111,0.0795219273480143,93e51525ee2020e57fe8118527dc1d0fc65f0244cbc8729ce83a2cdc5a33f71a
500,500 labels,TARGET_ASSISTED_LABELLED_TARGET_CALIBRATION,TARGET_ONLY_COSINE_PROTOTYPE,46,555029,3150,63,0.09746031746031746,0.05761762732742318,0.09746031746031747,0.0,0.09523809523809523,0.055712403538490496,b753872aba8bff88cc6fb433210ec7b0579fcc66b01914686e5a06a3d510d724
500,500 labels,TARGET_ASSISTED_LABELLED_TARGET_CALIBRATION,TARGET_ONLY_COSINE_PROTOTYPE,46,580031,3150,63,0.1273015873015873,0.07905638499584242,0.1273015873015873,0.0,0.12698412698412698,0.079004329004329,214b53dbae352ba506ab95d52165d2bd793f08a7262571b0a6448c7ac9f3ca54
