arm,held_position,fold_id,episode_id,episode_family,episode_local,source_seed,learning_rate,encoder_weight_decay,epochs,finetuning_seed,support_rows,query_rows,support_macro_f1,query_macro_f1,query_accuracy,query_balanced_accuracy,query_worst_class_f1,query_recall_by_class,encoder_displacement_frobenius,all_objectives_finite
PARTIAL_FT,P1,S1,0,A,0,42,1e-05,0.0,5,2560509951,35,1400,0.4880230880230881,0.17900266156981903,0.21428571428571427,0.21428571428571427,0.0,0.0|0.25|0.0|0.75|0.25|0.0|0.25,0.015095919450167644,True
PARTIAL_FT,P1,S1,0,A,0,42,1e-05,0.0,10,2560509951,35,1400,0.4524531024531025,0.17900266156981903,0.21428571428571427,0.21428571428571427,0.0,0.0|0.25|0.0|0.75|0.25|0.0|0.25,0.02943527834058202,True
PARTIAL_FT,P1,S1,0,A,0,42,1e-05,0.0,20,2560509951,35,1400,0.4880230880230881,0.17900266156981903,0.21428571428571427,0.21428571428571427,0.0,0.0|0.25|0.0|0.75|0.25|0.0|0.25,0.05765290106582184,True
PARTIAL_FT,P1,S1,0,A,0,42,1e-05,0.0001,5,4202014137,35,1400,0.4880230880230881,0.17900266156981903,0.21428571428571427,0.21428571428571427,0.0,0.0|0.25|0.0|0.75|0.25|0.0|0.25,0.015095919450167644,True
PARTIAL_FT,P1,S1,0,A,0,42,1e-05,0.0001,10,4202014137,35,1400,0.4524531024531025,0.17900266156981903,0.21428571428571427,0.21428571428571427,0.0,0.0|0.25|0.0|0.75|0.25|0.0|0.25,0.02943527834058202,True
PARTIAL_FT,P1,S1,0,A,0,42,1e-05,0.0001,20,4202014137,35,1400,0.4880230880230881,0.17900266156981903,0.21428571428571427,0.21428571428571427,0.0,0.0|0.25|0.0|0.75|0.25|0.0|0.25,0.05765290106582184,True
PARTIAL_FT,P1,S1,0,A,0,42,3e-05,0.0,5,154255204,35,1400,0.4524531024531025,0.17900266156981903,0.21428571428571427,0.21428571428571427,0.0,0.0|0.25|0.0|0.75|0.25|0.0|0.25,0.042907435287092933,True
PARTIAL_FT,P1,S1,0,A,0,42,3e-05,0.0,10,154255204,35,1400,0.5145743145743146,0.1789379053731565,0.21428571428571427,0.21428571428571427,0.0,0.0|0.25|0.0|0.75|0.25|0.0|0.25,0.08419001986047202,True
PARTIAL_FT,P1,S1,0,A,0,42,3e-05,0.0,20,154255204,35,1400,0.5113997113997114,0.17779145283512943,0.21428571428571427,0.21428571428571427,0.0,0.0|0.25|0.0|0.75|0.25|0.0|0.25,0.167396009893853,True
PARTIAL_FT,P1,S1,0,A,0,42,3e-05,0.0001,5,360006429,35,1400,0.4524531024531025,0.17900266156981903,0.21428571428571427,0.21428571428571427,0.0,0.0|0.25|0.0|0.75|0.25|0.0|0.25,0.042907435287092933,True
PARTIAL_FT,P1,S1,0,A,0,42,3e-05,0.0001,10,360006429,35,1400,0.5145743145743146,0.1789379053731565,0.21428571428571427,0.21428571428571427,0.0,0.0|0.25|0.0|0.75|0.25|0.0|0.25,0.08419001986047202,True
PARTIAL_FT,P1,S1,0,A,0,42,3e-05,0.0001,20,360006429,35,1400,0.5113997113997114,0.17779145283512943,0.21428571428571427,0.21428571428571427,0.0,0.0|0.25|0.0|0.75|0.25|0.0|0.25,0.167396009893853,True
PARTIAL_FT,P1,S1,0,A,0,42,0.0001,0.0,5,354000433,35,1400,0.5113997113997114,0.17779145283512943,0.21428571428571427,0.21428571428571427,0.0,0.0|0.25|0.0|0.75|0.25|0.0|0.25,0.12959042966413026,True
PARTIAL_FT,P1,S1,0,A,0,42,0.0001,0.0,10,354000433,35,1400,0.5113997113997114,0.17779145283512943,0.21428571428571427,0.21428571428571427,0.0,0.0|0.25|0.0|0.75|0.25|0.0|0.25,0.2572461467918833,True
PARTIAL_FT,P1,S1,0,A,0,42,0.0001,0.0,20,354000433,35,1400,0.5595238095238095,0.17788300474611934,0.21428571428571427,0.21428571428571427,0.0,0.0|0.25|0.0|0.75|0.25|0.0|0.25,0.4976908609867496,True
PARTIAL_FT,P1,S1,0,A,0,42,0.0001,0.0001,5,2119341567,35,1400,0.5113997113997114,0.17779145283512943,0.21428571428571427,0.21428571428571427,0.0,0.0|0.25|0.0|0.75|0.25|0.0|0.25,0.12959042966413026,True
PARTIAL_FT,P1,S1,0,A,0,42,0.0001,0.0001,10,2119341567,35,1400,0.5113997113997114,0.17779145283512943,0.21428571428571427,0.21428571428571427,0.0,0.0|0.25|0.0|0.75|0.25|0.0|0.25,0.2572461467918833,True
PARTIAL_FT,P1,S1,0,A,0,42,0.0001,0.0001,20,2119341567,35,1400,0.5595238095238095,0.17788300474611934,0.21428571428571427,0.21428571428571427,0.0,0.0|0.25|0.0|0.75|0.25|0.0|0.25,0.4976908609867496,True
PARTIAL_FT,P1,S1,0,A,0,42,0.0003,0.0,5,3779531710,35,1400,0.5062770562770563,0.17917219321246822,0.21428571428571427,0.21428571428571427,0.0,0.0|0.25|0.0|0.75|0.25|0.0|0.25,0.28068046697648386,True
PARTIAL_FT,P1,S1,0,A,0,42,0.0003,0.0,10,3779531710,35,1400,0.5303030303030303,0.21218786915963989,0.25,0.25,0.0,0.0|0.25|0.0|0.75|0.25|0.0|0.5,0.5141110267979295,True
PARTIAL_FT,P1,S1,0,A,0,42,0.0003,0.0,20,3779531710,35,1400,0.7125541125541126,0.20971487031249803,0.25,0.25,0.0,0.0|0.25|0.0|0.75|0.25|0.0|0.5,0.9385586707257527,True
PARTIAL_FT,P1,S1,0,A,0,42,0.0003,0.0001,5,2860927706,35,1400,0.5062770562770563,0.17917219321246822,0.21428571428571427,0.21428571428571427,0.0,0.0|0.25|0.0|0.75|0.25|0.0|0.25,0.2806800497524921,True
PARTIAL_FT,P1,S1,0,A,0,42,0.0003,0.0001,10,2860927706,35,1400,0.5303030303030303,0.21218786915963989,0.25,0.25,0.0,0.0|0.25|0.0|0.75|0.25|0.0|0.5,0.5141104788410441,True
PARTIAL_FT,P1,S1,0,A,0,42,0.0003,0.0001,20,2860927706,35,1400,0.7125541125541126,0.20971487031249803,0.25,0.25,0.0,0.0|0.25|0.0|0.75|0.25|0.0|0.5,0.938566575400265,True
FULL_FT,P1,S1,0,A,0,42,1e-05,0.0,5,2350091850,35,1400,0.4524531024531025,0.18164019300919382,0.21428571428571427,0.21428571428571427,0.0,0.0|0.25|0.0|0.75|0.25|0.0|0.25,0.016896924793511098,True
FULL_FT,P1,S1,0,A,0,42,1e-05,0.0,10,2350091850,35,1400,0.4813852813852814,0.1809526944949836,0.21428571428571427,0.21428571428571427,0.0,0.0|0.25|0.0|0.75|0.25|0.0|0.25,0.03320568374270898,True
FULL_FT,P1,S1,0,A,0,42,1e-05,0.0,20,2350091850,35,1400,0.4841269841269842,0.17903895782514936,0.21428571428571427,0.21428571428571427,0.0,0.0|0.25|0.0|0.75|0.25|0.0|0.25,0.06647467030844875,True
FULL_FT,P1,S1,0,A,0,42,1e-05,0.0001,5,17829285,35,1400,0.4524531024531025,0.18164019300919382,0.21428571428571427,0.21428571428571427,0.0,0.0|0.25|0.0|0.75|0.25|0.0|0.25,0.016896924793511098,True
FULL_FT,P1,S1,0,A,0,42,1e-05,0.0001,10,17829285,35,1400,0.4813852813852814,0.1809526944949836,0.21428571428571427,0.21428571428571427,0.0,0.0|0.25|0.0|0.75|0.25|0.0|0.25,0.03320568374270898,True
FULL_FT,P1,S1,0,A,0,42,1e-05,0.0001,20,17829285,35,1400,0.4841269841269842,0.17903895782514936,0.21428571428571427,0.21428571428571427,0.0,0.0|0.25|0.0|0.75|0.25|0.0|0.25,0.06647467030844875,True
FULL_FT,P1,S1,0,A,0,42,3e-05,0.0,5,387325642,35,1400,0.5113997113997114,0.17849119270683209,0.21428571428571427,0.21428571428571427,0.0,0.0|0.25|0.0|0.75|0.25|0.0|0.25,0.045947830989723826,True
FULL_FT,P1,S1,0,A,0,42,3e-05,0.0,10,387325642,35,1400,0.4841269841269842,0.17779145283512943,0.21428571428571427,0.21428571428571427,0.0,0.0|0.25|0.0|0.75|0.25|0.0|0.25,0.09200781671806668,True
FULL_FT,P1,S1,0,A,0,42,3e-05,0.0,20,387325642,35,1400,0.5721500721500722,0.17779145283512943,0.21428571428571427,0.21428571428571427,0.0,0.0|0.25|0.0|0.75|0.25|0.0|0.25,0.18278021271285155,True
FULL_FT,P1,S1,0,A,0,42,3e-05,0.0001,5,3265467037,35,1400,0.5113997113997114,0.17849119270683209,0.21428571428571427,0.21428571428571427,0.0,0.0|0.25|0.0|0.75|0.25|0.0|0.25,0.045947830989723826,True
FULL_FT,P1,S1,0,A,0,42,3e-05,0.0001,10,3265467037,35,1400,0.4841269841269842,0.17779145283512943,0.21428571428571427,0.21428571428571427,0.0,0.0|0.25|0.0|0.75|0.25|0.0|0.25,0.09200781671806668,True
FULL_FT,P1,S1,0,A,0,42,3e-05,0.0001,20,3265467037,35,1400,0.5721500721500722,0.17779145283512943,0.21428571428571427,0.21428571428571427,0.0,0.0|0.25|0.0|0.75|0.25|0.0|0.25,0.18278021271285155,True
FULL_FT,P1,S1,0,A,0,42,0.0001,0.0,5,3640755467,35,1400,0.5034425891568749,0.17847756746728413,0.21428571428571427,0.21428571428571427,0.0,0.0|0.25|0.0|0.75|0.25|0.0|0.25,0.10678849943788508,True
FULL_FT,P1,S1,0,A,0,42,0.0001,0.0,10,3640755467,35,1400,0.5691197691197691,0.17779145283512943,0.21428571428571427,0.21428571428571427,0.0,0.0|0.25|0.0|0.75|0.25|0.0|0.25,0.19880788469731756,True
FULL_FT,P1,S1,0,A,0,42,0.0001,0.0,20,3640755467,35,1400,0.740909090909091,0.16617673743422248,0.21428571428571427,0.21428571428571427,0.0,0.0|0.25|0.0|0.75|0.0|0.0|0.5,0.37546766031061424,True
FULL_FT,P1,S1,0,A,0,42,0.0001,0.0001,5,3776369725,35,1400,0.5034425891568749,0.17847756746728413,0.21428571428571427,0.21428571428571427,0.0,0.0|0.25|0.0|0.75|0.25|0.0|0.25,0.10678849943788508,True
FULL_FT,P1,S1,0,A,0,42,0.0001,0.0001,10,3776369725,35,1400,0.5691197691197691,0.17779145283512943,0.21428571428571427,0.21428571428571427,0.0,0.0|0.25|0.0|0.75|0.25|0.0|0.25,0.19880788469731756,True
FULL_FT,P1,S1,0,A,0,42,0.0001,0.0001,20,3776369725,35,1400,0.740909090909091,0.16617673743422248,0.21428571428571427,0.21428571428571427,0.0,0.0|0.25|0.0|0.75|0.0|0.0|0.5,0.37546766031061424,True
FULL_FT,P1,S1,0,A,0,42,0.0003,0.0,5,2102151994,35,1400,0.4979901051329622,0.1433872036412871,0.17857142857142858,0.17857142857142858,0.0,0.0|0.25|0.0|0.75|0.0|0.0|0.25,0.1987156333099936,True
FULL_FT,P1,S1,0,A,0,42,0.0003,0.0,10,2102151994,35,1400,0.6784059078176725,0.20711828713028327,0.25,0.25,0.0,0.0|0.235|0.015|0.75|0.5|0.0|0.25,0.3030662611345407,True
FULL_FT,P1,S1,0,A,0,42,0.0003,0.0,20,2102151994,35,1400,0.7344465058750773,0.19705019629826706,0.24071428571428571,0.24071428571428571,0.0,0.0|0.17|0.265|0.75|0.0|0.0|0.5,0.5037678315955215,True
FULL_FT,P1,S1,0,A,0,42,0.0003,0.0001,5,3792295890,35,1400,0.4979901051329622,0.1433872036412871,0.17857142857142858,0.17857142857142858,0.0,0.0|0.25|0.0|0.75|0.0|0.0|0.25,0.19871605454364044,True
FULL_FT,P1,S1,0,A,0,42,0.0003,0.0001,10,3792295890,35,1400,0.6784059078176725,0.20711828713028327,0.25,0.25,0.0,0.0|0.235|0.015|0.75|0.5|0.0|0.25,0.3030671050169366,True
FULL_FT,P1,S1,0,A,0,42,0.0003,0.0001,20,3792295890,35,1400,0.7344465058750773,0.19705019629826706,0.24071428571428571,0.24071428571428571,0.0,0.0|0.17|0.265|0.75|0.0|0.0|0.5,0.5038024987632918,True
PARTIAL_FT,P1,S1,0,A,0,43,1e-05,0.0,5,3961235414,35,1400,0.2691086691086691,0.20286272168281694,0.25,0.25,0.0,0.0|0.0|0.0|0.75|0.25|0.25|0.5,0.015152495870765384,True
PARTIAL_FT,P1,S1,0,A,0,43,1e-05,0.0,10,3961235414,35,1400,0.2691086691086691,0.20286272168281694,0.25,0.25,0.0,0.0|0.0|0.0|0.75|0.25|0.25|0.5,0.02975372419648471,True
PARTIAL_FT,P1,S1,0,A,0,43,1e-05,0.0,20,3961235414,35,1400,0.300999000999001,0.20286272168281694,0.25,0.25,0.0,0.0|0.0|0.0|0.75|0.25|0.25|0.5,0.058521396092138335,True
PARTIAL_FT,P1,S1,0,A,0,43,1e-05,0.0001,5,631558681,35,1400,0.2691086691086691,0.20286272168281694,0.25,0.25,0.0,0.0|0.0|0.0|0.75|0.25|0.25|0.5,0.015152495870765384,True
PARTIAL_FT,P1,S1,0,A,0,43,1e-05,0.0001,10,631558681,35,1400,0.2691086691086691,0.20286272168281694,0.25,0.25,0.0,0.0|0.0|0.0|0.75|0.25|0.25|0.5,0.02975372419648471,True
PARTIAL_FT,P1,S1,0,A,0,43,1e-05,0.0001,20,631558681,35,1400,0.300999000999001,0.20286272168281694,0.25,0.25,0.0,0.0|0.0|0.0|0.75|0.25|0.25|0.5,0.058521396092138335,True
PARTIAL_FT,P1,S1,0,A,0,43,3e-05,0.0,5,3227243917,35,1400,0.2691086691086691,0.20286272168281694,0.25,0.25,0.0,0.0|0.0|0.0|0.75|0.25|0.25|0.5,0.043611771575360864,True
PARTIAL_FT,P1,S1,0,A,0,43,3e-05,0.0,10,3227243917,35,1400,0.300999000999001,0.20286272168281694,0.25,0.25,0.0,0.0|0.0|0.0|0.75|0.25|0.25|0.5,0.08574970032487704,True
PARTIAL_FT,P1,S1,0,A,0,43,3e-05,0.0,20,3227243917,35,1400,0.29840159840159836,0.20305596086128883,0.25,0.25,0.0,0.0|0.0|0.0|0.75|0.25|0.25|0.5,0.16913645672562563,True
PARTIAL_FT,P1,S1,0,A,0,43,3e-05,0.0001,5,3095515241,35,1400,0.2691086691086691,0.20286272168281694,0.25,0.25,0.0,0.0|0.0|0.0|0.75|0.25|0.25|0.5,0.043611771575360864,True
PARTIAL_FT,P1,S1,0,A,0,43,3e-05,0.0001,10,3095515241,35,1400,0.300999000999001,0.20286272168281694,0.25,0.25,0.0,0.0|0.0|0.0|0.75|0.25|0.25|0.5,0.08574970032487704,True
PARTIAL_FT,P1,S1,0,A,0,43,3e-05,0.0001,20,3095515241,35,1400,0.29840159840159836,0.20305596086128883,0.25,0.25,0.0,0.0|0.0|0.0|0.75|0.25|0.25|0.5,0.16913645672562563,True
PARTIAL_FT,P1,S1,0,A,0,43,0.0001,0.0,5,3338913479,35,1400,0.300999000999001,0.20286272168281694,0.25,0.25,0.0,0.0|0.0|0.0|0.75|0.25|0.25|0.5,0.1322061979277044,True
PARTIAL_FT,P1,S1,0,A,0,43,0.0001,0.0,10,3338913479,35,1400,0.30389610389610383,0.20702526324366569,0.25,0.25,0.0,0.0|0.0|0.0|0.75|0.25|0.25|0.5,0.26010046597589176,True
PARTIAL_FT,P1,S1,0,A,0,43,0.0001,0.0,20,3338913479,35,1400,0.37756132756132754,0.20702526324366569,0.25,0.25,0.0,0.0|0.0|0.0|0.75|0.25|0.25|0.5,0.5031943291601789,True
PARTIAL_FT,P1,S1,0,A,0,43,0.0001,0.0001,5,1075918156,35,1400,0.300999000999001,0.20286272168281694,0.25,0.25,0.0,0.0|0.0|0.0|0.75|0.25|0.25|0.5,0.1322061979277044,True
PARTIAL_FT,P1,S1,0,A,0,43,0.0001,0.0001,10,1075918156,35,1400,0.30389610389610383,0.20702526324366569,0.25,0.25,0.0,0.0|0.0|0.0|0.75|0.25|0.25|0.5,0.26010046597589176,True
PARTIAL_FT,P1,S1,0,A,0,43,0.0001,0.0001,20,1075918156,35,1400,0.37756132756132754,0.20702526324366569,0.25,0.25,0.0,0.0|0.0|0.0|0.75|0.25|0.25|0.5,0.5031943291601789,True
PARTIAL_FT,P1,S1,0,A,0,43,0.0003,0.0,5,1364302805,35,1400,0.4075036075036075,0.20702526324366569,0.25,0.25,0.0,0.0|0.0|0.0|0.75|0.25|0.25|0.5,0.2835646163290679,True
PARTIAL_FT,P1,S1,0,A,0,43,0.0003,0.0,10,1364302805,35,1400,0.32798312798312795,0.20702526324366569,0.25,0.25,0.0,0.0|0.0|0.0|0.75|0.25|0.25|0.5,0.5122929875154563,True
PARTIAL_FT,P1,S1,0,A,0,43,0.0003,0.0,20,1364302805,35,1400,0.496969696969697,0.20189086276042795,0.25,0.25,0.0,0.0|0.0|0.0|0.75|0.25|0.25|0.5,0.9305236375603116,True
PARTIAL_FT,P1,S1,0,A,0,43,0.0003,0.0001,5,4043960962,35,1400,0.4075036075036075,0.20702526324366569,0.25,0.25,0.0,0.0|0.0|0.0|0.75|0.25|0.25|0.5,0.2835650659240487,True
PARTIAL_FT,P1,S1,0,A,0,43,0.0003,0.0001,10,4043960962,35,1400,0.32798312798312795,0.20702526324366569,0.25,0.25,0.0,0.0|0.0|0.0|0.75|0.25|0.25|0.5,0.5122796257277921,True
PARTIAL_FT,P1,S1,0,A,0,43,0.0003,0.0001,20,4043960962,35,1400,0.496969696969697,0.20189086276042795,0.25,0.25,0.0,0.0|0.0|0.0|0.75|0.25|0.25|0.5,0.9305086234343881,True
FULL_FT,P1,S1,0,A,0,43,1e-05,0.0,5,3447310084,35,1400,0.2691086691086691,0.20286272168281694,0.25,0.25,0.0,0.0|0.0|0.0|0.75|0.25|0.25|0.5,0.016955599765006702,True
FULL_FT,P1,S1,0,A,0,43,1e-05,0.0,10,3447310084,35,1400,0.2691086691086691,0.20286272168281694,0.25,0.25,0.0,0.0|0.0|0.0|0.75|0.25|0.25|0.5,0.03357071896451975,True
FULL_FT,P1,S1,0,A,0,43,1e-05,0.0,20,3447310084,35,1400,0.30389610389610383,0.20702526324366569,0.25,0.25,0.0,0.0|0.0|0.0|0.75|0.25|0.25|0.5,0.06722523528143638,True
FULL_FT,P1,S1,0,A,0,43,1e-05,0.0001,5,828156212,35,1400,0.2691086691086691,0.20286272168281694,0.25,0.25,0.0,0.0|0.0|0.0|0.75|0.25|0.25|0.5,0.016955599765006702,True
FULL_FT,P1,S1,0,A,0,43,1e-05,0.0001,10,828156212,35,1400,0.2691086691086691,0.20286272168281694,0.25,0.25,0.0,0.0|0.0|0.0|0.75|0.25|0.25|0.5,0.03357071896451975,True
FULL_FT,P1,S1,0,A,0,43,1e-05,0.0001,20,828156212,35,1400,0.30389610389610383,0.20702526324366569,0.25,0.25,0.0,0.0|0.0|0.0|0.75|0.25|0.25|0.5,0.06722523528143638,True
FULL_FT,P1,S1,0,A,0,43,3e-05,0.0,5,372874880,35,1400,0.3064935064935065,0.20286272168281694,0.25,0.25,0.0,0.0|0.0|0.0|0.75|0.25|0.25|0.5,0.046078209212309894,True
FULL_FT,P1,S1,0,A,0,43,3e-05,0.0,10,372874880,35,1400,0.30389610389610383,0.20702526324366569,0.25,0.25,0.0,0.0|0.0|0.0|0.75|0.25|0.25|0.5,0.09197763851924474,True
FULL_FT,P1,S1,0,A,0,43,3e-05,0.0,20,372874880,35,1400,0.37756132756132754,0.20702526324366569,0.25,0.25,0.0,0.0|0.0|0.0|0.75|0.25|0.25|0.5,0.1828330874206764,True
FULL_FT,P1,S1,0,A,0,43,3e-05,0.0001,5,1507614677,35,1400,0.3064935064935065,0.20286272168281694,0.25,0.25,0.0,0.0|0.0|0.0|0.75|0.25|0.25|0.5,0.046078209212309894,True
FULL_FT,P1,S1,0,A,0,43,3e-05,0.0001,10,1507614677,35,1400,0.30389610389610383,0.20702526324366569,0.25,0.25,0.0,0.0|0.0|0.0|0.75|0.25|0.25|0.5,0.09197763851924474,True
FULL_FT,P1,S1,0,A,0,43,3e-05,0.0001,20,1507614677,35,1400,0.37756132756132754,0.20702526324366569,0.25,0.25,0.0,0.0|0.0|0.0|0.75|0.25|0.25|0.5,0.1828330874206764,True
FULL_FT,P1,S1,0,A,0,43,0.0001,0.0,5,4087725468,35,1400,0.27307692307692305,0.20702526324366569,0.25,0.25,0.0,0.0|0.0|0.0|0.75|0.25|0.25|0.5,0.10364792215583638,True
FULL_FT,P1,S1,0,A,0,43,0.0001,0.0,10,4087725468,35,1400,0.40406418977847547,0.17893954507226817,0.21428571428571427,0.21428571428571427,0.0,0.0|0.0|0.0|0.75|0.0|0.25|0.5,0.18946234494354916,True
FULL_FT,P1,S1,0,A,0,43,0.0001,0.0,20,4087725468,35,1400,0.5131313131313131,0.1733194341889994,0.21428571428571427,0.21428571428571427,0.0,0.0|0.0|0.0|0.75|0.0|0.25|0.5,0.3597247719568369,True
FULL_FT,P1,S1,0,A,0,43,0.0001,0.0001,5,3705847550,35,1400,0.27307692307692305,0.20702526324366569,0.25,0.25,0.0,0.0|0.0|0.0|0.75|0.25|0.25|0.5,0.10364792215583638,True
FULL_FT,P1,S1,0,A,0,43,0.0001,0.0001,10,3705847550,35,1400,0.40406418977847547,0.17893954507226817,0.21428571428571427,0.21428571428571427,0.0,0.0|0.0|0.0|0.75|0.0|0.25|0.5,0.18946234494354916,True
FULL_FT,P1,S1,0,A,0,43,0.0001,0.0001,20,3705847550,35,1400,0.5131313131313131,0.1733194341889994,0.21428571428571427,0.21428571428571427,0.0,0.0|0.0|0.0|0.75|0.0|0.25|0.5,0.3597247719568369,True
FULL_FT,P1,S1,0,A,0,43,0.0003,0.0,5,890408467,35,1400,0.297821226392655,0.18259587203686584,0.25,0.25,0.0,0.0|0.0|0.0|0.75|0.25|0.25|0.5,0.19355582249028408,True
FULL_FT,P1,S1,0,A,0,43,0.0003,0.0,10,890408467,35,1400,0.439033189033189,0.20796878483835005,0.24785714285714286,0.24785714285714283,0.0,0.0|0.0|0.235|0.75|0.0|0.25|0.5,0.28204092739865266,True
FULL_FT,P1,S1,0,A,0,43,0.0003,0.0,20,890408467,35,1400,0.5434955800502019,0.1664705616684851,0.21428571428571427,0.21428571428571427,0.0,0.0|0.0|0.0|0.75|0.0|0.25|0.5,0.463816723898064,True
FULL_FT,P1,S1,0,A,0,43,0.0003,0.0001,5,151640307,35,1400,0.297821226392655,0.18259587203686584,0.25,0.25,0.0,0.0|0.0|0.0|0.75|0.25|0.25|0.5,0.19355605202316523,True
FULL_FT,P1,S1,0,A,0,43,0.0003,0.0001,10,151640307,35,1400,0.439033189033189,0.20796878483835005,0.24785714285714286,0.24785714285714283,0.0,0.0|0.0|0.235|0.75|0.0|0.25|0.5,0.2820405156279469,True
FULL_FT,P1,S1,0,A,0,43,0.0003,0.0001,20,151640307,35,1400,0.5434955800502019,0.1664705616684851,0.21428571428571427,0.21428571428571427,0.0,0.0|0.0|0.0|0.75|0.0|0.25|0.5,0.4638194583231199,True
PARTIAL_FT,P1,S1,0,A,0,44,1e-05,0.0,5,2955453809,35,1400,0.36056483199340345,0.15165090649547888,0.17785714285714285,0.17785714285714288,0.0,0.0|0.25|0.0|0.745|0.0|0.0|0.25,0.01511698329244716,True
PARTIAL_FT,P1,S1,0,A,0,44,1e-05,0.0,10,2955453809,35,1400,0.38498485641342783,0.1391455007887181,0.17785714285714285,0.17785714285714288,0.0,0.0|0.25|0.0|0.745|0.0|0.0|0.25,0.02927735094956995,True
PARTIAL_FT,P1,S1,0,A,0,44,1e-05,0.0,20,2955453809,35,1400,0.38498485641342783,0.1391455007887181,0.17785714285714285,0.17785714285714288,0.0,0.0|0.25|0.0|0.745|0.0|0.0|0.25,0.05657342157210097,True
PARTIAL_FT,P1,S1,0,A,0,44,1e-05,0.0001,5,4106385402,35,1400,0.36056483199340345,0.15165090649547888,0.17785714285714285,0.17785714285714288,0.0,0.0|0.25|0.0|0.745|0.0|0.0|0.25,0.01511698329244716,True
PARTIAL_FT,P1,S1,0,A,0,44,1e-05,0.0001,10,4106385402,35,1400,0.38498485641342783,0.1391455007887181,0.17785714285714285,0.17785714285714288,0.0,0.0|0.25|0.0|0.745|0.0|0.0|0.25,0.02927735094956995,True
PARTIAL_FT,P1,S1,0,A,0,44,1e-05,0.0001,20,4106385402,35,1400,0.38498485641342783,0.1391455007887181,0.17785714285714285,0.17785714285714288,0.0,0.0|0.25|0.0|0.745|0.0|0.0|0.25,0.05657342157210097,True
PARTIAL_FT,P1,S1,0,A,0,44,3e-05,0.0,5,3197620197,35,1400,0.38498485641342783,0.14097114651048165,0.17785714285714285,0.17785714285714288,0.0,0.0|0.25|0.0|0.745|0.0|0.0|0.25,0.0426059622425975,True
PARTIAL_FT,P1,S1,0,A,0,44,3e-05,0.0,10,3197620197,35,1400,0.41568748711605846,0.1391455007887181,0.17785714285714285,0.17785714285714288,0.0,0.0|0.25|0.0|0.745|0.0|0.0|0.25,0.08223883018561133,True
PARTIAL_FT,P1,S1,0,A,0,44,3e-05,0.0,20,3197620197,35,1400,0.500247371675943,0.1391455007887181,0.17785714285714285,0.17785714285714288,0.0,0.0|0.25|0.0|0.745|0.0|0.0|0.25,0.16314132582676458,True
PARTIAL_FT,P1,S1,0,A,0,44,3e-05,0.0001,5,388548326,35,1400,0.38498485641342783,0.14097114651048165,0.17785714285714285,0.17785714285714288,0.0,0.0|0.25|0.0|0.745|0.0|0.0|0.25,0.0426059622425975,True
PARTIAL_FT,P1,S1,0,A,0,44,3e-05,0.0001,10,388548326,35,1400,0.41568748711605846,0.1391455007887181,0.17785714285714285,0.17785714285714288,0.0,0.0|0.25|0.0|0.745|0.0|0.0|0.25,0.08223883018561133,True
PARTIAL_FT,P1,S1,0,A,0,44,3e-05,0.0001,20,388548326,35,1400,0.500247371675943,0.1391455007887181,0.17785714285714285,0.17785714285714288,0.0,0.0|0.25|0.0|0.745|0.0|0.0|0.25,0.16314132582676458,True
PARTIAL_FT,P1,S1,0,A,0,44,0.0001,0.0,5,4108840115,35,1400,0.44743351886209026,0.14097114651048165,0.17785714285714285,0.17785714285714288,0.0,0.0|0.25|0.0|0.745|0.0|0.0|0.25,0.12700504368390214,True
PARTIAL_FT,P1,S1,0,A,0,44,0.0001,0.0,10,4108840115,35,1400,0.5202020202020202,0.1391455007887181,0.17785714285714285,0.17785714285714288,0.0,0.0|0.25|0.0|0.745|0.0|0.0|0.25,0.25260049856046535,True
PARTIAL_FT,P1,S1,0,A,0,44,0.0001,0.0,20,4108840115,35,1400,0.577365491651206,0.13938095579294513,0.17785714285714285,0.17785714285714288,0.0,0.0|0.25|0.0|0.745|0.0|0.0|0.25,0.4908601707560839,True
PARTIAL_FT,P1,S1,0,A,0,44,0.0001,0.0001,5,1989160369,35,1400,0.44743351886209026,0.14097114651048165,0.17785714285714285,0.17785714285714288,0.0,0.0|0.25|0.0|0.745|0.0|0.0|0.25,0.12700504368390214,True
PARTIAL_FT,P1,S1,0,A,0,44,0.0001,0.0001,10,1989160369,35,1400,0.5202020202020202,0.1391455007887181,0.17785714285714285,0.17785714285714288,0.0,0.0|0.25|0.0|0.745|0.0|0.0|0.25,0.25260049856046535,True
PARTIAL_FT,P1,S1,0,A,0,44,0.0001,0.0001,20,1989160369,35,1400,0.577365491651206,0.13938095579294513,0.17785714285714285,0.17785714285714288,0.0,0.0|0.25|0.0|0.745|0.0|0.0|0.25,0.4908601707560839,True
PARTIAL_FT,P1,S1,0,A,0,44,0.0003,0.0,5,1731723064,35,1400,0.4840136054421769,0.13907448128960445,0.17785714285714285,0.17785714285714288,0.0,0.0|0.25|0.0|0.745|0.0|0.0|0.25,0.2894265703410128,True
PARTIAL_FT,P1,S1,0,A,0,44,0.0003,0.0,10,1731723064,35,1400,0.5456527599384742,0.14133909173653303,0.17785714285714285,0.17785714285714288,0.0,0.0|0.25|0.0|0.745|0.0|0.0|0.25,0.5406409944674115,True
PARTIAL_FT,P1,S1,0,A,0,44,0.0003,0.0,20,1731723064,35,1400,0.6414918414918416,0.1668108195364852,0.21357142857142858,0.21357142857142858,0.0,0.0|0.25|0.0|0.745|0.0|0.0|0.5,1.017695327638248,True
PARTIAL_FT,P1,S1,0,A,0,44,0.0003,0.0001,5,1322549283,35,1400,0.4840136054421769,0.13907448128960445,0.17785714285714285,0.17785714285714288,0.0,0.0|0.25|0.0|0.745|0.0|0.0|0.25,0.2894264732030586,True
PARTIAL_FT,P1,S1,0,A,0,44,0.0003,0.0001,10,1322549283,35,1400,0.5456527599384742,0.14133909173653303,0.17785714285714285,0.17785714285714288,0.0,0.0|0.25|0.0|0.745|0.0|0.0|0.25,0.5406402801421248,True
PARTIAL_FT,P1,S1,0,A,0,44,0.0003,0.0001,20,1322549283,35,1400,0.6414918414918416,0.1668108195364852,0.21357142857142858,0.21357142857142858,0.0,0.0|0.25|0.0|0.745|0.0|0.0|0.5,1.0177214232385143,True
FULL_FT,P1,S1,0,A,0,44,1e-05,0.0,5,78883543,35,1400,0.41568748711605846,0.14097114651048165,0.17785714285714285,0.17785714285714288,0.0,0.0|0.25|0.0|0.745|0.0|0.0|0.25,0.01652529028768315,True
FULL_FT,P1,S1,0,A,0,44,1e-05,0.0,10,78883543,35,1400,0.41568748711605846,0.15047153449612521,0.17785714285714285,0.17785714285714288,0.0,0.0|0.25|0.0|0.745|0.0|0.0|0.25,0.03181130160135366,True
FULL_FT,P1,S1,0,A,0,44,1e-05,0.0,20,78883543,35,1400,0.500247371675943,0.15047153449612521,0.17785714285714285,0.17785714285714288,0.0,0.0|0.25|0.0|0.745|0.0|0.0|0.25,0.06406823523702379,True
FULL_FT,P1,S1,0,A,0,44,1e-05,0.0001,5,1167193658,35,1400,0.41568748711605846,0.14097114651048165,0.17785714285714285,0.17785714285714288,0.0,0.0|0.25|0.0|0.745|0.0|0.0|0.25,0.01652529028768315,True
FULL_FT,P1,S1,0,A,0,44,1e-05,0.0001,10,1167193658,35,1400,0.41568748711605846,0.15047153449612521,0.17785714285714285,0.17785714285714288,0.0,0.0|0.25|0.0|0.745|0.0|0.0|0.25,0.03181130160135366,True
FULL_FT,P1,S1,0,A,0,44,1e-05,0.0001,20,1167193658,35,1400,0.500247371675943,0.15047153449612521,0.17785714285714285,0.17785714285714288,0.0,0.0|0.25|0.0|0.745|0.0|0.0|0.25,0.06406823523702379,True
FULL_FT,P1,S1,0,A,0,44,3e-05,0.0,5,2047371726,35,1400,0.41568748711605846,0.14864588877436166,0.17785714285714285,0.17785714285714288,0.0,0.0|0.25|0.0|0.745|0.0|0.0|0.25,0.04463748782112267,True
FULL_FT,P1,S1,0,A,0,44,3e-05,0.0,10,2047371726,35,1400,0.5202020202020202,0.15047153449612521,0.17785714285714285,0.17785714285714288,0.0,0.0|0.25|0.0|0.745|0.0|0.0|0.25,0.09022638127883907,True
FULL_FT,P1,S1,0,A,0,44,3e-05,0.0,20,2047371726,35,1400,0.5510822510822511,0.14658994752871463,0.17785714285714285,0.17785714285714288,0.0,0.0|0.25|0.0|0.745|0.0|0.0|0.25,0.18017421376166687,True
FULL_FT,P1,S1,0,A,0,44,3e-05,0.0001,5,2111723030,35,1400,0.41568748711605846,0.14864588877436166,0.17785714285714285,0.17785714285714288,0.0,0.0|0.25|0.0|0.745|0.0|0.0|0.25,0.04463748782112267,True
FULL_FT,P1,S1,0,A,0,44,3e-05,0.0001,10,2111723030,35,1400,0.5202020202020202,0.15047153449612521,0.17785714285714285,0.17785714285714288,0.0,0.0|0.25|0.0|0.745|0.0|0.0|0.25,0.09022638127883907,True
FULL_FT,P1,S1,0,A,0,44,3e-05,0.0001,20,2111723030,35,1400,0.5510822510822511,0.14658994752871463,0.17785714285714285,0.17785714285714288,0.0,0.0|0.25|0.0|0.745|0.0|0.0|0.25,0.18017421376166687,True
FULL_FT,P1,S1,0,A,0,44,0.0001,0.0,5,1604956058,35,1400,0.4840136054421769,0.15040051499701154,0.17785714285714285,0.17785714285714288,0.0,0.0|0.25|0.0|0.745|0.0|0.0|0.25,0.11149232331325301,True
FULL_FT,P1,S1,0,A,0,44,0.0001,0.0,10,1604956058,35,1400,0.6030873888016746,0.15047153449612521,0.17785714285714285,0.17785714285714288,0.0,0.0|0.25|0.0|0.745|0.0|0.0|0.25,0.21473542277122,True
FULL_FT,P1,S1,0,A,0,44,0.0001,0.0,20,1604956058,35,1400,0.6414918414918416,0.1447268044930625,0.17785714285714285,0.17785714285714288,0.0,0.0|0.25|0.0|0.745|0.0|0.0|0.25,0.4144333849642996,True
FULL_FT,P1,S1,0,A,0,44,0.0001,0.0001,5,1447293095,35,1400,0.4840136054421769,0.15040051499701154,0.17785714285714285,0.17785714285714288,0.0,0.0|0.25|0.0|0.745|0.0|0.0|0.25,0.11149232331325301,True
FULL_FT,P1,S1,0,A,0,44,0.0001,0.0001,10,1447293095,35,1400,0.6030873888016746,0.15047153449612521,0.17785714285714285,0.17785714285714288,0.0,0.0|0.25|0.0|0.745|0.0|0.0|0.25,0.21473542277122,True
FULL_FT,P1,S1,0,A,0,44,0.0001,0.0001,20,1447293095,35,1400,0.6414918414918416,0.1447268044930625,0.17785714285714285,0.17785714285714288,0.0,0.0|0.25|0.0|0.745|0.0|0.0|0.25,0.4144333849642996,True
FULL_FT,P1,S1,0,A,0,44,0.0003,0.0,5,1324495408,35,1400,0.47650920508063355,0.14700965803590435,0.17785714285714285,0.17785714285714288,0.0,0.0|0.25|0.0|0.745|0.0|0.0|0.25,0.20621890401097193,True
FULL_FT,P1,S1,0,A,0,44,0.0003,0.0,10,1324495408,35,1400,0.4880437023294166,0.1819894964611133,0.20857142857142857,0.20857142857142857,0.0,0.0|0.235|0.23|0.745|0.0|0.0|0.25,0.33717897213596715,True
FULL_FT,P1,S1,0,A,0,44,0.0003,0.0,20,1324495408,35,1400,0.6438466295609153,0.19777001080897477,0.24642857142857144,0.24642857142857144,0.0,0.0|0.5|0.23|0.745|0.0|0.0|0.25,0.5898941195533219,True
FULL_FT,P1,S1,0,A,0,44,0.0003,0.0001,5,1278667858,35,1400,0.47650920508063355,0.14700965803590435,0.17785714285714285,0.17785714285714288,0.0,0.0|0.25|0.0|0.745|0.0|0.0|0.25,0.20621884243384841,True
FULL_FT,P1,S1,0,A,0,44,0.0003,0.0001,10,1278667858,35,1400,0.4880437023294166,0.1819894964611133,0.20857142857142857,0.20857142857142857,0.0,0.0|0.235|0.23|0.745|0.0|0.0|0.25,0.33718638353912767,True
FULL_FT,P1,S1,0,A,0,44,0.0003,0.0001,20,1278667858,35,1400,0.6438466295609153,0.19777001080897477,0.24642857142857144,0.24642857142857144,0.0,0.0|0.5|0.23|0.745|0.0|0.0|0.25,0.5899034644663197,True
PARTIAL_FT,P1,S1,0,A,0,45,1e-05,0.0,5,899655301,35,1400,0.36796536796536794,0.27744570670837954,0.32142857142857145,0.32142857142857145,0.0,0.0|0.0|0.75|0.75|0.5|0.0|0.25,0.015233005172678903,True
PARTIAL_FT,P1,S1,0,A,0,45,1e-05,0.0,10,899655301,35,1400,0.39971139971139974,0.27744570670837954,0.32142857142857145,0.32142857142857145,0.0,0.0|0.0|0.75|0.75|0.5|0.0|0.25,0.02994379767596414,True
PARTIAL_FT,P1,S1,0,A,0,45,1e-05,0.0,20,899655301,35,1400,0.40288600288600296,0.27744570670837954,0.32142857142857145,0.32142857142857145,0.0,0.0|0.0|0.75|0.75|0.5|0.0|0.25,0.05901563911433569,True
PARTIAL_FT,P1,S1,0,A,0,45,1e-05,0.0001,5,3784972531,35,1400,0.36796536796536794,0.27744570670837954,0.32142857142857145,0.32142857142857145,0.0,0.0|0.0|0.75|0.75|0.5|0.0|0.25,0.015233005172678903,True
PARTIAL_FT,P1,S1,0,A,0,45,1e-05,0.0001,10,3784972531,35,1400,0.39971139971139974,0.27744570670837954,0.32142857142857145,0.32142857142857145,0.0,0.0|0.0|0.75|0.75|0.5|0.0|0.25,0.02994379767596414,True
PARTIAL_FT,P1,S1,0,A,0,45,1e-05,0.0001,20,3784972531,35,1400,0.40288600288600296,0.27744570670837954,0.32142857142857145,0.32142857142857145,0.0,0.0|0.0|0.75|0.75|0.5|0.0|0.25,0.05901563911433569,True
PARTIAL_FT,P1,S1,0,A,0,45,3e-05,0.0,5,1246567600,35,1400,0.39971139971139974,0.27744570670837954,0.32142857142857145,0.32142857142857145,0.0,0.0|0.0|0.75|0.75|0.5|0.0|0.25,0.043945603314859694,True
PARTIAL_FT,P1,S1,0,A,0,45,3e-05,0.0,10,1246567600,35,1400,0.3965367965367966,0.27744570670837954,0.32142857142857145,0.32142857142857145,0.0,0.0|0.0|0.75|0.75|0.5|0.0|0.25,0.08664363867406513,True
PARTIAL_FT,P1,S1,0,A,0,45,3e-05,0.0,20,1246567600,35,1400,0.3965367965367966,0.26965349891617174,0.32142857142857145,0.32142857142857145,0.0,0.0|0.0|0.75|0.75|0.5|0.0|0.25,0.17058992856033076,True
PARTIAL_FT,P1,S1,0,A,0,45,3e-05,0.0001,5,461612434,35,1400,0.39971139971139974,0.27744570670837954,0.32142857142857145,0.32142857142857145,0.0,0.0|0.0|0.75|0.75|0.5|0.0|0.25,0.043945603314859694,True
PARTIAL_FT,P1,S1,0,A,0,45,3e-05,0.0001,10,461612434,35,1400,0.3965367965367966,0.27744570670837954,0.32142857142857145,0.32142857142857145,0.0,0.0|0.0|0.75|0.75|0.5|0.0|0.25,0.08664363867406513,True
PARTIAL_FT,P1,S1,0,A,0,45,3e-05,0.0001,20,461612434,35,1400,0.3965367965367966,0.26965349891617174,0.32142857142857145,0.32142857142857145,0.0,0.0|0.0|0.75|0.75|0.5|0.0|0.25,0.17058992856033076,True
PARTIAL_FT,P1,S1,0,A,0,45,0.0001,0.0,5,1412377223,35,1400,0.39321789321789324,0.2709497996579438,0.32142857142857145,0.32142857142857145,0.0,0.0|0.0|0.75|0.75|0.5|0.0|0.25,0.1340615233998465,True
PARTIAL_FT,P1,S1,0,A,0,45,0.0001,0.0,10,1412377223,35,1400,0.4251082251082251,0.26991474649582115,0.32142857142857145,0.32142857142857145,0.0,0.0|0.0|0.75|0.75|0.5|0.0|0.25,0.26264579157840745,True
PARTIAL_FT,P1,S1,0,A,0,45,0.0001,0.0,20,1412377223,35,1400,0.5052669552669552,0.2433188795044739,0.2885714285714286,0.2885714285714286,0.0,0.0|0.0|0.52|0.75|0.5|0.0|0.25,0.49861282982104055,True
PARTIAL_FT,P1,S1,0,A,0,45,0.0001,0.0001,5,2042620636,35,1400,0.39321789321789324,0.2709497996579438,0.32142857142857145,0.32142857142857145,0.0,0.0|0.0|0.75|0.75|0.5|0.0|0.25,0.1340615233998465,True
PARTIAL_FT,P1,S1,0,A,0,45,0.0001,0.0001,10,2042620636,35,1400,0.4251082251082251,0.26991474649582115,0.32142857142857145,0.32142857142857145,0.0,0.0|0.0|0.75|0.75|0.5|0.0|0.25,0.26264579157840745,True
PARTIAL_FT,P1,S1,0,A,0,45,0.0001,0.0001,20,2042620636,35,1400,0.5052669552669552,0.2433188795044739,0.2885714285714286,0.2885714285714286,0.0,0.0|0.0|0.52|0.75|0.5|0.0|0.25,0.49861282982104055,True
PARTIAL_FT,P1,S1,0,A,0,45,0.0003,0.0,5,3183035315,35,1400,0.41439116439116436,0.24644930198316123,0.2885714285714286,0.2885714285714286,0.0,0.0|0.0|0.52|0.75|0.5|0.0|0.25,0.26845082111355223,True
PARTIAL_FT,P1,S1,0,A,0,45,0.0003,0.0,10,3183035315,35,1400,0.5223792080934938,0.2622580163290296,0.32142857142857145,0.32142857142857145,0.0,0.0|0.0|0.75|0.75|0.5|0.0|0.25,0.4612871641452942,True
PARTIAL_FT,P1,S1,0,A,0,45,0.0003,0.0,20,3183035315,35,1400,0.7451659451659453,0.2511110872966817,0.2885714285714286,0.2885714285714286,0.0,0.0|0.0|0.52|0.75|0.5|0.0|0.25,0.8132566027136942,True
PARTIAL_FT,P1,S1,0,A,0,45,0.0003,0.0001,5,3359437956,35,1400,0.41439116439116436,0.24644930198316123,0.2885714285714286,0.2885714285714286,0.0,0.0|0.0|0.52|0.75|0.5|0.0|0.25,0.26845099739467737,True
PARTIAL_FT,P1,S1,0,A,0,45,0.0003,0.0001,10,3359437956,35,1400,0.5223792080934938,0.2622580163290296,0.32142857142857145,0.32142857142857145,0.0,0.0|0.0|0.75|0.75|0.5|0.0|0.25,0.4612874344025893,True
PARTIAL_FT,P1,S1,0,A,0,45,0.0003,0.0001,20,3359437956,35,1400,0.7451659451659453,0.2511110872966817,0.2885714285714286,0.2885714285714286,0.0,0.0|0.0|0.52|0.75|0.5|0.0|0.25,0.8132497875949957,True
FULL_FT,P1,S1,0,A,0,45,1e-05,0.0,5,233013933,35,1400,0.39971139971139974,0.27744570670837954,0.32142857142857145,0.32142857142857145,0.0,0.0|0.0|0.75|0.75|0.5|0.0|0.25,0.017382364425320294,True
FULL_FT,P1,S1,0,A,0,45,1e-05,0.0,10,233013933,35,1400,0.40288600288600296,0.27744570670837954,0.32142857142857145,0.32142857142857145,0.0,0.0|0.0|0.75|0.75|0.5|0.0|0.25,0.03453820388365471,True
FULL_FT,P1,S1,0,A,0,45,1e-05,0.0,20,233013933,35,1400,0.3965367965367966,0.27641430301916853,0.32142857142857145,0.32142857142857145,0.0,0.0|0.0|0.75|0.75|0.5|0.0|0.25,0.06871923068218401,True
FULL_FT,P1,S1,0,A,0,45,1e-05,0.0001,5,220015346,35,1400,0.39971139971139974,0.27744570670837954,0.32142857142857145,0.32142857142857145,0.0,0.0|0.0|0.75|0.75|0.5|0.0|0.25,0.017382364425320294,True
FULL_FT,P1,S1,0,A,0,45,1e-05,0.0001,10,220015346,35,1400,0.40288600288600296,0.27744570670837954,0.32142857142857145,0.32142857142857145,0.0,0.0|0.0|0.75|0.75|0.5|0.0|0.25,0.03453820388365471,True
FULL_FT,P1,S1,0,A,0,45,1e-05,0.0001,20,220015346,35,1400,0.3965367965367966,0.27641430301916853,0.32142857142857145,0.32142857142857145,0.0,0.0|0.0|0.75|0.75|0.5|0.0|0.25,0.06871923068218401,True
FULL_FT,P1,S1,0,A,0,45,3e-05,0.0,5,2443096067,35,1400,0.3965367965367966,0.26965349891617174,0.32142857142857145,0.32142857142857145,0.0,0.0|0.0|0.75|0.75|0.5|0.0|0.25,0.04797848717705446,True
FULL_FT,P1,S1,0,A,0,45,3e-05,0.0,10,2443096067,35,1400,0.4531024531024531,0.253210106086158,0.2885714285714286,0.2885714285714286,0.0,0.0|0.0|0.52|0.75|0.5|0.0|0.25,0.09514981396283631,True
FULL_FT,P1,S1,0,A,0,45,3e-05,0.0,20,2443096067,35,1400,0.5937950937950938,0.23837270585350745,0.2885714285714286,0.2885714285714286,0.0,0.0|0.0|0.52|0.75|0.5|0.0|0.25,0.18659376150280735,True
FULL_FT,P1,S1,0,A,0,45,3e-05,0.0001,5,3727165192,35,1400,0.3965367965367966,0.26965349891617174,0.32142857142857145,0.32142857142857145,0.0,0.0|0.0|0.75|0.75|0.5|0.0|0.25,0.04797848717705446,True
FULL_FT,P1,S1,0,A,0,45,3e-05,0.0001,10,3727165192,35,1400,0.4531024531024531,0.253210106086158,0.2885714285714286,0.2885714285714286,0.0,0.0|0.0|0.52|0.75|0.5|0.0|0.25,0.09514981396283631,True
FULL_FT,P1,S1,0,A,0,45,3e-05,0.0001,20,3727165192,35,1400,0.5937950937950938,0.23837270585350745,0.2885714285714286,0.2885714285714286,0.0,0.0|0.0|0.52|0.75|0.5|0.0|0.25,0.18659376150280735,True
FULL_FT,P1,S1,0,A,0,45,0.0001,0.0,5,4028197532,35,1400,0.5182278039420897,0.2212475808439991,0.2664285714285714,0.2664285714285714,0.0,0.0|0.005|0.36|0.75|0.5|0.0|0.25,0.10275369785163245,True
FULL_FT,P1,S1,0,A,0,45,0.0001,0.0,10,4028197532,35,1400,0.5334776334776336,0.2547934926158421,0.32142857142857145,0.32142857142857145,0.0,0.0|0.0|0.75|0.75|0.5|0.0|0.25,0.1759144660124512,True
FULL_FT,P1,S1,0,A,0,45,0.0001,0.0,20,4028197532,35,1400,0.8057775557775557,0.23837270585350745,0.2885714285714286,0.2885714285714286,0.0,0.0|0.0|0.52|0.75|0.5|0.0|0.25,0.3207103424382337,True
FULL_FT,P1,S1,0,A,0,45,0.0001,0.0001,5,1855367808,35,1400,0.5182278039420897,0.2212475808439991,0.2664285714285714,0.2664285714285714,0.0,0.0|0.005|0.36|0.75|0.5|0.0|0.25,0.10275369785163245,True
FULL_FT,P1,S1,0,A,0,45,0.0001,0.0001,10,1855367808,35,1400,0.5334776334776336,0.2547934926158421,0.32142857142857145,0.32142857142857145,0.0,0.0|0.0|0.75|0.75|0.5|0.0|0.25,0.1759144660124512,True
FULL_FT,P1,S1,0,A,0,45,0.0001,0.0001,20,1855367808,35,1400,0.8057775557775557,0.23837270585350745,0.2885714285714286,0.2885714285714286,0.0,0.0|0.0|0.52|0.75|0.5|0.0|0.25,0.3207103424382337,True
FULL_FT,P1,S1,0,A,0,45,0.0003,0.0,5,2884285948,35,1400,0.4385923600209315,0.18831813433720518,0.24928571428571428,0.2492857142857143,0.0,0.0|0.25|0.0|0.745|0.5|0.0|0.25,0.20074895685180147,True
FULL_FT,P1,S1,0,A,0,45,0.0003,0.0,10,2884285948,35,1400,0.5613275613275613,0.24311555515293917,0.32071428571428573,0.32071428571428573,0.0,0.0|0.0|0.75|0.745|0.5|0.0|0.25,0.2644679753045208,True
FULL_FT,P1,S1,0,A,0,45,0.0003,0.0,20,2884285948,35,1400,0.8019536019536019,0.24616407496340123,0.28714285714285714,0.2871428571428571,0.0,0.0|0.0|0.51|0.75|0.5|0.0|0.25,0.4022491540483306,True
FULL_FT,P1,S1,0,A,0,45,0.0003,0.0001,5,1070838566,35,1400,0.4385923600209315,0.18831813433720518,0.24928571428571428,0.2492857142857143,0.0,0.0|0.25|0.0|0.745|0.5|0.0|0.25,0.20074828170760778,True
FULL_FT,P1,S1,0,A,0,45,0.0003,0.0001,10,1070838566,35,1400,0.5613275613275613,0.24311555515293917,0.32071428571428573,0.32071428571428573,0.0,0.0|0.0|0.75|0.745|0.5|0.0|0.25,0.2644673660852352,True
FULL_FT,P1,S1,0,A,0,45,0.0003,0.0001,20,1070838566,35,1400,0.8019536019536019,0.24616407496340123,0.28714285714285714,0.2871428571428571,0.0,0.0|0.0|0.51|0.75|0.5|0.0|0.25,0.40227053817932357,True
PARTIAL_FT,P1,S1,0,A,0,46,1e-05,0.0,5,1478003826,35,1400,0.4133992991135848,0.31393676331089704,0.3535714285714286,0.3535714285714286,0.0,0.0|0.5|0.48|0.745|0.5|0.0|0.25,0.014942898291911226,True
PARTIAL_FT,P1,S1,0,A,0,46,1e-05,0.0,10,1478003826,35,1400,0.35994560994561003,0.3137165249776008,0.3535714285714286,0.3535714285714286,0.0,0.0|0.5|0.48|0.745|0.5|0.0|0.25,0.028790264747413356,True
PARTIAL_FT,P1,S1,0,A,0,46,1e-05,0.0,20,1478003826,35,1400,0.3888571745714603,0.3110415154782084,0.3535714285714286,0.3535714285714286,0.0,0.0|0.5|0.48|0.745|0.5|0.0|0.25,0.055883881193296146,True
PARTIAL_FT,P1,S1,0,A,0,46,1e-05,0.0001,5,2458946294,35,1400,0.4133992991135848,0.31393676331089704,0.3535714285714286,0.3535714285714286,0.0,0.0|0.5|0.48|0.745|0.5|0.0|0.25,0.014942898291911226,True
PARTIAL_FT,P1,S1,0,A,0,46,1e-05,0.0001,10,2458946294,35,1400,0.35994560994561003,0.3137165249776008,0.3535714285714286,0.3535714285714286,0.0,0.0|0.5|0.48|0.745|0.5|0.0|0.25,0.028790264747413356,True
PARTIAL_FT,P1,S1,0,A,0,46,1e-05,0.0001,20,2458946294,35,1400,0.3888571745714603,0.3110415154782084,0.3535714285714286,0.3535714285714286,0.0,0.0|0.5|0.48|0.745|0.5|0.0|0.25,0.055883881193296146,True
PARTIAL_FT,P1,S1,0,A,0,46,3e-05,0.0,5,3937395878,35,1400,0.39083694083694087,0.3113706423143647,0.3535714285714286,0.3535714285714286,0.0,0.0|0.5|0.48|0.745|0.5|0.0|0.25,0.04154576755895446,True
PARTIAL_FT,P1,S1,0,A,0,46,3e-05,0.0,10,3937395878,35,1400,0.4402002759145616,0.3110415154782084,0.3535714285714286,0.3535714285714286,0.0,0.0|0.5|0.48|0.745|0.5|0.0|0.25,0.0809742752148934,True
PARTIAL_FT,P1,S1,0,A,0,46,3e-05,0.0,20,3937395878,35,1400,0.45952380952380956,0.31429928501365084,0.3535714285714286,0.3535714285714286,0.0,0.0|0.5|0.48|0.745|0.5|0.0|0.25,0.16178854080880467,True
PARTIAL_FT,P1,S1,0,A,0,46,3e-05,0.0001,5,4223064787,35,1400,0.39083694083694087,0.3113706423143647,0.3535714285714286,0.3535714285714286,0.0,0.0|0.5|0.48|0.745|0.5|0.0|0.25,0.04154576755895446,True
PARTIAL_FT,P1,S1,0,A,0,46,3e-05,0.0001,10,4223064787,35,1400,0.4402002759145616,0.3110415154782084,0.3535714285714286,0.3535714285714286,0.0,0.0|0.5|0.48|0.745|0.5|0.0|0.25,0.0809742752148934,True
PARTIAL_FT,P1,S1,0,A,0,46,3e-05,0.0001,20,4223064787,35,1400,0.45952380952380956,0.31429928501365084,0.3535714285714286,0.3535714285714286,0.0,0.0|0.5|0.48|0.745|0.5|0.0|0.25,0.16178854080880467,True
PARTIAL_FT,P1,S1,0,A,0,46,0.0001,0.0,5,240035884,35,1400,0.40930894502323073,0.3110415154782084,0.3535714285714286,0.3535714285714286,0.0,0.0|0.5|0.48|0.745|0.5|0.0|0.25,0.12134217262447916,True
PARTIAL_FT,P1,S1,0,A,0,46,0.0001,0.0,10,240035884,35,1400,0.45952380952380956,0.31429928501365084,0.3535714285714286,0.3535714285714286,0.0,0.0|0.5|0.48|0.745|0.5|0.0|0.25,0.24169700668507574,True
PARTIAL_FT,P1,S1,0,A,0,46,0.0001,0.0,20,240035884,35,1400,0.5464773321916179,0.2710088680141695,0.31785714285714284,0.3178571428571429,0.0,0.0|0.5|0.48|0.745|0.25|0.0|0.25,0.4718278414411396,True
PARTIAL_FT,P1,S1,0,A,0,46,0.0001,0.0001,5,3164903729,35,1400,0.40930894502323073,0.3110415154782084,0.3535714285714286,0.3535714285714286,0.0,0.0|0.5|0.48|0.745|0.5|0.0|0.25,0.12134217262447916,True
PARTIAL_FT,P1,S1,0,A,0,46,0.0001,0.0001,10,3164903729,35,1400,0.45952380952380956,0.31429928501365084,0.3535714285714286,0.3535714285714286,0.0,0.0|0.5|0.48|0.745|0.5|0.0|0.25,0.24169700668507574,True
PARTIAL_FT,P1,S1,0,A,0,46,0.0001,0.0001,20,3164903729,35,1400,0.5464773321916179,0.2710088680141695,0.31785714285714284,0.3178571428571429,0.0,0.0|0.5|0.48|0.745|0.25|0.0|0.25,0.4718278414411396,True
PARTIAL_FT,P1,S1,0,A,0,46,0.0003,0.0,5,3149845703,35,1400,0.45952380952380956,0.31418496454594286,0.3535714285714286,0.3535714285714286,0.0,0.0|0.5|0.48|0.745|0.5|0.0|0.25,0.25376399960223633,True
PARTIAL_FT,P1,S1,0,A,0,46,0.0003,0.0,10,3149845703,35,1400,0.5163574520717378,0.2765094915813733,0.31857142857142856,0.31857142857142856,0.0,0.0|0.5|0.485|0.745|0.25|0.0|0.25,0.465077384006541,True
PARTIAL_FT,P1,S1,0,A,0,46,0.0003,0.0,20,3149845703,35,1400,0.6732632446918162,0.29741447050888764,0.35428571428571426,0.35428571428571426,0.0,0.0|0.5|0.735|0.745|0.25|0.0|0.25,0.8663275612897352,True
PARTIAL_FT,P1,S1,0,A,0,46,0.0003,0.0001,5,1015615711,35,1400,0.45952380952380956,0.31418496454594286,0.3535714285714286,0.3535714285714286,0.0,0.0|0.5|0.48|0.745|0.5|0.0|0.25,0.2537639595472498,True
PARTIAL_FT,P1,S1,0,A,0,46,0.0003,0.0001,10,1015615711,35,1400,0.5163574520717378,0.2765094915813733,0.31857142857142856,0.31857142857142856,0.0,0.0|0.5|0.485|0.745|0.25|0.0|0.25,0.465077111164338,True
PARTIAL_FT,P1,S1,0,A,0,46,0.0003,0.0001,20,1015615711,35,1400,0.6732632446918162,0.29741447050888764,0.35428571428571426,0.35428571428571426,0.0,0.0|0.5|0.735|0.745|0.25|0.0|0.25,0.8663263459747018,True
FULL_FT,P1,S1,0,A,0,46,1e-05,0.0,5,3841943414,35,1400,0.42113997113997115,0.3126680488633434,0.3535714285714286,0.3535714285714286,0.0,0.0|0.5|0.48|0.745|0.5|0.0|0.25,0.016303286963138427,True
FULL_FT,P1,S1,0,A,0,46,1e-05,0.0,10,3841943414,35,1400,0.4452896310039168,0.31429928501365084,0.3535714285714286,0.3535714285714286,0.0,0.0|0.5|0.48|0.745|0.5|0.0|0.25,0.031964538784598394,True
FULL_FT,P1,S1,0,A,0,46,1e-05,0.0,20,3841943414,35,1400,0.46574140145568715,0.31429928501365084,0.3535714285714286,0.3535714285714286,0.0,0.0|0.5|0.48|0.745|0.5|0.0|0.25,0.06464991899854905,True
FULL_FT,P1,S1,0,A,0,46,1e-05,0.0001,5,3051726159,35,1400,0.42113997113997115,0.3126680488633434,0.3535714285714286,0.3535714285714286,0.0,0.0|0.5|0.48|0.745|0.5|0.0|0.25,0.016303286963138427,True
FULL_FT,P1,S1,0,A,0,46,1e-05,0.0001,10,3051726159,35,1400,0.4452896310039168,0.31429928501365084,0.3535714285714286,0.3535714285714286,0.0,0.0|0.5|0.48|0.745|0.5|0.0|0.25,0.031964538784598394,True
FULL_FT,P1,S1,0,A,0,46,1e-05,0.0001,20,3051726159,35,1400,0.46574140145568715,0.31429928501365084,0.3535714285714286,0.3535714285714286,0.0,0.0|0.5|0.48|0.745|0.5|0.0|0.25,0.06464991899854905,True
FULL_FT,P1,S1,0,A,0,46,3e-05,0.0,5,1773400627,35,1400,0.4133992991135848,0.31429928501365084,0.3535714285714286,0.3535714285714286,0.0,0.0|0.5|0.48|0.745|0.5|0.0|0.25,0.04347083186550575,True
FULL_FT,P1,S1,0,A,0,46,3e-05,0.0,10,1773400627,35,1400,0.4850649350649351,0.31429928501365084,0.3535714285714286,0.3535714285714286,0.0,0.0|0.5|0.48|0.745|0.5|0.0|0.25,0.08779497096187718,True
FULL_FT,P1,S1,0,A,0,46,3e-05,0.0,20,1773400627,35,1400,0.5136934494077351,0.2767811181299527,0.31785714285714284,0.3178571428571429,0.0,0.0|0.5|0.48|0.745|0.25|0.0|0.25,0.17600513485727814,True
FULL_FT,P1,S1,0,A,0,46,3e-05,0.0001,5,3738640162,35,1400,0.4133992991135848,0.31429928501365084,0.3535714285714286,0.3535714285714286,0.0,0.0|0.5|0.48|0.745|0.5|0.0|0.25,0.04347083186550575,True
FULL_FT,P1,S1,0,A,0,46,3e-05,0.0001,10,3738640162,35,1400,0.4850649350649351,0.31429928501365084,0.3535714285714286,0.3535714285714286,0.0,0.0|0.5|0.48|0.745|0.5|0.0|0.25,0.08779497096187718,True
FULL_FT,P1,S1,0,A,0,46,3e-05,0.0001,20,3738640162,35,1400,0.5136934494077351,0.2767811181299527,0.31785714285714284,0.3178571428571429,0.0,0.0|0.5|0.48|0.745|0.25|0.0|0.25,0.17600513485727814,True
FULL_FT,P1,S1,0,A,0,46,0.0001,0.0,5,1642711009,35,1400,0.427891156462585,0.313734069293419,0.3535714285714286,0.3535714285714286,0.0,0.0|0.5|0.48|0.745|0.5|0.0|0.25,0.09819523900775737,True
FULL_FT,P1,S1,0,A,0,46,0.0001,0.0,10,1642711009,35,1400,0.6520979020979022,0.27014201791349024,0.31785714285714284,0.3178571428571429,0.0,0.0|0.5|0.48|0.745|0.25|0.0|0.25,0.18303774179917146,True
FULL_FT,P1,S1,0,A,0,46,0.0001,0.0,20,1642711009,35,1400,0.7337662337662338,0.26957680219325847,0.31785714285714284,0.3178571428571429,0.0,0.0|0.5|0.48|0.745|0.25|0.0|0.25,0.3509782267734338,True
FULL_FT,P1,S1,0,A,0,46,0.0001,0.0001,5,4104508175,35,1400,0.427891156462585,0.313734069293419,0.3535714285714286,0.3535714285714286,0.0,0.0|0.5|0.48|0.745|0.5|0.0|0.25,0.09819523900775737,True
FULL_FT,P1,S1,0,A,0,46,0.0001,0.0001,10,4104508175,35,1400,0.6520979020979022,0.27014201791349024,0.31785714285714284,0.3178571428571429,0.0,0.0|0.5|0.48|0.745|0.25|0.0|0.25,0.18303774179917146,True
FULL_FT,P1,S1,0,A,0,46,0.0001,0.0001,20,4104508175,35,1400,0.7337662337662338,0.26957680219325847,0.31785714285714284,0.3178571428571429,0.0,0.0|0.5|0.48|0.745|0.25|0.0|0.25,0.3509782267734338,True
FULL_FT,P1,S1,0,A,0,46,0.0003,0.0,5,2167167648,35,1400,0.46511028653885794,0.33587266118890813,0.35428571428571426,0.35428571428571426,0.0,0.25|0.5|0.48|0.5|0.5|0.0|0.25,0.18726855841288412,True
FULL_FT,P1,S1,0,A,0,46,0.0003,0.0,10,2167167648,35,1400,0.6967175681461395,0.3075521205732685,0.355,0.355,0.0,0.0|0.5|0.735|0.75|0.25|0.0|0.25,0.2786092179284633,True
FULL_FT,P1,S1,0,A,0,46,0.0003,0.0,20,2167167648,35,1400,0.7634310134310134,0.2663414591139515,0.31857142857142856,0.31857142857142856,0.0,0.0|0.5|0.48|0.75|0.25|0.0|0.25,0.4690526249514647,True
FULL_FT,P1,S1,0,A,0,46,0.0003,0.0001,5,1377178005,35,1400,0.46511028653885794,0.33587266118890813,0.35428571428571426,0.35428571428571426,0.0,0.25|0.5|0.48|0.5|0.5|0.0|0.25,0.18726855861322025,True
FULL_FT,P1,S1,0,A,0,46,0.0003,0.0001,10,1377178005,35,1400,0.6967175681461395,0.3075521205732685,0.355,0.355,0.0,0.0|0.5|0.735|0.75|0.25|0.0|0.25,0.2786072415236249,True
FULL_FT,P1,S1,0,A,0,46,0.0003,0.0001,20,1377178005,35,1400,0.7634310134310134,0.2663414591139515,0.31857142857142856,0.31857142857142856,0.0,0.0|0.5|0.48|0.75|0.25|0.0|0.25,0.46904031626693266,True
PARTIAL_FT,P1,S1,4,A,4,42,1e-05,0.0,5,3088501596,35,1400,0.32163392163392157,0.28532998331670995,0.3221428571428571,0.3221428571428571,0.0,0.245|0.28|0.5|0.75|0.0|0.0|0.48,0.015029037264786783,True
PARTIAL_FT,P1,S1,4,A,4,42,1e-05,0.0,10,3088501596,35,1400,0.32163392163392157,0.2887796710154373,0.3221428571428571,0.3221428571428571,0.0,0.245|0.28|0.5|0.75|0.0|0.0|0.48,0.029302389730565467,True
PARTIAL_FT,P1,S1,4,A,4,42,1e-05,0.0,20,3088501596,35,1400,0.32163392163392157,0.2887796710154373,0.3221428571428571,0.3221428571428571,0.0,0.245|0.28|0.5|0.75|0.0|0.0|0.48,0.057741101140199834,True
PARTIAL_FT,P1,S1,4,A,4,42,1e-05,0.0001,5,910227557,35,1400,0.32163392163392157,0.28532998331670995,0.3221428571428571,0.3221428571428571,0.0,0.245|0.28|0.5|0.75|0.0|0.0|0.48,0.015029037264786783,True
PARTIAL_FT,P1,S1,4,A,4,42,1e-05,0.0001,10,910227557,35,1400,0.32163392163392157,0.2887796710154373,0.3221428571428571,0.3221428571428571,0.0,0.245|0.28|0.5|0.75|0.0|0.0|0.48,0.029302389730565467,True
PARTIAL_FT,P1,S1,4,A,4,42,1e-05,0.0001,20,910227557,35,1400,0.32163392163392157,0.2887796710154373,0.3221428571428571,0.3221428571428571,0.0,0.245|0.28|0.5|0.75|0.0|0.0|0.48,0.057741101140199834,True
PARTIAL_FT,P1,S1,4,A,4,42,3e-05,0.0,5,544150846,35,1400,0.32163392163392157,0.2887796710154373,0.3221428571428571,0.3221428571428571,0.0,0.245|0.28|0.5|0.75|0.0|0.0|0.48,0.042609476733377435,True
PARTIAL_FT,P1,S1,4,A,4,42,3e-05,0.0,10,544150846,35,1400,0.3479076479076479,0.2887796710154373,0.3221428571428571,0.3221428571428571,0.0,0.245|0.28|0.5|0.75|0.0|0.0|0.48,0.08437033874749457,True
PARTIAL_FT,P1,S1,4,A,4,42,3e-05,0.0,20,544150846,35,1400,0.3861471861471861,0.2885844530292097,0.3221428571428571,0.3221428571428571,0.0,0.245|0.28|0.5|0.75|0.0|0.0|0.48,0.16756990058333446,True
PARTIAL_FT,P1,S1,4,A,4,42,3e-05,0.0001,5,2832634745,35,1400,0.32163392163392157,0.2887796710154373,0.3221428571428571,0.3221428571428571,0.0,0.245|0.28|0.5|0.75|0.0|0.0|0.48,0.042609476733377435,True
PARTIAL_FT,P1,S1,4,A,4,42,3e-05,0.0001,10,2832634745,35,1400,0.3479076479076479,0.2887796710154373,0.3221428571428571,0.3221428571428571,0.0,0.245|0.28|0.5|0.75|0.0|0.0|0.48,0.08437033874749457,True
PARTIAL_FT,P1,S1,4,A,4,42,3e-05,0.0001,20,2832634745,35,1400,0.3861471861471861,0.2885844530292097,0.3221428571428571,0.3221428571428571,0.0,0.245|0.28|0.5|0.75|0.0|0.0|0.48,0.16756990058333446,True
PARTIAL_FT,P1,S1,4,A,4,42,0.0001,0.0,5,357016558,35,1400,0.3479076479076479,0.2890922692478956,0.3221428571428571,0.3221428571428571,0.0,0.245|0.28|0.5|0.75|0.0|0.0|0.48,0.127578736092967,True
PARTIAL_FT,P1,S1,4,A,4,42,0.0001,0.0,10,357016558,35,1400,0.4155122655122655,0.2943451937418147,0.3221428571428571,0.3221428571428571,0.0,0.245|0.28|0.5|0.75|0.0|0.0|0.48,0.251551008710557,True
PARTIAL_FT,P1,S1,4,A,4,42,0.0001,0.0,20,357016558,35,1400,0.44725829725829724,0.2593539157220584,0.2892857142857143,0.28928571428571426,0.0,0.015|0.28|0.5|0.75|0.0|0.0|0.48,0.4882843496105041,True
PARTIAL_FT,P1,S1,4,A,4,42,0.0001,0.0001,5,2688402968,35,1400,0.3479076479076479,0.2890922692478956,0.3221428571428571,0.3221428571428571,0.0,0.245|0.28|0.5|0.75|0.0|0.0|0.48,0.127578736092967,True
PARTIAL_FT,P1,S1,4,A,4,42,0.0001,0.0001,10,2688402968,35,1400,0.4155122655122655,0.2943451937418147,0.3221428571428571,0.3221428571428571,0.0,0.245|0.28|0.5|0.75|0.0|0.0|0.48,0.251551008710557,True
PARTIAL_FT,P1,S1,4,A,4,42,0.0001,0.0001,20,2688402968,35,1400,0.44725829725829724,0.2593539157220584,0.2892857142857143,0.28928571428571426,0.0,0.015|0.28|0.5|0.75|0.0|0.0|0.48,0.4882843496105041,True
PARTIAL_FT,P1,S1,4,A,4,42,0.0003,0.0,5,2859668578,35,1400,0.4155122655122655,0.28737350018414715,0.3242857142857143,0.3242857142857143,0.0,0.245|0.295|0.5|0.75|0.0|0.0|0.48,0.2756381814145695,True
PARTIAL_FT,P1,S1,4,A,4,42,0.0003,0.0,10,2859668578,35,1400,0.44025974025974024,0.257182161301768,0.28714285714285714,0.2871428571428571,0.0,0.0|0.28|0.5|0.75|0.0|0.0|0.48,0.505821267268108,True
PARTIAL_FT,P1,S1,4,A,4,42,0.0003,0.0,20,2859668578,35,1400,0.5627705627705627,0.2624620382326907,0.2914285714285714,0.2914285714285714,0.0,0.015|0.295|0.5|0.75|0.0|0.0|0.48,0.9285536053284617,True
PARTIAL_FT,P1,S1,4,A,4,42,0.0003,0.0001,5,1247814560,35,1400,0.4155122655122655,0.28737350018414715,0.3242857142857143,0.3242857142857143,0.0,0.245|0.295|0.5|0.75|0.0|0.0|0.48,0.2756382990649473,True
PARTIAL_FT,P1,S1,4,A,4,42,0.0003,0.0001,10,1247814560,35,1400,0.44025974025974024,0.257182161301768,0.28714285714285714,0.2871428571428571,0.0,0.0|0.28|0.5|0.75|0.0|0.0|0.48,0.5058194060327259,True
PARTIAL_FT,P1,S1,4,A,4,42,0.0003,0.0001,20,1247814560,35,1400,0.5627705627705627,0.2624620382326907,0.2914285714285714,0.2914285714285714,0.0,0.015|0.295|0.5|0.75|0.0|0.0|0.48,0.9285353105680562,True
FULL_FT,P1,S1,4,A,4,42,1e-05,0.0,5,700051813,35,1400,0.32163392163392157,0.2890922692478956,0.3221428571428571,0.3221428571428571,0.0,0.245|0.28|0.5|0.75|0.0|0.0|0.48,0.016395724057744223,True
FULL_FT,P1,S1,4,A,4,42,1e-05,0.0,10,700051813,35,1400,0.350999000999001,0.2888970512616679,0.3221428571428571,0.3221428571428571,0.0,0.245|0.28|0.5|0.75|0.0|0.0|0.48,0.032681761828920186,True
FULL_FT,P1,S1,4,A,4,42,1e-05,0.0,20,700051813,35,1400,0.4155122655122655,0.2888970512616679,0.3221428571428571,0.3221428571428571,0.0,0.245|0.28|0.5|0.75|0.0|0.0|0.48,0.06580552845225282,True
FULL_FT,P1,S1,4,A,4,42,1e-05,0.0001,5,2757595441,35,1400,0.32163392163392157,0.2890922692478956,0.3221428571428571,0.3221428571428571,0.0,0.245|0.28|0.5|0.75|0.0|0.0|0.48,0.016395724057744223,True
FULL_FT,P1,S1,4,A,4,42,1e-05,0.0001,10,2757595441,35,1400,0.350999000999001,0.2888970512616679,0.3221428571428571,0.3221428571428571,0.0,0.245|0.28|0.5|0.75|0.0|0.0|0.48,0.032681761828920186,True
FULL_FT,P1,S1,4,A,4,42,1e-05,0.0001,20,2757595441,35,1400,0.4155122655122655,0.2888970512616679,0.3221428571428571,0.3221428571428571,0.0,0.245|0.28|0.5|0.75|0.0|0.0|0.48,0.06580552845225282,True
FULL_FT,P1,S1,4,A,4,42,3e-05,0.0,5,3388466693,35,1400,0.37727272727272726,0.2888970512616679,0.3221428571428571,0.3221428571428571,0.0,0.245|0.28|0.5|0.75|0.0|0.0|0.48,0.044134969576951455,True
FULL_FT,P1,S1,4,A,4,42,3e-05,0.0,10,3388466693,35,1400,0.4155122655122655,0.2888970512616679,0.3221428571428571,0.3221428571428571,0.0,0.245|0.28|0.5|0.75|0.0|0.0|0.48,0.08846960183191736,True
FULL_FT,P1,S1,4,A,4,42,3e-05,0.0,20,3388466693,35,1400,0.44725829725829724,0.2906086990744347,0.3221428571428571,0.3221428571428571,0.0,0.245|0.28|0.5|0.75|0.0|0.0|0.48,0.17698642598122444,True
FULL_FT,P1,S1,4,A,4,42,3e-05,0.0001,5,2066280917,35,1400,0.37727272727272726,0.2888970512616679,0.3221428571428571,0.3221428571428571,0.0,0.245|0.28|0.5|0.75|0.0|0.0|0.48,0.044134969576951455,True
FULL_FT,P1,S1,4,A,4,42,3e-05,0.0001,10,2066280917,35,1400,0.4155122655122655,0.2888970512616679,0.3221428571428571,0.3221428571428571,0.0,0.245|0.28|0.5|0.75|0.0|0.0|0.48,0.08846960183191736,True
FULL_FT,P1,S1,4,A,4,42,3e-05,0.0001,20,2066280917,35,1400,0.44725829725829724,0.2906086990744347,0.3221428571428571,0.3221428571428571,0.0,0.245|0.28|0.5|0.75|0.0|0.0|0.48,0.17698642598122444,True
FULL_FT,P1,S1,4,A,4,42,0.0001,0.0,5,3415071920,35,1400,0.41541950113378684,0.2973620040163462,0.3242857142857143,0.3242857142857143,0.0,0.245|0.295|0.5|0.75|0.0|0.0|0.48,0.10319949624333696,True
FULL_FT,P1,S1,4,A,4,42,0.0001,0.0,10,3415071920,35,1400,0.4323232323232323,0.21654231572673496,0.2542857142857143,0.2542857142857143,0.0,0.0|0.28|0.5|0.75|0.0|0.0|0.25,0.19262828958832484,True
FULL_FT,P1,S1,4,A,4,42,0.0001,0.0,20,3415071920,35,1400,0.5058441558441558,0.2570011581916865,0.2892857142857143,0.28928571428571426,0.0,0.0|0.295|0.5|0.75|0.0|0.0|0.48,0.36697921649414905,True
FULL_FT,P1,S1,4,A,4,42,0.0001,0.0001,5,2894396977,35,1400,0.41541950113378684,0.2973620040163462,0.3242857142857143,0.3242857142857143,0.0,0.245|0.295|0.5|0.75|0.0|0.0|0.48,0.10319949624333696,True
FULL_FT,P1,S1,4,A,4,42,0.0001,0.0001,10,2894396977,35,1400,0.4323232323232323,0.21654231572673496,0.2542857142857143,0.2542857142857143,0.0,0.0|0.28|0.5|0.75|0.0|0.0|0.25,0.19262828958832484,True
FULL_FT,P1,S1,4,A,4,42,0.0001,0.0001,20,2894396977,35,1400,0.5058441558441558,0.2570011581916865,0.2892857142857143,0.28928571428571426,0.0,0.0|0.295|0.5|0.75|0.0|0.0|0.48,0.36697921649414905,True
FULL_FT,P1,S1,4,A,4,42,0.0003,0.0,5,1011677695,35,1400,0.44851814851814853,0.2921720618394029,0.31785714285714284,0.3178571428571429,0.0,0.015|0.28|0.25|0.75|0.0|0.25|0.68,0.20024977186023352,True
FULL_FT,P1,S1,4,A,4,42,0.0003,0.0,10,1011677695,35,1400,0.4292759528053645,0.21434327870172296,0.29,0.29000000000000004,0.0,0.0|0.28|0.75|0.75|0.0|0.0|0.25,0.30689190527863247,True
FULL_FT,P1,S1,4,A,4,42,0.0003,0.0,20,1011677695,35,1400,0.6294372294372295,0.2435884808143814,0.2957142857142857,0.29571428571428576,0.0,0.0|0.28|0.5|0.81|0.0|0.0|0.48,0.5109404507156028,True
FULL_FT,P1,S1,4,A,4,42,0.0003,0.0001,5,2157200811,35,1400,0.44851814851814853,0.2921720618394029,0.31785714285714284,0.3178571428571429,0.0,0.015|0.28|0.25|0.75|0.0|0.25|0.68,0.20024909397705434,True
FULL_FT,P1,S1,4,A,4,42,0.0003,0.0001,10,2157200811,35,1400,0.4292759528053645,0.21434327870172296,0.29,0.29000000000000004,0.0,0.0|0.28|0.75|0.75|0.0|0.0|0.25,0.30688286679687315,True
FULL_FT,P1,S1,4,A,4,42,0.0003,0.0001,20,2157200811,35,1400,0.6294372294372295,0.2435884808143814,0.2957142857142857,0.29571428571428576,0.0,0.0|0.28|0.5|0.81|0.0|0.0|0.48,0.5108779266481709,True
PARTIAL_FT,P1,S1,4,A,4,43,1e-05,0.0,5,1688498790,35,1400,0.4223665223665224,0.1445200358259114,0.17785714285714285,0.17785714285714288,0.0,0.245|0.0|0.5|0.5|0.0|0.0|0.0,0.015138972324665323,True
PARTIAL_FT,P1,S1,4,A,4,43,1e-05,0.0,10,1688498790,35,1400,0.4223665223665224,0.14486496252898703,0.17785714285714285,0.17785714285714288,0.0,0.245|0.0|0.5|0.5|0.0|0.0|0.0,0.029677547224087386,True
PARTIAL_FT,P1,S1,4,A,4,43,1e-05,0.0,20,1688498790,35,1400,0.4223665223665224,0.14486496252898703,0.17785714285714285,0.17785714285714288,0.0,0.245|0.0|0.5|0.5|0.0|0.0|0.0,0.05854945474367522,True
PARTIAL_FT,P1,S1,4,A,4,43,1e-05,0.0001,5,3920899967,35,1400,0.4223665223665224,0.1445200358259114,0.17785714285714285,0.17785714285714288,0.0,0.245|0.0|0.5|0.5|0.0|0.0|0.0,0.015138972324665323,True
PARTIAL_FT,P1,S1,4,A,4,43,1e-05,0.0001,10,3920899967,35,1400,0.4223665223665224,0.14486496252898703,0.17785714285714285,0.17785714285714288,0.0,0.245|0.0|0.5|0.5|0.0|0.0|0.0,0.029677547224087386,True
PARTIAL_FT,P1,S1,4,A,4,43,1e-05,0.0001,20,3920899967,35,1400,0.4223665223665224,0.14486496252898703,0.17785714285714285,0.17785714285714288,0.0,0.245|0.0|0.5|0.5|0.0|0.0|0.0,0.05854945474367522,True
PARTIAL_FT,P1,S1,4,A,4,43,3e-05,0.0,5,440921428,35,1400,0.4223665223665224,0.14488014952453837,0.17785714285714285,0.17785714285714288,0.0,0.245|0.0|0.5|0.5|0.0|0.0|0.0,0.04347430053527657,True
PARTIAL_FT,P1,S1,4,A,4,43,3e-05,0.0,10,440921428,35,1400,0.4223665223665224,0.1445891800882389,0.17785714285714285,0.17785714285714288,0.0,0.245|0.0|0.5|0.5|0.0|0.0|0.0,0.0859918564270149,True
PARTIAL_FT,P1,S1,4,A,4,43,3e-05,0.0,20,440921428,35,1400,0.4758297258297258,0.1470662070982344,0.18,0.18,0.0,0.245|0.015|0.5|0.5|0.0|0.0|0.0,0.17001056613099025,True
PARTIAL_FT,P1,S1,4,A,4,43,3e-05,0.0001,5,2027351361,35,1400,0.4223665223665224,0.14488014952453837,0.17785714285714285,0.17785714285714288,0.0,0.245|0.0|0.5|0.5|0.0|0.0|0.0,0.04347430053527657,True
PARTIAL_FT,P1,S1,4,A,4,43,3e-05,0.0001,10,2027351361,35,1400,0.4223665223665224,0.1445891800882389,0.17785714285714285,0.17785714285714288,0.0,0.245|0.0|0.5|0.5|0.0|0.0|0.0,0.0859918564270149,True
PARTIAL_FT,P1,S1,4,A,4,43,3e-05,0.0001,20,2027351361,35,1400,0.4758297258297258,0.1470662070982344,0.18,0.18,0.0,0.245|0.015|0.5|0.5|0.0|0.0|0.0,0.17001056613099025,True
PARTIAL_FT,P1,S1,4,A,4,43,0.0001,0.0,5,2396947687,35,1400,0.44711399711399713,0.147059332414299,0.18,0.18,0.0,0.245|0.015|0.5|0.5|0.0|0.0|0.0,0.1333988014292762,True
PARTIAL_FT,P1,S1,4,A,4,43,0.0001,0.0,10,2396947687,35,1400,0.4758297258297258,0.1470662070982344,0.18,0.18,0.0,0.245|0.015|0.5|0.5|0.0|0.0|0.0,0.2621641813050143,True
PARTIAL_FT,P1,S1,4,A,4,43,0.0001,0.0,20,2396947687,35,1400,0.5936095650381363,0.14636976123655215,0.18285714285714286,0.18285714285714286,0.0,0.265|0.015|0.5|0.5|0.0|0.0|0.0,0.5042687665614238,True
PARTIAL_FT,P1,S1,4,A,4,43,0.0001,0.0001,5,1460560249,35,1400,0.44711399711399713,0.147059332414299,0.18,0.18,0.0,0.245|0.015|0.5|0.5|0.0|0.0|0.0,0.1333988014292762,True
PARTIAL_FT,P1,S1,4,A,4,43,0.0001,0.0001,10,1460560249,35,1400,0.4758297258297258,0.1470662070982344,0.18,0.18,0.0,0.245|0.015|0.5|0.5|0.0|0.0|0.0,0.2621641813050143,True
PARTIAL_FT,P1,S1,4,A,4,43,0.0001,0.0001,20,1460560249,35,1400,0.5936095650381363,0.14636976123655215,0.18285714285714286,0.18285714285714286,0.0,0.265|0.015|0.5|0.5|0.0|0.0|0.0,0.5042687665614238,True
PARTIAL_FT,P1,S1,4,A,4,43,0.0003,0.0,5,1915365351,35,1400,0.5115440115440115,0.14971206714787802,0.18071428571428572,0.18071428571428574,0.0,0.265|0.0|0.5|0.5|0.0|0.0|0.0,0.291917036007524,True
PARTIAL_FT,P1,S1,4,A,4,43,0.0003,0.0,10,1915365351,35,1400,0.5950525664811378,0.1547710788491837,0.18428571428571427,0.1842857142857143,0.0,0.245|0.045|0.5|0.5|0.0|0.0|0.0,0.5329735753813879,True
PARTIAL_FT,P1,S1,4,A,4,43,0.0003,0.0,20,1915365351,35,1400,0.7689754689754691,0.12403168204681021,0.14714285714285713,0.14714285714285716,0.0,0.015|0.015|0.5|0.5|0.0|0.0|0.0,0.9618982386981861,True
PARTIAL_FT,P1,S1,4,A,4,43,0.0003,0.0001,5,497985603,35,1400,0.5115440115440115,0.14971206714787802,0.18071428571428572,0.18071428571428574,0.0,0.265|0.0|0.5|0.5|0.0|0.0|0.0,0.29191707588711285,True
PARTIAL_FT,P1,S1,4,A,4,43,0.0003,0.0001,10,497985603,35,1400,0.5950525664811378,0.1547710788491837,0.18428571428571427,0.1842857142857143,0.0,0.245|0.045|0.5|0.5|0.0|0.0|0.0,0.5329735172254444,True
PARTIAL_FT,P1,S1,4,A,4,43,0.0003,0.0001,20,497985603,35,1400,0.7689754689754691,0.12403168204681021,0.14714285714285713,0.14714285714285716,0.0,0.015|0.015|0.5|0.5|0.0|0.0|0.0,0.9618974016169947,True
FULL_FT,P1,S1,4,A,4,43,1e-05,0.0,5,416267167,35,1400,0.4223665223665224,0.14458953101962235,0.17785714285714285,0.17785714285714288,0.0,0.245|0.0|0.5|0.5|0.0|0.0|0.0,0.01707701456810198,True
FULL_FT,P1,S1,4,A,4,43,1e-05,0.0,10,416267167,35,1400,0.4223665223665224,0.1442511280690987,0.17785714285714285,0.17785714285714288,0.0,0.245|0.0|0.5|0.5|0.0|0.0|0.0,0.03402574277897468,True
FULL_FT,P1,S1,4,A,4,43,1e-05,0.0,20,416267167,35,1400,0.44711399711399713,0.14376966269504435,0.17785714285714285,0.17785714285714288,0.0,0.245|0.0|0.5|0.5|0.0|0.0|0.0,0.06798524569168235,True
FULL_FT,P1,S1,4,A,4,43,1e-05,0.0001,5,1641301241,35,1400,0.4223665223665224,0.14458953101962235,0.17785714285714285,0.17785714285714288,0.0,0.245|0.0|0.5|0.5|0.0|0.0|0.0,0.01707701456810198,True
FULL_FT,P1,S1,4,A,4,43,1e-05,0.0001,10,1641301241,35,1400,0.4223665223665224,0.1442511280690987,0.17785714285714285,0.17785714285714288,0.0,0.245|0.0|0.5|0.5|0.0|0.0|0.0,0.03402574277897468,True
FULL_FT,P1,S1,4,A,4,43,1e-05,0.0001,20,1641301241,35,1400,0.44711399711399713,0.14376966269504435,0.17785714285714285,0.17785714285714288,0.0,0.245|0.0|0.5|0.5|0.0|0.0|0.0,0.06798524569168235,True
FULL_FT,P1,S1,4,A,4,43,3e-05,0.0,5,3496357102,35,1400,0.44711399711399713,0.1442511280690987,0.17785714285714285,0.17785714285714288,0.0,0.245|0.0|0.5|0.5|0.0|0.0|0.0,0.04696225222781329,True
FULL_FT,P1,S1,4,A,4,43,3e-05,0.0,10,3496357102,35,1400,0.4758297258297258,0.14307349473183187,0.18,0.18,0.0,0.245|0.015|0.5|0.5|0.0|0.0|0.0,0.09335674620950371,True
FULL_FT,P1,S1,4,A,4,43,3e-05,0.0,20,3496357102,35,1400,0.5950525664811378,0.1430494172704376,0.18,0.18,0.0,0.245|0.015|0.5|0.5|0.0|0.0|0.0,0.1845976109213372,True
FULL_FT,P1,S1,4,A,4,43,3e-05,0.0001,5,3881322439,35,1400,0.44711399711399713,0.1442511280690987,0.17785714285714285,0.17785714285714288,0.0,0.245|0.0|0.5|0.5|0.0|0.0|0.0,0.04696225222781329,True
FULL_FT,P1,S1,4,A,4,43,3e-05,0.0001,10,3881322439,35,1400,0.4758297258297258,0.14307349473183187,0.18,0.18,0.0,0.245|0.015|0.5|0.5|0.0|0.0|0.0,0.09335674620950371,True
FULL_FT,P1,S1,4,A,4,43,3e-05,0.0001,20,3881322439,35,1400,0.5950525664811378,0.1430494172704376,0.18,0.18,0.0,0.245|0.015|0.5|0.5|0.0|0.0|0.0,0.1845976109213372,True
FULL_FT,P1,S1,4,A,4,43,0.0001,0.0,5,375491487,35,1400,0.5390641104926819,0.14971206714787802,0.18071428571428572,0.18071428571428574,0.0,0.265|0.0|0.5|0.5|0.0|0.0|0.0,0.10524625269990814,True
FULL_FT,P1,S1,4,A,4,43,0.0001,0.0,10,375491487,35,1400,0.5626262626262626,0.11448834069633441,0.14714285714285713,0.14714285714285716,0.0,0.015|0.015|0.5|0.5|0.0|0.0|0.0,0.19105797223246568,True
FULL_FT,P1,S1,4,A,4,43,0.0001,0.0,20,375491487,35,1400,0.772943722943723,0.14726427819753868,0.18,0.18,0.0,0.245|0.015|0.5|0.5|0.0|0.0|0.0,0.35835846049980596,True
FULL_FT,P1,S1,4,A,4,43,0.0001,0.0001,5,3372526733,35,1400,0.5390641104926819,0.14971206714787802,0.18071428571428572,0.18071428571428574,0.0,0.265|0.0|0.5|0.5|0.0|0.0|0.0,0.10524625269990814,True
FULL_FT,P1,S1,4,A,4,43,0.0001,0.0001,10,3372526733,35,1400,0.5626262626262626,0.11448834069633441,0.14714285714285713,0.14714285714285716,0.0,0.015|0.015|0.5|0.5|0.0|0.0|0.0,0.19105797223246568,True
FULL_FT,P1,S1,4,A,4,43,0.0001,0.0001,20,3372526733,35,1400,0.772943722943723,0.14726427819753868,0.18,0.18,0.0,0.245|0.015|0.5|0.5|0.0|0.0|0.0,0.35835846049980596,True
FULL_FT,P1,S1,4,A,4,43,0.0003,0.0,5,16034171,35,1400,0.5666143380429095,0.17097213743505732,0.18071428571428572,0.18071428571428574,0.0,0.265|0.0|0.5|0.5|0.0|0.0|0.0,0.20066945071273157,True
FULL_FT,P1,S1,4,A,4,43,0.0003,0.0,10,16034171,35,1400,0.6271181199752628,0.20486934916234723,0.22,0.22,0.0,0.0|0.295|0.5|0.25|0.0|0.25|0.245,0.30154664198939557,True
FULL_FT,P1,S1,4,A,4,43,0.0003,0.0,20,16034171,35,1400,0.6613069470212328,0.12264250050294004,0.15142857142857144,0.15142857142857144,0.0,0.015|0.045|0.5|0.5|0.0|0.0|0.0,0.4889190411003515,True
FULL_FT,P1,S1,4,A,4,43,0.0003,0.0001,5,606806118,35,1400,0.5666143380429095,0.17097213743505732,0.18071428571428572,0.18071428571428574,0.0,0.265|0.0|0.5|0.5|0.0|0.0|0.0,0.2006695357568422,True
FULL_FT,P1,S1,4,A,4,43,0.0003,0.0001,10,606806118,35,1400,0.6271181199752628,0.20486934916234723,0.22,0.22,0.0,0.0|0.295|0.5|0.25|0.0|0.25|0.245,0.3015436720938955,True
FULL_FT,P1,S1,4,A,4,43,0.0003,0.0001,20,606806118,35,1400,0.6613069470212328,0.12264250050294004,0.15142857142857144,0.15142857142857144,0.0,0.015|0.045|0.5|0.5|0.0|0.0|0.0,0.48891960413140517,True
PARTIAL_FT,P1,S1,4,A,4,44,1e-05,0.0,5,491152255,35,1400,0.40600510600510603,0.2022879007834206,0.25,0.25,0.0,0.245|0.0|0.75|0.505|0.0|0.0|0.25,0.015192695259033395,True
PARTIAL_FT,P1,S1,4,A,4,44,1e-05,0.0,10,491152255,35,1400,0.40600510600510603,0.2022879007834206,0.25,0.25,0.0,0.245|0.0|0.75|0.505|0.0|0.0|0.25,0.02972886714011169,True
PARTIAL_FT,P1,S1,4,A,4,44,1e-05,0.0,20,491152255,35,1400,0.40600510600510603,0.2022879007834206,0.25,0.25,0.0,0.245|0.0|0.75|0.505|0.0|0.0|0.25,0.05839872106180573,True
PARTIAL_FT,P1,S1,4,A,4,44,1e-05,0.0001,5,2870917015,35,1400,0.40600510600510603,0.2022879007834206,0.25,0.25,0.0,0.245|0.0|0.75|0.505|0.0|0.0|0.25,0.015192695259033395,True
PARTIAL_FT,P1,S1,4,A,4,44,1e-05,0.0001,10,2870917015,35,1400,0.40600510600510603,0.2022879007834206,0.25,0.25,0.0,0.245|0.0|0.75|0.505|0.0|0.0|0.25,0.02972886714011169,True
PARTIAL_FT,P1,S1,4,A,4,44,1e-05,0.0001,20,2870917015,35,1400,0.40600510600510603,0.2022879007834206,0.25,0.25,0.0,0.245|0.0|0.75|0.505|0.0|0.0|0.25,0.05839872106180573,True
PARTIAL_FT,P1,S1,4,A,4,44,3e-05,0.0,5,2302530904,35,1400,0.40600510600510603,0.2022879007834206,0.25,0.25,0.0,0.245|0.0|0.75|0.505|0.0|0.0|0.25,0.04350447370862916,True
PARTIAL_FT,P1,S1,4,A,4,44,3e-05,0.0,10,2302530904,35,1400,0.40600510600510603,0.2022879007834206,0.25,0.25,0.0,0.245|0.0|0.75|0.505|0.0|0.0|0.25,0.0855161520100093,True
PARTIAL_FT,P1,S1,4,A,4,44,3e-05,0.0,20,2302530904,35,1400,0.40600510600510603,0.2022879007834206,0.25,0.25,0.0,0.245|0.0|0.75|0.505|0.0|0.0|0.25,0.16957107071263788,True
PARTIAL_FT,P1,S1,4,A,4,44,3e-05,0.0001,5,3319073459,35,1400,0.40600510600510603,0.2022879007834206,0.25,0.25,0.0,0.245|0.0|0.75|0.505|0.0|0.0|0.25,0.04350447370862916,True
PARTIAL_FT,P1,S1,4,A,4,44,3e-05,0.0001,10,3319073459,35,1400,0.40600510600510603,0.2022879007834206,0.25,0.25,0.0,0.245|0.0|0.75|0.505|0.0|0.0|0.25,0.0855161520100093,True
PARTIAL_FT,P1,S1,4,A,4,44,3e-05,0.0001,20,3319073459,35,1400,0.40600510600510603,0.2022879007834206,0.25,0.25,0.0,0.245|0.0|0.75|0.505|0.0|0.0|0.25,0.16957107071263788,True
PARTIAL_FT,P1,S1,4,A,4,44,0.0001,0.0,5,2581821279,35,1400,0.40600510600510603,0.2022879007834206,0.25,0.25,0.0,0.245|0.0|0.75|0.505|0.0|0.0|0.25,0.1331699288514209,True
PARTIAL_FT,P1,S1,4,A,4,44,0.0001,0.0,10,2581821279,35,1400,0.4318903318903319,0.2046374797584481,0.2542857142857143,0.2542857142857143,0.0,0.245|0.0|0.75|0.535|0.0|0.0|0.25,0.2634035566216902,True
PARTIAL_FT,P1,S1,4,A,4,44,0.0001,0.0,20,2581821279,35,1400,0.4588744588744588,0.2277756372495364,0.2892857142857143,0.28928571428571426,0.0,0.245|0.03|0.75|0.75|0.0|0.0|0.25,0.5092544268200163,True
PARTIAL_FT,P1,S1,4,A,4,44,0.0001,0.0001,5,2145934731,35,1400,0.40600510600510603,0.2022879007834206,0.25,0.25,0.0,0.245|0.0|0.75|0.505|0.0|0.0|0.25,0.1331699288514209,True
PARTIAL_FT,P1,S1,4,A,4,44,0.0001,0.0001,10,2145934731,35,1400,0.4318903318903319,0.2046374797584481,0.2542857142857143,0.2542857142857143,0.0,0.245|0.0|0.75|0.535|0.0|0.0|0.25,0.2634035566216902,True
PARTIAL_FT,P1,S1,4,A,4,44,0.0001,0.0001,20,2145934731,35,1400,0.4588744588744588,0.2277756372495364,0.2892857142857143,0.28928571428571426,0.0,0.245|0.03|0.75|0.75|0.0|0.0|0.25,0.5092544268200163,True
PARTIAL_FT,P1,S1,4,A,4,44,0.0003,0.0,5,1202000233,35,1400,0.4087468087468088,0.22547634735766495,0.28714285714285714,0.2871428571428571,0.0,0.245|0.0|0.75|0.765|0.0|0.0|0.25,0.3032617802160217,True
PARTIAL_FT,P1,S1,4,A,4,44,0.0003,0.0,10,1202000233,35,1400,0.5191919191919193,0.1705103446905609,0.22142857142857142,0.22142857142857145,0.0,0.015|0.03|0.75|0.505|0.0|0.0|0.25,0.5607347410346034,True
PARTIAL_FT,P1,S1,4,A,4,44,0.0003,0.0,20,1202000233,35,1400,0.5991341991341991,0.23106359522520625,0.3007142857142857,0.3007142857142857,0.0,0.015|0.03|0.75|0.81|0.0|0.25|0.25,1.0398559933601002,True
PARTIAL_FT,P1,S1,4,A,4,44,0.0003,0.0001,5,2473328211,35,1400,0.4087468087468088,0.22547634735766495,0.28714285714285714,0.2871428571428571,0.0,0.245|0.0|0.75|0.765|0.0|0.0|0.25,0.30326168734168646,True
PARTIAL_FT,P1,S1,4,A,4,44,0.0003,0.0001,10,2473328211,35,1400,0.5191919191919193,0.1705103446905609,0.22142857142857142,0.22142857142857145,0.0,0.015|0.03|0.75|0.505|0.0|0.0|0.25,0.5607338812603004,True
PARTIAL_FT,P1,S1,4,A,4,44,0.0003,0.0001,20,2473328211,35,1400,0.5991341991341991,0.23106359522520625,0.3007142857142857,0.3007142857142857,0.0,0.015|0.03|0.75|0.81|0.0|0.25|0.25,1.0398445392417743,True
FULL_FT,P1,S1,4,A,4,44,1e-05,0.0,5,3895894166,35,1400,0.40600510600510603,0.2022879007834206,0.25,0.25,0.0,0.245|0.0|0.75|0.505|0.0|0.0|0.25,0.017083326895946847,True
FULL_FT,P1,S1,4,A,4,44,1e-05,0.0,10,3895894166,35,1400,0.40600510600510603,0.2022879007834206,0.25,0.25,0.0,0.245|0.0|0.75|0.505|0.0|0.0|0.25,0.0337699625305784,True
FULL_FT,P1,S1,4,A,4,44,1e-05,0.0,20,3895894166,35,1400,0.40600510600510603,0.20346852531805773,0.25214285714285717,0.25214285714285717,0.0,0.245|0.0|0.75|0.52|0.0|0.0|0.25,0.067576112656237,True
FULL_FT,P1,S1,4,A,4,44,1e-05,0.0001,5,2217563671,35,1400,0.40600510600510603,0.2022879007834206,0.25,0.25,0.0,0.245|0.0|0.75|0.505|0.0|0.0|0.25,0.017083326895946847,True
FULL_FT,P1,S1,4,A,4,44,1e-05,0.0001,10,2217563671,35,1400,0.40600510600510603,0.2022879007834206,0.25,0.25,0.0,0.245|0.0|0.75|0.505|0.0|0.0|0.25,0.0337699625305784,True
FULL_FT,P1,S1,4,A,4,44,1e-05,0.0001,20,2217563671,35,1400,0.40600510600510603,0.20346852531805773,0.25214285714285717,0.25214285714285717,0.0,0.245|0.0|0.75|0.52|0.0|0.0|0.25,0.067576112656237,True
FULL_FT,P1,S1,4,A,4,44,3e-05,0.0,5,3316260079,35,1400,0.40600510600510603,0.2022879007834206,0.25,0.25,0.0,0.245|0.0|0.75|0.505|0.0|0.0|0.25,0.04752449228019216,True
FULL_FT,P1,S1,4,A,4,44,3e-05,0.0,10,3316260079,35,1400,0.40447330447330454,0.22020675397681622,0.285,0.28500000000000003,0.0,0.245|0.0|0.75|0.75|0.0|0.0|0.25,0.09504691086768985,True
FULL_FT,P1,S1,4,A,4,44,3e-05,0.0,20,3316260079,35,1400,0.43102453102453103,0.22020675397681622,0.285,0.28500000000000003,0.0,0.245|0.0|0.75|0.75|0.0|0.0|0.25,0.18885822105236466,True
FULL_FT,P1,S1,4,A,4,44,3e-05,0.0001,5,155475334,35,1400,0.40600510600510603,0.2022879007834206,0.25,0.25,0.0,0.245|0.0|0.75|0.505|0.0|0.0|0.25,0.04752449228019216,True
FULL_FT,P1,S1,4,A,4,44,3e-05,0.0001,10,155475334,35,1400,0.40447330447330454,0.22020675397681622,0.285,0.28500000000000003,0.0,0.245|0.0|0.75|0.75|0.0|0.0|0.25,0.09504691086768985,True
FULL_FT,P1,S1,4,A,4,44,3e-05,0.0001,20,155475334,35,1400,0.43102453102453103,0.22020675397681622,0.285,0.28500000000000003,0.0,0.245|0.0|0.75|0.75|0.0|0.0|0.25,0.18885822105236466,True
FULL_FT,P1,S1,4,A,4,44,0.0001,0.0,5,1335040364,35,1400,0.4080808080808081,0.2588702509063993,0.32071428571428573,0.32071428571428573,0.0,0.245|0.0|0.75|0.75|0.0|0.25|0.25,0.11916657002711405,True
FULL_FT,P1,S1,4,A,4,44,0.0001,0.0,10,1335040364,35,1400,0.4588744588744588,0.17385225763975395,0.22142857142857142,0.22142857142857145,0.0,0.015|0.03|0.75|0.505|0.0|0.0|0.25,0.22807737363876038,True
FULL_FT,P1,S1,4,A,4,44,0.0001,0.0,20,1335040364,35,1400,0.621067821067821,0.22857118131435541,0.29428571428571426,0.2942857142857143,0.0,0.015|0.03|0.75|0.765|0.0|0.25|0.25,0.43763380888667003,True
FULL_FT,P1,S1,4,A,4,44,0.0001,0.0001,5,2638078375,35,1400,0.4080808080808081,0.2588702509063993,0.32071428571428573,0.32071428571428573,0.0,0.245|0.0|0.75|0.75|0.0|0.25|0.25,0.11916657002711405,True
FULL_FT,P1,S1,4,A,4,44,0.0001,0.0001,10,2638078375,35,1400,0.4588744588744588,0.17385225763975395,0.22142857142857142,0.22142857142857145,0.0,0.015|0.03|0.75|0.505|0.0|0.0|0.25,0.22807737363876038,True
FULL_FT,P1,S1,4,A,4,44,0.0001,0.0001,20,2638078375,35,1400,0.621067821067821,0.22857118131435541,0.29428571428571426,0.2942857142857143,0.0,0.015|0.03|0.75|0.765|0.0|0.25|0.25,0.43763380888667003,True
FULL_FT,P1,S1,4,A,4,44,0.0003,0.0,5,472688957,35,1400,0.34155844155844156,0.28933535988511705,0.3292857142857143,0.3292857142857143,0.0,0.245|0.0|0.5|0.81|0.0|0.5|0.25,0.22882527053943064,True
FULL_FT,P1,S1,4,A,4,44,0.0003,0.0,10,472688957,35,1400,0.5434609741332431,0.1636529575195874,0.21928571428571428,0.2192857142857143,0.0,0.0|0.03|0.75|0.505|0.0|0.0|0.25,0.37479291185796765,True
FULL_FT,P1,S1,4,A,4,44,0.0003,0.0,20,472688957,35,1400,0.7080728795014508,0.267494991922825,0.3335714285714286,0.3335714285714286,0.0,0.015|0.03|0.75|0.81|0.0|0.25|0.48,0.6570823680004002,True
FULL_FT,P1,S1,4,A,4,44,0.0003,0.0001,5,1523871267,35,1400,0.34155844155844156,0.28933535988511705,0.3292857142857143,0.3292857142857143,0.0,0.245|0.0|0.5|0.81|0.0|0.5|0.25,0.22882393401611165,True
FULL_FT,P1,S1,4,A,4,44,0.0003,0.0001,10,1523871267,35,1400,0.5434609741332431,0.1636529575195874,0.21928571428571428,0.2192857142857143,0.0,0.0|0.03|0.75|0.505|0.0|0.0|0.25,0.3747994998403098,True
FULL_FT,P1,S1,4,A,4,44,0.0003,0.0001,20,1523871267,35,1400,0.7080728795014508,0.267494991922825,0.3335714285714286,0.3335714285714286,0.0,0.015|0.03|0.75|0.81|0.0|0.25|0.48,0.6570840684210595,True
PARTIAL_FT,P1,S1,4,A,4,45,1e-05,0.0,5,2194111347,35,1400,0.3826839826839826,0.2447271545538508,0.25642857142857145,0.2564285714285714,0.0,0.265|0.045|0.5|0.255|0.0|0.25|0.48,0.015093148327951458,True
PARTIAL_FT,P1,S1,4,A,4,45,1e-05,0.0,10,2194111347,35,1400,0.4167388167388167,0.2447271545538508,0.25642857142857145,0.2564285714285714,0.0,0.265|0.045|0.5|0.255|0.0|0.25|0.48,0.029574494076323128,True
PARTIAL_FT,P1,S1,4,A,4,45,1e-05,0.0,20,2194111347,35,1400,0.4167388167388167,0.24907127452228014,0.25642857142857145,0.2564285714285714,0.0,0.265|0.045|0.5|0.255|0.0|0.25|0.48,0.058429530770669924,True
PARTIAL_FT,P1,S1,4,A,4,45,1e-05,0.0001,5,1565703880,35,1400,0.3826839826839826,0.2447271545538508,0.25642857142857145,0.2564285714285714,0.0,0.265|0.045|0.5|0.255|0.0|0.25|0.48,0.015093148327951458,True
PARTIAL_FT,P1,S1,4,A,4,45,1e-05,0.0001,10,1565703880,35,1400,0.4167388167388167,0.2447271545538508,0.25642857142857145,0.2564285714285714,0.0,0.265|0.045|0.5|0.255|0.0|0.25|0.48,0.029574494076323128,True
PARTIAL_FT,P1,S1,4,A,4,45,1e-05,0.0001,20,1565703880,35,1400,0.4167388167388167,0.24907127452228014,0.25642857142857145,0.2564285714285714,0.0,0.265|0.045|0.5|0.255|0.0|0.25|0.48,0.058429530770669924,True
PARTIAL_FT,P1,S1,4,A,4,45,3e-05,0.0,5,2047405010,35,1400,0.4167388167388167,0.2447271545538508,0.25642857142857145,0.2564285714285714,0.0,0.265|0.045|0.5|0.255|0.0|0.25|0.48,0.04317783167130083,True
PARTIAL_FT,P1,S1,4,A,4,45,3e-05,0.0,10,2047405010,35,1400,0.4167388167388167,0.24907127452228014,0.25642857142857145,0.2564285714285714,0.0,0.265|0.045|0.5|0.255|0.0|0.25|0.48,0.0855970045815045,True
PARTIAL_FT,P1,S1,4,A,4,45,3e-05,0.0,20,2047405010,35,1400,0.46349206349206346,0.24928697848342266,0.25642857142857145,0.2564285714285714,0.0,0.265|0.045|0.5|0.255|0.0|0.25|0.48,0.1692447295749947,True
PARTIAL_FT,P1,S1,4,A,4,45,3e-05,0.0001,5,2747631574,35,1400,0.4167388167388167,0.2447271545538508,0.25642857142857145,0.2564285714285714,0.0,0.265|0.045|0.5|0.255|0.0|0.25|0.48,0.04317783167130083,True
PARTIAL_FT,P1,S1,4,A,4,45,3e-05,0.0001,10,2747631574,35,1400,0.4167388167388167,0.24907127452228014,0.25642857142857145,0.2564285714285714,0.0,0.265|0.045|0.5|0.255|0.0|0.25|0.48,0.0855970045815045,True
PARTIAL_FT,P1,S1,4,A,4,45,3e-05,0.0001,20,2747631574,35,1400,0.46349206349206346,0.24928697848342266,0.25642857142857145,0.2564285714285714,0.0,0.265|0.045|0.5|0.255|0.0|0.25|0.48,0.1692447295749947,True
PARTIAL_FT,P1,S1,4,A,4,45,0.0001,0.0,5,965181919,35,1400,0.421933621933622,0.24907127452228014,0.25642857142857145,0.2564285714285714,0.0,0.265|0.045|0.5|0.255|0.0|0.25|0.48,0.12971485558567852,True
PARTIAL_FT,P1,S1,4,A,4,45,0.0001,0.0,10,965181919,35,1400,0.46219336219336216,0.24945999994379248,0.25642857142857145,0.2564285714285714,0.0,0.265|0.045|0.5|0.255|0.0|0.25|0.48,0.25437932697785465,True
PARTIAL_FT,P1,S1,4,A,4,45,0.0001,0.0,20,965181919,35,1400,0.6158008658008658,0.2565681611435917,0.2671428571428571,0.2671428571428571,0.0,0.265|0.045|0.5|0.255|0.0|0.325|0.48,0.4864756305295807,True
PARTIAL_FT,P1,S1,4,A,4,45,0.0001,0.0001,5,3053655292,35,1400,0.421933621933622,0.24907127452228014,0.25642857142857145,0.2564285714285714,0.0,0.265|0.045|0.5|0.255|0.0|0.25|0.48,0.12971485558567852,True
PARTIAL_FT,P1,S1,4,A,4,45,0.0001,0.0001,10,3053655292,35,1400,0.46219336219336216,0.24945999994379248,0.25642857142857145,0.2564285714285714,0.0,0.265|0.045|0.5|0.255|0.0|0.25|0.48,0.25437932697785465,True
PARTIAL_FT,P1,S1,4,A,4,45,0.0001,0.0001,20,3053655292,35,1400,0.6158008658008658,0.2565681611435917,0.2671428571428571,0.2671428571428571,0.0,0.265|0.045|0.5|0.255|0.0|0.325|0.48,0.4864756305295807,True
PARTIAL_FT,P1,S1,4,A,4,45,0.0003,0.0,5,20788106,35,1400,0.4879818594104308,0.2401711582527675,0.25642857142857145,0.2564285714285714,0.0,0.265|0.045|0.5|0.255|0.0|0.25|0.48,0.256832590056972,True
PARTIAL_FT,P1,S1,4,A,4,45,0.0003,0.0,10,20788106,35,1400,0.6309523809523808,0.21368963117036754,0.22,0.22,0.0,0.265|0.045|0.5|0.0|0.0|0.25|0.48,0.4397858077664824,True
PARTIAL_FT,P1,S1,4,A,4,45,0.0003,0.0,20,20788106,35,1400,0.6840548340548341,0.31546218840566104,0.32785714285714285,0.32785714285714285,0.0,0.265|0.045|0.5|0.505|0.0|0.5|0.48,0.7642142275945463,True
PARTIAL_FT,P1,S1,4,A,4,45,0.0003,0.0001,5,2817955282,35,1400,0.4879818594104308,0.2401711582527675,0.25642857142857145,0.2564285714285714,0.0,0.265|0.045|0.5|0.255|0.0|0.25|0.48,0.2568326740258127,True
PARTIAL_FT,P1,S1,4,A,4,45,0.0003,0.0001,10,2817955282,35,1400,0.6309523809523808,0.21368963117036754,0.22,0.22,0.0,0.265|0.045|0.5|0.0|0.0|0.25|0.48,0.4397858616678772,True
PARTIAL_FT,P1,S1,4,A,4,45,0.0003,0.0001,20,2817955282,35,1400,0.6840548340548341,0.31546218840566104,0.32785714285714285,0.32785714285714285,0.0,0.265|0.045|0.5|0.505|0.0|0.5|0.48,0.7642137365097158,True
FULL_FT,P1,S1,4,A,4,45,1e-05,0.0,5,428944630,35,1400,0.4167388167388167,0.2447271545538508,0.25642857142857145,0.2564285714285714,0.0,0.265|0.045|0.5|0.255|0.0|0.25|0.48,0.016861512094853866,True
FULL_FT,P1,S1,4,A,4,45,1e-05,0.0,10,428944630,35,1400,0.4167388167388167,0.2447271545538508,0.25642857142857145,0.2564285714285714,0.0,0.265|0.045|0.5|0.255|0.0|0.25|0.48,0.033649575406309314,True
FULL_FT,P1,S1,4,A,4,45,1e-05,0.0,20,428944630,35,1400,0.46349206349206346,0.24706301688396473,0.25642857142857145,0.2564285714285714,0.0,0.265|0.045|0.5|0.255|0.0|0.25|0.48,0.06739170050034148,True
FULL_FT,P1,S1,4,A,4,45,1e-05,0.0001,5,3681441156,35,1400,0.4167388167388167,0.2447271545538508,0.25642857142857145,0.2564285714285714,0.0,0.265|0.045|0.5|0.255|0.0|0.25|0.48,0.016861512094853866,True
FULL_FT,P1,S1,4,A,4,45,1e-05,0.0001,10,3681441156,35,1400,0.4167388167388167,0.2447271545538508,0.25642857142857145,0.2564285714285714,0.0,0.265|0.045|0.5|0.255|0.0|0.25|0.48,0.033649575406309314,True
FULL_FT,P1,S1,4,A,4,45,1e-05,0.0001,20,3681441156,35,1400,0.46349206349206346,0.24706301688396473,0.25642857142857145,0.2564285714285714,0.0,0.265|0.045|0.5|0.255|0.0|0.25|0.48,0.06739170050034148,True
FULL_FT,P1,S1,4,A,4,45,3e-05,0.0,5,1020556233,35,1400,0.4427128427128428,0.24907127452228014,0.25642857142857145,0.2564285714285714,0.0,0.265|0.045|0.5|0.255|0.0|0.25|0.48,0.04562385072085063,True
FULL_FT,P1,S1,4,A,4,45,3e-05,0.0,10,1020556233,35,1400,0.5044011544011543,0.27462805803162443,0.29214285714285715,0.29214285714285715,0.0,0.265|0.045|0.5|0.255|0.0|0.5|0.48,0.09069665098949471,True
FULL_FT,P1,S1,4,A,4,45,3e-05,0.0,20,1020556233,35,1400,0.714935064935065,0.28162068225250375,0.29214285714285715,0.29214285714285715,0.0,0.265|0.045|0.5|0.255|0.0|0.5|0.48,0.1784695554082142,True
FULL_FT,P1,S1,4,A,4,45,3e-05,0.0001,5,3816816101,35,1400,0.4427128427128428,0.24907127452228014,0.25642857142857145,0.2564285714285714,0.0,0.265|0.045|0.5|0.255|0.0|0.25|0.48,0.04562385072085063,True
FULL_FT,P1,S1,4,A,4,45,3e-05,0.0001,10,3816816101,35,1400,0.5044011544011543,0.27462805803162443,0.29214285714285715,0.29214285714285715,0.0,0.265|0.045|0.5|0.255|0.0|0.5|0.48,0.09069665098949471,True
FULL_FT,P1,S1,4,A,4,45,3e-05,0.0001,20,3816816101,35,1400,0.714935064935065,0.28162068225250375,0.29214285714285715,0.29214285714285715,0.0,0.265|0.045|0.5|0.255|0.0|0.5|0.48,0.1784695554082142,True
FULL_FT,P1,S1,4,A,4,45,0.0001,0.0,5,1720907224,35,1400,0.5425685425685426,0.30418593843192265,0.32785714285714285,0.32785714285714285,0.0,0.265|0.045|0.5|0.505|0.0|0.5|0.48,0.09834424954238534,True
FULL_FT,P1,S1,4,A,4,45,0.0001,0.0,10,1720907224,35,1400,0.6271284271284271,0.2807985240094443,0.2914285714285714,0.2914285714285714,0.0,0.265|0.045|0.5|0.25|0.0|0.5|0.48,0.17379837757863906,True
FULL_FT,P1,S1,4,A,4,45,0.0001,0.0,20,1720907224,35,1400,0.7411255411255411,0.32570621620854995,0.32785714285714285,0.32785714285714285,0.0,0.265|0.045|0.5|0.505|0.0|0.5|0.48,0.3196599035513208,True
FULL_FT,P1,S1,4,A,4,45,0.0001,0.0001,5,3004862485,35,1400,0.5425685425685426,0.30418593843192265,0.32785714285714285,0.32785714285714285,0.0,0.265|0.045|0.5|0.505|0.0|0.5|0.48,0.09834424954238534,True
FULL_FT,P1,S1,4,A,4,45,0.0001,0.0001,10,3004862485,35,1400,0.6271284271284271,0.2807985240094443,0.2914285714285714,0.2914285714285714,0.0,0.265|0.045|0.5|0.25|0.0|0.5|0.48,0.17379837757863906,True
FULL_FT,P1,S1,4,A,4,45,0.0001,0.0001,20,3004862485,35,1400,0.7411255411255411,0.32570621620854995,0.32785714285714285,0.32785714285714285,0.0,0.265|0.045|0.5|0.505|0.0|0.5|0.48,0.3196599035513208,True
FULL_FT,P1,S1,4,A,4,45,0.0003,0.0,5,1181346169,35,1400,0.5575396825396824,0.2198277095467054,0.2542857142857143,0.2542857142857143,0.0,0.015|0.03|0.5|0.255|0.0|0.5|0.48,0.17856682089301742,True
FULL_FT,P1,S1,4,A,4,45,0.0003,0.0,10,1181346169,35,1400,0.5768707482993197,0.2515927630935994,0.285,0.28500000000000003,0.0,0.0|0.515|0.5|0.25|0.0|0.25|0.48,0.24605143242630156,True
FULL_FT,P1,S1,4,A,4,45,0.0003,0.0,20,1181346169,35,1400,0.7054421768707483,0.24608688623288735,0.25642857142857145,0.2564285714285714,0.0,0.265|0.045|0.5|0.255|0.0|0.25|0.48,0.38266118102688873,True
FULL_FT,P1,S1,4,A,4,45,0.0003,0.0001,5,1798230016,35,1400,0.5575396825396824,0.2198277095467054,0.2542857142857143,0.2542857142857143,0.0,0.015|0.03|0.5|0.255|0.0|0.5|0.48,0.17856687439559768,True
FULL_FT,P1,S1,4,A,4,45,0.0003,0.0001,10,1798230016,35,1400,0.5768707482993197,0.2515927630935994,0.285,0.28500000000000003,0.0,0.0|0.515|0.5|0.25|0.0|0.25|0.48,0.24605155308655532,True
FULL_FT,P1,S1,4,A,4,45,0.0003,0.0001,20,1798230016,35,1400,0.7054421768707483,0.24608688623288735,0.25642857142857145,0.2564285714285714,0.0,0.265|0.045|0.5|0.255|0.0|0.25|0.48,0.38266268499638956,True
PARTIAL_FT,P1,S1,4,A,4,46,1e-05,0.0,5,475757604,35,1400,0.4994949494949495,0.3291298831779951,0.3585714285714286,0.35857142857142854,0.0,0.495|0.03|0.75|0.505|0.0|0.25|0.48,0.015054688012428099,True
PARTIAL_FT,P1,S1,4,A,4,46,1e-05,0.0,10,475757604,35,1400,0.49776334776334774,0.3288739804083254,0.3585714285714286,0.35857142857142854,0.0,0.495|0.03|0.75|0.505|0.0|0.25|0.48,0.02923237399063981,True
PARTIAL_FT,P1,S1,4,A,4,46,1e-05,0.0,20,475757604,35,1400,0.49776334776334774,0.3291298831779951,0.3585714285714286,0.35857142857142854,0.0,0.495|0.03|0.75|0.505|0.0|0.25|0.48,0.057188124199060095,True
PARTIAL_FT,P1,S1,4,A,4,46,1e-05,0.0001,5,3688338086,35,1400,0.4994949494949495,0.3291298831779951,0.3585714285714286,0.35857142857142854,0.0,0.495|0.03|0.75|0.505|0.0|0.25|0.48,0.015054688012428099,True
PARTIAL_FT,P1,S1,4,A,4,46,1e-05,0.0001,10,3688338086,35,1400,0.49776334776334774,0.3288739804083254,0.3585714285714286,0.35857142857142854,0.0,0.495|0.03|0.75|0.505|0.0|0.25|0.48,0.02923237399063981,True
PARTIAL_FT,P1,S1,4,A,4,46,1e-05,0.0001,20,3688338086,35,1400,0.49776334776334774,0.3291298831779951,0.3585714285714286,0.35857142857142854,0.0,0.495|0.03|0.75|0.505|0.0|0.25|0.48,0.057188124199060095,True
PARTIAL_FT,P1,S1,4,A,4,46,3e-05,0.0,5,3855718015,35,1400,0.49776334776334774,0.3288739804083254,0.3585714285714286,0.35857142857142854,0.0,0.495|0.03|0.75|0.505|0.0|0.25|0.48,0.042516784099743986,True
PARTIAL_FT,P1,S1,4,A,4,46,3e-05,0.0,10,3855718015,35,1400,0.5237373737373737,0.32906497979755717,0.3585714285714286,0.35857142857142854,0.0,0.495|0.03|0.75|0.505|0.0|0.25|0.48,0.08347917237680513,True
PARTIAL_FT,P1,S1,4,A,4,46,3e-05,0.0,20,3855718015,35,1400,0.5237373737373737,0.32906497979755717,0.3585714285714286,0.35857142857142854,0.0,0.495|0.03|0.75|0.505|0.0|0.25|0.48,0.16582911187434576,True
PARTIAL_FT,P1,S1,4,A,4,46,3e-05,0.0001,5,136774360,35,1400,0.49776334776334774,0.3288739804083254,0.3585714285714286,0.35857142857142854,0.0,0.495|0.03|0.75|0.505|0.0|0.25|0.48,0.042516784099743986,True
PARTIAL_FT,P1,S1,4,A,4,46,3e-05,0.0001,10,136774360,35,1400,0.5237373737373737,0.32906497979755717,0.3585714285714286,0.35857142857142854,0.0,0.495|0.03|0.75|0.505|0.0|0.25|0.48,0.08347917237680513,True
PARTIAL_FT,P1,S1,4,A,4,46,3e-05,0.0001,20,136774360,35,1400,0.5237373737373737,0.32906497979755717,0.3585714285714286,0.35857142857142854,0.0,0.495|0.03|0.75|0.505|0.0|0.25|0.48,0.16582911187434576,True
PARTIAL_FT,P1,S1,4,A,4,46,0.0001,0.0,5,2840133232,35,1400,0.5237373737373737,0.32906497979755717,0.3585714285714286,0.35857142857142854,0.0,0.495|0.03|0.75|0.505|0.0|0.25|0.48,0.12751452639570462,True
PARTIAL_FT,P1,S1,4,A,4,46,0.0001,0.0,10,2840133232,35,1400,0.5621212121212121,0.3291025886281106,0.3585714285714286,0.35857142857142854,0.0,0.495|0.03|0.75|0.505|0.0|0.25|0.48,0.25224549588447515,True
PARTIAL_FT,P1,S1,4,A,4,46,0.0001,0.0,20,2840133232,35,1400,0.595093795093795,0.3259920344602777,0.3585714285714286,0.35857142857142854,0.0,0.495|0.03|0.75|0.505|0.0|0.25|0.48,0.48660313357139934,True
PARTIAL_FT,P1,S1,4,A,4,46,0.0001,0.0001,5,1345090983,35,1400,0.5237373737373737,0.32906497979755717,0.3585714285714286,0.35857142857142854,0.0,0.495|0.03|0.75|0.505|0.0|0.25|0.48,0.12751452639570462,True
PARTIAL_FT,P1,S1,4,A,4,46,0.0001,0.0001,10,1345090983,35,1400,0.5621212121212121,0.3291025886281106,0.3585714285714286,0.35857142857142854,0.0,0.495|0.03|0.75|0.505|0.0|0.25|0.48,0.25224549588447515,True
PARTIAL_FT,P1,S1,4,A,4,46,0.0001,0.0001,20,1345090983,35,1400,0.595093795093795,0.3259920344602777,0.3585714285714286,0.35857142857142854,0.0,0.495|0.03|0.75|0.505|0.0|0.25|0.48,0.48660313357139934,True
PARTIAL_FT,P1,S1,4,A,4,46,0.0003,0.0,5,1899023891,35,1400,0.5927849927849929,0.30768426118915254,0.32285714285714284,0.32285714285714284,0.0,0.495|0.03|0.5|0.505|0.0|0.25|0.48,0.2769677584742465,True
PARTIAL_FT,P1,S1,4,A,4,46,0.0003,0.0,10,1899023891,35,1400,0.5576994434137291,0.27009347321036326,0.28785714285714287,0.28785714285714287,0.0,0.25|0.03|0.75|0.255|0.0|0.25|0.48,0.5068921442335862,True
PARTIAL_FT,P1,S1,4,A,4,46,0.0003,0.0,20,1899023891,35,1400,0.6586580086580086,0.3035115520136359,0.32571428571428573,0.3257142857142857,0.0,0.265|0.03|0.75|0.505|0.0|0.25|0.48,0.9238093926328041,True
PARTIAL_FT,P1,S1,4,A,4,46,0.0003,0.0001,5,2654745777,35,1400,0.5927849927849929,0.30768426118915254,0.32285714285714284,0.32285714285714284,0.0,0.495|0.03|0.5|0.505|0.0|0.25|0.48,0.2769622113919883,True
PARTIAL_FT,P1,S1,4,A,4,46,0.0003,0.0001,10,2654745777,35,1400,0.5576994434137291,0.27009347321036326,0.28785714285714287,0.28785714285714287,0.0,0.25|0.03|0.75|0.255|0.0|0.25|0.48,0.5068785970688444,True
PARTIAL_FT,P1,S1,4,A,4,46,0.0003,0.0001,20,2654745777,35,1400,0.6586580086580086,0.3035115520136359,0.32571428571428573,0.3257142857142857,0.0,0.265|0.03|0.75|0.505|0.0|0.25|0.48,0.923767178500486,True
FULL_FT,P1,S1,4,A,4,46,1e-05,0.0,5,2730980599,35,1400,0.5032467532467532,0.32867202002597223,0.3585714285714286,0.35857142857142854,0.0,0.495|0.03|0.75|0.505|0.0|0.25|0.48,0.01639509490487597,True
FULL_FT,P1,S1,4,A,4,46,1e-05,0.0,10,2730980599,35,1400,0.5237373737373737,0.32867202002597223,0.3585714285714286,0.35857142857142854,0.0,0.495|0.03|0.75|0.505|0.0|0.25|0.48,0.032344699510279726,True
FULL_FT,P1,S1,4,A,4,46,1e-05,0.0,20,2730980599,35,1400,0.5237373737373737,0.32895121629754825,0.3585714285714286,0.35857142857142854,0.0,0.495|0.03|0.75|0.505|0.0|0.25|0.48,0.06513508795328317,True
FULL_FT,P1,S1,4,A,4,46,1e-05,0.0001,5,233410014,35,1400,0.5032467532467532,0.32867202002597223,0.3585714285714286,0.35857142857142854,0.0,0.495|0.03|0.75|0.505|0.0|0.25|0.48,0.01639509490487597,True
FULL_FT,P1,S1,4,A,4,46,1e-05,0.0001,10,233410014,35,1400,0.5237373737373737,0.32867202002597223,0.3585714285714286,0.35857142857142854,0.0,0.495|0.03|0.75|0.505|0.0|0.25|0.48,0.032344699510279726,True
FULL_FT,P1,S1,4,A,4,46,1e-05,0.0001,20,233410014,35,1400,0.5237373737373737,0.32895121629754825,0.3585714285714286,0.35857142857142854,0.0,0.495|0.03|0.75|0.505|0.0|0.25|0.48,0.06513508795328317,True
FULL_FT,P1,S1,4,A,4,46,3e-05,0.0,5,585948374,35,1400,0.5237373737373737,0.3226762974050166,0.3585714285714286,0.35857142857142854,0.0,0.495|0.03|0.75|0.505|0.0|0.25|0.48,0.04432335980489366,True
FULL_FT,P1,S1,4,A,4,46,3e-05,0.0,10,585948374,35,1400,0.5237373737373737,0.32867202002597223,0.3585714285714286,0.35857142857142854,0.0,0.495|0.03|0.75|0.505|0.0|0.25|0.48,0.08900946557440274,True
FULL_FT,P1,S1,4,A,4,46,3e-05,0.0,20,585948374,35,1400,0.5959595959595959,0.3292222537759247,0.3585714285714286,0.35857142857142854,0.0,0.495|0.03|0.75|0.505|0.0|0.25|0.48,0.17781403816401725,True
FULL_FT,P1,S1,4,A,4,46,3e-05,0.0001,5,3088221308,35,1400,0.5237373737373737,0.3226762974050166,0.3585714285714286,0.35857142857142854,0.0,0.495|0.03|0.75|0.505|0.0|0.25|0.48,0.04432335980489366,True
FULL_FT,P1,S1,4,A,4,46,3e-05,0.0001,10,3088221308,35,1400,0.5237373737373737,0.32867202002597223,0.3585714285714286,0.35857142857142854,0.0,0.495|0.03|0.75|0.505|0.0|0.25|0.48,0.08900946557440274,True
FULL_FT,P1,S1,4,A,4,46,3e-05,0.0001,20,3088221308,35,1400,0.5959595959595959,0.3292222537759247,0.3585714285714286,0.35857142857142854,0.0,0.495|0.03|0.75|0.505|0.0|0.25|0.48,0.17781403816401725,True
FULL_FT,P1,S1,4,A,4,46,0.0001,0.0,5,2041108142,35,1400,0.5629870129870129,0.24791868614909582,0.26285714285714284,0.26285714285714284,0.0,0.265|0.03|0.56|0.255|0.0|0.25|0.48,0.1041184741143853,True
FULL_FT,P1,S1,4,A,4,46,0.0001,0.0,10,2041108142,35,1400,0.5819418676561534,0.3211371987023153,0.3585714285714286,0.35857142857142854,0.0,0.495|0.03|0.75|0.505|0.0|0.25|0.48,0.19294507317815934,True
FULL_FT,P1,S1,4,A,4,46,0.0001,0.0,20,2041108142,35,1400,0.6229437229437229,0.29447670809084164,0.32571428571428573,0.3257142857142857,0.0,0.265|0.03|0.75|0.505|0.0|0.25|0.48,0.36078233244024777,True
FULL_FT,P1,S1,4,A,4,46,0.0001,0.0001,5,2509529852,35,1400,0.5629870129870129,0.24791868614909582,0.26285714285714284,0.26285714285714284,0.0,0.265|0.03|0.56|0.255|0.0|0.25|0.48,0.1041184741143853,True
FULL_FT,P1,S1,4,A,4,46,0.0001,0.0001,10,2509529852,35,1400,0.5819418676561534,0.3211371987023153,0.3585714285714286,0.35857142857142854,0.0,0.495|0.03|0.75|0.505|0.0|0.25|0.48,0.19294507317815934,True
FULL_FT,P1,S1,4,A,4,46,0.0001,0.0001,20,2509529852,35,1400,0.6229437229437229,0.29447670809084164,0.32571428571428573,0.3257142857142857,0.0,0.265|0.03|0.75|0.505|0.0|0.25|0.48,0.36078233244024777,True
FULL_FT,P1,S1,4,A,4,46,0.0003,0.0,5,1203035327,35,1400,0.6154155368441083,0.15370571907057437,0.18,0.18,0.0,0.0|0.03|0.5|0.0|0.0|0.25|0.48,0.2096039842533596,True
FULL_FT,P1,S1,4,A,4,46,0.0003,0.0,10,1203035327,35,1400,0.6760049474335189,0.30695515392340844,0.3628571428571429,0.3628571428571429,0.0,0.51|0.03|0.75|0.75|0.0|0.25|0.25,0.3143199106985118,True
FULL_FT,P1,S1,4,A,4,46,0.0003,0.0,20,1203035327,35,1400,0.7125128839414553,0.3795579909263785,0.4342857142857143,0.4342857142857143,0.0,0.515|0.03|0.75|0.81|0.0|0.455|0.48,0.5144761509701912,True
FULL_FT,P1,S1,4,A,4,46,0.0003,0.0001,5,323384589,35,1400,0.6154155368441083,0.15370571907057437,0.18,0.18,0.0,0.0|0.03|0.5|0.0|0.0|0.25|0.48,0.20960624713463444,True
FULL_FT,P1,S1,4,A,4,46,0.0003,0.0001,10,323384589,35,1400,0.6760049474335189,0.30695515392340844,0.3628571428571429,0.3628571428571429,0.0,0.51|0.03|0.75|0.75|0.0|0.25|0.25,0.3143088568938363,True
FULL_FT,P1,S1,4,A,4,46,0.0003,0.0001,20,323384589,35,1400,0.7125128839414553,0.3795579909263785,0.4342857142857143,0.4342857142857143,0.0,0.515|0.03|0.75|0.81|0.0|0.455|0.48,0.5144545011614106,True
PARTIAL_FT,P1,S1,10,B,1,42,1e-05,0.0,5,1985680688,35,1400,0.3550298907441765,0.2864695508763467,0.2857142857142857,0.2857142857142857,0.0,0.0|0.25|0.75|0.25|0.25|0.25|0.25,0.015295981939047508,True
PARTIAL_FT,P1,S1,10,B,1,42,1e-05,0.0,10,1985680688,35,1400,0.3882189239332096,0.2864695508763467,0.2857142857142857,0.2857142857142857,0.0,0.0|0.25|0.75|0.25|0.25|0.25|0.25,0.030074426716871664,True
PARTIAL_FT,P1,S1,10,B,1,42,1e-05,0.0,20,1985680688,35,1400,0.3882189239332096,0.2864695508763467,0.2857142857142857,0.2857142857142857,0.0,0.0|0.25|0.75|0.25|0.25|0.25|0.25,0.05911530498634603,True
PARTIAL_FT,P1,S1,10,B,1,42,1e-05,0.0001,5,410800295,35,1400,0.3550298907441765,0.2864695508763467,0.2857142857142857,0.2857142857142857,0.0,0.0|0.25|0.75|0.25|0.25|0.25|0.25,0.015295981939047508,True
PARTIAL_FT,P1,S1,10,B,1,42,1e-05,0.0001,10,410800295,35,1400,0.3882189239332096,0.2864695508763467,0.2857142857142857,0.2857142857142857,0.0,0.0|0.25|0.75|0.25|0.25|0.25|0.25,0.030074426716871664,True
PARTIAL_FT,P1,S1,10,B,1,42,1e-05,0.0001,20,410800295,35,1400,0.3882189239332096,0.2864695508763467,0.2857142857142857,0.2857142857142857,0.0,0.0|0.25|0.75|0.25|0.25|0.25|0.25,0.05911530498634603,True
PARTIAL_FT,P1,S1,10,B,1,42,3e-05,0.0,5,187069346,35,1400,0.3882189239332096,0.2864695508763467,0.2857142857142857,0.2857142857142857,0.0,0.0|0.25|0.75|0.25|0.25|0.25|0.25,0.044293012446863886,True
PARTIAL_FT,P1,S1,10,B,1,42,3e-05,0.0,10,187069346,35,1400,0.41159554730983305,0.2864695508763467,0.2857142857142857,0.2857142857142857,0.0,0.0|0.25|0.75|0.25|0.25|0.25|0.25,0.0870364005000591,True
PARTIAL_FT,P1,S1,10,B,1,42,3e-05,0.0,20,187069346,35,1400,0.4453823953823954,0.2864695508763467,0.2857142857142857,0.2857142857142857,0.0,0.0|0.25|0.75|0.25|0.25|0.25|0.25,0.1710194633453354,True
PARTIAL_FT,P1,S1,10,B,1,42,3e-05,0.0001,5,218497937,35,1400,0.3882189239332096,0.2864695508763467,0.2857142857142857,0.2857142857142857,0.0,0.0|0.25|0.75|0.25|0.25|0.25|0.25,0.044293012446863886,True
PARTIAL_FT,P1,S1,10,B,1,42,3e-05,0.0001,10,218497937,35,1400,0.41159554730983305,0.2864695508763467,0.2857142857142857,0.2857142857142857,0.0,0.0|0.25|0.75|0.25|0.25|0.25|0.25,0.0870364005000591,True
PARTIAL_FT,P1,S1,10,B,1,42,3e-05,0.0001,20,218497937,35,1400,0.4453823953823954,0.2864695508763467,0.2857142857142857,0.2857142857142857,0.0,0.0|0.25|0.75|0.25|0.25|0.25|0.25,0.1710194633453354,True
PARTIAL_FT,P1,S1,10,B,1,42,0.0001,0.0,5,1514434682,35,1400,0.44321789321789323,0.2864695508763467,0.2857142857142857,0.2857142857142857,0.0,0.0|0.25|0.75|0.25|0.25|0.25|0.25,0.1375000141132404,True
PARTIAL_FT,P1,S1,10,B,1,42,0.0001,0.0,10,1514434682,35,1400,0.4723554223554224,0.2864695508763467,0.2857142857142857,0.2857142857142857,0.0,0.0|0.25|0.75|0.25|0.25|0.25|0.25,0.2692817551440677,True
PARTIAL_FT,P1,S1,10,B,1,42,0.0001,0.0,20,1514434682,35,1400,0.5682151182151183,0.250512310837474,0.25,0.25,0.0,0.0|0.0|0.75|0.25|0.25|0.25|0.25,0.5142738482288323,True
PARTIAL_FT,P1,S1,10,B,1,42,0.0001,0.0001,5,1080061648,35,1400,0.44321789321789323,0.2864695508763467,0.2857142857142857,0.2857142857142857,0.0,0.0|0.25|0.75|0.25|0.25|0.25|0.25,0.1375000141132404,True
PARTIAL_FT,P1,S1,10,B,1,42,0.0001,0.0001,10,1080061648,35,1400,0.4723554223554224,0.2864695508763467,0.2857142857142857,0.2857142857142857,0.0,0.0|0.25|0.75|0.25|0.25|0.25|0.25,0.2692817551440677,True
PARTIAL_FT,P1,S1,10,B,1,42,0.0001,0.0001,20,1080061648,35,1400,0.5682151182151183,0.250512310837474,0.25,0.25,0.0,0.0|0.0|0.75|0.25|0.25|0.25|0.25,0.5142738482288323,True
PARTIAL_FT,P1,S1,10,B,1,42,0.0003,0.0,5,3084818217,35,1400,0.4723554223554224,0.20978714066271667,0.21428571428571427,0.21428571428571427,0.0,0.0|0.0|0.75|0.25|0.25|0.25|0.0,0.31831790492712253,True
PARTIAL_FT,P1,S1,10,B,1,42,0.0003,0.0,10,3084818217,35,1400,0.5656898656898657,0.3026465908204186,0.3142857142857143,0.31428571428571433,0.0,0.0|0.0|0.75|0.25|0.5|0.25|0.45,0.5787257979440662,True
PARTIAL_FT,P1,S1,10,B,1,42,0.0003,0.0,20,3084818217,35,1400,0.6818181818181819,0.308088253678763,0.3192857142857143,0.3192857142857143,0.0,0.0|0.0|0.735|0.25|0.5|0.25|0.5,1.0383258660175199,True
PARTIAL_FT,P1,S1,10,B,1,42,0.0003,0.0001,5,2096822404,35,1400,0.4723554223554224,0.20978714066271667,0.21428571428571427,0.21428571428571427,0.0,0.0|0.0|0.75|0.25|0.25|0.25|0.0,0.31831793653907,True
PARTIAL_FT,P1,S1,10,B,1,42,0.0003,0.0001,10,2096822404,35,1400,0.5656898656898657,0.3026465908204186,0.3142857142857143,0.31428571428571433,0.0,0.0|0.0|0.75|0.25|0.5|0.25|0.45,0.5787257071212237,True
PARTIAL_FT,P1,S1,10,B,1,42,0.0003,0.0001,20,2096822404,35,1400,0.6818181818181819,0.308088253678763,0.3192857142857143,0.3192857142857143,0.0,0.0|0.0|0.735|0.25|0.5|0.25|0.5,1.0383256518155024,True
FULL_FT,P1,S1,10,B,1,42,1e-05,0.0,5,893642245,35,1400,0.3882189239332096,0.2864695508763467,0.2857142857142857,0.2857142857142857,0.0,0.0|0.25|0.75|0.25|0.25|0.25|0.25,0.017106633677003887,True
FULL_FT,P1,S1,10,B,1,42,1e-05,0.0,10,893642245,35,1400,0.3882189239332096,0.2864695508763467,0.2857142857142857,0.2857142857142857,0.0,0.0|0.25|0.75|0.25|0.25|0.25|0.25,0.033870330745303205,True
FULL_FT,P1,S1,10,B,1,42,1e-05,0.0,20,893642245,35,1400,0.42142857142857143,0.2813675100600202,0.2857142857142857,0.2857142857142857,0.0,0.0|0.25|0.75|0.25|0.25|0.25|0.25,0.06759989719560089,True
FULL_FT,P1,S1,10,B,1,42,1e-05,0.0001,5,3229036144,35,1400,0.3882189239332096,0.2864695508763467,0.2857142857142857,0.2857142857142857,0.0,0.0|0.25|0.75|0.25|0.25|0.25|0.25,0.017106633677003887,True
FULL_FT,P1,S1,10,B,1,42,1e-05,0.0001,10,3229036144,35,1400,0.3882189239332096,0.2864695508763467,0.2857142857142857,0.2857142857142857,0.0,0.0|0.25|0.75|0.25|0.25|0.25|0.25,0.033870330745303205,True
FULL_FT,P1,S1,10,B,1,42,1e-05,0.0001,20,3229036144,35,1400,0.42142857142857143,0.2813675100600202,0.2857142857142857,0.2857142857142857,0.0,0.0|0.25|0.75|0.25|0.25|0.25|0.25,0.06759989719560089,True
FULL_FT,P1,S1,10,B,1,42,3e-05,0.0,5,2475474893,35,1400,0.3882189239332096,0.2864695508763467,0.2857142857142857,0.2857142857142857,0.0,0.0|0.25|0.75|0.25|0.25|0.25|0.25,0.047353799239026856,True
FULL_FT,P1,S1,10,B,1,42,3e-05,0.0,10,2475474893,35,1400,0.42142857142857143,0.27966682978791135,0.2857142857142857,0.2857142857142857,0.0,0.0|0.25|0.75|0.25|0.25|0.25|0.25,0.09439367575404879,True
FULL_FT,P1,S1,10,B,1,42,3e-05,0.0,20,2475474893,35,1400,0.5093382807668523,0.24177846433485528,0.2621428571428571,0.2621428571428571,0.0,0.0|0.085|0.75|0.25|0.5|0.25|0.0,0.186570317476071,True
FULL_FT,P1,S1,10,B,1,42,3e-05,0.0001,5,3256381460,35,1400,0.3882189239332096,0.2864695508763467,0.2857142857142857,0.2857142857142857,0.0,0.0|0.25|0.75|0.25|0.25|0.25|0.25,0.047353799239026856,True
FULL_FT,P1,S1,10,B,1,42,3e-05,0.0001,10,3256381460,35,1400,0.42142857142857143,0.27966682978791135,0.2857142857142857,0.2857142857142857,0.0,0.0|0.25|0.75|0.25|0.25|0.25|0.25,0.09439367575404879,True
FULL_FT,P1,S1,10,B,1,42,3e-05,0.0001,20,3256381460,35,1400,0.5093382807668523,0.24177846433485528,0.2621428571428571,0.2621428571428571,0.0,0.0|0.085|0.75|0.25|0.5|0.25|0.0,0.186570317476071,True
FULL_FT,P1,S1,10,B,1,42,0.0001,0.0,5,3929891188,35,1400,0.41117216117216115,0.27140511376964577,0.2857142857142857,0.2857142857142857,0.0,0.0|0.0|0.75|0.25|0.5|0.25|0.25,0.11623123009240266,True
FULL_FT,P1,S1,10,B,1,42,0.0001,0.0,10,3929891188,35,1400,0.574963924963925,0.23024365399764976,0.2507142857142857,0.2507142857142857,0.0,0.0|0.0|0.755|0.25|0.5|0.25|0.0,0.22019453775144773,True
FULL_FT,P1,S1,10,B,1,42,0.0001,0.0,20,3929891188,35,1400,0.6567155067155067,0.2624672864374059,0.2792857142857143,0.27928571428571425,0.0,0.0|0.0|0.755|0.25|0.5|0.25|0.2,0.4166772541224733,True
FULL_FT,P1,S1,10,B,1,42,0.0001,0.0001,5,1206654231,35,1400,0.41117216117216115,0.27140511376964577,0.2857142857142857,0.2857142857142857,0.0,0.0|0.0|0.75|0.25|0.5|0.25|0.25,0.11623123009240266,True
FULL_FT,P1,S1,10,B,1,42,0.0001,0.0001,10,1206654231,35,1400,0.574963924963925,0.23024365399764976,0.2507142857142857,0.2507142857142857,0.0,0.0|0.0|0.755|0.25|0.5|0.25|0.0,0.22019453775144773,True
FULL_FT,P1,S1,10,B,1,42,0.0001,0.0001,20,1206654231,35,1400,0.6567155067155067,0.2624672864374059,0.2792857142857143,0.27928571428571425,0.0,0.0|0.0|0.755|0.25|0.5|0.25|0.2,0.4166772541224733,True
FULL_FT,P1,S1,10,B,1,42,0.0003,0.0,5,3650730753,35,1400,0.3963369963369963,0.33844903671549564,0.33,0.33,0.0,0.0|0.25|0.25|0.56|0.5|0.25|0.5,0.21856534178187798,True
FULL_FT,P1,S1,10,B,1,42,0.0003,0.0,10,3650730753,35,1400,0.5154195011337869,0.19723674014953557,0.21928571428571428,0.21928571428571428,0.0,0.0|0.0|0.755|0.25|0.25|0.25|0.03,0.3411324590606838,True
FULL_FT,P1,S1,10,B,1,42,0.0003,0.0,20,3650730753,35,1400,0.7106837606837606,0.25127666377378105,0.2571428571428571,0.2571428571428572,0.0,0.0|0.0|0.52|0.31|0.5|0.25|0.22,0.5792780115876106,True
FULL_FT,P1,S1,10,B,1,42,0.0003,0.0001,5,3150839928,35,1400,0.3963369963369963,0.33844903671549564,0.33,0.33,0.0,0.0|0.25|0.25|0.56|0.5|0.25|0.5,0.21856520555237982,True
FULL_FT,P1,S1,10,B,1,42,0.0003,0.0001,10,3150839928,35,1400,0.5154195011337869,0.19723674014953557,0.21928571428571428,0.21928571428571428,0.0,0.0|0.0|0.755|0.25|0.25|0.25|0.03,0.34112854168321455,True
FULL_FT,P1,S1,10,B,1,42,0.0003,0.0001,20,3150839928,35,1400,0.7106837606837606,0.25127666377378105,0.2571428571428571,0.2571428571428572,0.0,0.0|0.0|0.52|0.31|0.5|0.25|0.22,0.5792768941483163,True
PARTIAL_FT,P1,S1,10,B,1,43,1e-05,0.0,5,845655533,35,1400,0.3095238095238095,0.20397697540554685,0.21428571428571427,0.21428571428571427,0.0,0.0|0.25|0.25|0.5|0.0|0.25|0.25,0.01525761518023531,True
PARTIAL_FT,P1,S1,10,B,1,43,1e-05,0.0,10,845655533,35,1400,0.3095238095238095,0.20397697540554685,0.21428571428571427,0.21428571428571427,0.0,0.0|0.25|0.25|0.5|0.0|0.25|0.25,0.03007527247179162,True
PARTIAL_FT,P1,S1,10,B,1,43,1e-05,0.0,20,845655533,35,1400,0.30432900432900434,0.20397697540554685,0.21428571428571427,0.21428571428571427,0.0,0.0|0.25|0.25|0.5|0.0|0.25|0.25,0.05933130652855868,True
PARTIAL_FT,P1,S1,10,B,1,43,1e-05,0.0001,5,2507928617,35,1400,0.3095238095238095,0.20397697540554685,0.21428571428571427,0.21428571428571427,0.0,0.0|0.25|0.25|0.5|0.0|0.25|0.25,0.01525761518023531,True
PARTIAL_FT,P1,S1,10,B,1,43,1e-05,0.0001,10,2507928617,35,1400,0.3095238095238095,0.20397697540554685,0.21428571428571427,0.21428571428571427,0.0,0.0|0.25|0.25|0.5|0.0|0.25|0.25,0.03007527247179162,True
PARTIAL_FT,P1,S1,10,B,1,43,1e-05,0.0001,20,2507928617,35,1400,0.30432900432900434,0.20397697540554685,0.21428571428571427,0.21428571428571427,0.0,0.0|0.25|0.25|0.5|0.0|0.25|0.25,0.05933130652855868,True
PARTIAL_FT,P1,S1,10,B,1,43,3e-05,0.0,5,2804726564,35,1400,0.3095238095238095,0.20397697540554685,0.21428571428571427,0.21428571428571427,0.0,0.0|0.25|0.25|0.5|0.0|0.25|0.25,0.04436938807396455,True
PARTIAL_FT,P1,S1,10,B,1,43,3e-05,0.0,10,2804726564,35,1400,0.30432900432900434,0.20210918039523787,0.21428571428571427,0.21428571428571427,0.0,0.0|0.25|0.25|0.5|0.0|0.25|0.25,0.08751301802646386,True
PARTIAL_FT,P1,S1,10,B,1,43,3e-05,0.0,20,2804726564,35,1400,0.31067821067821066,0.2308003445466669,0.25,0.25,0.0,0.0|0.5|0.25|0.5|0.0|0.25|0.25,0.17196911629675912,True
PARTIAL_FT,P1,S1,10,B,1,43,3e-05,0.0001,5,2018187653,35,1400,0.3095238095238095,0.20397697540554685,0.21428571428571427,0.21428571428571427,0.0,0.0|0.25|0.25|0.5|0.0|0.25|0.25,0.04436938807396455,True
PARTIAL_FT,P1,S1,10,B,1,43,3e-05,0.0001,10,2018187653,35,1400,0.30432900432900434,0.20210918039523787,0.21428571428571427,0.21428571428571427,0.0,0.0|0.25|0.25|0.5|0.0|0.25|0.25,0.08751301802646386,True
PARTIAL_FT,P1,S1,10,B,1,43,3e-05,0.0001,20,2018187653,35,1400,0.31067821067821066,0.2308003445466669,0.25,0.25,0.0,0.0|0.5|0.25|0.5|0.0|0.25|0.25,0.17196911629675912,True
PARTIAL_FT,P1,S1,10,B,1,43,0.0001,0.0,5,2255426346,35,1400,0.31067821067821066,0.2308003445466669,0.25,0.25,0.0,0.0|0.5|0.25|0.5|0.0|0.25|0.25,0.13734353639980415,True
PARTIAL_FT,P1,S1,10,B,1,43,0.0001,0.0,10,2255426346,35,1400,0.31067821067821066,0.2308003445466669,0.25,0.25,0.0,0.0|0.5|0.25|0.5|0.0|0.25|0.25,0.26844383975669794,True
PARTIAL_FT,P1,S1,10,B,1,43,0.0001,0.0,20,2255426346,35,1400,0.4929142286285143,0.25595291116615587,0.2835714285714286,0.28357142857142853,0.0,0.0|0.5|0.485|0.5|0.0|0.25|0.25,0.510700563470153,True
PARTIAL_FT,P1,S1,10,B,1,43,0.0001,0.0001,5,2580988171,35,1400,0.31067821067821066,0.2308003445466669,0.25,0.25,0.0,0.0|0.5|0.25|0.5|0.0|0.25|0.25,0.13734353639980415,True
PARTIAL_FT,P1,S1,10,B,1,43,0.0001,0.0001,10,2580988171,35,1400,0.31067821067821066,0.2308003445466669,0.25,0.25,0.0,0.0|0.5|0.25|0.5|0.0|0.25|0.25,0.26844383975669794,True
PARTIAL_FT,P1,S1,10,B,1,43,0.0001,0.0001,20,2580988171,35,1400,0.4929142286285143,0.25595291116615587,0.2835714285714286,0.28357142857142853,0.0,0.0|0.5|0.485|0.5|0.0|0.25|0.25,0.510700563470153,True
PARTIAL_FT,P1,S1,10,B,1,43,0.0003,0.0,5,2430428613,35,1400,0.3336940836940837,0.20008950948800575,0.21428571428571427,0.21428571428571427,0.0,0.0|0.25|0.25|0.5|0.0|0.25|0.25,0.28337183289183654,True
PARTIAL_FT,P1,S1,10,B,1,43,0.0003,0.0,10,2430428613,35,1400,0.45784929356357923,0.22262827611664823,0.25,0.25,0.0,0.0|0.25|0.5|0.5|0.0|0.25|0.25,0.4876587595282265,True
PARTIAL_FT,P1,S1,10,B,1,43,0.0003,0.0,20,2430428613,35,1400,0.7366522366522368,0.23336113897938246,0.2542857142857143,0.2542857142857143,0.0,0.0|0.5|0.28|0.5|0.0|0.25|0.25,0.8650358631767571,True
PARTIAL_FT,P1,S1,10,B,1,43,0.0003,0.0001,5,2305136800,35,1400,0.3336940836940837,0.20008950948800575,0.21428571428571427,0.21428571428571427,0.0,0.0|0.25|0.25|0.5|0.0|0.25|0.25,0.2833720710399892,True
PARTIAL_FT,P1,S1,10,B,1,43,0.0003,0.0001,10,2305136800,35,1400,0.45784929356357923,0.22262827611664823,0.25,0.25,0.0,0.0|0.25|0.5|0.5|0.0|0.25|0.25,0.4876614325014083,True
PARTIAL_FT,P1,S1,10,B,1,43,0.0003,0.0001,20,2305136800,35,1400,0.7366522366522368,0.23336113897938246,0.2542857142857143,0.2542857142857143,0.0,0.0|0.5|0.28|0.5|0.0|0.25|0.25,0.8650703632287969,True
FULL_FT,P1,S1,10,B,1,43,1e-05,0.0,5,315133600,35,1400,0.3095238095238095,0.2034774374197156,0.21428571428571427,0.21428571428571427,0.0,0.0|0.25|0.25|0.5|0.0|0.25|0.25,0.017453117649410252,True
FULL_FT,P1,S1,10,B,1,43,1e-05,0.0,10,315133600,35,1400,0.3158730158730159,0.20204953776382345,0.21428571428571427,0.21428571428571427,0.0,0.0|0.25|0.25|0.5|0.0|0.25|0.25,0.03466979799717893,True
FULL_FT,P1,S1,10,B,1,43,1e-05,0.0,20,315133600,35,1400,0.31067821067821066,0.23035456606885177,0.25,0.25,0.0,0.0|0.5|0.25|0.5|0.0|0.25|0.25,0.0690013874179679,True
FULL_FT,P1,S1,10,B,1,43,1e-05,0.0001,5,1961358973,35,1400,0.3095238095238095,0.2034774374197156,0.21428571428571427,0.21428571428571427,0.0,0.0|0.25|0.25|0.5|0.0|0.25|0.25,0.017453117649410252,True
FULL_FT,P1,S1,10,B,1,43,1e-05,0.0001,10,1961358973,35,1400,0.3158730158730159,0.20204953776382345,0.21428571428571427,0.21428571428571427,0.0,0.0|0.25|0.25|0.5|0.0|0.25|0.25,0.03466979799717893,True
FULL_FT,P1,S1,10,B,1,43,1e-05,0.0001,20,1961358973,35,1400,0.31067821067821066,0.23035456606885177,0.25,0.25,0.0,0.0|0.5|0.25|0.5|0.0|0.25|0.25,0.0690013874179679,True
FULL_FT,P1,S1,10,B,1,43,3e-05,0.0,5,4268332960,35,1400,0.3158730158730159,0.23035456606885177,0.25,0.25,0.0,0.0|0.5|0.25|0.5|0.0|0.25|0.25,0.04819179693470816,True
FULL_FT,P1,S1,10,B,1,43,3e-05,0.0,10,4268332960,35,1400,0.31067821067821066,0.2292207792207792,0.25,0.25,0.0,0.0|0.5|0.25|0.5|0.0|0.25|0.25,0.09565563460122828,True
FULL_FT,P1,S1,10,B,1,43,3e-05,0.0,20,4268332960,35,1400,0.4940630797773656,0.22151808091657715,0.25,0.25,0.0,0.0|0.25|0.5|0.5|0.0|0.25|0.25,0.1882188713492375,True
FULL_FT,P1,S1,10,B,1,43,3e-05,0.0001,5,762301554,35,1400,0.3158730158730159,0.23035456606885177,0.25,0.25,0.0,0.0|0.5|0.25|0.5|0.0|0.25|0.25,0.04819179693470816,True
FULL_FT,P1,S1,10,B,1,43,3e-05,0.0001,10,762301554,35,1400,0.31067821067821066,0.2292207792207792,0.25,0.25,0.0,0.0|0.5|0.25|0.5|0.0|0.25|0.25,0.09565563460122828,True
FULL_FT,P1,S1,10,B,1,43,3e-05,0.0001,20,762301554,35,1400,0.4940630797773656,0.22151808091657715,0.25,0.25,0.0,0.0|0.25|0.5|0.5|0.0|0.25|0.25,0.1882188713492375,True
FULL_FT,P1,S1,10,B,1,43,0.0001,0.0,5,806052741,35,1400,0.3581838796124511,0.2367097262102035,0.25,0.25,0.0,0.0|0.25|0.25|0.5|0.25|0.25|0.25,0.10413567879283908,True
FULL_FT,P1,S1,10,B,1,43,0.0001,0.0,10,806052741,35,1400,0.48686868686868695,0.2518536748191019,0.2814285714285714,0.2814285714285714,0.0,0.0|0.47|0.5|0.5|0.0|0.25|0.25,0.18250164642313754,True
FULL_FT,P1,S1,10,B,1,43,0.0001,0.0,20,806052741,35,1400,0.6555555555555557,0.22234432234432236,0.25,0.25,0.0,0.0|0.25|0.5|0.5|0.0|0.25|0.25,0.33536916341294676,True
FULL_FT,P1,S1,10,B,1,43,0.0001,0.0001,5,2068283415,35,1400,0.3581838796124511,0.2367097262102035,0.25,0.25,0.0,0.0|0.25|0.25|0.5|0.25|0.25|0.25,0.10413567879283908,True
FULL_FT,P1,S1,10,B,1,43,0.0001,0.0001,10,2068283415,35,1400,0.48686868686868695,0.2518536748191019,0.2814285714285714,0.2814285714285714,0.0,0.0|0.47|0.5|0.5|0.0|0.25|0.25,0.18250164642313754,True
FULL_FT,P1,S1,10,B,1,43,0.0001,0.0001,20,2068283415,35,1400,0.6555555555555557,0.22234432234432236,0.25,0.25,0.0,0.0|0.25|0.5|0.5|0.0|0.25|0.25,0.33536916341294676,True
FULL_FT,P1,S1,10,B,1,43,0.0003,0.0,5,4201773163,35,1400,0.31861471861471863,0.24909588903612992,0.355,0.355,0.0,0.0|0.75|0.985|0.5|0.25|0.0|0.0,0.20017305119444623,True
FULL_FT,P1,S1,10,B,1,43,0.0003,0.0,10,4201773163,35,1400,0.4008967223252938,0.252875763251776,0.2885714285714286,0.2885714285714286,0.0,0.0|0.25|0.5|0.5|0.0|0.25|0.52,0.27407177324086646,True
FULL_FT,P1,S1,10,B,1,43,0.0003,0.0,20,4201773163,35,1400,0.669325912183055,0.2170981208843124,0.25,0.25,0.0,0.0|0.25|0.5|0.5|0.0|0.25|0.25,0.41931099695116414,True
FULL_FT,P1,S1,10,B,1,43,0.0003,0.0001,5,1382255659,35,1400,0.31861471861471863,0.24909588903612992,0.355,0.355,0.0,0.0|0.75|0.985|0.5|0.25|0.0|0.0,0.20017318109200327,True
FULL_FT,P1,S1,10,B,1,43,0.0003,0.0001,10,1382255659,35,1400,0.4008967223252938,0.252875763251776,0.2885714285714286,0.2885714285714286,0.0,0.0|0.25|0.5|0.5|0.0|0.25|0.52,0.27407306780008345,True
FULL_FT,P1,S1,10,B,1,43,0.0003,0.0001,20,1382255659,35,1400,0.669325912183055,0.2170981208843124,0.25,0.25,0.0,0.0|0.25|0.5|0.5|0.0|0.25|0.25,0.41930954323551606,True
PARTIAL_FT,P1,S1,10,B,1,44,1e-05,0.0,5,796521595,35,1400,0.36107226107226104,0.32022975126170794,0.31857142857142856,0.31857142857142856,0.0,0.0|0.25|0.5|0.495|0.25|0.25|0.485,0.015233599378546674,True
PARTIAL_FT,P1,S1,10,B,1,44,1e-05,0.0,10,796521595,35,1400,0.41141239712668287,0.32245478442054754,0.32071428571428573,0.32071428571428573,0.0,0.0|0.25|0.5|0.495|0.25|0.25|0.5,0.029768510635380094,True
PARTIAL_FT,P1,S1,10,B,1,44,1e-05,0.0,20,796521595,35,1400,0.41141239712668287,0.32245478442054754,0.32071428571428573,0.32071428571428573,0.0,0.0|0.25|0.5|0.495|0.25|0.25|0.5,0.058013877614355745,True
PARTIAL_FT,P1,S1,10,B,1,44,1e-05,0.0001,5,1228434117,35,1400,0.36107226107226104,0.32022975126170794,0.31857142857142856,0.31857142857142856,0.0,0.0|0.25|0.5|0.495|0.25|0.25|0.485,0.015233599378546674,True
PARTIAL_FT,P1,S1,10,B,1,44,1e-05,0.0001,10,1228434117,35,1400,0.41141239712668287,0.32245478442054754,0.32071428571428573,0.32071428571428573,0.0,0.0|0.25|0.5|0.495|0.25|0.25|0.5,0.029768510635380094,True
PARTIAL_FT,P1,S1,10,B,1,44,1e-05,0.0001,20,1228434117,35,1400,0.41141239712668287,0.32245478442054754,0.32071428571428573,0.32071428571428573,0.0,0.0|0.25|0.5|0.495|0.25|0.25|0.5,0.058013877614355745,True
PARTIAL_FT,P1,S1,10,B,1,44,3e-05,0.0,5,2008967811,35,1400,0.41141239712668287,0.32245478442054754,0.32071428571428573,0.32071428571428573,0.0,0.0|0.25|0.5|0.495|0.25|0.25|0.5,0.043579424685886776,True
PARTIAL_FT,P1,S1,10,B,1,44,3e-05,0.0,10,2008967811,35,1400,0.41141239712668287,0.32236565461452465,0.32071428571428573,0.32071428571428573,0.0,0.0|0.25|0.5|0.495|0.25|0.25|0.5,0.08488393782118797,True
PARTIAL_FT,P1,S1,10,B,1,44,3e-05,0.0,20,2008967811,35,1400,0.41141239712668287,0.32217273643992794,0.32071428571428573,0.32071428571428573,0.0,0.0|0.25|0.5|0.495|0.25|0.25|0.5,0.16755863659711198,True
PARTIAL_FT,P1,S1,10,B,1,44,3e-05,0.0001,5,2408346994,35,1400,0.41141239712668287,0.32245478442054754,0.32071428571428573,0.32071428571428573,0.0,0.0|0.25|0.5|0.495|0.25|0.25|0.5,0.043579424685886776,True
PARTIAL_FT,P1,S1,10,B,1,44,3e-05,0.0001,10,2408346994,35,1400,0.41141239712668287,0.32236565461452465,0.32071428571428573,0.32071428571428573,0.0,0.0|0.25|0.5|0.495|0.25|0.25|0.5,0.08488393782118797,True
PARTIAL_FT,P1,S1,10,B,1,44,3e-05,0.0001,20,2408346994,35,1400,0.41141239712668287,0.32217273643992794,0.32071428571428573,0.32071428571428573,0.0,0.0|0.25|0.5|0.495|0.25|0.25|0.5,0.16755863659711198,True
PARTIAL_FT,P1,S1,10,B,1,44,0.0001,0.0,5,1530344898,35,1400,0.41141239712668287,0.32245478442054754,0.32071428571428573,0.32071428571428573,0.0,0.0|0.25|0.5|0.495|0.25|0.25|0.5,0.13329086904387039,True
PARTIAL_FT,P1,S1,10,B,1,44,0.0001,0.0,10,1530344898,35,1400,0.47183292897578616,0.3238872088622569,0.32285714285714284,0.32285714285714284,0.0,0.0|0.25|0.5|0.51|0.25|0.25|0.5,0.2637204077546299,True
PARTIAL_FT,P1,S1,10,B,1,44,0.0001,0.0,20,1530344898,35,1400,0.5056197770483485,0.2881195325205487,0.2935714285714286,0.2935714285714286,0.0,0.0|0.25|0.5|0.555|0.25|0.0|0.5,0.5087963466273882,True
PARTIAL_FT,P1,S1,10,B,1,44,0.0001,0.0001,5,3046323941,35,1400,0.41141239712668287,0.32245478442054754,0.32071428571428573,0.32071428571428573,0.0,0.0|0.25|0.5|0.495|0.25|0.25|0.5,0.13329086904387039,True
PARTIAL_FT,P1,S1,10,B,1,44,0.0001,0.0001,10,3046323941,35,1400,0.47183292897578616,0.3238872088622569,0.32285714285714284,0.32285714285714284,0.0,0.0|0.25|0.5|0.51|0.25|0.25|0.5,0.2637204077546299,True
PARTIAL_FT,P1,S1,10,B,1,44,0.0001,0.0001,20,3046323941,35,1400,0.5056197770483485,0.2881195325205487,0.2935714285714286,0.2935714285714286,0.0,0.0|0.25|0.5|0.555|0.25|0.0|0.5,0.5087963466273882,True
PARTIAL_FT,P1,S1,10,B,1,44,0.0003,0.0,5,519269541,35,1400,0.4672153243581815,0.2778101592968353,0.28714285714285714,0.2871428571428571,0.0,0.0|0.25|0.5|0.51|0.25|0.0|0.5,0.3135424721574508,True
PARTIAL_FT,P1,S1,10,B,1,44,0.0003,0.0,10,519269541,35,1400,0.5284065141207999,0.26618604321573586,0.25857142857142856,0.25857142857142856,0.0,0.0|0.25|0.5|0.31|0.25|0.0|0.5,0.583896695616989,True
PARTIAL_FT,P1,S1,10,B,1,44,0.0003,0.0,20,519269541,35,1400,0.6204493918779633,0.27516587931917097,0.285,0.28500000000000003,0.0,0.0|0.25|0.5|0.495|0.25|0.0|0.5,1.0780599621902176,True
PARTIAL_FT,P1,S1,10,B,1,44,0.0003,0.0001,5,875502972,35,1400,0.4672153243581815,0.2778101592968353,0.28714285714285714,0.2871428571428571,0.0,0.0|0.25|0.5|0.51|0.25|0.0|0.5,0.31354226381703454,True
PARTIAL_FT,P1,S1,10,B,1,44,0.0003,0.0001,10,875502972,35,1400,0.5284065141207999,0.26618604321573586,0.25857142857142856,0.25857142857142856,0.0,0.0|0.25|0.5|0.31|0.25|0.0|0.5,0.5838958411382185,True
PARTIAL_FT,P1,S1,10,B,1,44,0.0003,0.0001,20,875502972,35,1400,0.6204493918779633,0.27516587931917097,0.285,0.28500000000000003,0.0,0.0|0.25|0.5|0.495|0.25|0.0|0.5,1.0780466147210546,True
FULL_FT,P1,S1,10,B,1,44,1e-05,0.0,5,1506769985,35,1400,0.41141239712668287,0.32245478442054754,0.32071428571428573,0.32071428571428573,0.0,0.0|0.25|0.5|0.495|0.25|0.25|0.5,0.01714776903289048,True
FULL_FT,P1,S1,10,B,1,44,1e-05,0.0,10,1506769985,35,1400,0.41141239712668287,0.32217273643992794,0.32071428571428573,0.32071428571428573,0.0,0.0|0.25|0.5|0.495|0.25|0.25|0.5,0.03337747134016847,True
FULL_FT,P1,S1,10,B,1,44,1e-05,0.0,20,1506769985,35,1400,0.41141239712668287,0.32217273643992794,0.32071428571428573,0.32071428571428573,0.0,0.0|0.25|0.5|0.495|0.25|0.25|0.5,0.0666951866029506,True
FULL_FT,P1,S1,10,B,1,44,1e-05,0.0001,5,2337532415,35,1400,0.41141239712668287,0.32245478442054754,0.32071428571428573,0.32071428571428573,0.0,0.0|0.25|0.5|0.495|0.25|0.25|0.5,0.01714776903289048,True
FULL_FT,P1,S1,10,B,1,44,1e-05,0.0001,10,2337532415,35,1400,0.41141239712668287,0.32217273643992794,0.32071428571428573,0.32071428571428573,0.0,0.0|0.25|0.5|0.495|0.25|0.25|0.5,0.03337747134016847,True
FULL_FT,P1,S1,10,B,1,44,1e-05,0.0001,20,2337532415,35,1400,0.41141239712668287,0.32217273643992794,0.32071428571428573,0.32071428571428573,0.0,0.0|0.25|0.5|0.495|0.25|0.25|0.5,0.0666951866029506,True
FULL_FT,P1,S1,10,B,1,44,3e-05,0.0,5,1463406236,35,1400,0.41141239712668287,0.32217273643992794,0.32071428571428573,0.32071428571428573,0.0,0.0|0.25|0.5|0.495|0.25|0.25|0.5,0.04738275462765377,True
FULL_FT,P1,S1,10,B,1,44,3e-05,0.0,10,1463406236,35,1400,0.43522192093620665,0.3238872088622569,0.32285714285714284,0.32285714285714284,0.0,0.0|0.25|0.5|0.51|0.25|0.25|0.5,0.0949458302021353,True
FULL_FT,P1,S1,10,B,1,44,3e-05,0.0,20,1463406236,35,1400,0.4946196660482375,0.3011635996472655,0.28785714285714287,0.28785714285714287,0.0,0.0|0.25|0.5|0.265|0.25|0.25|0.5,0.18807613540629814,True
FULL_FT,P1,S1,10,B,1,44,3e-05,0.0001,5,435976060,35,1400,0.41141239712668287,0.32217273643992794,0.32071428571428573,0.32071428571428573,0.0,0.0|0.25|0.5|0.495|0.25|0.25|0.5,0.04738275462765377,True
FULL_FT,P1,S1,10,B,1,44,3e-05,0.0001,10,435976060,35,1400,0.43522192093620665,0.3238872088622569,0.32285714285714284,0.32285714285714284,0.0,0.0|0.25|0.5|0.51|0.25|0.25|0.5,0.0949458302021353,True
FULL_FT,P1,S1,10,B,1,44,3e-05,0.0001,20,435976060,35,1400,0.4946196660482375,0.3011635996472655,0.28785714285714287,0.28785714285714287,0.0,0.0|0.25|0.5|0.265|0.25|0.25|0.5,0.18807613540629814,True
FULL_FT,P1,S1,10,B,1,44,0.0001,0.0,5,1638637282,35,1400,0.4900020614306328,0.301479309569992,0.28785714285714287,0.28785714285714287,0.0,0.0|0.25|0.5|0.265|0.25|0.25|0.5,0.12181934399549267,True
FULL_FT,P1,S1,10,B,1,44,0.0001,0.0,10,1638637282,35,1400,0.5241187384044527,0.26807749614436205,0.2571428571428571,0.2571428571428572,0.0,0.0|0.25|0.5|0.25|0.25|0.25|0.3,0.23280449239735856,True
FULL_FT,P1,S1,10,B,1,44,0.0001,0.0,20,1638637282,35,1400,0.6167388167388167,0.2828427806362451,0.285,0.28500000000000003,0.0,0.0|0.25|0.5|0.495|0.25|0.0|0.5,0.4433012534615264,True
FULL_FT,P1,S1,10,B,1,44,0.0001,0.0001,5,607055207,35,1400,0.4900020614306328,0.301479309569992,0.28785714285714287,0.28785714285714287,0.0,0.0|0.25|0.5|0.265|0.25|0.25|0.5,0.12181934399549267,True
FULL_FT,P1,S1,10,B,1,44,0.0001,0.0001,10,607055207,35,1400,0.5241187384044527,0.26807749614436205,0.2571428571428571,0.2571428571428572,0.0,0.0|0.25|0.5|0.25|0.25|0.25|0.3,0.23280449239735856,True
FULL_FT,P1,S1,10,B,1,44,0.0001,0.0001,20,607055207,35,1400,0.6167388167388167,0.2828427806362451,0.285,0.28500000000000003,0.0,0.0|0.25|0.5|0.495|0.25|0.0|0.5,0.4433012534615264,True
FULL_FT,P1,S1,10,B,1,44,0.0003,0.0,5,1477168201,35,1400,0.47028368456939884,0.21020303315385286,0.21428571428571427,0.21428571428571427,0.0,0.0|0.25|0.25|0.25|0.25|0.0|0.5,0.22214479219085354,True
FULL_FT,P1,S1,10,B,1,44,0.0003,0.0,10,1477168201,35,1400,0.4753761644517947,0.19326030731781527,0.21428571428571427,0.21428571428571427,0.0,0.0|0.0|0.75|0.25|0.25|0.0|0.25,0.35652103108719435,True
FULL_FT,P1,S1,10,B,1,44,0.0003,0.0,20,1477168201,35,1400,0.6430117501546072,0.21856365446899625,0.2557142857142857,0.2557142857142857,0.0,0.0|0.0|0.745|0.495|0.25|0.0|0.3,0.6156542217061098,True
FULL_FT,P1,S1,10,B,1,44,0.0003,0.0001,5,1421870965,35,1400,0.47028368456939884,0.21020303315385286,0.21428571428571427,0.21428571428571427,0.0,0.0|0.25|0.25|0.25|0.25|0.0|0.5,0.22214596874282425,True
FULL_FT,P1,S1,10,B,1,44,0.0003,0.0001,10,1421870965,35,1400,0.4753761644517947,0.19326030731781527,0.21428571428571427,0.21428571428571427,0.0,0.0|0.0|0.75|0.25|0.25|0.0|0.25,0.356532327666081,True
FULL_FT,P1,S1,10,B,1,44,0.0003,0.0001,20,1421870965,35,1400,0.6430117501546072,0.21856365446899625,0.2557142857142857,0.2557142857142857,0.0,0.0|0.0|0.745|0.495|0.25|0.0|0.3,0.6157161731767676,True
PARTIAL_FT,P1,S1,10,B,1,45,1e-05,0.0,5,525939858,35,1400,0.3408369408369408,0.30327156299369484,0.32071428571428573,0.32071428571428573,0.0,0.0|0.5|0.75|0.495|0.25|0.25|0.0,0.015248336887153604,True
PARTIAL_FT,P1,S1,10,B,1,45,1e-05,0.0,10,525939858,35,1400,0.3408369408369408,0.30327156299369484,0.32071428571428573,0.32071428571428573,0.0,0.0|0.5|0.75|0.495|0.25|0.25|0.0,0.02993193399989668,True
PARTIAL_FT,P1,S1,10,B,1,45,1e-05,0.0,20,525939858,35,1400,0.3408369408369408,0.30327156299369484,0.32071428571428573,0.32071428571428573,0.0,0.0|0.5|0.75|0.495|0.25|0.25|0.0,0.058904575845275246,True
PARTIAL_FT,P1,S1,10,B,1,45,1e-05,0.0001,5,2239939496,35,1400,0.3408369408369408,0.30327156299369484,0.32071428571428573,0.32071428571428573,0.0,0.0|0.5|0.75|0.495|0.25|0.25|0.0,0.015248336887153604,True
PARTIAL_FT,P1,S1,10,B,1,45,1e-05,0.0001,10,2239939496,35,1400,0.3408369408369408,0.30327156299369484,0.32071428571428573,0.32071428571428573,0.0,0.0|0.5|0.75|0.495|0.25|0.25|0.0,0.02993193399989668,True
PARTIAL_FT,P1,S1,10,B,1,45,1e-05,0.0001,20,2239939496,35,1400,0.3408369408369408,0.30327156299369484,0.32071428571428573,0.32071428571428573,0.0,0.0|0.5|0.75|0.495|0.25|0.25|0.0,0.058904575845275246,True
PARTIAL_FT,P1,S1,10,B,1,45,3e-05,0.0,5,976672808,35,1400,0.3408369408369408,0.30327156299369484,0.32071428571428573,0.32071428571428573,0.0,0.0|0.5|0.75|0.495|0.25|0.25|0.0,0.04399198559990131,True
PARTIAL_FT,P1,S1,10,B,1,45,3e-05,0.0,10,976672808,35,1400,0.36818181818181817,0.30327156299369484,0.32071428571428573,0.32071428571428573,0.0,0.0|0.5|0.75|0.495|0.25|0.25|0.0,0.08666971617576877,True
PARTIAL_FT,P1,S1,10,B,1,45,3e-05,0.0,20,976672808,35,1400,0.36818181818181817,0.3038086199217292,0.32142857142857145,0.32142857142857145,0.0,0.0|0.5|0.75|0.5|0.25|0.25|0.0,0.1702777550069106,True
PARTIAL_FT,P1,S1,10,B,1,45,3e-05,0.0001,5,1833307111,35,1400,0.3408369408369408,0.30327156299369484,0.32071428571428573,0.32071428571428573,0.0,0.0|0.5|0.75|0.495|0.25|0.25|0.0,0.04399198559990131,True
PARTIAL_FT,P1,S1,10,B,1,45,3e-05,0.0001,10,1833307111,35,1400,0.36818181818181817,0.30327156299369484,0.32071428571428573,0.32071428571428573,0.0,0.0|0.5|0.75|0.495|0.25|0.25|0.0,0.08666971617576877,True
PARTIAL_FT,P1,S1,10,B,1,45,3e-05,0.0001,20,1833307111,35,1400,0.36818181818181817,0.3038086199217292,0.32142857142857145,0.32142857142857145,0.0,0.0|0.5|0.75|0.5|0.25|0.25|0.0,0.1702777550069106,True
PARTIAL_FT,P1,S1,10,B,1,45,0.0001,0.0,5,2668010841,35,1400,0.36818181818181817,0.30327156299369484,0.32071428571428573,0.32071428571428573,0.0,0.0|0.5|0.75|0.495|0.25|0.25|0.0,0.13541844565422925,True
PARTIAL_FT,P1,S1,10,B,1,45,0.0001,0.0,10,2668010841,35,1400,0.4011544011544012,0.3026043874901447,0.32142857142857145,0.32142857142857145,0.0,0.0|0.5|0.75|0.5|0.25|0.25|0.0,0.2647692973875163,True
PARTIAL_FT,P1,S1,10,B,1,45,0.0001,0.0,20,2668010841,35,1400,0.513997113997114,0.24525558353966956,0.25357142857142856,0.25357142857142856,0.0,0.0|0.255|0.52|0.5|0.25|0.25|0.0,0.5028365213824717,True
PARTIAL_FT,P1,S1,10,B,1,45,0.0001,0.0001,5,2912565749,35,1400,0.36818181818181817,0.30327156299369484,0.32071428571428573,0.32071428571428573,0.0,0.0|0.5|0.75|0.495|0.25|0.25|0.0,0.13541844565422925,True
PARTIAL_FT,P1,S1,10,B,1,45,0.0001,0.0001,10,2912565749,35,1400,0.4011544011544012,0.3026043874901447,0.32142857142857145,0.32142857142857145,0.0,0.0|0.5|0.75|0.5|0.25|0.25|0.0,0.2647692973875163,True
PARTIAL_FT,P1,S1,10,B,1,45,0.0001,0.0001,20,2912565749,35,1400,0.513997113997114,0.24525558353966956,0.25357142857142856,0.25357142857142856,0.0,0.0|0.255|0.52|0.5|0.25|0.25|0.0,0.5028365213824717,True
PARTIAL_FT,P1,S1,10,B,1,45,0.0003,0.0,5,4261504195,35,1400,0.47727272727272735,0.23926187957615871,0.25285714285714284,0.25285714285714284,0.0,0.0|0.5|0.27|0.5|0.25|0.25|0.0,0.2924519687040826,True
PARTIAL_FT,P1,S1,10,B,1,45,0.0003,0.0,10,4261504195,35,1400,0.4886002886002886,0.21761415550952082,0.25214285714285717,0.25214285714285717,0.0,0.0|0.75|0.27|0.495|0.25|0.0|0.0,0.5179735345632062,True
PARTIAL_FT,P1,S1,10,B,1,45,0.0003,0.0,20,4261504195,35,1400,0.6506493506493507,0.16173614925997035,0.18142857142857144,0.18142857142857144,0.0,0.0|0.25|0.27|0.5|0.25|0.0|0.0,0.9225241927500454,True
PARTIAL_FT,P1,S1,10,B,1,45,0.0003,0.0001,5,204156767,35,1400,0.47727272727272735,0.23926187957615871,0.25285714285714284,0.25285714285714284,0.0,0.0|0.5|0.27|0.5|0.25|0.25|0.0,0.29245204388887674,True
PARTIAL_FT,P1,S1,10,B,1,45,0.0003,0.0001,10,204156767,35,1400,0.4886002886002886,0.21761415550952082,0.25214285714285717,0.25214285714285717,0.0,0.0|0.75|0.27|0.495|0.25|0.0|0.0,0.5179705926421759,True
PARTIAL_FT,P1,S1,10,B,1,45,0.0003,0.0001,20,204156767,35,1400,0.6506493506493507,0.16173614925997035,0.18142857142857144,0.18142857142857144,0.0,0.0|0.25|0.27|0.5|0.25|0.0|0.0,0.9225250762209443,True
FULL_FT,P1,S1,10,B,1,45,1e-05,0.0,5,2084801046,35,1400,0.3408369408369408,0.30327156299369484,0.32071428571428573,0.32071428571428573,0.0,0.0|0.5|0.75|0.495|0.25|0.25|0.0,0.01744709392938253,True
FULL_FT,P1,S1,10,B,1,45,1e-05,0.0,10,2084801046,35,1400,0.3408369408369408,0.30327156299369484,0.32071428571428573,0.32071428571428573,0.0,0.0|0.5|0.75|0.495|0.25|0.25|0.0,0.034627791808886206,True
FULL_FT,P1,S1,10,B,1,45,1e-05,0.0,20,2084801046,35,1400,0.4011544011544012,0.30327156299369484,0.32071428571428573,0.32071428571428573,0.0,0.0|0.5|0.75|0.495|0.25|0.25|0.0,0.06883425774551927,True
FULL_FT,P1,S1,10,B,1,45,1e-05,0.0001,5,2268202117,35,1400,0.3408369408369408,0.30327156299369484,0.32071428571428573,0.32071428571428573,0.0,0.0|0.5|0.75|0.495|0.25|0.25|0.0,0.01744709392938253,True
FULL_FT,P1,S1,10,B,1,45,1e-05,0.0001,10,2268202117,35,1400,0.3408369408369408,0.30327156299369484,0.32071428571428573,0.32071428571428573,0.0,0.0|0.5|0.75|0.495|0.25|0.25|0.0,0.034627791808886206,True
FULL_FT,P1,S1,10,B,1,45,1e-05,0.0001,20,2268202117,35,1400,0.4011544011544012,0.30327156299369484,0.32071428571428573,0.32071428571428573,0.0,0.0|0.5|0.75|0.495|0.25|0.25|0.0,0.06883425774551927,True
FULL_FT,P1,S1,10,B,1,45,3e-05,0.0,5,2170379983,35,1400,0.36818181818181817,0.30327156299369484,0.32071428571428573,0.32071428571428573,0.0,0.0|0.5|0.75|0.495|0.25|0.25|0.0,0.04836463354730363,True
FULL_FT,P1,S1,10,B,1,45,3e-05,0.0,10,2170379983,35,1400,0.42510822510822516,0.30327156299369484,0.32071428571428573,0.32071428571428573,0.0,0.0|0.5|0.75|0.495|0.25|0.25|0.0,0.09590006655267092,True
FULL_FT,P1,S1,10,B,1,45,3e-05,0.0,20,2170379983,35,1400,0.5441558441558442,0.24109913076270786,0.25214285714285717,0.25214285714285717,0.0,0.0|0.25|0.52|0.495|0.25|0.25|0.0,0.18766656586847505,True
FULL_FT,P1,S1,10,B,1,45,3e-05,0.0001,5,1026130665,35,1400,0.36818181818181817,0.30327156299369484,0.32071428571428573,0.32071428571428573,0.0,0.0|0.5|0.75|0.495|0.25|0.25|0.0,0.04836463354730363,True
FULL_FT,P1,S1,10,B,1,45,3e-05,0.0001,10,1026130665,35,1400,0.42510822510822516,0.30327156299369484,0.32071428571428573,0.32071428571428573,0.0,0.0|0.5|0.75|0.495|0.25|0.25|0.0,0.09590006655267092,True
FULL_FT,P1,S1,10,B,1,45,3e-05,0.0001,20,1026130665,35,1400,0.5441558441558442,0.24109913076270786,0.25214285714285717,0.25214285714285717,0.0,0.0|0.25|0.52|0.495|0.25|0.25|0.0,0.18766656586847505,True
FULL_FT,P1,S1,10,B,1,45,0.0001,0.0,5,929413467,35,1400,0.4804164089878375,0.23647464712964725,0.25285714285714284,0.25285714285714284,0.0,0.0|0.5|0.27|0.5|0.25|0.25|0.0,0.10153134136423782,True
FULL_FT,P1,S1,10,B,1,45,0.0001,0.0,10,929413467,35,1400,0.4797258297258297,0.20868787930142035,0.24928571428571428,0.2492857142857143,0.0,0.0|0.25|0.75|0.495|0.25|0.0|0.0,0.17364537549579467,True
FULL_FT,P1,S1,10,B,1,45,0.0001,0.0,20,929413467,35,1400,0.737012987012987,0.1891972363141181,0.21428571428571427,0.21428571428571427,0.0,0.0|0.25|0.75|0.25|0.25|0.0|0.0,0.3170537157668621,True
FULL_FT,P1,S1,10,B,1,45,0.0001,0.0001,5,1449647338,35,1400,0.4804164089878375,0.23647464712964725,0.25285714285714284,0.25285714285714284,0.0,0.0|0.5|0.27|0.5|0.25|0.25|0.0,0.10153134136423782,True
FULL_FT,P1,S1,10,B,1,45,0.0001,0.0001,10,1449647338,35,1400,0.4797258297258297,0.20868787930142035,0.24928571428571428,0.2492857142857143,0.0,0.0|0.25|0.75|0.495|0.25|0.0|0.0,0.17364537549579467,True
FULL_FT,P1,S1,10,B,1,45,0.0001,0.0001,20,1449647338,35,1400,0.737012987012987,0.1891972363141181,0.21428571428571427,0.21428571428571427,0.0,0.0|0.25|0.75|0.25|0.25|0.0|0.0,0.3170537157668621,True
FULL_FT,P1,S1,10,B,1,45,0.0003,0.0,5,908620351,35,1400,0.4646825396825397,0.15939416544548649,0.1792857142857143,0.17928571428571427,0.0,0.005|0.25|0.0|0.25|0.25|0.0|0.5,0.19282985752462947,True
FULL_FT,P1,S1,10,B,1,45,0.0003,0.0,10,908620351,35,1400,0.5344932844932845,0.14955732699697524,0.1792857142857143,0.17928571428571427,0.0,0.005|0.25|0.0|0.25|0.25|0.0|0.5,0.257912671548243,True
FULL_FT,P1,S1,10,B,1,45,0.0003,0.0,20,908620351,35,1400,0.5363636363636364,0.2091189111478093,0.25,0.25,0.0,0.0|0.5|0.0|0.5|0.25|0.25|0.25,0.39177246984941017,True
FULL_FT,P1,S1,10,B,1,45,0.0003,0.0001,5,4156299268,35,1400,0.4646825396825397,0.15939416544548649,0.1792857142857143,0.17928571428571427,0.0,0.005|0.25|0.0|0.25|0.25|0.0|0.5,0.19283012722238707,True
FULL_FT,P1,S1,10,B,1,45,0.0003,0.0001,10,4156299268,35,1400,0.5344932844932845,0.14955732699697524,0.1792857142857143,0.17928571428571427,0.0,0.005|0.25|0.0|0.25|0.25|0.0|0.5,0.25791165930264487,True
FULL_FT,P1,S1,10,B,1,45,0.0003,0.0001,20,4156299268,35,1400,0.5363636363636364,0.2091189111478093,0.25,0.25,0.0,0.0|0.5|0.0|0.5|0.25|0.25|0.25,0.39176888656674214,True
PARTIAL_FT,P1,S1,10,B,1,46,1e-05,0.0,5,2465645109,35,1400,0.401566687280973,0.22771712191123586,0.24642857142857144,0.24642857142857144,0.0,0.0|0.25|0.73|0.495|0.25|0.0|0.0,0.015066485176152385,True
PARTIAL_FT,P1,S1,10,B,1,46,1e-05,0.0,10,2465645109,35,1400,0.401566687280973,0.22771712191123586,0.24642857142857144,0.24642857142857144,0.0,0.0|0.25|0.73|0.495|0.25|0.0|0.0,0.029342960520097407,True
PARTIAL_FT,P1,S1,10,B,1,46,1e-05,0.0,20,2465645109,35,1400,0.44485673057101627,0.22771712191123586,0.24642857142857144,0.24642857142857144,0.0,0.0|0.25|0.73|0.495|0.25|0.0|0.0,0.05759229240355182,True
PARTIAL_FT,P1,S1,10,B,1,46,1e-05,0.0001,5,3268534644,35,1400,0.401566687280973,0.22771712191123586,0.24642857142857144,0.24642857142857144,0.0,0.0|0.25|0.73|0.495|0.25|0.0|0.0,0.015066485176152385,True
PARTIAL_FT,P1,S1,10,B,1,46,1e-05,0.0001,10,3268534644,35,1400,0.401566687280973,0.22771712191123586,0.24642857142857144,0.24642857142857144,0.0,0.0|0.25|0.73|0.495|0.25|0.0|0.0,0.029342960520097407,True
PARTIAL_FT,P1,S1,10,B,1,46,1e-05,0.0001,20,3268534644,35,1400,0.44485673057101627,0.22771712191123586,0.24642857142857144,0.24642857142857144,0.0,0.0|0.25|0.73|0.495|0.25|0.0|0.0,0.05759229240355182,True
PARTIAL_FT,P1,S1,10,B,1,46,3e-05,0.0,5,847276063,35,1400,0.44485673057101627,0.22771712191123586,0.24642857142857144,0.24642857142857144,0.0,0.0|0.25|0.73|0.495|0.25|0.0|0.0,0.042724407953400614,True
PARTIAL_FT,P1,S1,10,B,1,46,3e-05,0.0,10,847276063,35,1400,0.44485673057101627,0.22771712191123586,0.24642857142857144,0.24642857142857144,0.0,0.0|0.25|0.73|0.495|0.25|0.0|0.0,0.08409237625012106,True
PARTIAL_FT,P1,S1,10,B,1,46,3e-05,0.0,20,847276063,35,1400,0.507936507936508,0.22771712191123586,0.24642857142857144,0.24642857142857144,0.0,0.0|0.25|0.73|0.495|0.25|0.0|0.0,0.16712229442829812,True
PARTIAL_FT,P1,S1,10,B,1,46,3e-05,0.0001,5,418414454,35,1400,0.44485673057101627,0.22771712191123586,0.24642857142857144,0.24642857142857144,0.0,0.0|0.25|0.73|0.495|0.25|0.0|0.0,0.042724407953400614,True
PARTIAL_FT,P1,S1,10,B,1,46,3e-05,0.0001,10,418414454,35,1400,0.44485673057101627,0.22771712191123586,0.24642857142857144,0.24642857142857144,0.0,0.0|0.25|0.73|0.495|0.25|0.0|0.0,0.08409237625012106,True
PARTIAL_FT,P1,S1,10,B,1,46,3e-05,0.0001,20,418414454,35,1400,0.507936507936508,0.22771712191123586,0.24642857142857144,0.24642857142857144,0.0,0.0|0.25|0.73|0.495|0.25|0.0|0.0,0.16712229442829812,True
PARTIAL_FT,P1,S1,10,B,1,46,0.0001,0.0,5,663615774,35,1400,0.5015873015873017,0.22771712191123586,0.24642857142857144,0.24642857142857144,0.0,0.0|0.25|0.73|0.495|0.25|0.0|0.0,0.12789826577979058,True
PARTIAL_FT,P1,S1,10,B,1,46,0.0001,0.0,10,663615774,35,1400,0.507936507936508,0.22771712191123586,0.24642857142857144,0.24642857142857144,0.0,0.0|0.25|0.73|0.495|0.25|0.0|0.0,0.25297693780425595,True
PARTIAL_FT,P1,S1,10,B,1,46,0.0001,0.0,20,663615774,35,1400,0.5682539682539682,0.23072440012597115,0.24642857142857144,0.24642857142857144,0.0,0.0|0.25|0.73|0.495|0.25|0.0|0.0,0.49066857198856595,True
PARTIAL_FT,P1,S1,10,B,1,46,0.0001,0.0001,5,367530742,35,1400,0.5015873015873017,0.22771712191123586,0.24642857142857144,0.24642857142857144,0.0,0.0|0.25|0.73|0.495|0.25|0.0|0.0,0.12789826577979058,True
PARTIAL_FT,P1,S1,10,B,1,46,0.0001,0.0001,10,367530742,35,1400,0.507936507936508,0.22771712191123586,0.24642857142857144,0.24642857142857144,0.0,0.0|0.25|0.73|0.495|0.25|0.0|0.0,0.25297693780425595,True
PARTIAL_FT,P1,S1,10,B,1,46,0.0001,0.0001,20,367530742,35,1400,0.5682539682539682,0.23072440012597115,0.24642857142857144,0.24642857142857144,0.0,0.0|0.25|0.73|0.495|0.25|0.0|0.0,0.49066857198856595,True
PARTIAL_FT,P1,S1,10,B,1,46,0.0003,0.0,5,1849576011,35,1400,0.5002886002886003,0.2248437669278935,0.24642857142857144,0.24642857142857144,0.0,0.0|0.25|0.73|0.495|0.25|0.0|0.0,0.26784714750667704,True
PARTIAL_FT,P1,S1,10,B,1,46,0.0003,0.0,10,1849576011,35,1400,0.5948051948051949,0.261291538043903,0.275,0.275,0.0,0.0|0.25|0.73|0.495|0.25|0.0|0.2,0.4868517511489903,True
PARTIAL_FT,P1,S1,10,B,1,46,0.0003,0.0,20,1849576011,35,1400,0.6824675324675324,0.2689456840916732,0.275,0.275,0.0,0.0|0.25|0.73|0.495|0.25|0.0|0.2,0.8956056428181632,True
PARTIAL_FT,P1,S1,10,B,1,46,0.0003,0.0001,5,3218012451,35,1400,0.5002886002886003,0.2248437669278935,0.24642857142857144,0.24642857142857144,0.0,0.0|0.25|0.73|0.495|0.25|0.0|0.0,0.2678427716088213,True
PARTIAL_FT,P1,S1,10,B,1,46,0.0003,0.0001,10,3218012451,35,1400,0.5948051948051949,0.261291538043903,0.275,0.275,0.0,0.0|0.25|0.73|0.495|0.25|0.0|0.2,0.48684788249314837,True
PARTIAL_FT,P1,S1,10,B,1,46,0.0003,0.0001,20,3218012451,35,1400,0.6824675324675324,0.2689456840916732,0.275,0.275,0.0,0.0|0.25|0.73|0.495|0.25|0.0|0.2,0.8956213452614786,True
FULL_FT,P1,S1,10,B,1,46,1e-05,0.0,5,4108352278,35,1400,0.44485673057101627,0.23155404938452856,0.24714285714285714,0.24714285714285714,0.0,0.0|0.255|0.73|0.495|0.25|0.0|0.0,0.01670145288130266,True
FULL_FT,P1,S1,10,B,1,46,1e-05,0.0,10,4108352278,35,1400,0.44485673057101627,0.23072440012597115,0.24642857142857144,0.24642857142857144,0.0,0.0|0.25|0.73|0.495|0.25|0.0|0.0,0.03303115447800405,True
FULL_FT,P1,S1,10,B,1,46,1e-05,0.0,20,4108352278,35,1400,0.507936507936508,0.23155404938452856,0.24714285714285714,0.24714285714285714,0.0,0.0|0.255|0.73|0.495|0.25|0.0|0.0,0.06640263401597458,True
FULL_FT,P1,S1,10,B,1,46,1e-05,0.0001,5,3434623146,35,1400,0.44485673057101627,0.23155404938452856,0.24714285714285714,0.24714285714285714,0.0,0.0|0.255|0.73|0.495|0.25|0.0|0.0,0.01670145288130266,True
FULL_FT,P1,S1,10,B,1,46,1e-05,0.0001,10,3434623146,35,1400,0.44485673057101627,0.23072440012597115,0.24642857142857144,0.24642857142857144,0.0,0.0|0.25|0.73|0.495|0.25|0.0|0.0,0.03303115447800405,True
FULL_FT,P1,S1,10,B,1,46,1e-05,0.0001,20,3434623146,35,1400,0.507936507936508,0.23155404938452856,0.24714285714285714,0.24714285714285714,0.0,0.0|0.255|0.73|0.495|0.25|0.0|0.0,0.06640263401597458,True
FULL_FT,P1,S1,10,B,1,46,3e-05,0.0,5,3241476151,35,1400,0.47472686044114615,0.23072440012597115,0.24642857142857144,0.24642857142857144,0.0,0.0|0.25|0.73|0.495|0.25|0.0|0.0,0.044937105082181336,True
FULL_FT,P1,S1,10,B,1,46,3e-05,0.0,10,3241476151,35,1400,0.507936507936508,0.27015688057322074,0.28214285714285714,0.28214285714285714,0.0,0.0|0.5|0.73|0.495|0.25|0.0|0.0,0.09010682159855622,True
FULL_FT,P1,S1,10,B,1,46,3e-05,0.0,20,3241476151,35,1400,0.5969696969696969,0.27015688057322074,0.28214285714285714,0.28214285714285714,0.0,0.0|0.5|0.73|0.495|0.25|0.0|0.0,0.18025327474173503,True
FULL_FT,P1,S1,10,B,1,46,3e-05,0.0001,5,1782966551,35,1400,0.47472686044114615,0.23072440012597115,0.24642857142857144,0.24642857142857144,0.0,0.0|0.25|0.73|0.495|0.25|0.0|0.0,0.044937105082181336,True
FULL_FT,P1,S1,10,B,1,46,3e-05,0.0001,10,1782966551,35,1400,0.507936507936508,0.27015688057322074,0.28214285714285714,0.28214285714285714,0.0,0.0|0.5|0.73|0.495|0.25|0.0|0.0,0.09010682159855622,True
FULL_FT,P1,S1,10,B,1,46,3e-05,0.0001,20,1782966551,35,1400,0.5969696969696969,0.27015688057322074,0.28214285714285714,0.28214285714285714,0.0,0.0|0.5|0.73|0.495|0.25|0.0|0.0,0.18025327474173503,True
FULL_FT,P1,S1,10,B,1,46,0.0001,0.0,5,2901336951,35,1400,0.4574314574314574,0.2248437669278935,0.24642857142857144,0.24642857142857144,0.0,0.0|0.25|0.73|0.495|0.25|0.0|0.0,0.10184122667694666,True
FULL_FT,P1,S1,10,B,1,46,0.0001,0.0,10,2901336951,35,1400,0.5695526695526695,0.23072440012597115,0.24642857142857144,0.24642857142857144,0.0,0.0|0.25|0.73|0.495|0.25|0.0|0.0,0.18815726415580955,True
FULL_FT,P1,S1,10,B,1,46,0.0001,0.0,20,2901336951,35,1400,0.6520535020535021,0.26708048319174343,0.28214285714285714,0.28214285714285714,0.0,0.0|0.5|0.73|0.495|0.25|0.0|0.0,0.3590614923137123,True
FULL_FT,P1,S1,10,B,1,46,0.0001,0.0001,5,4283391445,35,1400,0.4574314574314574,0.2248437669278935,0.24642857142857144,0.24642857142857144,0.0,0.0|0.25|0.73|0.495|0.25|0.0|0.0,0.10184122667694666,True
FULL_FT,P1,S1,10,B,1,46,0.0001,0.0001,10,4283391445,35,1400,0.5695526695526695,0.23072440012597115,0.24642857142857144,0.24642857142857144,0.0,0.0|0.25|0.73|0.495|0.25|0.0|0.0,0.18815726415580955,True
FULL_FT,P1,S1,10,B,1,46,0.0001,0.0001,20,4283391445,35,1400,0.6520535020535021,0.26708048319174343,0.28214285714285714,0.28214285714285714,0.0,0.0|0.5|0.73|0.495|0.25|0.0|0.0,0.3590614923137123,True
FULL_FT,P1,S1,10,B,1,46,0.0003,0.0,5,1214713164,35,1400,0.3182216476334124,0.17334728083207174,0.20714285714285716,0.20714285714285713,0.0,0.25|0.0|0.5|0.0|0.25|0.0|0.45,0.19897391273078194,True
FULL_FT,P1,S1,10,B,1,46,0.0003,0.0,10,1214713164,35,1400,0.45736961451247166,0.24808710660454555,0.2857142857142857,0.2857142857142857,0.0,0.0|0.5|0.75|0.5|0.25|0.0|0.0,0.29208673843662053,True
FULL_FT,P1,S1,10,B,1,46,0.0003,0.0,20,1214713164,35,1400,0.6536852036852036,0.2614842846630926,0.32142857142857145,0.32142857142857145,0.0,0.0|0.5|0.75|0.75|0.25|0.0|0.0,0.48396848722609437,True
FULL_FT,P1,S1,10,B,1,46,0.0003,0.0001,5,1547327129,35,1400,0.3182216476334124,0.17334728083207174,0.20714285714285716,0.20714285714285713,0.0,0.25|0.0|0.5|0.0|0.25|0.0|0.45,0.19897383002217417,True
FULL_FT,P1,S1,10,B,1,46,0.0003,0.0001,10,1547327129,35,1400,0.45736961451247166,0.24808710660454555,0.2857142857142857,0.2857142857142857,0.0,0.0|0.5|0.75|0.5|0.25|0.0|0.0,0.2920866009350475,True
FULL_FT,P1,S1,10,B,1,46,0.0003,0.0001,20,1547327129,35,1400,0.6536852036852036,0.2614842846630926,0.32142857142857145,0.32142857142857145,0.0,0.0|0.5|0.75|0.75|0.25|0.0|0.0,0.48396676659507554,True
PARTIAL_FT,P2,S2,0,A,0,42,1e-05,0.0,5,116946264,35,1400,0.2816738816738817,0.18367346938775508,0.21428571428571427,0.21428571428571427,0.0,0.25|0.0|0.5|0.5|0.0|0.0|0.25,0.015206358112396474,True
PARTIAL_FT,P2,S2,0,A,0,42,1e-05,0.0,10,116946264,35,1400,0.2816738816738817,0.20331306197067495,0.24785714285714286,0.24785714285714283,0.0,0.25|0.0|0.5|0.735|0.0|0.0|0.25,0.029938302313780796,True
PARTIAL_FT,P2,S2,0,A,0,42,1e-05,0.0,20,116946264,35,1400,0.2816738816738817,0.20331306197067495,0.24785714285714286,0.24785714285714283,0.0,0.25|0.0|0.5|0.735|0.0|0.0|0.25,0.0591795633745495,True
PARTIAL_FT,P2,S2,0,A,0,42,1e-05,0.0001,5,2665610441,35,1400,0.2816738816738817,0.18367346938775508,0.21428571428571427,0.21428571428571427,0.0,0.25|0.0|0.5|0.5|0.0|0.0|0.25,0.015206358112396474,True
PARTIAL_FT,P2,S2,0,A,0,42,1e-05,0.0001,10,2665610441,35,1400,0.2816738816738817,0.20331306197067495,0.24785714285714286,0.24785714285714283,0.0,0.25|0.0|0.5|0.735|0.0|0.0|0.25,0.029938302313780796,True
PARTIAL_FT,P2,S2,0,A,0,42,1e-05,0.0001,20,2665610441,35,1400,0.2816738816738817,0.20331306197067495,0.24785714285714286,0.24785714285714283,0.0,0.25|0.0|0.5|0.735|0.0|0.0|0.25,0.0591795633745495,True
PARTIAL_FT,P2,S2,0,A,0,42,3e-05,0.0,5,2141130539,35,1400,0.2816738816738817,0.20445269016697587,0.25,0.25,0.0,0.25|0.0|0.5|0.75|0.0|0.0|0.25,0.04396155652873166,True
PARTIAL_FT,P2,S2,0,A,0,42,3e-05,0.0,10,2141130539,35,1400,0.2816738816738817,0.20445269016697587,0.25,0.25,0.0,0.25|0.0|0.5|0.75|0.0|0.0|0.25,0.08702111246259285,True
PARTIAL_FT,P2,S2,0,A,0,42,3e-05,0.0,20,2141130539,35,1400,0.30505050505050507,0.20445269016697587,0.25,0.25,0.0,0.25|0.0|0.5|0.75|0.0|0.0|0.25,0.17130639387569813,True
PARTIAL_FT,P2,S2,0,A,0,42,3e-05,0.0001,5,1393823438,35,1400,0.2816738816738817,0.20445269016697587,0.25,0.25,0.0,0.25|0.0|0.5|0.75|0.0|0.0|0.25,0.04396155652873166,True
PARTIAL_FT,P2,S2,0,A,0,42,3e-05,0.0001,10,1393823438,35,1400,0.2816738816738817,0.20445269016697587,0.25,0.25,0.0,0.25|0.0|0.5|0.75|0.0|0.0|0.25,0.08702111246259285,True
PARTIAL_FT,P2,S2,0,A,0,42,3e-05,0.0001,20,1393823438,35,1400,0.30505050505050507,0.20445269016697587,0.25,0.25,0.0,0.25|0.0|0.5|0.75|0.0|0.0|0.25,0.17130639387569813,True
PARTIAL_FT,P2,S2,0,A,0,42,0.0001,0.0,5,2142056637,35,1400,0.30505050505050507,0.20445269016697587,0.25,0.25,0.0,0.25|0.0|0.5|0.75|0.0|0.0|0.25,0.13364069908135234,True
PARTIAL_FT,P2,S2,0,A,0,42,0.0001,0.0,10,2142056637,35,1400,0.30505050505050507,0.20445269016697587,0.25,0.25,0.0,0.25|0.0|0.5|0.75|0.0|0.0|0.25,0.26182686442305503,True
PARTIAL_FT,P2,S2,0,A,0,42,0.0001,0.0,20,2142056637,35,1400,0.3556998556998557,0.20445269016697587,0.25,0.25,0.0,0.25|0.0|0.5|0.75|0.0|0.0|0.25,0.5036692367457137,True
PARTIAL_FT,P2,S2,0,A,0,42,0.0001,0.0001,5,2093215287,35,1400,0.30505050505050507,0.20445269016697587,0.25,0.25,0.0,0.25|0.0|0.5|0.75|0.0|0.0|0.25,0.13364069908135234,True
PARTIAL_FT,P2,S2,0,A,0,42,0.0001,0.0001,10,2093215287,35,1400,0.30505050505050507,0.20445269016697587,0.25,0.25,0.0,0.25|0.0|0.5|0.75|0.0|0.0|0.25,0.26182686442305503,True
PARTIAL_FT,P2,S2,0,A,0,42,0.0001,0.0001,20,2093215287,35,1400,0.3556998556998557,0.20445269016697587,0.25,0.25,0.0,0.25|0.0|0.5|0.75|0.0|0.0|0.25,0.5036692367457137,True
PARTIAL_FT,P2,S2,0,A,0,42,0.0003,0.0,5,3699204243,35,1400,0.4,0.19795918367346937,0.25,0.25,0.0,0.25|0.0|0.5|0.75|0.0|0.0|0.25,0.2864767204261827,True
PARTIAL_FT,P2,S2,0,A,0,42,0.0003,0.0,10,3699204243,35,1400,0.3922077922077922,0.20445269016697587,0.25,0.25,0.0,0.25|0.0|0.5|0.75|0.0|0.0|0.25,0.519570549766046,True
PARTIAL_FT,P2,S2,0,A,0,42,0.0003,0.0,20,3699204243,35,1400,0.46323676323676327,0.20445269016697587,0.25,0.25,0.0,0.25|0.0|0.5|0.75|0.0|0.0|0.25,0.9496047566144458,True
PARTIAL_FT,P2,S2,0,A,0,42,0.0003,0.0001,5,1170062426,35,1400,0.4,0.19795918367346937,0.25,0.25,0.0,0.25|0.0|0.5|0.75|0.0|0.0|0.25,0.2864766762081284,True
PARTIAL_FT,P2,S2,0,A,0,42,0.0003,0.0001,10,1170062426,35,1400,0.3922077922077922,0.20445269016697587,0.25,0.25,0.0,0.25|0.0|0.5|0.75|0.0|0.0|0.25,0.5195703141942131,True
PARTIAL_FT,P2,S2,0,A,0,42,0.0003,0.0001,20,1170062426,35,1400,0.46323676323676327,0.20445269016697587,0.25,0.25,0.0,0.25|0.0|0.5|0.75|0.0|0.0|0.25,0.9496037688172208,True
FULL_FT,P2,S2,0,A,0,42,1e-05,0.0,5,3415575457,35,1400,0.27792207792207796,0.18638380253287087,0.21857142857142858,0.21857142857142858,0.0,0.25|0.0|0.5|0.53|0.0|0.0|0.25,0.01712843728953542,True
FULL_FT,P2,S2,0,A,0,42,1e-05,0.0,10,3415575457,35,1400,0.27792207792207796,0.20445269016697587,0.25,0.25,0.0,0.25|0.0|0.5|0.75|0.0|0.0|0.25,0.034233797390800035,True
FULL_FT,P2,S2,0,A,0,42,1e-05,0.0,20,3415575457,35,1400,0.3018759018759019,0.20445269016697587,0.25,0.25,0.0,0.25|0.0|0.5|0.75|0.0|0.0|0.25,0.06830807984955141,True
FULL_FT,P2,S2,0,A,0,42,1e-05,0.0001,5,2148088831,35,1400,0.27792207792207796,0.18638380253287087,0.21857142857142858,0.21857142857142858,0.0,0.25|0.0|0.5|0.53|0.0|0.0|0.25,0.01712843728953542,True
FULL_FT,P2,S2,0,A,0,42,1e-05,0.0001,10,2148088831,35,1400,0.27792207792207796,0.20445269016697587,0.25,0.25,0.0,0.25|0.0|0.5|0.75|0.0|0.0|0.25,0.034233797390800035,True
FULL_FT,P2,S2,0,A,0,42,1e-05,0.0001,20,2148088831,35,1400,0.3018759018759019,0.20445269016697587,0.25,0.25,0.0,0.25|0.0|0.5|0.75|0.0|0.0|0.25,0.06830807984955141,True
FULL_FT,P2,S2,0,A,0,42,3e-05,0.0,5,2068994368,35,1400,0.3018759018759019,0.20445269016697587,0.25,0.25,0.0,0.25|0.0|0.5|0.75|0.0|0.0|0.25,0.04665248393580513,True
FULL_FT,P2,S2,0,A,0,42,3e-05,0.0,10,2068994368,35,1400,0.3018759018759019,0.20445269016697587,0.25,0.25,0.0,0.25|0.0|0.5|0.75|0.0|0.0|0.25,0.09267451069374208,True
FULL_FT,P2,S2,0,A,0,42,3e-05,0.0,20,2068994368,35,1400,0.3308802308802309,0.20445269016697587,0.25,0.25,0.0,0.25|0.0|0.5|0.75|0.0|0.0|0.25,0.1833417345473716,True
FULL_FT,P2,S2,0,A,0,42,3e-05,0.0001,5,822367838,35,1400,0.3018759018759019,0.20445269016697587,0.25,0.25,0.0,0.25|0.0|0.5|0.75|0.0|0.0|0.25,0.04665248393580513,True
FULL_FT,P2,S2,0,A,0,42,3e-05,0.0001,10,822367838,35,1400,0.3018759018759019,0.20445269016697587,0.25,0.25,0.0,0.25|0.0|0.5|0.75|0.0|0.0|0.25,0.09267451069374208,True
FULL_FT,P2,S2,0,A,0,42,3e-05,0.0001,20,822367838,35,1400,0.3308802308802309,0.20445269016697587,0.25,0.25,0.0,0.25|0.0|0.5|0.75|0.0|0.0|0.25,0.1833417345473716,True
FULL_FT,P2,S2,0,A,0,42,0.0001,0.0,5,3111425666,35,1400,0.38278705421562564,0.19795918367346937,0.25,0.25,0.0,0.25|0.0|0.5|0.75|0.0|0.0|0.25,0.10782236932926835,True
FULL_FT,P2,S2,0,A,0,42,0.0001,0.0,10,3111425666,35,1400,0.3238095238095238,0.20445269016697587,0.25,0.25,0.0,0.25|0.0|0.5|0.75|0.0|0.0|0.25,0.200935823521626,True
FULL_FT,P2,S2,0,A,0,42,0.0001,0.0,20,3111425666,35,1400,0.5072150072150072,0.20445269016697587,0.25,0.25,0.0,0.25|0.0|0.5|0.75|0.0|0.0|0.25,0.3851567002562309,True
FULL_FT,P2,S2,0,A,0,42,0.0001,0.0001,5,582548421,35,1400,0.38278705421562564,0.19795918367346937,0.25,0.25,0.0,0.25|0.0|0.5|0.75|0.0|0.0|0.25,0.10782236932926835,True
FULL_FT,P2,S2,0,A,0,42,0.0001,0.0001,10,582548421,35,1400,0.3238095238095238,0.20445269016697587,0.25,0.25,0.0,0.25|0.0|0.5|0.75|0.0|0.0|0.25,0.200935823521626,True
FULL_FT,P2,S2,0,A,0,42,0.0001,0.0001,20,582548421,35,1400,0.5072150072150072,0.20445269016697587,0.25,0.25,0.0,0.25|0.0|0.5|0.75|0.0|0.0|0.25,0.3851567002562309,True
FULL_FT,P2,S2,0,A,0,42,0.0003,0.0,5,313445913,35,1400,0.35600907029478457,0.09652261675383063,0.14285714285714285,0.14285714285714285,0.0,0.5|0.0|0.0|0.25|0.0|0.0|0.25,0.20268166213574124,True
FULL_FT,P2,S2,0,A,0,42,0.0003,0.0,10,313445913,35,1400,0.3622100122100122,0.148914716626628,0.17857142857142858,0.17857142857142858,0.0,0.0|0.0|0.5|0.25|0.25|0.25|0.0,0.3023001232079528,True
FULL_FT,P2,S2,0,A,0,42,0.0003,0.0,20,313445913,35,1400,0.5391053391053391,0.24591836734693873,0.2857142857142857,0.2857142857142857,0.0,0.25|0.0|0.5|0.75|0.25|0.0|0.25,0.5178371037793629,True
FULL_FT,P2,S2,0,A,0,42,0.0003,0.0001,5,140240887,35,1400,0.35600907029478457,0.09652261675383063,0.14285714285714285,0.14285714285714285,0.0,0.5|0.0|0.0|0.25|0.0|0.0|0.25,0.20268158329151037,True
FULL_FT,P2,S2,0,A,0,42,0.0003,0.0001,10,140240887,35,1400,0.3622100122100122,0.148914716626628,0.17857142857142858,0.17857142857142858,0.0,0.0|0.0|0.5|0.25|0.25|0.25|0.0,0.30230005591950515,True
FULL_FT,P2,S2,0,A,0,42,0.0003,0.0001,20,140240887,35,1400,0.5391053391053391,0.24591836734693873,0.2857142857142857,0.2857142857142857,0.0,0.25|0.0|0.5|0.75|0.25|0.0|0.25,0.5178401727840786,True
PARTIAL_FT,P2,S2,0,A,0,43,1e-05,0.0,5,3314771660,35,1400,0.35571254142682707,0.24419302365555368,0.25,0.25,0.0,0.25|0.25|0.5|0.5|0.0|0.25|0.0,0.01548156139547014,True
PARTIAL_FT,P2,S2,0,A,0,43,1e-05,0.0,10,3314771660,35,1400,0.35571254142682707,0.24474241785688103,0.25,0.25,0.0,0.25|0.25|0.5|0.5|0.0|0.25|0.0,0.03068040524808821,True
PARTIAL_FT,P2,S2,0,A,0,43,1e-05,0.0,20,3314771660,35,1400,0.35571254142682707,0.24820349901719832,0.25,0.25,0.0,0.25|0.25|0.5|0.5|0.0|0.25|0.0,0.06061197525327776,True
PARTIAL_FT,P2,S2,0,A,0,43,1e-05,0.0001,5,2103869030,35,1400,0.35571254142682707,0.24419302365555368,0.25,0.25,0.0,0.25|0.25|0.5|0.5|0.0|0.25|0.0,0.01548156139547014,True
PARTIAL_FT,P2,S2,0,A,0,43,1e-05,0.0001,10,2103869030,35,1400,0.35571254142682707,0.24474241785688103,0.25,0.25,0.0,0.25|0.25|0.5|0.5|0.0|0.25|0.0,0.03068040524808821,True
PARTIAL_FT,P2,S2,0,A,0,43,1e-05,0.0001,20,2103869030,35,1400,0.35571254142682707,0.24820349901719832,0.25,0.25,0.0,0.25|0.25|0.5|0.5|0.0|0.25|0.0,0.06061197525327776,True
PARTIAL_FT,P2,S2,0,A,0,43,3e-05,0.0,5,2011837044,35,1400,0.35571254142682707,0.24559878427513798,0.25,0.25,0.0,0.25|0.25|0.5|0.5|0.0|0.25|0.0,0.045605453801572236,True
PARTIAL_FT,P2,S2,0,A,0,43,3e-05,0.0,10,2011837044,35,1400,0.35571254142682707,0.24899930986887506,0.25,0.25,0.0,0.25|0.25|0.5|0.5|0.0|0.25|0.0,0.08989145241333091,True
PARTIAL_FT,P2,S2,0,A,0,43,3e-05,0.0,20,2011837044,35,1400,0.35571254142682707,0.24899930986887506,0.25,0.25,0.0,0.25|0.25|0.5|0.5|0.0|0.25|0.0,0.17578475070321925,True
PARTIAL_FT,P2,S2,0,A,0,43,3e-05,0.0001,5,4284831778,35,1400,0.35571254142682707,0.24559878427513798,0.25,0.25,0.0,0.25|0.25|0.5|0.5|0.0|0.25|0.0,0.045605453801572236,True
PARTIAL_FT,P2,S2,0,A,0,43,3e-05,0.0001,10,4284831778,35,1400,0.35571254142682707,0.24899930986887506,0.25,0.25,0.0,0.25|0.25|0.5|0.5|0.0|0.25|0.0,0.08989145241333091,True
PARTIAL_FT,P2,S2,0,A,0,43,3e-05,0.0001,20,4284831778,35,1400,0.35571254142682707,0.24899930986887506,0.25,0.25,0.0,0.25|0.25|0.5|0.5|0.0|0.25|0.0,0.17578475070321925,True
PARTIAL_FT,P2,S2,0,A,0,43,0.0001,0.0,5,2303833332,35,1400,0.35571254142682707,0.24899930986887506,0.25,0.25,0.0,0.25|0.25|0.5|0.5|0.0|0.25|0.0,0.14574549108196602,True
PARTIAL_FT,P2,S2,0,A,0,43,0.0001,0.0,10,2303833332,35,1400,0.35623582766439904,0.24899930986887506,0.25,0.25,0.0,0.25|0.25|0.5|0.5|0.0|0.25|0.0,0.2835631276724561,True
PARTIAL_FT,P2,S2,0,A,0,43,0.0001,0.0,20,2303833332,35,1400,0.4619047619047619,0.24899930986887506,0.25,0.25,0.0,0.25|0.25|0.5|0.5|0.0|0.25|0.0,0.5400993112973715,True
PARTIAL_FT,P2,S2,0,A,0,43,0.0001,0.0001,5,140697625,35,1400,0.35571254142682707,0.24899930986887506,0.25,0.25,0.0,0.25|0.25|0.5|0.5|0.0|0.25|0.0,0.14574549108196602,True
PARTIAL_FT,P2,S2,0,A,0,43,0.0001,0.0001,10,140697625,35,1400,0.35623582766439904,0.24899930986887506,0.25,0.25,0.0,0.25|0.25|0.5|0.5|0.0|0.25|0.0,0.2835631276724561,True
PARTIAL_FT,P2,S2,0,A,0,43,0.0001,0.0001,20,140697625,35,1400,0.4619047619047619,0.24899930986887506,0.25,0.25,0.0,0.25|0.25|0.5|0.5|0.0|0.25|0.0,0.5400993112973715,True
PARTIAL_FT,P2,S2,0,A,0,43,0.0003,0.0,5,2844069655,35,1400,0.3752136752136752,0.24984950084013144,0.2507142857142857,0.2507142857142857,0.0,0.25|0.25|0.5|0.5|0.005|0.25|0.0,0.364517772565065,True
PARTIAL_FT,P2,S2,0,A,0,43,0.0003,0.0,10,2844069655,35,1400,0.48004535147392285,0.28324577492086694,0.2857142857142857,0.2857142857142857,0.0,0.25|0.25|0.5|0.5|0.25|0.25|0.0,0.673649631403926,True
PARTIAL_FT,P2,S2,0,A,0,43,0.0003,0.0,20,2844069655,35,1400,0.5545918367346938,0.2921040007936595,0.2835714285714286,0.28357142857142853,0.0,0.25|0.25|0.485|0.5|0.25|0.25|0.0,1.245763385019602,True
PARTIAL_FT,P2,S2,0,A,0,43,0.0003,0.0001,5,326793002,35,1400,0.3752136752136752,0.24984950084013144,0.2507142857142857,0.2507142857142857,0.0,0.25|0.25|0.5|0.5|0.005|0.25|0.0,0.36451758242127635,True
PARTIAL_FT,P2,S2,0,A,0,43,0.0003,0.0001,10,326793002,35,1400,0.48004535147392285,0.28324577492086694,0.2857142857142857,0.2857142857142857,0.0,0.25|0.25|0.5|0.5|0.25|0.25|0.0,0.673649036063348,True
PARTIAL_FT,P2,S2,0,A,0,43,0.0003,0.0001,20,326793002,35,1400,0.5545918367346938,0.2921040007936595,0.2835714285714286,0.28357142857142853,0.0,0.25|0.25|0.485|0.5|0.25|0.25|0.0,1.2457534723792552,True
FULL_FT,P2,S2,0,A,0,43,1e-05,0.0,5,484432546,35,1400,0.35571254142682707,0.24754573698673074,0.25,0.25,0.0,0.25|0.25|0.5|0.5|0.0|0.25|0.0,0.018166917287323694,True
FULL_FT,P2,S2,0,A,0,43,1e-05,0.0,10,484432546,35,1400,0.35571254142682707,0.24888368475324998,0.25,0.25,0.0,0.25|0.25|0.5|0.5|0.0|0.25|0.0,0.035889979837493896,True
FULL_FT,P2,S2,0,A,0,43,1e-05,0.0,20,484432546,35,1400,0.35571254142682707,0.24899930986887506,0.25,0.25,0.0,0.25|0.25|0.5|0.5|0.0|0.25|0.0,0.07064907034680831,True
FULL_FT,P2,S2,0,A,0,43,1e-05,0.0001,5,3663674019,35,1400,0.35571254142682707,0.24754573698673074,0.25,0.25,0.0,0.25|0.25|0.5|0.5|0.0|0.25|0.0,0.018166917287323694,True
FULL_FT,P2,S2,0,A,0,43,1e-05,0.0001,10,3663674019,35,1400,0.35571254142682707,0.24888368475324998,0.25,0.25,0.0,0.25|0.25|0.5|0.5|0.0|0.25|0.0,0.035889979837493896,True
FULL_FT,P2,S2,0,A,0,43,1e-05,0.0001,20,3663674019,35,1400,0.35571254142682707,0.24899930986887506,0.25,0.25,0.0,0.25|0.25|0.5|0.5|0.0|0.25|0.0,0.07064907034680831,True
FULL_FT,P2,S2,0,A,0,43,3e-05,0.0,5,161681219,35,1400,0.35571254142682707,0.24899930986887506,0.25,0.25,0.0,0.25|0.25|0.5|0.5|0.0|0.25|0.0,0.052786159795666546,True
FULL_FT,P2,S2,0,A,0,43,3e-05,0.0,10,161681219,35,1400,0.35571254142682707,0.24899930986887506,0.25,0.25,0.0,0.25|0.25|0.5|0.5|0.0|0.25|0.0,0.1037828551685137,True
FULL_FT,P2,S2,0,A,0,43,3e-05,0.0,20,161681219,35,1400,0.3933066933066934,0.24923188153001816,0.25,0.25,0.0,0.25|0.25|0.5|0.5|0.0|0.25|0.0,0.2015861171532488,True
FULL_FT,P2,S2,0,A,0,43,3e-05,0.0001,5,901019865,35,1400,0.35571254142682707,0.24899930986887506,0.25,0.25,0.0,0.25|0.25|0.5|0.5|0.0|0.25|0.0,0.052786159795666546,True
FULL_FT,P2,S2,0,A,0,43,3e-05,0.0001,10,901019865,35,1400,0.35571254142682707,0.24899930986887506,0.25,0.25,0.0,0.25|0.25|0.5|0.5|0.0|0.25|0.0,0.1037828551685137,True
FULL_FT,P2,S2,0,A,0,43,3e-05,0.0001,20,901019865,35,1400,0.3933066933066934,0.24923188153001816,0.25,0.25,0.0,0.25|0.25|0.5|0.5|0.0|0.25|0.0,0.2015861171532488,True
FULL_FT,P2,S2,0,A,0,43,0.0001,0.0,5,3677080937,35,1400,0.35623582766439904,0.24923188153001816,0.25,0.25,0.0,0.25|0.25|0.5|0.5|0.0|0.25|0.0,0.1501279953568531,True
FULL_FT,P2,S2,0,A,0,43,0.0001,0.0,10,3677080937,35,1400,0.43650793650793657,0.2628373237068889,0.25,0.25,0.0,0.25|0.25|0.5|0.5|0.0|0.25|0.0,0.2860542920882322,True
FULL_FT,P2,S2,0,A,0,43,0.0001,0.0,20,3677080937,35,1400,0.5240929705215419,0.3013441595559175,0.2857142857142857,0.2857142857142857,0.0,0.25|0.25|0.5|0.5|0.25|0.25|0.0,0.5435342616940636,True
FULL_FT,P2,S2,0,A,0,43,0.0001,0.0001,5,1816947663,35,1400,0.35623582766439904,0.24923188153001816,0.25,0.25,0.0,0.25|0.25|0.5|0.5|0.0|0.25|0.0,0.1501279953568531,True
FULL_FT,P2,S2,0,A,0,43,0.0001,0.0001,10,1816947663,35,1400,0.43650793650793657,0.2628373237068889,0.25,0.25,0.0,0.25|0.25|0.5|0.5|0.0|0.25|0.0,0.2860542920882322,True
FULL_FT,P2,S2,0,A,0,43,0.0001,0.0001,20,1816947663,35,1400,0.5240929705215419,0.3013441595559175,0.2857142857142857,0.2857142857142857,0.0,0.25|0.25|0.5|0.5|0.25|0.25|0.0,0.5435342616940636,True
FULL_FT,P2,S2,0,A,0,43,0.0003,0.0,5,4075240391,35,1400,0.46895424836601307,0.17095190200175728,0.21214285714285713,0.21214285714285713,0.0,0.0|0.0|0.235|0.75|0.25|0.0|0.25,0.27354309920277303,True
FULL_FT,P2,S2,0,A,0,43,0.0003,0.0,10,4075240391,35,1400,0.5135531135531136,0.2555598458559579,0.2392857142857143,0.2392857142857143,0.0,0.25|0.25|0.47|0.455|0.0|0.25|0.0,0.42595552671574904,True
FULL_FT,P2,S2,0,A,0,43,0.0003,0.0,20,4075240391,35,1400,0.5760465724751439,0.2655745699971999,0.24785714285714286,0.24785714285714283,0.0,0.25|0.25|0.485|0.5|0.0|0.25|0.0,0.7194773342709045,True
FULL_FT,P2,S2,0,A,0,43,0.0003,0.0001,5,2162341835,35,1400,0.46895424836601307,0.17095190200175728,0.21214285714285713,0.21214285714285713,0.0,0.0|0.0|0.235|0.75|0.25|0.0|0.25,0.2735327868870132,True
FULL_FT,P2,S2,0,A,0,43,0.0003,0.0001,10,2162341835,35,1400,0.5135531135531136,0.25836334232304614,0.24142857142857144,0.2414285714285714,0.0,0.25|0.25|0.47|0.47|0.0|0.25|0.0,0.4259573532532787,True
FULL_FT,P2,S2,0,A,0,43,0.0003,0.0001,20,2162341835,35,1400,0.5760465724751439,0.2655745699971999,0.24785714285714286,0.24785714285714283,0.0,0.25|0.25|0.485|0.5|0.0|0.25|0.0,0.7194686099385342,True
PARTIAL_FT,P2,S2,0,A,0,44,1e-05,0.0,5,2828623217,35,1400,0.39133089133089133,0.15354987065248635,0.1407142857142857,0.1407142857142857,0.0,0.0|0.25|0.235|0.25|0.0|0.0|0.25,0.015376329202036678,True
PARTIAL_FT,P2,S2,0,A,0,44,1e-05,0.0,10,2828623217,35,1400,0.39133089133089133,0.15424758563591562,0.14142857142857143,0.14142857142857143,0.0,0.0|0.25|0.235|0.255|0.0|0.0|0.25,0.030301507628635028,True
PARTIAL_FT,P2,S2,0,A,0,44,1e-05,0.0,20,2828623217,35,1400,0.39133089133089133,0.15424758563591562,0.14142857142857143,0.14142857142857143,0.0,0.0|0.25|0.235|0.255|0.0|0.0|0.25,0.0596565605129097,True
PARTIAL_FT,P2,S2,0,A,0,44,1e-05,0.0001,5,2131247247,35,1400,0.39133089133089133,0.15354987065248635,0.1407142857142857,0.1407142857142857,0.0,0.0|0.25|0.235|0.25|0.0|0.0|0.25,0.015376329202036678,True
PARTIAL_FT,P2,S2,0,A,0,44,1e-05,0.0001,10,2131247247,35,1400,0.39133089133089133,0.15424758563591562,0.14142857142857143,0.14142857142857143,0.0,0.0|0.25|0.235|0.255|0.0|0.0|0.25,0.030301507628635028,True
PARTIAL_FT,P2,S2,0,A,0,44,1e-05,0.0001,20,2131247247,35,1400,0.39133089133089133,0.15424758563591562,0.14142857142857143,0.14142857142857143,0.0,0.0|0.25|0.235|0.255|0.0|0.0|0.25,0.0596565605129097,True
PARTIAL_FT,P2,S2,0,A,0,44,3e-05,0.0,5,168345721,35,1400,0.39133089133089133,0.15424758563591562,0.14142857142857143,0.14142857142857143,0.0,0.0|0.25|0.235|0.255|0.0|0.0|0.25,0.044799086522919154,True
PARTIAL_FT,P2,S2,0,A,0,44,3e-05,0.0,10,168345721,35,1400,0.39133089133089133,0.15424758563591562,0.14142857142857143,0.14142857142857143,0.0,0.0|0.25|0.235|0.255|0.0|0.0|0.25,0.08809098420980735,True
PARTIAL_FT,P2,S2,0,A,0,44,3e-05,0.0,20,168345721,35,1400,0.39133089133089133,0.15424758563591562,0.14142857142857143,0.14142857142857143,0.0,0.0|0.25|0.235|0.255|0.0|0.0|0.25,0.17264468017801868,True
PARTIAL_FT,P2,S2,0,A,0,44,3e-05,0.0001,5,768969508,35,1400,0.39133089133089133,0.15424758563591562,0.14142857142857143,0.14142857142857143,0.0,0.0|0.25|0.235|0.255|0.0|0.0|0.25,0.044799086522919154,True
PARTIAL_FT,P2,S2,0,A,0,44,3e-05,0.0001,10,768969508,35,1400,0.39133089133089133,0.15424758563591562,0.14142857142857143,0.14142857142857143,0.0,0.0|0.25|0.235|0.255|0.0|0.0|0.25,0.08809098420980735,True
PARTIAL_FT,P2,S2,0,A,0,44,3e-05,0.0001,20,768969508,35,1400,0.39133089133089133,0.15424758563591562,0.14142857142857143,0.14142857142857143,0.0,0.0|0.25|0.235|0.255|0.0|0.0|0.25,0.17264468017801868,True
PARTIAL_FT,P2,S2,0,A,0,44,0.0001,0.0,5,2273904367,35,1400,0.39133089133089133,0.15424758563591562,0.14142857142857143,0.14142857142857143,0.0,0.0|0.25|0.235|0.255|0.0|0.0|0.25,0.14091812299500533,True
PARTIAL_FT,P2,S2,0,A,0,44,0.0001,0.0,10,2273904367,35,1400,0.41352298495155637,0.15424758563591562,0.14142857142857143,0.14142857142857143,0.0,0.0|0.25|0.235|0.255|0.0|0.0|0.25,0.2750799717261522,True
PARTIAL_FT,P2,S2,0,A,0,44,0.0001,0.0,20,2273904367,35,1400,0.44353741496598637,0.17917637917637919,0.1792857142857143,0.17928571428571427,0.0,0.0|0.25|0.5|0.255|0.0|0.0|0.25,0.5223816209819581,True
PARTIAL_FT,P2,S2,0,A,0,44,0.0001,0.0001,5,3359826542,35,1400,0.39133089133089133,0.15424758563591562,0.14142857142857143,0.14142857142857143,0.0,0.0|0.25|0.235|0.255|0.0|0.0|0.25,0.14091812299500533,True
PARTIAL_FT,P2,S2,0,A,0,44,0.0001,0.0001,10,3359826542,35,1400,0.41352298495155637,0.15424758563591562,0.14142857142857143,0.14142857142857143,0.0,0.0|0.25|0.235|0.255|0.0|0.0|0.25,0.2750799717261522,True
PARTIAL_FT,P2,S2,0,A,0,44,0.0001,0.0001,20,3359826542,35,1400,0.44353741496598637,0.17917637917637919,0.1792857142857143,0.17928571428571427,0.0,0.0|0.25|0.5|0.255|0.0|0.0|0.25,0.5223816209819581,True
PARTIAL_FT,P2,S2,0,A,0,44,0.0003,0.0,5,2615144495,35,1400,0.39133089133089133,0.182994728044233,0.18142857142857144,0.18142857142857144,0.0,0.0|0.25|0.5|0.27|0.0|0.0|0.25,0.33736850490168857,True
PARTIAL_FT,P2,S2,0,A,0,44,0.0003,0.0,10,2615144495,35,1400,0.4411564625850341,0.17917637917637919,0.1792857142857143,0.17928571428571427,0.0,0.0|0.25|0.5|0.255|0.0|0.0|0.25,0.6190732972819009,True
PARTIAL_FT,P2,S2,0,A,0,44,0.0003,0.0,20,2615144495,35,1400,0.5876028733171591,0.20909090909090908,0.21428571428571427,0.21428571428571427,0.0,0.0|0.25|0.5|0.5|0.0|0.0|0.25,1.1344429271713954,True
PARTIAL_FT,P2,S2,0,A,0,44,0.0003,0.0001,5,3455485272,35,1400,0.39133089133089133,0.18360590027256693,0.18214285714285713,0.18214285714285713,0.0,0.0|0.25|0.5|0.275|0.0|0.0|0.25,0.3373825595171447,True
PARTIAL_FT,P2,S2,0,A,0,44,0.0003,0.0001,10,3455485272,35,1400,0.4411564625850341,0.17917637917637919,0.1792857142857143,0.17928571428571427,0.0,0.0|0.25|0.5|0.255|0.0|0.0|0.25,0.6190976566922979,True
PARTIAL_FT,P2,S2,0,A,0,44,0.0003,0.0001,20,3455485272,35,1400,0.5876028733171591,0.20909090909090908,0.21428571428571427,0.21428571428571427,0.0,0.0|0.25|0.5|0.5|0.0|0.0|0.25,1.1346089538912802,True
FULL_FT,P2,S2,0,A,0,44,1e-05,0.0,5,3248094868,35,1400,0.39133089133089133,0.15354987065248635,0.1407142857142857,0.1407142857142857,0.0,0.0|0.25|0.235|0.25|0.0|0.0|0.25,0.017572550137832713,True
FULL_FT,P2,S2,0,A,0,44,1e-05,0.0,10,3248094868,35,1400,0.39133089133089133,0.15354987065248635,0.1407142857142857,0.1407142857142857,0.0,0.0|0.25|0.235|0.25|0.0|0.0|0.25,0.03469437822337915,True
FULL_FT,P2,S2,0,A,0,44,1e-05,0.0,20,3248094868,35,1400,0.39133089133089133,0.15354987065248635,0.1407142857142857,0.1407142857142857,0.0,0.0|0.25|0.235|0.25|0.0|0.0|0.25,0.06895714824206077,True
FULL_FT,P2,S2,0,A,0,44,1e-05,0.0001,5,1985075182,35,1400,0.39133089133089133,0.15354987065248635,0.1407142857142857,0.1407142857142857,0.0,0.0|0.25|0.235|0.25|0.0|0.0|0.25,0.017572550137832713,True
FULL_FT,P2,S2,0,A,0,44,1e-05,0.0001,10,1985075182,35,1400,0.39133089133089133,0.15354987065248635,0.1407142857142857,0.1407142857142857,0.0,0.0|0.25|0.235|0.25|0.0|0.0|0.25,0.03469437822337915,True
FULL_FT,P2,S2,0,A,0,44,1e-05,0.0001,20,1985075182,35,1400,0.39133089133089133,0.15354987065248635,0.1407142857142857,0.1407142857142857,0.0,0.0|0.25|0.235|0.25|0.0|0.0|0.25,0.06895714824206077,True
FULL_FT,P2,S2,0,A,0,44,3e-05,0.0,5,1751431924,35,1400,0.39133089133089133,0.15354987065248635,0.1407142857142857,0.1407142857142857,0.0,0.0|0.25|0.235|0.25|0.0|0.0|0.25,0.049762824970391875,True
FULL_FT,P2,S2,0,A,0,44,3e-05,0.0,10,1751431924,35,1400,0.39133089133089133,0.15354987065248635,0.1407142857142857,0.1407142857142857,0.0,0.0|0.25|0.235|0.25|0.0|0.0|0.25,0.0988663510656783,True
FULL_FT,P2,S2,0,A,0,44,3e-05,0.0,20,1751431924,35,1400,0.41352298495155637,0.15424758563591562,0.14142857142857143,0.14142857142857143,0.0,0.0|0.25|0.235|0.255|0.0|0.0|0.25,0.19376317626294737,True
FULL_FT,P2,S2,0,A,0,44,3e-05,0.0001,5,741800927,35,1400,0.39133089133089133,0.15354987065248635,0.1407142857142857,0.1407142857142857,0.0,0.0|0.25|0.235|0.25|0.0|0.0|0.25,0.049762824970391875,True
FULL_FT,P2,S2,0,A,0,44,3e-05,0.0001,10,741800927,35,1400,0.39133089133089133,0.15354987065248635,0.1407142857142857,0.1407142857142857,0.0,0.0|0.25|0.235|0.25|0.0|0.0|0.25,0.0988663510656783,True
FULL_FT,P2,S2,0,A,0,44,3e-05,0.0001,20,741800927,35,1400,0.41352298495155637,0.15424758563591562,0.14142857142857143,0.14142857142857143,0.0,0.0|0.25|0.235|0.255|0.0|0.0|0.25,0.19376317626294737,True
FULL_FT,P2,S2,0,A,0,44,0.0001,0.0,5,2195844428,35,1400,0.39133089133089133,0.1457443532959441,0.14142857142857143,0.14142857142857143,0.0,0.0|0.25|0.235|0.255|0.0|0.0|0.25,0.12751415630687218,True
FULL_FT,P2,S2,0,A,0,44,0.0001,0.0,10,2195844428,35,1400,0.41352298495155637,0.1518884768547885,0.14142857142857143,0.14142857142857143,0.0,0.0|0.25|0.235|0.255|0.0|0.0|0.25,0.24076238922191256,True
FULL_FT,P2,S2,0,A,0,44,0.0001,0.0,20,2195844428,35,1400,0.5190214547357405,0.18235098235098235,0.1792857142857143,0.17928571428571427,0.0,0.0|0.25|0.5|0.255|0.0|0.0|0.25,0.45267598434734874,True
FULL_FT,P2,S2,0,A,0,44,0.0001,0.0001,5,1960918227,35,1400,0.39133089133089133,0.1457443532959441,0.14142857142857143,0.14142857142857143,0.0,0.0|0.25|0.235|0.255|0.0|0.0|0.25,0.12751415630687218,True
FULL_FT,P2,S2,0,A,0,44,0.0001,0.0001,10,1960918227,35,1400,0.41352298495155637,0.1518884768547885,0.14142857142857143,0.14142857142857143,0.0,0.0|0.25|0.235|0.255|0.0|0.0|0.25,0.24076238922191256,True
FULL_FT,P2,S2,0,A,0,44,0.0001,0.0001,20,1960918227,35,1400,0.5190214547357405,0.18235098235098235,0.1792857142857143,0.17928571428571427,0.0,0.0|0.25|0.5|0.255|0.0|0.0|0.25,0.45267598434734874,True
FULL_FT,P2,S2,0,A,0,44,0.0003,0.0,5,169131765,35,1400,0.3868686868686869,0.1357142857142857,0.17857142857142858,0.17857142857142858,0.0,0.0|0.25|0.25|0.75|0.0|0.0|0.0,0.23410714744347114,True
FULL_FT,P2,S2,0,A,0,44,0.0003,0.0,10,169131765,35,1400,0.442768016297428,0.0654985398414685,0.07142857142857142,0.07142857142857142,0.0,0.0|0.0|0.0|0.25|0.0|0.0|0.25,0.3684559814000873,True
FULL_FT,P2,S2,0,A,0,44,0.0003,0.0,20,169131765,35,1400,0.49016697588126157,0.2381296444419368,0.2357142857142857,0.2357142857142857,0.0,0.15|0.25|0.5|0.5|0.0|0.0|0.25,0.6326165421901406,True
FULL_FT,P2,S2,0,A,0,44,0.0003,0.0001,5,1614699473,35,1400,0.3868686868686869,0.1357142857142857,0.17857142857142858,0.17857142857142858,0.0,0.0|0.25|0.25|0.75|0.0|0.0|0.0,0.2341069839064187,True
FULL_FT,P2,S2,0,A,0,44,0.0003,0.0001,10,1614699473,35,1400,0.442768016297428,0.0654985398414685,0.07142857142857142,0.07142857142857142,0.0,0.0|0.0|0.0|0.25|0.0|0.0|0.25,0.36845859803208636,True
FULL_FT,P2,S2,0,A,0,44,0.0003,0.0001,20,1614699473,35,1400,0.49016697588126157,0.2394661823233252,0.23714285714285716,0.23714285714285716,0.0,0.16|0.25|0.5|0.5|0.0|0.0|0.25,0.6325956737639735,True
PARTIAL_FT,P2,S2,0,A,0,45,1e-05,0.0,5,2375992609,35,1400,0.3262650048364334,0.1339973666033281,0.14,0.13999999999999999,0.0,0.0|0.0|0.485|0.245|0.25|0.0|0.0,0.01533142890596018,True
PARTIAL_FT,P2,S2,0,A,0,45,1e-05,0.0,10,2375992609,35,1400,0.3262650048364334,0.1339973666033281,0.14,0.13999999999999999,0.0,0.0|0.0|0.485|0.245|0.25|0.0|0.0,0.03015294352098249,True
PARTIAL_FT,P2,S2,0,A,0,45,1e-05,0.0,20,2375992609,35,1400,0.3262650048364334,0.1339973666033281,0.14,0.13999999999999999,0.0,0.0|0.0|0.485|0.245|0.25|0.0|0.0,0.059294839382584466,True
PARTIAL_FT,P2,S2,0,A,0,45,1e-05,0.0001,5,3657475319,35,1400,0.3262650048364334,0.1339973666033281,0.14,0.13999999999999999,0.0,0.0|0.0|0.485|0.245|0.25|0.0|0.0,0.01533142890596018,True
PARTIAL_FT,P2,S2,0,A,0,45,1e-05,0.0001,10,3657475319,35,1400,0.3262650048364334,0.1339973666033281,0.14,0.13999999999999999,0.0,0.0|0.0|0.485|0.245|0.25|0.0|0.0,0.03015294352098249,True
PARTIAL_FT,P2,S2,0,A,0,45,1e-05,0.0001,20,3657475319,35,1400,0.3262650048364334,0.1339973666033281,0.14,0.13999999999999999,0.0,0.0|0.0|0.485|0.245|0.25|0.0|0.0,0.059294839382584466,True
PARTIAL_FT,P2,S2,0,A,0,45,3e-05,0.0,5,2820018068,35,1400,0.3262650048364334,0.1339973666033281,0.14,0.13999999999999999,0.0,0.0|0.0|0.485|0.245|0.25|0.0|0.0,0.04440573201192419,True
PARTIAL_FT,P2,S2,0,A,0,45,3e-05,0.0,10,2820018068,35,1400,0.3262650048364334,0.1339973666033281,0.14,0.13999999999999999,0.0,0.0|0.0|0.485|0.245|0.25|0.0|0.0,0.08724674590840753,True
PARTIAL_FT,P2,S2,0,A,0,45,3e-05,0.0,20,2820018068,35,1400,0.3262650048364334,0.1339973666033281,0.14,0.13999999999999999,0.0,0.0|0.0|0.485|0.245|0.25|0.0|0.0,0.1715041965797976,True
PARTIAL_FT,P2,S2,0,A,0,45,3e-05,0.0001,5,3197737431,35,1400,0.3262650048364334,0.1339973666033281,0.14,0.13999999999999999,0.0,0.0|0.0|0.485|0.245|0.25|0.0|0.0,0.04440573201192419,True
PARTIAL_FT,P2,S2,0,A,0,45,3e-05,0.0001,10,3197737431,35,1400,0.3262650048364334,0.1339973666033281,0.14,0.13999999999999999,0.0,0.0|0.0|0.485|0.245|0.25|0.0|0.0,0.08724674590840753,True
PARTIAL_FT,P2,S2,0,A,0,45,3e-05,0.0001,20,3197737431,35,1400,0.3262650048364334,0.1339973666033281,0.14,0.13999999999999999,0.0,0.0|0.0|0.485|0.245|0.25|0.0|0.0,0.1715041965797976,True
PARTIAL_FT,P2,S2,0,A,0,45,0.0001,0.0,5,4088733383,35,1400,0.3262650048364334,0.16267656735325955,0.155,0.155,0.0,0.0|0.105|0.485|0.245|0.25|0.0|0.0,0.13843684394089265,True
PARTIAL_FT,P2,S2,0,A,0,45,0.0001,0.0,10,4088733383,35,1400,0.36272061272061273,0.19504754215356224,0.1757142857142857,0.1757142857142857,0.0,0.0|0.25|0.485|0.245|0.25|0.0|0.0,0.27135005926301564,True
PARTIAL_FT,P2,S2,0,A,0,45,0.0001,0.0,20,4088733383,35,1400,0.46009546009546004,0.19504754215356224,0.1757142857142857,0.1757142857142857,0.0,0.0|0.25|0.485|0.245|0.25|0.0|0.0,0.5180339907581918,True
PARTIAL_FT,P2,S2,0,A,0,45,0.0001,0.0001,5,2587607867,35,1400,0.3262650048364334,0.16267656735325955,0.155,0.155,0.0,0.0|0.105|0.485|0.245|0.25|0.0|0.0,0.13843684394089265,True
PARTIAL_FT,P2,S2,0,A,0,45,0.0001,0.0001,10,2587607867,35,1400,0.36272061272061273,0.19504754215356224,0.1757142857142857,0.1757142857142857,0.0,0.0|0.25|0.485|0.245|0.25|0.0|0.0,0.27135005926301564,True
PARTIAL_FT,P2,S2,0,A,0,45,0.0001,0.0001,20,2587607867,35,1400,0.46009546009546004,0.19504754215356224,0.1757142857142857,0.1757142857142857,0.0,0.0|0.25|0.485|0.245|0.25|0.0|0.0,0.5180339907581918,True
PARTIAL_FT,P2,S2,0,A,0,45,0.0003,0.0,5,234544365,35,1400,0.40240315240315244,0.13248578791054133,0.13785714285714284,0.13785714285714284,0.0,0.0|0.0|0.47|0.245|0.25|0.0|0.0,0.3286962016398281,True
PARTIAL_FT,P2,S2,0,A,0,45,0.0003,0.0,10,234544365,35,1400,0.48155019583591013,0.2215912905088395,0.2092857142857143,0.20928571428571427,0.0,0.25|0.25|0.47|0.245|0.25|0.0|0.0,0.6085630558390167,True
PARTIAL_FT,P2,S2,0,A,0,45,0.0003,0.0,20,234544365,35,1400,0.5828100470957613,0.21805446093185665,0.2092857142857143,0.20928571428571427,0.0,0.25|0.25|0.47|0.245|0.25|0.0|0.0,1.11874303357515,True
PARTIAL_FT,P2,S2,0,A,0,45,0.0003,0.0001,5,3282465992,35,1400,0.40240315240315244,0.13248578791054133,0.13785714285714284,0.13785714285714284,0.0,0.0|0.0|0.47|0.245|0.25|0.0|0.0,0.32869601908572854,True
PARTIAL_FT,P2,S2,0,A,0,45,0.0003,0.0001,10,3282465992,35,1400,0.48155019583591013,0.2215912905088395,0.2092857142857143,0.20928571428571427,0.0,0.25|0.25|0.47|0.245|0.25|0.0|0.0,0.6085624633490068,True
PARTIAL_FT,P2,S2,0,A,0,45,0.0003,0.0001,20,3282465992,35,1400,0.5828100470957613,0.21805446093185665,0.2092857142857143,0.20928571428571427,0.0,0.25|0.25|0.47|0.245|0.25|0.0|0.0,1.1187411223211996,True
FULL_FT,P2,S2,0,A,0,45,1e-05,0.0,5,3838660893,35,1400,0.3262650048364334,0.1339973666033281,0.14,0.13999999999999999,0.0,0.0|0.0|0.485|0.245|0.25|0.0|0.0,0.017504334407957907,True
FULL_FT,P2,S2,0,A,0,45,1e-05,0.0,10,3838660893,35,1400,0.3262650048364334,0.1339973666033281,0.14,0.13999999999999999,0.0,0.0|0.0|0.485|0.245|0.25|0.0|0.0,0.03434012476238859,True
FULL_FT,P2,S2,0,A,0,45,1e-05,0.0,20,3838660893,35,1400,0.3262650048364334,0.1339973666033281,0.14,0.13999999999999999,0.0,0.0|0.0|0.485|0.245|0.25|0.0|0.0,0.06817497762702103,True
FULL_FT,P2,S2,0,A,0,45,1e-05,0.0001,5,1472307094,35,1400,0.3262650048364334,0.1339973666033281,0.14,0.13999999999999999,0.0,0.0|0.0|0.485|0.245|0.25|0.0|0.0,0.017504334407957907,True
FULL_FT,P2,S2,0,A,0,45,1e-05,0.0001,10,1472307094,35,1400,0.3262650048364334,0.1339973666033281,0.14,0.13999999999999999,0.0,0.0|0.0|0.485|0.245|0.25|0.0|0.0,0.03434012476238859,True
FULL_FT,P2,S2,0,A,0,45,1e-05,0.0001,20,1472307094,35,1400,0.3262650048364334,0.1339973666033281,0.14,0.13999999999999999,0.0,0.0|0.0|0.485|0.245|0.25|0.0|0.0,0.06817497762702103,True
FULL_FT,P2,S2,0,A,0,45,3e-05,0.0,5,3257065337,35,1400,0.3262650048364334,0.1339973666033281,0.14,0.13999999999999999,0.0,0.0|0.0|0.485|0.245|0.25|0.0|0.0,0.04883745314450271,True
FULL_FT,P2,S2,0,A,0,45,3e-05,0.0,10,3257065337,35,1400,0.3262650048364334,0.1339973666033281,0.14,0.13999999999999999,0.0,0.0|0.0|0.485|0.245|0.25|0.0|0.0,0.09716559018504228,True
FULL_FT,P2,S2,0,A,0,45,3e-05,0.0,20,3257065337,35,1400,0.43567543567543565,0.16054111495860537,0.17357142857142857,0.17357142857142854,0.0,0.25|0.0|0.47|0.245|0.25|0.0|0.0,0.19173127927437625,True
FULL_FT,P2,S2,0,A,0,45,3e-05,0.0001,5,3805942663,35,1400,0.3262650048364334,0.1339973666033281,0.14,0.13999999999999999,0.0,0.0|0.0|0.485|0.245|0.25|0.0|0.0,0.04883745314450271,True
FULL_FT,P2,S2,0,A,0,45,3e-05,0.0001,10,3805942663,35,1400,0.3262650048364334,0.1339973666033281,0.14,0.13999999999999999,0.0,0.0|0.0|0.485|0.245|0.25|0.0|0.0,0.09716559018504228,True
FULL_FT,P2,S2,0,A,0,45,3e-05,0.0001,20,3805942663,35,1400,0.43567543567543565,0.16054111495860537,0.17357142857142857,0.17357142857142854,0.0,0.25|0.0|0.47|0.245|0.25|0.0|0.0,0.19173127927437625,True
FULL_FT,P2,S2,0,A,0,45,0.0001,0.0,5,2508094950,35,1400,0.3944666444666445,0.16054111495860537,0.17357142857142857,0.17357142857142854,0.0,0.25|0.0|0.47|0.245|0.25|0.0|0.0,0.11925094380669642,True
FULL_FT,P2,S2,0,A,0,45,0.0001,0.0,10,2508094950,35,1400,0.46009546009546004,0.16218506167281252,0.1757142857142857,0.1757142857142857,0.0,0.25|0.0|0.485|0.245|0.25|0.0|0.0,0.22499086743251523,True
FULL_FT,P2,S2,0,A,0,45,0.0001,0.0,20,2508094950,35,1400,0.5480004122861266,0.2152782897346328,0.20714285714285716,0.20714285714285713,0.0,0.25|0.235|0.47|0.245|0.25|0.0|0.0,0.43094214256851615,True
FULL_FT,P2,S2,0,A,0,45,0.0001,0.0001,5,2177417771,35,1400,0.3944666444666445,0.16054111495860537,0.17357142857142857,0.17357142857142854,0.0,0.25|0.0|0.47|0.245|0.25|0.0|0.0,0.11925094380669642,True
FULL_FT,P2,S2,0,A,0,45,0.0001,0.0001,10,2177417771,35,1400,0.46009546009546004,0.16218506167281252,0.1757142857142857,0.1757142857142857,0.0,0.25|0.0|0.485|0.245|0.25|0.0|0.0,0.22499086743251523,True
FULL_FT,P2,S2,0,A,0,45,0.0001,0.0001,20,2177417771,35,1400,0.5480004122861266,0.2152782897346328,0.20714285714285716,0.20714285714285713,0.0,0.25|0.235|0.47|0.245|0.25|0.0|0.0,0.43094214256851615,True
FULL_FT,P2,S2,0,A,0,45,0.0003,0.0,5,434718452,35,1400,0.3802507016792731,0.10417865679700464,0.10642857142857143,0.10642857142857143,0.0,0.25|0.0|0.0|0.245|0.25|0.0|0.0,0.2099262437232269,True
FULL_FT,P2,S2,0,A,0,45,0.0003,0.0,10,434718452,35,1400,0.5156177156177156,0.11825396825396825,0.14285714285714285,0.14285714285714285,0.0,0.25|0.0|0.5|0.0|0.25|0.0|0.0,0.327299500125052,True
FULL_FT,P2,S2,0,A,0,45,0.0003,0.0,20,434718452,35,1400,0.5980004122861265,0.14334613667270935,0.1742857142857143,0.1742857142857143,0.0,0.485|0.0|0.485|0.0|0.25|0.0|0.0,0.565113774836842,True
FULL_FT,P2,S2,0,A,0,45,0.0003,0.0001,5,1999066120,35,1400,0.3802507016792731,0.10417865679700464,0.10642857142857143,0.10642857142857143,0.0,0.25|0.0|0.0|0.245|0.25|0.0|0.0,0.20992611809950404,True
FULL_FT,P2,S2,0,A,0,45,0.0003,0.0001,10,1999066120,35,1400,0.5156177156177156,0.11825396825396825,0.14285714285714285,0.14285714285714285,0.0,0.25|0.0|0.5|0.0|0.25|0.0|0.0,0.3272996059605913,True
FULL_FT,P2,S2,0,A,0,45,0.0003,0.0001,20,1999066120,35,1400,0.5980004122861265,0.14334613667270935,0.1742857142857143,0.1742857142857143,0.0,0.485|0.0|0.485|0.0|0.25|0.0|0.0,0.5651088927330794,True
PARTIAL_FT,P2,S2,0,A,0,46,1e-05,0.0,5,2835059996,35,1400,0.2699023199023199,0.1559878639157719,0.1742857142857143,0.1742857142857143,0.0,0.25|0.0|0.47|0.25|0.0|0.25|0.0,0.015353883546867316,True
PARTIAL_FT,P2,S2,0,A,0,46,1e-05,0.0,10,2835059996,35,1400,0.2699023199023199,0.1559878639157719,0.1742857142857143,0.1742857142857143,0.0,0.25|0.0|0.47|0.25|0.0|0.25|0.0,0.03031298470314473,True
PARTIAL_FT,P2,S2,0,A,0,46,1e-05,0.0,20,2835059996,35,1400,0.2699023199023199,0.1559878639157719,0.1742857142857143,0.1742857142857143,0.0,0.25|0.0|0.47|0.25|0.0|0.25|0.0,0.059835137689696075,True
PARTIAL_FT,P2,S2,0,A,0,46,1e-05,0.0001,5,2800077311,35,1400,0.2699023199023199,0.1559878639157719,0.1742857142857143,0.1742857142857143,0.0,0.25|0.0|0.47|0.25|0.0|0.25|0.0,0.015353883546867316,True
PARTIAL_FT,P2,S2,0,A,0,46,1e-05,0.0001,10,2800077311,35,1400,0.2699023199023199,0.1559878639157719,0.1742857142857143,0.1742857142857143,0.0,0.25|0.0|0.47|0.25|0.0|0.25|0.0,0.03031298470314473,True
PARTIAL_FT,P2,S2,0,A,0,46,1e-05,0.0001,20,2800077311,35,1400,0.2699023199023199,0.1559878639157719,0.1742857142857143,0.1742857142857143,0.0,0.25|0.0|0.47|0.25|0.0|0.25|0.0,0.059835137689696075,True
PARTIAL_FT,P2,S2,0,A,0,46,3e-05,0.0,5,751353108,35,1400,0.2699023199023199,0.1559878639157719,0.1742857142857143,0.1742857142857143,0.0,0.25|0.0|0.47|0.25|0.0|0.25|0.0,0.04477467689654945,True
PARTIAL_FT,P2,S2,0,A,0,46,3e-05,0.0,10,751353108,35,1400,0.2699023199023199,0.1559878639157719,0.1742857142857143,0.1742857142857143,0.0,0.25|0.0|0.47|0.25|0.0|0.25|0.0,0.08835575103142976,True
PARTIAL_FT,P2,S2,0,A,0,46,3e-05,0.0,20,751353108,35,1400,0.3160474446188732,0.1559878639157719,0.1742857142857143,0.1742857142857143,0.0,0.25|0.0|0.47|0.25|0.0|0.25|0.0,0.17306817922759185,True
PARTIAL_FT,P2,S2,0,A,0,46,3e-05,0.0001,5,1541565869,35,1400,0.2699023199023199,0.1559878639157719,0.1742857142857143,0.1742857142857143,0.0,0.25|0.0|0.47|0.25|0.0|0.25|0.0,0.04477467689654945,True
PARTIAL_FT,P2,S2,0,A,0,46,3e-05,0.0001,10,1541565869,35,1400,0.2699023199023199,0.1559878639157719,0.1742857142857143,0.1742857142857143,0.0,0.25|0.0|0.47|0.25|0.0|0.25|0.0,0.08835575103142976,True
PARTIAL_FT,P2,S2,0,A,0,46,3e-05,0.0001,20,1541565869,35,1400,0.3160474446188732,0.1559878639157719,0.1742857142857143,0.1742857142857143,0.0,0.25|0.0|0.47|0.25|0.0|0.25|0.0,0.17306817922759185,True
PARTIAL_FT,P2,S2,0,A,0,46,0.0001,0.0,5,3254608284,35,1400,0.315934065934066,0.1559878639157719,0.1742857142857143,0.1742857142857143,0.0,0.25|0.0|0.47|0.25|0.0|0.25|0.0,0.14082472404315763,True
PARTIAL_FT,P2,S2,0,A,0,46,0.0001,0.0,10,3254608284,35,1400,0.33977451120308266,0.1559878639157719,0.1742857142857143,0.1742857142857143,0.0,0.25|0.0|0.47|0.25|0.0|0.25|0.0,0.273741617354874,True
PARTIAL_FT,P2,S2,0,A,0,46,0.0001,0.0,20,3254608284,35,1400,0.41076066790352506,0.15589835442776617,0.1742857142857143,0.1742857142857143,0.0,0.25|0.0|0.47|0.25|0.0|0.25|0.0,0.5184678273339751,True
PARTIAL_FT,P2,S2,0,A,0,46,0.0001,0.0001,5,4294920578,35,1400,0.315934065934066,0.1559878639157719,0.1742857142857143,0.1742857142857143,0.0,0.25|0.0|0.47|0.25|0.0|0.25|0.0,0.14082472404315763,True
PARTIAL_FT,P2,S2,0,A,0,46,0.0001,0.0001,10,4294920578,35,1400,0.33977451120308266,0.1559878639157719,0.1742857142857143,0.1742857142857143,0.0,0.25|0.0|0.47|0.25|0.0|0.25|0.0,0.273741617354874,True
PARTIAL_FT,P2,S2,0,A,0,46,0.0001,0.0001,20,4294920578,35,1400,0.41076066790352506,0.15589835442776617,0.1742857142857143,0.1742857142857143,0.0,0.25|0.0|0.47|0.25|0.0|0.25|0.0,0.5184678273339751,True
PARTIAL_FT,P2,S2,0,A,0,46,0.0003,0.0,5,1192713565,35,1400,0.335156906585478,0.15589574465954584,0.1742857142857143,0.1742857142857143,0.0,0.25|0.0|0.47|0.25|0.0|0.25|0.0,0.32418974985393995,True
PARTIAL_FT,P2,S2,0,A,0,46,0.0003,0.0,10,1192713565,35,1400,0.40744176458462167,0.18362180486538218,0.21,0.21,0.0,0.25|0.0|0.47|0.5|0.0|0.25|0.0,0.5884886195652572,True
PARTIAL_FT,P2,S2,0,A,0,46,0.0003,0.0,20,1192713565,35,1400,0.5337146980004123,0.2490241267648426,0.24571428571428572,0.24571428571428572,0.0,0.25|0.25|0.47|0.5|0.0|0.25|0.0,1.071838808252394,True
PARTIAL_FT,P2,S2,0,A,0,46,0.0003,0.0001,5,3909435308,35,1400,0.335156906585478,0.15589574465954584,0.1742857142857143,0.1742857142857143,0.0,0.25|0.0|0.47|0.25|0.0|0.25|0.0,0.3241895838392147,True
PARTIAL_FT,P2,S2,0,A,0,46,0.0003,0.0001,10,3909435308,35,1400,0.40744176458462167,0.18362180486538218,0.21,0.21,0.0,0.25|0.0|0.47|0.5|0.0|0.25|0.0,0.58848808802038,True
PARTIAL_FT,P2,S2,0,A,0,46,0.0003,0.0001,20,3909435308,35,1400,0.5337146980004123,0.2490241267648426,0.24571428571428572,0.24571428571428572,0.0,0.25|0.25|0.47|0.5|0.0|0.25|0.0,1.0718349034552976,True
FULL_FT,P2,S2,0,A,0,46,1e-05,0.0,5,1509386406,35,1400,0.2699023199023199,0.1559878639157719,0.1742857142857143,0.1742857142857143,0.0,0.25|0.0|0.47|0.25|0.0|0.25|0.0,0.01772200140334065,True
FULL_FT,P2,S2,0,A,0,46,1e-05,0.0,10,1509386406,35,1400,0.315934065934066,0.1559878639157719,0.1742857142857143,0.1742857142857143,0.0,0.25|0.0|0.47|0.25|0.0|0.25|0.0,0.03509176518901771,True
FULL_FT,P2,S2,0,A,0,46,1e-05,0.0,20,1509386406,35,1400,0.3160474446188732,0.1559878639157719,0.1742857142857143,0.1742857142857143,0.0,0.25|0.0|0.47|0.25|0.0|0.25|0.0,0.06956360625349967,True
FULL_FT,P2,S2,0,A,0,46,1e-05,0.0001,5,2568159058,35,1400,0.2699023199023199,0.1559878639157719,0.1742857142857143,0.1742857142857143,0.0,0.25|0.0|0.47|0.25|0.0|0.25|0.0,0.01772200140334065,True
FULL_FT,P2,S2,0,A,0,46,1e-05,0.0001,10,2568159058,35,1400,0.315934065934066,0.1559878639157719,0.1742857142857143,0.1742857142857143,0.0,0.25|0.0|0.47|0.25|0.0|0.25|0.0,0.03509176518901771,True
FULL_FT,P2,S2,0,A,0,46,1e-05,0.0001,20,2568159058,35,1400,0.3160474446188732,0.1559878639157719,0.1742857142857143,0.1742857142857143,0.0,0.25|0.0|0.47|0.25|0.0|0.25|0.0,0.06956360625349967,True
FULL_FT,P2,S2,0,A,0,46,3e-05,0.0,5,3701803126,35,1400,0.315934065934066,0.1559878639157719,0.1742857142857143,0.1742857142857143,0.0,0.25|0.0|0.47|0.25|0.0|0.25|0.0,0.05034912264416836,True
FULL_FT,P2,S2,0,A,0,46,3e-05,0.0,10,3701803126,35,1400,0.33977451120308266,0.1559878639157719,0.1742857142857143,0.1742857142857143,0.0,0.25|0.0|0.47|0.25|0.0|0.25|0.0,0.0996798086319621,True
FULL_FT,P2,S2,0,A,0,46,3e-05,0.0,20,3701803126,35,1400,0.36345083487940627,0.1559878639157719,0.1742857142857143,0.1742857142857143,0.0,0.25|0.0|0.47|0.25|0.0|0.25|0.0,0.1951222233706302,True
FULL_FT,P2,S2,0,A,0,46,3e-05,0.0001,5,2821365990,35,1400,0.315934065934066,0.1559878639157719,0.1742857142857143,0.1742857142857143,0.0,0.25|0.0|0.47|0.25|0.0|0.25|0.0,0.05034912264416836,True
FULL_FT,P2,S2,0,A,0,46,3e-05,0.0001,10,2821365990,35,1400,0.33977451120308266,0.1559878639157719,0.1742857142857143,0.1742857142857143,0.0,0.25|0.0|0.47|0.25|0.0|0.25|0.0,0.0996798086319621,True
FULL_FT,P2,S2,0,A,0,46,3e-05,0.0001,20,2821365990,35,1400,0.36345083487940627,0.1559878639157719,0.1742857142857143,0.1742857142857143,0.0,0.25|0.0|0.47|0.25|0.0|0.25|0.0,0.1951222233706302,True
FULL_FT,P2,S2,0,A,0,46,0.0001,0.0,5,2196876202,35,1400,0.3147487433201719,0.1720034475880408,0.1992857142857143,0.1992857142857143,0.0,0.25|0.0|0.47|0.425|0.0|0.25|0.0,0.12276633318630621,True
FULL_FT,P2,S2,0,A,0,46,0.0001,0.0,10,2196876202,35,1400,0.35709052851909995,0.15938264029390667,0.1742857142857143,0.1742857142857143,0.0,0.25|0.0|0.47|0.25|0.0|0.25|0.0,0.22770620573355416,True
FULL_FT,P2,S2,0,A,0,46,0.0001,0.0,20,2196876202,35,1400,0.5568027210884353,0.15652868008747345,0.1742857142857143,0.1742857142857143,0.0,0.25|0.0|0.47|0.25|0.0|0.25|0.0,0.43243675973954254,True
FULL_FT,P2,S2,0,A,0,46,0.0001,0.0001,5,3913244606,35,1400,0.3147487433201719,0.1720034475880408,0.1992857142857143,0.1992857142857143,0.0,0.25|0.0|0.47|0.425|0.0|0.25|0.0,0.12276633318630621,True
FULL_FT,P2,S2,0,A,0,46,0.0001,0.0001,10,3913244606,35,1400,0.35709052851909995,0.15938264029390667,0.1742857142857143,0.1742857142857143,0.0,0.25|0.0|0.47|0.25|0.0|0.25|0.0,0.22770620573355416,True
FULL_FT,P2,S2,0,A,0,46,0.0001,0.0001,20,3913244606,35,1400,0.5568027210884353,0.15652868008747345,0.1742857142857143,0.1742857142857143,0.0,0.25|0.0|0.47|0.25|0.0|0.25|0.0,0.43243675973954254,True
FULL_FT,P2,S2,0,A,0,46,0.0003,0.0,5,2420913552,35,1400,0.3252593271390264,0.15789165789165788,0.21,0.21,0.0,0.25|0.0|0.47|0.75|0.0|0.0|0.0,0.22099104205861062,True
FULL_FT,P2,S2,0,A,0,46,0.0003,0.0,10,2420913552,35,1400,0.33098330241187385,0.22070759127247017,0.26,0.25999999999999995,0.0,0.25|0.0|0.25|0.25|0.5|0.57|0.0,0.3324246879678258,True
FULL_FT,P2,S2,0,A,0,46,0.0003,0.0,20,2420913552,35,1400,0.5420119562976706,0.25599728079212747,0.25,0.25,0.0,0.25|0.25|0.25|0.25|0.5|0.25|0.0,0.5553244033556468,True
FULL_FT,P2,S2,0,A,0,46,0.0003,0.0001,5,2753859477,35,1400,0.3252593271390264,0.15789165789165788,0.21,0.21,0.0,0.25|0.0|0.47|0.75|0.0|0.0|0.0,0.2209909326966724,True
FULL_FT,P2,S2,0,A,0,46,0.0003,0.0001,10,2753859477,35,1400,0.33098330241187385,0.22070759127247017,0.26,0.25999999999999995,0.0,0.25|0.0|0.25|0.25|0.5|0.57|0.0,0.33242092278674795,True
FULL_FT,P2,S2,0,A,0,46,0.0003,0.0001,20,2753859477,35,1400,0.5420119562976706,0.2564124756888431,0.25,0.25,0.0,0.25|0.25|0.25|0.25|0.5|0.25|0.0,0.5553042956402018,True
PARTIAL_FT,P2,S2,4,A,4,42,1e-05,0.0,5,1206665870,35,1400,0.42857142857142855,0.1979855804159765,0.21071428571428572,0.21071428571428572,0.0,0.25|0.0|0.255|0.485|0.0|0.25|0.235,0.015385022612500392,True
PARTIAL_FT,P2,S2,4,A,4,42,1e-05,0.0,10,1206665870,35,1400,0.42857142857142855,0.19649848745468335,0.21071428571428572,0.21071428571428572,0.0,0.25|0.0|0.255|0.485|0.0|0.25|0.235,0.030402384298310197,True
PARTIAL_FT,P2,S2,4,A,4,42,1e-05,0.0,20,1206665870,35,1400,0.42857142857142855,0.19649848745468335,0.21071428571428572,0.21071428571428572,0.0,0.25|0.0|0.255|0.485|0.0|0.25|0.235,0.0600481406979417,True
PARTIAL_FT,P2,S2,4,A,4,42,1e-05,0.0001,5,2781056192,35,1400,0.42857142857142855,0.1979855804159765,0.21071428571428572,0.21071428571428572,0.0,0.25|0.0|0.255|0.485|0.0|0.25|0.235,0.015385022612500392,True
PARTIAL_FT,P2,S2,4,A,4,42,1e-05,0.0001,10,2781056192,35,1400,0.42857142857142855,0.19649848745468335,0.21071428571428572,0.21071428571428572,0.0,0.25|0.0|0.255|0.485|0.0|0.25|0.235,0.030402384298310197,True
PARTIAL_FT,P2,S2,4,A,4,42,1e-05,0.0001,20,2781056192,35,1400,0.42857142857142855,0.19649848745468335,0.21071428571428572,0.21071428571428572,0.0,0.25|0.0|0.255|0.485|0.0|0.25|0.235,0.0600481406979417,True
PARTIAL_FT,P2,S2,4,A,4,42,3e-05,0.0,5,3208506181,35,1400,0.42857142857142855,0.19649848745468335,0.21071428571428572,0.21071428571428572,0.0,0.25|0.0|0.255|0.485|0.0|0.25|0.235,0.04497616617267101,True
PARTIAL_FT,P2,S2,4,A,4,42,3e-05,0.0,10,3208506181,35,1400,0.47717996289424863,0.1966524574096493,0.21071428571428572,0.21071428571428572,0.0,0.25|0.0|0.255|0.485|0.0|0.25|0.235,0.08877848298802267,True
PARTIAL_FT,P2,S2,4,A,4,42,3e-05,0.0,20,3208506181,35,1400,0.47717996289424863,0.19980564522158378,0.21071428571428572,0.21071428571428572,0.0,0.25|0.0|0.255|0.485|0.0|0.25|0.235,0.1743357255992824,True
PARTIAL_FT,P2,S2,4,A,4,42,3e-05,0.0001,5,2614749433,35,1400,0.42857142857142855,0.19649848745468335,0.21071428571428572,0.21071428571428572,0.0,0.25|0.0|0.255|0.485|0.0|0.25|0.235,0.04497616617267101,True
PARTIAL_FT,P2,S2,4,A,4,42,3e-05,0.0001,10,2614749433,35,1400,0.47717996289424863,0.1966524574096493,0.21071428571428572,0.21071428571428572,0.0,0.25|0.0|0.255|0.485|0.0|0.25|0.235,0.08877848298802267,True
PARTIAL_FT,P2,S2,4,A,4,42,3e-05,0.0001,20,2614749433,35,1400,0.47717996289424863,0.19980564522158378,0.21071428571428572,0.21071428571428572,0.0,0.25|0.0|0.255|0.485|0.0|0.25|0.235,0.1743357255992824,True
PARTIAL_FT,P2,S2,4,A,4,42,0.0001,0.0,5,1110422648,35,1400,0.47717996289424863,0.1982810291858679,0.21071428571428572,0.21071428571428572,0.0,0.25|0.0|0.255|0.485|0.0|0.25|0.235,0.1413677609854247,True
PARTIAL_FT,P2,S2,4,A,4,42,0.0001,0.0,10,1110422648,35,1400,0.5401154401154401,0.2319754544965105,0.24571428571428572,0.2457142857142857,0.0,0.25|0.0|0.5|0.485|0.0|0.25|0.235,0.27650506667021435,True
PARTIAL_FT,P2,S2,4,A,4,42,0.0001,0.0,20,1110422648,35,1400,0.5953411667697381,0.2240018115783811,0.24357142857142858,0.24357142857142855,0.0,0.25|0.0|0.5|0.485|0.0|0.25|0.22,0.5254217870016711,True
PARTIAL_FT,P2,S2,4,A,4,42,0.0001,0.0001,5,1610349899,35,1400,0.47717996289424863,0.1982810291858679,0.21071428571428572,0.21071428571428572,0.0,0.25|0.0|0.255|0.485|0.0|0.25|0.235,0.1413677609854247,True
PARTIAL_FT,P2,S2,4,A,4,42,0.0001,0.0001,10,1610349899,35,1400,0.5401154401154401,0.2319754544965105,0.24571428571428572,0.2457142857142857,0.0,0.25|0.0|0.5|0.485|0.0|0.25|0.235,0.27650506667021435,True
PARTIAL_FT,P2,S2,4,A,4,42,0.0001,0.0001,20,1610349899,35,1400,0.5953411667697381,0.2240018115783811,0.24357142857142858,0.24357142857142855,0.0,0.25|0.0|0.5|0.485|0.0|0.25|0.22,0.5254217870016711,True
PARTIAL_FT,P2,S2,4,A,4,42,0.0003,0.0,5,4165931103,35,1400,0.5642056356342071,0.22530210390879654,0.24357142857142858,0.24357142857142855,0.0,0.25|0.0|0.5|0.485|0.0|0.25|0.22,0.31790800853524237,True
PARTIAL_FT,P2,S2,4,A,4,42,0.0003,0.0,10,4165931103,35,1400,0.5953411667697381,0.1901401492550809,0.20785714285714285,0.20785714285714282,0.0,0.25|0.0|0.5|0.235|0.0|0.25|0.22,0.5723261228052192,True
PARTIAL_FT,P2,S2,4,A,4,42,0.0003,0.0,20,4165931103,35,1400,0.6262213976499691,0.16281157046783498,0.17214285714285715,0.17214285714285715,0.0,0.0|0.0|0.5|0.235|0.0|0.25|0.22,1.0095335201459272,True
PARTIAL_FT,P2,S2,4,A,4,42,0.0003,0.0001,5,587520621,35,1400,0.5642056356342071,0.22530210390879654,0.24357142857142858,0.24357142857142855,0.0,0.25|0.0|0.5|0.485|0.0|0.25|0.22,0.3179079744107375,True
PARTIAL_FT,P2,S2,4,A,4,42,0.0003,0.0001,10,587520621,35,1400,0.5953411667697381,0.1901401492550809,0.20785714285714285,0.20785714285714282,0.0,0.25|0.0|0.5|0.235|0.0|0.25|0.22,0.5723259185333833,True
PARTIAL_FT,P2,S2,4,A,4,42,0.0003,0.0001,20,587520621,35,1400,0.6262213976499691,0.16281157046783498,0.17214285714285715,0.17214285714285715,0.0,0.0|0.0|0.5|0.235|0.0|0.25|0.22,1.0095320837117139,True
FULL_FT,P2,S2,4,A,4,42,1e-05,0.0,5,126416928,35,1400,0.42857142857142855,0.19649848745468335,0.21071428571428572,0.21071428571428572,0.0,0.25|0.0|0.255|0.485|0.0|0.25|0.235,0.017454493224430833,True
FULL_FT,P2,S2,4,A,4,42,1e-05,0.0,10,126416928,35,1400,0.43116883116883115,0.19649848745468335,0.21071428571428572,0.21071428571428572,0.0,0.25|0.0|0.255|0.485|0.0|0.25|0.235,0.03473507736689934,True
FULL_FT,P2,S2,4,A,4,42,1e-05,0.0,20,126416928,35,1400,0.4797773654916512,0.1982810291858679,0.21071428571428572,0.21071428571428572,0.0,0.25|0.0|0.255|0.485|0.0|0.25|0.235,0.06916435425239371,True
FULL_FT,P2,S2,4,A,4,42,1e-05,0.0001,5,313888140,35,1400,0.42857142857142855,0.19649848745468335,0.21071428571428572,0.21071428571428572,0.0,0.25|0.0|0.255|0.485|0.0|0.25|0.235,0.017454493224430833,True
FULL_FT,P2,S2,4,A,4,42,1e-05,0.0001,10,313888140,35,1400,0.43116883116883115,0.19649848745468335,0.21071428571428572,0.21071428571428572,0.0,0.25|0.0|0.255|0.485|0.0|0.25|0.235,0.03473507736689934,True
FULL_FT,P2,S2,4,A,4,42,1e-05,0.0001,20,313888140,35,1400,0.4797773654916512,0.1982810291858679,0.21071428571428572,0.21071428571428572,0.0,0.25|0.0|0.255|0.485|0.0|0.25|0.235,0.06916435425239371,True
FULL_FT,P2,S2,4,A,4,42,3e-05,0.0,5,482742167,35,1400,0.43116883116883115,0.19649848745468335,0.21071428571428572,0.21071428571428572,0.0,0.25|0.0|0.255|0.485|0.0|0.25|0.235,0.04813130356615728,True
FULL_FT,P2,S2,4,A,4,42,3e-05,0.0,10,482742167,35,1400,0.4797773654916512,0.2041121407268915,0.20857142857142857,0.20857142857142857,0.0,0.25|0.0|0.255|0.485|0.0|0.25|0.22,0.09567975881837514,True
FULL_FT,P2,S2,4,A,4,42,3e-05,0.0,20,482742167,35,1400,0.5685013399299114,0.20069072722470324,0.20857142857142857,0.20857142857142857,0.0,0.25|0.0|0.255|0.485|0.0|0.25|0.22,0.18927877725427258,True
FULL_FT,P2,S2,4,A,4,42,3e-05,0.0001,5,4279729705,35,1400,0.43116883116883115,0.19649848745468335,0.21071428571428572,0.21071428571428572,0.0,0.25|0.0|0.255|0.485|0.0|0.25|0.235,0.04813130356615728,True
FULL_FT,P2,S2,4,A,4,42,3e-05,0.0001,10,4279729705,35,1400,0.4797773654916512,0.2041121407268915,0.20857142857142857,0.20857142857142857,0.0,0.25|0.0|0.255|0.485|0.0|0.25|0.22,0.09567975881837514,True
FULL_FT,P2,S2,4,A,4,42,3e-05,0.0001,20,4279729705,35,1400,0.5685013399299114,0.20069072722470324,0.20857142857142857,0.20857142857142857,0.0,0.25|0.0|0.255|0.485|0.0|0.25|0.22,0.18927877725427258,True
FULL_FT,P2,S2,4,A,4,42,0.0001,0.0,5,22376364,35,1400,0.5194028194028195,0.1964329372184981,0.21071428571428572,0.21071428571428572,0.0,0.25|0.0|0.255|0.485|0.0|0.25|0.235,0.10977654894682318,True
FULL_FT,P2,S2,4,A,4,42,0.0001,0.0,10,22376364,35,1400,0.5526695526695526,0.23068846805608476,0.24357142857142858,0.24357142857142855,0.0,0.25|0.0|0.5|0.485|0.0|0.25|0.22,0.20295167552307167,True
FULL_FT,P2,S2,4,A,4,42,0.0001,0.0,20,22376364,35,1400,0.6294681508967221,0.23753058567215973,0.24357142857142858,0.24357142857142855,0.0,0.25|0.0|0.5|0.485|0.0|0.25|0.22,0.3838304941461861,True
FULL_FT,P2,S2,4,A,4,42,0.0001,0.0001,5,2831748630,35,1400,0.5194028194028195,0.1964329372184981,0.21071428571428572,0.21071428571428572,0.0,0.25|0.0|0.255|0.485|0.0|0.25|0.235,0.10977654894682318,True
FULL_FT,P2,S2,4,A,4,42,0.0001,0.0001,10,2831748630,35,1400,0.5526695526695526,0.23068846805608476,0.24357142857142858,0.24357142857142855,0.0,0.25|0.0|0.5|0.485|0.0|0.25|0.22,0.20295167552307167,True
FULL_FT,P2,S2,4,A,4,42,0.0001,0.0001,20,2831748630,35,1400,0.6294681508967221,0.23753058567215973,0.24357142857142858,0.24357142857142855,0.0,0.25|0.0|0.5|0.485|0.0|0.25|0.22,0.3838304941461861,True
FULL_FT,P2,S2,4,A,4,42,0.0003,0.0,5,3362261268,35,1400,0.25568683613796395,0.2024120891589404,0.20785714285714285,0.20785714285714282,0.0,0.25|0.0|0.25|0.485|0.0|0.25|0.22,0.20767304343975057,True
FULL_FT,P2,S2,4,A,4,42,0.0003,0.0,10,3362261268,35,1400,0.5748917748917749,0.09365480075411729,0.13857142857142857,0.13857142857142857,0.0,0.0|0.0|0.75|0.0|0.0|0.0|0.22,0.3169164945909699,True
FULL_FT,P2,S2,4,A,4,42,0.0003,0.0,20,3362261268,35,1400,0.6051432694289838,0.15813545900354234,0.17285714285714285,0.17285714285714285,0.0,0.25|0.0|0.255|0.485|0.0|0.0|0.22,0.5334845422472382,True
FULL_FT,P2,S2,4,A,4,42,0.0003,0.0001,5,2033540935,35,1400,0.25568683613796395,0.2024120891589404,0.20785714285714285,0.20785714285714282,0.0,0.25|0.0|0.25|0.485|0.0|0.25|0.22,0.20767378899898292,True
FULL_FT,P2,S2,4,A,4,42,0.0003,0.0001,10,2033540935,35,1400,0.5748917748917749,0.09365480075411729,0.13857142857142857,0.13857142857142857,0.0,0.0|0.0|0.75|0.0|0.0|0.0|0.22,0.3169202172852808,True
FULL_FT,P2,S2,4,A,4,42,0.0003,0.0001,20,2033540935,35,1400,0.6051432694289838,0.15813545900354234,0.17285714285714285,0.17285714285714285,0.0,0.25|0.0|0.255|0.485|0.0|0.0|0.22,0.5335247021508361,True
PARTIAL_FT,P2,S2,4,A,4,43,1e-05,0.0,5,4157903734,35,1400,0.3873309230452088,0.2976035979962978,0.355,0.355,0.0,0.25|0.0|0.75|1.0|0.0|0.25|0.235,0.01548836786438384,True
PARTIAL_FT,P2,S2,4,A,4,43,1e-05,0.0,10,4157903734,35,1400,0.3873309230452088,0.2976574199258713,0.355,0.355,0.0,0.25|0.0|0.75|1.0|0.0|0.25|0.235,0.030702117708145446,True
PARTIAL_FT,P2,S2,4,A,4,43,1e-05,0.0,20,4157903734,35,1400,0.41140208997351857,0.2976574199258713,0.355,0.355,0.0,0.25|0.0|0.75|1.0|0.0|0.25|0.235,0.06062120934905929,True
PARTIAL_FT,P2,S2,4,A,4,43,1e-05,0.0001,5,3298362506,35,1400,0.3873309230452088,0.2976035979962978,0.355,0.355,0.0,0.25|0.0|0.75|1.0|0.0|0.25|0.235,0.01548836786438384,True
PARTIAL_FT,P2,S2,4,A,4,43,1e-05,0.0001,10,3298362506,35,1400,0.3873309230452088,0.2976574199258713,0.355,0.355,0.0,0.25|0.0|0.75|1.0|0.0|0.25|0.235,0.030702117708145446,True
PARTIAL_FT,P2,S2,4,A,4,43,1e-05,0.0001,20,3298362506,35,1400,0.41140208997351857,0.2976574199258713,0.355,0.355,0.0,0.25|0.0|0.75|1.0|0.0|0.25|0.235,0.06062120934905929,True
PARTIAL_FT,P2,S2,4,A,4,43,3e-05,0.0,5,1971248672,35,1400,0.3873309230452088,0.2976035979962978,0.355,0.355,0.0,0.25|0.0|0.75|1.0|0.0|0.25|0.235,0.04566754966382319,True
PARTIAL_FT,P2,S2,4,A,4,43,3e-05,0.0,10,1971248672,35,1400,0.41140208997351857,0.2968997140480915,0.355,0.355,0.0,0.25|0.0|0.75|1.0|0.0|0.25|0.235,0.08998701202932889,True
PARTIAL_FT,P2,S2,4,A,4,43,3e-05,0.0,20,1971248672,35,1400,0.41140208997351857,0.29525427196497495,0.355,0.355,0.0,0.25|0.0|0.75|1.0|0.0|0.25|0.235,0.1763659907429246,True
PARTIAL_FT,P2,S2,4,A,4,43,3e-05,0.0001,5,4190232294,35,1400,0.3873309230452088,0.2976035979962978,0.355,0.355,0.0,0.25|0.0|0.75|1.0|0.0|0.25|0.235,0.04566754966382319,True
PARTIAL_FT,P2,S2,4,A,4,43,3e-05,0.0001,10,4190232294,35,1400,0.41140208997351857,0.2968997140480915,0.355,0.355,0.0,0.25|0.0|0.75|1.0|0.0|0.25|0.235,0.08998701202932889,True
PARTIAL_FT,P2,S2,4,A,4,43,3e-05,0.0001,20,4190232294,35,1400,0.41140208997351857,0.29525427196497495,0.355,0.355,0.0,0.25|0.0|0.75|1.0|0.0|0.25|0.235,0.1763659907429246,True
PARTIAL_FT,P2,S2,4,A,4,43,0.0001,0.0,5,367550544,35,1400,0.41140208997351857,0.2956327732812521,0.355,0.355,0.0,0.25|0.0|0.75|1.0|0.0|0.25|0.235,0.14641438359306408,True
PARTIAL_FT,P2,S2,4,A,4,43,0.0001,0.0,10,367550544,35,1400,0.44180819180819186,0.2951328715335534,0.355,0.355,0.0,0.25|0.0|0.75|1.0|0.0|0.25|0.235,0.28569151775159024,True
PARTIAL_FT,P2,S2,4,A,4,43,0.0001,0.0,20,367550544,35,1400,0.44180819180819186,0.2950555109723948,0.3507142857142857,0.35071428571428565,0.0,0.25|0.0|0.75|0.97|0.0|0.25|0.235,0.5438696448654791,True
PARTIAL_FT,P2,S2,4,A,4,43,0.0001,0.0001,5,2300258091,35,1400,0.41140208997351857,0.2956327732812521,0.355,0.355,0.0,0.25|0.0|0.75|1.0|0.0|0.25|0.235,0.14641438359306408,True
PARTIAL_FT,P2,S2,4,A,4,43,0.0001,0.0001,10,2300258091,35,1400,0.44180819180819186,0.2951328715335534,0.355,0.355,0.0,0.25|0.0|0.75|1.0|0.0|0.25|0.235,0.28569151775159024,True
PARTIAL_FT,P2,S2,4,A,4,43,0.0001,0.0001,20,2300258091,35,1400,0.44180819180819186,0.2950555109723948,0.3507142857142857,0.35071428571428565,0.0,0.25|0.0|0.75|0.97|0.0|0.25|0.235,0.5438696448654791,True
PARTIAL_FT,P2,S2,4,A,4,43,0.0003,0.0,5,1241512773,35,1400,0.415524951239237,0.30283307976409274,0.355,0.355,0.0,0.25|0.0|0.75|1.0|0.0|0.25|0.235,0.3587551017515138,True
PARTIAL_FT,P2,S2,4,A,4,43,0.0003,0.0,10,1241512773,35,1400,0.47369614512471653,0.2511027746006999,0.28,0.27999999999999997,0.0,0.25|0.0|0.505|0.72|0.0|0.25|0.235,0.652608652869203,True
PARTIAL_FT,P2,S2,4,A,4,43,0.0003,0.0,20,1241512773,35,1400,0.5541125541125541,0.2731997198763734,0.315,0.315,0.0,0.25|0.0|0.75|0.72|0.0|0.25|0.235,1.1874828628057161,True
PARTIAL_FT,P2,S2,4,A,4,43,0.0003,0.0001,5,419242629,35,1400,0.415524951239237,0.30283307976409274,0.355,0.355,0.0,0.25|0.0|0.75|1.0|0.0|0.25|0.235,0.35866803903519767,True
PARTIAL_FT,P2,S2,4,A,4,43,0.0003,0.0001,10,419242629,35,1400,0.4747807747807748,0.2511027746006999,0.28,0.27999999999999997,0.0,0.25|0.0|0.505|0.72|0.0|0.25|0.235,0.6525009494188732,True
PARTIAL_FT,P2,S2,4,A,4,43,0.0003,0.0001,20,419242629,35,1400,0.5541125541125541,0.2731592561543744,0.315,0.315,0.0,0.25|0.0|0.75|0.72|0.0|0.25|0.235,1.187394585487225,True
FULL_FT,P2,S2,4,A,4,43,1e-05,0.0,5,31582763,35,1400,0.38781932353360926,0.29520045003540146,0.355,0.355,0.0,0.25|0.0|0.75|1.0|0.0|0.25|0.235,0.017903835406038328,True
FULL_FT,P2,S2,4,A,4,43,1e-05,0.0,10,31582763,35,1400,0.412937062937063,0.2950790496039799,0.355,0.355,0.0,0.25|0.0|0.75|1.0|0.0|0.25|0.235,0.035514329562355444,True
FULL_FT,P2,S2,4,A,4,43,1e-05,0.0,20,31582763,35,1400,0.412937062937063,0.29520045003540146,0.355,0.355,0.0,0.25|0.0|0.75|1.0|0.0|0.25|0.235,0.07032290886126562,True
FULL_FT,P2,S2,4,A,4,43,1e-05,0.0001,5,719528998,35,1400,0.38781932353360926,0.29520045003540146,0.355,0.355,0.0,0.25|0.0|0.75|1.0|0.0|0.25|0.235,0.017903835406038328,True
FULL_FT,P2,S2,4,A,4,43,1e-05,0.0001,10,719528998,35,1400,0.412937062937063,0.2950790496039799,0.355,0.355,0.0,0.25|0.0|0.75|1.0|0.0|0.25|0.235,0.035514329562355444,True
FULL_FT,P2,S2,4,A,4,43,1e-05,0.0001,20,719528998,35,1400,0.412937062937063,0.29520045003540146,0.355,0.355,0.0,0.25|0.0|0.75|1.0|0.0|0.25|0.235,0.07032290886126562,True
FULL_FT,P2,S2,4,A,4,43,3e-05,0.0,5,2112527362,35,1400,0.412937062937063,0.2950790496039799,0.355,0.355,0.0,0.25|0.0|0.75|1.0|0.0|0.25|0.235,0.051007199227185746,True
FULL_FT,P2,S2,4,A,4,43,3e-05,0.0,10,2112527362,35,1400,0.44180819180819186,0.2976574199258713,0.355,0.355,0.0,0.25|0.0|0.75|1.0|0.0|0.25|0.235,0.10095301588586271,True
FULL_FT,P2,S2,4,A,4,43,3e-05,0.0,20,2112527362,35,1400,0.44180819180819186,0.2746522326097126,0.3192857142857143,0.3192857142857143,0.0,0.25|0.0|0.75|0.75|0.0|0.25|0.235,0.19840192368191795,True
FULL_FT,P2,S2,4,A,4,43,3e-05,0.0001,5,1034755644,35,1400,0.412937062937063,0.2950790496039799,0.355,0.355,0.0,0.25|0.0|0.75|1.0|0.0|0.25|0.235,0.051007199227185746,True
FULL_FT,P2,S2,4,A,4,43,3e-05,0.0001,10,1034755644,35,1400,0.44180819180819186,0.2976574199258713,0.355,0.355,0.0,0.25|0.0|0.75|1.0|0.0|0.25|0.235,0.10095301588586271,True
FULL_FT,P2,S2,4,A,4,43,3e-05,0.0001,20,1034755644,35,1400,0.44180819180819186,0.2746522326097126,0.3192857142857143,0.3192857142857143,0.0,0.25|0.0|0.75|0.75|0.0|0.25|0.235,0.19840192368191795,True
FULL_FT,P2,S2,4,A,4,43,0.0001,0.0,5,3019460276,35,1400,0.3840960626674912,0.25599184746462395,0.2864285714285714,0.2864285714285714,0.0,0.25|0.0|0.75|0.52|0.0|0.25|0.235,0.12610988926464636,True
FULL_FT,P2,S2,4,A,4,43,0.0001,0.0,10,3019460276,35,1400,0.4396103896103897,0.2670671858719137,0.3171428571428571,0.3171428571428571,0.0,0.25|0.0|0.75|0.735|0.0|0.25|0.235,0.2358802822004015,True
FULL_FT,P2,S2,4,A,4,43,0.0001,0.0,20,3019460276,35,1400,0.5009688723974438,0.27968496170420015,0.315,0.315,0.0,0.25|0.0|0.75|0.72|0.0|0.25|0.235,0.448230009802922,True
FULL_FT,P2,S2,4,A,4,43,0.0001,0.0001,5,2814902320,35,1400,0.3840960626674912,0.25599184746462395,0.2864285714285714,0.2864285714285714,0.0,0.25|0.0|0.75|0.52|0.0|0.25|0.235,0.12610988926464636,True
FULL_FT,P2,S2,4,A,4,43,0.0001,0.0001,10,2814902320,35,1400,0.4396103896103897,0.2670671858719137,0.3171428571428571,0.3171428571428571,0.0,0.25|0.0|0.75|0.735|0.0|0.25|0.235,0.2358802822004015,True
FULL_FT,P2,S2,4,A,4,43,0.0001,0.0001,20,2814902320,35,1400,0.5009688723974438,0.27968496170420015,0.315,0.315,0.0,0.25|0.0|0.75|0.72|0.0|0.25|0.235,0.448230009802922,True
FULL_FT,P2,S2,4,A,4,43,0.0003,0.0,5,3765398997,35,1400,0.2647376015797068,0.10838453300630588,0.14357142857142857,0.14357142857142854,0.0,0.0|0.015|0.505|0.25|0.0|0.0|0.235,0.24288772657647512,True
FULL_FT,P2,S2,4,A,4,43,0.0003,0.0,10,3765398997,35,1400,0.4209183673469387,0.2920343928212138,0.35285714285714287,0.35285714285714287,0.0,0.25|0.0|0.75|1.0|0.0|0.25|0.22,0.38426265823066025,True
FULL_FT,P2,S2,4,A,4,43,0.0003,0.0,20,3765398997,35,1400,0.4677643784786642,0.1961470724587153,0.24571428571428572,0.2457142857142857,0.0,0.0|0.0|0.75|0.485|0.0|0.25|0.235,0.6626961561513434,True
FULL_FT,P2,S2,4,A,4,43,0.0003,0.0001,5,117422759,35,1400,0.2647376015797068,0.10838453300630588,0.14357142857142857,0.14357142857142854,0.0,0.0|0.015|0.505|0.25|0.0|0.0|0.235,0.2428876242166204,True
FULL_FT,P2,S2,4,A,4,43,0.0003,0.0001,10,117422759,35,1400,0.4209183673469387,0.2920343928212138,0.35285714285714287,0.35285714285714287,0.0,0.25|0.0|0.75|1.0|0.0|0.25|0.22,0.38426255713509067,True
FULL_FT,P2,S2,4,A,4,43,0.0003,0.0001,20,117422759,35,1400,0.4677643784786642,0.1961470724587153,0.24571428571428572,0.2457142857142857,0.0,0.0|0.0|0.75|0.485|0.0|0.25|0.235,0.6626937919357656,True
PARTIAL_FT,P2,S2,4,A,4,44,1e-05,0.0,5,3172856280,35,1400,0.3382395382395383,0.15184495183797028,0.17714285714285713,0.1771428571428571,0.0,0.25|0.0|0.255|0.5|0.0|0.0|0.235,0.01527835676826166,True
PARTIAL_FT,P2,S2,4,A,4,44,1e-05,0.0,10,3172856280,35,1400,0.3327450327450327,0.15184495183797028,0.17714285714285713,0.1771428571428571,0.0,0.25|0.0|0.255|0.5|0.0|0.0|0.235,0.030061968875817476,True
PARTIAL_FT,P2,S2,4,A,4,44,1e-05,0.0,20,3172856280,35,1400,0.3327450327450327,0.15149512560786232,0.17714285714285713,0.1771428571428571,0.0,0.25|0.0|0.255|0.5|0.0|0.0|0.235,0.059226449531908185,True
PARTIAL_FT,P2,S2,4,A,4,44,1e-05,0.0001,5,726318240,35,1400,0.3382395382395383,0.15184495183797028,0.17714285714285713,0.1771428571428571,0.0,0.25|0.0|0.255|0.5|0.0|0.0|0.235,0.01527835676826166,True
PARTIAL_FT,P2,S2,4,A,4,44,1e-05,0.0001,10,726318240,35,1400,0.3327450327450327,0.15184495183797028,0.17714285714285713,0.1771428571428571,0.0,0.25|0.0|0.255|0.5|0.0|0.0|0.235,0.030061968875817476,True
PARTIAL_FT,P2,S2,4,A,4,44,1e-05,0.0001,20,726318240,35,1400,0.3327450327450327,0.15149512560786232,0.17714285714285713,0.1771428571428571,0.0,0.25|0.0|0.255|0.5|0.0|0.0|0.235,0.059226449531908185,True
PARTIAL_FT,P2,S2,4,A,4,44,3e-05,0.0,5,3813838712,35,1400,0.3327450327450327,0.15149512560786232,0.17714285714285713,0.1771428571428571,0.0,0.25|0.0|0.255|0.5|0.0|0.0|0.235,0.04417829453343378,True
PARTIAL_FT,P2,S2,4,A,4,44,3e-05,0.0,10,3813838712,35,1400,0.3327450327450327,0.15149512560786232,0.17714285714285713,0.1771428571428571,0.0,0.25|0.0|0.255|0.5|0.0|0.0|0.235,0.0871664783132491,True
PARTIAL_FT,P2,S2,4,A,4,44,3e-05,0.0,20,3813838712,35,1400,0.35241187384044526,0.15149512560786232,0.17714285714285713,0.1771428571428571,0.0,0.25|0.0|0.255|0.5|0.0|0.0|0.235,0.17186090832127435,True
PARTIAL_FT,P2,S2,4,A,4,44,3e-05,0.0001,5,557641067,35,1400,0.3327450327450327,0.15149512560786232,0.17714285714285713,0.1771428571428571,0.0,0.25|0.0|0.255|0.5|0.0|0.0|0.235,0.04417829453343378,True
PARTIAL_FT,P2,S2,4,A,4,44,3e-05,0.0001,10,557641067,35,1400,0.3327450327450327,0.15149512560786232,0.17714285714285713,0.1771428571428571,0.0,0.25|0.0|0.255|0.5|0.0|0.0|0.235,0.0871664783132491,True
PARTIAL_FT,P2,S2,4,A,4,44,3e-05,0.0001,20,557641067,35,1400,0.35241187384044526,0.15149512560786232,0.17714285714285713,0.1771428571428571,0.0,0.25|0.0|0.255|0.5|0.0|0.0|0.235,0.17186090832127435,True
PARTIAL_FT,P2,S2,4,A,4,44,0.0001,0.0,5,3522501391,35,1400,0.3327450327450327,0.15081291600676547,0.17714285714285713,0.1771428571428571,0.0,0.25|0.0|0.255|0.5|0.0|0.0|0.235,0.13589673326796523,True
PARTIAL_FT,P2,S2,4,A,4,44,0.0001,0.0,10,3522501391,35,1400,0.3833642547928262,0.1466961826966638,0.17714285714285713,0.1771428571428571,0.0,0.25|0.0|0.255|0.5|0.0|0.0|0.235,0.2673019453395848,True
PARTIAL_FT,P2,S2,4,A,4,44,0.0001,0.0,20,3522501391,35,1400,0.4515484515484515,0.15184495183797028,0.17714285714285713,0.1771428571428571,0.0,0.25|0.0|0.255|0.5|0.0|0.0|0.235,0.5157860646375974,True
PARTIAL_FT,P2,S2,4,A,4,44,0.0001,0.0001,5,199106841,35,1400,0.3327450327450327,0.15081291600676547,0.17714285714285713,0.1771428571428571,0.0,0.25|0.0|0.255|0.5|0.0|0.0|0.235,0.13589673326796523,True
PARTIAL_FT,P2,S2,4,A,4,44,0.0001,0.0001,10,199106841,35,1400,0.3833642547928262,0.1466961826966638,0.17714285714285713,0.1771428571428571,0.0,0.25|0.0|0.255|0.5|0.0|0.0|0.235,0.2673019453395848,True
PARTIAL_FT,P2,S2,4,A,4,44,0.0001,0.0001,20,199106841,35,1400,0.4515484515484515,0.15184495183797028,0.17714285714285713,0.1771428571428571,0.0,0.25|0.0|0.255|0.5|0.0|0.0|0.235,0.5157860646375974,True
PARTIAL_FT,P2,S2,4,A,4,44,0.0003,0.0,5,1993792751,35,1400,0.3833642547928262,0.15556384073502857,0.17714285714285713,0.1771428571428571,0.0,0.25|0.0|0.255|0.5|0.0|0.0|0.235,0.3135779654447732,True
PARTIAL_FT,P2,S2,4,A,4,44,0.0003,0.0,10,1993792751,35,1400,0.4515484515484515,0.15869861142341793,0.17714285714285713,0.1771428571428571,0.0,0.25|0.0|0.255|0.5|0.0|0.0|0.235,0.5818880958910777,True
PARTIAL_FT,P2,S2,4,A,4,44,0.0003,0.0,20,1993792751,35,1400,0.5144189144189143,0.18356294322608907,0.21285714285714286,0.21285714285714283,0.0,0.25|0.0|0.505|0.5|0.0|0.0|0.235,1.0560424422781227,True
PARTIAL_FT,P2,S2,4,A,4,44,0.0003,0.0001,5,4030055064,35,1400,0.3833642547928262,0.15556384073502857,0.17714285714285713,0.1771428571428571,0.0,0.25|0.0|0.255|0.5|0.0|0.0|0.235,0.3135782309104787,True
PARTIAL_FT,P2,S2,4,A,4,44,0.0003,0.0001,10,4030055064,35,1400,0.4515484515484515,0.15869861142341793,0.17714285714285713,0.1771428571428571,0.0,0.25|0.0|0.255|0.5|0.0|0.0|0.235,0.5818916287245117,True
PARTIAL_FT,P2,S2,4,A,4,44,0.0003,0.0001,20,4030055064,35,1400,0.5144189144189143,0.18356294322608907,0.21285714285714286,0.21285714285714283,0.0,0.25|0.0|0.505|0.5|0.0|0.0|0.235,1.056017596691587,True
FULL_FT,P2,S2,4,A,4,44,1e-05,0.0,5,1502489045,35,1400,0.3382395382395383,0.15149512560786232,0.17714285714285713,0.1771428571428571,0.0,0.25|0.0|0.255|0.5|0.0|0.0|0.235,0.017496833019999544,True
FULL_FT,P2,S2,4,A,4,44,1e-05,0.0,10,1502489045,35,1400,0.3382395382395383,0.1466961826966638,0.17714285714285713,0.1771428571428571,0.0,0.25|0.0|0.255|0.5|0.0|0.0|0.235,0.03463986443261,True
FULL_FT,P2,S2,4,A,4,44,1e-05,0.0,20,1502489045,35,1400,0.3327450327450327,0.15129131691377942,0.17785714285714285,0.1778571428571428,0.0,0.25|0.0|0.255|0.5|0.005|0.0|0.235,0.06866341691521413,True
FULL_FT,P2,S2,4,A,4,44,1e-05,0.0001,5,1307202104,35,1400,0.3382395382395383,0.15149512560786232,0.17714285714285713,0.1771428571428571,0.0,0.25|0.0|0.255|0.5|0.0|0.0|0.235,0.017496833019999544,True
FULL_FT,P2,S2,4,A,4,44,1e-05,0.0001,10,1307202104,35,1400,0.3382395382395383,0.1466961826966638,0.17714285714285713,0.1771428571428571,0.0,0.25|0.0|0.255|0.5|0.0|0.0|0.235,0.03463986443261,True
FULL_FT,P2,S2,4,A,4,44,1e-05,0.0001,20,1307202104,35,1400,0.3327450327450327,0.15129131691377942,0.17785714285714285,0.1778571428571428,0.0,0.25|0.0|0.255|0.5|0.005|0.0|0.235,0.06866341691521413,True
FULL_FT,P2,S2,4,A,4,44,3e-05,0.0,5,1634000647,35,1400,0.3327450327450327,0.1466961826966638,0.17714285714285713,0.1771428571428571,0.0,0.25|0.0|0.255|0.5|0.0|0.0|0.235,0.04872477273264767,True
FULL_FT,P2,S2,4,A,4,44,3e-05,0.0,10,1634000647,35,1400,0.35241187384044526,0.1466961826966638,0.17714285714285713,0.1771428571428571,0.0,0.25|0.0|0.255|0.5|0.0|0.0|0.235,0.0965056534690209,True
FULL_FT,P2,S2,4,A,4,44,3e-05,0.0,20,1634000647,35,1400,0.3833642547928262,0.1466961826966638,0.17714285714285713,0.1771428571428571,0.0,0.25|0.0|0.255|0.5|0.0|0.0|0.235,0.1906826751264722,True
FULL_FT,P2,S2,4,A,4,44,3e-05,0.0001,5,2694405702,35,1400,0.3327450327450327,0.1466961826966638,0.17714285714285713,0.1771428571428571,0.0,0.25|0.0|0.255|0.5|0.0|0.0|0.235,0.04872477273264767,True
FULL_FT,P2,S2,4,A,4,44,3e-05,0.0001,10,2694405702,35,1400,0.35241187384044526,0.1466961826966638,0.17714285714285713,0.1771428571428571,0.0,0.25|0.0|0.255|0.5|0.0|0.0|0.235,0.0965056534690209,True
FULL_FT,P2,S2,4,A,4,44,3e-05,0.0001,20,2694405702,35,1400,0.3833642547928262,0.1466961826966638,0.17714285714285713,0.1771428571428571,0.0,0.25|0.0|0.255|0.5|0.0|0.0|0.235,0.1906826751264722,True
FULL_FT,P2,S2,4,A,4,44,0.0001,0.0,5,1633767421,35,1400,0.3638837353123067,0.15556384073502857,0.17714285714285713,0.1771428571428571,0.0,0.25|0.0|0.255|0.5|0.0|0.0|0.235,0.12013276242776832,True
FULL_FT,P2,S2,4,A,4,44,0.0001,0.0,10,1633767421,35,1400,0.4152545866831581,0.14575078418755724,0.17714285714285713,0.1771428571428571,0.0,0.25|0.0|0.255|0.5|0.0|0.0|0.235,0.22741718347297793,True
FULL_FT,P2,S2,4,A,4,44,0.0001,0.0,20,1633767421,35,1400,0.4874458874458874,0.15060881211666347,0.17714285714285713,0.1771428571428571,0.0,0.25|0.0|0.255|0.5|0.0|0.0|0.235,0.43323232600364636,True
FULL_FT,P2,S2,4,A,4,44,0.0001,0.0001,5,3448079562,35,1400,0.3638837353123067,0.15556384073502857,0.17714285714285713,0.1771428571428571,0.0,0.25|0.0|0.255|0.5|0.0|0.0|0.235,0.12013276242776832,True
FULL_FT,P2,S2,4,A,4,44,0.0001,0.0001,10,3448079562,35,1400,0.4152545866831581,0.14575078418755724,0.17714285714285713,0.1771428571428571,0.0,0.25|0.0|0.255|0.5|0.0|0.0|0.235,0.22741718347297793,True
FULL_FT,P2,S2,4,A,4,44,0.0001,0.0001,20,3448079562,35,1400,0.4874458874458874,0.15060881211666347,0.17714285714285713,0.1771428571428571,0.0,0.25|0.0|0.255|0.5|0.0|0.0|0.235,0.43323232600364636,True
FULL_FT,P2,S2,4,A,4,44,0.0003,0.0,5,909608967,35,1400,0.20841063698206558,0.15756992260108457,0.1742857142857143,0.1742857142857143,0.0,0.25|0.0|0.25|0.5|0.0|0.0|0.22,0.23165239473793886,True
FULL_FT,P2,S2,4,A,4,44,0.0003,0.0,10,909608967,35,1400,0.3437847866419295,0.2063837988495523,0.2814285714285714,0.2814285714285714,0.0,0.25|0.0|1.0|0.5|0.0|0.0|0.22,0.3750753451048987,True
FULL_FT,P2,S2,4,A,4,44,0.0003,0.0,20,909608967,35,1400,0.5164835164835164,0.202758613922283,0.21285714285714286,0.21285714285714283,0.0,0.25|0.0|0.505|0.25|0.0|0.25|0.235,0.654216639982314,True
FULL_FT,P2,S2,4,A,4,44,0.0003,0.0001,5,2293054408,35,1400,0.20841063698206558,0.15756992260108457,0.1742857142857143,0.1742857142857143,0.0,0.25|0.0|0.25|0.5|0.0|0.0|0.22,0.23165377987617944,True
FULL_FT,P2,S2,4,A,4,44,0.0003,0.0001,10,2293054408,35,1400,0.3437847866419295,0.2063837988495523,0.2814285714285714,0.2814285714285714,0.0,0.25|0.0|1.0|0.5|0.0|0.0|0.22,0.3750599794396239,True
FULL_FT,P2,S2,4,A,4,44,0.0003,0.0001,20,2293054408,35,1400,0.5164835164835164,0.202758613922283,0.21285714285714286,0.21285714285714283,0.0,0.25|0.0|0.505|0.25|0.0|0.25|0.235,0.6542630621405277,True
PARTIAL_FT,P2,S2,4,A,4,45,1e-05,0.0,5,3234120809,35,1400,0.37016317016317013,0.17341280728540717,0.175,0.175,0.0,0.25|0.015|0.255|0.485|0.0|0.0|0.22,0.015370909317362253,True
PARTIAL_FT,P2,S2,4,A,4,45,1e-05,0.0,10,3234120809,35,1400,0.37016317016317013,0.17470507272045002,0.17714285714285713,0.17714285714285713,0.0,0.25|0.015|0.255|0.5|0.0|0.0|0.22,0.030280729910160516,True
PARTIAL_FT,P2,S2,4,A,4,45,1e-05,0.0,20,3234120809,35,1400,0.37016317016317013,0.17470507272045002,0.17714285714285713,0.17714285714285713,0.0,0.25|0.015|0.255|0.5|0.0|0.0|0.22,0.05946037190275074,True
PARTIAL_FT,P2,S2,4,A,4,45,1e-05,0.0001,5,2326701132,35,1400,0.37016317016317013,0.17341280728540717,0.175,0.175,0.0,0.25|0.015|0.255|0.485|0.0|0.0|0.22,0.015370909317362253,True
PARTIAL_FT,P2,S2,4,A,4,45,1e-05,0.0001,10,2326701132,35,1400,0.37016317016317013,0.17470507272045002,0.17714285714285713,0.17714285714285713,0.0,0.25|0.015|0.255|0.5|0.0|0.0|0.22,0.030280729910160516,True
PARTIAL_FT,P2,S2,4,A,4,45,1e-05,0.0001,20,2326701132,35,1400,0.37016317016317013,0.17470507272045002,0.17714285714285713,0.17714285714285713,0.0,0.25|0.015|0.255|0.5|0.0|0.0|0.22,0.05946037190275074,True
PARTIAL_FT,P2,S2,4,A,4,45,3e-05,0.0,5,1713733331,35,1400,0.37016317016317013,0.17470507272045002,0.17714285714285713,0.17714285714285713,0.0,0.25|0.015|0.255|0.5|0.0|0.0|0.22,0.044761914449914224,True
PARTIAL_FT,P2,S2,4,A,4,45,3e-05,0.0,10,1713733331,35,1400,0.3716759431045146,0.17470507272045002,0.17714285714285713,0.17714285714285713,0.0,0.25|0.015|0.255|0.5|0.0|0.0|0.22,0.08772977723756711,True
PARTIAL_FT,P2,S2,4,A,4,45,3e-05,0.0,20,1713733331,35,1400,0.3716759431045146,0.11306348446062474,0.14142857142857143,0.14142857142857143,0.0,0.0|0.015|0.255|0.5|0.0|0.0|0.22,0.17150968285409168,True
PARTIAL_FT,P2,S2,4,A,4,45,3e-05,0.0001,5,4191924487,35,1400,0.37016317016317013,0.17470507272045002,0.17714285714285713,0.17714285714285713,0.0,0.25|0.015|0.255|0.5|0.0|0.0|0.22,0.044761914449914224,True
PARTIAL_FT,P2,S2,4,A,4,45,3e-05,0.0001,10,4191924487,35,1400,0.3716759431045146,0.17470507272045002,0.17714285714285713,0.17714285714285713,0.0,0.25|0.015|0.255|0.5|0.0|0.0|0.22,0.08772977723756711,True
PARTIAL_FT,P2,S2,4,A,4,45,3e-05,0.0001,20,4191924487,35,1400,0.3716759431045146,0.11306348446062474,0.14142857142857143,0.14142857142857143,0.0,0.0|0.015|0.255|0.5|0.0|0.0|0.22,0.17150968285409168,True
PARTIAL_FT,P2,S2,4,A,4,45,0.0001,0.0,5,4048419623,35,1400,0.3716759431045146,0.11724790514799237,0.14142857142857143,0.14142857142857143,0.0,0.0|0.015|0.255|0.5|0.0|0.0|0.22,0.14061543609141594,True
PARTIAL_FT,P2,S2,4,A,4,45,0.0001,0.0,10,4048419623,35,1400,0.39245516388373536,0.11306348446062474,0.14142857142857143,0.14142857142857143,0.0,0.0|0.015|0.255|0.5|0.0|0.0|0.22,0.2736726745783815,True
PARTIAL_FT,P2,S2,4,A,4,45,0.0001,0.0,20,4048419623,35,1400,0.39245516388373536,0.11593677879261678,0.1392857142857143,0.1392857142857143,0.0,0.0|0.0|0.255|0.5|0.0|0.0|0.22,0.5188356582246814,True
PARTIAL_FT,P2,S2,4,A,4,45,0.0001,0.0001,5,2449249739,35,1400,0.3716759431045146,0.11724790514799237,0.14142857142857143,0.14142857142857143,0.0,0.0|0.015|0.255|0.5|0.0|0.0|0.22,0.14061543609141594,True
PARTIAL_FT,P2,S2,4,A,4,45,0.0001,0.0001,10,2449249739,35,1400,0.39245516388373536,0.11306348446062474,0.14142857142857143,0.14142857142857143,0.0,0.0|0.015|0.255|0.5|0.0|0.0|0.22,0.2736726745783815,True
PARTIAL_FT,P2,S2,4,A,4,45,0.0001,0.0001,20,2449249739,35,1400,0.39245516388373536,0.11593677879261678,0.1392857142857143,0.1392857142857143,0.0,0.0|0.0|0.255|0.5|0.0|0.0|0.22,0.5188356582246814,True
PARTIAL_FT,P2,S2,4,A,4,45,0.0003,0.0,5,326400936,35,1400,0.39245516388373536,0.13727071583454561,0.16857142857142857,0.16857142857142857,0.0,0.0|0.0|0.255|0.5|0.0|0.205|0.22,0.3538058863298548,True
PARTIAL_FT,P2,S2,4,A,4,45,0.0003,0.0,10,326400936,35,1400,0.4742757242757243,0.12236094070956456,0.1392857142857143,0.1392857142857143,0.0,0.0|0.0|0.255|0.5|0.0|0.0|0.22,0.6572688513877479,True
PARTIAL_FT,P2,S2,4,A,4,45,0.0003,0.0,20,326400936,35,1400,0.5905459619745334,0.1540192223678462,0.175,0.175,0.0,0.0|0.0|0.255|0.5|0.0|0.25|0.22,1.1978469205827338,True
PARTIAL_FT,P2,S2,4,A,4,45,0.0003,0.0001,5,2520088896,35,1400,0.39245516388373536,0.13727071583454561,0.16857142857142857,0.16857142857142857,0.0,0.0|0.0|0.255|0.5|0.0|0.205|0.22,0.35380572608866956,True
PARTIAL_FT,P2,S2,4,A,4,45,0.0003,0.0001,10,2520088896,35,1400,0.4742757242757243,0.12236094070956456,0.1392857142857143,0.1392857142857143,0.0,0.0|0.0|0.255|0.5|0.0|0.0|0.22,0.6572664863914788,True
PARTIAL_FT,P2,S2,4,A,4,45,0.0003,0.0001,20,2520088896,35,1400,0.5905459619745334,0.1540192223678462,0.175,0.175,0.0,0.0|0.0|0.255|0.5|0.0|0.25|0.22,1.1978321597082706,True
FULL_FT,P2,S2,4,A,4,45,1e-05,0.0,5,3170256565,35,1400,0.37016317016317013,0.1740817493855173,0.17714285714285713,0.17714285714285713,0.0,0.25|0.015|0.255|0.5|0.0|0.0|0.22,0.017875727906342675,True
FULL_FT,P2,S2,4,A,4,45,1e-05,0.0,10,3170256565,35,1400,0.37016317016317013,0.17470507272045002,0.17714285714285713,0.17714285714285713,0.0,0.25|0.015|0.255|0.5|0.0|0.0|0.22,0.0351143847593178,True
FULL_FT,P2,S2,4,A,4,45,1e-05,0.0,20,3170256565,35,1400,0.3716759431045146,0.17470507272045002,0.17714285714285713,0.17714285714285713,0.0,0.25|0.015|0.255|0.5|0.0|0.0|0.22,0.0692654328964376,True
FULL_FT,P2,S2,4,A,4,45,1e-05,0.0001,5,202460599,35,1400,0.37016317016317013,0.1740817493855173,0.17714285714285713,0.17714285714285713,0.0,0.25|0.015|0.255|0.5|0.0|0.0|0.22,0.017875727906342675,True
FULL_FT,P2,S2,4,A,4,45,1e-05,0.0001,10,202460599,35,1400,0.37016317016317013,0.17470507272045002,0.17714285714285713,0.17714285714285713,0.0,0.25|0.015|0.255|0.5|0.0|0.0|0.22,0.0351143847593178,True
FULL_FT,P2,S2,4,A,4,45,1e-05,0.0001,20,202460599,35,1400,0.3716759431045146,0.17470507272045002,0.17714285714285713,0.17714285714285713,0.0,0.25|0.015|0.255|0.5|0.0|0.0|0.22,0.0692654328964376,True
FULL_FT,P2,S2,4,A,4,45,3e-05,0.0,5,2318034252,35,1400,0.3716759431045146,0.17470507272045002,0.17714285714285713,0.17714285714285713,0.0,0.25|0.015|0.255|0.5|0.0|0.0|0.22,0.050847614872886755,True
FULL_FT,P2,S2,4,A,4,45,3e-05,0.0,10,2318034252,35,1400,0.39245516388373536,0.16521131550751963,0.1707142857142857,0.17071428571428574,0.0,0.205|0.015|0.255|0.5|0.0|0.0|0.22,0.10038897789839481,True
FULL_FT,P2,S2,4,A,4,45,3e-05,0.0,20,2318034252,35,1400,0.39245516388373536,0.1110827858670533,0.1392857142857143,0.1392857142857143,0.0,0.0|0.0|0.255|0.5|0.0|0.0|0.22,0.1957089725305634,True
FULL_FT,P2,S2,4,A,4,45,3e-05,0.0001,5,2269236139,35,1400,0.3716759431045146,0.17470507272045002,0.17714285714285713,0.17714285714285713,0.0,0.25|0.015|0.255|0.5|0.0|0.0|0.22,0.050847614872886755,True
FULL_FT,P2,S2,4,A,4,45,3e-05,0.0001,10,2269236139,35,1400,0.39245516388373536,0.16521131550751963,0.1707142857142857,0.17071428571428574,0.0,0.205|0.015|0.255|0.5|0.0|0.0|0.22,0.10038897789839481,True
FULL_FT,P2,S2,4,A,4,45,3e-05,0.0001,20,2269236139,35,1400,0.39245516388373536,0.1110827858670533,0.1392857142857143,0.1392857142857143,0.0,0.0|0.0|0.255|0.5|0.0|0.0|0.22,0.1957089725305634,True
FULL_FT,P2,S2,4,A,4,45,0.0001,0.0,5,4072407856,35,1400,0.3909423909423909,0.10825598815255177,0.13357142857142856,0.1335714285714286,0.0,0.0|0.015|0.255|0.445|0.0|0.0|0.22,0.12353354587233871,True
FULL_FT,P2,S2,4,A,4,45,0.0001,0.0,10,4072407856,35,1400,0.39245516388373536,0.1566465665350185,0.175,0.175,0.0,0.25|0.0|0.255|0.5|0.0|0.0|0.22,0.22742530145068107,True
FULL_FT,P2,S2,4,A,4,45,0.0001,0.0,20,4072407856,35,1400,0.5905459619745334,0.11627759106185849,0.1392857142857143,0.1392857142857143,0.0,0.0|0.0|0.255|0.5|0.0|0.0|0.22,0.42870142806492356,True
FULL_FT,P2,S2,4,A,4,45,0.0001,0.0001,5,2441246847,35,1400,0.3909423909423909,0.10825598815255177,0.13357142857142856,0.1335714285714286,0.0,0.0|0.015|0.255|0.445|0.0|0.0|0.22,0.12353354587233871,True
FULL_FT,P2,S2,4,A,4,45,0.0001,0.0001,10,2441246847,35,1400,0.39245516388373536,0.1566465665350185,0.175,0.175,0.0,0.25|0.0|0.255|0.5|0.0|0.0|0.22,0.22742530145068107,True
FULL_FT,P2,S2,4,A,4,45,0.0001,0.0001,20,2441246847,35,1400,0.5905459619745334,0.11627759106185849,0.1392857142857143,0.1392857142857143,0.0,0.0|0.0|0.255|0.5|0.0|0.0|0.22,0.42870142806492356,True
FULL_FT,P2,S2,4,A,4,45,0.0003,0.0,5,2140284604,35,1400,0.5295418866847439,0.19573217787503508,0.21214285714285713,0.21214285714285716,0.0,0.25|0.015|0.25|0.75|0.0|0.0|0.22,0.22271721074231324,True
FULL_FT,P2,S2,4,A,4,45,0.0003,0.0,10,2140284604,35,1400,0.4053030303030303,0.22996741651821223,0.2814285714285714,0.2814285714285714,0.0,0.25|0.0|0.75|0.5|0.0|0.25|0.22,0.32917160995299893,True
FULL_FT,P2,S2,4,A,4,45,0.0003,0.0,20,2140284604,35,1400,0.5436817151102866,0.16025291452299464,0.21071428571428572,0.2107142857142857,0.0,0.0|0.0|0.505|0.5|0.0|0.0|0.47,0.5470963983239399,True
FULL_FT,P2,S2,4,A,4,45,0.0003,0.0001,5,1925496453,35,1400,0.5295418866847439,0.19573217787503508,0.21214285714285713,0.21214285714285716,0.0,0.25|0.015|0.25|0.75|0.0|0.0|0.22,0.22271715020044722,True
FULL_FT,P2,S2,4,A,4,45,0.0003,0.0001,10,1925496453,35,1400,0.4053030303030303,0.22996741651821223,0.2814285714285714,0.2814285714285714,0.0,0.25|0.0|0.75|0.5|0.0|0.25|0.22,0.3291714606580829,True
FULL_FT,P2,S2,4,A,4,45,0.0003,0.0001,20,1925496453,35,1400,0.5436817151102866,0.16025291452299464,0.21071428571428572,0.2107142857142857,0.0,0.0|0.0|0.505|0.5|0.0|0.0|0.47,0.5470963649362367,True
PARTIAL_FT,P2,S2,4,A,4,46,1e-05,0.0,5,2713476229,35,1400,0.3406886764029621,0.19859819161912884,0.21214285714285713,0.21214285714285713,0.0,0.25|0.0|0.5|0.5|0.0|0.0|0.235,0.015468765415818007,True
PARTIAL_FT,P2,S2,4,A,4,46,1e-05,0.0,10,2713476229,35,1400,0.3669402026544884,0.19953145140953146,0.21214285714285713,0.21214285714285713,0.0,0.25|0.0|0.5|0.5|0.0|0.0|0.235,0.030638993662497883,True
PARTIAL_FT,P2,S2,4,A,4,46,1e-05,0.0,20,2713476229,35,1400,0.3669402026544884,0.19953145140953146,0.21214285714285713,0.21214285714285713,0.0,0.25|0.0|0.5|0.5|0.0|0.0|0.235,0.060440912027970466,True
PARTIAL_FT,P2,S2,4,A,4,46,1e-05,0.0001,5,1593266496,35,1400,0.3406886764029621,0.19859819161912884,0.21214285714285713,0.21214285714285713,0.0,0.25|0.0|0.5|0.5|0.0|0.0|0.235,0.015468765415818007,True
PARTIAL_FT,P2,S2,4,A,4,46,1e-05,0.0001,10,1593266496,35,1400,0.3669402026544884,0.19953145140953146,0.21214285714285713,0.21214285714285713,0.0,0.25|0.0|0.5|0.5|0.0|0.0|0.235,0.030638993662497883,True
PARTIAL_FT,P2,S2,4,A,4,46,1e-05,0.0001,20,1593266496,35,1400,0.3669402026544884,0.19953145140953146,0.21214285714285713,0.21214285714285713,0.0,0.25|0.0|0.5|0.5|0.0|0.0|0.235,0.060440912027970466,True
PARTIAL_FT,P2,S2,4,A,4,46,3e-05,0.0,5,60051620,35,1400,0.3669402026544884,0.19953145140953146,0.21214285714285713,0.21214285714285713,0.0,0.25|0.0|0.5|0.5|0.0|0.0|0.235,0.04543074008761467,True
PARTIAL_FT,P2,S2,4,A,4,46,3e-05,0.0,10,60051620,35,1400,0.4012154512154512,0.19953145140953146,0.21214285714285713,0.21214285714285713,0.0,0.25|0.0|0.5|0.5|0.0|0.0|0.235,0.08946059357723457,True
PARTIAL_FT,P2,S2,4,A,4,46,3e-05,0.0,20,60051620,35,1400,0.4305194805194805,0.19953145140953146,0.21214285714285713,0.21214285714285713,0.0,0.25|0.0|0.5|0.5|0.0|0.0|0.235,0.17489762362660408,True
PARTIAL_FT,P2,S2,4,A,4,46,3e-05,0.0001,5,4229172144,35,1400,0.3669402026544884,0.19953145140953146,0.21214285714285713,0.21214285714285713,0.0,0.25|0.0|0.5|0.5|0.0|0.0|0.235,0.04543074008761467,True
PARTIAL_FT,P2,S2,4,A,4,46,3e-05,0.0001,10,4229172144,35,1400,0.4012154512154512,0.19953145140953146,0.21214285714285713,0.21214285714285713,0.0,0.25|0.0|0.5|0.5|0.0|0.0|0.235,0.08946059357723457,True
PARTIAL_FT,P2,S2,4,A,4,46,3e-05,0.0001,20,4229172144,35,1400,0.4305194805194805,0.19953145140953146,0.21214285714285713,0.21214285714285713,0.0,0.25|0.0|0.5|0.5|0.0|0.0|0.235,0.17489762362660408,True
PARTIAL_FT,P2,S2,4,A,4,46,0.0001,0.0,5,713400468,35,1400,0.4305194805194805,0.19953145140953146,0.21214285714285713,0.21214285714285713,0.0,0.25|0.0|0.5|0.5|0.0|0.0|0.235,0.14376341560764247,True
PARTIAL_FT,P2,S2,4,A,4,46,0.0001,0.0,10,713400468,35,1400,0.5023547880690737,0.21820518291633687,0.245,0.24499999999999997,0.0,0.25|0.0|0.515|0.715|0.0|0.0|0.235,0.27970447670029636,True
PARTIAL_FT,P2,S2,4,A,4,46,0.0001,0.0,20,713400468,35,1400,0.5684315684315684,0.2646216608143977,0.3142857142857143,0.3142857142857142,0.0,0.25|0.0|1.0|0.715|0.0|0.0|0.235,0.5312752883669563,True
PARTIAL_FT,P2,S2,4,A,4,46,0.0001,0.0001,5,4196317205,35,1400,0.4305194805194805,0.19953145140953146,0.21214285714285713,0.21214285714285713,0.0,0.25|0.0|0.5|0.5|0.0|0.0|0.235,0.14376341560764247,True
PARTIAL_FT,P2,S2,4,A,4,46,0.0001,0.0001,10,4196317205,35,1400,0.5023547880690737,0.21820518291633687,0.245,0.24499999999999997,0.0,0.25|0.0|0.515|0.715|0.0|0.0|0.235,0.27970447670029636,True
PARTIAL_FT,P2,S2,4,A,4,46,0.0001,0.0001,20,4196317205,35,1400,0.5684315684315684,0.2646216608143977,0.3142857142857143,0.3142857142857142,0.0,0.25|0.0|1.0|0.715|0.0|0.0|0.235,0.5312752883669563,True
PARTIAL_FT,P2,S2,4,A,4,46,0.0003,0.0,5,1465351613,35,1400,0.5023547880690737,0.2593304972091362,0.3142857142857143,0.3142857142857142,0.0,0.25|0.0|1.0|0.715|0.0|0.0|0.235,0.33456429364764334,True
PARTIAL_FT,P2,S2,4,A,4,46,0.0003,0.0,10,1465351613,35,1400,0.5663003663003663,0.2592640355836545,0.3142857142857143,0.3142857142857142,0.0,0.25|0.0|1.0|0.715|0.0|0.0|0.235,0.605025190593136,True
PARTIAL_FT,P2,S2,4,A,4,46,0.0003,0.0,20,1465351613,35,1400,0.6238095238095237,0.23561510892887974,0.2785714285714286,0.2785714285714286,0.0,0.25|0.0|1.0|0.465|0.0|0.0|0.235,1.0954503364999546,True
PARTIAL_FT,P2,S2,4,A,4,46,0.0003,0.0001,5,1095512478,35,1400,0.5023547880690737,0.2593304972091362,0.3142857142857143,0.3142857142857142,0.0,0.25|0.0|1.0|0.715|0.0|0.0|0.235,0.3345642193579644,True
PARTIAL_FT,P2,S2,4,A,4,46,0.0003,0.0001,10,1095512478,35,1400,0.5663003663003663,0.2592640355836545,0.3142857142857143,0.3142857142857142,0.0,0.25|0.0|1.0|0.715|0.0|0.0|0.235,0.6050247422202278,True
PARTIAL_FT,P2,S2,4,A,4,46,0.0003,0.0001,20,1095512478,35,1400,0.6238095238095237,0.23561510892887974,0.2785714285714286,0.2785714285714286,0.0,0.25|0.0|1.0|0.465|0.0|0.0|0.235,1.09544564438373,True
FULL_FT,P2,S2,4,A,4,46,1e-05,0.0,5,4233511738,35,1400,0.3669402026544884,0.1995852733391049,0.21214285714285713,0.21214285714285713,0.0,0.25|0.0|0.5|0.5|0.0|0.0|0.235,0.018112203536626258,True
FULL_FT,P2,S2,4,A,4,46,1e-05,0.0,10,4233511738,35,1400,0.3669402026544884,0.19953145140953146,0.21214285714285713,0.21214285714285713,0.0,0.25|0.0|0.5|0.5|0.0|0.0|0.235,0.035847791580639846,True
FULL_FT,P2,S2,4,A,4,46,1e-05,0.0,20,4233511738,35,1400,0.4012154512154512,0.19953145140953146,0.21214285714285713,0.21214285714285713,0.0,0.25|0.0|0.5|0.5|0.0|0.0|0.235,0.07077101348900076,True
FULL_FT,P2,S2,4,A,4,46,1e-05,0.0001,5,3527327148,35,1400,0.3669402026544884,0.1995852733391049,0.21214285714285713,0.21214285714285713,0.0,0.25|0.0|0.5|0.5|0.0|0.0|0.235,0.018112203536626258,True
FULL_FT,P2,S2,4,A,4,46,1e-05,0.0001,10,3527327148,35,1400,0.3669402026544884,0.19953145140953146,0.21214285714285713,0.21214285714285713,0.0,0.25|0.0|0.5|0.5|0.0|0.0|0.235,0.035847791580639846,True
FULL_FT,P2,S2,4,A,4,46,1e-05,0.0001,20,3527327148,35,1400,0.4012154512154512,0.19953145140953146,0.21214285714285713,0.21214285714285713,0.0,0.25|0.0|0.5|0.5|0.0|0.0|0.235,0.07077101348900076,True
FULL_FT,P2,S2,4,A,4,46,3e-05,0.0,5,2574110516,35,1400,0.4012154512154512,0.19874920453019723,0.21214285714285713,0.21214285714285713,0.0,0.25|0.0|0.5|0.5|0.0|0.0|0.235,0.05197483820489419,True
FULL_FT,P2,S2,4,A,4,46,3e-05,0.0,10,2574110516,35,1400,0.506650492364778,0.22490323798286194,0.24785714285714286,0.24785714285714283,0.0,0.25|0.0|0.75|0.5|0.0|0.0|0.235,0.10262151992777992,True
FULL_FT,P2,S2,4,A,4,46,3e-05,0.0,20,2574110516,35,1400,0.506650492364778,0.21627251296558225,0.24785714285714286,0.24785714285714283,0.0,0.25|0.0|0.75|0.5|0.0|0.0|0.235,0.20066577553902615,True
FULL_FT,P2,S2,4,A,4,46,3e-05,0.0001,5,338623803,35,1400,0.4012154512154512,0.19874920453019723,0.21214285714285713,0.21214285714285713,0.0,0.25|0.0|0.5|0.5|0.0|0.0|0.235,0.05197483820489419,True
FULL_FT,P2,S2,4,A,4,46,3e-05,0.0001,10,338623803,35,1400,0.506650492364778,0.22490323798286194,0.24785714285714286,0.24785714285714283,0.0,0.25|0.0|0.75|0.5|0.0|0.0|0.235,0.10262151992777992,True
FULL_FT,P2,S2,4,A,4,46,3e-05,0.0001,20,338623803,35,1400,0.506650492364778,0.21627251296558225,0.24785714285714286,0.24785714285714283,0.0,0.25|0.0|0.75|0.5|0.0|0.0|0.235,0.20066577553902615,True
FULL_FT,P2,S2,4,A,4,46,0.0001,0.0,5,48410969,35,1400,0.506650492364778,0.21538635494277872,0.24785714285714286,0.24785714285714283,0.0,0.25|0.0|0.75|0.5|0.0|0.0|0.235,0.12636961843776137,True
FULL_FT,P2,S2,4,A,4,46,0.0001,0.0,10,48410969,35,1400,0.506650492364778,0.21004988304046449,0.24785714285714286,0.24785714285714283,0.0,0.25|0.0|0.75|0.5|0.0|0.0|0.235,0.23219998681597276,True
FULL_FT,P2,S2,4,A,4,46,0.0001,0.0,20,48410969,35,1400,0.6238095238095237,0.23420626904869718,0.2814285714285714,0.2814285714285714,0.0,0.25|0.0|1.0|0.5|0.0|0.0|0.22,0.4360485491387492,True
FULL_FT,P2,S2,4,A,4,46,0.0001,0.0001,5,2266673477,35,1400,0.506650492364778,0.21538635494277872,0.24785714285714286,0.24785714285714283,0.0,0.25|0.0|0.75|0.5|0.0|0.0|0.235,0.12636961843776137,True
FULL_FT,P2,S2,4,A,4,46,0.0001,0.0001,10,2266673477,35,1400,0.506650492364778,0.21004988304046449,0.24785714285714286,0.24785714285714283,0.0,0.25|0.0|0.75|0.5|0.0|0.0|0.235,0.23219998681597276,True
FULL_FT,P2,S2,4,A,4,46,0.0001,0.0001,20,2266673477,35,1400,0.6238095238095237,0.23420626904869718,0.2814285714285714,0.2814285714285714,0.0,0.25|0.0|1.0|0.5|0.0|0.0|0.22,0.4360485491387492,True
FULL_FT,P2,S2,4,A,4,46,0.0003,0.0,5,2893968758,35,1400,0.2687074829931973,0.17437796593070207,0.24785714285714286,0.24785714285714286,0.0,0.0|0.265|1.0|0.25|0.0|0.0|0.22,0.23474832833088682,True
FULL_FT,P2,S2,4,A,4,46,0.0003,0.0,10,2893968758,35,1400,0.5195835910121624,0.1557627910387572,0.18071428571428572,0.18071428571428574,0.0,0.25|0.0|0.25|0.25|0.0|0.03|0.485,0.34165324456644297,True
FULL_FT,P2,S2,4,A,4,46,0.0003,0.0,20,2893968758,35,1400,0.5686868686868687,0.10341788889468831,0.14142857142857143,0.14142857142857143,0.0,0.0|0.0|0.505|0.25|0.0|0.0|0.235,0.558839444721511,True
FULL_FT,P2,S2,4,A,4,46,0.0003,0.0001,5,2839966201,35,1400,0.2687074829931973,0.17437796593070207,0.24785714285714286,0.24785714285714286,0.0,0.0|0.265|1.0|0.25|0.0|0.0|0.22,0.2347498023245023,True
FULL_FT,P2,S2,4,A,4,46,0.0003,0.0001,10,2839966201,35,1400,0.5195835910121624,0.1557627910387572,0.18071428571428572,0.18071428571428574,0.0,0.25|0.0|0.25|0.25|0.0|0.03|0.485,0.3416471209244549,True
FULL_FT,P2,S2,4,A,4,46,0.0003,0.0001,20,2839966201,35,1400,0.5686868686868687,0.10341788889468831,0.14142857142857143,0.14142857142857143,0.0,0.0|0.0|0.505|0.25|0.0|0.0|0.235,0.5588175853961469,True
PARTIAL_FT,P2,S2,10,B,1,42,1e-05,0.0,5,1559667898,35,1400,0.32798312798312795,0.25002605572387626,0.2792857142857143,0.27928571428571425,0.0,0.0|0.25|0.75|0.25|0.0|0.235|0.47,0.015405748606963388,True
PARTIAL_FT,P2,S2,10,B,1,42,1e-05,0.0,10,1559667898,35,1400,0.32798312798312795,0.25002605572387626,0.2792857142857143,0.27928571428571425,0.0,0.0|0.25|0.75|0.25|0.0|0.235|0.47,0.030452372377484976,True
PARTIAL_FT,P2,S2,10,B,1,42,1e-05,0.0,20,1559667898,35,1400,0.32798312798312795,0.2521810876587083,0.2814285714285714,0.2814285714285714,0.0,0.0|0.25|0.75|0.25|0.0|0.25|0.47,0.060032699285543355,True
PARTIAL_FT,P2,S2,10,B,1,42,1e-05,0.0001,5,585661489,35,1400,0.32798312798312795,0.25002605572387626,0.2792857142857143,0.27928571428571425,0.0,0.0|0.25|0.75|0.25|0.0|0.235|0.47,0.015405748606963388,True
PARTIAL_FT,P2,S2,10,B,1,42,1e-05,0.0001,10,585661489,35,1400,0.32798312798312795,0.25002605572387626,0.2792857142857143,0.27928571428571425,0.0,0.0|0.25|0.75|0.25|0.0|0.235|0.47,0.030452372377484976,True
PARTIAL_FT,P2,S2,10,B,1,42,1e-05,0.0001,20,585661489,35,1400,0.32798312798312795,0.2521810876587083,0.2814285714285714,0.2814285714285714,0.0,0.0|0.25|0.75|0.25|0.0|0.25|0.47,0.060032699285543355,True
PARTIAL_FT,P2,S2,10,B,1,42,3e-05,0.0,5,2591242795,35,1400,0.32798312798312795,0.25002605572387626,0.2792857142857143,0.27928571428571425,0.0,0.0|0.25|0.75|0.25|0.0|0.235|0.47,0.04507526984635307,True
PARTIAL_FT,P2,S2,10,B,1,42,3e-05,0.0,10,2591242795,35,1400,0.32798312798312795,0.2521810876587083,0.2814285714285714,0.2814285714285714,0.0,0.0|0.25|0.75|0.25|0.0|0.25|0.47,0.08874369129684326,True
PARTIAL_FT,P2,S2,10,B,1,42,3e-05,0.0,20,2591242795,35,1400,0.36002886002886003,0.2521810876587083,0.2814285714285714,0.2814285714285714,0.0,0.0|0.25|0.75|0.25|0.0|0.25|0.47,0.1732323484912135,True
PARTIAL_FT,P2,S2,10,B,1,42,3e-05,0.0001,5,754476422,35,1400,0.32798312798312795,0.25002605572387626,0.2792857142857143,0.27928571428571425,0.0,0.0|0.25|0.75|0.25|0.0|0.235|0.47,0.04507526984635307,True
PARTIAL_FT,P2,S2,10,B,1,42,3e-05,0.0001,10,754476422,35,1400,0.32798312798312795,0.2521810876587083,0.2814285714285714,0.2814285714285714,0.0,0.0|0.25|0.75|0.25|0.0|0.25|0.47,0.08874369129684326,True
PARTIAL_FT,P2,S2,10,B,1,42,3e-05,0.0001,20,754476422,35,1400,0.36002886002886003,0.2521810876587083,0.2814285714285714,0.2814285714285714,0.0,0.0|0.25|0.75|0.25|0.0|0.25|0.47,0.1732323484912135,True
PARTIAL_FT,P2,S2,10,B,1,42,0.0001,0.0,5,3412906866,35,1400,0.36002886002886003,0.2521810876587083,0.2814285714285714,0.2814285714285714,0.0,0.0|0.25|0.75|0.25|0.0|0.25|0.47,0.14206551682764065,True
PARTIAL_FT,P2,S2,10,B,1,42,0.0001,0.0,10,3412906866,35,1400,0.4216339216339216,0.2478731718209222,0.2814285714285714,0.2814285714285714,0.0,0.0|0.25|0.75|0.25|0.0|0.25|0.47,0.27639190244548795,True
PARTIAL_FT,P2,S2,10,B,1,42,0.0001,0.0,20,3412906866,35,1400,0.5495726495726495,0.24617604961205022,0.2814285714285714,0.2814285714285714,0.0,0.0|0.25|0.75|0.25|0.0|0.25|0.47,0.5249942742840685,True
PARTIAL_FT,P2,S2,10,B,1,42,0.0001,0.0001,5,1464697300,35,1400,0.36002886002886003,0.2521810876587083,0.2814285714285714,0.2814285714285714,0.0,0.0|0.25|0.75|0.25|0.0|0.25|0.47,0.14206551682764065,True
PARTIAL_FT,P2,S2,10,B,1,42,0.0001,0.0001,10,1464697300,35,1400,0.4216339216339216,0.2478731718209222,0.2814285714285714,0.2814285714285714,0.0,0.0|0.25|0.75|0.25|0.0|0.25|0.47,0.27639190244548795,True
PARTIAL_FT,P2,S2,10,B,1,42,0.0001,0.0001,20,1464697300,35,1400,0.5495726495726495,0.24617604961205022,0.2814285714285714,0.2814285714285714,0.0,0.0|0.25|0.75|0.25|0.0|0.25|0.47,0.5249942742840685,True
PARTIAL_FT,P2,S2,10,B,1,42,0.0003,0.0,5,677589885,35,1400,0.4055167055167055,0.242016544804361,0.2814285714285714,0.2814285714285714,0.0,0.0|0.25|0.75|0.25|0.0|0.25|0.47,0.3202777337723438,True
PARTIAL_FT,P2,S2,10,B,1,42,0.0003,0.0,10,677589885,35,1400,0.5321999429142286,0.24614801864456964,0.2814285714285714,0.2814285714285714,0.0,0.0|0.25|0.75|0.25|0.0|0.25|0.47,0.577146190319834,True
PARTIAL_FT,P2,S2,10,B,1,42,0.0003,0.0,20,677589885,35,1400,0.6386882958311529,0.25297877070048563,0.2814285714285714,0.2814285714285714,0.0,0.0|0.25|0.75|0.25|0.0|0.25|0.47,1.0353814259707976,True
PARTIAL_FT,P2,S2,10,B,1,42,0.0003,0.0001,5,2804970377,35,1400,0.4055167055167055,0.242016544804361,0.2814285714285714,0.2814285714285714,0.0,0.0|0.25|0.75|0.25|0.0|0.25|0.47,0.32027765816799403,True
PARTIAL_FT,P2,S2,10,B,1,42,0.0003,0.0001,10,2804970377,35,1400,0.5321999429142286,0.24614801864456964,0.2814285714285714,0.2814285714285714,0.0,0.0|0.25|0.75|0.25|0.0|0.25|0.47,0.5771459261067852,True
PARTIAL_FT,P2,S2,10,B,1,42,0.0003,0.0001,20,2804970377,35,1400,0.6386882958311529,0.25297877070048563,0.2814285714285714,0.2814285714285714,0.0,0.0|0.25|0.75|0.25|0.0|0.25|0.47,1.0353789974382568,True
FULL_FT,P2,S2,10,B,1,42,1e-05,0.0,5,2916555027,35,1400,0.32798312798312795,0.25002605572387626,0.2792857142857143,0.27928571428571425,0.0,0.0|0.25|0.75|0.25|0.0|0.235|0.47,0.01735897785711988,True
FULL_FT,P2,S2,10,B,1,42,1e-05,0.0,10,2916555027,35,1400,0.32798312798312795,0.2521810876587083,0.2814285714285714,0.2814285714285714,0.0,0.0|0.25|0.75|0.25|0.0|0.25|0.47,0.03458657563289423,True
FULL_FT,P2,S2,10,B,1,42,1e-05,0.0,20,2916555027,35,1400,0.36002886002886003,0.2521810876587083,0.2814285714285714,0.2814285714285714,0.0,0.0|0.25|0.75|0.25|0.0|0.25|0.47,0.06881049677577808,True
FULL_FT,P2,S2,10,B,1,42,1e-05,0.0001,5,693014791,35,1400,0.32798312798312795,0.25002605572387626,0.2792857142857143,0.27928571428571425,0.0,0.0|0.25|0.75|0.25|0.0|0.235|0.47,0.01735897785711988,True
FULL_FT,P2,S2,10,B,1,42,1e-05,0.0001,10,693014791,35,1400,0.32798312798312795,0.2521810876587083,0.2814285714285714,0.2814285714285714,0.0,0.0|0.25|0.75|0.25|0.0|0.25|0.47,0.03458657563289423,True
FULL_FT,P2,S2,10,B,1,42,1e-05,0.0001,20,693014791,35,1400,0.36002886002886003,0.2521810876587083,0.2814285714285714,0.2814285714285714,0.0,0.0|0.25|0.75|0.25|0.0|0.25|0.47,0.06881049677577808,True
FULL_FT,P2,S2,10,B,1,42,3e-05,0.0,5,2442905865,35,1400,0.36002886002886003,0.2521810876587083,0.2814285714285714,0.2814285714285714,0.0,0.0|0.25|0.75|0.25|0.0|0.25|0.47,0.04814270339507591,True
FULL_FT,P2,S2,10,B,1,42,3e-05,0.0,10,2442905865,35,1400,0.397968697968698,0.2489061172921408,0.2814285714285714,0.2814285714285714,0.0,0.0|0.25|0.75|0.25|0.0|0.25|0.47,0.09561944398295343,True
FULL_FT,P2,S2,10,B,1,42,3e-05,0.0,20,2442905865,35,1400,0.45342752485609633,0.2522206264370141,0.2814285714285714,0.2814285714285714,0.0,0.0|0.25|0.75|0.25|0.0|0.25|0.47,0.1876897890172475,True
FULL_FT,P2,S2,10,B,1,42,3e-05,0.0001,5,2922810502,35,1400,0.36002886002886003,0.2521810876587083,0.2814285714285714,0.2814285714285714,0.0,0.0|0.25|0.75|0.25|0.0|0.25|0.47,0.04814270339507591,True
FULL_FT,P2,S2,10,B,1,42,3e-05,0.0001,10,2922810502,35,1400,0.397968697968698,0.2489061172921408,0.2814285714285714,0.2814285714285714,0.0,0.0|0.25|0.75|0.25|0.0|0.25|0.47,0.09561944398295343,True
FULL_FT,P2,S2,10,B,1,42,3e-05,0.0001,20,2922810502,35,1400,0.45342752485609633,0.2522206264370141,0.2814285714285714,0.2814285714285714,0.0,0.0|0.25|0.75|0.25|0.0|0.25|0.47,0.1876897890172475,True
FULL_FT,P2,S2,10,B,1,42,0.0001,0.0,5,429359502,35,1400,0.4233766233766234,0.2124985479761686,0.24571428571428572,0.24571428571428572,0.0,0.0|0.25|0.75|0.25|0.0|0.0|0.47,0.10914112300157919,True
FULL_FT,P2,S2,10,B,1,42,0.0001,0.0,10,429359502,35,1400,0.44322344322344326,0.2546857258776322,0.2814285714285714,0.2814285714285714,0.0,0.0|0.25|0.75|0.25|0.0|0.25|0.47,0.2019498352738244,True
FULL_FT,P2,S2,10,B,1,42,0.0001,0.0,20,429359502,35,1400,0.5724751439037153,0.2552445366046859,0.2814285714285714,0.2814285714285714,0.0,0.0|0.25|0.75|0.25|0.0|0.25|0.47,0.3833558643081625,True
FULL_FT,P2,S2,10,B,1,42,0.0001,0.0001,5,764490450,35,1400,0.4233766233766234,0.2124985479761686,0.24571428571428572,0.24571428571428572,0.0,0.0|0.25|0.75|0.25|0.0|0.0|0.47,0.10914112300157919,True
FULL_FT,P2,S2,10,B,1,42,0.0001,0.0001,10,764490450,35,1400,0.44322344322344326,0.2546857258776322,0.2814285714285714,0.2814285714285714,0.0,0.0|0.25|0.75|0.25|0.0|0.25|0.47,0.2019498352738244,True
FULL_FT,P2,S2,10,B,1,42,0.0001,0.0001,20,764490450,35,1400,0.5724751439037153,0.2552445366046859,0.2814285714285714,0.2814285714285714,0.0,0.0|0.25|0.75|0.25|0.0|0.25|0.47,0.3833558643081625,True
FULL_FT,P2,S2,10,B,1,42,0.0003,0.0,5,180778698,35,1400,0.4286126571840857,0.125460964657381,0.15928571428571428,0.15928571428571428,0.0,0.0|0.25|0.0|0.5|0.0|0.0|0.365,0.20594280799362347,True
FULL_FT,P2,S2,10,B,1,42,0.0003,0.0,10,180778698,35,1400,0.29302490226859973,0.1860104804981612,0.21428571428571427,0.21428571428571427,0.0,0.0|0.0|0.75|0.25|0.0|0.25|0.25,0.30608076497447334,True
FULL_FT,P2,S2,10,B,1,42,0.0003,0.0,20,180778698,35,1400,0.5126111983254841,0.2548239644951335,0.2814285714285714,0.2814285714285714,0.0,0.0|0.25|0.75|0.5|0.0|0.0|0.47,0.5145418908062891,True
FULL_FT,P2,S2,10,B,1,42,0.0003,0.0001,5,1680344338,35,1400,0.4286126571840857,0.125460964657381,0.15928571428571428,0.15928571428571428,0.0,0.0|0.25|0.0|0.5|0.0|0.0|0.365,0.20594136022290244,True
FULL_FT,P2,S2,10,B,1,42,0.0003,0.0001,10,1680344338,35,1400,0.29302490226859973,0.1860104804981612,0.21428571428571427,0.21428571428571427,0.0,0.0|0.0|0.75|0.25|0.0|0.25|0.25,0.3060746511827664,True
FULL_FT,P2,S2,10,B,1,42,0.0003,0.0001,20,1680344338,35,1400,0.5126111983254841,0.2548239644951335,0.2814285714285714,0.2814285714285714,0.0,0.0|0.25|0.75|0.5|0.0|0.0|0.47,0.5145206745200175,True
PARTIAL_FT,P2,S2,10,B,1,43,1e-05,0.0,5,530289366,35,1400,0.3393733250876108,0.24465883308589773,0.2842857142857143,0.28428571428571425,0.0,0.0|0.25|0.75|0.505|0.0|0.015|0.47,0.015501992816514055,True
PARTIAL_FT,P2,S2,10,B,1,43,1e-05,0.0,10,530289366,35,1400,0.3393733250876108,0.24521051947660213,0.2842857142857143,0.28428571428571425,0.0,0.0|0.25|0.75|0.505|0.0|0.015|0.47,0.030720829053094492,True
PARTIAL_FT,P2,S2,10,B,1,43,1e-05,0.0,20,530289366,35,1400,0.3393733250876108,0.24521051947660213,0.2842857142857143,0.28428571428571425,0.0,0.0|0.25|0.75|0.505|0.0|0.015|0.47,0.060651349114118416,True
PARTIAL_FT,P2,S2,10,B,1,43,1e-05,0.0001,5,175866022,35,1400,0.3393733250876108,0.24465883308589773,0.2842857142857143,0.28428571428571425,0.0,0.0|0.25|0.75|0.505|0.0|0.015|0.47,0.015501992816514055,True
PARTIAL_FT,P2,S2,10,B,1,43,1e-05,0.0001,10,175866022,35,1400,0.3393733250876108,0.24521051947660213,0.2842857142857143,0.28428571428571425,0.0,0.0|0.25|0.75|0.505|0.0|0.015|0.47,0.030720829053094492,True
PARTIAL_FT,P2,S2,10,B,1,43,1e-05,0.0001,20,175866022,35,1400,0.3393733250876108,0.24521051947660213,0.2842857142857143,0.28428571428571425,0.0,0.0|0.25|0.75|0.505|0.0|0.015|0.47,0.060651349114118416,True
PARTIAL_FT,P2,S2,10,B,1,43,3e-05,0.0,5,485686053,35,1400,0.3393733250876108,0.24521051947660213,0.2842857142857143,0.28428571428571425,0.0,0.0|0.25|0.75|0.505|0.0|0.015|0.47,0.045754286134321656,True
PARTIAL_FT,P2,S2,10,B,1,43,3e-05,0.0,10,485686053,35,1400,0.3393733250876108,0.24779272634402755,0.2842857142857143,0.28428571428571425,0.0,0.0|0.25|0.75|0.505|0.0|0.015|0.47,0.09012511330465388,True
PARTIAL_FT,P2,S2,10,B,1,43,3e-05,0.0,20,485686053,35,1400,0.39673263244691814,0.25326380226541173,0.2842857142857143,0.28428571428571425,0.0,0.0|0.25|0.75|0.505|0.0|0.015|0.47,0.17665290044801435,True
PARTIAL_FT,P2,S2,10,B,1,43,3e-05,0.0001,5,2638722486,35,1400,0.3393733250876108,0.24521051947660213,0.2842857142857143,0.28428571428571425,0.0,0.0|0.25|0.75|0.505|0.0|0.015|0.47,0.045754286134321656,True
PARTIAL_FT,P2,S2,10,B,1,43,3e-05,0.0001,10,2638722486,35,1400,0.3393733250876108,0.24779272634402755,0.2842857142857143,0.28428571428571425,0.0,0.0|0.25|0.75|0.505|0.0|0.015|0.47,0.09012511330465388,True
PARTIAL_FT,P2,S2,10,B,1,43,3e-05,0.0001,20,2638722486,35,1400,0.39673263244691814,0.25326380226541173,0.2842857142857143,0.28428571428571425,0.0,0.0|0.25|0.75|0.505|0.0|0.015|0.47,0.17665290044801435,True
PARTIAL_FT,P2,S2,10,B,1,43,0.0001,0.0,5,1884455099,35,1400,0.3393733250876108,0.2525988435720792,0.2842857142857143,0.28428571428571425,0.0,0.0|0.25|0.75|0.505|0.0|0.015|0.47,0.14695214892790198,True
PARTIAL_FT,P2,S2,10,B,1,43,0.0001,0.0,10,1884455099,35,1400,0.39673263244691814,0.25353131087479597,0.2842857142857143,0.28428571428571425,0.0,0.0|0.25|0.75|0.505|0.0|0.015|0.47,0.2860956708522722,True
PARTIAL_FT,P2,S2,10,B,1,43,0.0001,0.0,20,1884455099,35,1400,0.5460729746444032,0.24742875504492945,0.2842857142857143,0.28428571428571425,0.0,0.0|0.25|0.75|0.505|0.0|0.015|0.47,0.5436903789110205,True
PARTIAL_FT,P2,S2,10,B,1,43,0.0001,0.0001,5,3248272997,35,1400,0.3393733250876108,0.2525988435720792,0.2842857142857143,0.28428571428571425,0.0,0.0|0.25|0.75|0.505|0.0|0.015|0.47,0.14695214892790198,True
PARTIAL_FT,P2,S2,10,B,1,43,0.0001,0.0001,10,3248272997,35,1400,0.39673263244691814,0.25353131087479597,0.2842857142857143,0.28428571428571425,0.0,0.0|0.25|0.75|0.505|0.0|0.015|0.47,0.2860956708522722,True
PARTIAL_FT,P2,S2,10,B,1,43,0.0001,0.0001,20,3248272997,35,1400,0.5460729746444032,0.24742875504492945,0.2842857142857143,0.28428571428571425,0.0,0.0|0.25|0.75|0.505|0.0|0.015|0.47,0.5436903789110205,True
PARTIAL_FT,P2,S2,10,B,1,43,0.0003,0.0,5,1597797836,35,1400,0.4251209108351965,0.24306279274800202,0.2842857142857143,0.28428571428571425,0.0,0.0|0.25|0.75|0.505|0.0|0.015|0.47,0.38949276246602865,True
PARTIAL_FT,P2,S2,10,B,1,43,0.0003,0.0,10,1597797836,35,1400,0.5521954236239951,0.2448570020848338,0.2842857142857143,0.28428571428571425,0.0,0.0|0.25|0.75|0.505|0.0|0.015|0.47,0.7248662029719014,True
PARTIAL_FT,P2,S2,10,B,1,43,0.0003,0.0,20,1597797836,35,1400,0.6904761904761905,0.24644556921052604,0.2864285714285714,0.2864285714285714,0.0,0.0|0.25|0.75|0.505|0.0|0.015|0.485,1.3172111605300092,True
PARTIAL_FT,P2,S2,10,B,1,43,0.0003,0.0001,5,247784735,35,1400,0.4251209108351965,0.24306279274800202,0.2842857142857143,0.28428571428571425,0.0,0.0|0.25|0.75|0.505|0.0|0.015|0.47,0.3894926109289904,True
PARTIAL_FT,P2,S2,10,B,1,43,0.0003,0.0001,10,247784735,35,1400,0.5521954236239951,0.2448570020848338,0.2842857142857143,0.28428571428571425,0.0,0.0|0.25|0.75|0.505|0.0|0.015|0.47,0.7248656858316782,True
PARTIAL_FT,P2,S2,10,B,1,43,0.0003,0.0001,20,247784735,35,1400,0.6904761904761905,0.24644556921052604,0.2864285714285714,0.2864285714285714,0.0,0.0|0.25|0.75|0.505|0.0|0.015|0.485,1.3172092114810878,True
FULL_FT,P2,S2,10,B,1,43,1e-05,0.0,5,2759857833,35,1400,0.3393733250876108,0.24521051947660213,0.2842857142857143,0.28428571428571425,0.0,0.0|0.25|0.75|0.505|0.0|0.015|0.47,0.018280113223383652,True
FULL_FT,P2,S2,10,B,1,43,1e-05,0.0,10,2759857833,35,1400,0.3393733250876108,0.24521051947660213,0.2842857142857143,0.28428571428571425,0.0,0.0|0.25|0.75|0.505|0.0|0.015|0.47,0.03607924213348432,True
FULL_FT,P2,S2,10,B,1,43,1e-05,0.0,20,2759857833,35,1400,0.3393733250876108,0.24843476092978523,0.2842857142857143,0.28428571428571425,0.0,0.0|0.25|0.75|0.505|0.0|0.015|0.47,0.07105018295665581,True
FULL_FT,P2,S2,10,B,1,43,1e-05,0.0001,5,689162552,35,1400,0.3393733250876108,0.24521051947660213,0.2842857142857143,0.28428571428571425,0.0,0.0|0.25|0.75|0.505|0.0|0.015|0.47,0.018280113223383652,True
FULL_FT,P2,S2,10,B,1,43,1e-05,0.0001,10,689162552,35,1400,0.3393733250876108,0.24521051947660213,0.2842857142857143,0.28428571428571425,0.0,0.0|0.25|0.75|0.505|0.0|0.015|0.47,0.03607924213348432,True
FULL_FT,P2,S2,10,B,1,43,1e-05,0.0001,20,689162552,35,1400,0.3393733250876108,0.24843476092978523,0.2842857142857143,0.28428571428571425,0.0,0.0|0.25|0.75|0.505|0.0|0.015|0.47,0.07105018295665581,True
FULL_FT,P2,S2,10,B,1,43,3e-05,0.0,5,605763079,35,1400,0.3393733250876108,0.24521051947660213,0.2842857142857143,0.28428571428571425,0.0,0.0|0.25|0.75|0.505|0.0|0.015|0.47,0.053287576002065844,True
FULL_FT,P2,S2,10,B,1,43,3e-05,0.0,10,605763079,35,1400,0.39673263244691814,0.25047103832066925,0.2842857142857143,0.28428571428571425,0.0,0.0|0.25|0.75|0.505|0.0|0.015|0.47,0.10484279981422964,True
FULL_FT,P2,S2,10,B,1,43,3e-05,0.0,20,605763079,35,1400,0.44862518433947,0.2430696133325261,0.2842857142857143,0.28428571428571425,0.0,0.0|0.25|0.75|0.505|0.0|0.015|0.47,0.20409861424118547,True
FULL_FT,P2,S2,10,B,1,43,3e-05,0.0001,5,3952898583,35,1400,0.3393733250876108,0.24521051947660213,0.2842857142857143,0.28428571428571425,0.0,0.0|0.25|0.75|0.505|0.0|0.015|0.47,0.053287576002065844,True
FULL_FT,P2,S2,10,B,1,43,3e-05,0.0001,10,3952898583,35,1400,0.39673263244691814,0.25047103832066925,0.2842857142857143,0.28428571428571425,0.0,0.0|0.25|0.75|0.505|0.0|0.015|0.47,0.10484279981422964,True
FULL_FT,P2,S2,10,B,1,43,3e-05,0.0001,20,3952898583,35,1400,0.44862518433947,0.2430696133325261,0.2842857142857143,0.28428571428571425,0.0,0.0|0.25|0.75|0.505|0.0|0.015|0.47,0.20409861424118547,True
FULL_FT,P2,S2,10,B,1,43,0.0001,0.0,5,3387999410,35,1400,0.4190769547912406,0.24232117194039252,0.2842857142857143,0.28428571428571425,0.0,0.0|0.25|0.75|0.505|0.0|0.015|0.47,0.1512844531462566,True
FULL_FT,P2,S2,10,B,1,43,0.0001,0.0,10,3387999410,35,1400,0.5179344465058751,0.24529626996071324,0.2842857142857143,0.28428571428571425,0.0,0.0|0.25|0.75|0.505|0.0|0.015|0.47,0.2857998563331939,True
FULL_FT,P2,S2,10,B,1,43,0.0001,0.0,20,3387999410,35,1400,0.6390022675736962,0.21164576707566463,0.24857142857142858,0.24857142857142853,0.0,0.0|0.0|0.75|0.505|0.0|0.015|0.47,0.5368272467794968,True
FULL_FT,P2,S2,10,B,1,43,0.0001,0.0001,5,3276850024,35,1400,0.4190769547912406,0.24232117194039252,0.2842857142857143,0.28428571428571425,0.0,0.0|0.25|0.75|0.505|0.0|0.015|0.47,0.1512844531462566,True
FULL_FT,P2,S2,10,B,1,43,0.0001,0.0001,10,3276850024,35,1400,0.5179344465058751,0.24529626996071324,0.2842857142857143,0.28428571428571425,0.0,0.0|0.25|0.75|0.505|0.0|0.015|0.47,0.2857998563331939,True
FULL_FT,P2,S2,10,B,1,43,0.0001,0.0001,20,3276850024,35,1400,0.6390022675736962,0.21164576707566463,0.24857142857142858,0.24857142857142853,0.0,0.0|0.0|0.75|0.505|0.0|0.015|0.47,0.5368272467794968,True
FULL_FT,P2,S2,10,B,1,43,0.0003,0.0,5,900653648,35,1400,0.4188752424046542,0.21787847122994256,0.2507142857142857,0.2507142857142857,0.0,0.0|0.255|0.75|0.25|0.0|0.015|0.485,0.2853536118519662,True
FULL_FT,P2,S2,10,B,1,43,0.0003,0.0,10,900653648,35,1400,0.4867023732569951,0.18737526755051478,0.24214285714285713,0.24214285714285713,0.0,0.0|0.0|0.75|0.505|0.0|0.015|0.425,0.4423931992357642,True
FULL_FT,P2,S2,10,B,1,43,0.0003,0.0,20,900653648,35,1400,0.6111721611721611,0.22099373452779364,0.26857142857142857,0.26857142857142857,0.0,0.0|0.11|0.735|0.535|0.0|0.015|0.485,0.7397240404157976,True
FULL_FT,P2,S2,10,B,1,43,0.0003,0.0001,5,2657118916,35,1400,0.4188752424046542,0.21787847122994256,0.2507142857142857,0.2507142857142857,0.0,0.0|0.255|0.75|0.25|0.0|0.015|0.485,0.28536631798788803,True
FULL_FT,P2,S2,10,B,1,43,0.0003,0.0001,10,2657118916,35,1400,0.4867023732569951,0.18442278281233312,0.23785714285714285,0.23785714285714282,0.0,0.0|0.0|0.75|0.505|0.0|0.015|0.395,0.44236436845817484,True
FULL_FT,P2,S2,10,B,1,43,0.0003,0.0001,20,2657118916,35,1400,0.6111721611721611,0.22099373452779364,0.26857142857142857,0.26857142857142857,0.0,0.0|0.11|0.735|0.535|0.0|0.015|0.485,0.7394414975234502,True
PARTIAL_FT,P2,S2,10,B,1,44,1e-05,0.0,5,2985779014,35,1400,0.33750693750693744,0.22813633570221478,0.24785714285714286,0.24785714285714283,0.0,0.0|0.25|0.5|0.25|0.0|0.25|0.485,0.015346316240988714,True
PARTIAL_FT,P2,S2,10,B,1,44,1e-05,0.0,10,2985779014,35,1400,0.33750693750693744,0.22742442303016921,0.24785714285714286,0.24785714285714283,0.0,0.0|0.25|0.5|0.25|0.0|0.25|0.485,0.030213398229135376,True
PARTIAL_FT,P2,S2,10,B,1,44,1e-05,0.0,20,2985779014,35,1400,0.3361987219130076,0.22850168678024405,0.24785714285714286,0.24785714285714283,0.0,0.0|0.25|0.5|0.25|0.0|0.25|0.485,0.059514635766393556,True
PARTIAL_FT,P2,S2,10,B,1,44,1e-05,0.0001,5,1777201063,35,1400,0.33750693750693744,0.22813633570221478,0.24785714285714286,0.24785714285714283,0.0,0.0|0.25|0.5|0.25|0.0|0.25|0.485,0.015346316240988714,True
PARTIAL_FT,P2,S2,10,B,1,44,1e-05,0.0001,10,1777201063,35,1400,0.33750693750693744,0.22742442303016921,0.24785714285714286,0.24785714285714283,0.0,0.0|0.25|0.5|0.25|0.0|0.25|0.485,0.030213398229135376,True
PARTIAL_FT,P2,S2,10,B,1,44,1e-05,0.0001,20,1777201063,35,1400,0.3361987219130076,0.22850168678024405,0.24785714285714286,0.24785714285714283,0.0,0.0|0.25|0.5|0.25|0.0|0.25|0.485,0.059514635766393556,True
PARTIAL_FT,P2,S2,10,B,1,44,3e-05,0.0,5,1390560556,35,1400,0.33750693750693744,0.22742442303016921,0.24785714285714286,0.24785714285714283,0.0,0.0|0.25|0.5|0.25|0.0|0.25|0.485,0.04450620861667116,True
PARTIAL_FT,P2,S2,10,B,1,44,3e-05,0.0,10,1390560556,35,1400,0.335064935064935,0.22887352338036848,0.24785714285714286,0.24785714285714283,0.0,0.0|0.25|0.5|0.25|0.0|0.25|0.485,0.08770098322568357,True
PARTIAL_FT,P2,S2,10,B,1,44,3e-05,0.0,20,1390560556,35,1400,0.366017316017316,0.2342271441186046,0.24785714285714286,0.24785714285714283,0.0,0.0|0.25|0.5|0.25|0.0|0.25|0.485,0.17238210566526185,True
PARTIAL_FT,P2,S2,10,B,1,44,3e-05,0.0001,5,3571558173,35,1400,0.33750693750693744,0.22742442303016921,0.24785714285714286,0.24785714285714283,0.0,0.0|0.25|0.5|0.25|0.0|0.25|0.485,0.04450620861667116,True
PARTIAL_FT,P2,S2,10,B,1,44,3e-05,0.0001,10,3571558173,35,1400,0.335064935064935,0.22887352338036848,0.24785714285714286,0.24785714285714283,0.0,0.0|0.25|0.5|0.25|0.0|0.25|0.485,0.08770098322568357,True
PARTIAL_FT,P2,S2,10,B,1,44,3e-05,0.0001,20,3571558173,35,1400,0.366017316017316,0.2342271441186046,0.24785714285714286,0.24785714285714283,0.0,0.0|0.25|0.5|0.25|0.0|0.25|0.485,0.17238210566526185,True
PARTIAL_FT,P2,S2,10,B,1,44,0.0001,0.0,5,4045527136,35,1400,0.335064935064935,0.2342271441186046,0.24785714285714286,0.24785714285714283,0.0,0.0|0.25|0.5|0.25|0.0|0.25|0.485,0.13859400344863376,True
PARTIAL_FT,P2,S2,10,B,1,44,0.0001,0.0,10,4045527136,35,1400,0.3634199134199134,0.25839112331997477,0.2792857142857143,0.2792857142857143,0.0,0.0|0.25|0.72|0.25|0.0|0.25|0.485,0.2710849254176995,True
PARTIAL_FT,P2,S2,10,B,1,44,0.0001,0.0,20,4045527136,35,1400,0.45584415584415583,0.288233585935191,0.315,0.315,0.0,0.0|0.25|0.75|0.47|0.0|0.25|0.485,0.515288481797814,True
PARTIAL_FT,P2,S2,10,B,1,44,0.0001,0.0001,5,3002104703,35,1400,0.335064935064935,0.2342271441186046,0.24785714285714286,0.24785714285714283,0.0,0.0|0.25|0.5|0.25|0.0|0.25|0.485,0.13859400344863376,True
PARTIAL_FT,P2,S2,10,B,1,44,0.0001,0.0001,10,3002104703,35,1400,0.3634199134199134,0.25839112331997477,0.2792857142857143,0.2792857142857143,0.0,0.0|0.25|0.72|0.25|0.0|0.25|0.485,0.2710849254176995,True
PARTIAL_FT,P2,S2,10,B,1,44,0.0001,0.0001,20,3002104703,35,1400,0.45584415584415583,0.288233585935191,0.315,0.315,0.0,0.0|0.25|0.75|0.47|0.0|0.25|0.485,0.515288481797814,True
PARTIAL_FT,P2,S2,10,B,1,44,0.0003,0.0,5,3266982066,35,1400,0.43242630385487535,0.25836095435005196,0.2792857142857143,0.2792857142857143,0.0,0.0|0.25|0.5|0.47|0.0|0.25|0.485,0.3236290979222561,True
PARTIAL_FT,P2,S2,10,B,1,44,0.0003,0.0,10,3266982066,35,1400,0.45969903112760263,0.2888263272273806,0.315,0.315,0.0,0.0|0.25|0.75|0.47|0.0|0.25|0.485,0.5923385907058435,True
PARTIAL_FT,P2,S2,10,B,1,44,0.0003,0.0,20,3266982066,35,1400,0.5298237476808906,0.32406286527196787,0.3507142857142857,0.3507142857142857,0.0,0.0|0.25|0.75|0.72|0.0|0.25|0.485,1.0679069769965461,True
PARTIAL_FT,P2,S2,10,B,1,44,0.0003,0.0001,5,3785361531,35,1400,0.43242630385487535,0.25836095435005196,0.2792857142857143,0.2792857142857143,0.0,0.0|0.25|0.5|0.47|0.0|0.25|0.485,0.32362904286286304,True
PARTIAL_FT,P2,S2,10,B,1,44,0.0003,0.0001,10,3785361531,35,1400,0.45969903112760263,0.2888263272273806,0.315,0.315,0.0,0.0|0.25|0.75|0.47|0.0|0.25|0.485,0.5923383300019812,True
PARTIAL_FT,P2,S2,10,B,1,44,0.0003,0.0001,20,3785361531,35,1400,0.5298237476808906,0.32406286527196787,0.3507142857142857,0.3507142857142857,0.0,0.0|0.25|0.75|0.72|0.0|0.25|0.485,1.067905952986147,True
FULL_FT,P2,S2,10,B,1,44,1e-05,0.0,5,2357012238,35,1400,0.33750693750693744,0.22742442303016921,0.24785714285714286,0.24785714285714283,0.0,0.0|0.25|0.5|0.25|0.0|0.25|0.485,0.017294134992355697,True
FULL_FT,P2,S2,10,B,1,44,1e-05,0.0,10,2357012238,35,1400,0.33750693750693744,0.22742442303016921,0.24785714285714286,0.24785714285714283,0.0,0.0|0.25|0.5|0.25|0.0|0.25|0.485,0.03431237625572757,True
FULL_FT,P2,S2,10,B,1,44,1e-05,0.0,20,2357012238,35,1400,0.3361987219130076,0.2321040018680738,0.24785714285714286,0.24785714285714283,0.0,0.0|0.25|0.5|0.25|0.0|0.25|0.485,0.06838830410071489,True
FULL_FT,P2,S2,10,B,1,44,1e-05,0.0001,5,2084075761,35,1400,0.33750693750693744,0.22742442303016921,0.24785714285714286,0.24785714285714283,0.0,0.0|0.25|0.5|0.25|0.0|0.25|0.485,0.017294134992355697,True
FULL_FT,P2,S2,10,B,1,44,1e-05,0.0001,10,2084075761,35,1400,0.33750693750693744,0.22742442303016921,0.24785714285714286,0.24785714285714283,0.0,0.0|0.25|0.5|0.25|0.0|0.25|0.485,0.03431237625572757,True
FULL_FT,P2,S2,10,B,1,44,1e-05,0.0001,20,2084075761,35,1400,0.3361987219130076,0.2321040018680738,0.24785714285714286,0.24785714285714283,0.0,0.0|0.25|0.5|0.25|0.0|0.25|0.485,0.06838830410071489,True
FULL_FT,P2,S2,10,B,1,44,3e-05,0.0,5,1425330933,35,1400,0.3350443207586064,0.2271172122185627,0.24785714285714286,0.24785714285714283,0.0,0.0|0.25|0.5|0.25|0.0|0.25|0.485,0.04831162541610437,True
FULL_FT,P2,S2,10,B,1,44,3e-05,0.0,10,1425330933,35,1400,0.3361987219130076,0.26147731655712264,0.2835714285714286,0.28357142857142853,0.0,0.0|0.25|0.75|0.25|0.0|0.25|0.485,0.0961958762900307,True
FULL_FT,P2,S2,10,B,1,44,3e-05,0.0,20,1425330933,35,1400,0.45202020202020204,0.26147731655712264,0.2835714285714286,0.28357142857142853,0.0,0.0|0.25|0.75|0.25|0.0|0.25|0.485,0.1898868583239224,True
FULL_FT,P2,S2,10,B,1,44,3e-05,0.0001,5,856523778,35,1400,0.3350443207586064,0.2271172122185627,0.24785714285714286,0.24785714285714283,0.0,0.0|0.25|0.5|0.25|0.0|0.25|0.485,0.04831162541610437,True
FULL_FT,P2,S2,10,B,1,44,3e-05,0.0001,10,856523778,35,1400,0.3361987219130076,0.26147731655712264,0.2835714285714286,0.28357142857142853,0.0,0.0|0.25|0.75|0.25|0.0|0.25|0.485,0.0961958762900307,True
FULL_FT,P2,S2,10,B,1,44,3e-05,0.0001,20,856523778,35,1400,0.45202020202020204,0.26147731655712264,0.2835714285714286,0.28357142857142853,0.0,0.0|0.25|0.75|0.25|0.0|0.25|0.485,0.1898868583239224,True
FULL_FT,P2,S2,10,B,1,44,0.0001,0.0,5,1525696308,35,1400,0.3319823034108748,0.2877528317242469,0.3142857142857143,0.31428571428571433,0.0,0.0|0.25|0.75|0.465|0.0|0.25|0.485,0.11924078826179074,True
FULL_FT,P2,S2,10,B,1,44,0.0001,0.0,10,1525696308,35,1400,0.45341087483944625,0.26045569651614064,0.2835714285714286,0.28357142857142853,0.0,0.0|0.25|0.75|0.25|0.0|0.25|0.485,0.22640002650459967,True
FULL_FT,P2,S2,10,B,1,44,0.0001,0.0,20,1525696308,35,1400,0.5029573601002172,0.2888263272273806,0.315,0.315,0.0,0.0|0.25|0.75|0.47|0.0|0.25|0.485,0.43129912312824653,True
FULL_FT,P2,S2,10,B,1,44,0.0001,0.0001,5,95760310,35,1400,0.3319823034108748,0.2877528317242469,0.3142857142857143,0.31428571428571433,0.0,0.0|0.25|0.75|0.465|0.0|0.25|0.485,0.11924078826179074,True
FULL_FT,P2,S2,10,B,1,44,0.0001,0.0001,10,95760310,35,1400,0.45341087483944625,0.26045569651614064,0.2835714285714286,0.28357142857142853,0.0,0.0|0.25|0.75|0.25|0.0|0.25|0.485,0.22640002650459967,True
FULL_FT,P2,S2,10,B,1,44,0.0001,0.0001,20,95760310,35,1400,0.5029573601002172,0.2888263272273806,0.315,0.315,0.0,0.0|0.25|0.75|0.47|0.0|0.25|0.485,0.43129912312824653,True
FULL_FT,P2,S2,10,B,1,44,0.0003,0.0,5,2821580983,35,1400,0.2821067821067821,0.23357232845174783,0.245,0.24500000000000002,0.0,0.0|0.25|0.245|0.75|0.0|0.25|0.22,0.2269707034741287,True
FULL_FT,P2,S2,10,B,1,44,0.0003,0.0,10,2821580983,35,1400,0.4069609662046637,0.1658482290577802,0.21642857142857144,0.21642857142857144,0.0,0.0|0.0|0.75|0.25|0.0|0.03|0.485,0.3641846123240425,True
FULL_FT,P2,S2,10,B,1,44,0.0003,0.0,20,2821580983,35,1400,0.48384789813361245,0.24924287403097048,0.2842857142857143,0.28428571428571425,0.0,0.0|0.25|0.255|0.75|0.0|0.25|0.485,0.6351189230608013,True
FULL_FT,P2,S2,10,B,1,44,0.0003,0.0001,5,689682959,35,1400,0.2821067821067821,0.23357232845174783,0.245,0.24500000000000002,0.0,0.0|0.25|0.245|0.75|0.0|0.25|0.22,0.22697064618058074,True
FULL_FT,P2,S2,10,B,1,44,0.0003,0.0001,10,689682959,35,1400,0.4069609662046637,0.16620726282610288,0.21642857142857144,0.21642857142857144,0.0,0.0|0.0|0.75|0.25|0.0|0.03|0.485,0.3641809990221821,True
FULL_FT,P2,S2,10,B,1,44,0.0003,0.0001,20,689682959,35,1400,0.48384789813361245,0.24924287403097048,0.2842857142857143,0.28428571428571425,0.0,0.0|0.25|0.255|0.75|0.0|0.25|0.485,0.635167420798048,True
PARTIAL_FT,P2,S2,10,B,1,45,1e-05,0.0,5,838465162,35,1400,0.32879818594104304,0.3190976821080776,0.3171428571428571,0.3171428571428571,0.0,0.25|0.0|0.75|0.25|0.25|0.25|0.47,0.015255322960484556,True
PARTIAL_FT,P2,S2,10,B,1,45,1e-05,0.0,10,838465162,35,1400,0.34512471655328797,0.3128060427393752,0.3171428571428571,0.3171428571428571,0.0,0.25|0.0|0.75|0.25|0.25|0.25|0.47,0.02997766893331188,True
PARTIAL_FT,P2,S2,10,B,1,45,1e-05,0.0,20,838465162,35,1400,0.36810173953031095,0.3124531638356523,0.3171428571428571,0.3171428571428571,0.0,0.25|0.0|0.75|0.25|0.25|0.25|0.47,0.058987186600776814,True
PARTIAL_FT,P2,S2,10,B,1,45,1e-05,0.0001,5,1723768687,35,1400,0.32879818594104304,0.3190976821080776,0.3171428571428571,0.3171428571428571,0.0,0.25|0.0|0.75|0.25|0.25|0.25|0.47,0.015255322960484556,True
PARTIAL_FT,P2,S2,10,B,1,45,1e-05,0.0001,10,1723768687,35,1400,0.34512471655328797,0.3128060427393752,0.3171428571428571,0.3171428571428571,0.0,0.25|0.0|0.75|0.25|0.25|0.25|0.47,0.02997766893331188,True
PARTIAL_FT,P2,S2,10,B,1,45,1e-05,0.0001,20,1723768687,35,1400,0.36810173953031095,0.3124531638356523,0.3171428571428571,0.3171428571428571,0.0,0.25|0.0|0.75|0.25|0.25|0.25|0.47,0.058987186600776814,True
PARTIAL_FT,P2,S2,10,B,1,45,3e-05,0.0,5,3617799739,35,1400,0.36810173953031095,0.3124531638356523,0.3171428571428571,0.3171428571428571,0.0,0.25|0.0|0.75|0.25|0.25|0.25|0.47,0.044016451230073,True
PARTIAL_FT,P2,S2,10,B,1,45,3e-05,0.0,10,3617799739,35,1400,0.40650619222047796,0.3124531638356523,0.3171428571428571,0.3171428571428571,0.0,0.25|0.0|0.75|0.25|0.25|0.25|0.47,0.08660426989252241,True
PARTIAL_FT,P2,S2,10,B,1,45,3e-05,0.0,20,3617799739,35,1400,0.40650619222047796,0.3124531638356523,0.3171428571428571,0.3171428571428571,0.0,0.25|0.0|0.75|0.25|0.25|0.25|0.47,0.1702939601623341,True
PARTIAL_FT,P2,S2,10,B,1,45,3e-05,0.0001,5,106034984,35,1400,0.36810173953031095,0.3124531638356523,0.3171428571428571,0.3171428571428571,0.0,0.25|0.0|0.75|0.25|0.25|0.25|0.47,0.044016451230073,True
PARTIAL_FT,P2,S2,10,B,1,45,3e-05,0.0001,10,106034984,35,1400,0.40650619222047796,0.3124531638356523,0.3171428571428571,0.3171428571428571,0.0,0.25|0.0|0.75|0.25|0.25|0.25|0.47,0.08660426989252241,True
PARTIAL_FT,P2,S2,10,B,1,45,3e-05,0.0001,20,106034984,35,1400,0.40650619222047796,0.3124531638356523,0.3171428571428571,0.3171428571428571,0.0,0.25|0.0|0.75|0.25|0.25|0.25|0.47,0.1702939601623341,True
PARTIAL_FT,P2,S2,10,B,1,45,0.0001,0.0,5,638023008,35,1400,0.40650619222047796,0.3124531638356523,0.3171428571428571,0.3171428571428571,0.0,0.25|0.0|0.75|0.25|0.25|0.25|0.47,0.1355024666752681,True
PARTIAL_FT,P2,S2,10,B,1,45,0.0001,0.0,10,638023008,35,1400,0.40650619222047796,0.3124531638356523,0.3171428571428571,0.3171428571428571,0.0,0.25|0.0|0.75|0.25|0.25|0.25|0.47,0.2656522958265431,True
PARTIAL_FT,P2,S2,10,B,1,45,0.0001,0.0,20,638023008,35,1400,0.48185941043083896,0.23144868102851296,0.25,0.25,0.0,0.0|0.0|0.75|0.25|0.25|0.03|0.47,0.5090184628687454,True
PARTIAL_FT,P2,S2,10,B,1,45,0.0001,0.0001,5,222756754,35,1400,0.40650619222047796,0.3124531638356523,0.3171428571428571,0.3171428571428571,0.0,0.25|0.0|0.75|0.25|0.25|0.25|0.47,0.1355024666752681,True
PARTIAL_FT,P2,S2,10,B,1,45,0.0001,0.0001,10,222756754,35,1400,0.40650619222047796,0.3124531638356523,0.3171428571428571,0.3171428571428571,0.0,0.25|0.0|0.75|0.25|0.25|0.25|0.47,0.2656522958265431,True
PARTIAL_FT,P2,S2,10,B,1,45,0.0001,0.0001,20,222756754,35,1400,0.48185941043083896,0.23144868102851296,0.25,0.25,0.0,0.0|0.0|0.75|0.25|0.25|0.03|0.47,0.5090184628687454,True
PARTIAL_FT,P2,S2,10,B,1,45,0.0003,0.0,5,91161096,35,1400,0.4010116867259725,0.2279181522262181,0.24357142857142858,0.24357142857142855,0.0,0.0|0.0|0.735|0.25|0.0|0.25|0.47,0.30466207213718016,True
PARTIAL_FT,P2,S2,10,B,1,45,0.0003,0.0,10,91161096,35,1400,0.4610389610389611,0.3101192523740345,0.315,0.315,0.0,0.235|0.0|0.75|0.25|0.25|0.25|0.47,0.5559010987137767,True
PARTIAL_FT,P2,S2,10,B,1,45,0.0003,0.0,20,91161096,35,1400,0.6284580498866212,0.2266428989613823,0.25,0.25,0.0,0.0|0.0|0.75|0.25|0.25|0.03|0.47,1.0138003359437597,True
PARTIAL_FT,P2,S2,10,B,1,45,0.0003,0.0001,5,170689881,35,1400,0.4010116867259725,0.2279181522262181,0.24357142857142858,0.24357142857142855,0.0,0.0|0.0|0.735|0.25|0.0|0.25|0.47,0.30466192731633934,True
PARTIAL_FT,P2,S2,10,B,1,45,0.0003,0.0001,10,170689881,35,1400,0.4610389610389611,0.3101192523740345,0.315,0.315,0.0,0.235|0.0|0.75|0.25|0.25|0.25|0.47,0.5559006185458171,True
PARTIAL_FT,P2,S2,10,B,1,45,0.0003,0.0001,20,170689881,35,1400,0.6284580498866212,0.2266428989613823,0.25,0.25,0.0,0.0|0.0|0.75|0.25|0.25|0.03|0.47,1.0138114999448948,True
FULL_FT,P2,S2,10,B,1,45,1e-05,0.0,5,779416884,35,1400,0.36810173953031095,0.3124531638356523,0.3171428571428571,0.3171428571428571,0.0,0.25|0.0|0.75|0.25|0.25|0.25|0.47,0.01729739719749394,True
FULL_FT,P2,S2,10,B,1,45,1e-05,0.0,10,779416884,35,1400,0.36810173953031095,0.3124531638356523,0.3171428571428571,0.3171428571428571,0.0,0.25|0.0|0.75|0.25|0.25|0.25|0.47,0.03395669023292046,True
FULL_FT,P2,S2,10,B,1,45,1e-05,0.0,20,779416884,35,1400,0.36810173953031095,0.3124531638356523,0.3171428571428571,0.3171428571428571,0.0,0.25|0.0|0.75|0.25|0.25|0.25|0.47,0.06762407487185201,True
FULL_FT,P2,S2,10,B,1,45,1e-05,0.0001,5,4128166566,35,1400,0.36810173953031095,0.3124531638356523,0.3171428571428571,0.3171428571428571,0.0,0.25|0.0|0.75|0.25|0.25|0.25|0.47,0.01729739719749394,True
FULL_FT,P2,S2,10,B,1,45,1e-05,0.0001,10,4128166566,35,1400,0.36810173953031095,0.3124531638356523,0.3171428571428571,0.3171428571428571,0.0,0.25|0.0|0.75|0.25|0.25|0.25|0.47,0.03395669023292046,True
FULL_FT,P2,S2,10,B,1,45,1e-05,0.0001,20,4128166566,35,1400,0.36810173953031095,0.3124531638356523,0.3171428571428571,0.3171428571428571,0.0,0.25|0.0|0.75|0.25|0.25|0.25|0.47,0.06762407487185201,True
FULL_FT,P2,S2,10,B,1,45,3e-05,0.0,5,1304978285,35,1400,0.40650619222047796,0.3124531638356523,0.3171428571428571,0.3171428571428571,0.0,0.25|0.0|0.75|0.25|0.25|0.25|0.47,0.047980276899391223,True
FULL_FT,P2,S2,10,B,1,45,3e-05,0.0,10,1304978285,35,1400,0.36810173953031095,0.2810444669318672,0.29,0.29000000000000004,0.0,0.06|0.0|0.75|0.25|0.25|0.25|0.47,0.09565184116529625,True
FULL_FT,P2,S2,10,B,1,45,3e-05,0.0,20,1304978285,35,1400,0.48185941043083896,0.27020202020202017,0.2814285714285714,0.2814285714285714,0.0,0.0|0.0|0.75|0.25|0.25|0.25|0.47,0.1889342597027198,True
FULL_FT,P2,S2,10,B,1,45,3e-05,0.0001,5,990382458,35,1400,0.40650619222047796,0.3124531638356523,0.3171428571428571,0.3171428571428571,0.0,0.25|0.0|0.75|0.25|0.25|0.25|0.47,0.047980276899391223,True
FULL_FT,P2,S2,10,B,1,45,3e-05,0.0001,10,990382458,35,1400,0.36810173953031095,0.2810444669318672,0.29,0.29000000000000004,0.0,0.06|0.0|0.75|0.25|0.25|0.25|0.47,0.09565184116529625,True
FULL_FT,P2,S2,10,B,1,45,3e-05,0.0001,20,990382458,35,1400,0.48185941043083896,0.27020202020202017,0.2814285714285714,0.2814285714285714,0.0,0.0|0.0|0.75|0.25|0.25|0.25|0.47,0.1889342597027198,True
FULL_FT,P2,S2,10,B,1,45,0.0001,0.0,5,1374079271,35,1400,0.40573315573315577,0.3349812253553613,0.3364285714285714,0.3364285714285714,0.0,0.15|0.0|0.735|0.5|0.25|0.25|0.47,0.11329074124364824,True
FULL_FT,P2,S2,10,B,1,45,0.0001,0.0,10,1374079271,35,1400,0.48246991104133957,0.3430654087336115,0.35285714285714287,0.3528571428571428,0.0,0.25|0.0|0.75|0.5|0.25|0.25|0.47,0.2118517102912295,True
FULL_FT,P2,S2,10,B,1,45,0.0001,0.0,20,1374079271,35,1400,0.5519274376417235,0.2663008503346384,0.2814285714285714,0.2814285714285714,0.0,0.0|0.0|0.75|0.25|0.25|0.25|0.47,0.4042822352483991,True
FULL_FT,P2,S2,10,B,1,45,0.0001,0.0001,5,1219066211,35,1400,0.40573315573315577,0.3349812253553613,0.3364285714285714,0.3364285714285714,0.0,0.15|0.0|0.735|0.5|0.25|0.25|0.47,0.11329074124364824,True
FULL_FT,P2,S2,10,B,1,45,0.0001,0.0001,10,1219066211,35,1400,0.48246991104133957,0.3430654087336115,0.35285714285714287,0.3528571428571428,0.0,0.25|0.0|0.75|0.5|0.25|0.25|0.47,0.2118517102912295,True
FULL_FT,P2,S2,10,B,1,45,0.0001,0.0001,20,1219066211,35,1400,0.5519274376417235,0.2663008503346384,0.2814285714285714,0.2814285714285714,0.0,0.0|0.0|0.75|0.25|0.25|0.25|0.47,0.4042822352483991,True
FULL_FT,P2,S2,10,B,1,45,0.0003,0.0,5,1058301588,35,1400,0.36274201988487703,0.20886131048141424,0.2092857142857143,0.2092857142857143,0.0,0.0|0.0|0.495|0.5|0.0|0.25|0.22,0.19833296958902677,True
FULL_FT,P2,S2,10,B,1,45,0.0003,0.0,10,1058301588,35,1400,0.48214285714285715,0.2401513317402108,0.2835714285714286,0.28357142857142853,0.0,0.25|0.0|0.75|0.5|0.0|0.015|0.47,0.30633277149302257,True
FULL_FT,P2,S2,10,B,1,45,0.0003,0.0,20,1058301588,35,1400,0.5663265306122449,0.2218077607393894,0.24571428571428572,0.24571428571428572,0.0,0.0|0.0|0.75|0.25|0.0|0.25|0.47,0.5278122933900661,True
FULL_FT,P2,S2,10,B,1,45,0.0003,0.0001,5,222298330,35,1400,0.36274201988487703,0.20886131048141424,0.2092857142857143,0.2092857142857143,0.0,0.0|0.0|0.495|0.5|0.0|0.25|0.22,0.19833292167079083,True
FULL_FT,P2,S2,10,B,1,45,0.0003,0.0001,10,222298330,35,1400,0.48214285714285715,0.2401513317402108,0.2835714285714286,0.28357142857142853,0.0,0.25|0.0|0.75|0.5|0.0|0.015|0.47,0.3063328571806321,True
FULL_FT,P2,S2,10,B,1,45,0.0003,0.0001,20,222298330,35,1400,0.5663265306122449,0.2218077607393894,0.24571428571428572,0.24571428571428572,0.0,0.0|0.0|0.75|0.25|0.0|0.25|0.47,0.5278113682558366,True
PARTIAL_FT,P2,S2,10,B,1,46,1e-05,0.0,5,2795587960,35,1400,0.33836877408305976,0.2091516085372982,0.24571428571428572,0.2457142857142857,0.0,0.0|0.0|0.735|0.25|0.0|0.25|0.485,0.015375417697965618,True
PARTIAL_FT,P2,S2,10,B,1,46,1e-05,0.0,10,2795587960,35,1400,0.33836877408305976,0.20716038729921507,0.24571428571428572,0.2457142857142857,0.0,0.0|0.0|0.735|0.25|0.0|0.25|0.485,0.030352235197862214,True
PARTIAL_FT,P2,S2,10,B,1,46,1e-05,0.0,20,2795587960,35,1400,0.33836877408305976,0.20716038729921507,0.24571428571428572,0.2457142857142857,0.0,0.0|0.0|0.735|0.25|0.0|0.25|0.485,0.059903175869966574,True
PARTIAL_FT,P2,S2,10,B,1,46,1e-05,0.0001,5,413063764,35,1400,0.33836877408305976,0.2091516085372982,0.24571428571428572,0.2457142857142857,0.0,0.0|0.0|0.735|0.25|0.0|0.25|0.485,0.015375417697965618,True
PARTIAL_FT,P2,S2,10,B,1,46,1e-05,0.0001,10,413063764,35,1400,0.33836877408305976,0.20716038729921507,0.24571428571428572,0.2457142857142857,0.0,0.0|0.0|0.735|0.25|0.0|0.25|0.485,0.030352235197862214,True
PARTIAL_FT,P2,S2,10,B,1,46,1e-05,0.0001,20,413063764,35,1400,0.33836877408305976,0.20716038729921507,0.24571428571428572,0.2457142857142857,0.0,0.0|0.0|0.735|0.25|0.0|0.25|0.485,0.059903175869966574,True
PARTIAL_FT,P2,S2,10,B,1,46,3e-05,0.0,5,4292231230,35,1400,0.33836877408305976,0.20716038729921507,0.24571428571428572,0.2457142857142857,0.0,0.0|0.0|0.735|0.25|0.0|0.25|0.485,0.04480826841750313,True
PARTIAL_FT,P2,S2,10,B,1,46,3e-05,0.0,10,4292231230,35,1400,0.33836877408305976,0.20716038729921507,0.24571428571428572,0.2457142857142857,0.0,0.0|0.0|0.735|0.25|0.0|0.25|0.485,0.08840907801969342,True
PARTIAL_FT,P2,S2,10,B,1,46,3e-05,0.0,20,4292231230,35,1400,0.3608320251177393,0.20716038729921507,0.24571428571428572,0.2457142857142857,0.0,0.0|0.0|0.735|0.25|0.0|0.25|0.485,0.1740103538120469,True
PARTIAL_FT,P2,S2,10,B,1,46,3e-05,0.0001,5,2956085069,35,1400,0.33836877408305976,0.20716038729921507,0.24571428571428572,0.2457142857142857,0.0,0.0|0.0|0.735|0.25|0.0|0.25|0.485,0.04480826841750313,True
PARTIAL_FT,P2,S2,10,B,1,46,3e-05,0.0001,10,2956085069,35,1400,0.33836877408305976,0.20716038729921507,0.24571428571428572,0.2457142857142857,0.0,0.0|0.0|0.735|0.25|0.0|0.25|0.485,0.08840907801969342,True
PARTIAL_FT,P2,S2,10,B,1,46,3e-05,0.0001,20,2956085069,35,1400,0.3608320251177393,0.20716038729921507,0.24571428571428572,0.2457142857142857,0.0,0.0|0.0|0.735|0.25|0.0|0.25|0.485,0.1740103538120469,True
PARTIAL_FT,P2,S2,10,B,1,46,0.0001,0.0,5,3598690368,35,1400,0.3608320251177393,0.20716038729921507,0.24571428571428572,0.2457142857142857,0.0,0.0|0.0|0.735|0.25|0.0|0.25|0.485,0.14067993776633456,True
PARTIAL_FT,P2,S2,10,B,1,46,0.0001,0.0,10,3598690368,35,1400,0.4169544740973312,0.20704343507419898,0.24571428571428572,0.2457142857142857,0.0,0.0|0.0|0.735|0.25|0.0|0.25|0.485,0.27571733150814604,True
PARTIAL_FT,P2,S2,10,B,1,46,0.0001,0.0,20,3598690368,35,1400,0.4397745112030827,0.24382568768788979,0.2792857142857143,0.2792857142857143,0.0,0.0|0.0|0.72|0.5|0.0|0.25|0.485,0.5269288853432632,True
PARTIAL_FT,P2,S2,10,B,1,46,0.0001,0.0001,5,1480650476,35,1400,0.3608320251177393,0.20716038729921507,0.24571428571428572,0.2457142857142857,0.0,0.0|0.0|0.735|0.25|0.0|0.25|0.485,0.14067993776633456,True
PARTIAL_FT,P2,S2,10,B,1,46,0.0001,0.0001,10,1480650476,35,1400,0.4169544740973312,0.20704343507419898,0.24571428571428572,0.2457142857142857,0.0,0.0|0.0|0.735|0.25|0.0|0.25|0.485,0.27571733150814604,True
PARTIAL_FT,P2,S2,10,B,1,46,0.0001,0.0001,20,1480650476,35,1400,0.4397745112030827,0.24382568768788979,0.2792857142857143,0.2792857142857143,0.0,0.0|0.0|0.72|0.5|0.0|0.25|0.485,0.5269288853432632,True
PARTIAL_FT,P2,S2,10,B,1,46,0.0003,0.0,5,961661864,35,1400,0.4169544740973312,0.2043097715069118,0.24571428571428572,0.2457142857142857,0.0,0.0|0.0|0.735|0.25|0.0|0.25|0.485,0.3339398932480899,True
PARTIAL_FT,P2,S2,10,B,1,46,0.0003,0.0,10,961661864,35,1400,0.4622758194186765,0.24773808704919245,0.2792857142857143,0.2792857142857143,0.0,0.0|0.0|0.72|0.5|0.0|0.25|0.485,0.616648419106543,True
PARTIAL_FT,P2,S2,10,B,1,46,0.0003,0.0,20,961661864,35,1400,0.5523809523809524,0.24773808704919245,0.2792857142857143,0.2792857142857143,0.0,0.0|0.0|0.72|0.5|0.0|0.25|0.485,1.129877834599656,True
PARTIAL_FT,P2,S2,10,B,1,46,0.0003,0.0001,5,1643206046,35,1400,0.4169544740973312,0.2043097715069118,0.24571428571428572,0.2457142857142857,0.0,0.0|0.0|0.735|0.25|0.0|0.25|0.485,0.33393981681498697,True
PARTIAL_FT,P2,S2,10,B,1,46,0.0003,0.0001,10,1643206046,35,1400,0.4622758194186765,0.24773808704919245,0.2792857142857143,0.2792857142857143,0.0,0.0|0.0|0.72|0.5|0.0|0.25|0.485,0.6166480751361881,True
PARTIAL_FT,P2,S2,10,B,1,46,0.0003,0.0001,20,1643206046,35,1400,0.5523809523809524,0.24773808704919245,0.2792857142857143,0.2792857142857143,0.0,0.0|0.0|0.72|0.5|0.0|0.25|0.485,1.1298732280118622,True
FULL_FT,P2,S2,10,B,1,46,1e-05,0.0,5,2044943162,35,1400,0.33836877408305976,0.2091516085372982,0.24571428571428572,0.2457142857142857,0.0,0.0|0.0|0.735|0.25|0.0|0.25|0.485,0.017929199970837945,True
FULL_FT,P2,S2,10,B,1,46,1e-05,0.0,10,2044943162,35,1400,0.33836877408305976,0.20716038729921507,0.24571428571428572,0.2457142857142857,0.0,0.0|0.0|0.735|0.25|0.0|0.25|0.485,0.035404080308671995,True
FULL_FT,P2,S2,10,B,1,46,1e-05,0.0,20,2044943162,35,1400,0.33836877408305976,0.20716038729921507,0.24571428571428572,0.2457142857142857,0.0,0.0|0.0|0.735|0.25|0.0|0.25|0.485,0.07013085663084895,True
FULL_FT,P2,S2,10,B,1,46,1e-05,0.0001,5,635911003,35,1400,0.33836877408305976,0.2091516085372982,0.24571428571428572,0.2457142857142857,0.0,0.0|0.0|0.735|0.25|0.0|0.25|0.485,0.017929199970837945,True
FULL_FT,P2,S2,10,B,1,46,1e-05,0.0001,10,635911003,35,1400,0.33836877408305976,0.20716038729921507,0.24571428571428572,0.2457142857142857,0.0,0.0|0.0|0.735|0.25|0.0|0.25|0.485,0.035404080308671995,True
FULL_FT,P2,S2,10,B,1,46,1e-05,0.0001,20,635911003,35,1400,0.33836877408305976,0.20716038729921507,0.24571428571428572,0.2457142857142857,0.0,0.0|0.0|0.735|0.25|0.0|0.25|0.485,0.07013085663084895,True
FULL_FT,P2,S2,10,B,1,46,3e-05,0.0,5,3543576462,35,1400,0.33836877408305976,0.20716038729921507,0.24571428571428572,0.2457142857142857,0.0,0.0|0.0|0.735|0.25|0.0|0.25|0.485,0.05135868598359933,True
FULL_FT,P2,S2,10,B,1,46,3e-05,0.0,10,3543576462,35,1400,0.3789726146869004,0.20716038729921507,0.24571428571428572,0.2457142857142857,0.0,0.0|0.0|0.735|0.25|0.0|0.25|0.485,0.1017817899570938,True
FULL_FT,P2,S2,10,B,1,46,3e-05,0.0,20,3543576462,35,1400,0.463718820861678,0.20866118780606355,0.24571428571428572,0.2457142857142857,0.0,0.0|0.0|0.735|0.25|0.0|0.25|0.485,0.1993200115478683,True
FULL_FT,P2,S2,10,B,1,46,3e-05,0.0001,5,128167591,35,1400,0.33836877408305976,0.20716038729921507,0.24571428571428572,0.2457142857142857,0.0,0.0|0.0|0.735|0.25|0.0|0.25|0.485,0.05135868598359933,True
FULL_FT,P2,S2,10,B,1,46,3e-05,0.0001,10,128167591,35,1400,0.3789726146869004,0.20716038729921507,0.24571428571428572,0.2457142857142857,0.0,0.0|0.0|0.735|0.25|0.0|0.25|0.485,0.1017817899570938,True
FULL_FT,P2,S2,10,B,1,46,3e-05,0.0001,20,128167591,35,1400,0.463718820861678,0.20866118780606355,0.24571428571428572,0.2457142857142857,0.0,0.0|0.0|0.735|0.25|0.0|0.25|0.485,0.1993200115478683,True
FULL_FT,P2,S2,10,B,1,46,0.0001,0.0,5,3024867945,35,1400,0.42372548086833806,0.21333230746284723,0.24571428571428572,0.2457142857142857,0.0,0.0|0.0|0.735|0.25|0.0|0.25|0.485,0.13220991570102142,True
FULL_FT,P2,S2,10,B,1,46,0.0001,0.0,10,3024867945,35,1400,0.4622758194186765,0.21400541719146063,0.24571428571428572,0.2457142857142857,0.0,0.0|0.0|0.735|0.25|0.0|0.25|0.485,0.24785396638778848,True
FULL_FT,P2,S2,10,B,1,46,0.0001,0.0,20,3024867945,35,1400,0.5948979591836735,0.2155020473665225,0.24571428571428572,0.2457142857142857,0.0,0.0|0.0|0.735|0.25|0.0|0.25|0.485,0.46829045640458633,True
FULL_FT,P2,S2,10,B,1,46,0.0001,0.0001,5,636575778,35,1400,0.42372548086833806,0.21333230746284723,0.24571428571428572,0.2457142857142857,0.0,0.0|0.0|0.735|0.25|0.0|0.25|0.485,0.13220991570102142,True
FULL_FT,P2,S2,10,B,1,46,0.0001,0.0001,10,636575778,35,1400,0.4622758194186765,0.21400541719146063,0.24571428571428572,0.2457142857142857,0.0,0.0|0.0|0.735|0.25|0.0|0.25|0.485,0.24785396638778848,True
FULL_FT,P2,S2,10,B,1,46,0.0001,0.0001,20,636575778,35,1400,0.5948979591836735,0.2155020473665225,0.24571428571428572,0.2457142857142857,0.0,0.0|0.0|0.735|0.25|0.0|0.25|0.485,0.46829045640458633,True
FULL_FT,P2,S2,10,B,1,46,0.0003,0.0,5,2550234061,35,1400,0.3990929705215419,0.19689599152686957,0.25,0.25,0.0,0.0|0.25|0.75|0.25|0.0|0.015|0.485,0.23842695719685086,True
FULL_FT,P2,S2,10,B,1,46,0.0003,0.0,10,2550234061,35,1400,0.3942472093732598,0.23057317270569433,0.2814285714285714,0.2814285714285714,0.0,0.0|0.0|0.985|0.25|0.0|0.25|0.485,0.35582843517610063,True
FULL_FT,P2,S2,10,B,1,46,0.0003,0.0,20,2550234061,35,1400,0.5637600494743352,0.23187616937549965,0.24357142857142858,0.24357142857142855,0.0,0.0|0.0|0.735|0.25|0.0|0.25|0.47,0.5865230767129047,True
FULL_FT,P2,S2,10,B,1,46,0.0003,0.0001,5,397097428,35,1400,0.3990929705215419,0.19689599152686957,0.25,0.25,0.0,0.0|0.25|0.75|0.25|0.0|0.015|0.485,0.23842588564167402,True
FULL_FT,P2,S2,10,B,1,46,0.0003,0.0001,10,397097428,35,1400,0.3942472093732598,0.23057317270569433,0.2814285714285714,0.2814285714285714,0.0,0.0|0.0|0.985|0.25|0.0|0.25|0.485,0.35582214596882183,True
FULL_FT,P2,S2,10,B,1,46,0.0003,0.0001,20,397097428,35,1400,0.5360433217576074,0.23187616937549965,0.24357142857142858,0.24357142857142855,0.0,0.0|0.0|0.735|0.25|0.0|0.25|0.47,0.586522904962377,True
PARTIAL_FT,P3,S3,0,A,0,42,1e-05,0.0,5,3463463199,35,1400,0.40748299319727893,0.20624421636086115,0.235,0.23500000000000001,0.0,0.03|0.045|0.475|0.38|0.185|0.0|0.53,0.015314583774000778,True
PARTIAL_FT,P3,S3,0,A,0,42,1e-05,0.0,10,3463463199,35,1400,0.4301270158413016,0.20110935814442227,0.2307142857142857,0.2307142857142857,0.0,0.0|0.045|0.475|0.38|0.185|0.0|0.53,0.030167276555601676,True
PARTIAL_FT,P3,S3,0,A,0,42,1e-05,0.0,20,3463463199,35,1400,0.4301270158413016,0.20125760976848334,0.2307142857142857,0.2307142857142857,0.0,0.0|0.045|0.475|0.38|0.185|0.0|0.53,0.059501702509721886,True
PARTIAL_FT,P3,S3,0,A,0,42,1e-05,0.0001,5,3289687251,35,1400,0.40748299319727893,0.20624421636086115,0.235,0.23500000000000001,0.0,0.03|0.045|0.475|0.38|0.185|0.0|0.53,0.015314583774000778,True
PARTIAL_FT,P3,S3,0,A,0,42,1e-05,0.0001,10,3289687251,35,1400,0.4301270158413016,0.20110935814442227,0.2307142857142857,0.2307142857142857,0.0,0.0|0.045|0.475|0.38|0.185|0.0|0.53,0.030167276555601676,True
PARTIAL_FT,P3,S3,0,A,0,42,1e-05,0.0001,20,3289687251,35,1400,0.4301270158413016,0.20125760976848334,0.2307142857142857,0.2307142857142857,0.0,0.0|0.045|0.475|0.38|0.185|0.0|0.53,0.059501702509721886,True
PARTIAL_FT,P3,S3,0,A,0,42,3e-05,0.0,5,692266296,35,1400,0.4301270158413016,0.20125760976848334,0.2307142857142857,0.2307142857142857,0.0,0.0|0.045|0.475|0.38|0.185|0.0|0.53,0.04445538265057533,True
PARTIAL_FT,P3,S3,0,A,0,42,3e-05,0.0,10,692266296,35,1400,0.4301270158413016,0.2033208707504061,0.23285714285714285,0.23285714285714287,0.0,0.0|0.045|0.475|0.38|0.2|0.0|0.53,0.08768644447596252,True
PARTIAL_FT,P3,S3,0,A,0,42,3e-05,0.0,20,692266296,35,1400,0.4658413015555873,0.20119619759567678,0.2307142857142857,0.2307142857142857,0.0,0.0|0.045|0.475|0.38|0.185|0.0|0.53,0.17269077414689335,True
PARTIAL_FT,P3,S3,0,A,0,42,3e-05,0.0001,5,3353414782,35,1400,0.4301270158413016,0.20125760976848334,0.2307142857142857,0.2307142857142857,0.0,0.0|0.045|0.475|0.38|0.185|0.0|0.53,0.04445538265057533,True
PARTIAL_FT,P3,S3,0,A,0,42,3e-05,0.0001,10,3353414782,35,1400,0.4301270158413016,0.2033208707504061,0.23285714285714285,0.23285714285714287,0.0,0.0|0.045|0.475|0.38|0.2|0.0|0.53,0.08768644447596252,True
PARTIAL_FT,P3,S3,0,A,0,42,3e-05,0.0001,20,3353414782,35,1400,0.4658413015555873,0.20119619759567678,0.2307142857142857,0.2307142857142857,0.0,0.0|0.045|0.475|0.38|0.185|0.0|0.53,0.17269077414689335,True
PARTIAL_FT,P3,S3,0,A,0,42,0.0001,0.0,5,1091255881,35,1400,0.40387548958977526,0.21556446249295533,0.24357142857142858,0.24357142857142858,0.0,0.06|0.045|0.475|0.38|0.215|0.0|0.53,0.13861270871628462,True
PARTIAL_FT,P3,S3,0,A,0,42,0.0001,0.0,10,1091255881,35,1400,0.4380024737167595,0.205088441321556,0.235,0.23500000000000001,0.0,0.0|0.045|0.475|0.38|0.215|0.0|0.53,0.27217530626089076,True
PARTIAL_FT,P3,S3,0,A,0,42,0.0001,0.0,20,1091255881,35,1400,0.4380024737167595,0.1942683933333946,0.22428571428571428,0.22428571428571428,0.0,0.0|0.0|0.475|0.38|0.185|0.0|0.53,0.5260541148289545,True
PARTIAL_FT,P3,S3,0,A,0,42,0.0001,0.0001,5,1578698554,35,1400,0.40387548958977526,0.21556446249295533,0.24357142857142858,0.24357142857142858,0.0,0.06|0.045|0.475|0.38|0.215|0.0|0.53,0.13861270871628462,True
PARTIAL_FT,P3,S3,0,A,0,42,0.0001,0.0001,10,1578698554,35,1400,0.4380024737167595,0.205088441321556,0.235,0.23500000000000001,0.0,0.0|0.045|0.475|0.38|0.215|0.0|0.53,0.27217530626089076,True
PARTIAL_FT,P3,S3,0,A,0,42,0.0001,0.0001,20,1578698554,35,1400,0.4380024737167595,0.1942683933333946,0.22428571428571428,0.22428571428571428,0.0,0.0|0.0|0.475|0.38|0.185|0.0|0.53,0.5260541148289545,True
PARTIAL_FT,P3,S3,0,A,0,42,0.0003,0.0,5,1823166914,35,1400,0.46786150357578926,0.18779575133020826,0.23142857142857143,0.23142857142857146,0.0,0.0|0.045|0.5|0.145|0.185|0.0|0.745,0.3255221358387439,True
PARTIAL_FT,P3,S3,0,A,0,42,0.0003,0.0,10,1823166914,35,1400,0.44002267573696147,0.23624940163639277,0.2621428571428571,0.2621428571428572,0.0,0.22|0.045|0.475|0.38|0.185|0.0|0.53,0.6088630276654324,True
PARTIAL_FT,P3,S3,0,A,0,42,0.0003,0.0,20,1823166914,35,1400,0.5825396825396825,0.1954698221776396,0.225,0.225,0.0,0.0|0.0|0.48|0.38|0.215|0.0|0.5,1.1426243696778158,True
PARTIAL_FT,P3,S3,0,A,0,42,0.0003,0.0001,5,4125275647,35,1400,0.46786150357578926,0.18779575133020826,0.23142857142857143,0.23142857142857146,0.0,0.0|0.045|0.5|0.145|0.185|0.0|0.745,0.3255220070261459,True
PARTIAL_FT,P3,S3,0,A,0,42,0.0003,0.0001,10,4125275647,35,1400,0.44002267573696147,0.23624940163639277,0.2621428571428571,0.2621428571428572,0.0,0.22|0.045|0.475|0.38|0.185|0.0|0.53,0.6088625267659674,True
PARTIAL_FT,P3,S3,0,A,0,42,0.0003,0.0001,20,4125275647,35,1400,0.5825396825396825,0.1954698221776396,0.225,0.225,0.0,0.0|0.0|0.48|0.38|0.215|0.0|0.5,1.1426194203384687,True
FULL_FT,P3,S3,0,A,0,42,1e-05,0.0,5,367754653,35,1400,0.4301270158413016,0.20125760976848334,0.2307142857142857,0.2307142857142857,0.0,0.0|0.045|0.475|0.38|0.185|0.0|0.53,0.01770152756827969,True
FULL_FT,P3,S3,0,A,0,42,1e-05,0.0,10,367754653,35,1400,0.4301270158413016,0.20369305372834953,0.23285714285714285,0.23285714285714285,0.0,0.015|0.045|0.475|0.38|0.185|0.0|0.53,0.03494032834493855,True
FULL_FT,P3,S3,0,A,0,42,1e-05,0.0,20,367754653,35,1400,0.4658413015555873,0.2063924679849222,0.235,0.23500000000000001,0.0,0.03|0.045|0.475|0.38|0.185|0.0|0.53,0.06940198238473887,True
FULL_FT,P3,S3,0,A,0,42,1e-05,0.0001,5,573971844,35,1400,0.4301270158413016,0.20125760976848334,0.2307142857142857,0.2307142857142857,0.0,0.0|0.045|0.475|0.38|0.185|0.0|0.53,0.01770152756827969,True
FULL_FT,P3,S3,0,A,0,42,1e-05,0.0001,10,573971844,35,1400,0.4301270158413016,0.20369305372834953,0.23285714285714285,0.23285714285714285,0.0,0.015|0.045|0.475|0.38|0.185|0.0|0.53,0.03494032834493855,True
FULL_FT,P3,S3,0,A,0,42,1e-05,0.0001,20,573971844,35,1400,0.4658413015555873,0.2063924679849222,0.235,0.23500000000000001,0.0,0.03|0.045|0.475|0.38|0.185|0.0|0.53,0.06940198238473887,True
FULL_FT,P3,S3,0,A,0,42,3e-05,0.0,5,2183206001,35,1400,0.4658413015555873,0.2248157977189087,0.25142857142857145,0.25142857142857145,0.0,0.145|0.045|0.475|0.38|0.185|0.0|0.53,0.05057591526623801,True
FULL_FT,P3,S3,0,A,0,42,3e-05,0.0,10,2183206001,35,1400,0.4658413015555873,0.21142564096996722,0.2392857142857143,0.2392857142857143,0.0,0.06|0.045|0.475|0.38|0.185|0.0|0.53,0.10050020659786864,True
FULL_FT,P3,S3,0,A,0,42,3e-05,0.0,20,2183206001,35,1400,0.4658413015555873,0.24193303009262238,0.2642857142857143,0.2642857142857143,0.0,0.235|0.045|0.475|0.38|0.185|0.0|0.53,0.19737382898163905,True
FULL_FT,P3,S3,0,A,0,42,3e-05,0.0001,5,529059276,35,1400,0.4658413015555873,0.2248157977189087,0.25142857142857145,0.25142857142857145,0.0,0.145|0.045|0.475|0.38|0.185|0.0|0.53,0.05057591526623801,True
FULL_FT,P3,S3,0,A,0,42,3e-05,0.0001,10,529059276,35,1400,0.4658413015555873,0.21142564096996722,0.2392857142857143,0.2392857142857143,0.0,0.06|0.045|0.475|0.38|0.185|0.0|0.53,0.10050020659786864,True
FULL_FT,P3,S3,0,A,0,42,3e-05,0.0001,20,529059276,35,1400,0.4658413015555873,0.24193303009262238,0.2642857142857143,0.2642857142857143,0.0,0.235|0.045|0.475|0.38|0.185|0.0|0.53,0.19737382898163905,True
FULL_FT,P3,S3,0,A,0,42,0.0001,0.0,5,2782710423,35,1400,0.4658413015555873,0.1674846267236,0.2,0.2,0.0,0.0|0.045|0.495|0.145|0.185|0.0|0.53,0.1375105383804311,True
FULL_FT,P3,S3,0,A,0,42,0.0001,0.0,10,2782710423,35,1400,0.48965082536511106,0.23108922049195305,0.25357142857142856,0.25357142857142856,0.0,0.235|0.0|0.475|0.38|0.185|0.0|0.5,0.26464840386928673,True
FULL_FT,P3,S3,0,A,0,42,0.0001,0.0,20,2782710423,35,1400,0.6125327053898483,0.2057318826379937,0.22714285714285715,0.22714285714285715,0.0,0.235|0.0|0.495|0.175|0.185|0.0|0.5,0.5097637184114149,True
FULL_FT,P3,S3,0,A,0,42,0.0001,0.0001,5,1139717633,35,1400,0.4658413015555873,0.1674846267236,0.2,0.2,0.0,0.0|0.045|0.495|0.145|0.185|0.0|0.53,0.1375105383804311,True
FULL_FT,P3,S3,0,A,0,42,0.0001,0.0001,10,1139717633,35,1400,0.48965082536511106,0.23108922049195305,0.25357142857142856,0.25357142857142856,0.0,0.235|0.0|0.475|0.38|0.185|0.0|0.5,0.26464840386928673,True
FULL_FT,P3,S3,0,A,0,42,0.0001,0.0001,20,1139717633,35,1400,0.6125327053898483,0.2057318826379937,0.22714285714285715,0.22714285714285715,0.0,0.235|0.0|0.495|0.175|0.185|0.0|0.5,0.5097637184114149,True
FULL_FT,P3,S3,0,A,0,42,0.0003,0.0,5,3654732727,35,1400,0.37040816326530607,0.09031585140289985,0.15071428571428572,0.15071428571428575,0.0,0.0|0.0|0.745|0.03|0.0|0.0|0.28,0.26409623781179853,True
FULL_FT,P3,S3,0,A,0,42,0.0003,0.0,10,3654732727,35,1400,0.6006802721088434,0.23284867833800751,0.255,0.255,0.0,0.0|0.0|0.445|0.425|0.415|0.0|0.5,0.44619639143008855,True
FULL_FT,P3,S3,0,A,0,42,0.0003,0.0,20,3654732727,35,1400,0.5801896516182231,0.1664373767382881,0.21714285714285714,0.21714285714285714,0.0,0.0|0.0|0.745|0.03|0.245|0.0|0.5,0.7918013611590358,True
FULL_FT,P3,S3,0,A,0,42,0.0003,0.0001,5,1108983800,35,1400,0.37040816326530607,0.09031585140289985,0.15071428571428572,0.15071428571428575,0.0,0.0|0.0|0.745|0.03|0.0|0.0|0.28,0.26409597561104525,True
FULL_FT,P3,S3,0,A,0,42,0.0003,0.0001,10,1108983800,35,1400,0.6006802721088434,0.23284867833800751,0.255,0.255,0.0,0.0|0.0|0.445|0.425|0.415|0.0|0.5,0.446200299666835,True
FULL_FT,P3,S3,0,A,0,42,0.0003,0.0001,20,1108983800,35,1400,0.5801896516182231,0.1664373767382881,0.21714285714285714,0.21714285714285714,0.0,0.0|0.0|0.745|0.03|0.245|0.0|0.5,0.7917405698753583,True
PARTIAL_FT,P3,S3,0,A,0,43,1e-05,0.0,5,3861830973,35,1400,0.2987012987012987,0.2275576126959218,0.24571428571428572,0.24571428571428572,0.0,0.19|0.045|0.31|0.25|0.185|0.0|0.74,0.01524240525391672,True
PARTIAL_FT,P3,S3,0,A,0,43,1e-05,0.0,10,3861830973,35,1400,0.32727272727272727,0.2275576126959218,0.24571428571428572,0.24571428571428572,0.0,0.19|0.045|0.31|0.25|0.185|0.0|0.74,0.03007271006408008,True
PARTIAL_FT,P3,S3,0,A,0,43,1e-05,0.0,20,3861830973,35,1400,0.32727272727272727,0.2275576126959218,0.24571428571428572,0.24571428571428572,0.0,0.19|0.045|0.31|0.25|0.185|0.0|0.74,0.059530637366245975,True
PARTIAL_FT,P3,S3,0,A,0,43,1e-05,0.0001,5,3313823961,35,1400,0.2987012987012987,0.2275576126959218,0.24571428571428572,0.24571428571428572,0.0,0.19|0.045|0.31|0.25|0.185|0.0|0.74,0.01524240525391672,True
PARTIAL_FT,P3,S3,0,A,0,43,1e-05,0.0001,10,3313823961,35,1400,0.32727272727272727,0.2275576126959218,0.24571428571428572,0.24571428571428572,0.0,0.19|0.045|0.31|0.25|0.185|0.0|0.74,0.03007271006408008,True
PARTIAL_FT,P3,S3,0,A,0,43,1e-05,0.0001,20,3313823961,35,1400,0.32727272727272727,0.2275576126959218,0.24571428571428572,0.24571428571428572,0.0,0.19|0.045|0.31|0.25|0.185|0.0|0.74,0.059530637366245975,True
PARTIAL_FT,P3,S3,0,A,0,43,3e-05,0.0,5,1874100167,35,1400,0.32727272727272727,0.2275576126959218,0.24571428571428572,0.24571428571428572,0.0,0.19|0.045|0.31|0.25|0.185|0.0|0.74,0.044160048995590374,True
PARTIAL_FT,P3,S3,0,A,0,43,3e-05,0.0,10,1874100167,35,1400,0.32727272727272727,0.2275576126959218,0.24571428571428572,0.24571428571428572,0.0,0.19|0.045|0.31|0.25|0.185|0.0|0.74,0.08755453024843989,True
PARTIAL_FT,P3,S3,0,A,0,43,3e-05,0.0,20,1874100167,35,1400,0.35324675324675325,0.2275576126959218,0.24571428571428572,0.24571428571428572,0.0,0.19|0.045|0.31|0.25|0.185|0.0|0.74,0.17253136181463372,True
PARTIAL_FT,P3,S3,0,A,0,43,3e-05,0.0001,5,318347166,35,1400,0.32727272727272727,0.2275576126959218,0.24571428571428572,0.24571428571428572,0.0,0.19|0.045|0.31|0.25|0.185|0.0|0.74,0.044160048995590374,True
PARTIAL_FT,P3,S3,0,A,0,43,3e-05,0.0001,10,318347166,35,1400,0.32727272727272727,0.2275576126959218,0.24571428571428572,0.24571428571428572,0.0,0.19|0.045|0.31|0.25|0.185|0.0|0.74,0.08755453024843989,True
PARTIAL_FT,P3,S3,0,A,0,43,3e-05,0.0001,20,318347166,35,1400,0.35324675324675325,0.2275576126959218,0.24571428571428572,0.24571428571428572,0.0,0.19|0.045|0.31|0.25|0.185|0.0|0.74,0.17253136181463372,True
PARTIAL_FT,P3,S3,0,A,0,43,0.0001,0.0,5,661125317,35,1400,0.32727272727272727,0.2275576126959218,0.24571428571428572,0.24571428571428572,0.0,0.19|0.045|0.31|0.25|0.185|0.0|0.74,0.13486538738698423,True
PARTIAL_FT,P3,S3,0,A,0,43,0.0001,0.0,10,661125317,35,1400,0.3733044733044733,0.2268516238998857,0.24571428571428572,0.24571428571428572,0.0,0.205|0.045|0.295|0.25|0.185|0.0|0.74,0.26471523064694163,True
PARTIAL_FT,P3,S3,0,A,0,43,0.0001,0.0,20,661125317,35,1400,0.5332223332223333,0.22604195443347755,0.24357142857142858,0.24357142857142858,0.0,0.205|0.045|0.31|0.25|0.185|0.0|0.71,0.5114298697936083,True
PARTIAL_FT,P3,S3,0,A,0,43,0.0001,0.0001,5,3629026984,35,1400,0.32727272727272727,0.2275576126959218,0.24571428571428572,0.24571428571428572,0.0,0.19|0.045|0.31|0.25|0.185|0.0|0.74,0.13486538738698423,True
PARTIAL_FT,P3,S3,0,A,0,43,0.0001,0.0001,10,3629026984,35,1400,0.3733044733044733,0.2268516238998857,0.24571428571428572,0.24571428571428572,0.0,0.205|0.045|0.295|0.25|0.185|0.0|0.74,0.26471523064694163,True
PARTIAL_FT,P3,S3,0,A,0,43,0.0001,0.0001,20,3629026984,35,1400,0.5332223332223333,0.22604195443347755,0.24357142857142858,0.24357142857142858,0.0,0.205|0.045|0.31|0.25|0.185|0.0|0.71,0.5114298697936083,True
PARTIAL_FT,P3,S3,0,A,0,43,0.0003,0.0,5,1526879438,35,1400,0.4251082251082251,0.21923136148662134,0.24642857142857144,0.24642857142857144,0.0,0.19|0.045|0.315|0.25|0.185|0.0|0.74,0.2916935359534898,True
PARTIAL_FT,P3,S3,0,A,0,43,0.0003,0.0,10,1526879438,35,1400,0.44595959595959594,0.22510374042993905,0.24857142857142858,0.24857142857142858,0.0,0.205|0.045|0.315|0.25|0.185|0.0|0.74,0.5320891244688056,True
PARTIAL_FT,P3,S3,0,A,0,43,0.0003,0.0,20,1526879438,35,1400,0.6299755799755801,0.2228173768718658,0.24428571428571427,0.24428571428571427,0.0,0.265|0.0|0.3|0.25|0.185|0.0|0.71,0.9732233421470292,True
PARTIAL_FT,P3,S3,0,A,0,43,0.0003,0.0001,5,1718268368,35,1400,0.4251082251082251,0.21923136148662134,0.24642857142857144,0.24642857142857144,0.0,0.19|0.045|0.315|0.25|0.185|0.0|0.74,0.2916935220597692,True
PARTIAL_FT,P3,S3,0,A,0,43,0.0003,0.0001,10,1718268368,35,1400,0.44595959595959594,0.22510374042993905,0.24857142857142858,0.24857142857142858,0.0,0.205|0.045|0.315|0.25|0.185|0.0|0.74,0.532088901413231,True
PARTIAL_FT,P3,S3,0,A,0,43,0.0003,0.0001,20,1718268368,35,1400,0.6299755799755801,0.2228173768718658,0.24428571428571427,0.24428571428571427,0.0,0.265|0.0|0.3|0.25|0.185|0.0|0.71,0.9732201601754259,True
FULL_FT,P3,S3,0,A,0,43,1e-05,0.0,5,1860646824,35,1400,0.32727272727272727,0.2275576126959218,0.24571428571428572,0.24571428571428572,0.0,0.19|0.045|0.31|0.25|0.185|0.0|0.74,0.017583995171124862,True
FULL_FT,P3,S3,0,A,0,43,1e-05,0.0,10,1860646824,35,1400,0.32727272727272727,0.2275576126959218,0.24571428571428572,0.24571428571428572,0.0,0.19|0.045|0.31|0.25|0.185|0.0|0.74,0.035017453880854116,True
FULL_FT,P3,S3,0,A,0,43,1e-05,0.0,20,1860646824,35,1400,0.32727272727272727,0.2275576126959218,0.24571428571428572,0.24571428571428572,0.0,0.19|0.045|0.31|0.25|0.185|0.0|0.74,0.06968494850778863,True
FULL_FT,P3,S3,0,A,0,43,1e-05,0.0001,5,2775856290,35,1400,0.32727272727272727,0.2275576126959218,0.24571428571428572,0.24571428571428572,0.0,0.19|0.045|0.31|0.25|0.185|0.0|0.74,0.017583995171124862,True
FULL_FT,P3,S3,0,A,0,43,1e-05,0.0001,10,2775856290,35,1400,0.32727272727272727,0.2275576126959218,0.24571428571428572,0.24571428571428572,0.0,0.19|0.045|0.31|0.25|0.185|0.0|0.74,0.035017453880854116,True
FULL_FT,P3,S3,0,A,0,43,1e-05,0.0001,20,2775856290,35,1400,0.32727272727272727,0.2275576126959218,0.24571428571428572,0.24571428571428572,0.0,0.19|0.045|0.31|0.25|0.185|0.0|0.74,0.06968494850778863,True
FULL_FT,P3,S3,0,A,0,43,3e-05,0.0,5,215959126,35,1400,0.32727272727272727,0.2275576126959218,0.24571428571428572,0.24571428571428572,0.0,0.19|0.045|0.31|0.25|0.185|0.0|0.74,0.049224518934110416,True
FULL_FT,P3,S3,0,A,0,43,3e-05,0.0,10,215959126,35,1400,0.3766233766233767,0.2275576126959218,0.24571428571428572,0.24571428571428572,0.0,0.19|0.045|0.31|0.25|0.185|0.0|0.74,0.0977288801987464,True
FULL_FT,P3,S3,0,A,0,43,3e-05,0.0,20,215959126,35,1400,0.43160173160173165,0.22418793488309266,0.24142857142857144,0.2414285714285714,0.0,0.19|0.045|0.31|0.25|0.185|0.0|0.71,0.19298105891401288,True
FULL_FT,P3,S3,0,A,0,43,3e-05,0.0001,5,3106202619,35,1400,0.32727272727272727,0.2275576126959218,0.24571428571428572,0.24571428571428572,0.0,0.19|0.045|0.31|0.25|0.185|0.0|0.74,0.049224518934110416,True
FULL_FT,P3,S3,0,A,0,43,3e-05,0.0001,10,3106202619,35,1400,0.3766233766233767,0.2275576126959218,0.24571428571428572,0.24571428571428572,0.0,0.19|0.045|0.31|0.25|0.185|0.0|0.74,0.0977288801987464,True
FULL_FT,P3,S3,0,A,0,43,3e-05,0.0001,20,3106202619,35,1400,0.43160173160173165,0.22418793488309266,0.24142857142857144,0.2414285714285714,0.0,0.19|0.045|0.31|0.25|0.185|0.0|0.71,0.19298105891401288,True
FULL_FT,P3,S3,0,A,0,43,0.0001,0.0,5,3996831679,35,1400,0.3661616161616162,0.19576712183653602,0.22357142857142856,0.22357142857142856,0.0,0.075|0.045|0.315|0.25|0.14|0.0|0.74,0.1145630936511468,True
FULL_FT,P3,S3,0,A,0,43,0.0001,0.0,10,3996831679,35,1400,0.4687923187923188,0.22062165436010037,0.24357142857142858,0.24357142857142858,0.0,0.19|0.045|0.295|0.25|0.185|0.0|0.74,0.2115369218738659,True
FULL_FT,P3,S3,0,A,0,43,0.0001,0.0,20,3996831679,35,1400,0.6269119769119769,0.20325856603593367,0.225,0.225,0.0,0.25|0.045|0.315|0.255|0.0|0.0|0.71,0.40376340471147637,True
FULL_FT,P3,S3,0,A,0,43,0.0001,0.0001,5,1745333939,35,1400,0.3661616161616162,0.19576712183653602,0.22357142857142856,0.22357142857142856,0.0,0.075|0.045|0.315|0.25|0.14|0.0|0.74,0.1145630936511468,True
FULL_FT,P3,S3,0,A,0,43,0.0001,0.0001,10,1745333939,35,1400,0.4687923187923188,0.22062165436010037,0.24357142857142858,0.24357142857142858,0.0,0.19|0.045|0.295|0.25|0.185|0.0|0.74,0.2115369218738659,True
FULL_FT,P3,S3,0,A,0,43,0.0001,0.0001,20,1745333939,35,1400,0.6269119769119769,0.20325856603593367,0.225,0.225,0.0,0.25|0.045|0.315|0.255|0.0|0.0|0.71,0.40376340471147637,True
FULL_FT,P3,S3,0,A,0,43,0.0003,0.0,5,1847117632,35,1400,0.26113172541743973,0.12056813798091208,0.22142857142857142,0.22142857142857145,0.0,0.0|0.045|0.745|0.015|0.0|0.0|0.745,0.20929760926664356,True
FULL_FT,P3,S3,0,A,0,43,0.0003,0.0,10,1847117632,35,1400,0.4332972582972583,0.1724287414793256,0.21,0.21,0.0,0.205|0.0|0.0|0.25|0.03|0.245|0.74,0.3078163209590322,True
FULL_FT,P3,S3,0,A,0,43,0.0003,0.0,20,1847117632,35,1400,0.5857142857142856,0.2167183936264879,0.23714285714285716,0.23714285714285713,0.0,0.205|0.0|0.28|0.25|0.185|0.0|0.74,0.5137972797206072,True
FULL_FT,P3,S3,0,A,0,43,0.0003,0.0001,5,1971650943,35,1400,0.26113172541743973,0.12056813798091208,0.22142857142857142,0.22142857142857145,0.0,0.0|0.045|0.745|0.015|0.0|0.0|0.745,0.20929757369469273,True
FULL_FT,P3,S3,0,A,0,43,0.0003,0.0001,10,1971650943,35,1400,0.4332972582972583,0.1724287414793256,0.21,0.21,0.0,0.205|0.0|0.0|0.25|0.03|0.245|0.74,0.30781641734911613,True
FULL_FT,P3,S3,0,A,0,43,0.0003,0.0001,20,1971650943,35,1400,0.5857142857142856,0.2167183936264879,0.23714285714285716,0.23714285714285713,0.0,0.205|0.0|0.28|0.25|0.185|0.0|0.74,0.5137971267164967,True
PARTIAL_FT,P3,S3,0,A,0,44,1e-05,0.0,5,3817599196,35,1400,0.3468253968253968,0.1377671533123687,0.16285714285714287,0.16285714285714284,0.0,0.0|0.045|0.245|0.145|0.205|0.0|0.5,0.015425986225440134,True
PARTIAL_FT,P3,S3,0,A,0,44,1e-05,0.0,10,3817599196,35,1400,0.3468253968253968,0.1378519228951223,0.16285714285714287,0.16285714285714284,0.0,0.0|0.045|0.245|0.145|0.205|0.0|0.5,0.030511101668798196,True
PARTIAL_FT,P3,S3,0,A,0,44,1e-05,0.0,20,3817599196,35,1400,0.3468253968253968,0.15745092425028392,0.18428571428571427,0.1842857142857143,0.0,0.0|0.045|0.245|0.145|0.355|0.0|0.5,0.060150122238797336,True
PARTIAL_FT,P3,S3,0,A,0,44,1e-05,0.0001,5,676380345,35,1400,0.3468253968253968,0.1377671533123687,0.16285714285714287,0.16285714285714284,0.0,0.0|0.045|0.245|0.145|0.205|0.0|0.5,0.015425986225440134,True
PARTIAL_FT,P3,S3,0,A,0,44,1e-05,0.0001,10,676380345,35,1400,0.3468253968253968,0.1378519228951223,0.16285714285714287,0.16285714285714284,0.0,0.0|0.045|0.245|0.145|0.205|0.0|0.5,0.030511101668798196,True
PARTIAL_FT,P3,S3,0,A,0,44,1e-05,0.0001,20,676380345,35,1400,0.3468253968253968,0.15745092425028392,0.18428571428571427,0.1842857142857143,0.0,0.0|0.045|0.245|0.145|0.355|0.0|0.5,0.060150122238797336,True
PARTIAL_FT,P3,S3,0,A,0,44,3e-05,0.0,5,2915274417,35,1400,0.3468253968253968,0.1381687106535325,0.16285714285714287,0.16285714285714284,0.0,0.0|0.045|0.245|0.145|0.205|0.0|0.5,0.04520650638769443,True
PARTIAL_FT,P3,S3,0,A,0,44,3e-05,0.0,10,2915274417,35,1400,0.3468253968253968,0.16103222565826947,0.18857142857142858,0.18857142857142856,0.0,0.0|0.045|0.245|0.145|0.385|0.0|0.5,0.08889473184518719,True
PARTIAL_FT,P3,S3,0,A,0,44,3e-05,0.0,20,2915274417,35,1400,0.3730769230769231,0.15890262447376932,0.19071428571428573,0.1907142857142857,0.0,0.0|0.045|0.245|0.145|0.4|0.0|0.5,0.17403847140144638,True
PARTIAL_FT,P3,S3,0,A,0,44,3e-05,0.0001,5,3117025136,35,1400,0.3468253968253968,0.1381687106535325,0.16285714285714287,0.16285714285714284,0.0,0.0|0.045|0.245|0.145|0.205|0.0|0.5,0.04520650638769443,True
PARTIAL_FT,P3,S3,0,A,0,44,3e-05,0.0001,10,3117025136,35,1400,0.3468253968253968,0.16103222565826947,0.18857142857142858,0.18857142857142856,0.0,0.0|0.045|0.245|0.145|0.385|0.0|0.5,0.08889473184518719,True
PARTIAL_FT,P3,S3,0,A,0,44,3e-05,0.0001,20,3117025136,35,1400,0.3730769230769231,0.15890262447376932,0.19071428571428573,0.1907142857142857,0.0,0.0|0.045|0.245|0.145|0.4|0.0|0.5,0.17403847140144638,True
PARTIAL_FT,P3,S3,0,A,0,44,0.0001,0.0,5,2102503474,35,1400,0.3730769230769231,0.15890262447376932,0.19071428571428573,0.1907142857142857,0.0,0.0|0.045|0.245|0.145|0.4|0.0|0.5,0.14284631287753907,True
PARTIAL_FT,P3,S3,0,A,0,44,0.0001,0.0,10,2102503474,35,1400,0.4223276723276723,0.16025276686708864,0.19071428571428573,0.1907142857142857,0.0,0.0|0.045|0.245|0.145|0.4|0.0|0.5,0.27870282134586316,True
PARTIAL_FT,P3,S3,0,A,0,44,0.0001,0.0,20,2102503474,35,1400,0.4611420325706039,0.1633571100201125,0.19285714285714287,0.19285714285714284,0.0,0.0|0.045|0.245|0.145|0.415|0.0|0.5,0.5328180752206275,True
PARTIAL_FT,P3,S3,0,A,0,44,0.0001,0.0001,5,1494354697,35,1400,0.3730769230769231,0.15890262447376932,0.19071428571428573,0.1907142857142857,0.0,0.0|0.045|0.245|0.145|0.4|0.0|0.5,0.14284631287753907,True
PARTIAL_FT,P3,S3,0,A,0,44,0.0001,0.0001,10,1494354697,35,1400,0.4223276723276723,0.16025276686708864,0.19071428571428573,0.1907142857142857,0.0,0.0|0.045|0.245|0.145|0.4|0.0|0.5,0.27870282134586316,True
PARTIAL_FT,P3,S3,0,A,0,44,0.0001,0.0001,20,1494354697,35,1400,0.4611420325706039,0.1633571100201125,0.19285714285714287,0.19285714285714284,0.0,0.0|0.045|0.245|0.145|0.415|0.0|0.5,0.5328180752206275,True
PARTIAL_FT,P3,S3,0,A,0,44,0.0003,0.0,5,606241404,35,1400,0.4271284271284271,0.18124021815001565,0.21214285714285713,0.21214285714285713,0.0,0.0|0.045|0.245|0.145|0.385|0.0|0.665,0.3574847854231603,True
PARTIAL_FT,P3,S3,0,A,0,44,0.0003,0.0,10,606241404,35,1400,0.48444888444888445,0.1902687218205783,0.22714285714285715,0.22714285714285715,0.0,0.0|0.045|0.495|0.15|0.4|0.0|0.5,0.6669353916294961,True
PARTIAL_FT,P3,S3,0,A,0,44,0.0003,0.0,20,606241404,35,1400,0.6211526568669425,0.2637549917883454,0.2957142857142857,0.29571428571428576,0.0,0.0|0.045|0.48|0.63|0.415|0.0|0.5,1.2378873016970966,True
PARTIAL_FT,P3,S3,0,A,0,44,0.0003,0.0001,5,1246357647,35,1400,0.4271284271284271,0.18124021815001565,0.21214285714285713,0.21214285714285713,0.0,0.0|0.045|0.245|0.145|0.385|0.0|0.665,0.35748454208027586,True
PARTIAL_FT,P3,S3,0,A,0,44,0.0003,0.0001,10,1246357647,35,1400,0.48444888444888445,0.1902687218205783,0.22714285714285715,0.22714285714285715,0.0,0.0|0.045|0.495|0.15|0.4|0.0|0.5,0.6669347035427022,True
PARTIAL_FT,P3,S3,0,A,0,44,0.0003,0.0001,20,1246357647,35,1400,0.6211526568669425,0.2637549917883454,0.2957142857142857,0.29571428571428576,0.0,0.0|0.045|0.48|0.63|0.415|0.0|0.5,1.2378851022044917,True
FULL_FT,P3,S3,0,A,0,44,1e-05,0.0,5,3889822821,35,1400,0.3468253968253968,0.13707168364250283,0.16214285714285714,0.16214285714285714,0.0,0.0|0.045|0.245|0.145|0.2|0.0|0.5,0.018175449143204226,True
FULL_FT,P3,S3,0,A,0,44,1e-05,0.0,10,3889822821,35,1400,0.3468253968253968,0.13798938952615858,0.16285714285714287,0.16285714285714284,0.0,0.0|0.045|0.245|0.145|0.205|0.0|0.5,0.035793457654379184,True
FULL_FT,P3,S3,0,A,0,44,1e-05,0.0,20,3889822821,35,1400,0.3730769230769231,0.16103222565826947,0.18857142857142858,0.18857142857142856,0.0,0.0|0.045|0.245|0.145|0.385|0.0|0.5,0.0704485243632357,True
FULL_FT,P3,S3,0,A,0,44,1e-05,0.0001,5,4216080340,35,1400,0.3468253968253968,0.13707168364250283,0.16214285714285714,0.16214285714285714,0.0,0.0|0.045|0.245|0.145|0.2|0.0|0.5,0.018175449143204226,True
FULL_FT,P3,S3,0,A,0,44,1e-05,0.0001,10,4216080340,35,1400,0.3468253968253968,0.13798938952615858,0.16285714285714287,0.16285714285714284,0.0,0.0|0.045|0.245|0.145|0.205|0.0|0.5,0.035793457654379184,True
FULL_FT,P3,S3,0,A,0,44,1e-05,0.0001,20,4216080340,35,1400,0.3730769230769231,0.16103222565826947,0.18857142857142858,0.18857142857142856,0.0,0.0|0.045|0.245|0.145|0.385|0.0|0.5,0.0704485243632357,True
FULL_FT,P3,S3,0,A,0,44,3e-05,0.0,5,2452662453,35,1400,0.3468253968253968,0.15745092425028392,0.18428571428571427,0.1842857142857143,0.0,0.0|0.045|0.245|0.145|0.355|0.0|0.5,0.05270022452385547,True
FULL_FT,P3,S3,0,A,0,44,3e-05,0.0,10,2452662453,35,1400,0.39385614385614387,0.16123498598980435,0.19071428571428573,0.1907142857142857,0.0,0.0|0.045|0.245|0.145|0.4|0.0|0.5,0.10356416704242054,True
FULL_FT,P3,S3,0,A,0,44,3e-05,0.0,20,2452662453,35,1400,0.4223276723276723,0.16048619471668277,0.19071428571428573,0.1907142857142857,0.0,0.0|0.045|0.245|0.145|0.4|0.0|0.5,0.20198080790412154,True
FULL_FT,P3,S3,0,A,0,44,3e-05,0.0001,5,3415649317,35,1400,0.3468253968253968,0.15745092425028392,0.18428571428571427,0.1842857142857143,0.0,0.0|0.045|0.245|0.145|0.355|0.0|0.5,0.05270022452385547,True
FULL_FT,P3,S3,0,A,0,44,3e-05,0.0001,10,3415649317,35,1400,0.39385614385614387,0.16123498598980435,0.19071428571428573,0.1907142857142857,0.0,0.0|0.045|0.245|0.145|0.4|0.0|0.5,0.10356416704242054,True
FULL_FT,P3,S3,0,A,0,44,3e-05,0.0001,20,3415649317,35,1400,0.4223276723276723,0.16048619471668277,0.19071428571428573,0.1907142857142857,0.0,0.0|0.045|0.245|0.145|0.4|0.0|0.5,0.20198080790412154,True
FULL_FT,P3,S3,0,A,0,44,0.0001,0.0,5,1923529004,35,1400,0.45789765789765785,0.16390198812047932,0.19071428571428573,0.1907142857142857,0.0,0.0|0.045|0.245|0.145|0.4|0.0|0.5,0.15817487064855545,True
FULL_FT,P3,S3,0,A,0,44,0.0001,0.0,10,1923529004,35,1400,0.5347890205033062,0.16204742622197812,0.19071428571428573,0.1907142857142857,0.0,0.0|0.045|0.245|0.145|0.4|0.0|0.5,0.3050451945098367,True
FULL_FT,P3,S3,0,A,0,44,0.0001,0.0,20,1923529004,35,1400,0.6211526568669425,0.20630537586841746,0.22642857142857142,0.22642857142857142,0.0,0.0|0.045|0.245|0.38|0.415|0.0|0.5,0.5750795404699245,True
FULL_FT,P3,S3,0,A,0,44,0.0001,0.0001,5,337148892,35,1400,0.45789765789765785,0.16390198812047932,0.19071428571428573,0.1907142857142857,0.0,0.0|0.045|0.245|0.145|0.4|0.0|0.5,0.15817487064855545,True
FULL_FT,P3,S3,0,A,0,44,0.0001,0.0001,10,337148892,35,1400,0.5347890205033062,0.16204742622197812,0.19071428571428573,0.1907142857142857,0.0,0.0|0.045|0.245|0.145|0.4|0.0|0.5,0.3050451945098367,True
FULL_FT,P3,S3,0,A,0,44,0.0001,0.0001,20,337148892,35,1400,0.6211526568669425,0.20630537586841746,0.22642857142857142,0.22642857142857142,0.0,0.0|0.045|0.245|0.38|0.415|0.0|0.5,0.5750795404699245,True
FULL_FT,P3,S3,0,A,0,44,0.0003,0.0,5,2351317943,35,1400,0.5163907521050378,0.18790610179135334,0.22142857142857142,0.22142857142857145,0.0,0.0|0.28|0.4|0.28|0.09|0.0|0.5,0.3057577057178104,True
FULL_FT,P3,S3,0,A,0,44,0.0003,0.0,10,2351317943,35,1400,0.4924242424242424,0.25483152559009287,0.3264285714285714,0.32642857142857146,0.0,0.0|0.045|0.71|0.63|0.4|0.0|0.5,0.4935282916085674,True
FULL_FT,P3,S3,0,A,0,44,0.0003,0.0,20,2351317943,35,1400,0.7134920634920634,0.20069829526065633,0.245,0.24500000000000002,0.0,0.015|0.0|0.245|0.385|0.415|0.0|0.655,0.8515270817494677,True
FULL_FT,P3,S3,0,A,0,44,0.0003,0.0001,5,3679613879,35,1400,0.5163907521050378,0.18790610179135334,0.22142857142857142,0.22142857142857145,0.0,0.0|0.28|0.4|0.28|0.09|0.0|0.5,0.3057573171299428,True
FULL_FT,P3,S3,0,A,0,44,0.0003,0.0001,10,3679613879,35,1400,0.4924242424242424,0.25483152559009287,0.3264285714285714,0.32642857142857146,0.0,0.0|0.045|0.71|0.63|0.4|0.0|0.5,0.49352743954399797,True
FULL_FT,P3,S3,0,A,0,44,0.0003,0.0001,20,3679613879,35,1400,0.7134920634920634,0.20069829526065633,0.245,0.24500000000000002,0.0,0.015|0.0|0.245|0.385|0.415|0.0|0.655,0.8514945792596604,True
PARTIAL_FT,P3,S3,0,A,0,45,1e-05,0.0,5,1859337929,35,1400,0.3787767787767788,0.12442558698303283,0.16714285714285715,0.16714285714285712,0.0,0.0|0.045|0.46|0.015|0.0|0.0|0.65,0.015218208276078171,True
PARTIAL_FT,P3,S3,0,A,0,45,1e-05,0.0,10,1859337929,35,1400,0.3787767787767788,0.12261383675916594,0.16714285714285715,0.16714285714285712,0.0,0.0|0.045|0.46|0.015|0.0|0.0|0.65,0.029916157030791028,True
PARTIAL_FT,P3,S3,0,A,0,45,1e-05,0.0,20,1859337929,35,1400,0.4074925074925075,0.12412198580629506,0.16714285714285715,0.16714285714285712,0.0,0.0|0.045|0.46|0.015|0.0|0.0|0.65,0.05900367583733632,True
PARTIAL_FT,P3,S3,0,A,0,45,1e-05,0.0001,5,919097040,35,1400,0.3787767787767788,0.12442558698303283,0.16714285714285715,0.16714285714285712,0.0,0.0|0.045|0.46|0.015|0.0|0.0|0.65,0.015218208276078171,True
PARTIAL_FT,P3,S3,0,A,0,45,1e-05,0.0001,10,919097040,35,1400,0.3787767787767788,0.12261383675916594,0.16714285714285715,0.16714285714285712,0.0,0.0|0.045|0.46|0.015|0.0|0.0|0.65,0.029916157030791028,True
PARTIAL_FT,P3,S3,0,A,0,45,1e-05,0.0001,20,919097040,35,1400,0.4074925074925075,0.12412198580629506,0.16714285714285715,0.16714285714285712,0.0,0.0|0.045|0.46|0.015|0.0|0.0|0.65,0.05900367583733632,True
PARTIAL_FT,P3,S3,0,A,0,45,3e-05,0.0,5,3601345323,35,1400,0.4074925074925075,0.11821889376770287,0.16714285714285715,0.16714285714285712,0.0,0.0|0.045|0.46|0.015|0.0|0.0|0.65,0.043858119994677015,True
PARTIAL_FT,P3,S3,0,A,0,45,3e-05,0.0,10,3601345323,35,1400,0.44955599955599956,0.12390907335469638,0.16714285714285715,0.16714285714285712,0.0,0.0|0.045|0.46|0.015|0.0|0.0|0.65,0.08666341219468417,True
PARTIAL_FT,P3,S3,0,A,0,45,3e-05,0.0,20,3601345323,35,1400,0.4781274281274281,0.12241822378592507,0.16714285714285715,0.16714285714285712,0.0,0.0|0.045|0.46|0.015|0.0|0.0|0.65,0.17079251936760073,True
PARTIAL_FT,P3,S3,0,A,0,45,3e-05,0.0001,5,3023141875,35,1400,0.4074925074925075,0.11821889376770287,0.16714285714285715,0.16714285714285712,0.0,0.0|0.045|0.46|0.015|0.0|0.0|0.65,0.043858119994677015,True
PARTIAL_FT,P3,S3,0,A,0,45,3e-05,0.0001,10,3023141875,35,1400,0.44955599955599956,0.12390907335469638,0.16714285714285715,0.16714285714285712,0.0,0.0|0.045|0.46|0.015|0.0|0.0|0.65,0.08666341219468417,True
PARTIAL_FT,P3,S3,0,A,0,45,3e-05,0.0001,20,3023141875,35,1400,0.4781274281274281,0.12241822378592507,0.16714285714285715,0.16714285714285712,0.0,0.0|0.045|0.46|0.015|0.0|0.0|0.65,0.17079251936760073,True
PARTIAL_FT,P3,S3,0,A,0,45,0.0001,0.0,5,4141755447,35,1400,0.4781274281274281,0.12791961199884436,0.16785714285714284,0.16785714285714287,0.0,0.0|0.045|0.46|0.02|0.0|0.0|0.65,0.13343343685661935,True
PARTIAL_FT,P3,S3,0,A,0,45,0.0001,0.0,10,4141755447,35,1400,0.4781274281274281,0.12185434068271651,0.16285714285714287,0.16285714285714287,0.0,0.0|0.045|0.46|0.015|0.0|0.0|0.62,0.2617705850058485,True
PARTIAL_FT,P3,S3,0,A,0,45,0.0001,0.0,20,4141755447,35,1400,0.5014112871255729,0.13567295950190497,0.17785714285714285,0.17785714285714288,0.0,0.0|0.045|0.46|0.03|0.0|0.0|0.71,0.5044109065669551,True
PARTIAL_FT,P3,S3,0,A,0,45,0.0001,0.0001,5,3397599434,35,1400,0.4781274281274281,0.12791961199884436,0.16785714285714284,0.16785714285714287,0.0,0.0|0.045|0.46|0.02|0.0|0.0|0.65,0.13343343685661935,True
PARTIAL_FT,P3,S3,0,A,0,45,0.0001,0.0001,10,3397599434,35,1400,0.4781274281274281,0.12185434068271651,0.16285714285714287,0.16285714285714287,0.0,0.0|0.045|0.46|0.015|0.0|0.0|0.62,0.2617705850058485,True
PARTIAL_FT,P3,S3,0,A,0,45,0.0001,0.0001,20,3397599434,35,1400,0.5014112871255729,0.13567295950190497,0.17785714285714285,0.17785714285714288,0.0,0.0|0.045|0.46|0.03|0.0|0.0|0.71,0.5044109065669551,True
PARTIAL_FT,P3,S3,0,A,0,45,0.0003,0.0,5,3345771255,35,1400,0.40306122448979587,0.139681424426312,0.21785714285714286,0.21785714285714283,0.0,0.0|0.045|0.71|0.03|0.0|0.0|0.74,0.28353827911356877,True
PARTIAL_FT,P3,S3,0,A,0,45,0.0003,0.0,10,3345771255,35,1400,0.504101454101454,0.20938998359558636,0.24571428571428572,0.24571428571428572,0.0,0.235|0.045|0.46|0.27|0.0|0.0|0.71,0.5155114675199187,True
PARTIAL_FT,P3,S3,0,A,0,45,0.0003,0.0,20,3345771255,35,1400,0.577646163360449,0.14746748422525563,0.18,0.18,0.0,0.0|0.045|0.46|0.26|0.0|0.0|0.495,0.965854044403298,True
PARTIAL_FT,P3,S3,0,A,0,45,0.0003,0.0001,5,861158930,35,1400,0.40306122448979587,0.139681424426312,0.21785714285714286,0.21785714285714283,0.0,0.0|0.045|0.71|0.03|0.0|0.0|0.74,0.28353810733685075,True
PARTIAL_FT,P3,S3,0,A,0,45,0.0003,0.0001,10,861158930,35,1400,0.504101454101454,0.20938998359558636,0.24571428571428572,0.24571428571428572,0.0,0.235|0.045|0.46|0.27|0.0|0.0|0.71,0.5155109669223448,True
PARTIAL_FT,P3,S3,0,A,0,45,0.0003,0.0001,20,861158930,35,1400,0.577646163360449,0.14746748422525563,0.18,0.18,0.0,0.0|0.045|0.46|0.26|0.0|0.0|0.495,0.9658525095908792,True
FULL_FT,P3,S3,0,A,0,45,1e-05,0.0,5,511548942,35,1400,0.3787767787767788,0.12081812733078988,0.16714285714285715,0.16714285714285712,0.0,0.0|0.045|0.46|0.015|0.0|0.0|0.65,0.017502483062126723,True
FULL_FT,P3,S3,0,A,0,45,1e-05,0.0,10,511548942,35,1400,0.4074925074925075,0.12412198580629506,0.16714285714285715,0.16714285714285712,0.0,0.0|0.045|0.46|0.015|0.0|0.0|0.65,0.03470506928438246,True
FULL_FT,P3,S3,0,A,0,45,1e-05,0.0,20,511548942,35,1400,0.44955599955599956,0.12412198580629506,0.16714285714285715,0.16714285714285712,0.0,0.0|0.045|0.46|0.015|0.0|0.0|0.65,0.06902451802112236,True
FULL_FT,P3,S3,0,A,0,45,1e-05,0.0001,5,2627591490,35,1400,0.3787767787767788,0.12081812733078988,0.16714285714285715,0.16714285714285712,0.0,0.0|0.045|0.46|0.015|0.0|0.0|0.65,0.017502483062126723,True
FULL_FT,P3,S3,0,A,0,45,1e-05,0.0001,10,2627591490,35,1400,0.4074925074925075,0.12412198580629506,0.16714285714285715,0.16714285714285712,0.0,0.0|0.045|0.46|0.015|0.0|0.0|0.65,0.03470506928438246,True
FULL_FT,P3,S3,0,A,0,45,1e-05,0.0001,20,2627591490,35,1400,0.44955599955599956,0.12412198580629506,0.16714285714285715,0.16714285714285712,0.0,0.0|0.045|0.46|0.015|0.0|0.0|0.65,0.06902451802112236,True
FULL_FT,P3,S3,0,A,0,45,3e-05,0.0,5,2469762363,35,1400,0.44955599955599956,0.12506347450909752,0.16714285714285715,0.16714285714285712,0.0,0.0|0.045|0.46|0.015|0.0|0.0|0.65,0.04905151054063411,True
FULL_FT,P3,S3,0,A,0,45,3e-05,0.0,10,2469762363,35,1400,0.4781274281274281,0.12221817067808691,0.16285714285714287,0.16285714285714287,0.0,0.0|0.045|0.46|0.015|0.0|0.0|0.62,0.09763228115543962,True
FULL_FT,P3,S3,0,A,0,45,3e-05,0.0,20,2469762363,35,1400,0.4781274281274281,0.13442768743774577,0.17785714285714285,0.17785714285714288,0.0,0.0|0.045|0.46|0.03|0.0|0.0|0.71,0.19269973291520726,True
FULL_FT,P3,S3,0,A,0,45,3e-05,0.0001,5,3524595372,35,1400,0.44955599955599956,0.12506347450909752,0.16714285714285715,0.16714285714285712,0.0,0.0|0.045|0.46|0.015|0.0|0.0|0.65,0.04905151054063411,True
FULL_FT,P3,S3,0,A,0,45,3e-05,0.0001,10,3524595372,35,1400,0.4781274281274281,0.12221817067808691,0.16285714285714287,0.16285714285714287,0.0,0.0|0.045|0.46|0.015|0.0|0.0|0.62,0.09763228115543962,True
FULL_FT,P3,S3,0,A,0,45,3e-05,0.0001,20,3524595372,35,1400,0.4781274281274281,0.13442768743774577,0.17785714285714285,0.17785714285714288,0.0,0.0|0.045|0.46|0.03|0.0|0.0|0.71,0.19269973291520726,True
FULL_FT,P3,S3,0,A,0,45,0.0001,0.0,5,2222842397,35,1400,0.417965367965368,0.1363156321943067,0.21571428571428572,0.21571428571428572,0.0,0.0|0.045|0.71|0.015|0.0|0.0|0.74,0.11903192209903554,True
FULL_FT,P3,S3,0,A,0,45,0.0001,0.0,10,2222842397,35,1400,0.5014112871255729,0.13115422124891749,0.17785714285714285,0.17785714285714288,0.0,0.0|0.045|0.46|0.03|0.0|0.0|0.71,0.22406080158649702,True
FULL_FT,P3,S3,0,A,0,45,0.0001,0.0,20,2222842397,35,1400,0.6086294657723228,0.157293263438657,0.18071428571428572,0.18071428571428574,0.0,0.0|0.045|0.46|0.265|0.0|0.0|0.495,0.43001318960737506,True
FULL_FT,P3,S3,0,A,0,45,0.0001,0.0001,5,536355533,35,1400,0.417965367965368,0.1363156321943067,0.21571428571428572,0.21571428571428572,0.0,0.0|0.045|0.71|0.015|0.0|0.0|0.74,0.11903192209903554,True
FULL_FT,P3,S3,0,A,0,45,0.0001,0.0001,10,536355533,35,1400,0.5014112871255729,0.13115422124891749,0.17785714285714285,0.17785714285714288,0.0,0.0|0.045|0.46|0.03|0.0|0.0|0.71,0.22406080158649702,True
FULL_FT,P3,S3,0,A,0,45,0.0001,0.0001,20,536355533,35,1400,0.6086294657723228,0.157293263438657,0.18071428571428572,0.18071428571428574,0.0,0.0|0.045|0.46|0.265|0.0|0.0|0.495,0.43001318960737506,True
FULL_FT,P3,S3,0,A,0,45,0.0003,0.0,5,829762498,35,1400,0.2714285714285714,0.10799088045575532,0.21214285714285713,0.21214285714285713,0.0,0.0|0.0|0.745|0.0|0.0|0.0|0.74,0.2149744656891437,True
FULL_FT,P3,S3,0,A,0,45,0.0003,0.0,10,829762498,35,1400,0.6005383505383506,0.1792143483723332,0.1757142857142857,0.1757142857142857,0.0,0.235|0.045|0.43|0.27|0.0|0.0|0.25,0.3368880062991853,True
FULL_FT,P3,S3,0,A,0,45,0.0003,0.0,20,829762498,35,1400,0.6609771181199752,0.1312574387077898,0.21642857142857144,0.21642857142857144,0.0,0.0|0.0|0.745|0.03|0.0|0.0|0.74,0.5956007433741629,True
FULL_FT,P3,S3,0,A,0,45,0.0003,0.0001,5,4018942571,35,1400,0.2714285714285714,0.10799088045575532,0.21214285714285713,0.21214285714285713,0.0,0.0|0.0|0.745|0.0|0.0|0.0|0.74,0.21497433808453492,True
FULL_FT,P3,S3,0,A,0,45,0.0003,0.0001,10,4018942571,35,1400,0.6005383505383506,0.1792143483723332,0.1757142857142857,0.1757142857142857,0.0,0.235|0.045|0.43|0.27|0.0|0.0|0.25,0.3368877281387461,True
FULL_FT,P3,S3,0,A,0,45,0.0003,0.0001,20,4018942571,35,1400,0.6609771181199752,0.1312574387077898,0.21642857142857144,0.21642857142857144,0.0,0.0|0.0|0.745|0.03|0.0|0.0|0.74,0.5956034805342674,True
PARTIAL_FT,P3,S3,0,A,0,46,1e-05,0.0,5,402889778,35,1400,0.3248917748917749,0.12809576924371016,0.14642857142857144,0.1464285714285714,0.0,0.0|0.0|0.075|0.27|0.185|0.0|0.495,0.015316667789794224,True
PARTIAL_FT,P3,S3,0,A,0,46,1e-05,0.0,10,402889778,35,1400,0.3248917748917749,0.139690301598518,0.15785714285714286,0.15785714285714286,0.0,0.0|0.0|0.155|0.27|0.185|0.0|0.495,0.030085082484397004,True
PARTIAL_FT,P3,S3,0,A,0,46,1e-05,0.0,20,402889778,35,1400,0.3248917748917749,0.127578248870019,0.14642857142857144,0.1464285714285714,0.0,0.0|0.0|0.075|0.27|0.185|0.0|0.495,0.05916287496712612,True
PARTIAL_FT,P3,S3,0,A,0,46,1e-05,0.0001,5,92176367,35,1400,0.3248917748917749,0.12809576924371016,0.14642857142857144,0.1464285714285714,0.0,0.0|0.0|0.075|0.27|0.185|0.0|0.495,0.015316667789794224,True
PARTIAL_FT,P3,S3,0,A,0,46,1e-05,0.0001,10,92176367,35,1400,0.3248917748917749,0.139690301598518,0.15785714285714286,0.15785714285714286,0.0,0.0|0.0|0.155|0.27|0.185|0.0|0.495,0.030085082484397004,True
PARTIAL_FT,P3,S3,0,A,0,46,1e-05,0.0001,20,92176367,35,1400,0.3248917748917749,0.127578248870019,0.14642857142857144,0.1464285714285714,0.0,0.0|0.0|0.075|0.27|0.185|0.0|0.495,0.05916287496712612,True
PARTIAL_FT,P3,S3,0,A,0,46,3e-05,0.0,5,1560310834,35,1400,0.3248917748917749,0.15892884331283244,0.17714285714285713,0.17714285714285719,0.0,0.0|0.0|0.29|0.27|0.185|0.0|0.495,0.044250977298689965,True
PARTIAL_FT,P3,S3,0,A,0,46,3e-05,0.0,10,1560310834,35,1400,0.3248917748917749,0.13292337087922693,0.15142857142857144,0.15142857142857144,0.0,0.0|0.0|0.11|0.27|0.185|0.0|0.495,0.08704782707679587,True
PARTIAL_FT,P3,S3,0,A,0,46,3e-05,0.0,20,1560310834,35,1400,0.36096681096681094,0.15838058415702827,0.17714285714285713,0.17714285714285719,0.0,0.0|0.0|0.29|0.27|0.185|0.0|0.495,0.1718284855731804,True
PARTIAL_FT,P3,S3,0,A,0,46,3e-05,0.0001,5,859555587,35,1400,0.3248917748917749,0.15892884331283244,0.17714285714285713,0.17714285714285719,0.0,0.0|0.0|0.29|0.27|0.185|0.0|0.495,0.044250977298689965,True
PARTIAL_FT,P3,S3,0,A,0,46,3e-05,0.0001,10,859555587,35,1400,0.3248917748917749,0.13292337087922693,0.15142857142857144,0.15142857142857144,0.0,0.0|0.0|0.11|0.27|0.185|0.0|0.495,0.08704782707679587,True
PARTIAL_FT,P3,S3,0,A,0,46,3e-05,0.0001,20,859555587,35,1400,0.36096681096681094,0.15838058415702827,0.17714285714285713,0.17714285714285719,0.0,0.0|0.0|0.29|0.27|0.185|0.0|0.495,0.1718284855731804,True
PARTIAL_FT,P3,S3,0,A,0,46,0.0001,0.0,5,2304954404,35,1400,0.36096681096681094,0.12320269286289139,0.14214285714285715,0.14214285714285715,0.0,0.0|0.0|0.045|0.27|0.185|0.0|0.495,0.13812533232849147,True
PARTIAL_FT,P3,S3,0,A,0,46,0.0001,0.0,10,2304954404,35,1400,0.36096681096681094,0.155375902869509,0.17285714285714285,0.17285714285714285,0.0,0.0|0.0|0.26|0.27|0.185|0.0|0.495,0.2720052662754712,True
PARTIAL_FT,P3,S3,0,A,0,46,0.0001,0.0,20,2304954404,35,1400,0.44494949494949493,0.15297472133249748,0.17357142857142857,0.17357142857142857,0.0,0.0|0.0|0.26|0.27|0.185|0.0|0.5,0.5255064913530805,True
PARTIAL_FT,P3,S3,0,A,0,46,0.0001,0.0001,5,2527270011,35,1400,0.36096681096681094,0.12320269286289139,0.14214285714285715,0.14214285714285715,0.0,0.0|0.0|0.045|0.27|0.185|0.0|0.495,0.13812533232849147,True
PARTIAL_FT,P3,S3,0,A,0,46,0.0001,0.0001,10,2527270011,35,1400,0.36096681096681094,0.155375902869509,0.17285714285714285,0.17285714285714285,0.0,0.0|0.0|0.26|0.27|0.185|0.0|0.495,0.2720052662754712,True
PARTIAL_FT,P3,S3,0,A,0,46,0.0001,0.0001,20,2527270011,35,1400,0.44494949494949493,0.15297472133249748,0.17357142857142857,0.17357142857142857,0.0,0.0|0.0|0.26|0.27|0.185|0.0|0.5,0.5255064913530805,True
PARTIAL_FT,P3,S3,0,A,0,46,0.0003,0.0,5,1993276848,35,1400,0.32877677877677874,0.1637951969362304,0.2042857142857143,0.20428571428571432,0.0,0.0|0.0|0.26|0.27|0.185|0.0|0.715,0.3368381211007888,True
PARTIAL_FT,P3,S3,0,A,0,46,0.0003,0.0,10,1993276848,35,1400,0.43809523809523804,0.17252726320564224,0.19,0.19,0.0,0.0|0.0|0.26|0.385|0.185|0.0|0.5,0.6339829584809971,True
PARTIAL_FT,P3,S3,0,A,0,46,0.0003,0.0,20,1993276848,35,1400,0.6292929292929292,0.2080470903968052,0.24714285714285714,0.24714285714285714,0.0,0.0|0.0|0.26|0.63|0.185|0.0|0.655,1.1821451581903737,True
PARTIAL_FT,P3,S3,0,A,0,46,0.0003,0.0001,5,766850521,35,1400,0.32877677877677874,0.1637951969362304,0.2042857142857143,0.20428571428571432,0.0,0.0|0.0|0.26|0.27|0.185|0.0|0.715,0.33683789684167925,True
PARTIAL_FT,P3,S3,0,A,0,46,0.0003,0.0001,10,766850521,35,1400,0.43809523809523804,0.17252726320564224,0.19,0.19,0.0,0.0|0.0|0.26|0.385|0.185|0.0|0.5,0.6339823237338642,True
PARTIAL_FT,P3,S3,0,A,0,46,0.0003,0.0001,20,766850521,35,1400,0.6292929292929292,0.2080470903968052,0.24714285714285714,0.24714285714285714,0.0,0.0|0.0|0.26|0.63|0.185|0.0|0.655,1.1821431333819434,True
FULL_FT,P3,S3,0,A,0,46,1e-05,0.0,5,1115768194,35,1400,0.3248917748917749,0.16018334477392912,0.1792857142857143,0.17928571428571427,0.0,0.0|0.0|0.305|0.27|0.185|0.0|0.495,0.017801652679111123,True
FULL_FT,P3,S3,0,A,0,46,1e-05,0.0,10,1115768194,35,1400,0.3248917748917749,0.1581891272404031,0.17714285714285713,0.17714285714285719,0.0,0.0|0.0|0.29|0.27|0.185|0.0|0.495,0.03513595950646202,True
FULL_FT,P3,S3,0,A,0,46,1e-05,0.0,20,1115768194,35,1400,0.36096681096681094,0.1581891272404031,0.17714285714285713,0.17714285714285719,0.0,0.0|0.0|0.29|0.27|0.185|0.0|0.495,0.06967699205728767,True
FULL_FT,P3,S3,0,A,0,46,1e-05,0.0001,5,1025967710,35,1400,0.3248917748917749,0.16018334477392912,0.1792857142857143,0.17928571428571427,0.0,0.0|0.0|0.305|0.27|0.185|0.0|0.495,0.017801652679111123,True
FULL_FT,P3,S3,0,A,0,46,1e-05,0.0001,10,1025967710,35,1400,0.3248917748917749,0.1581891272404031,0.17714285714285713,0.17714285714285719,0.0,0.0|0.0|0.29|0.27|0.185|0.0|0.495,0.03513595950646202,True
FULL_FT,P3,S3,0,A,0,46,1e-05,0.0001,20,1025967710,35,1400,0.36096681096681094,0.1581891272404031,0.17714285714285713,0.17714285714285719,0.0,0.0|0.0|0.29|0.27|0.185|0.0|0.495,0.06967699205728767,True
FULL_FT,P3,S3,0,A,0,46,3e-05,0.0,5,3266822774,35,1400,0.3248917748917749,0.1581891272404031,0.17714285714285713,0.17714285714285719,0.0,0.0|0.0|0.29|0.27|0.185|0.0|0.495,0.05089158830054787,True
FULL_FT,P3,S3,0,A,0,46,3e-05,0.0,10,3266822774,35,1400,0.3834776334776335,0.1581891272404031,0.17714285714285713,0.17714285714285719,0.0,0.0|0.0|0.29|0.27|0.185|0.0|0.495,0.10092975796655672,True
FULL_FT,P3,S3,0,A,0,46,3e-05,0.0,20,3266822774,35,1400,0.4152236652236652,0.1581891272404031,0.17714285714285713,0.17714285714285719,0.0,0.0|0.0|0.29|0.27|0.185|0.0|0.495,0.19901627339049843,True
FULL_FT,P3,S3,0,A,0,46,3e-05,0.0001,5,1620446584,35,1400,0.3248917748917749,0.1581891272404031,0.17714285714285713,0.17714285714285719,0.0,0.0|0.0|0.29|0.27|0.185|0.0|0.495,0.05089158830054787,True
FULL_FT,P3,S3,0,A,0,46,3e-05,0.0001,10,1620446584,35,1400,0.3834776334776335,0.1581891272404031,0.17714285714285713,0.17714285714285719,0.0,0.0|0.0|0.29|0.27|0.185|0.0|0.495,0.10092975796655672,True
FULL_FT,P3,S3,0,A,0,46,3e-05,0.0001,20,1620446584,35,1400,0.4152236652236652,0.1581891272404031,0.17714285714285713,0.17714285714285719,0.0,0.0|0.0|0.29|0.27|0.185|0.0|0.495,0.19901627339049843,True
FULL_FT,P3,S3,0,A,0,46,0.0001,0.0,5,4178020022,35,1400,0.32877677877677874,0.1617136934957259,0.2042857142857143,0.20428571428571432,0.0,0.0|0.0|0.26|0.27|0.185|0.0|0.715,0.1371626865215186,True
FULL_FT,P3,S3,0,A,0,46,0.0001,0.0,10,4178020022,35,1400,0.4152236652236652,0.14852496674711904,0.17357142857142857,0.17357142857142857,0.0,0.0|0.0|0.26|0.27|0.185|0.0|0.5,0.2648730942071309,True
FULL_FT,P3,S3,0,A,0,46,0.0001,0.0,20,4178020022,35,1400,0.539064110492682,0.1512057376665423,0.19,0.19,0.0,0.0|0.0|0.26|0.385|0.185|0.0|0.5,0.5097500708264543,True
FULL_FT,P3,S3,0,A,0,46,0.0001,0.0001,5,1030444684,35,1400,0.32877677877677874,0.1617136934957259,0.2042857142857143,0.20428571428571432,0.0,0.0|0.0|0.26|0.27|0.185|0.0|0.715,0.1371626865215186,True
FULL_FT,P3,S3,0,A,0,46,0.0001,0.0001,10,1030444684,35,1400,0.4152236652236652,0.14852496674711904,0.17357142857142857,0.17357142857142857,0.0,0.0|0.0|0.26|0.27|0.185|0.0|0.5,0.2648730942071309,True
FULL_FT,P3,S3,0,A,0,46,0.0001,0.0001,20,1030444684,35,1400,0.539064110492682,0.1512057376665423,0.19,0.19,0.0,0.0|0.0|0.26|0.385|0.185|0.0|0.5,0.5097500708264543,True
FULL_FT,P3,S3,0,A,0,46,0.0003,0.0,5,480980545,35,1400,0.21859410430839002,0.11645875503386084,0.2057142857142857,0.2057142857142857,0.0,0.0|0.0|0.51|0.03|0.0|0.0|0.9,0.2621443186114117,True
FULL_FT,P3,S3,0,A,0,46,0.0003,0.0,10,480980545,35,1400,0.5259121830550402,0.1517137756564709,0.17142857142857143,0.17142857142857143,0.0,0.0|0.0|0.0|0.27|0.185|0.245|0.5,0.44341822607957315,True
FULL_FT,P3,S3,0,A,0,46,0.0003,0.0,20,480980545,35,1400,0.628333571190714,0.19065482606889025,0.24,0.24000000000000002,0.0,0.0|0.0|0.51|0.27|0.185|0.0|0.715,0.7940962942681918,True
FULL_FT,P3,S3,0,A,0,46,0.0003,0.0001,5,3837904327,35,1400,0.21859410430839002,0.11645875503386084,0.2057142857142857,0.2057142857142857,0.0,0.0|0.0|0.51|0.03|0.0|0.0|0.9,0.26211702464403064,True
FULL_FT,P3,S3,0,A,0,46,0.0003,0.0001,10,3837904327,35,1400,0.5259121830550402,0.1517137756564709,0.17142857142857143,0.17142857142857143,0.0,0.0|0.0|0.0|0.27|0.185|0.245|0.5,0.4433631720556238,True
FULL_FT,P3,S3,0,A,0,46,0.0003,0.0001,20,3837904327,35,1400,0.628333571190714,0.19172484520601976,0.24,0.24000000000000002,0.0,0.0|0.0|0.51|0.27|0.185|0.0|0.715,0.7941295953233858,True
PARTIAL_FT,P3,S3,4,A,4,42,1e-05,0.0,5,2623392926,35,1400,0.28611547182975755,0.2828933818960953,0.3192857142857143,0.3192857142857143,0.0,0.0|0.27|0.0|0.735|0.25|0.48|0.5,0.0154985052610874,True
PARTIAL_FT,P3,S3,4,A,4,42,1e-05,0.0,10,2623392926,35,1400,0.28611547182975755,0.28321718882944935,0.3192857142857143,0.3192857142857143,0.0,0.0|0.27|0.0|0.735|0.25|0.48|0.5,0.030740644929877423,True
PARTIAL_FT,P3,S3,4,A,4,42,1e-05,0.0,20,2623392926,35,1400,0.28611547182975755,0.29007264055460297,0.32357142857142857,0.32357142857142857,0.0,0.0|0.27|0.03|0.735|0.25|0.48|0.5,0.060710368175015204,True
PARTIAL_FT,P3,S3,4,A,4,42,1e-05,0.0001,5,3817869110,35,1400,0.28611547182975755,0.2828933818960953,0.3192857142857143,0.3192857142857143,0.0,0.0|0.27|0.0|0.735|0.25|0.48|0.5,0.0154985052610874,True
PARTIAL_FT,P3,S3,4,A,4,42,1e-05,0.0001,10,3817869110,35,1400,0.28611547182975755,0.28321718882944935,0.3192857142857143,0.3192857142857143,0.0,0.0|0.27|0.0|0.735|0.25|0.48|0.5,0.030740644929877423,True
PARTIAL_FT,P3,S3,4,A,4,42,1e-05,0.0001,20,3817869110,35,1400,0.28611547182975755,0.29007264055460297,0.32357142857142857,0.32357142857142857,0.0,0.0|0.27|0.03|0.735|0.25|0.48|0.5,0.060710368175015204,True
PARTIAL_FT,P3,S3,4,A,4,42,3e-05,0.0,5,1410450174,35,1400,0.28611547182975755,0.2890840386423017,0.32357142857142857,0.32357142857142857,0.0,0.0|0.27|0.03|0.735|0.25|0.48|0.5,0.045737910110561386,True
PARTIAL_FT,P3,S3,4,A,4,42,3e-05,0.0,10,1410450174,35,1400,0.28611547182975755,0.3209073725351301,0.3485714285714286,0.3485714285714286,0.0,0.0|0.27|0.205|0.735|0.25|0.48|0.5,0.09013196097345322,True
PARTIAL_FT,P3,S3,4,A,4,42,3e-05,0.0,20,1410450174,35,1400,0.28611547182975755,0.32340034786511734,0.3507142857142857,0.3507142857142857,0.0,0.0|0.27|0.22|0.735|0.25|0.48|0.5,0.17614014843584946,True
PARTIAL_FT,P3,S3,4,A,4,42,3e-05,0.0001,5,2303748798,35,1400,0.28611547182975755,0.2890840386423017,0.32357142857142857,0.32357142857142857,0.0,0.0|0.27|0.03|0.735|0.25|0.48|0.5,0.045737910110561386,True
PARTIAL_FT,P3,S3,4,A,4,42,3e-05,0.0001,10,2303748798,35,1400,0.28611547182975755,0.3209073725351301,0.3485714285714286,0.3485714285714286,0.0,0.0|0.27|0.205|0.735|0.25|0.48|0.5,0.09013196097345322,True
PARTIAL_FT,P3,S3,4,A,4,42,3e-05,0.0001,20,2303748798,35,1400,0.28611547182975755,0.32340034786511734,0.3507142857142857,0.3507142857142857,0.0,0.0|0.27|0.22|0.735|0.25|0.48|0.5,0.17614014843584946,True
PARTIAL_FT,P3,S3,4,A,4,42,0.0001,0.0,5,2292320599,35,1400,0.28611547182975755,0.324221601006687,0.3507142857142857,0.3507142857142857,0.0,0.0|0.27|0.22|0.735|0.25|0.48|0.5,0.14605173935632593,True
PARTIAL_FT,P3,S3,4,A,4,42,0.0001,0.0,10,2292320599,35,1400,0.3207792207792207,0.32353861052777816,0.3507142857142857,0.3507142857142857,0.0,0.0|0.27|0.22|0.735|0.25|0.48|0.5,0.2834075669216297,True
PARTIAL_FT,P3,S3,4,A,4,42,0.0001,0.0,20,2292320599,35,1400,0.43033395176252315,0.32316695636172466,0.3507142857142857,0.3507142857142857,0.0,0.0|0.27|0.22|0.735|0.25|0.48|0.5,0.5386643420786081,True
PARTIAL_FT,P3,S3,4,A,4,42,0.0001,0.0001,5,2532954294,35,1400,0.28611547182975755,0.324221601006687,0.3507142857142857,0.3507142857142857,0.0,0.0|0.27|0.22|0.735|0.25|0.48|0.5,0.14605173935632593,True
PARTIAL_FT,P3,S3,4,A,4,42,0.0001,0.0001,10,2532954294,35,1400,0.3207792207792207,0.32353861052777816,0.3507142857142857,0.3507142857142857,0.0,0.0|0.27|0.22|0.735|0.25|0.48|0.5,0.2834075669216297,True
PARTIAL_FT,P3,S3,4,A,4,42,0.0001,0.0001,20,2532954294,35,1400,0.43033395176252315,0.32316695636172466,0.3507142857142857,0.3507142857142857,0.0,0.0|0.27|0.22|0.735|0.25|0.48|0.5,0.5386643420786081,True
PARTIAL_FT,P3,S3,4,A,4,42,0.0003,0.0,5,3403820039,35,1400,0.42990105132962275,0.3236829291099017,0.3507142857142857,0.3507142857142857,0.0,0.0|0.27|0.22|0.735|0.25|0.48|0.5,0.36180926359645155,True
PARTIAL_FT,P3,S3,4,A,4,42,0.0003,0.0,10,3403820039,35,1400,0.45201227344084494,0.32250435723666737,0.3507142857142857,0.3507142857142857,0.0,0.0|0.27|0.22|0.735|0.25|0.48|0.5,0.6585439264788897,True
PARTIAL_FT,P3,S3,4,A,4,42,0.0003,0.0,20,3403820039,35,1400,0.5426739926739927,0.32407102064371685,0.3507142857142857,0.3507142857142857,0.0,0.0|0.27|0.22|0.735|0.25|0.48|0.5,1.2122230006336707,True
PARTIAL_FT,P3,S3,4,A,4,42,0.0003,0.0001,5,1678301217,35,1400,0.42990105132962275,0.3236829291099017,0.3507142857142857,0.3507142857142857,0.0,0.0|0.27|0.22|0.735|0.25|0.48|0.5,0.36180909684490453,True
PARTIAL_FT,P3,S3,4,A,4,42,0.0003,0.0001,10,1678301217,35,1400,0.45201227344084494,0.32250435723666737,0.3507142857142857,0.3507142857142857,0.0,0.0|0.27|0.22|0.735|0.25|0.48|0.5,0.6585433774539546,True
PARTIAL_FT,P3,S3,4,A,4,42,0.0003,0.0001,20,1678301217,35,1400,0.5426739926739927,0.32407102064371685,0.3507142857142857,0.3507142857142857,0.0,0.0|0.27|0.22|0.735|0.25|0.48|0.5,1.212220225039179,True
FULL_FT,P3,S3,4,A,4,42,1e-05,0.0,5,564590339,35,1400,0.28611547182975755,0.28523523190749905,0.32357142857142857,0.32357142857142857,0.0,0.0|0.27|0.03|0.735|0.25|0.48|0.5,0.01807127140809618,True
FULL_FT,P3,S3,4,A,4,42,1e-05,0.0,10,564590339,35,1400,0.28611547182975755,0.30250343639811267,0.3342857142857143,0.33428571428571424,0.0,0.0|0.27|0.105|0.735|0.25|0.48|0.5,0.03578879089831711,True
FULL_FT,P3,S3,4,A,4,42,1e-05,0.0,20,564590339,35,1400,0.28611547182975755,0.324221601006687,0.3507142857142857,0.3507142857142857,0.0,0.0|0.27|0.22|0.735|0.25|0.48|0.5,0.07079395842941905,True
FULL_FT,P3,S3,4,A,4,42,1e-05,0.0001,5,3525001913,35,1400,0.28611547182975755,0.28523523190749905,0.32357142857142857,0.32357142857142857,0.0,0.0|0.27|0.03|0.735|0.25|0.48|0.5,0.01807127140809618,True
FULL_FT,P3,S3,4,A,4,42,1e-05,0.0001,10,3525001913,35,1400,0.28611547182975755,0.30250343639811267,0.3342857142857143,0.33428571428571424,0.0,0.0|0.27|0.105|0.735|0.25|0.48|0.5,0.03578879089831711,True
FULL_FT,P3,S3,4,A,4,42,1e-05,0.0001,20,3525001913,35,1400,0.28611547182975755,0.324221601006687,0.3507142857142857,0.3507142857142857,0.0,0.0|0.27|0.22|0.735|0.25|0.48|0.5,0.07079395842941905,True
FULL_FT,P3,S3,4,A,4,42,3e-05,0.0,5,3255528827,35,1400,0.28611547182975755,0.3211501832698009,0.3485714285714286,0.3485714285714286,0.0,0.0|0.27|0.205|0.735|0.25|0.48|0.5,0.052409358905399814,True
FULL_FT,P3,S3,4,A,4,42,3e-05,0.0,10,3255528827,35,1400,0.3180058037200894,0.324221601006687,0.3507142857142857,0.3507142857142857,0.0,0.0|0.27|0.22|0.735|0.25|0.48|0.5,0.10356940643056246,True
FULL_FT,P3,S3,4,A,4,42,3e-05,0.0,20,3255528827,35,1400,0.42903525046382196,0.32340034786511734,0.3507142857142857,0.3507142857142857,0.0,0.0|0.27|0.22|0.735|0.25|0.48|0.5,0.20226403410760788,True
FULL_FT,P3,S3,4,A,4,42,3e-05,0.0001,5,3230958368,35,1400,0.28611547182975755,0.3211501832698009,0.3485714285714286,0.3485714285714286,0.0,0.0|0.27|0.205|0.735|0.25|0.48|0.5,0.052409358905399814,True
FULL_FT,P3,S3,4,A,4,42,3e-05,0.0001,10,3230958368,35,1400,0.3180058037200894,0.324221601006687,0.3507142857142857,0.3507142857142857,0.0,0.0|0.27|0.22|0.735|0.25|0.48|0.5,0.10356940643056246,True
FULL_FT,P3,S3,4,A,4,42,3e-05,0.0001,20,3230958368,35,1400,0.42903525046382196,0.32340034786511734,0.3507142857142857,0.3507142857142857,0.0,0.0|0.27|0.22|0.735|0.25|0.48|0.5,0.20226403410760788,True
FULL_FT,P3,S3,4,A,4,42,0.0001,0.0,5,1980170531,35,1400,0.3607392607392607,0.32250435723666737,0.3507142857142857,0.3507142857142857,0.0,0.0|0.27|0.22|0.735|0.25|0.48|0.5,0.14227009536525076,True
FULL_FT,P3,S3,4,A,4,42,0.0001,0.0,10,1980170531,35,1400,0.42160617160617164,0.32250435723666737,0.3507142857142857,0.3507142857142857,0.0,0.0|0.27|0.22|0.735|0.25|0.48|0.5,0.26979403292141785,True
FULL_FT,P3,S3,4,A,4,42,0.0001,0.0,20,1980170531,35,1400,0.5352346066631781,0.3240787906259693,0.3507142857142857,0.3507142857142857,0.0,0.0|0.27|0.22|0.735|0.25|0.48|0.5,0.512615233572141,True
FULL_FT,P3,S3,4,A,4,42,0.0001,0.0001,5,3960652526,35,1400,0.3607392607392607,0.32250435723666737,0.3507142857142857,0.3507142857142857,0.0,0.0|0.27|0.22|0.735|0.25|0.48|0.5,0.14227009536525076,True
FULL_FT,P3,S3,4,A,4,42,0.0001,0.0001,10,3960652526,35,1400,0.42160617160617164,0.32250435723666737,0.3507142857142857,0.3507142857142857,0.0,0.0|0.27|0.22|0.735|0.25|0.48|0.5,0.26979403292141785,True
FULL_FT,P3,S3,4,A,4,42,0.0001,0.0001,20,3960652526,35,1400,0.5352346066631781,0.3240787906259693,0.3507142857142857,0.3507142857142857,0.0,0.0|0.27|0.22|0.735|0.25|0.48|0.5,0.512615233572141,True
FULL_FT,P3,S3,4,A,4,42,0.0003,0.0,5,2849105700,35,1400,0.25334765485141425,0.24144627897618268,0.30714285714285716,0.3071428571428571,0.0,0.0|0.0|0.0|0.735|0.25|0.415|0.75,0.2630543687983159,True
FULL_FT,P3,S3,4,A,4,42,0.0003,0.0,10,2849105700,35,1400,0.5222634508348794,0.32164763805017843,0.355,0.355,0.0,0.0|0.27|0.0|0.735|0.5|0.48|0.5,0.41006389330965204,True
FULL_FT,P3,S3,4,A,4,42,0.0003,0.0,20,2849105700,35,1400,0.5604355961498818,0.25339911246121793,0.2807142857142857,0.28071428571428575,0.0,0.0|0.0|0.22|0.735|0.25|0.245|0.515,0.6977157586516485,True
FULL_FT,P3,S3,4,A,4,42,0.0003,0.0001,5,3502706640,35,1400,0.25334765485141425,0.24144627897618268,0.30714285714285716,0.3071428571428571,0.0,0.0|0.0|0.0|0.735|0.25|0.415|0.75,0.26304949607924416,True
FULL_FT,P3,S3,4,A,4,42,0.0003,0.0001,10,3502706640,35,1400,0.5222634508348794,0.32164763805017843,0.355,0.355,0.0,0.0|0.27|0.0|0.735|0.5|0.48|0.5,0.4100747608343655,True
FULL_FT,P3,S3,4,A,4,42,0.0003,0.0001,20,3502706640,35,1400,0.5604355961498818,0.2535389296998068,0.2807142857142857,0.28071428571428575,0.0,0.0|0.0|0.22|0.735|0.25|0.245|0.515,0.6977277550249736,True
PARTIAL_FT,P3,S3,4,A,4,43,1e-05,0.0,5,162281012,35,1400,0.28585858585858587,0.24542222500438737,0.25142857142857145,0.25142857142857145,0.05741626794258373,0.25|0.25|0.25|0.235|0.5|0.245|0.03,0.015436881306249357,True
PARTIAL_FT,P3,S3,4,A,4,43,1e-05,0.0,10,162281012,35,1400,0.28585858585858587,0.24542222500438737,0.25142857142857145,0.25142857142857145,0.05741626794258373,0.25|0.25|0.25|0.235|0.5|0.245|0.03,0.030569378353214622,True
PARTIAL_FT,P3,S3,4,A,4,43,1e-05,0.0,20,162281012,35,1400,0.28585858585858587,0.24542222500438737,0.25142857142857145,0.25142857142857145,0.05741626794258373,0.25|0.25|0.25|0.235|0.5|0.245|0.03,0.060330981190499774,True
PARTIAL_FT,P3,S3,4,A,4,43,1e-05,0.0001,5,916096486,35,1400,0.28585858585858587,0.24542222500438737,0.25142857142857145,0.25142857142857145,0.05741626794258373,0.25|0.25|0.25|0.235|0.5|0.245|0.03,0.015436881306249357,True
PARTIAL_FT,P3,S3,4,A,4,43,1e-05,0.0001,10,916096486,35,1400,0.28585858585858587,0.24542222500438737,0.25142857142857145,0.25142857142857145,0.05741626794258373,0.25|0.25|0.25|0.235|0.5|0.245|0.03,0.030569378353214622,True
PARTIAL_FT,P3,S3,4,A,4,43,1e-05,0.0001,20,916096486,35,1400,0.28585858585858587,0.24542222500438737,0.25142857142857145,0.25142857142857145,0.05741626794258373,0.25|0.25|0.25|0.235|0.5|0.245|0.03,0.060330981190499774,True
PARTIAL_FT,P3,S3,4,A,4,43,3e-05,0.0,5,3959939743,35,1400,0.28585858585858587,0.24542222500438737,0.25142857142857145,0.25142857142857145,0.05741626794258373,0.25|0.25|0.25|0.235|0.5|0.245|0.03,0.045367222637575304,True
PARTIAL_FT,P3,S3,4,A,4,43,3e-05,0.0,10,3959939743,35,1400,0.28585858585858587,0.24542222500438737,0.25142857142857145,0.25142857142857145,0.05741626794258373,0.25|0.25|0.25|0.235|0.5|0.245|0.03,0.08937085540859056,True
PARTIAL_FT,P3,S3,4,A,4,43,3e-05,0.0,20,3959939743,35,1400,0.31066711066711067,0.24137701721477758,0.24714285714285714,0.24714285714285716,0.05741626794258373,0.22|0.25|0.25|0.235|0.5|0.245|0.03,0.17497078375815286,True
PARTIAL_FT,P3,S3,4,A,4,43,3e-05,0.0001,5,1127681350,35,1400,0.28585858585858587,0.24542222500438737,0.25142857142857145,0.25142857142857145,0.05741626794258373,0.25|0.25|0.25|0.235|0.5|0.245|0.03,0.045367222637575304,True
PARTIAL_FT,P3,S3,4,A,4,43,3e-05,0.0001,10,1127681350,35,1400,0.28585858585858587,0.24542222500438737,0.25142857142857145,0.25142857142857145,0.05741626794258373,0.25|0.25|0.25|0.235|0.5|0.245|0.03,0.08937085540859056,True
PARTIAL_FT,P3,S3,4,A,4,43,3e-05,0.0001,20,1127681350,35,1400,0.31066711066711067,0.24137701721477758,0.24714285714285714,0.24714285714285716,0.05741626794258373,0.22|0.25|0.25|0.235|0.5|0.245|0.03,0.17497078375815286,True
PARTIAL_FT,P3,S3,4,A,4,43,0.0001,0.0,5,1970226905,35,1400,0.28585858585858587,0.2372187555093271,0.24285714285714285,0.24285714285714285,0.05741626794258373,0.19|0.25|0.25|0.235|0.5|0.245|0.03,0.1445152908939982,True
PARTIAL_FT,P3,S3,4,A,4,43,0.0001,0.0,10,1970226905,35,1400,0.31066711066711067,0.20785869897651485,0.21571428571428572,0.21571428571428572,0.0,0.0|0.25|0.25|0.235|0.5|0.245|0.03,0.28197041930832806,True
PARTIAL_FT,P3,S3,4,A,4,43,0.0001,0.0,20,1970226905,35,1400,0.4080808080808081,0.20752150301094954,0.21571428571428572,0.21571428571428572,0.0,0.0|0.25|0.25|0.235|0.5|0.245|0.03,0.5381812413763323,True
PARTIAL_FT,P3,S3,4,A,4,43,0.0001,0.0001,5,3527012813,35,1400,0.28585858585858587,0.2372187555093271,0.24285714285714285,0.24285714285714285,0.05741626794258373,0.19|0.25|0.25|0.235|0.5|0.245|0.03,0.1445152908939982,True
PARTIAL_FT,P3,S3,4,A,4,43,0.0001,0.0001,10,3527012813,35,1400,0.31066711066711067,0.20785869897651485,0.21571428571428572,0.21571428571428572,0.0,0.0|0.25|0.25|0.235|0.5|0.245|0.03,0.28197041930832806,True
PARTIAL_FT,P3,S3,4,A,4,43,0.0001,0.0001,20,3527012813,35,1400,0.4080808080808081,0.20752150301094954,0.21571428571428572,0.21571428571428572,0.0,0.0|0.25|0.25|0.235|0.5|0.245|0.03,0.5381812413763323,True
PARTIAL_FT,P3,S3,4,A,4,43,0.0003,0.0,5,2918293989,35,1400,0.31066711066711067,0.17214023324295158,0.18,0.18,0.0,0.0|0.25|0.25|0.235|0.25|0.245|0.03,0.35468807847310885,True
PARTIAL_FT,P3,S3,4,A,4,43,0.0003,0.0,10,2918293989,35,1400,0.4638837353123067,0.20337569060179198,0.21357142857142858,0.21357142857142855,0.0,0.0|0.25|0.25|0.235|0.5|0.23|0.03,0.6532409326888963,True
PARTIAL_FT,P3,S3,4,A,4,43,0.0003,0.0,20,2918293989,35,1400,0.5976499690785405,0.18539400410928186,0.21214285714285713,0.21214285714285716,0.0,0.0|0.25|0.47|0.235|0.5|0.0|0.03,1.1883807337625636,True
PARTIAL_FT,P3,S3,4,A,4,43,0.0003,0.0001,5,1943325342,35,1400,0.31066711066711067,0.17214023324295158,0.18,0.18,0.0,0.0|0.25|0.25|0.235|0.25|0.245|0.03,0.35468812073128636,True
PARTIAL_FT,P3,S3,4,A,4,43,0.0003,0.0001,10,1943325342,35,1400,0.4638837353123067,0.20337569060179198,0.21357142857142858,0.21357142857142855,0.0,0.0|0.25|0.25|0.235|0.5|0.23|0.03,0.6532406570395485,True
PARTIAL_FT,P3,S3,4,A,4,43,0.0003,0.0001,20,1943325342,35,1400,0.5976499690785405,0.18539400410928186,0.21214285714285713,0.21214285714285716,0.0,0.0|0.25|0.47|0.235|0.5|0.0|0.03,1.1883779671852834,True
FULL_FT,P3,S3,4,A,4,43,1e-05,0.0,5,1895590853,35,1400,0.2826839826839827,0.24542222500438737,0.25142857142857145,0.25142857142857145,0.05741626794258373,0.25|0.25|0.25|0.235|0.5|0.245|0.03,0.01782307921716657,True
FULL_FT,P3,S3,4,A,4,43,1e-05,0.0,10,1895590853,35,1400,0.31066711066711067,0.24542222500438737,0.25142857142857145,0.25142857142857145,0.05741626794258373,0.25|0.25|0.25|0.235|0.5|0.245|0.03,0.03527113502247681,True
FULL_FT,P3,S3,4,A,4,43,1e-05,0.0,20,1895590853,35,1400,0.31066711066711067,0.2240070183868533,0.23,0.23,0.05741626794258373,0.1|0.25|0.25|0.235|0.5|0.245|0.03,0.06994231752535907,True
FULL_FT,P3,S3,4,A,4,43,1e-05,0.0001,5,3862111938,35,1400,0.2826839826839827,0.24542222500438737,0.25142857142857145,0.25142857142857145,0.05741626794258373,0.25|0.25|0.25|0.235|0.5|0.245|0.03,0.01782307921716657,True
FULL_FT,P3,S3,4,A,4,43,1e-05,0.0001,10,3862111938,35,1400,0.31066711066711067,0.24542222500438737,0.25142857142857145,0.25142857142857145,0.05741626794258373,0.25|0.25|0.25|0.235|0.5|0.245|0.03,0.03527113502247681,True
FULL_FT,P3,S3,4,A,4,43,1e-05,0.0001,20,3862111938,35,1400,0.31066711066711067,0.2240070183868533,0.23,0.23,0.05741626794258373,0.1|0.25|0.25|0.235|0.5|0.245|0.03,0.06994231752535907,True
FULL_FT,P3,S3,4,A,4,43,3e-05,0.0,5,3930022623,35,1400,0.31066711066711067,0.24137701721477758,0.24714285714285714,0.24714285714285716,0.05741626794258373,0.22|0.25|0.25|0.235|0.5|0.245|0.03,0.05041505338073692,True
FULL_FT,P3,S3,4,A,4,43,3e-05,0.0,10,3930022623,35,1400,0.31066711066711067,0.20785869897651485,0.21571428571428572,0.21571428571428572,0.0,0.0|0.25|0.25|0.235|0.5|0.245|0.03,0.09991315976819569,True
FULL_FT,P3,S3,4,A,4,43,3e-05,0.0,20,3930022623,35,1400,0.36839826839826845,0.20572404530117372,0.21571428571428572,0.21571428571428572,0.0,0.0|0.25|0.25|0.235|0.5|0.245|0.03,0.1964474365395014,True
FULL_FT,P3,S3,4,A,4,43,3e-05,0.0001,5,705105528,35,1400,0.31066711066711067,0.24137701721477758,0.24714285714285714,0.24714285714285716,0.05741626794258373,0.22|0.25|0.25|0.235|0.5|0.245|0.03,0.05041505338073692,True
FULL_FT,P3,S3,4,A,4,43,3e-05,0.0001,10,705105528,35,1400,0.31066711066711067,0.20785869897651485,0.21571428571428572,0.21571428571428572,0.0,0.0|0.25|0.25|0.235|0.5|0.245|0.03,0.09991315976819569,True
FULL_FT,P3,S3,4,A,4,43,3e-05,0.0001,20,705105528,35,1400,0.36839826839826845,0.20572404530117372,0.21571428571428572,0.21571428571428572,0.0,0.0|0.25|0.25|0.235|0.5|0.245|0.03,0.1964474365395014,True
FULL_FT,P3,S3,4,A,4,43,0.0001,0.0,5,1702314295,35,1400,0.33405483405483405,0.21482367470875458,0.21857142857142858,0.21857142857142858,0.015968063872255488,0.25|0.02|0.25|0.235|0.5|0.245|0.03,0.11821451385586251,True
FULL_FT,P3,S3,4,A,4,43,0.0001,0.0,10,1702314295,35,1400,0.4072483072483073,0.20557184493318087,0.2092857142857143,0.2092857142857143,0.05741626794258373,0.205|0.25|0.25|0.235|0.25|0.245|0.03,0.21632538676146687,True
FULL_FT,P3,S3,4,A,4,43,0.0001,0.0,20,1702314295,35,1400,0.5312925170068027,0.20596776697804767,0.22,0.22000000000000003,0.0,0.0|0.25|0.28|0.235|0.5|0.245|0.03,0.4090265844600208,True
FULL_FT,P3,S3,4,A,4,43,0.0001,0.0001,5,858914398,35,1400,0.33405483405483405,0.21482367470875458,0.21857142857142858,0.21857142857142858,0.015968063872255488,0.25|0.02|0.25|0.235|0.5|0.245|0.03,0.11821451385586251,True
FULL_FT,P3,S3,4,A,4,43,0.0001,0.0001,10,858914398,35,1400,0.4072483072483073,0.20557184493318087,0.2092857142857143,0.2092857142857143,0.05741626794258373,0.205|0.25|0.25|0.235|0.25|0.245|0.03,0.21632538676146687,True
FULL_FT,P3,S3,4,A,4,43,0.0001,0.0001,20,858914398,35,1400,0.5312925170068027,0.20596776697804767,0.22,0.22000000000000003,0.0,0.0|0.25|0.28|0.235|0.5|0.245|0.03,0.4090265844600208,True
FULL_FT,P3,S3,4,A,4,43,0.0003,0.0,5,222340765,35,1400,0.247985347985348,0.18690393438733052,0.24357142857142858,0.24357142857142858,0.0,0.25|0.0|0.0|0.485|0.735|0.0|0.235,0.2162899047190183,True
FULL_FT,P3,S3,4,A,4,43,0.0003,0.0,10,222340765,35,1400,0.45025767882910733,0.12145794038621663,0.16142857142857142,0.16142857142857142,0.0,0.0|0.25|0.25|0.485|0.0|0.145|0.0,0.3134160921712483,True
FULL_FT,P3,S3,4,A,4,43,0.0003,0.0,20,222340765,35,1400,0.510064935064935,0.25994463804550755,0.2642857142857143,0.2642857142857143,0.0,0.44|0.25|0.47|0.235|0.25|0.0|0.205,0.5034652664487039,True
FULL_FT,P3,S3,4,A,4,43,0.0003,0.0001,5,4185158017,35,1400,0.247985347985348,0.18690393438733052,0.24357142857142858,0.24357142857142858,0.0,0.25|0.0|0.0|0.485|0.735|0.0|0.235,0.21628970862599925,True
FULL_FT,P3,S3,4,A,4,43,0.0003,0.0001,10,4185158017,35,1400,0.45025767882910733,0.12145794038621663,0.16142857142857142,0.16142857142857142,0.0,0.0|0.25|0.25|0.485|0.0|0.145|0.0,0.3134151476120204,True
FULL_FT,P3,S3,4,A,4,43,0.0003,0.0001,20,4185158017,35,1400,0.510064935064935,0.25994463804550755,0.2642857142857143,0.2642857142857143,0.0,0.44|0.25|0.47|0.235|0.25|0.0|0.205,0.5034691879573957,True
PARTIAL_FT,P3,S3,4,A,4,44,1e-05,0.0,5,2180272356,35,1400,0.27507730364873223,0.2198444110758094,0.2542857142857143,0.2542857142857143,0.0,0.0|0.02|0.0|0.985|0.25|0.245|0.28,0.015389298493728037,True
PARTIAL_FT,P3,S3,4,A,4,44,1e-05,0.0,10,2180272356,35,1400,0.27507730364873223,0.2198444110758094,0.2542857142857143,0.2542857142857143,0.0,0.0|0.02|0.0|0.985|0.25|0.245|0.28,0.030456027444680317,True
PARTIAL_FT,P3,S3,4,A,4,44,1e-05,0.0,20,2180272356,35,1400,0.27507730364873223,0.2198444110758094,0.2542857142857143,0.2542857142857143,0.0,0.0|0.02|0.0|0.985|0.25|0.245|0.28,0.06021944110574087,True
PARTIAL_FT,P3,S3,4,A,4,44,1e-05,0.0001,5,2682119853,35,1400,0.27507730364873223,0.2198444110758094,0.2542857142857143,0.2542857142857143,0.0,0.0|0.02|0.0|0.985|0.25|0.245|0.28,0.015389298493728037,True
PARTIAL_FT,P3,S3,4,A,4,44,1e-05,0.0001,10,2682119853,35,1400,0.27507730364873223,0.2198444110758094,0.2542857142857143,0.2542857142857143,0.0,0.0|0.02|0.0|0.985|0.25|0.245|0.28,0.030456027444680317,True
PARTIAL_FT,P3,S3,4,A,4,44,1e-05,0.0001,20,2682119853,35,1400,0.27507730364873223,0.2198444110758094,0.2542857142857143,0.2542857142857143,0.0,0.0|0.02|0.0|0.985|0.25|0.245|0.28,0.06021944110574087,True
PARTIAL_FT,P3,S3,4,A,4,44,3e-05,0.0,5,3953117339,35,1400,0.27507730364873223,0.2198444110758094,0.2542857142857143,0.2542857142857143,0.0,0.0|0.02|0.0|0.985|0.25|0.245|0.28,0.04499486018984285,True
PARTIAL_FT,P3,S3,4,A,4,44,3e-05,0.0,10,3953117339,35,1400,0.27507730364873223,0.2198444110758094,0.2542857142857143,0.2542857142857143,0.0,0.0|0.02|0.0|0.985|0.25|0.245|0.28,0.0889852769058395,True
PARTIAL_FT,P3,S3,4,A,4,44,3e-05,0.0,20,3953117339,35,1400,0.27507730364873223,0.22520382153790955,0.25857142857142856,0.25857142857142856,0.0,0.0|0.02|0.0|0.985|0.25|0.275|0.28,0.1749598036364963,True
PARTIAL_FT,P3,S3,4,A,4,44,3e-05,0.0001,5,2088719290,35,1400,0.27507730364873223,0.2198444110758094,0.2542857142857143,0.2542857142857143,0.0,0.0|0.02|0.0|0.985|0.25|0.245|0.28,0.04499486018984285,True
PARTIAL_FT,P3,S3,4,A,4,44,3e-05,0.0001,10,2088719290,35,1400,0.27507730364873223,0.2198444110758094,0.2542857142857143,0.2542857142857143,0.0,0.0|0.02|0.0|0.985|0.25|0.245|0.28,0.0889852769058395,True
PARTIAL_FT,P3,S3,4,A,4,44,3e-05,0.0001,20,2088719290,35,1400,0.27507730364873223,0.22520382153790955,0.25857142857142856,0.25857142857142856,0.0,0.0|0.02|0.0|0.985|0.25|0.275|0.28,0.1749598036364963,True
PARTIAL_FT,P3,S3,4,A,4,44,0.0001,0.0,5,1481494780,35,1400,0.27507730364873223,0.2407705510188253,0.275,0.275,0.0,0.0|0.02|0.0|0.985|0.25|0.39|0.28,0.14062977835385704,True
PARTIAL_FT,P3,S3,4,A,4,44,0.0001,0.0,10,1481494780,35,1400,0.3068233353947639,0.25116931488642374,0.29,0.29,0.0,0.0|0.02|0.0|0.985|0.25|0.29|0.485,0.2753890520511255,True
PARTIAL_FT,P3,S3,4,A,4,44,0.0001,0.0,20,1481494780,35,1400,0.3352813852813853,0.2787134055633694,0.3192857142857143,0.3192857142857143,0.0,0.0|0.02|0.0|0.985|0.25|0.48|0.5,0.5293702629149675,True
PARTIAL_FT,P3,S3,4,A,4,44,0.0001,0.0001,5,2763634163,35,1400,0.27507730364873223,0.2407705510188253,0.275,0.275,0.0,0.0|0.02|0.0|0.985|0.25|0.39|0.28,0.14062977835385704,True
PARTIAL_FT,P3,S3,4,A,4,44,0.0001,0.0001,10,2763634163,35,1400,0.3068233353947639,0.25116931488642374,0.29,0.29,0.0,0.0|0.02|0.0|0.985|0.25|0.29|0.485,0.2753890520511255,True
PARTIAL_FT,P3,S3,4,A,4,44,0.0001,0.0001,20,2763634163,35,1400,0.3352813852813853,0.2787134055633694,0.3192857142857143,0.3192857142857143,0.0,0.0|0.02|0.0|0.985|0.25|0.48|0.5,0.5293702629149675,True
PARTIAL_FT,P3,S3,4,A,4,44,0.0003,0.0,5,463839032,35,1400,0.2779220779220779,0.2982077344530346,0.35,0.35,0.0,0.0|0.0|0.0|0.985|0.25|0.715|0.5,0.3325029177688662,True
PARTIAL_FT,P3,S3,4,A,4,44,0.0003,0.0,10,463839032,35,1400,0.37485054627911774,0.2735230444474848,0.3192857142857143,0.3192857142857143,0.0,0.0|0.02|0.0|0.985|0.25|0.48|0.5,0.6165171233198086,True
PARTIAL_FT,P3,S3,4,A,4,44,0.0003,0.0,20,463839032,35,1400,0.5047095761381476,0.22391941087052855,0.24071428571428571,0.24071428571428571,0.0,0.0|0.02|0.0|0.735|0.25|0.28|0.4,1.1421693932781671,True
PARTIAL_FT,P3,S3,4,A,4,44,0.0003,0.0001,5,1105736373,35,1400,0.2779220779220779,0.2982077344530346,0.35,0.35,0.0,0.0|0.0|0.0|0.985|0.25|0.715|0.5,0.33250270896706136,True
PARTIAL_FT,P3,S3,4,A,4,44,0.0003,0.0001,10,1105736373,35,1400,0.37485054627911774,0.2735230444474848,0.3192857142857143,0.3192857142857143,0.0,0.0|0.02|0.0|0.985|0.25|0.48|0.5,0.6165165415895396,True
PARTIAL_FT,P3,S3,4,A,4,44,0.0003,0.0001,20,1105736373,35,1400,0.5047095761381476,0.22391941087052855,0.24071428571428571,0.24071428571428571,0.0,0.0|0.02|0.0|0.735|0.25|0.28|0.4,1.142167908029847,True
FULL_FT,P3,S3,4,A,4,44,1e-05,0.0,5,3629747678,35,1400,0.27507730364873223,0.2518031325976078,0.2857142857142857,0.2857142857142857,0.0,0.0|0.02|0.0|0.985|0.25|0.45|0.295,0.017844160593714416,True
FULL_FT,P3,S3,4,A,4,44,1e-05,0.0,10,3629747678,35,1400,0.27507730364873223,0.252805264296411,0.2857142857142857,0.2857142857142857,0.0,0.0|0.02|0.0|0.985|0.25|0.465|0.28,0.035238339408893524,True
FULL_FT,P3,S3,4,A,4,44,1e-05,0.0,20,3629747678,35,1400,0.27507730364873223,0.25575047137769996,0.28785714285714287,0.2878571428571428,0.0,0.0|0.02|0.0|0.985|0.25|0.48|0.28,0.06987670752380712,True
FULL_FT,P3,S3,4,A,4,44,1e-05,0.0001,5,1683803190,35,1400,0.27507730364873223,0.2518031325976078,0.2857142857142857,0.2857142857142857,0.0,0.0|0.02|0.0|0.985|0.25|0.45|0.295,0.017844160593714416,True
FULL_FT,P3,S3,4,A,4,44,1e-05,0.0001,10,1683803190,35,1400,0.27507730364873223,0.252805264296411,0.2857142857142857,0.2857142857142857,0.0,0.0|0.02|0.0|0.985|0.25|0.465|0.28,0.035238339408893524,True
FULL_FT,P3,S3,4,A,4,44,1e-05,0.0001,20,1683803190,35,1400,0.27507730364873223,0.25575047137769996,0.28785714285714287,0.2878571428571428,0.0,0.0|0.02|0.0|0.985|0.25|0.48|0.28,0.06987670752380712,True
FULL_FT,P3,S3,4,A,4,44,3e-05,0.0,5,3022273946,35,1400,0.27507730364873223,0.2596879174132714,0.28785714285714287,0.2878571428571428,0.0,0.0|0.02|0.0|0.985|0.25|0.48|0.28,0.05120843867473948,True
FULL_FT,P3,S3,4,A,4,44,3e-05,0.0,10,3022273946,35,1400,0.2741702741702742,0.2784265437605148,0.3192857142857143,0.3192857142857143,0.0,0.0|0.02|0.0|0.985|0.25|0.48|0.5,0.10152654626824657,True
FULL_FT,P3,S3,4,A,4,44,3e-05,0.0,20,3022273946,35,1400,0.30591630591630586,0.27737067893467965,0.3192857142857143,0.3192857142857143,0.0,0.0|0.02|0.0|0.985|0.25|0.48|0.5,0.19922091780128368,True
FULL_FT,P3,S3,4,A,4,44,3e-05,0.0001,5,4011273300,35,1400,0.27507730364873223,0.2596879174132714,0.28785714285714287,0.2878571428571428,0.0,0.0|0.02|0.0|0.985|0.25|0.48|0.28,0.05120843867473948,True
FULL_FT,P3,S3,4,A,4,44,3e-05,0.0001,10,4011273300,35,1400,0.2741702741702742,0.2784265437605148,0.3192857142857143,0.3192857142857143,0.0,0.0|0.02|0.0|0.985|0.25|0.48|0.5,0.10152654626824657,True
FULL_FT,P3,S3,4,A,4,44,3e-05,0.0001,20,4011273300,35,1400,0.30591630591630586,0.27737067893467965,0.3192857142857143,0.3192857142857143,0.0,0.0|0.02|0.0|0.985|0.25|0.48|0.5,0.19922091780128368,True
FULL_FT,P3,S3,4,A,4,44,0.0001,0.0,5,2938464141,35,1400,0.3079365079365079,0.27693636956154954,0.31642857142857145,0.3164285714285714,0.0,0.0|0.0|0.0|0.985|0.25|0.48|0.5,0.14017361722639163,True
FULL_FT,P3,S3,4,A,4,44,0.0001,0.0,10,2938464141,35,1400,0.3352813852813853,0.25287030294094304,0.29,0.29,0.0,0.0|0.02|0.0|0.985|0.25|0.48|0.295,0.26892618001530255,True
FULL_FT,P3,S3,4,A,4,44,0.0001,0.0,20,2938464141,35,1400,0.48044653758939465,0.27413589737180377,0.3192857142857143,0.3192857142857143,0.0,0.0|0.02|0.0|0.985|0.25|0.48|0.5,0.5174107125767666,True
FULL_FT,P3,S3,4,A,4,44,0.0001,0.0001,5,3452644286,35,1400,0.3079365079365079,0.27693636956154954,0.31642857142857145,0.3164285714285714,0.0,0.0|0.0|0.0|0.985|0.25|0.48|0.5,0.14017361722639163,True
FULL_FT,P3,S3,4,A,4,44,0.0001,0.0001,10,3452644286,35,1400,0.3352813852813853,0.25287030294094304,0.29,0.29,0.0,0.0|0.02|0.0|0.985|0.25|0.48|0.295,0.26892618001530255,True
FULL_FT,P3,S3,4,A,4,44,0.0001,0.0001,20,3452644286,35,1400,0.48044653758939465,0.27413589737180377,0.3192857142857143,0.3192857142857143,0.0,0.0|0.02|0.0|0.985|0.25|0.48|0.5,0.5174107125767666,True
FULL_FT,P3,S3,4,A,4,44,0.0003,0.0,5,2439670473,35,1400,0.3435374149659864,0.3323585125290882,0.38785714285714284,0.3878571428571429,0.0,0.0|0.0|0.0|0.985|0.485|0.73|0.515,0.26541504979580427,True
FULL_FT,P3,S3,4,A,4,44,0.0003,0.0,10,2439670473,35,1400,0.41998556998556996,0.13261919241182235,0.18357142857142858,0.18357142857142855,0.0,0.0|0.02|0.0|0.985|0.25|0.0|0.03,0.4391907388494262,True
FULL_FT,P3,S3,4,A,4,44,0.0003,0.0,20,2439670473,35,1400,0.515637723620917,0.29974430216256226,0.35214285714285715,0.35214285714285715,0.0,0.0|0.0|0.0|0.985|0.485|0.495|0.5,0.7765055537912622,True
FULL_FT,P3,S3,4,A,4,44,0.0003,0.0001,5,1602685633,35,1400,0.3435374149659864,0.3323585125290882,0.38785714285714284,0.3878571428571429,0.0,0.0|0.0|0.0|0.985|0.485|0.73|0.515,0.26541485299073003,True
FULL_FT,P3,S3,4,A,4,44,0.0003,0.0001,10,1602685633,35,1400,0.41998556998556996,0.13261919241182235,0.18357142857142858,0.18357142857142855,0.0,0.0|0.02|0.0|0.985|0.25|0.0|0.03,0.43918659294585405,True
FULL_FT,P3,S3,4,A,4,44,0.0003,0.0001,20,1602685633,35,1400,0.515637723620917,0.29974430216256226,0.35214285714285715,0.35214285714285715,0.0,0.0|0.0|0.0|0.985|0.485|0.495|0.5,0.7764473038500879,True
PARTIAL_FT,P3,S3,4,A,4,45,1e-05,0.0,5,4051130147,35,1400,0.1792778649921507,0.23408074657781233,0.2807142857142857,0.2807142857142857,0.0,0.0|0.0|0.0|0.75|0.47|0.245|0.5,0.015129403848984464,True
PARTIAL_FT,P3,S3,4,A,4,45,1e-05,0.0,10,4051130147,35,1400,0.19815105529391244,0.22484060650232626,0.27,0.27,0.0,0.0|0.0|0.0|0.75|0.395|0.245|0.5,0.029685038733929407,True
PARTIAL_FT,P3,S3,4,A,4,45,1e-05,0.0,20,4051130147,35,1400,0.26157334728763304,0.23589215560911797,0.28285714285714286,0.28285714285714286,0.0,0.0|0.0|0.0|0.75|0.485|0.245|0.5,0.058702958768032505,True
PARTIAL_FT,P3,S3,4,A,4,45,1e-05,0.0001,5,2428703158,35,1400,0.1792778649921507,0.23408074657781233,0.2807142857142857,0.2807142857142857,0.0,0.0|0.0|0.0|0.75|0.47|0.245|0.5,0.015129403848984464,True
PARTIAL_FT,P3,S3,4,A,4,45,1e-05,0.0001,10,2428703158,35,1400,0.19815105529391244,0.22484060650232626,0.27,0.27,0.0,0.0|0.0|0.0|0.75|0.395|0.245|0.5,0.029685038733929407,True
PARTIAL_FT,P3,S3,4,A,4,45,1e-05,0.0001,20,2428703158,35,1400,0.26157334728763304,0.23589215560911797,0.28285714285714286,0.28285714285714286,0.0,0.0|0.0|0.0|0.75|0.485|0.245|0.5,0.058702958768032505,True
PARTIAL_FT,P3,S3,4,A,4,45,3e-05,0.0,5,3669620834,35,1400,0.19815105529391244,0.21913442004134023,0.26357142857142857,0.2635714285714286,0.0,0.0|0.0|0.0|0.75|0.35|0.245|0.5,0.043328965334358906,True
PARTIAL_FT,P3,S3,4,A,4,45,3e-05,0.0,10,3669620834,35,1400,0.3006453863596721,0.23589215560911797,0.28285714285714286,0.28285714285714286,0.0,0.0|0.0|0.0|0.75|0.485|0.245|0.5,0.0859955171158048,True
PARTIAL_FT,P3,S3,4,A,4,45,3e-05,0.0,20,3669620834,35,1400,0.3006453863596721,0.23581585357607723,0.28285714285714286,0.28285714285714286,0.0,0.0|0.0|0.0|0.75|0.485|0.245|0.5,0.1700706924085211,True
PARTIAL_FT,P3,S3,4,A,4,45,3e-05,0.0001,5,1384290159,35,1400,0.19815105529391244,0.21913442004134023,0.26357142857142857,0.2635714285714286,0.0,0.0|0.0|0.0|0.75|0.35|0.245|0.5,0.043328965334358906,True
PARTIAL_FT,P3,S3,4,A,4,45,3e-05,0.0001,10,1384290159,35,1400,0.3006453863596721,0.23589215560911797,0.28285714285714286,0.28285714285714286,0.0,0.0|0.0|0.0|0.75|0.485|0.245|0.5,0.0859955171158048,True
PARTIAL_FT,P3,S3,4,A,4,45,3e-05,0.0001,20,1384290159,35,1400,0.3006453863596721,0.23581585357607723,0.28285714285714286,0.28285714285714286,0.0,0.0|0.0|0.0|0.75|0.485|0.245|0.5,0.1700706924085211,True
PARTIAL_FT,P3,S3,4,A,4,45,0.0001,0.0,5,2731436163,35,1400,0.3006453863596721,0.23589215560911797,0.28285714285714286,0.28285714285714286,0.0,0.0|0.0|0.0|0.75|0.485|0.245|0.5,0.13076246964506671,True
PARTIAL_FT,P3,S3,4,A,4,45,0.0001,0.0,10,2731436163,35,1400,0.36096284667713235,0.23589215560911797,0.28285714285714286,0.28285714285714286,0.0,0.0|0.0|0.0|0.75|0.485|0.245|0.5,0.2571022050433606,True
PARTIAL_FT,P3,S3,4,A,4,45,0.0001,0.0,20,2731436163,35,1400,0.36145124716553284,0.23576553529237307,0.28285714285714286,0.28285714285714286,0.0,0.0|0.0|0.0|0.75|0.485|0.245|0.5,0.4960730652317186,True
PARTIAL_FT,P3,S3,4,A,4,45,0.0001,0.0001,5,2304909260,35,1400,0.3006453863596721,0.23589215560911797,0.28285714285714286,0.28285714285714286,0.0,0.0|0.0|0.0|0.75|0.485|0.245|0.5,0.13076246964506671,True
PARTIAL_FT,P3,S3,4,A,4,45,0.0001,0.0001,10,2304909260,35,1400,0.36096284667713235,0.23589215560911797,0.28285714285714286,0.28285714285714286,0.0,0.0|0.0|0.0|0.75|0.485|0.245|0.5,0.2571022050433606,True
PARTIAL_FT,P3,S3,4,A,4,45,0.0001,0.0001,20,2304909260,35,1400,0.36145124716553284,0.23576553529237307,0.28285714285714286,0.28285714285714286,0.0,0.0|0.0|0.0|0.75|0.485|0.245|0.5,0.4960730652317186,True
PARTIAL_FT,P3,S3,4,A,4,45,0.0003,0.0,5,2971473545,35,1400,0.23175633889919603,0.2080638503251662,0.25357142857142856,0.25357142857142856,0.0,0.0|0.0|0.0|0.75|0.25|0.26|0.515,0.27790149649332563,True
PARTIAL_FT,P3,S3,4,A,4,45,0.0003,0.0,10,2971473545,35,1400,0.3891568748711606,0.19161100983778254,0.24785714285714286,0.24785714285714283,0.0,0.0|0.0|0.0|0.75|0.485|0.0|0.5,0.5105879595616589,True
PARTIAL_FT,P3,S3,4,A,4,45,0.0003,0.0,20,2971473545,35,1400,0.43483342054770624,0.20656858004804604,0.25142857142857145,0.25142857142857145,0.0,0.0|0.0|0.0|0.75|0.25|0.245|0.515,0.9498144105011177,True
PARTIAL_FT,P3,S3,4,A,4,45,0.0003,0.0001,5,3337904506,35,1400,0.23175633889919603,0.2080638503251662,0.25357142857142856,0.25357142857142856,0.0,0.0|0.0|0.0|0.75|0.25|0.26|0.515,0.2779317645245725,True
PARTIAL_FT,P3,S3,4,A,4,45,0.0003,0.0001,10,3337904506,35,1400,0.3891568748711606,0.19161100983778254,0.24785714285714286,0.24785714285714283,0.0,0.0|0.0|0.0|0.75|0.485|0.0|0.5,0.5106325933146065,True
PARTIAL_FT,P3,S3,4,A,4,45,0.0003,0.0001,20,3337904506,35,1400,0.43483342054770624,0.20656858004804604,0.25142857142857145,0.25142857142857145,0.0,0.0|0.0|0.0|0.75|0.25|0.245|0.515,0.9498496848203516,True
FULL_FT,P3,S3,4,A,4,45,1e-05,0.0,5,3515037098,35,1400,0.19815105529391244,0.20998203826857773,0.25357142857142856,0.25357142857142856,0.0,0.0|0.0|0.0|0.75|0.28|0.245|0.5,0.017209095084391234,True
FULL_FT,P3,S3,4,A,4,45,1e-05,0.0,10,3515037098,35,1400,0.3006453863596721,0.23589215560911797,0.28285714285714286,0.28285714285714286,0.0,0.0|0.0|0.0|0.75|0.485|0.245|0.5,0.03407470050666779,True
FULL_FT,P3,S3,4,A,4,45,1e-05,0.0,20,3515037098,35,1400,0.3006453863596721,0.23589215560911797,0.28285714285714286,0.28285714285714286,0.0,0.0|0.0|0.0|0.75|0.485|0.245|0.5,0.06810794754273078,True
FULL_FT,P3,S3,4,A,4,45,1e-05,0.0001,5,1870307842,35,1400,0.19815105529391244,0.20998203826857773,0.25357142857142856,0.25357142857142856,0.0,0.0|0.0|0.0|0.75|0.28|0.245|0.5,0.017209095084391234,True
FULL_FT,P3,S3,4,A,4,45,1e-05,0.0001,10,1870307842,35,1400,0.3006453863596721,0.23589215560911797,0.28285714285714286,0.28285714285714286,0.0,0.0|0.0|0.0|0.75|0.485|0.245|0.5,0.03407470050666779,True
FULL_FT,P3,S3,4,A,4,45,1e-05,0.0001,20,1870307842,35,1400,0.3006453863596721,0.23589215560911797,0.28285714285714286,0.28285714285714286,0.0,0.0|0.0|0.0|0.75|0.485|0.245|0.5,0.06810794754273078,True
FULL_FT,P3,S3,4,A,4,45,3e-05,0.0,5,4114530928,35,1400,0.28015476586905164,0.23589215560911797,0.28285714285714286,0.28285714285714286,0.0,0.0|0.0|0.0|0.75|0.485|0.245|0.5,0.04787067935689275,True
FULL_FT,P3,S3,4,A,4,45,3e-05,0.0,10,4114530928,35,1400,0.3300104657247514,0.23589215560911797,0.28285714285714286,0.28285714285714286,0.0,0.0|0.0|0.0|0.75|0.485|0.245|0.5,0.09558130911188081,True
FULL_FT,P3,S3,4,A,4,45,3e-05,0.0,20,4114530928,35,1400,0.36096284667713235,0.23557726024524303,0.28285714285714286,0.28285714285714286,0.0,0.0|0.0|0.0|0.75|0.485|0.245|0.5,0.1891882526572322,True
FULL_FT,P3,S3,4,A,4,45,3e-05,0.0001,5,1325537013,35,1400,0.28015476586905164,0.23589215560911797,0.28285714285714286,0.28285714285714286,0.0,0.0|0.0|0.0|0.75|0.485|0.245|0.5,0.04787067935689275,True
FULL_FT,P3,S3,4,A,4,45,3e-05,0.0001,10,1325537013,35,1400,0.3300104657247514,0.23589215560911797,0.28285714285714286,0.28285714285714286,0.0,0.0|0.0|0.0|0.75|0.485|0.245|0.5,0.09558130911188081,True
FULL_FT,P3,S3,4,A,4,45,3e-05,0.0001,20,1325537013,35,1400,0.36096284667713235,0.23557726024524303,0.28285714285714286,0.28285714285714286,0.0,0.0|0.0|0.0|0.75|0.485|0.245|0.5,0.1891882526572322,True
FULL_FT,P3,S3,4,A,4,45,0.0001,0.0,5,2143433908,35,1400,0.36145124716553284,0.20765634840183747,0.25142857142857145,0.25142857142857145,0.0,0.0|0.0|0.0|0.75|0.25|0.26|0.5,0.11192921856310699,True
FULL_FT,P3,S3,4,A,4,45,0.0001,0.0,10,2143433908,35,1400,0.3323121323121323,0.19161100983778254,0.24785714285714286,0.24785714285714283,0.0,0.0|0.0|0.0|0.75|0.485|0.0|0.5,0.2094837358625774,True
FULL_FT,P3,S3,4,A,4,45,0.0001,0.0,20,2143433908,35,1400,0.4229437229437229,0.19119606519139837,0.24785714285714286,0.24785714285714283,0.0,0.0|0.0|0.0|0.75|0.485|0.0|0.5,0.40254949428043163,True
FULL_FT,P3,S3,4,A,4,45,0.0001,0.0001,5,1323456524,35,1400,0.36145124716553284,0.20765634840183747,0.25142857142857145,0.25142857142857145,0.0,0.0|0.0|0.0|0.75|0.25|0.26|0.5,0.11192921856310699,True
FULL_FT,P3,S3,4,A,4,45,0.0001,0.0001,10,1323456524,35,1400,0.3323121323121323,0.19161100983778254,0.24785714285714286,0.24785714285714283,0.0,0.0|0.0|0.0|0.75|0.485|0.0|0.5,0.2094837358625774,True
FULL_FT,P3,S3,4,A,4,45,0.0001,0.0001,20,1323456524,35,1400,0.4229437229437229,0.19119606519139837,0.24785714285714286,0.24785714285714283,0.0,0.0|0.0|0.0|0.75|0.485|0.0|0.5,0.40254949428043163,True
FULL_FT,P3,S3,4,A,4,45,0.0003,0.0,5,4089530777,35,1400,0.3687384044526901,0.18295386336352723,0.21357142857142858,0.21357142857142858,0.0,0.0|0.0|0.0|0.235|0.485|0.26|0.515,0.1952530554977991,True
FULL_FT,P3,S3,4,A,4,45,0.0003,0.0,10,4089530777,35,1400,0.28137254901960784,0.15162338970026942,0.21,0.21,0.0,0.0|0.0|0.47|0.75|0.25|0.0|0.0,0.2995560615068899,True
FULL_FT,P3,S3,4,A,4,45,0.0003,0.0,20,4089530777,35,1400,0.43894993894993906,0.17624086828994923,0.21857142857142858,0.21857142857142858,0.0,0.0|0.0|0.265|0.5|0.485|0.0|0.28,0.5203904208444545,True
FULL_FT,P3,S3,4,A,4,45,0.0003,0.0001,5,188115538,35,1400,0.3687384044526901,0.18295386336352723,0.21357142857142858,0.21357142857142858,0.0,0.0|0.0|0.0|0.235|0.485|0.26|0.515,0.1952530037633757,True
FULL_FT,P3,S3,4,A,4,45,0.0003,0.0001,10,188115538,35,1400,0.28137254901960784,0.15162338970026942,0.21,0.21,0.0,0.0|0.0|0.47|0.75|0.25|0.0|0.0,0.29955613294729966,True
FULL_FT,P3,S3,4,A,4,45,0.0003,0.0001,20,188115538,35,1400,0.43894993894993906,0.17624086828994923,0.21857142857142858,0.21857142857142858,0.0,0.0|0.0|0.265|0.5|0.485|0.0|0.28,0.5203840739293967,True
PARTIAL_FT,P3,S3,4,A,4,46,1e-05,0.0,5,3939831396,35,1400,0.2636767993910851,0.2673962081000297,0.32571428571428573,0.32571428571428573,0.0,0.0|0.02|0.0|1.0|0.25|0.26|0.75,0.015303146048693253,True
PARTIAL_FT,P3,S3,4,A,4,46,1e-05,0.0,10,3939831396,35,1400,0.2636767993910851,0.26689370506968235,0.32571428571428573,0.32571428571428573,0.0,0.0|0.02|0.0|1.0|0.25|0.26|0.75,0.03007918925321889,True
PARTIAL_FT,P3,S3,4,A,4,46,1e-05,0.0,20,3939831396,35,1400,0.2636767993910851,0.26689370506968235,0.32571428571428573,0.32571428571428573,0.0,0.0|0.02|0.0|1.0|0.25|0.26|0.75,0.05916973653932243,True
PARTIAL_FT,P3,S3,4,A,4,46,1e-05,0.0001,5,857788655,35,1400,0.2636767993910851,0.2673962081000297,0.32571428571428573,0.32571428571428573,0.0,0.0|0.02|0.0|1.0|0.25|0.26|0.75,0.015303146048693253,True
PARTIAL_FT,P3,S3,4,A,4,46,1e-05,0.0001,10,857788655,35,1400,0.2636767993910851,0.26689370506968235,0.32571428571428573,0.32571428571428573,0.0,0.0|0.02|0.0|1.0|0.25|0.26|0.75,0.03007918925321889,True
PARTIAL_FT,P3,S3,4,A,4,46,1e-05,0.0001,20,857788655,35,1400,0.2636767993910851,0.26689370506968235,0.32571428571428573,0.32571428571428573,0.0,0.0|0.02|0.0|1.0|0.25|0.26|0.75,0.05916973653932243,True
PARTIAL_FT,P3,S3,4,A,4,46,3e-05,0.0,5,1684160801,35,1400,0.2636767993910851,0.26689370506968235,0.32571428571428573,0.32571428571428573,0.0,0.0|0.02|0.0|1.0|0.25|0.26|0.75,0.04429409429734666,True
PARTIAL_FT,P3,S3,4,A,4,46,3e-05,0.0,10,1684160801,35,1400,0.2636767993910851,0.26689370506968235,0.32571428571428573,0.32571428571428573,0.0,0.0|0.02|0.0|1.0|0.25|0.26|0.75,0.08706828674524597,True
PARTIAL_FT,P3,S3,4,A,4,46,3e-05,0.0,20,1684160801,35,1400,0.3107448107448107,0.26689370506968235,0.32571428571428573,0.32571428571428573,0.0,0.0|0.02|0.0|1.0|0.25|0.26|0.75,0.17205017347022902,True
PARTIAL_FT,P3,S3,4,A,4,46,3e-05,0.0001,5,1742101883,35,1400,0.2636767993910851,0.26689370506968235,0.32571428571428573,0.32571428571428573,0.0,0.0|0.02|0.0|1.0|0.25|0.26|0.75,0.04429409429734666,True
PARTIAL_FT,P3,S3,4,A,4,46,3e-05,0.0001,10,1742101883,35,1400,0.2636767993910851,0.26689370506968235,0.32571428571428573,0.32571428571428573,0.0,0.0|0.02|0.0|1.0|0.25|0.26|0.75,0.08706828674524597,True
PARTIAL_FT,P3,S3,4,A,4,46,3e-05,0.0001,20,1742101883,35,1400,0.3107448107448107,0.26689370506968235,0.32571428571428573,0.32571428571428573,0.0,0.0|0.02|0.0|1.0|0.25|0.26|0.75,0.17205017347022902,True
PARTIAL_FT,P3,S3,4,A,4,46,0.0001,0.0,5,945275304,35,1400,0.28846153846153844,0.2673962081000297,0.32571428571428573,0.32571428571428573,0.0,0.0|0.02|0.0|1.0|0.25|0.26|0.75,0.1379874291714477,True
PARTIAL_FT,P3,S3,4,A,4,46,0.0001,0.0,10,945275304,35,1400,0.33852258852258854,0.31451275268872997,0.36142857142857143,0.3614285714285715,0.0,0.25|0.02|0.0|1.0|0.25|0.26|0.75,0.27248046015242183,True
PARTIAL_FT,P3,S3,4,A,4,46,0.0001,0.0,20,945275304,35,1400,0.41752136752136754,0.31320351263187246,0.35928571428571426,0.35928571428571426,0.0,0.25|0.02|0.0|0.985|0.25|0.26|0.75,0.5314391231009964,True
PARTIAL_FT,P3,S3,4,A,4,46,0.0001,0.0001,5,2269338430,35,1400,0.28846153846153844,0.2673962081000297,0.32571428571428573,0.32571428571428573,0.0,0.0|0.02|0.0|1.0|0.25|0.26|0.75,0.1379874291714477,True
PARTIAL_FT,P3,S3,4,A,4,46,0.0001,0.0001,10,2269338430,35,1400,0.33852258852258854,0.31451275268872997,0.36142857142857143,0.3614285714285715,0.0,0.25|0.02|0.0|1.0|0.25|0.26|0.75,0.27248046015242183,True
PARTIAL_FT,P3,S3,4,A,4,46,0.0001,0.0001,20,2269338430,35,1400,0.41752136752136754,0.31320351263187246,0.35928571428571426,0.35928571428571426,0.0,0.25|0.02|0.0|0.985|0.25|0.26|0.75,0.5314391231009964,True
PARTIAL_FT,P3,S3,4,A,4,46,0.0003,0.0,5,2866108741,35,1400,0.3388888888888889,0.25775861300889097,0.32357142857142857,0.3235714285714285,0.0,0.0|0.02|0.0|0.985|0.25|0.26|0.75,0.33087388662620393,True
PARTIAL_FT,P3,S3,4,A,4,46,0.0003,0.0,10,2866108741,35,1400,0.4152236652236652,0.3220410057488029,0.35928571428571426,0.35928571428571426,0.0,0.25|0.02|0.0|0.985|0.25|0.26|0.75,0.6285325933575873,True
PARTIAL_FT,P3,S3,4,A,4,46,0.0003,0.0,20,2866108741,35,1400,0.47805607091321384,0.31140933100904405,0.35714285714285715,0.35714285714285715,0.0,0.25|0.02|0.0|0.985|0.25|0.245|0.75,1.1767969559257176,True
PARTIAL_FT,P3,S3,4,A,4,46,0.0003,0.0001,5,572545626,35,1400,0.3388888888888889,0.25775861300889097,0.32357142857142857,0.3235714285714285,0.0,0.0|0.02|0.0|0.985|0.25|0.26|0.75,0.3308737974562413,True
PARTIAL_FT,P3,S3,4,A,4,46,0.0003,0.0001,10,572545626,35,1400,0.4152236652236652,0.3220410057488029,0.35928571428571426,0.35928571428571426,0.0,0.25|0.02|0.0|0.985|0.25|0.26|0.75,0.6285322143558829,True
PARTIAL_FT,P3,S3,4,A,4,46,0.0003,0.0001,20,572545626,35,1400,0.47805607091321384,0.31140933100904405,0.35714285714285715,0.35714285714285715,0.0,0.25|0.02|0.0|0.985|0.25|0.245|0.75,1.1767954567075924,True
FULL_FT,P3,S3,4,A,4,46,1e-05,0.0,5,4072499974,35,1400,0.2636767993910851,0.26689370506968235,0.32571428571428573,0.32571428571428573,0.0,0.0|0.02|0.0|1.0|0.25|0.26|0.75,0.017927714187286708,True
FULL_FT,P3,S3,4,A,4,46,1e-05,0.0,10,4072499974,35,1400,0.2892900750043607,0.26689370506968235,0.32571428571428573,0.32571428571428573,0.0,0.0|0.02|0.0|1.0|0.25|0.26|0.75,0.03512296163116922,True
FULL_FT,P3,S3,4,A,4,46,1e-05,0.0,20,4072499974,35,1400,0.3107448107448107,0.26689370506968235,0.32571428571428573,0.32571428571428573,0.0,0.0|0.02|0.0|1.0|0.25|0.26|0.75,0.06937995161454277,True
FULL_FT,P3,S3,4,A,4,46,1e-05,0.0001,5,2431517117,35,1400,0.2636767993910851,0.26689370506968235,0.32571428571428573,0.32571428571428573,0.0,0.0|0.02|0.0|1.0|0.25|0.26|0.75,0.017927714187286708,True
FULL_FT,P3,S3,4,A,4,46,1e-05,0.0001,10,2431517117,35,1400,0.2892900750043607,0.26689370506968235,0.32571428571428573,0.32571428571428573,0.0,0.0|0.02|0.0|1.0|0.25|0.26|0.75,0.03512296163116922,True
FULL_FT,P3,S3,4,A,4,46,1e-05,0.0001,20,2431517117,35,1400,0.3107448107448107,0.26689370506968235,0.32571428571428573,0.32571428571428573,0.0,0.0|0.02|0.0|1.0|0.25|0.26|0.75,0.06937995161454277,True
FULL_FT,P3,S3,4,A,4,46,3e-05,0.0,5,405505072,35,1400,0.2892900750043607,0.26689370506968235,0.32571428571428573,0.32571428571428573,0.0,0.0|0.02|0.0|1.0|0.25|0.26|0.75,0.051131109633964736,True
FULL_FT,P3,S3,4,A,4,46,3e-05,0.0,10,405505072,35,1400,0.3107448107448107,0.26689370506968235,0.32571428571428573,0.32571428571428573,0.0,0.0|0.02|0.0|1.0|0.25|0.26|0.75,0.10112658257623988,True
FULL_FT,P3,S3,4,A,4,46,3e-05,0.0,20,405505072,35,1400,0.3898046398046398,0.31320351263187246,0.35928571428571426,0.35928571428571426,0.0,0.25|0.02|0.0|0.985|0.25|0.26|0.75,0.19916288584945646,True
FULL_FT,P3,S3,4,A,4,46,3e-05,0.0001,5,386646808,35,1400,0.2892900750043607,0.26689370506968235,0.32571428571428573,0.32571428571428573,0.0,0.0|0.02|0.0|1.0|0.25|0.26|0.75,0.051131109633964736,True
FULL_FT,P3,S3,4,A,4,46,3e-05,0.0001,10,386646808,35,1400,0.3107448107448107,0.26689370506968235,0.32571428571428573,0.32571428571428573,0.0,0.0|0.02|0.0|1.0|0.25|0.26|0.75,0.10112658257623988,True
FULL_FT,P3,S3,4,A,4,46,3e-05,0.0001,20,386646808,35,1400,0.3898046398046398,0.31320351263187246,0.35928571428571426,0.35928571428571426,0.0,0.25|0.02|0.0|0.985|0.25|0.26|0.75,0.19916288584945646,True
FULL_FT,P3,S3,4,A,4,46,0.0001,0.0,5,1199932099,35,1400,0.3898046398046398,0.26558446501282484,0.32357142857142857,0.3235714285714285,0.0,0.0|0.02|0.0|0.985|0.25|0.26|0.75,0.14455014680995537,True
FULL_FT,P3,S3,4,A,4,46,0.0001,0.0,10,1199932099,35,1400,0.4175213675213675,0.31320297023133353,0.35928571428571426,0.35928571428571426,0.0,0.25|0.02|0.0|0.985|0.25|0.26|0.75,0.2804709512788888,True
FULL_FT,P3,S3,4,A,4,46,0.0001,0.0,20,1199932099,35,1400,0.4810863739435168,0.31350196763578164,0.35928571428571426,0.35928571428571426,0.0,0.25|0.02|0.0|0.985|0.25|0.26|0.75,0.5407046424343143,True
FULL_FT,P3,S3,4,A,4,46,0.0001,0.0001,5,150309156,35,1400,0.3898046398046398,0.26558446501282484,0.32357142857142857,0.3235714285714285,0.0,0.0|0.02|0.0|0.985|0.25|0.26|0.75,0.14455014680995537,True
FULL_FT,P3,S3,4,A,4,46,0.0001,0.0001,10,150309156,35,1400,0.4175213675213675,0.31320297023133353,0.35928571428571426,0.35928571428571426,0.0,0.25|0.02|0.0|0.985|0.25|0.26|0.75,0.2804709512788888,True
FULL_FT,P3,S3,4,A,4,46,0.0001,0.0001,20,150309156,35,1400,0.4810863739435168,0.31350196763578164,0.35928571428571426,0.35928571428571426,0.0,0.25|0.02|0.0|0.985|0.25|0.26|0.75,0.5407046424343143,True
FULL_FT,P3,S3,4,A,4,46,0.0003,0.0,5,2499544503,35,1400,0.23922902494331066,0.2602986062501906,0.32357142857142857,0.3235714285714285,0.0,0.0|0.02|0.0|0.985|0.25|0.26|0.75,0.267596636953549,True
FULL_FT,P3,S3,4,A,4,46,0.0003,0.0,10,2499544503,35,1400,0.42239665096807955,0.24139267234902423,0.28214285714285714,0.28214285714285714,0.0,0.0|0.02|0.22|0.735|0.25|0.0|0.75,0.44699656146779093,True
FULL_FT,P3,S3,4,A,4,46,0.0003,0.0,20,2499544503,35,1400,0.6318903318903318,0.29711579520992376,0.32357142857142857,0.3235714285714285,0.0,0.25|0.02|0.0|0.985|0.25|0.26|0.5,0.7969528726811071,True
FULL_FT,P3,S3,4,A,4,46,0.0003,0.0001,5,1438345222,35,1400,0.23922902494331066,0.2602986062501906,0.32357142857142857,0.3235714285714285,0.0,0.0|0.02|0.0|0.985|0.25|0.26|0.75,0.2675965458720683,True
FULL_FT,P3,S3,4,A,4,46,0.0003,0.0001,10,1438345222,35,1400,0.42239665096807955,0.24139267234902423,0.28214285714285714,0.28214285714285714,0.0,0.0|0.02|0.22|0.735|0.25|0.0|0.75,0.44699764913486856,True
FULL_FT,P3,S3,4,A,4,46,0.0003,0.0001,20,1438345222,35,1400,0.6318903318903318,0.29711579520992376,0.32357142857142857,0.3235714285714285,0.0,0.25|0.02|0.0|0.985|0.25|0.26|0.5,0.7969714680357062,True
PARTIAL_FT,P3,S3,10,B,1,42,1e-05,0.0,5,1635494368,35,1400,0.40591630591630595,0.12114598476488861,0.19857142857142857,0.1985714285714286,0.0,0.0|0.02|0.0|0.63|0.0|0.0|0.74,0.015362387725421466,True
PARTIAL_FT,P3,S3,10,B,1,42,1e-05,0.0,10,1635494368,35,1400,0.40591630591630595,0.12211615587764459,0.19857142857142857,0.1985714285714286,0.0,0.0|0.02|0.0|0.63|0.0|0.0|0.74,0.030349205502435535,True
PARTIAL_FT,P3,S3,10,B,1,42,1e-05,0.0,20,1635494368,35,1400,0.40591630591630595,0.12319437971968752,0.19857142857142857,0.1985714285714286,0.0,0.0|0.02|0.0|0.63|0.0|0.0|0.74,0.06002590413871733,True
PARTIAL_FT,P3,S3,10,B,1,42,1e-05,0.0001,5,499028723,35,1400,0.40591630591630595,0.12114598476488861,0.19857142857142857,0.1985714285714286,0.0,0.0|0.02|0.0|0.63|0.0|0.0|0.74,0.015362387725421466,True
PARTIAL_FT,P3,S3,10,B,1,42,1e-05,0.0001,10,499028723,35,1400,0.40591630591630595,0.12211615587764459,0.19857142857142857,0.1985714285714286,0.0,0.0|0.02|0.0|0.63|0.0|0.0|0.74,0.030349205502435535,True
PARTIAL_FT,P3,S3,10,B,1,42,1e-05,0.0001,20,499028723,35,1400,0.40591630591630595,0.12319437971968752,0.19857142857142857,0.1985714285714286,0.0,0.0|0.02|0.0|0.63|0.0|0.0|0.74,0.06002590413871733,True
PARTIAL_FT,P3,S3,10,B,1,42,3e-05,0.0,5,3258686651,35,1400,0.40591630591630595,0.12540619253383412,0.19857142857142857,0.1985714285714286,0.0,0.0|0.02|0.0|0.63|0.0|0.0|0.74,0.044842235763726375,True
PARTIAL_FT,P3,S3,10,B,1,42,3e-05,0.0,10,3258686651,35,1400,0.40591630591630595,0.12533880179107582,0.19857142857142857,0.1985714285714286,0.0,0.0|0.02|0.0|0.63|0.0|0.0|0.74,0.0886495785568116,True
PARTIAL_FT,P3,S3,10,B,1,42,3e-05,0.0,20,3258686651,35,1400,0.40591630591630595,0.12896638632333454,0.19857142857142857,0.1985714285714286,0.0,0.0|0.02|0.0|0.63|0.0|0.0|0.74,0.17443653326924188,True
PARTIAL_FT,P3,S3,10,B,1,42,3e-05,0.0001,5,1792956392,35,1400,0.40591630591630595,0.12540619253383412,0.19857142857142857,0.1985714285714286,0.0,0.0|0.02|0.0|0.63|0.0|0.0|0.74,0.044842235763726375,True
PARTIAL_FT,P3,S3,10,B,1,42,3e-05,0.0001,10,1792956392,35,1400,0.40591630591630595,0.12533880179107582,0.19857142857142857,0.1985714285714286,0.0,0.0|0.02|0.0|0.63|0.0|0.0|0.74,0.0886495785568116,True
PARTIAL_FT,P3,S3,10,B,1,42,3e-05,0.0001,20,1792956392,35,1400,0.40591630591630595,0.12896638632333454,0.19857142857142857,0.1985714285714286,0.0,0.0|0.02|0.0|0.63|0.0|0.0|0.74,0.17443653326924188,True
PARTIAL_FT,P3,S3,10,B,1,42,0.0001,0.0,5,2703151825,35,1400,0.40591630591630595,0.11883617737276274,0.1957142857142857,0.19571428571428573,0.0,0.0|0.0|0.0|0.63|0.0|0.0|0.74,0.14109624084642383,True
PARTIAL_FT,P3,S3,10,B,1,42,0.0001,0.0,10,2703151825,35,1400,0.40591630591630595,0.1254795340161194,0.1957142857142857,0.19571428571428573,0.0,0.0|0.0|0.0|0.63|0.0|0.0|0.74,0.27630060058996564,True
PARTIAL_FT,P3,S3,10,B,1,42,0.0001,0.0,20,2703151825,35,1400,0.49177489177489175,0.13061747143511587,0.1957142857142857,0.19571428571428573,0.0,0.0|0.0|0.0|0.63|0.0|0.0|0.74,0.5299379804035674,True
PARTIAL_FT,P3,S3,10,B,1,42,0.0001,0.0001,5,1901381939,35,1400,0.40591630591630595,0.11883617737276274,0.1957142857142857,0.19571428571428573,0.0,0.0|0.0|0.0|0.63|0.0|0.0|0.74,0.14109624084642383,True
PARTIAL_FT,P3,S3,10,B,1,42,0.0001,0.0001,10,1901381939,35,1400,0.40591630591630595,0.1254795340161194,0.1957142857142857,0.19571428571428573,0.0,0.0|0.0|0.0|0.63|0.0|0.0|0.74,0.27630060058996564,True
PARTIAL_FT,P3,S3,10,B,1,42,0.0001,0.0001,20,1901381939,35,1400,0.49177489177489175,0.13061747143511587,0.1957142857142857,0.19571428571428573,0.0,0.0|0.0|0.0|0.63|0.0|0.0|0.74,0.5299379804035674,True
PARTIAL_FT,P3,S3,10,B,1,42,0.0003,0.0,5,3112717373,35,1400,0.43914656771799626,0.17162003709946477,0.2307142857142857,0.2307142857142857,0.0,0.0|0.0|0.245|0.63|0.0|0.0|0.74,0.32261251885371695,True
PARTIAL_FT,P3,S3,10,B,1,42,0.0003,0.0,10,3112717373,35,1400,0.4886002886002886,0.17249919313236828,0.2307142857142857,0.2307142857142857,0.0,0.0|0.0|0.245|0.63|0.0|0.0|0.74,0.5898827653772394,True
PARTIAL_FT,P3,S3,10,B,1,42,0.0003,0.0,20,3112717373,35,1400,0.6882704596990311,0.23605330974355856,0.2621428571428571,0.2621428571428571,0.0,0.0|0.0|0.245|0.63|0.435|0.0|0.525,1.0964817901853678,True
PARTIAL_FT,P3,S3,10,B,1,42,0.0003,0.0001,5,1498573314,35,1400,0.43914656771799626,0.17162003709946477,0.2307142857142857,0.2307142857142857,0.0,0.0|0.0|0.245|0.63|0.0|0.0|0.74,0.3226123749640127,True
PARTIAL_FT,P3,S3,10,B,1,42,0.0003,0.0001,10,1498573314,35,1400,0.4886002886002886,0.17249919313236828,0.2307142857142857,0.2307142857142857,0.0,0.0|0.0|0.245|0.63|0.0|0.0|0.74,0.5898823875935266,True
PARTIAL_FT,P3,S3,10,B,1,42,0.0003,0.0001,20,1498573314,35,1400,0.6882704596990311,0.23605330974355856,0.2621428571428571,0.2621428571428571,0.0,0.0|0.0|0.245|0.63|0.435|0.0|0.525,1.0964803577691122,True
FULL_FT,P3,S3,10,B,1,42,1e-05,0.0,5,1128801292,35,1400,0.40591630591630595,0.12319437971968752,0.19857142857142857,0.1985714285714286,0.0,0.0|0.02|0.0|0.63|0.0|0.0|0.74,0.017641944525531115,True
FULL_FT,P3,S3,10,B,1,42,1e-05,0.0,10,1128801292,35,1400,0.40591630591630595,0.12106859046472132,0.19857142857142857,0.1985714285714286,0.0,0.0|0.02|0.0|0.63|0.0|0.0|0.74,0.03508617116799905,True
FULL_FT,P3,S3,10,B,1,42,1e-05,0.0,20,1128801292,35,1400,0.40764790764790765,0.1442388015634866,0.21357142857142858,0.21357142857142858,0.0,0.0|0.0|0.125|0.63|0.0|0.0|0.74,0.06974056254486913,True
FULL_FT,P3,S3,10,B,1,42,1e-05,0.0001,5,1437948074,35,1400,0.40591630591630595,0.12319437971968752,0.19857142857142857,0.1985714285714286,0.0,0.0|0.02|0.0|0.63|0.0|0.0|0.74,0.017641944525531115,True
FULL_FT,P3,S3,10,B,1,42,1e-05,0.0001,10,1437948074,35,1400,0.40591630591630595,0.12106859046472132,0.19857142857142857,0.1985714285714286,0.0,0.0|0.02|0.0|0.63|0.0|0.0|0.74,0.03508617116799905,True
FULL_FT,P3,S3,10,B,1,42,1e-05,0.0001,20,1437948074,35,1400,0.40764790764790765,0.1442388015634866,0.21357142857142858,0.21357142857142858,0.0,0.0|0.0|0.125|0.63|0.0|0.0|0.74,0.06974056254486913,True
FULL_FT,P3,S3,10,B,1,42,3e-05,0.0,5,3608587866,35,1400,0.40591630591630595,0.11759922337198965,0.1957142857142857,0.19571428571428573,0.0,0.0|0.0|0.0|0.63|0.0|0.0|0.74,0.049779713609135766,True
FULL_FT,P3,S3,10,B,1,42,3e-05,0.0,10,3608587866,35,1400,0.40764790764790765,0.16718306673154132,0.2307142857142857,0.2307142857142857,0.0,0.0|0.0|0.245|0.63|0.0|0.0|0.74,0.09891971747873458,True
FULL_FT,P3,S3,10,B,1,42,3e-05,0.0,20,3608587866,35,1400,0.441919191919192,0.17299768308087435,0.2307142857142857,0.2307142857142857,0.0,0.0|0.0|0.245|0.63|0.0|0.0|0.74,0.19527405025554093,True
FULL_FT,P3,S3,10,B,1,42,3e-05,0.0001,5,3236516934,35,1400,0.40591630591630595,0.11759922337198965,0.1957142857142857,0.19571428571428573,0.0,0.0|0.0|0.0|0.63|0.0|0.0|0.74,0.049779713609135766,True
FULL_FT,P3,S3,10,B,1,42,3e-05,0.0001,10,3236516934,35,1400,0.40764790764790765,0.16718306673154132,0.2307142857142857,0.2307142857142857,0.0,0.0|0.0|0.245|0.63|0.0|0.0|0.74,0.09891971747873458,True
FULL_FT,P3,S3,10,B,1,42,3e-05,0.0001,20,3236516934,35,1400,0.441919191919192,0.17299768308087435,0.2307142857142857,0.2307142857142857,0.0,0.0|0.0|0.245|0.63|0.0|0.0|0.74,0.19527405025554093,True
FULL_FT,P3,S3,10,B,1,42,0.0001,0.0,5,650510063,35,1400,0.43232323232323233,0.17812701559814453,0.2307142857142857,0.2307142857142857,0.0,0.0|0.0|0.245|0.63|0.0|0.0|0.74,0.11941897558276235,True
FULL_FT,P3,S3,10,B,1,42,0.0001,0.0,10,650510063,35,1400,0.47930323644609363,0.13152451995801256,0.1957142857142857,0.19571428571428573,0.0,0.0|0.0|0.0|0.63|0.0|0.0|0.74,0.22365101413161276,True
FULL_FT,P3,S3,10,B,1,42,0.0001,0.0,20,650510063,35,1400,0.5757496471782186,0.2030300875366681,0.23642857142857143,0.2364285714285714,0.0,0.0|0.0|0.245|0.63|0.255|0.0|0.525,0.4281202094120053,True
FULL_FT,P3,S3,10,B,1,42,0.0001,0.0001,5,141282043,35,1400,0.43232323232323233,0.17812701559814453,0.2307142857142857,0.2307142857142857,0.0,0.0|0.0|0.245|0.63|0.0|0.0|0.74,0.11941897558276235,True
FULL_FT,P3,S3,10,B,1,42,0.0001,0.0001,10,141282043,35,1400,0.47930323644609363,0.13152451995801256,0.1957142857142857,0.19571428571428573,0.0,0.0|0.0|0.0|0.63|0.0|0.0|0.74,0.22365101413161276,True
FULL_FT,P3,S3,10,B,1,42,0.0001,0.0001,20,141282043,35,1400,0.5757496471782186,0.2030300875366681,0.23642857142857143,0.2364285714285714,0.0,0.0|0.0|0.245|0.63|0.255|0.0|0.525,0.4281202094120053,True
FULL_FT,P3,S3,10,B,1,42,0.0003,0.0,5,492460096,35,1400,0.30309080153800644,0.12168169053293068,0.15,0.15,0.0,0.0|0.0|0.275|0.25|0.0|0.0|0.525,0.2202270279123729,True
FULL_FT,P3,S3,10,B,1,42,0.0003,0.0,10,492460096,35,1400,0.4743609565038137,0.19046272335287595,0.27,0.26999999999999996,0.0,0.0|0.0|0.0|0.645|0.255|0.25|0.74,0.3397283787401823,True
FULL_FT,P3,S3,10,B,1,42,0.0003,0.0,20,492460096,35,1400,0.572562358276644,0.11674351618485697,0.165,0.165,0.0,0.0|0.0|0.0|0.63|0.0|0.0|0.525,0.5856414876359368,True
FULL_FT,P3,S3,10,B,1,42,0.0003,0.0001,5,1046731172,35,1400,0.30309080153800644,0.12168169053293068,0.15,0.15,0.0,0.0|0.0|0.275|0.25|0.0|0.0|0.525,0.22022741953937686,True
FULL_FT,P3,S3,10,B,1,42,0.0003,0.0001,10,1046731172,35,1400,0.4743609565038137,0.19050392644389197,0.27,0.26999999999999996,0.0,0.0|0.0|0.0|0.645|0.255|0.25|0.74,0.3397225970580723,True
FULL_FT,P3,S3,10,B,1,42,0.0003,0.0001,20,1046731172,35,1400,0.572562358276644,0.11674351618485697,0.165,0.165,0.0,0.0|0.0|0.0|0.63|0.0|0.0|0.525,0.5855816657111603,True
PARTIAL_FT,P3,S3,10,B,1,43,1e-05,0.0,5,3246192102,35,1400,0.3423520923520923,0.1946894597406206,0.24571428571428572,0.24571428571428572,0.0,0.0|0.045|0.0|0.25|0.435|0.25|0.74,0.015332099540336246,True
PARTIAL_FT,P3,S3,10,B,1,43,1e-05,0.0,10,3246192102,35,1400,0.3423520923520923,0.19442940970340655,0.24571428571428572,0.24571428571428572,0.0,0.0|0.045|0.0|0.25|0.435|0.25|0.74,0.03031455427899672,True
PARTIAL_FT,P3,S3,10,B,1,43,1e-05,0.0,20,3246192102,35,1400,0.3423520923520923,0.19442940970340655,0.24571428571428572,0.24571428571428572,0.0,0.0|0.045|0.0|0.25|0.435|0.25|0.74,0.060011274424079115,True
PARTIAL_FT,P3,S3,10,B,1,43,1e-05,0.0001,5,96475607,35,1400,0.3423520923520923,0.1946894597406206,0.24571428571428572,0.24571428571428572,0.0,0.0|0.045|0.0|0.25|0.435|0.25|0.74,0.015332099540336246,True
PARTIAL_FT,P3,S3,10,B,1,43,1e-05,0.0001,10,96475607,35,1400,0.3423520923520923,0.19442940970340655,0.24571428571428572,0.24571428571428572,0.0,0.0|0.045|0.0|0.25|0.435|0.25|0.74,0.03031455427899672,True
PARTIAL_FT,P3,S3,10,B,1,43,1e-05,0.0001,20,96475607,35,1400,0.3423520923520923,0.19442940970340655,0.24571428571428572,0.24571428571428572,0.0,0.0|0.045|0.0|0.25|0.435|0.25|0.74,0.060011274424079115,True
PARTIAL_FT,P3,S3,10,B,1,43,3e-05,0.0,5,1515917639,35,1400,0.3423520923520923,0.19442940970340655,0.24571428571428572,0.24571428571428572,0.0,0.0|0.045|0.0|0.25|0.435|0.25|0.74,0.04476543562330498,True
PARTIAL_FT,P3,S3,10,B,1,43,3e-05,0.0,10,1515917639,35,1400,0.36673881673881675,0.19442940970340655,0.24571428571428572,0.24571428571428572,0.0,0.0|0.045|0.0|0.25|0.435|0.25|0.74,0.08858031726414092,True
PARTIAL_FT,P3,S3,10,B,1,43,3e-05,0.0,20,1515917639,35,1400,0.3628427128427128,0.19442940970340655,0.24571428571428572,0.24571428571428572,0.0,0.0|0.045|0.0|0.25|0.435|0.25|0.74,0.17392716646429313,True
PARTIAL_FT,P3,S3,10,B,1,43,3e-05,0.0001,5,2082138038,35,1400,0.3423520923520923,0.19442940970340655,0.24571428571428572,0.24571428571428572,0.0,0.0|0.045|0.0|0.25|0.435|0.25|0.74,0.04476543562330498,True
PARTIAL_FT,P3,S3,10,B,1,43,3e-05,0.0001,10,2082138038,35,1400,0.36673881673881675,0.19442940970340655,0.24571428571428572,0.24571428571428572,0.0,0.0|0.045|0.0|0.25|0.435|0.25|0.74,0.08858031726414092,True
PARTIAL_FT,P3,S3,10,B,1,43,3e-05,0.0001,20,2082138038,35,1400,0.3628427128427128,0.19442940970340655,0.24571428571428572,0.24571428571428572,0.0,0.0|0.045|0.0|0.25|0.435|0.25|0.74,0.17392716646429313,True
PARTIAL_FT,P3,S3,10,B,1,43,0.0001,0.0,5,2128953248,35,1400,0.36024531024531026,0.19417224911105044,0.24571428571428572,0.24571428571428572,0.0,0.0|0.045|0.0|0.25|0.435|0.25|0.74,0.139347532549322,True
PARTIAL_FT,P3,S3,10,B,1,43,0.0001,0.0,10,2128953248,35,1400,0.381024531024531,0.1981171199252886,0.24785714285714286,0.24785714285714283,0.0,0.015|0.045|0.0|0.25|0.435|0.25|0.74,0.2725549639460485,True
PARTIAL_FT,P3,S3,10,B,1,43,0.0001,0.0,20,2128953248,35,1400,0.40959595959595957,0.20858997512900682,0.2542857142857143,0.2542857142857143,0.0,0.06|0.045|0.0|0.25|0.435|0.25|0.74,0.5228939858131695,True
PARTIAL_FT,P3,S3,10,B,1,43,0.0001,0.0001,5,2724391820,35,1400,0.36024531024531026,0.19417224911105044,0.24571428571428572,0.24571428571428572,0.0,0.0|0.045|0.0|0.25|0.435|0.25|0.74,0.139347532549322,True
PARTIAL_FT,P3,S3,10,B,1,43,0.0001,0.0001,10,2724391820,35,1400,0.381024531024531,0.1981171199252886,0.24785714285714286,0.24785714285714283,0.0,0.015|0.045|0.0|0.25|0.435|0.25|0.74,0.2725549639460485,True
PARTIAL_FT,P3,S3,10,B,1,43,0.0001,0.0001,20,2724391820,35,1400,0.40959595959595957,0.20858997512900682,0.2542857142857143,0.2542857142857143,0.0,0.06|0.045|0.0|0.25|0.435|0.25|0.74,0.5228939858131695,True
PARTIAL_FT,P3,S3,10,B,1,43,0.0003,0.0,5,3990892938,35,1400,0.3595238095238095,0.1643876440489102,0.21,0.21,0.0,0.0|0.045|0.0|0.25|0.185|0.25|0.74,0.3096934714822576,True
PARTIAL_FT,P3,S3,10,B,1,43,0.0003,0.0,10,3990892938,35,1400,0.4260794760794761,0.18159456818141478,0.2392857142857143,0.2392857142857143,0.0,0.0|0.0|0.0|0.25|0.435|0.25|0.74,0.5632784785962741,True
PARTIAL_FT,P3,S3,10,B,1,43,0.0003,0.0,20,3990892938,35,1400,0.5880230880230881,0.23190544134533692,0.2664285714285714,0.2664285714285714,0.0,0.175|0.045|0.0|0.25|0.435|0.25|0.71,1.0298479343911182,True
PARTIAL_FT,P3,S3,10,B,1,43,0.0003,0.0001,5,2276548074,35,1400,0.3595238095238095,0.1643876440489102,0.21,0.21,0.0,0.0|0.045|0.0|0.25|0.185|0.25|0.74,0.30969346598464703,True
PARTIAL_FT,P3,S3,10,B,1,43,0.0003,0.0001,10,2276548074,35,1400,0.4260794760794761,0.18159456818141478,0.2392857142857143,0.2392857142857143,0.0,0.0|0.0|0.0|0.25|0.435|0.25|0.74,0.5632783008044709,True
PARTIAL_FT,P3,S3,10,B,1,43,0.0003,0.0001,20,2276548074,35,1400,0.5880230880230881,0.23190544134533692,0.2664285714285714,0.2664285714285714,0.0,0.175|0.045|0.0|0.25|0.435|0.25|0.71,1.0298469144757247,True
FULL_FT,P3,S3,10,B,1,43,1e-05,0.0,5,1639856249,35,1400,0.3423520923520923,0.19417224911105044,0.24571428571428572,0.24571428571428572,0.0,0.0|0.045|0.0|0.25|0.435|0.25|0.74,0.017666681197614543,True
FULL_FT,P3,S3,10,B,1,43,1e-05,0.0,10,1639856249,35,1400,0.3423520923520923,0.19442940970340655,0.24571428571428572,0.24571428571428572,0.0,0.0|0.045|0.0|0.25|0.435|0.25|0.74,0.035192075632425664,True
FULL_FT,P3,S3,10,B,1,43,1e-05,0.0,20,1639856249,35,1400,0.36673881673881675,0.19760564029408306,0.24785714285714286,0.24785714285714283,0.0,0.015|0.045|0.0|0.25|0.435|0.25|0.74,0.06997007802369495,True
FULL_FT,P3,S3,10,B,1,43,1e-05,0.0001,5,269855603,35,1400,0.3423520923520923,0.19417224911105044,0.24571428571428572,0.24571428571428572,0.0,0.0|0.045|0.0|0.25|0.435|0.25|0.74,0.017666681197614543,True
FULL_FT,P3,S3,10,B,1,43,1e-05,0.0001,10,269855603,35,1400,0.3423520923520923,0.19442940970340655,0.24571428571428572,0.24571428571428572,0.0,0.0|0.045|0.0|0.25|0.435|0.25|0.74,0.035192075632425664,True
FULL_FT,P3,S3,10,B,1,43,1e-05,0.0001,20,269855603,35,1400,0.36673881673881675,0.19760564029408306,0.24785714285714286,0.24785714285714283,0.0,0.015|0.045|0.0|0.25|0.435|0.25|0.74,0.06997007802369495,True
FULL_FT,P3,S3,10,B,1,43,3e-05,0.0,5,3914964663,35,1400,0.3628427128427128,0.19442940970340655,0.24571428571428572,0.24571428571428572,0.0,0.0|0.045|0.0|0.25|0.435|0.25|0.74,0.0500265815712478,True
FULL_FT,P3,S3,10,B,1,43,3e-05,0.0,10,3914964663,35,1400,0.3628427128427128,0.19760564029408306,0.24785714285714286,0.24785714285714283,0.0,0.015|0.045|0.0|0.25|0.435|0.25|0.74,0.09933035309396768,True
FULL_FT,P3,S3,10,B,1,43,3e-05,0.0,20,3914964663,35,1400,0.40440115440115443,0.22777995326085107,0.2664285714285714,0.2664285714285714,0.0,0.175|0.045|0.0|0.25|0.435|0.25|0.71,0.1956222135343709,True
FULL_FT,P3,S3,10,B,1,43,3e-05,0.0001,5,1220216629,35,1400,0.3628427128427128,0.19442940970340655,0.24571428571428572,0.24571428571428572,0.0,0.0|0.045|0.0|0.25|0.435|0.25|0.74,0.0500265815712478,True
FULL_FT,P3,S3,10,B,1,43,3e-05,0.0001,10,1220216629,35,1400,0.3628427128427128,0.19760564029408306,0.24785714285714286,0.24785714285714283,0.0,0.015|0.045|0.0|0.25|0.435|0.25|0.74,0.09933035309396768,True
FULL_FT,P3,S3,10,B,1,43,3e-05,0.0001,20,1220216629,35,1400,0.40440115440115443,0.22777995326085107,0.2664285714285714,0.2664285714285714,0.0,0.175|0.045|0.0|0.25|0.435|0.25|0.71,0.1956222135343709,True
FULL_FT,P3,S3,10,B,1,43,0.0001,0.0,5,4163881184,35,1400,0.35601937744794887,0.19134089023430967,0.24571428571428572,0.24571428571428572,0.0,0.0|0.045|0.0|0.25|0.435|0.25|0.74,0.11829263583533972,True
FULL_FT,P3,S3,10,B,1,43,0.0001,0.0,10,4163881184,35,1400,0.4651515151515152,0.19186090997431388,0.24357142857142858,0.24357142857142858,0.0,0.015|0.045|0.0|0.25|0.435|0.25|0.71,0.21848043590519256,True
FULL_FT,P3,S3,10,B,1,43,0.0001,0.0,20,4163881184,35,1400,0.6197691197691199,0.21952584263454847,0.26,0.25999999999999995,0.0,0.175|0.0|0.0|0.25|0.435|0.25|0.71,0.41743467516616184,True
FULL_FT,P3,S3,10,B,1,43,0.0001,0.0001,5,205424100,35,1400,0.35601937744794887,0.19134089023430967,0.24571428571428572,0.24571428571428572,0.0,0.0|0.045|0.0|0.25|0.435|0.25|0.74,0.11829263583533972,True
FULL_FT,P3,S3,10,B,1,43,0.0001,0.0001,10,205424100,35,1400,0.4651515151515152,0.19186090997431388,0.24357142857142858,0.24357142857142858,0.0,0.015|0.045|0.0|0.25|0.435|0.25|0.71,0.21848043590519256,True
FULL_FT,P3,S3,10,B,1,43,0.0001,0.0001,20,205424100,35,1400,0.6197691197691199,0.21952584263454847,0.26,0.25999999999999995,0.0,0.175|0.0|0.0|0.25|0.435|0.25|0.71,0.41743467516616184,True
FULL_FT,P3,S3,10,B,1,43,0.0003,0.0,5,1281575771,35,1400,0.2657596371882086,0.1840019478653104,0.23714285714285716,0.23714285714285713,0.0,0.015|0.0|0.0|0.25|0.435|0.25|0.71,0.21416000047267422,True
FULL_FT,P3,S3,10,B,1,43,0.0003,0.0,10,1281575771,35,1400,0.41694020265448833,0.08828476563304831,0.09571428571428571,0.09571428571428572,0.0,0.0|0.14|0.0|0.25|0.25|0.0|0.03,0.31761854264250183,True
FULL_FT,P3,S3,10,B,1,43,0.0003,0.0,20,1281575771,35,1400,0.6440170940170941,0.14129929268248914,0.2057142857142857,0.2057142857142857,0.0,0.0|0.045|0.0|0.25|0.435|0.0|0.71,0.5289365798935809,True
FULL_FT,P3,S3,10,B,1,43,0.0003,0.0001,5,863310064,35,1400,0.2657596371882086,0.1840019478653104,0.23714285714285716,0.23714285714285713,0.0,0.015|0.0|0.0|0.25|0.435|0.25|0.71,0.21415994959812693,True
FULL_FT,P3,S3,10,B,1,43,0.0003,0.0001,10,863310064,35,1400,0.41694020265448833,0.08828476563304831,0.09571428571428571,0.09571428571428572,0.0,0.0|0.14|0.0|0.25|0.25|0.0|0.03,0.31761849392609376,True
FULL_FT,P3,S3,10,B,1,43,0.0003,0.0001,20,863310064,35,1400,0.6440170940170941,0.14129929268248914,0.2057142857142857,0.2057142857142857,0.0,0.0|0.045|0.0|0.25|0.435|0.0|0.71,0.528938894281551,True
PARTIAL_FT,P3,S3,10,B,1,44,1e-05,0.0,5,3481075042,35,1400,0.3799343513629228,0.17309309496059105,0.23714285714285716,0.23714285714285713,0.0,0.0|0.045|0.245|0.63|0.0|0.0|0.74,0.015430444027716055,True
PARTIAL_FT,P3,S3,10,B,1,44,1e-05,0.0,10,3481075042,35,1400,0.3799343513629228,0.17210322220605834,0.23714285714285716,0.23714285714285713,0.0,0.0|0.045|0.245|0.63|0.0|0.0|0.74,0.03053598304167953,True
PARTIAL_FT,P3,S3,10,B,1,44,1e-05,0.0,20,3481075042,35,1400,0.3799343513629228,0.17170041978989703,0.23714285714285716,0.23714285714285713,0.0,0.0|0.045|0.245|0.63|0.0|0.0|0.74,0.060270258412957786,True
PARTIAL_FT,P3,S3,10,B,1,44,1e-05,0.0001,5,1728341398,35,1400,0.3799343513629228,0.17309309496059105,0.23714285714285716,0.23714285714285713,0.0,0.0|0.045|0.245|0.63|0.0|0.0|0.74,0.015430444027716055,True
PARTIAL_FT,P3,S3,10,B,1,44,1e-05,0.0001,10,1728341398,35,1400,0.3799343513629228,0.17210322220605834,0.23714285714285716,0.23714285714285713,0.0,0.0|0.045|0.245|0.63|0.0|0.0|0.74,0.03053598304167953,True
PARTIAL_FT,P3,S3,10,B,1,44,1e-05,0.0001,20,1728341398,35,1400,0.3799343513629228,0.17170041978989703,0.23714285714285716,0.23714285714285713,0.0,0.0|0.045|0.245|0.63|0.0|0.0|0.74,0.060270258412957786,True
PARTIAL_FT,P3,S3,10,B,1,44,3e-05,0.0,5,1115628945,35,1400,0.3799343513629228,0.17052458416536148,0.23714285714285716,0.23714285714285713,0.0,0.0|0.045|0.245|0.63|0.0|0.0|0.74,0.045298216168273016,True
PARTIAL_FT,P3,S3,10,B,1,44,3e-05,0.0,10,1115628945,35,1400,0.40460967603824743,0.17194920106735104,0.23785714285714285,0.23785714285714285,0.0,0.0|0.045|0.245|0.63|0.005|0.0|0.74,0.0892422820737137,True
PARTIAL_FT,P3,S3,10,B,1,44,3e-05,0.0,20,1115628945,35,1400,0.40460967603824743,0.215378581350015,0.26357142857142857,0.26357142857142857,0.0,0.0|0.045|0.245|0.63|0.185|0.0|0.74,0.17487644190580115,True
PARTIAL_FT,P3,S3,10,B,1,44,3e-05,0.0001,5,3003474873,35,1400,0.3799343513629228,0.17052458416536148,0.23714285714285716,0.23714285714285713,0.0,0.0|0.045|0.245|0.63|0.0|0.0|0.74,0.045298216168273016,True
PARTIAL_FT,P3,S3,10,B,1,44,3e-05,0.0001,10,3003474873,35,1400,0.40460967603824743,0.17194920106735104,0.23785714285714285,0.23785714285714285,0.0,0.0|0.045|0.245|0.63|0.005|0.0|0.74,0.0892422820737137,True
PARTIAL_FT,P3,S3,10,B,1,44,3e-05,0.0001,20,3003474873,35,1400,0.40460967603824743,0.215378581350015,0.26357142857142857,0.26357142857142857,0.0,0.0|0.045|0.245|0.63|0.185|0.0|0.74,0.17487644190580115,True
PARTIAL_FT,P3,S3,10,B,1,44,0.0001,0.0,5,226550618,35,1400,0.44681746824603963,0.21588806415611778,0.26357142857142857,0.26357142857142857,0.0,0.0|0.045|0.245|0.63|0.185|0.0|0.74,0.14350474594668852,True
PARTIAL_FT,P3,S3,10,B,1,44,0.0001,0.0,10,226550618,35,1400,0.4675657675657675,0.20819798476048862,0.24928571428571428,0.2492857142857143,0.0,0.0|0.045|0.26|0.515|0.185|0.0|0.74,0.27991132981702826,True
PARTIAL_FT,P3,S3,10,B,1,44,0.0001,0.0,20,226550618,35,1400,0.5331295688438545,0.2092635604781969,0.24714285714285714,0.24714285714285714,0.0,0.0|0.045|0.29|0.5|0.185|0.0|0.71,0.5330440853137065,True
PARTIAL_FT,P3,S3,10,B,1,44,0.0001,0.0001,5,2036722522,35,1400,0.44681746824603963,0.21588806415611778,0.26357142857142857,0.26357142857142857,0.0,0.0|0.045|0.245|0.63|0.185|0.0|0.74,0.14350474594668852,True
PARTIAL_FT,P3,S3,10,B,1,44,0.0001,0.0001,10,2036722522,35,1400,0.4675657675657675,0.20819798476048862,0.24928571428571428,0.2492857142857143,0.0,0.0|0.045|0.26|0.515|0.185|0.0|0.74,0.27991132981702826,True
PARTIAL_FT,P3,S3,10,B,1,44,0.0001,0.0001,20,2036722522,35,1400,0.5331295688438545,0.2092635604781969,0.24714285714285714,0.24714285714285714,0.0,0.0|0.045|0.29|0.5|0.185|0.0|0.71,0.5330440853137065,True
PARTIAL_FT,P3,S3,10,B,1,44,0.0003,0.0,5,3666877311,35,1400,0.472977022977023,0.17887237281768664,0.21357142857142858,0.21357142857142858,0.0,0.0|0.045|0.26|0.265|0.185|0.0|0.74,0.35003109385475856,True
PARTIAL_FT,P3,S3,10,B,1,44,0.0003,0.0,10,3666877311,35,1400,0.5331295688438545,0.23426803893642645,0.25357142857142856,0.25357142857142856,0.0,0.0|0.045|0.29|0.265|0.185|0.25|0.74,0.6444418681276558,True
PARTIAL_FT,P3,S3,10,B,1,44,0.0003,0.0,20,3666877311,35,1400,0.6326839826839826,0.16189985561046732,0.18071428571428572,0.18071428571428574,0.0,0.0|0.045|0.29|0.25|0.185|0.0|0.495,1.1694811958627334,True
PARTIAL_FT,P3,S3,10,B,1,44,0.0003,0.0001,5,2372206741,35,1400,0.472977022977023,0.17887237281768664,0.21357142857142858,0.21357142857142858,0.0,0.0|0.045|0.26|0.265|0.185|0.0|0.74,0.3500308373064023,True
PARTIAL_FT,P3,S3,10,B,1,44,0.0003,0.0001,10,2372206741,35,1400,0.5331295688438545,0.23426803893642645,0.25357142857142856,0.25357142857142856,0.0,0.0|0.045|0.29|0.265|0.185|0.25|0.74,0.6444411952691439,True
PARTIAL_FT,P3,S3,10,B,1,44,0.0003,0.0001,20,2372206741,35,1400,0.6326839826839826,0.16189985561046732,0.18071428571428572,0.18071428571428574,0.0,0.0|0.045|0.29|0.25|0.185|0.0|0.495,1.1695038079544162,True
FULL_FT,P3,S3,10,B,1,44,1e-05,0.0,5,683852960,35,1400,0.3799343513629228,0.17006745448673186,0.23714285714285716,0.23714285714285713,0.0,0.0|0.045|0.245|0.63|0.0|0.0|0.74,0.018085996590380994,True
FULL_FT,P3,S3,10,B,1,44,1e-05,0.0,10,683852960,35,1400,0.4208434422720137,0.1600924180515267,0.22071428571428572,0.2207142857142857,0.0,0.0|0.045|0.245|0.515|0.0|0.0|0.74,0.035692850655178576,True
FULL_FT,P3,S3,10,B,1,44,1e-05,0.0,20,683852960,35,1400,0.44681746824603963,0.1600924180515267,0.22071428571428572,0.2207142857142857,0.0,0.0|0.045|0.245|0.515|0.0|0.0|0.74,0.07037090199070753,True
FULL_FT,P3,S3,10,B,1,44,1e-05,0.0001,5,3940310959,35,1400,0.3799343513629228,0.17006745448673186,0.23714285714285716,0.23714285714285713,0.0,0.0|0.045|0.245|0.63|0.0|0.0|0.74,0.018085996590380994,True
FULL_FT,P3,S3,10,B,1,44,1e-05,0.0001,10,3940310959,35,1400,0.4208434422720137,0.1600924180515267,0.22071428571428572,0.2207142857142857,0.0,0.0|0.045|0.245|0.515|0.0|0.0|0.74,0.035692850655178576,True
FULL_FT,P3,S3,10,B,1,44,1e-05,0.0001,20,3940310959,35,1400,0.44681746824603963,0.1600924180515267,0.22071428571428572,0.2207142857142857,0.0,0.0|0.045|0.245|0.515|0.0|0.0|0.74,0.07037090199070753,True
FULL_FT,P3,S3,10,B,1,44,3e-05,0.0,5,1906399572,35,1400,0.4208434422720137,0.13628268378504857,0.18714285714285714,0.18714285714285714,0.0,0.0|0.045|0.245|0.28|0.0|0.0|0.74,0.05205517467152462,True
FULL_FT,P3,S3,10,B,1,44,3e-05,0.0,10,1906399572,35,1400,0.4755022755022755,0.2082819858797751,0.24714285714285714,0.24714285714285714,0.0,0.0|0.045|0.245|0.515|0.185|0.0|0.74,0.10263018187906887,True
FULL_FT,P3,S3,10,B,1,44,3e-05,0.0,20,1906399572,35,1400,0.5331295688438545,0.18249171001066974,0.21571428571428572,0.21571428571428572,0.0,0.0|0.045|0.26|0.28|0.185|0.0|0.74,0.20073835729055928,True
FULL_FT,P3,S3,10,B,1,44,3e-05,0.0001,5,297532847,35,1400,0.4208434422720137,0.13628268378504857,0.18714285714285714,0.18714285714285714,0.0,0.0|0.045|0.245|0.28|0.0|0.0|0.74,0.05205517467152462,True
FULL_FT,P3,S3,10,B,1,44,3e-05,0.0001,10,297532847,35,1400,0.4755022755022755,0.2082819858797751,0.24714285714285714,0.24714285714285714,0.0,0.0|0.045|0.245|0.515|0.185|0.0|0.74,0.10263018187906887,True
FULL_FT,P3,S3,10,B,1,44,3e-05,0.0001,20,297532847,35,1400,0.5331295688438545,0.18249171001066974,0.21571428571428572,0.21571428571428572,0.0,0.0|0.045|0.26|0.28|0.185|0.0|0.74,0.20073835729055928,True
FULL_FT,P3,S3,10,B,1,44,0.0001,0.0,5,3068717963,35,1400,0.4675657675657675,0.17374070489581978,0.225,0.225,0.0,0.0|0.045|0.26|0.47|0.0|0.06|0.74,0.13900758755095702,True
FULL_FT,P3,S3,10,B,1,44,0.0001,0.0,10,3068717963,35,1400,0.563543599257885,0.18159818613129527,0.21785714285714286,0.21785714285714283,0.0,0.0|0.045|0.29|0.265|0.185|0.0|0.74,0.26371493312375555,True
FULL_FT,P3,S3,10,B,1,44,0.0001,0.0,20,3068717963,35,1400,0.601082251082251,0.16016143390212237,0.18285714285714286,0.18285714285714283,0.0,0.0|0.045|0.29|0.265|0.185|0.0|0.495,0.5002721708219953,True
FULL_FT,P3,S3,10,B,1,44,0.0001,0.0001,5,41322565,35,1400,0.4675657675657675,0.17374070489581978,0.225,0.225,0.0,0.0|0.045|0.26|0.47|0.0|0.06|0.74,0.13900758755095702,True
FULL_FT,P3,S3,10,B,1,44,0.0001,0.0001,10,41322565,35,1400,0.563543599257885,0.18159818613129527,0.21785714285714286,0.21785714285714283,0.0,0.0|0.045|0.29|0.265|0.185|0.0|0.74,0.26371493312375555,True
FULL_FT,P3,S3,10,B,1,44,0.0001,0.0001,20,41322565,35,1400,0.601082251082251,0.16016143390212237,0.18285714285714286,0.18285714285714283,0.0,0.0|0.045|0.29|0.265|0.185|0.0|0.495,0.5002721708219953,True
FULL_FT,P3,S3,10,B,1,44,0.0003,0.0,5,2307457459,35,1400,0.2810836615347893,0.10153072714981404,0.1792857142857143,0.17928571428571427,0.0,0.0|0.0|0.0|0.015|0.0|0.25|0.99,0.25233413284510864,True
FULL_FT,P3,S3,10,B,1,44,0.0003,0.0,10,2307457459,35,1400,0.4484348984348984,0.1861759952935179,0.22642857142857142,0.22642857142857142,0.0,0.0|0.0|0.29|0.63|0.185|0.0|0.48,0.38974613194967184,True
FULL_FT,P3,S3,10,B,1,44,0.0003,0.0,20,2307457459,35,1400,0.5217532467532469,0.09096020762496575,0.14285714285714285,0.14285714285714285,0.0,0.0|0.0|0.245|0.015|0.0|0.0|0.74,0.6707768311273326,True
FULL_FT,P3,S3,10,B,1,44,0.0003,0.0001,5,2831798227,35,1400,0.2810836615347893,0.10153072714981404,0.1792857142857143,0.17928571428571427,0.0,0.0|0.0|0.0|0.015|0.0|0.25|0.99,0.25233203222924366,True
FULL_FT,P3,S3,10,B,1,44,0.0003,0.0001,10,2831798227,35,1400,0.4484348984348984,0.1861759952935179,0.22642857142857142,0.22642857142857142,0.0,0.0|0.0|0.29|0.63|0.185|0.0|0.48,0.38973727707713396,True
FULL_FT,P3,S3,10,B,1,44,0.0003,0.0001,20,2831798227,35,1400,0.5217532467532469,0.0907958338003867,0.14285714285714285,0.14285714285714285,0.0,0.0|0.0|0.245|0.015|0.0|0.0|0.74,0.6707482699619968,True
PARTIAL_FT,P3,S3,10,B,1,45,1e-05,0.0,5,1089994012,35,1400,0.4139764996907854,0.1255530242259075,0.15357142857142858,0.15357142857142855,0.0,0.0|0.045|0.245|0.265|0.0|0.0|0.52,0.014966430602272603,True
PARTIAL_FT,P3,S3,10,B,1,45,1e-05,0.0,10,1089994012,35,1400,0.4139764996907854,0.12577686763125553,0.15357142857142858,0.15357142857142855,0.0,0.0|0.045|0.245|0.265|0.0|0.0|0.52,0.029042170191956037,True
PARTIAL_FT,P3,S3,10,B,1,45,1e-05,0.0,20,1089994012,35,1400,0.4139764996907854,0.1255530242259075,0.15357142857142858,0.15357142857142855,0.0,0.0|0.045|0.245|0.265|0.0|0.0|0.52,0.05710562154483162,True
PARTIAL_FT,P3,S3,10,B,1,45,1e-05,0.0001,5,545435915,35,1400,0.4139764996907854,0.1255530242259075,0.15357142857142858,0.15357142857142855,0.0,0.0|0.045|0.245|0.265|0.0|0.0|0.52,0.014966430602272603,True
PARTIAL_FT,P3,S3,10,B,1,45,1e-05,0.0001,10,545435915,35,1400,0.4139764996907854,0.12577686763125553,0.15357142857142858,0.15357142857142855,0.0,0.0|0.045|0.245|0.265|0.0|0.0|0.52,0.029042170191956037,True
PARTIAL_FT,P3,S3,10,B,1,45,1e-05,0.0001,20,545435915,35,1400,0.4139764996907854,0.1255530242259075,0.15357142857142858,0.15357142857142855,0.0,0.0|0.045|0.245|0.265|0.0|0.0|0.52,0.05710562154483162,True
PARTIAL_FT,P3,S3,10,B,1,45,3e-05,0.0,5,1165186775,35,1400,0.4139764996907854,0.12577686763125553,0.15357142857142858,0.15357142857142855,0.0,0.0|0.045|0.245|0.265|0.0|0.0|0.52,0.042122787809443236,True
PARTIAL_FT,P3,S3,10,B,1,45,3e-05,0.0,10,1165186775,35,1400,0.47313955885384457,0.1255530242259075,0.15357142857142858,0.15357142857142855,0.0,0.0|0.045|0.245|0.265|0.0|0.0|0.52,0.08324670535837543,True
PARTIAL_FT,P3,S3,10,B,1,45,3e-05,0.0,20,1165186775,35,1400,0.47313955885384457,0.1253321326017289,0.15357142857142858,0.15357142857142855,0.0,0.0|0.045|0.245|0.265|0.0|0.0|0.52,0.1658555813274355,True
PARTIAL_FT,P3,S3,10,B,1,45,3e-05,0.0001,5,151579476,35,1400,0.4139764996907854,0.12577686763125553,0.15357142857142858,0.15357142857142855,0.0,0.0|0.045|0.245|0.265|0.0|0.0|0.52,0.042122787809443236,True
PARTIAL_FT,P3,S3,10,B,1,45,3e-05,0.0001,10,151579476,35,1400,0.47313955885384457,0.1255530242259075,0.15357142857142858,0.15357142857142855,0.0,0.0|0.045|0.245|0.265|0.0|0.0|0.52,0.08324670535837543,True
PARTIAL_FT,P3,S3,10,B,1,45,3e-05,0.0001,20,151579476,35,1400,0.47313955885384457,0.1253321326017289,0.15357142857142858,0.15357142857142855,0.0,0.0|0.045|0.245|0.265|0.0|0.0|0.52,0.1658555813274355,True
PARTIAL_FT,P3,S3,10,B,1,45,0.0001,0.0,5,1242541004,35,1400,0.47313955885384457,0.1253321326017289,0.15357142857142858,0.15357142857142855,0.0,0.0|0.045|0.245|0.265|0.0|0.0|0.52,0.12598689496306503,True
PARTIAL_FT,P3,S3,10,B,1,45,0.0001,0.0,10,1242541004,35,1400,0.47313955885384457,0.12678674457346528,0.15571428571428572,0.1557142857142857,0.0,0.0|0.045|0.245|0.265|0.0|0.0|0.535,0.24946300443146247,True
PARTIAL_FT,P3,S3,10,B,1,45,0.0001,0.0,20,1242541004,35,1400,0.49572808144236713,0.14645054456395237,0.185,0.185,0.0,0.0|0.045|0.245|0.265|0.0|0.0|0.74,0.48263879600601745,True
PARTIAL_FT,P3,S3,10,B,1,45,0.0001,0.0001,5,3991195067,35,1400,0.47313955885384457,0.1253321326017289,0.15357142857142858,0.15357142857142855,0.0,0.0|0.045|0.245|0.265|0.0|0.0|0.52,0.12598689496306503,True
PARTIAL_FT,P3,S3,10,B,1,45,0.0001,0.0001,10,3991195067,35,1400,0.47313955885384457,0.12678674457346528,0.15571428571428572,0.1557142857142857,0.0,0.0|0.045|0.245|0.265|0.0|0.0|0.535,0.24946300443146247,True
PARTIAL_FT,P3,S3,10,B,1,45,0.0001,0.0001,20,3991195067,35,1400,0.49572808144236713,0.14645054456395237,0.185,0.185,0.0,0.0|0.045|0.245|0.265|0.0|0.0|0.74,0.48263879600601745,True
PARTIAL_FT,P3,S3,10,B,1,45,0.0003,0.0,5,1558222078,35,1400,0.38956916099773237,0.13648196671893223,0.17857142857142858,0.17857142857142858,0.0,0.0|0.0|0.245|0.265|0.0|0.0|0.74,0.26487632929060223,True
PARTIAL_FT,P3,S3,10,B,1,45,0.0003,0.0,10,1558222078,35,1400,0.479633065347351,0.15085975745085975,0.185,0.185,0.0,0.0|0.045|0.245|0.265|0.0|0.0|0.74,0.48384948372125236,True
PARTIAL_FT,P3,S3,10,B,1,45,0.0003,0.0,20,1558222078,35,1400,0.5881261595547309,0.14645054456395237,0.185,0.185,0.0,0.0|0.045|0.245|0.265|0.0|0.0|0.74,0.8981011750810991,True
PARTIAL_FT,P3,S3,10,B,1,45,0.0003,0.0001,5,483972053,35,1400,0.38956916099773237,0.13648196671893223,0.17857142857142858,0.17857142857142858,0.0,0.0|0.0|0.245|0.265|0.0|0.0|0.74,0.26487621051348137,True
PARTIAL_FT,P3,S3,10,B,1,45,0.0003,0.0001,10,483972053,35,1400,0.479633065347351,0.15085975745085975,0.185,0.185,0.0,0.0|0.045|0.245|0.265|0.0|0.0|0.74,0.4838490886520358,True
PARTIAL_FT,P3,S3,10,B,1,45,0.0003,0.0001,20,483972053,35,1400,0.5881261595547309,0.14645054456395237,0.185,0.185,0.0,0.0|0.045|0.245|0.265|0.0|0.0|0.74,0.898099868990351,True
FULL_FT,P3,S3,10,B,1,45,1e-05,0.0,5,1901662754,35,1400,0.4139764996907854,0.12577686763125553,0.15357142857142858,0.15357142857142855,0.0,0.0|0.045|0.245|0.265|0.0|0.0|0.52,0.016486122376014826,True
FULL_FT,P3,S3,10,B,1,45,1e-05,0.0,10,1901662754,35,1400,0.4408163265306122,0.1255530242259075,0.15357142857142858,0.15357142857142855,0.0,0.0|0.045|0.245|0.265|0.0|0.0|0.52,0.03277893112357624,True
FULL_FT,P3,S3,10,B,1,45,1e-05,0.0,20,1901662754,35,1400,0.47313955885384457,0.12577686763125553,0.15357142857142858,0.15357142857142855,0.0,0.0|0.045|0.245|0.265|0.0|0.0|0.52,0.06615701794014453,True
FULL_FT,P3,S3,10,B,1,45,1e-05,0.0001,5,695184827,35,1400,0.4139764996907854,0.12577686763125553,0.15357142857142858,0.15357142857142855,0.0,0.0|0.045|0.245|0.265|0.0|0.0|0.52,0.016486122376014826,True
FULL_FT,P3,S3,10,B,1,45,1e-05,0.0001,10,695184827,35,1400,0.4408163265306122,0.1255530242259075,0.15357142857142858,0.15357142857142855,0.0,0.0|0.045|0.245|0.265|0.0|0.0|0.52,0.03277893112357624,True
FULL_FT,P3,S3,10,B,1,45,1e-05,0.0001,20,695184827,35,1400,0.47313955885384457,0.12577686763125553,0.15357142857142858,0.15357142857142855,0.0,0.0|0.045|0.245|0.265|0.0|0.0|0.52,0.06615701794014453,True
FULL_FT,P3,S3,10,B,1,45,3e-05,0.0,5,1536705287,35,1400,0.47313955885384457,0.1255530242259075,0.15357142857142858,0.15357142857142855,0.0,0.0|0.045|0.245|0.265|0.0|0.0|0.52,0.04489846748261457,True
FULL_FT,P3,S3,10,B,1,45,3e-05,0.0,10,1536705287,35,1400,0.47313955885384457,0.12577686763125553,0.15357142857142858,0.15357142857142855,0.0,0.0|0.045|0.245|0.265|0.0|0.0|0.52,0.09037209953619293,True
FULL_FT,P3,S3,10,B,1,45,3e-05,0.0,20,1536705287,35,1400,0.47313955885384457,0.13854457890977892,0.17285714285714285,0.17285714285714285,0.0,0.0|0.045|0.245|0.265|0.0|0.0|0.655,0.18054388034063656,True
FULL_FT,P3,S3,10,B,1,45,3e-05,0.0001,5,870159158,35,1400,0.47313955885384457,0.1255530242259075,0.15357142857142858,0.15357142857142855,0.0,0.0|0.045|0.245|0.265|0.0|0.0|0.52,0.04489846748261457,True
FULL_FT,P3,S3,10,B,1,45,3e-05,0.0001,10,870159158,35,1400,0.47313955885384457,0.12577686763125553,0.15357142857142858,0.15357142857142855,0.0,0.0|0.045|0.245|0.265|0.0|0.0|0.52,0.09037209953619293,True
FULL_FT,P3,S3,10,B,1,45,3e-05,0.0001,20,870159158,35,1400,0.47313955885384457,0.13854457890977892,0.17285714285714285,0.17285714285714285,0.0,0.0|0.045|0.245|0.265|0.0|0.0|0.655,0.18054388034063656,True
FULL_FT,P3,S3,10,B,1,45,0.0001,0.0,5,4071532022,35,1400,0.4408163265306122,0.12507515428115903,0.15357142857142858,0.15357142857142855,0.0,0.0|0.045|0.245|0.265|0.0|0.0|0.52,0.10504905775709399,True
FULL_FT,P3,S3,10,B,1,45,0.0001,0.0,10,4071532022,35,1400,0.5134920634920633,0.14068869138577306,0.16,0.16,0.0,0.0|0.045|0.245|0.265|0.045|0.0|0.52,0.19837433987680952,True
FULL_FT,P3,S3,10,B,1,45,0.0001,0.0,20,4071532022,35,1400,0.5295609152752011,0.1885728284994293,0.20714285714285716,0.20714285714285713,0.0,0.0|0.045|0.245|0.265|0.185|0.0|0.71,0.3814462698877234,True
FULL_FT,P3,S3,10,B,1,45,0.0001,0.0001,5,2957353683,35,1400,0.4408163265306122,0.12507515428115903,0.15357142857142858,0.15357142857142855,0.0,0.0|0.045|0.245|0.265|0.0|0.0|0.52,0.10504905775709399,True
FULL_FT,P3,S3,10,B,1,45,0.0001,0.0001,10,2957353683,35,1400,0.5134920634920633,0.14068869138577306,0.16,0.16,0.0,0.0|0.045|0.245|0.265|0.045|0.0|0.52,0.19837433987680952,True
FULL_FT,P3,S3,10,B,1,45,0.0001,0.0001,20,2957353683,35,1400,0.5295609152752011,0.1885728284994293,0.20714285714285716,0.20714285714285713,0.0,0.0|0.045|0.245|0.265|0.185|0.0|0.71,0.3814462698877234,True
FULL_FT,P3,S3,10,B,1,45,0.0003,0.0,5,2303025380,35,1400,0.3383838383838384,0.11861890890748783,0.11,0.10999999999999999,0.0,0.0|0.045|0.245|0.235|0.245|0.0|0.0,0.20453161741889073,True
FULL_FT,P3,S3,10,B,1,45,0.0003,0.0,10,2303025380,35,1400,0.5076163798852874,0.13528346056118754,0.17142857142857143,0.17142857142857143,0.0,0.0|0.065|0.245|0.63|0.0|0.0|0.26,0.31878393630003354,True
FULL_FT,P3,S3,10,B,1,45,0.0003,0.0,20,2303025380,35,1400,0.6844932844932844,0.16920336844308842,0.17642857142857143,0.1764285714285714,0.0,0.235|0.045|0.245|0.265|0.185|0.0|0.26,0.5441551026047304,True
FULL_FT,P3,S3,10,B,1,45,0.0003,0.0001,5,575939649,35,1400,0.3383838383838384,0.11861890890748783,0.11,0.10999999999999999,0.0,0.0|0.045|0.245|0.235|0.245|0.0|0.0,0.2045315771938635,True
FULL_FT,P3,S3,10,B,1,45,0.0003,0.0001,10,575939649,35,1400,0.5076163798852874,0.13528346056118754,0.17142857142857143,0.17142857142857143,0.0,0.0|0.065|0.245|0.63|0.0|0.0|0.26,0.31878327861139544,True
FULL_FT,P3,S3,10,B,1,45,0.0003,0.0001,20,575939649,35,1400,0.6844932844932844,0.16920336844308842,0.17642857142857143,0.1764285714285714,0.0,0.235|0.045|0.245|0.265|0.185|0.0|0.26,0.5441637941310655,True
PARTIAL_FT,P3,S3,10,B,1,46,1e-05,0.0,5,2193411078,35,1400,0.4812409812409813,0.1737811502880914,0.23142857142857143,0.23142857142857146,0.0,0.0|0.02|0.0|0.515|0.125|0.25|0.71,0.01527081579980219,True
PARTIAL_FT,P3,S3,10,B,1,46,1e-05,0.0,10,2193411078,35,1400,0.4812409812409813,0.1672779093031934,0.225,0.225,0.0,0.0|0.02|0.0|0.515|0.08|0.25|0.71,0.0299528813137995,True
PARTIAL_FT,P3,S3,10,B,1,46,1e-05,0.0,20,2193411078,35,1400,0.4812409812409813,0.1829573747159327,0.24,0.24,0.0,0.0|0.02|0.0|0.515|0.185|0.25|0.71,0.058830317194341515,True
PARTIAL_FT,P3,S3,10,B,1,46,1e-05,0.0001,5,850127467,35,1400,0.4812409812409813,0.1737811502880914,0.23142857142857143,0.23142857142857146,0.0,0.0|0.02|0.0|0.515|0.125|0.25|0.71,0.01527081579980219,True
PARTIAL_FT,P3,S3,10,B,1,46,1e-05,0.0001,10,850127467,35,1400,0.4812409812409813,0.1672779093031934,0.225,0.225,0.0,0.0|0.02|0.0|0.515|0.08|0.25|0.71,0.0299528813137995,True
PARTIAL_FT,P3,S3,10,B,1,46,1e-05,0.0001,20,850127467,35,1400,0.4812409812409813,0.1829573747159327,0.24,0.24,0.0,0.0|0.02|0.0|0.515|0.185|0.25|0.71,0.058830317194341515,True
PARTIAL_FT,P3,S3,10,B,1,46,3e-05,0.0,5,3080720137,35,1400,0.4587301587301587,0.16542834418171815,0.22285714285714286,0.22285714285714286,0.0,0.0|0.02|0.0|0.515|0.065|0.25|0.71,0.04398314981173733,True
PARTIAL_FT,P3,S3,10,B,1,46,3e-05,0.0,10,3080720137,35,1400,0.4812409812409813,0.1829573747159327,0.24,0.24,0.0,0.0|0.02|0.0|0.515|0.185|0.25|0.71,0.08652258287087722,True
PARTIAL_FT,P3,S3,10,B,1,46,3e-05,0.0,20,3080720137,35,1400,0.4812409812409813,0.1845237969386854,0.24,0.24,0.0,0.0|0.02|0.0|0.515|0.185|0.25|0.71,0.17107015931494907,True
PARTIAL_FT,P3,S3,10,B,1,46,3e-05,0.0001,5,4022125719,35,1400,0.4587301587301587,0.16542834418171815,0.22285714285714286,0.22285714285714286,0.0,0.0|0.02|0.0|0.515|0.065|0.25|0.71,0.04398314981173733,True
PARTIAL_FT,P3,S3,10,B,1,46,3e-05,0.0001,10,4022125719,35,1400,0.4812409812409813,0.1829573747159327,0.24,0.24,0.0,0.0|0.02|0.0|0.515|0.185|0.25|0.71,0.08652258287087722,True
PARTIAL_FT,P3,S3,10,B,1,46,3e-05,0.0001,20,4022125719,35,1400,0.4812409812409813,0.1845237969386854,0.24,0.24,0.0,0.0|0.02|0.0|0.515|0.185|0.25|0.71,0.17107015931494907,True
PARTIAL_FT,P3,S3,10,B,1,46,0.0001,0.0,5,6279336,35,1400,0.4812409812409813,0.1829573747159327,0.24,0.24,0.0,0.0|0.02|0.0|0.515|0.185|0.25|0.71,0.13578727494585982,True
PARTIAL_FT,P3,S3,10,B,1,46,0.0001,0.0,10,6279336,35,1400,0.5145743145743145,0.18676956704159833,0.24,0.24,0.0,0.0|0.02|0.0|0.515|0.185|0.25|0.71,0.2674943376622774,True
PARTIAL_FT,P3,S3,10,B,1,46,0.0001,0.0,20,6279336,35,1400,0.5145743145743145,0.18676956704159833,0.24,0.24,0.0,0.0|0.02|0.0|0.515|0.185|0.25|0.71,0.5192240832362259,True
PARTIAL_FT,P3,S3,10,B,1,46,0.0001,0.0001,5,4006910379,35,1400,0.4812409812409813,0.1829573747159327,0.24,0.24,0.0,0.0|0.02|0.0|0.515|0.185|0.25|0.71,0.13578727494585982,True
PARTIAL_FT,P3,S3,10,B,1,46,0.0001,0.0001,10,4006910379,35,1400,0.5145743145743145,0.18676956704159833,0.24,0.24,0.0,0.0|0.02|0.0|0.515|0.185|0.25|0.71,0.2674943376622774,True
PARTIAL_FT,P3,S3,10,B,1,46,0.0001,0.0001,20,4006910379,35,1400,0.5145743145743145,0.18676956704159833,0.24,0.24,0.0,0.0|0.02|0.0|0.515|0.185|0.25|0.71,0.5192240832362259,True
PARTIAL_FT,P3,S3,10,B,1,46,0.0003,0.0,5,3584567720,35,1400,0.4756132756132757,0.14967467006179974,0.215,0.215,0.0,0.0|0.0|0.0|0.515|0.0|0.25|0.74,0.3246902445123434,True
PARTIAL_FT,P3,S3,10,B,1,46,0.0003,0.0,10,3584567720,35,1400,0.5405483405483404,0.20439937613499218,0.2357142857142857,0.2357142857142857,0.0,0.205|0.0|0.0|0.515|0.185|0.25|0.495,0.6098116055082369,True
PARTIAL_FT,P3,S3,10,B,1,46,0.0003,0.0,20,3584567720,35,1400,0.6577922077922078,0.20739462011881935,0.24,0.24000000000000002,0.0,0.235|0.0|0.0|0.515|0.185|0.25|0.495,1.1416383496492968,True
PARTIAL_FT,P3,S3,10,B,1,46,0.0003,0.0001,5,237394551,35,1400,0.4756132756132757,0.14967467006179974,0.215,0.215,0.0,0.0|0.0|0.0|0.515|0.0|0.25|0.74,0.32469000285446353,True
PARTIAL_FT,P3,S3,10,B,1,46,0.0003,0.0001,10,237394551,35,1400,0.5405483405483404,0.20439937613499218,0.2357142857142857,0.2357142857142857,0.0,0.205|0.0|0.0|0.515|0.185|0.25|0.495,0.6098109059410465,True
PARTIAL_FT,P3,S3,10,B,1,46,0.0003,0.0001,20,237394551,35,1400,0.6577922077922078,0.20739462011881935,0.24,0.24000000000000002,0.0,0.235|0.0|0.0|0.515|0.185|0.25|0.495,1.1416408815131058,True
FULL_FT,P3,S3,10,B,1,46,1e-05,0.0,5,3906002086,35,1400,0.4812409812409813,0.16962542776080075,0.22714285714285715,0.22714285714285712,0.0,0.0|0.02|0.0|0.515|0.095|0.25|0.71,0.017555223311009484,True
FULL_FT,P3,S3,10,B,1,46,1e-05,0.0,10,3906002086,35,1400,0.4812409812409813,0.1829573747159327,0.24,0.24,0.0,0.0|0.02|0.0|0.515|0.185|0.25|0.71,0.03476688124720211,True
FULL_FT,P3,S3,10,B,1,46,1e-05,0.0,20,3906002086,35,1400,0.4812409812409813,0.1834429947065032,0.24,0.24,0.0,0.0|0.02|0.0|0.515|0.185|0.25|0.71,0.06917087238103954,True
FULL_FT,P3,S3,10,B,1,46,1e-05,0.0001,5,1650553732,35,1400,0.4812409812409813,0.16962542776080075,0.22714285714285715,0.22714285714285712,0.0,0.0|0.02|0.0|0.515|0.095|0.25|0.71,0.017555223311009484,True
FULL_FT,P3,S3,10,B,1,46,1e-05,0.0001,10,1650553732,35,1400,0.4812409812409813,0.1829573747159327,0.24,0.24,0.0,0.0|0.02|0.0|0.515|0.185|0.25|0.71,0.03476688124720211,True
FULL_FT,P3,S3,10,B,1,46,1e-05,0.0001,20,1650553732,35,1400,0.4812409812409813,0.1834429947065032,0.24,0.24,0.0,0.0|0.02|0.0|0.515|0.185|0.25|0.71,0.06917087238103954,True
FULL_FT,P3,S3,10,B,1,46,3e-05,0.0,5,2521842491,35,1400,0.4812409812409813,0.1829573747159327,0.24,0.24,0.0,0.0|0.02|0.0|0.515|0.185|0.25|0.71,0.049429603074972045,True
FULL_FT,P3,S3,10,B,1,46,3e-05,0.0,10,2521842491,35,1400,0.4812409812409813,0.18393842520193365,0.24,0.24,0.0,0.0|0.02|0.0|0.515|0.185|0.25|0.71,0.09825911663588725,True
FULL_FT,P3,S3,10,B,1,46,3e-05,0.0,20,2521842491,35,1400,0.5145743145743145,0.1866663728677144,0.24,0.24,0.0,0.0|0.02|0.0|0.515|0.185|0.25|0.71,0.1943647092199169,True
FULL_FT,P3,S3,10,B,1,46,3e-05,0.0001,5,4204825774,35,1400,0.4812409812409813,0.1829573747159327,0.24,0.24,0.0,0.0|0.02|0.0|0.515|0.185|0.25|0.71,0.049429603074972045,True
FULL_FT,P3,S3,10,B,1,46,3e-05,0.0001,10,4204825774,35,1400,0.4812409812409813,0.18393842520193365,0.24,0.24,0.0,0.0|0.02|0.0|0.515|0.185|0.25|0.71,0.09825911663588725,True
FULL_FT,P3,S3,10,B,1,46,3e-05,0.0001,20,4204825774,35,1400,0.5145743145743145,0.1866663728677144,0.24,0.24,0.0,0.0|0.02|0.0|0.515|0.185|0.25|0.71,0.1943647092199169,True
FULL_FT,P3,S3,10,B,1,46,0.0001,0.0,5,2152273063,35,1400,0.3967532467532468,0.20013003359825238,0.24285714285714285,0.24285714285714285,0.0,0.235|0.0|0.0|0.515|0.005|0.205|0.74,0.1280686955890584,True
FULL_FT,P3,S3,10,B,1,46,0.0001,0.0,10,2152273063,35,1400,0.5145743145743145,0.18643138234427292,0.24,0.24,0.0,0.0|0.02|0.0|0.515|0.185|0.25|0.71,0.24549173779629022,True
FULL_FT,P3,S3,10,B,1,46,0.0001,0.0,20,2152273063,35,1400,0.5959595959595959,0.20820755961816445,0.24,0.24000000000000002,0.0,0.235|0.0|0.0|0.515|0.185|0.25|0.495,0.47723628615223646,True
FULL_FT,P3,S3,10,B,1,46,0.0001,0.0001,5,569132459,35,1400,0.3967532467532468,0.20013003359825238,0.24285714285714285,0.24285714285714285,0.0,0.235|0.0|0.0|0.515|0.005|0.205|0.74,0.1280686955890584,True
FULL_FT,P3,S3,10,B,1,46,0.0001,0.0001,10,569132459,35,1400,0.5145743145743145,0.18643138234427292,0.24,0.24,0.0,0.0|0.02|0.0|0.515|0.185|0.25|0.71,0.24549173779629022,True
FULL_FT,P3,S3,10,B,1,46,0.0001,0.0001,20,569132459,35,1400,0.5959595959595959,0.20820755961816445,0.24,0.24000000000000002,0.0,0.235|0.0|0.0|0.515|0.185|0.25|0.495,0.47723628615223646,True
FULL_FT,P3,S3,10,B,1,46,0.0003,0.0,5,382288801,35,1400,0.3185984650270365,0.1292746165086438,0.17642857142857143,0.1764285714285714,0.0,0.0|0.0|0.245|0.25|0.0|0.0|0.74,0.25067568087044706,True
FULL_FT,P3,S3,10,B,1,46,0.0003,0.0,10,382288801,35,1400,0.5405483405483404,0.2082177567178054,0.24,0.24000000000000002,0.0,0.235|0.0|0.0|0.515|0.185|0.25|0.495,0.4210569179621227,True
FULL_FT,P3,S3,10,B,1,46,0.0003,0.0,20,382288801,35,1400,0.5976911976911977,0.15417438309780246,0.19214285714285714,0.19214285714285717,0.0,0.235|0.0|0.0|0.265|0.185|0.0|0.66,0.7703898812802605,True
FULL_FT,P3,S3,10,B,1,46,0.0003,0.0001,5,3682258156,35,1400,0.3185984650270365,0.1292746165086438,0.17642857142857143,0.1764285714285714,0.0,0.0|0.0|0.245|0.25|0.0|0.0|0.74,0.25067550064633776,True
FULL_FT,P3,S3,10,B,1,46,0.0003,0.0001,10,3682258156,35,1400,0.5405483405483404,0.2082177567178054,0.24,0.24000000000000002,0.0,0.235|0.0|0.0|0.515|0.185|0.25|0.495,0.42105633700061057,True
FULL_FT,P3,S3,10,B,1,46,0.0003,0.0001,20,3682258156,35,1400,0.5976911976911977,0.15417438309780246,0.19214285714285714,0.19214285714285717,0.0,0.235|0.0|0.0|0.265|0.185|0.0|0.66,0.7703822732243087,True
