method,budget,source_seed,support_seed,accuracy,macro_f1,balanced_accuracy,worst_class_f1,prediction_sha256
FROZEN_C1_SOURCE_ANCHORED_LINEAR_SOFTMAX,7,42,104729,0.16507936507936508,0.17228199917628015,0.16507936507936508,0.017654476670870115,4459e5362656a3a0576ce9c51688fa3096aabf77f33c8e3e6ac6a13c78ff99a5
FROZEN_C1_SOURCE_ANCHORED_LINEAR_SOFTMAX,7,42,130363,0.17904761904761904,0.1694525468820982,0.17904761904761904,0.013769363166953529,75facd6cf4b1154b2acdda093b829ddf9e591c58d9aa551749f0edbd9556c400
FROZEN_C1_SOURCE_ANCHORED_LINEAR_SOFTMAX,7,42,155921,0.19873015873015873,0.19083224224216339,0.19873015873015873,0.030706243602865915,b68617400fb4f3ff235ab3edebbd9e3f8cdb3acbd8929c735f4c407744f7df06
FROZEN_C1_SOURCE_ANCHORED_LINEAR_SOFTMAX,7,42,181081,0.09428571428571429,0.09662362988186295,0.09428571428571428,0.0,5eafbb7cf76b6c846025cd11275d63e09ff5d269f34e3f49981d522c6faebfe4
FROZEN_C1_SOURCE_ANCHORED_LINEAR_SOFTMAX,7,42,205439,0.16063492063492063,0.157604002725751,0.16063492063492066,0.0,89e56911cc49415a322451f162383eb39510880d18aa0f088f75d412e31de36e
FROZEN_C1_SOURCE_ANCHORED_LINEAR_SOFTMAX,7,42,230003,0.11047619047619048,0.09571798314089516,0.11047619047619048,0.0,308a96ed72040754fc98313c081e39d7ba9fef4adcaa196974b2d4a94cc9a76f
FROZEN_C1_SOURCE_ANCHORED_LINEAR_SOFTMAX,7,42,254959,0.15047619047619049,0.1315465215762072,0.15047619047619049,0.0,6a5ab746f34dbfd82131236e4bae40b0ad122fc4f5b5e6be52df718eaccadb60
FROZEN_C1_SOURCE_ANCHORED_LINEAR_SOFTMAX,7,42,280001,0.09714285714285714,0.0978791435936266,0.09714285714285713,0.0,b60f40a13ce3777d914cf48f289f2e4847d9af12fa52b022bc812b433af84565
FROZEN_C1_SOURCE_ANCHORED_LINEAR_SOFTMAX,7,42,305093,0.19206349206349208,0.1983093670460613,0.19206349206349208,0.12079207920792079,d37333442555416428af9ea119211b9d607300d42ed42978488a80cbfaf0c344
FROZEN_C1_SOURCE_ANCHORED_LINEAR_SOFTMAX,7,42,330017,0.17904761904761904,0.18941301201012864,0.17904761904761907,0.05247376311844078,890d8d2b37cf4d09e328ce34967888619bf96078d595007d94aefbbeceec7048
FROZEN_C1_SOURCE_ANCHORED_LINEAR_SOFTMAX,7,42,355031,0.17777777777777778,0.1791278657228334,0.17777777777777778,0.026402640264026403,2f95ae2b9ddbd8c3893bb4fcb8547615da3996b4f39dd4a8303656473e9b19d6
FROZEN_C1_SOURCE_ANCHORED_LINEAR_SOFTMAX,7,42,380041,0.1292063492063492,0.12217867202452042,0.12920634920634919,0.00641025641025641,1d434b4f28f0a64903f004b2ff9e59898196d22434e11bcfd8d2cefcd132247b
FROZEN_C1_SOURCE_ANCHORED_LINEAR_SOFTMAX,7,42,405019,0.12507936507936507,0.11378868786091008,0.12507936507936507,0.0,364d4faad3cf9db2900cfa5bf1f1ff96e0757aa0407b302d0a4d097c10263603
FROZEN_C1_SOURCE_ANCHORED_LINEAR_SOFTMAX,7,42,430007,0.20539682539682538,0.2029691631028548,0.2053968253968254,0.0,c98ae88981deaedb863dbb9c7200173ee6ea6145abbc0d48957d90c333b8ce01
FROZEN_C1_SOURCE_ANCHORED_LINEAR_SOFTMAX,7,42,455003,0.14793650793650795,0.15045273172327983,0.14793650793650795,0.0,3684980443f4a10662893b3ee563db1779b8985be1cc59d3e7020aa430ca685d
FROZEN_C1_SOURCE_ANCHORED_LINEAR_SOFTMAX,7,42,480017,0.10952380952380952,0.10473492121773025,0.10952380952380955,0.004338394793926247,1ceda8fd0723c5f38029124198cd15adafef991abf2a44be558c4f527502054d
FROZEN_C1_SOURCE_ANCHORED_LINEAR_SOFTMAX,7,42,505027,0.12698412698412698,0.1298671021047685,0.12698412698412698,0.0,e8ac32bec1a75e1d2b85d1ac807520e6ae4d06b435504da92a1e42cc0448e2cc
FROZEN_C1_SOURCE_ANCHORED_LINEAR_SOFTMAX,7,42,530017,0.20603174603174604,0.20277092592400955,0.206031746031746,0.027586206896551724,c63b6d265e38d39458fba0d3f06d9f5bb90f61fdbd77612c996d15b88de44837
FROZEN_C1_SOURCE_ANCHORED_LINEAR_SOFTMAX,7,42,555029,0.0838095238095238,0.07691627118843491,0.0838095238095238,0.0,b11eea1a0b355894277a431af41c77767ec5aed93a1282e8a65dec5ba863946e
FROZEN_C1_SOURCE_ANCHORED_LINEAR_SOFTMAX,7,42,580031,0.173015873015873,0.17957973279067696,0.17301587301587304,0.017587939698492462,7fe5e4064fd3613e4b455b698a832b84686109a0b7b5710211b635b7050173ff
FROZEN_C1_SOURCE_ANCHORED_LINEAR_SOFTMAX,7,43,104729,0.12253968253968255,0.12125127019779283,0.12253968253968255,0.009868421052631578,6d8efcb9579bfffed4a993f9d5004db81e403db8e75361dc993c2ad65d9cd2ce
FROZEN_C1_SOURCE_ANCHORED_LINEAR_SOFTMAX,7,43,130363,0.1673015873015873,0.15221514522305862,0.16730158730158728,0.0,5fbf8b7563effe5ef3525ea75d6752f0feffd4443c861d195b2a7539dba59d3b
FROZEN_C1_SOURCE_ANCHORED_LINEAR_SOFTMAX,7,43,155921,0.15047619047619049,0.13298167614170742,0.15047619047619046,0.0,6a40d828ba78e08783c57b76072b996c27db8cd24342435f41f184690bd57c80
FROZEN_C1_SOURCE_ANCHORED_LINEAR_SOFTMAX,7,43,181081,0.11841269841269841,0.1017417813404787,0.1184126984126984,0.0,9fb880428c8b2b7f49b6c69c52d951d027deb700b155acacdae33779d39737db
FROZEN_C1_SOURCE_ANCHORED_LINEAR_SOFTMAX,7,43,205439,0.1403174603174603,0.1353161386143508,0.1403174603174603,0.0891304347826087,8d728ea1fece381dc314d13a04771762137253ead6073288384087bcf283f990
FROZEN_C1_SOURCE_ANCHORED_LINEAR_SOFTMAX,7,43,230003,0.16317460317460317,0.13885561071578265,0.16317460317460317,0.0,f30dbcfb9152d7bfb7dddc3b54ff70b604fcf8620f79b7772c57b63014980154
FROZEN_C1_SOURCE_ANCHORED_LINEAR_SOFTMAX,7,43,254959,0.13047619047619047,0.11160690065122049,0.13047619047619047,0.0,e46558da0f6969e1fe2832bdc554ade6b848e5a224b31b34c7d7e32f2cbf3832
FROZEN_C1_SOURCE_ANCHORED_LINEAR_SOFTMAX,7,43,280001,0.11365079365079366,0.09429110521969997,0.11365079365079366,0.0,757d7e112815c96a32f22bacf47b8fd68f3cd8d73535c682896861e001847041
FROZEN_C1_SOURCE_ANCHORED_LINEAR_SOFTMAX,7,43,305093,0.1288888888888889,0.11026322914675224,0.1288888888888889,0.0,75eb15d03d37abc4388997acc62dec99056c492471f4d53e6d77c624df582585
FROZEN_C1_SOURCE_ANCHORED_LINEAR_SOFTMAX,7,43,330017,0.11365079365079366,0.1017276092291401,0.11365079365079366,0.0,3076e553980ab8c93c3cb5a66726e1b90fef6afe79fe576b0838662ca596b179
FROZEN_C1_SOURCE_ANCHORED_LINEAR_SOFTMAX,7,43,355031,0.10253968253968254,0.09774038213012327,0.10253968253968256,0.010186757215619695,985a8a40812b31619c499aa09c24417ab39ed4ce168035f9536c4d9b44e08f0d
FROZEN_C1_SOURCE_ANCHORED_LINEAR_SOFTMAX,7,43,380041,0.16126984126984126,0.16155087334389714,0.16126984126984126,0.10515247108307045,b31ff3f4b727bd7593e18abc17bb1e3159a1a5d288181834ea32ca6fd4a93d77
FROZEN_C1_SOURCE_ANCHORED_LINEAR_SOFTMAX,7,43,405019,0.17396825396825397,0.16831901727077672,0.17396825396825397,0.0,ccbc7ed7dacdcec728b778be7d6b94c6cd19af76eb2b6281932a98780e75c9f0
FROZEN_C1_SOURCE_ANCHORED_LINEAR_SOFTMAX,7,43,430007,0.12857142857142856,0.11672268316589443,0.1285714285714286,0.0,ca934548f8b534ee0ce8b59d2792ba71558f31ebb43389869d3b30e558a1ff5c
FROZEN_C1_SOURCE_ANCHORED_LINEAR_SOFTMAX,7,43,455003,0.12793650793650793,0.10785301020132713,0.12793650793650793,0.0,0a875b9f79a4ac879acb32b8545127184df7a2e6d569202c9ff90f8e580ec7fc
FROZEN_C1_SOURCE_ANCHORED_LINEAR_SOFTMAX,7,43,480017,0.10888888888888888,0.0832633573775551,0.1088888888888889,0.0,af23e1909d5d1dc34dd412c821fa863d13ec7c6081809fbdfcb8906d24beffd6
FROZEN_C1_SOURCE_ANCHORED_LINEAR_SOFTMAX,7,43,505027,0.13015873015873017,0.10089449934313101,0.13015873015873017,0.0,66a07e67f9bfdbfb677148e04f5b82f89b535c765522ac52a120372328cd98b6
FROZEN_C1_SOURCE_ANCHORED_LINEAR_SOFTMAX,7,43,530017,0.13968253968253969,0.11807745575867369,0.13968253968253969,0.0,d216870ab83399ba7968e1519e99fa62326fc560233532630ada2cce753a5204
FROZEN_C1_SOURCE_ANCHORED_LINEAR_SOFTMAX,7,43,555029,0.14984126984126983,0.147432052099193,0.14984126984126983,0.0,679e8fe0eddc7fdfd74fbd44b0d1125f360415d2a7b9363908af1260237361b1
FROZEN_C1_SOURCE_ANCHORED_LINEAR_SOFTMAX,7,43,580031,0.1292063492063492,0.1279680928824377,0.1292063492063492,0.008559201141226819,9d6c1772118d6a3530fa8434d5a4cb69cb2cdec76ae711d09bb00031bc392088
FROZEN_C1_SOURCE_ANCHORED_LINEAR_SOFTMAX,7,44,104729,0.11619047619047619,0.10627916063368799,0.11619047619047619,0.0,1735b58f95f92954c4ff73f3476231f9f86a928bf862ccb196bb25b67623b100
FROZEN_C1_SOURCE_ANCHORED_LINEAR_SOFTMAX,7,44,130363,0.13904761904761906,0.12516501894884463,0.13904761904761906,0.0,f0c1e8910c1f4c470e2d7e7dd0b0026ebca8ad5345312f8d941f6f9e0fbfe7cf
FROZEN_C1_SOURCE_ANCHORED_LINEAR_SOFTMAX,7,44,155921,0.15714285714285714,0.15791139465821574,0.1571428571428571,0.0,80ea144c53a12b9688042e2cae3ead6db9398297cd0cca1b8f3551b88b944d77
FROZEN_C1_SOURCE_ANCHORED_LINEAR_SOFTMAX,7,44,181081,0.1692063492063492,0.15387336759453968,0.1692063492063492,0.0,50c4a03c539fe44152dbe7a92dfddfecbaa4933e138daad03ed2377340c96921
FROZEN_C1_SOURCE_ANCHORED_LINEAR_SOFTMAX,7,44,205439,0.11841269841269841,0.11884592643045708,0.11841269841269841,0.03374233128834356,bc2921dabb8fe07e1b756436c035e420765054119a949d6956c1ab845920fc6a
FROZEN_C1_SOURCE_ANCHORED_LINEAR_SOFTMAX,7,44,230003,0.14539682539682539,0.14126795692210045,0.1453968253968254,0.0,be04732929cca2e3d7bc94a25ab5f45163ebdbcd59e2ba2e28626fe3039401be
FROZEN_C1_SOURCE_ANCHORED_LINEAR_SOFTMAX,7,44,254959,0.14126984126984127,0.13813935712828365,0.14126984126984127,0.002466091245376079,df62f785b4c877a53148230b0c76b45da5b0c7c7a3a2c059b0b0637fd7d049c8
FROZEN_C1_SOURCE_ANCHORED_LINEAR_SOFTMAX,7,44,280001,0.14253968253968255,0.12046392242802004,0.14253968253968255,0.0,4000e666f282bda30f785c722e1890dfa054f734ef21fee29cfca7ef40b494db
FROZEN_C1_SOURCE_ANCHORED_LINEAR_SOFTMAX,7,44,305093,0.12,0.10899149591948314,0.12,0.0,4e94e77dde111a2a9ea480c8bb45b982c9a9f5f5a1aad82f9d31d14dba8aa26e
FROZEN_C1_SOURCE_ANCHORED_LINEAR_SOFTMAX,7,44,330017,0.11460317460317461,0.11841895327223446,0.1146031746031746,0.007692307692307693,a2c72c3c26c858ea0f03a64625c1b9a432d2233d18a1c700c9008a8c1c75d60c
FROZEN_C1_SOURCE_ANCHORED_LINEAR_SOFTMAX,7,44,355031,0.15523809523809523,0.15793876508645208,0.15523809523809523,0.0064034151547491995,f791fa01e37b98adf5eb83c9ae4e37a8c74efa6f403a4081fb8b7d1783f38dee
FROZEN_C1_SOURCE_ANCHORED_LINEAR_SOFTMAX,7,44,380041,0.13746031746031745,0.12246762743372672,0.13746031746031745,0.007237635705669481,e106b21c9db05634a5f2fb2797989278084f3cb2ee8b905ac837d684895b05ac
FROZEN_C1_SOURCE_ANCHORED_LINEAR_SOFTMAX,7,44,405019,0.11873015873015873,0.10880284153542921,0.11873015873015873,0.0,01462889328b138e9a86c754db8ade64f88b6a08466ef0133c88202daddecda9
FROZEN_C1_SOURCE_ANCHORED_LINEAR_SOFTMAX,7,44,430007,0.18063492063492065,0.16667985624964352,0.18063492063492065,0.0,ebcc9b38f43be40b3d27b9900a20c7997967f69ffee7769719177e3e8b7ba527
FROZEN_C1_SOURCE_ANCHORED_LINEAR_SOFTMAX,7,44,455003,0.09650793650793651,0.0931261939969076,0.0965079365079365,0.0,eea3a6650164c863432feb31f53976865dc5a2d777829ecb750f6a9331386c93
FROZEN_C1_SOURCE_ANCHORED_LINEAR_SOFTMAX,7,44,480017,0.08190476190476191,0.08281173009502318,0.0819047619047619,0.0,9b44a96994618093ee63e7ba209f0a1b3434db16af2b1db50912db6c3b4cefac
FROZEN_C1_SOURCE_ANCHORED_LINEAR_SOFTMAX,7,44,505027,0.1111111111111111,0.1106876667853396,0.11111111111111113,0.0,9dae0f0287f022ff11bf419a0864d2f6e6206369bebe77dfe9de4fda68be630c
FROZEN_C1_SOURCE_ANCHORED_LINEAR_SOFTMAX,7,44,530017,0.1692063492063492,0.15994556662658851,0.1692063492063492,0.0,202d15ae7020bc37b6b943325d31e34a5f858398209cf0e6effafd0b9e2f49be
FROZEN_C1_SOURCE_ANCHORED_LINEAR_SOFTMAX,7,44,555029,0.09682539682539683,0.09296925986424107,0.09682539682539681,0.0,052a7a13d959bfee70b3f237bae7a54a13d235ed8d50101b2399ca18753174cf
FROZEN_C1_SOURCE_ANCHORED_LINEAR_SOFTMAX,7,44,580031,0.11523809523809524,0.1051125875584222,0.11523809523809524,0.0,1ae3d57e9b1e9c601c591b46966b0acf1c4ed08e62975db968e427895c869160
FROZEN_C1_SOURCE_ANCHORED_LINEAR_SOFTMAX,7,45,104729,0.12380952380952381,0.1161649550255738,0.12380952380952381,0.0,f8b68457da95b692eb691ca024b5f3d44fd8b5d138f3fb1c2f35e6642aad0b95
FROZEN_C1_SOURCE_ANCHORED_LINEAR_SOFTMAX,7,45,130363,0.12380952380952381,0.11082597091750275,0.1238095238095238,0.0,53cfcf0c447444bd9d5cb5fef87d8eebce0262ae18c2e7df42052df18b3c068a
FROZEN_C1_SOURCE_ANCHORED_LINEAR_SOFTMAX,7,45,155921,0.11492063492063492,0.11458029739349983,0.11492063492063494,0.016203703703703703,ae46ab2ab14ebe856d158e28bd2dd72538d72af60dffb84dacf5ab4ac6aac9f7
FROZEN_C1_SOURCE_ANCHORED_LINEAR_SOFTMAX,7,45,181081,0.09365079365079365,0.09139213805736267,0.09365079365079365,0.0,4ed0604e9a0e22381f41ef9c309a4146b2a00b4e6221eca0c87d11f6cd515c9c
FROZEN_C1_SOURCE_ANCHORED_LINEAR_SOFTMAX,7,45,205439,0.09936507936507936,0.09102177008069054,0.09936507936507939,0.0,37b6d994fb787ca3ab282af1e7e544b5ed653f74548eb934f025480785b6414c
FROZEN_C1_SOURCE_ANCHORED_LINEAR_SOFTMAX,7,45,230003,0.1126984126984127,0.09732459390978712,0.11269841269841271,0.0,8ebea4af21e7bc9de0e1132538afd9d545b98018f044917e7226322c54dc707d
FROZEN_C1_SOURCE_ANCHORED_LINEAR_SOFTMAX,7,45,254959,0.10285714285714286,0.1015118907969297,0.10285714285714286,0.0,684dce3fe7aaf5d57ffbc350ecbb90d122408397a9468840b6fb2905562b2e59
FROZEN_C1_SOURCE_ANCHORED_LINEAR_SOFTMAX,7,45,280001,0.10666666666666667,0.11441888795018203,0.10666666666666669,0.0,694fe66edb77f879e1025e708777293d503959cf451f9f85f3ffcf665314a7be
FROZEN_C1_SOURCE_ANCHORED_LINEAR_SOFTMAX,7,45,305093,0.1307936507936508,0.1197935082480065,0.1307936507936508,0.0,d510e6f92e1fa1eb4ff7c9ea8adfdad6686c1029b7e668907b389d331d50d168
FROZEN_C1_SOURCE_ANCHORED_LINEAR_SOFTMAX,7,45,330017,0.08888888888888889,0.08414153713053585,0.08888888888888889,0.0,37ea07272deec4dd5cd4cc0fbe2ca45a5ec4d0e02fdd67dfa576bdd2ceed98ed
FROZEN_C1_SOURCE_ANCHORED_LINEAR_SOFTMAX,7,45,355031,0.0838095238095238,0.08022507104452128,0.0838095238095238,0.0,66a898e35263265652d57d1080e227073878d053890dade2491c74feba5fa5d1
FROZEN_C1_SOURCE_ANCHORED_LINEAR_SOFTMAX,7,45,380041,0.12222222222222222,0.1172494800583237,0.12222222222222222,0.005314437555358724,1c4ef26b7e2d17ce3a72bc70e029f25e9fec0f14137a1f722c885109eade6225
FROZEN_C1_SOURCE_ANCHORED_LINEAR_SOFTMAX,7,45,405019,0.12253968253968255,0.12585693247900004,0.12253968253968253,0.0,14fe7a05473af627dc423e2bd37ebaa434e2735ef8286614396c4ad9b6c87a2a
FROZEN_C1_SOURCE_ANCHORED_LINEAR_SOFTMAX,7,45,430007,0.10793650793650794,0.10437531548607427,0.10793650793650793,0.0,72a16889803b0c76a1ce54f3ed9702c28c3ec7c8165e337807854392c89b3f04
FROZEN_C1_SOURCE_ANCHORED_LINEAR_SOFTMAX,7,45,455003,0.10888888888888888,0.10511099151377534,0.10888888888888888,0.0,5a5ad710c3b65f00603768ccbd70769351ceda82a5c6d3fd02b5c74c1dae596f
FROZEN_C1_SOURCE_ANCHORED_LINEAR_SOFTMAX,7,45,480017,0.11492063492063492,0.1108463951557828,0.11492063492063494,0.0,e7e2e904fb9c48b15ac65a3cd8fd6ef6513fa310af39aacaff0e22ba4187168f
FROZEN_C1_SOURCE_ANCHORED_LINEAR_SOFTMAX,7,45,505027,0.09492063492063492,0.08931381236225204,0.09492063492063492,0.0,995449f420c693da5e72d915116345d33ca91ca8344f693c491f43bd8e1cdaa3
FROZEN_C1_SOURCE_ANCHORED_LINEAR_SOFTMAX,7,45,530017,0.12761904761904763,0.12094765625434024,0.1276190476190476,0.008781558726673985,95dfa012ef0c58651158b4e2dcee4a1427e3c93bc44effdedb132a8aeeeee665
FROZEN_C1_SOURCE_ANCHORED_LINEAR_SOFTMAX,7,45,555029,0.14761904761904762,0.1655419288168684,0.1476190476190476,0.011191047162270184,f68d9d6ef9dfc2494d1a349a91bcddc81826a9dc173042a25d8b1f056665b52e
FROZEN_C1_SOURCE_ANCHORED_LINEAR_SOFTMAX,7,45,580031,0.12476190476190477,0.11705090376316596,0.12476190476190475,0.0,d386b6b79301ac04f1c32fc44ecbd78323d1c87c769b87bc1926c4b0ce851887
FROZEN_C1_SOURCE_ANCHORED_LINEAR_SOFTMAX,7,46,104729,0.13015873015873017,0.10657488005961167,0.13015873015873017,0.0,919218ff9455722220561891cfa27b39aa927ea86fb46fc606d1143e4fbfe0d9
FROZEN_C1_SOURCE_ANCHORED_LINEAR_SOFTMAX,7,46,130363,0.12603174603174602,0.11457490980985198,0.12603174603174602,0.0,b641d61510de1c45cdcfefc7d1954ebdb53c10fca72e63c05d5385477ca655ca
FROZEN_C1_SOURCE_ANCHORED_LINEAR_SOFTMAX,7,46,155921,0.18761904761904763,0.1952055433314523,0.18761904761904763,0.002699055330634278,717c824ada0b4d4659f4a947c54ccf932787870d8e5b37d860cdb628878175fb
FROZEN_C1_SOURCE_ANCHORED_LINEAR_SOFTMAX,7,46,181081,0.18412698412698414,0.1807888897879716,0.1841269841269841,0.0,344af50cc35166f108bdbb06547725721d5c94945007e009de82bf87a051bb43
FROZEN_C1_SOURCE_ANCHORED_LINEAR_SOFTMAX,7,46,205439,0.13714285714285715,0.13291426873871437,0.13714285714285715,0.0,17afdeecb035b4401209a6c5f59247383f70900abaab3b33f989a3eb2aa89be1
FROZEN_C1_SOURCE_ANCHORED_LINEAR_SOFTMAX,7,46,230003,0.19111111111111112,0.19263994859534045,0.1911111111111111,0.0,f0df4867fc2dcf992f439db94e94903545b4b6d22ee3bea1436170181b9c396e
FROZEN_C1_SOURCE_ANCHORED_LINEAR_SOFTMAX,7,46,254959,0.1546031746031746,0.1467777300326408,0.1546031746031746,0.007017543859649123,ca132e0bb02daa600a2569e10eecdd4639b2e2f992a553f0a303ea5cca7fc8ba
FROZEN_C1_SOURCE_ANCHORED_LINEAR_SOFTMAX,7,46,280001,0.18317460317460318,0.16263898493585155,0.18317460317460318,0.0,3f06bc4b4b09c89ea12ffe53808c7efd8fc89b4020da0cca3e82a6af3048393b
FROZEN_C1_SOURCE_ANCHORED_LINEAR_SOFTMAX,7,46,305093,0.12349206349206349,0.12584198432208443,0.12349206349206347,0.0,5a358afb41017e43f0c551c19a74ce356059eadaf3bdcc52dae00058c166c2e5
FROZEN_C1_SOURCE_ANCHORED_LINEAR_SOFTMAX,7,46,330017,0.12825396825396826,0.10851648825798321,0.12825396825396826,0.0,a82b6c7e8d4e15a65a23c7f2a9cd040f3ab5f30dad62e7df9d67ade6c9611fc7
FROZEN_C1_SOURCE_ANCHORED_LINEAR_SOFTMAX,7,46,355031,0.09746031746031746,0.0811815483260888,0.09746031746031746,0.0,2fb827905e0094eebffea882883b49e8e643b449b1c66565d87434f185daf29f
FROZEN_C1_SOURCE_ANCHORED_LINEAR_SOFTMAX,7,46,380041,0.133015873015873,0.11176065850283604,0.133015873015873,0.006030150753768844,1cd5fb5f139ae1199eef799bb02e64321d005abd37cf9de5a78665e1abcb27cb
FROZEN_C1_SOURCE_ANCHORED_LINEAR_SOFTMAX,7,46,405019,0.16857142857142857,0.15147518158318554,0.16857142857142857,0.010869565217391304,b085391dfb4eaa615543af6a3178e38c34cc7784f16345164a52f52776f5f498
FROZEN_C1_SOURCE_ANCHORED_LINEAR_SOFTMAX,7,46,430007,0.14222222222222222,0.13631057534812394,0.1422222222222222,0.0,84efa900b548df503460d57882d93bed45c7ecbcd58fd2e7fc39dacccb3117c2
FROZEN_C1_SOURCE_ANCHORED_LINEAR_SOFTMAX,7,46,455003,0.08190476190476191,0.0727142704024596,0.0819047619047619,0.0,31dc287177c1cc8ce95747bb8b0111ffba190a06206c1eddceab76c64df93ec8
FROZEN_C1_SOURCE_ANCHORED_LINEAR_SOFTMAX,7,46,480017,0.1273015873015873,0.11023996975552687,0.1273015873015873,0.0,15d84d736bd4c8625aa9efa22a7002e165949c9b3aa22734890045092e55febe
FROZEN_C1_SOURCE_ANCHORED_LINEAR_SOFTMAX,7,46,505027,0.08857142857142856,0.07662638595499459,0.08857142857142859,0.0,26d4140fc2f8a87eb592018484a2700abcfb852e73098ec7a2031c7873a6999f
FROZEN_C1_SOURCE_ANCHORED_LINEAR_SOFTMAX,7,46,530017,0.2165079365079365,0.21572034323787212,0.2165079365079365,0.0,a1ce71f5508823e7574f2a052d9976bd9bcddbef09518efda838cd936cb1b6ef
FROZEN_C1_SOURCE_ANCHORED_LINEAR_SOFTMAX,7,46,555029,0.08349206349206349,0.07796373694153612,0.08349206349206349,0.0,ad7416bcb98e31bc109f57b12b37f799e20306ed6f8bbcf37b8beba2bf1b3916
FROZEN_C1_SOURCE_ANCHORED_LINEAR_SOFTMAX,7,46,580031,0.13047619047619047,0.1085344891420716,0.13047619047619047,0.0,72ba07660ac5335c2e34e43f4c4d23a83661b8e860406de9069127b9637ec9e4
FROZEN_C1_SOURCE_ANCHORED_LINEAR_SOFTMAX,35,42,104729,0.146984126984127,0.14695818601770677,0.146984126984127,0.034482758620689655,833d8fdbd98e6f92fffdfdc53d3032cf7b1dfc249a27f2ca8534a95df969f672
FROZEN_C1_SOURCE_ANCHORED_LINEAR_SOFTMAX,35,42,130363,0.13904761904761906,0.13748312209523705,0.13904761904761906,0.029484029484029485,f9dd53091c4f908d69e00ae4b81a3653a58e7b99e90a33611ab6ecb75e933f0f
FROZEN_C1_SOURCE_ANCHORED_LINEAR_SOFTMAX,35,42,155921,0.14507936507936509,0.14491153140710863,0.14507936507936509,0.02768166089965398,b5fe8003f1daaed072a61756aba7a16d006ca12592c8594834fae6a20ee0bea5
FROZEN_C1_SOURCE_ANCHORED_LINEAR_SOFTMAX,35,42,181081,0.13047619047619047,0.12949476447835023,0.13047619047619047,0.02771362586605081,28fe4bf5c5caa23d656b76a7e2ea99bcad3e763d093e7c7a7e082bba10aad4a0
FROZEN_C1_SOURCE_ANCHORED_LINEAR_SOFTMAX,35,42,205439,0.146984126984127,0.14785908525749636,0.146984126984127,0.03444316877152698,d8d04a265c50f86f9e1d8864c26f42adf1a1b86af99034cc952524fb5c8d99ae
FROZEN_C1_SOURCE_ANCHORED_LINEAR_SOFTMAX,35,42,230003,0.146984126984127,0.15106599315319857,0.146984126984127,0.030927835051546393,621db150a17d46921b7d73aa4e069859b7726cbbc5d8543a9ac2afbdd2b45b29
FROZEN_C1_SOURCE_ANCHORED_LINEAR_SOFTMAX,35,42,254959,0.13047619047619047,0.1300159803384174,0.13047619047619047,0.02761795166858458,7cf3d6c8d438fe5ea0bb1a38615939ec1267579249e35078915592c0a8ef695b
FROZEN_C1_SOURCE_ANCHORED_LINEAR_SOFTMAX,35,42,280001,0.14507936507936509,0.14715045730271545,0.14507936507936509,0.02481902792140641,e4f596ddc98b1b3a273a9d4d807ed80a0ce5f3d48bb53533b7844b9f58b53e57
FROZEN_C1_SOURCE_ANCHORED_LINEAR_SOFTMAX,35,42,305093,0.14126984126984127,0.1383750164759197,0.14126984126984127,0.0,76b46c6bcc090388264f130c23877d0fe83d1afbf911d71cebd76abdacefbf38
FROZEN_C1_SOURCE_ANCHORED_LINEAR_SOFTMAX,35,42,330017,0.14603174603174604,0.14585762486709103,0.14603174603174604,0.03260869565217391,fd180bcca01658ff4de8b8065536956fb17bba0ad5f84e7b5b9962bee4d388a6
FROZEN_C1_SOURCE_ANCHORED_LINEAR_SOFTMAX,35,42,355031,0.14507936507936509,0.14303867049775704,0.14507936507936509,0.03911342894393742,7aa4b22f9a77395835dcb5ceab6c76ecf2b07ee26c9cd6272630ea8bb75233ae
FROZEN_C1_SOURCE_ANCHORED_LINEAR_SOFTMAX,35,42,380041,0.16126984126984126,0.16213632760053429,0.16126984126984126,0.103954802259887,13c4c423b936cb44009a0b286161206eb3d48582becd4e8563e8aa05053c5173
FROZEN_C1_SOURCE_ANCHORED_LINEAR_SOFTMAX,35,42,405019,0.14603174603174604,0.1465215162588478,0.14603174603174604,0.03112033195020747,434a28fcd62be17aa0809d33eaa1e4ff5f87565fd6a240e9b26a986353fbc62e
FROZEN_C1_SOURCE_ANCHORED_LINEAR_SOFTMAX,35,42,430007,0.13047619047619047,0.12920827830683118,0.13047619047619047,0.02768166089965398,1f57fc99eb8cb9528339f73a1bbf6eab265123731889cf1f95b15aa8f7a6d3bd
FROZEN_C1_SOURCE_ANCHORED_LINEAR_SOFTMAX,35,42,455003,0.14095238095238094,0.13813330706404503,0.14095238095238094,0.031413612565445025,a85cfc837fe77af5afc09a072f1bfeee983e075b55719316600d4782a6bb59f3
FROZEN_C1_SOURCE_ANCHORED_LINEAR_SOFTMAX,35,42,480017,0.146984126984127,0.14821058640919005,0.146984126984127,0.030864197530864196,4c0a7fc6e8af809f0057945b4eda0352972f8c8a1e6e9596a50223c13f7910cb
FROZEN_C1_SOURCE_ANCHORED_LINEAR_SOFTMAX,35,42,505027,0.1295238095238095,0.12706983724188736,0.1295238095238095,0.031413612565445025,ea59b79aea573c425d1dee605d43fd0e4d2acd469b07b71334cf9c013e7873ab
FROZEN_C1_SOURCE_ANCHORED_LINEAR_SOFTMAX,35,42,530017,0.17333333333333334,0.17525901116080997,0.17333333333333334,0.10939357907253269,01ef4d8833e6c8b343b306a9ff7fd61eea666c3d78df8948cdc3b0913e23249d
FROZEN_C1_SOURCE_ANCHORED_LINEAR_SOFTMAX,35,42,555029,0.17809523809523808,0.18079402953471885,0.1780952380952381,0.09978308026030369,3de682f5b9aaaf2dd769fa31497e4d36dd69454c7e5d41f846c620ea81e55b2f
FROZEN_C1_SOURCE_ANCHORED_LINEAR_SOFTMAX,35,42,580031,0.16158730158730158,0.1623696123094922,0.16158730158730156,0.09292929292929293,b75bd951dbcbf1373753ca065fc12962b7883f680013a8568de668b77ee59fe6
FROZEN_C1_SOURCE_ANCHORED_LINEAR_SOFTMAX,35,43,104729,0.15841269841269842,0.15205852711517714,0.15841269841269842,0.07829181494661921,23334c90f908347d15395b986f617567fd02f45297958dbe2f49de7d4e02ea6c
FROZEN_C1_SOURCE_ANCHORED_LINEAR_SOFTMAX,35,43,130363,0.1568253968253968,0.15036016081739792,0.15682539682539684,0.0,31f203ad1d3a51a161d549c38d6f75f47a211513084178a6741f05d742dd0a66
FROZEN_C1_SOURCE_ANCHORED_LINEAR_SOFTMAX,35,43,155921,0.1761904761904762,0.17429088461128725,0.1761904761904762,0.0,317c0c2e45e15ac1da38f50c8725ae1b0ca7e56467716a8482d68187f90e3c4f
FROZEN_C1_SOURCE_ANCHORED_LINEAR_SOFTMAX,35,43,181081,0.15714285714285714,0.1510029618322813,0.1571428571428571,0.0,05d328594d330d91dd8158848b30771d8ba0fa80bd3a7af206563dbbe92a3d27
FROZEN_C1_SOURCE_ANCHORED_LINEAR_SOFTMAX,35,43,205439,0.18698412698412697,0.1815379097407567,0.186984126984127,0.08870967741935484,5c3d1233e663eb789895eec5b7bcc710f34a33fb2786361d3b2a96ae3f760388
FROZEN_C1_SOURCE_ANCHORED_LINEAR_SOFTMAX,35,43,230003,0.1580952380952381,0.1515919711314482,0.1580952380952381,0.0815822002472188,9db26a7a9179c73d694bfc56c8fe7fdce64183b200e882c4179a568956e04ef3
FROZEN_C1_SOURCE_ANCHORED_LINEAR_SOFTMAX,35,43,254959,0.13015873015873017,0.12756526433620982,0.13015873015873014,0.0,7ed7b1b74ceb2f99b4aec0c1f166de32391b8f027de28edca8dd45dfb635eb58
FROZEN_C1_SOURCE_ANCHORED_LINEAR_SOFTMAX,35,43,280001,0.18666666666666668,0.18180624348824176,0.18666666666666668,0.007481296758104738,5f539097324ac108c0b13364393a0e1649a90b696f926785b60965f81e8986d9
FROZEN_C1_SOURCE_ANCHORED_LINEAR_SOFTMAX,35,43,305093,0.14095238095238094,0.12839665426961056,0.14095238095238097,0.0,9b299ed7f2aa9fc628021e798f1f27f40ecb147e05d93b54c07d772b954c85b6
FROZEN_C1_SOURCE_ANCHORED_LINEAR_SOFTMAX,35,43,330017,0.18,0.1728260705455988,0.18,0.0,b03c2351df26ec01c92050561ad6685b7947db757147138d0a214cbb530d6f76
FROZEN_C1_SOURCE_ANCHORED_LINEAR_SOFTMAX,35,43,355031,0.15492063492063493,0.15272781250951153,0.1549206349206349,0.0,eb9e206fdd4001480eaae254e64ec5eff53210773802b947fd8f293ec7de2e98
FROZEN_C1_SOURCE_ANCHORED_LINEAR_SOFTMAX,35,43,380041,0.16031746031746033,0.15430782628781983,0.16031746031746033,0.007978723404255319,7de1260da24c087e623b60ae1a809f338e63a5cc2acac22591dee9bc5ae8bff9
FROZEN_C1_SOURCE_ANCHORED_LINEAR_SOFTMAX,35,43,405019,0.14507936507936509,0.1396466170192175,0.14507936507936509,0.0,7df4b43cebe39fff8f198b198fe35788aa52beca101c456ea91f8f814fc23cf0
FROZEN_C1_SOURCE_ANCHORED_LINEAR_SOFTMAX,35,43,430007,0.16158730158730158,0.15392817605776,0.16158730158730158,0.0,93adfa01c442df3289aad8604836ae29a8d9c41f1c445ec48224101616a340af
FROZEN_C1_SOURCE_ANCHORED_LINEAR_SOFTMAX,35,43,455003,0.16698412698412698,0.16225339290354143,0.16698412698412698,0.0,4a5ae9a0c833cee64436edc8a861ee797f14127db442932969da59884abb87ce
FROZEN_C1_SOURCE_ANCHORED_LINEAR_SOFTMAX,35,43,480017,0.15587301587301589,0.14182986500576653,0.15587301587301589,0.0,c154f8d1a902f4a2e03e371f03ac38b364c91b0c02ad9d2dd9eb2937ed846385
FROZEN_C1_SOURCE_ANCHORED_LINEAR_SOFTMAX,35,43,505027,0.18158730158730158,0.1756054114755006,0.18158730158730158,0.0,9242be1538b159829626a9ca604f3405d370ef1345f0db253bdef75f2df35f36
FROZEN_C1_SOURCE_ANCHORED_LINEAR_SOFTMAX,35,43,530017,0.13936507936507936,0.13028684658662387,0.1393650793650794,0.0,67387ff32223fb7c2361418563a804a76384d63127c0fd119e6da54d1de207e9
FROZEN_C1_SOURCE_ANCHORED_LINEAR_SOFTMAX,35,43,555029,0.16126984126984126,0.15527916408878858,0.16126984126984129,0.007537688442211055,b390ea03a7d1fa966a1662079573621e3d49d221b3e5594a3c666dbcdd25ebcf
FROZEN_C1_SOURCE_ANCHORED_LINEAR_SOFTMAX,35,43,580031,0.12984126984126984,0.13002629950775002,0.12984126984126984,0.0,d7ca60fe84976ddb082e9217709078f9c8758cacc2094cffd9e9f57a10002b36
FROZEN_C1_SOURCE_ANCHORED_LINEAR_SOFTMAX,35,44,104729,0.11206349206349206,0.11206637980221139,0.11206349206349206,0.008629989212513484,9aa5e70b8c5f3ce01ba49c121200fcff049d286f5748c8672077a098659cdf69
FROZEN_C1_SOURCE_ANCHORED_LINEAR_SOFTMAX,35,44,130363,0.09587301587301587,0.0958837595273618,0.09587301587301587,0.0,0293287ac01c9025535594443f3097e1ed05b2124ad02ea1286f93a9ea8dd13e
FROZEN_C1_SOURCE_ANCHORED_LINEAR_SOFTMAX,35,44,155921,0.12984126984126984,0.12759161237105163,0.12984126984126984,0.0,02378d192dbab0101a135aa1d068432b9d0265daff43de81fcefd69572d24a4c
FROZEN_C1_SOURCE_ANCHORED_LINEAR_SOFTMAX,35,44,181081,0.15174603174603174,0.153490904399937,0.15174603174603174,0.008849557522123894,1353cd54443f90e3ec02b1f86c557858b3a573c3679433e462d7e3e491f82243
FROZEN_C1_SOURCE_ANCHORED_LINEAR_SOFTMAX,35,44,205439,0.09777777777777778,0.09866173251169633,0.09777777777777777,0.0,e70ef5a11d96aa21697dee86ad79faf71a6bfd8a3f3c7d174e506a4a7cf574ed
FROZEN_C1_SOURCE_ANCHORED_LINEAR_SOFTMAX,35,44,230003,0.1434920634920635,0.13834754468249028,0.1434920634920635,0.009009009009009009,05459c46ededaa92b0bb15baa15bbeb22bf43bf036bfd4595768beb9e4953cc8
FROZEN_C1_SOURCE_ANCHORED_LINEAR_SOFTMAX,35,44,254959,0.14444444444444443,0.15149099093424861,0.14444444444444443,0.0019249278152069298,08579abaccb4070b48bf0a7e7ef1473a659249bc4226bedad40695d014d0413d
FROZEN_C1_SOURCE_ANCHORED_LINEAR_SOFTMAX,35,44,280001,0.1295238095238095,0.12340205116050416,0.12952380952380954,0.00749063670411985,8e3e4526801bc37464e7f845afe7ffa2f76e844cffca38dc5b6149147f231af1
FROZEN_C1_SOURCE_ANCHORED_LINEAR_SOFTMAX,35,44,305093,0.14444444444444443,0.13979892813232728,0.14444444444444443,0.0,658b03ca0139944086678b9759032ab7c02c3fe6af6877e7d72e71408c799a21
FROZEN_C1_SOURCE_ANCHORED_LINEAR_SOFTMAX,35,44,330017,0.09968253968253968,0.09731183116447585,0.09968253968253968,0.0,82369033c14b239684d3b4c829ba4bd3264818ea30308d50e5bd5954039b3d0a
FROZEN_C1_SOURCE_ANCHORED_LINEAR_SOFTMAX,35,44,355031,0.1288888888888889,0.12642024572315455,0.1288888888888889,0.0,bc0d8cb91985556f0f5251e6dabc256475b3e709d9746743245d6ac4f05c53a3
FROZEN_C1_SOURCE_ANCHORED_LINEAR_SOFTMAX,35,44,380041,0.11428571428571428,0.11018252318015886,0.11428571428571428,0.0,86bd14d1501f96553ba0b4429a422ed782c3e2e1b3a32a5beeb482d14e52d72e
FROZEN_C1_SOURCE_ANCHORED_LINEAR_SOFTMAX,35,44,405019,0.12825396825396826,0.12576860572403978,0.12825396825396826,0.0091324200913242,a5df67a4475df77faa2ae020e300064b9523a2f0700464e02876166fadb86a43
FROZEN_C1_SOURCE_ANCHORED_LINEAR_SOFTMAX,35,44,430007,0.14444444444444443,0.15029107861443133,0.14444444444444443,0.002109704641350211,d3fdd5f75a63652d2dfe2742403bc0014b57d00c8b7601eb312dc87f2465f014
FROZEN_C1_SOURCE_ANCHORED_LINEAR_SOFTMAX,35,44,455003,0.11396825396825397,0.11038610863598894,0.11396825396825397,0.007989347536617843,cdaaf3867185cec18341fad9b017d11b2c881dcb244e349f3ab59181da805c0d
FROZEN_C1_SOURCE_ANCHORED_LINEAR_SOFTMAX,35,44,480017,0.16031746031746033,0.1570880740209182,0.16031746031746033,0.009291521486643438,7619cd9982cb4e07a039f41086230885d86df6f87148f70b4a1bd60de49f0b22
FROZEN_C1_SOURCE_ANCHORED_LINEAR_SOFTMAX,35,44,505027,0.13428571428571429,0.13386833572485968,0.13428571428571429,0.008559201141226819,73fdf37421a4c886a1bda2df1ac2e75415e8dc6bff087ca3a39bb451ea32a0f3
FROZEN_C1_SOURCE_ANCHORED_LINEAR_SOFTMAX,35,44,530017,0.1292063492063492,0.12054425697082964,0.12920634920634919,0.0,ea8ffa25a51867dde46d909fc2911555009205bfa02c370e005166c897929273
FROZEN_C1_SOURCE_ANCHORED_LINEAR_SOFTMAX,35,44,555029,0.11365079365079366,0.1096281479353834,0.11365079365079364,0.0,8e61f95d4dcbc0568a98b28384f6896de7b3facb3e1198a64ef8481c32cea4d4
FROZEN_C1_SOURCE_ANCHORED_LINEAR_SOFTMAX,35,44,580031,0.09873015873015872,0.09773856910786002,0.09873015873015874,0.0,66756f2b4ac78a2b07c404a315f7764f3a2eed95931ebaf7c47558dc1098e9d7
FROZEN_C1_SOURCE_ANCHORED_LINEAR_SOFTMAX,35,45,104729,0.13746031746031745,0.13507602571466937,0.13746031746031745,0.0,507750fe31f68aedffe3b9417a0cf220c768ef642c99e121698447c85b780163
FROZEN_C1_SOURCE_ANCHORED_LINEAR_SOFTMAX,35,45,130363,0.15174603174603174,0.15344684408604728,0.15174603174603174,0.0,18ffe276436c551330158cefc5fc21ecdec9d3f7f6af076fa71ac81ae42a8bf8
FROZEN_C1_SOURCE_ANCHORED_LINEAR_SOFTMAX,35,45,155921,0.12349206349206349,0.11765548615727131,0.1234920634920635,0.0,c7b9548b269ed45af54a708c1908edc3835e1b3615a97321babea7136741faa1
FROZEN_C1_SOURCE_ANCHORED_LINEAR_SOFTMAX,35,45,181081,0.1546031746031746,0.15109415284270963,0.1546031746031746,0.018494055482166448,ca8df01bb149d77431875eb6ca04b2dd21ccbfbcf663e04e9c5e5c01ee92295d
FROZEN_C1_SOURCE_ANCHORED_LINEAR_SOFTMAX,35,45,205439,0.14063492063492064,0.13696467895135275,0.1406349206349206,0.010796221322537112,5188abad290f4d55f490c309c90d2e410b5d208e69417e146556c61ced32f868
FROZEN_C1_SOURCE_ANCHORED_LINEAR_SOFTMAX,35,45,230003,0.11333333333333333,0.114666441262628,0.11333333333333331,0.0,7482c75da567051f96ef17309e6d059a5521086e4720a7fb8c424cbde461a7bd
FROZEN_C1_SOURCE_ANCHORED_LINEAR_SOFTMAX,35,45,254959,0.1526984126984127,0.15046601135599216,0.15269841269841272,0.00935672514619883,265ea11e10fb4967c6184ccd225f2aea985a0284970ba27ef70c853acfc10546
FROZEN_C1_SOURCE_ANCHORED_LINEAR_SOFTMAX,35,45,280001,0.12857142857142856,0.13534156301201522,0.12857142857142856,0.0,c47b4e74f27ccd467b1d4024cda5cf631806a67280cb9b2a4cbb0d568a9822e7
FROZEN_C1_SOURCE_ANCHORED_LINEAR_SOFTMAX,35,45,305093,0.13873015873015873,0.13623140986110957,0.13873015873015873,0.0,1bbfc3f4469162444066beadfc1f056178cf912f937f007cda661cd6b83d6748
FROZEN_C1_SOURCE_ANCHORED_LINEAR_SOFTMAX,35,45,330017,0.12349206349206349,0.11720126652755655,0.12349206349206347,0.0,7d0978442a9f2639511adcfb5dc551676dcc76c4ebe64336b2a934f6ce63058c
FROZEN_C1_SOURCE_ANCHORED_LINEAR_SOFTMAX,35,45,355031,0.13904761904761906,0.1373249046239524,0.13904761904761906,0.0,a6ab9d4c6118636ae39420257c90bdda0f5aa3cee8b2dec9f3f3c114ccea4ca7
FROZEN_C1_SOURCE_ANCHORED_LINEAR_SOFTMAX,35,45,380041,0.12761904761904763,0.13448414616994733,0.1276190476190476,0.0,78c3830657537defd16572a7a9a5e66a25f2133e2985240fad7bea7a82298a95
FROZEN_C1_SOURCE_ANCHORED_LINEAR_SOFTMAX,35,45,405019,0.1511111111111111,0.15470951707892938,0.1511111111111111,0.01533406352683461,6a5aee821a60fd99df5638fc4c552c4f2ef39def5e52a93f4f17c387081736d4
FROZEN_C1_SOURCE_ANCHORED_LINEAR_SOFTMAX,35,45,430007,0.1526984126984127,0.15153204866702627,0.15269841269841272,0.00936768149882904,b38f1c0a049ee9f5e683b67cf913ae535f8cbbaa9d68be6b061ec67721f96cb0
FROZEN_C1_SOURCE_ANCHORED_LINEAR_SOFTMAX,35,45,455003,0.14539682539682539,0.14890988471466773,0.1453968253968254,0.0,dd72666fec492132d597a7bec44beb9ac986a5f4b76982bbaf3c5c6b19b932ea
FROZEN_C1_SOURCE_ANCHORED_LINEAR_SOFTMAX,35,45,480017,0.12698412698412698,0.12452438311517887,0.12698412698412698,0.0,d38d4f5e4ef683ba01addddd0d1349bfd8edf7909e8da798b2aabb756d9913dc
FROZEN_C1_SOURCE_ANCHORED_LINEAR_SOFTMAX,35,45,505027,0.15492063492063493,0.15012277820811107,0.15492063492063493,0.030257186081694403,9da4cd6cf6c36b411f408aa581de3ca8ee11a4d214742c02508a0f0ba6ab1e37
FROZEN_C1_SOURCE_ANCHORED_LINEAR_SOFTMAX,35,45,530017,0.11460317460317461,0.11840710600179517,0.1146031746031746,0.0,b21758d3f39755b9c626a75bb815df4e139608f7cc664dd02732801c0c092eda
FROZEN_C1_SOURCE_ANCHORED_LINEAR_SOFTMAX,35,45,555029,0.12666666666666668,0.1303637213618682,0.12666666666666665,0.007744433688286544,cd87cd52be091fe6223ba057fff8d6d764e54db75fb38fb296311ad26d408104
FROZEN_C1_SOURCE_ANCHORED_LINEAR_SOFTMAX,35,45,580031,0.11492063492063492,0.11306305021604104,0.11492063492063491,0.0,8cb3cad63bf256cbe035c2d4a759b11a1bbc738d0936a2e9750bc4e5a8f0c90a
FROZEN_C1_SOURCE_ANCHORED_LINEAR_SOFTMAX,35,46,104729,0.1546031746031746,0.15570308454389767,0.1546031746031746,0.03009259259259259,3ec97cc73e76c6d692f135da96a8b54e1322191d0bd06737b441a5492baf4a55
FROZEN_C1_SOURCE_ANCHORED_LINEAR_SOFTMAX,35,46,130363,0.16380952380952382,0.1661325439970631,0.16380952380952382,0.01256281407035176,1e6fea0c3cf04a413bc4a654e5f4d395b4460ae26a7d2f43a0ba8043ccbb52b4
FROZEN_C1_SOURCE_ANCHORED_LINEAR_SOFTMAX,35,46,155921,0.16857142857142857,0.1692586181518589,0.1685714285714286,0.07456140350877193,4c45c2d13da538effbf30852fe8d2d5d8c4ffadfb7c5006585ce8a1b0a595aaf
FROZEN_C1_SOURCE_ANCHORED_LINEAR_SOFTMAX,35,46,181081,0.17873015873015874,0.1793963140075984,0.17873015873015877,0.0,04dd04bbd690a51f9c362759c37b2c53238d996e55b6990a073d7f8c09ebf592
FROZEN_C1_SOURCE_ANCHORED_LINEAR_SOFTMAX,35,46,205439,0.15365079365079365,0.14821290653670682,0.15365079365079365,0.009962640099626401,a67a0866301d071f13ea9e6d030d8d1f4b9449e6e5caae1368c0921b97c40f1d
FROZEN_C1_SOURCE_ANCHORED_LINEAR_SOFTMAX,35,46,230003,0.1707936507936508,0.17415659794496324,0.17079365079365078,0.014736842105263158,da0e3e51ab8f6abe2076e3374a55744a3ef3cd05faab2e9b536439d8b886d542
FROZEN_C1_SOURCE_ANCHORED_LINEAR_SOFTMAX,35,46,254959,0.13047619047619047,0.1293179501149371,0.13047619047619047,0.0,d178bf5f8a19fef5f2c3ccbd4aaa6a142430877a315b54de2330aa241f5409a5
FROZEN_C1_SOURCE_ANCHORED_LINEAR_SOFTMAX,35,46,280001,0.19142857142857142,0.19865806355534596,0.19142857142857142,0.07046632124352331,478352943fa52c7b44f911823360cb70b715deead1088e441ce9c047e5187d89
FROZEN_C1_SOURCE_ANCHORED_LINEAR_SOFTMAX,35,46,305093,0.11396825396825397,0.11382869209525162,0.11396825396825395,0.0,b7a01e2017d6f3b6e4665ea67f62ae98408f7d4608d210ee5d22be3ce27d92fb
FROZEN_C1_SOURCE_ANCHORED_LINEAR_SOFTMAX,35,46,330017,0.18666666666666668,0.18603113543094876,0.18666666666666668,0.07727272727272727,7963cad49277698a42cdc62395a97c81c915f86b186c05dc76b45a700ad3dd0d
FROZEN_C1_SOURCE_ANCHORED_LINEAR_SOFTMAX,35,46,355031,0.15968253968253968,0.15998518330851666,0.15968253968253968,0.009557945041816009,4205e2590b10d5a8e6a98eb14c7a9fcc46d3e633b8d54ccada822a7c7bb35d19
FROZEN_C1_SOURCE_ANCHORED_LINEAR_SOFTMAX,35,46,380041,0.1819047619047619,0.1788642704508046,0.18190476190476187,0.09387755102040816,f033629152ec630a1c7a81b474d4925c62d79122ce77dfbf0c11f87497435067
FROZEN_C1_SOURCE_ANCHORED_LINEAR_SOFTMAX,35,46,405019,0.1361904761904762,0.13916761444451692,0.13619047619047617,0.047311827956989246,558e9eb2072554c91a3be38acb80f67481b97667a932413cce8a81a6af6e8aa6
FROZEN_C1_SOURCE_ANCHORED_LINEAR_SOFTMAX,35,46,430007,0.13968253968253969,0.14114410931209662,0.13968253968253969,0.0,bb22a96001bce45587b060c130b72830a543e2a0356523a1a0e843c11e928a41
FROZEN_C1_SOURCE_ANCHORED_LINEAR_SOFTMAX,35,46,455003,0.18698412698412697,0.18618131687059905,0.18698412698412697,0.011142061281337047,6d3e0280cea00f27059ed76a6468f6912ad8bc39366f4daa8b8490939c4365f2
FROZEN_C1_SOURCE_ANCHORED_LINEAR_SOFTMAX,35,46,480017,0.16984126984126985,0.16840435466392562,0.16984126984126988,0.1130952380952381,80e8df03eeae2cad8d264570f8acc1208b1915a1c5213b5a062dcd3690e08b28
FROZEN_C1_SOURCE_ANCHORED_LINEAR_SOFTMAX,35,46,505027,0.18317460317460318,0.1847414821781559,0.18317460317460316,0.01411764705882353,648e95b82a14fc9860da6a5503c566418cb45982263fb575352c595087a02f80
FROZEN_C1_SOURCE_ANCHORED_LINEAR_SOFTMAX,35,46,530017,0.18444444444444444,0.1803487512868634,0.18444444444444444,0.10490307867730901,c9d5bfa5bb7b8359fc44ccd7c504cfdac49af27b35b4f1dc1fe8f3c104b6d201
FROZEN_C1_SOURCE_ANCHORED_LINEAR_SOFTMAX,35,46,555029,0.15428571428571428,0.148536682304124,0.1542857142857143,0.015904572564612324,6de86d905232dcebf0c94ea5c61db7116de0b9f32d238a29239cde1a07688045
FROZEN_C1_SOURCE_ANCHORED_LINEAR_SOFTMAX,35,46,580031,0.17174603174603176,0.16840442324427313,0.17174603174603173,0.0,21c909ca6d40d3c8367e21833286da5c9de43aaf2cbe5091e2e042492533a8e3
FROZEN_C1_SOURCE_ANCHORED_LINEAR_SOFTMAX,100,42,104729,0.14603174603174604,0.14624125160022405,0.14603174603174604,0.025423728813559324,ce7b015d5cf5815e786548a4960060b01fbb96a26e962245789ce14c419cee9f
FROZEN_C1_SOURCE_ANCHORED_LINEAR_SOFTMAX,100,42,130363,0.14507936507936509,0.1462882631493086,0.14507936507936509,0.025945945945945945,6f27e7013e39502b9abe7b887e1525142e66db7914cc72d1669d49e06da60a07
FROZEN_C1_SOURCE_ANCHORED_LINEAR_SOFTMAX,100,42,155921,0.14603174603174604,0.14576896299572578,0.14603174603174604,0.02761795166858458,39ae751cd8052b633da83aa0826e0bcc6edebfffeecfb57fddd645b4cad54554
FROZEN_C1_SOURCE_ANCHORED_LINEAR_SOFTMAX,100,42,181081,0.14507936507936509,0.14710507380180488,0.14507936507936509,0.024870466321243522,15fc4e05b8226efa3f8fbdd2f90814dbdceb685fd35fa38a51ba640737a82362
FROZEN_C1_SOURCE_ANCHORED_LINEAR_SOFTMAX,100,42,205439,0.14603174603174604,0.14733985807776376,0.14603174603174604,0.025157232704402517,26101a9ee7cc4b68dc0f4c66e4b3d07a5110de0dbd600cac787c381f916d2e6c
FROZEN_C1_SOURCE_ANCHORED_LINEAR_SOFTMAX,100,42,230003,0.146984126984127,0.14640467840671972,0.146984126984127,0.0334075723830735,73275a193c18c1235e7787263f7c222c1bcca6c9431df92b4f4ae089a1962fe7
FROZEN_C1_SOURCE_ANCHORED_LINEAR_SOFTMAX,100,42,254959,0.14507936507936509,0.14393276199747687,0.14507936507936509,0.026578073089700997,8d6ca9b9d60b56f71be7d536ad6681616886e039dc1a75ff9fd83a11eba0e52e
FROZEN_C1_SOURCE_ANCHORED_LINEAR_SOFTMAX,100,42,280001,0.14507936507936509,0.1452276384565299,0.14507936507936509,0.027777777777777776,25f05e38271f74e96eefe4086501302c4455b9459676b8f1f08b63a3d30f4d7b
FROZEN_C1_SOURCE_ANCHORED_LINEAR_SOFTMAX,100,42,305093,0.1568253968253968,0.15836595823008132,0.1568253968253968,0.10267857142857142,56d4cd62890758b2dc41a51ac6977669cb5e77033887d85d11d17b944633e3b5
FROZEN_C1_SOURCE_ANCHORED_LINEAR_SOFTMAX,100,42,330017,0.146984126984127,0.14708664953861753,0.146984126984127,0.03314917127071823,50aba29231847c9317cf3dc18cac661acb385b660b79d5ef173875fa0ce84377
FROZEN_C1_SOURCE_ANCHORED_LINEAR_SOFTMAX,100,42,355031,0.14603174603174604,0.14432453183788635,0.14603174603174604,0.029447852760736196,ae24100c0f295e00b6f8aa9d2aff613739864e7f2422f570040a3b7885b328dc
FROZEN_C1_SOURCE_ANCHORED_LINEAR_SOFTMAX,100,42,380041,0.14603174603174604,0.14698622170349593,0.14603174603174604,0.02526315789473684,a3fcd37e08c6f325df84c2f2ce0f19a83176a9f2a6de4359c5f5f4c709e8b2f0
FROZEN_C1_SOURCE_ANCHORED_LINEAR_SOFTMAX,100,42,405019,0.14603174603174604,0.1482302110689308,0.14603174603174604,0.023762376237623763,de96483f89f276e15e54af1153c58e5f6e4982928a79462bb3a7359799e366fb
FROZEN_C1_SOURCE_ANCHORED_LINEAR_SOFTMAX,100,42,430007,0.14603174603174604,0.1442304988034391,0.14603174603174604,0.03618817852834741,a86854d9008ad2cf1b517c468e5b8fb362f3fe47cfbfaeaa442e5c9275fb4b46
FROZEN_C1_SOURCE_ANCHORED_LINEAR_SOFTMAX,100,42,455003,0.14603174603174604,0.14429096099349553,0.14603174603174604,0.027649769585253458,654fd7abe2079d59503a05a735cb2e53af0525a6ebeb34f1318c30daa39c1365
FROZEN_C1_SOURCE_ANCHORED_LINEAR_SOFTMAX,100,42,480017,0.1380952380952381,0.13769710100603,0.1380952380952381,0.03264417845484222,e7f68a222c3ec199f05445454613e0657a3ed91cd5c287145abd05eeb68bb433
FROZEN_C1_SOURCE_ANCHORED_LINEAR_SOFTMAX,100,42,505027,0.16158730158730158,0.16140618883710017,0.16158730158730158,0.10978520286396182,475ac108950bbd7071f58122ad99504e40ffffaec3c3415617907c175efadba1
FROZEN_C1_SOURCE_ANCHORED_LINEAR_SOFTMAX,100,42,530017,0.14507936507936509,0.1441881932590214,0.14507936507936509,0.02937576499388005,55a2201c0287b8eaf6e5662cc6f49895e30368cd91a2bec6d77aecc1a4412a28
FROZEN_C1_SOURCE_ANCHORED_LINEAR_SOFTMAX,100,42,555029,0.14603174603174604,0.14579333807140168,0.14603174603174604,0.02761795166858458,580ca57b0bd7b3897c696e9c08677174447fb5269f0116434445b637311aa3b7
FROZEN_C1_SOURCE_ANCHORED_LINEAR_SOFTMAX,100,42,580031,0.16285714285714287,0.16389740970121958,0.16285714285714287,0.11017964071856287,39d632df5a88db2155df4fcbb526bb4bb46183b8f445d1399b8b552a34054f97
FROZEN_C1_SOURCE_ANCHORED_LINEAR_SOFTMAX,100,43,104729,0.1419047619047619,0.13813053744171006,0.14190476190476192,0.0,0febf9df421463d574f81b7f68ec06a217ec13cc0ee0b1bfa61811822856ebca
FROZEN_C1_SOURCE_ANCHORED_LINEAR_SOFTMAX,100,43,130363,0.17333333333333334,0.1700005355381698,0.17333333333333334,0.0,2ec1ae01de3abab92e50677d47b95857b8964e67d18ef37f4707b2a9b31f883e
FROZEN_C1_SOURCE_ANCHORED_LINEAR_SOFTMAX,100,43,155921,0.17555555555555555,0.16999164907122813,0.17555555555555555,0.0,eda7abae7fedc22e996acd150cecefc35b357e0e904c4b998d8ec426f206f9c5
FROZEN_C1_SOURCE_ANCHORED_LINEAR_SOFTMAX,100,43,181081,0.1742857142857143,0.16794420212957614,0.17428571428571432,0.007481296758104738,3e3f1e5af30e9137d83287a94d67856ea0785c6939ceb865b19f6907f34fa0cb
FROZEN_C1_SOURCE_ANCHORED_LINEAR_SOFTMAX,100,43,205439,0.18222222222222223,0.18296652371329053,0.18222222222222223,0.0,4887a58922692b88970fadd843c27a9283adb4836c7f970ede7c2e1240c635ac
FROZEN_C1_SOURCE_ANCHORED_LINEAR_SOFTMAX,100,43,230003,0.18793650793650793,0.18415364699788928,0.18793650793650793,0.0,cd129d6b2117f9fa37a32283080eca23342ad34a7d596ecbd11120f901d068fa
FROZEN_C1_SOURCE_ANCHORED_LINEAR_SOFTMAX,100,43,254959,0.16,0.15625306651723295,0.15999999999999998,0.0,ef25c507ef9651ec9f8497d28ed8e2455a439b4ef0e00ff819f662af18a229d3
FROZEN_C1_SOURCE_ANCHORED_LINEAR_SOFTMAX,100,43,280001,0.17555555555555555,0.17035610297939402,0.17555555555555555,0.0,081fec42b4bde46db0d6fb447b9ec4c4b072a3d873ef858a35b39404e74d4d7d
FROZEN_C1_SOURCE_ANCHORED_LINEAR_SOFTMAX,100,43,305093,0.12793650793650793,0.1242877286724456,0.12793650793650796,0.0,63034a6ca4cdb9dbd17663e56c6d247aaba61bd9e57c2d15d3fda92dba5b7888
FROZEN_C1_SOURCE_ANCHORED_LINEAR_SOFTMAX,100,43,330017,0.16317460317460317,0.1588412450515993,0.16317460317460317,0.0,3587150d47a97cbcd9076b5cd4d75ba77d57a83dff6725d5cadd7a067f1d538d
FROZEN_C1_SOURCE_ANCHORED_LINEAR_SOFTMAX,100,43,355031,0.16793650793650794,0.16085294167314362,0.1679365079365079,0.0,c0010681395eb751fa7e0db364e7282f2885a00fbd5ef81b141cbb3fd76acf76
FROZEN_C1_SOURCE_ANCHORED_LINEAR_SOFTMAX,100,43,380041,0.17555555555555555,0.16788597166958663,0.17555555555555552,0.007444168734491315,0619aa93ba763d7f5eba248f7b64471a22ced4a581ad64d7e2816539455e3c8b
FROZEN_C1_SOURCE_ANCHORED_LINEAR_SOFTMAX,100,43,405019,0.15904761904761905,0.15431510183669506,0.15904761904761905,0.0,084f4297ede898718ee5e9a56f9dda72796a63121059c64f54d5757632ccf537
FROZEN_C1_SOURCE_ANCHORED_LINEAR_SOFTMAX,100,43,430007,0.15619047619047619,0.14748194539619672,0.15619047619047619,0.0,088fa977532540d5ad2cb538dbd0e8bda8b8e3938916a75ec7fbe9434ead6a96
FROZEN_C1_SOURCE_ANCHORED_LINEAR_SOFTMAX,100,43,455003,0.1746031746031746,0.1693115759557462,0.1746031746031746,0.0,53f248549b5f38af2dc5d6f6068b2bf6f92001ba158c77a56264baeb82489cca
FROZEN_C1_SOURCE_ANCHORED_LINEAR_SOFTMAX,100,43,480017,0.1746031746031746,0.17037658035351916,0.1746031746031746,0.0,a64fdf5011a9b7e346f1e021b6684ea3f1273b360d69cad005c328d1fca2378e
FROZEN_C1_SOURCE_ANCHORED_LINEAR_SOFTMAX,100,43,505027,0.16412698412698412,0.1604457358435248,0.16412698412698412,0.0,f610989245d4bd2929332e3b694e9c01a78a59e3e22ef572b6368d420382de64
FROZEN_C1_SOURCE_ANCHORED_LINEAR_SOFTMAX,100,43,530017,0.17555555555555555,0.16950652908525615,0.17555555555555555,0.0,6661ccc20f2702c73e353d80e04dc17dcf08a9d430f17b23b2fb502187c46667
FROZEN_C1_SOURCE_ANCHORED_LINEAR_SOFTMAX,100,43,555029,0.15206349206349207,0.1462178759539536,0.15206349206349207,0.0,2e3187b57f361231d65dc2cf9db2f5db19a80b53bc8e14bcef316969b05429ef
FROZEN_C1_SOURCE_ANCHORED_LINEAR_SOFTMAX,100,43,580031,0.15904761904761905,0.15422646915294572,0.15904761904761905,0.0,3244d34cf46a18db48d392a0231437843fed0cba333ef61211bbd33a6e556989
FROZEN_C1_SOURCE_ANCHORED_LINEAR_SOFTMAX,100,44,104729,0.11523809523809524,0.11213125172161605,0.11523809523809524,0.009142857142857144,6a915413ed44070b9ee4debc073b795481f1b45bd402adbd9498210091512a23
FROZEN_C1_SOURCE_ANCHORED_LINEAR_SOFTMAX,100,44,130363,0.11428571428571428,0.11083136980324812,0.11428571428571428,0.002352941176470588,371fa1b533e48a25b6da377a2e23b7d9a4186f722514006ff82d646d75a6219a
FROZEN_C1_SOURCE_ANCHORED_LINEAR_SOFTMAX,100,44,155921,0.13015873015873017,0.12697112241142403,0.13015873015873017,0.0024390243902439024,ab09667547fd8de9651eec87f5f32d2d43a79861cf733196fa55973f3fc97184
FROZEN_C1_SOURCE_ANCHORED_LINEAR_SOFTMAX,100,44,181081,0.12825396825396826,0.1233056921399686,0.12825396825396823,0.010582010582010581,ac809fe793e061465b81fc306262776e2c6511f7adaffb3dce03dd0b053b674e
FROZEN_C1_SOURCE_ANCHORED_LINEAR_SOFTMAX,100,44,205439,0.11142857142857143,0.10844738660338982,0.11142857142857143,0.009184845005740528,6cfed1b20532e648b1111dfd238d25016e1986988f3a71c6b0ffe5562fc9245b
FROZEN_C1_SOURCE_ANCHORED_LINEAR_SOFTMAX,100,44,230003,0.11428571428571428,0.1106994051025807,0.11428571428571428,0.0025031289111389237,5538249076192315ba76e1538c25724b502c280a9bcbe392e0ff61d3faee49b8
FROZEN_C1_SOURCE_ANCHORED_LINEAR_SOFTMAX,100,44,254959,0.1292063492063492,0.12541467783442292,0.1292063492063492,0.0024968789013732834,c4691da75eea4216580a624fd4febe1cd6f3b38b9645bee9d20b9f5bbb7afae5
FROZEN_C1_SOURCE_ANCHORED_LINEAR_SOFTMAX,100,44,280001,0.09841269841269841,0.09621225491491026,0.09841269841269841,0.002570694087403599,7e5b609825f2a4a87db692c985b12247dde5f358f15a5a7362b06e0b71765eb5
FROZEN_C1_SOURCE_ANCHORED_LINEAR_SOFTMAX,100,44,305093,0.12031746031746032,0.1188872719219226,0.12031746031746031,0.009696969696969697,966b32c9c3ce6184f1e24144786152ea14186bb1852695da89c919c61fb76516
FROZEN_C1_SOURCE_ANCHORED_LINEAR_SOFTMAX,100,44,330017,0.11238095238095239,0.10962995141445973,0.11238095238095237,0.0023501762632197414,9eb0d32e4af884e0e41a3e79ae19ddb3065ad5c63aea301f088b76c0f5b2d438
FROZEN_C1_SOURCE_ANCHORED_LINEAR_SOFTMAX,100,44,355031,0.11333333333333333,0.10851919005960332,0.11333333333333333,0.0024875621890547263,95838be9c33e15c7eda3fbeb384b68074fd9f06ceb5b5def9169279936b93342
FROZEN_C1_SOURCE_ANCHORED_LINEAR_SOFTMAX,100,44,380041,0.13047619047619047,0.1236561778329521,0.13047619047619047,0.0,b098d8cff5ed5fd8255a70c52d3a3060e0712b525d6a1118dbad3bc0a87af164
FROZEN_C1_SOURCE_ANCHORED_LINEAR_SOFTMAX,100,44,405019,0.1288888888888889,0.12365033187819796,0.1288888888888889,0.002352941176470588,8e151a1a795757d4f9cb88cd3168db31c9bfbf7d5ce84d4d56ee5a815160683d
FROZEN_C1_SOURCE_ANCHORED_LINEAR_SOFTMAX,100,44,430007,0.1288888888888889,0.12609199940459487,0.1288888888888889,0.009070294784580499,3eec74ebf288131716b1301d8f90f76b18efd0168c7fff398d6f3a179ca2d5ce
FROZEN_C1_SOURCE_ANCHORED_LINEAR_SOFTMAX,100,44,455003,0.12412698412698413,0.12024683018275477,0.12412698412698411,0.002336448598130841,8b1ab2b4243552820807f26b47456e0b6a254ccfb21bab6164c68bf25f532aa4
FROZEN_C1_SOURCE_ANCHORED_LINEAR_SOFTMAX,100,44,480017,0.13206349206349208,0.1268132572623326,0.13206349206349205,0.009216589861751152,4bfc592d2d9b6ee1f32ea5c52f7d6394c4cb688d9dd0da0e0fdc08979373960d
FROZEN_C1_SOURCE_ANCHORED_LINEAR_SOFTMAX,100,44,505027,0.1034920634920635,0.09849639118558086,0.10349206349206348,0.007481296758104738,8b9b9b815d40362bd0e7dd9fdf436167eec39269ae196adaee358bb5134f5c2d
FROZEN_C1_SOURCE_ANCHORED_LINEAR_SOFTMAX,100,44,530017,0.13047619047619047,0.12437914467221267,0.13047619047619047,0.00267379679144385,72429f8960f4a7d4ef9e88332d718e450a8a433105f1511cc7925c32680a1362
FROZEN_C1_SOURCE_ANCHORED_LINEAR_SOFTMAX,100,44,555029,0.11333333333333333,0.11176528148523827,0.11333333333333333,0.002333722287047841,8b0deeda342b55cab9969f462bc316b60defd57b5c0291a677aa30548e013716
FROZEN_C1_SOURCE_ANCHORED_LINEAR_SOFTMAX,100,44,580031,0.12158730158730159,0.11899481280952125,0.12158730158730158,0.009708737864077669,575be2901b2aaa3cd66f57308744c432f773074c18407bed79498dcc10779fae
FROZEN_C1_SOURCE_ANCHORED_LINEAR_SOFTMAX,100,45,104729,0.13047619047619047,0.13015962189970187,0.13047619047619047,0.009422850412249705,7221256d685503a77b4e053374f4d69907b9ab6b903d32b96bd4c03b722754b7
FROZEN_C1_SOURCE_ANCHORED_LINEAR_SOFTMAX,100,45,130363,0.11714285714285715,0.11458281524343504,0.11714285714285713,0.0,f8b35d7bb4c194953772b57378cbf9d63e4bf0cb970b34952ccb7af08fbd89ed
FROZEN_C1_SOURCE_ANCHORED_LINEAR_SOFTMAX,100,45,155921,0.15365079365079365,0.1487543577869214,0.15365079365079365,0.018494055482166448,a3e005520c1af7f4aaa055294f64d0c44850429bc24b1d1bd926e4972a4c57e0
FROZEN_C1_SOURCE_ANCHORED_LINEAR_SOFTMAX,100,45,181081,0.12603174603174602,0.12369756432176134,0.12603174603174602,0.0,6e7d2bc4c1f2e420e01f4802352536e7eed10c83138886ad5998ae818c7e1aa9
FROZEN_C1_SOURCE_ANCHORED_LINEAR_SOFTMAX,100,45,205439,0.11238095238095239,0.11341630066017945,0.11238095238095237,0.0,71f533244963d3887f28914d223916e780b88078cb760e9a6a7afb5db979dce7
FROZEN_C1_SOURCE_ANCHORED_LINEAR_SOFTMAX,100,45,230003,0.13936507936507936,0.13916876900854075,0.13936507936507936,0.016374269005847954,e2920319e16c07933a658fa91f6f000b04bf244bd20797e5290d093eb067e7cb
FROZEN_C1_SOURCE_ANCHORED_LINEAR_SOFTMAX,100,45,254959,0.1273015873015873,0.12632125520716944,0.1273015873015873,0.0,379d76a8481f2ce282821a08a4eb3e4548ff539b299f8681e56eb28064d6b492
FROZEN_C1_SOURCE_ANCHORED_LINEAR_SOFTMAX,100,45,280001,0.15714285714285714,0.15170294323970843,0.15714285714285717,0.017587939698492462,6641a5d3b5c9e2ef470beb337c02fe09bacde960e15e7bffdebf7103ded53779
FROZEN_C1_SOURCE_ANCHORED_LINEAR_SOFTMAX,100,45,305093,0.12476190476190477,0.12548943076502397,0.12476190476190475,0.0,37b5ef5c7c9220ab051e4846a23cf9df873ab1455ef6b99acd97d0246c6d56e1
FROZEN_C1_SOURCE_ANCHORED_LINEAR_SOFTMAX,100,45,330017,0.11460317460317461,0.11462291447542437,0.1146031746031746,0.0,37a8d0821153dc44adc162b3f512c618676ddec46c57fcc31d02248a1198462d
FROZEN_C1_SOURCE_ANCHORED_LINEAR_SOFTMAX,100,45,355031,0.11746031746031746,0.11607248920377491,0.11746031746031746,0.006018054162487462,558514e56e459acf1dd9e228e63756916063a062df8d7f2977e0890c79aa89c4
FROZEN_C1_SOURCE_ANCHORED_LINEAR_SOFTMAX,100,45,380041,0.11587301587301588,0.11448750529699657,0.11587301587301588,0.0,891b6af2844cf020bce54ae9ff41587ab121534acda7446f1a8c87e62cd08771
FROZEN_C1_SOURCE_ANCHORED_LINEAR_SOFTMAX,100,45,405019,0.1126984126984127,0.11074356955320155,0.1126984126984127,0.0,4bf48b5b98392170a5f902388415992a401a27c5c217182e38267f2ac4825484
FROZEN_C1_SOURCE_ANCHORED_LINEAR_SOFTMAX,100,45,430007,0.12698412698412698,0.12441105565888431,0.12698412698412698,0.0,27f1acb5873b73885b3ab1d5817b8766ee75bcf9776535de042549c9650a7896
FROZEN_C1_SOURCE_ANCHORED_LINEAR_SOFTMAX,100,45,455003,0.11682539682539683,0.11755901607621576,0.11682539682539682,0.0,abce73e1f94aee055b0605e16ac28435c62711889b4a6c7693158be509e313e3
FROZEN_C1_SOURCE_ANCHORED_LINEAR_SOFTMAX,100,45,480017,0.13873015873015873,0.13761909940499933,0.13873015873015873,0.01553829078801332,30878e709b912387739a9052bfe34732712b154706526314a025f88b3b110ab7
FROZEN_C1_SOURCE_ANCHORED_LINEAR_SOFTMAX,100,45,505027,0.13936507936507936,0.13955509754346326,0.13936507936507936,0.01564245810055866,c3554d591d1580631e4de65d7c77af724844a7bb999dceed666eea5b9cdfa955
FROZEN_C1_SOURCE_ANCHORED_LINEAR_SOFTMAX,100,45,530017,0.12571428571428572,0.12262115631471146,0.1257142857142857,0.009248554913294798,060f140c011b2ea5b81cbd00b28d1cf9c675b0cdb8d2f81fe454d68b6f459ea0
FROZEN_C1_SOURCE_ANCHORED_LINEAR_SOFTMAX,100,45,555029,0.11587301587301588,0.12105855397467498,0.11587301587301586,0.0,b8de621123f49eeba1d538540ab39da6ab2999e65e9b549b7a1b2156c565ae25
FROZEN_C1_SOURCE_ANCHORED_LINEAR_SOFTMAX,100,45,580031,0.11428571428571428,0.11850359934116615,0.11428571428571428,0.0,4bc087335e6a0ec9eee836d945a92bd7a9169f3d9cecc6d946ffd47863dec657
FROZEN_C1_SOURCE_ANCHORED_LINEAR_SOFTMAX,100,46,104729,0.18634920634920635,0.19074500740282319,0.18634920634920635,0.07701019252548132,c9cce1ea5d95f8436cb287cb6c060e0439d9179417cb68918c7fc458e590d306
FROZEN_C1_SOURCE_ANCHORED_LINEAR_SOFTMAX,100,46,130363,0.1634920634920635,0.16634068214473816,0.1634920634920635,0.0,a68a768806843e8de4f9006d01f50ce12d66cd37cd2ba6f82ffe6e7951dab104
FROZEN_C1_SOURCE_ANCHORED_LINEAR_SOFTMAX,100,46,155921,0.17047619047619048,0.1718933871891106,0.17047619047619048,0.06960081883316274,7fd49501454b5563da5b568c1cc6cbadf19bad96c62aed2ac4adbc923da0c62a
FROZEN_C1_SOURCE_ANCHORED_LINEAR_SOFTMAX,100,46,181081,0.19206349206349208,0.1953662832338085,0.19206349206349208,0.07640449438202247,0a22a7a8b41614dc3e16e9af9dd5c4e4bb4e0dc99a2e8d68bc04e5700ddd0e87
FROZEN_C1_SOURCE_ANCHORED_LINEAR_SOFTMAX,100,46,205439,0.16285714285714287,0.16985407701896424,0.16285714285714287,0.06582768635043562,7887579ee57b38440bc86a9b75005ec14b7e4f663365b23fd37da3dbbc74dd39
FROZEN_C1_SOURCE_ANCHORED_LINEAR_SOFTMAX,100,46,230003,0.1761904761904762,0.18048861207051226,0.1761904761904762,0.07010309278350516,40a0fd93c983910916103144677a6e97d8b0b16bc196517d2bce260bfc3e9a76
FROZEN_C1_SOURCE_ANCHORED_LINEAR_SOFTMAX,100,46,254959,0.15619047619047619,0.15511111726413512,0.15619047619047619,0.0,6db154772ae27680c118a018b2f2d940b693daba66107a4a9a9fdf747b13ae16
FROZEN_C1_SOURCE_ANCHORED_LINEAR_SOFTMAX,100,46,280001,0.16857142857142857,0.17033796584918193,0.1685714285714286,0.0734341252699784,4da82e666e0956167e3806c12a094af94790610eef424c12dd0ad8e5c6d93bd7
FROZEN_C1_SOURCE_ANCHORED_LINEAR_SOFTMAX,100,46,305093,0.14412698412698413,0.1457341563503814,0.14412698412698413,0.010515247108307046,3757b72dfa53ddf5e53661d86559c225f5b74207cf3739164fb7d1b7751e9616
FROZEN_C1_SOURCE_ANCHORED_LINEAR_SOFTMAX,100,46,330017,0.1711111111111111,0.1755398065598809,0.17111111111111107,0.07257203842049093,3a6951288718732085dc1a6854a8758b74ba449a4dd172ae66c4c84e13842a20
FROZEN_C1_SOURCE_ANCHORED_LINEAR_SOFTMAX,100,46,355031,0.1761904761904762,0.17844879152196372,0.1761904761904762,0.07674943566591422,178d180b2324c859f20f6786867b550485aaafa90b3ce0bd7ab5cf40d2915851
FROZEN_C1_SOURCE_ANCHORED_LINEAR_SOFTMAX,100,46,380041,0.18285714285714286,0.18496362001258948,0.18285714285714283,0.011764705882352941,fa00b9eb4770a98fc2b02fd8aa187b201775a009a9fd7b1eea5344cb5961c56f
FROZEN_C1_SOURCE_ANCHORED_LINEAR_SOFTMAX,100,46,405019,0.16253968253968254,0.17017994495571026,0.16253968253968254,0.07431693989071038,677a74a861a658c3e51b0dc282e8c9e1f154033c2fa89e9c12176a72cf60bcd2
FROZEN_C1_SOURCE_ANCHORED_LINEAR_SOFTMAX,100,46,430007,0.16158730158730158,0.1653348145096242,0.16158730158730158,0.011111111111111112,95f974c9c8cf90479e1042a33794c12336976a0770e6b8c718dfa10144ebb5ad
FROZEN_C1_SOURCE_ANCHORED_LINEAR_SOFTMAX,100,46,455003,0.15936507936507938,0.15734030981581662,0.15936507936507938,0.011834319526627219,a451bc565de54368a76fcd529d2c2401f7bb4e5de31d6a92f1b84dbfb549fda9
FROZEN_C1_SOURCE_ANCHORED_LINEAR_SOFTMAX,100,46,480017,0.15396825396825398,0.1568499578171601,0.15396825396825395,0.06924643584521385,a00b464b34878a98d1375c57af371f1561922f097d25e04391e32eb5e0bb7e8d
FROZEN_C1_SOURCE_ANCHORED_LINEAR_SOFTMAX,100,46,505027,0.15142857142857144,0.1556303638739478,0.15142857142857144,0.01049317943336831,ec5a20861a2bc2732e1b7341707a80ceb2968c645f7a34f0d3571e7963f5c45d
FROZEN_C1_SOURCE_ANCHORED_LINEAR_SOFTMAX,100,46,530017,0.1653968253968254,0.16664116450656846,0.1653968253968254,0.016789087093389297,ea3aef07faf932e095fc234dd14ca897680affcacad9dc32f838b2df71ce81eb
FROZEN_C1_SOURCE_ANCHORED_LINEAR_SOFTMAX,100,46,555029,0.1711111111111111,0.1740748011958193,0.17111111111111107,0.010515247108307046,8e6569bab9798830dab5f5b3659c289dfe1129a0258e3151a7fd87febcad7c5e
FROZEN_C1_SOURCE_ANCHORED_LINEAR_SOFTMAX,100,46,580031,0.1765079365079365,0.1813174493551317,0.1765079365079365,0.10279329608938548,27e4f68c81557085e6631aaa58c4f66d027baaba37ff863bd19fd4c80a09bb93
FROZEN_C1_SOURCE_ANCHORED_LINEAR_SOFTMAX,500,42,104729,0.14603174603174604,0.14442837646880682,0.14603174603174604,0.027491408934707903,a4d4787c3cabbeb3dcb0f313f3476a44c282187118baad728ef01008f2da94ee
FROZEN_C1_SOURCE_ANCHORED_LINEAR_SOFTMAX,500,42,130363,0.14603174603174604,0.1449231001587006,0.14603174603174604,0.02699662542182227,6fe3724943b7c145a3f043a6c47d856a0b51cfcc83ab909503d1fae08789a561
FROZEN_C1_SOURCE_ANCHORED_LINEAR_SOFTMAX,500,42,155921,0.14603174603174604,0.14452519966297286,0.14603174603174604,0.027366020524515394,a97eaad454b343136e6f518bdfad5b8b46cf33ba4a41cc94e52695f43711154b
FROZEN_C1_SOURCE_ANCHORED_LINEAR_SOFTMAX,500,42,181081,0.14603174603174604,0.14430157132803645,0.14603174603174604,0.02761795166858458,260843b3d47804880cf5cdd3a3199badd1c9cad20d1bf87d087d6db3b8a23d1b
FROZEN_C1_SOURCE_ANCHORED_LINEAR_SOFTMAX,500,42,205439,0.14603174603174604,0.14480005947505892,0.14603174603174604,0.02708803611738149,95746ecc434f4aab7b349b41a1d258dc775ad5ed9aa62d9b1aa4f001a9331e31
FROZEN_C1_SOURCE_ANCHORED_LINEAR_SOFTMAX,500,42,230003,0.14603174603174604,0.1452307535394177,0.14603174603174604,0.02705749718151071,325b93988d08b068b4f2ceccec4b8c8ba4144856c7b831f32e1767aaa5ec5369
FROZEN_C1_SOURCE_ANCHORED_LINEAR_SOFTMAX,500,42,254959,0.14507936507936509,0.1438990221329843,0.14507936507936509,0.02708803611738149,95a93936b17433af2ccc5fc459d96590cf0611ff904551665a40045e827b04d2
FROZEN_C1_SOURCE_ANCHORED_LINEAR_SOFTMAX,500,42,280001,0.14507936507936509,0.14439963894099211,0.14507936507936509,0.026578073089700997,05ea0c1c7324fecf7d58798f6589f78a0fea22fc46aefbab1803d539ca0c50b6
FROZEN_C1_SOURCE_ANCHORED_LINEAR_SOFTMAX,500,42,305093,0.14507936507936509,0.1439866975052773,0.14507936507936509,0.02699662542182227,79c70071dcc7af0370206bee8e87ff8300e7e05066cfba2736002241135c6e39
FROZEN_C1_SOURCE_ANCHORED_LINEAR_SOFTMAX,500,42,330017,0.14603174603174604,0.14480005947505892,0.14603174603174604,0.02708803611738149,95746ecc434f4aab7b349b41a1d258dc775ad5ed9aa62d9b1aa4f001a9331e31
FROZEN_C1_SOURCE_ANCHORED_LINEAR_SOFTMAX,500,42,355031,0.14603174603174604,0.1453147398680746,0.14603174603174604,0.026578073089700997,943dcc682cf169cf51bf7304e364e6b1193a651d876e41ef17f56fb9465aabfc
FROZEN_C1_SOURCE_ANCHORED_LINEAR_SOFTMAX,500,42,380041,0.14603174603174604,0.14476825864029383,0.14603174603174604,0.02708803611738149,9a9ccc44a0c4d87be062bd344eabff2aaf311eb12029a483a6e2d779f67a9c0d
FROZEN_C1_SOURCE_ANCHORED_LINEAR_SOFTMAX,500,42,405019,0.14603174603174604,0.14485593401258678,0.14603174603174604,0.02699662542182227,f33094fa4feb084051620c1728838e2324412b0a040745b0f7d354bfa0e2f2ee
FROZEN_C1_SOURCE_ANCHORED_LINEAR_SOFTMAX,500,42,430007,0.14507936507936509,0.14406305397334468,0.14507936507936509,0.026936026936026935,6823397ab4da4bc4d727af890350e4e18ccd84070790b3e051dd2df7e34d064d
FROZEN_C1_SOURCE_ANCHORED_LINEAR_SOFTMAX,500,42,455003,0.14603174603174604,0.1442895824588453,0.14603174603174604,0.027649769585253458,6fbdeb8d05bfe57049539f873e46c67b572459d40e2d5418c1c20ad4ec9aa4d8
FROZEN_C1_SOURCE_ANCHORED_LINEAR_SOFTMAX,500,42,480017,0.14603174603174604,0.1453798113888986,0.14603174603174604,0.026460859977949284,c9ee32e5addf1b788f8fd3289b318844b2f67aee21289a3321479ef7fa39434f
FROZEN_C1_SOURCE_ANCHORED_LINEAR_SOFTMAX,500,42,505027,0.14603174603174604,0.14527518214700588,0.14603174603174604,0.026578073089700997,88721c3e2a41645a8a7b3673882f1e4a619d4f59bf2d20491ad66bee946ca232
FROZEN_C1_SOURCE_ANCHORED_LINEAR_SOFTMAX,500,42,530017,0.14507936507936509,0.14337189363853844,0.14507936507936509,0.027649769585253458,5adb0c9870ec0d0721a9ceca76b9e2353d44462499c76fa9c74d699ee0d82f24
FROZEN_C1_SOURCE_ANCHORED_LINEAR_SOFTMAX,500,42,555029,0.14603174603174604,0.14433239194920194,0.14603174603174604,0.02761795166858458,872d2fd875f3aaf01cd4d775e3bdcf4f38a6e2c286cd0778967215201036e898
FROZEN_C1_SOURCE_ANCHORED_LINEAR_SOFTMAX,500,42,580031,0.14603174603174604,0.14552942714853417,0.14603174603174604,0.026373626373626374,ee7e226861a937cf16f7447874a138ec523907f22a08493f91d2ede6d0bd5d66
FROZEN_C1_SOURCE_ANCHORED_LINEAR_SOFTMAX,500,43,104729,0.16,0.15519521799564892,0.15999999999999998,0.0,15fcd46a2139b3d473dfa866bb7cdab3955755e05138a1c6240f2c28ff7442ff
FROZEN_C1_SOURCE_ANCHORED_LINEAR_SOFTMAX,500,43,130363,0.16,0.15551147865201287,0.15999999999999998,0.0,2c359b4c076a6c2cff2a981ff4dab683f7906f25f184a5a20c4d487c69c75a0b
FROZEN_C1_SOURCE_ANCHORED_LINEAR_SOFTMAX,500,43,155921,0.16317460317460317,0.1572228173240178,0.16317460317460317,0.0,f37bcf565ef2132a576f0e334abf19270c6057585aed2f8b7d54b0bd6ac8a69f
FROZEN_C1_SOURCE_ANCHORED_LINEAR_SOFTMAX,500,43,181081,0.16,0.15249858086818424,0.15999999999999998,0.0,e0a9eb56c49ee21b6b8ac3bc6cbe1ebf037c199e382e6e9710c7eec7f8ad0739
FROZEN_C1_SOURCE_ANCHORED_LINEAR_SOFTMAX,500,43,205439,0.16,0.15504097259183514,0.15999999999999998,0.0,a66f8012e102589564a83f18f073cb491c3b23fbee3c159f0cdf74941502d10a
FROZEN_C1_SOURCE_ANCHORED_LINEAR_SOFTMAX,500,43,230003,0.16,0.15537590029962248,0.15999999999999998,0.0,811f2652f958518d148e79bf95367cff01db1e60185a70400b04d15c131eff65
FROZEN_C1_SOURCE_ANCHORED_LINEAR_SOFTMAX,500,43,254959,0.16,0.15503770518395693,0.15999999999999998,0.0,ff7d5c3bf3a8ce4412d812c1cbf90d7396e98a8f34199883975050decc1d8486
FROZEN_C1_SOURCE_ANCHORED_LINEAR_SOFTMAX,500,43,280001,0.16,0.1548180633073974,0.15999999999999998,0.0,b52c0b051155f61ee3c26a98bdc4857036c856301fc68f54fbad37256e032a71
FROZEN_C1_SOURCE_ANCHORED_LINEAR_SOFTMAX,500,43,305093,0.16,0.15557749760537357,0.15999999999999998,0.0,7af9d1bad802ead87561b68fece6b644deeb1809e8cea6fc8460383d9959b0e5
FROZEN_C1_SOURCE_ANCHORED_LINEAR_SOFTMAX,500,43,330017,0.1746031746031746,0.17017160291560554,0.1746031746031746,0.0,9657e9736a9090b770dbb81723f4469c58b6d8886ba04ccb8a822e10cf568f84
FROZEN_C1_SOURCE_ANCHORED_LINEAR_SOFTMAX,500,43,355031,0.16,0.15537363779519492,0.15999999999999998,0.0,ddc72f95c763af5fb596c76e2fbd7cd1fae7b4738a1774299c78b36014fd9415
FROZEN_C1_SOURCE_ANCHORED_LINEAR_SOFTMAX,500,43,380041,0.17174603174603176,0.16600301157372904,0.17174603174603176,0.0,dd09950f5edb4cf2c5da27575fe5bdeefd4f09ec2a14ee29696d39b6ca0dac72
FROZEN_C1_SOURCE_ANCHORED_LINEAR_SOFTMAX,500,43,405019,0.16,0.1554164775763875,0.15999999999999998,0.0,f922be85f966fa792db4260a5ee0f110ad9888050299f8af36e3e5f60ac6e53a
FROZEN_C1_SOURCE_ANCHORED_LINEAR_SOFTMAX,500,43,430007,0.16,0.15544703145394495,0.15999999999999998,0.0,b21a61d452b16f273414bba39fe7db8834c0faf1cb8103d6fc2bc3c2ae3582ef
FROZEN_C1_SOURCE_ANCHORED_LINEAR_SOFTMAX,500,43,455003,0.16,0.15526976205879903,0.15999999999999998,0.0,11d4910dc05c63e50d81d47f9924d6701c6664b0f266779a5a6e7084f0845105
FROZEN_C1_SOURCE_ANCHORED_LINEAR_SOFTMAX,500,43,480017,0.16,0.15438999604629208,0.15999999999999998,0.0,28863b6a57b1ac3f33962449c11cbd750d87d0ab85706b554cc3b454a2d0f602
FROZEN_C1_SOURCE_ANCHORED_LINEAR_SOFTMAX,500,43,505027,0.16,0.1555551460161793,0.15999999999999998,0.0,6d05586752cdaae2afca1085d170b7ca5aeea1cf09c2bdbf07449636fab6857b
FROZEN_C1_SOURCE_ANCHORED_LINEAR_SOFTMAX,500,43,530017,0.16,0.15473119303150465,0.15999999999999998,0.0,fd19399f7860ff16ef9f724cb78156c338130e1704bc6105906f23140cb7eedc
FROZEN_C1_SOURCE_ANCHORED_LINEAR_SOFTMAX,500,43,555029,0.16,0.1545834930728263,0.15999999999999998,0.0,65e3cac602119cdeea9b1ac963f4d2be44f0d53e801e0932e07d9866870b7fc7
FROZEN_C1_SOURCE_ANCHORED_LINEAR_SOFTMAX,500,43,580031,0.16,0.1557802299743318,0.15999999999999998,0.0,0eb2bc41180d14204a708ba4a7631ba806926c4b5c29e5da50ef1740d299cc97
FROZEN_C1_SOURCE_ANCHORED_LINEAR_SOFTMAX,500,44,104729,0.11523809523809524,0.11276038591730345,0.11523809523809524,0.008695652173913044,ef5a5b321edda68851ecdced3fa085a5eb04da1d2aab8e283e669a11104f17e2
FROZEN_C1_SOURCE_ANCHORED_LINEAR_SOFTMAX,500,44,130363,0.11333333333333333,0.1106262687607478,0.11333333333333333,0.0023446658851113715,c663ee34d066216670f5f40a1e10fa2498e0348302e45a363960eda45a551f05
FROZEN_C1_SOURCE_ANCHORED_LINEAR_SOFTMAX,500,44,155921,0.11333333333333333,0.11046054052523205,0.11333333333333333,0.0023446658851113715,25ea557df643269aca8562aec0a187edcb73dc3b74b8e8f206e760d419156d6a
FROZEN_C1_SOURCE_ANCHORED_LINEAR_SOFTMAX,500,44,181081,0.11333333333333333,0.11048574895937484,0.11333333333333333,0.00234192037470726,66f7993b4bfec38aa2070394eea719082266c0c923cdbea8b3c234f29457c7af
FROZEN_C1_SOURCE_ANCHORED_LINEAR_SOFTMAX,500,44,205439,0.11523809523809524,0.11177725904519191,0.11523809523809524,0.009153318077803204,61c56ddbaf5f8f92e12c5f21ff40176708f485bc9d78f0318581c58c3a79d692
FROZEN_C1_SOURCE_ANCHORED_LINEAR_SOFTMAX,500,44,230003,0.11333333333333333,0.1107129367646227,0.11333333333333333,0.0023446658851113715,89b61655b9ef7b3f4408fc0d9b7a271482399a90c039f4d6f434933f693e48da
FROZEN_C1_SOURCE_ANCHORED_LINEAR_SOFTMAX,500,44,254959,0.11428571428571428,0.11102977960800185,0.11428571428571428,0.009060022650056626,1c7beba96328e4a466bc67c32306b5e143044926791af6901c16f821c4a6054e
FROZEN_C1_SOURCE_ANCHORED_LINEAR_SOFTMAX,500,44,280001,0.11333333333333333,0.11072658627659808,0.11333333333333333,0.0023446658851113715,a36b42be0b04b455290bf066b709748fee644ab00e65cfadc48d95e104076ea5
FROZEN_C1_SOURCE_ANCHORED_LINEAR_SOFTMAX,500,44,305093,0.11333333333333333,0.11019087435410699,0.11333333333333333,0.002421307506053269,0dba932c9d1925a17d1b32dd8817c71a8991abf013ae06377eb16ed2b19ddb3d
FROZEN_C1_SOURCE_ANCHORED_LINEAR_SOFTMAX,500,44,330017,0.11333333333333333,0.11049587403267948,0.11333333333333333,0.0023446658851113715,4aa9ca7a2902beee700ed9e99b9649d96e910159614483c480cff288ec18429f
FROZEN_C1_SOURCE_ANCHORED_LINEAR_SOFTMAX,500,44,355031,0.11428571428571428,0.11139233577305437,0.11428571428571428,0.008695652173913044,18adee1f2fde338f3d3adfd56dc5af54f2c8c3654bf67f79b5b0b2c4df906331
FROZEN_C1_SOURCE_ANCHORED_LINEAR_SOFTMAX,500,44,380041,0.11428571428571428,0.11172138230379758,0.11428571428571428,0.0023446658851113715,1b171d387285ba8f0983684e3664fe106279cc9087f2e40886069d3da764d69f
FROZEN_C1_SOURCE_ANCHORED_LINEAR_SOFTMAX,500,44,405019,0.11333333333333333,0.11086977253851568,0.11333333333333333,0.0023446658851113715,a68041fdf4dc3947e39e93d66ef717073cacbc3cebecd7cc57e5c4bf0cacb6a1
FROZEN_C1_SOURCE_ANCHORED_LINEAR_SOFTMAX,500,44,430007,0.11523809523809524,0.11194078608020977,0.11523809523809524,0.00909090909090909,3301aa79c62907917e32d3ba4ca9b5002d4bce59469687c6c0e20cf3dc44d51f
FROZEN_C1_SOURCE_ANCHORED_LINEAR_SOFTMAX,500,44,455003,0.11333333333333333,0.1107129367646227,0.11333333333333333,0.0023446658851113715,89b61655b9ef7b3f4408fc0d9b7a271482399a90c039f4d6f434933f693e48da
FROZEN_C1_SOURCE_ANCHORED_LINEAR_SOFTMAX,500,44,480017,0.11428571428571428,0.11008861664188788,0.11428571428571428,0.009142857142857144,aa8a53fe1d27a82437e9a1af4dbd7766fcf7e658e1e89aa65a7aaa29beaa1618
FROZEN_C1_SOURCE_ANCHORED_LINEAR_SOFTMAX,500,44,505027,0.11428571428571428,0.11148009874194423,0.11428571428571428,0.008686210640608035,22b362c488896146d2b75f46ee22ddf2f0cb0cc527c44d297aea1e002aaeff30
FROZEN_C1_SOURCE_ANCHORED_LINEAR_SOFTMAX,500,44,530017,0.11333333333333333,0.1107129367646227,0.11333333333333333,0.0023446658851113715,89b61655b9ef7b3f4408fc0d9b7a271482399a90c039f4d6f434933f693e48da
FROZEN_C1_SOURCE_ANCHORED_LINEAR_SOFTMAX,500,44,555029,0.11333333333333333,0.11073902543956514,0.11333333333333333,0.0023446658851113715,5b19b1b11acede7677ab69dd1f6f4738c69fc47304762a5d96c842559f37cfa9
FROZEN_C1_SOURCE_ANCHORED_LINEAR_SOFTMAX,500,44,580031,0.11428571428571428,0.11111293180837158,0.11428571428571428,0.00881057268722467,5b790fb9d3f192d4259ba3bc70ccd768652bf782b77cb1eba3049216a20b89ad
FROZEN_C1_SOURCE_ANCHORED_LINEAR_SOFTMAX,500,45,104729,0.1165079365079365,0.11873670454657088,0.11650793650793649,0.0,336af2036470ae5a8eccc4dc9b0f7ffa81c260b89bb2605d82d415c0f99cbad7
FROZEN_C1_SOURCE_ANCHORED_LINEAR_SOFTMAX,500,45,130363,0.1219047619047619,0.12176455555850195,0.12190476190476189,0.0,e1917a52ea19ed067282deb054f9c6c85f834c7add0a6da2faaab07f19707665
FROZEN_C1_SOURCE_ANCHORED_LINEAR_SOFTMAX,500,45,155921,0.11746031746031746,0.12012771900225735,0.11746031746031746,0.0,c90e3bcf8fbf44459de06b5f9566a8bafd2e00d8c6ad0aef00c5bb7eb839fefa
FROZEN_C1_SOURCE_ANCHORED_LINEAR_SOFTMAX,500,45,181081,0.12285714285714286,0.12265865988356861,0.12285714285714286,0.0,05fa1858c39dff2375a721e6bca9362ce86677b0c3fe66fabb115a07dd0081b9
FROZEN_C1_SOURCE_ANCHORED_LINEAR_SOFTMAX,500,45,205439,0.1219047619047619,0.12225121416528942,0.12190476190476189,0.0,e630b7fae9902b5ffd78fe10b1c03d10d027881207b56a09ad6534538a7322e6
FROZEN_C1_SOURCE_ANCHORED_LINEAR_SOFTMAX,500,45,230003,0.1219047619047619,0.12357494565452706,0.12190476190476189,0.0,bf5b5ff70ee8a06c365c4f9b8f34ee7353f2bc7f3b3d8305e51abc1a8a78b84e
FROZEN_C1_SOURCE_ANCHORED_LINEAR_SOFTMAX,500,45,254959,0.12507936507936507,0.1273096603806261,0.12507936507936507,0.00546448087431694,13900d7d31b3aabbc61385d17434456d493853aca27423f767880d3683348062
FROZEN_C1_SOURCE_ANCHORED_LINEAR_SOFTMAX,500,45,280001,0.1165079365079365,0.11898889517249898,0.11650793650793649,0.0,74cabb92b9730210e658ac68e82b31ab40771198c13541d5689a269d63fc0f9b
FROZEN_C1_SOURCE_ANCHORED_LINEAR_SOFTMAX,500,45,305093,0.12380952380952381,0.12535605475556452,0.1238095238095238,0.0,5078098d20b7fa25f6ed4896cf4583b96dbc9ab94a86e83c4d988daaab9426d5
FROZEN_C1_SOURCE_ANCHORED_LINEAR_SOFTMAX,500,45,330017,0.12285714285714286,0.12327041764687585,0.12285714285714286,0.0,9f631a8dad4c83500b28b170890b49fdebcd97c90054fe50cf139f031ed1c6c4
FROZEN_C1_SOURCE_ANCHORED_LINEAR_SOFTMAX,500,45,355031,0.11555555555555555,0.11604194043161128,0.11555555555555554,0.0,114b8c5edec32141bc81167bc1a63a35bde9820e947ba678e192fbf562fd5e91
FROZEN_C1_SOURCE_ANCHORED_LINEAR_SOFTMAX,500,45,380041,0.11682539682539683,0.11856501118503966,0.11682539682539682,0.0,96afc9878c2e843a69f654269a8d874c4c414e52ae2f71606adac7219d416c04
FROZEN_C1_SOURCE_ANCHORED_LINEAR_SOFTMAX,500,45,405019,0.11396825396825397,0.11603918907316897,0.11396825396825395,0.0,3fa1ce5c3bc53d950e79a49fa3565a32861096bef5fdd378cc5c45ee5a5be3a9
FROZEN_C1_SOURCE_ANCHORED_LINEAR_SOFTMAX,500,45,430007,0.12476190476190477,0.12454572287724874,0.12476190476190475,0.0,30539ec66aafcadc31348c2797c4122c38f8ca6ba5551c4e0070e09f71897bcc
FROZEN_C1_SOURCE_ANCHORED_LINEAR_SOFTMAX,500,45,455003,0.11555555555555555,0.11779663623874008,0.11555555555555554,0.0,edfee94a1e195b4ad03051320b36e2fdceb24dc52b7d4dd0f3707022dde618d4
FROZEN_C1_SOURCE_ANCHORED_LINEAR_SOFTMAX,500,45,480017,0.12476190476190477,0.12441256551266298,0.12476190476190475,0.0,c34b14cca5a7078a32ce89fb66f89b974a5e9c0c7e2bf41ee25c7d5f49169322
FROZEN_C1_SOURCE_ANCHORED_LINEAR_SOFTMAX,500,45,505027,0.12476190476190477,0.12485780515466013,0.12476190476190475,0.0,1e273b66793e86dc4b78c938aa18d773c547007faa5b77bab2e2b1a17cdc9596
FROZEN_C1_SOURCE_ANCHORED_LINEAR_SOFTMAX,500,45,530017,0.12476190476190477,0.12669826372371748,0.12476190476190475,0.0,386de2a443b205a5b849276e18570a611df19a52e864350086eea0989cca95f9
FROZEN_C1_SOURCE_ANCHORED_LINEAR_SOFTMAX,500,45,555029,0.12476190476190477,0.12683468134482526,0.12476190476190475,0.0,a6d86e408d90fafe79cb4c0aecba40bb44a8de194ef84191ad2d5363409ff698
FROZEN_C1_SOURCE_ANCHORED_LINEAR_SOFTMAX,500,45,580031,0.1165079365079365,0.11898261091035225,0.11650793650793649,0.0,55bb4bf0bccda599c2c7ebf64b182b42a3827650586775e43b92061f9f7b4f48
FROZEN_C1_SOURCE_ANCHORED_LINEAR_SOFTMAX,500,46,104729,0.17809523809523808,0.18172499679481022,0.17809523809523808,0.07311827956989247,e25045cb1faf222a692ffce9ff39ec1d6552167316e1bc6cb1909816f5fd1741
FROZEN_C1_SOURCE_ANCHORED_LINEAR_SOFTMAX,500,46,130363,0.1761904761904762,0.18132806129893586,0.1761904761904762,0.07311827956989247,a7bf4ff98910f476e3ddb86d3b8c21323958251bd5edbe797ecad575113921ae
FROZEN_C1_SOURCE_ANCHORED_LINEAR_SOFTMAX,500,46,155921,0.17809523809523808,0.18373014720192787,0.17809523809523808,0.07226354941551541,dcf5a1866994d158e51414280ef589a74ec5f3bed044a56cec86ab2fdab5f801
FROZEN_C1_SOURCE_ANCHORED_LINEAR_SOFTMAX,500,46,181081,0.1761904761904762,0.18191942700615907,0.1761904761904762,0.07288317256162916,afd94f48a55419719271763479f33b85ad9140739fa99dd13f26c437fb242f1e
FROZEN_C1_SOURCE_ANCHORED_LINEAR_SOFTMAX,500,46,205439,0.17714285714285713,0.18115227180538954,0.17714285714285713,0.07319698600645856,0086169e29669bfa945f2c705dda6361ff62a4b7d91457da07ae39c47e4e8385
FROZEN_C1_SOURCE_ANCHORED_LINEAR_SOFTMAX,500,46,230003,0.1761904761904762,0.17994959010307934,0.1761904761904762,0.07311827956989247,13cec41d176d14d68fd31e7a3ad78d4ad4fe555009b1d64347601669c47cb72e
FROZEN_C1_SOURCE_ANCHORED_LINEAR_SOFTMAX,500,46,254959,0.17809523809523808,0.1834682713339211,0.17809523809523808,0.07311827956989247,695512da4dce48d8c57e8a08afee2bc0033c73bba39e3a0ce371797c02edd23c
FROZEN_C1_SOURCE_ANCHORED_LINEAR_SOFTMAX,500,46,280001,0.1688888888888889,0.172936759851474,0.1688888888888889,0.011111111111111112,fc3aeee25a2fe3e1061db64b3a78dea46f2cbc2b50858573decdfc42d0d79180
FROZEN_C1_SOURCE_ANCHORED_LINEAR_SOFTMAX,500,46,305093,0.1761904761904762,0.18190492587558443,0.1761904761904762,0.07311827956989247,7dbf5c084eb46690f40a2a3c71325de4c1970bab9cc9db758a3708293bab28a9
FROZEN_C1_SOURCE_ANCHORED_LINEAR_SOFTMAX,500,46,330017,0.1761904761904762,0.18186707569069324,0.1761904761904762,0.07296137339055794,579c6f79a7a7d82a5085619c8bebc112ea89e9447c2e03024e50ce316d0a672e
FROZEN_C1_SOURCE_ANCHORED_LINEAR_SOFTMAX,500,46,355031,0.1761904761904762,0.180394481314551,0.1761904761904762,0.07319698600645856,81af29e15fa8af81fb2dc17b1027b51fc5bf773bf20f61d458a01299411f495e
FROZEN_C1_SOURCE_ANCHORED_LINEAR_SOFTMAX,500,46,380041,0.17809523809523808,0.1836111872589335,0.17809523809523808,0.07311827956989247,8c0073ff99039a19b98dc526959fc61501ee5bd6d30b2d86274eed9f57547120
FROZEN_C1_SOURCE_ANCHORED_LINEAR_SOFTMAX,500,46,405019,0.17809523809523808,0.18172499679481022,0.17809523809523808,0.07311827956989247,e25045cb1faf222a692ffce9ff39ec1d6552167316e1bc6cb1909816f5fd1741
FROZEN_C1_SOURCE_ANCHORED_LINEAR_SOFTMAX,500,46,430007,0.16253968253968254,0.16581292279987858,0.16253968253968254,0.006944444444444444,e891760aca9161de771a82b4e208118791dad5f88e5af0d58e09df892c4129ed
FROZEN_C1_SOURCE_ANCHORED_LINEAR_SOFTMAX,500,46,455003,0.17523809523809525,0.17877931104377512,0.17523809523809522,0.0670995670995671,54f8a1a86e3478d4e6f2bb64c0fe9f9b9e871cd9d1866ead20eef7f4966f1293
FROZEN_C1_SOURCE_ANCHORED_LINEAR_SOFTMAX,500,46,480017,0.17809523809523808,0.18362633205859719,0.17809523809523808,0.07288317256162916,7ce0dfba5fcffc9ddca2f455514d8d4bffb1ac70bc8d902b1e89e37340e123f0
FROZEN_C1_SOURCE_ANCHORED_LINEAR_SOFTMAX,500,46,505027,0.17809523809523808,0.18362633205859719,0.17809523809523808,0.07288317256162916,7ce0dfba5fcffc9ddca2f455514d8d4bffb1ac70bc8d902b1e89e37340e123f0
FROZEN_C1_SOURCE_ANCHORED_LINEAR_SOFTMAX,500,46,530017,0.17714285714285713,0.1806697019077399,0.17714285714285713,0.0668824163969795,72fcae03cbdcbcffb2a48968937a572547320bd4fcb61f36e457923f5fc283dc
FROZEN_C1_SOURCE_ANCHORED_LINEAR_SOFTMAX,500,46,555029,0.17714285714285713,0.18115227180538954,0.17714285714285713,0.07319698600645856,0086169e29669bfa945f2c705dda6361ff62a4b7d91457da07ae39c47e4e8385
FROZEN_C1_SOURCE_ANCHORED_LINEAR_SOFTMAX,500,46,580031,0.16158730158730158,0.16434229709091677,0.16158730158730158,0.0,196ba76bf15628ca09d25dc17e94818f4e456f7cefdbeaddc4be1e85f5d8969f
PARTIAL_C1_ENCODER_FINETUNING_LINEAR_SOFTMAX,7,42,104729,0.16126984126984126,0.15273040323367776,0.16126984126984126,0.0,275d642abb86eac7f15db7b56f40ca26002a9ef1c1a0104b39861cd8b08a94b7
PARTIAL_C1_ENCODER_FINETUNING_LINEAR_SOFTMAX,7,42,130363,0.15968253968253968,0.15001877661256793,0.15968253968253965,0.0,14c2d9d0a409a77898fec286b44176050e4b310fb7b18b9f8b9d92fa76addaee
PARTIAL_C1_ENCODER_FINETUNING_LINEAR_SOFTMAX,7,42,155921,0.19301587301587303,0.18144686531506762,0.19301587301587303,0.010771992818671455,7851a6ccfbc205f4c35ba7e80ef2b92d6f232a37777f1b4ecb8f36bf4bf19d61
PARTIAL_C1_ENCODER_FINETUNING_LINEAR_SOFTMAX,7,42,181081,0.06222222222222222,0.06183761813587555,0.06222222222222222,0.0,ac398f5a19296e0966d316112dfcd0c35d20c47c8d7a7353692d5b7000271684
PARTIAL_C1_ENCODER_FINETUNING_LINEAR_SOFTMAX,7,42,205439,0.16095238095238096,0.16286202989325332,0.16095238095238096,0.0,3214b02b9db50e5388bec476144b634fa2acfb58768b23e5de2dfa1d4c3da6da
PARTIAL_C1_ENCODER_FINETUNING_LINEAR_SOFTMAX,7,42,230003,0.1126984126984127,0.10169604981252615,0.1126984126984127,0.00927357032457496,bd5c0cab22bbcd5ca61e8adad6c40e0f54da924adabd112997f2fd59bec0071f
PARTIAL_C1_ENCODER_FINETUNING_LINEAR_SOFTMAX,7,42,254959,0.16793650793650794,0.15876392751881402,0.1679365079365079,0.02486678507992895,bf6fbda2e3ddef28c28d98bd85f7520db5dc3718965ab99a37723874daaa42c1
PARTIAL_C1_ENCODER_FINETUNING_LINEAR_SOFTMAX,7,42,280001,0.0838095238095238,0.07967240047342392,0.0838095238095238,0.0,7a5e4e47f31f20dfcfe50ca816130d12026afbdfcc802983e04814c536210636
PARTIAL_C1_ENCODER_FINETUNING_LINEAR_SOFTMAX,7,42,305093,0.16825396825396827,0.1657286372216687,0.16825396825396824,0.116751269035533,1eba48b5635789d13569ffca19c84dd2f4318cabcec1dd63c93bc6a5098736b2
PARTIAL_C1_ENCODER_FINETUNING_LINEAR_SOFTMAX,7,42,330017,0.18412698412698414,0.18784062337469437,0.1841269841269841,0.11062590975254731,0f9895ac73555252d26d0ed7b63b5ac1598790003e8b3b85f8590586f20946f9
PARTIAL_C1_ENCODER_FINETUNING_LINEAR_SOFTMAX,7,42,355031,0.17365079365079364,0.17208353532386697,0.17365079365079364,0.0928030303030303,1eb85469576f509a80ac3142ac1b681c32ecb1543f839223e03056cf79225f97
PARTIAL_C1_ENCODER_FINETUNING_LINEAR_SOFTMAX,7,42,380041,0.1457142857142857,0.13737669471410327,0.1457142857142857,0.006872852233676976,7cd24dd99d924df4d4e34dfdfd9cfb0f0f4fe1cdf0a274d261770fc882819c6a
PARTIAL_C1_ENCODER_FINETUNING_LINEAR_SOFTMAX,7,42,405019,0.11047619047619048,0.10158688609323631,0.11047619047619046,0.0,f53684eb5580d0d4267686f4c13b6c447b30973552a63541a99b9dbdeeaed549
PARTIAL_C1_ENCODER_FINETUNING_LINEAR_SOFTMAX,7,42,430007,0.1746031746031746,0.15321404527333657,0.17460317460317462,0.0,132ee7efbe4079935f76271fed4ec7b9d3e6df3ea0a9902b14a166db85398fe9
PARTIAL_C1_ENCODER_FINETUNING_LINEAR_SOFTMAX,7,42,455003,0.15079365079365079,0.13702211660281213,0.15079365079365079,0.0,9d15097f940e7328f9f0b11f398099258c7dd60c7546c7233fbd73eea624c76d
PARTIAL_C1_ENCODER_FINETUNING_LINEAR_SOFTMAX,7,42,480017,0.11873015873015873,0.09251454378289777,0.11873015873015873,0.0,fb532c1f81191564eabffa956be20ff0c576fb6af17ceaa0210f01d6fea99694
PARTIAL_C1_ENCODER_FINETUNING_LINEAR_SOFTMAX,7,42,505027,0.1180952380952381,0.11476360651212947,0.1180952380952381,0.0,2c33ed2eb738d06f72a130d89ce86f0dd898612abd20a26601c90602c242611c
PARTIAL_C1_ENCODER_FINETUNING_LINEAR_SOFTMAX,7,42,530017,0.16158730158730158,0.14805355563617692,0.16158730158730158,0.0,5e5ef3e1f53f495c79b94c7a6246c5f9204938a97d6343becd8560c853d28239
PARTIAL_C1_ENCODER_FINETUNING_LINEAR_SOFTMAX,7,42,555029,0.0980952380952381,0.07509116791488389,0.0980952380952381,0.0,409a20853046e5e9041fb624ea932e06dc7a625245944fea942832b0b93a0dd9
PARTIAL_C1_ENCODER_FINETUNING_LINEAR_SOFTMAX,7,42,580031,0.16317460317460317,0.1571675402155121,0.16317460317460317,0.0,407edc74bc82d92883c3a4c8a414ba1b7e93c5f1c58d353b4010c49b318bc080
PARTIAL_C1_ENCODER_FINETUNING_LINEAR_SOFTMAX,7,43,104729,0.13777777777777778,0.1363739469559136,0.1377777777777778,0.009316770186335404,4e54a2d4768d03ba213223799008225b61fa4c486d9602ef3777a56604865bdb
PARTIAL_C1_ENCODER_FINETUNING_LINEAR_SOFTMAX,7,43,130363,0.15841269841269842,0.14839161175852003,0.15841269841269842,0.0,f696619ff98f872024075a7a28ff4020bab3b44732a595c74bbc73a45ed14ed2
PARTIAL_C1_ENCODER_FINETUNING_LINEAR_SOFTMAX,7,43,155921,0.16507936507936508,0.15304096873316966,0.16507936507936508,0.0,aec972f2f920ff220fce6caf049e5ea76a5af7352b5e07f23e62dd13624c741e
PARTIAL_C1_ENCODER_FINETUNING_LINEAR_SOFTMAX,7,43,181081,0.1,0.08547767910135118,0.09999999999999999,0.0,e38fad494dd4cf27f597d53cc8271987d3d69063aba1e72df3a652d1bfa080f5
PARTIAL_C1_ENCODER_FINETUNING_LINEAR_SOFTMAX,7,43,205439,0.13746031746031745,0.14088888480365072,0.13746031746031745,0.0667361835245047,a81f84f02a553dbf90aaa516381b4b8e5405c24cc6a17dc00c369eb33fe5ff1a
PARTIAL_C1_ENCODER_FINETUNING_LINEAR_SOFTMAX,7,43,230003,0.14603174603174604,0.13101844044133776,0.146031746031746,0.0,6d2271e105d0a544608a83b5eb403edc307bac69622f322b87e331e7fc16202a
PARTIAL_C1_ENCODER_FINETUNING_LINEAR_SOFTMAX,7,43,254959,0.13904761904761906,0.12636080595957247,0.13904761904761906,0.0,800fb5190ebcbd46245823c7a0fe355ee6453d2458dbb7ef50442bec4177a8ef
PARTIAL_C1_ENCODER_FINETUNING_LINEAR_SOFTMAX,7,43,280001,0.11174603174603175,0.09431192034758794,0.11174603174603173,0.0,cad8c25c8587ccdae6527be97d94d9cdd038f2ea7c99455f1765346a73b82497
PARTIAL_C1_ENCODER_FINETUNING_LINEAR_SOFTMAX,7,43,305093,0.13206349206349208,0.11538414906239496,0.13206349206349208,0.0,bb58a7a5d8e190a29183572fc11108dff5a4e8031e7181f08a774506b2c6f6f4
PARTIAL_C1_ENCODER_FINETUNING_LINEAR_SOFTMAX,7,43,330017,0.0892063492063492,0.08834797928948253,0.08920634920634919,0.0,7f0beda6fb9119cccfe442397c40b88cc332a87b3f9f0d83efab2e45fcdd48d6
PARTIAL_C1_ENCODER_FINETUNING_LINEAR_SOFTMAX,7,43,355031,0.07936507936507936,0.07520545867794189,0.07936507936507937,0.005581395348837209,e292b5e670c0011b2628b4c8615c897662aa9476ee92789a1b53c0f89eed518c
PARTIAL_C1_ENCODER_FINETUNING_LINEAR_SOFTMAX,7,43,380041,0.1565079365079365,0.1569292305860674,0.1565079365079365,0.10764262648008611,0f2e42b89de630e89c8cd51a29cdaaa927a435607c8a5a8c212e7bd80c6a8fe4
PARTIAL_C1_ENCODER_FINETUNING_LINEAR_SOFTMAX,7,43,405019,0.1895238095238095,0.17991052779926003,0.1895238095238095,0.0,bd2c368228324867960738dfab0b76d5a3cffcb22bdf855c1d09c1a18de8e79f
PARTIAL_C1_ENCODER_FINETUNING_LINEAR_SOFTMAX,7,43,430007,0.1346031746031746,0.12411026215076357,0.1346031746031746,0.0,e2d0cfdf7c3dc709d128c77ed25ce396fa7627f398f1a34235c3088ca728ebc1
PARTIAL_C1_ENCODER_FINETUNING_LINEAR_SOFTMAX,7,43,455003,0.11206349206349206,0.09838262199587332,0.11206349206349207,0.0,6e4091a20ac3c05e5ea95099188ebfd88eafb5c404688f18a178bd029e20e73f
PARTIAL_C1_ENCODER_FINETUNING_LINEAR_SOFTMAX,7,43,480017,0.10603174603174603,0.08584657639576673,0.10603174603174602,0.0,33a563a487358890ae6d5a943525d2fdf9f95baec0dbd92c9c87a4309a8af6e5
PARTIAL_C1_ENCODER_FINETUNING_LINEAR_SOFTMAX,7,43,505027,0.11079365079365079,0.09906138617741982,0.11079365079365076,0.0,da6e1ad2c88a30b669d3c48590be80b1ca3c824928b2e8f97fb33ac1be2712a3
PARTIAL_C1_ENCODER_FINETUNING_LINEAR_SOFTMAX,7,43,530017,0.1546031746031746,0.1352913164069211,0.1546031746031746,0.0,a552569e90dd069dda86985a72dfe65eee81727a0c3c28db77d964c4a32d4a20
PARTIAL_C1_ENCODER_FINETUNING_LINEAR_SOFTMAX,7,43,555029,0.12317460317460317,0.12113267953166916,0.12317460317460319,0.0,3654cd1ab447d6dd0e00128498ba378772e329fca9657c564d2a2a406ba7dd86
PARTIAL_C1_ENCODER_FINETUNING_LINEAR_SOFTMAX,7,43,580031,0.14253968253968255,0.14492868222028293,0.14253968253968255,0.007926023778071334,4439074c240f645d391600887b9c65e840d6a699b122ecac90fe96fd5cfd555c
PARTIAL_C1_ENCODER_FINETUNING_LINEAR_SOFTMAX,7,44,104729,0.12857142857142856,0.11786818110885279,0.1285714285714286,0.0,e0cfa4492c1dc5761710e4c89fa8bcf667bcaeac2d68af53165a3e322d9d5840
PARTIAL_C1_ENCODER_FINETUNING_LINEAR_SOFTMAX,7,44,130363,0.1403174603174603,0.13436661243076767,0.1403174603174603,0.0,02aa3f009a987ea61b20a22cb66bf4ba418b5dab77c47b38cf2a3444f166459d
PARTIAL_C1_ENCODER_FINETUNING_LINEAR_SOFTMAX,7,44,155921,0.1622222222222222,0.16431029110703313,0.1622222222222222,0.0,4bbc225bfab68f1562e2c626f646460f829599672b06fc27b0528fec6826ab2c
PARTIAL_C1_ENCODER_FINETUNING_LINEAR_SOFTMAX,7,44,181081,0.15333333333333332,0.14061579577839634,0.15333333333333332,0.0,c1a19115d4a5d6ea2142918962a4f1be440e34201929fb1e9c981957226bad16
PARTIAL_C1_ENCODER_FINETUNING_LINEAR_SOFTMAX,7,44,205439,0.10952380952380952,0.1062213382537851,0.10952380952380951,0.0,4932d2c979e9b4502e7c592e536314828154407800cd99d89c6cfe40e69c10db
PARTIAL_C1_ENCODER_FINETUNING_LINEAR_SOFTMAX,7,44,230003,0.19174603174603175,0.18069736848665086,0.19174603174603178,0.0,c0cb780d7a1ead35885582f4bdc2a9bb586a5e7e38fe9383c27d701de09f51fb
PARTIAL_C1_ENCODER_FINETUNING_LINEAR_SOFTMAX,7,44,254959,0.10793650793650794,0.10681630041417747,0.10793650793650793,0.0023446658851113715,846aa8478e2f3f0bb0662aa8719e89b44b1251efb0e09bd1e8dfe1f3526c8453
PARTIAL_C1_ENCODER_FINETUNING_LINEAR_SOFTMAX,7,44,280001,0.1473015873015873,0.12506330149798445,0.1473015873015873,0.0,132ff2ac3b23584aaa6c8be7cea65e5dca37c84fde9aae7934db77c8f8ebb758
PARTIAL_C1_ENCODER_FINETUNING_LINEAR_SOFTMAX,7,44,305093,0.12476190476190477,0.11171117919755824,0.12476190476190475,0.0,58d52a06888eef536bf03b76a06649ae240f97cf480be0df9a1e3084b3580051
PARTIAL_C1_ENCODER_FINETUNING_LINEAR_SOFTMAX,7,44,330017,0.09142857142857143,0.09256091591223105,0.09142857142857143,0.002061855670103093,2bd98c9e501c5652664e904c2a2a302cc4b83fa2967d046bcd85eaa5fa3e8acb
PARTIAL_C1_ENCODER_FINETUNING_LINEAR_SOFTMAX,7,44,355031,0.12380952380952381,0.12596209140603404,0.1238095238095238,0.007058823529411765,f68e1b5358aa13b77c9a7e2a3efdc7192414bed4800971aef9f0fd503869d4fe
PARTIAL_C1_ENCODER_FINETUNING_LINEAR_SOFTMAX,7,44,380041,0.11492063492063492,0.10511432473547098,0.11492063492063494,0.00821917808219178,96b6c9391894141665b4a6da5c12251834fc71ca94297669a050e4f579fb812e
PARTIAL_C1_ENCODER_FINETUNING_LINEAR_SOFTMAX,7,44,405019,0.11555555555555555,0.10532345504428221,0.11555555555555555,0.0,4694292e6ed03b6db7aa60f0295e15abee6ad3d43371c3828316cc2472141bb1
PARTIAL_C1_ENCODER_FINETUNING_LINEAR_SOFTMAX,7,44,430007,0.1946031746031746,0.18192091229394308,0.19460317460317458,0.0,01a6f863a7cd4f63a65f7f841c0d26ca8c1ee77dc7a0d63ef498d02bcb58787d
PARTIAL_C1_ENCODER_FINETUNING_LINEAR_SOFTMAX,7,44,455003,0.15301587301587302,0.14105222601302417,0.15301587301587302,0.0030120481927710845,f0b4545bfdd5d475dbc36710d547451ce67633ffa418464cdd62a35acf9f7653
PARTIAL_C1_ENCODER_FINETUNING_LINEAR_SOFTMAX,7,44,480017,0.14317460317460318,0.13736130984347467,0.14317460317460315,0.002457002457002457,ac521e978d0928e095786867cc69162ada5f0a497f06f6b47917aed4179284f9
PARTIAL_C1_ENCODER_FINETUNING_LINEAR_SOFTMAX,7,44,505027,0.1546031746031746,0.1504020277304963,0.1546031746031746,0.0,8710d1a3e55d7a571527ed110f97ced9ffd8c9c18574047da5338234d2a884b5
PARTIAL_C1_ENCODER_FINETUNING_LINEAR_SOFTMAX,7,44,530017,0.15904761904761905,0.14893116948565274,0.15904761904761905,0.0,46fa5aa5e25a1a432511bc8e777a8839d1f6781de4641664455b29571029ca1f
PARTIAL_C1_ENCODER_FINETUNING_LINEAR_SOFTMAX,7,44,555029,0.1580952380952381,0.14955658059307458,0.15809523809523807,0.0,eb6258c657a47c72442da7b66777f0143524ea955fe458d3bbc750e248f6179f
PARTIAL_C1_ENCODER_FINETUNING_LINEAR_SOFTMAX,7,44,580031,0.11587301587301588,0.10745685317096133,0.11587301587301588,0.0,a5ee81a36be24fe68299a66410a11501b42030bec09cdf672b125c733208ba88
PARTIAL_C1_ENCODER_FINETUNING_LINEAR_SOFTMAX,7,45,104729,0.10412698412698412,0.09049721472552053,0.10412698412698411,0.0,fe40bdc8aa3e49a054a78c4903553e4c88ad7dd2390f478f8da1b735beb6c1f4
PARTIAL_C1_ENCODER_FINETUNING_LINEAR_SOFTMAX,7,45,130363,0.10317460317460317,0.08873603924122839,0.10317460317460315,0.0,5dd33314942b2eeeb7f1fc2a336f6502f54401547eb9f51c5462a3c1f2a20432
PARTIAL_C1_ENCODER_FINETUNING_LINEAR_SOFTMAX,7,45,155921,0.173015873015873,0.1711862580096278,0.17301587301587304,0.023965141612200435,8b409f10e077141b0472630f76e0f4b74a1a54a96a3ee6043cef447e0359f9a9
PARTIAL_C1_ENCODER_FINETUNING_LINEAR_SOFTMAX,7,45,181081,0.10888888888888888,0.10668736157453008,0.1088888888888889,0.0,482dfdfabcb0e2c676ace6b650524d37c1154302dd9c104e48133530f55e032e
PARTIAL_C1_ENCODER_FINETUNING_LINEAR_SOFTMAX,7,45,205439,0.12825396825396826,0.11825981230695025,0.12825396825396826,0.0,d979a95e3de1c7b4da657060e79a25d8c65dcf37ad06f6e31a39c346022d7c21
PARTIAL_C1_ENCODER_FINETUNING_LINEAR_SOFTMAX,7,45,230003,0.12603174603174602,0.1003797212028967,0.12603174603174602,0.0,328c1607f1395b47714eca8ac2ccabd2ece0063da473d754ed01d3e519ba4b57
PARTIAL_C1_ENCODER_FINETUNING_LINEAR_SOFTMAX,7,45,254959,0.10476190476190476,0.10164637055111728,0.10476190476190476,0.0,96d0491e596a68c671b394d5df47eef34a7a27c1f06b267fe5e83fc20652f80a
PARTIAL_C1_ENCODER_FINETUNING_LINEAR_SOFTMAX,7,45,280001,0.1434920634920635,0.14719149617169053,0.1434920634920635,0.00211864406779661,676308cdafb1ec17974b2b1813a0237527c7f2ab7e53e61282fb50787af39768
PARTIAL_C1_ENCODER_FINETUNING_LINEAR_SOFTMAX,7,45,305093,0.09777777777777778,0.08610636417528275,0.09777777777777776,0.0,819bf53b42a8a83ca81454fc970bd7962c081a65513aa1fe3aedc358efa7507a
PARTIAL_C1_ENCODER_FINETUNING_LINEAR_SOFTMAX,7,45,330017,0.10634920634920635,0.0982368247576967,0.10634920634920635,0.0,0406010772925a60064354f6bb15fda9529cae346f6c32363b6e1fc753adf56f
PARTIAL_C1_ENCODER_FINETUNING_LINEAR_SOFTMAX,7,45,355031,0.0926984126984127,0.08759018041151542,0.0926984126984127,0.0,f1ee16e37efb8a165dada739a4d75fbf62e829f01ffb283f9861f3bec3797e4d
PARTIAL_C1_ENCODER_FINETUNING_LINEAR_SOFTMAX,7,45,380041,0.11682539682539683,0.11307729445557044,0.11682539682539682,0.0057306590257879654,7fdbd6faf8caf8d04dfe801cc18b5f47e8bb260dcadd5a3d117baacf2e6e5737
PARTIAL_C1_ENCODER_FINETUNING_LINEAR_SOFTMAX,7,45,405019,0.12349206349206349,0.12508010034864256,0.12349206349206347,0.0,23f587565123ccba7c4ba9ccd5178d3b25f136e14951314dc8209ec516bcc4af
PARTIAL_C1_ENCODER_FINETUNING_LINEAR_SOFTMAX,7,45,430007,0.12412698412698413,0.1155587917257302,0.1241269841269841,0.0,5c4daa2032b28bc3e20591d0cfb72cffd3875d88cdb1fddad8af635f82f9cab8
PARTIAL_C1_ENCODER_FINETUNING_LINEAR_SOFTMAX,7,45,455003,0.10984126984126984,0.10381284251841817,0.10984126984126984,0.0,47fc878776e6699179c7a07b0b8fa9cd1f46d4a03489d22ceace3fcf99bd15ee
PARTIAL_C1_ENCODER_FINETUNING_LINEAR_SOFTMAX,7,45,480017,0.11777777777777777,0.10992125467189143,0.11777777777777779,0.0,d9652138f02246d8a680cfa6b7e5d2b4b760ecd94888141f38fefff311a1c7df
PARTIAL_C1_ENCODER_FINETUNING_LINEAR_SOFTMAX,7,45,505027,0.09587301587301587,0.08936658315238673,0.09587301587301586,0.0,e82aab546a49bd1543109f38558139ec43fa943fac2fc03be18556f503653c25
PARTIAL_C1_ENCODER_FINETUNING_LINEAR_SOFTMAX,7,45,530017,0.15206349206349207,0.1457060720477219,0.15206349206349204,0.0,eff5281bcae12a0cf9f6ac287a8a5ee3378bcce77a72dc1451bebf04965ffa1c
PARTIAL_C1_ENCODER_FINETUNING_LINEAR_SOFTMAX,7,45,555029,0.13365079365079366,0.14408800390202342,0.13365079365079366,0.00909090909090909,14b8b582e5f22cb09daf1b989637449977b13f549368056ca3d68948a910e545
PARTIAL_C1_ENCODER_FINETUNING_LINEAR_SOFTMAX,7,45,580031,0.10507936507936508,0.09119152080734096,0.10507936507936508,0.0,1f66f01d3d74ac37d018be75144687459512f535601e6b583dd9d9846d109ab9
PARTIAL_C1_ENCODER_FINETUNING_LINEAR_SOFTMAX,7,46,104729,0.14825396825396825,0.1276885665255606,0.14825396825396828,0.0,0d5171829cea5b404c4c865d080693af071dc63ae903abb0b57ff0dd25dc775d
PARTIAL_C1_ENCODER_FINETUNING_LINEAR_SOFTMAX,7,46,130363,0.13904761904761906,0.12667507295959374,0.13904761904761906,0.0,7450f81bc872bd9b582e2eb037268d22543c150f6b9ad2f11c7ed056f5021d73
PARTIAL_C1_ENCODER_FINETUNING_LINEAR_SOFTMAX,7,46,155921,0.16253968253968254,0.1679423255314754,0.16253968253968254,0.0,7eb1e1c8a0ed54c13d8105aa6e6870bb18bd2fe9a72b88416bfae1716093d9b3
PARTIAL_C1_ENCODER_FINETUNING_LINEAR_SOFTMAX,7,46,181081,0.13047619047619047,0.12882965584659087,0.13047619047619047,0.0,4f150be9141d417741ecd6b8a12f31a0a68b4f2d438e42ce03fe36286a1d57ce
PARTIAL_C1_ENCODER_FINETUNING_LINEAR_SOFTMAX,7,46,205439,0.13142857142857142,0.12101481642154699,0.13142857142857142,0.0,a8fe2c0ad6aa99817021627cd8ee41088a15290c193c7b32a3155f1af67b34f1
PARTIAL_C1_ENCODER_FINETUNING_LINEAR_SOFTMAX,7,46,230003,0.18063492063492065,0.18354410019243156,0.18063492063492065,0.0,e079e0b60af49e430e720d8905cc31c9830219a80724a88f058f0dd7ff4875d0
PARTIAL_C1_ENCODER_FINETUNING_LINEAR_SOFTMAX,7,46,254959,0.13047619047619047,0.12405544918327836,0.13047619047619047,0.0,d54fbaef8df8828cb2442a335f080bdb56313ed451eec7336df245ebd7ad5636
PARTIAL_C1_ENCODER_FINETUNING_LINEAR_SOFTMAX,7,46,280001,0.16031746031746033,0.14714869200653632,0.16031746031746033,0.0,4a0b4a7c371b6ca731cacf25459c8ee65a6c5fabea2a5a5b19a7355004be9d77
PARTIAL_C1_ENCODER_FINETUNING_LINEAR_SOFTMAX,7,46,305093,0.13047619047619047,0.11722591470778253,0.13047619047619047,0.0,da7dccc0e379d6f3b0f2e29b3e172412527764e5a3d9fdab3f9a257553ecf3d4
PARTIAL_C1_ENCODER_FINETUNING_LINEAR_SOFTMAX,7,46,330017,0.12603174603174602,0.10071801451594235,0.12603174603174602,0.0,170653d444ace80df8c97d2caafd51c577be6ac3673d80090849472b2df9b6dd
PARTIAL_C1_ENCODER_FINETUNING_LINEAR_SOFTMAX,7,46,355031,0.08126984126984127,0.06753691249198536,0.08126984126984127,0.0,a93c1930e5eb3c80be2ad26824b21575b70507977a7e2f2a372489f9b91b5878
PARTIAL_C1_ENCODER_FINETUNING_LINEAR_SOFTMAX,7,46,380041,0.14984126984126983,0.13211072364581963,0.14984126984126986,0.0,cb4bb0721ce1bfcb1144a28e1fe4fa35b399da8b9a23dbaefd8c588a41056925
PARTIAL_C1_ENCODER_FINETUNING_LINEAR_SOFTMAX,7,46,405019,0.16031746031746033,0.13423894941340594,0.16031746031746033,0.0,cb8d58d5a3b12e1e6a1c6f146392e18481db4a39d99e54c270cf9932fafc691c
PARTIAL_C1_ENCODER_FINETUNING_LINEAR_SOFTMAX,7,46,430007,0.1438095238095238,0.1429638577543156,0.14380952380952383,0.0,81fc829b1e022c71667ab07fb276203af6c813bc365b783b9d0d8ed1d5e2b936
PARTIAL_C1_ENCODER_FINETUNING_LINEAR_SOFTMAX,7,46,455003,0.08031746031746032,0.06992542435429497,0.08031746031746032,0.0,f1d50cd72ff44ffd2e13125c5392fda7ebeea9872a365f6639ef3b6fd7a9b8ed
PARTIAL_C1_ENCODER_FINETUNING_LINEAR_SOFTMAX,7,46,480017,0.12634920634920635,0.10768567457783149,0.12634920634920635,0.0,0e7521d20508292978c4cc58fd80a9c45827e1ae76705ba90efdc0433f1d616a
PARTIAL_C1_ENCODER_FINETUNING_LINEAR_SOFTMAX,7,46,505027,0.09238095238095238,0.07907640538665842,0.09238095238095238,0.0,a641bd32cea9cde25f7196f6a528a6fc6b4b6510a129c7b6824f087451f73469
PARTIAL_C1_ENCODER_FINETUNING_LINEAR_SOFTMAX,7,46,530017,0.1895238095238095,0.19111017227956875,0.1895238095238095,0.0,012874e6ae27a07100d101792b5a52b03d640dc874e700e53ee0d772cbb9a389
PARTIAL_C1_ENCODER_FINETUNING_LINEAR_SOFTMAX,7,46,555029,0.10126984126984127,0.09632644110947597,0.10126984126984127,0.0,be0afbc174f790ddaee990d0b7c338f5752f0d37b9106fb470754a5955a8ded0
PARTIAL_C1_ENCODER_FINETUNING_LINEAR_SOFTMAX,7,46,580031,0.16063492063492063,0.14436252673694597,0.16063492063492063,0.0,2986e2124546ace296218f52ca28c51a076e5aaec21b64cd108aa6313667613d
PARTIAL_C1_ENCODER_FINETUNING_LINEAR_SOFTMAX,35,42,104729,0.14126984126984127,0.13918491988629797,0.14126984126984127,0.00847457627118644,933d67efc8f0ec2617652ba7ab2866a3fe785feade45bfab33b5b9dc461f3e14
PARTIAL_C1_ENCODER_FINETUNING_LINEAR_SOFTMAX,35,42,130363,0.12761904761904763,0.12634514953052223,0.1276190476190476,0.0,d9c7d480ad312c922687c6f165b0a2d328e6ab19a433d76499186d8f4e7d7b41
PARTIAL_C1_ENCODER_FINETUNING_LINEAR_SOFTMAX,35,42,155921,0.1526984126984127,0.15084767273343117,0.1526984126984127,0.0262582056892779,fceb2c9c8245608bb9dc22a209ee412b3aa1361dd69920ef0651cce8645ff844
PARTIAL_C1_ENCODER_FINETUNING_LINEAR_SOFTMAX,35,42,181081,0.14222222222222222,0.14463283589708018,0.14222222222222222,0.026200873362445413,815b0f0e5639d58714ccb2f73fc68424bfdd459b9cf0c468879ca73061a05b13
PARTIAL_C1_ENCODER_FINETUNING_LINEAR_SOFTMAX,35,42,205439,0.1568253968253968,0.15971566090210693,0.15682539682539684,0.036585365853658534,1f7c049d0668cc6326a2346832abad2771c2f2bc721e62cf0402940bd2f3c530
PARTIAL_C1_ENCODER_FINETUNING_LINEAR_SOFTMAX,35,42,230003,0.13682539682539682,0.13888969823713984,0.13682539682539682,0.007042253521126761,73a5ca011afd03034b107f9f9fd7edd79a594a47c54b66bf87df9f465c2ff37b
PARTIAL_C1_ENCODER_FINETUNING_LINEAR_SOFTMAX,35,42,254959,0.13015873015873017,0.12941882023230175,0.13015873015873017,0.0,648af1863388007957231d0407a6d3767fa69f1edae79368a78d1a4f56c16f48
PARTIAL_C1_ENCODER_FINETUNING_LINEAR_SOFTMAX,35,42,280001,0.12063492063492064,0.12197466891628085,0.12063492063492064,0.02497398543184183,c4b51d30cb7596c0042f5377b47dbea11dcd9608f3f08f47b2ddbd5375f51f18
PARTIAL_C1_ENCODER_FINETUNING_LINEAR_SOFTMAX,35,42,305093,0.1403174603174603,0.134638982965235,0.1403174603174603,0.0,a9aea90972980252d484b1789cb7acb9eaa63d5db210865d80998c7ae92c202f
PARTIAL_C1_ENCODER_FINETUNING_LINEAR_SOFTMAX,35,42,330017,0.15206349206349207,0.15430925554111755,0.15206349206349204,0.029239766081871343,6c0f69d5f6e821df82dfcbc8f0bf1d61413db5c4dccb74fe7ca2040f14b347c8
PARTIAL_C1_ENCODER_FINETUNING_LINEAR_SOFTMAX,35,42,355031,0.14063492063492064,0.14129452113632654,0.14063492063492064,0.007978723404255319,e6cb9759fab0233e362242bf1728a76063f762932d9a6e2b3dcfc5c8debf58f2
PARTIAL_C1_ENCODER_FINETUNING_LINEAR_SOFTMAX,35,42,380041,0.1726984126984127,0.1688513640450375,0.1726984126984127,0.12043435340572557,ec58cf9aea6886dc76d512366a788e4b2d17db64db2f4c2cce2246170d12f48e
PARTIAL_C1_ENCODER_FINETUNING_LINEAR_SOFTMAX,35,42,405019,0.14507936507936509,0.14905324665931857,0.14507936507936509,0.029556650246305417,6672fa19bf6e73e16cfdf5bf29ff3e9105928fa1447c4dfc3a87a8683c9ffeb7
PARTIAL_C1_ENCODER_FINETUNING_LINEAR_SOFTMAX,35,42,430007,0.12825396825396826,0.1258769492927377,0.12825396825396826,0.0,4f6435c54803038254392a1a61a46b12227bd14aefaa75f71ec06bbfbc459bf9
PARTIAL_C1_ENCODER_FINETUNING_LINEAR_SOFTMAX,35,42,455003,0.14412698412698413,0.13902036601671355,0.14412698412698413,0.0,bfcea78882273051baf6112a1a2bb863501900c5acefb61c241a1a145310a320
PARTIAL_C1_ENCODER_FINETUNING_LINEAR_SOFTMAX,35,42,480017,0.1273015873015873,0.1284381542550176,0.1273015873015873,0.006263048016701462,e520299227a2df6233825b2704a01acfb72332d0a3e6436db0c7d68f8d9cfa1e
PARTIAL_C1_ENCODER_FINETUNING_LINEAR_SOFTMAX,35,42,505027,0.12603174603174602,0.12197300610743508,0.12603174603174602,0.0,2c82ee43ec8dcb62e42b133fbde44c12efa65404c301bc5754bdfa56eb4ec00c
PARTIAL_C1_ENCODER_FINETUNING_LINEAR_SOFTMAX,35,42,530017,0.19015873015873017,0.19006400378788005,0.19015873015873017,0.10325476992143659,656b7073613049abfbfe8c87f2f9c0cfc7d9b028e6ccc340b7e2d16b117e20ce
PARTIAL_C1_ENCODER_FINETUNING_LINEAR_SOFTMAX,35,42,555029,0.20412698412698413,0.20789046232878414,0.20412698412698413,0.10931899641577061,7008226e6b951bbe965ffe8b3d5dedf4388894a76074a09735087b6267b403e3
PARTIAL_C1_ENCODER_FINETUNING_LINEAR_SOFTMAX,35,42,580031,0.16507936507936508,0.16731844462056106,0.16507936507936508,0.0944558521560575,ce0c9b4e4693cb67027967aac919f941a81a1cbf924ceadd739094b7c24017f3
PARTIAL_C1_ENCODER_FINETUNING_LINEAR_SOFTMAX,35,43,104729,0.19650793650793652,0.18826455239540255,0.19650793650793652,0.09473684210526316,bd8fa0ed0a29a16c54efa85cdacdb59a346fb54fe90fd381538e2ec527d599d6
PARTIAL_C1_ENCODER_FINETUNING_LINEAR_SOFTMAX,35,43,130363,0.17396825396825397,0.17148809027227732,0.17396825396825397,0.0,2ea404333511105c080f71ca44b5133d790dfdb279cb9fa76520d1dea75aa2f9
PARTIAL_C1_ENCODER_FINETUNING_LINEAR_SOFTMAX,35,43,155921,0.1873015873015873,0.18270731915723668,0.1873015873015873,0.0,1ff428b331f0f4613548afc4fccac8bf8f20e13fa5b28e2a4007ce5d75df8b3a
PARTIAL_C1_ENCODER_FINETUNING_LINEAR_SOFTMAX,35,43,181081,0.1403174603174603,0.1389061327123556,0.1403174603174603,0.007050528789659225,e8c3a4251297f8eaf2ac79c9d3731c5c098863446fb62394c10c6f6c42517e70
PARTIAL_C1_ENCODER_FINETUNING_LINEAR_SOFTMAX,35,43,205439,0.2015873015873016,0.19764129635789315,0.2015873015873016,0.08991825613079019,5414a797c857b2b43948c03511c09b74f750ae9a5f74817a7537815fe10f1144
PARTIAL_C1_ENCODER_FINETUNING_LINEAR_SOFTMAX,35,43,230003,0.1796825396825397,0.1737112654576142,0.17968253968253967,0.09116022099447514,eb13b0e5d3fda1ec2d321a611087de738a54004d7f951667d4eba2aa943ddccc
PARTIAL_C1_ENCODER_FINETUNING_LINEAR_SOFTMAX,35,43,254959,0.15301587301587302,0.15315458713896551,0.15301587301587302,0.0,fd2caaa35733c3d90a823cf62b6fff3743bb104fc5be844aa03191cf097d5e13
PARTIAL_C1_ENCODER_FINETUNING_LINEAR_SOFTMAX,35,43,280001,0.14063492063492064,0.13444879693756934,0.14063492063492064,0.007001166861143524,22525b8ee0ce92314f473a5363b2f7f467b6ed363b7f5195fb95f77010963a80
PARTIAL_C1_ENCODER_FINETUNING_LINEAR_SOFTMAX,35,43,305093,0.17238095238095238,0.16323837837065852,0.17238095238095238,0.0075,1153c964c6a1c473399c2f33d99ac02422a47e9c5e14871f84b634cf9d0fd127
PARTIAL_C1_ENCODER_FINETUNING_LINEAR_SOFTMAX,35,43,330017,0.1346031746031746,0.12215810701211134,0.13460317460317459,0.0,80000c8d1d4df6c13c117f242321cac03f0f816c5845bdec0927700a37f16002
PARTIAL_C1_ENCODER_FINETUNING_LINEAR_SOFTMAX,35,43,355031,0.1419047619047619,0.13498622807712737,0.1419047619047619,0.0,c48506f1242c9842d0f6bc37e2fbe05f885bd4a0ac3c32a21e976db30957de19
PARTIAL_C1_ENCODER_FINETUNING_LINEAR_SOFTMAX,35,43,380041,0.13968253968253969,0.12523747228490506,0.13968253968253969,0.0,c9c4d49886f0c5df1ebf53d8f09100035b3e90aad3aef0962b7443eb0a55bb6a
PARTIAL_C1_ENCODER_FINETUNING_LINEAR_SOFTMAX,35,43,405019,0.1457142857142857,0.13417153592257464,0.1457142857142857,0.0,1c31e3b4dfd3896bb9698c1c9bf811c59b43b19767c9cd0a99dd169191f3e398
PARTIAL_C1_ENCODER_FINETUNING_LINEAR_SOFTMAX,35,43,430007,0.16095238095238096,0.1542493765302684,0.16095238095238096,0.0,01b396414787ece32b18601835bb3aa7c2a7d5de5c07d58c26f6b9f4301b53b7
PARTIAL_C1_ENCODER_FINETUNING_LINEAR_SOFTMAX,35,43,455003,0.16317460317460317,0.15893912379015224,0.16317460317460317,0.007416563658838072,fdebca2740cf2bab94cae15d1457e5385a9e89279a67f5cdfd575dba33b27ade
PARTIAL_C1_ENCODER_FINETUNING_LINEAR_SOFTMAX,35,43,480017,0.1765079365079365,0.16034779107780528,0.1765079365079365,0.0,ae7e0bcc61a88be5a4791d4e229af0a0b999794665fa10784a2d4d936e667cf0
PARTIAL_C1_ENCODER_FINETUNING_LINEAR_SOFTMAX,35,43,505027,0.1853968253968254,0.17919227000797605,0.1853968253968254,0.01692524682651622,924da13303c51634f2f10f330a26af846d46dfb01fca870a32439c4dac155fe9
PARTIAL_C1_ENCODER_FINETUNING_LINEAR_SOFTMAX,35,43,530017,0.13142857142857142,0.12209404172629432,0.13142857142857142,0.0,1252f5775d354e314364b43b77ad6ec9a43cc597b2ff2982c9f6486cfaaf02a7
PARTIAL_C1_ENCODER_FINETUNING_LINEAR_SOFTMAX,35,43,555029,0.14761904761904762,0.1446390998132149,0.1476190476190476,0.0,02524d270094ab79748b0b2ce1849c1f7583d78af7b0c2b0ba193471c7a5b10a
PARTIAL_C1_ENCODER_FINETUNING_LINEAR_SOFTMAX,35,43,580031,0.14412698412698413,0.14743251273283234,0.14412698412698413,0.0,e59099aacb6ba3ab2bcea372f3af04fc5ba1ed3909854b5cae407b6c2cdacd89
PARTIAL_C1_ENCODER_FINETUNING_LINEAR_SOFTMAX,35,44,104729,0.13682539682539682,0.13438456005431304,0.13682539682539682,0.006369426751592357,9d9b69c8561c0064a67705b9ede028327767957a9fdb2d0f00443c895c2ab743
PARTIAL_C1_ENCODER_FINETUNING_LINEAR_SOFTMAX,35,44,130363,0.10857142857142857,0.10831530329949438,0.10857142857142857,0.008221993833504625,7f01fb19df8cc41be5f4f02d356f85ff5d72963d5aeff7bf380b45dd6acd4f83
PARTIAL_C1_ENCODER_FINETUNING_LINEAR_SOFTMAX,35,44,155921,0.1126984126984127,0.1101031330736875,0.1126984126984127,0.0026702269692923898,b8c23df3308ce7e3837f1b589766006f2af36e04360de900b55b66f130ee76ea
PARTIAL_C1_ENCODER_FINETUNING_LINEAR_SOFTMAX,35,44,181081,0.1295238095238095,0.12715006847889734,0.12952380952380954,0.010050251256281407,e646a58df10ca1fb6ad871ddc7203773b27892e7a477822ea6196002a12f663a
PARTIAL_C1_ENCODER_FINETUNING_LINEAR_SOFTMAX,35,44,205439,0.1307936507936508,0.12547842545320745,0.1307936507936508,0.0,0e6c4132fbe4a85597d520f6eb36045477517fed9926d83f289673584089a034
PARTIAL_C1_ENCODER_FINETUNING_LINEAR_SOFTMAX,35,44,230003,0.16952380952380952,0.16183730779861974,0.16952380952380955,0.008676789587852495,1ce8de4db2963cc3a2156dd809da3de7792357dfee641c1aa05d0daab3fdfc33
PARTIAL_C1_ENCODER_FINETUNING_LINEAR_SOFTMAX,35,44,254959,0.12825396825396826,0.12881910771252694,0.12825396825396826,0.0024937655860349127,6d3f5c889c42e68292adb6d7bd48eeb40a9aef3969125c7d2e0cbe8078bde9fd
PARTIAL_C1_ENCODER_FINETUNING_LINEAR_SOFTMAX,35,44,280001,0.1292063492063492,0.12359491985527578,0.12920634920634919,0.010624169986719787,129457dbefae464955856677a2a38d3f0952ec035898a646d7fabffb36c406a2
PARTIAL_C1_ENCODER_FINETUNING_LINEAR_SOFTMAX,35,44,305093,0.13015873015873017,0.12264350020645216,0.13015873015873014,0.0,c6ae6684d3940fe2ea8c9eaa29c53cb11521b5b7cd092d89bd9fb3c63dd634f4
PARTIAL_C1_ENCODER_FINETUNING_LINEAR_SOFTMAX,35,44,330017,0.09777777777777778,0.0949467627949877,0.09777777777777777,0.002333722287047841,706fc9fb8a28086c2d49048acc2391226d2b568d072d22152eaf89a0d595c81f
PARTIAL_C1_ENCODER_FINETUNING_LINEAR_SOFTMAX,35,44,355031,0.1546031746031746,0.14910980365334203,0.1546031746031746,0.08755129958960328,d8e344d808c443517828b91424e66300c5f4e3a1a75da3d438a806aea31a1f11
PARTIAL_C1_ENCODER_FINETUNING_LINEAR_SOFTMAX,35,44,380041,0.0838095238095238,0.0808423290863242,0.0838095238095238,0.0,cd4c3210fb54ac5656fa91c9190f763dfeecca6f627d44a663ccf308e9b88df6
PARTIAL_C1_ENCODER_FINETUNING_LINEAR_SOFTMAX,35,44,405019,0.1434920634920635,0.1404405997163975,0.1434920634920635,0.006507592190889371,3a5e7e666f74dc53c79945b718df43e269e7557a083f8953504384ee81cf0347
PARTIAL_C1_ENCODER_FINETUNING_LINEAR_SOFTMAX,35,44,430007,0.12825396825396826,0.13075249168376424,0.12825396825396826,0.002352941176470588,f8374915dbb1b25b3023841d7e2060f0da108ec09b6c90397bc2a778db43323e
PARTIAL_C1_ENCODER_FINETUNING_LINEAR_SOFTMAX,35,44,455003,0.1292063492063492,0.125786978269562,0.12920634920634919,0.008547008547008548,ec03b826db1760464c376b452286d9596b35c4b5000cceee2ac0bef395694c6b
PARTIAL_C1_ENCODER_FINETUNING_LINEAR_SOFTMAX,35,44,480017,0.15873015873015872,0.15245563816738153,0.15873015873015875,0.009685230024213076,7edb39141bc69af5b5435739ec76c2b74177ab3807beb6da87c6958757263bdd
PARTIAL_C1_ENCODER_FINETUNING_LINEAR_SOFTMAX,35,44,505027,0.11365079365079366,0.11049570561578216,0.11365079365079364,0.008559201141226819,bed31e1ea5e5df1c68e15e356f5318d707fa1ac530a471a3e2f03ada795884f4
PARTIAL_C1_ENCODER_FINETUNING_LINEAR_SOFTMAX,35,44,530017,0.11333333333333333,0.10755409997897665,0.11333333333333333,0.0,c128fd6ab4f0ce3cdf601fbfb539fe03f408fae842a849fe17b16cb7a693554e
PARTIAL_C1_ENCODER_FINETUNING_LINEAR_SOFTMAX,35,44,555029,0.09936507936507936,0.09174403303194469,0.09936507936507935,0.0,9ea1be03d8512d3116efa2f73c5ae9bcf9cae249fd954b0ea34768017f21ac88
PARTIAL_C1_ENCODER_FINETUNING_LINEAR_SOFTMAX,35,44,580031,0.1307936507936508,0.122967863092092,0.1307936507936508,0.0,3488a03ae82ed9bdaff088b16b1086e815c6231ca13b2f790f652577f754ab5e
PARTIAL_C1_ENCODER_FINETUNING_LINEAR_SOFTMAX,35,45,104729,0.12444444444444444,0.12068418658070193,0.12444444444444444,0.0,197a4b5555e5fc7935471b6c846d263e499e0e69f8917cc413db354d213f71a7
PARTIAL_C1_ENCODER_FINETUNING_LINEAR_SOFTMAX,35,45,130363,0.13714285714285715,0.1313836177903654,0.13714285714285715,0.0,51322006330311e9f67c7ecc6a435a478c710f47d2daa8826db5a0b83a10574f
PARTIAL_C1_ENCODER_FINETUNING_LINEAR_SOFTMAX,35,45,155921,0.12571428571428572,0.11768429475430255,0.1257142857142857,0.002797202797202797,968716a534cb3da30bbc384bf74665ef0fa8320540b4d39af44ad87f7d032b74
PARTIAL_C1_ENCODER_FINETUNING_LINEAR_SOFTMAX,35,45,181081,0.15365079365079365,0.1507914436703406,0.15365079365079365,0.018543046357615896,cfb285425c28a950a992b5808d5fd90a0c1898626df45aad2d492eef10e0547b
PARTIAL_C1_ENCODER_FINETUNING_LINEAR_SOFTMAX,35,45,205439,0.14825396825396825,0.14287973150297997,0.14825396825396828,0.010596026490066225,144bf15018cae54e4379e575defb6015f1f28d2ba8460fd538e6c8db57afc52f
PARTIAL_C1_ENCODER_FINETUNING_LINEAR_SOFTMAX,35,45,230003,0.12825396825396826,0.12391749186396407,0.12825396825396826,0.0,d860b5c6ce995e89b98309fbfcc90b7e2ca39945059ed2efa0f27cb0799134e4
PARTIAL_C1_ENCODER_FINETUNING_LINEAR_SOFTMAX,35,45,254959,0.1165079365079365,0.11381013172211128,0.11650793650793649,0.0,d0d077abec4f8b570bee50d3e2bf5605be644fc0fdfdf53182c682e5ab99270a
PARTIAL_C1_ENCODER_FINETUNING_LINEAR_SOFTMAX,35,45,280001,0.13047619047619047,0.12818982334322018,0.13047619047619047,0.0,d02fb3943892d7f765b562c7b6940aff219b7094c06bdaa16949ccef75655c50
PARTIAL_C1_ENCODER_FINETUNING_LINEAR_SOFTMAX,35,45,305093,0.1253968253968254,0.11929868849622274,0.12539682539682537,0.009852216748768473,cbd14560a6cb021ee48bf1bc5305401d7a5b839b813a54581d2ea59428cd8d27
PARTIAL_C1_ENCODER_FINETUNING_LINEAR_SOFTMAX,35,45,330017,0.13904761904761906,0.13163080415924225,0.13904761904761903,0.010884353741496598,34ecb519e4c5a2e8ff55436c067f5832c71c2c59bf8b54c0bcc30a0b5ea17560
PARTIAL_C1_ENCODER_FINETUNING_LINEAR_SOFTMAX,35,45,355031,0.1380952380952381,0.139052477375479,0.1380952380952381,0.0,cbb5bf7c00fcf8a6cfb613ad7782f2e6623021f896b57c9358b0021915d9fa42
PARTIAL_C1_ENCODER_FINETUNING_LINEAR_SOFTMAX,35,45,380041,0.11333333333333333,0.11202487386028806,0.11333333333333333,0.0,a53aac5d287e4ff03805dafab74af0b3a6b7bbd9c3ad0b106239132dfdbc4cac
PARTIAL_C1_ENCODER_FINETUNING_LINEAR_SOFTMAX,35,45,405019,0.12571428571428572,0.12685690766255964,0.12571428571428572,0.0,18b163881f8935513bed0a3f0b03de6755b7e7c231ec334150fb10bf2c7e924c
PARTIAL_C1_ENCODER_FINETUNING_LINEAR_SOFTMAX,35,45,430007,0.1346031746031746,0.13281206441428645,0.13460317460317459,0.01094391244870041,0010b55d5202200185f0aefa65958a613a8f60ae58df855eeb796f6b54e06419
PARTIAL_C1_ENCODER_FINETUNING_LINEAR_SOFTMAX,35,45,455003,0.1361904761904762,0.1357559829998325,0.13619047619047617,0.0,9f63c38867014794a15e3be85bf2965c873968925117d1b1caf1fa7fbc47f361
PARTIAL_C1_ENCODER_FINETUNING_LINEAR_SOFTMAX,35,45,480017,0.13587301587301587,0.13052813854156506,0.13587301587301587,0.0,9c0553c692b1d0632f581d8f643325f4e8c6565a6ed45cf1bbe596df94fba838
PARTIAL_C1_ENCODER_FINETUNING_LINEAR_SOFTMAX,35,45,505027,0.15301587301587302,0.14954396768400854,0.15301587301587302,0.021374045801526718,abcf3c246b280cd7ab960eaea2fda54b445a02f1c63009fd26ee2647b0878658
PARTIAL_C1_ENCODER_FINETUNING_LINEAR_SOFTMAX,35,45,530017,0.09904761904761905,0.10110550173254655,0.09904761904761905,0.0,713ad6c4a34c9547aea37de3d4d7917d7fd8c2ae7fcc2bc7a37cd2cb42a236b8
PARTIAL_C1_ENCODER_FINETUNING_LINEAR_SOFTMAX,35,45,555029,0.12507936507936507,0.12458066540573211,0.12507936507936507,0.009345794392523364,19cb1013ead1f04788a7dc22b9be32a5f0acb0ca28dde5a3b573a287d0e23f6e
PARTIAL_C1_ENCODER_FINETUNING_LINEAR_SOFTMAX,35,45,580031,0.11206349206349206,0.10937327464072011,0.11206349206349206,0.0,9253900e058972ce43efe7e5c2541f4eb6bd5d44fc96fa2b1cff1e10135c2381
PARTIAL_C1_ENCODER_FINETUNING_LINEAR_SOFTMAX,35,46,104729,0.13555555555555557,0.13704185761280363,0.13555555555555554,0.011682242990654205,c7195b2914c9da60deae22e3c9519cd39b4f6f3b108e16b80702d605f2210fbf
PARTIAL_C1_ENCODER_FINETUNING_LINEAR_SOFTMAX,35,46,130363,0.12349206349206349,0.11808009137652456,0.12349206349206347,0.020100502512562814,5ff1f270a063962346256cb345ec2dc2469c4ec0eae72fb2bd7c2884528f12b9
PARTIAL_C1_ENCODER_FINETUNING_LINEAR_SOFTMAX,35,46,155921,0.13682539682539682,0.13223765735467824,0.13682539682539682,0.0,0f14317b849dd8588c58f78a560ed74728b0436b79335dc74abd4c339dd452a9
PARTIAL_C1_ENCODER_FINETUNING_LINEAR_SOFTMAX,35,46,181081,0.17682539682539683,0.18217011228590504,0.1768253968253968,0.0,fdde748f765104a0b095aab8b7e294251e05841c9f1337e01918d5f10faeee96
PARTIAL_C1_ENCODER_FINETUNING_LINEAR_SOFTMAX,35,46,205439,0.13714285714285715,0.12539318283507167,0.13714285714285715,0.009917355371900827,c5bd0e9f457f5acbc828febcf5e4bd6bdc5235bdf9bfe38f37c4e097f0b6ac84
PARTIAL_C1_ENCODER_FINETUNING_LINEAR_SOFTMAX,35,46,230003,0.12412698412698413,0.12032602541284243,0.12412698412698413,0.012066365007541479,831bf92ea9130213ca2eeba799d32ea6873471099807271181c08eba9c7b8e4a
PARTIAL_C1_ENCODER_FINETUNING_LINEAR_SOFTMAX,35,46,254959,0.14793650793650795,0.15401233487525218,0.1479365079365079,0.0,35ee95f64cb21a0d008b8065cb9fe04903ae1df8975d1cda7b41c7fc60e584fc
PARTIAL_C1_ENCODER_FINETUNING_LINEAR_SOFTMAX,35,46,280001,0.15396825396825398,0.1554711918430498,0.153968253968254,0.081145584725537,d7d9f3ae4ded67de1f3f76c5bd08ce3198f9daa060028c75883db43adb581f98
PARTIAL_C1_ENCODER_FINETUNING_LINEAR_SOFTMAX,35,46,305093,0.1288888888888889,0.12245407095468867,0.1288888888888889,0.0,4556d11b6937d814c3e6d8fcc032b297622db6a3acfa94c0b395700824409b80
PARTIAL_C1_ENCODER_FINETUNING_LINEAR_SOFTMAX,35,46,330017,0.1853968253968254,0.17127380050936059,0.1853968253968254,0.011857707509881422,f832c5b3f1b18af0e4bb164e907e6b9e834a3bb2b91a6098a0fc510d65374487
PARTIAL_C1_ENCODER_FINETUNING_LINEAR_SOFTMAX,35,46,355031,0.18,0.17505853648308167,0.17999999999999997,0.017721518987341773,e5c6cffad28a11a1affb0e49707092f613be6f12e28f85fd0a111976647c4044
PARTIAL_C1_ENCODER_FINETUNING_LINEAR_SOFTMAX,35,46,380041,0.14634920634920634,0.1303837357047525,0.14634920634920637,0.008356545961002786,b17685d1b7e8e67fac8f67334c86e26340b3be8cb56542b07b3c3008982d2e15
PARTIAL_C1_ENCODER_FINETUNING_LINEAR_SOFTMAX,35,46,405019,0.1634920634920635,0.15081854724297103,0.16349206349206352,0.0,87566da50f91ca3eb3235e0739283c4a4b4f86ac1501f60ab4e5bf58b861f5fa
PARTIAL_C1_ENCODER_FINETUNING_LINEAR_SOFTMAX,35,46,430007,0.14507936507936509,0.1525721241801094,0.1450793650793651,0.0,14f4fc2428f7d61df4da8a1c1d04578a245615c376461b458b140ab17aa25ed5
PARTIAL_C1_ENCODER_FINETUNING_LINEAR_SOFTMAX,35,46,455003,0.15174603174603174,0.14350677240947846,0.15174603174603174,0.010652463382157125,d161dc91188af24da964a9c688f9a0de1b00f01dec0f9612545a961c76c73b2d
PARTIAL_C1_ENCODER_FINETUNING_LINEAR_SOFTMAX,35,46,480017,0.15492063492063493,0.1526406492680458,0.15492063492063493,0.07847082494969819,d51ad071727274d251691d3a144ff1f6f0e7fcb3ce76ffa55a65115cabfc50b2
PARTIAL_C1_ENCODER_FINETUNING_LINEAR_SOFTMAX,35,46,505027,0.17396825396825397,0.1762392510255722,0.17396825396825394,0.09340101522842639,1bcb8b55c57c4daec9a21ecce1e9efd719f0c9a9cf4a7837c8039c5d0845ca1d
PARTIAL_C1_ENCODER_FINETUNING_LINEAR_SOFTMAX,35,46,530017,0.18698412698412697,0.18145202154716508,0.18698412698412697,0.1054726368159204,784b248815726b42be20612b3074b9e70f55b5baeb2232d3d1e58d0ea6682d9f
PARTIAL_C1_ENCODER_FINETUNING_LINEAR_SOFTMAX,35,46,555029,0.17809523809523808,0.16618553475639297,0.17809523809523808,0.07623318385650224,00be41a0984fe454b4d1c1a6f5c52fcc9cf17539eaeefbf4e1f4bd2bc25e4f38
PARTIAL_C1_ENCODER_FINETUNING_LINEAR_SOFTMAX,35,46,580031,0.1707936507936508,0.16584187647052406,0.17079365079365078,0.0,b8e4e9a9e5719e960b28c5d4ce171f6761f5f3cc8f4ef5ac6225ca0ad49a8e04
PARTIAL_C1_ENCODER_FINETUNING_LINEAR_SOFTMAX,100,42,104729,0.15174603174603174,0.1540209686570085,0.15174603174603174,0.02666666666666667,a63c0f2cb5120e18c39e785537b3f349a467e6d66e36814890e1e4120e113cbb
PARTIAL_C1_ENCODER_FINETUNING_LINEAR_SOFTMAX,100,42,130363,0.1295238095238095,0.12999786197493626,0.1295238095238095,0.0,2976f59c7daa56f4fb06091e12f58d036c36958103b0877d5d5a0e55fcae9a3b
PARTIAL_C1_ENCODER_FINETUNING_LINEAR_SOFTMAX,100,42,155921,0.16031746031746033,0.1577673238160937,0.16031746031746033,0.028469750889679714,da2485caa2f07078d5fd021d93107d28ec2658b10e1d3e0b1ee0a934d8ec30d3
PARTIAL_C1_ENCODER_FINETUNING_LINEAR_SOFTMAX,100,42,181081,0.14317460317460318,0.1440786614656914,0.14317460317460315,0.02628696604600219,04dd40f8794124e8b0661ec6ee19ccd245e5e046082c619a4e9e32eac667ed96
PARTIAL_C1_ENCODER_FINETUNING_LINEAR_SOFTMAX,100,42,205439,0.15333333333333332,0.15840529290702707,0.15333333333333332,0.024896265560165973,eb44f5a4e595d8367fd95e80966117995ac2c6d69fd74e012b6751fb853d3078
PARTIAL_C1_ENCODER_FINETUNING_LINEAR_SOFTMAX,100,42,230003,0.13333333333333333,0.13289592111772933,0.13333333333333333,0.027874564459930314,9de99df3863987a29071778bc6472581e0195b8a4281a8e6dd18958bb5393d81
PARTIAL_C1_ENCODER_FINETUNING_LINEAR_SOFTMAX,100,42,254959,0.12793650793650793,0.12657339613479368,0.12793650793650793,0.0,e205f2a2c6f0c44f837bd5eab51b520745a0f7ccdad529c0e39fab69e3c10479
PARTIAL_C1_ENCODER_FINETUNING_LINEAR_SOFTMAX,100,42,280001,0.14317460317460318,0.14589063007842826,0.14317460317460315,0.026726057906458798,72ff3af884b8819578281d6cb8b09dfdfa3c574a67099634fdff156815a971af
PARTIAL_C1_ENCODER_FINETUNING_LINEAR_SOFTMAX,100,42,305093,0.1511111111111111,0.15325223791518058,0.15111111111111114,0.07666290868094701,5e8e3643587f73a371b03b385615790e98ec4e41dad74093d41520797423ba78
PARTIAL_C1_ENCODER_FINETUNING_LINEAR_SOFTMAX,100,42,330017,0.16952380952380952,0.173479623345942,0.1695238095238095,0.10789210789210789,bf8adda174f39b2bde0be52803258ccf4955e3f60363bd9f204d7b280b84cf48
PARTIAL_C1_ENCODER_FINETUNING_LINEAR_SOFTMAX,100,42,355031,0.1580952380952381,0.16067296951750548,0.15809523809523807,0.026373626373626374,df03f1d3367bce4769e8065f1907408d4def70d4435f890a3bff97b1ee5bcdb2
PARTIAL_C1_ENCODER_FINETUNING_LINEAR_SOFTMAX,100,42,380041,0.15015873015873016,0.14920607038212289,0.15015873015873016,0.0,04d513e6989cd7813bcd2b6ccf131ca1fa8c1fccb606e4bdaa7acd4aa7a90814
PARTIAL_C1_ENCODER_FINETUNING_LINEAR_SOFTMAX,100,42,405019,0.14444444444444443,0.14777997218060163,0.14444444444444443,0.023833167825223437,42f5412e7ff53b206a95847da7a6a40cf44cd88c3248f1404332de36fb424971
PARTIAL_C1_ENCODER_FINETUNING_LINEAR_SOFTMAX,100,42,430007,0.15714285714285714,0.15768524987731597,0.15714285714285717,0.09099901088031652,fbd8f728bb1a9880c881b6465365d616766c525f84e0d2ac4f3aae830eabbe48
PARTIAL_C1_ENCODER_FINETUNING_LINEAR_SOFTMAX,100,42,455003,0.14857142857142858,0.14667246041844997,0.14857142857142858,0.0,51e1a42273b1462b918a77e44830dba65e6ce5889605ef67632d058a1e1ec2cc
PARTIAL_C1_ENCODER_FINETUNING_LINEAR_SOFTMAX,100,42,480017,0.15396825396825398,0.1544291683557311,0.153968253968254,0.10065645514223195,c1131837e16b09ac4dbde154b51c2f3e0e778b104c52cc3221bb8d9d5439ce6e
PARTIAL_C1_ENCODER_FINETUNING_LINEAR_SOFTMAX,100,42,505027,0.15714285714285714,0.15764032611910994,0.15714285714285717,0.1005464480874317,90a7349961d964ae763c504e8b6b9db12c4ce011f5faac826b0f1f04a90232b3
PARTIAL_C1_ENCODER_FINETUNING_LINEAR_SOFTMAX,100,42,530017,0.1403174603174603,0.1409610626429178,0.1403174603174603,0.0,739c09bb1fd718051c74f96b7f4f91877b311c240d9dee7c611ec900a4f3c642
PARTIAL_C1_ENCODER_FINETUNING_LINEAR_SOFTMAX,100,42,555029,0.15968253968253968,0.16280054166839916,0.15968253968253968,0.026200873362445413,acba49d34d510342f60e8d35de433450af01ea5fd7fe01872238085682afabba
PARTIAL_C1_ENCODER_FINETUNING_LINEAR_SOFTMAX,100,42,580031,0.14793650793650795,0.15042953076257087,0.14793650793650795,0.029970029970029972,7c1525b564c4b2ae3beab8bf4cc08e845eac2038bca69d11e315efc8339e011b
PARTIAL_C1_ENCODER_FINETUNING_LINEAR_SOFTMAX,100,43,104729,0.13682539682539682,0.12308989326507279,0.13682539682539682,0.0,da2b9e2d48244ef1d6f22678330fb2571601f6f57961574df27c3f9d2d3afc57
PARTIAL_C1_ENCODER_FINETUNING_LINEAR_SOFTMAX,100,43,130363,0.18317460317460318,0.181487811241766,0.18317460317460316,0.09795918367346938,7027110f789848623af3c0f46cf90b82b71e01214002136b7a69bc5474d3c182
PARTIAL_C1_ENCODER_FINETUNING_LINEAR_SOFTMAX,100,43,155921,0.16825396825396827,0.15840904422490185,0.16825396825396827,0.0,c0f14b8c1b2f55ceeebcb43e9e47a0675b98c084cd64e4bf76cf9a9dd987c8c9
PARTIAL_C1_ENCODER_FINETUNING_LINEAR_SOFTMAX,100,43,181081,0.1565079365079365,0.15723406496071848,0.1565079365079365,0.007009345794392523,286d261242181c99488b0e766d84ad7d2cdb0a60668693e3c8d7c77fcb73b061
PARTIAL_C1_ENCODER_FINETUNING_LINEAR_SOFTMAX,100,43,205439,0.18126984126984128,0.18183527121222226,0.18126984126984128,0.006521739130434782,59f38cd629def39fa3f424749f15dfa13a6dea048a8818552e927df57ac14d5e
PARTIAL_C1_ENCODER_FINETUNING_LINEAR_SOFTMAX,100,43,230003,0.17174603174603176,0.16529090529369905,0.17174603174603176,0.08955223880597014,226e5b482e983833672a5dcd3fb31069ef3e4fceccedf02708751a303a4184f0
PARTIAL_C1_ENCODER_FINETUNING_LINEAR_SOFTMAX,100,43,254959,0.1568253968253968,0.15217755064443314,0.15682539682539684,0.0,5475a4a96694b47c6677f647f299dd7e02e3d19d09ac9437439a2a5b93fe3aa3
PARTIAL_C1_ENCODER_FINETUNING_LINEAR_SOFTMAX,100,43,280001,0.15936507936507938,0.15559878981398648,0.15936507936507935,0.0062827225130890054,4e805c0ede4ac0e93178227d7c003809345ac56e117aae4588c7fc142d51af3f
PARTIAL_C1_ENCODER_FINETUNING_LINEAR_SOFTMAX,100,43,305093,0.14984126984126983,0.137089199653032,0.14984126984126986,0.006726457399103139,765f5689fe69c17df863f40110f442230e15dae93972400668ee4b2813d682f9
PARTIAL_C1_ENCODER_FINETUNING_LINEAR_SOFTMAX,100,43,330017,0.15047619047619049,0.15171297892014302,0.15047619047619046,0.0,21b7faba5de1aecbbdae445008f94adccce39e6991670900b85a743bb5f3c637
PARTIAL_C1_ENCODER_FINETUNING_LINEAR_SOFTMAX,100,43,355031,0.17587301587301588,0.1724059657291592,0.1758730158730159,0.09649122807017543,2f28d1f943a162a76853e43e09f7f06f674c3a247f9984f2fa3346188d8d4efa
PARTIAL_C1_ENCODER_FINETUNING_LINEAR_SOFTMAX,100,43,380041,0.1711111111111111,0.16397786552270346,0.17111111111111107,0.09649122807017543,ff2e1e32660bbabc7a8bc2542dc9d115c5c76050e75b3165b4317cb63ac27369
PARTIAL_C1_ENCODER_FINETUNING_LINEAR_SOFTMAX,100,43,405019,0.16952380952380952,0.16626695431556482,0.1695238095238095,0.006622516556291391,be2e4c0f5b0b8718f688d3789e63aa1ebef0b0215c5d4e5312af6b92d0148511
PARTIAL_C1_ENCODER_FINETUNING_LINEAR_SOFTMAX,100,43,430007,0.16793650793650794,0.16499441489772673,0.16793650793650797,0.0,f6fc2bf5e61c5b38737166dab4a4e7e3bc2ef071b3cdb75940bfd1568590cc6b
PARTIAL_C1_ENCODER_FINETUNING_LINEAR_SOFTMAX,100,43,455003,0.18888888888888888,0.1851018679253586,0.18888888888888888,0.10752688172043011,8f4ed300a4a01c55a868bc5472267c4ea22c4ccc5ac7999a6418514bd7c06351
PARTIAL_C1_ENCODER_FINETUNING_LINEAR_SOFTMAX,100,43,480017,0.1742857142857143,0.1696750546117331,0.17428571428571432,0.09978768577494693,aeba92518c885d78511cda3d0f88b620e86671bd20a5be39006a84efc63b0ede
PARTIAL_C1_ENCODER_FINETUNING_LINEAR_SOFTMAX,100,43,505027,0.16412698412698412,0.15959475673342374,0.16412698412698415,0.007009345794392523,1dc2f6370a61b8d91ed093bcecbab951c7bef286afae97c289031fea125091b0
PARTIAL_C1_ENCODER_FINETUNING_LINEAR_SOFTMAX,100,43,530017,0.16412698412698412,0.16089376224871318,0.16412698412698415,0.0066298342541436465,d480eb99f5c48446df4ae96a166e3b9d0a31c83171b81a7d6a4e70f6754e9cf8
PARTIAL_C1_ENCODER_FINETUNING_LINEAR_SOFTMAX,100,43,555029,0.17523809523809525,0.17144485214282973,0.17523809523809522,0.09028727770177838,fa87adb988de244d51e13008f957a5c725484a8f5e17c155831e23f1fc394dc2
PARTIAL_C1_ENCODER_FINETUNING_LINEAR_SOFTMAX,100,43,580031,0.17238095238095238,0.17234742188245797,0.17238095238095238,0.007033997655334115,070159b0b2a61fc66613ff45e3c5a7a0ed50f4ab7aa80749f0daa3b9ccfcabb7
PARTIAL_C1_ENCODER_FINETUNING_LINEAR_SOFTMAX,100,44,104729,0.09714285714285714,0.09744618523582614,0.09714285714285713,0.0023612750885478157,ba04124e2922fe13a6407cf9b9f9ac1da5fb561dad0bb1e6854bd516ea7d42a8
PARTIAL_C1_ENCODER_FINETUNING_LINEAR_SOFTMAX,100,44,130363,0.10698412698412699,0.10425865591843701,0.10698412698412697,0.0024390243902439024,621bdc2bcf6b8ee4e2117cf5d358668774664d270aa7a91b4ab8042c8b3fecf8
PARTIAL_C1_ENCODER_FINETUNING_LINEAR_SOFTMAX,100,44,155921,0.1288888888888889,0.1254729129808432,0.1288888888888889,0.0024968789013732834,d31b7ca8a11ad241d4dcb88f945d871db91472bd19df8706f69a0d666b3148eb
PARTIAL_C1_ENCODER_FINETUNING_LINEAR_SOFTMAX,100,44,181081,0.11428571428571428,0.11182490831877503,0.11428571428571428,0.010624169986719787,d64e0849c70ef036629ac3ef96cec08c6b24364b7e5285e98bf8206ac18ea429
PARTIAL_C1_ENCODER_FINETUNING_LINEAR_SOFTMAX,100,44,205439,0.09746031746031746,0.0951707095704825,0.09746031746031746,0.002352941176470588,009a67b4600cb4f82510ca62d35ef2b2abce172a335801d3ba4def405b5bf774
PARTIAL_C1_ENCODER_FINETUNING_LINEAR_SOFTMAX,100,44,230003,0.11396825396825397,0.10864390162751114,0.11396825396825395,0.00866738894907909,bbbd2e0f0262fbfe9eff785de371677279943e2725292591db7c403d2426346b
PARTIAL_C1_ENCODER_FINETUNING_LINEAR_SOFTMAX,100,44,254959,0.1288888888888889,0.12520214253754586,0.1288888888888889,0.0024968789013732834,6ba6d6d2273fa5939c03f706c46504db4d023f6ca6d122c2e2f562e04e54a8f4
PARTIAL_C1_ENCODER_FINETUNING_LINEAR_SOFTMAX,100,44,280001,0.11333333333333333,0.10977653482487128,0.11333333333333333,0.002680965147453083,436de52a81e1991a14075171434716c3df98a5943c3e39431d216e42724527e4
PARTIAL_C1_ENCODER_FINETUNING_LINEAR_SOFTMAX,100,44,305093,0.14476190476190476,0.13776763157293556,0.14476190476190473,0.0026666666666666666,063b7a2da78cd5771354c6f7e8b0e9766a9388f9d2c1e11d9c69d4dcde3c0a6d
PARTIAL_C1_ENCODER_FINETUNING_LINEAR_SOFTMAX,100,44,330017,0.11777777777777777,0.11485365839449457,0.11777777777777777,0.009489916963226572,5e5232f6dc9eef94d76b3255d50298c74d56fd803c4a37572f6769b4ee350fa4
PARTIAL_C1_ENCODER_FINETUNING_LINEAR_SOFTMAX,100,44,355031,0.11301587301587301,0.11062344694519556,0.11301587301587301,0.002652519893899204,861f786e6425c394b2ed98798456d0da947a0021b66a65a6910ed0597eadf193
PARTIAL_C1_ENCODER_FINETUNING_LINEAR_SOFTMAX,100,44,380041,0.11365079365079366,0.10696691845069038,0.11365079365079366,0.007509386733416771,d9d45aed284cdd9e2eac1533e9291f163d59715c678bf925ca079884fed62a56
PARTIAL_C1_ENCODER_FINETUNING_LINEAR_SOFTMAX,100,44,405019,0.12857142857142856,0.12314082173908061,0.12857142857142856,0.0025031289111389237,df5de0c5d982c89a0e83f50061338eba8a239a8e695f4d3e873dd4c82cf3b3de
PARTIAL_C1_ENCODER_FINETUNING_LINEAR_SOFTMAX,100,44,430007,0.09714285714285714,0.09652562118216165,0.09714285714285713,0.0,b86fc01e471722e26772d6cb34f08c19e07c0be61a2f4db54a655a9334a25de3
PARTIAL_C1_ENCODER_FINETUNING_LINEAR_SOFTMAX,100,44,455003,0.12857142857142856,0.12274913249416265,0.1285714285714286,0.00267379679144385,bd6eaf52aae888bf8ec1f95742b51ccf42bc12622de0a53a75b308f314113240
PARTIAL_C1_ENCODER_FINETUNING_LINEAR_SOFTMAX,100,44,480017,0.1288888888888889,0.12273057023958664,0.1288888888888889,0.0023501762632197414,12829e91eb044577ad4c7f6917b2f781213abb805757981318d86f087618e817
PARTIAL_C1_ENCODER_FINETUNING_LINEAR_SOFTMAX,100,44,505027,0.11396825396825397,0.11088561286219188,0.11396825396825395,0.010624169986719787,653b6fa4109aef7e0ba0d2c4f682b89458f59624d52d62971be49467ee21299d
PARTIAL_C1_ENCODER_FINETUNING_LINEAR_SOFTMAX,100,44,530017,0.11619047619047619,0.11200213209643524,0.11619047619047618,0.009501187648456057,3bf167cbf527355216f45435b884c7163eecf3aaa628ffc55a942c676c372ca4
PARTIAL_C1_ENCODER_FINETUNING_LINEAR_SOFTMAX,100,44,555029,0.11682539682539683,0.1153199265423461,0.11682539682539682,0.0025,418d346813fd4d8d1e308759125085715cd4055b32ff9b840952b0e8166b439f
PARTIAL_C1_ENCODER_FINETUNING_LINEAR_SOFTMAX,100,44,580031,0.13968253968253969,0.13676892225697318,0.13968253968253969,0.00922722029988466,abf4e81b836998b968caa8fd3f909ecfc8a25d0101313e08380af6e36479c085
PARTIAL_C1_ENCODER_FINETUNING_LINEAR_SOFTMAX,100,45,104729,0.12984126984126984,0.12950185509121995,0.12984126984126984,0.009535160905840286,4ba5d4f637fb00953ad7626dbc9957e04c1b713e7faa5b4b2bd8e9f3c8255900
PARTIAL_C1_ENCODER_FINETUNING_LINEAR_SOFTMAX,100,45,130363,0.13111111111111112,0.12784122180169857,0.13111111111111112,0.0,bb229d18cf7286ca5cc40688c472bd4c2ec309cc04e61c476ac8396b1c722316
PARTIAL_C1_ENCODER_FINETUNING_LINEAR_SOFTMAX,100,45,155921,0.12857142857142856,0.12577792918164554,0.12857142857142856,0.0,ccc04f3c63794c1215fd11968c235b43e7690d42997ad5ef73999ff7b0370d47
PARTIAL_C1_ENCODER_FINETUNING_LINEAR_SOFTMAX,100,45,181081,0.10857142857142857,0.10594340368318643,0.10857142857142855,0.0,ef089acc11b5f154ec985371dae0e498eefdbded4f370105ef200df6c475805f
PARTIAL_C1_ENCODER_FINETUNING_LINEAR_SOFTMAX,100,45,205439,0.09682539682539683,0.09291973135349793,0.09682539682539681,0.0,baaf2a25e3b8eb6293561429b8f50d813eef0b0f1881123aecf4cc5d6ceccd2c
PARTIAL_C1_ENCODER_FINETUNING_LINEAR_SOFTMAX,100,45,230003,0.11174603174603175,0.10868484503235423,0.11174603174603173,0.010165184243964422,3e73dfe3e83575d26b1b9152bf7eafa5ca014178df4d0920e5886bc1611a26a6
PARTIAL_C1_ENCODER_FINETUNING_LINEAR_SOFTMAX,100,45,254959,0.11301587301587301,0.11072515221477987,0.113015873015873,0.0,504c148003436f1118c9642abd4371b02baa810d168d68259d26da5e447553e7
PARTIAL_C1_ENCODER_FINETUNING_LINEAR_SOFTMAX,100,45,280001,0.11523809523809524,0.11018894038655366,0.11523809523809524,0.010256410256410256,b11de409e2a6e2a514d07cd9e7faab6f5524a3c16ef0b5bdad8b249eb8049df9
PARTIAL_C1_ENCODER_FINETUNING_LINEAR_SOFTMAX,100,45,305093,0.11936507936507937,0.12006850561707012,0.11936507936507935,0.0,5d5cf24adb5fc9eade5ede583021f0b57f255b8b78ebfba192b5b087cde41b33
PARTIAL_C1_ENCODER_FINETUNING_LINEAR_SOFTMAX,100,45,330017,0.11460317460317461,0.11642070557052324,0.1146031746031746,0.0,f95851b7f965443a55838add874be51d2391890acc0d522387e105ae7b08a889
PARTIAL_C1_ENCODER_FINETUNING_LINEAR_SOFTMAX,100,45,355031,0.11142857142857143,0.10761880642380804,0.11142857142857142,0.0,668dfb7f62a1c92095449acfed53fa0f329ea2f3144ca25ae22cac6bee87f0e6
PARTIAL_C1_ENCODER_FINETUNING_LINEAR_SOFTMAX,100,45,380041,0.0980952380952381,0.09217198744711583,0.0980952380952381,0.0,e9a31c211af993a2d4bf42d202d3d0066e62112393078dd6d02ca26cf506d796
PARTIAL_C1_ENCODER_FINETUNING_LINEAR_SOFTMAX,100,45,405019,0.11365079365079366,0.10844349061914337,0.11365079365079364,0.0,d37e3aaac33a1607a5bfa0424dc0dc88525529ccebc0ebf31ac39de3c6e3e703
PARTIAL_C1_ENCODER_FINETUNING_LINEAR_SOFTMAX,100,45,430007,0.1288888888888889,0.12436243874753718,0.1288888888888889,0.0,f4255dba7aa78c4a5862e317e5b736f60016eed90ff97af92687736f0206901f
PARTIAL_C1_ENCODER_FINETUNING_LINEAR_SOFTMAX,100,45,455003,0.11587301587301588,0.11779639501174875,0.11587301587301588,0.0,77fa5c6632720ba6a91229cf39e8697a4c679b262acd887d5ee294297835ad01
PARTIAL_C1_ENCODER_FINETUNING_LINEAR_SOFTMAX,100,45,480017,0.1219047619047619,0.12473245615961633,0.12190476190476189,0.0,5eaabf3f6022686f47b16d30d6ebb57b704bd0e7257807c3d15899a7676060d1
PARTIAL_C1_ENCODER_FINETUNING_LINEAR_SOFTMAX,100,45,505027,0.11206349206349206,0.11469147248114318,0.11206349206349206,0.0,2cd62018b86f688b0548241b6dae72788105bda1663822cbae9b4f3295098374
PARTIAL_C1_ENCODER_FINETUNING_LINEAR_SOFTMAX,100,45,530017,0.12095238095238095,0.11657710027625119,0.12095238095238094,0.0,49c067d16cdb567e63dfb656616fa2ad5a51f265149fff53b77b98f1d3e26260
PARTIAL_C1_ENCODER_FINETUNING_LINEAR_SOFTMAX,100,45,555029,0.13682539682539682,0.13449623485453346,0.13682539682539682,0.0107095046854083,5e182dc089006e4f45da4aaadec3a0dbe2716571c3326509b6dd7feca7209f4e
PARTIAL_C1_ENCODER_FINETUNING_LINEAR_SOFTMAX,100,45,580031,0.1111111111111111,0.11054397304886265,0.11111111111111109,0.0,dc304a01d4b2f49185f1ae5f6c59f48edf58440a990fa58f096f9ee0a5d3d848
PARTIAL_C1_ENCODER_FINETUNING_LINEAR_SOFTMAX,100,46,104729,0.15206349206349207,0.15080215807349684,0.15206349206349204,0.07674943566591422,5e2f1d41af144bf57ff4e645e06e0642a297c4d4f9e0eb76991af2f38fbc8b50
PARTIAL_C1_ENCODER_FINETUNING_LINEAR_SOFTMAX,100,46,130363,0.13206349206349208,0.12857314301552317,0.13206349206349205,0.0,221212ed8b664e8f4abb3024f00fa5d01aef4acbffe4662752278a5079e1eadd
PARTIAL_C1_ENCODER_FINETUNING_LINEAR_SOFTMAX,100,46,155921,0.13777777777777778,0.13334343524105294,0.13777777777777778,0.0,34854c03f8788ba76d70aca9ef764409d198a4ec0f54ae745ff77db4a2d25fcd
PARTIAL_C1_ENCODER_FINETUNING_LINEAR_SOFTMAX,100,46,181081,0.18095238095238095,0.18045070879300623,0.18095238095238095,0.02549246813441483,e3aa3b466e32f9a143405971252fd05273ba3bd059274f37ab14aa8378e22d0f
PARTIAL_C1_ENCODER_FINETUNING_LINEAR_SOFTMAX,100,46,205439,0.13746031746031745,0.12806233706943584,0.13746031746031745,0.024,6676c971b1b97f06e012e4c3416fc7ec6734f58824a023471089af8d0c4941d9
PARTIAL_C1_ENCODER_FINETUNING_LINEAR_SOFTMAX,100,46,230003,0.14603174603174604,0.14830975296043358,0.146031746031746,0.057208237986270026,3c1ae0760f404eab144b6d17856d2a42ac4b161905df4247dd15541d324c8350
PARTIAL_C1_ENCODER_FINETUNING_LINEAR_SOFTMAX,100,46,254959,0.1288888888888889,0.13339283997384813,0.1288888888888889,0.0,52b6897c72822288d84598269f5cfd454de4befc577f26bc399a28ae5ace70aa
PARTIAL_C1_ENCODER_FINETUNING_LINEAR_SOFTMAX,100,46,280001,0.18666666666666668,0.1789218216113692,0.18666666666666668,0.084472049689441,86d5a148ea4edb6fd19148b6ff5e4446285ed025679157a0c7655aa6716eb3fc
PARTIAL_C1_ENCODER_FINETUNING_LINEAR_SOFTMAX,100,46,305093,0.11428571428571428,0.11481577689475252,0.1142857142857143,0.0,88280b5cebf7cebff1e750105ba88d793a5326e3677d830887e1d09dde082efc
PARTIAL_C1_ENCODER_FINETUNING_LINEAR_SOFTMAX,100,46,330017,0.14444444444444443,0.1319208415793923,0.14444444444444443,0.013100436681222707,5e897a3907edbf3a6cd994daa7d2da69b3f0b6b89d0eed8f816680a052dc76d8
PARTIAL_C1_ENCODER_FINETUNING_LINEAR_SOFTMAX,100,46,355031,0.14539682539682539,0.14243976918073828,0.1453968253968254,0.07701019252548132,fa71b6883d138a78796d67652ed8c0d4b3c945cf29fad3515ae75188472d55c2
PARTIAL_C1_ENCODER_FINETUNING_LINEAR_SOFTMAX,100,46,380041,0.14888888888888888,0.13536663324211445,0.14888888888888888,0.013315579227696404,4c3cf20ad978114489bc1388ffa7695a4940d8a673cfd1854ca6943f6ae3d519
PARTIAL_C1_ENCODER_FINETUNING_LINEAR_SOFTMAX,100,46,405019,0.13142857142857142,0.11618127207763748,0.13142857142857142,0.013071895424836602,ecb102316b58ec0861fac024d70b633df5ee48e8d23f74e60cac4fea986f18b4
PARTIAL_C1_ENCODER_FINETUNING_LINEAR_SOFTMAX,100,46,430007,0.11047619047619048,0.10571904511057419,0.11047619047619046,0.0,08071f5805352cc79030714e729e15131a2fea9dd35aff94e9cec053d8e84bc0
PARTIAL_C1_ENCODER_FINETUNING_LINEAR_SOFTMAX,100,46,455003,0.15523809523809523,0.14499012593324176,0.15523809523809523,0.01098901098901099,423d8b79e85bd1fa1d8152e089ecb1332cbca186e0ff5ad67ecef6af2b514d6d
PARTIAL_C1_ENCODER_FINETUNING_LINEAR_SOFTMAX,100,46,480017,0.12285714285714286,0.11139054517195537,0.12285714285714287,0.011741682974559686,816ba5456242cd2c717cfcf76eeb1564923f3d02d827ae9652f77b2ad1b5077c
PARTIAL_C1_ENCODER_FINETUNING_LINEAR_SOFTMAX,100,46,505027,0.13047619047619047,0.12648404302263414,0.13047619047619047,0.06875631951466127,4040324f18ca3b964c3a6747250bc22a36dfce4b88a579ecae04e1cb91bc3a96
PARTIAL_C1_ENCODER_FINETUNING_LINEAR_SOFTMAX,100,46,530017,0.14603174603174604,0.14119158252101024,0.14603174603174604,0.012453300124533,14f8bc6896d7297ea4121ce27e5a3aaf73dee5357aad876acb19d199470429e9
PARTIAL_C1_ENCODER_FINETUNING_LINEAR_SOFTMAX,100,46,555029,0.13777777777777778,0.13162777279318036,0.13777777777777778,0.014613778705636743,49fcf9a8848a271e4287ec3f970db7619b7397368f8e185f356346a7569b5691
PARTIAL_C1_ENCODER_FINETUNING_LINEAR_SOFTMAX,100,46,580031,0.1796825396825397,0.17126997345152134,0.17968253968253967,0.08376963350785341,005b2af30776d22a4f2e9461c022ddd7aaebd2d5c43814d91522edba293e0568
PARTIAL_C1_ENCODER_FINETUNING_LINEAR_SOFTMAX,500,42,104729,0.1403174603174603,0.13960682889236514,0.1403174603174603,0.0,e4ca25c298c9a07571dc6ad5fd609a4d365a1ad68de6ce8d7d1b01d956169a98
PARTIAL_C1_ENCODER_FINETUNING_LINEAR_SOFTMAX,500,42,130363,0.14412698412698413,0.14366220878337171,0.14412698412698413,0.02952029520295203,4fbf417e5a555ede2ee356bd9dc674d05d485d3c4020a070685dc5dd02d7eabe
PARTIAL_C1_ENCODER_FINETUNING_LINEAR_SOFTMAX,500,42,155921,0.14412698412698413,0.14422477408447051,0.14412698412698413,0.02771362586605081,9af487d0ba09cb276b66f74e0210a89463c5537ee7c3fa9f4f00e2f57b6bd257
PARTIAL_C1_ENCODER_FINETUNING_LINEAR_SOFTMAX,500,42,181081,0.14444444444444443,0.14502921926963142,0.14444444444444443,0.02628696604600219,373e8e12def93b735ac812f2a23a962675ac63a2e085e4e6f4efdd02c90f81f0
PARTIAL_C1_ENCODER_FINETUNING_LINEAR_SOFTMAX,500,42,205439,0.146984126984127,0.14702017642070458,0.146984126984127,0.02771362586605081,a7d1cc2485326eca96a49e09f407abf6f2911826fc59d48a2c2a2c7b1b62372c
PARTIAL_C1_ENCODER_FINETUNING_LINEAR_SOFTMAX,500,42,230003,0.1473015873015873,0.14705144209494367,0.1473015873015873,0.05103280680437424,84f1d969e874416fca7d1fbabcc6f95a5980bc092a2d19dd49002d7440955f89
PARTIAL_C1_ENCODER_FINETUNING_LINEAR_SOFTMAX,500,42,254959,0.14412698412698413,0.1442167566373036,0.14412698412698413,0.027809965237543453,24173d25a808d6356a5cc8e3f2e1676f8abe9e1003295070cb2b1a2f210eeea8
PARTIAL_C1_ENCODER_FINETUNING_LINEAR_SOFTMAX,500,42,280001,0.14444444444444443,0.14455151192337815,0.14444444444444443,0.027842227378190254,4681190ebdd82c2f78a696efd90e8896bd0e8761e0f17a744917002b91d5a5ab
PARTIAL_C1_ENCODER_FINETUNING_LINEAR_SOFTMAX,500,42,305093,0.13936507936507936,0.1389973950663437,0.13936507936507936,0.0,3220f5b75f0092a11c4cd85e3c9abb885ea5df740cb649532d62033419ee2f72
PARTIAL_C1_ENCODER_FINETUNING_LINEAR_SOFTMAX,500,42,330017,0.1434920634920635,0.14360713388339105,0.14349206349206348,0.02702702702702703,bdc050286511ee149667331282166f2a487720612af1d52f7cd67c40350aedb7
PARTIAL_C1_ENCODER_FINETUNING_LINEAR_SOFTMAX,500,42,355031,0.1434920634920635,0.14356878299869308,0.14349206349206348,0.02813599062133646,daab98e789b500b552e72e7d66ed54b088bf67bc372da0877d49e347b4c9622d
PARTIAL_C1_ENCODER_FINETUNING_LINEAR_SOFTMAX,500,42,380041,0.14539682539682539,0.1456519718545641,0.1453968253968254,0.027809965237543453,1bcda4bfd5ccf6953ed700b1f4388a20b60cfdf3e63306d678481358254ca284
PARTIAL_C1_ENCODER_FINETUNING_LINEAR_SOFTMAX,500,42,405019,0.14444444444444443,0.14441811047272335,0.14444444444444443,0.028004667444574097,f67baae742550157ea1314e7aa59c9a04b648d65e3c15c9b0d7fcd25d11a97c9
PARTIAL_C1_ENCODER_FINETUNING_LINEAR_SOFTMAX,500,42,430007,0.14063492063492064,0.14036475652425956,0.14063492063492064,0.0,4cc24157b9756932797f8c0ed2e51ae0d00f833eaf67688e1f69479333405356
PARTIAL_C1_ENCODER_FINETUNING_LINEAR_SOFTMAX,500,42,455003,0.13936507936507936,0.139097177684478,0.13936507936507936,0.0,03c31abb2a4a9f77b0d5f40e37cd89bca0cc322393f6a0054762b0c4fa23c7a7
PARTIAL_C1_ENCODER_FINETUNING_LINEAR_SOFTMAX,500,42,480017,0.14444444444444443,0.14408333364787948,0.14444444444444443,0.02909090909090909,bc31bddab071892f05fbb11c2339c8c402315c2b8102da8d0c0a36e5226bfb6b
PARTIAL_C1_ENCODER_FINETUNING_LINEAR_SOFTMAX,500,42,505027,0.14444444444444443,0.14495029427076161,0.14444444444444443,0.02628696604600219,dbdae2a20dce3f98682dcbca52f61cf7d02f881f879701b29d2f49ee1eb0d92e
PARTIAL_C1_ENCODER_FINETUNING_LINEAR_SOFTMAX,500,42,530017,0.14634920634920634,0.14610643868393416,0.1463492063492063,0.027874564459930314,b1aa5a978ac818471ddf2682ecf4b26d185d151c9464f3daa30fe740b09ace97
PARTIAL_C1_ENCODER_FINETUNING_LINEAR_SOFTMAX,500,42,555029,0.14444444444444443,0.1445643064922157,0.14444444444444443,0.027210884353741496,0ccaeb710e20bb6a1ac0dcfee308f67d1815e8e40351ecd72e32ecf02fde4a95
PARTIAL_C1_ENCODER_FINETUNING_LINEAR_SOFTMAX,500,42,580031,0.14444444444444443,0.14512271691737091,0.14444444444444443,0.02628696604600219,0f1e89c6c90923fdb28b02a4e5940c90b17175eabec164834cfdfefee35d7ba3
PARTIAL_C1_ENCODER_FINETUNING_LINEAR_SOFTMAX,500,43,104729,0.16793650793650794,0.16695194935335392,0.1679365079365079,0.007017543859649123,1133716b9285e5fb27501bb51246ba600bcb919d1d2f19bc223dd5f87964b52c
PARTIAL_C1_ENCODER_FINETUNING_LINEAR_SOFTMAX,500,43,130363,0.16095238095238096,0.15731333701070088,0.16095238095238096,0.007009345794392523,e83bd65dfd8304e799d83b3eb06f62c8eed30d7353a5aa6616734a08a0513faf
PARTIAL_C1_ENCODER_FINETUNING_LINEAR_SOFTMAX,500,43,155921,0.1438095238095238,0.14181914022389522,0.14380952380952383,0.006622516556291391,aad4aec31490d9ffe04d6c2085835a63cfc5106194b442a628b18a533ead13c4
PARTIAL_C1_ENCODER_FINETUNING_LINEAR_SOFTMAX,500,43,181081,0.1457142857142857,0.14355430802355715,0.1457142857142857,0.006666666666666667,73ad52e483f50fc014c2f0119495c92d9e5a90509755bc91ffb33c0119baab7f
PARTIAL_C1_ENCODER_FINETUNING_LINEAR_SOFTMAX,500,43,205439,0.17365079365079364,0.16855815175840907,0.17365079365079364,0.006644518272425249,c210b4f4852c032c2889b086b607c30576e65dcd03df14a73a93b2a39f0ba8c4
PARTIAL_C1_ENCODER_FINETUNING_LINEAR_SOFTMAX,500,43,230003,0.15333333333333332,0.1512488782590943,0.15333333333333332,0.006276150627615063,7203a838aa6d8f605b6cc66b096217253f266d4351234623818a55cb64c7ac4f
PARTIAL_C1_ENCODER_FINETUNING_LINEAR_SOFTMAX,500,43,254959,0.16666666666666666,0.16767175438701945,0.16666666666666669,0.006521739130434782,f4d82652c264a5f613291c48c47f6ef70fb3ca28f2c6fa0cc8dcf7f99cef7a5d
PARTIAL_C1_ENCODER_FINETUNING_LINEAR_SOFTMAX,500,43,280001,0.1457142857142857,0.14334030400950354,0.1457142857142857,0.006622516556291391,f38bc549d3b773f1415366e1e146f8b3502f586aa8c2567efb35396d66827427
PARTIAL_C1_ENCODER_FINETUNING_LINEAR_SOFTMAX,500,43,305093,0.16666666666666666,0.1623926825499457,0.1666666666666667,0.0064794816414686825,ea6b46474804a7112017475d929aeb1352da69f316990bc32234d05dbe3c5e43
PARTIAL_C1_ENCODER_FINETUNING_LINEAR_SOFTMAX,500,43,330017,0.1565079365079365,0.1515996418379387,0.15650793650793654,0.006024096385542169,b11288f93bf71cf2f57fc6fb297699ec8c4b7b2129cbc62ef5a52b6e39960801
PARTIAL_C1_ENCODER_FINETUNING_LINEAR_SOFTMAX,500,43,355031,0.15873015873015872,0.15573456279270445,0.15873015873015875,0.0066518847006651885,9d1312f698049c4fb695effe92db2e8944aaa7a8d5b736a4b80d17112957a441
PARTIAL_C1_ENCODER_FINETUNING_LINEAR_SOFTMAX,500,43,380041,0.1707936507936508,0.16421988382910474,0.1707936507936508,0.007017543859649123,412d5b112950f0bc9178f641104665a9f68378d510b74424dec6ee233999f460
PARTIAL_C1_ENCODER_FINETUNING_LINEAR_SOFTMAX,500,43,405019,0.1726984126984127,0.16816301133032316,0.17269841269841274,0.0066298342541436465,d685dff9320e4dc03394730a37f3ae5c4f1a846cf4545ce0025d8e9fb45cb0f2
PARTIAL_C1_ENCODER_FINETUNING_LINEAR_SOFTMAX,500,43,430007,0.16,0.15744717606268818,0.16,0.006644518272425249,e284dbe8556c3b0fd82a467a5a8693e65c828f55e2c066dc40efc920963cc9a4
PARTIAL_C1_ENCODER_FINETUNING_LINEAR_SOFTMAX,500,43,455003,0.15904761904761905,0.15456486187950005,0.15904761904761905,0.007009345794392523,35ceef36023cafbd3adba4ae581829dfa6715cebabe35e68101c4f6fab5afc8a
PARTIAL_C1_ENCODER_FINETUNING_LINEAR_SOFTMAX,500,43,480017,0.16317460317460317,0.16049154683536485,0.16317460317460317,0.09073359073359073,7b8b461567f45923ea32d92a82fd98d56deba0c1c47e16333baa9c6727db1187
PARTIAL_C1_ENCODER_FINETUNING_LINEAR_SOFTMAX,500,43,505027,0.17523809523809525,0.17127615732694976,0.17523809523809525,0.006644518272425249,6f9f71973797ad7cb183508a3a5ab6362db7b38deabacb2fa3550b6d393cb854
PARTIAL_C1_ENCODER_FINETUNING_LINEAR_SOFTMAX,500,43,530017,0.1568253968253968,0.15147108944007032,0.15682539682539684,0.007017543859649123,0fa94202269d5698b79a945c848af1bf837079e843990b4bcaf4976f104ea6dc
PARTIAL_C1_ENCODER_FINETUNING_LINEAR_SOFTMAX,500,43,555029,0.15873015873015872,0.15395203856412573,0.15873015873015875,0.007009345794392523,1a52d00a94bf4706fe9ccca558656c07ae7b731107a9f5c9e28627d1dffe9cf0
PARTIAL_C1_ENCODER_FINETUNING_LINEAR_SOFTMAX,500,43,580031,0.14285714285714285,0.14049175634873612,0.14285714285714285,0.006085192697768763,c7eb03348802fa2ba6b4028da4b5f3f315153b1c56de0d16d7576641cc9bd83b
PARTIAL_C1_ENCODER_FINETUNING_LINEAR_SOFTMAX,500,44,104729,0.11365079365079366,0.11146083110054376,0.11365079365079364,0.009987515605493134,cec93152c8fe17e0de9c8fcb55008ab5dab76aeb706d6be548f228b4c2f4d7db
PARTIAL_C1_ENCODER_FINETUNING_LINEAR_SOFTMAX,500,44,130363,0.11079365079365079,0.10838385345382855,0.11079365079365079,0.0024875621890547263,0c50cf94938d1717e8fb13da309ef852b6904613ff76b0e27193fe54ea9182bc
PARTIAL_C1_ENCODER_FINETUNING_LINEAR_SOFTMAX,500,44,155921,0.11365079365079366,0.1115004989737878,0.11365079365079364,0.009950248756218905,3c8e9a1cd04f0e523aeb83b247fa0424a1c92c0a1d3dfa0c1c5465cc4c6eb01c
PARTIAL_C1_ENCODER_FINETUNING_LINEAR_SOFTMAX,500,44,181081,0.1126984126984127,0.11039827254123688,0.1126984126984127,0.0024937655860349127,309a4b77e4f30b9c55f80c14b4306a579ec6e36c265ce119ac45bf3faa9b9778
PARTIAL_C1_ENCODER_FINETUNING_LINEAR_SOFTMAX,500,44,205439,0.10095238095238095,0.09976864724006436,0.10095238095238093,0.009512485136741973,6263f31aa4ad018eac10be00d45d4e5313a80e2db3672789d5c2816fe38d0fff
PARTIAL_C1_ENCODER_FINETUNING_LINEAR_SOFTMAX,500,44,230003,0.11365079365079366,0.11105471977364204,0.11365079365079366,0.0024968789013732834,0a6784e13832f5a38a21d9b1326880830aa7a60aa332eb2ac37250fc2c91bb9a
PARTIAL_C1_ENCODER_FINETUNING_LINEAR_SOFTMAX,500,44,254959,0.11174603174603175,0.10949224694922068,0.11174603174603173,0.0024968789013732834,95f6e09839092e7489fd0031d8fc0289477ab3197c6e3a20642b6a6962210286
PARTIAL_C1_ENCODER_FINETUNING_LINEAR_SOFTMAX,500,44,280001,0.1126984126984127,0.10962300905705558,0.1126984126984127,0.00267379679144385,4e3108d678bbf62bea8d63862c3bf0db22a104d537ba354bd309753d325f1768
PARTIAL_C1_ENCODER_FINETUNING_LINEAR_SOFTMAX,500,44,305093,0.11365079365079366,0.11123302979233836,0.11365079365079364,0.002506265664160401,c0e7786b49873dba0a385e95845f93f94a936512d200204dd179873ebfc61fa3
PARTIAL_C1_ENCODER_FINETUNING_LINEAR_SOFTMAX,500,44,330017,0.14412698412698413,0.1379947552475779,0.14412698412698413,0.0024968789013732834,bb6ff5ef55810649ecb1a1c5a3bfa758482c8ef1de9a5c97a3af40f5544389c4
PARTIAL_C1_ENCODER_FINETUNING_LINEAR_SOFTMAX,500,44,355031,0.1126984126984127,0.11062372817915149,0.1126984126984127,0.009950248756218905,641163bc295814dda67c72e2f819c14d27d59786c3c2318cabc001bd1100d054
PARTIAL_C1_ENCODER_FINETUNING_LINEAR_SOFTMAX,500,44,380041,0.1,0.09795418257073545,0.09999999999999999,0.009029345372460496,0c86f374f534eb093b5713523db8224c0150f27fe8c6f94395b762f7bf2a1b25
PARTIAL_C1_ENCODER_FINETUNING_LINEAR_SOFTMAX,500,44,405019,0.12825396825396826,0.12333286818782738,0.12825396825396826,0.002506265664160401,090af79ee2d1ed7cb3892baa6b8b8ab96ccdd5de79f40aed81d8169510b773fa
PARTIAL_C1_ENCODER_FINETUNING_LINEAR_SOFTMAX,500,44,430007,0.11365079365079366,0.1113814585192282,0.11365079365079364,0.00997506234413965,fca7228f58b38d08fb76d39c9bd1417c74e7d36bb2a05f857a55cda543320d6f
PARTIAL_C1_ENCODER_FINETUNING_LINEAR_SOFTMAX,500,44,455003,0.09714285714285714,0.09505998562842269,0.09714285714285713,0.0023612750885478157,f6796daa9ff645efccbf84d71fcc01f5f8723004b6a0c5fc3feae70cd5e90361
PARTIAL_C1_ENCODER_FINETUNING_LINEAR_SOFTMAX,500,44,480017,0.10793650793650794,0.10628744776188127,0.10793650793650793,0.00980392156862745,6899ea83b851ca408642c9760c5d44adb5f6d6d48c181d97af984a0ba48f5f1e
PARTIAL_C1_ENCODER_FINETUNING_LINEAR_SOFTMAX,500,44,505027,0.1273015873015873,0.12272797387772867,0.12730158730158728,0.009950248756218905,9a4713019f52e6beae901662337c8d22605ed3243fe01f4ac3dd4ba2acb43815
PARTIAL_C1_ENCODER_FINETUNING_LINEAR_SOFTMAX,500,44,530017,0.10888888888888888,0.10639180359307374,0.10888888888888888,0.002631578947368421,ac157840d8cf1e2019ea200b3a624d9c6ae1f9c49fc6b6e88d0fd14cfda01c77
PARTIAL_C1_ENCODER_FINETUNING_LINEAR_SOFTMAX,500,44,555029,0.1126984126984127,0.11038749943329355,0.1126984126984127,0.0024968789013732834,296ea29f08b328cc29b35774720c123f48148c0f20bb5ae9339ec56d1281fbe6
PARTIAL_C1_ENCODER_FINETUNING_LINEAR_SOFTMAX,500,44,580031,0.12984126984126984,0.12601603922273746,0.12984126984126984,0.009950248756218905,26c47e3c251207e4e147c5ad82a4dbb7735208769d296b289b09a16c7dd371c2
PARTIAL_C1_ENCODER_FINETUNING_LINEAR_SOFTMAX,500,45,104729,0.09714285714285714,0.0955525113270596,0.09714285714285713,0.0,e679b33a57e30e9012bbcd137f9c765b8dbfbbab0ad0a123a24d2e351207746a
PARTIAL_C1_ENCODER_FINETUNING_LINEAR_SOFTMAX,500,45,130363,0.12063492063492064,0.12055807473336355,0.12063492063492064,0.0,301bf9381d32683a34085f4bc1523922c03fd49d6bea8104a08b13640cbfe2a5
PARTIAL_C1_ENCODER_FINETUNING_LINEAR_SOFTMAX,500,45,155921,0.11492063492063492,0.11483768664459061,0.11492063492063491,0.0,3b4020820222df3c4f374cf22297fee003fadcfd876ec08842808e3f89e8f4a3
PARTIAL_C1_ENCODER_FINETUNING_LINEAR_SOFTMAX,500,45,181081,0.11206349206349206,0.1122006334602181,0.11206349206349206,0.0,f95a76b95a4c484faa0d3fade9d266e24b5af30811b95631dedbf1b6a1bd31f2
PARTIAL_C1_ENCODER_FINETUNING_LINEAR_SOFTMAX,500,45,205439,0.11396825396825397,0.1175435320449567,0.11396825396825395,0.0,89c649bd6583592b9b0489ebafa1ecd3f901ac9df527a5e69428331968dbf8c5
PARTIAL_C1_ENCODER_FINETUNING_LINEAR_SOFTMAX,500,45,230003,0.11396825396825397,0.11674649389980236,0.11396825396825395,0.0,13f07e768cfda75e19746a240f3ff48cc5de6759ba83d69ba1b6e6b63ad29671
PARTIAL_C1_ENCODER_FINETUNING_LINEAR_SOFTMAX,500,45,254959,0.11301587301587301,0.11530443811770072,0.11301587301587301,0.0,b1cc74ccc6cd4889abf9b836b91e3c5b7dfe20d071cf9bae42065a6e804ca2bc
PARTIAL_C1_ENCODER_FINETUNING_LINEAR_SOFTMAX,500,45,280001,0.0980952380952381,0.0974037001731279,0.0980952380952381,0.0,55d49a3eb468e9355fdc5347634b09976df7b089e0b71d68a8907f3cdefc62a5
PARTIAL_C1_ENCODER_FINETUNING_LINEAR_SOFTMAX,500,45,305093,0.13555555555555557,0.13126480483129924,0.13555555555555554,0.0,a19f937116701765072cbdef0483dc98e6d2221fdd1e00c587b05d1bf7d5150f
PARTIAL_C1_ENCODER_FINETUNING_LINEAR_SOFTMAX,500,45,330017,0.11492063492063492,0.11431265346696033,0.11492063492063491,0.0,b41fe6c3bf81f63a5501df069ab769f611ce93757c4d2498a375c7826ea07fbe
PARTIAL_C1_ENCODER_FINETUNING_LINEAR_SOFTMAX,500,45,355031,0.12476190476190477,0.12057407762306276,0.12476190476190475,0.0,7959bbe5ead2cfb2a84cdbb638e50219a113b353fe1769e66c1f3871f2b3f114
PARTIAL_C1_ENCODER_FINETUNING_LINEAR_SOFTMAX,500,45,380041,0.11396825396825397,0.11523535627393025,0.11396825396825395,0.0,7da61cc51a3619f1a482cc229c89f2e1c570a5f1c364322c21112acdbce249ec
PARTIAL_C1_ENCODER_FINETUNING_LINEAR_SOFTMAX,500,45,405019,0.11682539682539683,0.11742310593535636,0.11682539682539682,0.0,016abb9a1150776ebc1e9a5c780c3fe6af79fe5e4b83b4a9c37bd76795eb1581
PARTIAL_C1_ENCODER_FINETUNING_LINEAR_SOFTMAX,500,45,430007,0.12571428571428572,0.12301287612441913,0.12571428571428572,0.0,2968c3352005e91be1a8066615e8a11fb2f58ef7dce8edf84fb6521025b6a6c7
PARTIAL_C1_ENCODER_FINETUNING_LINEAR_SOFTMAX,500,45,455003,0.11301587301587301,0.114549968082808,0.11301587301587301,0.0,45cf57000a7fbb474cdd28b6bdea6667318eda0e3e5f2ff5b65de0ecacd20595
PARTIAL_C1_ENCODER_FINETUNING_LINEAR_SOFTMAX,500,45,480017,0.13682539682539682,0.13567249760324368,0.13682539682539682,0.0,d43981f548bf99005c5f24d05dad2fe957d857c680211a23f889e59576d1aa03
PARTIAL_C1_ENCODER_FINETUNING_LINEAR_SOFTMAX,500,45,505027,0.12126984126984126,0.11972342843004832,0.12126984126984128,0.0,e06d934ad5780cc89651f504f5dad480a1dbee97c46a76a0bb90874efe4c6294
PARTIAL_C1_ENCODER_FINETUNING_LINEAR_SOFTMAX,500,45,530017,0.11206349206349206,0.11541858807849663,0.11206349206349206,0.0,c392ba26601b0769be8531989acb485f0e2db9f091553d1fa613cd8592c3c152
PARTIAL_C1_ENCODER_FINETUNING_LINEAR_SOFTMAX,500,45,555029,0.12412698412698413,0.12500546590889225,0.12412698412698411,0.0,5219d0f592054a58998fffb4804fd0ed64e3a8929b6bd000472fddb9ea2e9ac6
PARTIAL_C1_ENCODER_FINETUNING_LINEAR_SOFTMAX,500,45,580031,0.11301587301587301,0.11438082469422381,0.11301587301587301,0.0,09a0c764251745ce4c1f6413b0e482a27885f8ee9ebb32d84f25118ed91b7561
PARTIAL_C1_ENCODER_FINETUNING_LINEAR_SOFTMAX,500,46,104729,0.133015873015873,0.12835144514361888,0.133015873015873,0.06153846153846154,967247171b736133ac0e23baabd6201f08cf8156a9d055e4cdb507f0f78c565d
PARTIAL_C1_ENCODER_FINETUNING_LINEAR_SOFTMAX,500,46,130363,0.1380952380952381,0.12910533422758103,0.1380952380952381,0.012437810945273632,d4d9d81a886670487f16d0d9bea2d50777b06f2199d65dcba1e3bf0ef1a87403
PARTIAL_C1_ENCODER_FINETUNING_LINEAR_SOFTMAX,500,46,155921,0.1415873015873016,0.1337522064257077,0.14158730158730157,0.0,4670ef446ffebdd57c197b9b4cde68a6fc2f76a6f0b42413bd6a9a263b0f9453
PARTIAL_C1_ENCODER_FINETUNING_LINEAR_SOFTMAX,500,46,181081,0.15492063492063493,0.14934716555973596,0.1549206349206349,0.04550379198266522,0f6f8e817162a27b4b2f51855963587de8cdb4c13e856b85bf04d1a9819b4a30
PARTIAL_C1_ENCODER_FINETUNING_LINEAR_SOFTMAX,500,46,205439,0.13174603174603175,0.12577298856732733,0.13174603174603175,0.0,fdd9a57e707774e04b30e72baa7686ce2b024247f09602c89c1dd0ef6bec7892
PARTIAL_C1_ENCODER_FINETUNING_LINEAR_SOFTMAX,500,46,230003,0.1180952380952381,0.10709894687079821,0.1180952380952381,0.0,266693dc8f75e0b75686ab4f943748a89c446256c6598bb44385f15e54f4f532
PARTIAL_C1_ENCODER_FINETUNING_LINEAR_SOFTMAX,500,46,254959,0.12253968253968255,0.11822330435004218,0.12253968253968253,0.0,8f480a920f67084a5a0866ddb21a5e447f3ae5412ec7fa0bf45046ad1f207c32
PARTIAL_C1_ENCODER_FINETUNING_LINEAR_SOFTMAX,500,46,280001,0.1380952380952381,0.12908384862429234,0.1380952380952381,0.012453300124533,3528a468b8bfbeda6d7cc8d1b79d5edf7140166e677695ace20f1ca39b28bd21
PARTIAL_C1_ENCODER_FINETUNING_LINEAR_SOFTMAX,500,46,305093,0.1380952380952381,0.13258149726025195,0.13809523809523808,0.07200929152148665,4eff6411280c194477b132a5d4a3e1134d8932d3c0b5020c99b0baa1b4ef0c05
PARTIAL_C1_ENCODER_FINETUNING_LINEAR_SOFTMAX,500,46,330017,0.14825396825396825,0.14190196353945353,0.14825396825396825,0.08173076923076923,ccbd3e06886dc030d66f46719f5b2e88ec834ef2df8279ee87a6fb40eed455a5
PARTIAL_C1_ENCODER_FINETUNING_LINEAR_SOFTMAX,500,46,355031,0.1326984126984127,0.12438649388194738,0.1326984126984127,0.0,5ee8f0c4df7a92d10240b033836145d955eb24a2e2514590f8fb30794a342d1e
PARTIAL_C1_ENCODER_FINETUNING_LINEAR_SOFTMAX,500,46,380041,0.14888888888888888,0.14223851334939483,0.14888888888888888,0.07709750566893424,291345a2008005f59a038ff7285be9d3dbed35d2c27376ae05681a719870bced
PARTIAL_C1_ENCODER_FINETUNING_LINEAR_SOFTMAX,500,46,405019,0.1365079365079365,0.13027081882356994,0.1365079365079365,0.0,3ac216228a1a3fec66a4d2788049c4c2f2eb37e59c665d009e7e7d63e4111d8d
PARTIAL_C1_ENCODER_FINETUNING_LINEAR_SOFTMAX,500,46,430007,0.10761904761904761,0.10482284472878194,0.10761904761904761,0.0,b9334c9dcd969fff37d6b94045d185c80518883a8ae4fcf0fed0a7f5df830b6c
PARTIAL_C1_ENCODER_FINETUNING_LINEAR_SOFTMAX,500,46,455003,0.12380952380952381,0.11363901855002731,0.12380952380952381,0.0,c1ef640df51d9f8ee709648e9c0b87b407ab39085de80a1e73ea9e49629219a9
PARTIAL_C1_ENCODER_FINETUNING_LINEAR_SOFTMAX,500,46,480017,0.14063492063492064,0.13263533683035503,0.14063492063492064,0.0,d6f1d8551c7a9992e9d674c8075c88fa9dd276856e497058eee343d066d470a0
PARTIAL_C1_ENCODER_FINETUNING_LINEAR_SOFTMAX,500,46,505027,0.15936507936507938,0.15390618162229044,0.15936507936507935,0.07674943566591422,0473c212c509fdeff544c09fa3e39be5552e5b951aba757967b9dd1566412934
PARTIAL_C1_ENCODER_FINETUNING_LINEAR_SOFTMAX,500,46,530017,0.13904761904761906,0.13567430748160408,0.13904761904761903,0.07399347116430903,0564373818cf74c5185ad133786c491b8b27cd96bbeea95f3d5d6b21ab5bab49
PARTIAL_C1_ENCODER_FINETUNING_LINEAR_SOFTMAX,500,46,555029,0.1526984126984127,0.1494246162229438,0.1526984126984127,0.07367280606717226,4808fecac6a68940d81c9c33d3d9823dbb55d600ed3113cc3e2d34c45c06501c
PARTIAL_C1_ENCODER_FINETUNING_LINEAR_SOFTMAX,500,46,580031,0.13396825396825396,0.1279084700772107,0.133968253968254,0.0,7b3714dfd28cb63c3d291a119bcec039d8878bddd02619983102fefa36edd8b7
FULL_C1_ENCODER_FINETUNING_LINEAR_SOFTMAX,7,42,104729,0.16317460317460317,0.1648580956113936,0.16317460317460317,0.01881720430107527,63a3e89dbbc413c93d5aa7d79f7521994721d965f6f89ea587554396d7b4ffdc
FULL_C1_ENCODER_FINETUNING_LINEAR_SOFTMAX,7,42,130363,0.17904761904761904,0.16270194569274768,0.17904761904761904,0.014209591474245116,368558ad419e8b027519802965f2674e64b0cf8368396553b15703844b6a1d6c
FULL_C1_ENCODER_FINETUNING_LINEAR_SOFTMAX,7,42,155921,0.20507936507936508,0.19207736086449387,0.2050793650793651,0.011834319526627219,e8e0f702ffa6a1980b1e9b77b02ee20ecec309b8bdfe6cde7df2e3862406c3b5
FULL_C1_ENCODER_FINETUNING_LINEAR_SOFTMAX,7,42,181081,0.06380952380952382,0.06430423603916859,0.0638095238095238,0.0,f79fb970c63fd47ac9d28cf8cac0079f5fad74fb73978e5b9cb2cbe02e87e6ee
FULL_C1_ENCODER_FINETUNING_LINEAR_SOFTMAX,7,42,205439,0.16380952380952382,0.15651937762762008,0.16380952380952382,0.0,d7c1c9038de30e4df9a7dd2c8d355ad93dfa1ae1f9bd366309e9daef8b491b77
FULL_C1_ENCODER_FINETUNING_LINEAR_SOFTMAX,7,42,230003,0.11523809523809524,0.10394933418442466,0.11523809523809524,0.0,a72e7fb8852dd0d52d99b0b89c9a3fc196667caccaa4aedecd5060120d3ae1de
FULL_C1_ENCODER_FINETUNING_LINEAR_SOFTMAX,7,42,254959,0.16603174603174603,0.1519215706033039,0.16603174603174603,0.011881188118811881,4b606e5ccbe2b3fe2bb537a6e62cfa34f577da7ed3f72c95580c2b0a9e245122
FULL_C1_ENCODER_FINETUNING_LINEAR_SOFTMAX,7,42,280001,0.06761904761904762,0.06647092363892222,0.06761904761904762,0.0,9cca503e4ea828c898890d26491acbb920a5a154a64d5ee0173729555c36c875
FULL_C1_ENCODER_FINETUNING_LINEAR_SOFTMAX,7,42,305093,0.19396825396825396,0.20019382307440128,0.19396825396825396,0.027554535017221583,bff04e15f7afb62b7856cd92f760bc8590875dfdee342ac94fa820eabe9b0a36
FULL_C1_ENCODER_FINETUNING_LINEAR_SOFTMAX,7,42,330017,0.18,0.18922099761753525,0.17999999999999997,0.025256511444356748,5f502de6087509c5e02dd0c94cec5b37ccb7edaef3fc788d88a5f2af56d56ac2
FULL_C1_ENCODER_FINETUNING_LINEAR_SOFTMAX,7,42,355031,0.1742857142857143,0.17469053595866013,0.1742857142857143,0.0,065571a6521f974213b084f0c810e3794e1e582428e3cf9be1f19151de21c6cf
FULL_C1_ENCODER_FINETUNING_LINEAR_SOFTMAX,7,42,380041,0.14539682539682539,0.13402672509954355,0.1453968253968254,0.007772020725388601,fa7cb6070d334117075791ed63c09b67002317c679b0f25b6e45a0df039ed335
FULL_C1_ENCODER_FINETUNING_LINEAR_SOFTMAX,7,42,405019,0.1292063492063492,0.12504465759279806,0.12920634920634919,0.036418816388467376,48e3cf90cca5e023eecbe75fcecd6306f7f00c188906ee98040d359653764e48
FULL_C1_ENCODER_FINETUNING_LINEAR_SOFTMAX,7,42,430007,0.17492063492063492,0.1619168161940188,0.17492063492063492,0.0,c638e6ea30b889f18a98ec18d62fbeabd19821336aa3d1736d85051f1000ae0e
FULL_C1_ENCODER_FINETUNING_LINEAR_SOFTMAX,7,42,455003,0.13047619047619047,0.13382534209105706,0.13047619047619047,0.0,5d17d6229d7afb1c23a96cf431a2804bde5d4f962d6d9264a52dcecc33f8437f
FULL_C1_ENCODER_FINETUNING_LINEAR_SOFTMAX,7,42,480017,0.1034920634920635,0.08081053212286693,0.10349206349206351,0.0,1a22b270b1de6e0cd0f6f0fac3e4ae86dc0a8ba32673c52768338db17e0f840f
FULL_C1_ENCODER_FINETUNING_LINEAR_SOFTMAX,7,42,505027,0.11841269841269841,0.11340354110471876,0.1184126984126984,0.0,55ac7323698396bb234ac3b7ab5fa28c748d324e87d937393534575cb591924d
FULL_C1_ENCODER_FINETUNING_LINEAR_SOFTMAX,7,42,530017,0.14603174603174604,0.13178042008753169,0.146031746031746,0.0,b21a63e9095d4ed703eec2890a8f34dda3164e9c7d8161e9b354e51c5de59e61
FULL_C1_ENCODER_FINETUNING_LINEAR_SOFTMAX,7,42,555029,0.08285714285714285,0.06563987042128905,0.08285714285714285,0.0,f552b3a753d0403bbe97abd8a99e2bc43de322d8a65473c493cb5d522f7bcd54
FULL_C1_ENCODER_FINETUNING_LINEAR_SOFTMAX,7,42,580031,0.1634920634920635,0.16768616345610415,0.1634920634920635,0.016766467065868262,caa6571292a91ecc0e08e7083d209c4b256d8f50f689fd480279cd6b5897d663
FULL_C1_ENCODER_FINETUNING_LINEAR_SOFTMAX,7,43,104729,0.12984126984126984,0.1256462932855849,0.1298412698412698,0.00906344410876133,b58a1cdc0a73c2e43eda25e6e20a0e3ade307db1242822856ae21327a12f9783
FULL_C1_ENCODER_FINETUNING_LINEAR_SOFTMAX,7,43,130363,0.14507936507936509,0.12898694662324942,0.14507936507936509,0.0,ca9c3d78e36dcbc96c54b7c3f8203495c1af6d605f837fa85dfa0e0b0518d995
FULL_C1_ENCODER_FINETUNING_LINEAR_SOFTMAX,7,43,155921,0.15746031746031747,0.1483373084640939,0.15746031746031747,0.0,5aa4460ff079b899efbe4e645d7b3db468114f9adab0f62541a529287943e02b
FULL_C1_ENCODER_FINETUNING_LINEAR_SOFTMAX,7,43,181081,0.11396825396825397,0.09986616164948424,0.11396825396825397,0.0,63bcbd31f50b31ba95e1098906467d309dcfd4e6cf41a0d8c38b6b23c63a52a2
FULL_C1_ENCODER_FINETUNING_LINEAR_SOFTMAX,7,43,205439,0.1438095238095238,0.14887997975354958,0.14380952380952383,0.08687068114511352,2e86eade5cde50ef51f77e6e0910d18b34bc4f2565910eb40fcbf12090233034
FULL_C1_ENCODER_FINETUNING_LINEAR_SOFTMAX,7,43,230003,0.15841269841269842,0.1510029471349477,0.1584126984126984,0.0,20fde66bed2f7a089f7b152180dad4476b41be87013ddec917899f9a776b8e3a
FULL_C1_ENCODER_FINETUNING_LINEAR_SOFTMAX,7,43,254959,0.11523809523809524,0.10354207165474157,0.11523809523809524,0.0,187ddae0487b6ac1dd26148bbd2b108d064219a35e23f1123829bb615379a258
FULL_C1_ENCODER_FINETUNING_LINEAR_SOFTMAX,7,43,280001,0.10253968253968254,0.09040073212580292,0.10253968253968251,0.0,883b2bb0a11b0838befa992ced4da446aaaba5f17f68a6363a4b3c5dacee15a6
FULL_C1_ENCODER_FINETUNING_LINEAR_SOFTMAX,7,43,305093,0.10158730158730159,0.07803144299943032,0.10158730158730157,0.0,0fa6e8b1d89e68eee638a25be58f73315228814f97ccbf93cf63901813b98a4e
FULL_C1_ENCODER_FINETUNING_LINEAR_SOFTMAX,7,43,330017,0.08349206349206349,0.08041814364257927,0.08349206349206349,0.0,59732af1cae32c120c0e3972a91641e8f67da95bc5a94d4dea7624b3c362dd9d
FULL_C1_ENCODER_FINETUNING_LINEAR_SOFTMAX,7,43,355031,0.05714285714285714,0.05343856417965461,0.05714285714285715,0.008695652173913044,7201023cc270c2b0b9d10c1616f826ec2af2f9545ec70f3c20996e971a33da6c
FULL_C1_ENCODER_FINETUNING_LINEAR_SOFTMAX,7,43,380041,0.14444444444444443,0.14468088680210553,0.14444444444444443,0.09595484477892756,f91b2eab12cd946781e663627a6e5e9b6c1d3f4f962e1d4a180977c77fbd2dac
FULL_C1_ENCODER_FINETUNING_LINEAR_SOFTMAX,7,43,405019,0.1746031746031746,0.16660835791532227,0.1746031746031746,0.0,3c971682b2a97a7f4d7a40a77f471eede3fe4ae43413ed0a5d76040cbc3d8be0
FULL_C1_ENCODER_FINETUNING_LINEAR_SOFTMAX,7,43,430007,0.1438095238095238,0.14110303165805127,0.1438095238095238,0.0,7c1ee89c46dfeab014634900a4d5cd78545e66010fc39403d9c7229546b6ede5
FULL_C1_ENCODER_FINETUNING_LINEAR_SOFTMAX,7,43,455003,0.09746031746031746,0.08646279406991789,0.09746031746031747,0.0,3b0308a9e253961e6e6a72bfcf4b4d3cea55173409ca451bc232cedbafa6a133
FULL_C1_ENCODER_FINETUNING_LINEAR_SOFTMAX,7,43,480017,0.10952380952380952,0.09782835306287337,0.10952380952380954,0.0,2b8b8870766a48883cd698cf3e7f2bf4f33079a5b573c0c27f137a46de65c697
FULL_C1_ENCODER_FINETUNING_LINEAR_SOFTMAX,7,43,505027,0.10952380952380952,0.09500945982444894,0.10952380952380951,0.0,bc048e00cec4423d732b784b064deb54dcd6a3d9fbd96ddf99b7fa5af1017a61
FULL_C1_ENCODER_FINETUNING_LINEAR_SOFTMAX,7,43,530017,0.17015873015873015,0.154484234478079,0.17015873015873018,0.0,50b2363c4100c01bfe81cf9083c3ac680376f10daa03866bd2005bff1f6bafa9
FULL_C1_ENCODER_FINETUNING_LINEAR_SOFTMAX,7,43,555029,0.10793650793650794,0.10291920173298554,0.10793650793650793,0.0,ec001cb2cd82775e79e7674b102fe513856c58c6b4fc9892fc7234e64208dc00
FULL_C1_ENCODER_FINETUNING_LINEAR_SOFTMAX,7,43,580031,0.11873015873015873,0.11705714466176191,0.11873015873015873,0.0079155672823219,0a9e67202fdc4e26086a8c9ad4113d6a99f77b81fac1aaad3edd34d305bee1d7
FULL_C1_ENCODER_FINETUNING_LINEAR_SOFTMAX,7,44,104729,0.11396825396825397,0.10297303553614859,0.11396825396825397,0.0,f7b62c88b89df01d4930bebb3214375e3f1444707355de45ec676525a55b6c83
FULL_C1_ENCODER_FINETUNING_LINEAR_SOFTMAX,7,44,130363,0.12285714285714286,0.11029001663495545,0.12285714285714286,0.0,96abbb6b683c9c864a75745b8c6c609f5a2425cd6f55ba965d018a58114e8763
FULL_C1_ENCODER_FINETUNING_LINEAR_SOFTMAX,7,44,155921,0.16126984126984126,0.16151498667545974,0.16126984126984129,0.0,7e6a25a6d1f86288dee86f14acd329c2a3facfdf8770f1e72f48062cc9159416
FULL_C1_ENCODER_FINETUNING_LINEAR_SOFTMAX,7,44,181081,0.15333333333333332,0.14274730260327037,0.15333333333333332,0.0,eb1fbf9804e1db811c3823ef62212c9bf9eb67d3b590485420d2d9d5ec95a569
FULL_C1_ENCODER_FINETUNING_LINEAR_SOFTMAX,7,44,205439,0.10126984126984127,0.0997563282707172,0.10126984126984126,0.0,d661dbfb683c982b410587b7120fae28d03b0a85cc0e3546820c2ffeb523d74b
FULL_C1_ENCODER_FINETUNING_LINEAR_SOFTMAX,7,44,230003,0.18984126984126984,0.17833819029589804,0.18984126984126984,0.0,03aa962c11990257ed25a8418861abce52cda887e9d2d4fd177d2ec27d5af2f5
FULL_C1_ENCODER_FINETUNING_LINEAR_SOFTMAX,7,44,254959,0.11079365079365079,0.09716421534355116,0.11079365079365079,0.002317497103128621,cf08fb264dbf20a70360220d3617ae131a00cca9fcb8119d6a7c08bcb1047928
FULL_C1_ENCODER_FINETUNING_LINEAR_SOFTMAX,7,44,280001,0.1473015873015873,0.12609217590843855,0.1473015873015873,0.0,099d86cd6b81db3d186fbcb7edf4be4d5b2aab6940bee020cd5ebc6c7cbefc56
FULL_C1_ENCODER_FINETUNING_LINEAR_SOFTMAX,7,44,305093,0.11142857142857143,0.09951515723339077,0.11142857142857143,0.0,50948f21d68a109ab4ebf7f90db46ec1bac2af64aab1406d9964c87b741ce6c7
FULL_C1_ENCODER_FINETUNING_LINEAR_SOFTMAX,7,44,330017,0.09904761904761905,0.10131779794883175,0.09904761904761905,0.002127659574468085,5296fc821a1054d0da89d3ce97b9acd86219dd412860c44de9409c0d07610237
FULL_C1_ENCODER_FINETUNING_LINEAR_SOFTMAX,7,44,355031,0.13968253968253969,0.14312855733915283,0.13968253968253969,0.007009345794392523,c7d6af3fb3615dd2197d08f7402c2cc4dbcc1ca45a1ebd33f8703c970d28197f
FULL_C1_ENCODER_FINETUNING_LINEAR_SOFTMAX,7,44,380041,0.1288888888888889,0.11731728146927621,0.1288888888888889,0.008174386920980926,105858609cd8ef287168740d840c50796ff0f6de8b6dc99ce7ad4e7c3c68c164
FULL_C1_ENCODER_FINETUNING_LINEAR_SOFTMAX,7,44,405019,0.11555555555555555,0.10598417544377892,0.11555555555555555,0.0,2dcf7b0ab8dc521ce10c6c6040d1c9b34d47ad3f2c0e7ada307cd2bc036a4cbb
FULL_C1_ENCODER_FINETUNING_LINEAR_SOFTMAX,7,44,430007,0.1946031746031746,0.181333681737084,0.19460317460317458,0.0,02d9bf39db1a08d000d5598e75b2e91b8c3fca8e0d6d7b6c85730d5bf0d4a594
FULL_C1_ENCODER_FINETUNING_LINEAR_SOFTMAX,7,44,455003,0.14285714285714285,0.1329911114506563,0.14285714285714285,0.002840909090909091,fcbe6026fd1962d89e85eb149f6f6c0eecf9f31acafd2f81b82dd3a275377893
FULL_C1_ENCODER_FINETUNING_LINEAR_SOFTMAX,7,44,480017,0.13111111111111112,0.12836292411414635,0.13111111111111112,0.009205983889528193,7d79e3abaa4f55978295451f10db51b5e1313865c0abfc073ba00403ecc801dc
FULL_C1_ENCODER_FINETUNING_LINEAR_SOFTMAX,7,44,505027,0.15555555555555556,0.15345437097159895,0.15555555555555553,0.006825938566552901,d176f94428f6010ac4143289b35c04c1b67c324b1e43a842b00f0ba8a08c6147
FULL_C1_ENCODER_FINETUNING_LINEAR_SOFTMAX,7,44,530017,0.15904761904761905,0.14819065554039915,0.15904761904761905,0.0,fd8b844478d375726d2b1598676224473252225bfa1abb3e1575425f2cb72640
FULL_C1_ENCODER_FINETUNING_LINEAR_SOFTMAX,7,44,555029,0.19015873015873017,0.19220573622749512,0.19015873015873017,0.09640831758034027,5a8b6a84b4bc4a594c963ce7b3b7e47621a565e2c1fc3889aa08442afa1b2b75
FULL_C1_ENCODER_FINETUNING_LINEAR_SOFTMAX,7,44,580031,0.11396825396825397,0.10323004388946075,0.11396825396825397,0.0,dd0f31a180ae40e8877f68c8e8702abe83f28432bd3d3da58c6997d3389a80b0
FULL_C1_ENCODER_FINETUNING_LINEAR_SOFTMAX,7,45,104729,0.11841269841269841,0.10184775007254468,0.11841269841269841,0.0,a4f89a0883ea3698f2893ad13b265c695d082de51de21001201479ae6812c446
FULL_C1_ENCODER_FINETUNING_LINEAR_SOFTMAX,7,45,130363,0.10095238095238095,0.08472528357742028,0.10095238095238093,0.0,75acd6ae83395072fbf3c7ee5211a19901b59ec851afefc8e2283726978f1afa
FULL_C1_ENCODER_FINETUNING_LINEAR_SOFTMAX,7,45,155921,0.15587301587301589,0.15508048268906707,0.15587301587301589,0.018561484918793503,5584356e0f567361e3b49679e9a525309835fd6934c966db4903cd7047780c25
FULL_C1_ENCODER_FINETUNING_LINEAR_SOFTMAX,7,45,181081,0.0746031746031746,0.07308738765154854,0.07460317460317459,0.0,5883409d9eee1a82e699f96c9e4e8b2982e9afaae298d4e1641dcfb8a2d3b6d9
FULL_C1_ENCODER_FINETUNING_LINEAR_SOFTMAX,7,45,205439,0.1288888888888889,0.13277478646599278,0.1288888888888889,0.0,22fa69c24821f615e1050c06e3829340a631bc2abe76d9f459c33f6a775bc474
FULL_C1_ENCODER_FINETUNING_LINEAR_SOFTMAX,7,45,230003,0.12507936507936507,0.09783958356925744,0.1250793650793651,0.0,fa1e2fbef6e3f13afde993f00ab3ac0ca502ed77b82b4a125575c532289c6a48
FULL_C1_ENCODER_FINETUNING_LINEAR_SOFTMAX,7,45,254959,0.11301587301587301,0.10508285613626153,0.11301587301587301,0.0,b85b0b0f620e2e11cb420a3923bd7118ac6f2c69379b974d5f0c4deb91671cd0
FULL_C1_ENCODER_FINETUNING_LINEAR_SOFTMAX,7,45,280001,0.10920634920634921,0.10001528299725392,0.10920634920634921,0.0,f139030d2e622078aba53d8a9f70484b423791ca672f90b2388caf25126bed3f
FULL_C1_ENCODER_FINETUNING_LINEAR_SOFTMAX,7,45,305093,0.08603174603174603,0.07125590542499076,0.08603174603174603,0.0,3c9b8b5c06817bbd32a96afc49c9f8b5956b98a13dbe6693cb7c4171553fd606
FULL_C1_ENCODER_FINETUNING_LINEAR_SOFTMAX,7,45,330017,0.11428571428571428,0.11524509111702126,0.11428571428571425,0.007142857142857143,f4ac766c289b3c1f9172ba4363bb38a5bb57cbc22d0e46fbeb77cc442d966e81
FULL_C1_ENCODER_FINETUNING_LINEAR_SOFTMAX,7,45,355031,0.09365079365079365,0.0876916161759794,0.09365079365079364,0.0,56111faafc20ddbc98fb48f169205bc6e98206116cc2e3e1017813e7cb772d8b
FULL_C1_ENCODER_FINETUNING_LINEAR_SOFTMAX,7,45,380041,0.12380952380952381,0.11336807093404357,0.12380952380952381,0.005988023952095809,855fe89d1baa1e9ab6511522f32d223415221a2d51f69d27b137278bfb4312b7
FULL_C1_ENCODER_FINETUNING_LINEAR_SOFTMAX,7,45,405019,0.12349206349206349,0.11865924100762736,0.1234920634920635,0.0,3cca45a1601d81d2d511b54836148bff03191e60d2df282069c10098ed6b417f
FULL_C1_ENCODER_FINETUNING_LINEAR_SOFTMAX,7,45,430007,0.1219047619047619,0.11458185077004288,0.12190476190476189,0.0,2c87ba8eca326a6650cddc5e53a1cf33d927f98a868a252c7ac949a17f04eea0
FULL_C1_ENCODER_FINETUNING_LINEAR_SOFTMAX,7,45,455003,0.10793650793650794,0.08791882518776585,0.10793650793650793,0.0,3a66112f71b7f4d4fda6ecf7c99fbc7fbb24bd7d4d90be649bb674c53b782942
FULL_C1_ENCODER_FINETUNING_LINEAR_SOFTMAX,7,45,480017,0.13047619047619047,0.1117767983643517,0.13047619047619047,0.0,9b5f945fbe9aebbda09bf64a060378775d3156df85bb15ac96b11923b84e314d
FULL_C1_ENCODER_FINETUNING_LINEAR_SOFTMAX,7,45,505027,0.1219047619047619,0.10196492877413489,0.12190476190476189,0.0,353327193fbc3679b6d14cee488d6c1150046f6ccd47a28d675079e46998961d
FULL_C1_ENCODER_FINETUNING_LINEAR_SOFTMAX,7,45,530017,0.1253968253968254,0.11441288492243096,0.1253968253968254,0.0,770e70b65fa7879949fa665e040ee3fe9efcc1cc1466a07cd489de3509c7a0b9
FULL_C1_ENCODER_FINETUNING_LINEAR_SOFTMAX,7,45,555029,0.12285714285714286,0.12754718632302822,0.12285714285714285,0.007036059806508356,161aa80bb3a19b4f1889006184a71338d6f05a4150141f88f012f1ede55dfba1
FULL_C1_ENCODER_FINETUNING_LINEAR_SOFTMAX,7,45,580031,0.10317460317460317,0.08763837610215638,0.10317460317460317,0.0,8323850cf89826c64e7a0ae5714276aac76092a4e17fb1a4b7b663cdcd95ac20
FULL_C1_ENCODER_FINETUNING_LINEAR_SOFTMAX,7,46,104729,0.1492063492063492,0.1258058609967411,0.1492063492063492,0.0,30d262b0a04d83765c6ef8fe95d316934a886742887401becb8bbbda4fdc18ad
FULL_C1_ENCODER_FINETUNING_LINEAR_SOFTMAX,7,46,130363,0.14317460317460318,0.12862482135642234,0.1431746031746032,0.0,7881302c0245c22ee15e1af85d3f8814958eaac1ba5b8dc63fe63cc78bc3771f
FULL_C1_ENCODER_FINETUNING_LINEAR_SOFTMAX,7,46,155921,0.18857142857142858,0.19505038440104855,0.18857142857142858,0.0,15bc29278471b22b2c9d5b7e793023b9af0c5ac9decb4c739f3305fdb1b17086
FULL_C1_ENCODER_FINETUNING_LINEAR_SOFTMAX,7,46,181081,0.13015873015873017,0.13147183990301795,0.13015873015873017,0.0,7c1d2eaf787e9f7f76e2832a7280c2e3e9564b5cbadd59998e15ca0a1dd984fa
FULL_C1_ENCODER_FINETUNING_LINEAR_SOFTMAX,7,46,205439,0.12571428571428572,0.11741612107959372,0.12571428571428572,0.0,6102eca8daf15ba042062c5b1d5e6654ff345f51d81c65e9517457512089e213
FULL_C1_ENCODER_FINETUNING_LINEAR_SOFTMAX,7,46,230003,0.1907936507936508,0.1917048793645326,0.1907936507936508,0.0,ee94dc23c24a0c13a7b69012fa41f98c8277a739c60369562c909dcd7976033a
FULL_C1_ENCODER_FINETUNING_LINEAR_SOFTMAX,7,46,254959,0.16158730158730158,0.1526208609426669,0.16158730158730158,0.0,0133fc0c8e18432dbbdeaf7aaae2da3edc56aa12ecc3b9f3383a1b25eb265c9e
FULL_C1_ENCODER_FINETUNING_LINEAR_SOFTMAX,7,46,280001,0.1761904761904762,0.16491837796384304,0.1761904761904762,0.0,d3ddca82e417b0a5e05eb878008545250816cc6675b6f99ec5c21e85d3b8b4c7
FULL_C1_ENCODER_FINETUNING_LINEAR_SOFTMAX,7,46,305093,0.1292063492063492,0.13382754346824124,0.12920634920634919,0.0,cfb909800b8add9122c9e66656e42d76e3d875be05d6ebc69a9e03c07e79b570
FULL_C1_ENCODER_FINETUNING_LINEAR_SOFTMAX,7,46,330017,0.12507936507936507,0.10574449321964562,0.12507936507936507,0.0,69173b58dc5188199b2e65e3edbcdd4df98f3c0d76b6d37cec6f2c7f1aae2128
FULL_C1_ENCODER_FINETUNING_LINEAR_SOFTMAX,7,46,355031,0.09650793650793651,0.08447037940157419,0.0965079365079365,0.0,1a18795eade4c92f7ec275a13fc624afcf0fe7e55b104e57d8060bb159432e9a
FULL_C1_ENCODER_FINETUNING_LINEAR_SOFTMAX,7,46,380041,0.15015873015873016,0.12312084833040067,0.15015873015873016,0.0,937444bb81e04d748dfc08eb5ddf2f3a16f5dcce3ed454687cd648f799331a05
FULL_C1_ENCODER_FINETUNING_LINEAR_SOFTMAX,7,46,405019,0.16063492063492063,0.13896752757301797,0.16063492063492063,0.0,d4d1f9b4ad91b9af2294bca8647488e769ef8e28ad02d9a87002edd10c633fb3
FULL_C1_ENCODER_FINETUNING_LINEAR_SOFTMAX,7,46,430007,0.16476190476190475,0.1565091525064519,0.16476190476190475,0.0,a4673fdc212b0c5c17af1fb8a286115cd64517f504d60e4ad6fbe34e4aac8780
FULL_C1_ENCODER_FINETUNING_LINEAR_SOFTMAX,7,46,455003,0.09682539682539683,0.08947987638375185,0.09682539682539683,0.0,b8468b274ce9f87073a3dd9a00c404e7f244557d57265f6efbec0fd368a2910d
FULL_C1_ENCODER_FINETUNING_LINEAR_SOFTMAX,7,46,480017,0.1511111111111111,0.12375815557825216,0.1511111111111111,0.0,2725bc7ad3e9ccb8088bc140ee0d21064708c466e97c8bce55196d7a3282e7a3
FULL_C1_ENCODER_FINETUNING_LINEAR_SOFTMAX,7,46,505027,0.10857142857142857,0.09302226651931322,0.10857142857142857,0.0,6d01fc3273b47ffe084f89cd0dafeb424a18e805da6a3bbcabf04563ddf3a0f8
FULL_C1_ENCODER_FINETUNING_LINEAR_SOFTMAX,7,46,530017,0.19968253968253968,0.18978684255464043,0.19968253968253968,0.0,9316a20734fa63f02065c726df2266a55b2c38878c1555d4571197b45bdaf8c1
FULL_C1_ENCODER_FINETUNING_LINEAR_SOFTMAX,7,46,555029,0.11079365079365079,0.11114383361242126,0.11079365079365079,0.0,3951cdd2279b18f10818b8f6f5100b8fcd176c78affda5e407bf6cbb32ca3200
FULL_C1_ENCODER_FINETUNING_LINEAR_SOFTMAX,7,46,580031,0.15301587301587302,0.13346310957822946,0.15301587301587302,0.0,d38537cfb025beccfe2399d3452112b8ed2843e91d3b4f19fd1452492f623463
FULL_C1_ENCODER_FINETUNING_LINEAR_SOFTMAX,35,42,104729,0.14793650793650795,0.14791045643431158,0.14793650793650795,0.03253796095444685,9367f033fb7e881574c9d3edccca32eb25d2308fdf8cf190916e680bc9256889
FULL_C1_ENCODER_FINETUNING_LINEAR_SOFTMAX,35,42,130363,0.11555555555555555,0.11765916120079878,0.11555555555555554,0.009080590238365494,b7f25072c8bb51467d6f2e807876ab934f1bd47f3b25b2537afec2d8528d5d69
FULL_C1_ENCODER_FINETUNING_LINEAR_SOFTMAX,35,42,155921,0.14888888888888888,0.14833498087818014,0.14888888888888888,0.025183630640083946,bbadfd1a120219c2e825e20bb0b2efa403964ce3514b133d617dbf65ce8d594e
FULL_C1_ENCODER_FINETUNING_LINEAR_SOFTMAX,35,42,181081,0.13142857142857142,0.13127226581023582,0.13142857142857142,0.024896265560165973,4150f4891dfcbfa342358861ad89b573b3d6c8acf5e2645068fd3143bee19f8f
FULL_C1_ENCODER_FINETUNING_LINEAR_SOFTMAX,35,42,205439,0.12984126984126984,0.13129775710596142,0.12984126984126984,0.026637069922308545,b9f36a3bdbf3439c1c6e6705cf11b3425a39b2dc2a458e419cc07dc87b330d28
FULL_C1_ENCODER_FINETUNING_LINEAR_SOFTMAX,35,42,230003,0.133015873015873,0.1352080988989029,0.133015873015873,0.03171247357293869,9abc31210f8372649b6af04f107e42b993966b1818b5c55e8b3ec9ec6589b41c
FULL_C1_ENCODER_FINETUNING_LINEAR_SOFTMAX,35,42,254959,0.13142857142857142,0.13023114186105864,0.13142857142857142,0.026058631921824105,8974cb024839e22b922fc7801200afacd70e9bffe6d423ce454d6b9aca70a466
FULL_C1_ENCODER_FINETUNING_LINEAR_SOFTMAX,35,42,280001,0.11904761904761904,0.12003209518900644,0.11904761904761904,0.008918617614269788,b4c0c92884c3353acb7907dcb3994aff27d99e54c639612bcf60e5b654e8b1f0
FULL_C1_ENCODER_FINETUNING_LINEAR_SOFTMAX,35,42,305093,0.1365079365079365,0.13465950255395245,0.1365079365079365,0.0,acb3770f9322bdd1243030376cb1c9f5b9784f9e27ca9368a64c87a7659103a4
FULL_C1_ENCODER_FINETUNING_LINEAR_SOFTMAX,35,42,330017,0.14539682539682539,0.1446779896720471,0.1453968253968254,0.029232643118148598,a6c5005dc685714820a4501f4d4abef9f1abc2262b39a9d58b8aed690b97a28f
FULL_C1_ENCODER_FINETUNING_LINEAR_SOFTMAX,35,42,355031,0.14666666666666667,0.14768531801563953,0.14666666666666667,0.02643171806167401,3967ef6bd07add78aefd5a078435ef7fade1f3967794cf75762559f60796378b
FULL_C1_ENCODER_FINETUNING_LINEAR_SOFTMAX,35,42,380041,0.14476190476190476,0.14531800335130748,0.14476190476190479,0.08316430020283976,7fa7a04e14a6cf2170399706c58a135125952bf5501c8003869afeee46520139
FULL_C1_ENCODER_FINETUNING_LINEAR_SOFTMAX,35,42,405019,0.14507936507936509,0.14987896411147358,0.14507936507936509,0.030895983522142123,bc9d9025ae90e9fdb1a802e12bb709a289f5ea1eb7b32a95c21bb5bc83cac990
FULL_C1_ENCODER_FINETUNING_LINEAR_SOFTMAX,35,42,430007,0.13206349206349208,0.13153414185041895,0.13206349206349205,0.0262582056892779,5dd49bd6e6128123df0ee8151de1d3e73714b942596aa3a6b23167ce77c1ac7e
FULL_C1_ENCODER_FINETUNING_LINEAR_SOFTMAX,35,42,455003,0.12793650793650793,0.12517740153538523,0.12793650793650793,0.0,d1bf0efcf871ae9c32bbac572ae552a50c039b061a006f9e98f344f436d7e50f
FULL_C1_ENCODER_FINETUNING_LINEAR_SOFTMAX,35,42,480017,0.11460317460317461,0.1170434332531375,0.1146031746031746,0.008412197686645636,2c7429dd99780bfa2da4420cbcf5a699770af7f66c1cbaa0cb545a07a035c316
FULL_C1_ENCODER_FINETUNING_LINEAR_SOFTMAX,35,42,505027,0.1307936507936508,0.1304466327693757,0.13079365079365077,0.026344676180021953,9591ab314fd794d8dbf2c848d7efa386e23f4b1382abeec7237908773d0467ec
FULL_C1_ENCODER_FINETUNING_LINEAR_SOFTMAX,35,42,530017,0.17047619047619048,0.172994772636515,0.17047619047619048,0.09808102345415778,615fe5a19141b7c8f0f3736972ba2d4aa95f46a01a4730e3477e7ec660ee1265
FULL_C1_ENCODER_FINETUNING_LINEAR_SOFTMAX,35,42,555029,0.15587301587301589,0.15409976703519576,0.15587301587301589,0.12091179385530228,1194a63ae6f1533740c8cd4c0230cd3af0a7573ba70363f566aec18d06127e23
FULL_C1_ENCODER_FINETUNING_LINEAR_SOFTMAX,35,42,580031,0.18031746031746032,0.17969203465842362,0.18031746031746035,0.12007874015748031,c2abd4ecf4a4c33d2efc5a0a55d128fd286d8b88c07ffb5ef46549da214bcf99
FULL_C1_ENCODER_FINETUNING_LINEAR_SOFTMAX,35,43,104729,0.18285714285714286,0.17605778252299698,0.18285714285714288,0.07491486946651532,21b8364c9c7b88cf54a0878503af3b6de3294cea800c2ca588b448946f8dd699
FULL_C1_ENCODER_FINETUNING_LINEAR_SOFTMAX,35,43,130363,0.16095238095238096,0.15593615741400593,0.16095238095238093,0.0,1237f7745d7c8155e320c2e24bd772628da35b71fdd4d6ee07d7fbc1277bc41c
FULL_C1_ENCODER_FINETUNING_LINEAR_SOFTMAX,35,43,155921,0.16285714285714287,0.13890678763039055,0.16285714285714287,0.0,e8bbcc92c22e9f1e982227c1ad6b28301ff35e37b1a5a01b5912b4d07e132836
FULL_C1_ENCODER_FINETUNING_LINEAR_SOFTMAX,35,43,181081,0.17523809523809525,0.16470641816275206,0.17523809523809528,0.007537688442211055,830711d033c3b55c6c71a089e28a3456019d1e867a2c110d3c802f8c84d90553
FULL_C1_ENCODER_FINETUNING_LINEAR_SOFTMAX,35,43,205439,0.18285714285714286,0.17495349012400632,0.18285714285714283,0.0,7509c3581ce56fcaaf6d64dc2216d37462180ac86bf1f1d5d24ba3702c8abbab
FULL_C1_ENCODER_FINETUNING_LINEAR_SOFTMAX,35,43,230003,0.16666666666666666,0.1607995197777997,0.16666666666666666,0.08354430379746836,953c94b8d44b419890b28b3ff6383c809c2be11cb0cae592845d05948407163b
FULL_C1_ENCODER_FINETUNING_LINEAR_SOFTMAX,35,43,254959,0.1761904761904762,0.1607487371108549,0.1761904761904762,0.0,c889b7166beb05e369eb8703ae6c6441c883432ac6a4082417247e073c49da25
FULL_C1_ENCODER_FINETUNING_LINEAR_SOFTMAX,35,43,280001,0.1580952380952381,0.15297162079692603,0.15809523809523812,0.007001166861143524,e2aacd18ce57cbbd8446320d75e9a93af656bf1536d5ae01956481c5a67e3308
FULL_C1_ENCODER_FINETUNING_LINEAR_SOFTMAX,35,43,305093,0.17238095238095238,0.16114217321766217,0.17238095238095238,0.041720990873533245,16ce9a75d673f29091e12b92d74c477c79ec23e105ec5abd0eb205c2633b8506
FULL_C1_ENCODER_FINETUNING_LINEAR_SOFTMAX,35,43,330017,0.17523809523809525,0.16205375707349656,0.17523809523809522,0.0,47418c82d83d1a29ef2e0afe9098f48a1f87b90fe6bb9e10ddc4a8718651436f
FULL_C1_ENCODER_FINETUNING_LINEAR_SOFTMAX,35,43,355031,0.13111111111111112,0.1261134683464248,0.13111111111111112,0.0,afc03d227e782347ec126e8a5be3a1e7dcaaa151ae6da074c28c02021f974d0c
FULL_C1_ENCODER_FINETUNING_LINEAR_SOFTMAX,35,43,380041,0.1761904761904762,0.17301261153575573,0.1761904761904762,0.10188261351052048,3bd1db432fc7ddcd68bb8ccdb63c8ea667fadde1035cdbd9156223cb00f15681
FULL_C1_ENCODER_FINETUNING_LINEAR_SOFTMAX,35,43,405019,0.1457142857142857,0.13425866480708443,0.1457142857142857,0.0,dac962660ee39ec2e6b18bfae1f0901ca4c90f0b972ae390be3679d88131fd2c
FULL_C1_ENCODER_FINETUNING_LINEAR_SOFTMAX,35,43,430007,0.17746031746031746,0.16001714773787154,0.17746031746031748,0.0,4e0e8a0f9948e7260d62497804025556e6acb03da9809936c89b063848ab9d85
FULL_C1_ENCODER_FINETUNING_LINEAR_SOFTMAX,35,43,455003,0.1726984126984127,0.16518438171175984,0.1726984126984127,0.014833127317676144,6a1dbf1320ab8be738d110863e46594da09e1989372c9daf16f535d1efa6aeb7
FULL_C1_ENCODER_FINETUNING_LINEAR_SOFTMAX,35,43,480017,0.18,0.1695945306046849,0.17999999999999997,0.041025641025641026,ac468a44ffaa50c03823081150fb46767c0e061def443907c756e9aa52f56ea5
FULL_C1_ENCODER_FINETUNING_LINEAR_SOFTMAX,35,43,505027,0.15301587301587302,0.1420467770650957,0.15301587301587302,0.015957446808510637,012974f38d646d9e4580f9a4179ecf368cb31a4b7ac722e0d281d9a3b6070c8c
FULL_C1_ENCODER_FINETUNING_LINEAR_SOFTMAX,35,43,530017,0.1019047619047619,0.09222125852741987,0.1019047619047619,0.0,d9054908a5bc7af66e425402e9898070f40ad2b02f8559df626ee160434dd6f2
FULL_C1_ENCODER_FINETUNING_LINEAR_SOFTMAX,35,43,555029,0.16,0.15268872768535607,0.16,0.0,f333ac34f850bd085f7f8fe366f8534782d30f70ffed53a6404e4a9e0dde268b
FULL_C1_ENCODER_FINETUNING_LINEAR_SOFTMAX,35,43,580031,0.09555555555555556,0.08835551711476695,0.09555555555555555,0.0,1ee1b1f6d8cb51d688b020372f51bca628e08fa2be91e651e96653c365ab61ec
FULL_C1_ENCODER_FINETUNING_LINEAR_SOFTMAX,35,44,104729,0.1384126984126984,0.1382608567438098,0.1384126984126984,0.006185567010309278,34ac9ec7a613d5b7664e7df34efd0fd573bcf52d5d9c9df12a3a01ab7d81dcbc
FULL_C1_ENCODER_FINETUNING_LINEAR_SOFTMAX,35,44,130363,0.12317460317460317,0.12364411130426786,0.12317460317460317,0.0,28fb1e739ca8d183cc4f991c01df3e3e5ae18e48a688439bce3acddd40404367
FULL_C1_ENCODER_FINETUNING_LINEAR_SOFTMAX,35,44,155921,0.11492063492063492,0.11109242873375215,0.11492063492063491,0.0026702269692923898,e6d2bc6ac8818baa5d19af3dfa9d0c1b58f3b8659b7432f31edc79f34a8ab326
FULL_C1_ENCODER_FINETUNING_LINEAR_SOFTMAX,35,44,181081,0.14666666666666667,0.14625878106382964,0.1466666666666667,0.10140845070422536,5240b934dfb90850ec9ef77031246c4e250e834eab0f51a02df73b03d92e14cc
FULL_C1_ENCODER_FINETUNING_LINEAR_SOFTMAX,35,44,205439,0.1253968253968254,0.11986480902148856,0.12539682539682537,0.0,03580e1c58b78824396c88c04736f72df3c8348b86d9560d7e35f681848b255a
FULL_C1_ENCODER_FINETUNING_LINEAR_SOFTMAX,35,44,230003,0.15428571428571428,0.151168704857046,0.1542857142857143,0.006179196704428424,62633589c68b2ee58bf487a5a4241f19f1048821950127c2cbc10a2849145713
FULL_C1_ENCODER_FINETUNING_LINEAR_SOFTMAX,35,44,254959,0.1292063492063492,0.13171523374741598,0.1292063492063492,0.0022197558268590455,ddbea7b53915dbfa63e72868aba9712bcb0f197e7dcd7893fbb5783445e8c0d1
FULL_C1_ENCODER_FINETUNING_LINEAR_SOFTMAX,35,44,280001,0.1473015873015873,0.1390365849642892,0.1473015873015873,0.010638297872340425,8ecc9be43b7b6aea16bf7cd6cadc7dda58dbd270fcc685bdde0483f638d87bd7
FULL_C1_ENCODER_FINETUNING_LINEAR_SOFTMAX,35,44,305093,0.13015873015873017,0.12236583919295688,0.13015873015873014,0.0,480f30ef669b33f1e796ce5e7d367a7307a6b00b084e22b7325fbc2c29043118
FULL_C1_ENCODER_FINETUNING_LINEAR_SOFTMAX,35,44,330017,0.08412698412698413,0.07712706754941324,0.08412698412698412,0.0,8d8902641f48e859c1f6ad7ca75a247bf0d727423396332bf2f13675e344b112
FULL_C1_ENCODER_FINETUNING_LINEAR_SOFTMAX,35,44,355031,0.1434920634920635,0.13646812722250917,0.1434920634920635,0.0,9d4eda74b9749eb8c1bc668cdb4439b73842e3ff88884b03008e93eddff3c607
FULL_C1_ENCODER_FINETUNING_LINEAR_SOFTMAX,35,44,380041,0.1,0.09809433850706652,0.09999999999999999,0.0,34f8950c76f89b46da0a46143f87e83cdd68d6b530ed221abb9f25c0499a1a3c
FULL_C1_ENCODER_FINETUNING_LINEAR_SOFTMAX,35,44,405019,0.15714285714285714,0.1530085532487673,0.1571428571428571,0.09863588667366212,40e5141d86a3817c0aa19b14d10b4d1b55f8c23c94bc100677873bb871004178
FULL_C1_ENCODER_FINETUNING_LINEAR_SOFTMAX,35,44,430007,0.13396825396825396,0.13617495288471587,0.13396825396825396,0.0505166475315729,9b95162ad24672008c719c186d1e25ae095c476539d97534766c523d027cae9f
FULL_C1_ENCODER_FINETUNING_LINEAR_SOFTMAX,35,44,455003,0.09777777777777778,0.09206921667170016,0.09777777777777777,0.009202453987730062,deef98dd52853b23103309e918dbc26bae3d7b9a2eb64cf1ec95fb0346edde9e
FULL_C1_ENCODER_FINETUNING_LINEAR_SOFTMAX,35,44,480017,0.146984126984127,0.13718812295643165,0.14698412698412697,0.0073439412484700125,f0ef1cd69a71946af15f4d7ab01fd83690981c0baf2e6e52c6b35d05240caaea
FULL_C1_ENCODER_FINETUNING_LINEAR_SOFTMAX,35,44,505027,0.1288888888888889,0.12189183898607518,0.1288888888888889,0.009216589861751152,3884adb97ad7afa9392ab566ee6c9e39f95a63da3110a1fd0475af295e39f40f
FULL_C1_ENCODER_FINETUNING_LINEAR_SOFTMAX,35,44,530017,0.14444444444444443,0.13739837209697145,0.14444444444444443,0.0,3bf58fb7bd2404d2d923699db9979e5c0829853dc308365476a52ea026ddece0
FULL_C1_ENCODER_FINETUNING_LINEAR_SOFTMAX,35,44,555029,0.10380952380952381,0.09536082236150825,0.10380952380952381,0.007863695937090432,38e3111f4df29a86f9d0940165848a57fac568603815a1aff5f1ee8c2773ab5a
FULL_C1_ENCODER_FINETUNING_LINEAR_SOFTMAX,35,44,580031,0.1326984126984127,0.12459038497043003,0.1326984126984127,0.0,6fc82f31d5d5d9d12b5664c8829be1b8606f2e8e12aeb930a869c0a31f458eb3
FULL_C1_ENCODER_FINETUNING_LINEAR_SOFTMAX,35,45,104729,0.11936507936507937,0.11377601265996816,0.11936507936507935,0.0,3e6ca7086ff5202f22fb161886e2fab8c9d91da50d4179cd2dd6e7a578d10f81
FULL_C1_ENCODER_FINETUNING_LINEAR_SOFTMAX,35,45,130363,0.10888888888888888,0.10345447713951564,0.1088888888888889,0.0,4990cbdf5039e86bb04a060c5757f055344ba92bb4dcc706b0a721df5b4735d8
FULL_C1_ENCODER_FINETUNING_LINEAR_SOFTMAX,35,45,155921,0.11206349206349206,0.10435789643434011,0.11206349206349206,0.0,9999bac9ee783dfca84d0baa34712f00f05ddac8ea72a3cdca7d42da6d985398
FULL_C1_ENCODER_FINETUNING_LINEAR_SOFTMAX,35,45,181081,0.13682539682539682,0.12196306250755516,0.1368253968253968,0.0,3b31644b1c5efcc710a654616edd7e2f73910ce9dc112e803121c8842d7ea95e
FULL_C1_ENCODER_FINETUNING_LINEAR_SOFTMAX,35,45,205439,0.10698412698412699,0.10171587243956078,0.10698412698412697,0.0,be64144decf2bf07c242f006266959b482d87f17f3fd793a554fe60a48c75468
FULL_C1_ENCODER_FINETUNING_LINEAR_SOFTMAX,35,45,230003,0.11142857142857143,0.10426086638144436,0.11142857142857143,0.0,a8c6febf3755f6a22e9fa998fe78d6d2d3d6132515563ec4acec6e2cb6301e5d
FULL_C1_ENCODER_FINETUNING_LINEAR_SOFTMAX,35,45,254959,0.13587301587301587,0.1261286581870945,0.13587301587301587,0.0,48435c4b4187835fd569d8278aaf88030b1017d7340c0831adb033d967606ee7
FULL_C1_ENCODER_FINETUNING_LINEAR_SOFTMAX,35,45,280001,0.11365079365079366,0.10481071111217269,0.11365079365079366,0.0,0c26b4534db19d9cdb538f2de1d12309cfcfd9e244bb8c651150ccedb7e4144c
FULL_C1_ENCODER_FINETUNING_LINEAR_SOFTMAX,35,45,305093,0.13396825396825396,0.12808745630665225,0.13396825396825393,0.009216589861751152,343b29e39a60f4b8ac47020aecccc10840fedf421a455361721f3fb6c313cbc0
FULL_C1_ENCODER_FINETUNING_LINEAR_SOFTMAX,35,45,330017,0.11079365079365079,0.10523558173793598,0.11079365079365079,0.0,9fe366d0fa550ceab638e9fb33aff3aa884b28e49157eece0a4ae466549bf7f9
FULL_C1_ENCODER_FINETUNING_LINEAR_SOFTMAX,35,45,355031,0.10888888888888888,0.10571545581563757,0.1088888888888889,0.0,fa30524ff7c6637c9c8955d592735471f29bfb0dc97b1cdd3d3797844e5f9764
FULL_C1_ENCODER_FINETUNING_LINEAR_SOFTMAX,35,45,380041,0.12317460317460317,0.10779013070099677,0.12317460317460317,0.0,8e15f71b7e44d697d8715e7435a9a01caeedb2fecefcf2c00ef73eb558255703
FULL_C1_ENCODER_FINETUNING_LINEAR_SOFTMAX,35,45,405019,0.11968253968253968,0.11428952503679647,0.11968253968253968,0.0,b75b90936564909087fae33e6767758a7f3725ffc3f12817800955213ae57601
FULL_C1_ENCODER_FINETUNING_LINEAR_SOFTMAX,35,45,430007,0.13206349206349208,0.12090957260854752,0.13206349206349205,0.0,6341b57c3563f119fac4baa2bc361ead80f40c716a9f62669d35077ba145ead8
FULL_C1_ENCODER_FINETUNING_LINEAR_SOFTMAX,35,45,455003,0.13777777777777778,0.13176132324230191,0.13777777777777775,0.0,c9aae8dc06d3c3b55ac334f210284dc4938c906d68a4f504185b14c7ab65db68
FULL_C1_ENCODER_FINETUNING_LINEAR_SOFTMAX,35,45,480017,0.12031746031746032,0.10773366403802793,0.12031746031746034,0.0,d5915d9aba8bc63b0796d9e20068177f47eca498807b2a08b7a530a47be307ea
FULL_C1_ENCODER_FINETUNING_LINEAR_SOFTMAX,35,45,505027,0.12063492063492064,0.11483382730360917,0.12063492063492064,0.0,9ce689bf9e9e4afd5c4ed1898cf4353ab186103e23baa8f9eb5ed2f01e3310a2
FULL_C1_ENCODER_FINETUNING_LINEAR_SOFTMAX,35,45,530017,0.10920634920634921,0.10476394917186305,0.1092063492063492,0.0,02a24c45cd10f022ee72e312b6826823065ce7205067d05c7df1c18b5bf381a4
FULL_C1_ENCODER_FINETUNING_LINEAR_SOFTMAX,35,45,555029,0.12285714285714286,0.11988451886667291,0.12285714285714286,0.0,241f80b65d81a7a05fd78b354179394ad869f0c08bef3b41c19ff78439f6ee39
FULL_C1_ENCODER_FINETUNING_LINEAR_SOFTMAX,35,45,580031,0.12603174603174602,0.11968299659637616,0.12603174603174602,0.0,2ccb475e402ded0a5e17cbd3222f7c018726622bd42c0bc791e1c7ad383de664
FULL_C1_ENCODER_FINETUNING_LINEAR_SOFTMAX,35,46,104729,0.16063492063492063,0.1614065000824168,0.16063492063492063,0.0,d72f6503fd539d5d4ebfb5a1f074ae9af7f3d945516a801f6398fe0c1d20bd2c
FULL_C1_ENCODER_FINETUNING_LINEAR_SOFTMAX,35,46,130363,0.1415873015873016,0.1387862212187992,0.14158730158730157,0.01335113484646195,fcf7d47fee5ea93082e982c0e35813826fba49611910fa059c879e97aa27c003
FULL_C1_ENCODER_FINETUNING_LINEAR_SOFTMAX,35,46,155921,0.1546031746031746,0.15280524527296604,0.1546031746031746,0.08596713021491782,1a700a980bd2190f645baafcb58c60e748685fa5882806bbbc675fff8bf4dc44
FULL_C1_ENCODER_FINETUNING_LINEAR_SOFTMAX,35,46,181081,0.18349206349206348,0.17834984988634553,0.1834920634920635,0.0,7be5514a3dbfd68238a9cb9881695bb46f4d4bd1ed064c3d5782f4d87183ac4a
FULL_C1_ENCODER_FINETUNING_LINEAR_SOFTMAX,35,46,205439,0.15587301587301589,0.14669801196921448,0.15587301587301589,0.036312849162011177,b03708423075a6aef0f989d1d272008153f448f1038ad7be14202974f228e539
FULL_C1_ENCODER_FINETUNING_LINEAR_SOFTMAX,35,46,230003,0.14825396825396825,0.14254428641642802,0.14825396825396825,0.0,a26a70bb4c2735febc826cbabe8bcdcb992d969004a34e0181a7f3326a13ac6e
FULL_C1_ENCODER_FINETUNING_LINEAR_SOFTMAX,35,46,254959,0.1457142857142857,0.14287167899259848,0.1457142857142857,0.0,2efc7d8c5a83aa0379afaa93b43320c733a432f90f1487eeb9cbc87468577a86
FULL_C1_ENCODER_FINETUNING_LINEAR_SOFTMAX,35,46,280001,0.15587301587301589,0.15578771950365328,0.15587301587301589,0.07913669064748201,09885ac5709e26ab17a76c5c7845bb8229af6771b0a61b0680f0c571508b515c
FULL_C1_ENCODER_FINETUNING_LINEAR_SOFTMAX,35,46,305093,0.14317460317460318,0.140739342177738,0.14317460317460315,0.0,457bdaa68a428e7d76ecce480816d76db69ba5a0660e700d191210e7849bba1d
FULL_C1_ENCODER_FINETUNING_LINEAR_SOFTMAX,35,46,330017,0.14285714285714285,0.13719741057051563,0.14285714285714285,0.009950248756218905,b3cffd8cf0e4bc2f581ae0c333a886cf20e0da95ee094836cd7af99e5a9fdcff
FULL_C1_ENCODER_FINETUNING_LINEAR_SOFTMAX,35,46,355031,0.13015873015873017,0.12459307888778459,0.13015873015873017,0.0,e38136b33a1954cd146d4f812106e07f845c5cd963dde73d49beea9aba9e41fb
FULL_C1_ENCODER_FINETUNING_LINEAR_SOFTMAX,35,46,380041,0.19365079365079366,0.18908492283251985,0.19365079365079366,0.08133971291866028,239ad7c986b8fef853d3a6e6407835642c3aac0af548363edce46fb020a2bf6b
FULL_C1_ENCODER_FINETUNING_LINEAR_SOFTMAX,35,46,405019,0.13428571428571429,0.1286750303377163,0.13428571428571429,0.0,bd689e3b0d3a7b2be34d036932181e3f5101d4d3dc0bc6cb8d1a5b9dcf68be19
FULL_C1_ENCODER_FINETUNING_LINEAR_SOFTMAX,35,46,430007,0.16285714285714287,0.1550183183327511,0.16285714285714287,0.0,4e2fb01349d3c2101cf32ea0bcef86960c09b8f07def0f0818bf0d96a7a4630b
FULL_C1_ENCODER_FINETUNING_LINEAR_SOFTMAX,35,46,455003,0.19047619047619047,0.18667233693085405,0.19047619047619047,0.010652463382157125,ee309b5d16d671877e4fe4bdce5105fb26933712bc3118fe6ecae073668dda46
FULL_C1_ENCODER_FINETUNING_LINEAR_SOFTMAX,35,46,480017,0.17587301587301588,0.17465077881818278,0.1758730158730159,0.07894736842105263,57a55f011c1333a3b64d2ce9129c8be8c3d8362a215c40f7da94e51b62b642e1
FULL_C1_ENCODER_FINETUNING_LINEAR_SOFTMAX,35,46,505027,0.16063492063492063,0.1603261822504914,0.16063492063492063,0.0,2719ecadd64dff44b1220c286befaa0bd40d268b5bc588d0785980404a776ff7
FULL_C1_ENCODER_FINETUNING_LINEAR_SOFTMAX,35,46,530017,0.14095238095238094,0.1312071328427052,0.14095238095238094,0.0,b31b94d7101f22c9f5d2a2d472cff1bd5451735c0a9fc98a60ea37d7ab6701dc
FULL_C1_ENCODER_FINETUNING_LINEAR_SOFTMAX,35,46,555029,0.13777777777777778,0.127178585789489,0.13777777777777778,0.00749063670411985,e971c764d522fa6e4b5affee23327a40908acc47f213877a78c08cd83e4e2d93
FULL_C1_ENCODER_FINETUNING_LINEAR_SOFTMAX,35,46,580031,0.17936507936507937,0.17211219751140736,0.17936507936507937,0.0,c9a99ea993cc08faffb5eb52b0f76f443464f89cb00daff1008f28cc3bfb6e2e
FULL_C1_ENCODER_FINETUNING_LINEAR_SOFTMAX,100,42,104729,0.1361904761904762,0.13932827946254092,0.1361904761904762,0.025157232704402517,174bd0fed4231809d51325c33d2cd93112aa541d4b69bf4dc8b988d01d3804b9
FULL_C1_ENCODER_FINETUNING_LINEAR_SOFTMAX,100,42,130363,0.146984126984127,0.14984128447790868,0.146984126984127,0.02434077079107505,86828682a7df2f922dd31c54a54211cc019a6211276de5926136415faf8443ac
FULL_C1_ENCODER_FINETUNING_LINEAR_SOFTMAX,100,42,155921,0.13555555555555557,0.1362839519732754,0.13555555555555557,0.0,4e953ddb65012bd69048e0d58e17384e56f82023d20a5c2b6f95ddf946b69e08
FULL_C1_ENCODER_FINETUNING_LINEAR_SOFTMAX,100,42,181081,0.146984126984127,0.14748792286245402,0.146984126984127,0.027777777777777776,807acbfe3e0371dbe6afcf6ccddc6fce906bff13f096125a078a4e226515c5d9
FULL_C1_ENCODER_FINETUNING_LINEAR_SOFTMAX,100,42,205439,0.13174603174603175,0.1364312034543884,0.13174603174603175,0.023692003948667325,f4e2b2861bb6582aaf7bcabae8801ca4ff010edb5d520677fbdc204c024aca98
FULL_C1_ENCODER_FINETUNING_LINEAR_SOFTMAX,100,42,230003,0.13206349206349208,0.13453281367295727,0.13206349206349205,0.024922118380062305,3e4fbea5b9bb1daa1ebed3bcaf24c364cb672f5e4e4ff0a91498ba1c0f1cdd87
FULL_C1_ENCODER_FINETUNING_LINEAR_SOFTMAX,100,42,254959,0.14634920634920634,0.14823056254783268,0.1463492063492063,0.024844720496894408,194c6c3f71a08e28503cc1f098b5ef693c14f25891956571d24c19ad1edddb9c
FULL_C1_ENCODER_FINETUNING_LINEAR_SOFTMAX,100,42,280001,0.14507936507936509,0.14821764921198266,0.14507936507936509,0.024922118380062305,f706b3fc38bd1e08198a3146199772e7ee7845602608731284b0c57df061937e
FULL_C1_ENCODER_FINETUNING_LINEAR_SOFTMAX,100,42,305093,0.13111111111111112,0.13186801603334647,0.13111111111111112,0.04895104895104895,c4d8d163b51fec8bd3472ecdeb5c4d4fe34330287f8692eeb738553881aad92a
FULL_C1_ENCODER_FINETUNING_LINEAR_SOFTMAX,100,42,330017,0.16285714285714287,0.165353986171579,0.16285714285714287,0.10305343511450382,291a153b1c21c55786a9a86725d31e6a08fbc90c7ade3194f5bbd0fb016315dc
FULL_C1_ENCODER_FINETUNING_LINEAR_SOFTMAX,100,42,355031,0.14444444444444443,0.1453820187116733,0.14444444444444443,0.029484029484029485,86dba3ba65c74da23897c18b54b695b88dfe809824d7d156b4d97e705b3c8cd3
FULL_C1_ENCODER_FINETUNING_LINEAR_SOFTMAX,100,42,380041,0.146984126984127,0.14998246732877293,0.146984126984127,0.024922118380062305,a445f31e4a909ec49099e4f6b47a238d9ec4e0632ec858862f5690c703e11568
FULL_C1_ENCODER_FINETUNING_LINEAR_SOFTMAX,100,42,405019,0.14539682539682539,0.15030269746812275,0.1453968253968254,0.024922118380062305,9ebfb644a3040e5819cbe5164303f337c9330bcfe01bed924d4d9e3f080ece89
FULL_C1_ENCODER_FINETUNING_LINEAR_SOFTMAX,100,42,430007,0.16476190476190475,0.16478261197618344,0.16476190476190475,0.10407239819004525,13d464d9f8391aa3e4d534adb517ae7c172288359abc2548dace46bbeedac7cd
FULL_C1_ENCODER_FINETUNING_LINEAR_SOFTMAX,100,42,455003,0.14444444444444443,0.14891234212760202,0.14444444444444443,0.024691358024691357,088e37b92e64a114921bd0a1799786eb997327f824542f30fba232683f14ed1d
FULL_C1_ENCODER_FINETUNING_LINEAR_SOFTMAX,100,42,480017,0.14412698412698413,0.14356673345717055,0.14412698412698413,0.10861865407319952,4f082c629bc938b94fdfd775117fe228c11c506978740a189ddda170b9e92567
FULL_C1_ENCODER_FINETUNING_LINEAR_SOFTMAX,100,42,505027,0.15587301587301589,0.15674723746085892,0.15587301587301589,0.10926365795724466,361c73fe1d2b67f0ad38a9a08c2df527ce37a9907f3dd987c3c3011bcd7ccbbc
FULL_C1_ENCODER_FINETUNING_LINEAR_SOFTMAX,100,42,530017,0.15619047619047619,0.15886786276258166,0.15619047619047619,0.09154228855721393,8f88c1626dd2f6c2885d47a27fc729d100fae4684cd6934bd5f0ea821b771a73
FULL_C1_ENCODER_FINETUNING_LINEAR_SOFTMAX,100,42,555029,0.14507936507936509,0.14948482669246993,0.14507936507936509,0.023809523809523808,772a2b1998b5cbc7d8a9a5a780ebab5f36716db4dc2c845522819c1e3ccfd5ba
FULL_C1_ENCODER_FINETUNING_LINEAR_SOFTMAX,100,42,580031,0.14285714285714285,0.14592861307499275,0.14285714285714285,0.029615004935834157,cd9ce2655f2d9ec0d9fcc11a34f16076e2edbcb8c4c2643fb60b427fd98785fa
FULL_C1_ENCODER_FINETUNING_LINEAR_SOFTMAX,100,43,104729,0.18761904761904763,0.18288597482912544,0.18761904761904763,0.0,62e43ed9f22ae9ad6cc5e2b3f956c5a79d340743316b553b750e25066df8f32b
FULL_C1_ENCODER_FINETUNING_LINEAR_SOFTMAX,100,43,130363,0.17206349206349206,0.16976150167235127,0.17206349206349206,0.0,9ee816fa62b05bb3ba0738272501827e9777d6bee7a2473cefcd366cc2093057
FULL_C1_ENCODER_FINETUNING_LINEAR_SOFTMAX,100,43,155921,0.1619047619047619,0.15528892765687036,0.1619047619047619,0.0,2c44ff30b4c2f72892baf9ca8e0c31e8fc6e8ae0bb7a187d6745dd51980ac75d
FULL_C1_ENCODER_FINETUNING_LINEAR_SOFTMAX,100,43,181081,0.1295238095238095,0.12192775429058024,0.12952380952380954,0.0,fe3dbf63dab0b4b933bc80b4bc5bc3b7e72645a1e0fdf9bba86c4a3b89335836
FULL_C1_ENCODER_FINETUNING_LINEAR_SOFTMAX,100,43,205439,0.18476190476190477,0.18191120434506192,0.18476190476190477,0.1038374717832957,af3df2ffe9fe067aa99f9913fadb9c79ca7cf69ee51997bb9d40d406ba97ee32
FULL_C1_ENCODER_FINETUNING_LINEAR_SOFTMAX,100,43,230003,0.14603174603174604,0.1417710664321802,0.146031746031746,0.03734439834024896,a2cd69902407d35bd42ee82f4d71893b1b7093b5cb8b01f91da6b341b12e09e9
FULL_C1_ENCODER_FINETUNING_LINEAR_SOFTMAX,100,43,254959,0.1546031746031746,0.1454186382257265,0.1546031746031746,0.0,fb09e0f03c34e0a31e6eca1d34daff97dcc8dc2caea918979c2fd9f0f6845555
FULL_C1_ENCODER_FINETUNING_LINEAR_SOFTMAX,100,43,280001,0.14888888888888888,0.13933894899369337,0.14888888888888888,0.0,b2faf11b9417f54bd6252f5f82a18cd3a0dcf5d8fc3446f20fbc955f22502b06
FULL_C1_ENCODER_FINETUNING_LINEAR_SOFTMAX,100,43,305093,0.16698412698412698,0.15653270098455938,0.166984126984127,0.0,8b94e143558614f747a497d0c203e605b41b9c8c36d1729da855df608ef105f1
FULL_C1_ENCODER_FINETUNING_LINEAR_SOFTMAX,100,43,330017,0.14222222222222222,0.13223095216513908,0.14222222222222222,0.0,b6810b887ee7b55402c99a92a941e7d11a9a3c614d188ed9f7343c3143e2dd12
FULL_C1_ENCODER_FINETUNING_LINEAR_SOFTMAX,100,43,355031,0.14253968253968255,0.14283768535099464,0.14253968253968255,0.0,fc4e9286c844f26e018eaffda0f27293da5ef69658ff5999bac82bcaddb15024
FULL_C1_ENCODER_FINETUNING_LINEAR_SOFTMAX,100,43,380041,0.1526984126984127,0.1433987599982487,0.15269841269841272,0.014580801944106925,aed50d1c1160ab03e462aab05863bd549939b5b4b7e99194422b6e7bb0107fe6
FULL_C1_ENCODER_FINETUNING_LINEAR_SOFTMAX,100,43,405019,0.15904761904761905,0.1517075660779866,0.15904761904761905,0.0,6f711d4ddabddeb6351d511f556fb1a9f30e1525d1fec354b1baff062f63da56
FULL_C1_ENCODER_FINETUNING_LINEAR_SOFTMAX,100,43,430007,0.14984126984126983,0.1392876053506697,0.14984126984126986,0.0,12ae156be4d56cf42cb4328a16ec0963abc719eef5242619ee192ac69a7a0c42
FULL_C1_ENCODER_FINETUNING_LINEAR_SOFTMAX,100,43,455003,0.1895238095238095,0.18783109068005222,0.1895238095238095,0.09850107066381156,9b7350d4d65681fc9d0d9013201e6b177bf84e82fdffdc84d1cd38f2f407087d
FULL_C1_ENCODER_FINETUNING_LINEAR_SOFTMAX,100,43,480017,0.14539682539682539,0.1315519240912412,0.1453968253968254,0.0,172fff4efc516c49b39e876249026a3318c42637e9782b1f4395a24cf62d6d1e
FULL_C1_ENCODER_FINETUNING_LINEAR_SOFTMAX,100,43,505027,0.14222222222222222,0.13603402465048603,0.14222222222222222,0.007001166861143524,8efd2162e8707b75de1569b245059ee903cba2e198c0e26fe8445c1dbc07472b
FULL_C1_ENCODER_FINETUNING_LINEAR_SOFTMAX,100,43,530017,0.14761904761904762,0.13056581067278225,0.1476190476190476,0.0,beffa7bf1cb77ce25a72a5534890cd3770dea37feba1ad7a73ebcb9908ebad7c
FULL_C1_ENCODER_FINETUNING_LINEAR_SOFTMAX,100,43,555029,0.16380952380952382,0.15617818511049725,0.1638095238095238,0.0,9e8e069347b47ad03f58a22a6d47ecaef513f20a982c524badafafe1fdc8cf29
FULL_C1_ENCODER_FINETUNING_LINEAR_SOFTMAX,100,43,580031,0.17396825396825397,0.1693545343130461,0.17396825396825394,0.0,c15165c8a9236939ace8b5e5195c9762680532940f1ff616a24fb27140dd0c7a
FULL_C1_ENCODER_FINETUNING_LINEAR_SOFTMAX,100,44,104729,0.11936507936507937,0.1183508558769095,0.11936507936507935,0.051407588739290085,ee488e57ed63f2e6f9905c8bc1a9fd6004bccd8ac5d411b753b63e195cea6e15
FULL_C1_ENCODER_FINETUNING_LINEAR_SOFTMAX,100,44,130363,0.12158730158730159,0.11871563117231636,0.12158730158730159,0.0024968789013732834,8aacde35868457d07c4defad25358e1db2f2553db18f1d5167510d45dc8d82ea
FULL_C1_ENCODER_FINETUNING_LINEAR_SOFTMAX,100,44,155921,0.11301587301587301,0.11057519503619649,0.11301587301587301,0.0024968789013732834,c365840e06a35616f5a7902a2ffdb91382278fcdd19ea91be08eac45890caac1
FULL_C1_ENCODER_FINETUNING_LINEAR_SOFTMAX,100,44,181081,0.11587301587301588,0.11327862056223371,0.11587301587301588,0.010624169986719787,11604a37e5eb95488dc1eb3a2cafbdfdcc641e968758d1aeeb30ab7b06748f1a
FULL_C1_ENCODER_FINETUNING_LINEAR_SOFTMAX,100,44,205439,0.11206349206349206,0.10929903885970672,0.11206349206349206,0.002352941176470588,4b20bdca8eee2b269c16b26ea55e75391a7b60b888db7f878d6ff090796ff47c
FULL_C1_ENCODER_FINETUNING_LINEAR_SOFTMAX,100,44,230003,0.13142857142857142,0.1255583554429149,0.13142857142857142,0.002677376171352075,b45967bf2db2669c6e379d5f1898038128a1403a8f65ad941093e27e08c979b3
FULL_C1_ENCODER_FINETUNING_LINEAR_SOFTMAX,100,44,254959,0.1292063492063492,0.12535403280526666,0.1292063492063492,0.0024968789013732834,89d2538ba8cc843fc1337da807058e16b919e5d68926a7b87e042d444cb3f8cf
FULL_C1_ENCODER_FINETUNING_LINEAR_SOFTMAX,100,44,280001,0.11333333333333333,0.10955968687201799,0.11333333333333333,0.002680965147453083,a3edbf99b0801e9f37245f6699b3dd49a1fa51ece652921deb75364994e37f42
FULL_C1_ENCODER_FINETUNING_LINEAR_SOFTMAX,100,44,305093,0.1292063492063492,0.12412993491096429,0.1292063492063492,0.0026560424966799467,9edc27f27549790921d8ecd432a06f591f6642817c6911fb2ef7035a7f417676
FULL_C1_ENCODER_FINETUNING_LINEAR_SOFTMAX,100,44,330017,0.1288888888888889,0.12579431414817174,0.1288888888888889,0.0023446658851113715,d2d122f72c9e6aee662d960e886057ea2cf8f10849fd4c2b27f8274cf656826c
FULL_C1_ENCODER_FINETUNING_LINEAR_SOFTMAX,100,44,355031,0.12,0.11553172288555724,0.12000000000000001,0.002840909090909091,31890b2dc09fe646afd76cc5e8701acedccb7f1ea6b77d5ef8a604d71920a641
FULL_C1_ENCODER_FINETUNING_LINEAR_SOFTMAX,100,44,380041,0.09873015873015872,0.09160691198182362,0.09873015873015874,0.0,12acb9d192b12df61a5ace2f0a22f5d6ccf45700c969ebfcd5c1ae7888052367
FULL_C1_ENCODER_FINETUNING_LINEAR_SOFTMAX,100,44,405019,0.12857142857142856,0.1225330645205478,0.1285714285714286,0.002506265664160401,d1cfc009ec7595c2c74339dd286832eacb0ebe8e2f4290e45045279721dd68b6
FULL_C1_ENCODER_FINETUNING_LINEAR_SOFTMAX,100,44,430007,0.11301587301587301,0.11245848815635576,0.11301587301587301,0.008639308855291577,f8a69612c5570a4d7f18790a6db6eedd6a0f5dbc0c03be52ea2b106c820d4f3c
FULL_C1_ENCODER_FINETUNING_LINEAR_SOFTMAX,100,44,455003,0.1434920634920635,0.13615246424484914,0.1434920634920635,0.0,976a5f654ea217f1eb43c7440abbd239021e8972402559a4503fc90c66310567
FULL_C1_ENCODER_FINETUNING_LINEAR_SOFTMAX,100,44,480017,0.14444444444444443,0.1381618948482713,0.14444444444444443,0.002506265664160401,1d8a7854952506d9b1d1238178bcef2f938951f76c767d1d464c1900c3ac0de8
FULL_C1_ENCODER_FINETUNING_LINEAR_SOFTMAX,100,44,505027,0.1292063492063492,0.12509587320389776,0.1292063492063492,0.007978723404255319,f7b8b1cc6087456cf257279d546fb13ecb92a66e1c1037d1bf602ddd72652214
FULL_C1_ENCODER_FINETUNING_LINEAR_SOFTMAX,100,44,530017,0.1307936507936508,0.12523682744849768,0.13079365079365077,0.010596026490066225,24e6b3a0e9a62e11ecb66bfc1b29b68f7974dbe3c9e16a5f92e90b5020ad0ce4
FULL_C1_ENCODER_FINETUNING_LINEAR_SOFTMAX,100,44,555029,0.146984126984127,0.14277045833891622,0.14698412698412697,0.0025,db036d40e350bbbc75e2cb6218e8060931834fbde587f29ed3d2b7d2d7941e67
FULL_C1_ENCODER_FINETUNING_LINEAR_SOFTMAX,100,44,580031,0.12984126984126984,0.1284330753047648,0.12984126984126984,0.006528835690968444,bb735088aaacae018f72e01dc7783894e6d975f1feb41bb69e7d8c47d33d9d6a
FULL_C1_ENCODER_FINETUNING_LINEAR_SOFTMAX,100,45,104729,0.0980952380952381,0.09460254241694722,0.0980952380952381,0.0,93476077414ab7384f86db32ce9dd63e4531426e2a045f88828968d279a49e0c
FULL_C1_ENCODER_FINETUNING_LINEAR_SOFTMAX,100,45,130363,0.11777777777777777,0.11034944083055787,0.11777777777777777,0.0,54bcf5a19d758007ec4a47d3239ec8047f9071203e8182c173ec689eee3da272
FULL_C1_ENCODER_FINETUNING_LINEAR_SOFTMAX,100,45,155921,0.11174603174603175,0.10418173179852187,0.11174603174603173,0.0,7520d6dde477914b5972aa1592ec848b360373c0d4d6f3a4b4f82432127cfd87
FULL_C1_ENCODER_FINETUNING_LINEAR_SOFTMAX,100,45,181081,0.09777777777777778,0.09351832478868961,0.09777777777777777,0.0,cfd7e756eff0fca7a8a7c6f9efae9638a897335d1a69a4e6421147d756401ce7
FULL_C1_ENCODER_FINETUNING_LINEAR_SOFTMAX,100,45,205439,0.09682539682539683,0.09180939146749678,0.09682539682539681,0.0,de25f5817dcbce1a3263b83cf21967f1eb0e9b30f738d15e58e5d906579a2b7a
FULL_C1_ENCODER_FINETUNING_LINEAR_SOFTMAX,100,45,230003,0.09650793650793651,0.09475886732516466,0.0965079365079365,0.0,9cf7686e918cde671ce866d71a78fe279ecf4b2a837c3fc9640fd64f679d5f57
FULL_C1_ENCODER_FINETUNING_LINEAR_SOFTMAX,100,45,254959,0.11142857142857143,0.10465039774948418,0.11142857142857143,0.0,a1d48084f3045a87c514f8c30a8d80d84be2eb610e9206d66f4ff5f45b765c7b
FULL_C1_ENCODER_FINETUNING_LINEAR_SOFTMAX,100,45,280001,0.11333333333333333,0.10640895219852653,0.11333333333333333,0.007905138339920948,7b2507a657b54e4e27e634fcab093fa7cffae4eaaff7f2a44f5c66c329bb32e3
FULL_C1_ENCODER_FINETUNING_LINEAR_SOFTMAX,100,45,305093,0.10825396825396826,0.1047168644195007,0.10825396825396824,0.0,7f1a2423e63b8834671fee78e2303cef9cad7f3dba163afef6757e957688f07c
FULL_C1_ENCODER_FINETUNING_LINEAR_SOFTMAX,100,45,330017,0.10920634920634921,0.10513258051291503,0.10920634920634921,0.0,bf3d1f23a100be974dfc7aa290f90a043ef1efd635f0699730a5d75c808716fd
FULL_C1_ENCODER_FINETUNING_LINEAR_SOFTMAX,100,45,355031,0.09968253968253968,0.09759171858244478,0.09968253968253968,0.0,2f80cf1457cefadb2217cfd68fbc6ae4094ad9e52fd6aa63b84cdd7bbdee73b7
FULL_C1_ENCODER_FINETUNING_LINEAR_SOFTMAX,100,45,380041,0.09873015873015872,0.09161997074012222,0.09873015873015874,0.0,77a5135f685e0e2905cd93827dd95e7fa1987f64cf88311bc942c77160cb636f
FULL_C1_ENCODER_FINETUNING_LINEAR_SOFTMAX,100,45,405019,0.11142857142857143,0.10562491109405749,0.11142857142857143,0.0,bb6eac6a8595778b60e0c0a48f8dd103b3f6b3c959252b71b2890e6922183e2e
FULL_C1_ENCODER_FINETUNING_LINEAR_SOFTMAX,100,45,430007,0.1219047619047619,0.11250684095673467,0.12190476190476188,0.0,8159fa044e82204e26ecd82afc0e65334e0229ce30eb4b4090c586633be84376
FULL_C1_ENCODER_FINETUNING_LINEAR_SOFTMAX,100,45,455003,0.11174603174603175,0.10610977206615146,0.11174603174603173,0.0,85b7f7d6d39ee46ad98349d8acbb2ab8bc681c07af599855a06c56a74cd4040b
FULL_C1_ENCODER_FINETUNING_LINEAR_SOFTMAX,100,45,480017,0.09682539682539683,0.09320838600945812,0.09682539682539681,0.0,8465d486349194769071fde63276d8600be4165efe229d4791039b56bee96ca2
FULL_C1_ENCODER_FINETUNING_LINEAR_SOFTMAX,100,45,505027,0.09650793650793651,0.0930802939741834,0.09650793650793651,0.0,4973ab3007d7a60040637932045a6179fe1da0e4fecb1085af3e27d2e0f84fd5
FULL_C1_ENCODER_FINETUNING_LINEAR_SOFTMAX,100,45,530017,0.12,0.116936828643751,0.11999999999999998,0.0,52c02d981dc8d84e45c87780a87e73bf11dfbd864cc869802726c25f6b5f4c8b
FULL_C1_ENCODER_FINETUNING_LINEAR_SOFTMAX,100,45,555029,0.10888888888888888,0.1078947196058262,0.10888888888888888,0.0,8313180e462855ddbae008db3fae00285e2910b4449e60905ff74bdf3b84c2bc
FULL_C1_ENCODER_FINETUNING_LINEAR_SOFTMAX,100,45,580031,0.11047619047619048,0.10987166437649577,0.11047619047619046,0.0,9007eb4e6bc4960b7b34c696fa33d5cb8dfc5a4aff08941edb8038b49625335a
FULL_C1_ENCODER_FINETUNING_LINEAR_SOFTMAX,100,46,104729,0.15333333333333332,0.15142852135969695,0.15333333333333332,0.0,99f8e709ee30c3a8a3870ad163d92f9b14660931f34217ae4ed9b413d10afda4
FULL_C1_ENCODER_FINETUNING_LINEAR_SOFTMAX,100,46,130363,0.146984126984127,0.143822119078192,0.146984126984127,0.0,7324ebd0b710501f342e402fdfb7b16f2105bddf2ceed7847d8dd2c4e0eaa56c
FULL_C1_ENCODER_FINETUNING_LINEAR_SOFTMAX,100,46,155921,0.1415873015873016,0.13121607609390723,0.14158730158730157,0.0,dae3720c8b0118f39e4c941f9e8adfaceaa774be3b604237cced3bbb5836697d
FULL_C1_ENCODER_FINETUNING_LINEAR_SOFTMAX,100,46,181081,0.18412698412698414,0.18349121236459678,0.1841269841269841,0.0,b67851c9d0659c5cc30bbef4e502b3e6c611b88962e85ede6ca019320bdedddc
FULL_C1_ENCODER_FINETUNING_LINEAR_SOFTMAX,100,46,205439,0.11968253968253968,0.11591913857854878,0.1196825396825397,0.034403669724770644,2df34512081f0631cdaf882303bdb133cf76039ae669a14a2a301f1ca7766c3e
FULL_C1_ENCODER_FINETUNING_LINEAR_SOFTMAX,100,46,230003,0.13746031746031745,0.1339609838087597,0.13746031746031745,0.0,e29e0352252d54eac9d3ca5f119c01298c225791dd5cf7549b212e9a6547c34c
FULL_C1_ENCODER_FINETUNING_LINEAR_SOFTMAX,100,46,254959,0.12476190476190477,0.12186093438281694,0.12476190476190475,0.0,eb0da8f7e5cf116c2b8cc79c063fd91e83be07dab7c569b98273d9626816a558
FULL_C1_ENCODER_FINETUNING_LINEAR_SOFTMAX,100,46,280001,0.16031746031746033,0.1554093130381732,0.16031746031746033,0.010012515644555695,da118adf6de197f8bc97589b7356935682d3c785513a771ce351c9dbb41f7e2b
FULL_C1_ENCODER_FINETUNING_LINEAR_SOFTMAX,100,46,305093,0.11619047619047619,0.11334609853944044,0.11619047619047619,0.0,25526b4d0b9e5ff436321a59fe4917b0d27435952b5776d880ebb84d25bf5148
FULL_C1_ENCODER_FINETUNING_LINEAR_SOFTMAX,100,46,330017,0.14888888888888888,0.13363328275888184,0.14888888888888888,0.018808777429467086,36e91133d4df4e3c70411b23f883c12177e426d72387b9be62faa2d54c42dee8
FULL_C1_ENCODER_FINETUNING_LINEAR_SOFTMAX,100,46,355031,0.17365079365079364,0.17129303687567413,0.17365079365079364,0.009467455621301775,ccf3f383a7eb60fe655ff5f28150c1d2435ac29f9bda816e934c99a806dac9ea
FULL_C1_ENCODER_FINETUNING_LINEAR_SOFTMAX,100,46,380041,0.16793650793650794,0.16206798660216318,0.1679365079365079,0.010012515644555695,6dcc1b0152f36ca438468eb00585bad677609006c2d3ad94e63d37c3744db5e1
FULL_C1_ENCODER_FINETUNING_LINEAR_SOFTMAX,100,46,405019,0.14126984126984127,0.1384693208165738,0.14126984126984127,0.07457627118644068,0ac3ccae2fdf9d6aae8800b187386912a6fbe940d0b94e14fba9e5c230747959
FULL_C1_ENCODER_FINETUNING_LINEAR_SOFTMAX,100,46,430007,0.15174603174603174,0.14975961365387983,0.15174603174603174,0.0,3e3d697330b18641b7ac06580104412dfaacd01bef2c5e70cc57c07730e1f968
FULL_C1_ENCODER_FINETUNING_LINEAR_SOFTMAX,100,46,455003,0.1653968253968254,0.1593490989261861,0.1653968253968254,0.013297872340425532,4bf64867f962977c5621fabfe5eac64a86ee391f14207bd1676537270bb1f4b7
FULL_C1_ENCODER_FINETUNING_LINEAR_SOFTMAX,100,46,480017,0.11555555555555555,0.11336910419599222,0.11555555555555555,0.012300123001230012,bef04a6554cb6f996384481900f3ee5698d5c41fff6db1e7cbb951cae9b9100e
FULL_C1_ENCODER_FINETUNING_LINEAR_SOFTMAX,100,46,505027,0.1384126984126984,0.13405438032690106,0.1384126984126984,0.023148148148148147,a59f5e3468c171bf6c62988a43cd204edbd94b36dd44483b058c948ddca76d85
FULL_C1_ENCODER_FINETUNING_LINEAR_SOFTMAX,100,46,530017,0.13047619047619047,0.1256058411524325,0.13047619047619047,0.0,edc9a1c127e948b61ddc1fbcd4919585c72e1f3a2d5fabe9e74ec34886711ad3
FULL_C1_ENCODER_FINETUNING_LINEAR_SOFTMAX,100,46,555029,0.1619047619047619,0.15558947366093262,0.1619047619047619,0.0,8fc88406fd56694475bca391d53aed8496049620a502746924a07a081db8dadc
FULL_C1_ENCODER_FINETUNING_LINEAR_SOFTMAX,100,46,580031,0.18063492063492065,0.17616581906432774,0.18063492063492065,0.0,bad1c690e63220c1c98271a2308548ae7a5087ef842ce541a24760a01eeb2d5a
FULL_C1_ENCODER_FINETUNING_LINEAR_SOFTMAX,500,42,104729,0.14444444444444443,0.14576538496039024,0.14444444444444443,0.02628696604600219,109a5c2751f6bd439b81fb054063e2c780d619d00a8278bec4c0261d70d232ab
FULL_C1_ENCODER_FINETUNING_LINEAR_SOFTMAX,500,42,130363,0.14539682539682539,0.1494029624962163,0.1453968253968254,0.024922118380062305,04176a1878a4f1d363516a6d80137ac02bf3821ed459a22a9d54a3b26dcbf8f1
FULL_C1_ENCODER_FINETUNING_LINEAR_SOFTMAX,500,42,155921,0.14634920634920634,0.14782549051055907,0.1463492063492063,0.026200873362445413,87f484a813a7dc71852c8d5dd6dc337dcd26ca7be3e27e8fa92bc41409844e1e
FULL_C1_ENCODER_FINETUNING_LINEAR_SOFTMAX,500,42,181081,0.14539682539682539,0.14881273829438424,0.1453968253968254,0.024844720496894408,30baee007551006ee6959535d894239cee2fd8347cd35b017cf59af0d9e91463
FULL_C1_ENCODER_FINETUNING_LINEAR_SOFTMAX,500,42,205439,0.14539682539682539,0.14876520349701786,0.1453968253968254,0.024922118380062305,ea6115fe76d52d87014041cbdeb7d321b75b9c999f371d95216ed0df212a0e9e
FULL_C1_ENCODER_FINETUNING_LINEAR_SOFTMAX,500,42,230003,0.14444444444444443,0.14922429462364928,0.14444444444444443,0.024922118380062305,77cbd5a509e910b50511787f627b98f152663ddb5d0d4f59f6be0eca626c87ce
FULL_C1_ENCODER_FINETUNING_LINEAR_SOFTMAX,500,42,254959,0.14444444444444443,0.14753451123059316,0.14444444444444443,0.024922118380062305,7075907652c572b9260ce95d01e699a9b6a50509a624831b6c53d575af191b45
FULL_C1_ENCODER_FINETUNING_LINEAR_SOFTMAX,500,42,280001,0.14539682539682539,0.14732728178638985,0.1453968253968254,0.02586206896551724,3e79207ed4e25be6eb8a4fa13b5976f8ddbf8c4d4417e1a51727df3ccd1a2456
FULL_C1_ENCODER_FINETUNING_LINEAR_SOFTMAX,500,42,305093,0.14444444444444443,0.14757447176155555,0.14444444444444443,0.024844720496894408,f1474716df875f17a6709bb969437936c346131c3a050f972fc4438ff297c5fe
FULL_C1_ENCODER_FINETUNING_LINEAR_SOFTMAX,500,42,330017,0.1384126984126984,0.14147323230619183,0.1384126984126984,0.024844720496894408,74961eed2da894737124301eb2e5040c9eb9792bfaf8eb1787a26bdb754b0da6
FULL_C1_ENCODER_FINETUNING_LINEAR_SOFTMAX,500,42,355031,0.13936507936507936,0.14278953555396484,0.13936507936507936,0.024922118380062305,f0686c1e5a6e80c08acfaba088cab44b0f2a98585e891c1fa4f8b4bd0d7c5d1e
FULL_C1_ENCODER_FINETUNING_LINEAR_SOFTMAX,500,42,380041,0.14539682539682539,0.148657454208668,0.1453968253968254,0.024922118380062305,24268c1f7deab31dc24050c2b09f46899cc0ac1849efaa52b9d584b80c523d2c
FULL_C1_ENCODER_FINETUNING_LINEAR_SOFTMAX,500,42,405019,0.1473015873015873,0.14968296903241335,0.1473015873015873,0.02564102564102564,5f3322c3168fbf593c713351b79765bdc05ab93a730332ef3319835de2a3abb9
FULL_C1_ENCODER_FINETUNING_LINEAR_SOFTMAX,500,42,430007,0.14539682539682539,0.14878840864212386,0.1453968253968254,0.024922118380062305,17ac3ba61fd494bf37b8fc7b167d0bd0657cc8be5dc00a03ceaf47108bb57565
FULL_C1_ENCODER_FINETUNING_LINEAR_SOFTMAX,500,42,455003,0.14539682539682539,0.1473059381779928,0.1453968253968254,0.026200873362445413,23cc41ced40c23d417e92857bfbcb4f6c1f0f763e9407951bdd212bf950e1121
FULL_C1_ENCODER_FINETUNING_LINEAR_SOFTMAX,500,42,480017,0.14539682539682539,0.1466278630846173,0.1453968253968254,0.02628696604600219,ee242bb0ff00683de118c32d91c8e7b495328f8dec96d31114d08d53fd3900eb
FULL_C1_ENCODER_FINETUNING_LINEAR_SOFTMAX,500,42,505027,0.1473015873015873,0.14851970002184992,0.1473015873015873,0.02628696604600219,87156128ac0b2449a58f253d96912474b94d70ccd749927e28e484fab326aa30
FULL_C1_ENCODER_FINETUNING_LINEAR_SOFTMAX,500,42,530017,0.14539682539682539,0.14661010727426463,0.1453968253968254,0.02628696604600219,764e46dc2bb55690bee829e8437b05af2bd654426160cb518bbbab91a173e995
FULL_C1_ENCODER_FINETUNING_LINEAR_SOFTMAX,500,42,555029,0.14539682539682539,0.14876520349701786,0.1453968253968254,0.024922118380062305,ea6115fe76d52d87014041cbdeb7d321b75b9c999f371d95216ed0df212a0e9e
FULL_C1_ENCODER_FINETUNING_LINEAR_SOFTMAX,500,42,580031,0.14444444444444443,0.14919166112600954,0.14444444444444443,0.024922118380062305,71b0a0f29353173e9b7d8f71bfc1cb8b819db72bda05f9278f4bbf1b7bf1e1bc
FULL_C1_ENCODER_FINETUNING_LINEAR_SOFTMAX,500,43,104729,0.1473015873015873,0.13681407842161325,0.1473015873015873,0.0,93343341b176b4263209b178399e70a69cf8177711e56c929cd2986ce1b014f8
FULL_C1_ENCODER_FINETUNING_LINEAR_SOFTMAX,500,43,130363,0.17777777777777778,0.17490432995431102,0.17777777777777778,0.0,8e824f5b70d6cf17a63ce8b866fe80b1e2c496185cbd14fc31e12144ec5f4ccc
FULL_C1_ENCODER_FINETUNING_LINEAR_SOFTMAX,500,43,155921,0.14063492063492064,0.1330288066089598,0.14063492063492064,0.0,e6e3917b3ec004a23becf9e1b2d90ea43d411308937520dd8d5a65a6d1c504f4
FULL_C1_ENCODER_FINETUNING_LINEAR_SOFTMAX,500,43,181081,0.16095238095238096,0.15419824821871794,0.16095238095238093,0.0,9e397cdcfca5bd064228b46fede2b298ea20b9ce0574542664c2c20bec762b82
FULL_C1_ENCODER_FINETUNING_LINEAR_SOFTMAX,500,43,205439,0.17142857142857143,0.16689485001908272,0.17142857142857146,0.0,31f65712f42d7ddcaea7361a6d66e37f9774358bc18a824a3f84bf6700a4d280
FULL_C1_ENCODER_FINETUNING_LINEAR_SOFTMAX,500,43,230003,0.16666666666666666,0.16184625524443588,0.16666666666666666,0.0,51997a67a740e10c77dba98cf5500144a5784c06127129fb71dce61d981a970c
FULL_C1_ENCODER_FINETUNING_LINEAR_SOFTMAX,500,43,254959,0.1622222222222222,0.16061957586440742,0.1622222222222222,0.0,08595ae9c4ca0cb64d788848d7dc4e3b9d37070d9e0f060c5e118510a13b0845
FULL_C1_ENCODER_FINETUNING_LINEAR_SOFTMAX,500,43,280001,0.15555555555555556,0.15176232986442773,0.15555555555555559,0.0,f836cb420ec6bc0d96a297eb457b083e851642578997527f3b5eee93255493ab
FULL_C1_ENCODER_FINETUNING_LINEAR_SOFTMAX,500,43,305093,0.14825396825396825,0.13873718106346938,0.14825396825396828,0.0,c845174a2dd4672b7f5693bd83d7eb5272cc8346e58b539a45291fab77bad257
FULL_C1_ENCODER_FINETUNING_LINEAR_SOFTMAX,500,43,330017,0.15428571428571428,0.1473822357672075,0.1542857142857143,0.0,99f892c405c436310e10fed33ab6e41e26f4b798d6f659f0ee9629ca1f895d8b
FULL_C1_ENCODER_FINETUNING_LINEAR_SOFTMAX,500,43,355031,0.14825396825396825,0.1388475939708567,0.14825396825396828,0.0,e718589729973b9e8ca84a29d943bc6680f8acb705a05c710c66361f509f8ea1
FULL_C1_ENCODER_FINETUNING_LINEAR_SOFTMAX,500,43,380041,0.1526984126984127,0.145111873853404,0.15269841269841272,0.0,2456e020aa8edb1f2a1635d6b10b0ef4efd1d752726a16f79054fd94eebada66
FULL_C1_ENCODER_FINETUNING_LINEAR_SOFTMAX,500,43,405019,0.16095238095238096,0.15231215139993584,0.16095238095238093,0.0,f19d783b3713ec0e3ace153c67703f694f818e8fb15dac4c6ec3777c0a932c9e
FULL_C1_ENCODER_FINETUNING_LINEAR_SOFTMAX,500,43,430007,0.17587301587301588,0.16973257648449552,0.17587301587301588,0.0,f8c12735611552d7291369edc2dcc0684db3f96421b4cc1979eff8561f79ae81
FULL_C1_ENCODER_FINETUNING_LINEAR_SOFTMAX,500,43,455003,0.16126984126984126,0.1577742794605431,0.16126984126984129,0.0,e9617869a958ccae776adb63f2513a41ce575b9bfd6dd6fa2cf9b6e2ee7fd049
FULL_C1_ENCODER_FINETUNING_LINEAR_SOFTMAX,500,43,480017,0.14634920634920634,0.1368072158965039,0.1463492063492064,0.0,f921986f35ea7ad1faf14f42d39dbfbc521ff3f89bf0bbc42fc4e52d013a417b
FULL_C1_ENCODER_FINETUNING_LINEAR_SOFTMAX,500,43,505027,0.1546031746031746,0.15052881188571804,0.1546031746031746,0.0,d7f4e8af6d7ad7273603ab280ab825e4694413e07fae1b010ec0593a6d4acad4
FULL_C1_ENCODER_FINETUNING_LINEAR_SOFTMAX,500,43,530017,0.14539682539682539,0.13572733765787173,0.1453968253968254,0.0,71b03adc58098fcd5e9f6bee29c221a9f9ca43ca84aded30dcf58032afec7e24
FULL_C1_ENCODER_FINETUNING_LINEAR_SOFTMAX,500,43,555029,0.17047619047619048,0.16487163904969465,0.17047619047619048,0.0,40e7bb22e141378a903d024082ae2babc94726301b8f4183d084d3eb8163b2ad
FULL_C1_ENCODER_FINETUNING_LINEAR_SOFTMAX,500,43,580031,0.16095238095238096,0.1598105301415161,0.16095238095238093,0.0,241ff4ec6198fba0221012ead49a2468043293a561648a1c77e648b7044d0346
FULL_C1_ENCODER_FINETUNING_LINEAR_SOFTMAX,500,44,104729,0.11333333333333333,0.10985885470750703,0.11333333333333333,0.002677376171352075,482f6096abcbfde7f9a615760c4052e4321d8a96477155de383e373638fae0ef
FULL_C1_ENCODER_FINETUNING_LINEAR_SOFTMAX,500,44,130363,0.1288888888888889,0.12460288980511465,0.1288888888888889,0.002506265664160401,a03a2184b45c6f1b71a937d11c420cd5c28ba057cc0a30137c5847798fd12ab7
FULL_C1_ENCODER_FINETUNING_LINEAR_SOFTMAX,500,44,155921,0.11301587301587301,0.10963330639253178,0.11301587301587301,0.002663115845539281,52c458d17bcd7966cab103476ea7e1387e11ca4466a382eb826b9e3b2790b1ac
FULL_C1_ENCODER_FINETUNING_LINEAR_SOFTMAX,500,44,181081,0.11333333333333333,0.11060317404872715,0.11333333333333333,0.0025,bb72fa596476a9c2d626c231ca716863e915d8a2a4098786fab6c24d4a422b53
FULL_C1_ENCODER_FINETUNING_LINEAR_SOFTMAX,500,44,205439,0.11333333333333333,0.11060187676385445,0.11333333333333333,0.002509410288582183,04e6450e9947f670247f4085ff8dcf39fa5b791045f6709ce1198c54c74d01ab
FULL_C1_ENCODER_FINETUNING_LINEAR_SOFTMAX,500,44,230003,0.1288888888888889,0.12460946073408843,0.1288888888888889,0.002506265664160401,c9f8249278c48592c6e34c7c8762ea3e6e6ed6278e234710dc9e90f6b166094f
FULL_C1_ENCODER_FINETUNING_LINEAR_SOFTMAX,500,44,254959,0.11333333333333333,0.11060187676385445,0.11333333333333333,0.002509410288582183,04e6450e9947f670247f4085ff8dcf39fa5b791045f6709ce1198c54c74d01ab
FULL_C1_ENCODER_FINETUNING_LINEAR_SOFTMAX,500,44,280001,0.11333333333333333,0.1098508619978243,0.11333333333333333,0.002677376171352075,fa2d4a42f3874241fffc91984f34fba6a499684daed27ea4c7ed1354ba77bc25
FULL_C1_ENCODER_FINETUNING_LINEAR_SOFTMAX,500,44,305093,0.1288888888888889,0.12459003384746634,0.1288888888888889,0.002506265664160401,f8bfeb3b0053d8bb0f2b0e827c210061d0b4070191e3c8fceeb59959bb633356
FULL_C1_ENCODER_FINETUNING_LINEAR_SOFTMAX,500,44,330017,0.1292063492063492,0.12491678306419922,0.1292063492063492,0.0025,77ec0e16cd7ae6a5f036e1210c65eda53761dbe5b1476459c1aa99be644682f4
FULL_C1_ENCODER_FINETUNING_LINEAR_SOFTMAX,500,44,355031,0.11682539682539683,0.11385988383689385,0.11682539682539683,0.002509410288582183,6e5f8ef6c95339b087ce3bf69ed1337d97c45f2e98d0bf192e7c74be7ad0da14
FULL_C1_ENCODER_FINETUNING_LINEAR_SOFTMAX,500,44,380041,0.12412698412698413,0.12046830896147667,0.12412698412698413,0.002506265664160401,7c7ba8f8c22ebb6d540d8195f1daf38c1f7076672eafcb76a8293310337b8870
FULL_C1_ENCODER_FINETUNING_LINEAR_SOFTMAX,500,44,405019,0.11428571428571428,0.11179700095748031,0.11428571428571428,0.002509410288582183,07757f4249a006be669267031861394a751d8cda81f42876c73af868d321ea29
FULL_C1_ENCODER_FINETUNING_LINEAR_SOFTMAX,500,44,430007,0.11333333333333333,0.11056290366284162,0.11333333333333333,0.002509410288582183,96af67510b39bdeba93185786a14e80ae32b73adf64ddc0e9b05d23b441244b0
FULL_C1_ENCODER_FINETUNING_LINEAR_SOFTMAX,500,44,455003,0.1288888888888889,0.12411095440116068,0.1288888888888889,0.00267379679144385,1e04e9312e3028a1521bc3cd7f494c2a5233adc3a508d07f5f01191acbeef76d
FULL_C1_ENCODER_FINETUNING_LINEAR_SOFTMAX,500,44,480017,0.11333333333333333,0.1094817466672289,0.11333333333333333,0.002777777777777778,26783f61c2062aa321cc9614f017266c42ec87c3baef6fe32366800818b5da83
FULL_C1_ENCODER_FINETUNING_LINEAR_SOFTMAX,500,44,505027,0.12857142857142856,0.12362215856655243,0.1285714285714286,0.002663115845539281,b56dae420449d80507f14aa7cbb760a828d6d20d26049592890bfa7f9d6685ec
FULL_C1_ENCODER_FINETUNING_LINEAR_SOFTMAX,500,44,530017,0.11333333333333333,0.11017824137127073,0.11333333333333333,0.002677376171352075,7c826dae4120b0df65c1690ec46bb0a1df145b6409a9f83919aaad03fb8c7593
FULL_C1_ENCODER_FINETUNING_LINEAR_SOFTMAX,500,44,555029,0.12444444444444444,0.12076566510077649,0.12444444444444444,0.0025,d2ee666db930f33e07e5faab86af63368f4c94d1ae77ed15ed6a6b92465416a4
FULL_C1_ENCODER_FINETUNING_LINEAR_SOFTMAX,500,44,580031,0.12857142857142856,0.12390599222777834,0.1285714285714286,0.0024968789013732834,026435bef4c44142687c343097d15de85d33c0a40b97a5932290f7f9bd859f55
FULL_C1_ENCODER_FINETUNING_LINEAR_SOFTMAX,500,45,104729,0.10984126984126984,0.10496941080018167,0.10984126984126984,0.0,45c4d8fb9b790d6e206d5d5b2c06aec8430fc673aca55e081db0ec6571d0b29d
FULL_C1_ENCODER_FINETUNING_LINEAR_SOFTMAX,500,45,130363,0.10857142857142857,0.10385898491836858,0.10857142857142855,0.0,2c9d2eec6dc7e2774e36a52154bd38b3aab42c85fa19b3e6a2d763a96dbd9b66
FULL_C1_ENCODER_FINETUNING_LINEAR_SOFTMAX,500,45,155921,0.11174603174603175,0.10531210110602603,0.11174603174603173,0.0,c7528f6193170ea3f16416a005a32a1d5533218ae58ebd8a79a860667d973154
FULL_C1_ENCODER_FINETUNING_LINEAR_SOFTMAX,500,45,181081,0.11206349206349206,0.10460434950869868,0.11206349206349206,0.0,7a3f60ee15bbeeeac762ee41f04121b8346e60d0ec9e84299392ddb445b18666
FULL_C1_ENCODER_FINETUNING_LINEAR_SOFTMAX,500,45,205439,0.1019047619047619,0.09831520275490406,0.1019047619047619,0.0,13447c55c6d4f71ac377848c387e832a87d7efa8f2bc126665ee3865ff73cdcb
FULL_C1_ENCODER_FINETUNING_LINEAR_SOFTMAX,500,45,230003,0.10984126984126984,0.10390720470567395,0.10984126984126984,0.0,1f0afaf54614a1e3e8701f1793f96bcf4f2ebe438da6ab3f68eb2fa7c01da61b
FULL_C1_ENCODER_FINETUNING_LINEAR_SOFTMAX,500,45,254959,0.10984126984126984,0.1037872610394315,0.10984126984126984,0.0,64044ee583eed2e3fd03f0910b5253bfa5efc4ae0cb04031e2b62c42c92c1949
FULL_C1_ENCODER_FINETUNING_LINEAR_SOFTMAX,500,45,280001,0.0980952380952381,0.09394525114488325,0.0980952380952381,0.0,65e2f752c0610debe4b08477d312e882d22fe936db8fa49bbfb19c8587b70079
FULL_C1_ENCODER_FINETUNING_LINEAR_SOFTMAX,500,45,305093,0.11047619047619048,0.10440703838417731,0.11047619047619048,0.0,2104045c887d59363cabd170eaca97298e56823c597c2bffa673612fefef4089
FULL_C1_ENCODER_FINETUNING_LINEAR_SOFTMAX,500,45,330017,0.11174603174603175,0.10520200482424599,0.11174603174603173,0.0,cfedf0c8f775c9bfc3e3b3caa34e8e0d878143191acb73d573eb5138da226c05
FULL_C1_ENCODER_FINETUNING_LINEAR_SOFTMAX,500,45,355031,0.11174603174603175,0.10663195275688882,0.11174603174603173,0.0,511dfaae5affe0b5b02e360fb172e8b8afbe061040918d0c9edde6de7944f27c
FULL_C1_ENCODER_FINETUNING_LINEAR_SOFTMAX,500,45,380041,0.0980952380952381,0.09485490533924909,0.0980952380952381,0.0,a5c4543fddc12bae7efa31992eefbb0565463278add8b8adb07970d859242ceb
FULL_C1_ENCODER_FINETUNING_LINEAR_SOFTMAX,500,45,405019,0.10984126984126984,0.10512354064410258,0.10984126984126984,0.0,a02db2a40075efcc15fbab3a7170ad864b0a38ba1df38227a29d42ed10e27750
FULL_C1_ENCODER_FINETUNING_LINEAR_SOFTMAX,500,45,430007,0.1126984126984127,0.10607678929271988,0.1126984126984127,0.0,395ac3a46acb34c953e67b29b3918b9468f1819b9026c48e5daf7bd7b4c3d832
FULL_C1_ENCODER_FINETUNING_LINEAR_SOFTMAX,500,45,455003,0.0980952380952381,0.0938400226272577,0.0980952380952381,0.0,45114ed9c3c2e5ed50325c0ca39922c30138c682d29c6a16a10acd743e0aac58
FULL_C1_ENCODER_FINETUNING_LINEAR_SOFTMAX,500,45,480017,0.10666666666666667,0.10075327583015148,0.10666666666666666,0.0,3a7015d65bc9543a22b150845c4a2ae9398146fda8b4ec5d9fc6b378b67f7aba
FULL_C1_ENCODER_FINETUNING_LINEAR_SOFTMAX,500,45,505027,0.10952380952380952,0.10329138235015353,0.10952380952380954,0.0,36e18c60875790b4a027d9c1d8d67ce0f20d9b8d9b025771c60bd879cd559eae
FULL_C1_ENCODER_FINETUNING_LINEAR_SOFTMAX,500,45,530017,0.11714285714285715,0.10996229327501773,0.11714285714285713,0.0,a4093ca2c730613379422451160a79645820258ff69882e348dc6425c7dc81ed
FULL_C1_ENCODER_FINETUNING_LINEAR_SOFTMAX,500,45,555029,0.10984126984126984,0.10348122036504051,0.10984126984126984,0.0,452b595c3ee51f73d60be35b499fb64651cddba86d8382ce61c25ca5d63faf28
FULL_C1_ENCODER_FINETUNING_LINEAR_SOFTMAX,500,45,580031,0.1,0.09626221512463942,0.09999999999999999,0.0,e58579095deb80cd1d32ffb3746f93228441e278cc5129a89be41a761abf39a7
FULL_C1_ENCODER_FINETUNING_LINEAR_SOFTMAX,500,46,104729,0.12603174603174602,0.12205549639745368,0.12603174603174602,0.0,b0a439cb66c2595c9466da11a7855a83e604c679051d0c8c8c3ac97ace3d2ac1
FULL_C1_ENCODER_FINETUNING_LINEAR_SOFTMAX,500,46,130363,0.14,0.13261711522368763,0.13999999999999999,0.0,3e1baa3524cab9986fc7ec9640ebaa0d2e097cbf16bec3032fcbac2b2dceddb6
FULL_C1_ENCODER_FINETUNING_LINEAR_SOFTMAX,500,46,155921,0.12603174603174602,0.12364522058658951,0.12603174603174602,0.0,28f241a5d75b2e768031613468a5c1b1f29f4a27b4ce40ff8081f8295d3d8af0
FULL_C1_ENCODER_FINETUNING_LINEAR_SOFTMAX,500,46,181081,0.15174603174603174,0.1440468709662626,0.15174603174603174,0.0,b72aed79eb1912122aa04893e483795af1de525ca5742afbe9939150b5e5f179
FULL_C1_ENCODER_FINETUNING_LINEAR_SOFTMAX,500,46,205439,0.14,0.13832863629960743,0.13999999999999999,0.0,7fe8465bce2344358625db464a8e25ca43c26f460675674844d9650b38abdc81
FULL_C1_ENCODER_FINETUNING_LINEAR_SOFTMAX,500,46,230003,0.14063492063492064,0.13502584737647644,0.14063492063492064,0.0,64559b2843e0ed0783e6dbefd9b32d02db9dd5b4337697817483ad5e00a31272
FULL_C1_ENCODER_FINETUNING_LINEAR_SOFTMAX,500,46,254959,0.12412698412698413,0.12473092571964728,0.12412698412698413,0.0,bf5d5530f81a20d57d728219cf8d3ef7074d9a7d4c0c7787b95e16066eb0a4a4
FULL_C1_ENCODER_FINETUNING_LINEAR_SOFTMAX,500,46,280001,0.15555555555555556,0.14725513202090262,0.15555555555555559,0.0,97fedb78d2b1a958ee425f035eb7abcc2307f6077f3f07cd71f273e9ddba4ec0
FULL_C1_ENCODER_FINETUNING_LINEAR_SOFTMAX,500,46,305093,0.12317460317460317,0.11986800757119852,0.12317460317460317,0.0,4eca25f401fea82a3e3f8b1c96687ac84943c788d3c44ef1aad624155b4b2382
FULL_C1_ENCODER_FINETUNING_LINEAR_SOFTMAX,500,46,330017,0.13714285714285715,0.13376701375694974,0.13714285714285715,0.0,3bc6a35ea3b9a1eab4b4c8b4a2c177c633a042a120554ec64f3b401ffd9e11fb
FULL_C1_ENCODER_FINETUNING_LINEAR_SOFTMAX,500,46,355031,0.12507936507936507,0.12197049655028556,0.1250793650793651,0.0,12d28826956b6da4a25f49103a75d324c5360ff6d1910bc2d357964ae23c2b1f
FULL_C1_ENCODER_FINETUNING_LINEAR_SOFTMAX,500,46,380041,0.1346031746031746,0.13093169014072525,0.13460317460317459,0.0,5a60debb2459d64d5ac833d4fdabdb828626c48c1ceeae6203ad122bae2ba6f2
FULL_C1_ENCODER_FINETUNING_LINEAR_SOFTMAX,500,46,405019,0.14634920634920634,0.13806477925704413,0.14634920634920637,0.0,2162cbad65567e21502fdae539ad3dd8a3aeb2cfff438c856464a055ba451779
FULL_C1_ENCODER_FINETUNING_LINEAR_SOFTMAX,500,46,430007,0.12698412698412698,0.12551241966510093,0.12698412698412698,0.0,e57d18d0d148f532fc78a1f302701313488d42d457130437fe29a7a4a1544b75
FULL_C1_ENCODER_FINETUNING_LINEAR_SOFTMAX,500,46,455003,0.13714285714285715,0.1293402306152785,0.13714285714285718,0.0,d5bfec3cf664d75951df3693e9a6f67e5509ff6a86086c443e56cfe609ed6d65
FULL_C1_ENCODER_FINETUNING_LINEAR_SOFTMAX,500,46,480017,0.12412698412698413,0.12424239172418794,0.12412698412698413,0.0,e12438c5501c6fb0b152a91aea704c33872cf0c3722f4a2eeb38aac9ebce7228
FULL_C1_ENCODER_FINETUNING_LINEAR_SOFTMAX,500,46,505027,0.12412698412698413,0.12154521209561876,0.12412698412698413,0.0,fffcdf809c42e409fd6a205b86db3c41184d57ee1affaa46278d49a65398dbe3
FULL_C1_ENCODER_FINETUNING_LINEAR_SOFTMAX,500,46,530017,0.12412698412698413,0.12200033716948515,0.12412698412698413,0.0,a09ce01fef15b724b2566838f9b9b4d839fcc7f54e650c04b36a0a5a4d033373
FULL_C1_ENCODER_FINETUNING_LINEAR_SOFTMAX,500,46,555029,0.12793650793650793,0.12449658579447034,0.12793650793650793,0.0,8be33d528b11d1eb3261e31b77f47a2a2cc8763b4102494162ef1b28ac9d3edf
FULL_C1_ENCODER_FINETUNING_LINEAR_SOFTMAX,500,46,580031,0.13968253968253969,0.13629493774544613,0.13968253968253969,0.0,04ee565b8d5b3ddbbf0f0ab492e48f58a0c83cc66f21240763aa4d3b3c6e13a9
